ISO-10303-21;
HEADER;
/* Generated by software containing ST-Developer
 * from STEP Tools, Inc. (www.steptools.com) 
 */
/* OPTION: using custom renumber hook */

FILE_DESCRIPTION(
/* description */ ('STEP AP203'),
/* implementation_level */ '2;1');

FILE_NAME(
/* name */ 'RT00142SNH',
/* time_stamp */ '2026-06-20T22:58:27+02:00',
/* author */ ('License CC BY-ND 4.0'),
/* organization */ ('CADENAS'),
/* preprocessor_version */ 'ST-DEVELOPER v20',
/* originating_system */ 'PARTsolutions',
/* authorisation */ '  ');

FILE_SCHEMA (('CONFIG_CONTROL_DESIGN'));
ENDSEC;

DATA;
#10=PROPERTY_DEFINITION_REPRESENTATION(#14,#12);
#11=PROPERTY_DEFINITION_REPRESENTATION(#15,#13);
#12=REPRESENTATION('',(#16),#8660);
#13=REPRESENTATION('',(#17),#8660);
#14=PROPERTY_DEFINITION('pmi validation property','',#8665);
#15=PROPERTY_DEFINITION('pmi validation property','',#8665);
#16=VALUE_REPRESENTATION_ITEM('number of annotations',COUNT_MEASURE(0.));
#17=VALUE_REPRESENTATION_ITEM('number of views',COUNT_MEASURE(0.));
#18=SHAPE_REPRESENTATION_RELATIONSHIP('','',#5093,#19);
#19=ADVANCED_BREP_SHAPE_REPRESENTATION('',(#5091),#8660);
#20=TOROIDAL_SURFACE('',#5252,8.83894532039073,0.800000000000002);
#21=CONICAL_SURFACE('',#5164,9.5631,0.78539816339745);
#22=CONICAL_SURFACE('',#5166,9.5631,0.78539816339745);
#23=CONICAL_SURFACE('',#5168,10.319,0.78539816339745);
#24=CONICAL_SURFACE('',#5170,10.319,0.78539816339745);
#25=CONICAL_SURFACE('',#5291,8.44099683958881,0.226892802759269);
#26=CONICAL_SURFACE('',#5295,8.76355803866375,0.383972435438753);
#27=CONICAL_SURFACE('',#5311,9.41,0.383972435438752);
#28=CONICAL_SURFACE('',#5314,7.91,0.226892802759268);
#29=CONICAL_SURFACE('',#5323,8.4409968395888,0.226892802759268);
#30=CONICAL_SURFACE('',#5327,8.76355803866375,0.383972435438752);
#31=CONICAL_SURFACE('',#5343,9.41,0.383972435438753);
#32=CONICAL_SURFACE('',#5346,7.91,0.226892802759269);
#33=ELLIPSE('',#5123,12.8410591463478,9.08);
#34=ELLIPSE('',#5125,12.8410591463478,9.08);
#35=ELLIPSE('',#5147,13.6818861951349,12.4);
#36=ELLIPSE('',#5148,12.2474949004837,11.1);
#37=ELLIPSE('',#5153,13.6818861951349,12.4);
#38=ELLIPSE('',#5154,12.2474949004837,11.1);
#39=ELLIPSE('',#5159,13.6818861951349,12.4);
#40=ELLIPSE('',#5160,12.2474949004837,11.1);
#41=B_SPLINE_CURVE_WITH_KNOTS('',3,(#7135,#7136,#7137,#7138),
 .UNSPECIFIED.,.F.,.F.,(4,4),(0.,0.000455843631094143),.UNSPECIFIED.);
#42=B_SPLINE_CURVE_WITH_KNOTS('',3,(#7142,#7143,#7144,#7145),
 .UNSPECIFIED.,.F.,.F.,(4,4),(0.000442960676153077,0.000898328152327849),
 .UNSPECIFIED.);
#43=B_SPLINE_CURVE_WITH_KNOTS('',3,(#7150,#7151,#7152,#7153),
 .UNSPECIFIED.,.F.,.F.,(4,4),(0.,0.000455843631094135),.UNSPECIFIED.);
#44=B_SPLINE_CURVE_WITH_KNOTS('',3,(#7157,#7158,#7159,#7160),
 .UNSPECIFIED.,.F.,.F.,(4,4),(0.000442960676153063,0.000898328152327849),
 .UNSPECIFIED.);
#45=B_SPLINE_CURVE_WITH_KNOTS('',3,(#7183,#7184,#7185,#7186),
 .UNSPECIFIED.,.F.,.F.,(4,4),(0.,0.00045584363109414),.UNSPECIFIED.);
#46=B_SPLINE_CURVE_WITH_KNOTS('',3,(#7190,#7191,#7192,#7193),
 .UNSPECIFIED.,.F.,.F.,(4,4),(0.000442960676153072,0.000898328152327849),
 .UNSPECIFIED.);
#47=B_SPLINE_CURVE_WITH_KNOTS('',3,(#7201,#7202,#7203,#7204),
 .UNSPECIFIED.,.F.,.F.,(4,4),(0.,0.000455843631094128),.UNSPECIFIED.);
#48=B_SPLINE_CURVE_WITH_KNOTS('',3,(#7208,#7209,#7210,#7211),
 .UNSPECIFIED.,.F.,.F.,(4,4),(0.000442960676153063,0.000898328152327849),
 .UNSPECIFIED.);
#49=B_SPLINE_CURVE_WITH_KNOTS('',3,(#7248,#7249,#7250,#7251,#7252),
 .UNSPECIFIED.,.F.,.F.,(4,1,4),(0.,0.000429575277013282,0.000859150554026564),
 .UNSPECIFIED.);
#50=B_SPLINE_CURVE_WITH_KNOTS('',3,(#7256,#7257,#7258,#7259,#7260),
 .UNSPECIFIED.,.F.,.F.,(4,1,4),(0.,0.000431048627914139,0.000862097255828279),
 .UNSPECIFIED.);
#51=B_SPLINE_CURVE_WITH_KNOTS('',3,(#7264,#7265,#7266,#7267,#7268),
 .UNSPECIFIED.,.F.,.F.,(4,1,4),(0.,0.000429575277013282,0.000859150554026564),
 .UNSPECIFIED.);
#52=B_SPLINE_CURVE_WITH_KNOTS('',3,(#7272,#7273,#7274,#7275,#7276),
 .UNSPECIFIED.,.F.,.F.,(4,1,4),(0.,0.000431048627914139,0.000862097255828279),
 .UNSPECIFIED.);
#53=B_SPLINE_CURVE_WITH_KNOTS('',3,(#7289,#7290,#7291,#7292,#7293),
 .UNSPECIFIED.,.F.,.F.,(4,1,4),(0.,0.000429575277013282,0.000859150554026564),
 .UNSPECIFIED.);
#54=B_SPLINE_CURVE_WITH_KNOTS('',3,(#7297,#7298,#7299,#7300,#7301),
 .UNSPECIFIED.,.F.,.F.,(4,1,4),(0.,0.000431048627914139,0.000862097255828279),
 .UNSPECIFIED.);
#55=B_SPLINE_CURVE_WITH_KNOTS('',3,(#7305,#7306,#7307,#7308,#7309),
 .UNSPECIFIED.,.F.,.F.,(4,1,4),(0.,0.000429575277013282,0.000859150554026564),
 .UNSPECIFIED.);
#56=B_SPLINE_CURVE_WITH_KNOTS('',3,(#7313,#7314,#7315,#7316,#7317),
 .UNSPECIFIED.,.F.,.F.,(4,1,4),(0.,0.000431048627914139,0.000862097255828279),
 .UNSPECIFIED.);
#57=B_SPLINE_CURVE_WITH_KNOTS('',3,(#7373,#7374,#7375,#7376),
 .UNSPECIFIED.,.F.,.F.,(4,4),(1.94940532013869E-6,0.00349258931536843),
 .UNSPECIFIED.);
#58=B_SPLINE_CURVE_WITH_KNOTS('',3,(#7378,#7379,#7380,#7381),
 .UNSPECIFIED.,.F.,.F.,(4,4),(0.00448074639899445,0.00797777091743976),
 .UNSPECIFIED.);
#59=B_SPLINE_CURVE_WITH_KNOTS('',3,(#7385,#7386,#7387,#7388),
 .UNSPECIFIED.,.F.,.F.,(4,4),(0.00448074639899445,0.00797777091743976),
 .UNSPECIFIED.);
#60=B_SPLINE_CURVE_WITH_KNOTS('',3,(#7392,#7393,#7394,#7395),
 .UNSPECIFIED.,.F.,.F.,(4,4),(1.94940532013869E-6,0.00349258931536843),
 .UNSPECIFIED.);
#61=B_SPLINE_CURVE_WITH_KNOTS('',3,(#7397,#7398,#7399,#7400),
 .UNSPECIFIED.,.F.,.F.,(4,4),(1.94940532013869E-6,0.00349258931536843),
 .UNSPECIFIED.);
#62=B_SPLINE_CURVE_WITH_KNOTS('',3,(#7402,#7403,#7404,#7405),
 .UNSPECIFIED.,.F.,.F.,(4,4),(0.00448074639899445,0.00797777091743976),
 .UNSPECIFIED.);
#63=B_SPLINE_CURVE_WITH_KNOTS('',3,(#7409,#7410,#7411,#7412),
 .UNSPECIFIED.,.F.,.F.,(4,4),(0.00448074639899445,0.00797777091743976),
 .UNSPECIFIED.);
#64=B_SPLINE_CURVE_WITH_KNOTS('',3,(#7416,#7417,#7418,#7419),
 .UNSPECIFIED.,.F.,.F.,(4,4),(1.94940532013869E-6,0.00349258931536843),
 .UNSPECIFIED.);
#65=B_SPLINE_CURVE_WITH_KNOTS('',3,(#7484,#7485,#7486,#7487,#7488),
 .UNSPECIFIED.,.F.,.F.,(4,1,4),(0.,0.000354299931132429,0.000708599862264859),
 .UNSPECIFIED.);
#66=B_SPLINE_CURVE_WITH_KNOTS('',3,(#7489,#7490,#7491,#7492,#7493,#7494,
#7495),.UNSPECIFIED.,.F.,.F.,(4,1,1,1,4),(0.,0.00112129071748823,0.00224258143497647,
0.0033638721524647,0.00448516286995294),.UNSPECIFIED.);
#67=B_SPLINE_CURVE_WITH_KNOTS('',3,(#7496,#7497,#7498,#7499,#7500),
 .UNSPECIFIED.,.F.,.F.,(4,1,4),(0.,0.00035429993113243,0.00070859986226486),
 .UNSPECIFIED.);
#68=B_SPLINE_CURVE_WITH_KNOTS('',3,(#7501,#7502,#7503,#7504,#7505,#7506,
#7507),.UNSPECIFIED.,.F.,.F.,(4,1,1,1,4),(0.,0.00112129071748823,0.00224258143497647,
0.0033638721524647,0.00448516286995294),.UNSPECIFIED.);
#69=B_SPLINE_CURVE_WITH_KNOTS('',3,(#7508,#7509,#7510,#7511,#7512),
 .UNSPECIFIED.,.F.,.F.,(4,1,4),(0.,0.00035429993113243,0.000708599862264859),
 .UNSPECIFIED.);
#70=B_SPLINE_CURVE_WITH_KNOTS('',3,(#7513,#7514,#7515,#7516,#7517,#7518,
#7519),.UNSPECIFIED.,.F.,.F.,(4,1,1,1,4),(0.,0.00112129071748823,0.00224258143497647,
0.0033638721524647,0.00448516286995294),.UNSPECIFIED.);
#71=B_SPLINE_CURVE_WITH_KNOTS('',3,(#7699,#7700,#7701,#7702,#7703),
 .UNSPECIFIED.,.F.,.F.,(4,1,4),(0.,0.000353516019754258,0.000707032039508516),
 .UNSPECIFIED.);
#72=B_SPLINE_CURVE_WITH_KNOTS('',3,(#7705,#7706,#7707,#7708,#7709,#7710,
#7711),.UNSPECIFIED.,.F.,.F.,(4,1,1,1,4),(7.81829305173188E-19,0.00112116051753288,
0.00224232103506576,0.00336348155259864,0.00448464207013153),
 .UNSPECIFIED.);
#73=B_SPLINE_CURVE_WITH_KNOTS('',3,(#7713,#7714,#7715,#7716,#7717),
 .UNSPECIFIED.,.F.,.F.,(4,1,4),(0.,0.000353516019754259,0.000707032039508519),
 .UNSPECIFIED.);
#74=B_SPLINE_CURVE_WITH_KNOTS('',3,(#7719,#7720,#7721,#7722,#7723,#7724,
#7725),.UNSPECIFIED.,.F.,.F.,(4,1,1,1,4),(4.33680868994202E-19,0.00112116051753288,
0.00224232103506576,0.00336348155259864,0.00448464207013152),
 .UNSPECIFIED.);
#75=B_SPLINE_CURVE_WITH_KNOTS('',3,(#7727,#7728,#7729,#7730,#7731),
 .UNSPECIFIED.,.F.,.F.,(4,1,4),(0.,0.000353516019754256,0.000707032039508513),
 .UNSPECIFIED.);
#76=B_SPLINE_CURVE_WITH_KNOTS('',3,(#7733,#7734,#7735,#7736,#7737,#7738,
#7739),.UNSPECIFIED.,.F.,.F.,(4,1,1,1,4),(1.2266347333467E-18,0.00112116051753288,
0.00224232103506576,0.00336348155259865,0.00448464207013153),
 .UNSPECIFIED.);
#77=B_SPLINE_CURVE_WITH_KNOTS('',3,(#7746,#7747,#7748,#7749),
 .UNSPECIFIED.,.F.,.F.,(4,4),(0.,0.000442960676153063),.UNSPECIFIED.);
#78=B_SPLINE_CURVE_WITH_KNOTS('',3,(#7754,#7755,#7756,#7757),
 .UNSPECIFIED.,.F.,.F.,(4,4),(5.05754456963979E-18,0.000443433262801244),
 .UNSPECIFIED.);
#79=B_SPLINE_CURVE_WITH_KNOTS('',3,(#7765,#7766,#7767,#7768),
 .UNSPECIFIED.,.F.,.F.,(4,4),(1.76268734269395E-17,0.000442960676153072),
 .UNSPECIFIED.);
#80=B_SPLINE_CURVE_WITH_KNOTS('',3,(#7773,#7774,#7775,#7776),
 .UNSPECIFIED.,.F.,.F.,(4,4),(0.,0.000443433262801244),.UNSPECIFIED.);
#81=B_SPLINE_CURVE_WITH_KNOTS('',3,(#7788,#7789,#7790,#7791),
 .UNSPECIFIED.,.F.,.F.,(4,4),(0.,0.000442960676153063),.UNSPECIFIED.);
#82=B_SPLINE_CURVE_WITH_KNOTS('',3,(#7796,#7797,#7798,#7799),
 .UNSPECIFIED.,.F.,.F.,(4,4),(0.,0.000443433262801255),.UNSPECIFIED.);
#83=B_SPLINE_CURVE_WITH_KNOTS('',3,(#7807,#7808,#7809,#7810),
 .UNSPECIFIED.,.F.,.F.,(4,4),(1.76268734269395E-17,0.000442960676153077),
 .UNSPECIFIED.);
#84=B_SPLINE_CURVE_WITH_KNOTS('',3,(#7815,#7816,#7817,#7818),
 .UNSPECIFIED.,.F.,.F.,(4,4),(0.000455843631094143,0.000896345003092592),
 .UNSPECIFIED.);
#85=CYLINDRICAL_SURFACE('',#5116,9.08);
#86=CYLINDRICAL_SURFACE('',#5118,9.08);
#87=CYLINDRICAL_SURFACE('',#5121,9.08);
#88=CYLINDRICAL_SURFACE('',#5136,10.319);
#89=CYLINDRICAL_SURFACE('',#5141,10.319);
#90=CYLINDRICAL_SURFACE('',#5172,9.5631);
#91=CYLINDRICAL_SURFACE('',#5174,9.5631);
#92=CYLINDRICAL_SURFACE('',#5189,11.1);
#93=CYLINDRICAL_SURFACE('',#5192,10.3300000000004);
#94=CYLINDRICAL_SURFACE('',#5195,9.35);
#95=CYLINDRICAL_SURFACE('',#5198,10.33);
#96=CYLINDRICAL_SURFACE('',#5201,9.35000000000001);
#97=CYLINDRICAL_SURFACE('',#5204,10.3299999999999);
#98=CYLINDRICAL_SURFACE('',#5207,9.35);
#99=CYLINDRICAL_SURFACE('',#5210,10.3300000000004);
#100=CYLINDRICAL_SURFACE('',#5213,9.35);
#101=CYLINDRICAL_SURFACE('',#5216,10.3300000000003);
#102=CYLINDRICAL_SURFACE('',#5219,9.34999999999996);
#103=CYLINDRICAL_SURFACE('',#5230,1.6);
#104=CYLINDRICAL_SURFACE('',#5233,1.6);
#105=CYLINDRICAL_SURFACE('',#5236,1.6);
#106=CYLINDRICAL_SURFACE('',#5239,1.6);
#107=CYLINDRICAL_SURFACE('',#5246,10.35);
#108=CYLINDRICAL_SURFACE('',#5250,9.5631);
#109=CYLINDRICAL_SURFACE('',#5254,9.5631);
#110=CYLINDRICAL_SURFACE('',#5261,0.26);
#111=CYLINDRICAL_SURFACE('',#5262,1.);
#112=CYLINDRICAL_SURFACE('',#5263,0.26);
#113=CYLINDRICAL_SURFACE('',#5264,1.);
#114=CYLINDRICAL_SURFACE('',#5265,0.26);
#115=CYLINDRICAL_SURFACE('',#5266,1.);
#116=CYLINDRICAL_SURFACE('',#5267,12.4);
#117=CYLINDRICAL_SURFACE('',#5268,12.4);
#118=CYLINDRICAL_SURFACE('',#5269,12.4);
#119=CYLINDRICAL_SURFACE('',#5270,0.5);
#120=CYLINDRICAL_SURFACE('',#5272,0.5);
#121=CYLINDRICAL_SURFACE('',#5274,0.5);
#122=CYLINDRICAL_SURFACE('',#5276,0.5);
#123=CYLINDRICAL_SURFACE('',#5279,0.5);
#124=CYLINDRICAL_SURFACE('',#5281,0.5);
#125=CYLINDRICAL_SURFACE('',#5283,0.5);
#126=CYLINDRICAL_SURFACE('',#5285,0.5);
#127=CYLINDRICAL_SURFACE('',#5286,9.01);
#128=CYLINDRICAL_SURFACE('',#5293,8.76355803866375);
#129=CYLINDRICAL_SURFACE('',#5297,9.41);
#130=CYLINDRICAL_SURFACE('',#5305,9.01);
#131=CYLINDRICAL_SURFACE('',#5309,9.41);
#132=CYLINDRICAL_SURFACE('',#5313,8.76355803866375);
#133=CYLINDRICAL_SURFACE('',#5318,9.01);
#134=CYLINDRICAL_SURFACE('',#5325,8.76355803866375);
#135=CYLINDRICAL_SURFACE('',#5329,9.41);
#136=CYLINDRICAL_SURFACE('',#5337,9.01);
#137=CYLINDRICAL_SURFACE('',#5341,9.41);
#138=CYLINDRICAL_SURFACE('',#5345,8.76355803866375);
#139=CYLINDRICAL_SURFACE('',#5350,9.08);
#140=CYLINDRICAL_SURFACE('',#5351,9.08);
#141=CYLINDRICAL_SURFACE('',#5356,9.08);
#142=CYLINDRICAL_SURFACE('',#5358,9.08);
#143=CYLINDRICAL_SURFACE('',#5367,8.325);
#144=CYLINDRICAL_SURFACE('',#5400,0.600000000000003);
#145=CYLINDRICAL_SURFACE('',#5402,0.225000000000002);
#146=CYLINDRICAL_SURFACE('',#5410,0.15);
#147=CYLINDRICAL_SURFACE('',#5412,0.599999999999966);
#148=CYLINDRICAL_SURFACE('',#5415,0.599999999999996);
#149=CYLINDRICAL_SURFACE('',#5418,0.600000000000002);
#150=CYLINDRICAL_SURFACE('',#5434,0.4125);
#151=CYLINDRICAL_SURFACE('',#5436,0.4125);
#152=CYLINDRICAL_SURFACE('',#5446,0.2625);
#153=CYLINDRICAL_SURFACE('',#5449,0.2625);
#154=CYLINDRICAL_SURFACE('',#5456,8.6);
#155=CYLINDRICAL_SURFACE('',#5465,0.600000000000001);
#156=CYLINDRICAL_SURFACE('',#5468,0.599999999999995);
#157=CYLINDRICAL_SURFACE('',#5471,0.600000000000003);
#158=CYLINDRICAL_SURFACE('',#5473,0.15);
#159=CYLINDRICAL_SURFACE('',#5481,0.225000000000001);
#160=CYLINDRICAL_SURFACE('',#5483,0.600000000000005);
#161=CYLINDRICAL_SURFACE('',#5489,0.412500000000001);
#162=CYLINDRICAL_SURFACE('',#5492,0.2625);
#163=CYLINDRICAL_SURFACE('',#5497,0.2625);
#164=CYLINDRICAL_SURFACE('',#5503,0.4125);
#165=CYLINDRICAL_SURFACE('',#5521,0.75);
#166=CYLINDRICAL_SURFACE('',#5524,0.75);
#167=CYLINDRICAL_SURFACE('',#5527,0.75);
#168=CYLINDRICAL_SURFACE('',#5530,0.75);
#169=CYLINDRICAL_SURFACE('',#5533,0.75);
#170=CYLINDRICAL_SURFACE('',#5536,0.75);
#171=CYLINDRICAL_SURFACE('',#5539,0.75);
#172=CYLINDRICAL_SURFACE('',#5542,0.75);
#173=CYLINDRICAL_SURFACE('',#5545,0.75);
#174=CYLINDRICAL_SURFACE('',#5548,0.75);
#175=CYLINDRICAL_SURFACE('',#5551,2.25);
#176=CYLINDRICAL_SURFACE('',#5555,1.84);
#177=CYLINDRICAL_SURFACE('',#5559,2.25);
#178=CYLINDRICAL_SURFACE('',#5560,2.25);
#179=CYLINDRICAL_SURFACE('',#5564,1.84);
#180=CYLINDRICAL_SURFACE('',#5568,2.25);
#181=CYLINDRICAL_SURFACE('',#5569,1.675);
#182=CYLINDRICAL_SURFACE('',#5573,1.35);
#183=CYLINDRICAL_SURFACE('',#5577,1.675);
#184=CYLINDRICAL_SURFACE('',#5578,1.675);
#185=CYLINDRICAL_SURFACE('',#5582,1.35);
#186=CYLINDRICAL_SURFACE('',#5586,1.675);
#187=LINE('',#7035,#639);
#188=LINE('',#7038,#640);
#189=LINE('',#7044,#641);
#190=LINE('',#7045,#642);
#191=LINE('',#7054,#643);
#192=LINE('',#7056,#644);
#193=LINE('',#7058,#645);
#194=LINE('',#7060,#646);
#195=LINE('',#7062,#647);
#196=LINE('',#7064,#648);
#197=LINE('',#7070,#649);
#198=LINE('',#7075,#650);
#199=LINE('',#7078,#651);
#200=LINE('',#7080,#652);
#201=LINE('',#7082,#653);
#202=LINE('',#7084,#654);
#203=LINE('',#7086,#655);
#204=LINE('',#7088,#656);
#205=LINE('',#7089,#657);
#206=LINE('',#7092,#658);
#207=LINE('',#7094,#659);
#208=LINE('',#7096,#660);
#209=LINE('',#7098,#661);
#210=LINE('',#7100,#662);
#211=LINE('',#7102,#663);
#212=LINE('',#7104,#664);
#213=LINE('',#7106,#665);
#214=LINE('',#7111,#666);
#215=LINE('',#7115,#667);
#216=LINE('',#7119,#668);
#217=LINE('',#7123,#669);
#218=LINE('',#7127,#670);
#219=LINE('',#7131,#671);
#220=LINE('',#7133,#672);
#221=LINE('',#7147,#673);
#222=LINE('',#7162,#674);
#223=LINE('',#7169,#675);
#224=LINE('',#7177,#676);
#225=LINE('',#7181,#677);
#226=LINE('',#7195,#678);
#227=LINE('',#7199,#679);
#228=LINE('',#7213,#680);
#229=LINE('',#7215,#681);
#230=LINE('',#7219,#682);
#231=LINE('',#7223,#683);
#232=LINE('',#7227,#684);
#233=LINE('',#7231,#685);
#234=LINE('',#7235,#686);
#235=LINE('',#7237,#687);
#236=LINE('',#7242,#688);
#237=LINE('',#7245,#689);
#238=LINE('',#7262,#690);
#239=LINE('',#7278,#691);
#240=LINE('',#7283,#692);
#241=LINE('',#7286,#693);
#242=LINE('',#7303,#694);
#243=LINE('',#7322,#695);
#244=LINE('',#7326,#696);
#245=LINE('',#7331,#697);
#246=LINE('',#7335,#698);
#247=LINE('',#7340,#699);
#248=LINE('',#7344,#700);
#249=LINE('',#7349,#701);
#250=LINE('',#7353,#702);
#251=LINE('',#7358,#703);
#252=LINE('',#7362,#704);
#253=LINE('',#7367,#705);
#254=LINE('',#7371,#706);
#255=LINE('',#7421,#707);
#256=LINE('',#7423,#708);
#257=LINE('',#7427,#709);
#258=LINE('',#7431,#710);
#259=LINE('',#7433,#711);
#260=LINE('',#7435,#712);
#261=LINE('',#7437,#713);
#262=LINE('',#7438,#714);
#263=LINE('',#7439,#715);
#264=LINE('',#7444,#716);
#265=LINE('',#7448,#717);
#266=LINE('',#7452,#718);
#267=LINE('',#7456,#719);
#268=LINE('',#7460,#720);
#269=LINE('',#7464,#721);
#270=LINE('',#7468,#722);
#271=LINE('',#7472,#723);
#272=LINE('',#7476,#724);
#273=LINE('',#7480,#725);
#274=LINE('',#7523,#726);
#275=LINE('',#7525,#727);
#276=LINE('',#7527,#728);
#277=LINE('',#7529,#729);
#278=LINE('',#7533,#730);
#279=LINE('',#7535,#731);
#280=LINE('',#7537,#732);
#281=LINE('',#7541,#733);
#282=LINE('',#7543,#734);
#283=LINE('',#7545,#735);
#284=LINE('',#7549,#736);
#285=LINE('',#7551,#737);
#286=LINE('',#7553,#738);
#287=LINE('',#7557,#739);
#288=LINE('',#7559,#740);
#289=LINE('',#7561,#741);
#290=LINE('',#7565,#742);
#291=LINE('',#7567,#743);
#292=LINE('',#7569,#744);
#293=LINE('',#7573,#745);
#294=LINE('',#7575,#746);
#295=LINE('',#7577,#747);
#296=LINE('',#7581,#748);
#297=LINE('',#7583,#749);
#298=LINE('',#7585,#750);
#299=LINE('',#7589,#751);
#300=LINE('',#7591,#752);
#301=LINE('',#7593,#753);
#302=LINE('',#7597,#754);
#303=LINE('',#7599,#755);
#304=LINE('',#7606,#756);
#305=LINE('',#7609,#757);
#306=LINE('',#7611,#758);
#307=LINE('',#7613,#759);
#308=LINE('',#7615,#760);
#309=LINE('',#7617,#761);
#310=LINE('',#7619,#762);
#311=LINE('',#7621,#763);
#312=LINE('',#7623,#764);
#313=LINE('',#7625,#765);
#314=LINE('',#7627,#766);
#315=LINE('',#7629,#767);
#316=LINE('',#7631,#768);
#317=LINE('',#7633,#769);
#318=LINE('',#7635,#770);
#319=LINE('',#7637,#771);
#320=LINE('',#7639,#772);
#321=LINE('',#7641,#773);
#322=LINE('',#7643,#774);
#323=LINE('',#7645,#775);
#324=LINE('',#7647,#776);
#325=LINE('',#7649,#777);
#326=LINE('',#7671,#778);
#327=LINE('',#7672,#779);
#328=LINE('',#7693,#780);
#329=LINE('',#7696,#781);
#330=LINE('',#7744,#782);
#331=LINE('',#7750,#783);
#332=LINE('',#7752,#784);
#333=LINE('',#7759,#785);
#334=LINE('',#7761,#786);
#335=LINE('',#7763,#787);
#336=LINE('',#7769,#788);
#337=LINE('',#7771,#789);
#338=LINE('',#7778,#790);
#339=LINE('',#7780,#791);
#340=LINE('',#7782,#792);
#341=LINE('',#7784,#793);
#342=LINE('',#7786,#794);
#343=LINE('',#7792,#795);
#344=LINE('',#7794,#796);
#345=LINE('',#7801,#797);
#346=LINE('',#7803,#798);
#347=LINE('',#7805,#799);
#348=LINE('',#7811,#800);
#349=LINE('',#7813,#801);
#350=LINE('',#7823,#802);
#351=LINE('',#7827,#803);
#352=LINE('',#7832,#804);
#353=LINE('',#7833,#805);
#354=LINE('',#7838,#806);
#355=LINE('',#7839,#807);
#356=LINE('',#7844,#808);
#357=LINE('',#7845,#809);
#358=LINE('',#7850,#810);
#359=LINE('',#7851,#811);
#360=LINE('',#7856,#812);
#361=LINE('',#7857,#813);
#362=LINE('',#7859,#814);
#363=LINE('',#7860,#815);
#364=LINE('',#7862,#816);
#365=LINE('',#7864,#817);
#366=LINE('',#7869,#818);
#367=LINE('',#7873,#819);
#368=LINE('',#7878,#820);
#369=LINE('',#7879,#821);
#370=LINE('',#7884,#822);
#371=LINE('',#7885,#823);
#372=LINE('',#7890,#824);
#373=LINE('',#7891,#825);
#374=LINE('',#7896,#826);
#375=LINE('',#7897,#827);
#376=LINE('',#7899,#828);
#377=LINE('',#7900,#829);
#378=LINE('',#7905,#830);
#379=LINE('',#7906,#831);
#380=LINE('',#7908,#832);
#381=LINE('',#7910,#833);
#382=LINE('',#7915,#834);
#383=LINE('',#7919,#835);
#384=LINE('',#7924,#836);
#385=LINE('',#7925,#837);
#386=LINE('',#7930,#838);
#387=LINE('',#7931,#839);
#388=LINE('',#7936,#840);
#389=LINE('',#7937,#841);
#390=LINE('',#7942,#842);
#391=LINE('',#7943,#843);
#392=LINE('',#7948,#844);
#393=LINE('',#7949,#845);
#394=LINE('',#7951,#846);
#395=LINE('',#7952,#847);
#396=LINE('',#7954,#848);
#397=LINE('',#7956,#849);
#398=LINE('',#7961,#850);
#399=LINE('',#7965,#851);
#400=LINE('',#7970,#852);
#401=LINE('',#7971,#853);
#402=LINE('',#7976,#854);
#403=LINE('',#7977,#855);
#404=LINE('',#7982,#856);
#405=LINE('',#7983,#857);
#406=LINE('',#7988,#858);
#407=LINE('',#7989,#859);
#408=LINE('',#7991,#860);
#409=LINE('',#7992,#861);
#410=LINE('',#7997,#862);
#411=LINE('',#7998,#863);
#412=LINE('',#8000,#864);
#413=LINE('',#8002,#865);
#414=LINE('',#8004,#866);
#415=LINE('',#8006,#867);
#416=LINE('',#8008,#868);
#417=LINE('',#8010,#869);
#418=LINE('',#8012,#870);
#419=LINE('',#8014,#871);
#420=LINE('',#8016,#872);
#421=LINE('',#8019,#873);
#422=LINE('',#8021,#874);
#423=LINE('',#8023,#875);
#424=LINE('',#8025,#876);
#425=LINE('',#8026,#877);
#426=LINE('',#8028,#878);
#427=LINE('',#8031,#879);
#428=LINE('',#8033,#880);
#429=LINE('',#8037,#881);
#430=LINE('',#8039,#882);
#431=LINE('',#8041,#883);
#432=LINE('',#8043,#884);
#433=LINE('',#8045,#885);
#434=LINE('',#8047,#886);
#435=LINE('',#8081,#887);
#436=LINE('',#8088,#888);
#437=LINE('',#8090,#889);
#438=LINE('',#8091,#890);
#439=LINE('',#8094,#891);
#440=LINE('',#8096,#892);
#441=LINE('',#8098,#893);
#442=LINE('',#8100,#894);
#443=LINE('',#8102,#895);
#444=LINE('',#8104,#896);
#445=LINE('',#8106,#897);
#446=LINE('',#8114,#898);
#447=LINE('',#8116,#899);
#448=LINE('',#8118,#900);
#449=LINE('',#8120,#901);
#450=LINE('',#8122,#902);
#451=LINE('',#8124,#903);
#452=LINE('',#8130,#904);
#453=LINE('',#8134,#905);
#454=LINE('',#8135,#906);
#455=LINE('',#8138,#907);
#456=LINE('',#8140,#908);
#457=LINE('',#8142,#909);
#458=LINE('',#8144,#910);
#459=LINE('',#8146,#911);
#460=LINE('',#8148,#912);
#461=LINE('',#8150,#913);
#462=LINE('',#8152,#914);
#463=LINE('',#8154,#915);
#464=LINE('',#8156,#916);
#465=LINE('',#8158,#917);
#466=LINE('',#8160,#918);
#467=LINE('',#8162,#919);
#468=LINE('',#8164,#920);
#469=LINE('',#8166,#921);
#470=LINE('',#8168,#922);
#471=LINE('',#8170,#923);
#472=LINE('',#8172,#924);
#473=LINE('',#8174,#925);
#474=LINE('',#8176,#926);
#475=LINE('',#8179,#927);
#476=LINE('',#8183,#928);
#477=LINE('',#8187,#929);
#478=LINE('',#8189,#930);
#479=LINE('',#8191,#931);
#480=LINE('',#8193,#932);
#481=LINE('',#8195,#933);
#482=LINE('',#8197,#934);
#483=LINE('',#8199,#935);
#484=LINE('',#8201,#936);
#485=LINE('',#8203,#937);
#486=LINE('',#8205,#938);
#487=LINE('',#8207,#939);
#488=LINE('',#8209,#940);
#489=LINE('',#8211,#941);
#490=LINE('',#8215,#942);
#491=LINE('',#8219,#943);
#492=LINE('',#8221,#944);
#493=LINE('',#8223,#945);
#494=LINE('',#8227,#946);
#495=LINE('',#8229,#947);
#496=LINE('',#8231,#948);
#497=LINE('',#8236,#949);
#498=LINE('',#8238,#950);
#499=LINE('',#8240,#951);
#500=LINE('',#8242,#952);
#501=LINE('',#8244,#953);
#502=LINE('',#8246,#954);
#503=LINE('',#8248,#955);
#504=LINE('',#8250,#956);
#505=LINE('',#8252,#957);
#506=LINE('',#8254,#958);
#507=LINE('',#8256,#959);
#508=LINE('',#8258,#960);
#509=LINE('',#8260,#961);
#510=LINE('',#8262,#962);
#511=LINE('',#8264,#963);
#512=LINE('',#8266,#964);
#513=LINE('',#8269,#965);
#514=LINE('',#8271,#966);
#515=LINE('',#8273,#967);
#516=LINE('',#8275,#968);
#517=LINE('',#8277,#969);
#518=LINE('',#8279,#970);
#519=LINE('',#8281,#971);
#520=LINE('',#8282,#972);
#521=LINE('',#8284,#973);
#522=LINE('',#8288,#974);
#523=LINE('',#8292,#975);
#524=LINE('',#8296,#976);
#525=LINE('',#8298,#977);
#526=LINE('',#8300,#978);
#527=LINE('',#8302,#979);
#528=LINE('',#8304,#980);
#529=LINE('',#8306,#981);
#530=LINE('',#8309,#982);
#531=LINE('',#8311,#983);
#532=LINE('',#8313,#984);
#533=LINE('',#8315,#985);
#534=LINE('',#8317,#986);
#535=LINE('',#8319,#987);
#536=LINE('',#8321,#988);
#537=LINE('',#8323,#989);
#538=LINE('',#8325,#990);
#539=LINE('',#8327,#991);
#540=LINE('',#8330,#992);
#541=LINE('',#8332,#993);
#542=LINE('',#8334,#994);
#543=LINE('',#8336,#995);
#544=LINE('',#8338,#996);
#545=LINE('',#8340,#997);
#546=LINE('',#8342,#998);
#547=LINE('',#8344,#999);
#548=LINE('',#8346,#1000);
#549=LINE('',#8354,#1001);
#550=LINE('',#8360,#1002);
#551=LINE('',#8362,#1003);
#552=LINE('',#8364,#1004);
#553=LINE('',#8366,#1005);
#554=LINE('',#8368,#1006);
#555=LINE('',#8370,#1007);
#556=LINE('',#8372,#1008);
#557=LINE('',#8374,#1009);
#558=LINE('',#8376,#1010);
#559=LINE('',#8378,#1011);
#560=LINE('',#8380,#1012);
#561=LINE('',#8382,#1013);
#562=LINE('',#8384,#1014);
#563=LINE('',#8386,#1015);
#564=LINE('',#8389,#1016);
#565=LINE('',#8393,#1017);
#566=LINE('',#8395,#1018);
#567=LINE('',#8397,#1019);
#568=LINE('',#8399,#1020);
#569=LINE('',#8403,#1021);
#570=LINE('',#8405,#1022);
#571=LINE('',#8407,#1023);
#572=LINE('',#8411,#1024);
#573=LINE('',#8415,#1025);
#574=LINE('',#8417,#1026);
#575=LINE('',#8419,#1027);
#576=LINE('',#8421,#1028);
#577=LINE('',#8423,#1029);
#578=LINE('',#8425,#1030);
#579=LINE('',#8427,#1031);
#580=LINE('',#8429,#1032);
#581=LINE('',#8431,#1033);
#582=LINE('',#8433,#1034);
#583=LINE('',#8435,#1035);
#584=LINE('',#8437,#1036);
#585=LINE('',#8439,#1037);
#586=LINE('',#8446,#1038);
#587=LINE('',#8448,#1039);
#588=LINE('',#8450,#1040);
#589=LINE('',#8452,#1041);
#590=LINE('',#8454,#1042);
#591=LINE('',#8456,#1043);
#592=LINE('',#8458,#1044);
#593=LINE('',#8460,#1045);
#594=LINE('',#8464,#1046);
#595=LINE('',#8467,#1047);
#596=LINE('',#8469,#1048);
#597=LINE('',#8471,#1049);
#598=LINE('',#8475,#1050);
#599=LINE('',#8479,#1051);
#600=LINE('',#8481,#1052);
#601=LINE('',#8483,#1053);
#602=LINE('',#8485,#1054);
#603=LINE('',#8488,#1055);
#604=LINE('',#8490,#1056);
#605=LINE('',#8492,#1057);
#606=LINE('',#8496,#1058);
#607=LINE('',#8500,#1059);
#608=LINE('',#8502,#1060);
#609=LINE('',#8504,#1061);
#610=LINE('',#8506,#1062);
#611=LINE('',#8507,#1063);
#612=LINE('',#8509,#1064);
#613=LINE('',#8510,#1065);
#614=LINE('',#8517,#1066);
#615=LINE('',#8519,#1067);
#616=LINE('',#8521,#1068);
#617=LINE('',#8523,#1069);
#618=LINE('',#8525,#1070);
#619=LINE('',#8527,#1071);
#620=LINE('',#8529,#1072);
#621=LINE('',#8531,#1073);
#622=LINE('',#8533,#1074);
#623=LINE('',#8535,#1075);
#624=LINE('',#8537,#1076);
#625=LINE('',#8539,#1077);
#626=LINE('',#8541,#1078);
#627=LINE('',#8543,#1079);
#628=LINE('',#8545,#1080);
#629=LINE('',#8547,#1081);
#630=LINE('',#8550,#1082);
#631=LINE('',#8552,#1083);
#632=LINE('',#8554,#1084);
#633=LINE('',#8556,#1085);
#634=LINE('',#8558,#1086);
#635=LINE('',#8560,#1087);
#636=LINE('',#8562,#1088);
#637=LINE('',#8563,#1089);
#638=LINE('',#8565,#1090);
#639=VECTOR('',#5599,1000.);
#640=VECTOR('',#5600,1000.);
#641=VECTOR('',#5605,1000.);
#642=VECTOR('',#5606,1000.);
#643=VECTOR('',#5613,1000.);
#644=VECTOR('',#5614,1000.);
#645=VECTOR('',#5615,1000.);
#646=VECTOR('',#5616,1000.);
#647=VECTOR('',#5617,1000.);
#648=VECTOR('',#5618,1000.);
#649=VECTOR('',#5623,1000.);
#650=VECTOR('',#5628,1000.);
#651=VECTOR('',#5629,1000.);
#652=VECTOR('',#5630,1000.);
#653=VECTOR('',#5631,1000.);
#654=VECTOR('',#5632,1000.);
#655=VECTOR('',#5633,1000.);
#656=VECTOR('',#5634,1000.);
#657=VECTOR('',#5635,1000.);
#658=VECTOR('',#5636,1000.);
#659=VECTOR('',#5637,1000.);
#660=VECTOR('',#5638,1000.);
#661=VECTOR('',#5639,1000.);
#662=VECTOR('',#5640,1000.);
#663=VECTOR('',#5641,1000.);
#664=VECTOR('',#5642,1000.);
#665=VECTOR('',#5645,1000.);
#666=VECTOR('',#5648,1000.);
#667=VECTOR('',#5651,1000.);
#668=VECTOR('',#5654,1000.);
#669=VECTOR('',#5657,1000.);
#670=VECTOR('',#5660,1000.);
#671=VECTOR('',#5665,1000.);
#672=VECTOR('',#5666,1000.);
#673=VECTOR('',#5671,1000.);
#674=VECTOR('',#5674,1000.);
#675=VECTOR('',#5681,1000.);
#676=VECTOR('',#5688,1000.);
#677=VECTOR('',#5691,1000.);
#678=VECTOR('',#5694,1000.);
#679=VECTOR('',#5697,1000.);
#680=VECTOR('',#5700,1000.);
#681=VECTOR('',#5703,1000.);
#682=VECTOR('',#5706,1000.);
#683=VECTOR('',#5709,1000.);
#684=VECTOR('',#5712,1000.);
#685=VECTOR('',#5715,1000.);
#686=VECTOR('',#5718,1000.);
#687=VECTOR('',#5721,1000.);
#688=VECTOR('',#5724,1000.);
#689=VECTOR('',#5727,1000.);
#690=VECTOR('',#5730,1000.);
#691=VECTOR('',#5735,1000.);
#692=VECTOR('',#5738,1000.);
#693=VECTOR('',#5741,1000.);
#694=VECTOR('',#5744,1000.);
#695=VECTOR('',#5751,1000.);
#696=VECTOR('',#5754,1000.);
#697=VECTOR('',#5759,1000.);
#698=VECTOR('',#5762,1000.);
#699=VECTOR('',#5767,1000.);
#700=VECTOR('',#5770,1000.);
#701=VECTOR('',#5775,1000.);
#702=VECTOR('',#5778,1000.);
#703=VECTOR('',#5783,1000.);
#704=VECTOR('',#5786,1000.);
#705=VECTOR('',#5791,1000.);
#706=VECTOR('',#5794,1000.);
#707=VECTOR('',#5813,1000.);
#708=VECTOR('',#5814,1000.);
#709=VECTOR('',#5819,1000.);
#710=VECTOR('',#5822,1000.);
#711=VECTOR('',#5825,1000.);
#712=VECTOR('',#5826,1000.);
#713=VECTOR('',#5827,1000.);
#714=VECTOR('',#5828,1000.);
#715=VECTOR('',#5829,1000.);
#716=VECTOR('',#5834,1000.);
#717=VECTOR('',#5837,1000.);
#718=VECTOR('',#5840,1000.);
#719=VECTOR('',#5843,1000.);
#720=VECTOR('',#5846,1000.);
#721=VECTOR('',#5849,1000.);
#722=VECTOR('',#5852,1000.);
#723=VECTOR('',#5855,1000.);
#724=VECTOR('',#5858,1000.);
#725=VECTOR('',#5861,1000.);
#726=VECTOR('',#5870,1000.);
#727=VECTOR('',#5871,1000.);
#728=VECTOR('',#5872,1000.);
#729=VECTOR('',#5875,1000.);
#730=VECTOR('',#5880,1000.);
#731=VECTOR('',#5881,1000.);
#732=VECTOR('',#5884,1000.);
#733=VECTOR('',#5889,1000.);
#734=VECTOR('',#5890,1000.);
#735=VECTOR('',#5893,1000.);
#736=VECTOR('',#5898,1000.);
#737=VECTOR('',#5899,1000.);
#738=VECTOR('',#5902,1000.);
#739=VECTOR('',#5907,1000.);
#740=VECTOR('',#5908,1000.);
#741=VECTOR('',#5911,1000.);
#742=VECTOR('',#5916,1000.);
#743=VECTOR('',#5917,1000.);
#744=VECTOR('',#5920,1000.);
#745=VECTOR('',#5925,1000.);
#746=VECTOR('',#5926,1000.);
#747=VECTOR('',#5929,1000.);
#748=VECTOR('',#5934,1000.);
#749=VECTOR('',#5935,1000.);
#750=VECTOR('',#5938,1000.);
#751=VECTOR('',#5943,1000.);
#752=VECTOR('',#5944,1000.);
#753=VECTOR('',#5947,1000.);
#754=VECTOR('',#5952,1000.);
#755=VECTOR('',#5953,1000.);
#756=VECTOR('',#5964,1000.);
#757=VECTOR('',#5965,1000.);
#758=VECTOR('',#5966,1000.);
#759=VECTOR('',#5967,1000.);
#760=VECTOR('',#5970,1000.);
#761=VECTOR('',#5971,1000.);
#762=VECTOR('',#5972,1000.);
#763=VECTOR('',#5975,1000.);
#764=VECTOR('',#5976,1000.);
#765=VECTOR('',#5977,1000.);
#766=VECTOR('',#5980,1000.);
#767=VECTOR('',#5981,1000.);
#768=VECTOR('',#5982,1000.);
#769=VECTOR('',#5985,1000.);
#770=VECTOR('',#5986,1000.);
#771=VECTOR('',#5987,1000.);
#772=VECTOR('',#5990,1000.);
#773=VECTOR('',#5991,1000.);
#774=VECTOR('',#5992,1000.);
#775=VECTOR('',#5995,1000.);
#776=VECTOR('',#5996,1000.);
#777=VECTOR('',#5997,1000.);
#778=VECTOR('',#6024,1000.);
#779=VECTOR('',#6025,1000.);
#780=VECTOR('',#6056,1000.);
#781=VECTOR('',#6061,1000.);
#782=VECTOR('',#6084,1000.);
#783=VECTOR('',#6085,1000.);
#784=VECTOR('',#6088,1000.);
#785=VECTOR('',#6091,1000.);
#786=VECTOR('',#6094,1000.);
#787=VECTOR('',#6095,1000.);
#788=VECTOR('',#6098,1000.);
#789=VECTOR('',#6101,1000.);
#790=VECTOR('',#6104,1000.);
#791=VECTOR('',#6107,1000.);
#792=VECTOR('',#6110,1000.);
#793=VECTOR('',#6111,1000.);
#794=VECTOR('',#6112,1000.);
#795=VECTOR('',#6115,1000.);
#796=VECTOR('',#6118,1000.);
#797=VECTOR('',#6121,1000.);
#798=VECTOR('',#6124,1000.);
#799=VECTOR('',#6125,1000.);
#800=VECTOR('',#6128,1000.);
#801=VECTOR('',#6131,1000.);
#802=VECTOR('',#6138,1000.);
#803=VECTOR('',#6141,1000.);
#804=VECTOR('',#6146,1000.);
#805=VECTOR('',#6147,1000.);
#806=VECTOR('',#6152,1000.);
#807=VECTOR('',#6153,1000.);
#808=VECTOR('',#6158,1000.);
#809=VECTOR('',#6159,1000.);
#810=VECTOR('',#6164,1000.);
#811=VECTOR('',#6165,1000.);
#812=VECTOR('',#6170,1000.);
#813=VECTOR('',#6171,1000.);
#814=VECTOR('',#6174,1000.);
#815=VECTOR('',#6175,1000.);
#816=VECTOR('',#6178,1000.);
#817=VECTOR('',#6181,1000.);
#818=VECTOR('',#6186,1000.);
#819=VECTOR('',#6189,1000.);
#820=VECTOR('',#6194,1000.);
#821=VECTOR('',#6195,1000.);
#822=VECTOR('',#6200,1000.);
#823=VECTOR('',#6201,1000.);
#824=VECTOR('',#6206,1000.);
#825=VECTOR('',#6207,1000.);
#826=VECTOR('',#6212,1000.);
#827=VECTOR('',#6213,1000.);
#828=VECTOR('',#6216,1000.);
#829=VECTOR('',#6217,1000.);
#830=VECTOR('',#6222,1000.);
#831=VECTOR('',#6223,1000.);
#832=VECTOR('',#6226,1000.);
#833=VECTOR('',#6229,1000.);
#834=VECTOR('',#6234,1000.);
#835=VECTOR('',#6237,1000.);
#836=VECTOR('',#6242,1000.);
#837=VECTOR('',#6243,1000.);
#838=VECTOR('',#6248,1000.);
#839=VECTOR('',#6249,1000.);
#840=VECTOR('',#6254,1000.);
#841=VECTOR('',#6255,1000.);
#842=VECTOR('',#6260,1000.);
#843=VECTOR('',#6261,1000.);
#844=VECTOR('',#6266,1000.);
#845=VECTOR('',#6267,1000.);
#846=VECTOR('',#6270,1000.);
#847=VECTOR('',#6271,1000.);
#848=VECTOR('',#6274,1000.);
#849=VECTOR('',#6277,1000.);
#850=VECTOR('',#6282,1000.);
#851=VECTOR('',#6285,1000.);
#852=VECTOR('',#6290,1000.);
#853=VECTOR('',#6291,1000.);
#854=VECTOR('',#6296,1000.);
#855=VECTOR('',#6297,1000.);
#856=VECTOR('',#6302,1000.);
#857=VECTOR('',#6303,1000.);
#858=VECTOR('',#6308,1000.);
#859=VECTOR('',#6309,1000.);
#860=VECTOR('',#6312,1000.);
#861=VECTOR('',#6313,1000.);
#862=VECTOR('',#6318,1000.);
#863=VECTOR('',#6319,1000.);
#864=VECTOR('',#6322,1000.);
#865=VECTOR('',#6325,1000.);
#866=VECTOR('',#6328,1000.);
#867=VECTOR('',#6331,1000.);
#868=VECTOR('',#6334,1000.);
#869=VECTOR('',#6335,1000.);
#870=VECTOR('',#6338,1000.);
#871=VECTOR('',#6339,1000.);
#872=VECTOR('',#6342,1000.);
#873=VECTOR('',#6345,1000.);
#874=VECTOR('',#6346,1000.);
#875=VECTOR('',#6349,1000.);
#876=VECTOR('',#6352,1000.);
#877=VECTOR('',#6353,1000.);
#878=VECTOR('',#6354,1000.);
#879=VECTOR('',#6359,1000.);
#880=VECTOR('',#6360,1000.);
#881=VECTOR('',#6367,1000.);
#882=VECTOR('',#6368,1000.);
#883=VECTOR('',#6371,1000.);
#884=VECTOR('',#6372,1000.);
#885=VECTOR('',#6375,1000.);
#886=VECTOR('',#6378,1000.);
#887=VECTOR('',#6415,1000.);
#888=VECTOR('',#6420,1000.);
#889=VECTOR('',#6421,1000.);
#890=VECTOR('',#6422,1000.);
#891=VECTOR('',#6423,1000.);
#892=VECTOR('',#6424,1000.);
#893=VECTOR('',#6425,1000.);
#894=VECTOR('',#6426,1000.);
#895=VECTOR('',#6427,1000.);
#896=VECTOR('',#6428,1000.);
#897=VECTOR('',#6429,1000.);
#898=VECTOR('',#6436,1000.);
#899=VECTOR('',#6437,1000.);
#900=VECTOR('',#6438,1000.);
#901=VECTOR('',#6439,1000.);
#902=VECTOR('',#6440,1000.);
#903=VECTOR('',#6441,1000.);
#904=VECTOR('',#6446,1000.);
#905=VECTOR('',#6449,1000.);
#906=VECTOR('',#6450,1000.);
#907=VECTOR('',#6451,1000.);
#908=VECTOR('',#6452,1000.);
#909=VECTOR('',#6453,1000.);
#910=VECTOR('',#6454,1000.);
#911=VECTOR('',#6455,1000.);
#912=VECTOR('',#6456,1000.);
#913=VECTOR('',#6459,1000.);
#914=VECTOR('',#6460,1000.);
#915=VECTOR('',#6461,1000.);
#916=VECTOR('',#6464,1000.);
#917=VECTOR('',#6465,1000.);
#918=VECTOR('',#6468,1000.);
#919=VECTOR('',#6469,1000.);
#920=VECTOR('',#6472,1000.);
#921=VECTOR('',#6473,1000.);
#922=VECTOR('',#6476,1000.);
#923=VECTOR('',#6477,1000.);
#924=VECTOR('',#6480,1000.);
#925=VECTOR('',#6481,1000.);
#926=VECTOR('',#6484,1000.);
#927=VECTOR('',#6489,1000.);
#928=VECTOR('',#6492,1000.);
#929=VECTOR('',#6497,1000.);
#930=VECTOR('',#6500,1000.);
#931=VECTOR('',#6501,1000.);
#932=VECTOR('',#6504,1000.);
#933=VECTOR('',#6505,1000.);
#934=VECTOR('',#6508,1000.);
#935=VECTOR('',#6509,1000.);
#936=VECTOR('',#6512,1000.);
#937=VECTOR('',#6513,1000.);
#938=VECTOR('',#6516,1000.);
#939=VECTOR('',#6517,1000.);
#940=VECTOR('',#6520,1000.);
#941=VECTOR('',#6521,1000.);
#942=VECTOR('',#6526,1000.);
#943=VECTOR('',#6531,1000.);
#944=VECTOR('',#6534,1000.);
#945=VECTOR('',#6535,1000.);
#946=VECTOR('',#6540,1000.);
#947=VECTOR('',#6543,1000.);
#948=VECTOR('',#6544,1000.);
#949=VECTOR('',#6553,1000.);
#950=VECTOR('',#6554,1000.);
#951=VECTOR('',#6555,1000.);
#952=VECTOR('',#6558,1000.);
#953=VECTOR('',#6559,1000.);
#954=VECTOR('',#6562,1000.);
#955=VECTOR('',#6563,1000.);
#956=VECTOR('',#6566,1000.);
#957=VECTOR('',#6567,1000.);
#958=VECTOR('',#6570,1000.);
#959=VECTOR('',#6571,1000.);
#960=VECTOR('',#6574,1000.);
#961=VECTOR('',#6575,1000.);
#962=VECTOR('',#6578,1000.);
#963=VECTOR('',#6579,1000.);
#964=VECTOR('',#6582,1000.);
#965=VECTOR('',#6583,1000.);
#966=VECTOR('',#6584,1000.);
#967=VECTOR('',#6585,1000.);
#968=VECTOR('',#6588,1000.);
#969=VECTOR('',#6589,1000.);
#970=VECTOR('',#6590,1000.);
#971=VECTOR('',#6593,1000.);
#972=VECTOR('',#6594,1000.);
#973=VECTOR('',#6597,1000.);
#974=VECTOR('',#6604,1000.);
#975=VECTOR('',#6607,1000.);
#976=VECTOR('',#6612,1000.);
#977=VECTOR('',#6615,1000.);
#978=VECTOR('',#6616,1000.);
#979=VECTOR('',#6619,1000.);
#980=VECTOR('',#6620,1000.);
#981=VECTOR('',#6623,1000.);
#982=VECTOR('',#6624,1000.);
#983=VECTOR('',#6625,1000.);
#984=VECTOR('',#6626,1000.);
#985=VECTOR('',#6629,1000.);
#986=VECTOR('',#6630,1000.);
#987=VECTOR('',#6631,1000.);
#988=VECTOR('',#6634,1000.);
#989=VECTOR('',#6635,1000.);
#990=VECTOR('',#6636,1000.);
#991=VECTOR('',#6639,1000.);
#992=VECTOR('',#6640,1000.);
#993=VECTOR('',#6641,1000.);
#994=VECTOR('',#6642,1000.);
#995=VECTOR('',#6645,1000.);
#996=VECTOR('',#6646,1000.);
#997=VECTOR('',#6647,1000.);
#998=VECTOR('',#6650,1000.);
#999=VECTOR('',#6651,1000.);
#1000=VECTOR('',#6652,1000.);
#1001=VECTOR('',#6667,1000.);
#1002=VECTOR('',#6678,1000.);
#1003=VECTOR('',#6679,1000.);
#1004=VECTOR('',#6680,1000.);
#1005=VECTOR('',#6683,1000.);
#1006=VECTOR('',#6684,1000.);
#1007=VECTOR('',#6687,1000.);
#1008=VECTOR('',#6688,1000.);
#1009=VECTOR('',#6691,1000.);
#1010=VECTOR('',#6692,1000.);
#1011=VECTOR('',#6695,1000.);
#1012=VECTOR('',#6696,1000.);
#1013=VECTOR('',#6699,1000.);
#1014=VECTOR('',#6700,1000.);
#1015=VECTOR('',#6703,1000.);
#1016=VECTOR('',#6708,1000.);
#1017=VECTOR('',#6711,1000.);
#1018=VECTOR('',#6714,1000.);
#1019=VECTOR('',#6715,1000.);
#1020=VECTOR('',#6718,1000.);
#1021=VECTOR('',#6723,1000.);
#1022=VECTOR('',#6724,1000.);
#1023=VECTOR('',#6727,1000.);
#1024=VECTOR('',#6732,1000.);
#1025=VECTOR('',#6737,1000.);
#1026=VECTOR('',#6738,1000.);
#1027=VECTOR('',#6741,1000.);
#1028=VECTOR('',#6742,1000.);
#1029=VECTOR('',#6745,1000.);
#1030=VECTOR('',#6746,1000.);
#1031=VECTOR('',#6749,1000.);
#1032=VECTOR('',#6750,1000.);
#1033=VECTOR('',#6753,1000.);
#1034=VECTOR('',#6754,1000.);
#1035=VECTOR('',#6757,1000.);
#1036=VECTOR('',#6758,1000.);
#1037=VECTOR('',#6761,1000.);
#1038=VECTOR('',#6772,1000.);
#1039=VECTOR('',#6773,1000.);
#1040=VECTOR('',#6774,1000.);
#1041=VECTOR('',#6777,1000.);
#1042=VECTOR('',#6778,1000.);
#1043=VECTOR('',#6781,1000.);
#1044=VECTOR('',#6782,1000.);
#1045=VECTOR('',#6785,1000.);
#1046=VECTOR('',#6790,1000.);
#1047=VECTOR('',#6791,1000.);
#1048=VECTOR('',#6792,1000.);
#1049=VECTOR('',#6793,1000.);
#1050=VECTOR('',#6798,1000.);
#1051=VECTOR('',#6803,1000.);
#1052=VECTOR('',#6804,1000.);
#1053=VECTOR('',#6805,1000.);
#1054=VECTOR('',#6808,1000.);
#1055=VECTOR('',#6809,1000.);
#1056=VECTOR('',#6810,1000.);
#1057=VECTOR('',#6811,1000.);
#1058=VECTOR('',#6816,1000.);
#1059=VECTOR('',#6821,1000.);
#1060=VECTOR('',#6822,1000.);
#1061=VECTOR('',#6823,1000.);
#1062=VECTOR('',#6826,1000.);
#1063=VECTOR('',#6827,1000.);
#1064=VECTOR('',#6830,1000.);
#1065=VECTOR('',#6831,1000.);
#1066=VECTOR('',#6844,1000.);
#1067=VECTOR('',#6845,1000.);
#1068=VECTOR('',#6846,1000.);
#1069=VECTOR('',#6849,1000.);
#1070=VECTOR('',#6850,1000.);
#1071=VECTOR('',#6853,1000.);
#1072=VECTOR('',#6854,1000.);
#1073=VECTOR('',#6857,1000.);
#1074=VECTOR('',#6858,1000.);
#1075=VECTOR('',#6861,1000.);
#1076=VECTOR('',#6862,1000.);
#1077=VECTOR('',#6865,1000.);
#1078=VECTOR('',#6866,1000.);
#1079=VECTOR('',#6869,1000.);
#1080=VECTOR('',#6870,1000.);
#1081=VECTOR('',#6873,1000.);
#1082=VECTOR('',#6874,1000.);
#1083=VECTOR('',#6875,1000.);
#1084=VECTOR('',#6876,1000.);
#1085=VECTOR('',#6879,1000.);
#1086=VECTOR('',#6880,1000.);
#1087=VECTOR('',#6881,1000.);
#1088=VECTOR('',#6884,1000.);
#1089=VECTOR('',#6885,1000.);
#1090=VECTOR('',#6888,1000.);
#1091=ORIENTED_EDGE('',*,*,#2487,.T.);
#1092=ORIENTED_EDGE('',*,*,#2488,.T.);
#1093=ORIENTED_EDGE('',*,*,#2489,.T.);
#1094=ORIENTED_EDGE('',*,*,#2490,.T.);
#1095=ORIENTED_EDGE('',*,*,#2491,.F.);
#1096=ORIENTED_EDGE('',*,*,#2492,.F.);
#1097=ORIENTED_EDGE('',*,*,#2493,.F.);
#1098=ORIENTED_EDGE('',*,*,#2494,.F.);
#1099=ORIENTED_EDGE('',*,*,#2495,.F.);
#1100=ORIENTED_EDGE('',*,*,#2496,.F.);
#1101=ORIENTED_EDGE('',*,*,#2497,.F.);
#1102=ORIENTED_EDGE('',*,*,#2498,.F.);
#1103=ORIENTED_EDGE('',*,*,#2499,.F.);
#1104=ORIENTED_EDGE('',*,*,#2500,.F.);
#1105=ORIENTED_EDGE('',*,*,#2501,.F.);
#1106=ORIENTED_EDGE('',*,*,#2502,.F.);
#1107=ORIENTED_EDGE('',*,*,#2503,.F.);
#1108=ORIENTED_EDGE('',*,*,#2504,.F.);
#1109=ORIENTED_EDGE('',*,*,#2505,.F.);
#1110=ORIENTED_EDGE('',*,*,#2506,.T.);
#1111=ORIENTED_EDGE('',*,*,#2507,.T.);
#1112=ORIENTED_EDGE('',*,*,#2508,.F.);
#1113=ORIENTED_EDGE('',*,*,#2509,.T.);
#1114=ORIENTED_EDGE('',*,*,#2510,.T.);
#1115=ORIENTED_EDGE('',*,*,#2511,.F.);
#1116=ORIENTED_EDGE('',*,*,#2512,.F.);
#1117=ORIENTED_EDGE('',*,*,#2513,.F.);
#1118=ORIENTED_EDGE('',*,*,#2514,.F.);
#1119=ORIENTED_EDGE('',*,*,#2515,.F.);
#1120=ORIENTED_EDGE('',*,*,#2516,.F.);
#1121=ORIENTED_EDGE('',*,*,#2517,.F.);
#1122=ORIENTED_EDGE('',*,*,#2518,.F.);
#1123=ORIENTED_EDGE('',*,*,#2519,.F.);
#1124=ORIENTED_EDGE('',*,*,#2520,.F.);
#1125=ORIENTED_EDGE('',*,*,#2521,.F.);
#1126=ORIENTED_EDGE('',*,*,#2522,.F.);
#1127=ORIENTED_EDGE('',*,*,#2523,.F.);
#1128=ORIENTED_EDGE('',*,*,#2524,.F.);
#1129=ORIENTED_EDGE('',*,*,#2525,.F.);
#1130=ORIENTED_EDGE('',*,*,#2526,.F.);
#1131=ORIENTED_EDGE('',*,*,#2527,.T.);
#1132=ORIENTED_EDGE('',*,*,#2528,.F.);
#1133=ORIENTED_EDGE('',*,*,#2529,.T.);
#1134=ORIENTED_EDGE('',*,*,#2530,.F.);
#1135=ORIENTED_EDGE('',*,*,#2531,.T.);
#1136=ORIENTED_EDGE('',*,*,#2532,.T.);
#1137=ORIENTED_EDGE('',*,*,#2533,.T.);
#1138=ORIENTED_EDGE('',*,*,#2534,.F.);
#1139=ORIENTED_EDGE('',*,*,#2535,.T.);
#1140=ORIENTED_EDGE('',*,*,#2536,.T.);
#1141=ORIENTED_EDGE('',*,*,#2537,.T.);
#1142=ORIENTED_EDGE('',*,*,#2538,.T.);
#1143=ORIENTED_EDGE('',*,*,#2529,.F.);
#1144=ORIENTED_EDGE('',*,*,#2539,.F.);
#1145=ORIENTED_EDGE('',*,*,#2540,.F.);
#1146=ORIENTED_EDGE('',*,*,#2541,.F.);
#1147=ORIENTED_EDGE('',*,*,#2542,.F.);
#1148=ORIENTED_EDGE('',*,*,#2543,.F.);
#1149=ORIENTED_EDGE('',*,*,#2544,.F.);
#1150=ORIENTED_EDGE('',*,*,#2545,.F.);
#1151=ORIENTED_EDGE('',*,*,#2546,.F.);
#1152=ORIENTED_EDGE('',*,*,#2547,.T.);
#1153=ORIENTED_EDGE('',*,*,#2548,.F.);
#1154=ORIENTED_EDGE('',*,*,#2549,.F.);
#1155=ORIENTED_EDGE('',*,*,#2550,.T.);
#1156=ORIENTED_EDGE('',*,*,#2551,.T.);
#1157=ORIENTED_EDGE('',*,*,#2552,.T.);
#1158=ORIENTED_EDGE('',*,*,#2553,.T.);
#1159=ORIENTED_EDGE('',*,*,#2554,.T.);
#1160=ORIENTED_EDGE('',*,*,#2555,.F.);
#1161=ORIENTED_EDGE('',*,*,#2556,.T.);
#1162=ORIENTED_EDGE('',*,*,#2557,.F.);
#1163=ORIENTED_EDGE('',*,*,#2558,.F.);
#1164=ORIENTED_EDGE('',*,*,#2559,.F.);
#1165=ORIENTED_EDGE('',*,*,#2560,.F.);
#1166=ORIENTED_EDGE('',*,*,#2561,.F.);
#1167=ORIENTED_EDGE('',*,*,#2562,.T.);
#1168=ORIENTED_EDGE('',*,*,#2563,.F.);
#1169=ORIENTED_EDGE('',*,*,#2564,.F.);
#1170=ORIENTED_EDGE('',*,*,#2565,.F.);
#1171=ORIENTED_EDGE('',*,*,#2566,.F.);
#1172=ORIENTED_EDGE('',*,*,#2567,.F.);
#1173=ORIENTED_EDGE('',*,*,#2568,.T.);
#1174=ORIENTED_EDGE('',*,*,#2569,.F.);
#1175=ORIENTED_EDGE('',*,*,#2570,.F.);
#1176=ORIENTED_EDGE('',*,*,#2571,.T.);
#1177=ORIENTED_EDGE('',*,*,#2572,.T.);
#1178=ORIENTED_EDGE('',*,*,#2573,.F.);
#1179=ORIENTED_EDGE('',*,*,#2574,.F.);
#1180=ORIENTED_EDGE('',*,*,#2575,.T.);
#1181=ORIENTED_EDGE('',*,*,#2576,.T.);
#1182=ORIENTED_EDGE('',*,*,#2577,.F.);
#1183=ORIENTED_EDGE('',*,*,#2548,.T.);
#1184=ORIENTED_EDGE('',*,*,#2578,.F.);
#1185=ORIENTED_EDGE('',*,*,#2579,.T.);
#1186=ORIENTED_EDGE('',*,*,#2580,.F.);
#1187=ORIENTED_EDGE('',*,*,#2581,.F.);
#1188=ORIENTED_EDGE('',*,*,#2582,.F.);
#1189=ORIENTED_EDGE('',*,*,#2583,.F.);
#1190=ORIENTED_EDGE('',*,*,#2584,.F.);
#1191=ORIENTED_EDGE('',*,*,#2585,.F.);
#1192=ORIENTED_EDGE('',*,*,#2586,.F.);
#1193=ORIENTED_EDGE('',*,*,#2587,.F.);
#1194=ORIENTED_EDGE('',*,*,#2588,.F.);
#1195=ORIENTED_EDGE('',*,*,#2589,.F.);
#1196=ORIENTED_EDGE('',*,*,#2590,.F.);
#1197=ORIENTED_EDGE('',*,*,#2591,.F.);
#1198=ORIENTED_EDGE('',*,*,#2592,.F.);
#1199=ORIENTED_EDGE('',*,*,#2593,.T.);
#1200=ORIENTED_EDGE('',*,*,#2594,.F.);
#1201=ORIENTED_EDGE('',*,*,#2595,.F.);
#1202=ORIENTED_EDGE('',*,*,#2596,.F.);
#1203=ORIENTED_EDGE('',*,*,#2597,.F.);
#1204=ORIENTED_EDGE('',*,*,#2598,.F.);
#1205=ORIENTED_EDGE('',*,*,#2599,.F.);
#1206=ORIENTED_EDGE('',*,*,#2600,.F.);
#1207=ORIENTED_EDGE('',*,*,#2601,.F.);
#1208=ORIENTED_EDGE('',*,*,#2602,.F.);
#1209=ORIENTED_EDGE('',*,*,#2603,.T.);
#1210=ORIENTED_EDGE('',*,*,#2604,.F.);
#1211=ORIENTED_EDGE('',*,*,#2605,.F.);
#1212=ORIENTED_EDGE('',*,*,#2606,.F.);
#1213=ORIENTED_EDGE('',*,*,#2607,.T.);
#1214=ORIENTED_EDGE('',*,*,#2608,.F.);
#1215=ORIENTED_EDGE('',*,*,#2609,.F.);
#1216=ORIENTED_EDGE('',*,*,#2610,.F.);
#1217=ORIENTED_EDGE('',*,*,#2611,.T.);
#1218=ORIENTED_EDGE('',*,*,#2612,.F.);
#1219=ORIENTED_EDGE('',*,*,#2613,.F.);
#1220=ORIENTED_EDGE('',*,*,#2614,.F.);
#1221=ORIENTED_EDGE('',*,*,#2615,.T.);
#1222=ORIENTED_EDGE('',*,*,#2616,.F.);
#1223=ORIENTED_EDGE('',*,*,#2617,.F.);
#1224=ORIENTED_EDGE('',*,*,#2618,.F.);
#1225=ORIENTED_EDGE('',*,*,#2619,.T.);
#1226=ORIENTED_EDGE('',*,*,#2620,.F.);
#1227=ORIENTED_EDGE('',*,*,#2621,.F.);
#1228=ORIENTED_EDGE('',*,*,#2622,.F.);
#1229=ORIENTED_EDGE('',*,*,#2623,.T.);
#1230=ORIENTED_EDGE('',*,*,#2624,.F.);
#1231=ORIENTED_EDGE('',*,*,#2625,.F.);
#1232=ORIENTED_EDGE('',*,*,#2626,.F.);
#1233=ORIENTED_EDGE('',*,*,#2593,.F.);
#1234=ORIENTED_EDGE('',*,*,#2627,.F.);
#1235=ORIENTED_EDGE('',*,*,#2628,.T.);
#1236=ORIENTED_EDGE('',*,*,#2629,.F.);
#1237=ORIENTED_EDGE('',*,*,#2630,.T.);
#1238=ORIENTED_EDGE('',*,*,#2631,.F.);
#1239=ORIENTED_EDGE('',*,*,#2579,.F.);
#1240=ORIENTED_EDGE('',*,*,#2632,.F.);
#1241=ORIENTED_EDGE('',*,*,#2581,.T.);
#1242=ORIENTED_EDGE('',*,*,#2633,.F.);
#1243=ORIENTED_EDGE('',*,*,#2634,.F.);
#1244=ORIENTED_EDGE('',*,*,#2635,.F.);
#1245=ORIENTED_EDGE('',*,*,#2636,.F.);
#1246=ORIENTED_EDGE('',*,*,#2637,.F.);
#1247=ORIENTED_EDGE('',*,*,#2591,.T.);
#1248=ORIENTED_EDGE('',*,*,#2638,.F.);
#1249=ORIENTED_EDGE('',*,*,#2634,.T.);
#1250=ORIENTED_EDGE('',*,*,#2639,.F.);
#1251=ORIENTED_EDGE('',*,*,#2640,.F.);
#1252=ORIENTED_EDGE('',*,*,#2641,.F.);
#1253=ORIENTED_EDGE('',*,*,#2642,.F.);
#1254=ORIENTED_EDGE('',*,*,#2643,.F.);
#1255=ORIENTED_EDGE('',*,*,#2636,.T.);
#1256=ORIENTED_EDGE('',*,*,#2552,.F.);
#1257=ORIENTED_EDGE('',*,*,#2644,.F.);
#1258=ORIENTED_EDGE('',*,*,#2645,.T.);
#1259=ORIENTED_EDGE('',*,*,#2646,.T.);
#1260=ORIENTED_EDGE('',*,*,#2647,.F.);
#1261=ORIENTED_EDGE('',*,*,#2640,.T.);
#1262=ORIENTED_EDGE('',*,*,#2648,.F.);
#1263=ORIENTED_EDGE('',*,*,#2642,.T.);
#1264=ORIENTED_EDGE('',*,*,#2649,.F.);
#1265=ORIENTED_EDGE('',*,*,#2650,.F.);
#1266=ORIENTED_EDGE('',*,*,#2651,.F.);
#1267=ORIENTED_EDGE('',*,*,#2652,.F.);
#1268=ORIENTED_EDGE('',*,*,#2653,.F.);
#1269=ORIENTED_EDGE('',*,*,#2654,.F.);
#1270=ORIENTED_EDGE('',*,*,#2655,.F.);
#1271=ORIENTED_EDGE('',*,*,#2656,.F.);
#1272=ORIENTED_EDGE('',*,*,#2657,.F.);
#1273=ORIENTED_EDGE('',*,*,#2658,.F.);
#1274=ORIENTED_EDGE('',*,*,#2659,.F.);
#1275=ORIENTED_EDGE('',*,*,#2660,.F.);
#1276=ORIENTED_EDGE('',*,*,#2661,.F.);
#1277=ORIENTED_EDGE('',*,*,#2662,.F.);
#1278=ORIENTED_EDGE('',*,*,#2663,.F.);
#1279=ORIENTED_EDGE('',*,*,#2664,.F.);
#1280=ORIENTED_EDGE('',*,*,#2665,.F.);
#1281=ORIENTED_EDGE('',*,*,#2666,.F.);
#1282=ORIENTED_EDGE('',*,*,#2667,.F.);
#1283=ORIENTED_EDGE('',*,*,#2668,.F.);
#1284=ORIENTED_EDGE('',*,*,#2669,.F.);
#1285=ORIENTED_EDGE('',*,*,#2670,.T.);
#1286=ORIENTED_EDGE('',*,*,#2620,.T.);
#1287=ORIENTED_EDGE('',*,*,#2671,.T.);
#1288=ORIENTED_EDGE('',*,*,#2624,.T.);
#1289=ORIENTED_EDGE('',*,*,#2672,.T.);
#1290=ORIENTED_EDGE('',*,*,#2612,.T.);
#1291=ORIENTED_EDGE('',*,*,#2673,.T.);
#1292=ORIENTED_EDGE('',*,*,#2616,.T.);
#1293=ORIENTED_EDGE('',*,*,#2674,.T.);
#1294=ORIENTED_EDGE('',*,*,#2604,.T.);
#1295=ORIENTED_EDGE('',*,*,#2675,.T.);
#1296=ORIENTED_EDGE('',*,*,#2608,.T.);
#1297=ORIENTED_EDGE('',*,*,#2676,.F.);
#1298=ORIENTED_EDGE('',*,*,#2669,.T.);
#1299=ORIENTED_EDGE('',*,*,#2650,.T.);
#1300=ORIENTED_EDGE('',*,*,#2677,.F.);
#1301=ORIENTED_EDGE('',*,*,#2678,.F.);
#1302=ORIENTED_EDGE('',*,*,#2679,.T.);
#1303=ORIENTED_EDGE('',*,*,#2649,.T.);
#1304=ORIENTED_EDGE('',*,*,#2680,.F.);
#1305=ORIENTED_EDGE('',*,*,#2681,.F.);
#1306=ORIENTED_EDGE('',*,*,#2677,.T.);
#1307=ORIENTED_EDGE('',*,*,#2668,.T.);
#1308=ORIENTED_EDGE('',*,*,#2682,.F.);
#1309=ORIENTED_EDGE('',*,*,#2683,.F.);
#1310=ORIENTED_EDGE('',*,*,#2680,.T.);
#1311=ORIENTED_EDGE('',*,*,#2667,.T.);
#1312=ORIENTED_EDGE('',*,*,#2684,.F.);
#1313=ORIENTED_EDGE('',*,*,#2685,.F.);
#1314=ORIENTED_EDGE('',*,*,#2682,.T.);
#1315=ORIENTED_EDGE('',*,*,#2666,.T.);
#1316=ORIENTED_EDGE('',*,*,#2686,.F.);
#1317=ORIENTED_EDGE('',*,*,#2687,.F.);
#1318=ORIENTED_EDGE('',*,*,#2684,.T.);
#1319=ORIENTED_EDGE('',*,*,#2665,.T.);
#1320=ORIENTED_EDGE('',*,*,#2688,.F.);
#1321=ORIENTED_EDGE('',*,*,#2689,.F.);
#1322=ORIENTED_EDGE('',*,*,#2686,.T.);
#1323=ORIENTED_EDGE('',*,*,#2664,.T.);
#1324=ORIENTED_EDGE('',*,*,#2690,.F.);
#1325=ORIENTED_EDGE('',*,*,#2691,.F.);
#1326=ORIENTED_EDGE('',*,*,#2688,.T.);
#1327=ORIENTED_EDGE('',*,*,#2663,.T.);
#1328=ORIENTED_EDGE('',*,*,#2692,.F.);
#1329=ORIENTED_EDGE('',*,*,#2693,.F.);
#1330=ORIENTED_EDGE('',*,*,#2690,.T.);
#1331=ORIENTED_EDGE('',*,*,#2662,.T.);
#1332=ORIENTED_EDGE('',*,*,#2694,.F.);
#1333=ORIENTED_EDGE('',*,*,#2695,.F.);
#1334=ORIENTED_EDGE('',*,*,#2692,.T.);
#1335=ORIENTED_EDGE('',*,*,#2661,.T.);
#1336=ORIENTED_EDGE('',*,*,#2696,.F.);
#1337=ORIENTED_EDGE('',*,*,#2697,.F.);
#1338=ORIENTED_EDGE('',*,*,#2694,.T.);
#1339=ORIENTED_EDGE('',*,*,#2660,.T.);
#1340=ORIENTED_EDGE('',*,*,#2698,.F.);
#1341=ORIENTED_EDGE('',*,*,#2699,.F.);
#1342=ORIENTED_EDGE('',*,*,#2696,.T.);
#1343=ORIENTED_EDGE('',*,*,#2659,.T.);
#1344=ORIENTED_EDGE('',*,*,#2700,.F.);
#1345=ORIENTED_EDGE('',*,*,#2701,.F.);
#1346=ORIENTED_EDGE('',*,*,#2698,.T.);
#1347=ORIENTED_EDGE('',*,*,#2658,.T.);
#1348=ORIENTED_EDGE('',*,*,#2702,.F.);
#1349=ORIENTED_EDGE('',*,*,#2703,.F.);
#1350=ORIENTED_EDGE('',*,*,#2700,.T.);
#1351=ORIENTED_EDGE('',*,*,#2657,.T.);
#1352=ORIENTED_EDGE('',*,*,#2704,.F.);
#1353=ORIENTED_EDGE('',*,*,#2705,.F.);
#1354=ORIENTED_EDGE('',*,*,#2702,.T.);
#1355=ORIENTED_EDGE('',*,*,#2656,.T.);
#1356=ORIENTED_EDGE('',*,*,#2706,.F.);
#1357=ORIENTED_EDGE('',*,*,#2707,.F.);
#1358=ORIENTED_EDGE('',*,*,#2704,.T.);
#1359=ORIENTED_EDGE('',*,*,#2655,.T.);
#1360=ORIENTED_EDGE('',*,*,#2708,.F.);
#1361=ORIENTED_EDGE('',*,*,#2709,.F.);
#1362=ORIENTED_EDGE('',*,*,#2706,.T.);
#1363=ORIENTED_EDGE('',*,*,#2654,.T.);
#1364=ORIENTED_EDGE('',*,*,#2710,.F.);
#1365=ORIENTED_EDGE('',*,*,#2711,.F.);
#1366=ORIENTED_EDGE('',*,*,#2708,.T.);
#1367=ORIENTED_EDGE('',*,*,#2653,.T.);
#1368=ORIENTED_EDGE('',*,*,#2712,.F.);
#1369=ORIENTED_EDGE('',*,*,#2713,.F.);
#1370=ORIENTED_EDGE('',*,*,#2710,.T.);
#1371=ORIENTED_EDGE('',*,*,#2652,.T.);
#1372=ORIENTED_EDGE('',*,*,#2714,.F.);
#1373=ORIENTED_EDGE('',*,*,#2715,.F.);
#1374=ORIENTED_EDGE('',*,*,#2712,.T.);
#1375=ORIENTED_EDGE('',*,*,#2651,.T.);
#1376=ORIENTED_EDGE('',*,*,#2679,.F.);
#1377=ORIENTED_EDGE('',*,*,#2716,.F.);
#1378=ORIENTED_EDGE('',*,*,#2714,.T.);
#1379=ORIENTED_EDGE('',*,*,#2717,.F.);
#1380=ORIENTED_EDGE('',*,*,#2678,.T.);
#1381=ORIENTED_EDGE('',*,*,#2681,.T.);
#1382=ORIENTED_EDGE('',*,*,#2683,.T.);
#1383=ORIENTED_EDGE('',*,*,#2685,.T.);
#1384=ORIENTED_EDGE('',*,*,#2687,.T.);
#1385=ORIENTED_EDGE('',*,*,#2689,.T.);
#1386=ORIENTED_EDGE('',*,*,#2691,.T.);
#1387=ORIENTED_EDGE('',*,*,#2693,.T.);
#1388=ORIENTED_EDGE('',*,*,#2695,.T.);
#1389=ORIENTED_EDGE('',*,*,#2697,.T.);
#1390=ORIENTED_EDGE('',*,*,#2699,.T.);
#1391=ORIENTED_EDGE('',*,*,#2701,.T.);
#1392=ORIENTED_EDGE('',*,*,#2703,.T.);
#1393=ORIENTED_EDGE('',*,*,#2705,.T.);
#1394=ORIENTED_EDGE('',*,*,#2707,.T.);
#1395=ORIENTED_EDGE('',*,*,#2709,.T.);
#1396=ORIENTED_EDGE('',*,*,#2711,.T.);
#1397=ORIENTED_EDGE('',*,*,#2713,.T.);
#1398=ORIENTED_EDGE('',*,*,#2715,.T.);
#1399=ORIENTED_EDGE('',*,*,#2716,.T.);
#1400=ORIENTED_EDGE('',*,*,#2718,.F.);
#1401=ORIENTED_EDGE('',*,*,#2719,.F.);
#1402=ORIENTED_EDGE('',*,*,#2720,.T.);
#1403=ORIENTED_EDGE('',*,*,#2721,.T.);
#1404=ORIENTED_EDGE('',*,*,#2722,.F.);
#1405=ORIENTED_EDGE('',*,*,#2721,.F.);
#1406=ORIENTED_EDGE('',*,*,#2723,.T.);
#1407=ORIENTED_EDGE('',*,*,#2724,.T.);
#1408=ORIENTED_EDGE('',*,*,#2725,.F.);
#1409=ORIENTED_EDGE('',*,*,#2724,.F.);
#1410=ORIENTED_EDGE('',*,*,#2726,.T.);
#1411=ORIENTED_EDGE('',*,*,#2727,.T.);
#1412=ORIENTED_EDGE('',*,*,#2728,.F.);
#1413=ORIENTED_EDGE('',*,*,#2727,.F.);
#1414=ORIENTED_EDGE('',*,*,#2729,.T.);
#1415=ORIENTED_EDGE('',*,*,#2730,.T.);
#1416=ORIENTED_EDGE('',*,*,#2731,.F.);
#1417=ORIENTED_EDGE('',*,*,#2730,.F.);
#1418=ORIENTED_EDGE('',*,*,#2732,.T.);
#1419=ORIENTED_EDGE('',*,*,#2733,.T.);
#1420=ORIENTED_EDGE('',*,*,#2734,.F.);
#1421=ORIENTED_EDGE('',*,*,#2733,.F.);
#1422=ORIENTED_EDGE('',*,*,#2735,.T.);
#1423=ORIENTED_EDGE('',*,*,#2736,.T.);
#1424=ORIENTED_EDGE('',*,*,#2737,.F.);
#1425=ORIENTED_EDGE('',*,*,#2736,.F.);
#1426=ORIENTED_EDGE('',*,*,#2738,.T.);
#1427=ORIENTED_EDGE('',*,*,#2739,.T.);
#1428=ORIENTED_EDGE('',*,*,#2740,.F.);
#1429=ORIENTED_EDGE('',*,*,#2741,.T.);
#1430=ORIENTED_EDGE('',*,*,#2742,.F.);
#1431=ORIENTED_EDGE('',*,*,#2743,.T.);
#1432=ORIENTED_EDGE('',*,*,#2744,.F.);
#1433=ORIENTED_EDGE('',*,*,#2745,.T.);
#1434=ORIENTED_EDGE('',*,*,#2746,.F.);
#1435=ORIENTED_EDGE('',*,*,#2747,.T.);
#1436=ORIENTED_EDGE('',*,*,#2748,.F.);
#1437=ORIENTED_EDGE('',*,*,#2739,.F.);
#1438=ORIENTED_EDGE('',*,*,#2749,.T.);
#1439=ORIENTED_EDGE('',*,*,#2719,.T.);
#1440=ORIENTED_EDGE('',*,*,#2750,.F.);
#1441=ORIENTED_EDGE('',*,*,#2746,.T.);
#1442=ORIENTED_EDGE('',*,*,#2744,.T.);
#1443=ORIENTED_EDGE('',*,*,#2742,.T.);
#1444=ORIENTED_EDGE('',*,*,#2740,.T.);
#1445=ORIENTED_EDGE('',*,*,#2720,.F.);
#1446=ORIENTED_EDGE('',*,*,#2749,.F.);
#1447=ORIENTED_EDGE('',*,*,#2738,.F.);
#1448=ORIENTED_EDGE('',*,*,#2735,.F.);
#1449=ORIENTED_EDGE('',*,*,#2732,.F.);
#1450=ORIENTED_EDGE('',*,*,#2729,.F.);
#1451=ORIENTED_EDGE('',*,*,#2726,.F.);
#1452=ORIENTED_EDGE('',*,*,#2723,.F.);
#1453=ORIENTED_EDGE('',*,*,#2676,.T.);
#1454=ORIENTED_EDGE('',*,*,#2747,.F.);
#1455=ORIENTED_EDGE('',*,*,#2745,.F.);
#1456=ORIENTED_EDGE('',*,*,#2743,.F.);
#1457=ORIENTED_EDGE('',*,*,#2741,.F.);
#1458=ORIENTED_EDGE('',*,*,#2718,.T.);
#1459=ORIENTED_EDGE('',*,*,#2722,.T.);
#1460=ORIENTED_EDGE('',*,*,#2725,.T.);
#1461=ORIENTED_EDGE('',*,*,#2728,.T.);
#1462=ORIENTED_EDGE('',*,*,#2731,.T.);
#1463=ORIENTED_EDGE('',*,*,#2734,.T.);
#1464=ORIENTED_EDGE('',*,*,#2737,.T.);
#1465=ORIENTED_EDGE('',*,*,#2748,.T.);
#1466=ORIENTED_EDGE('',*,*,#2751,.F.);
#1467=ORIENTED_EDGE('',*,*,#2750,.T.);
#1468=ORIENTED_EDGE('',*,*,#2752,.F.);
#1469=ORIENTED_EDGE('',*,*,#2751,.T.);
#1470=ORIENTED_EDGE('',*,*,#2753,.F.);
#1471=ORIENTED_EDGE('',*,*,#2752,.T.);
#1472=ORIENTED_EDGE('',*,*,#2753,.T.);
#1473=ORIENTED_EDGE('',*,*,#2754,.F.);
#1474=ORIENTED_EDGE('',*,*,#2755,.F.);
#1475=ORIENTED_EDGE('',*,*,#2630,.F.);
#1476=ORIENTED_EDGE('',*,*,#2756,.F.);
#1477=ORIENTED_EDGE('',*,*,#2628,.F.);
#1478=ORIENTED_EDGE('',*,*,#2754,.T.);
#1479=ORIENTED_EDGE('',*,*,#2631,.T.);
#1480=ORIENTED_EDGE('',*,*,#2757,.T.);
#1481=ORIENTED_EDGE('',*,*,#2627,.T.);
#1482=ORIENTED_EDGE('',*,*,#2592,.T.);
#1483=ORIENTED_EDGE('',*,*,#2637,.T.);
#1484=ORIENTED_EDGE('',*,*,#2643,.T.);
#1485=ORIENTED_EDGE('',*,*,#2648,.T.);
#1486=ORIENTED_EDGE('',*,*,#2639,.T.);
#1487=ORIENTED_EDGE('',*,*,#2633,.T.);
#1488=ORIENTED_EDGE('',*,*,#2580,.T.);
#1489=ORIENTED_EDGE('',*,*,#2755,.T.);
#1490=ORIENTED_EDGE('',*,*,#2757,.F.);
#1491=ORIENTED_EDGE('',*,*,#2756,.T.);
#1492=ORIENTED_EDGE('',*,*,#2758,.T.);
#1493=ORIENTED_EDGE('',*,*,#2626,.T.);
#1494=ORIENTED_EDGE('',*,*,#2758,.F.);
#1495=ORIENTED_EDGE('',*,*,#2629,.T.);
#1496=ORIENTED_EDGE('',*,*,#2578,.T.);
#1497=ORIENTED_EDGE('',*,*,#2632,.T.);
#1498=ORIENTED_EDGE('',*,*,#2638,.T.);
#1499=ORIENTED_EDGE('',*,*,#2647,.T.);
#1500=ORIENTED_EDGE('',*,*,#2641,.T.);
#1501=ORIENTED_EDGE('',*,*,#2635,.T.);
#1502=ORIENTED_EDGE('',*,*,#2590,.T.);
#1503=ORIENTED_EDGE('',*,*,#2759,.F.);
#1504=ORIENTED_EDGE('',*,*,#2605,.T.);
#1505=ORIENTED_EDGE('',*,*,#2674,.F.);
#1506=ORIENTED_EDGE('',*,*,#2607,.F.);
#1507=ORIENTED_EDGE('',*,*,#2760,.F.);
#1508=ORIENTED_EDGE('',*,*,#2609,.T.);
#1509=ORIENTED_EDGE('',*,*,#2675,.F.);
#1510=ORIENTED_EDGE('',*,*,#2603,.F.);
#1511=ORIENTED_EDGE('',*,*,#2761,.F.);
#1512=ORIENTED_EDGE('',*,*,#2613,.T.);
#1513=ORIENTED_EDGE('',*,*,#2672,.F.);
#1514=ORIENTED_EDGE('',*,*,#2615,.F.);
#1515=ORIENTED_EDGE('',*,*,#2762,.F.);
#1516=ORIENTED_EDGE('',*,*,#2617,.T.);
#1517=ORIENTED_EDGE('',*,*,#2673,.F.);
#1518=ORIENTED_EDGE('',*,*,#2611,.F.);
#1519=ORIENTED_EDGE('',*,*,#2763,.F.);
#1520=ORIENTED_EDGE('',*,*,#2621,.T.);
#1521=ORIENTED_EDGE('',*,*,#2670,.F.);
#1522=ORIENTED_EDGE('',*,*,#2623,.F.);
#1523=ORIENTED_EDGE('',*,*,#2764,.F.);
#1524=ORIENTED_EDGE('',*,*,#2625,.T.);
#1525=ORIENTED_EDGE('',*,*,#2671,.F.);
#1526=ORIENTED_EDGE('',*,*,#2619,.F.);
#1527=ORIENTED_EDGE('',*,*,#2764,.T.);
#1528=ORIENTED_EDGE('',*,*,#2618,.T.);
#1529=ORIENTED_EDGE('',*,*,#2763,.T.);
#1530=ORIENTED_EDGE('',*,*,#2622,.T.);
#1531=ORIENTED_EDGE('',*,*,#2762,.T.);
#1532=ORIENTED_EDGE('',*,*,#2610,.T.);
#1533=ORIENTED_EDGE('',*,*,#2761,.T.);
#1534=ORIENTED_EDGE('',*,*,#2614,.T.);
#1535=ORIENTED_EDGE('',*,*,#2760,.T.);
#1536=ORIENTED_EDGE('',*,*,#2602,.T.);
#1537=ORIENTED_EDGE('',*,*,#2759,.T.);
#1538=ORIENTED_EDGE('',*,*,#2606,.T.);
#1539=ORIENTED_EDGE('',*,*,#2583,.T.);
#1540=ORIENTED_EDGE('',*,*,#2765,.T.);
#1541=ORIENTED_EDGE('',*,*,#2766,.T.);
#1542=ORIENTED_EDGE('',*,*,#2546,.T.);
#1543=ORIENTED_EDGE('',*,*,#2767,.F.);
#1544=ORIENTED_EDGE('',*,*,#2584,.T.);
#1545=ORIENTED_EDGE('',*,*,#2767,.T.);
#1546=ORIENTED_EDGE('',*,*,#2545,.T.);
#1547=ORIENTED_EDGE('',*,*,#2768,.F.);
#1548=ORIENTED_EDGE('',*,*,#2585,.T.);
#1549=ORIENTED_EDGE('',*,*,#2768,.T.);
#1550=ORIENTED_EDGE('',*,*,#2544,.T.);
#1551=ORIENTED_EDGE('',*,*,#2769,.T.);
#1552=ORIENTED_EDGE('',*,*,#2770,.F.);
#1553=ORIENTED_EDGE('',*,*,#2586,.T.);
#1554=ORIENTED_EDGE('',*,*,#2770,.T.);
#1555=ORIENTED_EDGE('',*,*,#2771,.T.);
#1556=ORIENTED_EDGE('',*,*,#2772,.F.);
#1557=ORIENTED_EDGE('',*,*,#2587,.T.);
#1558=ORIENTED_EDGE('',*,*,#2772,.T.);
#1559=ORIENTED_EDGE('',*,*,#2773,.T.);
#1560=ORIENTED_EDGE('',*,*,#2559,.T.);
#1561=ORIENTED_EDGE('',*,*,#2774,.F.);
#1562=ORIENTED_EDGE('',*,*,#2588,.T.);
#1563=ORIENTED_EDGE('',*,*,#2774,.T.);
#1564=ORIENTED_EDGE('',*,*,#2558,.T.);
#1565=ORIENTED_EDGE('',*,*,#2775,.F.);
#1566=ORIENTED_EDGE('',*,*,#2589,.T.);
#1567=ORIENTED_EDGE('',*,*,#2775,.T.);
#1568=ORIENTED_EDGE('',*,*,#2557,.T.);
#1569=ORIENTED_EDGE('',*,*,#2776,.T.);
#1570=ORIENTED_EDGE('',*,*,#2777,.F.);
#1571=ORIENTED_EDGE('',*,*,#2582,.T.);
#1572=ORIENTED_EDGE('',*,*,#2777,.T.);
#1573=ORIENTED_EDGE('',*,*,#2778,.T.);
#1574=ORIENTED_EDGE('',*,*,#2765,.F.);
#1575=ORIENTED_EDGE('',*,*,#2594,.T.);
#1576=ORIENTED_EDGE('',*,*,#2779,.F.);
#1577=ORIENTED_EDGE('',*,*,#2780,.T.);
#1578=ORIENTED_EDGE('',*,*,#2781,.T.);
#1579=ORIENTED_EDGE('',*,*,#2595,.T.);
#1580=ORIENTED_EDGE('',*,*,#2781,.F.);
#1581=ORIENTED_EDGE('',*,*,#2782,.T.);
#1582=ORIENTED_EDGE('',*,*,#2565,.T.);
#1583=ORIENTED_EDGE('',*,*,#2783,.T.);
#1584=ORIENTED_EDGE('',*,*,#2596,.T.);
#1585=ORIENTED_EDGE('',*,*,#2783,.F.);
#1586=ORIENTED_EDGE('',*,*,#2564,.T.);
#1587=ORIENTED_EDGE('',*,*,#2784,.T.);
#1588=ORIENTED_EDGE('',*,*,#2597,.T.);
#1589=ORIENTED_EDGE('',*,*,#2784,.F.);
#1590=ORIENTED_EDGE('',*,*,#2563,.T.);
#1591=ORIENTED_EDGE('',*,*,#2785,.T.);
#1592=ORIENTED_EDGE('',*,*,#2786,.T.);
#1593=ORIENTED_EDGE('',*,*,#2598,.T.);
#1594=ORIENTED_EDGE('',*,*,#2786,.F.);
#1595=ORIENTED_EDGE('',*,*,#2787,.T.);
#1596=ORIENTED_EDGE('',*,*,#2788,.T.);
#1597=ORIENTED_EDGE('',*,*,#2599,.T.);
#1598=ORIENTED_EDGE('',*,*,#2788,.F.);
#1599=ORIENTED_EDGE('',*,*,#2789,.T.);
#1600=ORIENTED_EDGE('',*,*,#2542,.T.);
#1601=ORIENTED_EDGE('',*,*,#2790,.T.);
#1602=ORIENTED_EDGE('',*,*,#2600,.T.);
#1603=ORIENTED_EDGE('',*,*,#2790,.F.);
#1604=ORIENTED_EDGE('',*,*,#2541,.T.);
#1605=ORIENTED_EDGE('',*,*,#2791,.T.);
#1606=ORIENTED_EDGE('',*,*,#2601,.T.);
#1607=ORIENTED_EDGE('',*,*,#2791,.F.);
#1608=ORIENTED_EDGE('',*,*,#2540,.T.);
#1609=ORIENTED_EDGE('',*,*,#2792,.T.);
#1610=ORIENTED_EDGE('',*,*,#2779,.T.);
#1611=ORIENTED_EDGE('',*,*,#2793,.T.);
#1612=ORIENTED_EDGE('',*,*,#2794,.F.);
#1613=ORIENTED_EDGE('',*,*,#2795,.F.);
#1614=ORIENTED_EDGE('',*,*,#2796,.T.);
#1615=ORIENTED_EDGE('',*,*,#2797,.T.);
#1616=ORIENTED_EDGE('',*,*,#2798,.F.);
#1617=ORIENTED_EDGE('',*,*,#2793,.F.);
#1618=ORIENTED_EDGE('',*,*,#2799,.T.);
#1619=ORIENTED_EDGE('',*,*,#2800,.F.);
#1620=ORIENTED_EDGE('',*,*,#2801,.F.);
#1621=ORIENTED_EDGE('',*,*,#2797,.F.);
#1622=ORIENTED_EDGE('',*,*,#2802,.T.);
#1623=ORIENTED_EDGE('',*,*,#2803,.T.);
#1624=ORIENTED_EDGE('',*,*,#2804,.F.);
#1625=ORIENTED_EDGE('',*,*,#2537,.F.);
#1626=ORIENTED_EDGE('',*,*,#2805,.T.);
#1627=ORIENTED_EDGE('',*,*,#2806,.T.);
#1628=ORIENTED_EDGE('',*,*,#2807,.F.);
#1629=ORIENTED_EDGE('',*,*,#2803,.F.);
#1630=ORIENTED_EDGE('',*,*,#2808,.T.);
#1631=ORIENTED_EDGE('',*,*,#2809,.T.);
#1632=ORIENTED_EDGE('',*,*,#2810,.F.);
#1633=ORIENTED_EDGE('',*,*,#2806,.F.);
#1634=ORIENTED_EDGE('',*,*,#2811,.T.);
#1635=ORIENTED_EDGE('',*,*,#2812,.T.);
#1636=ORIENTED_EDGE('',*,*,#2795,.T.);
#1637=ORIENTED_EDGE('',*,*,#2813,.F.);
#1638=ORIENTED_EDGE('',*,*,#2809,.F.);
#1639=ORIENTED_EDGE('',*,*,#2536,.F.);
#1640=ORIENTED_EDGE('',*,*,#2814,.T.);
#1641=ORIENTED_EDGE('',*,*,#2802,.F.);
#1642=ORIENTED_EDGE('',*,*,#2799,.F.);
#1643=ORIENTED_EDGE('',*,*,#2796,.F.);
#1644=ORIENTED_EDGE('',*,*,#2812,.F.);
#1645=ORIENTED_EDGE('',*,*,#2811,.F.);
#1646=ORIENTED_EDGE('',*,*,#2808,.F.);
#1647=ORIENTED_EDGE('',*,*,#2805,.F.);
#1648=ORIENTED_EDGE('',*,*,#2815,.F.);
#1649=ORIENTED_EDGE('',*,*,#2526,.T.);
#1650=ORIENTED_EDGE('',*,*,#2804,.T.);
#1651=ORIENTED_EDGE('',*,*,#2807,.T.);
#1652=ORIENTED_EDGE('',*,*,#2810,.T.);
#1653=ORIENTED_EDGE('',*,*,#2813,.T.);
#1654=ORIENTED_EDGE('',*,*,#2794,.T.);
#1655=ORIENTED_EDGE('',*,*,#2798,.T.);
#1656=ORIENTED_EDGE('',*,*,#2801,.T.);
#1657=ORIENTED_EDGE('',*,*,#2816,.T.);
#1658=ORIENTED_EDGE('',*,*,#2817,.F.);
#1659=ORIENTED_EDGE('',*,*,#2818,.F.);
#1660=ORIENTED_EDGE('',*,*,#2819,.T.);
#1661=ORIENTED_EDGE('',*,*,#2820,.T.);
#1662=ORIENTED_EDGE('',*,*,#2821,.F.);
#1663=ORIENTED_EDGE('',*,*,#2816,.F.);
#1664=ORIENTED_EDGE('',*,*,#2822,.T.);
#1665=ORIENTED_EDGE('',*,*,#2823,.T.);
#1666=ORIENTED_EDGE('',*,*,#2824,.F.);
#1667=ORIENTED_EDGE('',*,*,#2820,.F.);
#1668=ORIENTED_EDGE('',*,*,#2825,.T.);
#1669=ORIENTED_EDGE('',*,*,#2826,.T.);
#1670=ORIENTED_EDGE('',*,*,#2827,.F.);
#1671=ORIENTED_EDGE('',*,*,#2823,.F.);
#1672=ORIENTED_EDGE('',*,*,#2828,.T.);
#1673=ORIENTED_EDGE('',*,*,#2829,.T.);
#1674=ORIENTED_EDGE('',*,*,#2830,.F.);
#1675=ORIENTED_EDGE('',*,*,#2826,.F.);
#1676=ORIENTED_EDGE('',*,*,#2831,.T.);
#1677=ORIENTED_EDGE('',*,*,#2574,.T.);
#1678=ORIENTED_EDGE('',*,*,#2832,.F.);
#1679=ORIENTED_EDGE('',*,*,#2829,.F.);
#1680=ORIENTED_EDGE('',*,*,#2833,.T.);
#1681=ORIENTED_EDGE('',*,*,#2834,.F.);
#1682=ORIENTED_EDGE('',*,*,#2835,.T.);
#1683=ORIENTED_EDGE('',*,*,#2818,.T.);
#1684=ORIENTED_EDGE('',*,*,#2836,.F.);
#1685=ORIENTED_EDGE('',*,*,#2835,.F.);
#1686=ORIENTED_EDGE('',*,*,#2837,.T.);
#1687=ORIENTED_EDGE('',*,*,#2575,.F.);
#1688=ORIENTED_EDGE('',*,*,#2833,.F.);
#1689=ORIENTED_EDGE('',*,*,#2831,.F.);
#1690=ORIENTED_EDGE('',*,*,#2828,.F.);
#1691=ORIENTED_EDGE('',*,*,#2825,.F.);
#1692=ORIENTED_EDGE('',*,*,#2822,.F.);
#1693=ORIENTED_EDGE('',*,*,#2819,.F.);
#1694=ORIENTED_EDGE('',*,*,#2838,.F.);
#1695=ORIENTED_EDGE('',*,*,#2836,.T.);
#1696=ORIENTED_EDGE('',*,*,#2817,.T.);
#1697=ORIENTED_EDGE('',*,*,#2821,.T.);
#1698=ORIENTED_EDGE('',*,*,#2824,.T.);
#1699=ORIENTED_EDGE('',*,*,#2827,.T.);
#1700=ORIENTED_EDGE('',*,*,#2830,.T.);
#1701=ORIENTED_EDGE('',*,*,#2832,.T.);
#1702=ORIENTED_EDGE('',*,*,#2573,.T.);
#1703=ORIENTED_EDGE('',*,*,#2839,.T.);
#1704=ORIENTED_EDGE('',*,*,#2840,.F.);
#1705=ORIENTED_EDGE('',*,*,#2841,.F.);
#1706=ORIENTED_EDGE('',*,*,#2842,.T.);
#1707=ORIENTED_EDGE('',*,*,#2843,.T.);
#1708=ORIENTED_EDGE('',*,*,#2844,.F.);
#1709=ORIENTED_EDGE('',*,*,#2839,.F.);
#1710=ORIENTED_EDGE('',*,*,#2845,.T.);
#1711=ORIENTED_EDGE('',*,*,#2846,.F.);
#1712=ORIENTED_EDGE('',*,*,#2847,.F.);
#1713=ORIENTED_EDGE('',*,*,#2843,.F.);
#1714=ORIENTED_EDGE('',*,*,#2848,.T.);
#1715=ORIENTED_EDGE('',*,*,#2849,.T.);
#1716=ORIENTED_EDGE('',*,*,#2850,.F.);
#1717=ORIENTED_EDGE('',*,*,#2533,.F.);
#1718=ORIENTED_EDGE('',*,*,#2851,.T.);
#1719=ORIENTED_EDGE('',*,*,#2852,.T.);
#1720=ORIENTED_EDGE('',*,*,#2853,.F.);
#1721=ORIENTED_EDGE('',*,*,#2849,.F.);
#1722=ORIENTED_EDGE('',*,*,#2854,.T.);
#1723=ORIENTED_EDGE('',*,*,#2855,.T.);
#1724=ORIENTED_EDGE('',*,*,#2856,.F.);
#1725=ORIENTED_EDGE('',*,*,#2852,.F.);
#1726=ORIENTED_EDGE('',*,*,#2857,.T.);
#1727=ORIENTED_EDGE('',*,*,#2858,.T.);
#1728=ORIENTED_EDGE('',*,*,#2841,.T.);
#1729=ORIENTED_EDGE('',*,*,#2859,.F.);
#1730=ORIENTED_EDGE('',*,*,#2855,.F.);
#1731=ORIENTED_EDGE('',*,*,#2532,.F.);
#1732=ORIENTED_EDGE('',*,*,#2860,.T.);
#1733=ORIENTED_EDGE('',*,*,#2848,.F.);
#1734=ORIENTED_EDGE('',*,*,#2845,.F.);
#1735=ORIENTED_EDGE('',*,*,#2842,.F.);
#1736=ORIENTED_EDGE('',*,*,#2858,.F.);
#1737=ORIENTED_EDGE('',*,*,#2857,.F.);
#1738=ORIENTED_EDGE('',*,*,#2854,.F.);
#1739=ORIENTED_EDGE('',*,*,#2851,.F.);
#1740=ORIENTED_EDGE('',*,*,#2861,.F.);
#1741=ORIENTED_EDGE('',*,*,#2534,.T.);
#1742=ORIENTED_EDGE('',*,*,#2850,.T.);
#1743=ORIENTED_EDGE('',*,*,#2853,.T.);
#1744=ORIENTED_EDGE('',*,*,#2856,.T.);
#1745=ORIENTED_EDGE('',*,*,#2859,.T.);
#1746=ORIENTED_EDGE('',*,*,#2840,.T.);
#1747=ORIENTED_EDGE('',*,*,#2844,.T.);
#1748=ORIENTED_EDGE('',*,*,#2847,.T.);
#1749=ORIENTED_EDGE('',*,*,#2862,.T.);
#1750=ORIENTED_EDGE('',*,*,#2863,.F.);
#1751=ORIENTED_EDGE('',*,*,#2864,.F.);
#1752=ORIENTED_EDGE('',*,*,#2865,.T.);
#1753=ORIENTED_EDGE('',*,*,#2866,.T.);
#1754=ORIENTED_EDGE('',*,*,#2867,.F.);
#1755=ORIENTED_EDGE('',*,*,#2862,.F.);
#1756=ORIENTED_EDGE('',*,*,#2868,.T.);
#1757=ORIENTED_EDGE('',*,*,#2869,.T.);
#1758=ORIENTED_EDGE('',*,*,#2870,.F.);
#1759=ORIENTED_EDGE('',*,*,#2866,.F.);
#1760=ORIENTED_EDGE('',*,*,#2871,.T.);
#1761=ORIENTED_EDGE('',*,*,#2872,.T.);
#1762=ORIENTED_EDGE('',*,*,#2873,.F.);
#1763=ORIENTED_EDGE('',*,*,#2869,.F.);
#1764=ORIENTED_EDGE('',*,*,#2874,.T.);
#1765=ORIENTED_EDGE('',*,*,#2875,.T.);
#1766=ORIENTED_EDGE('',*,*,#2876,.F.);
#1767=ORIENTED_EDGE('',*,*,#2872,.F.);
#1768=ORIENTED_EDGE('',*,*,#2877,.T.);
#1769=ORIENTED_EDGE('',*,*,#2570,.T.);
#1770=ORIENTED_EDGE('',*,*,#2878,.F.);
#1771=ORIENTED_EDGE('',*,*,#2875,.F.);
#1772=ORIENTED_EDGE('',*,*,#2879,.T.);
#1773=ORIENTED_EDGE('',*,*,#2880,.F.);
#1774=ORIENTED_EDGE('',*,*,#2881,.T.);
#1775=ORIENTED_EDGE('',*,*,#2864,.T.);
#1776=ORIENTED_EDGE('',*,*,#2882,.F.);
#1777=ORIENTED_EDGE('',*,*,#2881,.F.);
#1778=ORIENTED_EDGE('',*,*,#2883,.T.);
#1779=ORIENTED_EDGE('',*,*,#2571,.F.);
#1780=ORIENTED_EDGE('',*,*,#2879,.F.);
#1781=ORIENTED_EDGE('',*,*,#2877,.F.);
#1782=ORIENTED_EDGE('',*,*,#2874,.F.);
#1783=ORIENTED_EDGE('',*,*,#2871,.F.);
#1784=ORIENTED_EDGE('',*,*,#2868,.F.);
#1785=ORIENTED_EDGE('',*,*,#2865,.F.);
#1786=ORIENTED_EDGE('',*,*,#2884,.F.);
#1787=ORIENTED_EDGE('',*,*,#2882,.T.);
#1788=ORIENTED_EDGE('',*,*,#2863,.T.);
#1789=ORIENTED_EDGE('',*,*,#2867,.T.);
#1790=ORIENTED_EDGE('',*,*,#2870,.T.);
#1791=ORIENTED_EDGE('',*,*,#2873,.T.);
#1792=ORIENTED_EDGE('',*,*,#2876,.T.);
#1793=ORIENTED_EDGE('',*,*,#2878,.T.);
#1794=ORIENTED_EDGE('',*,*,#2569,.T.);
#1795=ORIENTED_EDGE('',*,*,#2766,.F.);
#1796=ORIENTED_EDGE('',*,*,#2778,.F.);
#1797=ORIENTED_EDGE('',*,*,#2776,.F.);
#1798=ORIENTED_EDGE('',*,*,#2885,.T.);
#1799=ORIENTED_EDGE('',*,*,#2782,.F.);
#1800=ORIENTED_EDGE('',*,*,#2780,.F.);
#1801=ORIENTED_EDGE('',*,*,#2792,.F.);
#1802=ORIENTED_EDGE('',*,*,#2886,.F.);
#1803=ORIENTED_EDGE('',*,*,#2528,.T.);
#1804=ORIENTED_EDGE('',*,*,#2887,.F.);
#1805=ORIENTED_EDGE('',*,*,#2888,.F.);
#1806=ORIENTED_EDGE('',*,*,#2566,.T.);
#1807=ORIENTED_EDGE('',*,*,#2886,.T.);
#1808=ORIENTED_EDGE('',*,*,#2539,.T.);
#1809=ORIENTED_EDGE('',*,*,#2567,.T.);
#1810=ORIENTED_EDGE('',*,*,#2547,.F.);
#1811=ORIENTED_EDGE('',*,*,#2885,.F.);
#1812=ORIENTED_EDGE('',*,*,#2556,.F.);
#1813=ORIENTED_EDGE('',*,*,#2889,.F.);
#1814=ORIENTED_EDGE('',*,*,#2890,.T.);
#1815=ORIENTED_EDGE('',*,*,#2891,.T.);
#1816=ORIENTED_EDGE('',*,*,#2549,.T.);
#1817=ORIENTED_EDGE('',*,*,#2888,.T.);
#1818=ORIENTED_EDGE('',*,*,#2892,.F.);
#1819=ORIENTED_EDGE('',*,*,#2889,.T.);
#1820=ORIENTED_EDGE('',*,*,#2555,.T.);
#1821=ORIENTED_EDGE('',*,*,#2893,.F.);
#1822=ORIENTED_EDGE('',*,*,#2894,.T.);
#1823=ORIENTED_EDGE('',*,*,#2769,.F.);
#1824=ORIENTED_EDGE('',*,*,#2895,.F.);
#1825=ORIENTED_EDGE('',*,*,#2773,.F.);
#1826=ORIENTED_EDGE('',*,*,#2771,.F.);
#1827=ORIENTED_EDGE('',*,*,#2530,.T.);
#1828=ORIENTED_EDGE('',*,*,#2538,.F.);
#1829=ORIENTED_EDGE('',*,*,#2896,.F.);
#1830=ORIENTED_EDGE('',*,*,#2562,.F.);
#1831=ORIENTED_EDGE('',*,*,#2897,.F.);
#1832=ORIENTED_EDGE('',*,*,#2898,.T.);
#1833=ORIENTED_EDGE('',*,*,#2785,.F.);
#1834=ORIENTED_EDGE('',*,*,#2896,.T.);
#1835=ORIENTED_EDGE('',*,*,#2789,.F.);
#1836=ORIENTED_EDGE('',*,*,#2787,.F.);
#1837=ORIENTED_EDGE('',*,*,#2577,.T.);
#1838=ORIENTED_EDGE('',*,*,#2899,.F.);
#1839=ORIENTED_EDGE('',*,*,#2900,.F.);
#1840=ORIENTED_EDGE('',*,*,#2560,.T.);
#1841=ORIENTED_EDGE('',*,*,#2895,.T.);
#1842=ORIENTED_EDGE('',*,*,#2543,.T.);
#1843=ORIENTED_EDGE('',*,*,#2897,.T.);
#1844=ORIENTED_EDGE('',*,*,#2561,.T.);
#1845=ORIENTED_EDGE('',*,*,#2900,.T.);
#1846=ORIENTED_EDGE('',*,*,#2901,.F.);
#1847=ORIENTED_EDGE('',*,*,#2551,.F.);
#1848=ORIENTED_EDGE('',*,*,#2902,.F.);
#1849=ORIENTED_EDGE('',*,*,#2903,.T.);
#1850=ORIENTED_EDGE('',*,*,#2644,.T.);
#1851=ORIENTED_EDGE('',*,*,#2553,.F.);
#1852=ORIENTED_EDGE('',*,*,#2646,.F.);
#1853=ORIENTED_EDGE('',*,*,#2904,.T.);
#1854=ORIENTED_EDGE('',*,*,#2905,.T.);
#1855=ORIENTED_EDGE('',*,*,#2550,.F.);
#1856=ORIENTED_EDGE('',*,*,#2891,.F.);
#1857=ORIENTED_EDGE('',*,*,#2906,.T.);
#1858=ORIENTED_EDGE('',*,*,#2902,.T.);
#1859=ORIENTED_EDGE('',*,*,#2554,.F.);
#1860=ORIENTED_EDGE('',*,*,#2905,.F.);
#1861=ORIENTED_EDGE('',*,*,#2907,.T.);
#1862=ORIENTED_EDGE('',*,*,#2893,.T.);
#1863=ORIENTED_EDGE('',*,*,#2906,.F.);
#1864=ORIENTED_EDGE('',*,*,#2894,.F.);
#1865=ORIENTED_EDGE('',*,*,#2907,.F.);
#1866=ORIENTED_EDGE('',*,*,#2904,.F.);
#1867=ORIENTED_EDGE('',*,*,#2645,.F.);
#1868=ORIENTED_EDGE('',*,*,#2903,.F.);
#1869=ORIENTED_EDGE('',*,*,#2908,.T.);
#1870=ORIENTED_EDGE('',*,*,#2814,.F.);
#1871=ORIENTED_EDGE('',*,*,#2535,.F.);
#1872=ORIENTED_EDGE('',*,*,#2861,.T.);
#1873=ORIENTED_EDGE('',*,*,#2846,.T.);
#1874=ORIENTED_EDGE('',*,*,#2860,.F.);
#1875=ORIENTED_EDGE('',*,*,#2531,.F.);
#1876=ORIENTED_EDGE('',*,*,#2898,.F.);
#1877=ORIENTED_EDGE('',*,*,#2901,.T.);
#1878=ORIENTED_EDGE('',*,*,#2899,.T.);
#1879=ORIENTED_EDGE('',*,*,#2576,.F.);
#1880=ORIENTED_EDGE('',*,*,#2837,.F.);
#1881=ORIENTED_EDGE('',*,*,#2834,.T.);
#1882=ORIENTED_EDGE('',*,*,#2838,.T.);
#1883=ORIENTED_EDGE('',*,*,#2572,.F.);
#1884=ORIENTED_EDGE('',*,*,#2883,.F.);
#1885=ORIENTED_EDGE('',*,*,#2880,.T.);
#1886=ORIENTED_EDGE('',*,*,#2884,.T.);
#1887=ORIENTED_EDGE('',*,*,#2568,.F.);
#1888=ORIENTED_EDGE('',*,*,#2890,.F.);
#1889=ORIENTED_EDGE('',*,*,#2892,.T.);
#1890=ORIENTED_EDGE('',*,*,#2887,.T.);
#1891=ORIENTED_EDGE('',*,*,#2527,.F.);
#1892=ORIENTED_EDGE('',*,*,#2815,.T.);
#1893=ORIENTED_EDGE('',*,*,#2800,.T.);
#1894=ORIENTED_EDGE('',*,*,#2909,.F.);
#1895=ORIENTED_EDGE('',*,*,#2910,.F.);
#1896=ORIENTED_EDGE('',*,*,#2911,.F.);
#1897=ORIENTED_EDGE('',*,*,#2912,.F.);
#1898=ORIENTED_EDGE('',*,*,#2913,.T.);
#1899=ORIENTED_EDGE('',*,*,#2914,.T.);
#1900=ORIENTED_EDGE('',*,*,#2915,.T.);
#1901=ORIENTED_EDGE('',*,*,#2916,.T.);
#1902=ORIENTED_EDGE('',*,*,#2917,.T.);
#1903=ORIENTED_EDGE('',*,*,#2918,.T.);
#1904=ORIENTED_EDGE('',*,*,#2919,.T.);
#1905=ORIENTED_EDGE('',*,*,#2920,.T.);
#1906=ORIENTED_EDGE('',*,*,#2921,.T.);
#1907=ORIENTED_EDGE('',*,*,#2922,.T.);
#1908=ORIENTED_EDGE('',*,*,#2923,.T.);
#1909=ORIENTED_EDGE('',*,*,#2924,.T.);
#1910=ORIENTED_EDGE('',*,*,#2925,.T.);
#1911=ORIENTED_EDGE('',*,*,#2926,.T.);
#1912=ORIENTED_EDGE('',*,*,#2927,.T.);
#1913=ORIENTED_EDGE('',*,*,#2928,.T.);
#1914=ORIENTED_EDGE('',*,*,#2929,.T.);
#1915=ORIENTED_EDGE('',*,*,#2930,.T.);
#1916=ORIENTED_EDGE('',*,*,#2931,.T.);
#1917=ORIENTED_EDGE('',*,*,#2932,.T.);
#1918=ORIENTED_EDGE('',*,*,#2933,.T.);
#1919=ORIENTED_EDGE('',*,*,#2934,.T.);
#1920=ORIENTED_EDGE('',*,*,#2935,.T.);
#1921=ORIENTED_EDGE('',*,*,#2936,.T.);
#1922=ORIENTED_EDGE('',*,*,#2937,.T.);
#1923=ORIENTED_EDGE('',*,*,#2938,.T.);
#1924=ORIENTED_EDGE('',*,*,#2939,.T.);
#1925=ORIENTED_EDGE('',*,*,#2940,.T.);
#1926=ORIENTED_EDGE('',*,*,#2941,.T.);
#1927=ORIENTED_EDGE('',*,*,#2942,.T.);
#1928=ORIENTED_EDGE('',*,*,#2943,.T.);
#1929=ORIENTED_EDGE('',*,*,#2944,.T.);
#1930=ORIENTED_EDGE('',*,*,#2945,.F.);
#1931=ORIENTED_EDGE('',*,*,#2946,.F.);
#1932=ORIENTED_EDGE('',*,*,#2947,.T.);
#1933=ORIENTED_EDGE('',*,*,#2948,.F.);
#1934=ORIENTED_EDGE('',*,*,#2949,.T.);
#1935=ORIENTED_EDGE('',*,*,#2950,.T.);
#1936=ORIENTED_EDGE('',*,*,#2951,.T.);
#1937=ORIENTED_EDGE('',*,*,#2952,.T.);
#1938=ORIENTED_EDGE('',*,*,#2953,.T.);
#1939=ORIENTED_EDGE('',*,*,#2954,.T.);
#1940=ORIENTED_EDGE('',*,*,#2955,.T.);
#1941=ORIENTED_EDGE('',*,*,#2956,.T.);
#1942=ORIENTED_EDGE('',*,*,#2908,.F.);
#1943=ORIENTED_EDGE('',*,*,#2951,.F.);
#1944=ORIENTED_EDGE('',*,*,#2957,.F.);
#1945=ORIENTED_EDGE('',*,*,#2958,.T.);
#1946=ORIENTED_EDGE('',*,*,#2959,.T.);
#1947=ORIENTED_EDGE('',*,*,#2952,.F.);
#1948=ORIENTED_EDGE('',*,*,#2959,.F.);
#1949=ORIENTED_EDGE('',*,*,#2960,.T.);
#1950=ORIENTED_EDGE('',*,*,#2961,.T.);
#1951=ORIENTED_EDGE('',*,*,#2953,.F.);
#1952=ORIENTED_EDGE('',*,*,#2961,.F.);
#1953=ORIENTED_EDGE('',*,*,#2962,.T.);
#1954=ORIENTED_EDGE('',*,*,#2963,.T.);
#1955=ORIENTED_EDGE('',*,*,#2954,.F.);
#1956=ORIENTED_EDGE('',*,*,#2963,.F.);
#1957=ORIENTED_EDGE('',*,*,#2964,.T.);
#1958=ORIENTED_EDGE('',*,*,#2965,.T.);
#1959=ORIENTED_EDGE('',*,*,#2955,.F.);
#1960=ORIENTED_EDGE('',*,*,#2965,.F.);
#1961=ORIENTED_EDGE('',*,*,#2966,.T.);
#1962=ORIENTED_EDGE('',*,*,#2967,.T.);
#1963=ORIENTED_EDGE('',*,*,#2956,.F.);
#1964=ORIENTED_EDGE('',*,*,#2967,.F.);
#1965=ORIENTED_EDGE('',*,*,#2968,.T.);
#1966=ORIENTED_EDGE('',*,*,#2969,.T.);
#1967=ORIENTED_EDGE('',*,*,#2950,.F.);
#1968=ORIENTED_EDGE('',*,*,#2969,.F.);
#1969=ORIENTED_EDGE('',*,*,#2970,.T.);
#1970=ORIENTED_EDGE('',*,*,#2957,.T.);
#1971=ORIENTED_EDGE('',*,*,#2958,.F.);
#1972=ORIENTED_EDGE('',*,*,#2970,.F.);
#1973=ORIENTED_EDGE('',*,*,#2968,.F.);
#1974=ORIENTED_EDGE('',*,*,#2966,.F.);
#1975=ORIENTED_EDGE('',*,*,#2964,.F.);
#1976=ORIENTED_EDGE('',*,*,#2962,.F.);
#1977=ORIENTED_EDGE('',*,*,#2960,.F.);
#1978=ORIENTED_EDGE('',*,*,#2937,.F.);
#1979=ORIENTED_EDGE('',*,*,#2971,.F.);
#1980=ORIENTED_EDGE('',*,*,#2972,.T.);
#1981=ORIENTED_EDGE('',*,*,#2973,.T.);
#1982=ORIENTED_EDGE('',*,*,#2938,.F.);
#1983=ORIENTED_EDGE('',*,*,#2973,.F.);
#1984=ORIENTED_EDGE('',*,*,#2974,.T.);
#1985=ORIENTED_EDGE('',*,*,#2975,.T.);
#1986=ORIENTED_EDGE('',*,*,#2939,.F.);
#1987=ORIENTED_EDGE('',*,*,#2975,.F.);
#1988=ORIENTED_EDGE('',*,*,#2976,.T.);
#1989=ORIENTED_EDGE('',*,*,#2977,.T.);
#1990=ORIENTED_EDGE('',*,*,#2940,.F.);
#1991=ORIENTED_EDGE('',*,*,#2977,.F.);
#1992=ORIENTED_EDGE('',*,*,#2978,.T.);
#1993=ORIENTED_EDGE('',*,*,#2979,.T.);
#1994=ORIENTED_EDGE('',*,*,#2941,.F.);
#1995=ORIENTED_EDGE('',*,*,#2979,.F.);
#1996=ORIENTED_EDGE('',*,*,#2980,.T.);
#1997=ORIENTED_EDGE('',*,*,#2981,.T.);
#1998=ORIENTED_EDGE('',*,*,#2942,.F.);
#1999=ORIENTED_EDGE('',*,*,#2981,.F.);
#2000=ORIENTED_EDGE('',*,*,#2982,.T.);
#2001=ORIENTED_EDGE('',*,*,#2983,.T.);
#2002=ORIENTED_EDGE('',*,*,#2943,.F.);
#2003=ORIENTED_EDGE('',*,*,#2983,.F.);
#2004=ORIENTED_EDGE('',*,*,#2984,.T.);
#2005=ORIENTED_EDGE('',*,*,#2985,.T.);
#2006=ORIENTED_EDGE('',*,*,#2944,.F.);
#2007=ORIENTED_EDGE('',*,*,#2985,.F.);
#2008=ORIENTED_EDGE('',*,*,#2986,.T.);
#2009=ORIENTED_EDGE('',*,*,#2987,.T.);
#2010=ORIENTED_EDGE('',*,*,#2945,.T.);
#2011=ORIENTED_EDGE('',*,*,#2987,.F.);
#2012=ORIENTED_EDGE('',*,*,#2988,.F.);
#2013=ORIENTED_EDGE('',*,*,#2989,.T.);
#2014=ORIENTED_EDGE('',*,*,#2946,.T.);
#2015=ORIENTED_EDGE('',*,*,#2989,.F.);
#2016=ORIENTED_EDGE('',*,*,#2990,.F.);
#2017=ORIENTED_EDGE('',*,*,#2991,.T.);
#2018=ORIENTED_EDGE('',*,*,#2947,.F.);
#2019=ORIENTED_EDGE('',*,*,#2991,.F.);
#2020=ORIENTED_EDGE('',*,*,#2992,.T.);
#2021=ORIENTED_EDGE('',*,*,#2993,.T.);
#2022=ORIENTED_EDGE('',*,*,#2948,.T.);
#2023=ORIENTED_EDGE('',*,*,#2993,.F.);
#2024=ORIENTED_EDGE('',*,*,#2994,.F.);
#2025=ORIENTED_EDGE('',*,*,#2995,.T.);
#2026=ORIENTED_EDGE('',*,*,#2949,.F.);
#2027=ORIENTED_EDGE('',*,*,#2995,.F.);
#2028=ORIENTED_EDGE('',*,*,#2996,.T.);
#2029=ORIENTED_EDGE('',*,*,#2997,.T.);
#2030=ORIENTED_EDGE('',*,*,#2936,.F.);
#2031=ORIENTED_EDGE('',*,*,#2997,.F.);
#2032=ORIENTED_EDGE('',*,*,#2998,.T.);
#2033=ORIENTED_EDGE('',*,*,#2971,.T.);
#2034=ORIENTED_EDGE('',*,*,#2972,.F.);
#2035=ORIENTED_EDGE('',*,*,#2998,.F.);
#2036=ORIENTED_EDGE('',*,*,#2996,.F.);
#2037=ORIENTED_EDGE('',*,*,#2994,.T.);
#2038=ORIENTED_EDGE('',*,*,#2992,.F.);
#2039=ORIENTED_EDGE('',*,*,#2990,.T.);
#2040=ORIENTED_EDGE('',*,*,#2988,.T.);
#2041=ORIENTED_EDGE('',*,*,#2986,.F.);
#2042=ORIENTED_EDGE('',*,*,#2984,.F.);
#2043=ORIENTED_EDGE('',*,*,#2982,.F.);
#2044=ORIENTED_EDGE('',*,*,#2980,.F.);
#2045=ORIENTED_EDGE('',*,*,#2978,.F.);
#2046=ORIENTED_EDGE('',*,*,#2976,.F.);
#2047=ORIENTED_EDGE('',*,*,#2974,.F.);
#2048=ORIENTED_EDGE('',*,*,#2929,.F.);
#2049=ORIENTED_EDGE('',*,*,#2999,.F.);
#2050=ORIENTED_EDGE('',*,*,#3000,.T.);
#2051=ORIENTED_EDGE('',*,*,#3001,.T.);
#2052=ORIENTED_EDGE('',*,*,#2930,.F.);
#2053=ORIENTED_EDGE('',*,*,#3001,.F.);
#2054=ORIENTED_EDGE('',*,*,#3002,.T.);
#2055=ORIENTED_EDGE('',*,*,#3003,.T.);
#2056=ORIENTED_EDGE('',*,*,#2931,.F.);
#2057=ORIENTED_EDGE('',*,*,#3003,.F.);
#2058=ORIENTED_EDGE('',*,*,#3004,.T.);
#2059=ORIENTED_EDGE('',*,*,#3005,.T.);
#2060=ORIENTED_EDGE('',*,*,#2932,.F.);
#2061=ORIENTED_EDGE('',*,*,#3005,.F.);
#2062=ORIENTED_EDGE('',*,*,#3006,.T.);
#2063=ORIENTED_EDGE('',*,*,#3007,.T.);
#2064=ORIENTED_EDGE('',*,*,#2933,.F.);
#2065=ORIENTED_EDGE('',*,*,#3007,.F.);
#2066=ORIENTED_EDGE('',*,*,#3008,.T.);
#2067=ORIENTED_EDGE('',*,*,#3009,.T.);
#2068=ORIENTED_EDGE('',*,*,#2934,.F.);
#2069=ORIENTED_EDGE('',*,*,#3009,.F.);
#2070=ORIENTED_EDGE('',*,*,#3010,.T.);
#2071=ORIENTED_EDGE('',*,*,#3011,.T.);
#2072=ORIENTED_EDGE('',*,*,#2935,.F.);
#2073=ORIENTED_EDGE('',*,*,#3011,.F.);
#2074=ORIENTED_EDGE('',*,*,#3012,.T.);
#2075=ORIENTED_EDGE('',*,*,#3013,.T.);
#2076=ORIENTED_EDGE('',*,*,#3014,.T.);
#2077=ORIENTED_EDGE('',*,*,#3015,.F.);
#2078=ORIENTED_EDGE('',*,*,#3016,.F.);
#2079=ORIENTED_EDGE('',*,*,#3017,.T.);
#2080=ORIENTED_EDGE('',*,*,#3018,.T.);
#2081=ORIENTED_EDGE('',*,*,#3017,.F.);
#2082=ORIENTED_EDGE('',*,*,#3019,.F.);
#2083=ORIENTED_EDGE('',*,*,#3020,.T.);
#2084=ORIENTED_EDGE('',*,*,#3021,.T.);
#2085=ORIENTED_EDGE('',*,*,#3020,.F.);
#2086=ORIENTED_EDGE('',*,*,#3022,.F.);
#2087=ORIENTED_EDGE('',*,*,#3015,.T.);
#2088=ORIENTED_EDGE('',*,*,#2928,.F.);
#2089=ORIENTED_EDGE('',*,*,#3013,.F.);
#2090=ORIENTED_EDGE('',*,*,#3023,.T.);
#2091=ORIENTED_EDGE('',*,*,#2999,.T.);
#2092=ORIENTED_EDGE('',*,*,#3016,.T.);
#2093=ORIENTED_EDGE('',*,*,#3022,.T.);
#2094=ORIENTED_EDGE('',*,*,#3019,.T.);
#2095=ORIENTED_EDGE('',*,*,#3000,.F.);
#2096=ORIENTED_EDGE('',*,*,#3023,.F.);
#2097=ORIENTED_EDGE('',*,*,#3012,.F.);
#2098=ORIENTED_EDGE('',*,*,#3010,.F.);
#2099=ORIENTED_EDGE('',*,*,#3008,.F.);
#2100=ORIENTED_EDGE('',*,*,#3006,.F.);
#2101=ORIENTED_EDGE('',*,*,#3004,.F.);
#2102=ORIENTED_EDGE('',*,*,#3002,.F.);
#2103=ORIENTED_EDGE('',*,*,#3014,.F.);
#2104=ORIENTED_EDGE('',*,*,#3018,.F.);
#2105=ORIENTED_EDGE('',*,*,#3021,.F.);
#2106=ORIENTED_EDGE('',*,*,#2924,.F.);
#2107=ORIENTED_EDGE('',*,*,#3024,.F.);
#2108=ORIENTED_EDGE('',*,*,#3025,.T.);
#2109=ORIENTED_EDGE('',*,*,#3026,.T.);
#2110=ORIENTED_EDGE('',*,*,#2925,.F.);
#2111=ORIENTED_EDGE('',*,*,#3026,.F.);
#2112=ORIENTED_EDGE('',*,*,#3027,.T.);
#2113=ORIENTED_EDGE('',*,*,#3028,.T.);
#2114=ORIENTED_EDGE('',*,*,#2926,.F.);
#2115=ORIENTED_EDGE('',*,*,#3028,.F.);
#2116=ORIENTED_EDGE('',*,*,#3029,.T.);
#2117=ORIENTED_EDGE('',*,*,#3030,.T.);
#2118=ORIENTED_EDGE('',*,*,#2927,.F.);
#2119=ORIENTED_EDGE('',*,*,#3030,.F.);
#2120=ORIENTED_EDGE('',*,*,#3031,.T.);
#2121=ORIENTED_EDGE('',*,*,#3032,.T.);
#2122=ORIENTED_EDGE('',*,*,#3033,.T.);
#2123=ORIENTED_EDGE('',*,*,#3034,.F.);
#2124=ORIENTED_EDGE('',*,*,#3035,.F.);
#2125=ORIENTED_EDGE('',*,*,#3036,.T.);
#2126=ORIENTED_EDGE('',*,*,#3037,.T.);
#2127=ORIENTED_EDGE('',*,*,#3036,.F.);
#2128=ORIENTED_EDGE('',*,*,#3038,.F.);
#2129=ORIENTED_EDGE('',*,*,#3039,.T.);
#2130=ORIENTED_EDGE('',*,*,#3040,.T.);
#2131=ORIENTED_EDGE('',*,*,#3039,.F.);
#2132=ORIENTED_EDGE('',*,*,#3041,.F.);
#2133=ORIENTED_EDGE('',*,*,#3042,.T.);
#2134=ORIENTED_EDGE('',*,*,#3043,.T.);
#2135=ORIENTED_EDGE('',*,*,#3044,.F.);
#2136=ORIENTED_EDGE('',*,*,#3045,.F.);
#2137=ORIENTED_EDGE('',*,*,#3046,.T.);
#2138=ORIENTED_EDGE('',*,*,#3047,.T.);
#2139=ORIENTED_EDGE('',*,*,#3046,.F.);
#2140=ORIENTED_EDGE('',*,*,#3048,.F.);
#2141=ORIENTED_EDGE('',*,*,#3049,.T.);
#2142=ORIENTED_EDGE('',*,*,#3050,.T.);
#2143=ORIENTED_EDGE('',*,*,#3049,.F.);
#2144=ORIENTED_EDGE('',*,*,#3051,.F.);
#2145=ORIENTED_EDGE('',*,*,#3052,.T.);
#2146=ORIENTED_EDGE('',*,*,#3053,.T.);
#2147=ORIENTED_EDGE('',*,*,#3042,.F.);
#2148=ORIENTED_EDGE('',*,*,#3054,.F.);
#2149=ORIENTED_EDGE('',*,*,#3034,.T.);
#2150=ORIENTED_EDGE('',*,*,#3055,.T.);
#2151=ORIENTED_EDGE('',*,*,#3052,.F.);
#2152=ORIENTED_EDGE('',*,*,#3056,.F.);
#2153=ORIENTED_EDGE('',*,*,#3044,.T.);
#2154=ORIENTED_EDGE('',*,*,#2923,.F.);
#2155=ORIENTED_EDGE('',*,*,#3032,.F.);
#2156=ORIENTED_EDGE('',*,*,#3057,.T.);
#2157=ORIENTED_EDGE('',*,*,#3024,.T.);
#2158=ORIENTED_EDGE('',*,*,#3045,.T.);
#2159=ORIENTED_EDGE('',*,*,#3056,.T.);
#2160=ORIENTED_EDGE('',*,*,#3051,.T.);
#2161=ORIENTED_EDGE('',*,*,#3048,.T.);
#2162=ORIENTED_EDGE('',*,*,#3035,.T.);
#2163=ORIENTED_EDGE('',*,*,#3054,.T.);
#2164=ORIENTED_EDGE('',*,*,#3041,.T.);
#2165=ORIENTED_EDGE('',*,*,#3038,.T.);
#2166=ORIENTED_EDGE('',*,*,#3025,.F.);
#2167=ORIENTED_EDGE('',*,*,#3057,.F.);
#2168=ORIENTED_EDGE('',*,*,#3031,.F.);
#2169=ORIENTED_EDGE('',*,*,#3029,.F.);
#2170=ORIENTED_EDGE('',*,*,#3027,.F.);
#2171=ORIENTED_EDGE('',*,*,#3043,.F.);
#2172=ORIENTED_EDGE('',*,*,#3047,.F.);
#2173=ORIENTED_EDGE('',*,*,#3050,.F.);
#2174=ORIENTED_EDGE('',*,*,#3055,.F.);
#2175=ORIENTED_EDGE('',*,*,#3033,.F.);
#2176=ORIENTED_EDGE('',*,*,#3037,.F.);
#2177=ORIENTED_EDGE('',*,*,#3040,.F.);
#2178=ORIENTED_EDGE('',*,*,#3053,.F.);
#2179=ORIENTED_EDGE('',*,*,#2510,.F.);
#2180=ORIENTED_EDGE('',*,*,#2717,.T.);
#2181=ORIENTED_EDGE('',*,*,#2512,.T.);
#2182=ORIENTED_EDGE('',*,*,#3058,.F.);
#2183=ORIENTED_EDGE('',*,*,#3059,.F.);
#2184=ORIENTED_EDGE('',*,*,#3060,.T.);
#2185=ORIENTED_EDGE('',*,*,#2511,.T.);
#2186=ORIENTED_EDGE('',*,*,#3061,.F.);
#2187=ORIENTED_EDGE('',*,*,#3062,.F.);
#2188=ORIENTED_EDGE('',*,*,#3058,.T.);
#2189=ORIENTED_EDGE('',*,*,#2517,.T.);
#2190=ORIENTED_EDGE('',*,*,#3063,.F.);
#2191=ORIENTED_EDGE('',*,*,#3064,.F.);
#2192=ORIENTED_EDGE('',*,*,#3061,.T.);
#2193=ORIENTED_EDGE('',*,*,#2516,.T.);
#2194=ORIENTED_EDGE('',*,*,#3065,.F.);
#2195=ORIENTED_EDGE('',*,*,#3066,.F.);
#2196=ORIENTED_EDGE('',*,*,#3063,.T.);
#2197=ORIENTED_EDGE('',*,*,#2515,.T.);
#2198=ORIENTED_EDGE('',*,*,#3067,.F.);
#2199=ORIENTED_EDGE('',*,*,#3068,.F.);
#2200=ORIENTED_EDGE('',*,*,#3065,.T.);
#2201=ORIENTED_EDGE('',*,*,#2514,.T.);
#2202=ORIENTED_EDGE('',*,*,#3069,.F.);
#2203=ORIENTED_EDGE('',*,*,#3070,.F.);
#2204=ORIENTED_EDGE('',*,*,#3067,.T.);
#2205=ORIENTED_EDGE('',*,*,#2513,.T.);
#2206=ORIENTED_EDGE('',*,*,#3060,.F.);
#2207=ORIENTED_EDGE('',*,*,#3071,.F.);
#2208=ORIENTED_EDGE('',*,*,#3069,.T.);
#2209=ORIENTED_EDGE('',*,*,#3059,.T.);
#2210=ORIENTED_EDGE('',*,*,#3062,.T.);
#2211=ORIENTED_EDGE('',*,*,#3064,.T.);
#2212=ORIENTED_EDGE('',*,*,#3066,.T.);
#2213=ORIENTED_EDGE('',*,*,#3068,.T.);
#2214=ORIENTED_EDGE('',*,*,#3070,.T.);
#2215=ORIENTED_EDGE('',*,*,#3071,.T.);
#2216=ORIENTED_EDGE('',*,*,#2497,.T.);
#2217=ORIENTED_EDGE('',*,*,#3072,.F.);
#2218=ORIENTED_EDGE('',*,*,#3073,.F.);
#2219=ORIENTED_EDGE('',*,*,#3074,.T.);
#2220=ORIENTED_EDGE('',*,*,#2496,.T.);
#2221=ORIENTED_EDGE('',*,*,#3075,.F.);
#2222=ORIENTED_EDGE('',*,*,#3076,.F.);
#2223=ORIENTED_EDGE('',*,*,#3072,.T.);
#2224=ORIENTED_EDGE('',*,*,#2509,.F.);
#2225=ORIENTED_EDGE('',*,*,#3077,.F.);
#2226=ORIENTED_EDGE('',*,*,#3078,.T.);
#2227=ORIENTED_EDGE('',*,*,#3075,.T.);
#2228=ORIENTED_EDGE('',*,*,#2508,.T.);
#2229=ORIENTED_EDGE('',*,*,#3079,.F.);
#2230=ORIENTED_EDGE('',*,*,#3080,.F.);
#2231=ORIENTED_EDGE('',*,*,#3077,.T.);
#2232=ORIENTED_EDGE('',*,*,#2507,.F.);
#2233=ORIENTED_EDGE('',*,*,#3081,.F.);
#2234=ORIENTED_EDGE('',*,*,#3082,.T.);
#2235=ORIENTED_EDGE('',*,*,#3079,.T.);
#2236=ORIENTED_EDGE('',*,*,#2506,.F.);
#2237=ORIENTED_EDGE('',*,*,#3083,.F.);
#2238=ORIENTED_EDGE('',*,*,#3084,.T.);
#2239=ORIENTED_EDGE('',*,*,#3081,.T.);
#2240=ORIENTED_EDGE('',*,*,#2505,.T.);
#2241=ORIENTED_EDGE('',*,*,#3085,.F.);
#2242=ORIENTED_EDGE('',*,*,#3086,.F.);
#2243=ORIENTED_EDGE('',*,*,#3083,.T.);
#2244=ORIENTED_EDGE('',*,*,#2504,.T.);
#2245=ORIENTED_EDGE('',*,*,#3087,.F.);
#2246=ORIENTED_EDGE('',*,*,#3088,.F.);
#2247=ORIENTED_EDGE('',*,*,#3085,.T.);
#2248=ORIENTED_EDGE('',*,*,#2503,.T.);
#2249=ORIENTED_EDGE('',*,*,#3089,.F.);
#2250=ORIENTED_EDGE('',*,*,#3090,.F.);
#2251=ORIENTED_EDGE('',*,*,#3087,.T.);
#2252=ORIENTED_EDGE('',*,*,#2502,.T.);
#2253=ORIENTED_EDGE('',*,*,#3091,.F.);
#2254=ORIENTED_EDGE('',*,*,#3092,.F.);
#2255=ORIENTED_EDGE('',*,*,#3089,.T.);
#2256=ORIENTED_EDGE('',*,*,#2501,.T.);
#2257=ORIENTED_EDGE('',*,*,#3093,.F.);
#2258=ORIENTED_EDGE('',*,*,#3094,.F.);
#2259=ORIENTED_EDGE('',*,*,#3091,.T.);
#2260=ORIENTED_EDGE('',*,*,#2500,.T.);
#2261=ORIENTED_EDGE('',*,*,#3095,.F.);
#2262=ORIENTED_EDGE('',*,*,#3096,.F.);
#2263=ORIENTED_EDGE('',*,*,#3093,.T.);
#2264=ORIENTED_EDGE('',*,*,#2499,.T.);
#2265=ORIENTED_EDGE('',*,*,#3097,.F.);
#2266=ORIENTED_EDGE('',*,*,#3098,.F.);
#2267=ORIENTED_EDGE('',*,*,#3095,.T.);
#2268=ORIENTED_EDGE('',*,*,#2498,.T.);
#2269=ORIENTED_EDGE('',*,*,#3074,.F.);
#2270=ORIENTED_EDGE('',*,*,#3099,.F.);
#2271=ORIENTED_EDGE('',*,*,#3097,.T.);
#2272=ORIENTED_EDGE('',*,*,#3073,.T.);
#2273=ORIENTED_EDGE('',*,*,#3076,.T.);
#2274=ORIENTED_EDGE('',*,*,#3078,.F.);
#2275=ORIENTED_EDGE('',*,*,#3080,.T.);
#2276=ORIENTED_EDGE('',*,*,#3082,.F.);
#2277=ORIENTED_EDGE('',*,*,#3084,.F.);
#2278=ORIENTED_EDGE('',*,*,#3086,.T.);
#2279=ORIENTED_EDGE('',*,*,#3088,.T.);
#2280=ORIENTED_EDGE('',*,*,#3090,.T.);
#2281=ORIENTED_EDGE('',*,*,#3092,.T.);
#2282=ORIENTED_EDGE('',*,*,#3094,.T.);
#2283=ORIENTED_EDGE('',*,*,#3096,.T.);
#2284=ORIENTED_EDGE('',*,*,#3098,.T.);
#2285=ORIENTED_EDGE('',*,*,#3099,.T.);
#2286=ORIENTED_EDGE('',*,*,#2492,.T.);
#2287=ORIENTED_EDGE('',*,*,#3100,.F.);
#2288=ORIENTED_EDGE('',*,*,#3101,.F.);
#2289=ORIENTED_EDGE('',*,*,#3102,.T.);
#2290=ORIENTED_EDGE('',*,*,#2491,.T.);
#2291=ORIENTED_EDGE('',*,*,#3103,.F.);
#2292=ORIENTED_EDGE('',*,*,#3104,.F.);
#2293=ORIENTED_EDGE('',*,*,#3100,.T.);
#2294=ORIENTED_EDGE('',*,*,#2495,.T.);
#2295=ORIENTED_EDGE('',*,*,#3105,.F.);
#2296=ORIENTED_EDGE('',*,*,#3106,.F.);
#2297=ORIENTED_EDGE('',*,*,#3103,.T.);
#2298=ORIENTED_EDGE('',*,*,#2494,.T.);
#2299=ORIENTED_EDGE('',*,*,#3107,.F.);
#2300=ORIENTED_EDGE('',*,*,#3108,.F.);
#2301=ORIENTED_EDGE('',*,*,#3105,.T.);
#2302=ORIENTED_EDGE('',*,*,#3109,.F.);
#2303=ORIENTED_EDGE('',*,*,#3110,.F.);
#2304=ORIENTED_EDGE('',*,*,#3111,.T.);
#2305=ORIENTED_EDGE('',*,*,#3112,.T.);
#2306=ORIENTED_EDGE('',*,*,#3113,.F.);
#2307=ORIENTED_EDGE('',*,*,#3114,.F.);
#2308=ORIENTED_EDGE('',*,*,#3115,.T.);
#2309=ORIENTED_EDGE('',*,*,#3110,.T.);
#2310=ORIENTED_EDGE('',*,*,#3116,.F.);
#2311=ORIENTED_EDGE('',*,*,#3117,.F.);
#2312=ORIENTED_EDGE('',*,*,#3118,.T.);
#2313=ORIENTED_EDGE('',*,*,#3114,.T.);
#2314=ORIENTED_EDGE('',*,*,#3119,.F.);
#2315=ORIENTED_EDGE('',*,*,#3120,.F.);
#2316=ORIENTED_EDGE('',*,*,#3121,.T.);
#2317=ORIENTED_EDGE('',*,*,#3122,.T.);
#2318=ORIENTED_EDGE('',*,*,#3123,.F.);
#2319=ORIENTED_EDGE('',*,*,#3124,.F.);
#2320=ORIENTED_EDGE('',*,*,#3125,.T.);
#2321=ORIENTED_EDGE('',*,*,#3120,.T.);
#2322=ORIENTED_EDGE('',*,*,#3126,.F.);
#2323=ORIENTED_EDGE('',*,*,#3127,.F.);
#2324=ORIENTED_EDGE('',*,*,#3128,.T.);
#2325=ORIENTED_EDGE('',*,*,#3124,.T.);
#2326=ORIENTED_EDGE('',*,*,#3129,.F.);
#2327=ORIENTED_EDGE('',*,*,#3112,.F.);
#2328=ORIENTED_EDGE('',*,*,#3130,.T.);
#2329=ORIENTED_EDGE('',*,*,#3117,.T.);
#2330=ORIENTED_EDGE('',*,*,#3131,.F.);
#2331=ORIENTED_EDGE('',*,*,#3122,.F.);
#2332=ORIENTED_EDGE('',*,*,#3132,.T.);
#2333=ORIENTED_EDGE('',*,*,#3127,.T.);
#2334=ORIENTED_EDGE('',*,*,#2493,.T.);
#2335=ORIENTED_EDGE('',*,*,#3102,.F.);
#2336=ORIENTED_EDGE('',*,*,#3133,.F.);
#2337=ORIENTED_EDGE('',*,*,#3107,.T.);
#2338=ORIENTED_EDGE('',*,*,#3121,.F.);
#2339=ORIENTED_EDGE('',*,*,#3125,.F.);
#2340=ORIENTED_EDGE('',*,*,#3128,.F.);
#2341=ORIENTED_EDGE('',*,*,#3132,.F.);
#2342=ORIENTED_EDGE('',*,*,#3111,.F.);
#2343=ORIENTED_EDGE('',*,*,#3115,.F.);
#2344=ORIENTED_EDGE('',*,*,#3118,.F.);
#2345=ORIENTED_EDGE('',*,*,#3130,.F.);
#2346=ORIENTED_EDGE('',*,*,#3101,.T.);
#2347=ORIENTED_EDGE('',*,*,#3104,.T.);
#2348=ORIENTED_EDGE('',*,*,#3106,.T.);
#2349=ORIENTED_EDGE('',*,*,#3108,.T.);
#2350=ORIENTED_EDGE('',*,*,#3133,.T.);
#2351=ORIENTED_EDGE('',*,*,#3119,.T.);
#2352=ORIENTED_EDGE('',*,*,#3131,.T.);
#2353=ORIENTED_EDGE('',*,*,#3126,.T.);
#2354=ORIENTED_EDGE('',*,*,#3123,.T.);
#2355=ORIENTED_EDGE('',*,*,#3109,.T.);
#2356=ORIENTED_EDGE('',*,*,#3129,.T.);
#2357=ORIENTED_EDGE('',*,*,#3116,.T.);
#2358=ORIENTED_EDGE('',*,*,#3113,.T.);
#2359=ORIENTED_EDGE('',*,*,#2519,.T.);
#2360=ORIENTED_EDGE('',*,*,#3134,.F.);
#2361=ORIENTED_EDGE('',*,*,#3135,.F.);
#2362=ORIENTED_EDGE('',*,*,#3136,.T.);
#2363=ORIENTED_EDGE('',*,*,#2518,.T.);
#2364=ORIENTED_EDGE('',*,*,#3137,.F.);
#2365=ORIENTED_EDGE('',*,*,#3138,.F.);
#2366=ORIENTED_EDGE('',*,*,#3134,.T.);
#2367=ORIENTED_EDGE('',*,*,#2525,.T.);
#2368=ORIENTED_EDGE('',*,*,#3139,.F.);
#2369=ORIENTED_EDGE('',*,*,#3140,.F.);
#2370=ORIENTED_EDGE('',*,*,#3137,.T.);
#2371=ORIENTED_EDGE('',*,*,#2524,.T.);
#2372=ORIENTED_EDGE('',*,*,#3141,.F.);
#2373=ORIENTED_EDGE('',*,*,#3142,.F.);
#2374=ORIENTED_EDGE('',*,*,#3139,.T.);
#2375=ORIENTED_EDGE('',*,*,#2523,.T.);
#2376=ORIENTED_EDGE('',*,*,#3143,.F.);
#2377=ORIENTED_EDGE('',*,*,#3144,.F.);
#2378=ORIENTED_EDGE('',*,*,#3141,.T.);
#2379=ORIENTED_EDGE('',*,*,#2522,.T.);
#2380=ORIENTED_EDGE('',*,*,#3145,.F.);
#2381=ORIENTED_EDGE('',*,*,#3146,.F.);
#2382=ORIENTED_EDGE('',*,*,#3143,.T.);
#2383=ORIENTED_EDGE('',*,*,#2521,.T.);
#2384=ORIENTED_EDGE('',*,*,#3147,.F.);
#2385=ORIENTED_EDGE('',*,*,#3148,.F.);
#2386=ORIENTED_EDGE('',*,*,#3145,.T.);
#2387=ORIENTED_EDGE('',*,*,#3149,.F.);
#2388=ORIENTED_EDGE('',*,*,#3150,.F.);
#2389=ORIENTED_EDGE('',*,*,#3151,.T.);
#2390=ORIENTED_EDGE('',*,*,#3152,.T.);
#2391=ORIENTED_EDGE('',*,*,#3153,.F.);
#2392=ORIENTED_EDGE('',*,*,#3154,.F.);
#2393=ORIENTED_EDGE('',*,*,#3155,.T.);
#2394=ORIENTED_EDGE('',*,*,#3150,.T.);
#2395=ORIENTED_EDGE('',*,*,#3156,.F.);
#2396=ORIENTED_EDGE('',*,*,#3152,.F.);
#2397=ORIENTED_EDGE('',*,*,#3157,.T.);
#2398=ORIENTED_EDGE('',*,*,#3154,.T.);
#2399=ORIENTED_EDGE('',*,*,#2520,.T.);
#2400=ORIENTED_EDGE('',*,*,#3136,.F.);
#2401=ORIENTED_EDGE('',*,*,#3158,.F.);
#2402=ORIENTED_EDGE('',*,*,#3147,.T.);
#2403=ORIENTED_EDGE('',*,*,#3151,.F.);
#2404=ORIENTED_EDGE('',*,*,#3155,.F.);
#2405=ORIENTED_EDGE('',*,*,#3157,.F.);
#2406=ORIENTED_EDGE('',*,*,#3135,.T.);
#2407=ORIENTED_EDGE('',*,*,#3138,.T.);
#2408=ORIENTED_EDGE('',*,*,#3140,.T.);
#2409=ORIENTED_EDGE('',*,*,#3142,.T.);
#2410=ORIENTED_EDGE('',*,*,#3144,.T.);
#2411=ORIENTED_EDGE('',*,*,#3146,.T.);
#2412=ORIENTED_EDGE('',*,*,#3148,.T.);
#2413=ORIENTED_EDGE('',*,*,#3158,.T.);
#2414=ORIENTED_EDGE('',*,*,#3149,.T.);
#2415=ORIENTED_EDGE('',*,*,#3156,.T.);
#2416=ORIENTED_EDGE('',*,*,#3153,.T.);
#2417=ORIENTED_EDGE('',*,*,#3159,.T.);
#2418=ORIENTED_EDGE('',*,*,#2922,.F.);
#2419=ORIENTED_EDGE('',*,*,#3159,.F.);
#2420=ORIENTED_EDGE('',*,*,#3160,.T.);
#2421=ORIENTED_EDGE('',*,*,#2921,.F.);
#2422=ORIENTED_EDGE('',*,*,#3160,.F.);
#2423=ORIENTED_EDGE('',*,*,#3161,.T.);
#2424=ORIENTED_EDGE('',*,*,#2920,.F.);
#2425=ORIENTED_EDGE('',*,*,#3161,.F.);
#2426=ORIENTED_EDGE('',*,*,#3162,.T.);
#2427=ORIENTED_EDGE('',*,*,#2919,.F.);
#2428=ORIENTED_EDGE('',*,*,#3162,.F.);
#2429=ORIENTED_EDGE('',*,*,#3163,.T.);
#2430=ORIENTED_EDGE('',*,*,#2918,.F.);
#2431=ORIENTED_EDGE('',*,*,#3163,.F.);
#2432=ORIENTED_EDGE('',*,*,#3164,.T.);
#2433=ORIENTED_EDGE('',*,*,#2917,.F.);
#2434=ORIENTED_EDGE('',*,*,#3164,.F.);
#2435=ORIENTED_EDGE('',*,*,#3165,.T.);
#2436=ORIENTED_EDGE('',*,*,#2916,.F.);
#2437=ORIENTED_EDGE('',*,*,#3165,.F.);
#2438=ORIENTED_EDGE('',*,*,#3166,.T.);
#2439=ORIENTED_EDGE('',*,*,#2915,.F.);
#2440=ORIENTED_EDGE('',*,*,#3166,.F.);
#2441=ORIENTED_EDGE('',*,*,#3167,.T.);
#2442=ORIENTED_EDGE('',*,*,#2914,.F.);
#2443=ORIENTED_EDGE('',*,*,#3167,.F.);
#2444=ORIENTED_EDGE('',*,*,#3168,.T.);
#2445=ORIENTED_EDGE('',*,*,#2913,.F.);
#2446=ORIENTED_EDGE('',*,*,#3168,.F.);
#2447=ORIENTED_EDGE('',*,*,#3169,.T.);
#2448=ORIENTED_EDGE('',*,*,#2490,.F.);
#2449=ORIENTED_EDGE('',*,*,#3170,.T.);
#2450=ORIENTED_EDGE('',*,*,#3169,.F.);
#2451=ORIENTED_EDGE('',*,*,#3171,.T.);
#2452=ORIENTED_EDGE('',*,*,#3170,.F.);
#2453=ORIENTED_EDGE('',*,*,#3172,.T.);
#2454=ORIENTED_EDGE('',*,*,#3171,.F.);
#2455=ORIENTED_EDGE('',*,*,#2912,.T.);
#2456=ORIENTED_EDGE('',*,*,#3172,.F.);
#2457=ORIENTED_EDGE('',*,*,#3173,.T.);
#2458=ORIENTED_EDGE('',*,*,#2489,.F.);
#2459=ORIENTED_EDGE('',*,*,#3174,.T.);
#2460=ORIENTED_EDGE('',*,*,#3173,.F.);
#2461=ORIENTED_EDGE('',*,*,#3175,.T.);
#2462=ORIENTED_EDGE('',*,*,#3174,.F.);
#2463=ORIENTED_EDGE('',*,*,#3176,.T.);
#2464=ORIENTED_EDGE('',*,*,#3175,.F.);
#2465=ORIENTED_EDGE('',*,*,#2911,.T.);
#2466=ORIENTED_EDGE('',*,*,#3176,.F.);
#2467=ORIENTED_EDGE('',*,*,#3177,.T.);
#2468=ORIENTED_EDGE('',*,*,#2488,.F.);
#2469=ORIENTED_EDGE('',*,*,#3178,.T.);
#2470=ORIENTED_EDGE('',*,*,#3177,.F.);
#2471=ORIENTED_EDGE('',*,*,#3179,.T.);
#2472=ORIENTED_EDGE('',*,*,#3178,.F.);
#2473=ORIENTED_EDGE('',*,*,#3180,.T.);
#2474=ORIENTED_EDGE('',*,*,#3179,.F.);
#2475=ORIENTED_EDGE('',*,*,#2910,.T.);
#2476=ORIENTED_EDGE('',*,*,#3180,.F.);
#2477=ORIENTED_EDGE('',*,*,#3181,.T.);
#2478=ORIENTED_EDGE('',*,*,#2487,.F.);
#2479=ORIENTED_EDGE('',*,*,#3182,.T.);
#2480=ORIENTED_EDGE('',*,*,#3181,.F.);
#2481=ORIENTED_EDGE('',*,*,#3183,.T.);
#2482=ORIENTED_EDGE('',*,*,#3182,.F.);
#2483=ORIENTED_EDGE('',*,*,#3184,.T.);
#2484=ORIENTED_EDGE('',*,*,#3183,.F.);
#2485=ORIENTED_EDGE('',*,*,#2909,.T.);
#2486=ORIENTED_EDGE('',*,*,#3184,.F.);
#2487=EDGE_CURVE('',#3185,#3185,#3667,.T.);
#2488=EDGE_CURVE('',#3186,#3186,#3668,.T.);
#2489=EDGE_CURVE('',#3187,#3187,#3669,.T.);
#2490=EDGE_CURVE('',#3188,#3188,#3670,.T.);
#2491=EDGE_CURVE('',#3189,#3190,#187,.T.);
#2492=EDGE_CURVE('',#3191,#3189,#188,.T.);
#2493=EDGE_CURVE('',#3192,#3191,#3671,.T.);
#2494=EDGE_CURVE('',#3193,#3192,#3672,.T.);
#2495=EDGE_CURVE('',#3190,#3193,#189,.T.);
#2496=EDGE_CURVE('',#3194,#3195,#190,.T.);
#2497=EDGE_CURVE('',#3196,#3194,#3673,.T.);
#2498=EDGE_CURVE('',#3197,#3196,#3674,.T.);
#2499=EDGE_CURVE('',#3198,#3197,#3675,.T.);
#2500=EDGE_CURVE('',#3199,#3198,#191,.T.);
#2501=EDGE_CURVE('',#3200,#3199,#192,.T.);
#2502=EDGE_CURVE('',#3201,#3200,#193,.T.);
#2503=EDGE_CURVE('',#3202,#3201,#194,.T.);
#2504=EDGE_CURVE('',#3203,#3202,#195,.T.);
#2505=EDGE_CURVE('',#3204,#3203,#196,.T.);
#2506=EDGE_CURVE('',#3204,#3205,#3676,.T.);
#2507=EDGE_CURVE('',#3205,#3206,#3677,.T.);
#2508=EDGE_CURVE('',#3207,#3206,#197,.T.);
#2509=EDGE_CURVE('',#3207,#3195,#3678,.T.);
#2510=EDGE_CURVE('',#3208,#3208,#3679,.T.);
#2511=EDGE_CURVE('',#3209,#3210,#198,.T.);
#2512=EDGE_CURVE('',#3211,#3209,#199,.T.);
#2513=EDGE_CURVE('',#3212,#3211,#200,.T.);
#2514=EDGE_CURVE('',#3213,#3212,#201,.T.);
#2515=EDGE_CURVE('',#3214,#3213,#202,.T.);
#2516=EDGE_CURVE('',#3215,#3214,#203,.T.);
#2517=EDGE_CURVE('',#3210,#3215,#204,.T.);
#2518=EDGE_CURVE('',#3216,#3217,#205,.T.);
#2519=EDGE_CURVE('',#3218,#3216,#206,.T.);
#2520=EDGE_CURVE('',#3219,#3218,#207,.T.);
#2521=EDGE_CURVE('',#3220,#3219,#208,.T.);
#2522=EDGE_CURVE('',#3221,#3220,#209,.T.);
#2523=EDGE_CURVE('',#3222,#3221,#210,.T.);
#2524=EDGE_CURVE('',#3223,#3222,#211,.T.);
#2525=EDGE_CURVE('',#3217,#3223,#212,.T.);
#2526=EDGE_CURVE('',#3224,#3225,#213,.T.);
#2527=EDGE_CURVE('',#3224,#3226,#3680,.T.);
#2528=EDGE_CURVE('',#3227,#3226,#214,.T.);
#2529=EDGE_CURVE('',#3227,#3228,#3681,.T.);
#2530=EDGE_CURVE('',#3229,#3228,#215,.T.);
#2531=EDGE_CURVE('',#3229,#3230,#3682,.T.);
#2532=EDGE_CURVE('',#3230,#3231,#216,.T.);
#2533=EDGE_CURVE('',#3231,#3232,#3683,.T.);
#2534=EDGE_CURVE('',#3233,#3232,#217,.T.);
#2535=EDGE_CURVE('',#3233,#3234,#3684,.T.);
#2536=EDGE_CURVE('',#3234,#3235,#218,.T.);
#2537=EDGE_CURVE('',#3235,#3225,#3685,.T.);
#2538=EDGE_CURVE('',#3236,#3228,#219,.T.);
#2539=EDGE_CURVE('',#3237,#3227,#220,.T.);
#2540=EDGE_CURVE('',#3238,#3237,#41,.T.);
#2541=EDGE_CURVE('',#3239,#3238,#3686,.F.);
#2542=EDGE_CURVE('',#3236,#3239,#42,.T.);
#2543=EDGE_CURVE('',#3240,#3241,#221,.T.);
#2544=EDGE_CURVE('',#3242,#3240,#43,.T.);
#2545=EDGE_CURVE('',#3243,#3242,#3687,.F.);
#2546=EDGE_CURVE('',#3244,#3243,#44,.T.);
#2547=EDGE_CURVE('',#3244,#3245,#222,.T.);
#2548=EDGE_CURVE('',#3241,#3245,#3688,.T.);
#2549=EDGE_CURVE('',#3246,#3247,#3689,.T.);
#2550=EDGE_CURVE('',#3246,#3248,#223,.T.);
#2551=EDGE_CURVE('',#3248,#3249,#33,.F.);
#2552=EDGE_CURVE('',#3249,#3250,#3690,.T.);
#2553=EDGE_CURVE('',#3250,#3251,#34,.F.);
#2554=EDGE_CURVE('',#3251,#3252,#224,.F.);
#2555=EDGE_CURVE('',#3253,#3252,#3691,.T.);
#2556=EDGE_CURVE('',#3253,#3254,#225,.T.);
#2557=EDGE_CURVE('',#3255,#3254,#45,.T.);
#2558=EDGE_CURVE('',#3256,#3255,#3692,.F.);
#2559=EDGE_CURVE('',#3257,#3256,#46,.T.);
#2560=EDGE_CURVE('',#3258,#3257,#226,.T.);
#2561=EDGE_CURVE('',#3259,#3258,#3693,.T.);
#2562=EDGE_CURVE('',#3259,#3260,#227,.T.);
#2563=EDGE_CURVE('',#3261,#3260,#47,.T.);
#2564=EDGE_CURVE('',#3262,#3261,#3694,.F.);
#2565=EDGE_CURVE('',#3263,#3262,#48,.T.);
#2566=EDGE_CURVE('',#3247,#3263,#228,.T.);
#2567=EDGE_CURVE('',#3264,#3245,#229,.T.);
#2568=EDGE_CURVE('',#3264,#3265,#3695,.T.);
#2569=EDGE_CURVE('',#3266,#3265,#230,.T.);
#2570=EDGE_CURVE('',#3267,#3266,#3696,.T.);
#2571=EDGE_CURVE('',#3267,#3268,#231,.T.);
#2572=EDGE_CURVE('',#3268,#3269,#3697,.T.);
#2573=EDGE_CURVE('',#3270,#3269,#232,.T.);
#2574=EDGE_CURVE('',#3271,#3270,#3698,.T.);
#2575=EDGE_CURVE('',#3271,#3272,#233,.T.);
#2576=EDGE_CURVE('',#3272,#3273,#3699,.T.);
#2577=EDGE_CURVE('',#3241,#3273,#234,.T.);
#2578=EDGE_CURVE('',#3274,#3275,#235,.T.);
#2579=EDGE_CURVE('',#3274,#3276,#3700,.T.);
#2580=EDGE_CURVE('',#3277,#3276,#236,.F.);
#2581=EDGE_CURVE('',#3275,#3277,#3701,.T.);
#2582=EDGE_CURVE('',#3278,#3279,#237,.T.);
#2583=EDGE_CURVE('',#3280,#3278,#49,.T.);
#2584=EDGE_CURVE('',#3281,#3280,#3702,.T.);
#2585=EDGE_CURVE('',#3282,#3281,#50,.T.);
#2586=EDGE_CURVE('',#3283,#3282,#238,.F.);
#2587=EDGE_CURVE('',#3284,#3283,#51,.T.);
#2588=EDGE_CURVE('',#3285,#3284,#3703,.T.);
#2589=EDGE_CURVE('',#3279,#3285,#52,.T.);
#2590=EDGE_CURVE('',#3286,#3287,#239,.F.);
#2591=EDGE_CURVE('',#3288,#3286,#3704,.T.);
#2592=EDGE_CURVE('',#3289,#3288,#240,.T.);
#2593=EDGE_CURVE('',#3289,#3287,#3705,.T.);
#2594=EDGE_CURVE('',#3290,#3291,#241,.F.);
#2595=EDGE_CURVE('',#3292,#3290,#53,.T.);
#2596=EDGE_CURVE('',#3293,#3292,#3706,.T.);
#2597=EDGE_CURVE('',#3294,#3293,#54,.T.);
#2598=EDGE_CURVE('',#3295,#3294,#242,.T.);
#2599=EDGE_CURVE('',#3296,#3295,#55,.T.);
#2600=EDGE_CURVE('',#3297,#3296,#3707,.T.);
#2601=EDGE_CURVE('',#3291,#3297,#56,.T.);
#2602=EDGE_CURVE('',#3298,#3299,#35,.F.);
#2603=EDGE_CURVE('',#3298,#3300,#243,.T.);
#2604=EDGE_CURVE('',#3301,#3300,#36,.T.);
#2605=EDGE_CURVE('',#3299,#3301,#244,.T.);
#2606=EDGE_CURVE('',#3302,#3303,#3708,.F.);
#2607=EDGE_CURVE('',#3302,#3304,#245,.T.);
#2608=EDGE_CURVE('',#3305,#3304,#3709,.T.);
#2609=EDGE_CURVE('',#3303,#3305,#246,.T.);
#2610=EDGE_CURVE('',#3306,#3307,#37,.F.);
#2611=EDGE_CURVE('',#3306,#3308,#247,.T.);
#2612=EDGE_CURVE('',#3309,#3308,#38,.T.);
#2613=EDGE_CURVE('',#3307,#3309,#248,.T.);
#2614=EDGE_CURVE('',#3310,#3311,#3710,.F.);
#2615=EDGE_CURVE('',#3310,#3312,#249,.T.);
#2616=EDGE_CURVE('',#3313,#3312,#3711,.T.);
#2617=EDGE_CURVE('',#3311,#3313,#250,.T.);
#2618=EDGE_CURVE('',#3314,#3315,#39,.F.);
#2619=EDGE_CURVE('',#3314,#3316,#251,.T.);
#2620=EDGE_CURVE('',#3317,#3316,#40,.T.);
#2621=EDGE_CURVE('',#3315,#3317,#252,.T.);
#2622=EDGE_CURVE('',#3318,#3319,#3712,.F.);
#2623=EDGE_CURVE('',#3318,#3320,#253,.T.);
#2624=EDGE_CURVE('',#3321,#3320,#3713,.T.);
#2625=EDGE_CURVE('',#3319,#3321,#254,.T.);
#2626=EDGE_CURVE('',#3287,#3322,#57,.T.);
#2627=EDGE_CURVE('',#3323,#3289,#58,.T.);
#2628=EDGE_CURVE('',#3323,#3322,#3714,.T.);
#2629=EDGE_CURVE('',#3324,#3274,#59,.T.);
#2630=EDGE_CURVE('',#3324,#3325,#3715,.T.);
#2631=EDGE_CURVE('',#3276,#3325,#60,.T.);
#2632=EDGE_CURVE('',#3275,#3326,#61,.T.);
#2633=EDGE_CURVE('',#3327,#3277,#62,.T.);
#2634=EDGE_CURVE('',#3326,#3327,#3716,.T.);
#2635=EDGE_CURVE('',#3328,#3286,#63,.T.);
#2636=EDGE_CURVE('',#3329,#3328,#3717,.T.);
#2637=EDGE_CURVE('',#3288,#3329,#64,.T.);
#2638=EDGE_CURVE('',#3326,#3330,#255,.T.);
#2639=EDGE_CURVE('',#3331,#3327,#256,.F.);
#2640=EDGE_CURVE('',#3330,#3331,#3718,.T.);
#2641=EDGE_CURVE('',#3332,#3328,#257,.F.);
#2642=EDGE_CURVE('',#3333,#3332,#3719,.T.);
#2643=EDGE_CURVE('',#3329,#3333,#258,.T.);
#2644=EDGE_CURVE('',#3334,#3249,#259,.T.);
#2645=EDGE_CURVE('',#3334,#3335,#260,.T.);
#2646=EDGE_CURVE('',#3335,#3250,#261,.T.);
#2647=EDGE_CURVE('',#3330,#3332,#262,.T.);
#2648=EDGE_CURVE('',#3333,#3331,#263,.T.);
#2649=EDGE_CURVE('',#3336,#3337,#3720,.T.);
#2650=EDGE_CURVE('',#3338,#3336,#264,.T.);
#2651=EDGE_CURVE('',#3339,#3338,#3721,.T.);
#2652=EDGE_CURVE('',#3340,#3339,#265,.T.);
#2653=EDGE_CURVE('',#3341,#3340,#3722,.T.);
#2654=EDGE_CURVE('',#3342,#3341,#266,.T.);
#2655=EDGE_CURVE('',#3343,#3342,#3723,.T.);
#2656=EDGE_CURVE('',#3344,#3343,#267,.T.);
#2657=EDGE_CURVE('',#3345,#3344,#3724,.T.);
#2658=EDGE_CURVE('',#3346,#3345,#268,.T.);
#2659=EDGE_CURVE('',#3347,#3346,#3725,.T.);
#2660=EDGE_CURVE('',#3348,#3347,#269,.T.);
#2661=EDGE_CURVE('',#3349,#3348,#3726,.T.);
#2662=EDGE_CURVE('',#3350,#3349,#270,.T.);
#2663=EDGE_CURVE('',#3351,#3350,#3727,.T.);
#2664=EDGE_CURVE('',#3352,#3351,#271,.T.);
#2665=EDGE_CURVE('',#3353,#3352,#3728,.T.);
#2666=EDGE_CURVE('',#3354,#3353,#272,.T.);
#2667=EDGE_CURVE('',#3355,#3354,#3729,.T.);
#2668=EDGE_CURVE('',#3337,#3355,#273,.T.);
#2669=EDGE_CURVE('',#3356,#3356,#3730,.T.);
#2670=EDGE_CURVE('',#3320,#3317,#65,.T.);
#2671=EDGE_CURVE('',#3316,#3321,#66,.T.);
#2672=EDGE_CURVE('',#3312,#3309,#67,.T.);
#2673=EDGE_CURVE('',#3308,#3313,#68,.T.);
#2674=EDGE_CURVE('',#3304,#3301,#69,.T.);
#2675=EDGE_CURVE('',#3300,#3305,#70,.T.);
#2676=EDGE_CURVE('',#3357,#3357,#3731,.T.);
#2677=EDGE_CURVE('',#3358,#3336,#274,.T.);
#2678=EDGE_CURVE('',#3359,#3358,#275,.T.);
#2679=EDGE_CURVE('',#3359,#3338,#276,.T.);
#2680=EDGE_CURVE('',#3360,#3337,#277,.T.);
#2681=EDGE_CURVE('',#3358,#3360,#3732,.T.);
#2682=EDGE_CURVE('',#3361,#3355,#278,.T.);
#2683=EDGE_CURVE('',#3360,#3361,#279,.T.);
#2684=EDGE_CURVE('',#3362,#3354,#280,.T.);
#2685=EDGE_CURVE('',#3361,#3362,#3733,.T.);
#2686=EDGE_CURVE('',#3363,#3353,#281,.T.);
#2687=EDGE_CURVE('',#3362,#3363,#282,.T.);
#2688=EDGE_CURVE('',#3364,#3352,#283,.T.);
#2689=EDGE_CURVE('',#3363,#3364,#3734,.T.);
#2690=EDGE_CURVE('',#3365,#3351,#284,.T.);
#2691=EDGE_CURVE('',#3364,#3365,#285,.T.);
#2692=EDGE_CURVE('',#3366,#3350,#286,.T.);
#2693=EDGE_CURVE('',#3365,#3366,#3735,.T.);
#2694=EDGE_CURVE('',#3367,#3349,#287,.T.);
#2695=EDGE_CURVE('',#3366,#3367,#288,.T.);
#2696=EDGE_CURVE('',#3368,#3348,#289,.T.);
#2697=EDGE_CURVE('',#3367,#3368,#3736,.T.);
#2698=EDGE_CURVE('',#3369,#3347,#290,.T.);
#2699=EDGE_CURVE('',#3368,#3369,#291,.T.);
#2700=EDGE_CURVE('',#3370,#3346,#292,.T.);
#2701=EDGE_CURVE('',#3369,#3370,#3737,.T.);
#2702=EDGE_CURVE('',#3371,#3345,#293,.T.);
#2703=EDGE_CURVE('',#3370,#3371,#294,.T.);
#2704=EDGE_CURVE('',#3372,#3344,#295,.T.);
#2705=EDGE_CURVE('',#3371,#3372,#3738,.T.);
#2706=EDGE_CURVE('',#3373,#3343,#296,.T.);
#2707=EDGE_CURVE('',#3372,#3373,#297,.T.);
#2708=EDGE_CURVE('',#3374,#3342,#298,.T.);
#2709=EDGE_CURVE('',#3373,#3374,#3739,.T.);
#2710=EDGE_CURVE('',#3375,#3341,#299,.T.);
#2711=EDGE_CURVE('',#3374,#3375,#300,.T.);
#2712=EDGE_CURVE('',#3376,#3340,#301,.T.);
#2713=EDGE_CURVE('',#3375,#3376,#3740,.T.);
#2714=EDGE_CURVE('',#3377,#3339,#302,.T.);
#2715=EDGE_CURVE('',#3376,#3377,#303,.T.);
#2716=EDGE_CURVE('',#3377,#3359,#3741,.T.);
#2717=EDGE_CURVE('',#3378,#3378,#3742,.T.);
#2718=EDGE_CURVE('',#3379,#3380,#304,.T.);
#2719=EDGE_CURVE('',#3381,#3379,#305,.T.);
#2720=EDGE_CURVE('',#3381,#3382,#306,.T.);
#2721=EDGE_CURVE('',#3382,#3380,#307,.T.);
#2722=EDGE_CURVE('',#3380,#3383,#308,.T.);
#2723=EDGE_CURVE('',#3382,#3384,#309,.T.);
#2724=EDGE_CURVE('',#3384,#3383,#310,.T.);
#2725=EDGE_CURVE('',#3383,#3385,#311,.T.);
#2726=EDGE_CURVE('',#3384,#3386,#312,.T.);
#2727=EDGE_CURVE('',#3386,#3385,#313,.T.);
#2728=EDGE_CURVE('',#3385,#3387,#314,.T.);
#2729=EDGE_CURVE('',#3386,#3388,#315,.T.);
#2730=EDGE_CURVE('',#3388,#3387,#316,.T.);
#2731=EDGE_CURVE('',#3387,#3389,#317,.T.);
#2732=EDGE_CURVE('',#3388,#3390,#318,.T.);
#2733=EDGE_CURVE('',#3390,#3389,#319,.T.);
#2734=EDGE_CURVE('',#3389,#3391,#320,.T.);
#2735=EDGE_CURVE('',#3390,#3392,#321,.T.);
#2736=EDGE_CURVE('',#3392,#3391,#322,.T.);
#2737=EDGE_CURVE('',#3391,#3393,#323,.T.);
#2738=EDGE_CURVE('',#3392,#3394,#324,.T.);
#2739=EDGE_CURVE('',#3394,#3393,#325,.T.);
#2740=EDGE_CURVE('',#3395,#3395,#3743,.T.);
#2741=EDGE_CURVE('',#3396,#3396,#3744,.T.);
#2742=EDGE_CURVE('',#3397,#3397,#3745,.T.);
#2743=EDGE_CURVE('',#3398,#3398,#3746,.T.);
#2744=EDGE_CURVE('',#3399,#3399,#3747,.T.);
#2745=EDGE_CURVE('',#3400,#3400,#3748,.T.);
#2746=EDGE_CURVE('',#3401,#3401,#3749,.T.);
#2747=EDGE_CURVE('',#3402,#3402,#3750,.T.);
#2748=EDGE_CURVE('',#3393,#3379,#326,.T.);
#2749=EDGE_CURVE('',#3394,#3381,#327,.T.);
#2750=EDGE_CURVE('',#3403,#3403,#3751,.F.);
#2751=EDGE_CURVE('',#3404,#3404,#3752,.T.);
#2752=EDGE_CURVE('',#3405,#3405,#3753,.T.);
#2753=EDGE_CURVE('',#3406,#3406,#3754,.T.);
#2754=EDGE_CURVE('',#3407,#3407,#3755,.T.);
#2755=EDGE_CURVE('',#3325,#3323,#3756,.T.);
#2756=EDGE_CURVE('',#3322,#3324,#3757,.T.);
#2757=EDGE_CURVE('',#3325,#3323,#328,.T.);
#2758=EDGE_CURVE('',#3324,#3322,#329,.T.);
#2759=EDGE_CURVE('',#3299,#3302,#71,.T.);
#2760=EDGE_CURVE('',#3303,#3298,#72,.T.);
#2761=EDGE_CURVE('',#3307,#3310,#73,.T.);
#2762=EDGE_CURVE('',#3311,#3306,#74,.T.);
#2763=EDGE_CURVE('',#3315,#3318,#75,.T.);
#2764=EDGE_CURVE('',#3319,#3314,#76,.T.);
#2765=EDGE_CURVE('',#3278,#3408,#330,.T.);
#2766=EDGE_CURVE('',#3408,#3244,#77,.T.);
#2767=EDGE_CURVE('',#3280,#3243,#331,.T.);
#2768=EDGE_CURVE('',#3281,#3242,#332,.T.);
#2769=EDGE_CURVE('',#3240,#3409,#78,.T.);
#2770=EDGE_CURVE('',#3282,#3409,#333,.T.);
#2771=EDGE_CURVE('',#3409,#3410,#334,.T.);
#2772=EDGE_CURVE('',#3283,#3410,#335,.T.);
#2773=EDGE_CURVE('',#3410,#3257,#79,.T.);
#2774=EDGE_CURVE('',#3284,#3256,#336,.T.);
#2775=EDGE_CURVE('',#3285,#3255,#337,.T.);
#2776=EDGE_CURVE('',#3254,#3411,#80,.T.);
#2777=EDGE_CURVE('',#3279,#3411,#338,.T.);
#2778=EDGE_CURVE('',#3411,#3408,#339,.F.);
#2779=EDGE_CURVE('',#3412,#3291,#340,.T.);
#2780=EDGE_CURVE('',#3412,#3413,#341,.T.);
#2781=EDGE_CURVE('',#3413,#3290,#342,.T.);
#2782=EDGE_CURVE('',#3413,#3263,#81,.T.);
#2783=EDGE_CURVE('',#3262,#3292,#343,.T.);
#2784=EDGE_CURVE('',#3261,#3293,#344,.T.);
#2785=EDGE_CURVE('',#3260,#3414,#82,.T.);
#2786=EDGE_CURVE('',#3414,#3294,#345,.T.);
#2787=EDGE_CURVE('',#3414,#3415,#346,.F.);
#2788=EDGE_CURVE('',#3415,#3295,#347,.T.);
#2789=EDGE_CURVE('',#3415,#3236,#83,.T.);
#2790=EDGE_CURVE('',#3239,#3296,#348,.T.);
#2791=EDGE_CURVE('',#3238,#3297,#349,.T.);
#2792=EDGE_CURVE('',#3237,#3412,#84,.T.);
#2793=EDGE_CURVE('',#3416,#3417,#3758,.T.);
#2794=EDGE_CURVE('',#3418,#3417,#350,.T.);
#2795=EDGE_CURVE('',#3419,#3418,#3759,.T.);
#2796=EDGE_CURVE('',#3419,#3416,#351,.T.);
#2797=EDGE_CURVE('',#3420,#3421,#3760,.T.);
#2798=EDGE_CURVE('',#3417,#3421,#352,.T.);
#2799=EDGE_CURVE('',#3416,#3420,#353,.T.);
#2800=EDGE_CURVE('',#3422,#3423,#3761,.T.);
#2801=EDGE_CURVE('',#3421,#3422,#354,.T.);
#2802=EDGE_CURVE('',#3420,#3423,#355,.T.);
#2803=EDGE_CURVE('',#3424,#3425,#3762,.T.);
#2804=EDGE_CURVE('',#3225,#3425,#356,.T.);
#2805=EDGE_CURVE('',#3235,#3424,#357,.T.);
#2806=EDGE_CURVE('',#3426,#3427,#3763,.T.);
#2807=EDGE_CURVE('',#3425,#3427,#358,.T.);
#2808=EDGE_CURVE('',#3424,#3426,#359,.T.);
#2809=EDGE_CURVE('',#3428,#3429,#3764,.T.);
#2810=EDGE_CURVE('',#3427,#3429,#360,.T.);
#2811=EDGE_CURVE('',#3426,#3428,#361,.T.);
#2812=EDGE_CURVE('',#3428,#3419,#362,.T.);
#2813=EDGE_CURVE('',#3429,#3418,#363,.T.);
#2814=EDGE_CURVE('',#3234,#3423,#364,.F.);
#2815=EDGE_CURVE('',#3224,#3422,#365,.F.);
#2816=EDGE_CURVE('',#3430,#3431,#3765,.T.);
#2817=EDGE_CURVE('',#3432,#3431,#366,.T.);
#2818=EDGE_CURVE('',#3433,#3432,#3766,.T.);
#2819=EDGE_CURVE('',#3433,#3430,#367,.T.);
#2820=EDGE_CURVE('',#3434,#3435,#3767,.T.);
#2821=EDGE_CURVE('',#3431,#3435,#368,.T.);
#2822=EDGE_CURVE('',#3430,#3434,#369,.T.);
#2823=EDGE_CURVE('',#3436,#3437,#3768,.T.);
#2824=EDGE_CURVE('',#3435,#3437,#370,.T.);
#2825=EDGE_CURVE('',#3434,#3436,#371,.T.);
#2826=EDGE_CURVE('',#3438,#3439,#3769,.T.);
#2827=EDGE_CURVE('',#3437,#3439,#372,.T.);
#2828=EDGE_CURVE('',#3436,#3438,#373,.T.);
#2829=EDGE_CURVE('',#3440,#3441,#3770,.T.);
#2830=EDGE_CURVE('',#3439,#3441,#374,.T.);
#2831=EDGE_CURVE('',#3438,#3440,#375,.T.);
#2832=EDGE_CURVE('',#3441,#3270,#376,.T.);
#2833=EDGE_CURVE('',#3440,#3271,#377,.T.);
#2834=EDGE_CURVE('',#3442,#3443,#3771,.T.);
#2835=EDGE_CURVE('',#3442,#3433,#378,.T.);
#2836=EDGE_CURVE('',#3443,#3432,#379,.T.);
#2837=EDGE_CURVE('',#3442,#3272,#380,.T.);
#2838=EDGE_CURVE('',#3443,#3269,#381,.T.);
#2839=EDGE_CURVE('',#3444,#3445,#3772,.T.);
#2840=EDGE_CURVE('',#3446,#3445,#382,.T.);
#2841=EDGE_CURVE('',#3447,#3446,#3773,.T.);
#2842=EDGE_CURVE('',#3447,#3444,#383,.T.);
#2843=EDGE_CURVE('',#3448,#3449,#3774,.T.);
#2844=EDGE_CURVE('',#3445,#3449,#384,.T.);
#2845=EDGE_CURVE('',#3444,#3448,#385,.T.);
#2846=EDGE_CURVE('',#3450,#3451,#3775,.T.);
#2847=EDGE_CURVE('',#3449,#3450,#386,.T.);
#2848=EDGE_CURVE('',#3448,#3451,#387,.T.);
#2849=EDGE_CURVE('',#3452,#3453,#3776,.T.);
#2850=EDGE_CURVE('',#3232,#3453,#388,.T.);
#2851=EDGE_CURVE('',#3231,#3452,#389,.T.);
#2852=EDGE_CURVE('',#3454,#3455,#3777,.T.);
#2853=EDGE_CURVE('',#3453,#3455,#390,.T.);
#2854=EDGE_CURVE('',#3452,#3454,#391,.T.);
#2855=EDGE_CURVE('',#3456,#3457,#3778,.T.);
#2856=EDGE_CURVE('',#3455,#3457,#392,.T.);
#2857=EDGE_CURVE('',#3454,#3456,#393,.T.);
#2858=EDGE_CURVE('',#3456,#3447,#394,.T.);
#2859=EDGE_CURVE('',#3457,#3446,#395,.T.);
#2860=EDGE_CURVE('',#3230,#3451,#396,.F.);
#2861=EDGE_CURVE('',#3233,#3450,#397,.F.);
#2862=EDGE_CURVE('',#3458,#3459,#3779,.T.);
#2863=EDGE_CURVE('',#3460,#3459,#398,.T.);
#2864=EDGE_CURVE('',#3461,#3460,#3780,.T.);
#2865=EDGE_CURVE('',#3461,#3458,#399,.T.);
#2866=EDGE_CURVE('',#3462,#3463,#3781,.T.);
#2867=EDGE_CURVE('',#3459,#3463,#400,.T.);
#2868=EDGE_CURVE('',#3458,#3462,#401,.T.);
#2869=EDGE_CURVE('',#3464,#3465,#3782,.T.);
#2870=EDGE_CURVE('',#3463,#3465,#402,.T.);
#2871=EDGE_CURVE('',#3462,#3464,#403,.T.);
#2872=EDGE_CURVE('',#3466,#3467,#3783,.T.);
#2873=EDGE_CURVE('',#3465,#3467,#404,.T.);
#2874=EDGE_CURVE('',#3464,#3466,#405,.T.);
#2875=EDGE_CURVE('',#3468,#3469,#3784,.T.);
#2876=EDGE_CURVE('',#3467,#3469,#406,.T.);
#2877=EDGE_CURVE('',#3466,#3468,#407,.T.);
#2878=EDGE_CURVE('',#3469,#3266,#408,.T.);
#2879=EDGE_CURVE('',#3468,#3267,#409,.T.);
#2880=EDGE_CURVE('',#3470,#3471,#3785,.T.);
#2881=EDGE_CURVE('',#3470,#3461,#410,.T.);
#2882=EDGE_CURVE('',#3471,#3460,#411,.T.);
#2883=EDGE_CURVE('',#3470,#3268,#412,.T.);
#2884=EDGE_CURVE('',#3471,#3265,#413,.T.);
#2885=EDGE_CURVE('',#3254,#3244,#414,.T.);
#2886=EDGE_CURVE('',#3263,#3237,#415,.T.);
#2887=EDGE_CURVE('',#3472,#3226,#416,.T.);
#2888=EDGE_CURVE('',#3247,#3472,#417,.T.);
#2889=EDGE_CURVE('',#3473,#3253,#418,.T.);
#2890=EDGE_CURVE('',#3473,#3264,#419,.T.);
#2891=EDGE_CURVE('',#3474,#3246,#420,.T.);
#2892=EDGE_CURVE('',#3473,#3472,#3786,.T.);
#2893=EDGE_CURVE('',#3475,#3252,#421,.T.);
#2894=EDGE_CURVE('',#3475,#3474,#422,.T.);
#2895=EDGE_CURVE('',#3257,#3240,#423,.T.);
#2896=EDGE_CURVE('',#3260,#3236,#424,.T.);
#2897=EDGE_CURVE('',#3476,#3259,#425,.T.);
#2898=EDGE_CURVE('',#3476,#3229,#426,.T.);
#2899=EDGE_CURVE('',#3477,#3273,#427,.T.);
#2900=EDGE_CURVE('',#3258,#3477,#428,.T.);
#2901=EDGE_CURVE('',#3476,#3477,#3787,.T.);
#2902=EDGE_CURVE('',#3478,#3248,#429,.T.);
#2903=EDGE_CURVE('',#3478,#3334,#430,.T.);
#2904=EDGE_CURVE('',#3335,#3479,#431,.T.);
#2905=EDGE_CURVE('',#3479,#3251,#432,.T.);
#2906=EDGE_CURVE('',#3474,#3478,#433,.T.);
#2907=EDGE_CURVE('',#3479,#3475,#434,.T.);
#2908=EDGE_CURVE('',#3480,#3480,#3788,.T.);
#2909=EDGE_CURVE('',#3481,#3481,#3789,.T.);
#2910=EDGE_CURVE('',#3482,#3482,#3790,.T.);
#2911=EDGE_CURVE('',#3483,#3483,#3791,.T.);
#2912=EDGE_CURVE('',#3484,#3484,#3792,.T.);
#2913=EDGE_CURVE('',#3485,#3485,#3793,.T.);
#2914=EDGE_CURVE('',#3486,#3486,#3794,.T.);
#2915=EDGE_CURVE('',#3487,#3487,#3795,.T.);
#2916=EDGE_CURVE('',#3488,#3488,#3796,.T.);
#2917=EDGE_CURVE('',#3489,#3489,#3797,.T.);
#2918=EDGE_CURVE('',#3490,#3490,#3798,.T.);
#2919=EDGE_CURVE('',#3491,#3491,#3799,.T.);
#2920=EDGE_CURVE('',#3492,#3492,#3800,.T.);
#2921=EDGE_CURVE('',#3493,#3493,#3801,.T.);
#2922=EDGE_CURVE('',#3494,#3494,#3802,.T.);
#2923=EDGE_CURVE('',#3495,#3496,#435,.T.);
#2924=EDGE_CURVE('',#3496,#3497,#3803,.T.);
#2925=EDGE_CURVE('',#3497,#3498,#3804,.T.);
#2926=EDGE_CURVE('',#3498,#3499,#436,.T.);
#2927=EDGE_CURVE('',#3499,#3495,#437,.T.);
#2928=EDGE_CURVE('',#3500,#3501,#438,.T.);
#2929=EDGE_CURVE('',#3501,#3502,#439,.T.);
#2930=EDGE_CURVE('',#3502,#3503,#440,.T.);
#2931=EDGE_CURVE('',#3503,#3504,#441,.T.);
#2932=EDGE_CURVE('',#3504,#3505,#442,.T.);
#2933=EDGE_CURVE('',#3505,#3506,#443,.T.);
#2934=EDGE_CURVE('',#3506,#3507,#444,.T.);
#2935=EDGE_CURVE('',#3507,#3500,#445,.T.);
#2936=EDGE_CURVE('',#3508,#3509,#3805,.T.);
#2937=EDGE_CURVE('',#3509,#3510,#3806,.T.);
#2938=EDGE_CURVE('',#3510,#3511,#3807,.T.);
#2939=EDGE_CURVE('',#3511,#3512,#446,.T.);
#2940=EDGE_CURVE('',#3512,#3513,#447,.T.);
#2941=EDGE_CURVE('',#3513,#3514,#448,.T.);
#2942=EDGE_CURVE('',#3514,#3515,#449,.T.);
#2943=EDGE_CURVE('',#3515,#3516,#450,.T.);
#2944=EDGE_CURVE('',#3516,#3517,#451,.T.);
#2945=EDGE_CURVE('',#3518,#3517,#3808,.T.);
#2946=EDGE_CURVE('',#3519,#3518,#3809,.T.);
#2947=EDGE_CURVE('',#3519,#3520,#452,.T.);
#2948=EDGE_CURVE('',#3521,#3520,#3810,.T.);
#2949=EDGE_CURVE('',#3521,#3508,#453,.T.);
#2950=EDGE_CURVE('',#3522,#3523,#454,.T.);
#2951=EDGE_CURVE('',#3523,#3524,#455,.T.);
#2952=EDGE_CURVE('',#3524,#3525,#456,.T.);
#2953=EDGE_CURVE('',#3525,#3526,#457,.T.);
#2954=EDGE_CURVE('',#3526,#3527,#458,.T.);
#2955=EDGE_CURVE('',#3527,#3528,#459,.T.);
#2956=EDGE_CURVE('',#3528,#3522,#460,.T.);
#2957=EDGE_CURVE('',#3529,#3523,#461,.T.);
#2958=EDGE_CURVE('',#3529,#3530,#462,.T.);
#2959=EDGE_CURVE('',#3530,#3524,#463,.T.);
#2960=EDGE_CURVE('',#3530,#3531,#464,.T.);
#2961=EDGE_CURVE('',#3531,#3525,#465,.T.);
#2962=EDGE_CURVE('',#3531,#3532,#466,.T.);
#2963=EDGE_CURVE('',#3532,#3526,#467,.T.);
#2964=EDGE_CURVE('',#3532,#3533,#468,.T.);
#2965=EDGE_CURVE('',#3533,#3527,#469,.T.);
#2966=EDGE_CURVE('',#3533,#3534,#470,.T.);
#2967=EDGE_CURVE('',#3534,#3528,#471,.T.);
#2968=EDGE_CURVE('',#3534,#3535,#472,.T.);
#2969=EDGE_CURVE('',#3535,#3522,#473,.T.);
#2970=EDGE_CURVE('',#3535,#3529,#474,.T.);
#2971=EDGE_CURVE('',#3536,#3509,#475,.T.);
#2972=EDGE_CURVE('',#3536,#3537,#3811,.T.);
#2973=EDGE_CURVE('',#3537,#3510,#476,.T.);
#2974=EDGE_CURVE('',#3537,#3538,#3812,.T.);
#2975=EDGE_CURVE('',#3538,#3511,#477,.T.);
#2976=EDGE_CURVE('',#3538,#3539,#478,.T.);
#2977=EDGE_CURVE('',#3539,#3512,#479,.T.);
#2978=EDGE_CURVE('',#3539,#3540,#480,.T.);
#2979=EDGE_CURVE('',#3540,#3513,#481,.T.);
#2980=EDGE_CURVE('',#3540,#3541,#482,.T.);
#2981=EDGE_CURVE('',#3541,#3514,#483,.T.);
#2982=EDGE_CURVE('',#3541,#3542,#484,.T.);
#2983=EDGE_CURVE('',#3542,#3515,#485,.T.);
#2984=EDGE_CURVE('',#3542,#3543,#486,.T.);
#2985=EDGE_CURVE('',#3543,#3516,#487,.T.);
#2986=EDGE_CURVE('',#3543,#3544,#488,.T.);
#2987=EDGE_CURVE('',#3544,#3517,#489,.T.);
#2988=EDGE_CURVE('',#3545,#3544,#3813,.T.);
#2989=EDGE_CURVE('',#3545,#3518,#490,.T.);
#2990=EDGE_CURVE('',#3546,#3545,#3814,.T.);
#2991=EDGE_CURVE('',#3546,#3519,#491,.T.);
#2992=EDGE_CURVE('',#3546,#3547,#492,.T.);
#2993=EDGE_CURVE('',#3547,#3520,#493,.T.);
#2994=EDGE_CURVE('',#3548,#3547,#3815,.T.);
#2995=EDGE_CURVE('',#3548,#3521,#494,.T.);
#2996=EDGE_CURVE('',#3548,#3549,#495,.T.);
#2997=EDGE_CURVE('',#3549,#3508,#496,.T.);
#2998=EDGE_CURVE('',#3549,#3536,#3816,.T.);
#2999=EDGE_CURVE('',#3550,#3501,#497,.T.);
#3000=EDGE_CURVE('',#3550,#3551,#498,.T.);
#3001=EDGE_CURVE('',#3551,#3502,#499,.T.);
#3002=EDGE_CURVE('',#3551,#3552,#500,.T.);
#3003=EDGE_CURVE('',#3552,#3503,#501,.T.);
#3004=EDGE_CURVE('',#3552,#3553,#502,.T.);
#3005=EDGE_CURVE('',#3553,#3504,#503,.T.);
#3006=EDGE_CURVE('',#3553,#3554,#504,.T.);
#3007=EDGE_CURVE('',#3554,#3505,#505,.T.);
#3008=EDGE_CURVE('',#3554,#3555,#506,.T.);
#3009=EDGE_CURVE('',#3555,#3506,#507,.T.);
#3010=EDGE_CURVE('',#3555,#3556,#508,.T.);
#3011=EDGE_CURVE('',#3556,#3507,#509,.T.);
#3012=EDGE_CURVE('',#3556,#3557,#510,.T.);
#3013=EDGE_CURVE('',#3557,#3500,#511,.T.);
#3014=EDGE_CURVE('',#3558,#3559,#512,.T.);
#3015=EDGE_CURVE('',#3560,#3559,#513,.T.);
#3016=EDGE_CURVE('',#3561,#3560,#514,.T.);
#3017=EDGE_CURVE('',#3561,#3558,#515,.T.);
#3018=EDGE_CURVE('',#3562,#3558,#516,.T.);
#3019=EDGE_CURVE('',#3563,#3561,#517,.T.);
#3020=EDGE_CURVE('',#3563,#3562,#518,.T.);
#3021=EDGE_CURVE('',#3559,#3562,#519,.T.);
#3022=EDGE_CURVE('',#3560,#3563,#520,.T.);
#3023=EDGE_CURVE('',#3557,#3550,#521,.T.);
#3024=EDGE_CURVE('',#3564,#3496,#522,.T.);
#3025=EDGE_CURVE('',#3564,#3565,#3817,.T.);
#3026=EDGE_CURVE('',#3565,#3497,#523,.T.);
#3027=EDGE_CURVE('',#3565,#3566,#3818,.T.);
#3028=EDGE_CURVE('',#3566,#3498,#524,.T.);
#3029=EDGE_CURVE('',#3566,#3567,#525,.T.);
#3030=EDGE_CURVE('',#3567,#3499,#526,.T.);
#3031=EDGE_CURVE('',#3567,#3568,#527,.T.);
#3032=EDGE_CURVE('',#3568,#3495,#528,.T.);
#3033=EDGE_CURVE('',#3569,#3570,#529,.T.);
#3034=EDGE_CURVE('',#3571,#3570,#530,.T.);
#3035=EDGE_CURVE('',#3572,#3571,#531,.T.);
#3036=EDGE_CURVE('',#3572,#3569,#532,.T.);
#3037=EDGE_CURVE('',#3573,#3569,#533,.T.);
#3038=EDGE_CURVE('',#3574,#3572,#534,.T.);
#3039=EDGE_CURVE('',#3574,#3573,#535,.T.);
#3040=EDGE_CURVE('',#3575,#3573,#536,.T.);
#3041=EDGE_CURVE('',#3576,#3574,#537,.T.);
#3042=EDGE_CURVE('',#3576,#3575,#538,.T.);
#3043=EDGE_CURVE('',#3577,#3578,#539,.T.);
#3044=EDGE_CURVE('',#3579,#3578,#540,.T.);
#3045=EDGE_CURVE('',#3580,#3579,#541,.T.);
#3046=EDGE_CURVE('',#3580,#3577,#542,.T.);
#3047=EDGE_CURVE('',#3581,#3577,#543,.T.);
#3048=EDGE_CURVE('',#3582,#3580,#544,.T.);
#3049=EDGE_CURVE('',#3582,#3581,#545,.T.);
#3050=EDGE_CURVE('',#3583,#3581,#546,.T.);
#3051=EDGE_CURVE('',#3584,#3582,#547,.T.);
#3052=EDGE_CURVE('',#3584,#3583,#548,.T.);
#3053=EDGE_CURVE('',#3570,#3575,#3819,.T.);
#3054=EDGE_CURVE('',#3571,#3576,#3820,.T.);
#3055=EDGE_CURVE('',#3578,#3583,#3821,.T.);
#3056=EDGE_CURVE('',#3579,#3584,#3822,.T.);
#3057=EDGE_CURVE('',#3568,#3564,#549,.T.);
#3058=EDGE_CURVE('',#3585,#3209,#550,.T.);
#3059=EDGE_CURVE('',#3586,#3585,#551,.T.);
#3060=EDGE_CURVE('',#3586,#3211,#552,.T.);
#3061=EDGE_CURVE('',#3587,#3210,#553,.T.);
#3062=EDGE_CURVE('',#3585,#3587,#554,.T.);
#3063=EDGE_CURVE('',#3588,#3215,#555,.T.);
#3064=EDGE_CURVE('',#3587,#3588,#556,.T.);
#3065=EDGE_CURVE('',#3589,#3214,#557,.T.);
#3066=EDGE_CURVE('',#3588,#3589,#558,.T.);
#3067=EDGE_CURVE('',#3590,#3213,#559,.T.);
#3068=EDGE_CURVE('',#3589,#3590,#560,.T.);
#3069=EDGE_CURVE('',#3591,#3212,#561,.T.);
#3070=EDGE_CURVE('',#3590,#3591,#562,.T.);
#3071=EDGE_CURVE('',#3591,#3586,#563,.T.);
#3072=EDGE_CURVE('',#3592,#3194,#564,.T.);
#3073=EDGE_CURVE('',#3593,#3592,#3823,.T.);
#3074=EDGE_CURVE('',#3593,#3196,#565,.T.);
#3075=EDGE_CURVE('',#3594,#3195,#566,.T.);
#3076=EDGE_CURVE('',#3592,#3594,#567,.T.);
#3077=EDGE_CURVE('',#3595,#3207,#568,.T.);
#3078=EDGE_CURVE('',#3595,#3594,#3824,.T.);
#3079=EDGE_CURVE('',#3596,#3206,#569,.T.);
#3080=EDGE_CURVE('',#3595,#3596,#570,.T.);
#3081=EDGE_CURVE('',#3597,#3205,#571,.T.);
#3082=EDGE_CURVE('',#3597,#3596,#3825,.T.);
#3083=EDGE_CURVE('',#3598,#3204,#572,.T.);
#3084=EDGE_CURVE('',#3598,#3597,#3826,.T.);
#3085=EDGE_CURVE('',#3599,#3203,#573,.T.);
#3086=EDGE_CURVE('',#3598,#3599,#574,.T.);
#3087=EDGE_CURVE('',#3600,#3202,#575,.T.);
#3088=EDGE_CURVE('',#3599,#3600,#576,.T.);
#3089=EDGE_CURVE('',#3601,#3201,#577,.T.);
#3090=EDGE_CURVE('',#3600,#3601,#578,.T.);
#3091=EDGE_CURVE('',#3602,#3200,#579,.T.);
#3092=EDGE_CURVE('',#3601,#3602,#580,.T.);
#3093=EDGE_CURVE('',#3603,#3199,#581,.T.);
#3094=EDGE_CURVE('',#3602,#3603,#582,.T.);
#3095=EDGE_CURVE('',#3604,#3198,#583,.T.);
#3096=EDGE_CURVE('',#3603,#3604,#584,.T.);
#3097=EDGE_CURVE('',#3605,#3197,#585,.T.);
#3098=EDGE_CURVE('',#3604,#3605,#3827,.T.);
#3099=EDGE_CURVE('',#3605,#3593,#3828,.T.);
#3100=EDGE_CURVE('',#3606,#3189,#586,.T.);
#3101=EDGE_CURVE('',#3607,#3606,#587,.T.);
#3102=EDGE_CURVE('',#3607,#3191,#588,.T.);
#3103=EDGE_CURVE('',#3608,#3190,#589,.T.);
#3104=EDGE_CURVE('',#3606,#3608,#590,.T.);
#3105=EDGE_CURVE('',#3609,#3193,#591,.T.);
#3106=EDGE_CURVE('',#3608,#3609,#592,.T.);
#3107=EDGE_CURVE('',#3610,#3192,#593,.T.);
#3108=EDGE_CURVE('',#3609,#3610,#3829,.T.);
#3109=EDGE_CURVE('',#3611,#3612,#594,.T.);
#3110=EDGE_CURVE('',#3613,#3611,#595,.T.);
#3111=EDGE_CURVE('',#3613,#3614,#596,.T.);
#3112=EDGE_CURVE('',#3614,#3612,#597,.T.);
#3113=EDGE_CURVE('',#3615,#3611,#3830,.T.);
#3114=EDGE_CURVE('',#3616,#3615,#598,.T.);
#3115=EDGE_CURVE('',#3616,#3613,#3831,.T.);
#3116=EDGE_CURVE('',#3617,#3615,#599,.T.);
#3117=EDGE_CURVE('',#3618,#3617,#600,.T.);
#3118=EDGE_CURVE('',#3618,#3616,#601,.T.);
#3119=EDGE_CURVE('',#3619,#3620,#602,.T.);
#3120=EDGE_CURVE('',#3621,#3619,#603,.T.);
#3121=EDGE_CURVE('',#3621,#3622,#604,.T.);
#3122=EDGE_CURVE('',#3622,#3620,#605,.T.);
#3123=EDGE_CURVE('',#3623,#3619,#3832,.T.);
#3124=EDGE_CURVE('',#3624,#3623,#606,.T.);
#3125=EDGE_CURVE('',#3624,#3621,#3833,.T.);
#3126=EDGE_CURVE('',#3625,#3623,#607,.T.);
#3127=EDGE_CURVE('',#3626,#3625,#608,.T.);
#3128=EDGE_CURVE('',#3626,#3624,#609,.T.);
#3129=EDGE_CURVE('',#3612,#3617,#610,.T.);
#3130=EDGE_CURVE('',#3614,#3618,#611,.T.);
#3131=EDGE_CURVE('',#3620,#3625,#612,.T.);
#3132=EDGE_CURVE('',#3622,#3626,#613,.T.);
#3133=EDGE_CURVE('',#3610,#3607,#3834,.T.);
#3134=EDGE_CURVE('',#3627,#3216,#614,.T.);
#3135=EDGE_CURVE('',#3628,#3627,#615,.T.);
#3136=EDGE_CURVE('',#3628,#3218,#616,.T.);
#3137=EDGE_CURVE('',#3629,#3217,#617,.T.);
#3138=EDGE_CURVE('',#3627,#3629,#618,.T.);
#3139=EDGE_CURVE('',#3630,#3223,#619,.T.);
#3140=EDGE_CURVE('',#3629,#3630,#620,.T.);
#3141=EDGE_CURVE('',#3631,#3222,#621,.T.);
#3142=EDGE_CURVE('',#3630,#3631,#622,.T.);
#3143=EDGE_CURVE('',#3632,#3221,#623,.T.);
#3144=EDGE_CURVE('',#3631,#3632,#624,.T.);
#3145=EDGE_CURVE('',#3633,#3220,#625,.T.);
#3146=EDGE_CURVE('',#3632,#3633,#626,.T.);
#3147=EDGE_CURVE('',#3634,#3219,#627,.T.);
#3148=EDGE_CURVE('',#3633,#3634,#628,.T.);
#3149=EDGE_CURVE('',#3635,#3636,#629,.T.);
#3150=EDGE_CURVE('',#3637,#3635,#630,.T.);
#3151=EDGE_CURVE('',#3637,#3638,#631,.T.);
#3152=EDGE_CURVE('',#3638,#3636,#632,.T.);
#3153=EDGE_CURVE('',#3639,#3635,#633,.T.);
#3154=EDGE_CURVE('',#3640,#3639,#634,.T.);
#3155=EDGE_CURVE('',#3640,#3637,#635,.T.);
#3156=EDGE_CURVE('',#3636,#3639,#636,.T.);
#3157=EDGE_CURVE('',#3638,#3640,#637,.T.);
#3158=EDGE_CURVE('',#3634,#3628,#638,.T.);
#3159=EDGE_CURVE('',#3641,#3641,#3835,.T.);
#3160=EDGE_CURVE('',#3642,#3642,#3836,.T.);
#3161=EDGE_CURVE('',#3643,#3643,#3837,.T.);
#3162=EDGE_CURVE('',#3644,#3644,#3838,.T.);
#3163=EDGE_CURVE('',#3645,#3645,#3839,.T.);
#3164=EDGE_CURVE('',#3646,#3646,#3840,.T.);
#3165=EDGE_CURVE('',#3647,#3647,#3841,.T.);
#3166=EDGE_CURVE('',#3648,#3648,#3842,.T.);
#3167=EDGE_CURVE('',#3649,#3649,#3843,.T.);
#3168=EDGE_CURVE('',#3650,#3650,#3844,.T.);
#3169=EDGE_CURVE('',#3651,#3651,#3845,.T.);
#3170=EDGE_CURVE('',#3652,#3652,#3846,.T.);
#3171=EDGE_CURVE('',#3653,#3653,#3847,.T.);
#3172=EDGE_CURVE('',#3654,#3654,#3848,.T.);
#3173=EDGE_CURVE('',#3655,#3655,#3849,.T.);
#3174=EDGE_CURVE('',#3656,#3656,#3850,.T.);
#3175=EDGE_CURVE('',#3657,#3657,#3851,.T.);
#3176=EDGE_CURVE('',#3658,#3658,#3852,.T.);
#3177=EDGE_CURVE('',#3659,#3659,#3853,.T.);
#3178=EDGE_CURVE('',#3660,#3660,#3854,.T.);
#3179=EDGE_CURVE('',#3661,#3661,#3855,.T.);
#3180=EDGE_CURVE('',#3662,#3662,#3856,.T.);
#3181=EDGE_CURVE('',#3663,#3663,#3857,.T.);
#3182=EDGE_CURVE('',#3664,#3664,#3858,.T.);
#3183=EDGE_CURVE('',#3665,#3665,#3859,.T.);
#3184=EDGE_CURVE('',#3666,#3666,#3860,.T.);
#3185=VERTEX_POINT('',#7028);
#3186=VERTEX_POINT('',#7030);
#3187=VERTEX_POINT('',#7032);
#3188=VERTEX_POINT('',#7034);
#3189=VERTEX_POINT('',#7036);
#3190=VERTEX_POINT('',#7037);
#3191=VERTEX_POINT('',#7039);
#3192=VERTEX_POINT('',#7041);
#3193=VERTEX_POINT('',#7043);
#3194=VERTEX_POINT('',#7046);
#3195=VERTEX_POINT('',#7047);
#3196=VERTEX_POINT('',#7049);
#3197=VERTEX_POINT('',#7051);
#3198=VERTEX_POINT('',#7053);
#3199=VERTEX_POINT('',#7055);
#3200=VERTEX_POINT('',#7057);
#3201=VERTEX_POINT('',#7059);
#3202=VERTEX_POINT('',#7061);
#3203=VERTEX_POINT('',#7063);
#3204=VERTEX_POINT('',#7065);
#3205=VERTEX_POINT('',#7067);
#3206=VERTEX_POINT('',#7069);
#3207=VERTEX_POINT('',#7071);
#3208=VERTEX_POINT('',#7074);
#3209=VERTEX_POINT('',#7076);
#3210=VERTEX_POINT('',#7077);
#3211=VERTEX_POINT('',#7079);
#3212=VERTEX_POINT('',#7081);
#3213=VERTEX_POINT('',#7083);
#3214=VERTEX_POINT('',#7085);
#3215=VERTEX_POINT('',#7087);
#3216=VERTEX_POINT('',#7090);
#3217=VERTEX_POINT('',#7091);
#3218=VERTEX_POINT('',#7093);
#3219=VERTEX_POINT('',#7095);
#3220=VERTEX_POINT('',#7097);
#3221=VERTEX_POINT('',#7099);
#3222=VERTEX_POINT('',#7101);
#3223=VERTEX_POINT('',#7103);
#3224=VERTEX_POINT('',#7107);
#3225=VERTEX_POINT('',#7108);
#3226=VERTEX_POINT('',#7110);
#3227=VERTEX_POINT('',#7112);
#3228=VERTEX_POINT('',#7114);
#3229=VERTEX_POINT('',#7116);
#3230=VERTEX_POINT('',#7118);
#3231=VERTEX_POINT('',#7120);
#3232=VERTEX_POINT('',#7122);
#3233=VERTEX_POINT('',#7124);
#3234=VERTEX_POINT('',#7126);
#3235=VERTEX_POINT('',#7128);
#3236=VERTEX_POINT('',#7132);
#3237=VERTEX_POINT('',#7134);
#3238=VERTEX_POINT('',#7139);
#3239=VERTEX_POINT('',#7141);
#3240=VERTEX_POINT('',#7148);
#3241=VERTEX_POINT('',#7149);
#3242=VERTEX_POINT('',#7154);
#3243=VERTEX_POINT('',#7156);
#3244=VERTEX_POINT('',#7161);
#3245=VERTEX_POINT('',#7163);
#3246=VERTEX_POINT('',#7167);
#3247=VERTEX_POINT('',#7168);
#3248=VERTEX_POINT('',#7170);
#3249=VERTEX_POINT('',#7172);
#3250=VERTEX_POINT('',#7174);
#3251=VERTEX_POINT('',#7176);
#3252=VERTEX_POINT('',#7178);
#3253=VERTEX_POINT('',#7180);
#3254=VERTEX_POINT('',#7182);
#3255=VERTEX_POINT('',#7187);
#3256=VERTEX_POINT('',#7189);
#3257=VERTEX_POINT('',#7194);
#3258=VERTEX_POINT('',#7196);
#3259=VERTEX_POINT('',#7198);
#3260=VERTEX_POINT('',#7200);
#3261=VERTEX_POINT('',#7205);
#3262=VERTEX_POINT('',#7207);
#3263=VERTEX_POINT('',#7212);
#3264=VERTEX_POINT('',#7216);
#3265=VERTEX_POINT('',#7218);
#3266=VERTEX_POINT('',#7220);
#3267=VERTEX_POINT('',#7222);
#3268=VERTEX_POINT('',#7224);
#3269=VERTEX_POINT('',#7226);
#3270=VERTEX_POINT('',#7228);
#3271=VERTEX_POINT('',#7230);
#3272=VERTEX_POINT('',#7232);
#3273=VERTEX_POINT('',#7234);
#3274=VERTEX_POINT('',#7238);
#3275=VERTEX_POINT('',#7239);
#3276=VERTEX_POINT('',#7241);
#3277=VERTEX_POINT('',#7243);
#3278=VERTEX_POINT('',#7246);
#3279=VERTEX_POINT('',#7247);
#3280=VERTEX_POINT('',#7253);
#3281=VERTEX_POINT('',#7255);
#3282=VERTEX_POINT('',#7261);
#3283=VERTEX_POINT('',#7263);
#3284=VERTEX_POINT('',#7269);
#3285=VERTEX_POINT('',#7271);
#3286=VERTEX_POINT('',#7279);
#3287=VERTEX_POINT('',#7280);
#3288=VERTEX_POINT('',#7282);
#3289=VERTEX_POINT('',#7284);
#3290=VERTEX_POINT('',#7287);
#3291=VERTEX_POINT('',#7288);
#3292=VERTEX_POINT('',#7294);
#3293=VERTEX_POINT('',#7296);
#3294=VERTEX_POINT('',#7302);
#3295=VERTEX_POINT('',#7304);
#3296=VERTEX_POINT('',#7310);
#3297=VERTEX_POINT('',#7312);
#3298=VERTEX_POINT('',#7320);
#3299=VERTEX_POINT('',#7321);
#3300=VERTEX_POINT('',#7323);
#3301=VERTEX_POINT('',#7325);
#3302=VERTEX_POINT('',#7329);
#3303=VERTEX_POINT('',#7330);
#3304=VERTEX_POINT('',#7332);
#3305=VERTEX_POINT('',#7334);
#3306=VERTEX_POINT('',#7338);
#3307=VERTEX_POINT('',#7339);
#3308=VERTEX_POINT('',#7341);
#3309=VERTEX_POINT('',#7343);
#3310=VERTEX_POINT('',#7347);
#3311=VERTEX_POINT('',#7348);
#3312=VERTEX_POINT('',#7350);
#3313=VERTEX_POINT('',#7352);
#3314=VERTEX_POINT('',#7356);
#3315=VERTEX_POINT('',#7357);
#3316=VERTEX_POINT('',#7359);
#3317=VERTEX_POINT('',#7361);
#3318=VERTEX_POINT('',#7365);
#3319=VERTEX_POINT('',#7366);
#3320=VERTEX_POINT('',#7368);
#3321=VERTEX_POINT('',#7370);
#3322=VERTEX_POINT('',#7377);
#3323=VERTEX_POINT('',#7382);
#3324=VERTEX_POINT('',#7389);
#3325=VERTEX_POINT('',#7391);
#3326=VERTEX_POINT('',#7401);
#3327=VERTEX_POINT('',#7406);
#3328=VERTEX_POINT('',#7413);
#3329=VERTEX_POINT('',#7415);
#3330=VERTEX_POINT('',#7422);
#3331=VERTEX_POINT('',#7424);
#3332=VERTEX_POINT('',#7428);
#3333=VERTEX_POINT('',#7430);
#3334=VERTEX_POINT('',#7434);
#3335=VERTEX_POINT('',#7436);
#3336=VERTEX_POINT('',#7442);
#3337=VERTEX_POINT('',#7443);
#3338=VERTEX_POINT('',#7445);
#3339=VERTEX_POINT('',#7447);
#3340=VERTEX_POINT('',#7449);
#3341=VERTEX_POINT('',#7451);
#3342=VERTEX_POINT('',#7453);
#3343=VERTEX_POINT('',#7455);
#3344=VERTEX_POINT('',#7457);
#3345=VERTEX_POINT('',#7459);
#3346=VERTEX_POINT('',#7461);
#3347=VERTEX_POINT('',#7463);
#3348=VERTEX_POINT('',#7465);
#3349=VERTEX_POINT('',#7467);
#3350=VERTEX_POINT('',#7469);
#3351=VERTEX_POINT('',#7471);
#3352=VERTEX_POINT('',#7473);
#3353=VERTEX_POINT('',#7475);
#3354=VERTEX_POINT('',#7477);
#3355=VERTEX_POINT('',#7479);
#3356=VERTEX_POINT('',#7482);
#3357=VERTEX_POINT('',#7521);
#3358=VERTEX_POINT('',#7524);
#3359=VERTEX_POINT('',#7526);
#3360=VERTEX_POINT('',#7530);
#3361=VERTEX_POINT('',#7534);
#3362=VERTEX_POINT('',#7538);
#3363=VERTEX_POINT('',#7542);
#3364=VERTEX_POINT('',#7546);
#3365=VERTEX_POINT('',#7550);
#3366=VERTEX_POINT('',#7554);
#3367=VERTEX_POINT('',#7558);
#3368=VERTEX_POINT('',#7562);
#3369=VERTEX_POINT('',#7566);
#3370=VERTEX_POINT('',#7570);
#3371=VERTEX_POINT('',#7574);
#3372=VERTEX_POINT('',#7578);
#3373=VERTEX_POINT('',#7582);
#3374=VERTEX_POINT('',#7586);
#3375=VERTEX_POINT('',#7590);
#3376=VERTEX_POINT('',#7594);
#3377=VERTEX_POINT('',#7598);
#3378=VERTEX_POINT('',#7604);
#3379=VERTEX_POINT('',#7607);
#3380=VERTEX_POINT('',#7608);
#3381=VERTEX_POINT('',#7610);
#3382=VERTEX_POINT('',#7612);
#3383=VERTEX_POINT('',#7616);
#3384=VERTEX_POINT('',#7618);
#3385=VERTEX_POINT('',#7622);
#3386=VERTEX_POINT('',#7624);
#3387=VERTEX_POINT('',#7628);
#3388=VERTEX_POINT('',#7630);
#3389=VERTEX_POINT('',#7634);
#3390=VERTEX_POINT('',#7636);
#3391=VERTEX_POINT('',#7640);
#3392=VERTEX_POINT('',#7642);
#3393=VERTEX_POINT('',#7646);
#3394=VERTEX_POINT('',#7648);
#3395=VERTEX_POINT('',#7652);
#3396=VERTEX_POINT('',#7654);
#3397=VERTEX_POINT('',#7657);
#3398=VERTEX_POINT('',#7659);
#3399=VERTEX_POINT('',#7662);
#3400=VERTEX_POINT('',#7664);
#3401=VERTEX_POINT('',#7667);
#3402=VERTEX_POINT('',#7669);
#3403=VERTEX_POINT('',#7675);
#3404=VERTEX_POINT('',#7679);
#3405=VERTEX_POINT('',#7682);
#3406=VERTEX_POINT('',#7685);
#3407=VERTEX_POINT('',#7688);
#3408=VERTEX_POINT('',#7745);
#3409=VERTEX_POINT('',#7758);
#3410=VERTEX_POINT('',#7762);
#3411=VERTEX_POINT('',#7777);
#3412=VERTEX_POINT('',#7783);
#3413=VERTEX_POINT('',#7785);
#3414=VERTEX_POINT('',#7800);
#3415=VERTEX_POINT('',#7804);
#3416=VERTEX_POINT('',#7821);
#3417=VERTEX_POINT('',#7822);
#3418=VERTEX_POINT('',#7824);
#3419=VERTEX_POINT('',#7826);
#3420=VERTEX_POINT('',#7830);
#3421=VERTEX_POINT('',#7831);
#3422=VERTEX_POINT('',#7836);
#3423=VERTEX_POINT('',#7837);
#3424=VERTEX_POINT('',#7842);
#3425=VERTEX_POINT('',#7843);
#3426=VERTEX_POINT('',#7848);
#3427=VERTEX_POINT('',#7849);
#3428=VERTEX_POINT('',#7854);
#3429=VERTEX_POINT('',#7855);
#3430=VERTEX_POINT('',#7867);
#3431=VERTEX_POINT('',#7868);
#3432=VERTEX_POINT('',#7870);
#3433=VERTEX_POINT('',#7872);
#3434=VERTEX_POINT('',#7876);
#3435=VERTEX_POINT('',#7877);
#3436=VERTEX_POINT('',#7882);
#3437=VERTEX_POINT('',#7883);
#3438=VERTEX_POINT('',#7888);
#3439=VERTEX_POINT('',#7889);
#3440=VERTEX_POINT('',#7894);
#3441=VERTEX_POINT('',#7895);
#3442=VERTEX_POINT('',#7903);
#3443=VERTEX_POINT('',#7904);
#3444=VERTEX_POINT('',#7913);
#3445=VERTEX_POINT('',#7914);
#3446=VERTEX_POINT('',#7916);
#3447=VERTEX_POINT('',#7918);
#3448=VERTEX_POINT('',#7922);
#3449=VERTEX_POINT('',#7923);
#3450=VERTEX_POINT('',#7928);
#3451=VERTEX_POINT('',#7929);
#3452=VERTEX_POINT('',#7934);
#3453=VERTEX_POINT('',#7935);
#3454=VERTEX_POINT('',#7940);
#3455=VERTEX_POINT('',#7941);
#3456=VERTEX_POINT('',#7946);
#3457=VERTEX_POINT('',#7947);
#3458=VERTEX_POINT('',#7959);
#3459=VERTEX_POINT('',#7960);
#3460=VERTEX_POINT('',#7962);
#3461=VERTEX_POINT('',#7964);
#3462=VERTEX_POINT('',#7968);
#3463=VERTEX_POINT('',#7969);
#3464=VERTEX_POINT('',#7974);
#3465=VERTEX_POINT('',#7975);
#3466=VERTEX_POINT('',#7980);
#3467=VERTEX_POINT('',#7981);
#3468=VERTEX_POINT('',#7986);
#3469=VERTEX_POINT('',#7987);
#3470=VERTEX_POINT('',#7995);
#3471=VERTEX_POINT('',#7996);
#3472=VERTEX_POINT('',#8009);
#3473=VERTEX_POINT('',#8013);
#3474=VERTEX_POINT('',#8017);
#3475=VERTEX_POINT('',#8020);
#3476=VERTEX_POINT('',#8027);
#3477=VERTEX_POINT('',#8032);
#3478=VERTEX_POINT('',#8038);
#3479=VERTEX_POINT('',#8042);
#3480=VERTEX_POINT('',#8051);
#3481=VERTEX_POINT('',#8054);
#3482=VERTEX_POINT('',#8056);
#3483=VERTEX_POINT('',#8058);
#3484=VERTEX_POINT('',#8060);
#3485=VERTEX_POINT('',#8062);
#3486=VERTEX_POINT('',#8064);
#3487=VERTEX_POINT('',#8066);
#3488=VERTEX_POINT('',#8068);
#3489=VERTEX_POINT('',#8070);
#3490=VERTEX_POINT('',#8072);
#3491=VERTEX_POINT('',#8074);
#3492=VERTEX_POINT('',#8076);
#3493=VERTEX_POINT('',#8078);
#3494=VERTEX_POINT('',#8080);
#3495=VERTEX_POINT('',#8082);
#3496=VERTEX_POINT('',#8083);
#3497=VERTEX_POINT('',#8085);
#3498=VERTEX_POINT('',#8087);
#3499=VERTEX_POINT('',#8089);
#3500=VERTEX_POINT('',#8092);
#3501=VERTEX_POINT('',#8093);
#3502=VERTEX_POINT('',#8095);
#3503=VERTEX_POINT('',#8097);
#3504=VERTEX_POINT('',#8099);
#3505=VERTEX_POINT('',#8101);
#3506=VERTEX_POINT('',#8103);
#3507=VERTEX_POINT('',#8105);
#3508=VERTEX_POINT('',#8108);
#3509=VERTEX_POINT('',#8109);
#3510=VERTEX_POINT('',#8111);
#3511=VERTEX_POINT('',#8113);
#3512=VERTEX_POINT('',#8115);
#3513=VERTEX_POINT('',#8117);
#3514=VERTEX_POINT('',#8119);
#3515=VERTEX_POINT('',#8121);
#3516=VERTEX_POINT('',#8123);
#3517=VERTEX_POINT('',#8125);
#3518=VERTEX_POINT('',#8127);
#3519=VERTEX_POINT('',#8129);
#3520=VERTEX_POINT('',#8131);
#3521=VERTEX_POINT('',#8133);
#3522=VERTEX_POINT('',#8136);
#3523=VERTEX_POINT('',#8137);
#3524=VERTEX_POINT('',#8139);
#3525=VERTEX_POINT('',#8141);
#3526=VERTEX_POINT('',#8143);
#3527=VERTEX_POINT('',#8145);
#3528=VERTEX_POINT('',#8147);
#3529=VERTEX_POINT('',#8151);
#3530=VERTEX_POINT('',#8153);
#3531=VERTEX_POINT('',#8157);
#3532=VERTEX_POINT('',#8161);
#3533=VERTEX_POINT('',#8165);
#3534=VERTEX_POINT('',#8169);
#3535=VERTEX_POINT('',#8173);
#3536=VERTEX_POINT('',#8180);
#3537=VERTEX_POINT('',#8182);
#3538=VERTEX_POINT('',#8186);
#3539=VERTEX_POINT('',#8190);
#3540=VERTEX_POINT('',#8194);
#3541=VERTEX_POINT('',#8198);
#3542=VERTEX_POINT('',#8202);
#3543=VERTEX_POINT('',#8206);
#3544=VERTEX_POINT('',#8210);
#3545=VERTEX_POINT('',#8214);
#3546=VERTEX_POINT('',#8218);
#3547=VERTEX_POINT('',#8222);
#3548=VERTEX_POINT('',#8226);
#3549=VERTEX_POINT('',#8230);
#3550=VERTEX_POINT('',#8237);
#3551=VERTEX_POINT('',#8239);
#3552=VERTEX_POINT('',#8243);
#3553=VERTEX_POINT('',#8247);
#3554=VERTEX_POINT('',#8251);
#3555=VERTEX_POINT('',#8255);
#3556=VERTEX_POINT('',#8259);
#3557=VERTEX_POINT('',#8263);
#3558=VERTEX_POINT('',#8267);
#3559=VERTEX_POINT('',#8268);
#3560=VERTEX_POINT('',#8270);
#3561=VERTEX_POINT('',#8272);
#3562=VERTEX_POINT('',#8276);
#3563=VERTEX_POINT('',#8278);
#3564=VERTEX_POINT('',#8289);
#3565=VERTEX_POINT('',#8291);
#3566=VERTEX_POINT('',#8295);
#3567=VERTEX_POINT('',#8299);
#3568=VERTEX_POINT('',#8303);
#3569=VERTEX_POINT('',#8307);
#3570=VERTEX_POINT('',#8308);
#3571=VERTEX_POINT('',#8310);
#3572=VERTEX_POINT('',#8312);
#3573=VERTEX_POINT('',#8316);
#3574=VERTEX_POINT('',#8318);
#3575=VERTEX_POINT('',#8322);
#3576=VERTEX_POINT('',#8324);
#3577=VERTEX_POINT('',#8328);
#3578=VERTEX_POINT('',#8329);
#3579=VERTEX_POINT('',#8331);
#3580=VERTEX_POINT('',#8333);
#3581=VERTEX_POINT('',#8337);
#3582=VERTEX_POINT('',#8339);
#3583=VERTEX_POINT('',#8343);
#3584=VERTEX_POINT('',#8345);
#3585=VERTEX_POINT('',#8361);
#3586=VERTEX_POINT('',#8363);
#3587=VERTEX_POINT('',#8367);
#3588=VERTEX_POINT('',#8371);
#3589=VERTEX_POINT('',#8375);
#3590=VERTEX_POINT('',#8379);
#3591=VERTEX_POINT('',#8383);
#3592=VERTEX_POINT('',#8390);
#3593=VERTEX_POINT('',#8392);
#3594=VERTEX_POINT('',#8396);
#3595=VERTEX_POINT('',#8400);
#3596=VERTEX_POINT('',#8404);
#3597=VERTEX_POINT('',#8408);
#3598=VERTEX_POINT('',#8412);
#3599=VERTEX_POINT('',#8416);
#3600=VERTEX_POINT('',#8420);
#3601=VERTEX_POINT('',#8424);
#3602=VERTEX_POINT('',#8428);
#3603=VERTEX_POINT('',#8432);
#3604=VERTEX_POINT('',#8436);
#3605=VERTEX_POINT('',#8440);
#3606=VERTEX_POINT('',#8447);
#3607=VERTEX_POINT('',#8449);
#3608=VERTEX_POINT('',#8453);
#3609=VERTEX_POINT('',#8457);
#3610=VERTEX_POINT('',#8461);
#3611=VERTEX_POINT('',#8465);
#3612=VERTEX_POINT('',#8466);
#3613=VERTEX_POINT('',#8468);
#3614=VERTEX_POINT('',#8470);
#3615=VERTEX_POINT('',#8474);
#3616=VERTEX_POINT('',#8476);
#3617=VERTEX_POINT('',#8480);
#3618=VERTEX_POINT('',#8482);
#3619=VERTEX_POINT('',#8486);
#3620=VERTEX_POINT('',#8487);
#3621=VERTEX_POINT('',#8489);
#3622=VERTEX_POINT('',#8491);
#3623=VERTEX_POINT('',#8495);
#3624=VERTEX_POINT('',#8497);
#3625=VERTEX_POINT('',#8501);
#3626=VERTEX_POINT('',#8503);
#3627=VERTEX_POINT('',#8518);
#3628=VERTEX_POINT('',#8520);
#3629=VERTEX_POINT('',#8524);
#3630=VERTEX_POINT('',#8528);
#3631=VERTEX_POINT('',#8532);
#3632=VERTEX_POINT('',#8536);
#3633=VERTEX_POINT('',#8540);
#3634=VERTEX_POINT('',#8544);
#3635=VERTEX_POINT('',#8548);
#3636=VERTEX_POINT('',#8549);
#3637=VERTEX_POINT('',#8551);
#3638=VERTEX_POINT('',#8553);
#3639=VERTEX_POINT('',#8557);
#3640=VERTEX_POINT('',#8559);
#3641=VERTEX_POINT('',#8570);
#3642=VERTEX_POINT('',#8574);
#3643=VERTEX_POINT('',#8578);
#3644=VERTEX_POINT('',#8582);
#3645=VERTEX_POINT('',#8586);
#3646=VERTEX_POINT('',#8590);
#3647=VERTEX_POINT('',#8594);
#3648=VERTEX_POINT('',#8598);
#3649=VERTEX_POINT('',#8602);
#3650=VERTEX_POINT('',#8606);
#3651=VERTEX_POINT('',#8610);
#3652=VERTEX_POINT('',#8613);
#3653=VERTEX_POINT('',#8616);
#3654=VERTEX_POINT('',#8619);
#3655=VERTEX_POINT('',#8623);
#3656=VERTEX_POINT('',#8626);
#3657=VERTEX_POINT('',#8629);
#3658=VERTEX_POINT('',#8632);
#3659=VERTEX_POINT('',#8636);
#3660=VERTEX_POINT('',#8639);
#3661=VERTEX_POINT('',#8642);
#3662=VERTEX_POINT('',#8645);
#3663=VERTEX_POINT('',#8649);
#3664=VERTEX_POINT('',#8652);
#3665=VERTEX_POINT('',#8655);
#3666=VERTEX_POINT('',#8658);
#3667=CIRCLE('',#5096,1.675);
#3668=CIRCLE('',#5097,1.675);
#3669=CIRCLE('',#5098,2.25);
#3670=CIRCLE('',#5099,2.25);
#3671=CIRCLE('',#5100,0.4125);
#3672=CIRCLE('',#5101,0.412500000000001);
#3673=CIRCLE('',#5102,0.600000000000001);
#3674=CIRCLE('',#5103,0.600000000000005);
#3675=CIRCLE('',#5104,0.225000000000001);
#3676=CIRCLE('',#5105,0.15);
#3677=CIRCLE('',#5106,0.600000000000003);
#3678=CIRCLE('',#5107,0.599999999999995);
#3679=CIRCLE('',#5108,8.6);
#3680=CIRCLE('',#5110,8.325);
#3681=CIRCLE('',#5111,9.08);
#3682=CIRCLE('',#5112,8.325);
#3683=CIRCLE('',#5113,8.76355803866375);
#3684=CIRCLE('',#5114,8.325);
#3685=CIRCLE('',#5115,8.76355803866375);
#3686=CIRCLE('',#5117,9.08);
#3687=CIRCLE('',#5119,9.08);
#3688=CIRCLE('',#5120,9.08);
#3689=CIRCLE('',#5122,9.08);
#3690=CIRCLE('',#5124,9.08);
#3691=CIRCLE('',#5126,9.08);
#3692=CIRCLE('',#5127,9.08);
#3693=CIRCLE('',#5128,9.08);
#3694=CIRCLE('',#5129,9.08);
#3695=CIRCLE('',#5131,8.325);
#3696=CIRCLE('',#5132,8.76355803866375);
#3697=CIRCLE('',#5133,8.325);
#3698=CIRCLE('',#5134,8.76355803866375);
#3699=CIRCLE('',#5135,8.325);
#3700=CIRCLE('',#5137,10.319);
#3701=CIRCLE('',#5138,10.319);
#3702=CIRCLE('',#5139,10.319);
#3703=CIRCLE('',#5140,10.319);
#3704=CIRCLE('',#5142,10.319);
#3705=CIRCLE('',#5143,10.319);
#3706=CIRCLE('',#5144,10.319);
#3707=CIRCLE('',#5145,10.319);
#3708=CIRCLE('',#5150,12.4);
#3709=CIRCLE('',#5151,11.1);
#3710=CIRCLE('',#5156,12.4);
#3711=CIRCLE('',#5157,11.1);
#3712=CIRCLE('',#5162,12.4);
#3713=CIRCLE('',#5163,11.1);
#3714=CIRCLE('',#5165,9.5631);
#3715=CIRCLE('',#5167,9.5631);
#3716=CIRCLE('',#5169,9.5631);
#3717=CIRCLE('',#5171,9.5631);
#3718=CIRCLE('',#5173,9.5631);
#3719=CIRCLE('',#5175,9.5631);
#3720=CIRCLE('',#5178,10.3300000000004);
#3721=CIRCLE('',#5179,9.34999999999996);
#3722=CIRCLE('',#5180,10.3300000000003);
#3723=CIRCLE('',#5181,9.35);
#3724=CIRCLE('',#5182,10.3300000000004);
#3725=CIRCLE('',#5183,9.35);
#3726=CIRCLE('',#5184,10.3299999999999);
#3727=CIRCLE('',#5185,9.35000000000001);
#3728=CIRCLE('',#5186,10.33);
#3729=CIRCLE('',#5187,9.35);
#3730=CIRCLE('',#5188,11.1);
#3731=CIRCLE('',#5190,11.1);
#3732=CIRCLE('',#5193,10.3300000000004);
#3733=CIRCLE('',#5196,9.35);
#3734=CIRCLE('',#5199,10.33);
#3735=CIRCLE('',#5202,9.35000000000001);
#3736=CIRCLE('',#5205,10.3299999999999);
#3737=CIRCLE('',#5208,9.35);
#3738=CIRCLE('',#5211,10.3300000000004);
#3739=CIRCLE('',#5214,9.35);
#3740=CIRCLE('',#5217,10.3300000000003);
#3741=CIRCLE('',#5220,9.34999999999996);
#3742=CIRCLE('',#5222,8.6);
#3743=CIRCLE('',#5231,1.6);
#3744=CIRCLE('',#5232,1.6);
#3745=CIRCLE('',#5234,1.6);
#3746=CIRCLE('',#5235,1.6);
#3747=CIRCLE('',#5237,1.6);
#3748=CIRCLE('',#5238,1.6);
#3749=CIRCLE('',#5240,1.6);
#3750=CIRCLE('',#5241,1.6);
#3751=CIRCLE('',#5244,10.35);
#3752=CIRCLE('',#5247,10.35);
#3753=CIRCLE('',#5249,9.5631);
#3754=CIRCLE('',#5251,9.5631);
#3755=CIRCLE('',#5253,9.5631);
#3756=CIRCLE('',#5255,9.5631);
#3757=CIRCLE('',#5256,9.5631);
#3758=CIRCLE('',#5287,9.01);
#3759=CIRCLE('',#5288,9.01);
#3760=CIRCLE('',#5290,8.44099683958881);
#3761=CIRCLE('',#5292,8.325);
#3762=CIRCLE('',#5294,8.76355803866375);
#3763=CIRCLE('',#5296,9.41);
#3764=CIRCLE('',#5298,9.41);
#3765=CIRCLE('',#5303,9.01);
#3766=CIRCLE('',#5304,8.4409968395888);
#3767=CIRCLE('',#5306,9.01);
#3768=CIRCLE('',#5308,9.41);
#3769=CIRCLE('',#5310,9.41);
#3770=CIRCLE('',#5312,8.76355803866375);
#3771=CIRCLE('',#5315,8.325);
#3772=CIRCLE('',#5319,9.01);
#3773=CIRCLE('',#5320,9.01);
#3774=CIRCLE('',#5322,8.4409968395888);
#3775=CIRCLE('',#5324,8.325);
#3776=CIRCLE('',#5326,8.76355803866375);
#3777=CIRCLE('',#5328,9.41);
#3778=CIRCLE('',#5330,9.41);
#3779=CIRCLE('',#5335,9.01);
#3780=CIRCLE('',#5336,8.44099683958881);
#3781=CIRCLE('',#5338,9.01);
#3782=CIRCLE('',#5340,9.41);
#3783=CIRCLE('',#5342,9.41);
#3784=CIRCLE('',#5344,8.76355803866375);
#3785=CIRCLE('',#5347,8.325);
#3786=CIRCLE('',#5355,8.325);
#3787=CIRCLE('',#5361,8.325);
#3788=CIRCLE('',#5368,8.325);
#3789=CIRCLE('',#5370,1.675);
#3790=CIRCLE('',#5371,1.675);
#3791=CIRCLE('',#5372,2.25);
#3792=CIRCLE('',#5373,2.25);
#3793=CIRCLE('',#5374,0.75);
#3794=CIRCLE('',#5375,0.75);
#3795=CIRCLE('',#5376,0.75);
#3796=CIRCLE('',#5377,0.75);
#3797=CIRCLE('',#5378,0.75);
#3798=CIRCLE('',#5379,0.75);
#3799=CIRCLE('',#5380,0.75);
#3800=CIRCLE('',#5381,0.75);
#3801=CIRCLE('',#5382,0.75);
#3802=CIRCLE('',#5383,0.75);
#3803=CIRCLE('',#5384,0.4125);
#3804=CIRCLE('',#5385,0.4125);
#3805=CIRCLE('',#5386,0.600000000000002);
#3806=CIRCLE('',#5387,0.600000000000003);
#3807=CIRCLE('',#5388,0.225000000000002);
#3808=CIRCLE('',#5389,0.15);
#3809=CIRCLE('',#5390,0.599999999999966);
#3810=CIRCLE('',#5391,0.599999999999996);
#3811=CIRCLE('',#5401,0.600000000000003);
#3812=CIRCLE('',#5403,0.225000000000002);
#3813=CIRCLE('',#5411,0.15);
#3814=CIRCLE('',#5413,0.599999999999966);
#3815=CIRCLE('',#5416,0.599999999999996);
#3816=CIRCLE('',#5419,0.600000000000002);
#3817=CIRCLE('',#5435,0.4125);
#3818=CIRCLE('',#5437,0.4125);
#3819=CIRCLE('',#5447,0.2625);
#3820=CIRCLE('',#5448,0.2625);
#3821=CIRCLE('',#5450,0.2625);
#3822=CIRCLE('',#5451,0.2625);
#3823=CIRCLE('',#5466,0.600000000000001);
#3824=CIRCLE('',#5469,0.599999999999995);
#3825=CIRCLE('',#5472,0.600000000000003);
#3826=CIRCLE('',#5474,0.15);
#3827=CIRCLE('',#5482,0.225000000000001);
#3828=CIRCLE('',#5484,0.600000000000005);
#3829=CIRCLE('',#5490,0.412500000000001);
#3830=CIRCLE('',#5493,0.2625);
#3831=CIRCLE('',#5494,0.2625);
#3832=CIRCLE('',#5498,0.2625);
#3833=CIRCLE('',#5499,0.2625);
#3834=CIRCLE('',#5504,0.4125);
#3835=CIRCLE('',#5522,0.75);
#3836=CIRCLE('',#5525,0.75);
#3837=CIRCLE('',#5528,0.75);
#3838=CIRCLE('',#5531,0.75);
#3839=CIRCLE('',#5534,0.75);
#3840=CIRCLE('',#5537,0.75);
#3841=CIRCLE('',#5540,0.75);
#3842=CIRCLE('',#5543,0.75);
#3843=CIRCLE('',#5546,0.75);
#3844=CIRCLE('',#5549,0.75);
#3845=CIRCLE('',#5552,2.25);
#3846=CIRCLE('',#5554,1.84);
#3847=CIRCLE('',#5556,1.84);
#3848=CIRCLE('',#5558,2.25);
#3849=CIRCLE('',#5561,2.25);
#3850=CIRCLE('',#5563,1.84);
#3851=CIRCLE('',#5565,1.84);
#3852=CIRCLE('',#5567,2.25);
#3853=CIRCLE('',#5570,1.675);
#3854=CIRCLE('',#5572,1.35);
#3855=CIRCLE('',#5574,1.35);
#3856=CIRCLE('',#5576,1.675);
#3857=CIRCLE('',#5579,1.675);
#3858=CIRCLE('',#5581,1.35);
#3859=CIRCLE('',#5583,1.35);
#3860=CIRCLE('',#5585,1.675);
#3861=EDGE_LOOP('',(#1091));
#3862=EDGE_LOOP('',(#1092));
#3863=EDGE_LOOP('',(#1093));
#3864=EDGE_LOOP('',(#1094));
#3865=EDGE_LOOP('',(#1095,#1096,#1097,#1098,#1099));
#3866=EDGE_LOOP('',(#1100,#1101,#1102,#1103,#1104,#1105,#1106,#1107,#1108,
#1109,#1110,#1111,#1112,#1113));
#3867=EDGE_LOOP('',(#1114));
#3868=EDGE_LOOP('',(#1115,#1116,#1117,#1118,#1119,#1120,#1121));
#3869=EDGE_LOOP('',(#1122,#1123,#1124,#1125,#1126,#1127,#1128,#1129));
#3870=EDGE_LOOP('',(#1130,#1131,#1132,#1133,#1134,#1135,#1136,#1137,#1138,
#1139,#1140,#1141));
#3871=EDGE_LOOP('',(#1142,#1143,#1144,#1145,#1146,#1147));
#3872=EDGE_LOOP('',(#1148,#1149,#1150,#1151,#1152,#1153));
#3873=EDGE_LOOP('',(#1154,#1155,#1156,#1157,#1158,#1159,#1160,#1161,#1162,
#1163,#1164,#1165,#1166,#1167,#1168,#1169,#1170,#1171));
#3874=EDGE_LOOP('',(#1172,#1173,#1174,#1175,#1176,#1177,#1178,#1179,#1180,
#1181,#1182,#1183));
#3875=EDGE_LOOP('',(#1184,#1185,#1186,#1187));
#3876=EDGE_LOOP('',(#1188,#1189,#1190,#1191,#1192,#1193,#1194,#1195));
#3877=EDGE_LOOP('',(#1196,#1197,#1198,#1199));
#3878=EDGE_LOOP('',(#1200,#1201,#1202,#1203,#1204,#1205,#1206,#1207));
#3879=EDGE_LOOP('',(#1208,#1209,#1210,#1211));
#3880=EDGE_LOOP('',(#1212,#1213,#1214,#1215));
#3881=EDGE_LOOP('',(#1216,#1217,#1218,#1219));
#3882=EDGE_LOOP('',(#1220,#1221,#1222,#1223));
#3883=EDGE_LOOP('',(#1224,#1225,#1226,#1227));
#3884=EDGE_LOOP('',(#1228,#1229,#1230,#1231));
#3885=EDGE_LOOP('',(#1232,#1233,#1234,#1235));
#3886=EDGE_LOOP('',(#1236,#1237,#1238,#1239));
#3887=EDGE_LOOP('',(#1240,#1241,#1242,#1243));
#3888=EDGE_LOOP('',(#1244,#1245,#1246,#1247));
#3889=EDGE_LOOP('',(#1248,#1249,#1250,#1251));
#3890=EDGE_LOOP('',(#1252,#1253,#1254,#1255));
#3891=EDGE_LOOP('',(#1256,#1257,#1258,#1259));
#3892=EDGE_LOOP('',(#1260,#1261,#1262,#1263));
#3893=EDGE_LOOP('',(#1264,#1265,#1266,#1267,#1268,#1269,#1270,#1271,#1272,
#1273,#1274,#1275,#1276,#1277,#1278,#1279,#1280,#1281,#1282,#1283));
#3894=EDGE_LOOP('',(#1284));
#3895=EDGE_LOOP('',(#1285,#1286,#1287,#1288));
#3896=EDGE_LOOP('',(#1289,#1290,#1291,#1292));
#3897=EDGE_LOOP('',(#1293,#1294,#1295,#1296));
#3898=EDGE_LOOP('',(#1297));
#3899=EDGE_LOOP('',(#1298));
#3900=EDGE_LOOP('',(#1299,#1300,#1301,#1302));
#3901=EDGE_LOOP('',(#1303,#1304,#1305,#1306));
#3902=EDGE_LOOP('',(#1307,#1308,#1309,#1310));
#3903=EDGE_LOOP('',(#1311,#1312,#1313,#1314));
#3904=EDGE_LOOP('',(#1315,#1316,#1317,#1318));
#3905=EDGE_LOOP('',(#1319,#1320,#1321,#1322));
#3906=EDGE_LOOP('',(#1323,#1324,#1325,#1326));
#3907=EDGE_LOOP('',(#1327,#1328,#1329,#1330));
#3908=EDGE_LOOP('',(#1331,#1332,#1333,#1334));
#3909=EDGE_LOOP('',(#1335,#1336,#1337,#1338));
#3910=EDGE_LOOP('',(#1339,#1340,#1341,#1342));
#3911=EDGE_LOOP('',(#1343,#1344,#1345,#1346));
#3912=EDGE_LOOP('',(#1347,#1348,#1349,#1350));
#3913=EDGE_LOOP('',(#1351,#1352,#1353,#1354));
#3914=EDGE_LOOP('',(#1355,#1356,#1357,#1358));
#3915=EDGE_LOOP('',(#1359,#1360,#1361,#1362));
#3916=EDGE_LOOP('',(#1363,#1364,#1365,#1366));
#3917=EDGE_LOOP('',(#1367,#1368,#1369,#1370));
#3918=EDGE_LOOP('',(#1371,#1372,#1373,#1374));
#3919=EDGE_LOOP('',(#1375,#1376,#1377,#1378));
#3920=EDGE_LOOP('',(#1379));
#3921=EDGE_LOOP('',(#1380,#1381,#1382,#1383,#1384,#1385,#1386,#1387,#1388,
#1389,#1390,#1391,#1392,#1393,#1394,#1395,#1396,#1397,#1398,#1399));
#3922=EDGE_LOOP('',(#1400,#1401,#1402,#1403));
#3923=EDGE_LOOP('',(#1404,#1405,#1406,#1407));
#3924=EDGE_LOOP('',(#1408,#1409,#1410,#1411));
#3925=EDGE_LOOP('',(#1412,#1413,#1414,#1415));
#3926=EDGE_LOOP('',(#1416,#1417,#1418,#1419));
#3927=EDGE_LOOP('',(#1420,#1421,#1422,#1423));
#3928=EDGE_LOOP('',(#1424,#1425,#1426,#1427));
#3929=EDGE_LOOP('',(#1428));
#3930=EDGE_LOOP('',(#1429));
#3931=EDGE_LOOP('',(#1430));
#3932=EDGE_LOOP('',(#1431));
#3933=EDGE_LOOP('',(#1432));
#3934=EDGE_LOOP('',(#1433));
#3935=EDGE_LOOP('',(#1434));
#3936=EDGE_LOOP('',(#1435));
#3937=EDGE_LOOP('',(#1436,#1437,#1438,#1439));
#3938=EDGE_LOOP('',(#1440));
#3939=EDGE_LOOP('',(#1441));
#3940=EDGE_LOOP('',(#1442));
#3941=EDGE_LOOP('',(#1443));
#3942=EDGE_LOOP('',(#1444));
#3943=EDGE_LOOP('',(#1445,#1446,#1447,#1448,#1449,#1450,#1451,#1452));
#3944=EDGE_LOOP('',(#1453));
#3945=EDGE_LOOP('',(#1454));
#3946=EDGE_LOOP('',(#1455));
#3947=EDGE_LOOP('',(#1456));
#3948=EDGE_LOOP('',(#1457));
#3949=EDGE_LOOP('',(#1458,#1459,#1460,#1461,#1462,#1463,#1464,#1465));
#3950=EDGE_LOOP('',(#1466));
#3951=EDGE_LOOP('',(#1467));
#3952=EDGE_LOOP('',(#1468));
#3953=EDGE_LOOP('',(#1469));
#3954=EDGE_LOOP('',(#1470));
#3955=EDGE_LOOP('',(#1471));
#3956=EDGE_LOOP('',(#1472));
#3957=EDGE_LOOP('',(#1473));
#3958=EDGE_LOOP('',(#1474,#1475,#1476,#1477));
#3959=EDGE_LOOP('',(#1478));
#3960=EDGE_LOOP('',(#1479,#1480,#1481,#1482,#1483,#1484,#1485,#1486,#1487,
#1488));
#3961=EDGE_LOOP('',(#1489,#1490));
#3962=EDGE_LOOP('',(#1491,#1492));
#3963=EDGE_LOOP('',(#1493,#1494,#1495,#1496,#1497,#1498,#1499,#1500,#1501,
#1502));
#3964=EDGE_LOOP('',(#1503,#1504,#1505,#1506));
#3965=EDGE_LOOP('',(#1507,#1508,#1509,#1510));
#3966=EDGE_LOOP('',(#1511,#1512,#1513,#1514));
#3967=EDGE_LOOP('',(#1515,#1516,#1517,#1518));
#3968=EDGE_LOOP('',(#1519,#1520,#1521,#1522));
#3969=EDGE_LOOP('',(#1523,#1524,#1525,#1526));
#3970=EDGE_LOOP('',(#1527,#1528,#1529,#1530));
#3971=EDGE_LOOP('',(#1531,#1532,#1533,#1534));
#3972=EDGE_LOOP('',(#1535,#1536,#1537,#1538));
#3973=EDGE_LOOP('',(#1539,#1540,#1541,#1542,#1543));
#3974=EDGE_LOOP('',(#1544,#1545,#1546,#1547));
#3975=EDGE_LOOP('',(#1548,#1549,#1550,#1551,#1552));
#3976=EDGE_LOOP('',(#1553,#1554,#1555,#1556));
#3977=EDGE_LOOP('',(#1557,#1558,#1559,#1560,#1561));
#3978=EDGE_LOOP('',(#1562,#1563,#1564,#1565));
#3979=EDGE_LOOP('',(#1566,#1567,#1568,#1569,#1570));
#3980=EDGE_LOOP('',(#1571,#1572,#1573,#1574));
#3981=EDGE_LOOP('',(#1575,#1576,#1577,#1578));
#3982=EDGE_LOOP('',(#1579,#1580,#1581,#1582,#1583));
#3983=EDGE_LOOP('',(#1584,#1585,#1586,#1587));
#3984=EDGE_LOOP('',(#1588,#1589,#1590,#1591,#1592));
#3985=EDGE_LOOP('',(#1593,#1594,#1595,#1596));
#3986=EDGE_LOOP('',(#1597,#1598,#1599,#1600,#1601));
#3987=EDGE_LOOP('',(#1602,#1603,#1604,#1605));
#3988=EDGE_LOOP('',(#1606,#1607,#1608,#1609,#1610));
#3989=EDGE_LOOP('',(#1611,#1612,#1613,#1614));
#3990=EDGE_LOOP('',(#1615,#1616,#1617,#1618));
#3991=EDGE_LOOP('',(#1619,#1620,#1621,#1622));
#3992=EDGE_LOOP('',(#1623,#1624,#1625,#1626));
#3993=EDGE_LOOP('',(#1627,#1628,#1629,#1630));
#3994=EDGE_LOOP('',(#1631,#1632,#1633,#1634));
#3995=EDGE_LOOP('',(#1635,#1636,#1637,#1638));
#3996=EDGE_LOOP('',(#1639,#1640,#1641,#1642,#1643,#1644,#1645,#1646,#1647));
#3997=EDGE_LOOP('',(#1648,#1649,#1650,#1651,#1652,#1653,#1654,#1655,#1656));
#3998=EDGE_LOOP('',(#1657,#1658,#1659,#1660));
#3999=EDGE_LOOP('',(#1661,#1662,#1663,#1664));
#4000=EDGE_LOOP('',(#1665,#1666,#1667,#1668));
#4001=EDGE_LOOP('',(#1669,#1670,#1671,#1672));
#4002=EDGE_LOOP('',(#1673,#1674,#1675,#1676));
#4003=EDGE_LOOP('',(#1677,#1678,#1679,#1680));
#4004=EDGE_LOOP('',(#1681,#1682,#1683,#1684));
#4005=EDGE_LOOP('',(#1685,#1686,#1687,#1688,#1689,#1690,#1691,#1692,#1693));
#4006=EDGE_LOOP('',(#1694,#1695,#1696,#1697,#1698,#1699,#1700,#1701,#1702));
#4007=EDGE_LOOP('',(#1703,#1704,#1705,#1706));
#4008=EDGE_LOOP('',(#1707,#1708,#1709,#1710));
#4009=EDGE_LOOP('',(#1711,#1712,#1713,#1714));
#4010=EDGE_LOOP('',(#1715,#1716,#1717,#1718));
#4011=EDGE_LOOP('',(#1719,#1720,#1721,#1722));
#4012=EDGE_LOOP('',(#1723,#1724,#1725,#1726));
#4013=EDGE_LOOP('',(#1727,#1728,#1729,#1730));
#4014=EDGE_LOOP('',(#1731,#1732,#1733,#1734,#1735,#1736,#1737,#1738,#1739));
#4015=EDGE_LOOP('',(#1740,#1741,#1742,#1743,#1744,#1745,#1746,#1747,#1748));
#4016=EDGE_LOOP('',(#1749,#1750,#1751,#1752));
#4017=EDGE_LOOP('',(#1753,#1754,#1755,#1756));
#4018=EDGE_LOOP('',(#1757,#1758,#1759,#1760));
#4019=EDGE_LOOP('',(#1761,#1762,#1763,#1764));
#4020=EDGE_LOOP('',(#1765,#1766,#1767,#1768));
#4021=EDGE_LOOP('',(#1769,#1770,#1771,#1772));
#4022=EDGE_LOOP('',(#1773,#1774,#1775,#1776));
#4023=EDGE_LOOP('',(#1777,#1778,#1779,#1780,#1781,#1782,#1783,#1784,#1785));
#4024=EDGE_LOOP('',(#1786,#1787,#1788,#1789,#1790,#1791,#1792,#1793,#1794));
#4025=EDGE_LOOP('',(#1795,#1796,#1797,#1798));
#4026=EDGE_LOOP('',(#1799,#1800,#1801,#1802));
#4027=EDGE_LOOP('',(#1803,#1804,#1805,#1806,#1807,#1808));
#4028=EDGE_LOOP('',(#1809,#1810,#1811,#1812,#1813,#1814));
#4029=EDGE_LOOP('',(#1815,#1816,#1817,#1818,#1819,#1820,#1821,#1822));
#4030=EDGE_LOOP('',(#1823,#1824,#1825,#1826));
#4031=EDGE_LOOP('',(#1827,#1828,#1829,#1830,#1831,#1832));
#4032=EDGE_LOOP('',(#1833,#1834,#1835,#1836));
#4033=EDGE_LOOP('',(#1837,#1838,#1839,#1840,#1841,#1842));
#4034=EDGE_LOOP('',(#1843,#1844,#1845,#1846));
#4035=EDGE_LOOP('',(#1847,#1848,#1849,#1850));
#4036=EDGE_LOOP('',(#1851,#1852,#1853,#1854));
#4037=EDGE_LOOP('',(#1855,#1856,#1857,#1858));
#4038=EDGE_LOOP('',(#1859,#1860,#1861,#1862));
#4039=EDGE_LOOP('',(#1863,#1864,#1865,#1866,#1867,#1868));
#4040=EDGE_LOOP('',(#1869));
#4041=EDGE_LOOP('',(#1870,#1871,#1872,#1873,#1874,#1875,#1876,#1877,#1878,
#1879,#1880,#1881,#1882,#1883,#1884,#1885,#1886,#1887,#1888,#1889,#1890,
#1891,#1892,#1893));
#4042=EDGE_LOOP('',(#1894));
#4043=EDGE_LOOP('',(#1895));
#4044=EDGE_LOOP('',(#1896));
#4045=EDGE_LOOP('',(#1897));
#4046=EDGE_LOOP('',(#1898));
#4047=EDGE_LOOP('',(#1899));
#4048=EDGE_LOOP('',(#1900));
#4049=EDGE_LOOP('',(#1901));
#4050=EDGE_LOOP('',(#1902));
#4051=EDGE_LOOP('',(#1903));
#4052=EDGE_LOOP('',(#1904));
#4053=EDGE_LOOP('',(#1905));
#4054=EDGE_LOOP('',(#1906));
#4055=EDGE_LOOP('',(#1907));
#4056=EDGE_LOOP('',(#1908,#1909,#1910,#1911,#1912));
#4057=EDGE_LOOP('',(#1913,#1914,#1915,#1916,#1917,#1918,#1919,#1920));
#4058=EDGE_LOOP('',(#1921,#1922,#1923,#1924,#1925,#1926,#1927,#1928,#1929,
#1930,#1931,#1932,#1933,#1934));
#4059=EDGE_LOOP('',(#1935,#1936,#1937,#1938,#1939,#1940,#1941));
#4060=EDGE_LOOP('',(#1942));
#4061=EDGE_LOOP('',(#1943,#1944,#1945,#1946));
#4062=EDGE_LOOP('',(#1947,#1948,#1949,#1950));
#4063=EDGE_LOOP('',(#1951,#1952,#1953,#1954));
#4064=EDGE_LOOP('',(#1955,#1956,#1957,#1958));
#4065=EDGE_LOOP('',(#1959,#1960,#1961,#1962));
#4066=EDGE_LOOP('',(#1963,#1964,#1965,#1966));
#4067=EDGE_LOOP('',(#1967,#1968,#1969,#1970));
#4068=EDGE_LOOP('',(#1971,#1972,#1973,#1974,#1975,#1976,#1977));
#4069=EDGE_LOOP('',(#1978,#1979,#1980,#1981));
#4070=EDGE_LOOP('',(#1982,#1983,#1984,#1985));
#4071=EDGE_LOOP('',(#1986,#1987,#1988,#1989));
#4072=EDGE_LOOP('',(#1990,#1991,#1992,#1993));
#4073=EDGE_LOOP('',(#1994,#1995,#1996,#1997));
#4074=EDGE_LOOP('',(#1998,#1999,#2000,#2001));
#4075=EDGE_LOOP('',(#2002,#2003,#2004,#2005));
#4076=EDGE_LOOP('',(#2006,#2007,#2008,#2009));
#4077=EDGE_LOOP('',(#2010,#2011,#2012,#2013));
#4078=EDGE_LOOP('',(#2014,#2015,#2016,#2017));
#4079=EDGE_LOOP('',(#2018,#2019,#2020,#2021));
#4080=EDGE_LOOP('',(#2022,#2023,#2024,#2025));
#4081=EDGE_LOOP('',(#2026,#2027,#2028,#2029));
#4082=EDGE_LOOP('',(#2030,#2031,#2032,#2033));
#4083=EDGE_LOOP('',(#2034,#2035,#2036,#2037,#2038,#2039,#2040,#2041,#2042,
#2043,#2044,#2045,#2046,#2047));
#4084=EDGE_LOOP('',(#2048,#2049,#2050,#2051));
#4085=EDGE_LOOP('',(#2052,#2053,#2054,#2055));
#4086=EDGE_LOOP('',(#2056,#2057,#2058,#2059));
#4087=EDGE_LOOP('',(#2060,#2061,#2062,#2063));
#4088=EDGE_LOOP('',(#2064,#2065,#2066,#2067));
#4089=EDGE_LOOP('',(#2068,#2069,#2070,#2071));
#4090=EDGE_LOOP('',(#2072,#2073,#2074,#2075));
#4091=EDGE_LOOP('',(#2076,#2077,#2078,#2079));
#4092=EDGE_LOOP('',(#2080,#2081,#2082,#2083));
#4093=EDGE_LOOP('',(#2084,#2085,#2086,#2087));
#4094=EDGE_LOOP('',(#2088,#2089,#2090,#2091));
#4095=EDGE_LOOP('',(#2092,#2093,#2094));
#4096=EDGE_LOOP('',(#2095,#2096,#2097,#2098,#2099,#2100,#2101,#2102));
#4097=EDGE_LOOP('',(#2103,#2104,#2105));
#4098=EDGE_LOOP('',(#2106,#2107,#2108,#2109));
#4099=EDGE_LOOP('',(#2110,#2111,#2112,#2113));
#4100=EDGE_LOOP('',(#2114,#2115,#2116,#2117));
#4101=EDGE_LOOP('',(#2118,#2119,#2120,#2121));
#4102=EDGE_LOOP('',(#2122,#2123,#2124,#2125));
#4103=EDGE_LOOP('',(#2126,#2127,#2128,#2129));
#4104=EDGE_LOOP('',(#2130,#2131,#2132,#2133));
#4105=EDGE_LOOP('',(#2134,#2135,#2136,#2137));
#4106=EDGE_LOOP('',(#2138,#2139,#2140,#2141));
#4107=EDGE_LOOP('',(#2142,#2143,#2144,#2145));
#4108=EDGE_LOOP('',(#2146,#2147,#2148,#2149));
#4109=EDGE_LOOP('',(#2150,#2151,#2152,#2153));
#4110=EDGE_LOOP('',(#2154,#2155,#2156,#2157));
#4111=EDGE_LOOP('',(#2158,#2159,#2160,#2161));
#4112=EDGE_LOOP('',(#2162,#2163,#2164,#2165));
#4113=EDGE_LOOP('',(#2166,#2167,#2168,#2169,#2170));
#4114=EDGE_LOOP('',(#2171,#2172,#2173,#2174));
#4115=EDGE_LOOP('',(#2175,#2176,#2177,#2178));
#4116=EDGE_LOOP('',(#2179));
#4117=EDGE_LOOP('',(#2180));
#4118=EDGE_LOOP('',(#2181,#2182,#2183,#2184));
#4119=EDGE_LOOP('',(#2185,#2186,#2187,#2188));
#4120=EDGE_LOOP('',(#2189,#2190,#2191,#2192));
#4121=EDGE_LOOP('',(#2193,#2194,#2195,#2196));
#4122=EDGE_LOOP('',(#2197,#2198,#2199,#2200));
#4123=EDGE_LOOP('',(#2201,#2202,#2203,#2204));
#4124=EDGE_LOOP('',(#2205,#2206,#2207,#2208));
#4125=EDGE_LOOP('',(#2209,#2210,#2211,#2212,#2213,#2214,#2215));
#4126=EDGE_LOOP('',(#2216,#2217,#2218,#2219));
#4127=EDGE_LOOP('',(#2220,#2221,#2222,#2223));
#4128=EDGE_LOOP('',(#2224,#2225,#2226,#2227));
#4129=EDGE_LOOP('',(#2228,#2229,#2230,#2231));
#4130=EDGE_LOOP('',(#2232,#2233,#2234,#2235));
#4131=EDGE_LOOP('',(#2236,#2237,#2238,#2239));
#4132=EDGE_LOOP('',(#2240,#2241,#2242,#2243));
#4133=EDGE_LOOP('',(#2244,#2245,#2246,#2247));
#4134=EDGE_LOOP('',(#2248,#2249,#2250,#2251));
#4135=EDGE_LOOP('',(#2252,#2253,#2254,#2255));
#4136=EDGE_LOOP('',(#2256,#2257,#2258,#2259));
#4137=EDGE_LOOP('',(#2260,#2261,#2262,#2263));
#4138=EDGE_LOOP('',(#2264,#2265,#2266,#2267));
#4139=EDGE_LOOP('',(#2268,#2269,#2270,#2271));
#4140=EDGE_LOOP('',(#2272,#2273,#2274,#2275,#2276,#2277,#2278,#2279,#2280,
#2281,#2282,#2283,#2284,#2285));
#4141=EDGE_LOOP('',(#2286,#2287,#2288,#2289));
#4142=EDGE_LOOP('',(#2290,#2291,#2292,#2293));
#4143=EDGE_LOOP('',(#2294,#2295,#2296,#2297));
#4144=EDGE_LOOP('',(#2298,#2299,#2300,#2301));
#4145=EDGE_LOOP('',(#2302,#2303,#2304,#2305));
#4146=EDGE_LOOP('',(#2306,#2307,#2308,#2309));
#4147=EDGE_LOOP('',(#2310,#2311,#2312,#2313));
#4148=EDGE_LOOP('',(#2314,#2315,#2316,#2317));
#4149=EDGE_LOOP('',(#2318,#2319,#2320,#2321));
#4150=EDGE_LOOP('',(#2322,#2323,#2324,#2325));
#4151=EDGE_LOOP('',(#2326,#2327,#2328,#2329));
#4152=EDGE_LOOP('',(#2330,#2331,#2332,#2333));
#4153=EDGE_LOOP('',(#2334,#2335,#2336,#2337));
#4154=EDGE_LOOP('',(#2338,#2339,#2340,#2341));
#4155=EDGE_LOOP('',(#2342,#2343,#2344,#2345));
#4156=EDGE_LOOP('',(#2346,#2347,#2348,#2349,#2350));
#4157=EDGE_LOOP('',(#2351,#2352,#2353,#2354));
#4158=EDGE_LOOP('',(#2355,#2356,#2357,#2358));
#4159=EDGE_LOOP('',(#2359,#2360,#2361,#2362));
#4160=EDGE_LOOP('',(#2363,#2364,#2365,#2366));
#4161=EDGE_LOOP('',(#2367,#2368,#2369,#2370));
#4162=EDGE_LOOP('',(#2371,#2372,#2373,#2374));
#4163=EDGE_LOOP('',(#2375,#2376,#2377,#2378));
#4164=EDGE_LOOP('',(#2379,#2380,#2381,#2382));
#4165=EDGE_LOOP('',(#2383,#2384,#2385,#2386));
#4166=EDGE_LOOP('',(#2387,#2388,#2389,#2390));
#4167=EDGE_LOOP('',(#2391,#2392,#2393,#2394));
#4168=EDGE_LOOP('',(#2395,#2396,#2397,#2398));
#4169=EDGE_LOOP('',(#2399,#2400,#2401,#2402));
#4170=EDGE_LOOP('',(#2403,#2404,#2405));
#4171=EDGE_LOOP('',(#2406,#2407,#2408,#2409,#2410,#2411,#2412,#2413));
#4172=EDGE_LOOP('',(#2414,#2415,#2416));
#4173=EDGE_LOOP('',(#2417));
#4174=EDGE_LOOP('',(#2418));
#4175=EDGE_LOOP('',(#2419));
#4176=EDGE_LOOP('',(#2420));
#4177=EDGE_LOOP('',(#2421));
#4178=EDGE_LOOP('',(#2422));
#4179=EDGE_LOOP('',(#2423));
#4180=EDGE_LOOP('',(#2424));
#4181=EDGE_LOOP('',(#2425));
#4182=EDGE_LOOP('',(#2426));
#4183=EDGE_LOOP('',(#2427));
#4184=EDGE_LOOP('',(#2428));
#4185=EDGE_LOOP('',(#2429));
#4186=EDGE_LOOP('',(#2430));
#4187=EDGE_LOOP('',(#2431));
#4188=EDGE_LOOP('',(#2432));
#4189=EDGE_LOOP('',(#2433));
#4190=EDGE_LOOP('',(#2434));
#4191=EDGE_LOOP('',(#2435));
#4192=EDGE_LOOP('',(#2436));
#4193=EDGE_LOOP('',(#2437));
#4194=EDGE_LOOP('',(#2438));
#4195=EDGE_LOOP('',(#2439));
#4196=EDGE_LOOP('',(#2440));
#4197=EDGE_LOOP('',(#2441));
#4198=EDGE_LOOP('',(#2442));
#4199=EDGE_LOOP('',(#2443));
#4200=EDGE_LOOP('',(#2444));
#4201=EDGE_LOOP('',(#2445));
#4202=EDGE_LOOP('',(#2446));
#4203=EDGE_LOOP('',(#2447));
#4204=EDGE_LOOP('',(#2448));
#4205=EDGE_LOOP('',(#2449));
#4206=EDGE_LOOP('',(#2450));
#4207=EDGE_LOOP('',(#2451));
#4208=EDGE_LOOP('',(#2452));
#4209=EDGE_LOOP('',(#2453));
#4210=EDGE_LOOP('',(#2454));
#4211=EDGE_LOOP('',(#2455));
#4212=EDGE_LOOP('',(#2456));
#4213=EDGE_LOOP('',(#2457));
#4214=EDGE_LOOP('',(#2458));
#4215=EDGE_LOOP('',(#2459));
#4216=EDGE_LOOP('',(#2460));
#4217=EDGE_LOOP('',(#2461));
#4218=EDGE_LOOP('',(#2462));
#4219=EDGE_LOOP('',(#2463));
#4220=EDGE_LOOP('',(#2464));
#4221=EDGE_LOOP('',(#2465));
#4222=EDGE_LOOP('',(#2466));
#4223=EDGE_LOOP('',(#2467));
#4224=EDGE_LOOP('',(#2468));
#4225=EDGE_LOOP('',(#2469));
#4226=EDGE_LOOP('',(#2470));
#4227=EDGE_LOOP('',(#2471));
#4228=EDGE_LOOP('',(#2472));
#4229=EDGE_LOOP('',(#2473));
#4230=EDGE_LOOP('',(#2474));
#4231=EDGE_LOOP('',(#2475));
#4232=EDGE_LOOP('',(#2476));
#4233=EDGE_LOOP('',(#2477));
#4234=EDGE_LOOP('',(#2478));
#4235=EDGE_LOOP('',(#2479));
#4236=EDGE_LOOP('',(#2480));
#4237=EDGE_LOOP('',(#2481));
#4238=EDGE_LOOP('',(#2482));
#4239=EDGE_LOOP('',(#2483));
#4240=EDGE_LOOP('',(#2484));
#4241=EDGE_LOOP('',(#2485));
#4242=EDGE_LOOP('',(#2486));
#4243=FACE_BOUND('',#3861,.T.);
#4244=FACE_BOUND('',#3862,.T.);
#4245=FACE_BOUND('',#3863,.T.);
#4246=FACE_BOUND('',#3864,.T.);
#4247=FACE_BOUND('',#3865,.T.);
#4248=FACE_BOUND('',#3866,.T.);
#4249=FACE_BOUND('',#3867,.T.);
#4250=FACE_BOUND('',#3868,.T.);
#4251=FACE_BOUND('',#3869,.T.);
#4252=FACE_BOUND('',#3870,.T.);
#4253=FACE_BOUND('',#3871,.T.);
#4254=FACE_BOUND('',#3872,.T.);
#4255=FACE_BOUND('',#3873,.T.);
#4256=FACE_BOUND('',#3874,.T.);
#4257=FACE_BOUND('',#3875,.T.);
#4258=FACE_BOUND('',#3876,.T.);
#4259=FACE_BOUND('',#3877,.T.);
#4260=FACE_BOUND('',#3878,.T.);
#4261=FACE_BOUND('',#3879,.T.);
#4262=FACE_BOUND('',#3880,.T.);
#4263=FACE_BOUND('',#3881,.T.);
#4264=FACE_BOUND('',#3882,.T.);
#4265=FACE_BOUND('',#3883,.T.);
#4266=FACE_BOUND('',#3884,.T.);
#4267=FACE_BOUND('',#3885,.T.);
#4268=FACE_BOUND('',#3886,.T.);
#4269=FACE_BOUND('',#3887,.T.);
#4270=FACE_BOUND('',#3888,.T.);
#4271=FACE_BOUND('',#3889,.T.);
#4272=FACE_BOUND('',#3890,.T.);
#4273=FACE_BOUND('',#3891,.T.);
#4274=FACE_BOUND('',#3892,.T.);
#4275=FACE_BOUND('',#3893,.T.);
#4276=FACE_BOUND('',#3894,.T.);
#4277=FACE_BOUND('',#3895,.T.);
#4278=FACE_BOUND('',#3896,.T.);
#4279=FACE_BOUND('',#3897,.T.);
#4280=FACE_BOUND('',#3898,.T.);
#4281=FACE_BOUND('',#3899,.T.);
#4282=FACE_BOUND('',#3900,.T.);
#4283=FACE_BOUND('',#3901,.T.);
#4284=FACE_BOUND('',#3902,.T.);
#4285=FACE_BOUND('',#3903,.T.);
#4286=FACE_BOUND('',#3904,.T.);
#4287=FACE_BOUND('',#3905,.T.);
#4288=FACE_BOUND('',#3906,.T.);
#4289=FACE_BOUND('',#3907,.T.);
#4290=FACE_BOUND('',#3908,.T.);
#4291=FACE_BOUND('',#3909,.T.);
#4292=FACE_BOUND('',#3910,.T.);
#4293=FACE_BOUND('',#3911,.T.);
#4294=FACE_BOUND('',#3912,.T.);
#4295=FACE_BOUND('',#3913,.T.);
#4296=FACE_BOUND('',#3914,.T.);
#4297=FACE_BOUND('',#3915,.T.);
#4298=FACE_BOUND('',#3916,.T.);
#4299=FACE_BOUND('',#3917,.T.);
#4300=FACE_BOUND('',#3918,.T.);
#4301=FACE_BOUND('',#3919,.T.);
#4302=FACE_BOUND('',#3920,.T.);
#4303=FACE_BOUND('',#3921,.T.);
#4304=FACE_BOUND('',#3922,.T.);
#4305=FACE_BOUND('',#3923,.T.);
#4306=FACE_BOUND('',#3924,.T.);
#4307=FACE_BOUND('',#3925,.T.);
#4308=FACE_BOUND('',#3926,.T.);
#4309=FACE_BOUND('',#3927,.T.);
#4310=FACE_BOUND('',#3928,.T.);
#4311=FACE_BOUND('',#3929,.T.);
#4312=FACE_BOUND('',#3930,.T.);
#4313=FACE_BOUND('',#3931,.T.);
#4314=FACE_BOUND('',#3932,.T.);
#4315=FACE_BOUND('',#3933,.T.);
#4316=FACE_BOUND('',#3934,.T.);
#4317=FACE_BOUND('',#3935,.T.);
#4318=FACE_BOUND('',#3936,.T.);
#4319=FACE_BOUND('',#3937,.T.);
#4320=FACE_BOUND('',#3938,.T.);
#4321=FACE_BOUND('',#3939,.T.);
#4322=FACE_BOUND('',#3940,.T.);
#4323=FACE_BOUND('',#3941,.T.);
#4324=FACE_BOUND('',#3942,.T.);
#4325=FACE_BOUND('',#3943,.T.);
#4326=FACE_BOUND('',#3944,.T.);
#4327=FACE_BOUND('',#3945,.T.);
#4328=FACE_BOUND('',#3946,.T.);
#4329=FACE_BOUND('',#3947,.T.);
#4330=FACE_BOUND('',#3948,.T.);
#4331=FACE_BOUND('',#3949,.T.);
#4332=FACE_BOUND('',#3950,.T.);
#4333=FACE_BOUND('',#3951,.T.);
#4334=FACE_BOUND('',#3952,.T.);
#4335=FACE_BOUND('',#3953,.T.);
#4336=FACE_BOUND('',#3954,.T.);
#4337=FACE_BOUND('',#3955,.T.);
#4338=FACE_BOUND('',#3956,.T.);
#4339=FACE_BOUND('',#3957,.T.);
#4340=FACE_BOUND('',#3958,.T.);
#4341=FACE_BOUND('',#3959,.T.);
#4342=FACE_BOUND('',#3960,.T.);
#4343=FACE_BOUND('',#3961,.T.);
#4344=FACE_BOUND('',#3962,.T.);
#4345=FACE_BOUND('',#3963,.T.);
#4346=FACE_BOUND('',#3964,.T.);
#4347=FACE_BOUND('',#3965,.T.);
#4348=FACE_BOUND('',#3966,.T.);
#4349=FACE_BOUND('',#3967,.T.);
#4350=FACE_BOUND('',#3968,.T.);
#4351=FACE_BOUND('',#3969,.T.);
#4352=FACE_BOUND('',#3970,.T.);
#4353=FACE_BOUND('',#3971,.T.);
#4354=FACE_BOUND('',#3972,.T.);
#4355=FACE_BOUND('',#3973,.T.);
#4356=FACE_BOUND('',#3974,.T.);
#4357=FACE_BOUND('',#3975,.T.);
#4358=FACE_BOUND('',#3976,.T.);
#4359=FACE_BOUND('',#3977,.T.);
#4360=FACE_BOUND('',#3978,.T.);
#4361=FACE_BOUND('',#3979,.T.);
#4362=FACE_BOUND('',#3980,.T.);
#4363=FACE_BOUND('',#3981,.T.);
#4364=FACE_BOUND('',#3982,.T.);
#4365=FACE_BOUND('',#3983,.T.);
#4366=FACE_BOUND('',#3984,.T.);
#4367=FACE_BOUND('',#3985,.T.);
#4368=FACE_BOUND('',#3986,.T.);
#4369=FACE_BOUND('',#3987,.T.);
#4370=FACE_BOUND('',#3988,.T.);
#4371=FACE_BOUND('',#3989,.T.);
#4372=FACE_BOUND('',#3990,.T.);
#4373=FACE_BOUND('',#3991,.T.);
#4374=FACE_BOUND('',#3992,.T.);
#4375=FACE_BOUND('',#3993,.T.);
#4376=FACE_BOUND('',#3994,.T.);
#4377=FACE_BOUND('',#3995,.T.);
#4378=FACE_BOUND('',#3996,.T.);
#4379=FACE_BOUND('',#3997,.T.);
#4380=FACE_BOUND('',#3998,.T.);
#4381=FACE_BOUND('',#3999,.T.);
#4382=FACE_BOUND('',#4000,.T.);
#4383=FACE_BOUND('',#4001,.T.);
#4384=FACE_BOUND('',#4002,.T.);
#4385=FACE_BOUND('',#4003,.T.);
#4386=FACE_BOUND('',#4004,.T.);
#4387=FACE_BOUND('',#4005,.T.);
#4388=FACE_BOUND('',#4006,.T.);
#4389=FACE_BOUND('',#4007,.T.);
#4390=FACE_BOUND('',#4008,.T.);
#4391=FACE_BOUND('',#4009,.T.);
#4392=FACE_BOUND('',#4010,.T.);
#4393=FACE_BOUND('',#4011,.T.);
#4394=FACE_BOUND('',#4012,.T.);
#4395=FACE_BOUND('',#4013,.T.);
#4396=FACE_BOUND('',#4014,.T.);
#4397=FACE_BOUND('',#4015,.T.);
#4398=FACE_BOUND('',#4016,.T.);
#4399=FACE_BOUND('',#4017,.T.);
#4400=FACE_BOUND('',#4018,.T.);
#4401=FACE_BOUND('',#4019,.T.);
#4402=FACE_BOUND('',#4020,.T.);
#4403=FACE_BOUND('',#4021,.T.);
#4404=FACE_BOUND('',#4022,.T.);
#4405=FACE_BOUND('',#4023,.T.);
#4406=FACE_BOUND('',#4024,.T.);
#4407=FACE_BOUND('',#4025,.T.);
#4408=FACE_BOUND('',#4026,.T.);
#4409=FACE_BOUND('',#4027,.T.);
#4410=FACE_BOUND('',#4028,.T.);
#4411=FACE_BOUND('',#4029,.T.);
#4412=FACE_BOUND('',#4030,.T.);
#4413=FACE_BOUND('',#4031,.T.);
#4414=FACE_BOUND('',#4032,.T.);
#4415=FACE_BOUND('',#4033,.T.);
#4416=FACE_BOUND('',#4034,.T.);
#4417=FACE_BOUND('',#4035,.T.);
#4418=FACE_BOUND('',#4036,.T.);
#4419=FACE_BOUND('',#4037,.T.);
#4420=FACE_BOUND('',#4038,.T.);
#4421=FACE_BOUND('',#4039,.T.);
#4422=FACE_BOUND('',#4040,.T.);
#4423=FACE_BOUND('',#4041,.T.);
#4424=FACE_BOUND('',#4042,.T.);
#4425=FACE_BOUND('',#4043,.T.);
#4426=FACE_BOUND('',#4044,.T.);
#4427=FACE_BOUND('',#4045,.T.);
#4428=FACE_BOUND('',#4046,.T.);
#4429=FACE_BOUND('',#4047,.T.);
#4430=FACE_BOUND('',#4048,.T.);
#4431=FACE_BOUND('',#4049,.T.);
#4432=FACE_BOUND('',#4050,.T.);
#4433=FACE_BOUND('',#4051,.T.);
#4434=FACE_BOUND('',#4052,.T.);
#4435=FACE_BOUND('',#4053,.T.);
#4436=FACE_BOUND('',#4054,.T.);
#4437=FACE_BOUND('',#4055,.T.);
#4438=FACE_BOUND('',#4056,.T.);
#4439=FACE_BOUND('',#4057,.T.);
#4440=FACE_BOUND('',#4058,.T.);
#4441=FACE_BOUND('',#4059,.T.);
#4442=FACE_BOUND('',#4060,.T.);
#4443=FACE_BOUND('',#4061,.T.);
#4444=FACE_BOUND('',#4062,.T.);
#4445=FACE_BOUND('',#4063,.T.);
#4446=FACE_BOUND('',#4064,.T.);
#4447=FACE_BOUND('',#4065,.T.);
#4448=FACE_BOUND('',#4066,.T.);
#4449=FACE_BOUND('',#4067,.T.);
#4450=FACE_BOUND('',#4068,.T.);
#4451=FACE_BOUND('',#4069,.T.);
#4452=FACE_BOUND('',#4070,.T.);
#4453=FACE_BOUND('',#4071,.T.);
#4454=FACE_BOUND('',#4072,.T.);
#4455=FACE_BOUND('',#4073,.T.);
#4456=FACE_BOUND('',#4074,.T.);
#4457=FACE_BOUND('',#4075,.T.);
#4458=FACE_BOUND('',#4076,.T.);
#4459=FACE_BOUND('',#4077,.T.);
#4460=FACE_BOUND('',#4078,.T.);
#4461=FACE_BOUND('',#4079,.T.);
#4462=FACE_BOUND('',#4080,.T.);
#4463=FACE_BOUND('',#4081,.T.);
#4464=FACE_BOUND('',#4082,.T.);
#4465=FACE_BOUND('',#4083,.T.);
#4466=FACE_BOUND('',#4084,.T.);
#4467=FACE_BOUND('',#4085,.T.);
#4468=FACE_BOUND('',#4086,.T.);
#4469=FACE_BOUND('',#4087,.T.);
#4470=FACE_BOUND('',#4088,.T.);
#4471=FACE_BOUND('',#4089,.T.);
#4472=FACE_BOUND('',#4090,.T.);
#4473=FACE_BOUND('',#4091,.T.);
#4474=FACE_BOUND('',#4092,.T.);
#4475=FACE_BOUND('',#4093,.T.);
#4476=FACE_BOUND('',#4094,.T.);
#4477=FACE_BOUND('',#4095,.T.);
#4478=FACE_BOUND('',#4096,.T.);
#4479=FACE_BOUND('',#4097,.T.);
#4480=FACE_BOUND('',#4098,.T.);
#4481=FACE_BOUND('',#4099,.T.);
#4482=FACE_BOUND('',#4100,.T.);
#4483=FACE_BOUND('',#4101,.T.);
#4484=FACE_BOUND('',#4102,.T.);
#4485=FACE_BOUND('',#4103,.T.);
#4486=FACE_BOUND('',#4104,.T.);
#4487=FACE_BOUND('',#4105,.T.);
#4488=FACE_BOUND('',#4106,.T.);
#4489=FACE_BOUND('',#4107,.T.);
#4490=FACE_BOUND('',#4108,.T.);
#4491=FACE_BOUND('',#4109,.T.);
#4492=FACE_BOUND('',#4110,.T.);
#4493=FACE_BOUND('',#4111,.T.);
#4494=FACE_BOUND('',#4112,.T.);
#4495=FACE_BOUND('',#4113,.T.);
#4496=FACE_BOUND('',#4114,.T.);
#4497=FACE_BOUND('',#4115,.T.);
#4498=FACE_BOUND('',#4116,.T.);
#4499=FACE_BOUND('',#4117,.T.);
#4500=FACE_BOUND('',#4118,.T.);
#4501=FACE_BOUND('',#4119,.T.);
#4502=FACE_BOUND('',#4120,.T.);
#4503=FACE_BOUND('',#4121,.T.);
#4504=FACE_BOUND('',#4122,.T.);
#4505=FACE_BOUND('',#4123,.T.);
#4506=FACE_BOUND('',#4124,.T.);
#4507=FACE_BOUND('',#4125,.T.);
#4508=FACE_BOUND('',#4126,.T.);
#4509=FACE_BOUND('',#4127,.T.);
#4510=FACE_BOUND('',#4128,.T.);
#4511=FACE_BOUND('',#4129,.T.);
#4512=FACE_BOUND('',#4130,.T.);
#4513=FACE_BOUND('',#4131,.T.);
#4514=FACE_BOUND('',#4132,.T.);
#4515=FACE_BOUND('',#4133,.T.);
#4516=FACE_BOUND('',#4134,.T.);
#4517=FACE_BOUND('',#4135,.T.);
#4518=FACE_BOUND('',#4136,.T.);
#4519=FACE_BOUND('',#4137,.T.);
#4520=FACE_BOUND('',#4138,.T.);
#4521=FACE_BOUND('',#4139,.T.);
#4522=FACE_BOUND('',#4140,.T.);
#4523=FACE_BOUND('',#4141,.T.);
#4524=FACE_BOUND('',#4142,.T.);
#4525=FACE_BOUND('',#4143,.T.);
#4526=FACE_BOUND('',#4144,.T.);
#4527=FACE_BOUND('',#4145,.T.);
#4528=FACE_BOUND('',#4146,.T.);
#4529=FACE_BOUND('',#4147,.T.);
#4530=FACE_BOUND('',#4148,.T.);
#4531=FACE_BOUND('',#4149,.T.);
#4532=FACE_BOUND('',#4150,.T.);
#4533=FACE_BOUND('',#4151,.T.);
#4534=FACE_BOUND('',#4152,.T.);
#4535=FACE_BOUND('',#4153,.T.);
#4536=FACE_BOUND('',#4154,.T.);
#4537=FACE_BOUND('',#4155,.T.);
#4538=FACE_BOUND('',#4156,.T.);
#4539=FACE_BOUND('',#4157,.T.);
#4540=FACE_BOUND('',#4158,.T.);
#4541=FACE_BOUND('',#4159,.T.);
#4542=FACE_BOUND('',#4160,.T.);
#4543=FACE_BOUND('',#4161,.T.);
#4544=FACE_BOUND('',#4162,.T.);
#4545=FACE_BOUND('',#4163,.T.);
#4546=FACE_BOUND('',#4164,.T.);
#4547=FACE_BOUND('',#4165,.T.);
#4548=FACE_BOUND('',#4166,.T.);
#4549=FACE_BOUND('',#4167,.T.);
#4550=FACE_BOUND('',#4168,.T.);
#4551=FACE_BOUND('',#4169,.T.);
#4552=FACE_BOUND('',#4170,.T.);
#4553=FACE_BOUND('',#4171,.T.);
#4554=FACE_BOUND('',#4172,.T.);
#4555=FACE_BOUND('',#4173,.T.);
#4556=FACE_BOUND('',#4174,.T.);
#4557=FACE_BOUND('',#4175,.T.);
#4558=FACE_BOUND('',#4176,.T.);
#4559=FACE_BOUND('',#4177,.T.);
#4560=FACE_BOUND('',#4178,.T.);
#4561=FACE_BOUND('',#4179,.T.);
#4562=FACE_BOUND('',#4180,.T.);
#4563=FACE_BOUND('',#4181,.T.);
#4564=FACE_BOUND('',#4182,.T.);
#4565=FACE_BOUND('',#4183,.T.);
#4566=FACE_BOUND('',#4184,.T.);
#4567=FACE_BOUND('',#4185,.T.);
#4568=FACE_BOUND('',#4186,.T.);
#4569=FACE_BOUND('',#4187,.T.);
#4570=FACE_BOUND('',#4188,.T.);
#4571=FACE_BOUND('',#4189,.T.);
#4572=FACE_BOUND('',#4190,.T.);
#4573=FACE_BOUND('',#4191,.T.);
#4574=FACE_BOUND('',#4192,.T.);
#4575=FACE_BOUND('',#4193,.T.);
#4576=FACE_BOUND('',#4194,.T.);
#4577=FACE_BOUND('',#4195,.T.);
#4578=FACE_BOUND('',#4196,.T.);
#4579=FACE_BOUND('',#4197,.T.);
#4580=FACE_BOUND('',#4198,.T.);
#4581=FACE_BOUND('',#4199,.T.);
#4582=FACE_BOUND('',#4200,.T.);
#4583=FACE_BOUND('',#4201,.T.);
#4584=FACE_BOUND('',#4202,.T.);
#4585=FACE_BOUND('',#4203,.T.);
#4586=FACE_BOUND('',#4204,.T.);
#4587=FACE_BOUND('',#4205,.T.);
#4588=FACE_BOUND('',#4206,.T.);
#4589=FACE_BOUND('',#4207,.T.);
#4590=FACE_BOUND('',#4208,.T.);
#4591=FACE_BOUND('',#4209,.T.);
#4592=FACE_BOUND('',#4210,.T.);
#4593=FACE_BOUND('',#4211,.T.);
#4594=FACE_BOUND('',#4212,.T.);
#4595=FACE_BOUND('',#4213,.T.);
#4596=FACE_BOUND('',#4214,.T.);
#4597=FACE_BOUND('',#4215,.T.);
#4598=FACE_BOUND('',#4216,.T.);
#4599=FACE_BOUND('',#4217,.T.);
#4600=FACE_BOUND('',#4218,.T.);
#4601=FACE_BOUND('',#4219,.T.);
#4602=FACE_BOUND('',#4220,.T.);
#4603=FACE_BOUND('',#4221,.T.);
#4604=FACE_BOUND('',#4222,.T.);
#4605=FACE_BOUND('',#4223,.T.);
#4606=FACE_BOUND('',#4224,.T.);
#4607=FACE_BOUND('',#4225,.T.);
#4608=FACE_BOUND('',#4226,.T.);
#4609=FACE_BOUND('',#4227,.T.);
#4610=FACE_BOUND('',#4228,.T.);
#4611=FACE_BOUND('',#4229,.T.);
#4612=FACE_BOUND('',#4230,.T.);
#4613=FACE_BOUND('',#4231,.T.);
#4614=FACE_BOUND('',#4232,.T.);
#4615=FACE_BOUND('',#4233,.T.);
#4616=FACE_BOUND('',#4234,.T.);
#4617=FACE_BOUND('',#4235,.T.);
#4618=FACE_BOUND('',#4236,.T.);
#4619=FACE_BOUND('',#4237,.T.);
#4620=FACE_BOUND('',#4238,.T.);
#4621=FACE_BOUND('',#4239,.T.);
#4622=FACE_BOUND('',#4240,.T.);
#4623=FACE_BOUND('',#4241,.T.);
#4624=FACE_BOUND('',#4242,.T.);
#4625=PLANE('',#5095);
#4626=PLANE('',#5109);
#4627=PLANE('',#5130);
#4628=PLANE('',#5146);
#4629=PLANE('',#5149);
#4630=PLANE('',#5152);
#4631=PLANE('',#5155);
#4632=PLANE('',#5158);
#4633=PLANE('',#5161);
#4634=PLANE('',#5176);
#4635=PLANE('',#5177);
#4636=PLANE('',#5191);
#4637=PLANE('',#5194);
#4638=PLANE('',#5197);
#4639=PLANE('',#5200);
#4640=PLANE('',#5203);
#4641=PLANE('',#5206);
#4642=PLANE('',#5209);
#4643=PLANE('',#5212);
#4644=PLANE('',#5215);
#4645=PLANE('',#5218);
#4646=PLANE('',#5221);
#4647=PLANE('',#5223);
#4648=PLANE('',#5224);
#4649=PLANE('',#5225);
#4650=PLANE('',#5226);
#4651=PLANE('',#5227);
#4652=PLANE('',#5228);
#4653=PLANE('',#5229);
#4654=PLANE('',#5242);
#4655=PLANE('',#5243);
#4656=PLANE('',#5245);
#4657=PLANE('',#5248);
#4658=PLANE('',#5257);
#4659=PLANE('',#5258);
#4660=PLANE('',#5259);
#4661=PLANE('',#5260);
#4662=PLANE('',#5271);
#4663=PLANE('',#5273);
#4664=PLANE('',#5275);
#4665=PLANE('',#5277);
#4666=PLANE('',#5278);
#4667=PLANE('',#5280);
#4668=PLANE('',#5282);
#4669=PLANE('',#5284);
#4670=PLANE('',#5289);
#4671=PLANE('',#5299);
#4672=PLANE('',#5300);
#4673=PLANE('',#5301);
#4674=PLANE('',#5302);
#4675=PLANE('',#5307);
#4676=PLANE('',#5316);
#4677=PLANE('',#5317);
#4678=PLANE('',#5321);
#4679=PLANE('',#5331);
#4680=PLANE('',#5332);
#4681=PLANE('',#5333);
#4682=PLANE('',#5334);
#4683=PLANE('',#5339);
#4684=PLANE('',#5348);
#4685=PLANE('',#5349);
#4686=PLANE('',#5352);
#4687=PLANE('',#5353);
#4688=PLANE('',#5354);
#4689=PLANE('',#5357);
#4690=PLANE('',#5359);
#4691=PLANE('',#5360);
#4692=PLANE('',#5362);
#4693=PLANE('',#5363);
#4694=PLANE('',#5364);
#4695=PLANE('',#5365);
#4696=PLANE('',#5366);
#4697=PLANE('',#5369);
#4698=PLANE('',#5392);
#4699=PLANE('',#5393);
#4700=PLANE('',#5394);
#4701=PLANE('',#5395);
#4702=PLANE('',#5396);
#4703=PLANE('',#5397);
#4704=PLANE('',#5398);
#4705=PLANE('',#5399);
#4706=PLANE('',#5404);
#4707=PLANE('',#5405);
#4708=PLANE('',#5406);
#4709=PLANE('',#5407);
#4710=PLANE('',#5408);
#4711=PLANE('',#5409);
#4712=PLANE('',#5414);
#4713=PLANE('',#5417);
#4714=PLANE('',#5420);
#4715=PLANE('',#5421);
#4716=PLANE('',#5422);
#4717=PLANE('',#5423);
#4718=PLANE('',#5424);
#4719=PLANE('',#5425);
#4720=PLANE('',#5426);
#4721=PLANE('',#5427);
#4722=PLANE('',#5428);
#4723=PLANE('',#5429);
#4724=PLANE('',#5430);
#4725=PLANE('',#5431);
#4726=PLANE('',#5432);
#4727=PLANE('',#5433);
#4728=PLANE('',#5438);
#4729=PLANE('',#5439);
#4730=PLANE('',#5440);
#4731=PLANE('',#5441);
#4732=PLANE('',#5442);
#4733=PLANE('',#5443);
#4734=PLANE('',#5444);
#4735=PLANE('',#5445);
#4736=PLANE('',#5452);
#4737=PLANE('',#5453);
#4738=PLANE('',#5454);
#4739=PLANE('',#5455);
#4740=PLANE('',#5457);
#4741=PLANE('',#5458);
#4742=PLANE('',#5459);
#4743=PLANE('',#5460);
#4744=PLANE('',#5461);
#4745=PLANE('',#5462);
#4746=PLANE('',#5463);
#4747=PLANE('',#5464);
#4748=PLANE('',#5467);
#4749=PLANE('',#5470);
#4750=PLANE('',#5475);
#4751=PLANE('',#5476);
#4752=PLANE('',#5477);
#4753=PLANE('',#5478);
#4754=PLANE('',#5479);
#4755=PLANE('',#5480);
#4756=PLANE('',#5485);
#4757=PLANE('',#5486);
#4758=PLANE('',#5487);
#4759=PLANE('',#5488);
#4760=PLANE('',#5491);
#4761=PLANE('',#5495);
#4762=PLANE('',#5496);
#4763=PLANE('',#5500);
#4764=PLANE('',#5501);
#4765=PLANE('',#5502);
#4766=PLANE('',#5505);
#4767=PLANE('',#5506);
#4768=PLANE('',#5507);
#4769=PLANE('',#5508);
#4770=PLANE('',#5509);
#4771=PLANE('',#5510);
#4772=PLANE('',#5511);
#4773=PLANE('',#5512);
#4774=PLANE('',#5513);
#4775=PLANE('',#5514);
#4776=PLANE('',#5515);
#4777=PLANE('',#5516);
#4778=PLANE('',#5517);
#4779=PLANE('',#5518);
#4780=PLANE('',#5519);
#4781=PLANE('',#5520);
#4782=PLANE('',#5523);
#4783=PLANE('',#5526);
#4784=PLANE('',#5529);
#4785=PLANE('',#5532);
#4786=PLANE('',#5535);
#4787=PLANE('',#5538);
#4788=PLANE('',#5541);
#4789=PLANE('',#5544);
#4790=PLANE('',#5547);
#4791=PLANE('',#5550);
#4792=PLANE('',#5553);
#4793=PLANE('',#5557);
#4794=PLANE('',#5562);
#4795=PLANE('',#5566);
#4796=PLANE('',#5571);
#4797=PLANE('',#5575);
#4798=PLANE('',#5580);
#4799=PLANE('',#5584);
#4800=ADVANCED_FACE('',(#4243,#4244,#4245,#4246,#4247,#4248,#4249,#4250,
#4251),#4625,.T.);
#4801=ADVANCED_FACE('',(#4252),#4626,.F.);
#4802=ADVANCED_FACE('',(#4253),#85,.F.);
#4803=ADVANCED_FACE('',(#4254),#86,.F.);
#4804=ADVANCED_FACE('',(#4255),#87,.F.);
#4805=ADVANCED_FACE('',(#4256),#4627,.F.);
#4806=ADVANCED_FACE('',(#4257,#4258),#88,.T.);
#4807=ADVANCED_FACE('',(#4259,#4260),#89,.T.);
#4808=ADVANCED_FACE('',(#4261),#4628,.T.);
#4809=ADVANCED_FACE('',(#4262),#4629,.T.);
#4810=ADVANCED_FACE('',(#4263),#4630,.T.);
#4811=ADVANCED_FACE('',(#4264),#4631,.T.);
#4812=ADVANCED_FACE('',(#4265),#4632,.T.);
#4813=ADVANCED_FACE('',(#4266),#4633,.T.);
#4814=ADVANCED_FACE('',(#4267),#21,.T.);
#4815=ADVANCED_FACE('',(#4268),#22,.T.);
#4816=ADVANCED_FACE('',(#4269),#23,.T.);
#4817=ADVANCED_FACE('',(#4270),#24,.T.);
#4818=ADVANCED_FACE('',(#4271),#90,.T.);
#4819=ADVANCED_FACE('',(#4272),#91,.T.);
#4820=ADVANCED_FACE('',(#4273,#4274),#4634,.F.);
#4821=ADVANCED_FACE('',(#4275,#4276),#4635,.F.);
#4822=ADVANCED_FACE('',(#4277,#4278,#4279,#4280,#4281),#92,.T.);
#4823=ADVANCED_FACE('',(#4282),#4636,.F.);
#4824=ADVANCED_FACE('',(#4283),#93,.F.);
#4825=ADVANCED_FACE('',(#4284),#4637,.F.);
#4826=ADVANCED_FACE('',(#4285),#94,.F.);
#4827=ADVANCED_FACE('',(#4286),#4638,.F.);
#4828=ADVANCED_FACE('',(#4287),#95,.F.);
#4829=ADVANCED_FACE('',(#4288),#4639,.F.);
#4830=ADVANCED_FACE('',(#4289),#96,.F.);
#4831=ADVANCED_FACE('',(#4290),#4640,.F.);
#4832=ADVANCED_FACE('',(#4291),#97,.F.);
#4833=ADVANCED_FACE('',(#4292),#4641,.F.);
#4834=ADVANCED_FACE('',(#4293),#98,.F.);
#4835=ADVANCED_FACE('',(#4294),#4642,.F.);
#4836=ADVANCED_FACE('',(#4295),#99,.F.);
#4837=ADVANCED_FACE('',(#4296),#4643,.F.);
#4838=ADVANCED_FACE('',(#4297),#100,.F.);
#4839=ADVANCED_FACE('',(#4298),#4644,.F.);
#4840=ADVANCED_FACE('',(#4299),#101,.F.);
#4841=ADVANCED_FACE('',(#4300),#4645,.F.);
#4842=ADVANCED_FACE('',(#4301),#102,.F.);
#4843=ADVANCED_FACE('',(#4302,#4303),#4646,.T.);
#4844=ADVANCED_FACE('',(#4304),#4647,.T.);
#4845=ADVANCED_FACE('',(#4305),#4648,.T.);
#4846=ADVANCED_FACE('',(#4306),#4649,.T.);
#4847=ADVANCED_FACE('',(#4307),#4650,.T.);
#4848=ADVANCED_FACE('',(#4308),#4651,.T.);
#4849=ADVANCED_FACE('',(#4309),#4652,.T.);
#4850=ADVANCED_FACE('',(#4310),#4653,.T.);
#4851=ADVANCED_FACE('',(#4311,#4312),#103,.F.);
#4852=ADVANCED_FACE('',(#4313,#4314),#104,.F.);
#4853=ADVANCED_FACE('',(#4315,#4316),#105,.F.);
#4854=ADVANCED_FACE('',(#4317,#4318),#106,.F.);
#4855=ADVANCED_FACE('',(#4319),#4654,.T.);
#4856=ADVANCED_FACE('',(#4320,#4321,#4322,#4323,#4324,#4325),#4655,.F.);
#4857=ADVANCED_FACE('',(#4326,#4327,#4328,#4329,#4330,#4331),#4656,.T.);
#4858=ADVANCED_FACE('',(#4332,#4333),#107,.T.);
#4859=ADVANCED_FACE('',(#4334,#4335),#4657,.F.);
#4860=ADVANCED_FACE('',(#4336,#4337),#108,.T.);
#4861=ADVANCED_FACE('',(#4338,#4339),#20,.T.);
#4862=ADVANCED_FACE('',(#4340,#4341),#109,.T.);
#4863=ADVANCED_FACE('',(#4342),#4658,.T.);
#4864=ADVANCED_FACE('',(#4343),#4659,.T.);
#4865=ADVANCED_FACE('',(#4344),#4660,.T.);
#4866=ADVANCED_FACE('',(#4345),#4661,.T.);
#4867=ADVANCED_FACE('',(#4346),#110,.T.);
#4868=ADVANCED_FACE('',(#4347),#111,.T.);
#4869=ADVANCED_FACE('',(#4348),#112,.T.);
#4870=ADVANCED_FACE('',(#4349),#113,.T.);
#4871=ADVANCED_FACE('',(#4350),#114,.T.);
#4872=ADVANCED_FACE('',(#4351),#115,.T.);
#4873=ADVANCED_FACE('',(#4352),#116,.T.);
#4874=ADVANCED_FACE('',(#4353),#117,.T.);
#4875=ADVANCED_FACE('',(#4354),#118,.T.);
#4876=ADVANCED_FACE('',(#4355),#119,.F.);
#4877=ADVANCED_FACE('',(#4356),#4662,.T.);
#4878=ADVANCED_FACE('',(#4357),#120,.F.);
#4879=ADVANCED_FACE('',(#4358),#4663,.T.);
#4880=ADVANCED_FACE('',(#4359),#121,.F.);
#4881=ADVANCED_FACE('',(#4360),#4664,.T.);
#4882=ADVANCED_FACE('',(#4361),#122,.F.);
#4883=ADVANCED_FACE('',(#4362),#4665,.T.);
#4884=ADVANCED_FACE('',(#4363),#4666,.T.);
#4885=ADVANCED_FACE('',(#4364),#123,.F.);
#4886=ADVANCED_FACE('',(#4365),#4667,.T.);
#4887=ADVANCED_FACE('',(#4366),#124,.F.);
#4888=ADVANCED_FACE('',(#4367),#4668,.T.);
#4889=ADVANCED_FACE('',(#4368),#125,.F.);
#4890=ADVANCED_FACE('',(#4369),#4669,.T.);
#4891=ADVANCED_FACE('',(#4370),#126,.F.);
#4892=ADVANCED_FACE('',(#4371),#127,.T.);
#4893=ADVANCED_FACE('',(#4372),#4670,.T.);
#4894=ADVANCED_FACE('',(#4373),#25,.F.);
#4895=ADVANCED_FACE('',(#4374),#128,.T.);
#4896=ADVANCED_FACE('',(#4375),#26,.T.);
#4897=ADVANCED_FACE('',(#4376),#129,.T.);
#4898=ADVANCED_FACE('',(#4377),#4671,.T.);
#4899=ADVANCED_FACE('',(#4378),#4672,.F.);
#4900=ADVANCED_FACE('',(#4379),#4673,.T.);
#4901=ADVANCED_FACE('',(#4380),#4674,.T.);
#4902=ADVANCED_FACE('',(#4381),#130,.T.);
#4903=ADVANCED_FACE('',(#4382),#4675,.T.);
#4904=ADVANCED_FACE('',(#4383),#131,.T.);
#4905=ADVANCED_FACE('',(#4384),#27,.T.);
#4906=ADVANCED_FACE('',(#4385),#132,.T.);
#4907=ADVANCED_FACE('',(#4386),#28,.F.);
#4908=ADVANCED_FACE('',(#4387),#4676,.F.);
#4909=ADVANCED_FACE('',(#4388),#4677,.T.);
#4910=ADVANCED_FACE('',(#4389),#133,.T.);
#4911=ADVANCED_FACE('',(#4390),#4678,.T.);
#4912=ADVANCED_FACE('',(#4391),#29,.F.);
#4913=ADVANCED_FACE('',(#4392),#134,.T.);
#4914=ADVANCED_FACE('',(#4393),#30,.T.);
#4915=ADVANCED_FACE('',(#4394),#135,.T.);
#4916=ADVANCED_FACE('',(#4395),#4679,.T.);
#4917=ADVANCED_FACE('',(#4396),#4680,.F.);
#4918=ADVANCED_FACE('',(#4397),#4681,.T.);
#4919=ADVANCED_FACE('',(#4398),#4682,.T.);
#4920=ADVANCED_FACE('',(#4399),#136,.T.);
#4921=ADVANCED_FACE('',(#4400),#4683,.T.);
#4922=ADVANCED_FACE('',(#4401),#137,.T.);
#4923=ADVANCED_FACE('',(#4402),#31,.T.);
#4924=ADVANCED_FACE('',(#4403),#138,.T.);
#4925=ADVANCED_FACE('',(#4404),#32,.F.);
#4926=ADVANCED_FACE('',(#4405),#4684,.F.);
#4927=ADVANCED_FACE('',(#4406),#4685,.T.);
#4928=ADVANCED_FACE('',(#4407),#139,.T.);
#4929=ADVANCED_FACE('',(#4408),#140,.T.);
#4930=ADVANCED_FACE('',(#4409),#4686,.F.);
#4931=ADVANCED_FACE('',(#4410),#4687,.F.);
#4932=ADVANCED_FACE('',(#4411),#4688,.T.);
#4933=ADVANCED_FACE('',(#4412),#141,.T.);
#4934=ADVANCED_FACE('',(#4413),#4689,.F.);
#4935=ADVANCED_FACE('',(#4414),#142,.T.);
#4936=ADVANCED_FACE('',(#4415),#4690,.F.);
#4937=ADVANCED_FACE('',(#4416),#4691,.T.);
#4938=ADVANCED_FACE('',(#4417),#4692,.T.);
#4939=ADVANCED_FACE('',(#4418),#4693,.T.);
#4940=ADVANCED_FACE('',(#4419),#4694,.T.);
#4941=ADVANCED_FACE('',(#4420),#4695,.T.);
#4942=ADVANCED_FACE('',(#4421),#4696,.F.);
#4943=ADVANCED_FACE('',(#4422,#4423),#143,.T.);
#4944=ADVANCED_FACE('',(#4424,#4425,#4426,#4427,#4428,#4429,#4430,#4431,
#4432,#4433,#4434,#4435,#4436,#4437,#4438,#4439,#4440,#4441,#4442),#4697,
 .F.);
#4945=ADVANCED_FACE('',(#4443),#4698,.T.);
#4946=ADVANCED_FACE('',(#4444),#4699,.T.);
#4947=ADVANCED_FACE('',(#4445),#4700,.T.);
#4948=ADVANCED_FACE('',(#4446),#4701,.T.);
#4949=ADVANCED_FACE('',(#4447),#4702,.T.);
#4950=ADVANCED_FACE('',(#4448),#4703,.T.);
#4951=ADVANCED_FACE('',(#4449),#4704,.T.);
#4952=ADVANCED_FACE('',(#4450),#4705,.F.);
#4953=ADVANCED_FACE('',(#4451),#144,.T.);
#4954=ADVANCED_FACE('',(#4452),#145,.T.);
#4955=ADVANCED_FACE('',(#4453),#4706,.T.);
#4956=ADVANCED_FACE('',(#4454),#4707,.T.);
#4957=ADVANCED_FACE('',(#4455),#4708,.T.);
#4958=ADVANCED_FACE('',(#4456),#4709,.T.);
#4959=ADVANCED_FACE('',(#4457),#4710,.T.);
#4960=ADVANCED_FACE('',(#4458),#4711,.T.);
#4961=ADVANCED_FACE('',(#4459),#146,.F.);
#4962=ADVANCED_FACE('',(#4460),#147,.F.);
#4963=ADVANCED_FACE('',(#4461),#4712,.T.);
#4964=ADVANCED_FACE('',(#4462),#148,.F.);
#4965=ADVANCED_FACE('',(#4463),#4713,.T.);
#4966=ADVANCED_FACE('',(#4464),#149,.T.);
#4967=ADVANCED_FACE('',(#4465),#4714,.F.);
#4968=ADVANCED_FACE('',(#4466),#4715,.T.);
#4969=ADVANCED_FACE('',(#4467),#4716,.T.);
#4970=ADVANCED_FACE('',(#4468),#4717,.T.);
#4971=ADVANCED_FACE('',(#4469),#4718,.T.);
#4972=ADVANCED_FACE('',(#4470),#4719,.T.);
#4973=ADVANCED_FACE('',(#4471),#4720,.T.);
#4974=ADVANCED_FACE('',(#4472),#4721,.T.);
#4975=ADVANCED_FACE('',(#4473),#4722,.F.);
#4976=ADVANCED_FACE('',(#4474),#4723,.F.);
#4977=ADVANCED_FACE('',(#4475),#4724,.F.);
#4978=ADVANCED_FACE('',(#4476),#4725,.T.);
#4979=ADVANCED_FACE('',(#4477,#4478),#4726,.F.);
#4980=ADVANCED_FACE('',(#4479),#4727,.F.);
#4981=ADVANCED_FACE('',(#4480),#150,.T.);
#4982=ADVANCED_FACE('',(#4481),#151,.T.);
#4983=ADVANCED_FACE('',(#4482),#4728,.T.);
#4984=ADVANCED_FACE('',(#4483),#4729,.T.);
#4985=ADVANCED_FACE('',(#4484),#4730,.F.);
#4986=ADVANCED_FACE('',(#4485),#4731,.F.);
#4987=ADVANCED_FACE('',(#4486),#4732,.F.);
#4988=ADVANCED_FACE('',(#4487),#4733,.F.);
#4989=ADVANCED_FACE('',(#4488),#4734,.F.);
#4990=ADVANCED_FACE('',(#4489),#4735,.F.);
#4991=ADVANCED_FACE('',(#4490),#152,.F.);
#4992=ADVANCED_FACE('',(#4491),#153,.F.);
#4993=ADVANCED_FACE('',(#4492),#4736,.T.);
#4994=ADVANCED_FACE('',(#4493,#4494,#4495),#4737,.F.);
#4995=ADVANCED_FACE('',(#4496),#4738,.F.);
#4996=ADVANCED_FACE('',(#4497),#4739,.F.);
#4997=ADVANCED_FACE('',(#4498,#4499),#154,.T.);
#4998=ADVANCED_FACE('',(#4500),#4740,.F.);
#4999=ADVANCED_FACE('',(#4501),#4741,.F.);
#5000=ADVANCED_FACE('',(#4502),#4742,.F.);
#5001=ADVANCED_FACE('',(#4503),#4743,.F.);
#5002=ADVANCED_FACE('',(#4504),#4744,.F.);
#5003=ADVANCED_FACE('',(#4505),#4745,.F.);
#5004=ADVANCED_FACE('',(#4506),#4746,.F.);
#5005=ADVANCED_FACE('',(#4507),#4747,.T.);
#5006=ADVANCED_FACE('',(#4508),#155,.T.);
#5007=ADVANCED_FACE('',(#4509),#4748,.F.);
#5008=ADVANCED_FACE('',(#4510),#156,.F.);
#5009=ADVANCED_FACE('',(#4511),#4749,.F.);
#5010=ADVANCED_FACE('',(#4512),#157,.F.);
#5011=ADVANCED_FACE('',(#4513),#158,.F.);
#5012=ADVANCED_FACE('',(#4514),#4750,.F.);
#5013=ADVANCED_FACE('',(#4515),#4751,.F.);
#5014=ADVANCED_FACE('',(#4516),#4752,.F.);
#5015=ADVANCED_FACE('',(#4517),#4753,.F.);
#5016=ADVANCED_FACE('',(#4518),#4754,.F.);
#5017=ADVANCED_FACE('',(#4519),#4755,.F.);
#5018=ADVANCED_FACE('',(#4520),#159,.T.);
#5019=ADVANCED_FACE('',(#4521),#160,.T.);
#5020=ADVANCED_FACE('',(#4522),#4756,.T.);
#5021=ADVANCED_FACE('',(#4523),#4757,.F.);
#5022=ADVANCED_FACE('',(#4524),#4758,.F.);
#5023=ADVANCED_FACE('',(#4525),#4759,.F.);
#5024=ADVANCED_FACE('',(#4526),#161,.T.);
#5025=ADVANCED_FACE('',(#4527),#4760,.T.);
#5026=ADVANCED_FACE('',(#4528),#162,.F.);
#5027=ADVANCED_FACE('',(#4529),#4761,.T.);
#5028=ADVANCED_FACE('',(#4530),#4762,.T.);
#5029=ADVANCED_FACE('',(#4531),#163,.F.);
#5030=ADVANCED_FACE('',(#4532),#4763,.T.);
#5031=ADVANCED_FACE('',(#4533),#4764,.T.);
#5032=ADVANCED_FACE('',(#4534),#4765,.T.);
#5033=ADVANCED_FACE('',(#4535),#164,.T.);
#5034=ADVANCED_FACE('',(#4536,#4537,#4538),#4766,.T.);
#5035=ADVANCED_FACE('',(#4539),#4767,.T.);
#5036=ADVANCED_FACE('',(#4540),#4768,.T.);
#5037=ADVANCED_FACE('',(#4541),#4769,.F.);
#5038=ADVANCED_FACE('',(#4542),#4770,.F.);
#5039=ADVANCED_FACE('',(#4543),#4771,.F.);
#5040=ADVANCED_FACE('',(#4544),#4772,.F.);
#5041=ADVANCED_FACE('',(#4545),#4773,.F.);
#5042=ADVANCED_FACE('',(#4546),#4774,.F.);
#5043=ADVANCED_FACE('',(#4547),#4775,.F.);
#5044=ADVANCED_FACE('',(#4548),#4776,.T.);
#5045=ADVANCED_FACE('',(#4549),#4777,.T.);
#5046=ADVANCED_FACE('',(#4550),#4778,.T.);
#5047=ADVANCED_FACE('',(#4551),#4779,.F.);
#5048=ADVANCED_FACE('',(#4552,#4553),#4780,.T.);
#5049=ADVANCED_FACE('',(#4554),#4781,.T.);
#5050=ADVANCED_FACE('',(#4555,#4556),#165,.F.);
#5051=ADVANCED_FACE('',(#4557),#4782,.F.);
#5052=ADVANCED_FACE('',(#4558,#4559),#166,.F.);
#5053=ADVANCED_FACE('',(#4560),#4783,.F.);
#5054=ADVANCED_FACE('',(#4561,#4562),#167,.F.);
#5055=ADVANCED_FACE('',(#4563),#4784,.F.);
#5056=ADVANCED_FACE('',(#4564,#4565),#168,.F.);
#5057=ADVANCED_FACE('',(#4566),#4785,.F.);
#5058=ADVANCED_FACE('',(#4567,#4568),#169,.F.);
#5059=ADVANCED_FACE('',(#4569),#4786,.F.);
#5060=ADVANCED_FACE('',(#4570,#4571),#170,.F.);
#5061=ADVANCED_FACE('',(#4572),#4787,.F.);
#5062=ADVANCED_FACE('',(#4573,#4574),#171,.F.);
#5063=ADVANCED_FACE('',(#4575),#4788,.F.);
#5064=ADVANCED_FACE('',(#4576,#4577),#172,.F.);
#5065=ADVANCED_FACE('',(#4578),#4789,.F.);
#5066=ADVANCED_FACE('',(#4579,#4580),#173,.F.);
#5067=ADVANCED_FACE('',(#4581),#4790,.F.);
#5068=ADVANCED_FACE('',(#4582,#4583),#174,.F.);
#5069=ADVANCED_FACE('',(#4584),#4791,.F.);
#5070=ADVANCED_FACE('',(#4585,#4586),#175,.F.);
#5071=ADVANCED_FACE('',(#4587,#4588),#4792,.T.);
#5072=ADVANCED_FACE('',(#4589,#4590),#176,.F.);
#5073=ADVANCED_FACE('',(#4591,#4592),#4793,.T.);
#5074=ADVANCED_FACE('',(#4593,#4594),#177,.F.);
#5075=ADVANCED_FACE('',(#4595,#4596),#178,.F.);
#5076=ADVANCED_FACE('',(#4597,#4598),#4794,.T.);
#5077=ADVANCED_FACE('',(#4599,#4600),#179,.F.);
#5078=ADVANCED_FACE('',(#4601,#4602),#4795,.T.);
#5079=ADVANCED_FACE('',(#4603,#4604),#180,.F.);
#5080=ADVANCED_FACE('',(#4605,#4606),#181,.F.);
#5081=ADVANCED_FACE('',(#4607,#4608),#4796,.T.);
#5082=ADVANCED_FACE('',(#4609,#4610),#182,.F.);
#5083=ADVANCED_FACE('',(#4611,#4612),#4797,.T.);
#5084=ADVANCED_FACE('',(#4613,#4614),#183,.F.);
#5085=ADVANCED_FACE('',(#4615,#4616),#184,.F.);
#5086=ADVANCED_FACE('',(#4617,#4618),#4798,.T.);
#5087=ADVANCED_FACE('',(#4619,#4620),#185,.F.);
#5088=ADVANCED_FACE('',(#4621,#4622),#4799,.T.);
#5089=ADVANCED_FACE('',(#4623,#4624),#186,.F.);
#5090=CLOSED_SHELL('',(#4800,#4801,#4802,#4803,#4804,#4805,#4806,#4807,
#4808,#4809,#4810,#4811,#4812,#4813,#4814,#4815,#4816,#4817,#4818,#4819,
#4820,#4821,#4822,#4823,#4824,#4825,#4826,#4827,#4828,#4829,#4830,#4831,
#4832,#4833,#4834,#4835,#4836,#4837,#4838,#4839,#4840,#4841,#4842,#4843,
#4844,#4845,#4846,#4847,#4848,#4849,#4850,#4851,#4852,#4853,#4854,#4855,
#4856,#4857,#4858,#4859,#4860,#4861,#4862,#4863,#4864,#4865,#4866,#4867,
#4868,#4869,#4870,#4871,#4872,#4873,#4874,#4875,#4876,#4877,#4878,#4879,
#4880,#4881,#4882,#4883,#4884,#4885,#4886,#4887,#4888,#4889,#4890,#4891,
#4892,#4893,#4894,#4895,#4896,#4897,#4898,#4899,#4900,#4901,#4902,#4903,
#4904,#4905,#4906,#4907,#4908,#4909,#4910,#4911,#4912,#4913,#4914,#4915,
#4916,#4917,#4918,#4919,#4920,#4921,#4922,#4923,#4924,#4925,#4926,#4927,
#4928,#4929,#4930,#4931,#4932,#4933,#4934,#4935,#4936,#4937,#4938,#4939,
#4940,#4941,#4942,#4943,#4944,#4945,#4946,#4947,#4948,#4949,#4950,#4951,
#4952,#4953,#4954,#4955,#4956,#4957,#4958,#4959,#4960,#4961,#4962,#4963,
#4964,#4965,#4966,#4967,#4968,#4969,#4970,#4971,#4972,#4973,#4974,#4975,
#4976,#4977,#4978,#4979,#4980,#4981,#4982,#4983,#4984,#4985,#4986,#4987,
#4988,#4989,#4990,#4991,#4992,#4993,#4994,#4995,#4996,#4997,#4998,#4999,
#5000,#5001,#5002,#5003,#5004,#5005,#5006,#5007,#5008,#5009,#5010,#5011,
#5012,#5013,#5014,#5015,#5016,#5017,#5018,#5019,#5020,#5021,#5022,#5023,
#5024,#5025,#5026,#5027,#5028,#5029,#5030,#5031,#5032,#5033,#5034,#5035,
#5036,#5037,#5038,#5039,#5040,#5041,#5042,#5043,#5044,#5045,#5046,#5047,
#5048,#5049,#5050,#5051,#5052,#5053,#5054,#5055,#5056,#5057,#5058,#5059,
#5060,#5061,#5062,#5063,#5064,#5065,#5066,#5067,#5068,#5069,#5070,#5071,
#5072,#5073,#5074,#5075,#5076,#5077,#5078,#5079,#5080,#5081,#5082,#5083,
#5084,#5085,#5086,#5087,#5088,#5089));
#5091=MANIFOLD_SOLID_BREP('RT00142SNH',#5090);
#5092=SHAPE_DEFINITION_REPRESENTATION(#8665,#5093);
#5093=SHAPE_REPRESENTATION('RT00142SNH',(#5094),#8660);
#5094=AXIS2_PLACEMENT_3D('',#7025,#5587,#5588);
#5095=AXIS2_PLACEMENT_3D('',#7026,#5589,#5590);
#5096=AXIS2_PLACEMENT_3D('',#7027,#5591,#5592);
#5097=AXIS2_PLACEMENT_3D('',#7029,#5593,#5594);
#5098=AXIS2_PLACEMENT_3D('',#7031,#5595,#5596);
#5099=AXIS2_PLACEMENT_3D('',#7033,#5597,#5598);
#5100=AXIS2_PLACEMENT_3D('',#7040,#5601,#5602);
#5101=AXIS2_PLACEMENT_3D('',#7042,#5603,#5604);
#5102=AXIS2_PLACEMENT_3D('',#7048,#5607,#5608);
#5103=AXIS2_PLACEMENT_3D('',#7050,#5609,#5610);
#5104=AXIS2_PLACEMENT_3D('',#7052,#5611,#5612);
#5105=AXIS2_PLACEMENT_3D('',#7066,#5619,#5620);
#5106=AXIS2_PLACEMENT_3D('',#7068,#5621,#5622);
#5107=AXIS2_PLACEMENT_3D('',#7072,#5624,#5625);
#5108=AXIS2_PLACEMENT_3D('',#7073,#5626,#5627);
#5109=AXIS2_PLACEMENT_3D('',#7105,#5643,#5644);
#5110=AXIS2_PLACEMENT_3D('',#7109,#5646,#5647);
#5111=AXIS2_PLACEMENT_3D('',#7113,#5649,#5650);
#5112=AXIS2_PLACEMENT_3D('',#7117,#5652,#5653);
#5113=AXIS2_PLACEMENT_3D('',#7121,#5655,#5656);
#5114=AXIS2_PLACEMENT_3D('',#7125,#5658,#5659);
#5115=AXIS2_PLACEMENT_3D('',#7129,#5661,#5662);
#5116=AXIS2_PLACEMENT_3D('',#7130,#5663,#5664);
#5117=AXIS2_PLACEMENT_3D('',#7140,#5667,#5668);
#5118=AXIS2_PLACEMENT_3D('',#7146,#5669,#5670);
#5119=AXIS2_PLACEMENT_3D('',#7155,#5672,#5673);
#5120=AXIS2_PLACEMENT_3D('',#7164,#5675,#5676);
#5121=AXIS2_PLACEMENT_3D('',#7165,#5677,#5678);
#5122=AXIS2_PLACEMENT_3D('',#7166,#5679,#5680);
#5123=AXIS2_PLACEMENT_3D('',#7171,#5682,#5683);
#5124=AXIS2_PLACEMENT_3D('',#7173,#5684,#5685);
#5125=AXIS2_PLACEMENT_3D('',#7175,#5686,#5687);
#5126=AXIS2_PLACEMENT_3D('',#7179,#5689,#5690);
#5127=AXIS2_PLACEMENT_3D('',#7188,#5692,#5693);
#5128=AXIS2_PLACEMENT_3D('',#7197,#5695,#5696);
#5129=AXIS2_PLACEMENT_3D('',#7206,#5698,#5699);
#5130=AXIS2_PLACEMENT_3D('',#7214,#5701,#5702);
#5131=AXIS2_PLACEMENT_3D('',#7217,#5704,#5705);
#5132=AXIS2_PLACEMENT_3D('',#7221,#5707,#5708);
#5133=AXIS2_PLACEMENT_3D('',#7225,#5710,#5711);
#5134=AXIS2_PLACEMENT_3D('',#7229,#5713,#5714);
#5135=AXIS2_PLACEMENT_3D('',#7233,#5716,#5717);
#5136=AXIS2_PLACEMENT_3D('',#7236,#5719,#5720);
#5137=AXIS2_PLACEMENT_3D('',#7240,#5722,#5723);
#5138=AXIS2_PLACEMENT_3D('',#7244,#5725,#5726);
#5139=AXIS2_PLACEMENT_3D('',#7254,#5728,#5729);
#5140=AXIS2_PLACEMENT_3D('',#7270,#5731,#5732);
#5141=AXIS2_PLACEMENT_3D('',#7277,#5733,#5734);
#5142=AXIS2_PLACEMENT_3D('',#7281,#5736,#5737);
#5143=AXIS2_PLACEMENT_3D('',#7285,#5739,#5740);
#5144=AXIS2_PLACEMENT_3D('',#7295,#5742,#5743);
#5145=AXIS2_PLACEMENT_3D('',#7311,#5745,#5746);
#5146=AXIS2_PLACEMENT_3D('',#7318,#5747,#5748);
#5147=AXIS2_PLACEMENT_3D('',#7319,#5749,#5750);
#5148=AXIS2_PLACEMENT_3D('',#7324,#5752,#5753);
#5149=AXIS2_PLACEMENT_3D('',#7327,#5755,#5756);
#5150=AXIS2_PLACEMENT_3D('',#7328,#5757,#5758);
#5151=AXIS2_PLACEMENT_3D('',#7333,#5760,#5761);
#5152=AXIS2_PLACEMENT_3D('',#7336,#5763,#5764);
#5153=AXIS2_PLACEMENT_3D('',#7337,#5765,#5766);
#5154=AXIS2_PLACEMENT_3D('',#7342,#5768,#5769);
#5155=AXIS2_PLACEMENT_3D('',#7345,#5771,#5772);
#5156=AXIS2_PLACEMENT_3D('',#7346,#5773,#5774);
#5157=AXIS2_PLACEMENT_3D('',#7351,#5776,#5777);
#5158=AXIS2_PLACEMENT_3D('',#7354,#5779,#5780);
#5159=AXIS2_PLACEMENT_3D('',#7355,#5781,#5782);
#5160=AXIS2_PLACEMENT_3D('',#7360,#5784,#5785);
#5161=AXIS2_PLACEMENT_3D('',#7363,#5787,#5788);
#5162=AXIS2_PLACEMENT_3D('',#7364,#5789,#5790);
#5163=AXIS2_PLACEMENT_3D('',#7369,#5792,#5793);
#5164=AXIS2_PLACEMENT_3D('',#7372,#5795,#5796);
#5165=AXIS2_PLACEMENT_3D('',#7383,#5797,#5798);
#5166=AXIS2_PLACEMENT_3D('',#7384,#5799,#5800);
#5167=AXIS2_PLACEMENT_3D('',#7390,#5801,#5802);
#5168=AXIS2_PLACEMENT_3D('',#7396,#5803,#5804);
#5169=AXIS2_PLACEMENT_3D('',#7407,#5805,#5806);
#5170=AXIS2_PLACEMENT_3D('',#7408,#5807,#5808);
#5171=AXIS2_PLACEMENT_3D('',#7414,#5809,#5810);
#5172=AXIS2_PLACEMENT_3D('',#7420,#5811,#5812);
#5173=AXIS2_PLACEMENT_3D('',#7425,#5815,#5816);
#5174=AXIS2_PLACEMENT_3D('',#7426,#5817,#5818);
#5175=AXIS2_PLACEMENT_3D('',#7429,#5820,#5821);
#5176=AXIS2_PLACEMENT_3D('',#7432,#5823,#5824);
#5177=AXIS2_PLACEMENT_3D('',#7440,#5830,#5831);
#5178=AXIS2_PLACEMENT_3D('',#7441,#5832,#5833);
#5179=AXIS2_PLACEMENT_3D('',#7446,#5835,#5836);
#5180=AXIS2_PLACEMENT_3D('',#7450,#5838,#5839);
#5181=AXIS2_PLACEMENT_3D('',#7454,#5841,#5842);
#5182=AXIS2_PLACEMENT_3D('',#7458,#5844,#5845);
#5183=AXIS2_PLACEMENT_3D('',#7462,#5847,#5848);
#5184=AXIS2_PLACEMENT_3D('',#7466,#5850,#5851);
#5185=AXIS2_PLACEMENT_3D('',#7470,#5853,#5854);
#5186=AXIS2_PLACEMENT_3D('',#7474,#5856,#5857);
#5187=AXIS2_PLACEMENT_3D('',#7478,#5859,#5860);
#5188=AXIS2_PLACEMENT_3D('',#7481,#5862,#5863);
#5189=AXIS2_PLACEMENT_3D('',#7483,#5864,#5865);
#5190=AXIS2_PLACEMENT_3D('',#7520,#5866,#5867);
#5191=AXIS2_PLACEMENT_3D('',#7522,#5868,#5869);
#5192=AXIS2_PLACEMENT_3D('',#7528,#5873,#5874);
#5193=AXIS2_PLACEMENT_3D('',#7531,#5876,#5877);
#5194=AXIS2_PLACEMENT_3D('',#7532,#5878,#5879);
#5195=AXIS2_PLACEMENT_3D('',#7536,#5882,#5883);
#5196=AXIS2_PLACEMENT_3D('',#7539,#5885,#5886);
#5197=AXIS2_PLACEMENT_3D('',#7540,#5887,#5888);
#5198=AXIS2_PLACEMENT_3D('',#7544,#5891,#5892);
#5199=AXIS2_PLACEMENT_3D('',#7547,#5894,#5895);
#5200=AXIS2_PLACEMENT_3D('',#7548,#5896,#5897);
#5201=AXIS2_PLACEMENT_3D('',#7552,#5900,#5901);
#5202=AXIS2_PLACEMENT_3D('',#7555,#5903,#5904);
#5203=AXIS2_PLACEMENT_3D('',#7556,#5905,#5906);
#5204=AXIS2_PLACEMENT_3D('',#7560,#5909,#5910);
#5205=AXIS2_PLACEMENT_3D('',#7563,#5912,#5913);
#5206=AXIS2_PLACEMENT_3D('',#7564,#5914,#5915);
#5207=AXIS2_PLACEMENT_3D('',#7568,#5918,#5919);
#5208=AXIS2_PLACEMENT_3D('',#7571,#5921,#5922);
#5209=AXIS2_PLACEMENT_3D('',#7572,#5923,#5924);
#5210=AXIS2_PLACEMENT_3D('',#7576,#5927,#5928);
#5211=AXIS2_PLACEMENT_3D('',#7579,#5930,#5931);
#5212=AXIS2_PLACEMENT_3D('',#7580,#5932,#5933);
#5213=AXIS2_PLACEMENT_3D('',#7584,#5936,#5937);
#5214=AXIS2_PLACEMENT_3D('',#7587,#5939,#5940);
#5215=AXIS2_PLACEMENT_3D('',#7588,#5941,#5942);
#5216=AXIS2_PLACEMENT_3D('',#7592,#5945,#5946);
#5217=AXIS2_PLACEMENT_3D('',#7595,#5948,#5949);
#5218=AXIS2_PLACEMENT_3D('',#7596,#5950,#5951);
#5219=AXIS2_PLACEMENT_3D('',#7600,#5954,#5955);
#5220=AXIS2_PLACEMENT_3D('',#7601,#5956,#5957);
#5221=AXIS2_PLACEMENT_3D('',#7602,#5958,#5959);
#5222=AXIS2_PLACEMENT_3D('',#7603,#5960,#5961);
#5223=AXIS2_PLACEMENT_3D('',#7605,#5962,#5963);
#5224=AXIS2_PLACEMENT_3D('',#7614,#5968,#5969);
#5225=AXIS2_PLACEMENT_3D('',#7620,#5973,#5974);
#5226=AXIS2_PLACEMENT_3D('',#7626,#5978,#5979);
#5227=AXIS2_PLACEMENT_3D('',#7632,#5983,#5984);
#5228=AXIS2_PLACEMENT_3D('',#7638,#5988,#5989);
#5229=AXIS2_PLACEMENT_3D('',#7644,#5993,#5994);
#5230=AXIS2_PLACEMENT_3D('',#7650,#5998,#5999);
#5231=AXIS2_PLACEMENT_3D('',#7651,#6000,#6001);
#5232=AXIS2_PLACEMENT_3D('',#7653,#6002,#6003);
#5233=AXIS2_PLACEMENT_3D('',#7655,#6004,#6005);
#5234=AXIS2_PLACEMENT_3D('',#7656,#6006,#6007);
#5235=AXIS2_PLACEMENT_3D('',#7658,#6008,#6009);
#5236=AXIS2_PLACEMENT_3D('',#7660,#6010,#6011);
#5237=AXIS2_PLACEMENT_3D('',#7661,#6012,#6013);
#5238=AXIS2_PLACEMENT_3D('',#7663,#6014,#6015);
#5239=AXIS2_PLACEMENT_3D('',#7665,#6016,#6017);
#5240=AXIS2_PLACEMENT_3D('',#7666,#6018,#6019);
#5241=AXIS2_PLACEMENT_3D('',#7668,#6020,#6021);
#5242=AXIS2_PLACEMENT_3D('',#7670,#6022,#6023);
#5243=AXIS2_PLACEMENT_3D('',#7673,#6026,#6027);
#5244=AXIS2_PLACEMENT_3D('',#7674,#6028,#6029);
#5245=AXIS2_PLACEMENT_3D('',#7676,#6030,#6031);
#5246=AXIS2_PLACEMENT_3D('',#7677,#6032,#6033);
#5247=AXIS2_PLACEMENT_3D('',#7678,#6034,#6035);
#5248=AXIS2_PLACEMENT_3D('',#7680,#6036,#6037);
#5249=AXIS2_PLACEMENT_3D('',#7681,#6038,#6039);
#5250=AXIS2_PLACEMENT_3D('',#7683,#6040,#6041);
#5251=AXIS2_PLACEMENT_3D('',#7684,#6042,#6043);
#5252=AXIS2_PLACEMENT_3D('',#7686,#6044,#6045);
#5253=AXIS2_PLACEMENT_3D('',#7687,#6046,#6047);
#5254=AXIS2_PLACEMENT_3D('',#7689,#6048,#6049);
#5255=AXIS2_PLACEMENT_3D('',#7690,#6050,#6051);
#5256=AXIS2_PLACEMENT_3D('',#7691,#6052,#6053);
#5257=AXIS2_PLACEMENT_3D('',#7692,#6054,#6055);
#5258=AXIS2_PLACEMENT_3D('',#7694,#6057,#6058);
#5259=AXIS2_PLACEMENT_3D('',#7695,#6059,#6060);
#5260=AXIS2_PLACEMENT_3D('',#7697,#6062,#6063);
#5261=AXIS2_PLACEMENT_3D('',#7698,#6064,#6065);
#5262=AXIS2_PLACEMENT_3D('',#7704,#6066,#6067);
#5263=AXIS2_PLACEMENT_3D('',#7712,#6068,#6069);
#5264=AXIS2_PLACEMENT_3D('',#7718,#6070,#6071);
#5265=AXIS2_PLACEMENT_3D('',#7726,#6072,#6073);
#5266=AXIS2_PLACEMENT_3D('',#7732,#6074,#6075);
#5267=AXIS2_PLACEMENT_3D('',#7740,#6076,#6077);
#5268=AXIS2_PLACEMENT_3D('',#7741,#6078,#6079);
#5269=AXIS2_PLACEMENT_3D('',#7742,#6080,#6081);
#5270=AXIS2_PLACEMENT_3D('',#7743,#6082,#6083);
#5271=AXIS2_PLACEMENT_3D('',#7751,#6086,#6087);
#5272=AXIS2_PLACEMENT_3D('',#7753,#6089,#6090);
#5273=AXIS2_PLACEMENT_3D('',#7760,#6092,#6093);
#5274=AXIS2_PLACEMENT_3D('',#7764,#6096,#6097);
#5275=AXIS2_PLACEMENT_3D('',#7770,#6099,#6100);
#5276=AXIS2_PLACEMENT_3D('',#7772,#6102,#6103);
#5277=AXIS2_PLACEMENT_3D('',#7779,#6105,#6106);
#5278=AXIS2_PLACEMENT_3D('',#7781,#6108,#6109);
#5279=AXIS2_PLACEMENT_3D('',#7787,#6113,#6114);
#5280=AXIS2_PLACEMENT_3D('',#7793,#6116,#6117);
#5281=AXIS2_PLACEMENT_3D('',#7795,#6119,#6120);
#5282=AXIS2_PLACEMENT_3D('',#7802,#6122,#6123);
#5283=AXIS2_PLACEMENT_3D('',#7806,#6126,#6127);
#5284=AXIS2_PLACEMENT_3D('',#7812,#6129,#6130);
#5285=AXIS2_PLACEMENT_3D('',#7814,#6132,#6133);
#5286=AXIS2_PLACEMENT_3D('',#7819,#6134,#6135);
#5287=AXIS2_PLACEMENT_3D('',#7820,#6136,#6137);
#5288=AXIS2_PLACEMENT_3D('',#7825,#6139,#6140);
#5289=AXIS2_PLACEMENT_3D('',#7828,#6142,#6143);
#5290=AXIS2_PLACEMENT_3D('',#7829,#6144,#6145);
#5291=AXIS2_PLACEMENT_3D('',#7834,#6148,#6149);
#5292=AXIS2_PLACEMENT_3D('',#7835,#6150,#6151);
#5293=AXIS2_PLACEMENT_3D('',#7840,#6154,#6155);
#5294=AXIS2_PLACEMENT_3D('',#7841,#6156,#6157);
#5295=AXIS2_PLACEMENT_3D('',#7846,#6160,#6161);
#5296=AXIS2_PLACEMENT_3D('',#7847,#6162,#6163);
#5297=AXIS2_PLACEMENT_3D('',#7852,#6166,#6167);
#5298=AXIS2_PLACEMENT_3D('',#7853,#6168,#6169);
#5299=AXIS2_PLACEMENT_3D('',#7858,#6172,#6173);
#5300=AXIS2_PLACEMENT_3D('',#7861,#6176,#6177);
#5301=AXIS2_PLACEMENT_3D('',#7863,#6179,#6180);
#5302=AXIS2_PLACEMENT_3D('',#7865,#6182,#6183);
#5303=AXIS2_PLACEMENT_3D('',#7866,#6184,#6185);
#5304=AXIS2_PLACEMENT_3D('',#7871,#6187,#6188);
#5305=AXIS2_PLACEMENT_3D('',#7874,#6190,#6191);
#5306=AXIS2_PLACEMENT_3D('',#7875,#6192,#6193);
#5307=AXIS2_PLACEMENT_3D('',#7880,#6196,#6197);
#5308=AXIS2_PLACEMENT_3D('',#7881,#6198,#6199);
#5309=AXIS2_PLACEMENT_3D('',#7886,#6202,#6203);
#5310=AXIS2_PLACEMENT_3D('',#7887,#6204,#6205);
#5311=AXIS2_PLACEMENT_3D('',#7892,#6208,#6209);
#5312=AXIS2_PLACEMENT_3D('',#7893,#6210,#6211);
#5313=AXIS2_PLACEMENT_3D('',#7898,#6214,#6215);
#5314=AXIS2_PLACEMENT_3D('',#7901,#6218,#6219);
#5315=AXIS2_PLACEMENT_3D('',#7902,#6220,#6221);
#5316=AXIS2_PLACEMENT_3D('',#7907,#6224,#6225);
#5317=AXIS2_PLACEMENT_3D('',#7909,#6227,#6228);
#5318=AXIS2_PLACEMENT_3D('',#7911,#6230,#6231);
#5319=AXIS2_PLACEMENT_3D('',#7912,#6232,#6233);
#5320=AXIS2_PLACEMENT_3D('',#7917,#6235,#6236);
#5321=AXIS2_PLACEMENT_3D('',#7920,#6238,#6239);
#5322=AXIS2_PLACEMENT_3D('',#7921,#6240,#6241);
#5323=AXIS2_PLACEMENT_3D('',#7926,#6244,#6245);
#5324=AXIS2_PLACEMENT_3D('',#7927,#6246,#6247);
#5325=AXIS2_PLACEMENT_3D('',#7932,#6250,#6251);
#5326=AXIS2_PLACEMENT_3D('',#7933,#6252,#6253);
#5327=AXIS2_PLACEMENT_3D('',#7938,#6256,#6257);
#5328=AXIS2_PLACEMENT_3D('',#7939,#6258,#6259);
#5329=AXIS2_PLACEMENT_3D('',#7944,#6262,#6263);
#5330=AXIS2_PLACEMENT_3D('',#7945,#6264,#6265);
#5331=AXIS2_PLACEMENT_3D('',#7950,#6268,#6269);
#5332=AXIS2_PLACEMENT_3D('',#7953,#6272,#6273);
#5333=AXIS2_PLACEMENT_3D('',#7955,#6275,#6276);
#5334=AXIS2_PLACEMENT_3D('',#7957,#6278,#6279);
#5335=AXIS2_PLACEMENT_3D('',#7958,#6280,#6281);
#5336=AXIS2_PLACEMENT_3D('',#7963,#6283,#6284);
#5337=AXIS2_PLACEMENT_3D('',#7966,#6286,#6287);
#5338=AXIS2_PLACEMENT_3D('',#7967,#6288,#6289);
#5339=AXIS2_PLACEMENT_3D('',#7972,#6292,#6293);
#5340=AXIS2_PLACEMENT_3D('',#7973,#6294,#6295);
#5341=AXIS2_PLACEMENT_3D('',#7978,#6298,#6299);
#5342=AXIS2_PLACEMENT_3D('',#7979,#6300,#6301);
#5343=AXIS2_PLACEMENT_3D('',#7984,#6304,#6305);
#5344=AXIS2_PLACEMENT_3D('',#7985,#6306,#6307);
#5345=AXIS2_PLACEMENT_3D('',#7990,#6310,#6311);
#5346=AXIS2_PLACEMENT_3D('',#7993,#6314,#6315);
#5347=AXIS2_PLACEMENT_3D('',#7994,#6316,#6317);
#5348=AXIS2_PLACEMENT_3D('',#7999,#6320,#6321);
#5349=AXIS2_PLACEMENT_3D('',#8001,#6323,#6324);
#5350=AXIS2_PLACEMENT_3D('',#8003,#6326,#6327);
#5351=AXIS2_PLACEMENT_3D('',#8005,#6329,#6330);
#5352=AXIS2_PLACEMENT_3D('',#8007,#6332,#6333);
#5353=AXIS2_PLACEMENT_3D('',#8011,#6336,#6337);
#5354=AXIS2_PLACEMENT_3D('',#8015,#6340,#6341);
#5355=AXIS2_PLACEMENT_3D('',#8018,#6343,#6344);
#5356=AXIS2_PLACEMENT_3D('',#8022,#6347,#6348);
#5357=AXIS2_PLACEMENT_3D('',#8024,#6350,#6351);
#5358=AXIS2_PLACEMENT_3D('',#8029,#6355,#6356);
#5359=AXIS2_PLACEMENT_3D('',#8030,#6357,#6358);
#5360=AXIS2_PLACEMENT_3D('',#8034,#6361,#6362);
#5361=AXIS2_PLACEMENT_3D('',#8035,#6363,#6364);
#5362=AXIS2_PLACEMENT_3D('',#8036,#6365,#6366);
#5363=AXIS2_PLACEMENT_3D('',#8040,#6369,#6370);
#5364=AXIS2_PLACEMENT_3D('',#8044,#6373,#6374);
#5365=AXIS2_PLACEMENT_3D('',#8046,#6376,#6377);
#5366=AXIS2_PLACEMENT_3D('',#8048,#6379,#6380);
#5367=AXIS2_PLACEMENT_3D('',#8049,#6381,#6382);
#5368=AXIS2_PLACEMENT_3D('',#8050,#6383,#6384);
#5369=AXIS2_PLACEMENT_3D('',#8052,#6385,#6386);
#5370=AXIS2_PLACEMENT_3D('',#8053,#6387,#6388);
#5371=AXIS2_PLACEMENT_3D('',#8055,#6389,#6390);
#5372=AXIS2_PLACEMENT_3D('',#8057,#6391,#6392);
#5373=AXIS2_PLACEMENT_3D('',#8059,#6393,#6394);
#5374=AXIS2_PLACEMENT_3D('',#8061,#6395,#6396);
#5375=AXIS2_PLACEMENT_3D('',#8063,#6397,#6398);
#5376=AXIS2_PLACEMENT_3D('',#8065,#6399,#6400);
#5377=AXIS2_PLACEMENT_3D('',#8067,#6401,#6402);
#5378=AXIS2_PLACEMENT_3D('',#8069,#6403,#6404);
#5379=AXIS2_PLACEMENT_3D('',#8071,#6405,#6406);
#5380=AXIS2_PLACEMENT_3D('',#8073,#6407,#6408);
#5381=AXIS2_PLACEMENT_3D('',#8075,#6409,#6410);
#5382=AXIS2_PLACEMENT_3D('',#8077,#6411,#6412);
#5383=AXIS2_PLACEMENT_3D('',#8079,#6413,#6414);
#5384=AXIS2_PLACEMENT_3D('',#8084,#6416,#6417);
#5385=AXIS2_PLACEMENT_3D('',#8086,#6418,#6419);
#5386=AXIS2_PLACEMENT_3D('',#8107,#6430,#6431);
#5387=AXIS2_PLACEMENT_3D('',#8110,#6432,#6433);
#5388=AXIS2_PLACEMENT_3D('',#8112,#6434,#6435);
#5389=AXIS2_PLACEMENT_3D('',#8126,#6442,#6443);
#5390=AXIS2_PLACEMENT_3D('',#8128,#6444,#6445);
#5391=AXIS2_PLACEMENT_3D('',#8132,#6447,#6448);
#5392=AXIS2_PLACEMENT_3D('',#8149,#6457,#6458);
#5393=AXIS2_PLACEMENT_3D('',#8155,#6462,#6463);
#5394=AXIS2_PLACEMENT_3D('',#8159,#6466,#6467);
#5395=AXIS2_PLACEMENT_3D('',#8163,#6470,#6471);
#5396=AXIS2_PLACEMENT_3D('',#8167,#6474,#6475);
#5397=AXIS2_PLACEMENT_3D('',#8171,#6478,#6479);
#5398=AXIS2_PLACEMENT_3D('',#8175,#6482,#6483);
#5399=AXIS2_PLACEMENT_3D('',#8177,#6485,#6486);
#5400=AXIS2_PLACEMENT_3D('',#8178,#6487,#6488);
#5401=AXIS2_PLACEMENT_3D('',#8181,#6490,#6491);
#5402=AXIS2_PLACEMENT_3D('',#8184,#6493,#6494);
#5403=AXIS2_PLACEMENT_3D('',#8185,#6495,#6496);
#5404=AXIS2_PLACEMENT_3D('',#8188,#6498,#6499);
#5405=AXIS2_PLACEMENT_3D('',#8192,#6502,#6503);
#5406=AXIS2_PLACEMENT_3D('',#8196,#6506,#6507);
#5407=AXIS2_PLACEMENT_3D('',#8200,#6510,#6511);
#5408=AXIS2_PLACEMENT_3D('',#8204,#6514,#6515);
#5409=AXIS2_PLACEMENT_3D('',#8208,#6518,#6519);
#5410=AXIS2_PLACEMENT_3D('',#8212,#6522,#6523);
#5411=AXIS2_PLACEMENT_3D('',#8213,#6524,#6525);
#5412=AXIS2_PLACEMENT_3D('',#8216,#6527,#6528);
#5413=AXIS2_PLACEMENT_3D('',#8217,#6529,#6530);
#5414=AXIS2_PLACEMENT_3D('',#8220,#6532,#6533);
#5415=AXIS2_PLACEMENT_3D('',#8224,#6536,#6537);
#5416=AXIS2_PLACEMENT_3D('',#8225,#6538,#6539);
#5417=AXIS2_PLACEMENT_3D('',#8228,#6541,#6542);
#5418=AXIS2_PLACEMENT_3D('',#8232,#6545,#6546);
#5419=AXIS2_PLACEMENT_3D('',#8233,#6547,#6548);
#5420=AXIS2_PLACEMENT_3D('',#8234,#6549,#6550);
#5421=AXIS2_PLACEMENT_3D('',#8235,#6551,#6552);
#5422=AXIS2_PLACEMENT_3D('',#8241,#6556,#6557);
#5423=AXIS2_PLACEMENT_3D('',#8245,#6560,#6561);
#5424=AXIS2_PLACEMENT_3D('',#8249,#6564,#6565);
#5425=AXIS2_PLACEMENT_3D('',#8253,#6568,#6569);
#5426=AXIS2_PLACEMENT_3D('',#8257,#6572,#6573);
#5427=AXIS2_PLACEMENT_3D('',#8261,#6576,#6577);
#5428=AXIS2_PLACEMENT_3D('',#8265,#6580,#6581);
#5429=AXIS2_PLACEMENT_3D('',#8274,#6586,#6587);
#5430=AXIS2_PLACEMENT_3D('',#8280,#6591,#6592);
#5431=AXIS2_PLACEMENT_3D('',#8283,#6595,#6596);
#5432=AXIS2_PLACEMENT_3D('',#8285,#6598,#6599);
#5433=AXIS2_PLACEMENT_3D('',#8286,#6600,#6601);
#5434=AXIS2_PLACEMENT_3D('',#8287,#6602,#6603);
#5435=AXIS2_PLACEMENT_3D('',#8290,#6605,#6606);
#5436=AXIS2_PLACEMENT_3D('',#8293,#6608,#6609);
#5437=AXIS2_PLACEMENT_3D('',#8294,#6610,#6611);
#5438=AXIS2_PLACEMENT_3D('',#8297,#6613,#6614);
#5439=AXIS2_PLACEMENT_3D('',#8301,#6617,#6618);
#5440=AXIS2_PLACEMENT_3D('',#8305,#6621,#6622);
#5441=AXIS2_PLACEMENT_3D('',#8314,#6627,#6628);
#5442=AXIS2_PLACEMENT_3D('',#8320,#6632,#6633);
#5443=AXIS2_PLACEMENT_3D('',#8326,#6637,#6638);
#5444=AXIS2_PLACEMENT_3D('',#8335,#6643,#6644);
#5445=AXIS2_PLACEMENT_3D('',#8341,#6648,#6649);
#5446=AXIS2_PLACEMENT_3D('',#8347,#6653,#6654);
#5447=AXIS2_PLACEMENT_3D('',#8348,#6655,#6656);
#5448=AXIS2_PLACEMENT_3D('',#8349,#6657,#6658);
#5449=AXIS2_PLACEMENT_3D('',#8350,#6659,#6660);
#5450=AXIS2_PLACEMENT_3D('',#8351,#6661,#6662);
#5451=AXIS2_PLACEMENT_3D('',#8352,#6663,#6664);
#5452=AXIS2_PLACEMENT_3D('',#8353,#6665,#6666);
#5453=AXIS2_PLACEMENT_3D('',#8355,#6668,#6669);
#5454=AXIS2_PLACEMENT_3D('',#8356,#6670,#6671);
#5455=AXIS2_PLACEMENT_3D('',#8357,#6672,#6673);
#5456=AXIS2_PLACEMENT_3D('',#8358,#6674,#6675);
#5457=AXIS2_PLACEMENT_3D('',#8359,#6676,#6677);
#5458=AXIS2_PLACEMENT_3D('',#8365,#6681,#6682);
#5459=AXIS2_PLACEMENT_3D('',#8369,#6685,#6686);
#5460=AXIS2_PLACEMENT_3D('',#8373,#6689,#6690);
#5461=AXIS2_PLACEMENT_3D('',#8377,#6693,#6694);
#5462=AXIS2_PLACEMENT_3D('',#8381,#6697,#6698);
#5463=AXIS2_PLACEMENT_3D('',#8385,#6701,#6702);
#5464=AXIS2_PLACEMENT_3D('',#8387,#6704,#6705);
#5465=AXIS2_PLACEMENT_3D('',#8388,#6706,#6707);
#5466=AXIS2_PLACEMENT_3D('',#8391,#6709,#6710);
#5467=AXIS2_PLACEMENT_3D('',#8394,#6712,#6713);
#5468=AXIS2_PLACEMENT_3D('',#8398,#6716,#6717);
#5469=AXIS2_PLACEMENT_3D('',#8401,#6719,#6720);
#5470=AXIS2_PLACEMENT_3D('',#8402,#6721,#6722);
#5471=AXIS2_PLACEMENT_3D('',#8406,#6725,#6726);
#5472=AXIS2_PLACEMENT_3D('',#8409,#6728,#6729);
#5473=AXIS2_PLACEMENT_3D('',#8410,#6730,#6731);
#5474=AXIS2_PLACEMENT_3D('',#8413,#6733,#6734);
#5475=AXIS2_PLACEMENT_3D('',#8414,#6735,#6736);
#5476=AXIS2_PLACEMENT_3D('',#8418,#6739,#6740);
#5477=AXIS2_PLACEMENT_3D('',#8422,#6743,#6744);
#5478=AXIS2_PLACEMENT_3D('',#8426,#6747,#6748);
#5479=AXIS2_PLACEMENT_3D('',#8430,#6751,#6752);
#5480=AXIS2_PLACEMENT_3D('',#8434,#6755,#6756);
#5481=AXIS2_PLACEMENT_3D('',#8438,#6759,#6760);
#5482=AXIS2_PLACEMENT_3D('',#8441,#6762,#6763);
#5483=AXIS2_PLACEMENT_3D('',#8442,#6764,#6765);
#5484=AXIS2_PLACEMENT_3D('',#8443,#6766,#6767);
#5485=AXIS2_PLACEMENT_3D('',#8444,#6768,#6769);
#5486=AXIS2_PLACEMENT_3D('',#8445,#6770,#6771);
#5487=AXIS2_PLACEMENT_3D('',#8451,#6775,#6776);
#5488=AXIS2_PLACEMENT_3D('',#8455,#6779,#6780);
#5489=AXIS2_PLACEMENT_3D('',#8459,#6783,#6784);
#5490=AXIS2_PLACEMENT_3D('',#8462,#6786,#6787);
#5491=AXIS2_PLACEMENT_3D('',#8463,#6788,#6789);
#5492=AXIS2_PLACEMENT_3D('',#8472,#6794,#6795);
#5493=AXIS2_PLACEMENT_3D('',#8473,#6796,#6797);
#5494=AXIS2_PLACEMENT_3D('',#8477,#6799,#6800);
#5495=AXIS2_PLACEMENT_3D('',#8478,#6801,#6802);
#5496=AXIS2_PLACEMENT_3D('',#8484,#6806,#6807);
#5497=AXIS2_PLACEMENT_3D('',#8493,#6812,#6813);
#5498=AXIS2_PLACEMENT_3D('',#8494,#6814,#6815);
#5499=AXIS2_PLACEMENT_3D('',#8498,#6817,#6818);
#5500=AXIS2_PLACEMENT_3D('',#8499,#6819,#6820);
#5501=AXIS2_PLACEMENT_3D('',#8505,#6824,#6825);
#5502=AXIS2_PLACEMENT_3D('',#8508,#6828,#6829);
#5503=AXIS2_PLACEMENT_3D('',#8511,#6832,#6833);
#5504=AXIS2_PLACEMENT_3D('',#8512,#6834,#6835);
#5505=AXIS2_PLACEMENT_3D('',#8513,#6836,#6837);
#5506=AXIS2_PLACEMENT_3D('',#8514,#6838,#6839);
#5507=AXIS2_PLACEMENT_3D('',#8515,#6840,#6841);
#5508=AXIS2_PLACEMENT_3D('',#8516,#6842,#6843);
#5509=AXIS2_PLACEMENT_3D('',#8522,#6847,#6848);
#5510=AXIS2_PLACEMENT_3D('',#8526,#6851,#6852);
#5511=AXIS2_PLACEMENT_3D('',#8530,#6855,#6856);
#5512=AXIS2_PLACEMENT_3D('',#8534,#6859,#6860);
#5513=AXIS2_PLACEMENT_3D('',#8538,#6863,#6864);
#5514=AXIS2_PLACEMENT_3D('',#8542,#6867,#6868);
#5515=AXIS2_PLACEMENT_3D('',#8546,#6871,#6872);
#5516=AXIS2_PLACEMENT_3D('',#8555,#6877,#6878);
#5517=AXIS2_PLACEMENT_3D('',#8561,#6882,#6883);
#5518=AXIS2_PLACEMENT_3D('',#8564,#6886,#6887);
#5519=AXIS2_PLACEMENT_3D('',#8566,#6889,#6890);
#5520=AXIS2_PLACEMENT_3D('',#8567,#6891,#6892);
#5521=AXIS2_PLACEMENT_3D('',#8568,#6893,#6894);
#5522=AXIS2_PLACEMENT_3D('',#8569,#6895,#6896);
#5523=AXIS2_PLACEMENT_3D('',#8571,#6897,#6898);
#5524=AXIS2_PLACEMENT_3D('',#8572,#6899,#6900);
#5525=AXIS2_PLACEMENT_3D('',#8573,#6901,#6902);
#5526=AXIS2_PLACEMENT_3D('',#8575,#6903,#6904);
#5527=AXIS2_PLACEMENT_3D('',#8576,#6905,#6906);
#5528=AXIS2_PLACEMENT_3D('',#8577,#6907,#6908);
#5529=AXIS2_PLACEMENT_3D('',#8579,#6909,#6910);
#5530=AXIS2_PLACEMENT_3D('',#8580,#6911,#6912);
#5531=AXIS2_PLACEMENT_3D('',#8581,#6913,#6914);
#5532=AXIS2_PLACEMENT_3D('',#8583,#6915,#6916);
#5533=AXIS2_PLACEMENT_3D('',#8584,#6917,#6918);
#5534=AXIS2_PLACEMENT_3D('',#8585,#6919,#6920);
#5535=AXIS2_PLACEMENT_3D('',#8587,#6921,#6922);
#5536=AXIS2_PLACEMENT_3D('',#8588,#6923,#6924);
#5537=AXIS2_PLACEMENT_3D('',#8589,#6925,#6926);
#5538=AXIS2_PLACEMENT_3D('',#8591,#6927,#6928);
#5539=AXIS2_PLACEMENT_3D('',#8592,#6929,#6930);
#5540=AXIS2_PLACEMENT_3D('',#8593,#6931,#6932);
#5541=AXIS2_PLACEMENT_3D('',#8595,#6933,#6934);
#5542=AXIS2_PLACEMENT_3D('',#8596,#6935,#6936);
#5543=AXIS2_PLACEMENT_3D('',#8597,#6937,#6938);
#5544=AXIS2_PLACEMENT_3D('',#8599,#6939,#6940);
#5545=AXIS2_PLACEMENT_3D('',#8600,#6941,#6942);
#5546=AXIS2_PLACEMENT_3D('',#8601,#6943,#6944);
#5547=AXIS2_PLACEMENT_3D('',#8603,#6945,#6946);
#5548=AXIS2_PLACEMENT_3D('',#8604,#6947,#6948);
#5549=AXIS2_PLACEMENT_3D('',#8605,#6949,#6950);
#5550=AXIS2_PLACEMENT_3D('',#8607,#6951,#6952);
#5551=AXIS2_PLACEMENT_3D('',#8608,#6953,#6954);
#5552=AXIS2_PLACEMENT_3D('',#8609,#6955,#6956);
#5553=AXIS2_PLACEMENT_3D('',#8611,#6957,#6958);
#5554=AXIS2_PLACEMENT_3D('',#8612,#6959,#6960);
#5555=AXIS2_PLACEMENT_3D('',#8614,#6961,#6962);
#5556=AXIS2_PLACEMENT_3D('',#8615,#6963,#6964);
#5557=AXIS2_PLACEMENT_3D('',#8617,#6965,#6966);
#5558=AXIS2_PLACEMENT_3D('',#8618,#6967,#6968);
#5559=AXIS2_PLACEMENT_3D('',#8620,#6969,#6970);
#5560=AXIS2_PLACEMENT_3D('',#8621,#6971,#6972);
#5561=AXIS2_PLACEMENT_3D('',#8622,#6973,#6974);
#5562=AXIS2_PLACEMENT_3D('',#8624,#6975,#6976);
#5563=AXIS2_PLACEMENT_3D('',#8625,#6977,#6978);
#5564=AXIS2_PLACEMENT_3D('',#8627,#6979,#6980);
#5565=AXIS2_PLACEMENT_3D('',#8628,#6981,#6982);
#5566=AXIS2_PLACEMENT_3D('',#8630,#6983,#6984);
#5567=AXIS2_PLACEMENT_3D('',#8631,#6985,#6986);
#5568=AXIS2_PLACEMENT_3D('',#8633,#6987,#6988);
#5569=AXIS2_PLACEMENT_3D('',#8634,#6989,#6990);
#5570=AXIS2_PLACEMENT_3D('',#8635,#6991,#6992);
#5571=AXIS2_PLACEMENT_3D('',#8637,#6993,#6994);
#5572=AXIS2_PLACEMENT_3D('',#8638,#6995,#6996);
#5573=AXIS2_PLACEMENT_3D('',#8640,#6997,#6998);
#5574=AXIS2_PLACEMENT_3D('',#8641,#6999,#7000);
#5575=AXIS2_PLACEMENT_3D('',#8643,#7001,#7002);
#5576=AXIS2_PLACEMENT_3D('',#8644,#7003,#7004);
#5577=AXIS2_PLACEMENT_3D('',#8646,#7005,#7006);
#5578=AXIS2_PLACEMENT_3D('',#8647,#7007,#7008);
#5579=AXIS2_PLACEMENT_3D('',#8648,#7009,#7010);
#5580=AXIS2_PLACEMENT_3D('',#8650,#7011,#7012);
#5581=AXIS2_PLACEMENT_3D('',#8651,#7013,#7014);
#5582=AXIS2_PLACEMENT_3D('',#8653,#7015,#7016);
#5583=AXIS2_PLACEMENT_3D('',#8654,#7017,#7018);
#5584=AXIS2_PLACEMENT_3D('',#8656,#7019,#7020);
#5585=AXIS2_PLACEMENT_3D('',#8657,#7021,#7022);
#5586=AXIS2_PLACEMENT_3D('',#8659,#7023,#7024);
#5587=DIRECTION('',(0.,0.,1.));
#5588=DIRECTION('',(1.,0.,0.));
#5589=DIRECTION('',(1.,0.,0.));
#5590=DIRECTION('',(0.,0.,-1.));
#5591=DIRECTION('',(-1.,0.,0.));
#5592=DIRECTION('',(0.,0.,1.));
#5593=DIRECTION('',(-1.,0.,0.));
#5594=DIRECTION('',(0.,0.,1.));
#5595=DIRECTION('',(-1.,0.,0.));
#5596=DIRECTION('',(0.,0.,1.));
#5597=DIRECTION('',(-1.,0.,0.));
#5598=DIRECTION('',(0.,0.,1.));
#5599=DIRECTION('',(0.,-1.,0.));
#5600=DIRECTION('',(0.,0.,1.));
#5601=DIRECTION('',(1.,0.,0.));
#5602=DIRECTION('',(0.,0.,-1.));
#5603=DIRECTION('',(1.,0.,0.));
#5604=DIRECTION('',(0.,0.,-1.));
#5605=DIRECTION('',(0.,0.,-1.));
#5606=DIRECTION('',(0.,0.,-1.));
#5607=DIRECTION('',(1.,0.,0.));
#5608=DIRECTION('',(0.,0.,-1.));
#5609=DIRECTION('',(1.,0.,0.));
#5610=DIRECTION('',(0.,0.,-1.));
#5611=DIRECTION('',(1.,0.,0.));
#5612=DIRECTION('',(0.,0.,-1.));
#5613=DIRECTION('',(0.,0.669130606358859,-0.743144825477394));
#5614=DIRECTION('',(0.,0.,1.));
#5615=DIRECTION('',(0.,1.,0.));
#5616=DIRECTION('',(0.,0.,-1.));
#5617=DIRECTION('',(0.,-1.,0.));
#5618=DIRECTION('',(0.,-0.669130606358858,0.743144825477394));
#5619=DIRECTION('',(1.,0.,0.));
#5620=DIRECTION('',(0.,0.,-1.));
#5621=DIRECTION('',(1.,0.,0.));
#5622=DIRECTION('',(0.,0.,-1.));
#5623=DIRECTION('',(0.,0.,-1.));
#5624=DIRECTION('',(1.,0.,0.));
#5625=DIRECTION('',(0.,0.,-1.));
#5626=DIRECTION('',(1.,0.,0.));
#5627=DIRECTION('',(0.,0.,1.));
#5628=DIRECTION('',(0.,-1.,0.));
#5629=DIRECTION('',(0.,-0.766044443118979,0.642787609686538));
#5630=DIRECTION('',(0.,0.,1.));
#5631=DIRECTION('',(0.,1.,0.));
#5632=DIRECTION('',(0.,0.,-1.));
#5633=DIRECTION('',(0.,-1.,0.));
#5634=DIRECTION('',(0.,0.766044443118977,-0.642787609686541));
#5635=DIRECTION('',(0.,0.,-1.));
#5636=DIRECTION('',(0.,-0.937861842681228,0.347008881792054));
#5637=DIRECTION('',(0.,0.,1.));
#5638=DIRECTION('',(0.,0.937861842681228,0.347008881792054));
#5639=DIRECTION('',(0.,0.,-1.));
#5640=DIRECTION('',(0.,-0.937861842681227,-0.347008881792056));
#5641=DIRECTION('',(0.,0.,-1.));
#5642=DIRECTION('',(0.,0.937861842681228,-0.347008881792053));
#5643=DIRECTION('',(1.,0.,0.));
#5644=DIRECTION('',(0.,0.,-1.));
#5645=DIRECTION('',(0.,0.5,-0.866025403784439));
#5646=DIRECTION('',(1.,0.,0.));
#5647=DIRECTION('',(0.,0.,-1.));
#5648=DIRECTION('',(0.,-0.642787609686539,0.766044443118979));
#5649=DIRECTION('',(-1.,0.,0.));
#5650=DIRECTION('',(0.,0.,1.));
#5651=DIRECTION('',(0.,-0.642787609686533,-0.766044443118984));
#5652=DIRECTION('',(1.,0.,0.));
#5653=DIRECTION('',(0.,0.,-1.));
#5654=DIRECTION('',(0.,-0.5,-0.866025403784439));
#5655=DIRECTION('',(1.,0.,0.));
#5656=DIRECTION('',(0.,0.,-1.));
#5657=DIRECTION('',(0.,-0.0523359562429438,-0.998629534754574));
#5658=DIRECTION('',(1.,0.,0.));
#5659=DIRECTION('',(0.,0.,-1.));
#5660=DIRECTION('',(0.,0.0523359562429438,-0.998629534754574));
#5661=DIRECTION('',(1.,0.,0.));
#5662=DIRECTION('',(0.,0.,-1.));
#5663=DIRECTION('',(-1.,0.,0.));
#5664=DIRECTION('',(0.,0.,1.));
#5665=DIRECTION('',(1.,0.,0.));
#5666=DIRECTION('',(1.,0.,0.));
#5667=DIRECTION('',(-1.,0.,0.));
#5668=DIRECTION('',(0.,0.,1.));
#5669=DIRECTION('',(-1.,0.,0.));
#5670=DIRECTION('',(0.,0.,1.));
#5671=DIRECTION('',(1.,0.,0.));
#5672=DIRECTION('',(-1.,0.,0.));
#5673=DIRECTION('',(0.,0.,1.));
#5674=DIRECTION('',(1.,0.,0.));
#5675=DIRECTION('',(-1.,0.,0.));
#5676=DIRECTION('',(0.,0.,1.));
#5677=DIRECTION('',(-1.,0.,0.));
#5678=DIRECTION('',(0.,0.,1.));
#5679=DIRECTION('',(-1.,0.,0.));
#5680=DIRECTION('',(0.,0.,1.));
#5681=DIRECTION('',(-1.,0.,0.));
#5682=DIRECTION('',(-0.707106781186542,0.,-0.707106781186553));
#5683=DIRECTION('',(-0.707106781186553,0.,0.707106781186542));
#5684=DIRECTION('',(-1.,0.,0.));
#5685=DIRECTION('',(0.,0.,1.));
#5686=DIRECTION('',(-0.707106781186542,0.,0.707106781186553));
#5687=DIRECTION('',(-0.707106781186553,0.,-0.707106781186542));
#5688=DIRECTION('',(-1.,0.,0.));
#5689=DIRECTION('',(-1.,0.,0.));
#5690=DIRECTION('',(0.,0.,1.));
#5691=DIRECTION('',(1.,0.,0.));
#5692=DIRECTION('',(1.,0.,0.));
#5693=DIRECTION('',(0.,0.,-1.));
#5694=DIRECTION('',(1.,0.,0.));
#5695=DIRECTION('',(-1.,0.,0.));
#5696=DIRECTION('',(0.,0.,1.));
#5697=DIRECTION('',(1.,0.,0.));
#5698=DIRECTION('',(1.,0.,0.));
#5699=DIRECTION('',(0.,0.,-1.));
#5700=DIRECTION('',(1.,0.,0.));
#5701=DIRECTION('',(1.,0.,0.));
#5702=DIRECTION('',(0.,0.,-1.));
#5703=DIRECTION('',(0.,0.642787609686539,0.766044443118979));
#5704=DIRECTION('',(1.,0.,0.));
#5705=DIRECTION('',(0.,0.,-1.));
#5706=DIRECTION('',(0.,-0.5,-0.866025403784439));
#5707=DIRECTION('',(-1.,0.,0.));
#5708=DIRECTION('',(0.,0.,1.));
#5709=DIRECTION('',(0.,-0.0523359562429438,-0.998629534754574));
#5710=DIRECTION('',(1.,0.,0.));
#5711=DIRECTION('',(0.,0.,-1.));
#5712=DIRECTION('',(0.,0.0523359562429438,-0.998629534754574));
#5713=DIRECTION('',(-1.,0.,0.));
#5714=DIRECTION('',(0.,0.,1.));
#5715=DIRECTION('',(0.,0.5,-0.866025403784439));
#5716=DIRECTION('',(1.,0.,0.));
#5717=DIRECTION('',(0.,0.,-1.));
#5718=DIRECTION('',(0.,0.642787609686533,-0.766044443118984));
#5719=DIRECTION('',(-1.,0.,0.));
#5720=DIRECTION('',(0.,0.,1.));
#5721=DIRECTION('',(-1.,0.,0.));
#5722=DIRECTION('',(-1.,0.,0.));
#5723=DIRECTION('',(0.,0.,1.));
#5724=DIRECTION('',(-1.,0.,0.));
#5725=DIRECTION('',(-1.,0.,0.));
#5726=DIRECTION('',(0.,0.,1.));
#5727=DIRECTION('',(-1.,0.,0.));
#5728=DIRECTION('',(-1.,0.,0.));
#5729=DIRECTION('',(0.,0.,1.));
#5730=DIRECTION('',(-1.,0.,0.));
#5731=DIRECTION('',(1.,0.,0.));
#5732=DIRECTION('',(0.,0.,-1.));
#5733=DIRECTION('',(-1.,0.,0.));
#5734=DIRECTION('',(0.,0.,1.));
#5735=DIRECTION('',(-1.,0.,0.));
#5736=DIRECTION('',(-1.,0.,0.));
#5737=DIRECTION('',(0.,0.,1.));
#5738=DIRECTION('',(-1.,0.,0.));
#5739=DIRECTION('',(-1.,0.,0.));
#5740=DIRECTION('',(0.,0.,1.));
#5741=DIRECTION('',(-1.,0.,0.));
#5742=DIRECTION('',(1.,0.,0.));
#5743=DIRECTION('',(0.,0.,-1.));
#5744=DIRECTION('',(-1.,0.,0.));
#5745=DIRECTION('',(-1.,0.,0.));
#5746=DIRECTION('',(0.,0.,1.));
#5747=DIRECTION('',(0.90630778703665,0.,0.4226182617407));
#5748=DIRECTION('',(0.4226182617407,0.,-0.90630778703665));
#5749=DIRECTION('',(0.90630778703665,0.,0.4226182617407));
#5750=DIRECTION('',(-0.4226182617407,0.,0.90630778703665));
#5751=DIRECTION('',(0.,1.,0.));
#5752=DIRECTION('',(0.90630778703665,0.,0.4226182617407));
#5753=DIRECTION('',(-0.4226182617407,0.,0.90630778703665));
#5754=DIRECTION('',(0.,1.,0.));
#5755=DIRECTION('',(-1.,0.,0.));
#5756=DIRECTION('',(0.,0.,1.));
#5757=DIRECTION('',(-1.,0.,0.));
#5758=DIRECTION('',(0.,0.,1.));
#5759=DIRECTION('',(0.,1.,0.));
#5760=DIRECTION('',(-1.,0.,0.));
#5761=DIRECTION('',(0.,0.,1.));
#5762=DIRECTION('',(0.,1.,0.));
#5763=DIRECTION('',(0.90630778703665,-0.365998150770667,-0.21130913087035));
#5764=DIRECTION('',(0.374453581814997,0.927245660580797,0.));
#5765=DIRECTION('',(0.90630778703665,-0.365998150770667,-0.21130913087035));
#5766=DIRECTION('',(-0.422618261740699,-0.784885567221396,-0.453153893518325));
#5767=DIRECTION('',(0.,-0.5,0.866025403784439));
#5768=DIRECTION('',(0.90630778703665,-0.365998150770667,-0.21130913087035));
#5769=DIRECTION('',(-0.422618261740699,-0.784885567221396,-0.453153893518325));
#5770=DIRECTION('',(0.,-0.5,0.866025403784439));
#5771=DIRECTION('',(-1.,0.,0.));
#5772=DIRECTION('',(0.,0.,1.));
#5773=DIRECTION('',(-1.,0.,0.));
#5774=DIRECTION('',(0.,0.,1.));
#5775=DIRECTION('',(0.,-0.5,0.866025403784439));
#5776=DIRECTION('',(-1.,0.,0.));
#5777=DIRECTION('',(0.,0.,1.));
#5778=DIRECTION('',(0.,-0.5,0.866025403784439));
#5779=DIRECTION('',(0.90630778703665,0.365998150770667,-0.21130913087035));
#5780=DIRECTION('',(-0.374453581814997,0.927245660580797,0.));
#5781=DIRECTION('',(0.90630778703665,0.365998150770667,-0.21130913087035));
#5782=DIRECTION('',(-0.4226182617407,0.784885567221396,-0.453153893518325));
#5783=DIRECTION('',(0.,-0.5,-0.866025403784439));
#5784=DIRECTION('',(0.90630778703665,0.365998150770667,-0.21130913087035));
#5785=DIRECTION('',(-0.4226182617407,0.784885567221396,-0.453153893518325));
#5786=DIRECTION('',(0.,-0.5,-0.866025403784439));
#5787=DIRECTION('',(-1.,0.,0.));
#5788=DIRECTION('',(0.,0.,1.));
#5789=DIRECTION('',(-1.,0.,0.));
#5790=DIRECTION('',(0.,0.,1.));
#5791=DIRECTION('',(0.,-0.5,-0.866025403784439));
#5792=DIRECTION('',(-1.,0.,0.));
#5793=DIRECTION('',(0.,0.,1.));
#5794=DIRECTION('',(0.,-0.5,-0.866025403784439));
#5795=DIRECTION('',(-1.,0.,0.));
#5796=DIRECTION('',(0.,0.,1.));
#5797=DIRECTION('',(-1.,0.,0.));
#5798=DIRECTION('',(0.,0.,1.));
#5799=DIRECTION('',(-1.,0.,0.));
#5800=DIRECTION('',(0.,0.,1.));
#5801=DIRECTION('',(-1.,0.,0.));
#5802=DIRECTION('',(0.,0.,1.));
#5803=DIRECTION('',(1.,0.,0.));
#5804=DIRECTION('',(0.,0.,-1.));
#5805=DIRECTION('',(-1.,0.,0.));
#5806=DIRECTION('',(0.,0.,1.));
#5807=DIRECTION('',(1.,0.,0.));
#5808=DIRECTION('',(0.,0.,-1.));
#5809=DIRECTION('',(-1.,0.,0.));
#5810=DIRECTION('',(0.,0.,1.));
#5811=DIRECTION('',(-1.,0.,0.));
#5812=DIRECTION('',(0.,0.,1.));
#5813=DIRECTION('',(-1.,0.,0.));
#5814=DIRECTION('',(-1.,0.,0.));
#5815=DIRECTION('',(-1.,0.,0.));
#5816=DIRECTION('',(0.,0.,1.));
#5817=DIRECTION('',(-1.,0.,0.));
#5818=DIRECTION('',(0.,0.,1.));
#5819=DIRECTION('',(-1.,0.,0.));
#5820=DIRECTION('',(-1.,0.,0.));
#5821=DIRECTION('',(0.,0.,1.));
#5822=DIRECTION('',(-1.,0.,0.));
#5823=DIRECTION('',(1.,0.,0.));
#5824=DIRECTION('',(0.,0.,-1.));
#5825=DIRECTION('',(0.,1.,0.));
#5826=DIRECTION('',(0.,0.,1.));
#5827=DIRECTION('',(0.,1.,0.));
#5828=DIRECTION('',(0.,0.,-1.));
#5829=DIRECTION('',(0.,0.,1.));
#5830=DIRECTION('',(-1.,0.,0.));
#5831=DIRECTION('',(0.,0.,1.));
#5832=DIRECTION('',(1.,0.,0.));
#5833=DIRECTION('',(0.,0.,1.));
#5834=DIRECTION('',(0.,-0.087155742747658,-0.996194698091746));
#5835=DIRECTION('',(1.,0.,0.));
#5836=DIRECTION('',(0.,0.,1.));
#5837=DIRECTION('',(0.,0.81915204428899,0.573576436351049));
#5838=DIRECTION('',(1.,0.,0.));
#5839=DIRECTION('',(0.,0.,1.));
#5840=DIRECTION('',(0.,-0.819152044288992,-0.573576436351046));
#5841=DIRECTION('',(1.,0.,0.));
#5842=DIRECTION('',(0.,0.,1.));
#5843=DIRECTION('',(0.,0.766044443118975,-0.642787609686543));
#5844=DIRECTION('',(1.,0.,0.));
#5845=DIRECTION('',(0.,0.,1.));
#5846=DIRECTION('',(0.,-0.766044443118981,0.642787609686536));
#5847=DIRECTION('',(1.,0.,0.));
#5848=DIRECTION('',(0.,0.,1.));
#5849=DIRECTION('',(0.,0.258819045102521,-0.965925826289068));
#5850=DIRECTION('',(1.,0.,0.));
#5851=DIRECTION('',(0.,0.,1.));
#5852=DIRECTION('',(0.,-0.258819045102517,0.965925826289069));
#5853=DIRECTION('',(1.,0.,0.));
#5854=DIRECTION('',(0.,0.,1.));
#5855=DIRECTION('',(0.,-1.,0.));
#5856=DIRECTION('',(1.,0.,0.));
#5857=DIRECTION('',(0.,0.,1.));
#5858=DIRECTION('',(0.,1.,0.));
#5859=DIRECTION('',(1.,0.,0.));
#5860=DIRECTION('',(0.,0.,1.));
#5861=DIRECTION('',(0.,0.0871557427476575,0.996194698091746));
#5862=DIRECTION('',(-1.,0.,0.));
#5863=DIRECTION('',(0.,0.,1.));
#5864=DIRECTION('',(-1.,0.,0.));
#5865=DIRECTION('',(0.,0.,1.));
#5866=DIRECTION('',(-1.,0.,0.));
#5867=DIRECTION('',(0.,0.,1.));
#5868=DIRECTION('',(0.,-0.996194698091746,0.087155742747658));
#5869=DIRECTION('',(0.,-0.087155742747658,-0.996194698091746));
#5870=DIRECTION('',(1.,0.,0.));
#5871=DIRECTION('',(0.,-0.087155742747658,-0.996194698091746));
#5872=DIRECTION('',(1.,0.,0.));
#5873=DIRECTION('',(1.,0.,0.));
#5874=DIRECTION('',(0.,0.,-1.));
#5875=DIRECTION('',(1.,0.,0.));
#5876=DIRECTION('',(1.,0.,0.));
#5877=DIRECTION('',(0.,0.,1.));
#5878=DIRECTION('',(0.,0.996194698091746,-0.0871557427476575));
#5879=DIRECTION('',(0.,0.0871557427476575,0.996194698091746));
#5880=DIRECTION('',(1.,0.,0.));
#5881=DIRECTION('',(0.,0.0871557427476575,0.996194698091746));
#5882=DIRECTION('',(1.,0.,0.));
#5883=DIRECTION('',(0.,0.,-1.));
#5884=DIRECTION('',(1.,0.,0.));
#5885=DIRECTION('',(1.,0.,0.));
#5886=DIRECTION('',(0.,0.,1.));
#5887=DIRECTION('',(0.,0.,-1.));
#5888=DIRECTION('',(-1.,0.,0.));
#5889=DIRECTION('',(1.,0.,0.));
#5890=DIRECTION('',(0.,1.,0.));
#5891=DIRECTION('',(1.,0.,0.));
#5892=DIRECTION('',(0.,0.,-1.));
#5893=DIRECTION('',(1.,0.,0.));
#5894=DIRECTION('',(1.,0.,0.));
#5895=DIRECTION('',(0.,0.,1.));
#5896=DIRECTION('',(0.,0.,1.));
#5897=DIRECTION('',(1.,0.,0.));
#5898=DIRECTION('',(1.,0.,0.));
#5899=DIRECTION('',(0.,-1.,0.));
#5900=DIRECTION('',(1.,0.,0.));
#5901=DIRECTION('',(0.,0.,-1.));
#5902=DIRECTION('',(1.,0.,0.));
#5903=DIRECTION('',(1.,0.,0.));
#5904=DIRECTION('',(0.,0.,1.));
#5905=DIRECTION('',(0.,0.965925826289069,0.258819045102517));
#5906=DIRECTION('',(0.,-0.258819045102517,0.965925826289069));
#5907=DIRECTION('',(1.,0.,0.));
#5908=DIRECTION('',(0.,-0.258819045102517,0.965925826289069));
#5909=DIRECTION('',(1.,0.,0.));
#5910=DIRECTION('',(0.,0.,-1.));
#5911=DIRECTION('',(1.,0.,0.));
#5912=DIRECTION('',(1.,0.,0.));
#5913=DIRECTION('',(0.,0.,1.));
#5914=DIRECTION('',(0.,-0.965925826289068,-0.258819045102521));
#5915=DIRECTION('',(0.,0.258819045102521,-0.965925826289068));
#5916=DIRECTION('',(1.,0.,0.));
#5917=DIRECTION('',(0.,0.258819045102521,-0.965925826289068));
#5918=DIRECTION('',(1.,0.,0.));
#5919=DIRECTION('',(0.,0.,-1.));
#5920=DIRECTION('',(1.,0.,0.));
#5921=DIRECTION('',(1.,0.,0.));
#5922=DIRECTION('',(0.,0.,1.));
#5923=DIRECTION('',(0.,0.642787609686536,0.766044443118981));
#5924=DIRECTION('',(0.,-0.766044443118981,0.642787609686536));
#5925=DIRECTION('',(1.,0.,0.));
#5926=DIRECTION('',(0.,-0.766044443118981,0.642787609686536));
#5927=DIRECTION('',(1.,0.,0.));
#5928=DIRECTION('',(0.,0.,-1.));
#5929=DIRECTION('',(1.,0.,0.));
#5930=DIRECTION('',(1.,0.,0.));
#5931=DIRECTION('',(0.,0.,1.));
#5932=DIRECTION('',(0.,-0.642787609686543,-0.766044443118975));
#5933=DIRECTION('',(0.,0.766044443118975,-0.642787609686543));
#5934=DIRECTION('',(1.,0.,0.));
#5935=DIRECTION('',(0.,0.766044443118975,-0.642787609686543));
#5936=DIRECTION('',(1.,0.,0.));
#5937=DIRECTION('',(0.,0.,-1.));
#5938=DIRECTION('',(1.,0.,0.));
#5939=DIRECTION('',(1.,0.,0.));
#5940=DIRECTION('',(0.,0.,1.));
#5941=DIRECTION('',(0.,-0.573576436351046,0.819152044288992));
#5942=DIRECTION('',(0.,-0.819152044288992,-0.573576436351046));
#5943=DIRECTION('',(1.,0.,0.));
#5944=DIRECTION('',(0.,-0.819152044288992,-0.573576436351046));
#5945=DIRECTION('',(1.,0.,0.));
#5946=DIRECTION('',(0.,0.,-1.));
#5947=DIRECTION('',(1.,0.,0.));
#5948=DIRECTION('',(1.,0.,0.));
#5949=DIRECTION('',(0.,0.,1.));
#5950=DIRECTION('',(0.,0.573576436351049,-0.81915204428899));
#5951=DIRECTION('',(0.,0.81915204428899,0.573576436351049));
#5952=DIRECTION('',(1.,0.,0.));
#5953=DIRECTION('',(0.,0.81915204428899,0.573576436351049));
#5954=DIRECTION('',(1.,0.,0.));
#5955=DIRECTION('',(0.,0.,-1.));
#5956=DIRECTION('',(1.,0.,0.));
#5957=DIRECTION('',(0.,0.,1.));
#5958=DIRECTION('',(1.,0.,0.));
#5959=DIRECTION('',(0.,0.,-1.));
#5960=DIRECTION('',(1.,0.,0.));
#5961=DIRECTION('',(0.,0.,1.));
#5962=DIRECTION('',(0.,-0.707106781186547,-0.707106781186547));
#5963=DIRECTION('',(0.,0.707106781186548,-0.707106781186548));
#5964=DIRECTION('',(0.,0.707106781186548,-0.707106781186548));
#5965=DIRECTION('',(1.,0.,0.));
#5966=DIRECTION('',(0.,0.707106781186548,-0.707106781186548));
#5967=DIRECTION('',(1.,0.,0.));
#5968=DIRECTION('',(0.,0.,-1.));
#5969=DIRECTION('',(-1.,0.,0.));
#5970=DIRECTION('',(0.,1.,0.));
#5971=DIRECTION('',(0.,1.,0.));
#5972=DIRECTION('',(1.,0.,0.));
#5973=DIRECTION('',(0.,0.707106781186547,-0.707106781186547));
#5974=DIRECTION('',(0.,0.707106781186548,0.707106781186548));
#5975=DIRECTION('',(0.,0.707106781186548,0.707106781186548));
#5976=DIRECTION('',(0.,0.707106781186548,0.707106781186548));
#5977=DIRECTION('',(1.,0.,0.));
#5978=DIRECTION('',(0.,1.,0.));
#5979=DIRECTION('',(0.,0.,1.));
#5980=DIRECTION('',(0.,0.,1.));
#5981=DIRECTION('',(0.,0.,1.));
#5982=DIRECTION('',(1.,0.,0.));
#5983=DIRECTION('',(0.,0.707106781186547,0.707106781186547));
#5984=DIRECTION('',(0.,-0.707106781186548,0.707106781186548));
#5985=DIRECTION('',(0.,-0.707106781186548,0.707106781186548));
#5986=DIRECTION('',(0.,-0.707106781186548,0.707106781186548));
#5987=DIRECTION('',(1.,0.,0.));
#5988=DIRECTION('',(0.,0.,1.));
#5989=DIRECTION('',(1.,0.,0.));
#5990=DIRECTION('',(0.,-1.,0.));
#5991=DIRECTION('',(0.,-1.,0.));
#5992=DIRECTION('',(1.,0.,0.));
#5993=DIRECTION('',(0.,-0.707106781186547,0.707106781186547));
#5994=DIRECTION('',(0.,-0.707106781186548,-0.707106781186548));
#5995=DIRECTION('',(0.,-0.707106781186548,-0.707106781186548));
#5996=DIRECTION('',(0.,-0.707106781186548,-0.707106781186548));
#5997=DIRECTION('',(1.,0.,0.));
#5998=DIRECTION('',(1.,0.,0.));
#5999=DIRECTION('',(0.,0.,-1.));
#6000=DIRECTION('',(1.,0.,0.));
#6001=DIRECTION('',(0.,0.,1.));
#6002=DIRECTION('',(1.,0.,0.));
#6003=DIRECTION('',(0.,0.,1.));
#6004=DIRECTION('',(1.,0.,0.));
#6005=DIRECTION('',(0.,0.,-1.));
#6006=DIRECTION('',(1.,0.,0.));
#6007=DIRECTION('',(0.,0.,1.));
#6008=DIRECTION('',(1.,0.,0.));
#6009=DIRECTION('',(0.,0.,1.));
#6010=DIRECTION('',(1.,0.,0.));
#6011=DIRECTION('',(0.,0.,-1.));
#6012=DIRECTION('',(1.,0.,0.));
#6013=DIRECTION('',(0.,0.,1.));
#6014=DIRECTION('',(1.,0.,0.));
#6015=DIRECTION('',(0.,0.,1.));
#6016=DIRECTION('',(1.,0.,0.));
#6017=DIRECTION('',(0.,0.,-1.));
#6018=DIRECTION('',(1.,0.,0.));
#6019=DIRECTION('',(0.,0.,1.));
#6020=DIRECTION('',(1.,0.,0.));
#6021=DIRECTION('',(0.,0.,1.));
#6022=DIRECTION('',(0.,-1.,0.));
#6023=DIRECTION('',(0.,0.,-1.));
#6024=DIRECTION('',(0.,0.,-1.));
#6025=DIRECTION('',(0.,0.,-1.));
#6026=DIRECTION('',(1.,0.,0.));
#6027=DIRECTION('',(0.,0.,-1.));
#6028=DIRECTION('',(1.,0.,0.));
#6029=DIRECTION('',(0.,0.,-1.));
#6030=DIRECTION('',(1.,0.,0.));
#6031=DIRECTION('',(0.,0.,-1.));
#6032=DIRECTION('',(-1.,0.,0.));
#6033=DIRECTION('',(0.,0.,1.));
#6034=DIRECTION('',(-1.,0.,0.));
#6035=DIRECTION('',(0.,0.,1.));
#6036=DIRECTION('',(1.,0.,0.));
#6037=DIRECTION('',(0.,0.,-1.));
#6038=DIRECTION('',(-1.,0.,0.));
#6039=DIRECTION('',(0.,0.,1.));
#6040=DIRECTION('',(-1.,0.,0.));
#6041=DIRECTION('',(0.,0.,1.));
#6042=DIRECTION('',(-1.,0.,0.));
#6043=DIRECTION('',(0.,0.,1.));
#6044=DIRECTION('',(-1.,0.,0.));
#6045=DIRECTION('',(0.,0.,1.));
#6046=DIRECTION('',(-1.,0.,0.));
#6047=DIRECTION('',(0.,0.,1.));
#6048=DIRECTION('',(-1.,0.,0.));
#6049=DIRECTION('',(0.,0.,1.));
#6050=DIRECTION('',(-1.,0.,0.));
#6051=DIRECTION('',(0.,0.,1.));
#6052=DIRECTION('',(-1.,0.,0.));
#6053=DIRECTION('',(0.,0.,1.));
#6054=DIRECTION('',(0.,1.,0.));
#6055=DIRECTION('',(0.,0.,1.));
#6056=DIRECTION('',(0.,0.,-1.));
#6057=DIRECTION('',(-1.,0.,0.));
#6058=DIRECTION('',(0.,0.,1.));
#6059=DIRECTION('',(-1.,0.,0.));
#6060=DIRECTION('',(0.,0.,1.));
#6061=DIRECTION('',(0.,0.,-1.));
#6062=DIRECTION('',(0.,-1.,0.));
#6063=DIRECTION('',(0.,0.,-1.));
#6064=DIRECTION('',(0.,1.,0.));
#6065=DIRECTION('',(0.,0.,1.));
#6066=DIRECTION('',(0.,1.,0.));
#6067=DIRECTION('',(0.,0.,1.));
#6068=DIRECTION('',(0.,-0.5,0.866025403784439));
#6069=DIRECTION('',(0.,-0.866025403784439,-0.5));
#6070=DIRECTION('',(0.,-0.5,0.866025403784439));
#6071=DIRECTION('',(0.,-0.866025403784439,-0.5));
#6072=DIRECTION('',(0.,-0.5,-0.866025403784439));
#6073=DIRECTION('',(0.,0.866025403784439,-0.5));
#6074=DIRECTION('',(0.,-0.5,-0.866025403784439));
#6075=DIRECTION('',(0.,0.866025403784439,-0.5));
#6076=DIRECTION('',(-1.,0.,-1.83697019872103E-16));
#6077=DIRECTION('',(-1.83697019872103E-16,0.,1.));
#6078=DIRECTION('',(-1.,0.,-1.83697019872103E-16));
#6079=DIRECTION('',(-1.83697019872103E-16,0.,1.));
#6080=DIRECTION('',(-1.,0.,-1.83697019872103E-16));
#6081=DIRECTION('',(-1.83697019872103E-16,0.,1.));
#6082=DIRECTION('',(0.,0.,-1.));
#6083=DIRECTION('',(-1.,0.,0.));
#6084=DIRECTION('',(0.,0.,-1.));
#6085=DIRECTION('',(0.,0.,-1.));
#6086=DIRECTION('',(-1.,0.,0.));
#6087=DIRECTION('',(0.,0.,1.));
#6088=DIRECTION('',(0.,0.,-1.));
#6089=DIRECTION('',(0.,0.,-1.));
#6090=DIRECTION('',(-1.,0.,0.));
#6091=DIRECTION('',(0.,0.,-1.));
#6092=DIRECTION('',(0.,1.,0.));
#6093=DIRECTION('',(0.,0.,1.));
#6094=DIRECTION('',(-1.,0.,0.));
#6095=DIRECTION('',(0.,0.,-1.));
#6096=DIRECTION('',(0.,0.,-1.));
#6097=DIRECTION('',(-1.,0.,0.));
#6098=DIRECTION('',(0.,0.,-1.));
#6099=DIRECTION('',(1.,0.,0.));
#6100=DIRECTION('',(0.,0.,-1.));
#6101=DIRECTION('',(0.,0.,-1.));
#6102=DIRECTION('',(0.,0.,-1.));
#6103=DIRECTION('',(-1.,0.,0.));
#6104=DIRECTION('',(0.,0.,-1.));
#6105=DIRECTION('',(0.,-1.,0.));
#6106=DIRECTION('',(0.,0.,-1.));
#6107=DIRECTION('',(-1.,0.,0.));
#6108=DIRECTION('',(0.,-1.,0.));
#6109=DIRECTION('',(0.,0.,-1.));
#6110=DIRECTION('',(0.,0.,-1.));
#6111=DIRECTION('',(-1.,0.,0.));
#6112=DIRECTION('',(0.,0.,-1.));
#6113=DIRECTION('',(0.,0.,-1.));
#6114=DIRECTION('',(-1.,0.,0.));
#6115=DIRECTION('',(0.,0.,-1.));
#6116=DIRECTION('',(1.,0.,0.));
#6117=DIRECTION('',(0.,0.,-1.));
#6118=DIRECTION('',(0.,0.,-1.));
#6119=DIRECTION('',(0.,0.,-1.));
#6120=DIRECTION('',(-1.,0.,0.));
#6121=DIRECTION('',(0.,0.,-1.));
#6122=DIRECTION('',(0.,1.,0.));
#6123=DIRECTION('',(0.,0.,1.));
#6124=DIRECTION('',(-1.,0.,0.));
#6125=DIRECTION('',(0.,0.,-1.));
#6126=DIRECTION('',(0.,0.,-1.));
#6127=DIRECTION('',(-1.,0.,0.));
#6128=DIRECTION('',(0.,0.,-1.));
#6129=DIRECTION('',(-1.,0.,0.));
#6130=DIRECTION('',(0.,0.,1.));
#6131=DIRECTION('',(0.,0.,-1.));
#6132=DIRECTION('',(0.,0.,-1.));
#6133=DIRECTION('',(-1.,0.,0.));
#6134=DIRECTION('',(1.,0.,0.));
#6135=DIRECTION('',(0.,0.,-1.));
#6136=DIRECTION('',(1.,0.,0.));
#6137=DIRECTION('',(0.,0.,-1.));
#6138=DIRECTION('',(-1.,0.,0.));
#6139=DIRECTION('',(1.,0.,0.));
#6140=DIRECTION('',(0.,0.,-1.));
#6141=DIRECTION('',(-1.,0.,0.));
#6142=DIRECTION('',(-1.,0.,0.));
#6143=DIRECTION('',(0.,0.,1.));
#6144=DIRECTION('',(1.,0.,0.));
#6145=DIRECTION('',(0.,0.,-1.));
#6146=DIRECTION('',(0.,-0.5,0.866025403784439));
#6147=DIRECTION('',(0.,-0.0523359562429436,0.998629534754574));
#6148=DIRECTION('',(-1.,0.,0.));
#6149=DIRECTION('',(0.,0.,1.));
#6150=DIRECTION('',(-1.,0.,0.));
#6151=DIRECTION('',(0.,0.,1.));
#6152=DIRECTION('',(0.974370064785234,-0.112475527171935,0.194813327669885));
#6153=DIRECTION('',(0.974370064785234,-0.0117730285369449,0.22464276674197));
#6154=DIRECTION('',(1.,0.,0.));
#6155=DIRECTION('',(0.,0.,-1.));
#6156=DIRECTION('',(1.,0.,0.));
#6157=DIRECTION('',(0.,0.,-1.));
#6158=DIRECTION('',(-1.,0.,0.));
#6159=DIRECTION('',(-1.,0.,0.));
#6160=DIRECTION('',(-1.,0.,0.));
#6161=DIRECTION('',(0.,0.,1.));
#6162=DIRECTION('',(1.,0.,0.));
#6163=DIRECTION('',(0.,0.,-1.));
#6164=DIRECTION('',(-0.927183854566788,0.187303296707956,-0.324418826323328));
#6165=DIRECTION('',(-0.927183854566788,0.0196053942813334,-0.374093208098928));
#6166=DIRECTION('',(1.,0.,0.));
#6167=DIRECTION('',(0.,0.,-1.));
#6168=DIRECTION('',(1.,0.,0.));
#6169=DIRECTION('',(0.,0.,-1.));
#6170=DIRECTION('',(-1.,0.,0.));
#6171=DIRECTION('',(-1.,0.,0.));
#6172=DIRECTION('',(-1.,0.,0.));
#6173=DIRECTION('',(0.,0.,1.));
#6174=DIRECTION('',(0.,-0.052335956242944,0.998629534754574));
#6175=DIRECTION('',(0.,-0.5,0.866025403784439));
#6176=DIRECTION('',(0.,0.998629534754574,0.0523359562429436));
#6177=DIRECTION('',(0.,-0.0523359562429436,0.998629534754574));
#6178=DIRECTION('',(1.,0.,0.));
#6179=DIRECTION('',(0.,0.866025403784439,0.5));
#6180=DIRECTION('',(0.,-0.5,0.866025403784439));
#6181=DIRECTION('',(1.,0.,0.));
#6182=DIRECTION('',(-1.,0.,0.));
#6183=DIRECTION('',(0.,0.,1.));
#6184=DIRECTION('',(-1.,0.,0.));
#6185=DIRECTION('',(0.,0.,1.));
#6186=DIRECTION('',(0.,-0.0523359562429436,0.998629534754574));
#6187=DIRECTION('',(-1.,0.,0.));
#6188=DIRECTION('',(0.,0.,1.));
#6189=DIRECTION('',(0.,-0.5,0.866025403784439));
#6190=DIRECTION('',(-1.,0.,0.));
#6191=DIRECTION('',(0.,0.,1.));
#6192=DIRECTION('',(-1.,0.,0.));
#6193=DIRECTION('',(0.,0.,1.));
#6194=DIRECTION('',(1.,0.,0.));
#6195=DIRECTION('',(1.,0.,0.));
#6196=DIRECTION('',(-1.,0.,0.));
#6197=DIRECTION('',(0.,0.,1.));
#6198=DIRECTION('',(-1.,0.,0.));
#6199=DIRECTION('',(0.,0.,1.));
#6200=DIRECTION('',(0.,-0.0523359562429441,0.998629534754574));
#6201=DIRECTION('',(0.,-0.5,0.866025403784439));
#6202=DIRECTION('',(-1.,0.,0.));
#6203=DIRECTION('',(0.,0.,1.));
#6204=DIRECTION('',(-1.,0.,0.));
#6205=DIRECTION('',(0.,0.,1.));
#6206=DIRECTION('',(1.,0.,0.));
#6207=DIRECTION('',(1.,0.,0.));
#6208=DIRECTION('',(-1.,0.,0.));
#6209=DIRECTION('',(0.,0.,1.));
#6210=DIRECTION('',(-1.,0.,0.));
#6211=DIRECTION('',(0.,0.,1.));
#6212=DIRECTION('',(0.927183854566788,0.0196053942813334,-0.374093208098928));
#6213=DIRECTION('',(0.927183854566788,0.187303296707956,-0.324418826323328));
#6214=DIRECTION('',(-1.,0.,0.));
#6215=DIRECTION('',(0.,0.,1.));
#6216=DIRECTION('',(1.,0.,0.));
#6217=DIRECTION('',(1.,0.,0.));
#6218=DIRECTION('',(-1.,0.,0.));
#6219=DIRECTION('',(0.,0.,1.));
#6220=DIRECTION('',(-1.,0.,0.));
#6221=DIRECTION('',(0.,0.,1.));
#6222=DIRECTION('',(-0.974370064785234,-0.112475527171935,0.194813327669885));
#6223=DIRECTION('',(-0.974370064785234,-0.0117730285369449,0.22464276674197));
#6224=DIRECTION('',(0.,0.866025403784439,0.5));
#6225=DIRECTION('',(0.,-0.5,0.866025403784439));
#6226=DIRECTION('',(1.,0.,0.));
#6227=DIRECTION('',(0.,0.998629534754574,0.0523359562429436));
#6228=DIRECTION('',(0.,-0.0523359562429436,0.998629534754574));
#6229=DIRECTION('',(1.,0.,0.));
#6230=DIRECTION('',(1.,0.,0.));
#6231=DIRECTION('',(0.,0.,-1.));
#6232=DIRECTION('',(1.,0.,0.));
#6233=DIRECTION('',(0.,0.,-1.));
#6234=DIRECTION('',(-1.,0.,0.));
#6235=DIRECTION('',(1.,0.,0.));
#6236=DIRECTION('',(0.,0.,-1.));
#6237=DIRECTION('',(-1.,0.,0.));
#6238=DIRECTION('',(-1.,0.,0.));
#6239=DIRECTION('',(0.,0.,1.));
#6240=DIRECTION('',(1.,0.,0.));
#6241=DIRECTION('',(0.,0.,-1.));
#6242=DIRECTION('',(0.,0.0523359562429436,0.998629534754574));
#6243=DIRECTION('',(0.,0.5,0.866025403784439));
#6244=DIRECTION('',(-1.,0.,0.));
#6245=DIRECTION('',(0.,0.,1.));
#6246=DIRECTION('',(-1.,0.,0.));
#6247=DIRECTION('',(0.,0.,1.));
#6248=DIRECTION('',(0.974370064785234,0.0117730285369449,0.22464276674197));
#6249=DIRECTION('',(0.974370064785234,0.112475527171935,0.194813327669885));
#6250=DIRECTION('',(1.,0.,0.));
#6251=DIRECTION('',(0.,0.,-1.));
#6252=DIRECTION('',(1.,0.,0.));
#6253=DIRECTION('',(0.,0.,-1.));
#6254=DIRECTION('',(-1.,0.,0.));
#6255=DIRECTION('',(-1.,0.,0.));
#6256=DIRECTION('',(-1.,0.,0.));
#6257=DIRECTION('',(0.,0.,1.));
#6258=DIRECTION('',(1.,0.,0.));
#6259=DIRECTION('',(0.,0.,-1.));
#6260=DIRECTION('',(-0.927183854566788,-0.0196053942813334,-0.374093208098928));
#6261=DIRECTION('',(-0.927183854566788,-0.187303296707956,-0.324418826323328));
#6262=DIRECTION('',(1.,0.,0.));
#6263=DIRECTION('',(0.,0.,-1.));
#6264=DIRECTION('',(1.,0.,0.));
#6265=DIRECTION('',(0.,0.,-1.));
#6266=DIRECTION('',(-1.,0.,0.));
#6267=DIRECTION('',(-1.,0.,0.));
#6268=DIRECTION('',(-1.,0.,0.));
#6269=DIRECTION('',(0.,0.,1.));
#6270=DIRECTION('',(0.,0.5,0.866025403784439));
#6271=DIRECTION('',(0.,0.0523359562429441,0.998629534754574));
#6272=DIRECTION('',(0.,0.866025403784439,-0.5));
#6273=DIRECTION('',(0.,0.5,0.866025403784439));
#6274=DIRECTION('',(1.,0.,0.));
#6275=DIRECTION('',(0.,0.998629534754574,-0.0523359562429436));
#6276=DIRECTION('',(0.,0.0523359562429436,0.998629534754574));
#6277=DIRECTION('',(1.,0.,0.));
#6278=DIRECTION('',(-1.,0.,0.));
#6279=DIRECTION('',(0.,0.,1.));
#6280=DIRECTION('',(-1.,0.,0.));
#6281=DIRECTION('',(0.,0.,1.));
#6282=DIRECTION('',(0.,0.5,0.866025403784439));
#6283=DIRECTION('',(-1.,0.,0.));
#6284=DIRECTION('',(0.,0.,1.));
#6285=DIRECTION('',(0.,0.0523359562429436,0.998629534754574));
#6286=DIRECTION('',(-1.,0.,0.));
#6287=DIRECTION('',(0.,0.,1.));
#6288=DIRECTION('',(-1.,0.,0.));
#6289=DIRECTION('',(0.,0.,1.));
#6290=DIRECTION('',(1.,0.,0.));
#6291=DIRECTION('',(1.,0.,0.));
#6292=DIRECTION('',(-1.,0.,0.));
#6293=DIRECTION('',(0.,0.,1.));
#6294=DIRECTION('',(-1.,0.,0.));
#6295=DIRECTION('',(0.,0.,1.));
#6296=DIRECTION('',(0.,0.5,0.866025403784439));
#6297=DIRECTION('',(0.,0.052335956242944,0.998629534754574));
#6298=DIRECTION('',(-1.,0.,0.));
#6299=DIRECTION('',(0.,0.,1.));
#6300=DIRECTION('',(-1.,0.,0.));
#6301=DIRECTION('',(0.,0.,1.));
#6302=DIRECTION('',(1.,0.,0.));
#6303=DIRECTION('',(1.,0.,0.));
#6304=DIRECTION('',(-1.,0.,0.));
#6305=DIRECTION('',(0.,0.,1.));
#6306=DIRECTION('',(-1.,0.,0.));
#6307=DIRECTION('',(0.,0.,1.));
#6308=DIRECTION('',(0.927183854566788,-0.187303296707956,-0.324418826323328));
#6309=DIRECTION('',(0.927183854566788,-0.0196053942813334,-0.374093208098928));
#6310=DIRECTION('',(-1.,0.,0.));
#6311=DIRECTION('',(0.,0.,1.));
#6312=DIRECTION('',(1.,0.,0.));
#6313=DIRECTION('',(1.,0.,0.));
#6314=DIRECTION('',(-1.,0.,0.));
#6315=DIRECTION('',(0.,0.,1.));
#6316=DIRECTION('',(-1.,0.,0.));
#6317=DIRECTION('',(0.,0.,1.));
#6318=DIRECTION('',(-0.974370064785234,0.0117730285369449,0.22464276674197));
#6319=DIRECTION('',(-0.974370064785234,0.112475527171935,0.194813327669885));
#6320=DIRECTION('',(0.,0.998629534754574,-0.0523359562429436));
#6321=DIRECTION('',(0.,0.0523359562429436,0.998629534754574));
#6322=DIRECTION('',(1.,0.,0.));
#6323=DIRECTION('',(0.,0.866025403784439,-0.5));
#6324=DIRECTION('',(0.,0.5,0.866025403784439));
#6325=DIRECTION('',(1.,0.,0.));
#6326=DIRECTION('',(1.,0.,0.));
#6327=DIRECTION('',(0.,0.,-1.));
#6328=DIRECTION('',(1.,0.,0.));
#6329=DIRECTION('',(1.,0.,0.));
#6330=DIRECTION('',(0.,0.,-1.));
#6331=DIRECTION('',(1.,0.,0.));
#6332=DIRECTION('',(0.,0.766044443118979,0.642787609686539));
#6333=DIRECTION('',(0.,-0.642787609686539,0.766044443118979));
#6334=DIRECTION('',(1.,0.,0.));
#6335=DIRECTION('',(0.,-0.642787609686539,0.766044443118979));
#6336=DIRECTION('',(0.,0.766044443118978,-0.642787609686539));
#6337=DIRECTION('',(0.,0.642787609686539,0.766044443118979));
#6338=DIRECTION('',(0.,0.642787609686539,0.766044443118979));
#6339=DIRECTION('',(1.,0.,0.));
#6340=DIRECTION('',(-1.,0.,0.));
#6341=DIRECTION('',(0.,0.,1.));
#6342=DIRECTION('',(0.,1.,0.));
#6343=DIRECTION('',(-1.,0.,0.));
#6344=DIRECTION('',(0.,0.,1.));
#6345=DIRECTION('',(0.,1.,0.));
#6346=DIRECTION('',(0.,0.,-1.));
#6347=DIRECTION('',(1.,0.,0.));
#6348=DIRECTION('',(0.,0.,-1.));
#6349=DIRECTION('',(1.,0.,0.));
#6350=DIRECTION('',(0.,-0.766044443118984,0.642787609686533));
#6351=DIRECTION('',(0.,-0.642787609686533,-0.766044443118984));
#6352=DIRECTION('',(1.,0.,0.));
#6353=DIRECTION('',(0.,-0.642787609686533,-0.766044443118984));
#6354=DIRECTION('',(1.,0.,0.));
#6355=DIRECTION('',(1.,0.,0.));
#6356=DIRECTION('',(0.,0.,-1.));
#6357=DIRECTION('',(0.,-0.766044443118984,-0.642787609686533));
#6358=DIRECTION('',(0.,0.642787609686533,-0.766044443118984));
#6359=DIRECTION('',(1.,0.,0.));
#6360=DIRECTION('',(0.,0.642787609686533,-0.766044443118984));
#6361=DIRECTION('',(-1.,0.,0.));
#6362=DIRECTION('',(0.,0.,1.));
#6363=DIRECTION('',(-1.,0.,0.));
#6364=DIRECTION('',(0.,0.,1.));
#6365=DIRECTION('',(-0.707106781186542,0.,-0.707106781186553));
#6366=DIRECTION('',(-0.707106781186553,0.,0.707106781186542));
#6367=DIRECTION('',(0.,1.,0.));
#6368=DIRECTION('',(-0.707106781186553,0.,0.707106781186542));
#6369=DIRECTION('',(-0.707106781186542,0.,0.707106781186553));
#6370=DIRECTION('',(0.707106781186553,0.,0.707106781186542));
#6371=DIRECTION('',(0.707106781186553,0.,0.707106781186542));
#6372=DIRECTION('',(0.,1.,0.));
#6373=DIRECTION('',(0.,0.,-1.));
#6374=DIRECTION('',(-1.,0.,0.));
#6375=DIRECTION('',(-1.,0.,0.));
#6376=DIRECTION('',(0.,0.,1.));
#6377=DIRECTION('',(1.,0.,0.));
#6378=DIRECTION('',(1.,0.,0.));
#6379=DIRECTION('',(0.,1.,0.));
#6380=DIRECTION('',(0.,0.,1.));
#6381=DIRECTION('',(1.,0.,0.));
#6382=DIRECTION('',(0.,0.,-1.));
#6383=DIRECTION('',(1.,0.,0.));
#6384=DIRECTION('',(0.,0.,-1.));
#6385=DIRECTION('',(1.,0.,0.));
#6386=DIRECTION('',(0.,0.,-1.));
#6387=DIRECTION('',(-1.,0.,0.));
#6388=DIRECTION('',(0.,0.,1.));
#6389=DIRECTION('',(-1.,0.,0.));
#6390=DIRECTION('',(0.,0.,1.));
#6391=DIRECTION('',(-1.,0.,0.));
#6392=DIRECTION('',(0.,0.,1.));
#6393=DIRECTION('',(-1.,0.,0.));
#6394=DIRECTION('',(0.,0.,1.));
#6395=DIRECTION('',(1.,0.,0.));
#6396=DIRECTION('',(0.,0.,-1.));
#6397=DIRECTION('',(1.,0.,0.));
#6398=DIRECTION('',(0.,0.,-1.));
#6399=DIRECTION('',(1.,0.,0.));
#6400=DIRECTION('',(0.,0.,-1.));
#6401=DIRECTION('',(1.,0.,0.));
#6402=DIRECTION('',(0.,0.,-1.));
#6403=DIRECTION('',(1.,0.,0.));
#6404=DIRECTION('',(0.,0.,-1.));
#6405=DIRECTION('',(1.,0.,0.));
#6406=DIRECTION('',(0.,0.,-1.));
#6407=DIRECTION('',(1.,0.,0.));
#6408=DIRECTION('',(0.,0.,-1.));
#6409=DIRECTION('',(1.,0.,0.));
#6410=DIRECTION('',(0.,0.,-1.));
#6411=DIRECTION('',(1.,0.,0.));
#6412=DIRECTION('',(0.,0.,-1.));
#6413=DIRECTION('',(1.,0.,0.));
#6414=DIRECTION('',(0.,0.,-1.));
#6415=DIRECTION('',(0.,0.,1.));
#6416=DIRECTION('',(1.,0.,0.));
#6417=DIRECTION('',(0.,0.,-1.));
#6418=DIRECTION('',(1.,0.,0.));
#6419=DIRECTION('',(0.,0.,-1.));
#6420=DIRECTION('',(0.,0.,-1.));
#6421=DIRECTION('',(0.,1.,0.));
#6422=DIRECTION('',(0.,0.,1.));
#6423=DIRECTION('',(0.,-0.937861842681228,0.347008881792055));
#6424=DIRECTION('',(0.,0.,-1.));
#6425=DIRECTION('',(0.,0.937861842681227,-0.347008881792056));
#6426=DIRECTION('',(0.,0.,-1.));
#6427=DIRECTION('',(0.,-0.937861842681227,-0.347008881792056));
#6428=DIRECTION('',(0.,0.,-1.));
#6429=DIRECTION('',(0.,0.937861842681228,0.347008881792054));
#6430=DIRECTION('',(1.,0.,0.));
#6431=DIRECTION('',(0.,0.,-1.));
#6432=DIRECTION('',(1.,0.,0.));
#6433=DIRECTION('',(0.,0.,-1.));
#6434=DIRECTION('',(1.,0.,0.));
#6435=DIRECTION('',(0.,0.,-1.));
#6436=DIRECTION('',(0.,-0.669130606358859,-0.743144825477394));
#6437=DIRECTION('',(0.,0.,1.));
#6438=DIRECTION('',(0.,-1.,0.));
#6439=DIRECTION('',(0.,0.,-1.));
#6440=DIRECTION('',(0.,1.,0.));
#6441=DIRECTION('',(0.,0.669130606358859,0.743144825477394));
#6442=DIRECTION('',(1.,0.,0.));
#6443=DIRECTION('',(0.,0.,-1.));
#6444=DIRECTION('',(1.,0.,0.));
#6445=DIRECTION('',(0.,0.,-1.));
#6446=DIRECTION('',(0.,0.,-1.));
#6447=DIRECTION('',(1.,0.,0.));
#6448=DIRECTION('',(0.,0.,-1.));
#6449=DIRECTION('',(0.,0.,-1.));
#6450=DIRECTION('',(0.,0.766044443118979,0.642787609686539));
#6451=DIRECTION('',(0.,0.,1.));
#6452=DIRECTION('',(0.,-1.,0.));
#6453=DIRECTION('',(0.,0.,-1.));
#6454=DIRECTION('',(0.,1.,0.));
#6455=DIRECTION('',(0.,-0.766044443118977,-0.64278760968654));
#6456=DIRECTION('',(0.,1.,0.));
#6457=DIRECTION('',(0.,1.,0.));
#6458=DIRECTION('',(0.,0.,1.));
#6459=DIRECTION('',(1.,0.,0.));
#6460=DIRECTION('',(0.,0.,1.));
#6461=DIRECTION('',(1.,0.,0.));
#6462=DIRECTION('',(0.,0.,1.));
#6463=DIRECTION('',(1.,0.,0.));
#6464=DIRECTION('',(0.,-1.,0.));
#6465=DIRECTION('',(1.,0.,0.));
#6466=DIRECTION('',(0.,-1.,0.));
#6467=DIRECTION('',(0.,0.,-1.));
#6468=DIRECTION('',(0.,0.,-1.));
#6469=DIRECTION('',(1.,0.,0.));
#6470=DIRECTION('',(0.,0.,-1.));
#6471=DIRECTION('',(-1.,0.,0.));
#6472=DIRECTION('',(0.,1.,0.));
#6473=DIRECTION('',(1.,0.,0.));
#6474=DIRECTION('',(0.,-0.64278760968654,0.766044443118977));
#6475=DIRECTION('',(0.,-0.766044443118977,-0.64278760968654));
#6476=DIRECTION('',(0.,-0.766044443118977,-0.64278760968654));
#6477=DIRECTION('',(1.,0.,0.));
#6478=DIRECTION('',(0.,0.,-1.));
#6479=DIRECTION('',(-1.,0.,0.));
#6480=DIRECTION('',(0.,1.,0.));
#6481=DIRECTION('',(1.,0.,0.));
#6482=DIRECTION('',(0.,0.642787609686539,-0.766044443118979));
#6483=DIRECTION('',(0.,0.766044443118979,0.642787609686539));
#6484=DIRECTION('',(0.,0.766044443118979,0.642787609686539));
#6485=DIRECTION('',(1.,0.,0.));
#6486=DIRECTION('',(0.,0.,-1.));
#6487=DIRECTION('',(1.,0.,0.));
#6488=DIRECTION('',(0.,0.,-1.));
#6489=DIRECTION('',(1.,0.,0.));
#6490=DIRECTION('',(1.,0.,0.));
#6491=DIRECTION('',(0.,0.,-1.));
#6492=DIRECTION('',(1.,0.,0.));
#6493=DIRECTION('',(1.,0.,0.));
#6494=DIRECTION('',(0.,0.,-1.));
#6495=DIRECTION('',(1.,0.,0.));
#6496=DIRECTION('',(0.,0.,-1.));
#6497=DIRECTION('',(1.,0.,0.));
#6498=DIRECTION('',(0.,-0.743144825477394,0.669130606358859));
#6499=DIRECTION('',(0.,-0.669130606358859,-0.743144825477394));
#6500=DIRECTION('',(0.,-0.669130606358859,-0.743144825477394));
#6501=DIRECTION('',(1.,0.,0.));
#6502=DIRECTION('',(0.,1.,0.));
#6503=DIRECTION('',(0.,0.,1.));
#6504=DIRECTION('',(0.,0.,1.));
#6505=DIRECTION('',(1.,0.,0.));
#6506=DIRECTION('',(0.,0.,1.));
#6507=DIRECTION('',(1.,0.,0.));
#6508=DIRECTION('',(0.,-1.,0.));
#6509=DIRECTION('',(1.,0.,0.));
#6510=DIRECTION('',(0.,-1.,0.));
#6511=DIRECTION('',(0.,0.,-1.));
#6512=DIRECTION('',(0.,0.,-1.));
#6513=DIRECTION('',(1.,0.,0.));
#6514=DIRECTION('',(0.,0.,-1.));
#6515=DIRECTION('',(-1.,0.,0.));
#6516=DIRECTION('',(0.,1.,0.));
#6517=DIRECTION('',(1.,0.,0.));
#6518=DIRECTION('',(0.,0.743144825477394,-0.669130606358859));
#6519=DIRECTION('',(0.,0.669130606358859,0.743144825477394));
#6520=DIRECTION('',(0.,0.669130606358859,0.743144825477394));
#6521=DIRECTION('',(1.,0.,0.));
#6522=DIRECTION('',(1.,0.,0.));
#6523=DIRECTION('',(0.,0.,-1.));
#6524=DIRECTION('',(1.,0.,0.));
#6525=DIRECTION('',(0.,0.,-1.));
#6526=DIRECTION('',(1.,0.,0.));
#6527=DIRECTION('',(1.,0.,0.));
#6528=DIRECTION('',(0.,0.,-1.));
#6529=DIRECTION('',(1.,0.,0.));
#6530=DIRECTION('',(0.,0.,-1.));
#6531=DIRECTION('',(1.,0.,0.));
#6532=DIRECTION('',(0.,-1.,0.));
#6533=DIRECTION('',(0.,0.,-1.));
#6534=DIRECTION('',(0.,0.,-1.));
#6535=DIRECTION('',(1.,0.,0.));
#6536=DIRECTION('',(1.,0.,0.));
#6537=DIRECTION('',(0.,0.,-1.));
#6538=DIRECTION('',(1.,0.,0.));
#6539=DIRECTION('',(0.,0.,-1.));
#6540=DIRECTION('',(1.,0.,0.));
#6541=DIRECTION('',(0.,-1.,0.));
#6542=DIRECTION('',(0.,0.,-1.));
#6543=DIRECTION('',(0.,0.,-1.));
#6544=DIRECTION('',(1.,0.,0.));
#6545=DIRECTION('',(1.,0.,0.));
#6546=DIRECTION('',(0.,0.,-1.));
#6547=DIRECTION('',(1.,0.,0.));
#6548=DIRECTION('',(0.,0.,-1.));
#6549=DIRECTION('',(1.,0.,0.));
#6550=DIRECTION('',(0.,0.,-1.));
#6551=DIRECTION('',(0.,0.347008881792055,0.937861842681228));
#6552=DIRECTION('',(0.,-0.937861842681228,0.347008881792055));
#6553=DIRECTION('',(1.,0.,0.));
#6554=DIRECTION('',(0.,-0.937861842681228,0.347008881792055));
#6555=DIRECTION('',(1.,0.,0.));
#6556=DIRECTION('',(0.,-1.,0.));
#6557=DIRECTION('',(0.,0.,-1.));
#6558=DIRECTION('',(0.,0.,-1.));
#6559=DIRECTION('',(1.,0.,0.));
#6560=DIRECTION('',(0.,-0.347008881792056,-0.937861842681227));
#6561=DIRECTION('',(0.,0.937861842681227,-0.347008881792056));
#6562=DIRECTION('',(0.,0.937861842681227,-0.347008881792056));
#6563=DIRECTION('',(1.,0.,0.));
#6564=DIRECTION('',(0.,-1.,0.));
#6565=DIRECTION('',(0.,0.,-1.));
#6566=DIRECTION('',(0.,0.,-1.));
#6567=DIRECTION('',(1.,0.,0.));
#6568=DIRECTION('',(0.,-0.347008881792056,0.937861842681227));
#6569=DIRECTION('',(0.,-0.937861842681227,-0.347008881792056));
#6570=DIRECTION('',(0.,-0.937861842681227,-0.347008881792056));
#6571=DIRECTION('',(1.,0.,0.));
#6572=DIRECTION('',(0.,-1.,0.));
#6573=DIRECTION('',(0.,0.,-1.));
#6574=DIRECTION('',(0.,0.,-1.));
#6575=DIRECTION('',(1.,0.,0.));
#6576=DIRECTION('',(0.,0.347008881792054,-0.937861842681228));
#6577=DIRECTION('',(0.,0.937861842681228,0.347008881792054));
#6578=DIRECTION('',(0.,0.937861842681228,0.347008881792054));
#6579=DIRECTION('',(1.,0.,0.));
#6580=DIRECTION('',(0.,0.347008881792055,0.937861842681228));
#6581=DIRECTION('',(0.,-0.937861842681228,0.347008881792055));
#6582=DIRECTION('',(0.,-0.937861842681228,0.347008881792055));
#6583=DIRECTION('',(1.,0.,0.));
#6584=DIRECTION('',(0.,-0.937861842681228,0.347008881792055));
#6585=DIRECTION('',(1.,0.,0.));
#6586=DIRECTION('',(0.,0.347008881792053,-0.937861842681229));
#6587=DIRECTION('',(0.,0.937861842681229,0.347008881792053));
#6588=DIRECTION('',(0.,0.937861842681229,0.347008881792053));
#6589=DIRECTION('',(0.,0.937861842681229,0.347008881792053));
#6590=DIRECTION('',(1.,0.,0.));
#6591=DIRECTION('',(0.,-1.,0.));
#6592=DIRECTION('',(0.,0.,-1.));
#6593=DIRECTION('',(0.,0.,-1.));
#6594=DIRECTION('',(0.,0.,-1.));
#6595=DIRECTION('',(0.,1.,0.));
#6596=DIRECTION('',(0.,0.,1.));
#6597=DIRECTION('',(0.,0.,1.));
#6598=DIRECTION('',(1.,0.,0.));
#6599=DIRECTION('',(0.,0.,-1.));
#6600=DIRECTION('',(1.,0.,0.));
#6601=DIRECTION('',(0.,0.,-1.));
#6602=DIRECTION('',(1.,0.,0.));
#6603=DIRECTION('',(0.,0.,-1.));
#6604=DIRECTION('',(1.,0.,0.));
#6605=DIRECTION('',(1.,0.,0.));
#6606=DIRECTION('',(0.,0.,-1.));
#6607=DIRECTION('',(1.,0.,0.));
#6608=DIRECTION('',(1.,0.,0.));
#6609=DIRECTION('',(0.,0.,-1.));
#6610=DIRECTION('',(1.,0.,0.));
#6611=DIRECTION('',(0.,0.,-1.));
#6612=DIRECTION('',(1.,0.,0.));
#6613=DIRECTION('',(0.,-1.,0.));
#6614=DIRECTION('',(0.,0.,-1.));
#6615=DIRECTION('',(0.,0.,-1.));
#6616=DIRECTION('',(1.,0.,0.));
#6617=DIRECTION('',(0.,0.,-1.));
#6618=DIRECTION('',(-1.,0.,0.));
#6619=DIRECTION('',(0.,1.,0.));
#6620=DIRECTION('',(1.,0.,0.));
#6621=DIRECTION('',(0.,1.,0.));
#6622=DIRECTION('',(0.,0.,1.));
#6623=DIRECTION('',(0.,0.,1.));
#6624=DIRECTION('',(1.,0.,0.));
#6625=DIRECTION('',(0.,0.,1.));
#6626=DIRECTION('',(1.,0.,0.));
#6627=DIRECTION('',(0.,0.,-1.));
#6628=DIRECTION('',(-1.,0.,0.));
#6629=DIRECTION('',(0.,1.,0.));
#6630=DIRECTION('',(0.,1.,0.));
#6631=DIRECTION('',(1.,0.,0.));
#6632=DIRECTION('',(0.,-1.,0.));
#6633=DIRECTION('',(0.,0.,-1.));
#6634=DIRECTION('',(0.,0.,-1.));
#6635=DIRECTION('',(0.,0.,-1.));
#6636=DIRECTION('',(1.,0.,0.));
#6637=DIRECTION('',(0.,1.,0.));
#6638=DIRECTION('',(0.,0.,1.));
#6639=DIRECTION('',(0.,0.,1.));
#6640=DIRECTION('',(1.,0.,0.));
#6641=DIRECTION('',(0.,0.,1.));
#6642=DIRECTION('',(1.,0.,0.));
#6643=DIRECTION('',(0.,0.,-1.));
#6644=DIRECTION('',(-1.,0.,0.));
#6645=DIRECTION('',(0.,1.,0.));
#6646=DIRECTION('',(0.,1.,0.));
#6647=DIRECTION('',(1.,0.,0.));
#6648=DIRECTION('',(0.,-1.,0.));
#6649=DIRECTION('',(0.,0.,-1.));
#6650=DIRECTION('',(0.,0.,-1.));
#6651=DIRECTION('',(0.,0.,-1.));
#6652=DIRECTION('',(1.,0.,0.));
#6653=DIRECTION('',(1.,0.,0.));
#6654=DIRECTION('',(0.,0.,-1.));
#6655=DIRECTION('',(1.,0.,0.));
#6656=DIRECTION('',(0.,0.,-1.));
#6657=DIRECTION('',(1.,0.,0.));
#6658=DIRECTION('',(0.,0.,-1.));
#6659=DIRECTION('',(1.,0.,0.));
#6660=DIRECTION('',(0.,0.,-1.));
#6661=DIRECTION('',(1.,0.,0.));
#6662=DIRECTION('',(0.,0.,-1.));
#6663=DIRECTION('',(1.,0.,0.));
#6664=DIRECTION('',(0.,0.,-1.));
#6665=DIRECTION('',(0.,1.,0.));
#6666=DIRECTION('',(0.,0.,1.));
#6667=DIRECTION('',(0.,0.,1.));
#6668=DIRECTION('',(1.,0.,0.));
#6669=DIRECTION('',(0.,0.,-1.));
#6670=DIRECTION('',(1.,0.,0.));
#6671=DIRECTION('',(0.,0.,-1.));
#6672=DIRECTION('',(1.,0.,0.));
#6673=DIRECTION('',(0.,0.,-1.));
#6674=DIRECTION('',(-1.,0.,0.));
#6675=DIRECTION('',(0.,0.,1.));
#6676=DIRECTION('',(0.,-0.642787609686538,-0.766044443118979));
#6677=DIRECTION('',(0.,0.766044443118979,-0.642787609686538));
#6678=DIRECTION('',(-1.,0.,0.));
#6679=DIRECTION('',(0.,-0.766044443118979,0.642787609686538));
#6680=DIRECTION('',(-1.,0.,0.));
#6681=DIRECTION('',(0.,0.,-1.));
#6682=DIRECTION('',(-1.,0.,0.));
#6683=DIRECTION('',(-1.,0.,0.));
#6684=DIRECTION('',(0.,-1.,0.));
#6685=DIRECTION('',(0.,0.642787609686541,0.766044443118977));
#6686=DIRECTION('',(0.,-0.766044443118977,0.642787609686541));
#6687=DIRECTION('',(-1.,0.,0.));
#6688=DIRECTION('',(0.,0.766044443118977,-0.642787609686541));
#6689=DIRECTION('',(0.,0.,-1.));
#6690=DIRECTION('',(-1.,0.,0.));
#6691=DIRECTION('',(-1.,0.,0.));
#6692=DIRECTION('',(0.,-1.,0.));
#6693=DIRECTION('',(0.,1.,0.));
#6694=DIRECTION('',(0.,0.,1.));
#6695=DIRECTION('',(-1.,0.,0.));
#6696=DIRECTION('',(0.,0.,-1.));
#6697=DIRECTION('',(0.,0.,1.));
#6698=DIRECTION('',(1.,0.,0.));
#6699=DIRECTION('',(-1.,0.,0.));
#6700=DIRECTION('',(0.,1.,0.));
#6701=DIRECTION('',(0.,-1.,0.));
#6702=DIRECTION('',(0.,0.,-1.));
#6703=DIRECTION('',(0.,0.,1.));
#6704=DIRECTION('',(1.,0.,0.));
#6705=DIRECTION('',(0.,0.,-1.));
#6706=DIRECTION('',(-1.,0.,0.));
#6707=DIRECTION('',(0.,0.,1.));
#6708=DIRECTION('',(-1.,0.,0.));
#6709=DIRECTION('',(1.,0.,0.));
#6710=DIRECTION('',(0.,0.,-1.));
#6711=DIRECTION('',(-1.,0.,0.));
#6712=DIRECTION('',(0.,1.,0.));
#6713=DIRECTION('',(0.,0.,1.));
#6714=DIRECTION('',(-1.,0.,0.));
#6715=DIRECTION('',(0.,0.,-1.));
#6716=DIRECTION('',(-1.,0.,0.));
#6717=DIRECTION('',(0.,0.,1.));
#6718=DIRECTION('',(-1.,0.,0.));
#6719=DIRECTION('',(1.,0.,0.));
#6720=DIRECTION('',(0.,0.,-1.));
#6721=DIRECTION('',(0.,1.,0.));
#6722=DIRECTION('',(0.,0.,1.));
#6723=DIRECTION('',(-1.,0.,0.));
#6724=DIRECTION('',(0.,0.,-1.));
#6725=DIRECTION('',(-1.,0.,0.));
#6726=DIRECTION('',(0.,0.,1.));
#6727=DIRECTION('',(-1.,0.,0.));
#6728=DIRECTION('',(1.,0.,0.));
#6729=DIRECTION('',(0.,0.,-1.));
#6730=DIRECTION('',(-1.,0.,0.));
#6731=DIRECTION('',(0.,0.,1.));
#6732=DIRECTION('',(-1.,0.,0.));
#6733=DIRECTION('',(1.,0.,0.));
#6734=DIRECTION('',(0.,0.,-1.));
#6735=DIRECTION('',(0.,-0.743144825477394,-0.669130606358858));
#6736=DIRECTION('',(0.,0.669130606358858,-0.743144825477394));
#6737=DIRECTION('',(-1.,0.,0.));
#6738=DIRECTION('',(0.,-0.669130606358858,0.743144825477394));
#6739=DIRECTION('',(0.,0.,-1.));
#6740=DIRECTION('',(-1.,0.,0.));
#6741=DIRECTION('',(-1.,0.,0.));
#6742=DIRECTION('',(0.,-1.,0.));
#6743=DIRECTION('',(0.,1.,0.));
#6744=DIRECTION('',(0.,0.,1.));
#6745=DIRECTION('',(-1.,0.,0.));
#6746=DIRECTION('',(0.,0.,-1.));
#6747=DIRECTION('',(0.,0.,1.));
#6748=DIRECTION('',(1.,0.,0.));
#6749=DIRECTION('',(-1.,0.,0.));
#6750=DIRECTION('',(0.,1.,0.));
#6751=DIRECTION('',(0.,-1.,0.));
#6752=DIRECTION('',(0.,0.,-1.));
#6753=DIRECTION('',(-1.,0.,0.));
#6754=DIRECTION('',(0.,0.,1.));
#6755=DIRECTION('',(0.,0.743144825477394,0.669130606358859));
#6756=DIRECTION('',(0.,-0.669130606358859,0.743144825477394));
#6757=DIRECTION('',(-1.,0.,0.));
#6758=DIRECTION('',(0.,0.669130606358859,-0.743144825477394));
#6759=DIRECTION('',(-1.,0.,0.));
#6760=DIRECTION('',(0.,0.,1.));
#6761=DIRECTION('',(-1.,0.,0.));
#6762=DIRECTION('',(1.,0.,0.));
#6763=DIRECTION('',(0.,0.,-1.));
#6764=DIRECTION('',(-1.,0.,0.));
#6765=DIRECTION('',(0.,0.,1.));
#6766=DIRECTION('',(1.,0.,0.));
#6767=DIRECTION('',(0.,0.,-1.));
#6768=DIRECTION('',(1.,0.,0.));
#6769=DIRECTION('',(0.,0.,-1.));
#6770=DIRECTION('',(0.,-1.,0.));
#6771=DIRECTION('',(0.,0.,-1.));
#6772=DIRECTION('',(-1.,0.,0.));
#6773=DIRECTION('',(0.,0.,1.));
#6774=DIRECTION('',(-1.,0.,0.));
#6775=DIRECTION('',(0.,0.,-1.));
#6776=DIRECTION('',(-1.,0.,0.));
#6777=DIRECTION('',(-1.,0.,0.));
#6778=DIRECTION('',(0.,-1.,0.));
#6779=DIRECTION('',(0.,1.,0.));
#6780=DIRECTION('',(0.,0.,1.));
#6781=DIRECTION('',(-1.,0.,0.));
#6782=DIRECTION('',(0.,0.,-1.));
#6783=DIRECTION('',(-1.,0.,0.));
#6784=DIRECTION('',(0.,0.,1.));
#6785=DIRECTION('',(-1.,0.,0.));
#6786=DIRECTION('',(1.,0.,0.));
#6787=DIRECTION('',(0.,0.,-1.));
#6788=DIRECTION('',(0.,-1.,0.));
#6789=DIRECTION('',(0.,0.,-1.));
#6790=DIRECTION('',(0.,0.,1.));
#6791=DIRECTION('',(-1.,0.,0.));
#6792=DIRECTION('',(0.,0.,1.));
#6793=DIRECTION('',(-1.,0.,0.));
#6794=DIRECTION('',(-1.,0.,0.));
#6795=DIRECTION('',(0.,0.,1.));
#6796=DIRECTION('',(1.,0.,0.));
#6797=DIRECTION('',(0.,0.,-1.));
#6798=DIRECTION('',(-1.,0.,0.));
#6799=DIRECTION('',(1.,0.,0.));
#6800=DIRECTION('',(0.,0.,-1.));
#6801=DIRECTION('',(0.,1.,0.));
#6802=DIRECTION('',(0.,0.,1.));
#6803=DIRECTION('',(0.,0.,-1.));
#6804=DIRECTION('',(-1.,0.,0.));
#6805=DIRECTION('',(0.,0.,-1.));
#6806=DIRECTION('',(0.,-1.,0.));
#6807=DIRECTION('',(0.,0.,-1.));
#6808=DIRECTION('',(0.,0.,1.));
#6809=DIRECTION('',(-1.,0.,0.));
#6810=DIRECTION('',(0.,0.,1.));
#6811=DIRECTION('',(-1.,0.,0.));
#6812=DIRECTION('',(-1.,0.,0.));
#6813=DIRECTION('',(0.,0.,1.));
#6814=DIRECTION('',(1.,0.,0.));
#6815=DIRECTION('',(0.,0.,-1.));
#6816=DIRECTION('',(-1.,0.,0.));
#6817=DIRECTION('',(1.,0.,0.));
#6818=DIRECTION('',(0.,0.,-1.));
#6819=DIRECTION('',(0.,1.,0.));
#6820=DIRECTION('',(0.,0.,1.));
#6821=DIRECTION('',(0.,0.,-1.));
#6822=DIRECTION('',(-1.,0.,0.));
#6823=DIRECTION('',(0.,0.,-1.));
#6824=DIRECTION('',(0.,0.,-1.));
#6825=DIRECTION('',(-1.,0.,0.));
#6826=DIRECTION('',(0.,-1.,0.));
#6827=DIRECTION('',(0.,-1.,0.));
#6828=DIRECTION('',(0.,0.,-1.));
#6829=DIRECTION('',(-1.,0.,0.));
#6830=DIRECTION('',(0.,-1.,0.));
#6831=DIRECTION('',(0.,-1.,0.));
#6832=DIRECTION('',(-1.,0.,0.));
#6833=DIRECTION('',(0.,0.,1.));
#6834=DIRECTION('',(1.,0.,0.));
#6835=DIRECTION('',(0.,0.,-1.));
#6836=DIRECTION('',(1.,0.,0.));
#6837=DIRECTION('',(0.,0.,-1.));
#6838=DIRECTION('',(1.,0.,0.));
#6839=DIRECTION('',(0.,0.,-1.));
#6840=DIRECTION('',(1.,0.,0.));
#6841=DIRECTION('',(0.,0.,-1.));
#6842=DIRECTION('',(0.,-0.347008881792054,-0.937861842681228));
#6843=DIRECTION('',(0.,0.937861842681228,-0.347008881792054));
#6844=DIRECTION('',(-1.,0.,0.));
#6845=DIRECTION('',(0.,-0.937861842681228,0.347008881792054));
#6846=DIRECTION('',(-1.,0.,0.));
#6847=DIRECTION('',(0.,1.,0.));
#6848=DIRECTION('',(0.,0.,1.));
#6849=DIRECTION('',(-1.,0.,0.));
#6850=DIRECTION('',(0.,0.,-1.));
#6851=DIRECTION('',(0.,0.347008881792053,0.937861842681228));
#6852=DIRECTION('',(0.,-0.937861842681229,0.347008881792053));
#6853=DIRECTION('',(-1.,0.,0.));
#6854=DIRECTION('',(0.,0.937861842681228,-0.347008881792053));
#6855=DIRECTION('',(0.,1.,0.));
#6856=DIRECTION('',(0.,0.,1.));
#6857=DIRECTION('',(-1.,0.,0.));
#6858=DIRECTION('',(0.,0.,-1.));
#6859=DIRECTION('',(0.,0.347008881792056,-0.937861842681227));
#6860=DIRECTION('',(0.,0.937861842681227,0.347008881792056));
#6861=DIRECTION('',(-1.,0.,0.));
#6862=DIRECTION('',(0.,-0.937861842681227,-0.347008881792056));
#6863=DIRECTION('',(0.,1.,0.));
#6864=DIRECTION('',(0.,0.,1.));
#6865=DIRECTION('',(-1.,0.,0.));
#6866=DIRECTION('',(0.,0.,-1.));
#6867=DIRECTION('',(0.,-0.347008881792054,0.937861842681228));
#6868=DIRECTION('',(0.,-0.937861842681228,-0.347008881792054));
#6869=DIRECTION('',(-1.,0.,0.));
#6870=DIRECTION('',(0.,0.937861842681228,0.347008881792054));
#6871=DIRECTION('',(0.,-0.347008881792053,-0.937861842681228));
#6872=DIRECTION('',(0.,0.937861842681228,-0.347008881792053));
#6873=DIRECTION('',(0.,-0.937861842681228,0.347008881792053));
#6874=DIRECTION('',(-1.,0.,0.));
#6875=DIRECTION('',(0.,-0.937861842681228,0.347008881792053));
#6876=DIRECTION('',(-1.,0.,0.));
#6877=DIRECTION('',(0.,-0.347008881792054,0.937861842681228));
#6878=DIRECTION('',(0.,-0.937861842681228,-0.347008881792054));
#6879=DIRECTION('',(0.,0.937861842681228,0.347008881792054));
#6880=DIRECTION('',(-1.,0.,0.));
#6881=DIRECTION('',(0.,0.937861842681228,0.347008881792054));
#6882=DIRECTION('',(0.,1.,0.));
#6883=DIRECTION('',(0.,0.,1.));
#6884=DIRECTION('',(0.,0.,-1.));
#6885=DIRECTION('',(0.,0.,-1.));
#6886=DIRECTION('',(0.,-1.,0.));
#6887=DIRECTION('',(0.,0.,-1.));
#6888=DIRECTION('',(0.,0.,1.));
#6889=DIRECTION('',(1.,0.,0.));
#6890=DIRECTION('',(0.,0.,-1.));
#6891=DIRECTION('',(1.,0.,0.));
#6892=DIRECTION('',(0.,0.,-1.));
#6893=DIRECTION('',(-1.,0.,0.));
#6894=DIRECTION('',(0.,0.,1.));
#6895=DIRECTION('',(1.,0.,0.));
#6896=DIRECTION('',(0.,0.,-1.));
#6897=DIRECTION('',(1.,0.,0.));
#6898=DIRECTION('',(0.,0.,-1.));
#6899=DIRECTION('',(-1.,0.,0.));
#6900=DIRECTION('',(0.,0.,1.));
#6901=DIRECTION('',(1.,0.,0.));
#6902=DIRECTION('',(0.,0.,-1.));
#6903=DIRECTION('',(1.,0.,0.));
#6904=DIRECTION('',(0.,0.,-1.));
#6905=DIRECTION('',(-1.,0.,0.));
#6906=DIRECTION('',(0.,0.,1.));
#6907=DIRECTION('',(1.,0.,0.));
#6908=DIRECTION('',(0.,0.,-1.));
#6909=DIRECTION('',(1.,0.,0.));
#6910=DIRECTION('',(0.,0.,-1.));
#6911=DIRECTION('',(-1.,0.,0.));
#6912=DIRECTION('',(0.,0.,1.));
#6913=DIRECTION('',(1.,0.,0.));
#6914=DIRECTION('',(0.,0.,-1.));
#6915=DIRECTION('',(1.,0.,0.));
#6916=DIRECTION('',(0.,0.,-1.));
#6917=DIRECTION('',(-1.,0.,0.));
#6918=DIRECTION('',(0.,0.,1.));
#6919=DIRECTION('',(1.,0.,0.));
#6920=DIRECTION('',(0.,0.,-1.));
#6921=DIRECTION('',(1.,0.,0.));
#6922=DIRECTION('',(0.,0.,-1.));
#6923=DIRECTION('',(-1.,0.,0.));
#6924=DIRECTION('',(0.,0.,1.));
#6925=DIRECTION('',(1.,0.,0.));
#6926=DIRECTION('',(0.,0.,-1.));
#6927=DIRECTION('',(1.,0.,0.));
#6928=DIRECTION('',(0.,0.,-1.));
#6929=DIRECTION('',(-1.,0.,0.));
#6930=DIRECTION('',(0.,0.,1.));
#6931=DIRECTION('',(1.,0.,0.));
#6932=DIRECTION('',(0.,0.,-1.));
#6933=DIRECTION('',(1.,0.,0.));
#6934=DIRECTION('',(0.,0.,-1.));
#6935=DIRECTION('',(-1.,0.,0.));
#6936=DIRECTION('',(0.,0.,1.));
#6937=DIRECTION('',(1.,0.,0.));
#6938=DIRECTION('',(0.,0.,-1.));
#6939=DIRECTION('',(1.,0.,0.));
#6940=DIRECTION('',(0.,0.,-1.));
#6941=DIRECTION('',(-1.,0.,0.));
#6942=DIRECTION('',(0.,0.,1.));
#6943=DIRECTION('',(1.,0.,0.));
#6944=DIRECTION('',(0.,0.,-1.));
#6945=DIRECTION('',(1.,0.,0.));
#6946=DIRECTION('',(0.,0.,-1.));
#6947=DIRECTION('',(-1.,0.,0.));
#6948=DIRECTION('',(0.,0.,1.));
#6949=DIRECTION('',(1.,0.,0.));
#6950=DIRECTION('',(0.,0.,-1.));
#6951=DIRECTION('',(1.,0.,0.));
#6952=DIRECTION('',(0.,0.,-1.));
#6953=DIRECTION('',(-1.,0.,0.));
#6954=DIRECTION('',(0.,0.,1.));
#6955=DIRECTION('',(-1.,0.,0.));
#6956=DIRECTION('',(0.,0.,1.));
#6957=DIRECTION('',(1.,0.,0.));
#6958=DIRECTION('',(0.,0.,-1.));
#6959=DIRECTION('',(-1.,0.,0.));
#6960=DIRECTION('',(0.,0.,1.));
#6961=DIRECTION('',(-1.,0.,0.));
#6962=DIRECTION('',(0.,0.,1.));
#6963=DIRECTION('',(-1.,0.,0.));
#6964=DIRECTION('',(0.,0.,1.));
#6965=DIRECTION('',(-1.,0.,0.));
#6966=DIRECTION('',(0.,0.,1.));
#6967=DIRECTION('',(-1.,0.,0.));
#6968=DIRECTION('',(0.,0.,1.));
#6969=DIRECTION('',(-1.,0.,0.));
#6970=DIRECTION('',(0.,0.,1.));
#6971=DIRECTION('',(-1.,0.,0.));
#6972=DIRECTION('',(0.,0.,1.));
#6973=DIRECTION('',(-1.,0.,0.));
#6974=DIRECTION('',(0.,0.,1.));
#6975=DIRECTION('',(1.,0.,0.));
#6976=DIRECTION('',(0.,0.,-1.));
#6977=DIRECTION('',(-1.,0.,0.));
#6978=DIRECTION('',(0.,0.,1.));
#6979=DIRECTION('',(-1.,0.,0.));
#6980=DIRECTION('',(0.,0.,1.));
#6981=DIRECTION('',(-1.,0.,0.));
#6982=DIRECTION('',(0.,0.,1.));
#6983=DIRECTION('',(-1.,0.,0.));
#6984=DIRECTION('',(0.,0.,1.));
#6985=DIRECTION('',(-1.,0.,0.));
#6986=DIRECTION('',(0.,0.,1.));
#6987=DIRECTION('',(-1.,0.,0.));
#6988=DIRECTION('',(0.,0.,1.));
#6989=DIRECTION('',(-1.,0.,0.));
#6990=DIRECTION('',(0.,0.,1.));
#6991=DIRECTION('',(-1.,0.,0.));
#6992=DIRECTION('',(0.,0.,1.));
#6993=DIRECTION('',(1.,0.,0.));
#6994=DIRECTION('',(0.,0.,-1.));
#6995=DIRECTION('',(-1.,0.,0.));
#6996=DIRECTION('',(0.,0.,1.));
#6997=DIRECTION('',(-1.,0.,0.));
#6998=DIRECTION('',(0.,0.,1.));
#6999=DIRECTION('',(-1.,0.,0.));
#7000=DIRECTION('',(0.,0.,1.));
#7001=DIRECTION('',(-1.,0.,0.));
#7002=DIRECTION('',(0.,0.,1.));
#7003=DIRECTION('',(-1.,0.,0.));
#7004=DIRECTION('',(0.,0.,1.));
#7005=DIRECTION('',(-1.,0.,0.));
#7006=DIRECTION('',(0.,0.,1.));
#7007=DIRECTION('',(-1.,0.,0.));
#7008=DIRECTION('',(0.,0.,1.));
#7009=DIRECTION('',(-1.,0.,0.));
#7010=DIRECTION('',(0.,0.,1.));
#7011=DIRECTION('',(1.,0.,0.));
#7012=DIRECTION('',(0.,0.,-1.));
#7013=DIRECTION('',(-1.,0.,0.));
#7014=DIRECTION('',(0.,0.,1.));
#7015=DIRECTION('',(-1.,0.,0.));
#7016=DIRECTION('',(0.,0.,1.));
#7017=DIRECTION('',(-1.,0.,0.));
#7018=DIRECTION('',(0.,0.,1.));
#7019=DIRECTION('',(-1.,0.,0.));
#7020=DIRECTION('',(0.,0.,1.));
#7021=DIRECTION('',(-1.,0.,0.));
#7022=DIRECTION('',(0.,0.,1.));
#7023=DIRECTION('',(-1.,0.,0.));
#7024=DIRECTION('',(0.,0.,1.));
#7025=CARTESIAN_POINT('',(0.,0.,0.));
#7026=CARTESIAN_POINT('',(-0.399999999999999,0.,0.));
#7027=CARTESIAN_POINT('',(-0.400000000000001,-5.,0.));
#7028=CARTESIAN_POINT('',(-0.400000000000001,-5.,1.675));
#7029=CARTESIAN_POINT('',(-0.400000000000001,5.,0.));
#7030=CARTESIAN_POINT('',(-0.400000000000001,5.,1.675));
#7031=CARTESIAN_POINT('',(-0.400000000000001,0.,3.5));
#7032=CARTESIAN_POINT('',(-0.400000000000001,0.,5.75));
#7033=CARTESIAN_POINT('',(-0.400000000000001,0.,-3.5));
#7034=CARTESIAN_POINT('',(-0.400000000000001,0.,-1.25));
#7035=CARTESIAN_POINT('',(-0.4,3.02,-5.905));
#7036=CARTESIAN_POINT('',(-0.4,3.02,-5.905));
#7037=CARTESIAN_POINT('',(-0.4,1.52,-5.905));
#7038=CARTESIAN_POINT('',(-0.4,3.02,-6.655));
#7039=CARTESIAN_POINT('',(-0.4,3.02,-6.655));
#7040=CARTESIAN_POINT('',(-0.4,2.6075,-6.655));
#7041=CARTESIAN_POINT('',(-0.399999999999999,2.27,-6.89217082451263));
#7042=CARTESIAN_POINT('',(-0.4,1.9325,-6.655));
#7043=CARTESIAN_POINT('',(-0.4,1.52,-6.655));
#7044=CARTESIAN_POINT('',(-0.4,1.52,-5.905));
#7045=CARTESIAN_POINT('',(-0.4,-6.325,2.9975));
#7046=CARTESIAN_POINT('',(-0.4,-6.325,2.9975));
#7047=CARTESIAN_POINT('',(-0.4,-6.325,2.8475));
#7048=CARTESIAN_POINT('',(-0.4,-6.57969146385222,2.45423923550397));
#7049=CARTESIAN_POINT('',(-0.4,-5.98,2.435));
#7050=CARTESIAN_POINT('',(-0.4,-6.57969146385223,2.41576076449603));
#7051=CARTESIAN_POINT('',(-0.399999999999999,-6.3158397282731,1.87688947964974));
#7052=CARTESIAN_POINT('',(-0.4,-6.41478412911527,2.0789662114671));
#7053=CARTESIAN_POINT('',(-0.4,-6.58199171484769,1.92841182503636));
#7054=CARTESIAN_POINT('',(-0.4,-7.315,2.7425));
#7055=CARTESIAN_POINT('',(-0.4,-7.315,2.7425));
#7056=CARTESIAN_POINT('',(-0.4,-7.315,1.8725));
#7057=CARTESIAN_POINT('',(-0.4,-7.315,1.8725));
#7058=CARTESIAN_POINT('',(-0.4,-7.48,1.8725));
#7059=CARTESIAN_POINT('',(-0.4,-7.48,1.8725));
#7060=CARTESIAN_POINT('',(-0.4,-7.48,2.9975));
#7061=CARTESIAN_POINT('',(-0.4,-7.48,2.9975));
#7062=CARTESIAN_POINT('',(-0.4,-7.315,2.9975));
#7063=CARTESIAN_POINT('',(-0.4,-7.315,2.9975));
#7064=CARTESIAN_POINT('',(-0.4,-6.48997291327002,2.08121459240462));
#7065=CARTESIAN_POINT('',(-0.4,-6.48997291327002,2.08121459240462));
#7066=CARTESIAN_POINT('',(-0.4,-6.37850118944841,2.18158418335845));
#7067=CARTESIAN_POINT('',(-0.4,-6.26410334651895,2.08456287882648));
#7068=CARTESIAN_POINT('',(-0.4,-6.72169475056431,2.472648058837));
#7069=CARTESIAN_POINT('',(-0.4,-6.13,2.37316277271568));
#7070=CARTESIAN_POINT('',(-0.4,-6.13,2.43499999999997));
#7071=CARTESIAN_POINT('',(-0.4,-6.13,2.43499999999997));
#7072=CARTESIAN_POINT('',(-0.4,-6.72920283655073,2.40408138635784));
#7073=CARTESIAN_POINT('',(-0.399999999999999,0.,0.));
#7074=CARTESIAN_POINT('',(-0.399999999999999,0.,8.6));
#7075=CARTESIAN_POINT('',(-0.4,7.52866989749967,2.0925));
#7076=CARTESIAN_POINT('',(-0.4,7.52866989749967,2.0925));
#7077=CARTESIAN_POINT('',(-0.4,7.2719754660677,2.0925));
#7078=CARTESIAN_POINT('',(-0.4,7.77,1.89));
#7079=CARTESIAN_POINT('',(-0.4,7.77,1.89));
#7080=CARTESIAN_POINT('',(-0.4,7.77,1.7025));
#7081=CARTESIAN_POINT('',(-0.399999999999999,7.77,1.7025));
#7082=CARTESIAN_POINT('',(-0.4,6.27,1.7025));
#7083=CARTESIAN_POINT('',(-0.4,6.27,1.7025));
#7084=CARTESIAN_POINT('',(-0.4,6.27,1.89));
#7085=CARTESIAN_POINT('',(-0.4,6.27,1.89));
#7086=CARTESIAN_POINT('',(-0.4,7.51330556856803,1.89));
#7087=CARTESIAN_POINT('',(-0.4,7.51330556856803,1.89));
#7088=CARTESIAN_POINT('',(-0.4,7.2719754660677,2.0925));
#7089=CARTESIAN_POINT('',(-0.4,0.990000000000002,7.4025));
#7090=CARTESIAN_POINT('',(-0.4,0.990000000000002,7.4025));
#7091=CARTESIAN_POINT('',(-0.4,0.990000000000002,7.24256173065836));
#7092=CARTESIAN_POINT('',(-0.4,2.49,6.8475));
#7093=CARTESIAN_POINT('',(-0.4,2.49,6.8475));
#7094=CARTESIAN_POINT('',(-0.4,2.49,6.6825));
#7095=CARTESIAN_POINT('',(-0.399999999999999,2.49,6.6825));
#7096=CARTESIAN_POINT('',(-0.4,0.990000000000002,6.1275));
#7097=CARTESIAN_POINT('',(-0.4,0.990000000000002,6.1275));
#7098=CARTESIAN_POINT('',(-0.4,0.990000000000002,6.28743826934164));
#7099=CARTESIAN_POINT('',(-0.4,0.990000000000002,6.28743826934164));
#7100=CARTESIAN_POINT('',(-0.4,1.44,6.45393826934164));
#7101=CARTESIAN_POINT('',(-0.4,1.44,6.45393826934164));
#7102=CARTESIAN_POINT('',(-0.4,1.44,7.07606173065836));
#7103=CARTESIAN_POINT('',(-0.4,1.44,7.07606173065836));
#7104=CARTESIAN_POINT('',(-0.4,0.990000000000002,7.24256173065836));
#7105=CARTESIAN_POINT('',(-16.,0.,9.08));
#7106=CARTESIAN_POINT('',(-16.,3.955,-6.85026094393491));
#7107=CARTESIAN_POINT('',(-16.,4.1625,-7.20966148650545));
#7108=CARTESIAN_POINT('',(-16.,4.38177901933187,-7.58946388902213));
#7109=CARTESIAN_POINT('',(-16.,0.,0.));
#7110=CARTESIAN_POINT('',(-16.,5.35120685064044,-6.37731998896549));
#7111=CARTESIAN_POINT('',(-16.,5.83651149595378,-6.95568354352032));
#7112=CARTESIAN_POINT('',(-16.,5.83651149595378,-6.95568354352032));
#7113=CARTESIAN_POINT('',(-16.,0.,0.));
#7114=CARTESIAN_POINT('',(-16.,-5.83651149595377,-6.95568354352033));
#7115=CARTESIAN_POINT('',(-16.,-5.35120685064044,-6.3773199889655));
#7116=CARTESIAN_POINT('',(-16.,-5.35120685064044,-6.37731998896549));
#7117=CARTESIAN_POINT('',(-16.,0.,0.));
#7118=CARTESIAN_POINT('',(-16.,-4.1625,-7.20966148650545));
#7119=CARTESIAN_POINT('',(-16.,-3.955,-6.85026094393491));
#7120=CARTESIAN_POINT('',(-16.,-4.38177901933187,-7.58946388902213));
#7121=CARTESIAN_POINT('',(-16.,0.,0.));
#7122=CARTESIAN_POINT('',(-16.,-0.458649190044005,-8.75154788694548));
#7123=CARTESIAN_POINT('',(-16.,-0.413977413881686,-7.89915961990868));
#7124=CARTESIAN_POINT('',(-16.,-0.435696835722507,-8.31359087683183));
#7125=CARTESIAN_POINT('',(-16.,0.,0.));
#7126=CARTESIAN_POINT('',(-16.,0.435696835722508,-8.31359087683183));
#7127=CARTESIAN_POINT('',(-16.,0.413977413881686,-7.89915961990868));
#7128=CARTESIAN_POINT('',(-16.,0.458649190044005,-8.75154788694548));
#7129=CARTESIAN_POINT('',(-16.,0.,0.));
#7130=CARTESIAN_POINT('',(-25.,0.,0.));
#7131=CARTESIAN_POINT('',(-23.2,-5.83651149595377,-6.95568354352033));
#7132=CARTESIAN_POINT('',(-19.0801892198827,-5.83651149595378,-6.95568354352032));
#7133=CARTESIAN_POINT('',(-23.2,5.83651149595378,-6.95568354352032));
#7134=CARTESIAN_POINT('',(-19.0801892198827,5.83651149595378,-6.95568354352032));
#7135=CARTESIAN_POINT('',(-18.95,5.5,-7.22470760654021));
#7136=CARTESIAN_POINT('',(-18.95,5.62247848168524,-7.13146761871579));
#7137=CARTESIAN_POINT('',(-18.9932539086977,5.74097355553974,-7.03584939408518));
#7138=CARTESIAN_POINT('',(-19.0801892198827,5.83651149595378,-6.95568354352032));
#7139=CARTESIAN_POINT('',(-18.95,5.5,-7.22470760654021));
#7140=CARTESIAN_POINT('',(-18.95,0.,0.));
#7141=CARTESIAN_POINT('',(-18.95,-5.5,-7.22470760654021));
#7142=CARTESIAN_POINT('',(-19.0801892198827,-5.83651149595378,-6.95568354352032));
#7143=CARTESIAN_POINT('',(-18.9927854143862,-5.74045870166733,-7.03628140777963));
#7144=CARTESIAN_POINT('',(-18.95,-5.6220008601706,-7.13183122074283));
#7145=CARTESIAN_POINT('',(-18.95,-5.5,-7.22470760654021));
#7146=CARTESIAN_POINT('',(-25.,0.,0.));
#7147=CARTESIAN_POINT('',(-23.2,-5.83651149595378,6.95568354352032));
#7148=CARTESIAN_POINT('',(-19.0801892198827,-5.83651149595378,6.95568354352032));
#7149=CARTESIAN_POINT('',(-16.,-5.83651149595378,6.95568354352032));
#7150=CARTESIAN_POINT('',(-18.95,-5.5,7.22470760654021));
#7151=CARTESIAN_POINT('',(-18.95,-5.62247848168524,7.13146761871579));
#7152=CARTESIAN_POINT('',(-18.9932539086977,-5.74097355553973,7.03584939408518));
#7153=CARTESIAN_POINT('',(-19.0801892198827,-5.83651149595377,6.95568354352032));
#7154=CARTESIAN_POINT('',(-18.95,-5.5,7.22470760654021));
#7155=CARTESIAN_POINT('',(-18.95,0.,0.));
#7156=CARTESIAN_POINT('',(-18.95,5.5,7.22470760654021));
#7157=CARTESIAN_POINT('',(-19.0801892198827,5.83651149595379,6.95568354352031));
#7158=CARTESIAN_POINT('',(-18.9927854143862,5.74045870166733,7.03628140777962));
#7159=CARTESIAN_POINT('',(-18.95,5.62200086017061,7.13183122074282));
#7160=CARTESIAN_POINT('',(-18.95,5.5,7.22470760654021));
#7161=CARTESIAN_POINT('',(-19.0801892198827,5.83651149595378,6.95568354352032));
#7162=CARTESIAN_POINT('',(-23.2,5.83651149595378,6.95568354352032));
#7163=CARTESIAN_POINT('',(-16.,5.83651149595378,6.95568354352032));
#7164=CARTESIAN_POINT('',(-16.,0.,0.));
#7165=CARTESIAN_POINT('',(-25.,0.,0.));
#7166=CARTESIAN_POINT('',(-23.2,-2.60208521396521E-15,4.33680868994202E-16));
#7167=CARTESIAN_POINT('',(-23.2,9.04897231734079,-0.75));
#7168=CARTESIAN_POINT('',(-23.2,5.83651149595378,-6.95568354352032));
#7169=CARTESIAN_POINT('',(-25.,9.04897231734079,-0.75));
#7170=CARTESIAN_POINT('',(-24.7,9.04897231734079,-0.75));
#7171=CARTESIAN_POINT('',(-25.45,0.,0.));
#7172=CARTESIAN_POINT('',(-25.,9.06884226348656,-0.450000000000003));
#7173=CARTESIAN_POINT('',(-25.,0.,0.));
#7174=CARTESIAN_POINT('',(-25.,9.06884226348656,0.450000000000003));
#7175=CARTESIAN_POINT('',(-25.45,0.,0.));
#7176=CARTESIAN_POINT('',(-24.7,9.04897231734079,0.75));
#7177=CARTESIAN_POINT('',(-25.,9.04897231734079,0.75));
#7178=CARTESIAN_POINT('',(-23.2,9.04897231734079,0.75));
#7179=CARTESIAN_POINT('',(-23.2,-2.60208521396521E-15,4.33680868994202E-16));
#7180=CARTESIAN_POINT('',(-23.2,5.83651149595378,6.95568354352032));
#7181=CARTESIAN_POINT('',(-23.2,5.83651149595378,6.95568354352032));
#7182=CARTESIAN_POINT('',(-21.3698107801173,5.83651149595378,6.95568354352032));
#7183=CARTESIAN_POINT('',(-21.5,5.5,7.22470760654021));
#7184=CARTESIAN_POINT('',(-21.5,5.62247848168524,7.13146761871579));
#7185=CARTESIAN_POINT('',(-21.4567460913023,5.74097355553974,7.03584939408518));
#7186=CARTESIAN_POINT('',(-21.3698107801173,5.83651149595378,6.95568354352032));
#7187=CARTESIAN_POINT('',(-21.5,5.5,7.22470760654021));
#7188=CARTESIAN_POINT('',(-21.5,0.,0.));
#7189=CARTESIAN_POINT('',(-21.5,-5.5,7.22470760654021));
#7190=CARTESIAN_POINT('',(-21.3698107801173,-5.83651149595378,6.95568354352032));
#7191=CARTESIAN_POINT('',(-21.4572145856138,-5.74045870166733,7.03628140777962));
#7192=CARTESIAN_POINT('',(-21.5,-5.62200086017061,7.13183122074283));
#7193=CARTESIAN_POINT('',(-21.5,-5.5,7.22470760654021));
#7194=CARTESIAN_POINT('',(-21.3698107801173,-5.83651149595378,6.95568354352032));
#7195=CARTESIAN_POINT('',(-23.2,-5.83651149595378,6.95568354352032));
#7196=CARTESIAN_POINT('',(-23.2,-5.83651149595378,6.95568354352032));
#7197=CARTESIAN_POINT('',(-23.2,-8.67361737988404E-16,-8.67361737988404E-16));
#7198=CARTESIAN_POINT('',(-23.2,-5.83651149595377,-6.95568354352033));
#7199=CARTESIAN_POINT('',(-23.2,-5.83651149595377,-6.95568354352033));
#7200=CARTESIAN_POINT('',(-21.3698107801173,-5.83651149595377,-6.95568354352033));
#7201=CARTESIAN_POINT('',(-21.5,-5.5,-7.22470760654021));
#7202=CARTESIAN_POINT('',(-21.5,-5.62247848168524,-7.13146761871579));
#7203=CARTESIAN_POINT('',(-21.4567460913023,-5.74097355553973,-7.03584939408518));
#7204=CARTESIAN_POINT('',(-21.3698107801173,-5.83651149595377,-6.95568354352033));
#7205=CARTESIAN_POINT('',(-21.5,-5.5,-7.22470760654021));
#7206=CARTESIAN_POINT('',(-21.5,0.,0.));
#7207=CARTESIAN_POINT('',(-21.5,5.5,-7.22470760654021));
#7208=CARTESIAN_POINT('',(-21.3698107801173,5.83651149595379,-6.95568354352031));
#7209=CARTESIAN_POINT('',(-21.4572145856138,5.74045870166734,-7.03628140777962));
#7210=CARTESIAN_POINT('',(-21.5,5.62200086017061,-7.13183122074283));
#7211=CARTESIAN_POINT('',(-21.5,5.5,-7.22470760654021));
#7212=CARTESIAN_POINT('',(-21.3698107801173,5.83651149595378,-6.95568354352032));
#7213=CARTESIAN_POINT('',(-23.2,5.83651149595378,-6.95568354352032));
#7214=CARTESIAN_POINT('',(-16.,0.,9.08));
#7215=CARTESIAN_POINT('',(-16.,5.35120685064044,6.37731998896549));
#7216=CARTESIAN_POINT('',(-16.,5.35120685064044,6.37731998896549));
#7217=CARTESIAN_POINT('',(-16.,0.,0.));
#7218=CARTESIAN_POINT('',(-16.,4.1625,7.20966148650545));
#7219=CARTESIAN_POINT('',(-16.,4.38177901933187,7.58946388902213));
#7220=CARTESIAN_POINT('',(-16.,4.38177901933187,7.58946388902213));
#7221=CARTESIAN_POINT('',(-16.,0.,0.));
#7222=CARTESIAN_POINT('',(-16.,0.458649190044005,8.75154788694548));
#7223=CARTESIAN_POINT('',(-16.,0.458649190044005,8.75154788694548));
#7224=CARTESIAN_POINT('',(-16.,0.435696835722508,8.31359087683183));
#7225=CARTESIAN_POINT('',(-16.,0.,0.));
#7226=CARTESIAN_POINT('',(-16.,-0.435696835722507,8.31359087683183));
#7227=CARTESIAN_POINT('',(-16.,-0.458649190044005,8.75154788694548));
#7228=CARTESIAN_POINT('',(-16.,-0.458649190044005,8.75154788694548));
#7229=CARTESIAN_POINT('',(-16.,0.,0.));
#7230=CARTESIAN_POINT('',(-16.,-4.38177901933187,7.58946388902213));
#7231=CARTESIAN_POINT('',(-16.,-4.38177901933187,7.58946388902213));
#7232=CARTESIAN_POINT('',(-16.,-4.1625,7.20966148650545));
#7233=CARTESIAN_POINT('',(-16.,0.,0.));
#7234=CARTESIAN_POINT('',(-16.,-5.35120685064044,6.3773199889655));
#7235=CARTESIAN_POINT('',(-16.,-5.83651149595377,6.95568354352033));
#7236=CARTESIAN_POINT('',(-25.,0.,0.));
#7237=CARTESIAN_POINT('',(-25.,-9.55,3.90886952967223));
#7238=CARTESIAN_POINT('',(-18.2559,-9.55,3.90886952967223));
#7239=CARTESIAN_POINT('',(-23.6441,-9.55,3.90886952967223));
#7240=CARTESIAN_POINT('',(-18.2559,0.,0.));
#7241=CARTESIAN_POINT('',(-18.2559,9.55,3.90886952967223));
#7242=CARTESIAN_POINT('',(-25.,9.55,3.90886952967223));
#7243=CARTESIAN_POINT('',(-23.6441,9.55,3.90886952967223));
#7244=CARTESIAN_POINT('',(-23.6441,0.,0.));
#7245=CARTESIAN_POINT('',(-25.,6.,8.39534162497275));
#7246=CARTESIAN_POINT('',(-19.45,6.,8.39534162497275));
#7247=CARTESIAN_POINT('',(-21.,6.,8.39534162497275));
#7248=CARTESIAN_POINT('',(-18.95,5.5,8.73108017372421));
#7249=CARTESIAN_POINT('',(-18.95,5.62321703220622,8.65346163585147));
#7250=CARTESIAN_POINT('',(-19.0351474448675,5.8630733926457,8.49408379954178));
#7251=CARTESIAN_POINT('',(-19.303487887755,6.,8.39534162497275));
#7252=CARTESIAN_POINT('',(-19.45,6.,8.39534162497275));
#7253=CARTESIAN_POINT('',(-18.95,5.5,8.73108017372421));
#7254=CARTESIAN_POINT('',(-18.95,0.,0.));
#7255=CARTESIAN_POINT('',(-18.95,-5.5,8.73108017372421));
#7256=CARTESIAN_POINT('',(-19.45,-6.,8.39534162497275));
#7257=CARTESIAN_POINT('',(-19.3040069081357,-6.,8.39534162497275));
#7258=CARTESIAN_POINT('',(-19.0360708936026,-5.86447145333672,8.49313061007927));
#7259=CARTESIAN_POINT('',(-18.95,-5.62300470020886,8.65359539089234));
#7260=CARTESIAN_POINT('',(-18.95,-5.5,8.73108017372422));
#7261=CARTESIAN_POINT('',(-19.45,-6.,8.39534162497275));
#7262=CARTESIAN_POINT('',(-25.,-6.,8.39534162497275));
#7263=CARTESIAN_POINT('',(-21.,-6.,8.39534162497275));
#7264=CARTESIAN_POINT('',(-21.5,-5.5,8.73108017372421));
#7265=CARTESIAN_POINT('',(-21.5,-5.62321703220622,8.65346163585147));
#7266=CARTESIAN_POINT('',(-21.4148525551325,-5.8630733926457,8.49408379954178));
#7267=CARTESIAN_POINT('',(-21.146512112245,-6.,8.39534162497275));
#7268=CARTESIAN_POINT('',(-21.,-6.,8.39534162497275));
#7269=CARTESIAN_POINT('',(-21.5,-5.5,8.73108017372421));
#7270=CARTESIAN_POINT('',(-21.5,0.,0.));
#7271=CARTESIAN_POINT('',(-21.5,5.5,8.73108017372421));
#7272=CARTESIAN_POINT('',(-21.,6.,8.39534162497275));
#7273=CARTESIAN_POINT('',(-21.1459930918643,6.,8.39534162497275));
#7274=CARTESIAN_POINT('',(-21.4139291063974,5.86447145333672,8.49313061007927));
#7275=CARTESIAN_POINT('',(-21.5,5.62300470020886,8.65359539089234));
#7276=CARTESIAN_POINT('',(-21.5,5.5,8.73108017372422));
#7277=CARTESIAN_POINT('',(-25.,0.,0.));
#7278=CARTESIAN_POINT('',(-25.,-9.55,-3.90886952967223));
#7279=CARTESIAN_POINT('',(-23.6441,-9.55,-3.90886952967223));
#7280=CARTESIAN_POINT('',(-18.2559,-9.55,-3.90886952967223));
#7281=CARTESIAN_POINT('',(-23.6441,0.,0.));
#7282=CARTESIAN_POINT('',(-23.6441,9.55,-3.90886952967223));
#7283=CARTESIAN_POINT('',(-25.,9.55,-3.90886952967223));
#7284=CARTESIAN_POINT('',(-18.2559,9.55,-3.90886952967223));
#7285=CARTESIAN_POINT('',(-18.2559,0.,0.));
#7286=CARTESIAN_POINT('',(-25.,6.,-8.39534162497275));
#7287=CARTESIAN_POINT('',(-21.,6.,-8.39534162497275));
#7288=CARTESIAN_POINT('',(-19.45,6.,-8.39534162497275));
#7289=CARTESIAN_POINT('',(-21.5,5.5,-8.73108017372421));
#7290=CARTESIAN_POINT('',(-21.5,5.62321703220622,-8.65346163585147));
#7291=CARTESIAN_POINT('',(-21.4148525551325,5.8630733926457,-8.49408379954178));
#7292=CARTESIAN_POINT('',(-21.146512112245,6.,-8.39534162497275));
#7293=CARTESIAN_POINT('',(-21.,6.,-8.39534162497275));
#7294=CARTESIAN_POINT('',(-21.5,5.5,-8.73108017372421));
#7295=CARTESIAN_POINT('',(-21.5,0.,0.));
#7296=CARTESIAN_POINT('',(-21.5,-5.5,-8.73108017372421));
#7297=CARTESIAN_POINT('',(-21.,-6.,-8.39534162497275));
#7298=CARTESIAN_POINT('',(-21.1459930918643,-6.,-8.39534162497275));
#7299=CARTESIAN_POINT('',(-21.4139291063974,-5.86447145333672,-8.49313061007927));
#7300=CARTESIAN_POINT('',(-21.5,-5.62300470020886,-8.65359539089234));
#7301=CARTESIAN_POINT('',(-21.5,-5.5,-8.73108017372422));
#7302=CARTESIAN_POINT('',(-21.,-6.,-8.39534162497274));
#7303=CARTESIAN_POINT('',(-25.,-6.,-8.39534162497275));
#7304=CARTESIAN_POINT('',(-19.45,-6.,-8.39534162497275));
#7305=CARTESIAN_POINT('',(-18.95,-5.5,-8.73108017372421));
#7306=CARTESIAN_POINT('',(-18.95,-5.62321703220622,-8.65346163585147));
#7307=CARTESIAN_POINT('',(-19.0351474448675,-5.8630733926457,-8.49408379954178));
#7308=CARTESIAN_POINT('',(-19.303487887755,-6.,-8.39534162497275));
#7309=CARTESIAN_POINT('',(-19.45,-6.,-8.39534162497275));
#7310=CARTESIAN_POINT('',(-18.95,-5.5,-8.73108017372421));
#7311=CARTESIAN_POINT('',(-18.95,0.,0.));
#7312=CARTESIAN_POINT('',(-18.95,5.5,-8.73108017372421));
#7313=CARTESIAN_POINT('',(-19.45,6.,-8.39534162497275));
#7314=CARTESIAN_POINT('',(-19.3040069081357,6.,-8.39534162497275));
#7315=CARTESIAN_POINT('',(-19.0360708936026,5.86447145333672,-8.49313061007927));
#7316=CARTESIAN_POINT('',(-18.95,5.62300470020886,-8.65359539089234));
#7317=CARTESIAN_POINT('',(-18.95,5.5,-8.73108017372422));
#7318=CARTESIAN_POINT('',(-3.10435997537047,-14.35,2.58999241174203));
#7319=CARTESIAN_POINT('',(-1.89662667921183,0.,-3.48404668781136E-16));
#7320=CARTESIAN_POINT('',(-2.09369598987525,-12.3927961047325,0.422616500537757));
#7321=CARTESIAN_POINT('',(-3.10435997537047,-12.1264974047381,2.58999241174203));
#7322=CARTESIAN_POINT('',(-2.09369598987525,-14.35,0.422616500537757));
#7323=CARTESIAN_POINT('',(-2.09369598987525,-11.0919518252413,0.422616500537757));
#7324=CARTESIAN_POINT('',(-1.89662667921183,0.,0.));
#7325=CARTESIAN_POINT('',(-3.10435997537047,-10.7936064087551,2.58999241174203));
#7326=CARTESIAN_POINT('',(-3.10435997537047,-14.35,2.58999241174203));
#7327=CARTESIAN_POINT('',(-3.6,-14.35,0.8));
#7328=CARTESIAN_POINT('',(-3.6,0.,-6.61309271539571E-16));
#7329=CARTESIAN_POINT('',(-3.6,-12.1494463304149,2.48011166368945));
#7330=CARTESIAN_POINT('',(-3.6,-12.3741666386064,0.8));
#7331=CARTESIAN_POINT('',(-3.6,-14.35,2.48011166368945));
#7332=CARTESIAN_POINT('',(-3.6,-10.8193828907028,2.48011166368945));
#7333=CARTESIAN_POINT('',(-3.6,0.,0.));
#7334=CARTESIAN_POINT('',(-3.6,-11.0711336366246,0.8));
#7335=CARTESIAN_POINT('',(-3.6,-14.35,0.8));
#7336=CARTESIAN_POINT('',(-3.10435997537047,4.93200077582247,-13.7224607501777));
#7337=CARTESIAN_POINT('',(-1.89662667921183,0.,-3.48404668781136E-16));
#7338=CARTESIAN_POINT('',(-2.09369598987525,5.83040142684208,-10.9437845008881));
#7339=CARTESIAN_POINT('',(-3.10435997537047,3.8202494781915,-11.7968510173002));
#7340=CARTESIAN_POINT('',(-2.09369598987525,6.80900337447582,-12.6387727945756));
#7341=CARTESIAN_POINT('',(-2.09369598987525,5.17997928709646,-9.817220308481));
#7342=CARTESIAN_POINT('',(-1.89662667921183,0.,0.));
#7343=CARTESIAN_POINT('',(-3.10435997537047,3.15380398020001,-10.6425335543034));
#7344=CARTESIAN_POINT('',(-3.10435997537047,4.93200077582247,-13.7224607501777));
#7345=CARTESIAN_POINT('',(-3.6,6.48217967697245,-12.8274645443067));
#7346=CARTESIAN_POINT('',(-3.6,0.,-6.61309271539571E-16));
#7347=CARTESIAN_POINT('',(-3.6,3.92688346023029,-11.7617849958996));
#7348=CARTESIAN_POINT('',(-3.6,5.49426299627566,-11.1163426596951));
#7349=CARTESIAN_POINT('',(-3.6,5.02716029502284,-13.6675203761514));
#7350=CARTESIAN_POINT('',(-3.6,3.26185174037423,-10.609916268464));
#7351=CARTESIAN_POINT('',(-3.6,0.,0.));
#7352=CARTESIAN_POINT('',(-3.6,4.84274649528473,-9.98788297800928));
#7353=CARTESIAN_POINT('',(-3.6,6.48217967697245,-12.8274645443067));
#7354=CARTESIAN_POINT('',(-3.10435997537047,9.41799922417752,11.1324683384357));
#7355=CARTESIAN_POINT('',(-1.89662667921183,0.,-3.48404668781136E-16));
#7356=CARTESIAN_POINT('',(-2.09369598987525,6.56239467789043,10.5211680003503));
#7357=CARTESIAN_POINT('',(-3.10435997537047,8.30624792654655,9.2068586055582));
#7358=CARTESIAN_POINT('',(-2.09369598987525,7.54099662552417,12.2161562940378));
#7359=CARTESIAN_POINT('',(-2.09369598987525,5.91197253814481,9.39460380794324));
#7360=CARTESIAN_POINT('',(-1.89662667921183,0.,0.));
#7361=CARTESIAN_POINT('',(-3.10435997537047,7.63980242855506,8.05254114256141));
#7362=CARTESIAN_POINT('',(-3.10435997537047,9.41799922417752,11.1324683384357));
#7363=CARTESIAN_POINT('',(-3.6,7.86782032302755,12.0274645443067));
#7364=CARTESIAN_POINT('',(-3.6,0.,-6.61309271539571E-16));
#7365=CARTESIAN_POINT('',(-3.6,8.22256287018459,9.28167333221019));
#7366=CARTESIAN_POINT('',(-3.6,6.87990364233076,10.3163426596951));
#7367=CARTESIAN_POINT('',(-3.6,9.32283970497715,11.187408712462));
#7368=CARTESIAN_POINT('',(-3.6,7.55753115032853,8.12980460477458));
#7369=CARTESIAN_POINT('',(-3.6,0.,0.));
#7370=CARTESIAN_POINT('',(-3.6,6.22838714133983,9.18788297800928));
#7371=CARTESIAN_POINT('',(-3.6,7.86782032302755,12.0274645443067));
#7372=CARTESIAN_POINT('',(-17.5,0.,0.));
#7373=CARTESIAN_POINT('',(-18.2559,-9.55,-3.90886952967223));
#7374=CARTESIAN_POINT('',(-17.8381677292737,-9.55,-2.80610074475802));
#7375=CARTESIAN_POINT('',(-17.561456925733,-9.55,-1.67492282580937));
#7376=CARTESIAN_POINT('',(-17.5,-9.55,-0.500381464484828));
#7377=CARTESIAN_POINT('',(-17.5,-9.55,-0.500381464484827));
#7378=CARTESIAN_POINT('',(-17.5,9.55,-0.500381464484827));
#7379=CARTESIAN_POINT('',(-17.5613653642027,9.55,-1.67317293670873));
#7380=CARTESIAN_POINT('',(-17.8376246925656,9.55,-2.80466718557983));
#7381=CARTESIAN_POINT('',(-18.2559,9.55,-3.90886952967223));
#7382=CARTESIAN_POINT('',(-17.5,9.55,-0.500381464484827));
#7383=CARTESIAN_POINT('',(-17.5,0.,0.));
#7384=CARTESIAN_POINT('',(-17.5,0.,0.));
#7385=CARTESIAN_POINT('',(-17.5,-9.55,0.500381464484827));
#7386=CARTESIAN_POINT('',(-17.5613653642027,-9.55,1.67317293670873));
#7387=CARTESIAN_POINT('',(-17.8376246925656,-9.55,2.80466718557983));
#7388=CARTESIAN_POINT('',(-18.2559,-9.55,3.90886952967223));
#7389=CARTESIAN_POINT('',(-17.5,-9.55,0.500381464484827));
#7390=CARTESIAN_POINT('',(-17.5,0.,0.));
#7391=CARTESIAN_POINT('',(-17.5,9.55,0.500381464484827));
#7392=CARTESIAN_POINT('',(-18.2559,9.55,3.90886952967223));
#7393=CARTESIAN_POINT('',(-17.8381677292737,9.55,2.80610074475802));
#7394=CARTESIAN_POINT('',(-17.561456925733,9.55,1.67492282580937));
#7395=CARTESIAN_POINT('',(-17.5,9.55,0.500381464484828));
#7396=CARTESIAN_POINT('',(-23.6441,0.,0.));
#7397=CARTESIAN_POINT('',(-23.6441,-9.55,3.90886952967223));
#7398=CARTESIAN_POINT('',(-24.0618322707263,-9.55,2.80610074475802));
#7399=CARTESIAN_POINT('',(-24.338543074267,-9.55,1.67492282580937));
#7400=CARTESIAN_POINT('',(-24.4,-9.55,0.500381464484828));
#7401=CARTESIAN_POINT('',(-24.4,-9.55,0.500381464484827));
#7402=CARTESIAN_POINT('',(-24.4,9.55,0.500381464484827));
#7403=CARTESIAN_POINT('',(-24.3386346357973,9.55,1.67317293670873));
#7404=CARTESIAN_POINT('',(-24.0623753074344,9.55,2.80466718557983));
#7405=CARTESIAN_POINT('',(-23.6441,9.55,3.90886952967223));
#7406=CARTESIAN_POINT('',(-24.4,9.55,0.500381464484827));
#7407=CARTESIAN_POINT('',(-24.4,0.,0.));
#7408=CARTESIAN_POINT('',(-23.6441,0.,0.));
#7409=CARTESIAN_POINT('',(-24.4,-9.55,-0.500381464484827));
#7410=CARTESIAN_POINT('',(-24.3386346357973,-9.55,-1.67317293670873));
#7411=CARTESIAN_POINT('',(-24.0623753074344,-9.55,-2.80466718557983));
#7412=CARTESIAN_POINT('',(-23.6441,-9.55,-3.90886952967223));
#7413=CARTESIAN_POINT('',(-24.4,-9.55,-0.500381464484827));
#7414=CARTESIAN_POINT('',(-24.4,0.,0.));
#7415=CARTESIAN_POINT('',(-24.4,9.55,-0.500381464484827));
#7416=CARTESIAN_POINT('',(-23.6441,9.55,-3.90886952967223));
#7417=CARTESIAN_POINT('',(-24.0618322707263,9.55,-2.80610074475802));
#7418=CARTESIAN_POINT('',(-24.338543074267,9.55,-1.67492282580937));
#7419=CARTESIAN_POINT('',(-24.4,9.55,-0.500381464484828));
#7420=CARTESIAN_POINT('',(-25.,0.,0.));
#7421=CARTESIAN_POINT('',(-25.,-9.55,0.500381464484827));
#7422=CARTESIAN_POINT('',(-25.,-9.55,0.500381464484827));
#7423=CARTESIAN_POINT('',(-25.,9.55,0.500381464484827));
#7424=CARTESIAN_POINT('',(-25.,9.55,0.500381464484827));
#7425=CARTESIAN_POINT('',(-25.,0.,0.));
#7426=CARTESIAN_POINT('',(-25.,0.,0.));
#7427=CARTESIAN_POINT('',(-25.,-9.55,-0.500381464484827));
#7428=CARTESIAN_POINT('',(-25.,-9.55,-0.500381464484827));
#7429=CARTESIAN_POINT('',(-25.,0.,0.));
#7430=CARTESIAN_POINT('',(-25.,9.55,-0.500381464484827));
#7431=CARTESIAN_POINT('',(-25.,9.55,-0.500381464484827));
#7432=CARTESIAN_POINT('',(-25.,0.,9.5631));
#7433=CARTESIAN_POINT('',(-25.,8.33,-0.450000000000003));
#7434=CARTESIAN_POINT('',(-25.,8.33,-0.450000000000003));
#7435=CARTESIAN_POINT('',(-25.,8.33,-0.450000000000003));
#7436=CARTESIAN_POINT('',(-25.,8.33,0.450000000000003));
#7437=CARTESIAN_POINT('',(-25.,8.33,0.450000000000003));
#7438=CARTESIAN_POINT('',(-25.,-9.55,9.5631));
#7439=CARTESIAN_POINT('',(-25.,9.55,9.5631));
#7440=CARTESIAN_POINT('',(0.,0.,0.));
#7441=CARTESIAN_POINT('',(0.,9.21571846612679E-16,3.60822483003176E-13));
#7442=CARTESIAN_POINT('',(0.,-0.900318822583308,-10.2906912312877));
#7443=CARTESIAN_POINT('',(0.,0.805487527571432,-10.2985479482754));
#7444=CARTESIAN_POINT('',(0.,-0.814906194690604,-9.31442042715782));
#7445=CARTESIAN_POINT('',(0.,-0.814906194690608,-9.31442042715782));
#7446=CARTESIAN_POINT('',(0.,-1.99493199737333E-14,-4.16333634234434E-14));
#7447=CARTESIAN_POINT('',(0.,-6.55633153832025,-6.66610956702837));
#7448=CARTESIAN_POINT('',(0.,-7.37138802549074,-7.23681826341188));
#7449=CARTESIAN_POINT('',(0.,-7.37138802549074,-7.23681826341188));
#7450=CARTESIAN_POINT('',(0.,2.4980018054066E-13,1.99493199737333E-13));
#7451=CARTESIAN_POINT('',(0.,-8.46184061750528,-5.92504458750631));
#7452=CARTESIAN_POINT('',(0.,-7.65907161410207,-5.36293967988228));
#7453=CARTESIAN_POINT('',(0.,-7.65907161410207,-5.36293967988228));
#7454=CARTESIAN_POINT('',(0.,-3.46944695195361E-15,0.));
#7455=CARTESIAN_POINT('',(0.,-7.16251554316245,6.01006415056914));
#7456=CARTESIAN_POINT('',(0.,-7.91323909741904,6.63999600806195));
#7457=CARTESIAN_POINT('',(0.,-7.91323909741904,6.63999600806195));
#7458=CARTESIAN_POINT('',(0.,3.20056481317721E-13,-3.13117587413814E-13));
#7459=CARTESIAN_POINT('',(0.,-6.71260739769338,7.85173878350726));
#7460=CARTESIAN_POINT('',(0.,-5.9503929868547,7.21216495249453));
#7461=CARTESIAN_POINT('',(0.,-5.9503929868547,7.21216495249453));
#7462=CARTESIAN_POINT('',(0.,-1.30104260698261E-15,0.));
#7463=CARTESIAN_POINT('',(0.,-2.41995807170857,9.03140647580279));
#7464=CARTESIAN_POINT('',(0.,-2.67360073590904,9.97801378556608));
#7465=CARTESIAN_POINT('',(0.,-2.67360073590904,9.97801378556608));
#7466=CARTESIAN_POINT('',(0.,-1.0842021724855E-14,7.11236625150491E-14));
#7467=CARTESIAN_POINT('',(0.,-0.995073721726545,10.2819613055258));
#7468=CARTESIAN_POINT('',(0.,-0.737548707677192,9.32086486887368));
#7469=CARTESIAN_POINT('',(0.,-0.73754870767719,9.32086486887368));
#7470=CARTESIAN_POINT('',(0.,-3.46944695195361E-15,-1.04083408558608E-14));
#7471=CARTESIAN_POINT('',(0.,9.20326029187483,1.65));
#7472=CARTESIAN_POINT('',(0.,10.1973722105256,1.65));
#7473=CARTESIAN_POINT('',(0.,10.1973722105256,1.65));
#7474=CARTESIAN_POINT('',(0.,3.46944695195361E-15,0.));
#7475=CARTESIAN_POINT('',(0.,10.1973722105256,-1.65));
#7476=CARTESIAN_POINT('',(0.,9.20326029187483,-1.65));
#7477=CARTESIAN_POINT('',(0.,9.20326029187483,-1.65));
#7478=CARTESIAN_POINT('',(0.,1.73472347597681E-15,-1.73472347597681E-15));
#7479=CARTESIAN_POINT('',(0.,0.892207513215,-9.30733397667467));
#7480=CARTESIAN_POINT('',(0.,0.805487527571432,-10.2985479482754));
#7481=CARTESIAN_POINT('',(0.,0.,0.));
#7482=CARTESIAN_POINT('',(0.,0.,11.1));
#7483=CARTESIAN_POINT('',(-11.3,0.,0.));
#7484=CARTESIAN_POINT('',(-3.6,7.55753115032853,8.12980460477458));
#7485=CARTESIAN_POINT('',(-3.6,7.64526745515158,8.04824423660466));
#7486=CARTESIAN_POINT('',(-3.41873752857024,7.81075323931226,7.88719122249049));
#7487=CARTESIAN_POINT('',(-3.15383553972236,7.71895856417104,7.97744221088162));
#7488=CARTESIAN_POINT('',(-3.10435997537047,7.63980242855506,8.05254114256141));
#7489=CARTESIAN_POINT('',(-2.09369598987525,5.91197253814481,9.39460380794324));
#7490=CARTESIAN_POINT('',(-1.93356281253739,5.62111637230032,9.57763799439492));
#7491=CARTESIAN_POINT('',(-2.04949217753042,4.86465812451121,9.99142803667993));
#7492=CARTESIAN_POINT('',(-3.29940378668099,4.47920290638403,10.155772941543));
#7493=CARTESIAN_POINT('',(-4.20766547437799,5.34997323300593,9.75254005342409));
#7494=CARTESIAN_POINT('',(-3.90301529193247,6.03978556483095,9.31573437062888));
#7495=CARTESIAN_POINT('',(-3.6,6.22838714133984,9.18788297800928));
#7496=CARTESIAN_POINT('',(-3.6,3.26185174037423,-10.609916268464));
#7497=CARTESIAN_POINT('',(-3.6,3.14735023718554,-10.64511795319));
#7498=CARTESIAN_POINT('',(-3.41873752857024,2.92513134352627,-10.7079063391813));
#7499=CARTESIAN_POINT('',(-3.15383553972236,3.04918832976025,-10.6735353127724));
#7500=CARTESIAN_POINT('',(-3.10435997537047,3.15380398020001,-10.6425335543034));
#7501=CARTESIAN_POINT('',(-2.09369598987525,5.17997928709646,-9.817220308481));
#7502=CARTESIAN_POINT('',(-1.93356281253739,5.48391962524688,-9.65684857323816));
#7503=CARTESIAN_POINT('',(-2.04949217753042,6.22050143759329,-9.20863153489303));
#7504=CARTESIAN_POINT('',(-3.29940378668099,6.55555590925086,-8.95698997640518));
#7505=CARTESIAN_POINT('',(-4.207665474378,5.77096082118753,-9.50948275606195));
#7506=CARTESIAN_POINT('',(-3.90301529193247,5.04776983745697,-9.88847491786859));
#7507=CARTESIAN_POINT('',(-3.6,4.84274649528473,-9.98788297800928));
#7508=CARTESIAN_POINT('',(-3.6,-10.8193828907028,2.48011166368945));
#7509=CARTESIAN_POINT('',(-3.6,-10.7926176923371,2.59687371658535));
#7510=CARTESIAN_POINT('',(-3.41873752857024,-10.7358845828385,2.82071511669077));
#7511=CARTESIAN_POINT('',(-3.15383553972236,-10.7681468939313,2.69609310189077));
#7512=CARTESIAN_POINT('',(-3.10435997537047,-10.7936064087551,2.58999241174203));
#7513=CARTESIAN_POINT('',(-2.09369598987525,-11.0919518252413,0.422616500537757));
#7514=CARTESIAN_POINT('',(-1.93356281253739,-11.1050359975472,0.0792105788432461));
#7515=CARTESIAN_POINT('',(-2.04949217753042,-11.0851595621045,-0.782796501786893));
#7516=CARTESIAN_POINT('',(-3.29940378668099,-11.0347588156349,-1.19878296513785));
#7517=CARTESIAN_POINT('',(-4.207665474378,-11.1209340541935,-0.243057297362135));
#7518=CARTESIAN_POINT('',(-3.90301529193247,-11.0875554022879,0.572740547239712));
#7519=CARTESIAN_POINT('',(-3.6,-11.0711336366246,0.8));
#7520=CARTESIAN_POINT('',(-11.3,0.,0.));
#7521=CARTESIAN_POINT('',(-11.3,0.,11.1));
#7522=CARTESIAN_POINT('',(-7.35,-0.814906194690604,-9.31442042715782));
#7523=CARTESIAN_POINT('',(-7.35,-0.900318822583308,-10.2906912312877));
#7524=CARTESIAN_POINT('',(-7.35,-0.900318822583308,-10.2906912312877));
#7525=CARTESIAN_POINT('',(-7.35,-0.814906194690604,-9.31442042715782));
#7526=CARTESIAN_POINT('',(-7.35,-0.814906194690608,-9.31442042715782));
#7527=CARTESIAN_POINT('',(-7.35,-0.814906194690608,-9.31442042715782));
#7528=CARTESIAN_POINT('',(-7.35,9.21571846612679E-16,3.60822483003176E-13));
#7529=CARTESIAN_POINT('',(-7.35,0.805487527571432,-10.2985479482754));
#7530=CARTESIAN_POINT('',(-7.35,0.805487527571432,-10.2985479482754));
#7531=CARTESIAN_POINT('',(-7.35,9.21571846612679E-16,3.60822483003176E-13));
#7532=CARTESIAN_POINT('',(-7.35,0.805487527571432,-10.2985479482754));
#7533=CARTESIAN_POINT('',(-7.35,0.892207513215,-9.30733397667467));
#7534=CARTESIAN_POINT('',(-7.35,0.892207513215,-9.30733397667467));
#7535=CARTESIAN_POINT('',(-7.35,0.805487527571432,-10.2985479482754));
#7536=CARTESIAN_POINT('',(-7.35,1.73472347597681E-15,-1.73472347597681E-15));
#7537=CARTESIAN_POINT('',(-7.35,9.20326029187483,-1.65));
#7538=CARTESIAN_POINT('',(-7.35,9.20326029187483,-1.65));
#7539=CARTESIAN_POINT('',(-7.35,1.73472347597681E-15,-1.73472347597681E-15));
#7540=CARTESIAN_POINT('',(-7.35,9.20326029187483,-1.65));
#7541=CARTESIAN_POINT('',(-7.35,10.1973722105256,-1.65));
#7542=CARTESIAN_POINT('',(-7.35,10.1973722105256,-1.65));
#7543=CARTESIAN_POINT('',(-7.35,9.20326029187483,-1.65));
#7544=CARTESIAN_POINT('',(-7.35,3.46944695195361E-15,0.));
#7545=CARTESIAN_POINT('',(-7.35,10.1973722105256,1.65));
#7546=CARTESIAN_POINT('',(-7.35,10.1973722105256,1.65));
#7547=CARTESIAN_POINT('',(-7.35,3.46944695195361E-15,0.));
#7548=CARTESIAN_POINT('',(-7.35,10.1973722105256,1.65));
#7549=CARTESIAN_POINT('',(-7.35,9.20326029187483,1.65));
#7550=CARTESIAN_POINT('',(-7.35,9.20326029187483,1.65));
#7551=CARTESIAN_POINT('',(-7.35,10.1973722105256,1.65));
#7552=CARTESIAN_POINT('',(-7.35,-3.46944695195361E-15,-1.04083408558608E-14));
#7553=CARTESIAN_POINT('',(-7.35,-0.73754870767719,9.32086486887368));
#7554=CARTESIAN_POINT('',(-7.35,-0.73754870767719,9.32086486887368));
#7555=CARTESIAN_POINT('',(-7.35,-3.46944695195361E-15,-1.04083408558608E-14));
#7556=CARTESIAN_POINT('',(-7.35,-0.737548707677192,9.32086486887368));
#7557=CARTESIAN_POINT('',(-7.35,-0.995073721726545,10.2819613055258));
#7558=CARTESIAN_POINT('',(-7.35,-0.995073721726545,10.2819613055258));
#7559=CARTESIAN_POINT('',(-7.35,-0.737548707677192,9.32086486887368));
#7560=CARTESIAN_POINT('',(-7.35,-1.0842021724855E-14,7.11236625150491E-14));
#7561=CARTESIAN_POINT('',(-7.35,-2.67360073590904,9.97801378556608));
#7562=CARTESIAN_POINT('',(-7.35,-2.67360073590904,9.97801378556608));
#7563=CARTESIAN_POINT('',(-7.35,-1.0842021724855E-14,7.11236625150491E-14));
#7564=CARTESIAN_POINT('',(-7.35,-2.67360073590904,9.97801378556608));
#7565=CARTESIAN_POINT('',(-7.35,-2.41995807170857,9.03140647580279));
#7566=CARTESIAN_POINT('',(-7.35,-2.41995807170857,9.03140647580279));
#7567=CARTESIAN_POINT('',(-7.35,-2.67360073590904,9.97801378556608));
#7568=CARTESIAN_POINT('',(-7.35,-1.30104260698261E-15,0.));
#7569=CARTESIAN_POINT('',(-7.35,-5.9503929868547,7.21216495249453));
#7570=CARTESIAN_POINT('',(-7.35,-5.9503929868547,7.21216495249453));
#7571=CARTESIAN_POINT('',(-7.35,-1.30104260698261E-15,0.));
#7572=CARTESIAN_POINT('',(-7.35,-5.9503929868547,7.21216495249453));
#7573=CARTESIAN_POINT('',(-7.35,-6.71260739769338,7.85173878350726));
#7574=CARTESIAN_POINT('',(-7.35,-6.71260739769338,7.85173878350726));
#7575=CARTESIAN_POINT('',(-7.35,-5.9503929868547,7.21216495249453));
#7576=CARTESIAN_POINT('',(-7.35,3.20056481317721E-13,-3.13117587413814E-13));
#7577=CARTESIAN_POINT('',(-7.35,-7.91323909741904,6.63999600806195));
#7578=CARTESIAN_POINT('',(-7.35,-7.91323909741904,6.63999600806195));
#7579=CARTESIAN_POINT('',(-7.35,3.20056481317721E-13,-3.13117587413814E-13));
#7580=CARTESIAN_POINT('',(-7.35,-7.91323909741904,6.63999600806195));
#7581=CARTESIAN_POINT('',(-7.35,-7.16251554316245,6.01006415056914));
#7582=CARTESIAN_POINT('',(-7.35,-7.16251554316245,6.01006415056914));
#7583=CARTESIAN_POINT('',(-7.35,-7.91323909741904,6.63999600806195));
#7584=CARTESIAN_POINT('',(-7.35,-3.46944695195361E-15,0.));
#7585=CARTESIAN_POINT('',(-7.35,-7.65907161410207,-5.36293967988228));
#7586=CARTESIAN_POINT('',(-7.35,-7.65907161410207,-5.36293967988228));
#7587=CARTESIAN_POINT('',(-7.35,-3.46944695195361E-15,0.));
#7588=CARTESIAN_POINT('',(-7.35,-7.65907161410207,-5.36293967988228));
#7589=CARTESIAN_POINT('',(-7.35,-8.46184061750528,-5.92504458750631));
#7590=CARTESIAN_POINT('',(-7.35,-8.46184061750528,-5.92504458750631));
#7591=CARTESIAN_POINT('',(-7.35,-7.65907161410207,-5.36293967988228));
#7592=CARTESIAN_POINT('',(-7.35,2.4980018054066E-13,1.99493199737333E-13));
#7593=CARTESIAN_POINT('',(-7.35,-7.37138802549074,-7.23681826341188));
#7594=CARTESIAN_POINT('',(-7.35,-7.37138802549074,-7.23681826341188));
#7595=CARTESIAN_POINT('',(-7.35,2.4980018054066E-13,1.99493199737333E-13));
#7596=CARTESIAN_POINT('',(-7.35,-7.37138802549074,-7.23681826341188));
#7597=CARTESIAN_POINT('',(-7.35,-6.55633153832025,-6.66610956702837));
#7598=CARTESIAN_POINT('',(-7.35,-6.55633153832025,-6.66610956702837));
#7599=CARTESIAN_POINT('',(-7.35,-7.37138802549074,-7.23681826341188));
#7600=CARTESIAN_POINT('',(-7.35,-1.99493199737333E-14,-4.16333634234434E-14));
#7601=CARTESIAN_POINT('',(-7.35,-1.99493199737333E-14,-4.16333634234434E-14));
#7602=CARTESIAN_POINT('',(-7.35,9.21571846612679E-16,3.60822483003176E-13));
#7603=CARTESIAN_POINT('',(-7.35,0.,0.));
#7604=CARTESIAN_POINT('',(-7.35,0.,8.6));
#7605=CARTESIAN_POINT('',(-13.1,-14.3,-12.8002265171033));
#7606=CARTESIAN_POINT('',(-11.3,-14.3,-12.8002265171033));
#7607=CARTESIAN_POINT('',(-11.3,-14.3,-12.8002265171033));
#7608=CARTESIAN_POINT('',(-11.3,-12.8002265171033,-14.3));
#7609=CARTESIAN_POINT('',(-13.1,-14.3,-12.8002265171033));
#7610=CARTESIAN_POINT('',(-13.1,-14.3,-12.8002265171033));
#7611=CARTESIAN_POINT('',(-13.1,-14.3,-12.8002265171033));
#7612=CARTESIAN_POINT('',(-13.1,-12.8002265171033,-14.3));
#7613=CARTESIAN_POINT('',(-13.1,-12.8002265171033,-14.3));
#7614=CARTESIAN_POINT('',(-13.1,-12.8002265171033,-14.3));
#7615=CARTESIAN_POINT('',(-11.3,-12.8002265171033,-14.3));
#7616=CARTESIAN_POINT('',(-11.3,12.8002265171033,-14.3));
#7617=CARTESIAN_POINT('',(-13.1,-12.8002265171033,-14.3));
#7618=CARTESIAN_POINT('',(-13.1,12.8002265171033,-14.3));
#7619=CARTESIAN_POINT('',(-13.1,12.8002265171033,-14.3));
#7620=CARTESIAN_POINT('',(-13.1,12.8002265171033,-14.3));
#7621=CARTESIAN_POINT('',(-11.3,12.8002265171033,-14.3));
#7622=CARTESIAN_POINT('',(-11.3,14.3,-12.8002265171033));
#7623=CARTESIAN_POINT('',(-13.1,12.8002265171033,-14.3));
#7624=CARTESIAN_POINT('',(-13.1,14.3,-12.8002265171033));
#7625=CARTESIAN_POINT('',(-13.1,14.3,-12.8002265171033));
#7626=CARTESIAN_POINT('',(-13.1,14.3,-12.8002265171033));
#7627=CARTESIAN_POINT('',(-11.3,14.3,-12.8002265171033));
#7628=CARTESIAN_POINT('',(-11.3,14.3,12.8002265171033));
#7629=CARTESIAN_POINT('',(-13.1,14.3,-12.8002265171033));
#7630=CARTESIAN_POINT('',(-13.1,14.3,12.8002265171033));
#7631=CARTESIAN_POINT('',(-13.1,14.3,12.8002265171033));
#7632=CARTESIAN_POINT('',(-13.1,14.3,12.8002265171033));
#7633=CARTESIAN_POINT('',(-11.3,14.3,12.8002265171033));
#7634=CARTESIAN_POINT('',(-11.3,12.8002265171033,14.3));
#7635=CARTESIAN_POINT('',(-13.1,14.3,12.8002265171033));
#7636=CARTESIAN_POINT('',(-13.1,12.8002265171033,14.3));
#7637=CARTESIAN_POINT('',(-13.1,12.8002265171033,14.3));
#7638=CARTESIAN_POINT('',(-13.1,12.8002265171033,14.3));
#7639=CARTESIAN_POINT('',(-11.3,12.8002265171033,14.3));
#7640=CARTESIAN_POINT('',(-11.3,-12.8002265171033,14.3));
#7641=CARTESIAN_POINT('',(-13.1,12.8002265171033,14.3));
#7642=CARTESIAN_POINT('',(-13.1,-12.8002265171033,14.3));
#7643=CARTESIAN_POINT('',(-13.1,-12.8002265171033,14.3));
#7644=CARTESIAN_POINT('',(-13.1,-12.8002265171033,14.3));
#7645=CARTESIAN_POINT('',(-11.3,-12.8002265171033,14.3));
#7646=CARTESIAN_POINT('',(-11.3,-14.3,12.8002265171033));
#7647=CARTESIAN_POINT('',(-13.1,-12.8002265171033,14.3));
#7648=CARTESIAN_POINT('',(-13.1,-14.3,12.8002265171033));
#7649=CARTESIAN_POINT('',(-13.1,-14.3,12.8002265171033));
#7650=CARTESIAN_POINT('',(-13.1,-11.5,11.5));
#7651=CARTESIAN_POINT('',(-13.1,-11.5,11.5));
#7652=CARTESIAN_POINT('',(-13.1,-11.5,13.1));
#7653=CARTESIAN_POINT('',(-11.3,-11.5,11.5));
#7654=CARTESIAN_POINT('',(-11.3,-11.5,13.1));
#7655=CARTESIAN_POINT('',(-13.1,11.5,11.5));
#7656=CARTESIAN_POINT('',(-13.1,11.5,11.5));
#7657=CARTESIAN_POINT('',(-13.1,11.5,13.1));
#7658=CARTESIAN_POINT('',(-11.3,11.5,11.5));
#7659=CARTESIAN_POINT('',(-11.3,11.5,13.1));
#7660=CARTESIAN_POINT('',(-13.1,-11.5,-11.5));
#7661=CARTESIAN_POINT('',(-13.1,-11.5,-11.5));
#7662=CARTESIAN_POINT('',(-13.1,-11.5,-9.9));
#7663=CARTESIAN_POINT('',(-11.3,-11.5,-11.5));
#7664=CARTESIAN_POINT('',(-11.3,-11.5,-9.9));
#7665=CARTESIAN_POINT('',(-13.1,11.5,-11.5));
#7666=CARTESIAN_POINT('',(-13.1,11.5,-11.5));
#7667=CARTESIAN_POINT('',(-13.1,11.5,-9.9));
#7668=CARTESIAN_POINT('',(-11.3,11.5,-11.5));
#7669=CARTESIAN_POINT('',(-11.3,11.5,-9.9));
#7670=CARTESIAN_POINT('',(-13.1,-14.3,12.8002265171033));
#7671=CARTESIAN_POINT('',(-11.3,-14.3,12.8002265171033));
#7672=CARTESIAN_POINT('',(-13.1,-14.3,12.8002265171033));
#7673=CARTESIAN_POINT('',(-13.1,0.,0.));
#7674=CARTESIAN_POINT('',(-13.1,0.,0.));
#7675=CARTESIAN_POINT('',(-13.1,0.,-10.35));
#7676=CARTESIAN_POINT('',(-11.3,0.,0.));
#7677=CARTESIAN_POINT('',(-25.,0.,0.));
#7678=CARTESIAN_POINT('',(-16.,0.,0.));
#7679=CARTESIAN_POINT('',(-16.,0.,10.35));
#7680=CARTESIAN_POINT('',(-16.,0.,10.35));
#7681=CARTESIAN_POINT('',(-16.,0.,0.));
#7682=CARTESIAN_POINT('',(-16.,0.,9.5631));
#7683=CARTESIAN_POINT('',(-25.,0.,0.));
#7684=CARTESIAN_POINT('',(-16.36,0.,0.));
#7685=CARTESIAN_POINT('',(-16.36,0.,9.5631));
#7686=CARTESIAN_POINT('',(-16.7,0.,0.));
#7687=CARTESIAN_POINT('',(-17.04,0.,0.));
#7688=CARTESIAN_POINT('',(-17.04,0.,9.5631));
#7689=CARTESIAN_POINT('',(-25.,0.,0.));
#7690=CARTESIAN_POINT('',(-17.5,0.,0.));
#7691=CARTESIAN_POINT('',(-17.5,0.,0.));
#7692=CARTESIAN_POINT('',(-34.,9.55,101.));
#7693=CARTESIAN_POINT('',(-17.5,9.55,101.));
#7694=CARTESIAN_POINT('',(-17.5,9.55,101.));
#7695=CARTESIAN_POINT('',(-17.5,-14.55,101.));
#7696=CARTESIAN_POINT('',(-17.5,-9.55,101.));
#7697=CARTESIAN_POINT('',(-17.5,-9.55,101.));
#7698=CARTESIAN_POINT('',(-3.34,-14.35,2.48011166368945));
#7699=CARTESIAN_POINT('',(-3.10435997537047,-12.1264974047381,2.58999241174203));
#7700=CARTESIAN_POINT('',(-3.15394430671032,-12.1037864690952,2.69632635344919));
#7701=CARTESIAN_POINT('',(-3.41782110239775,-12.0751584799842,2.82063237050384));
#7702=CARTESIAN_POINT('',(-3.6,-12.125545116603,2.59719772827709));
#7703=CARTESIAN_POINT('',(-3.6,-12.1494463304149,2.48011166368945));
#7704=CARTESIAN_POINT('',(-3.00000340673812,-14.35,-2.55504225898451E-6));
#7705=CARTESIAN_POINT('',(-3.6,-12.3741666386064,0.8));
#7706=CARTESIAN_POINT('',(-3.90304991337166,-12.3888608269262,0.572714581390686));
#7707=CARTESIAN_POINT('',(-4.20725020787646,-12.4187356739532,-0.241944519712417));
#7708=CARTESIAN_POINT('',(-3.30169135139207,-12.3416805798222,-1.19825289637256));
#7709=CARTESIAN_POINT('',(-2.04956872422318,-12.3866515957059,-0.783820323317268));
#7710=CARTESIAN_POINT('',(-1.93355482854998,-12.4045074444146,0.0791934571661457));
#7711=CARTESIAN_POINT('',(-2.09369598987525,-12.3927961047325,0.422616500537757));
#7712=CARTESIAN_POINT('',(-3.34,5.02716029502285,-13.6675203761514));
#7713=CARTESIAN_POINT('',(-3.10435997537047,3.8202494781915,-11.7968510173002));
#7714=CARTESIAN_POINT('',(-3.15394430671032,3.71680611556715,-11.8303497409434));
#7715=CARTESIAN_POINT('',(-3.41782110239774,3.59483995239903,-11.8677101836413));
#7716=CARTESIAN_POINT('',(-3.6,3.8135333469623,-11.7996289698511));
#7717=CARTESIAN_POINT('',(-3.6,3.92688346023029,-11.7617849958996));
#7718=CARTESIAN_POINT('',(-3.00000340673812,7.1750022127315,-12.4274632667856));
#7719=CARTESIAN_POINT('',(-3.6,5.49426299627566,-11.1163426596951));
#7720=CARTESIAN_POINT('',(-3.90304991337166,5.69844503686097,-11.0154254907633));
#7721=CARTESIAN_POINT('',(-4.20725020787645,6.41889793735398,-10.6339683166713));
#7722=CARTESIAN_POINT('',(-3.30169135139207,7.20855773832802,-10.0890824593328));
#7723=CARTESIAN_POINT('',(-2.04956872422318,6.87213410984824,-10.3352447880497));
#7724=CARTESIAN_POINT('',(-1.93355482854998,6.13367017648791,-10.7822152968793));
#7725=CARTESIAN_POINT('',(-2.09369598987525,5.83040142684208,-10.9437845008881));
#7726=CARTESIAN_POINT('',(-3.34,9.32283970497715,11.187408712462));
#7727=CARTESIAN_POINT('',(-3.10435997537047,8.30624792654655,9.2068586055582));
#7728=CARTESIAN_POINT('',(-3.15394430671033,8.38698035352806,9.13402338749421));
#7729=CARTESIAN_POINT('',(-3.41782110239774,8.48031852758513,9.04707781313746));
#7730=CARTESIAN_POINT('',(-3.6,8.31201176964069,9.20243124157399));
#7731=CARTESIAN_POINT('',(-3.6,8.22256287018459,9.28167333221019));
#7732=CARTESIAN_POINT('',(-3.00000340673812,7.17499778726849,12.4274658218278));
#7733=CARTESIAN_POINT('',(-3.6,6.87990364233076,10.3163426596951));
#7734=CARTESIAN_POINT('',(-3.90304991337166,6.69041579006518,10.4427109093726));
#7735=CARTESIAN_POINT('',(-4.20725020787646,5.99983773659922,10.8759128363837));
#7736=CARTESIAN_POINT('',(-3.30169135139207,5.13312284149418,11.2873353557054));
#7737=CARTESIAN_POINT('',(-2.04956872422318,5.51451748585767,11.119065111367));
#7738=CARTESIAN_POINT('',(-1.93355482854998,6.27083726792671,10.7030218397132));
#7739=CARTESIAN_POINT('',(-2.09369598987525,6.56239467789043,10.5211680003503));
#7740=CARTESIAN_POINT('',(-8.,0.,-1.46957615897682E-15));
#7741=CARTESIAN_POINT('',(-8.,0.,-1.46957615897682E-15));
#7742=CARTESIAN_POINT('',(-8.,0.,-1.46957615897682E-15));
#7743=CARTESIAN_POINT('',(-19.45,5.5,11.));
#7744=CARTESIAN_POINT('',(-19.45,6.,11.));
#7745=CARTESIAN_POINT('',(-19.45,6.,6.81515957259989));
#7746=CARTESIAN_POINT('',(-19.45,6.,6.8151595725999));
#7747=CARTESIAN_POINT('',(-19.2998385023601,6.,6.8151595725999));
#7748=CARTESIAN_POINT('',(-19.1652116485952,5.92994726580922,6.87728162349585));
#7749=CARTESIAN_POINT('',(-19.0801892198827,5.83651149595379,6.95568354352031));
#7750=CARTESIAN_POINT('',(-18.95,5.5,11.));
#7751=CARTESIAN_POINT('',(-18.95,-5.5,11.));
#7752=CARTESIAN_POINT('',(-18.95,-5.5,11.));
#7753=CARTESIAN_POINT('',(-19.45,-5.5,11.));
#7754=CARTESIAN_POINT('',(-19.0801892198827,-5.83651149595378,6.95568354352032));
#7755=CARTESIAN_POINT('',(-19.1656916100335,-5.9304747215308,6.87683903559442));
#7756=CARTESIAN_POINT('',(-19.3013885947483,-6.,6.81515957259991));
#7757=CARTESIAN_POINT('',(-19.45,-6.,6.81515957259991));
#7758=CARTESIAN_POINT('',(-19.45,-6.,6.8151595725999));
#7759=CARTESIAN_POINT('',(-19.45,-6.,11.));
#7760=CARTESIAN_POINT('',(-21.,-6.,11.));
#7761=CARTESIAN_POINT('',(-25.,-6.,6.8151595725999));
#7762=CARTESIAN_POINT('',(-21.,-6.00000000000002,6.81515957259988));
#7763=CARTESIAN_POINT('',(-21.,-6.,11.));
#7764=CARTESIAN_POINT('',(-21.,-5.5,11.));
#7765=CARTESIAN_POINT('',(-21.,-6.,6.8151595725999));
#7766=CARTESIAN_POINT('',(-21.1501614976399,-6.,6.8151595725999));
#7767=CARTESIAN_POINT('',(-21.2847883514048,-5.92994726580921,6.87728162349586));
#7768=CARTESIAN_POINT('',(-21.3698107801173,-5.83651149595378,6.95568354352032));
#7769=CARTESIAN_POINT('',(-21.5,-5.5,11.));
#7770=CARTESIAN_POINT('',(-21.5,5.5,11.));
#7771=CARTESIAN_POINT('',(-21.5,5.5,11.));
#7772=CARTESIAN_POINT('',(-21.,5.5,11.));
#7773=CARTESIAN_POINT('',(-21.3698107801173,5.83651149595378,6.95568354352032));
#7774=CARTESIAN_POINT('',(-21.2843083899665,5.9304747215308,6.87683903559441));
#7775=CARTESIAN_POINT('',(-21.1486114052517,6.,6.81515957259991));
#7776=CARTESIAN_POINT('',(-21.,6.,6.81515957259991));
#7777=CARTESIAN_POINT('',(-21.,6.,6.81515957259989));
#7778=CARTESIAN_POINT('',(-21.,6.,11.));
#7779=CARTESIAN_POINT('',(-19.45,6.,11.));
#7780=CARTESIAN_POINT('',(-25.,6.,6.8151595725999));
#7781=CARTESIAN_POINT('',(-19.45,6.,11.));
#7782=CARTESIAN_POINT('',(-19.45,6.,11.));
#7783=CARTESIAN_POINT('',(-19.45,6.,-6.8151595725999));
#7784=CARTESIAN_POINT('',(-25.,6.,-6.8151595725999));
#7785=CARTESIAN_POINT('',(-21.,6.,-6.81515957259989));
#7786=CARTESIAN_POINT('',(-21.,6.,11.));
#7787=CARTESIAN_POINT('',(-21.,5.5,11.));
#7788=CARTESIAN_POINT('',(-21.,6.,-6.8151595725999));
#7789=CARTESIAN_POINT('',(-21.1501614976399,6.,-6.8151595725999));
#7790=CARTESIAN_POINT('',(-21.2847883514048,5.92994726580922,-6.87728162349585));
#7791=CARTESIAN_POINT('',(-21.3698107801173,5.83651149595379,-6.95568354352031));
#7792=CARTESIAN_POINT('',(-21.5,5.5,11.));
#7793=CARTESIAN_POINT('',(-21.5,5.5,11.));
#7794=CARTESIAN_POINT('',(-21.5,-5.5,11.));
#7795=CARTESIAN_POINT('',(-21.,-5.5,11.));
#7796=CARTESIAN_POINT('',(-21.3698107801173,-5.83651149595377,-6.95568354352033));
#7797=CARTESIAN_POINT('',(-21.2843083899665,-5.9304747215308,-6.87683903559442));
#7798=CARTESIAN_POINT('',(-21.1486114052517,-6.,-6.81515957259991));
#7799=CARTESIAN_POINT('',(-21.,-6.,-6.81515957259991));
#7800=CARTESIAN_POINT('',(-21.,-6.,-6.8151595725999));
#7801=CARTESIAN_POINT('',(-21.,-6.,11.));
#7802=CARTESIAN_POINT('',(-21.,-6.,11.));
#7803=CARTESIAN_POINT('',(-25.,-6.,-6.8151595725999));
#7804=CARTESIAN_POINT('',(-19.45,-6.00000000000002,-6.81515957259988));
#7805=CARTESIAN_POINT('',(-19.45,-6.,11.));
#7806=CARTESIAN_POINT('',(-19.45,-5.5,11.));
#7807=CARTESIAN_POINT('',(-19.45,-6.,-6.8151595725999));
#7808=CARTESIAN_POINT('',(-19.2998385023601,-6.,-6.8151595725999));
#7809=CARTESIAN_POINT('',(-19.1652116485952,-5.92994726580921,-6.87728162349586));
#7810=CARTESIAN_POINT('',(-19.0801892198827,-5.83651149595378,-6.95568354352032));
#7811=CARTESIAN_POINT('',(-18.95,-5.5,11.));
#7812=CARTESIAN_POINT('',(-18.95,-5.5,11.));
#7813=CARTESIAN_POINT('',(-18.95,5.5,11.));
#7814=CARTESIAN_POINT('',(-19.45,5.5,11.));
#7815=CARTESIAN_POINT('',(-19.0801892198827,5.83651149595378,-6.95568354352032));
#7816=CARTESIAN_POINT('',(-19.1641985626483,5.92883393057742,-6.87821582267824));
#7817=CARTESIAN_POINT('',(-19.3001185364307,6.00000000000001,-6.8151595725999));
#7818=CARTESIAN_POINT('',(-19.45,6.00000000000001,-6.8151595725999));
#7819=CARTESIAN_POINT('',(5.,0.,0.));
#7820=CARTESIAN_POINT('',(-21.6,0.,0.));
#7821=CARTESIAN_POINT('',(-21.6,0.471546965748924,-8.99765210813871));
#7822=CARTESIAN_POINT('',(-21.6,4.505,-7.80288888809779));
#7823=CARTESIAN_POINT('',(-21.3,4.505,-7.80288888809779));
#7824=CARTESIAN_POINT('',(-21.3,4.505,-7.80288888809779));
#7825=CARTESIAN_POINT('',(-21.3,0.,0.));
#7826=CARTESIAN_POINT('',(-21.3,0.471546965748924,-8.99765210813871));
#7827=CARTESIAN_POINT('',(-21.3,0.471546965748924,-8.99765210813871));
#7828=CARTESIAN_POINT('',(-21.6,0.471546965748924,-8.99765210813871));
#7829=CARTESIAN_POINT('',(-21.6,0.,0.));
#7830=CARTESIAN_POINT('',(-21.6,0.441767641243547,-8.4294287467834));
#7831=CARTESIAN_POINT('',(-21.6,4.2204984197944,-7.31011769634806));
#7832=CARTESIAN_POINT('',(-21.6,4.505,-7.80288888809779));
#7833=CARTESIAN_POINT('',(-21.6,0.471546965748924,-8.99765210813871));
#7834=CARTESIAN_POINT('',(-21.6,0.,0.));
#7835=CARTESIAN_POINT('',(-21.0975624878279,0.,0.));
#7836=CARTESIAN_POINT('',(-21.0975624878279,4.1625,-7.20966148650545));
#7837=CARTESIAN_POINT('',(-21.0975624878279,0.435696835722507,-8.31359087683183));
#7838=CARTESIAN_POINT('',(-21.6,4.2204984197944,-7.31011769634806));
#7839=CARTESIAN_POINT('',(-21.6,0.441767641243547,-8.4294287467834));
#7840=CARTESIAN_POINT('',(5.,0.,0.));
#7841=CARTESIAN_POINT('',(-19.3,0.,0.));
#7842=CARTESIAN_POINT('',(-19.3,0.458649190044005,-8.75154788694548));
#7843=CARTESIAN_POINT('',(-19.3,4.38177901933187,-7.58946388902213));
#7844=CARTESIAN_POINT('',(-16.,4.38177901933187,-7.58946388902213));
#7845=CARTESIAN_POINT('',(-16.,0.458649190044005,-8.75154788694548));
#7846=CARTESIAN_POINT('',(-19.3,0.,0.));
#7847=CARTESIAN_POINT('',(-20.9,0.,0.));
#7848=CARTESIAN_POINT('',(-20.9,0.492481348246102,-9.39710392204054));
#7849=CARTESIAN_POINT('',(-20.9,4.705,-8.14929904961157));
#7850=CARTESIAN_POINT('',(-19.3,4.38177901933187,-7.58946388902213));
#7851=CARTESIAN_POINT('',(-19.3,0.458649190044005,-8.75154788694548));
#7852=CARTESIAN_POINT('',(5.,0.,0.));
#7853=CARTESIAN_POINT('',(-21.3,0.,0.));
#7854=CARTESIAN_POINT('',(-21.3,0.492481348246102,-9.39710392204054));
#7855=CARTESIAN_POINT('',(-21.3,4.705,-8.14929904961157));
#7856=CARTESIAN_POINT('',(-20.9,4.705,-8.14929904961157));
#7857=CARTESIAN_POINT('',(-20.9,0.492481348246102,-9.39710392204054));
#7858=CARTESIAN_POINT('',(-21.3,0.492481348246102,-9.39710392204054));
#7859=CARTESIAN_POINT('',(-21.3,0.492481348246102,-9.39710392204054));
#7860=CARTESIAN_POINT('',(-21.3,4.705,-8.14929904961157));
#7861=CARTESIAN_POINT('',(0.,1.6782102821881E-15,8.79512740594439E-17));
#7862=CARTESIAN_POINT('',(-23.9,0.435696835722507,-8.31359087683183));
#7863=CARTESIAN_POINT('',(0.,1.45536726752662E-15,8.40256683676266E-16));
#7864=CARTESIAN_POINT('',(-23.9,4.1625,-7.20966148650545));
#7865=CARTESIAN_POINT('',(-21.6,-4.2204984197944,7.31011769634806));
#7866=CARTESIAN_POINT('',(-21.6,0.,0.));
#7867=CARTESIAN_POINT('',(-21.6,-4.505,7.80288888809779));
#7868=CARTESIAN_POINT('',(-21.6,-0.471546965748924,8.99765210813871));
#7869=CARTESIAN_POINT('',(-21.6,-0.441767641243547,8.4294287467834));
#7870=CARTESIAN_POINT('',(-21.6,-0.441767641243547,8.4294287467834));
#7871=CARTESIAN_POINT('',(-21.6,0.,0.));
#7872=CARTESIAN_POINT('',(-21.6,-4.2204984197944,7.31011769634806));
#7873=CARTESIAN_POINT('',(-21.6,-4.2204984197944,7.31011769634806));
#7874=CARTESIAN_POINT('',(-5.,0.,0.));
#7875=CARTESIAN_POINT('',(-21.3,0.,0.));
#7876=CARTESIAN_POINT('',(-21.3,-4.505,7.80288888809779));
#7877=CARTESIAN_POINT('',(-21.3,-0.471546965748924,8.99765210813871));
#7878=CARTESIAN_POINT('',(-21.6,-0.471546965748924,8.99765210813871));
#7879=CARTESIAN_POINT('',(-21.6,-4.505,7.80288888809779));
#7880=CARTESIAN_POINT('',(-21.3,-4.505,7.80288888809779));
#7881=CARTESIAN_POINT('',(-21.3,0.,0.));
#7882=CARTESIAN_POINT('',(-21.3,-4.705,8.14929904961157));
#7883=CARTESIAN_POINT('',(-21.3,-0.492481348246101,9.39710392204054));
#7884=CARTESIAN_POINT('',(-21.3,-0.471546965748924,8.99765210813871));
#7885=CARTESIAN_POINT('',(-21.3,-4.505,7.80288888809779));
#7886=CARTESIAN_POINT('',(-5.,0.,0.));
#7887=CARTESIAN_POINT('',(-20.9,0.,0.));
#7888=CARTESIAN_POINT('',(-20.9,-4.705,8.14929904961157));
#7889=CARTESIAN_POINT('',(-20.9,-0.492481348246101,9.39710392204054));
#7890=CARTESIAN_POINT('',(-21.3,-0.492481348246101,9.39710392204054));
#7891=CARTESIAN_POINT('',(-21.3,-4.705,8.14929904961157));
#7892=CARTESIAN_POINT('',(-20.9,0.,0.));
#7893=CARTESIAN_POINT('',(-19.3,0.,0.));
#7894=CARTESIAN_POINT('',(-19.3,-4.38177901933187,7.58946388902213));
#7895=CARTESIAN_POINT('',(-19.3,-0.458649190044005,8.75154788694548));
#7896=CARTESIAN_POINT('',(-20.9,-0.492481348246101,9.39710392204054));
#7897=CARTESIAN_POINT('',(-20.9,-4.705,8.14929904961157));
#7898=CARTESIAN_POINT('',(-5.,0.,0.));
#7899=CARTESIAN_POINT('',(-19.3,-0.458649190044005,8.75154788694548));
#7900=CARTESIAN_POINT('',(-19.3,-4.38177901933187,7.58946388902213));
#7901=CARTESIAN_POINT('',(-19.3,0.,0.));
#7902=CARTESIAN_POINT('',(-21.0975624878279,0.,0.));
#7903=CARTESIAN_POINT('',(-21.0975624878279,-4.1625,7.20966148650545));
#7904=CARTESIAN_POINT('',(-21.0975624878279,-0.435696835722508,8.31359087683183));
#7905=CARTESIAN_POINT('',(-19.3,-3.955,6.85026094393491));
#7906=CARTESIAN_POINT('',(-19.3,-0.413977413881686,7.89915961990868));
#7907=CARTESIAN_POINT('',(0.,-1.45536726752662E-15,-8.40256683676266E-16));
#7908=CARTESIAN_POINT('',(-23.9,-4.1625,7.20966148650545));
#7909=CARTESIAN_POINT('',(0.,-1.6782102821881E-15,-8.7951274059444E-17));
#7910=CARTESIAN_POINT('',(-23.9,-0.435696835722508,8.31359087683183));
#7911=CARTESIAN_POINT('',(5.,0.,0.));
#7912=CARTESIAN_POINT('',(-21.6,0.,0.));
#7913=CARTESIAN_POINT('',(-21.6,-4.505,-7.80288888809779));
#7914=CARTESIAN_POINT('',(-21.6,-0.471546965748924,-8.99765210813871));
#7915=CARTESIAN_POINT('',(-21.3,-0.471546965748924,-8.99765210813871));
#7916=CARTESIAN_POINT('',(-21.3,-0.471546965748924,-8.99765210813871));
#7917=CARTESIAN_POINT('',(-21.3,0.,0.));
#7918=CARTESIAN_POINT('',(-21.3,-4.505,-7.80288888809779));
#7919=CARTESIAN_POINT('',(-21.3,-4.505,-7.80288888809779));
#7920=CARTESIAN_POINT('',(-21.6,-4.505,-7.80288888809779));
#7921=CARTESIAN_POINT('',(-21.6,0.,0.));
#7922=CARTESIAN_POINT('',(-21.6,-4.2204984197944,-7.31011769634806));
#7923=CARTESIAN_POINT('',(-21.6,-0.441767641243547,-8.4294287467834));
#7924=CARTESIAN_POINT('',(-21.6,-0.471546965748924,-8.99765210813871));
#7925=CARTESIAN_POINT('',(-21.6,-4.505,-7.80288888809779));
#7926=CARTESIAN_POINT('',(-21.6,0.,0.));
#7927=CARTESIAN_POINT('',(-21.0975624878279,0.,0.));
#7928=CARTESIAN_POINT('',(-21.0975624878279,-0.435696835722508,-8.31359087683183));
#7929=CARTESIAN_POINT('',(-21.0975624878279,-4.1625,-7.20966148650545));
#7930=CARTESIAN_POINT('',(-21.6,-0.441767641243547,-8.4294287467834));
#7931=CARTESIAN_POINT('',(-21.6,-4.2204984197944,-7.31011769634806));
#7932=CARTESIAN_POINT('',(5.,0.,0.));
#7933=CARTESIAN_POINT('',(-19.3,0.,0.));
#7934=CARTESIAN_POINT('',(-19.3,-4.38177901933187,-7.58946388902213));
#7935=CARTESIAN_POINT('',(-19.3,-0.458649190044005,-8.75154788694548));
#7936=CARTESIAN_POINT('',(-16.,-0.458649190044005,-8.75154788694548));
#7937=CARTESIAN_POINT('',(-16.,-4.38177901933187,-7.58946388902213));
#7938=CARTESIAN_POINT('',(-19.3,0.,0.));
#7939=CARTESIAN_POINT('',(-20.9,0.,0.));
#7940=CARTESIAN_POINT('',(-20.9,-4.705,-8.14929904961157));
#7941=CARTESIAN_POINT('',(-20.9,-0.492481348246101,-9.39710392204054));
#7942=CARTESIAN_POINT('',(-19.3,-0.458649190044005,-8.75154788694548));
#7943=CARTESIAN_POINT('',(-19.3,-4.38177901933187,-7.58946388902213));
#7944=CARTESIAN_POINT('',(5.,0.,0.));
#7945=CARTESIAN_POINT('',(-21.3,0.,0.));
#7946=CARTESIAN_POINT('',(-21.3,-4.705,-8.14929904961157));
#7947=CARTESIAN_POINT('',(-21.3,-0.492481348246101,-9.39710392204054));
#7948=CARTESIAN_POINT('',(-20.9,-0.492481348246101,-9.39710392204054));
#7949=CARTESIAN_POINT('',(-20.9,-4.705,-8.14929904961157));
#7950=CARTESIAN_POINT('',(-21.3,-4.705,-8.14929904961157));
#7951=CARTESIAN_POINT('',(-21.3,-4.705,-8.14929904961157));
#7952=CARTESIAN_POINT('',(-21.3,-0.492481348246101,-9.39710392204054));
#7953=CARTESIAN_POINT('',(0.,-1.45536726752662E-15,8.40256683676266E-16));
#7954=CARTESIAN_POINT('',(-23.9,-4.1625,-7.20966148650545));
#7955=CARTESIAN_POINT('',(0.,-1.6782102821881E-15,8.7951274059444E-17));
#7956=CARTESIAN_POINT('',(-23.9,-0.435696835722508,-8.31359087683183));
#7957=CARTESIAN_POINT('',(-21.6,0.441767641243547,8.4294287467834));
#7958=CARTESIAN_POINT('',(-21.6,0.,0.));
#7959=CARTESIAN_POINT('',(-21.6,0.471546965748924,8.99765210813871));
#7960=CARTESIAN_POINT('',(-21.6,4.505,7.80288888809779));
#7961=CARTESIAN_POINT('',(-21.6,4.2204984197944,7.31011769634806));
#7962=CARTESIAN_POINT('',(-21.6,4.2204984197944,7.31011769634806));
#7963=CARTESIAN_POINT('',(-21.6,0.,0.));
#7964=CARTESIAN_POINT('',(-21.6,0.441767641243547,8.4294287467834));
#7965=CARTESIAN_POINT('',(-21.6,0.441767641243547,8.4294287467834));
#7966=CARTESIAN_POINT('',(-5.,0.,0.));
#7967=CARTESIAN_POINT('',(-21.3,0.,0.));
#7968=CARTESIAN_POINT('',(-21.3,0.471546965748924,8.99765210813871));
#7969=CARTESIAN_POINT('',(-21.3,4.505,7.80288888809779));
#7970=CARTESIAN_POINT('',(-21.6,4.505,7.80288888809779));
#7971=CARTESIAN_POINT('',(-21.6,0.471546965748924,8.99765210813871));
#7972=CARTESIAN_POINT('',(-21.3,0.471546965748924,8.99765210813871));
#7973=CARTESIAN_POINT('',(-21.3,0.,0.));
#7974=CARTESIAN_POINT('',(-21.3,0.492481348246102,9.39710392204054));
#7975=CARTESIAN_POINT('',(-21.3,4.705,8.14929904961157));
#7976=CARTESIAN_POINT('',(-21.3,4.505,7.80288888809779));
#7977=CARTESIAN_POINT('',(-21.3,0.471546965748924,8.99765210813871));
#7978=CARTESIAN_POINT('',(-5.,0.,0.));
#7979=CARTESIAN_POINT('',(-20.9,0.,0.));
#7980=CARTESIAN_POINT('',(-20.9,0.492481348246102,9.39710392204054));
#7981=CARTESIAN_POINT('',(-20.9,4.705,8.14929904961157));
#7982=CARTESIAN_POINT('',(-21.3,4.705,8.14929904961157));
#7983=CARTESIAN_POINT('',(-21.3,0.492481348246102,9.39710392204054));
#7984=CARTESIAN_POINT('',(-20.9,0.,0.));
#7985=CARTESIAN_POINT('',(-19.3,0.,0.));
#7986=CARTESIAN_POINT('',(-19.3,0.458649190044005,8.75154788694548));
#7987=CARTESIAN_POINT('',(-19.3,4.38177901933187,7.58946388902213));
#7988=CARTESIAN_POINT('',(-20.9,4.705,8.14929904961157));
#7989=CARTESIAN_POINT('',(-20.9,0.492481348246102,9.39710392204054));
#7990=CARTESIAN_POINT('',(-5.,0.,0.));
#7991=CARTESIAN_POINT('',(-19.3,4.38177901933187,7.58946388902213));
#7992=CARTESIAN_POINT('',(-19.3,0.458649190044005,8.75154788694548));
#7993=CARTESIAN_POINT('',(-19.3,0.,0.));
#7994=CARTESIAN_POINT('',(-21.0975624878279,0.,0.));
#7995=CARTESIAN_POINT('',(-21.0975624878279,0.435696835722507,8.31359087683183));
#7996=CARTESIAN_POINT('',(-21.0975624878279,4.1625,7.20966148650545));
#7997=CARTESIAN_POINT('',(-19.3,0.413977413881686,7.89915961990868));
#7998=CARTESIAN_POINT('',(-19.3,3.955,6.85026094393491));
#7999=CARTESIAN_POINT('',(0.,1.6782102821881E-15,-8.79512740594439E-17));
#8000=CARTESIAN_POINT('',(-23.9,0.435696835722507,8.31359087683183));
#8001=CARTESIAN_POINT('',(0.,1.45536726752662E-15,-8.40256683676266E-16));
#8002=CARTESIAN_POINT('',(-23.9,4.1625,7.20966148650545));
#8003=CARTESIAN_POINT('',(-23.2,-2.60208521396521E-15,4.33680868994202E-16));
#8004=CARTESIAN_POINT('',(-23.2,5.83651149595378,6.95568354352032));
#8005=CARTESIAN_POINT('',(-23.2,-2.60208521396521E-15,4.33680868994202E-16));
#8006=CARTESIAN_POINT('',(-23.2,5.83651149595378,-6.95568354352032));
#8007=CARTESIAN_POINT('',(-23.2,5.83651149595378,-6.95568354352032));
#8008=CARTESIAN_POINT('',(-23.2,5.35120685064044,-6.37731998896549));
#8009=CARTESIAN_POINT('',(-23.2,5.35120685064044,-6.37731998896549));
#8010=CARTESIAN_POINT('',(-23.2,5.83651149595378,-6.95568354352032));
#8011=CARTESIAN_POINT('',(-23.2,5.35120685064044,6.37731998896549));
#8012=CARTESIAN_POINT('',(-23.2,5.35120685064044,6.37731998896549));
#8013=CARTESIAN_POINT('',(-23.2,5.35120685064044,6.37731998896549));
#8014=CARTESIAN_POINT('',(-23.2,5.35120685064044,6.37731998896549));
#8015=CARTESIAN_POINT('',(-23.2,-2.60208521396521E-15,4.33680868994202E-16));
#8016=CARTESIAN_POINT('',(-23.2,8.33,-0.75));
#8017=CARTESIAN_POINT('',(-23.2,8.33,-0.75));
#8018=CARTESIAN_POINT('',(-23.2,-6.93889390390723E-15,4.33680868994202E-16));
#8019=CARTESIAN_POINT('',(-23.2,8.33,0.75));
#8020=CARTESIAN_POINT('',(-23.2,8.33,0.75));
#8021=CARTESIAN_POINT('',(-23.2,8.33,0.75));
#8022=CARTESIAN_POINT('',(-23.2,-8.67361737988404E-16,-8.67361737988404E-16));
#8023=CARTESIAN_POINT('',(-23.2,-5.83651149595378,6.95568354352032));
#8024=CARTESIAN_POINT('',(-23.2,-5.35120685064044,-6.3773199889655));
#8025=CARTESIAN_POINT('',(-23.2,-5.83651149595377,-6.95568354352033));
#8026=CARTESIAN_POINT('',(-23.2,-5.35120685064044,-6.3773199889655));
#8027=CARTESIAN_POINT('',(-23.2,-5.35120685064044,-6.37731998896549));
#8028=CARTESIAN_POINT('',(-23.2,-5.35120685064044,-6.37731998896549));
#8029=CARTESIAN_POINT('',(-23.2,-8.67361737988404E-16,-8.67361737988404E-16));
#8030=CARTESIAN_POINT('',(-23.2,-5.83651149595377,6.95568354352033));
#8031=CARTESIAN_POINT('',(-23.2,-5.35120685064044,6.3773199889655));
#8032=CARTESIAN_POINT('',(-23.2,-5.35120685064044,6.37731998896549));
#8033=CARTESIAN_POINT('',(-23.2,-5.83651149595377,6.95568354352033));
#8034=CARTESIAN_POINT('',(-23.2,-8.67361737988404E-16,-8.67361737988404E-16));
#8035=CARTESIAN_POINT('',(-23.2,2.60208521396521E-15,-8.67361737988404E-16));
#8036=CARTESIAN_POINT('',(-24.7,8.33,-0.75));
#8037=CARTESIAN_POINT('',(-24.7,8.33,-0.75));
#8038=CARTESIAN_POINT('',(-24.7,8.33,-0.75));
#8039=CARTESIAN_POINT('',(-24.7,8.33,-0.75));
#8040=CARTESIAN_POINT('',(-25.,8.33,0.450000000000003));
#8041=CARTESIAN_POINT('',(-25.,8.33,0.450000000000003));
#8042=CARTESIAN_POINT('',(-24.7,8.33,0.75));
#8043=CARTESIAN_POINT('',(-24.7,8.33,0.75));
#8044=CARTESIAN_POINT('',(-23.2,8.33,-0.75));
#8045=CARTESIAN_POINT('',(-23.2,8.33,-0.75));
#8046=CARTESIAN_POINT('',(-24.7,8.33,0.75));
#8047=CARTESIAN_POINT('',(-24.7,8.33,0.75));
#8048=CARTESIAN_POINT('',(0.,8.33,0.));
#8049=CARTESIAN_POINT('',(-23.9,0.,0.));
#8050=CARTESIAN_POINT('',(-23.9,0.,0.));
#8051=CARTESIAN_POINT('',(-23.9,0.,-8.325));
#8052=CARTESIAN_POINT('',(-23.9,0.,0.));
#8053=CARTESIAN_POINT('',(-23.9,-5.,0.));
#8054=CARTESIAN_POINT('',(-23.9,-5.,1.675));
#8055=CARTESIAN_POINT('',(-23.9,5.,0.));
#8056=CARTESIAN_POINT('',(-23.9,5.,1.675));
#8057=CARTESIAN_POINT('',(-23.9,0.,3.5));
#8058=CARTESIAN_POINT('',(-23.9,0.,5.75));
#8059=CARTESIAN_POINT('',(-23.9,0.,-3.5));
#8060=CARTESIAN_POINT('',(-23.9,0.,-1.25));
#8061=CARTESIAN_POINT('',(-23.9,6.83,2.44));
#8062=CARTESIAN_POINT('',(-23.9,6.83,1.69));
#8063=CARTESIAN_POINT('',(-23.9,6.83,-2.44));
#8064=CARTESIAN_POINT('',(-23.9,6.83,-3.19));
#8065=CARTESIAN_POINT('',(-23.9,3.23,-6.05));
#8066=CARTESIAN_POINT('',(-23.9,3.23,-6.8));
#8067=CARTESIAN_POINT('',(-23.9,3.23,6.05));
#8068=CARTESIAN_POINT('',(-23.9,3.23,5.3));
#8069=CARTESIAN_POINT('',(-23.9,-1.09,-7.03));
#8070=CARTESIAN_POINT('',(-23.9,-1.09,-7.78));
#8071=CARTESIAN_POINT('',(-23.9,-1.09,7.03));
#8072=CARTESIAN_POINT('',(-23.9,-1.09,6.28));
#8073=CARTESIAN_POINT('',(-23.9,-5.49,-4.31));
#8074=CARTESIAN_POINT('',(-23.9,-5.49,-5.06));
#8075=CARTESIAN_POINT('',(-23.9,-5.49,4.31));
#8076=CARTESIAN_POINT('',(-23.9,-5.49,3.56));
#8077=CARTESIAN_POINT('',(-23.9,-2.1,0.));
#8078=CARTESIAN_POINT('',(-23.9,-2.1,-0.75));
#8079=CARTESIAN_POINT('',(-23.9,2.1,0.));
#8080=CARTESIAN_POINT('',(-23.9,2.1,-0.75));
#8081=CARTESIAN_POINT('',(-23.9,4.05,-4.1));
#8082=CARTESIAN_POINT('',(-23.9,4.05,-4.1));
#8083=CARTESIAN_POINT('',(-23.9,4.05,-3.35));
#8084=CARTESIAN_POINT('',(-23.9,3.6375,-3.35));
#8085=CARTESIAN_POINT('',(-23.9,3.3,-3.11282917548737));
#8086=CARTESIAN_POINT('',(-23.9,2.9625,-3.35));
#8087=CARTESIAN_POINT('',(-23.9,2.55,-3.35));
#8088=CARTESIAN_POINT('',(-23.9,2.55,-3.35));
#8089=CARTESIAN_POINT('',(-23.9,2.55,-4.1));
#8090=CARTESIAN_POINT('',(-23.9,2.55,-4.1));
#8091=CARTESIAN_POINT('',(-23.9,4.04,3.515));
#8092=CARTESIAN_POINT('',(-23.9,4.04,3.515));
#8093=CARTESIAN_POINT('',(-23.9,4.04,3.68));
#8094=CARTESIAN_POINT('',(-23.9,4.04,3.68));
#8095=CARTESIAN_POINT('',(-23.9,2.54,4.235));
#8096=CARTESIAN_POINT('',(-23.9,2.54,4.235));
#8097=CARTESIAN_POINT('',(-23.9,2.54,4.07506173065836));
#8098=CARTESIAN_POINT('',(-23.9,2.54,4.07506173065836));
#8099=CARTESIAN_POINT('',(-23.9,2.99,3.90856173065836));
#8100=CARTESIAN_POINT('',(-23.9,2.99,3.90856173065836));
#8101=CARTESIAN_POINT('',(-23.9,2.99,3.28643826934164));
#8102=CARTESIAN_POINT('',(-23.9,2.99,3.28643826934164));
#8103=CARTESIAN_POINT('',(-23.9,2.54,3.11993826934164));
#8104=CARTESIAN_POINT('',(-23.9,2.54,3.11993826934164));
#8105=CARTESIAN_POINT('',(-23.9,2.54,2.96));
#8106=CARTESIAN_POINT('',(-23.9,2.54,2.96));
#8107=CARTESIAN_POINT('',(-23.9,-4.81969146385222,2.52326076449603));
#8108=CARTESIAN_POINT('',(-23.9,-4.565,1.98));
#8109=CARTESIAN_POINT('',(-23.9,-4.22,2.5425));
#8110=CARTESIAN_POINT('',(-23.9,-4.81969146385223,2.56173923550397));
#8111=CARTESIAN_POINT('',(-23.9,-4.55583972827311,3.10061052035026));
#8112=CARTESIAN_POINT('',(-23.9,-4.65478412911527,2.8985337885329));
#8113=CARTESIAN_POINT('',(-23.9,-4.82199171484769,3.04908817496364));
#8114=CARTESIAN_POINT('',(-23.9,-4.82199171484769,3.04908817496364));
#8115=CARTESIAN_POINT('',(-23.9,-5.555,2.235));
#8116=CARTESIAN_POINT('',(-23.9,-5.555,2.235));
#8117=CARTESIAN_POINT('',(-23.9,-5.555,3.105));
#8118=CARTESIAN_POINT('',(-23.9,-5.555,3.105));
#8119=CARTESIAN_POINT('',(-23.9,-5.72,3.105));
#8120=CARTESIAN_POINT('',(-23.9,-5.72,3.105));
#8121=CARTESIAN_POINT('',(-23.9,-5.72,1.98));
#8122=CARTESIAN_POINT('',(-23.9,-5.72,1.98));
#8123=CARTESIAN_POINT('',(-23.9,-5.555,1.98));
#8124=CARTESIAN_POINT('',(-23.9,-5.555,1.98));
#8125=CARTESIAN_POINT('',(-23.9,-4.72997291327003,2.89628540759538));
#8126=CARTESIAN_POINT('',(-23.9,-4.61850118944842,2.79591581664155));
#8127=CARTESIAN_POINT('',(-23.9,-4.50410334754746,2.89293712238623));
#8128=CARTESIAN_POINT('',(-23.9,-4.96169475056427,2.50485194116301));
#8129=CARTESIAN_POINT('',(-23.9,-4.37,2.60433722728432));
#8130=CARTESIAN_POINT('',(-23.9,-4.37,2.60433722728432));
#8131=CARTESIAN_POINT('',(-23.9,-4.37,2.54250000000003));
#8132=CARTESIAN_POINT('',(-23.9,-4.96920283655073,2.57341861364216));
#8133=CARTESIAN_POINT('',(-23.9,-4.565,2.13));
#8134=CARTESIAN_POINT('',(-23.9,-4.565,2.13));
#8135=CARTESIAN_POINT('',(-23.9,5.50866989749967,1.9675));
#8136=CARTESIAN_POINT('',(-23.9,5.50866989749967,1.9675));
#8137=CARTESIAN_POINT('',(-23.9,5.75,2.17));
#8138=CARTESIAN_POINT('',(-23.9,5.75,2.17));
#8139=CARTESIAN_POINT('',(-23.9,5.75,2.3575));
#8140=CARTESIAN_POINT('',(-23.9,5.75,2.3575));
#8141=CARTESIAN_POINT('',(-23.9,4.25,2.3575));
#8142=CARTESIAN_POINT('',(-23.9,4.25,2.3575));
#8143=CARTESIAN_POINT('',(-23.9,4.25,2.17));
#8144=CARTESIAN_POINT('',(-23.9,4.25,2.17));
#8145=CARTESIAN_POINT('',(-23.9,5.49330556856803,2.17));
#8146=CARTESIAN_POINT('',(-23.9,5.49330556856803,2.17));
#8147=CARTESIAN_POINT('',(-23.9,5.25197546606771,1.9675));
#8148=CARTESIAN_POINT('',(-23.9,5.25197546606771,1.9675));
#8149=CARTESIAN_POINT('',(-24.1,5.75,2.17));
#8150=CARTESIAN_POINT('',(-24.1,5.75,2.17));
#8151=CARTESIAN_POINT('',(-24.1,5.75,2.17));
#8152=CARTESIAN_POINT('',(-24.1,5.75,2.17));
#8153=CARTESIAN_POINT('',(-24.1,5.75,2.3575));
#8154=CARTESIAN_POINT('',(-24.1,5.75,2.3575));
#8155=CARTESIAN_POINT('',(-24.1,5.75,2.3575));
#8156=CARTESIAN_POINT('',(-24.1,5.75,2.3575));
#8157=CARTESIAN_POINT('',(-24.1,4.25,2.3575));
#8158=CARTESIAN_POINT('',(-24.1,4.25,2.3575));
#8159=CARTESIAN_POINT('',(-24.1,4.25,2.3575));
#8160=CARTESIAN_POINT('',(-24.1,4.25,2.3575));
#8161=CARTESIAN_POINT('',(-24.1,4.25,2.17));
#8162=CARTESIAN_POINT('',(-24.1,4.25,2.17));
#8163=CARTESIAN_POINT('',(-24.1,4.25,2.17));
#8164=CARTESIAN_POINT('',(-24.1,4.25,2.17));
#8165=CARTESIAN_POINT('',(-24.1,5.49330556856803,2.17));
#8166=CARTESIAN_POINT('',(-24.1,5.49330556856803,2.17));
#8167=CARTESIAN_POINT('',(-24.1,5.49330556856803,2.17));
#8168=CARTESIAN_POINT('',(-24.1,5.49330556856803,2.17));
#8169=CARTESIAN_POINT('',(-24.1,5.25197546606771,1.9675));
#8170=CARTESIAN_POINT('',(-24.1,5.25197546606771,1.9675));
#8171=CARTESIAN_POINT('',(-24.1,5.25197546606771,1.9675));
#8172=CARTESIAN_POINT('',(-24.1,5.25197546606771,1.9675));
#8173=CARTESIAN_POINT('',(-24.1,5.50866989749967,1.9675));
#8174=CARTESIAN_POINT('',(-24.1,5.50866989749967,1.9675));
#8175=CARTESIAN_POINT('',(-24.1,5.50866989749967,1.9675));
#8176=CARTESIAN_POINT('',(-24.1,5.50866989749967,1.9675));
#8177=CARTESIAN_POINT('',(-24.1,0.,0.));
#8178=CARTESIAN_POINT('',(-24.1,-4.81969146385223,2.56173923550397));
#8179=CARTESIAN_POINT('',(-24.1,-4.22,2.5425));
#8180=CARTESIAN_POINT('',(-24.1,-4.22,2.5425));
#8181=CARTESIAN_POINT('',(-24.1,-4.81969146385223,2.56173923550397));
#8182=CARTESIAN_POINT('',(-24.1,-4.55583972827311,3.10061052035026));
#8183=CARTESIAN_POINT('',(-24.1,-4.55583972827311,3.10061052035026));
#8184=CARTESIAN_POINT('',(-24.1,-4.65478412911527,2.8985337885329));
#8185=CARTESIAN_POINT('',(-24.1,-4.65478412911527,2.8985337885329));
#8186=CARTESIAN_POINT('',(-24.1,-4.82199171484769,3.04908817496364));
#8187=CARTESIAN_POINT('',(-24.1,-4.82199171484769,3.04908817496364));
#8188=CARTESIAN_POINT('',(-24.1,-4.82199171484769,3.04908817496364));
#8189=CARTESIAN_POINT('',(-24.1,-4.82199171484769,3.04908817496364));
#8190=CARTESIAN_POINT('',(-24.1,-5.555,2.235));
#8191=CARTESIAN_POINT('',(-24.1,-5.555,2.235));
#8192=CARTESIAN_POINT('',(-24.1,-5.555,2.235));
#8193=CARTESIAN_POINT('',(-24.1,-5.555,2.235));
#8194=CARTESIAN_POINT('',(-24.1,-5.555,3.105));
#8195=CARTESIAN_POINT('',(-24.1,-5.555,3.105));
#8196=CARTESIAN_POINT('',(-24.1,-5.555,3.105));
#8197=CARTESIAN_POINT('',(-24.1,-5.555,3.105));
#8198=CARTESIAN_POINT('',(-24.1,-5.72,3.105));
#8199=CARTESIAN_POINT('',(-24.1,-5.72,3.105));
#8200=CARTESIAN_POINT('',(-24.1,-5.72,3.105));
#8201=CARTESIAN_POINT('',(-24.1,-5.72,3.105));
#8202=CARTESIAN_POINT('',(-24.1,-5.72,1.98));
#8203=CARTESIAN_POINT('',(-24.1,-5.72,1.98));
#8204=CARTESIAN_POINT('',(-24.1,-5.72,1.98));
#8205=CARTESIAN_POINT('',(-24.1,-5.72,1.98));
#8206=CARTESIAN_POINT('',(-24.1,-5.555,1.98));
#8207=CARTESIAN_POINT('',(-24.1,-5.555,1.98));
#8208=CARTESIAN_POINT('',(-24.1,-5.555,1.98));
#8209=CARTESIAN_POINT('',(-24.1,-5.555,1.98));
#8210=CARTESIAN_POINT('',(-24.1,-4.72997291327003,2.89628540759538));
#8211=CARTESIAN_POINT('',(-24.1,-4.72997291327003,2.89628540759538));
#8212=CARTESIAN_POINT('',(-24.1,-4.61850118944842,2.79591581664155));
#8213=CARTESIAN_POINT('',(-24.1,-4.61850118944842,2.79591581664155));
#8214=CARTESIAN_POINT('',(-24.1,-4.50410334754746,2.89293712238623));
#8215=CARTESIAN_POINT('',(-24.1,-4.50410334754746,2.89293712238623));
#8216=CARTESIAN_POINT('',(-24.1,-4.96169475056427,2.50485194116301));
#8217=CARTESIAN_POINT('',(-24.1,-4.96169475056427,2.50485194116301));
#8218=CARTESIAN_POINT('',(-24.1,-4.37,2.60433722728432));
#8219=CARTESIAN_POINT('',(-24.1,-4.37,2.60433722728432));
#8220=CARTESIAN_POINT('',(-24.1,-4.37,2.60433722728432));
#8221=CARTESIAN_POINT('',(-24.1,-4.37,2.60433722728432));
#8222=CARTESIAN_POINT('',(-24.1,-4.37,2.54250000000003));
#8223=CARTESIAN_POINT('',(-24.1,-4.37,2.54250000000003));
#8224=CARTESIAN_POINT('',(-24.1,-4.96920283655073,2.57341861364216));
#8225=CARTESIAN_POINT('',(-24.1,-4.96920283655073,2.57341861364216));
#8226=CARTESIAN_POINT('',(-24.1,-4.565,2.13));
#8227=CARTESIAN_POINT('',(-24.1,-4.565,2.13));
#8228=CARTESIAN_POINT('',(-24.1,-4.565,2.13));
#8229=CARTESIAN_POINT('',(-24.1,-4.565,2.13));
#8230=CARTESIAN_POINT('',(-24.1,-4.565,1.98));
#8231=CARTESIAN_POINT('',(-24.1,-4.565,1.98));
#8232=CARTESIAN_POINT('',(-24.1,-4.81969146385222,2.52326076449603));
#8233=CARTESIAN_POINT('',(-24.1,-4.81969146385222,2.52326076449603));
#8234=CARTESIAN_POINT('',(-24.1,-4.81969146385223,2.56173923550397));
#8235=CARTESIAN_POINT('',(-24.1,4.04,3.68));
#8236=CARTESIAN_POINT('',(-24.1,4.04,3.68));
#8237=CARTESIAN_POINT('',(-24.1,4.04,3.68));
#8238=CARTESIAN_POINT('',(-24.1,4.04,3.68));
#8239=CARTESIAN_POINT('',(-24.1,2.54,4.235));
#8240=CARTESIAN_POINT('',(-24.1,2.54,4.235));
#8241=CARTESIAN_POINT('',(-24.1,2.54,4.235));
#8242=CARTESIAN_POINT('',(-24.1,2.54,4.235));
#8243=CARTESIAN_POINT('',(-24.1,2.54,4.07506173065836));
#8244=CARTESIAN_POINT('',(-24.1,2.54,4.07506173065836));
#8245=CARTESIAN_POINT('',(-24.1,2.54,4.07506173065836));
#8246=CARTESIAN_POINT('',(-24.1,2.54,4.07506173065836));
#8247=CARTESIAN_POINT('',(-24.1,2.99,3.90856173065836));
#8248=CARTESIAN_POINT('',(-24.1,2.99,3.90856173065836));
#8249=CARTESIAN_POINT('',(-24.1,2.99,3.90856173065836));
#8250=CARTESIAN_POINT('',(-24.1,2.99,3.90856173065836));
#8251=CARTESIAN_POINT('',(-24.1,2.99,3.28643826934164));
#8252=CARTESIAN_POINT('',(-24.1,2.99,3.28643826934164));
#8253=CARTESIAN_POINT('',(-24.1,2.99,3.28643826934164));
#8254=CARTESIAN_POINT('',(-24.1,2.99,3.28643826934164));
#8255=CARTESIAN_POINT('',(-24.1,2.54,3.11993826934164));
#8256=CARTESIAN_POINT('',(-24.1,2.54,3.11993826934164));
#8257=CARTESIAN_POINT('',(-24.1,2.54,3.11993826934164));
#8258=CARTESIAN_POINT('',(-24.1,2.54,3.11993826934164));
#8259=CARTESIAN_POINT('',(-24.1,2.54,2.96));
#8260=CARTESIAN_POINT('',(-24.1,2.54,2.96));
#8261=CARTESIAN_POINT('',(-24.1,2.54,2.96));
#8262=CARTESIAN_POINT('',(-24.1,2.54,2.96));
#8263=CARTESIAN_POINT('',(-24.1,4.04,3.515));
#8264=CARTESIAN_POINT('',(-24.1,4.04,3.515));
#8265=CARTESIAN_POINT('',(-24.1,3.83070738015772,3.5975));
#8266=CARTESIAN_POINT('',(-23.9,3.83070738015772,3.5975));
#8267=CARTESIAN_POINT('',(-23.9,3.83070738015772,3.5975));
#8268=CARTESIAN_POINT('',(-23.9,3.14,3.85306173065836));
#8269=CARTESIAN_POINT('',(-24.1,3.14,3.85306173065836));
#8270=CARTESIAN_POINT('',(-24.1,3.14,3.85306173065836));
#8271=CARTESIAN_POINT('',(-24.1,3.83070738015772,3.5975));
#8272=CARTESIAN_POINT('',(-24.1,3.83070738015772,3.5975));
#8273=CARTESIAN_POINT('',(-24.1,3.83070738015772,3.5975));
#8274=CARTESIAN_POINT('',(-24.1,3.14,3.34193826934164));
#8275=CARTESIAN_POINT('',(-23.9,3.14,3.34193826934164));
#8276=CARTESIAN_POINT('',(-23.9,3.14,3.34193826934164));
#8277=CARTESIAN_POINT('',(-24.1,3.14,3.34193826934164));
#8278=CARTESIAN_POINT('',(-24.1,3.14,3.34193826934164));
#8279=CARTESIAN_POINT('',(-24.1,3.14,3.34193826934164));
#8280=CARTESIAN_POINT('',(-24.1,3.14,3.85306173065836));
#8281=CARTESIAN_POINT('',(-23.9,3.14,3.85306173065836));
#8282=CARTESIAN_POINT('',(-24.1,3.14,3.85306173065836));
#8283=CARTESIAN_POINT('',(-24.1,4.04,3.515));
#8284=CARTESIAN_POINT('',(-24.1,4.04,3.515));
#8285=CARTESIAN_POINT('',(-24.1,0.,0.));
#8286=CARTESIAN_POINT('',(-23.9,0.,0.));
#8287=CARTESIAN_POINT('',(-24.1,3.6375,-3.35));
#8288=CARTESIAN_POINT('',(-24.1,4.05,-3.35));
#8289=CARTESIAN_POINT('',(-24.1,4.05,-3.35));
#8290=CARTESIAN_POINT('',(-24.1,3.6375,-3.35));
#8291=CARTESIAN_POINT('',(-24.1,3.3,-3.11282917548737));
#8292=CARTESIAN_POINT('',(-24.1,3.3,-3.11282917548737));
#8293=CARTESIAN_POINT('',(-24.1,2.9625,-3.35));
#8294=CARTESIAN_POINT('',(-24.1,2.9625,-3.35));
#8295=CARTESIAN_POINT('',(-24.1,2.55,-3.35));
#8296=CARTESIAN_POINT('',(-24.1,2.55,-3.35));
#8297=CARTESIAN_POINT('',(-24.1,2.55,-3.35));
#8298=CARTESIAN_POINT('',(-24.1,2.55,-3.35));
#8299=CARTESIAN_POINT('',(-24.1,2.55,-4.1));
#8300=CARTESIAN_POINT('',(-24.1,2.55,-4.1));
#8301=CARTESIAN_POINT('',(-24.1,2.55,-4.1));
#8302=CARTESIAN_POINT('',(-24.1,2.55,-4.1));
#8303=CARTESIAN_POINT('',(-24.1,4.05,-4.1));
#8304=CARTESIAN_POINT('',(-24.1,4.05,-4.1));
#8305=CARTESIAN_POINT('',(-24.1,3.9,-3.95));
#8306=CARTESIAN_POINT('',(-23.9,3.9,-3.95));
#8307=CARTESIAN_POINT('',(-23.9,3.9,-3.95));
#8308=CARTESIAN_POINT('',(-23.9,3.9,-3.35));
#8309=CARTESIAN_POINT('',(-24.1,3.9,-3.35));
#8310=CARTESIAN_POINT('',(-24.1,3.9,-3.35));
#8311=CARTESIAN_POINT('',(-24.1,3.9,-3.95));
#8312=CARTESIAN_POINT('',(-24.1,3.9,-3.95));
#8313=CARTESIAN_POINT('',(-24.1,3.9,-3.95));
#8314=CARTESIAN_POINT('',(-24.1,3.375,-3.95));
#8315=CARTESIAN_POINT('',(-23.9,3.375,-3.95));
#8316=CARTESIAN_POINT('',(-23.9,3.375,-3.95));
#8317=CARTESIAN_POINT('',(-24.1,3.375,-3.95));
#8318=CARTESIAN_POINT('',(-24.1,3.375,-3.95));
#8319=CARTESIAN_POINT('',(-24.1,3.375,-3.95));
#8320=CARTESIAN_POINT('',(-24.1,3.375,-3.35));
#8321=CARTESIAN_POINT('',(-23.9,3.375,-3.35));
#8322=CARTESIAN_POINT('',(-23.9,3.375,-3.35));
#8323=CARTESIAN_POINT('',(-24.1,3.375,-3.35));
#8324=CARTESIAN_POINT('',(-24.1,3.375,-3.35));
#8325=CARTESIAN_POINT('',(-24.1,3.375,-3.35));
#8326=CARTESIAN_POINT('',(-24.1,3.225,-3.95));
#8327=CARTESIAN_POINT('',(-23.9,3.225,-3.95));
#8328=CARTESIAN_POINT('',(-23.9,3.225,-3.95));
#8329=CARTESIAN_POINT('',(-23.9,3.225,-3.35));
#8330=CARTESIAN_POINT('',(-24.1,3.225,-3.35));
#8331=CARTESIAN_POINT('',(-24.1,3.225,-3.35));
#8332=CARTESIAN_POINT('',(-24.1,3.225,-3.95));
#8333=CARTESIAN_POINT('',(-24.1,3.225,-3.95));
#8334=CARTESIAN_POINT('',(-24.1,3.225,-3.95));
#8335=CARTESIAN_POINT('',(-24.1,2.7,-3.95));
#8336=CARTESIAN_POINT('',(-23.9,2.7,-3.95));
#8337=CARTESIAN_POINT('',(-23.9,2.7,-3.95));
#8338=CARTESIAN_POINT('',(-24.1,2.7,-3.95));
#8339=CARTESIAN_POINT('',(-24.1,2.7,-3.95));
#8340=CARTESIAN_POINT('',(-24.1,2.7,-3.95));
#8341=CARTESIAN_POINT('',(-24.1,2.7,-3.35));
#8342=CARTESIAN_POINT('',(-23.9,2.7,-3.35));
#8343=CARTESIAN_POINT('',(-23.9,2.7,-3.35));
#8344=CARTESIAN_POINT('',(-24.1,2.7,-3.35));
#8345=CARTESIAN_POINT('',(-24.1,2.7,-3.35));
#8346=CARTESIAN_POINT('',(-24.1,2.7,-3.35));
#8347=CARTESIAN_POINT('',(-24.1,3.6375,-3.35));
#8348=CARTESIAN_POINT('',(-23.9,3.6375,-3.35));
#8349=CARTESIAN_POINT('',(-24.1,3.6375,-3.35));
#8350=CARTESIAN_POINT('',(-24.1,2.9625,-3.35));
#8351=CARTESIAN_POINT('',(-23.9,2.9625,-3.35));
#8352=CARTESIAN_POINT('',(-24.1,2.9625,-3.35));
#8353=CARTESIAN_POINT('',(-24.1,4.05,-4.1));
#8354=CARTESIAN_POINT('',(-24.1,4.05,-4.1));
#8355=CARTESIAN_POINT('',(-24.1,3.6375,-3.35));
#8356=CARTESIAN_POINT('',(-23.9,0.,0.));
#8357=CARTESIAN_POINT('',(-23.9,0.,0.));
#8358=CARTESIAN_POINT('',(-0.399999999999999,0.,0.));
#8359=CARTESIAN_POINT('',(-0.2,7.77,1.89));
#8360=CARTESIAN_POINT('',(-0.2,7.52866989749967,2.0925));
#8361=CARTESIAN_POINT('',(-0.2,7.52866989749967,2.0925));
#8362=CARTESIAN_POINT('',(-0.2,7.77,1.89));
#8363=CARTESIAN_POINT('',(-0.2,7.77,1.89));
#8364=CARTESIAN_POINT('',(-0.2,7.77,1.89));
#8365=CARTESIAN_POINT('',(-0.2,7.52866989749967,2.0925));
#8366=CARTESIAN_POINT('',(-0.2,7.2719754660677,2.0925));
#8367=CARTESIAN_POINT('',(-0.2,7.2719754660677,2.0925));
#8368=CARTESIAN_POINT('',(-0.2,7.52866989749967,2.0925));
#8369=CARTESIAN_POINT('',(-0.2,7.2719754660677,2.0925));
#8370=CARTESIAN_POINT('',(-0.2,7.51330556856803,1.89));
#8371=CARTESIAN_POINT('',(-0.2,7.51330556856803,1.89));
#8372=CARTESIAN_POINT('',(-0.2,7.2719754660677,2.0925));
#8373=CARTESIAN_POINT('',(-0.2,7.51330556856803,1.89));
#8374=CARTESIAN_POINT('',(-0.2,6.27,1.89));
#8375=CARTESIAN_POINT('',(-0.2,6.27,1.89));
#8376=CARTESIAN_POINT('',(-0.2,7.51330556856803,1.89));
#8377=CARTESIAN_POINT('',(-0.2,6.27,1.89));
#8378=CARTESIAN_POINT('',(-0.2,6.27,1.7025));
#8379=CARTESIAN_POINT('',(-0.2,6.27,1.7025));
#8380=CARTESIAN_POINT('',(-0.2,6.27,1.89));
#8381=CARTESIAN_POINT('',(-0.2,6.27,1.7025));
#8382=CARTESIAN_POINT('',(-0.2,7.77,1.7025));
#8383=CARTESIAN_POINT('',(-0.2,7.77,1.7025));
#8384=CARTESIAN_POINT('',(-0.2,6.27,1.7025));
#8385=CARTESIAN_POINT('',(-0.2,7.77,1.7025));
#8386=CARTESIAN_POINT('',(-0.2,7.77,1.7025));
#8387=CARTESIAN_POINT('',(-0.2,0.,0.));
#8388=CARTESIAN_POINT('',(-0.2,-6.57969146385222,2.45423923550397));
#8389=CARTESIAN_POINT('',(-0.2,-6.325,2.9975));
#8390=CARTESIAN_POINT('',(-0.2,-6.325,2.9975));
#8391=CARTESIAN_POINT('',(-0.2,-6.57969146385222,2.45423923550397));
#8392=CARTESIAN_POINT('',(-0.2,-5.98,2.435));
#8393=CARTESIAN_POINT('',(-0.2,-5.98,2.435));
#8394=CARTESIAN_POINT('',(-0.2,-6.325,2.9975));
#8395=CARTESIAN_POINT('',(-0.2,-6.325,2.8475));
#8396=CARTESIAN_POINT('',(-0.2,-6.325,2.8475));
#8397=CARTESIAN_POINT('',(-0.2,-6.325,2.9975));
#8398=CARTESIAN_POINT('',(-0.2,-6.72920283655073,2.40408138635784));
#8399=CARTESIAN_POINT('',(-0.2,-6.13,2.43499999999997));
#8400=CARTESIAN_POINT('',(-0.2,-6.13,2.43499999999997));
#8401=CARTESIAN_POINT('',(-0.2,-6.72920283655073,2.40408138635784));
#8402=CARTESIAN_POINT('',(-0.2,-6.13,2.43499999999997));
#8403=CARTESIAN_POINT('',(-0.2,-6.13,2.37316277271568));
#8404=CARTESIAN_POINT('',(-0.2,-6.13,2.37316277271568));
#8405=CARTESIAN_POINT('',(-0.2,-6.13,2.43499999999997));
#8406=CARTESIAN_POINT('',(-0.2,-6.72169475056431,2.472648058837));
#8407=CARTESIAN_POINT('',(-0.2,-6.26410334651895,2.08456287882648));
#8408=CARTESIAN_POINT('',(-0.2,-6.26410334651895,2.08456287882648));
#8409=CARTESIAN_POINT('',(-0.2,-6.72169475056431,2.472648058837));
#8410=CARTESIAN_POINT('',(-0.2,-6.37850118944841,2.18158418335845));
#8411=CARTESIAN_POINT('',(-0.2,-6.48997291327002,2.08121459240462));
#8412=CARTESIAN_POINT('',(-0.2,-6.48997291327002,2.08121459240462));
#8413=CARTESIAN_POINT('',(-0.2,-6.37850118944841,2.18158418335845));
#8414=CARTESIAN_POINT('',(-0.2,-6.48997291327002,2.08121459240462));
#8415=CARTESIAN_POINT('',(-0.2,-7.315,2.9975));
#8416=CARTESIAN_POINT('',(-0.2,-7.315,2.9975));
#8417=CARTESIAN_POINT('',(-0.2,-6.48997291327002,2.08121459240462));
#8418=CARTESIAN_POINT('',(-0.2,-7.315,2.9975));
#8419=CARTESIAN_POINT('',(-0.2,-7.48,2.9975));
#8420=CARTESIAN_POINT('',(-0.2,-7.48,2.9975));
#8421=CARTESIAN_POINT('',(-0.2,-7.315,2.9975));
#8422=CARTESIAN_POINT('',(-0.2,-7.48,2.9975));
#8423=CARTESIAN_POINT('',(-0.2,-7.48,1.8725));
#8424=CARTESIAN_POINT('',(-0.2,-7.48,1.8725));
#8425=CARTESIAN_POINT('',(-0.2,-7.48,2.9975));
#8426=CARTESIAN_POINT('',(-0.2,-7.48,1.8725));
#8427=CARTESIAN_POINT('',(-0.2,-7.315,1.8725));
#8428=CARTESIAN_POINT('',(-0.2,-7.315,1.8725));
#8429=CARTESIAN_POINT('',(-0.2,-7.48,1.8725));
#8430=CARTESIAN_POINT('',(-0.2,-7.315,1.8725));
#8431=CARTESIAN_POINT('',(-0.2,-7.315,2.7425));
#8432=CARTESIAN_POINT('',(-0.2,-7.315,2.7425));
#8433=CARTESIAN_POINT('',(-0.2,-7.315,1.8725));
#8434=CARTESIAN_POINT('',(-0.2,-7.315,2.7425));
#8435=CARTESIAN_POINT('',(-0.2,-6.58199171484769,1.92841182503636));
#8436=CARTESIAN_POINT('',(-0.2,-6.58199171484769,1.92841182503636));
#8437=CARTESIAN_POINT('',(-0.2,-7.315,2.7425));
#8438=CARTESIAN_POINT('',(-0.2,-6.41478412911527,2.0789662114671));
#8439=CARTESIAN_POINT('',(-0.2,-6.3158397282731,1.87688947964974));
#8440=CARTESIAN_POINT('',(-0.2,-6.3158397282731,1.87688947964974));
#8441=CARTESIAN_POINT('',(-0.2,-6.41478412911527,2.0789662114671));
#8442=CARTESIAN_POINT('',(-0.2,-6.57969146385223,2.41576076449603));
#8443=CARTESIAN_POINT('',(-0.2,-6.57969146385223,2.41576076449603));
#8444=CARTESIAN_POINT('',(-0.2,-6.57969146385222,2.45423923550397));
#8445=CARTESIAN_POINT('',(-0.2,3.02,-6.655));
#8446=CARTESIAN_POINT('',(-0.2,3.02,-5.905));
#8447=CARTESIAN_POINT('',(-0.2,3.02,-5.905));
#8448=CARTESIAN_POINT('',(-0.2,3.02,-6.655));
#8449=CARTESIAN_POINT('',(-0.2,3.02,-6.655));
#8450=CARTESIAN_POINT('',(-0.2,3.02,-6.655));
#8451=CARTESIAN_POINT('',(-0.2,3.02,-5.905));
#8452=CARTESIAN_POINT('',(-0.2,1.52,-5.905));
#8453=CARTESIAN_POINT('',(-0.2,1.52,-5.905));
#8454=CARTESIAN_POINT('',(-0.2,3.02,-5.905));
#8455=CARTESIAN_POINT('',(-0.2,1.52,-5.905));
#8456=CARTESIAN_POINT('',(-0.2,1.52,-6.655));
#8457=CARTESIAN_POINT('',(-0.2,1.52,-6.655));
#8458=CARTESIAN_POINT('',(-0.2,1.52,-5.905));
#8459=CARTESIAN_POINT('',(-0.2,1.9325,-6.655));
#8460=CARTESIAN_POINT('',(-0.2,2.27,-6.89217082451263));
#8461=CARTESIAN_POINT('',(-0.2,2.27,-6.89217082451263));
#8462=CARTESIAN_POINT('',(-0.2,1.9325,-6.655));
#8463=CARTESIAN_POINT('',(-0.2,2.87,-6.655));
#8464=CARTESIAN_POINT('',(-0.4,2.87,-6.655));
#8465=CARTESIAN_POINT('',(-0.399999999999999,2.87,-6.655));
#8466=CARTESIAN_POINT('',(-0.4,2.87,-6.055));
#8467=CARTESIAN_POINT('',(-0.2,2.87,-6.655));
#8468=CARTESIAN_POINT('',(-0.2,2.87,-6.655));
#8469=CARTESIAN_POINT('',(-0.2,2.87,-6.655));
#8470=CARTESIAN_POINT('',(-0.2,2.87,-6.055));
#8471=CARTESIAN_POINT('',(-0.2,2.87,-6.055));
#8472=CARTESIAN_POINT('',(-0.2,2.6075,-6.655));
#8473=CARTESIAN_POINT('',(-0.4,2.6075,-6.655));
#8474=CARTESIAN_POINT('',(-0.399999999999999,2.345,-6.655));
#8475=CARTESIAN_POINT('',(-0.2,2.345,-6.655));
#8476=CARTESIAN_POINT('',(-0.2,2.345,-6.655));
#8477=CARTESIAN_POINT('',(-0.2,2.6075,-6.655));
#8478=CARTESIAN_POINT('',(-0.2,2.345,-6.055));
#8479=CARTESIAN_POINT('',(-0.4,2.345,-6.055));
#8480=CARTESIAN_POINT('',(-0.399999999999999,2.345,-6.055));
#8481=CARTESIAN_POINT('',(-0.2,2.345,-6.055));
#8482=CARTESIAN_POINT('',(-0.2,2.345,-6.055));
#8483=CARTESIAN_POINT('',(-0.2,2.345,-6.055));
#8484=CARTESIAN_POINT('',(-0.2,2.195,-6.655));
#8485=CARTESIAN_POINT('',(-0.4,2.195,-6.655));
#8486=CARTESIAN_POINT('',(-0.399999999999999,2.195,-6.655));
#8487=CARTESIAN_POINT('',(-0.4,2.195,-6.055));
#8488=CARTESIAN_POINT('',(-0.2,2.195,-6.655));
#8489=CARTESIAN_POINT('',(-0.2,2.195,-6.655));
#8490=CARTESIAN_POINT('',(-0.2,2.195,-6.655));
#8491=CARTESIAN_POINT('',(-0.2,2.195,-6.055));
#8492=CARTESIAN_POINT('',(-0.2,2.195,-6.055));
#8493=CARTESIAN_POINT('',(-0.2,1.9325,-6.655));
#8494=CARTESIAN_POINT('',(-0.4,1.9325,-6.655));
#8495=CARTESIAN_POINT('',(-0.399999999999999,1.67,-6.655));
#8496=CARTESIAN_POINT('',(-0.2,1.67,-6.655));
#8497=CARTESIAN_POINT('',(-0.2,1.67,-6.655));
#8498=CARTESIAN_POINT('',(-0.2,1.9325,-6.655));
#8499=CARTESIAN_POINT('',(-0.2,1.67,-6.055));
#8500=CARTESIAN_POINT('',(-0.4,1.67,-6.055));
#8501=CARTESIAN_POINT('',(-0.399999999999999,1.67,-6.055));
#8502=CARTESIAN_POINT('',(-0.2,1.67,-6.055));
#8503=CARTESIAN_POINT('',(-0.2,1.67,-6.055));
#8504=CARTESIAN_POINT('',(-0.2,1.67,-6.055));
#8505=CARTESIAN_POINT('',(-0.2,2.87,-6.055));
#8506=CARTESIAN_POINT('',(-0.4,2.87,-6.055));
#8507=CARTESIAN_POINT('',(-0.2,2.87,-6.055));
#8508=CARTESIAN_POINT('',(-0.2,2.195,-6.055));
#8509=CARTESIAN_POINT('',(-0.4,2.195,-6.055));
#8510=CARTESIAN_POINT('',(-0.2,2.195,-6.055));
#8511=CARTESIAN_POINT('',(-0.2,2.6075,-6.655));
#8512=CARTESIAN_POINT('',(-0.2,2.6075,-6.655));
#8513=CARTESIAN_POINT('',(-0.2,1.9325,-6.655));
#8514=CARTESIAN_POINT('',(-0.399999999999999,0.,0.));
#8515=CARTESIAN_POINT('',(-0.399999999999999,0.,0.));
#8516=CARTESIAN_POINT('',(-0.2,2.49,6.8475));
#8517=CARTESIAN_POINT('',(-0.2,0.990000000000002,7.4025));
#8518=CARTESIAN_POINT('',(-0.2,0.990000000000002,7.4025));
#8519=CARTESIAN_POINT('',(-0.2,2.49,6.8475));
#8520=CARTESIAN_POINT('',(-0.2,2.49,6.8475));
#8521=CARTESIAN_POINT('',(-0.2,2.49,6.8475));
#8522=CARTESIAN_POINT('',(-0.2,0.990000000000002,7.4025));
#8523=CARTESIAN_POINT('',(-0.2,0.990000000000002,7.24256173065836));
#8524=CARTESIAN_POINT('',(-0.2,0.990000000000002,7.24256173065836));
#8525=CARTESIAN_POINT('',(-0.2,0.990000000000002,7.4025));
#8526=CARTESIAN_POINT('',(-0.2,0.990000000000002,7.24256173065836));
#8527=CARTESIAN_POINT('',(-0.2,1.44,7.07606173065836));
#8528=CARTESIAN_POINT('',(-0.2,1.44,7.07606173065836));
#8529=CARTESIAN_POINT('',(-0.2,0.990000000000002,7.24256173065836));
#8530=CARTESIAN_POINT('',(-0.2,1.44,7.07606173065836));
#8531=CARTESIAN_POINT('',(-0.2,1.44,6.45393826934164));
#8532=CARTESIAN_POINT('',(-0.2,1.44,6.45393826934164));
#8533=CARTESIAN_POINT('',(-0.2,1.44,7.07606173065836));
#8534=CARTESIAN_POINT('',(-0.2,1.44,6.45393826934164));
#8535=CARTESIAN_POINT('',(-0.2,0.990000000000002,6.28743826934164));
#8536=CARTESIAN_POINT('',(-0.2,0.990000000000002,6.28743826934164));
#8537=CARTESIAN_POINT('',(-0.2,1.44,6.45393826934164));
#8538=CARTESIAN_POINT('',(-0.2,0.990000000000002,6.28743826934164));
#8539=CARTESIAN_POINT('',(-0.2,0.990000000000002,6.1275));
#8540=CARTESIAN_POINT('',(-0.2,0.990000000000002,6.1275));
#8541=CARTESIAN_POINT('',(-0.2,0.990000000000002,6.28743826934164));
#8542=CARTESIAN_POINT('',(-0.2,0.990000000000002,6.1275));
#8543=CARTESIAN_POINT('',(-0.2,2.49,6.6825));
#8544=CARTESIAN_POINT('',(-0.2,2.49,6.6825));
#8545=CARTESIAN_POINT('',(-0.2,0.990000000000002,6.1275));
#8546=CARTESIAN_POINT('',(-0.2,2.28070738015772,6.765));
#8547=CARTESIAN_POINT('',(-0.4,2.28070738015772,6.765));
#8548=CARTESIAN_POINT('',(-0.399999999999999,2.28070738015772,6.765));
#8549=CARTESIAN_POINT('',(-0.4,1.59,7.02056173065836));
#8550=CARTESIAN_POINT('',(-0.2,2.28070738015772,6.765));
#8551=CARTESIAN_POINT('',(-0.2,2.28070738015772,6.765));
#8552=CARTESIAN_POINT('',(-0.2,2.28070738015772,6.765));
#8553=CARTESIAN_POINT('',(-0.2,1.59,7.02056173065836));
#8554=CARTESIAN_POINT('',(-0.2,1.59,7.02056173065836));
#8555=CARTESIAN_POINT('',(-0.2,1.59,6.50943826934164));
#8556=CARTESIAN_POINT('',(-0.4,1.59,6.50943826934164));
#8557=CARTESIAN_POINT('',(-0.399999999999999,1.59,6.50943826934164));
#8558=CARTESIAN_POINT('',(-0.2,1.59,6.50943826934164));
#8559=CARTESIAN_POINT('',(-0.2,1.59,6.50943826934164));
#8560=CARTESIAN_POINT('',(-0.2,1.59,6.50943826934164));
#8561=CARTESIAN_POINT('',(-0.2,1.59,7.02056173065836));
#8562=CARTESIAN_POINT('',(-0.4,1.59,7.02056173065836));
#8563=CARTESIAN_POINT('',(-0.2,1.59,7.02056173065836));
#8564=CARTESIAN_POINT('',(-0.2,2.49,6.6825));
#8565=CARTESIAN_POINT('',(-0.2,2.49,6.6825));
#8566=CARTESIAN_POINT('',(-0.2,0.,0.));
#8567=CARTESIAN_POINT('',(-0.399999999999999,0.,0.));
#8568=CARTESIAN_POINT('',(-1.4,2.1,0.));
#8569=CARTESIAN_POINT('',(-1.4,2.1,0.));
#8570=CARTESIAN_POINT('',(-1.4,2.1,-0.75));
#8571=CARTESIAN_POINT('',(-1.4,2.1,0.));
#8572=CARTESIAN_POINT('',(-1.4,-2.1,0.));
#8573=CARTESIAN_POINT('',(-1.4,-2.1,0.));
#8574=CARTESIAN_POINT('',(-1.4,-2.1,-0.75));
#8575=CARTESIAN_POINT('',(-1.4,-2.1,0.));
#8576=CARTESIAN_POINT('',(-1.4,-5.49,4.31));
#8577=CARTESIAN_POINT('',(-1.4,-5.49,4.31));
#8578=CARTESIAN_POINT('',(-1.4,-5.49,3.56));
#8579=CARTESIAN_POINT('',(-1.4,-5.49,4.31));
#8580=CARTESIAN_POINT('',(-1.4,-5.49,-4.31));
#8581=CARTESIAN_POINT('',(-1.4,-5.49,-4.31));
#8582=CARTESIAN_POINT('',(-1.4,-5.49,-5.06));
#8583=CARTESIAN_POINT('',(-1.4,-5.49,-4.31));
#8584=CARTESIAN_POINT('',(-1.4,-1.09,7.03));
#8585=CARTESIAN_POINT('',(-1.4,-1.09,7.03));
#8586=CARTESIAN_POINT('',(-1.4,-1.09,6.28));
#8587=CARTESIAN_POINT('',(-1.4,-1.09,7.03));
#8588=CARTESIAN_POINT('',(-1.4,-1.09,-7.03));
#8589=CARTESIAN_POINT('',(-1.4,-1.09,-7.03));
#8590=CARTESIAN_POINT('',(-1.4,-1.09,-7.78));
#8591=CARTESIAN_POINT('',(-1.4,-1.09,-7.03));
#8592=CARTESIAN_POINT('',(-1.4,3.23,6.05));
#8593=CARTESIAN_POINT('',(-1.4,3.23,6.05));
#8594=CARTESIAN_POINT('',(-1.4,3.23,5.3));
#8595=CARTESIAN_POINT('',(-1.4,3.23,6.05));
#8596=CARTESIAN_POINT('',(-1.4,3.23,-6.05));
#8597=CARTESIAN_POINT('',(-1.4,3.23,-6.05));
#8598=CARTESIAN_POINT('',(-1.4,3.23,-6.8));
#8599=CARTESIAN_POINT('',(-1.4,3.23,-6.05));
#8600=CARTESIAN_POINT('',(-1.4,6.83,-2.44));
#8601=CARTESIAN_POINT('',(-1.4,6.83,-2.44));
#8602=CARTESIAN_POINT('',(-1.4,6.83,-3.19));
#8603=CARTESIAN_POINT('',(-1.4,6.83,-2.44));
#8604=CARTESIAN_POINT('',(-1.4,6.83,2.44));
#8605=CARTESIAN_POINT('',(-1.4,6.83,2.44));
#8606=CARTESIAN_POINT('',(-1.4,6.83,1.69));
#8607=CARTESIAN_POINT('',(-1.4,6.83,2.44));
#8608=CARTESIAN_POINT('',(-23.9,0.,-3.5));
#8609=CARTESIAN_POINT('',(-6.6,0.,-3.5));
#8610=CARTESIAN_POINT('',(-6.6,0.,-1.25));
#8611=CARTESIAN_POINT('',(-6.6,0.,-1.25));
#8612=CARTESIAN_POINT('',(-6.6,0.,-3.5));
#8613=CARTESIAN_POINT('',(-6.6,0.,-1.66));
#8614=CARTESIAN_POINT('',(-23.9,0.,-3.5));
#8615=CARTESIAN_POINT('',(-9.45,0.,-3.5));
#8616=CARTESIAN_POINT('',(-9.45,0.,-1.66));
#8617=CARTESIAN_POINT('',(-9.45,0.,-1.66));
#8618=CARTESIAN_POINT('',(-9.45,0.,-3.5));
#8619=CARTESIAN_POINT('',(-9.45,0.,-1.25));
#8620=CARTESIAN_POINT('',(-23.9,0.,-3.5));
#8621=CARTESIAN_POINT('',(-23.9,0.,3.5));
#8622=CARTESIAN_POINT('',(-6.6,0.,3.5));
#8623=CARTESIAN_POINT('',(-6.6,0.,5.75));
#8624=CARTESIAN_POINT('',(-6.6,0.,5.75));
#8625=CARTESIAN_POINT('',(-6.6,0.,3.5));
#8626=CARTESIAN_POINT('',(-6.6,0.,5.34));
#8627=CARTESIAN_POINT('',(-23.9,0.,3.5));
#8628=CARTESIAN_POINT('',(-9.45,0.,3.5));
#8629=CARTESIAN_POINT('',(-9.45,0.,5.34));
#8630=CARTESIAN_POINT('',(-9.45,0.,5.34));
#8631=CARTESIAN_POINT('',(-9.45,0.,3.5));
#8632=CARTESIAN_POINT('',(-9.45,0.,5.75));
#8633=CARTESIAN_POINT('',(-23.9,0.,3.5));
#8634=CARTESIAN_POINT('',(-23.9,5.,0.));
#8635=CARTESIAN_POINT('',(-7.3,5.,0.));
#8636=CARTESIAN_POINT('',(-7.3,5.,1.675));
#8637=CARTESIAN_POINT('',(-7.3,3.325,0.));
#8638=CARTESIAN_POINT('',(-7.3,5.,0.));
#8639=CARTESIAN_POINT('',(-7.3,5.,1.35));
#8640=CARTESIAN_POINT('',(-23.9,5.,0.));
#8641=CARTESIAN_POINT('',(-11.05,5.,0.));
#8642=CARTESIAN_POINT('',(-11.05,5.,1.35));
#8643=CARTESIAN_POINT('',(-11.05,3.65,0.));
#8644=CARTESIAN_POINT('',(-11.05,5.,0.));
#8645=CARTESIAN_POINT('',(-11.05,5.,1.675));
#8646=CARTESIAN_POINT('',(-23.9,5.,0.));
#8647=CARTESIAN_POINT('',(-23.9,-5.,0.));
#8648=CARTESIAN_POINT('',(-7.3,-5.,0.));
#8649=CARTESIAN_POINT('',(-7.3,-5.,1.675));
#8650=CARTESIAN_POINT('',(-7.3,-6.675,0.));
#8651=CARTESIAN_POINT('',(-7.3,-5.,0.));
#8652=CARTESIAN_POINT('',(-7.3,-5.,1.35));
#8653=CARTESIAN_POINT('',(-23.9,-5.,0.));
#8654=CARTESIAN_POINT('',(-11.05,-5.,0.));
#8655=CARTESIAN_POINT('',(-11.05,-5.,1.35));
#8656=CARTESIAN_POINT('',(-11.05,-6.35,0.));
#8657=CARTESIAN_POINT('',(-11.05,-5.,0.));
#8658=CARTESIAN_POINT('',(-11.05,-5.,1.675));
#8659=CARTESIAN_POINT('',(-23.9,-5.,0.));
#8660=(
GEOMETRIC_REPRESENTATION_CONTEXT(3)
GLOBAL_UNCERTAINTY_ASSIGNED_CONTEXT((#8661))
GLOBAL_UNIT_ASSIGNED_CONTEXT((#8664,#8663,#8662))
REPRESENTATION_CONTEXT('RT00142SNH','TOP_LEVEL_ASSEMBLY_PART')
);
#8661=UNCERTAINTY_MEASURE_WITH_UNIT(LENGTH_MEASURE(1.E-5),#8664,
'DISTANCE_ACCURACY_VALUE','Maximum Tolerance applied to model');
#8662=(
NAMED_UNIT(*)
SI_UNIT($,.STERADIAN.)
SOLID_ANGLE_UNIT()
);
#8663=(
NAMED_UNIT(*)
PLANE_ANGLE_UNIT()
SI_UNIT($,.RADIAN.)
);
#8664=(
LENGTH_UNIT()
NAMED_UNIT(*)
SI_UNIT(.MILLI.,.METRE.)
);
#8665=PRODUCT_DEFINITION_SHAPE('','',#8666);
#8666=PRODUCT_DEFINITION('','',#8668,#8667);
#8667=DESIGN_CONTEXT('',#8674,'design');
#8668=PRODUCT_DEFINITION_FORMATION_WITH_SPECIFIED_SOURCE('','',#8670,
 .NOT_KNOWN.);
#8669=PRODUCT_RELATED_PRODUCT_CATEGORY('','',(#8670));
#8670=PRODUCT('RT00142SNH','RT00142SNH','RT00142SNH',(#8672));
#8671=PRODUCT_CATEGORY('','');
#8672=MECHANICAL_CONTEXT('',#8674,'mechanical');
#8673=APPLICATION_PROTOCOL_DEFINITION('international standard',
'config_control_design',2010,#8674);
#8674=APPLICATION_CONTEXT(
'configuration controlled 3D designs of mechanical parts and assemblie
s');
ENDSEC;
END-ISO-10303-21;
