  0
SECTION
  2
HEADER
  9
$ACADVER
  1
AC1015
  9
$ACADMAINTVER
 70
     6
  9
$DWGCODEPAGE
  3
ANSI_1252
  9
$INSBASE
 10
0.0
 20
0.0
 30
0.0
  9
$EXTMIN
 10
0.0
 20
0.0
 30
0.0
  9
$EXTMAX
 10
594.0
 20
420.0
 30
0.0
  9
$LIMMIN
 10
0.0
 20
0.0
  9
$LIMMAX
 10
594.0
 20
420.0
  9
$ORTHOMODE
 70
     0
  9
$REGENMODE
 70
     1
  9
$FILLMODE
 70
     1
  9
$QTEXTMODE
 70
     0
  9
$MIRRTEXT
 70
     1
  9
$LTSCALE
 40
1.0
  9
$ATTMODE
 70
     1
  9
$TEXTSIZE
 40
3.5
  9
$TRACEWID
 40
1.0
  9
$TEXTSTYLE
  7
Standard
  9
$CLAYER
  8
0
  9
$CELTYPE
  6
ByLayer
  9
$CECOLOR
 62
   256
  9
$CELTSCALE
 40
1.0
  9
$DISPSILH
 70
     0
  9
$DIMSCALE
 40
1.0
  9
$DIMASZ
 40
3.556
  9
$DIMEXO
 40
1.0
  9
$DIMDLI
 40
3.75
  9
$DIMRND
 40
0.0
  9
$DIMDLE
 40
0.0
  9
$DIMEXE
 40
1.0
  9
$DIMTP
 40
0.0
  9
$DIMTM
 40
0.0
  9
$DIMTXT
 40
3.5
  9
$DIMCEN
 40
2.5
  9
$DIMTSZ
 40
0.0
  9
$DIMTOL
 70
     0
  9
$DIMLIM
 70
     0
  9
$DIMTIH
 70
     1
  9
$DIMTOH
 70
     1
  9
$DIMSE1
 70
     0
  9
$DIMSE2
 70
     0
  9
$DIMTAD
 70
     1
  9
$DIMZIN
 70
     1
  9
$DIMBLK
  1

  9
$DIMASO
 70
     1
  9
$DIMSHO
 70
     1
  9
$DIMPOST
  1

  9
$DIMAPOST
  1

  9
$DIMALT
 70
     0
  9
$DIMALTD
 70
     3
  9
$DIMALTF
 40
0.0393700787
  9
$DIMLFAC
 40
5.0
  9
$DIMTOFL
 70
     1
  9
$DIMTVP
 40
0.0
  9
$DIMTIX
 70
     0
  9
$DIMSOXD
 70
     0
  9
$DIMSAH
 70
     0
  9
$DIMBLK1
  1

  9
$DIMBLK2
  1

  9
$DIMSTYLE
  2
ISO-25
  9
$DIMCLRD
 70
     0
  9
$DIMCLRE
 70
     0
  9
$DIMCLRT
 70
     0
  9
$DIMTFAC
 40
1.0
  9
$DIMGAP
 40
1.524
  9
$DIMJUST
 70
     0
  9
$DIMSD1
 70
     0
  9
$DIMSD2
 70
     0
  9
$DIMTOLJ
 70
     0
  9
$DIMTZIN
 70
     1
  9
$DIMALTZ
 70
     0
  9
$DIMALTTZ
 70
     0
  9
$DIMUPT
 70
     0
  9
$DIMDEC
 70
     2
  9
$DIMTDEC
 70
     2
  9
$DIMALTU
 70
     2
  9
$DIMALTTD
 70
     3
  9
$DIMTXSTY
  7
Standard
  9
$DIMAUNIT
 70
     0
  9
$DIMADEC
 70
     2
  9
$DIMALTRND
 40
0.0
  9
$DIMAZIN
 70
     0
  9
$DIMDSEP
 70
    44
  9
$DIMATFIT
 70
     3
  9
$DIMFRAC
 70
     0
  9
$DIMLDRBLK
  1

  9
$DIMLUNIT
 70
     2
  9
$DIMLWD
 70
    -2
  9
$DIMLWE
 70
    -2
  9
$DIMTMOVE
 70
     0
  9
$LUNITS
 70
     2
  9
$LUPREC
 70
     2
  9
$SKETCHINC
 40
1.0
  9
$FILLETRAD
 40
0.0
  9
$AUNITS
 70
     0
  9
$AUPREC
 70
     2
  9
$MENU
  1
.
  9
$ELEVATION
 40
0.0
  9
$PELEVATION
 40
0.0
  9
$THICKNESS
 40
0.0
  9
$LIMCHECK
 70
     0
  9
$CHAMFERA
 40
0.0
  9
$CHAMFERB
 40
0.0
  9
$CHAMFERC
 40
0.0
  9
$CHAMFERD
 40
0.0
  9
$SKPOLY
 70
     0
  9
$TDCREATE
 40
2461217.890057246
  9
$TDUCREATE
 40
2461218.056723912
  9
$TDUPDATE
 40
2461217.89006463
  9
$TDUUPDATE
 40
2461218.056731296
  9
$TDINDWG
 40
0.0000000116
  9
$TDUSRTIMER
 40
0.0000000116
  9
$USRTIMER
 70
     1
  9
$ANGBASE
 50
0.0
  9
$ANGDIR
 70
     0
  9
$PDMODE
 70
     0
  9
$PDSIZE
 40
-1.0
  9
$PLINEWID
 40
0.0
  9
$SPLFRAME
 70
     0
  9
$SPLINETYPE
 70
     6
  9
$SPLINESEGS
 70
     8
  9
$HANDSEED
  5
3B9
  9
$SURFTAB1
 70
     6
  9
$SURFTAB2
 70
     6
  9
$SURFTYPE
 70
     6
  9
$SURFU
 70
     6
  9
$SURFV
 70
     6
  9
$UCSBASE
  2

  9
$UCSNAME
  2

  9
$UCSORG
 10
0.0
 20
0.0
 30
0.0
  9
$UCSXDIR
 10
1.0
 20
0.0
 30
0.0
  9
$UCSYDIR
 10
0.0
 20
1.0
 30
0.0
  9
$UCSORTHOREF
  2

  9
$UCSORTHOVIEW
 70
     0
  9
$UCSORGTOP
 10
0.0
 20
0.0
 30
0.0
  9
$UCSORGBOTTOM
 10
0.0
 20
0.0
 30
0.0
  9
$UCSORGLEFT
 10
0.0
 20
0.0
 30
0.0
  9
$UCSORGRIGHT
 10
0.0
 20
0.0
 30
0.0
  9
$UCSORGFRONT
 10
0.0
 20
0.0
 30
0.0
  9
$UCSORGBACK
 10
0.0
 20
0.0
 30
0.0
  9
$PUCSBASE
  2

  9
$PUCSNAME
  2

  9
$PUCSORG
 10
0.0
 20
0.0
 30
0.0
  9
$PUCSXDIR
 10
1.0
 20
0.0
 30
0.0
  9
$PUCSYDIR
 10
0.0
 20
1.0
 30
0.0
  9
$PUCSORTHOREF
  2

  9
$PUCSORTHOVIEW
 70
     0
  9
$PUCSORGTOP
 10
0.0
 20
0.0
 30
0.0
  9
$PUCSORGBOTTOM
 10
0.0
 20
0.0
 30
0.0
  9
$PUCSORGLEFT
 10
0.0
 20
0.0
 30
0.0
  9
$PUCSORGRIGHT
 10
0.0
 20
0.0
 30
0.0
  9
$PUCSORGFRONT
 10
0.0
 20
0.0
 30
0.0
  9
$PUCSORGBACK
 10
0.0
 20
0.0
 30
0.0
  9
$USERI1
 70
     0
  9
$USERI2
 70
     0
  9
$USERI3
 70
     0
  9
$USERI4
 70
     0
  9
$USERI5
 70
     0
  9
$USERR1
 40
0.0
  9
$USERR2
 40
0.0
  9
$USERR3
 40
0.0
  9
$USERR4
 40
0.0
  9
$USERR5
 40
0.0
  9
$WORLDVIEW
 70
     1
  9
$SHADEDGE
 70
     3
  9
$SHADEDIF
 70
    70
  9
$TILEMODE
 70
     1
  9
$MAXACTVP
 70
    64
  9
$PINSBASE
 10
0.0
 20
0.0
 30
0.0
  9
$PLIMCHECK
 70
     0
  9
$PEXTMIN
 10
1.0000000000E+20
 20
1.0000000000E+20
 30
1.0000000000E+20
  9
$PEXTMAX
 10
-1.0000000000E+20
 20
-1.0000000000E+20
 30
-1.0000000000E+20
  9
$PLIMMIN
 10
0.0
 20
0.0
  9
$PLIMMAX
 10
420.0
 20
297.0
  9
$UNITMODE
 70
     0
  9
$VISRETAIN
 70
     1
  9
$PLINEGEN
 70
     0
  9
$PSLTSCALE
 70
     1
  9
$TREEDEPTH
 70
  3020
  9
$CMLSTYLE
  2
Standard
  9
$CMLJUST
 70
     0
  9
$CMLSCALE
 40
20.0
  9
$PROXYGRAPHICS
 70
     1
  9
$MEASUREMENT
 70
     1
  9
$CELWEIGHT
370
    -1
  9
$ENDCAPS
280
     0
  9
$JOINSTYLE
280
     0
  9
$LWDISPLAY
290
     1
  9
$INSUNITS
 70
     4
  9
$HYPERLINKBASE
  1

  9
$STYLESHEET
  1

  9
$XEDIT
290
     1
  9
$CEPSNTYPE
380
     0
  9
$PSTYLEMODE
290
     1
  9
$FINGERPRINTGUID
  2
{e525c453-f1dd-4272-b0e8-a4139fed2e56}
  9
$VERSIONGUID
  2
{FAEB1C32-E019-11D5-929B-00C0DF256EC4}
  9
$EXTNAMES
290
     1
  9
$PSVPSCALE
 40
0.0
  9
$OLESTARTUP
290
     0
  0
ENDSEC
  0
SECTION
  2
CLASSES
  0
CLASS
  1
ACDBDICTIONARYWDFLT
  2
AcDbDictionaryWithDefault
  3
ObjectDBX Classes
 90
        0
280
     0
281
     0
  0
CLASS
  1
VISUALSTYLE
  2
AcDbVisualStyle
  3
ObjectDBX Classes
 90
     4095
280
     0
281
     0
  0
CLASS
  1
MATERIAL
  2
AcDbMaterial
  3
ObjectDBX Classes
 90
     1153
280
     0
281
     0
  0
CLASS
  1
SCALE
  2
AcDbScale
  3
ObjectDBX Classes
 90
     1153
280
     0
281
     0
  0
CLASS
  1
TABLESTYLE
  2
AcDbTableStyle
  3
ObjectDBX Classes
 90
     4095
280
     0
281
     0
  0
CLASS
  1
MLEADERSTYLE
  2
AcDbMLeaderStyle
  3
ACDB_MLEADERSTYLE_CLASS
 90
     4095
280
     0
281
     0
  0
CLASS
  1
SUN
  2
AcDbSun
  3
SCENEOE
 90
     1153
280
     0
281
     0
  0
CLASS
  1
ACDBPLACEHOLDER
  2
AcDbPlaceHolder
  3
ObjectDBX Classes
 90
        0
280
     0
281
     0
  0
CLASS
  1
LAYOUT
  2
AcDbLayout
  3
ObjectDBX Classes
 90
        0
280
     0
281
     0
  0
ENDSEC
  0
SECTION
  2
TABLES
  0
TABLE
  2
VPORT
  5
8
330
0
100
AcDbSymbolTable
 70
     1
  0
VPORT
  5
29
330
8
100
AcDbSymbolTableRecord
100
AcDbViewportTableRecord
  2
*Active
 70
     0
 10
0.0
 20
0.0
 11
1.0
 21
1.0
 12
297.0
 22
210.0
 13
0.0
 23
0.0
 14
10.0
 24
10.0
 15
10.0
 25
10.0
 16
0.0
 26
0.0
 36
1.0
 17
0.0
 27
0.0
 37
0.0
 40
420.0
 41
1.4142857143
 42
50.0
 43
0.0
 44
0.0
 50
0.0
 51
0.0
 71
     0
 72
  2000
 73
     1
 74
     3
 75
     0
 76
     0
 77
     0
 78
     0
281
     0
 65
     1
110
0.0
120
0.0
130
0.0
111
1.0
121
0.0
131
0.0
112
0.0
122
1.0
132
0.0
 79
     0
146
0.0
  0
ENDTAB
  0
TABLE
  2
LTYPE
  5
5
330
0
100
AcDbSymbolTable
 70
     6
  0
LTYPE
  5
14
330
5
100
AcDbSymbolTableRecord
100
AcDbLinetypeTableRecord
  2
ByBlock
 70
     0
  3

 72
    65
 73
     0
 40
0.0
  0
LTYPE
  5
15
330
5
100
AcDbSymbolTableRecord
100
AcDbLinetypeTableRecord
  2
ByLayer
 70
     0
  3

 72
    65
 73
     0
 40
0.0
  0
LTYPE
  5
16
330
5
100
AcDbSymbolTableRecord
100
AcDbLinetypeTableRecord
  2
Continuous
 70
     0
  3
Solid line
 72
    65
 73
     0
 40
0.0
  0
LTYPE
  5
5E
330
5
100
AcDbSymbolTableRecord
100
AcDbLinetypeTableRecord
  2
HIDDEN
 70
     0
  3
Hidden __ __ __ __ __ __ __ __ __ __ __ __ __ __
 72
    65
 73
     2
 40
1.905
 49
1.27
 74
     0
 49
-0.635
 74
     0
  0
LTYPE
  5
5F
330
5
100
AcDbSymbolTableRecord
100
AcDbLinetypeTableRecord
  2
PHANTOM
 70
     0
  3
Phantom ______  __  __  ______  __  __  ______
 72
    65
 73
     6
 40
12.7
 49
6.35
 74
     0
 49
-1.27
 74
     0
 49
1.27
 74
     0
 49
-1.27
 74
     0
 49
1.27
 74
     0
 49
-1.27
 74
     0
  0
LTYPE
  5
60
330
5
100
AcDbSymbolTableRecord
100
AcDbLinetypeTableRecord
  2
CENTER
 70
     0
  3
Center ____ _ ____ _ ____ _ ____ _ ____ _ ____
 72
    65
 73
     4
 40
10.16
 49
6.35
 74
     0
 49
-1.27
 74
     0
 49
1.27
 74
     0
 49
-1.27
 74
     0
  0
LTYPE
  5
61
330
5
100
AcDbSymbolTableRecord
100
AcDbLinetypeTableRecord
  2
CENTERX2
 70
     0
  3
Center (2x) ________  __  ________  __  _____
 72
    65
 73
     4
 40
20.32
 49
12.7
 74
     0
 49
-2.54
 74
     0
 49
2.54
 74
     0
 49
-2.54
 74
     0
  0
LTYPE
  5
62
330
5
100
AcDbSymbolTableRecord
100
AcDbLinetypeTableRecord
  2
DOT2
 70
     0
  3
Dot (.5x) ........................................
 72
    65
 73
     2
 40
0.635
 49
0.0
 74
     0
 49
-0.635
 74
     0
  0
ENDTAB
  0
TABLE
  2
LAYER
  5
2
330
0
100
AcDbSymbolTable
 70
     2
  0
LAYER
  5
10
330
2
100
AcDbSymbolTableRecord
100
AcDbLayerTableRecord
  2
0
 70
     0
 62
     7
  6
Continuous
370
    -3
390
F
  0
LAYER
  5
63
330
2
100
AcDbSymbolTableRecord
100
AcDbLayerTableRecord
  2
FORMAT
 70
     0
 62
     7
  6
Continuous
370
    -3
390
F
  0
ENDTAB
  0
TABLE
  2
STYLE
  5
3
330
0
100
AcDbSymbolTable
 70
     5
  0
STYLE
  5
11
330
3
100
AcDbSymbolTableRecord
100
AcDbTextStyleTableRecord
  2
Standard
 70
     0
 40
0.0
 41
1.0
 50
0.0
 71
     0
 42
3.5
  3
txt
  4

  0
STYLE
  5
AD
330
3
100
AcDbSymbolTableRecord
100
AcDbTextStyleTableRecord
  2
SLDTEXTSTYLE0
 70
     0
 40
0.0
 41
0.75
 50
0.0
 71
     0
 42
3.5
  3
TXT
  4

  0
STYLE
  5
D7
330
3
100
AcDbSymbolTableRecord
100
AcDbTextStyleTableRecord
  2
SLDTEXTSTYLE1
 70
     0
 40
0.0
 41
0.6864493306
 50
0.0
 71
     0
 42
3.5
  3
TXT
  4

  0
STYLE
  5
F8
330
3
100
AcDbSymbolTableRecord
100
AcDbTextStyleTableRecord
  2
SLDTEXTSTYLE2
 70
     0
 40
0.0
 41
0.6875
 50
0.0
 71
     0
 42
3.5
  3
TXT
  4

  0
STYLE
  5
3B5
330
3
100
AcDbSymbolTableRecord
100
AcDbTextStyleTableRecord
  2
SLDTEXTSTYLE3
 70
     0
 40
0.0
 41
0.7
 50
0.0
 71
     0
 42
3.5
  3
TXT
  4

  0
ENDTAB
  0
TABLE
  2
VIEW
  5
6
330
0
100
AcDbSymbolTable
 70
     0
  0
ENDTAB
  0
TABLE
  2
UCS
  5
7
330
0
100
AcDbSymbolTable
 70
     0
  0
ENDTAB
  0
TABLE
  2
APPID
  5
9
330
0
100
AcDbSymbolTable
 70
     1
  0
APPID
  5
12
330
9
100
AcDbSymbolTableRecord
100
AcDbRegAppTableRecord
  2
ACAD
 70
     0
  0
ENDTAB
  0
TABLE
  2
DIMSTYLE
  5
A
330
0
100
AcDbSymbolTable
 70
     7
100
AcDbDimStyleTable
  0
DIMSTYLE
105
27
330
A
100
AcDbSymbolTableRecord
100
AcDbDimStyleTableRecord
  2
ISO-25
 70
     0
 41
2.5
 42
0.625
 43
3.75
 44
1.25
 73
     0
 74
     0
 77
     1
 78
     8
140
2.5
141
2.5
143
0.0393700787
147
0.625
171
     3
172
     1
178
     0
271
     2
272
     2
274
     3
278
    44
283
     0
284
     8
340
11
  0
DIMSTYLE
105
126
102
{ACAD_REACTORS
330
125
330
19B
330
1F8
330
2CF
330
2DB
330
2E7
330
2FD
330
309
330
315
330
32B
330
341
330
357
330
363
102
}
330
A
100
AcDbSymbolTableRecord
100
AcDbDimStyleTableRecord
  2
SLDDIMSTYLE0
 70
     0
 41
3.556
 44
0.0
 45
0.000000001
 73
     0
 74
     0
 77
     1
 78
     4
 79
     1
140
3.5
144
2.0
147
0.875
172
     1
173
     1
178
     0
271
     2
272
     2
276
     2
284
    12
289
     0
340
AD
341
127
343
127
344
127
  0
DIMSTYLE
105
193
102
{ACAD_REACTORS
330
192
102
}
330
A
100
AcDbSymbolTableRecord
100
AcDbDimStyleTableRecord
  2
SLDDIMSTYLE1
 70
     0
 41
3.556
 44
0.0
 45
0.000000001
 73
     0
 74
     0
 77
     1
 78
    12
 79
     3
140
3.5
141
0.0
144
2.0
147
0.875
173
     1
178
     0
271
     2
272
     2
276
     2
284
    12
340
AD
341
127
343
127
344
127
  0
DIMSTYLE
105
1A9
102
{ACAD_REACTORS
330
1A8
330
1B4
330
204
330
216
330
337
330
34D
330
36F
102
}
330
A
100
AcDbSymbolTableRecord
100
AcDbDimStyleTableRecord
  2
SLDDIMSTYLE2
 70
     0
 41
3.556
 44
0.0
 45
0.000000001
 73
     0
 74
     0
 77
     1
 78
    12
 79
     3
140
3.5
144
2.0
147
0.875
173
     1
178
     0
271
     2
272
     2
276
     2
284
    12
340
AD
341
127
343
127
344
127
  0
DIMSTYLE
105
1C0
102
{ACAD_REACTORS
330
1BF
330
1E1
330
1EC
330
2F3
330
321
102
}
330
A
100
AcDbSymbolTableRecord
100
AcDbDimStyleTableRecord
  2
SLDDIMSTYLE3
 70
     0
 41
3.556
 44
0.0
 45
0.000000001
 73
     0
 74
     0
 77
     1
 78
    12
 79
     3
140
3.5
144
2.0
147
0.875
172
     1
173
     1
178
     0
271
     2
272
     2
276
     2
284
    12
289
     0
340
AD
341
127
343
127
344
127
  0
DIMSTYLE
105
1CC
102
{ACAD_REACTORS
330
1CB
330
1D6
330
21E
330
2BB
330
2C5
102
}
330
A
100
AcDbSymbolTableRecord
100
AcDbDimStyleTableRecord
  2
SLDDIMSTYLE4
 70
     0
 41
3.556
 44
0.0
 45
0.000000001
 73
     0
 74
     0
 77
     1
 78
     4
 79
     1
140
3.5
144
2.0
147
0.875
173
     1
178
     0
271
     2
272
     2
276
     2
284
    12
340
AD
341
127
343
127
344
127
  0
DIMSTYLE
105
20E
102
{ACAD_REACTORS
330
20D
102
}
330
A
100
AcDbSymbolTableRecord
100
AcDbDimStyleTableRecord
  2
SLDDIMSTYLE5
 70
     0
 41
3.556
 44
0.0
 45
0.000000001
 73
     0
 74
     0
 77
     1
 78
     4
 79
     1
140
3.5
141
0.0
144
2.0
147
0.875
173
     1
178
     0
271
     2
272
     2
276
     2
279
     1
284
    12
340
AD
341
127
343
127
344
127
  0
ENDTAB
  0
TABLE
  2
BLOCK_RECORD
  5
1
330
0
100
AcDbSymbolTable
 70
    46
  0
BLOCK_RECORD
  5
1F
330
1
100
AcDbSymbolTableRecord
100
AcDbBlockTableRecord
  2
*Model_Space
340
22
  0
BLOCK_RECORD
  5
1B
330
1
100
AcDbSymbolTableRecord
100
AcDbBlockTableRecord
  2
*Paper_Space
340
1E
  0
BLOCK_RECORD
  5
23
330
1
100
AcDbSymbolTableRecord
100
AcDbBlockTableRecord
  2
*Paper_Space0
340
26
  0
BLOCK_RECORD
  5
DD
330
1
100
AcDbSymbolTableRecord
100
AcDbBlockTableRecord
  2
SW_NOTE_0
340
0
102
{BLKREFS
331
E6
102
}
  0
BLOCK_RECORD
  5
E8
330
1
100
AcDbSymbolTableRecord
100
AcDbBlockTableRecord
  2
SW_NOTE_0_1
340
0
102
{BLKREFS
331
EE
102
}
  0
BLOCK_RECORD
  5
127
330
1
100
AcDbSymbolTableRecord
100
AcDbBlockTableRecord
  2
_Closed
340
0
102
{BLKREFS
331
131
331
132
331
197
331
19F
331
1A0
331
1AD
331
1AE
331
1B8
331
1B9
331
1C4
331
1C5
331
1D0
331
1D1
331
1DA
331
1DB
331
1E5
331
1E6
331
1F0
331
1F1
331
1FC
331
1FD
331
208
331
209
331
212
331
21A
331
21B
331
222
331
223
331
2BF
331
2C0
331
2C9
331
2CA
331
2D3
331
2D4
331
2DF
331
2E0
331
2EB
331
2EC
331
2F7
331
2F8
331
301
331
302
331
30D
331
30E
331
319
331
31A
331
325
331
326
331
32F
331
330
331
33B
331
33C
331
345
331
346
331
351
331
352
331
35B
331
35C
331
367
331
368
331
373
331
374
102
}
  0
BLOCK_RECORD
  5
12E
330
1
100
AcDbSymbolTableRecord
100
AcDbBlockTableRecord
  2
_D
340
0
  0
BLOCK_RECORD
  5
194
330
1
100
AcDbSymbolTableRecord
100
AcDbBlockTableRecord
  2
_D_1
340
0
  0
BLOCK_RECORD
  5
19C
330
1
100
AcDbSymbolTableRecord
100
AcDbBlockTableRecord
  2
_D_2
340
0
  0
BLOCK_RECORD
  5
1AA
330
1
100
AcDbSymbolTableRecord
100
AcDbBlockTableRecord
  2
_D_3
340
0
  0
BLOCK_RECORD
  5
1B5
330
1
100
AcDbSymbolTableRecord
100
AcDbBlockTableRecord
  2
_D_4
340
0
  0
BLOCK_RECORD
  5
1C1
330
1
100
AcDbSymbolTableRecord
100
AcDbBlockTableRecord
  2
_D_5
340
0
  0
BLOCK_RECORD
  5
1CD
330
1
100
AcDbSymbolTableRecord
100
AcDbBlockTableRecord
  2
_D_6
340
0
  0
BLOCK_RECORD
  5
1D7
330
1
100
AcDbSymbolTableRecord
100
AcDbBlockTableRecord
  2
_D_7
340
0
  0
BLOCK_RECORD
  5
1E2
330
1
100
AcDbSymbolTableRecord
100
AcDbBlockTableRecord
  2
_D_8
340
0
  0
BLOCK_RECORD
  5
1ED
330
1
100
AcDbSymbolTableRecord
100
AcDbBlockTableRecord
  2
_D_9
340
0
  0
BLOCK_RECORD
  5
1F9
330
1
100
AcDbSymbolTableRecord
100
AcDbBlockTableRecord
  2
_D_10
340
0
  0
BLOCK_RECORD
  5
205
330
1
100
AcDbSymbolTableRecord
100
AcDbBlockTableRecord
  2
_D_11
340
0
  0
BLOCK_RECORD
  5
20F
330
1
100
AcDbSymbolTableRecord
100
AcDbBlockTableRecord
  2
_D_12
340
0
  0
BLOCK_RECORD
  5
217
330
1
100
AcDbSymbolTableRecord
100
AcDbBlockTableRecord
  2
_D_13
340
0
  0
BLOCK_RECORD
  5
21F
330
1
100
AcDbSymbolTableRecord
100
AcDbBlockTableRecord
  2
_D_14
340
0
  0
BLOCK_RECORD
  5
226
330
1
100
AcDbSymbolTableRecord
100
AcDbBlockTableRecord
  2
SW_CENTERMARKSYMBOL_0
340
0
102
{BLKREFS
331
231
102
}
  0
BLOCK_RECORD
  5
232
330
1
100
AcDbSymbolTableRecord
100
AcDbBlockTableRecord
  2
SW_CENTERMARKSYMBOL_1
340
0
102
{BLKREFS
331
23D
102
}
  0
BLOCK_RECORD
  5
23E
330
1
100
AcDbSymbolTableRecord
100
AcDbBlockTableRecord
  2
SW_CENTERMARKSYMBOL_2
340
0
102
{BLKREFS
331
249
102
}
  0
BLOCK_RECORD
  5
24A
330
1
100
AcDbSymbolTableRecord
100
AcDbBlockTableRecord
  2
SW_CENTERMARKSYMBOL_3
340
0
102
{BLKREFS
331
255
102
}
  0
BLOCK_RECORD
  5
256
330
1
100
AcDbSymbolTableRecord
100
AcDbBlockTableRecord
  2
SW_CENTERMARKSYMBOL_4
340
0
102
{BLKREFS
331
261
102
}
  0
BLOCK_RECORD
  5
2BC
330
1
100
AcDbSymbolTableRecord
100
AcDbBlockTableRecord
  2
_D_15
340
0
  0
BLOCK_RECORD
  5
2C6
330
1
100
AcDbSymbolTableRecord
100
AcDbBlockTableRecord
  2
_D_16
340
0
  0
BLOCK_RECORD
  5
2D0
330
1
100
AcDbSymbolTableRecord
100
AcDbBlockTableRecord
  2
_D_17
340
0
  0
BLOCK_RECORD
  5
2DC
330
1
100
AcDbSymbolTableRecord
100
AcDbBlockTableRecord
  2
_D_18
340
0
  0
BLOCK_RECORD
  5
2E8
330
1
100
AcDbSymbolTableRecord
100
AcDbBlockTableRecord
  2
_D_19
340
0
  0
BLOCK_RECORD
  5
2F4
330
1
100
AcDbSymbolTableRecord
100
AcDbBlockTableRecord
  2
_D_20
340
0
  0
BLOCK_RECORD
  5
2FE
330
1
100
AcDbSymbolTableRecord
100
AcDbBlockTableRecord
  2
_D_21
340
0
  0
BLOCK_RECORD
  5
30A
330
1
100
AcDbSymbolTableRecord
100
AcDbBlockTableRecord
  2
_D_22
340
0
  0
BLOCK_RECORD
  5
316
330
1
100
AcDbSymbolTableRecord
100
AcDbBlockTableRecord
  2
_D_23
340
0
  0
BLOCK_RECORD
  5
322
330
1
100
AcDbSymbolTableRecord
100
AcDbBlockTableRecord
  2
_D_24
340
0
  0
BLOCK_RECORD
  5
32C
330
1
100
AcDbSymbolTableRecord
100
AcDbBlockTableRecord
  2
_D_25
340
0
  0
BLOCK_RECORD
  5
338
330
1
100
AcDbSymbolTableRecord
100
AcDbBlockTableRecord
  2
_D_26
340
0
  0
BLOCK_RECORD
  5
342
330
1
100
AcDbSymbolTableRecord
100
AcDbBlockTableRecord
  2
_D_27
340
0
  0
BLOCK_RECORD
  5
34E
330
1
100
AcDbSymbolTableRecord
100
AcDbBlockTableRecord
  2
_D_28
340
0
  0
BLOCK_RECORD
  5
358
330
1
100
AcDbSymbolTableRecord
100
AcDbBlockTableRecord
  2
_D_29
340
0
  0
BLOCK_RECORD
  5
364
330
1
100
AcDbSymbolTableRecord
100
AcDbBlockTableRecord
  2
_D_30
340
0
  0
BLOCK_RECORD
  5
370
330
1
100
AcDbSymbolTableRecord
100
AcDbBlockTableRecord
  2
_D_31
340
0
  0
BLOCK_RECORD
  5
379
330
1
100
AcDbSymbolTableRecord
100
AcDbBlockTableRecord
  2
SW_CENTERMARKSYMBOL_5
340
0
102
{BLKREFS
331
384
102
}
  0
BLOCK_RECORD
  5
385
330
1
100
AcDbSymbolTableRecord
100
AcDbBlockTableRecord
  2
SW_CENTERMARKSYMBOL_6
340
0
102
{BLKREFS
331
390
102
}
  0
BLOCK_RECORD
  5
391
330
1
100
AcDbSymbolTableRecord
100
AcDbBlockTableRecord
  2
SW_CENTERMARKSYMBOL_7
340
0
102
{BLKREFS
331
39C
102
}
  0
BLOCK_RECORD
  5
39D
330
1
100
AcDbSymbolTableRecord
100
AcDbBlockTableRecord
  2
SW_CENTERMARKSYMBOL_8
340
0
102
{BLKREFS
331
3A8
102
}
  0
BLOCK_RECORD
  5
3A9
330
1
100
AcDbSymbolTableRecord
100
AcDbBlockTableRecord
  2
SW_CENTERMARKSYMBOL_9
340
0
102
{BLKREFS
331
3B4
102
}
  0
ENDTAB
  0
ENDSEC
  0
SECTION
  2
BLOCKS
  0
BLOCK
  5
20
330
1F
100
AcDbEntity
  8
0
100
AcDbBlockBegin
  2
*Model_Space
 70
     0
 10
0.0
 20
0.0
 30
0.0
  3
*Model_Space
  1

  0
ENDBLK
  5
21
330
1F
100
AcDbEntity
  8
0
100
AcDbBlockEnd
  0
BLOCK
  5
1C
330
1B
100
AcDbEntity
 67
     1
  8
0
100
AcDbBlockBegin
  2
*Paper_Space
 70
     0
 10
0.0
 20
0.0
 30
0.0
  3
*Paper_Space
  1

  0
ENDBLK
  5
1D
330
1B
100
AcDbEntity
 67
     1
  8
0
100
AcDbBlockEnd
  0
BLOCK
  5
24
330
23
100
AcDbEntity
  8
0
100
AcDbBlockBegin
  2
*Paper_Space0
 70
     0
 10
0.0
 20
0.0
 30
0.0
  3
*Paper_Space0
  1

  0
ENDBLK
  5
25
330
23
100
AcDbEntity
  8
0
100
AcDbBlockEnd
  0
BLOCK
  5
DE
330
DD
100
AcDbEntity
  8
0
100
AcDbBlockBegin
  2
SW_NOTE_0
 70
     0
 10
0.0
 20
0.0
 30
0.0
  3
SW_NOTE_0
  1

  0
MTEXT
  5
E0
330
DD
100
AcDbEntity
  8
0
  6
Continuous
 62
     0
370
     0
100
AcDbMText
 10
0.0
 20
1.9336016097
 30
0.0
 40
1.5
 41
0.0
 71
     1
 72
     1
  1
UNLESS OTHERWISE SPECIFIED:
  7
SLDTEXTSTYLE0
 73
     1
 44
1.0
  0
MTEXT
  5
E1
330
DD
100
AcDbEntity
  8
0
  6
Continuous
 62
     0
370
     0
100
AcDbMText
 10
0.0
 20
-0.5663983345
 30
0.0
 40
1.5
 41
0.0
 71
     1
 72
     1
  1
DIMENSIONS ARE IN MILLIMETERS
  7
SLDTEXTSTYLE0
 73
     1
 44
1.0
  0
MTEXT
  5
E2
330
DD
100
AcDbEntity
  8
0
  6
Continuous
 62
     0
370
     0
100
AcDbMText
 10
0.0
 20
-3.0663982786
 30
0.0
 40
1.5
 41
0.0
 71
     1
 72
     1
  1
SURFACE FINISH:
  7
SLDTEXTSTYLE0
 73
     1
 44
1.0
  0
MTEXT
  5
E3
330
DD
100
AcDbEntity
  8
0
  6
Continuous
 62
     0
370
     0
100
AcDbMText
 10
0.0
 20
-5.5663982227
 30
0.0
 40
1.5
 41
0.0
 71
     1
 72
     1
  1
TOLERANCES:
  7
SLDTEXTSTYLE0
 73
     1
 44
1.0
  0
MTEXT
  5
E4
330
DD
100
AcDbEntity
  8
0
  6
Continuous
 62
     0
370
     0
100
AcDbMText
 10
1.6875
 20
-8.0663981668
 30
0.0
 40
1.5
 41
0.0
 71
     1
 72
     1
  1
LINEAR:
  7
SLDTEXTSTYLE0
 73
     1
 44
1.0
  0
MTEXT
  5
E5
330
DD
100
AcDbEntity
  8
0
  6
Continuous
 62
     0
370
     0
100
AcDbMText
 10
1.6875
 20
-10.5663981109
 30
0.0
 40
1.5
 41
0.0
 71
     1
 72
     1
  1
ANGULAR:
  7
SLDTEXTSTYLE0
 73
     1
 44
1.0
  0
ENDBLK
  5
DF
330
DD
100
AcDbEntity
  8
0
100
AcDbBlockEnd
  0
BLOCK
  5
E9
330
E8
100
AcDbEntity
  8
0
100
AcDbBlockBegin
  2
SW_NOTE_0_1
 70
     0
 10
0.0
 20
0.0
 30
0.0
  3
SW_NOTE_0_1
  1

  0
MTEXT
  5
EB
330
E8
100
AcDbEntity
  8
0
  6
Continuous
 62
     0
370
     0
100
AcDbMText
 10
0.0
 20
1.9336016097
 30
0.0
 40
1.5
 41
0.0
 71
     1
 72
     1
  1
DEBURR AND
  7
SLDTEXTSTYLE0
 73
     1
 44
1.0
  0
MTEXT
  5
EC
330
E8
100
AcDbEntity
  8
0
  6
Continuous
 62
     0
370
     0
100
AcDbMText
 10
0.0
 20
-0.5663983345
 30
0.0
 40
1.5
 41
0.0
 71
     1
 72
     1
  1
BREAK SHARP
  7
SLDTEXTSTYLE0
 73
     1
 44
1.0
  0
MTEXT
  5
ED
330
E8
100
AcDbEntity
  8
0
  6
Continuous
 62
     0
370
     0
100
AcDbMText
 10
0.0
 20
-3.0663982786
 30
0.0
 40
1.5
 41
0.0
 71
     1
 72
     1
  1
EDGES
  7
SLDTEXTSTYLE0
 73
     1
 44
1.0
  0
ENDBLK
  5
EA
330
E8
100
AcDbEntity
  8
0
100
AcDbBlockEnd
  0
BLOCK
  5
128
330
127
100
AcDbEntity
  8
0
100
AcDbBlockBegin
  2
_Closed
 70
     0
 10
0.0
 20
0.0
 30
0.0
  3
_Closed
  1

  0
LINE
  5
12A
330
127
100
AcDbEntity
  8
0
  6
ByBlock
 62
     0
370
    -2
100
AcDbLine
 10
-1.0
 20
0.166667
 30
0.0
 11
0.0
 21
0.0
 31
0.0
  0
LINE
  5
12B
330
127
100
AcDbEntity
  8
0
  6
ByBlock
 62
     0
370
    -2
100
AcDbLine
 10
0.0
 20
0.0
 30
0.0
 11
-1.0
 21
-0.166667
 31
0.0
  0
LINE
  5
12C
330
127
100
AcDbEntity
  8
0
  6
ByBlock
 62
     0
370
    -2
100
AcDbLine
 10
-1.0
 20
0.166667
 30
0.0
 11
-1.0
 21
-0.166667
 31
0.0
  0
LINE
  5
12D
330
127
100
AcDbEntity
  8
0
  6
ByBlock
 62
     0
370
    -2
100
AcDbLine
 10
0.0
 20
0.0
 30
0.0
 11
-1.0
 21
0.0
 31
0.0
  0
ENDBLK
  5
129
330
127
100
AcDbEntity
  8
0
100
AcDbBlockEnd
  0
BLOCK
  5
12F
330
12E
100
AcDbEntity
  8
0
100
AcDbBlockBegin
  2
_D
 70
     0
 10
0.0
 20
0.0
 30
0.0
  3
_D
  1

  0
INSERT
  5
131
330
12E
100
AcDbEntity
  8
0
  6
Continuous
 62
     7
370
    18
100
AcDbBlockReference
  2
_Closed
 10
321.1585887921
 20
159.3436236991
 30
-0.375
 41
3.556
 42
3.556
 50
270.0
  0
INSERT
  5
132
330
12E
100
AcDbEntity
  8
0
  6
Continuous
 62
     7
370
    18
100
AcDbBlockReference
  2
_Closed
 10
321.1585887921
 20
158.0936236991
 30
-0.375
 41
3.556
 42
3.556
 50
90.0
  0
LINE
  5
133
330
12E
100
AcDbEntity
  8
0
  6
Continuous
 62
     7
370
     0
100
AcDbLine
 10
308.9096628171
 20
159.3436236991
 30
0.0
 11
322.1585887921
 21
159.3436236991
 31
0.0
  0
LINE
  5
134
330
12E
100
AcDbEntity
  8
0
  6
Continuous
 62
     7
370
     0
100
AcDbLine
 10
308.9096628171
 20
158.0936236991
 30
0.0
 11
322.1585887921
 21
158.0936236991
 31
0.0
  0
LINE
  5
135
330
12E
100
AcDbEntity
  8
0
  6
Continuous
 62
     7
370
     0
100
AcDbLine
 10
321.1585887921
 20
159.3436236991
 30
0.0
 11
321.1585887921
 21
169.0218191147
 31
0.0
  0
LINE
  5
136
330
12E
100
AcDbEntity
  8
0
  6
Continuous
 62
     7
370
     0
100
AcDbLine
 10
321.1585887921
 20
159.3436236991
 30
0.0
 11
321.1585887921
 21
158.0936236991
 31
0.0
  0
LINE
  5
137
330
12E
100
AcDbEntity
  8
0
  6
Continuous
 62
     7
370
     0
100
AcDbLine
 10
321.1585887921
 20
158.0936236991
 30
0.0
 11
321.1585887921
 21
151.7436236991
 31
0.0
  0
MTEXT
  5
138
330
12E
100
AcDbEntity
  8
0
  6
Continuous
 62
     7
370
    18
100
AcDbMText
 10
316.6468518775
 20
159.9704300538
 30
0.0
 40
3.5
 41
0.0
 71
     1
 72
     1
  1
2.50
  7
SLDTEXTSTYLE0
 11
-7.044195017643634E-15
 21
1.0
 31
0.0
 73
     1
 44
1.0
  0
ENDBLK
  5
130
330
12E
100
AcDbEntity
  8
0
100
AcDbBlockEnd
  0
BLOCK
  5
195
330
194
100
AcDbEntity
  8
0
100
AcDbBlockBegin
  2
_D_1
 70
     0
 10
0.0
 20
0.0
 30
0.0
  3
_D_1
  1

  0
INSERT
  5
197
330
194
100
AcDbEntity
  8
0
  6
Continuous
 62
     7
370
    18
100
AcDbBlockReference
  2
_Closed
 10
288.2182543084
 20
338.2939650202
 30
0.625
 41
3.556
 42
3.556
 50
42.8657880393
  0
LINE
  5
198
330
194
100
AcDbEntity
  8
0
  6
Continuous
 62
     7
370
     0
100
AcDbLine
 10
288.2182543084
 20
338.2939650202
 30
0.0
 11
267.6050553697
 21
319.1619226865
 31
0.0
  0
LINE
  5
199
330
194
100
AcDbEntity
  8
0
  6
Continuous
 62
     7
370
     0
100
AcDbLine
 10
288.2182543084
 20
338.2939650202
 30
0.0
 11
296.1524297701
 21
345.6580321535
 31
0.0
  0
MTEXT
  5
19A
330
194
100
AcDbEntity
  8
0
  6
Continuous
 62
     7
370
    18
100
AcDbMText
 10
264.542952027
 20
322.4610866897
 30
0.0
 40
3.5
 41
0.0
 71
     1
 72
     1
  1
R21.65
  7
SLDTEXTSTYLE0
 11
0.7329492343342353
 21
0.6802833379474013
 31
0.0
 73
     1
 44
1.0
  0
ENDBLK
  5
196
330
194
100
AcDbEntity
  8
0
100
AcDbBlockEnd
  0
BLOCK
  5
19D
330
19C
100
AcDbEntity
  8
0
100
AcDbBlockBegin
  2
_D_2
 70
     0
 10
0.0
 20
0.0
 30
0.0
  3
_D_2
  1

  0
INSERT
  5
19F
330
19C
100
AcDbEntity
  8
0
  6
Continuous
 62
     7
370
    18
100
AcDbBlockReference
  2
_Closed
 10
351.3373900179
 20
351.6830321535
 30
0.625
 41
3.556
 42
3.556
 50
270.0
  0
INSERT
  5
1A0
330
19C
100
AcDbEntity
  8
0
  6
Continuous
 62
     7
370
    18
100
AcDbBlockReference
  2
_Closed
 10
351.3373900179
 20
339.6330321535
 30
0.625
 41
3.556
 42
3.556
 50
90.0
  0
LINE
  5
1A1
330
19C
100
AcDbEntity
  8
0
  6
Continuous
 62
     7
370
     0
100
AcDbLine
 10
297.1524297701
 20
351.6830321535
 30
0.0
 11
352.3373900179
 21
351.6830321535
 31
0.0
  0
LINE
  5
1A2
330
19C
100
AcDbEntity
  8
0
  6
Continuous
 62
     7
370
     0
100
AcDbLine
 10
297.1524297701
 20
339.6330321535
 30
0.0
 11
352.3373900179
 21
339.6330321535
 31
0.0
  0
LINE
  5
1A3
330
19C
100
AcDbEntity
  8
0
  6
Continuous
 62
     7
370
     0
100
AcDbLine
 10
351.3373900179
 20
351.6830321535
 30
0.0
 11
351.3373900179
 21
358.0330321535
 31
0.0
  0
LINE
  5
1A4
330
19C
100
AcDbEntity
  8
0
  6
Continuous
 62
     7
370
     0
100
AcDbLine
 10
351.3373900179
 20
351.6830321535
 30
0.0
 11
351.3373900179
 21
339.6330321535
 31
0.0
  0
LINE
  5
1A5
330
19C
100
AcDbEntity
  8
0
  6
Continuous
 62
     7
370
     0
100
AcDbLine
 10
351.3373900179
 20
339.6330321535
 30
0.0
 11
351.3373900179
 21
333.2830321535
 31
0.0
  0
MTEXT
  5
1A6
330
19C
100
AcDbEntity
  8
0
  6
Continuous
 62
     7
370
    18
100
AcDbMText
 10
346.8256529286
 20
340.539430395
 30
0.0
 40
3.5
 41
0.0
 71
     1
 72
     1
  1
%%c
  7
SLDTEXTSTYLE0
 11
-7.044195017643634E-15
 21
1.0
 31
0.0
 73
     1
 44
1.0
  0
MTEXT
  5
1A7
330
19C
100
AcDbEntity
  8
0
  6
Continuous
 62
     7
370
    18
100
AcDbMText
 10
346.772180752
 20
345.8178677933
 30
0.0
 40
3.5
 41
0.0
 71
     1
 72
     1
  1
24.10
  7
SLDTEXTSTYLE0
 11
-7.044195017643634E-15
 21
1.0
 31
0.0
 73
     1
 44
1.0
  0
ENDBLK
  5
19E
330
19C
100
AcDbEntity
  8
0
100
AcDbBlockEnd
  0
BLOCK
  5
1AB
330
1AA
100
AcDbEntity
  8
0
100
AcDbBlockBegin
  2
_D_3
 70
     0
 10
0.0
 20
0.0
 30
0.0
  3
_D_3
  1

  0
INSERT
  5
1AD
330
1AA
100
AcDbEntity
  8
0
  6
Continuous
 62
     7
370
    18
100
AcDbBlockReference
  2
_Closed
 10
296.1524297701
 20
371.3316416493
 30
0.625
 41
3.556
 42
3.556
 50
180.0
  0
INSERT
  5
1AE
330
1AA
100
AcDbEntity
  8
0
  6
Continuous
 62
     7
370
    18
100
AcDbBlockReference
  2
_Closed
 10
306.4096628171
 20
371.3316416493
 30
0.625
 41
3.556
 42
3.556
 50
0.0
  0
LINE
  5
1AF
330
1AA
100
AcDbEntity
  8
0
  6
Continuous
 62
     7
370
     0
100
AcDbLine
 10
296.1524297701
 20
353.9330321535
 30
0.0
 11
296.1524297701
 21
372.3316416493
 31
0.0
  0
LINE
  5
1B0
330
1AA
100
AcDbEntity
  8
0
  6
Continuous
 62
     7
370
     0
100
AcDbLine
 10
306.4096628171
 20
356.9152652005
 30
0.0
 11
306.4096628171
 21
372.3316416493
 31
0.0
  0
LINE
  5
1B1
330
1AA
100
AcDbEntity
  8
0
  6
Continuous
 62
     7
370
     0
100
AcDbLine
 10
296.1524297701
 20
371.3316416493
 30
0.0
 11
306.4096628171
 21
371.3316416493
 31
0.0
  0
LINE
  5
1B2
330
1AA
100
AcDbEntity
  8
0
  6
Continuous
 62
     7
370
     0
100
AcDbLine
 10
306.4096628171
 20
371.3316416493
 30
0.0
 11
313.87277032
 21
371.3316416493
 31
0.0
  0
MTEXT
  5
1B3
330
1AA
100
AcDbEntity
  8
0
  6
Continuous
 62
     7
370
    18
100
AcDbMText
 10
302.2352698327
 20
375.8433785639
 30
0.0
 40
3.5
 41
0.0
 71
     1
 72
     1
  1
20.51
  7
SLDTEXTSTYLE0
 73
     1
 44
1.0
  0
ENDBLK
  5
1AC
330
1AA
100
AcDbEntity
  8
0
100
AcDbBlockEnd
  0
BLOCK
  5
1B6
330
1B5
100
AcDbEntity
  8
0
100
AcDbBlockBegin
  2
_D_4
 70
     0
 10
0.0
 20
0.0
 30
0.0
  3
_D_4
  1

  0
INSERT
  5
1B8
330
1B5
100
AcDbEntity
  8
0
  6
Continuous
 62
     7
370
    18
100
AcDbBlockReference
  2
_Closed
 10
323.9096628171
 20
355.9152652005
 30
0.625
 41
3.556
 42
3.556
 50
90.0
  0
INSERT
  5
1B9
330
1B5
100
AcDbEntity
  8
0
  6
Continuous
 62
     7
370
    18
100
AcDbBlockReference
  2
_Closed
 10
323.9096628171
 20
345.6580321535
 30
0.625
 41
3.556
 42
3.556
 50
270.0
  0
LINE
  5
1BA
330
1B5
100
AcDbEntity
  8
0
  6
Continuous
 62
     7
370
     0
100
AcDbLine
 10
307.4096628171
 20
355.9152652005
 30
0.0
 11
324.9096628171
 21
355.9152652005
 31
0.0
  0
LINE
  5
1BB
330
1B5
100
AcDbEntity
  8
0
  6
Continuous
 62
     7
370
     0
100
AcDbLine
 10
304.4274297701
 20
345.6580321535
 30
0.0
 11
324.9096628171
 21
345.6580321535
 31
0.0
  0
LINE
  5
1BC
330
1B5
100
AcDbEntity
  8
0
  6
Continuous
 62
     7
370
     0
100
AcDbLine
 10
323.9096628171
 20
355.9152652005
 30
0.0
 11
323.9096628171
 21
368.547607698
 31
0.0
  0
LINE
  5
1BD
330
1B5
100
AcDbEntity
  8
0
  6
Continuous
 62
     7
370
     0
100
AcDbLine
 10
323.9096628171
 20
355.9152652005
 30
0.0
 11
323.9096628171
 21
345.6580321535
 31
0.0
  0
MTEXT
  5
1BE
330
1B5
100
AcDbEntity
  8
0
  6
Continuous
 62
     7
370
    18
100
AcDbMText
 10
319.3979259025
 20
356.9101072107
 30
0.0
 40
3.5
 41
0.0
 71
     1
 72
     1
  1
20.51
  7
SLDTEXTSTYLE0
 11
-7.044195017643634E-15
 21
1.0
 31
0.0
 73
     1
 44
1.0
  0
ENDBLK
  5
1B7
330
1B5
100
AcDbEntity
  8
0
100
AcDbBlockEnd
  0
BLOCK
  5
1C2
330
1C1
100
AcDbEntity
  8
0
100
AcDbBlockBegin
  2
_D_5
 70
     0
 10
0.0
 20
0.0
 30
0.0
  3
_D_5
  1

  0
INSERT
  5
1C4
330
1C1
100
AcDbEntity
  8
0
  6
Continuous
 62
     7
370
    18
100
AcDbBlockReference
  2
_Closed
 10
296.8846628171
 20
315.2676614302
 30
0.625
 41
3.556
 42
3.556
 50
0.0
  0
INSERT
  5
1C5
330
1C1
100
AcDbEntity
  8
0
  6
Continuous
 62
     7
370
    18
100
AcDbBlockReference
  2
_Closed
 10
301.0096228171
 20
315.2676614302
 30
0.625
 41
3.556
 42
3.556
 50
180.0
  0
LINE
  5
1C6
330
1C1
100
AcDbEntity
  8
0
  6
Continuous
 62
     7
370
     0
100
AcDbLine
 10
301.0096228171
 20
324.1647652005
 30
0.0
 11
301.0096228171
 21
314.2676614302
 31
0.0
  0
LINE
  5
1C7
330
1C1
100
AcDbEntity
  8
0
  6
Continuous
 62
     7
370
     0
100
AcDbLine
 10
296.8846628171
 20
315.2676614302
 30
0.0
 11
283.9688341435
 21
315.2676614302
 31
0.0
  0
LINE
  5
1C8
330
1C1
100
AcDbEntity
  8
0
  6
Continuous
 62
     7
370
     0
100
AcDbLine
 10
296.8846628171
 20
315.2676614302
 30
0.0
 11
301.0096228171
 21
315.2676614302
 31
0.0
  0
LINE
  5
1C9
330
1C1
100
AcDbEntity
  8
0
  6
Continuous
 62
     7
370
     0
100
AcDbLine
 10
301.0096228171
 20
315.2676614302
 30
0.0
 11
307.3596228171
 21
315.2676614302
 31
0.0
  0
MTEXT
  5
1CA
330
1C1
100
AcDbEntity
  8
0
  6
Continuous
 62
     7
370
    18
100
AcDbMText
 10
283.9688341435
 20
319.7793983448
 30
0.0
 40
3.5
 41
0.0
 71
     1
 72
     1
  1
8.25
  7
SLDTEXTSTYLE0
 73
     1
 44
1.0
  0
ENDBLK
  5
1C3
330
1C1
100
AcDbEntity
  8
0
100
AcDbBlockEnd
  0
BLOCK
  5
1CE
330
1CD
100
AcDbEntity
  8
0
100
AcDbBlockBegin
  2
_D_6
 70
     0
 10
0.0
 20
0.0
 30
0.0
  3
_D_6
  1

  0
INSERT
  5
1D0
330
1CD
100
AcDbEntity
  8
0
  6
Continuous
 62
     7
370
    18
100
AcDbBlockReference
  2
_Closed
 10
288.4945286739
 20
357.4152652005
 30
0.625
 41
3.556
 42
3.556
 50
90.0
  0
INSERT
  5
1D1
330
1CD
100
AcDbEntity
  8
0
  6
Continuous
 62
     7
370
    18
100
AcDbBlockReference
  2
_Closed
 10
288.4945286739
 20
328.4147652005
 30
0.625
 41
3.556
 42
3.556
 50
270.0
  0
LINE
  5
1D2
330
1CD
100
AcDbEntity
  8
0
  6
Continuous
 62
     7
370
     0
100
AcDbLine
 10
296.7596228171
 20
328.4147652005
 30
0.0
 11
287.4945286739
 21
328.4147652005
 31
0.0
  0
LINE
  5
1D3
330
1CD
100
AcDbEntity
  8
0
  6
Continuous
 62
     7
370
     0
100
AcDbLine
 10
288.4945286739
 20
357.4152652005
 30
0.0
 11
288.4945286739
 21
328.4147652005
 31
0.0
  0
LINE
  5
1D4
330
1CD
100
AcDbEntity
  8
0
  6
Continuous
 62
     7
370
     0
100
AcDbLine
 10
288.4945286739
 20
328.4147652005
 30
0.0
 11
288.4945286739
 21
321.0712103329
 31
0.0
  0
MTEXT
  5
1D5
330
1CD
100
AcDbEntity
  8
0
  6
Continuous
 62
     7
370
    18
100
AcDbMText
 10
283.9827917593
 20
321.0712103329
 30
0.0
 40
3.5
 41
0.0
 71
     1
 72
     1
  1
58.00
  7
SLDTEXTSTYLE0
 11
-7.044195017643634E-15
 21
1.0
 31
0.0
 73
     1
 44
1.0
  0
ENDBLK
  5
1CF
330
1CD
100
AcDbEntity
  8
0
100
AcDbBlockEnd
  0
BLOCK
  5
1D8
330
1D7
100
AcDbEntity
  8
0
100
AcDbBlockBegin
  2
_D_7
 70
     0
 10
0.0
 20
0.0
 30
0.0
  3
_D_7
  1

  0
INSERT
  5
1DA
330
1D7
100
AcDbEntity
  8
0
  6
Continuous
 62
     7
370
    18
100
AcDbBlockReference
  2
_Closed
 10
333.7669208172
 20
234.7657652005
 30
0.625
 41
3.556
 42
3.556
 50
90.0
  0
INSERT
  5
1DB
330
1D7
100
AcDbEntity
  8
0
  6
Continuous
 62
     7
370
    18
100
AcDbBlockReference
  2
_Closed
 10
333.7669208172
 20
205.0152652005
 30
0.625
 41
3.556
 42
3.556
 50
270.0
  0
LINE
  5
1DC
330
1D7
100
AcDbEntity
  8
0
  6
Continuous
 62
     7
370
     0
100
AcDbLine
 10
305.2596228171
 20
234.7657652005
 30
0.0
 11
334.7669208172
 21
234.7657652005
 31
0.0
  0
LINE
  5
1DD
330
1D7
100
AcDbEntity
  8
0
  6
Continuous
 62
     7
370
     0
100
AcDbLine
 10
297.4096628171
 20
205.0152652005
 30
0.0
 11
334.7669208172
 21
205.0152652005
 31
0.0
  0
LINE
  5
1DE
330
1D7
100
AcDbEntity
  8
0
  6
Continuous
 62
     7
370
     0
100
AcDbLine
 10
333.7669208172
 20
234.7657652005
 30
0.0
 11
333.7669208172
 21
248.1645820221
 31
0.0
  0
LINE
  5
1DF
330
1D7
100
AcDbEntity
  8
0
  6
Continuous
 62
     7
370
     0
100
AcDbLine
 10
333.7669208172
 20
234.7657652005
 30
0.0
 11
333.7669208172
 21
205.0152652005
 31
0.0
  0
MTEXT
  5
1E0
330
1D7
100
AcDbEntity
  8
0
  6
Continuous
 62
     7
370
    18
100
AcDbMText
 10
329.2551839027
 20
236.5270815348
 30
0.0
 40
3.5
 41
0.0
 71
     1
 72
     1
  1
59.50
  7
SLDTEXTSTYLE0
 11
-7.044195017643634E-15
 21
1.0
 31
0.0
 73
     1
 44
1.0
  0
ENDBLK
  5
1D9
330
1D7
100
AcDbEntity
  8
0
100
AcDbBlockEnd
  0
BLOCK
  5
1E3
330
1E2
100
AcDbEntity
  8
0
100
AcDbBlockBegin
  2
_D_8
 70
     0
 10
0.0
 20
0.0
 30
0.0
  3
_D_8
  1

  0
INSERT
  5
1E5
330
1E2
100
AcDbEntity
  8
0
  6
Continuous
 62
     7
370
    18
100
AcDbBlockReference
  2
_Closed
 10
296.8846628171
 20
228.8765417414
 30
0.625
 41
3.556
 42
3.556
 50
0.0
  0
INSERT
  5
1E6
330
1E2
100
AcDbEntity
  8
0
  6
Continuous
 62
     7
370
    18
100
AcDbBlockReference
  2
_Closed
 10
301.0096228171
 20
228.8765417414
 30
0.625
 41
3.556
 42
3.556
 50
180.0
  0
LINE
  5
1E7
330
1E2
100
AcDbEntity
  8
0
  6
Continuous
 62
     7
370
     0
100
AcDbLine
 10
301.0096228171
 20
230.5157652005
 30
0.0
 11
301.0096228171
 21
227.8765417414
 31
0.0
  0
LINE
  5
1E8
330
1E2
100
AcDbEntity
  8
0
  6
Continuous
 62
     7
370
     0
100
AcDbLine
 10
296.8846628171
 20
228.8765417414
 30
0.0
 11
282.8758456552
 21
228.8765417414
 31
0.0
  0
LINE
  5
1E9
330
1E2
100
AcDbEntity
  8
0
  6
Continuous
 62
     7
370
     0
100
AcDbLine
 10
296.8846628171
 20
228.8765417414
 30
0.0
 11
301.0096228171
 21
228.8765417414
 31
0.0
  0
LINE
  5
1EA
330
1E2
100
AcDbEntity
  8
0
  6
Continuous
 62
     7
370
     0
100
AcDbLine
 10
301.0096228171
 20
228.8765417414
 30
0.0
 11
307.3596228171
 21
228.8765417414
 31
0.0
  0
MTEXT
  5
1EB
330
1E2
100
AcDbEntity
  8
0
  6
Continuous
 62
     7
370
    18
100
AcDbMText
 10
282.8758456552
 20
233.388278656
 30
0.0
 40
3.5
 41
0.0
 71
     1
 72
     1
  1
8.25
  7
SLDTEXTSTYLE0
 73
     1
 44
1.0
  0
ENDBLK
  5
1E4
330
1E2
100
AcDbEntity
  8
0
100
AcDbBlockEnd
  0
BLOCK
  5
1EE
330
1ED
100
AcDbEntity
  8
0
100
AcDbBlockBegin
  2
_D_9
 70
     0
 10
0.0
 20
0.0
 30
0.0
  3
_D_9
  1

  0
INSERT
  5
1F0
330
1ED
100
AcDbEntity
  8
0
  6
Continuous
 62
     7
370
    18
100
AcDbBlockReference
  2
_Closed
 10
69.4226063544
 20
346.3902652005
 30
0.625
 41
3.556
 42
3.556
 50
90.0
  0
INSERT
  5
1F1
330
1ED
100
AcDbEntity
  8
0
  6
Continuous
 62
     7
370
    18
100
AcDbBlockReference
  2
_Closed
 10
69.4226063544
 20
357.4152652005
 30
0.625
 41
3.556
 42
3.556
 50
270.0
  0
LINE
  5
1F2
330
1ED
100
AcDbEntity
  8
0
  6
Continuous
 62
     7
370
     0
100
AcDbLine
 10
98.1846628171
 20
346.3902652005
 30
0.0
 11
68.4226063544
 21
346.3902652005
 31
0.0
  0
LINE
  5
1F3
330
1ED
100
AcDbEntity
  8
0
  6
Continuous
 62
     7
370
     0
100
AcDbLine
 10
96.1596628171
 20
357.4152652005
 30
0.0
 11
68.4226063544
 21
357.4152652005
 31
0.0
  0
LINE
  5
1F4
330
1ED
100
AcDbEntity
  8
0
  6
Continuous
 62
     7
370
     0
100
AcDbLine
 10
69.4226063544
 20
346.3902652005
 30
0.0
 11
69.4226063544
 21
340.0402652005
 31
0.0
  0
LINE
  5
1F5
330
1ED
100
AcDbEntity
  8
0
  6
Continuous
 62
     7
370
     0
100
AcDbLine
 10
69.4226063544
 20
346.3902652005
 30
0.0
 11
69.4226063544
 21
357.4152652005
 31
0.0
  0
LINE
  5
1F6
330
1ED
100
AcDbEntity
  8
0
  6
Continuous
 62
     7
370
     0
100
AcDbLine
 10
69.4226063544
 20
357.4152652005
 30
0.0
 11
69.4226063544
 21
363.7652652005
 31
0.0
  0
MTEXT
  5
1F7
330
1ED
100
AcDbEntity
  8
0
  6
Continuous
 62
     7
370
    18
100
AcDbMText
 10
64.9108694398
 20
350.8765903188
 30
0.0
 40
3.5
 41
0.0
 71
     1
 72
     1
  1
22.05
  7
SLDTEXTSTYLE0
 11
6.123233995736766E-17
 21
1.0
 31
0.0
 73
     1
 44
1.0
  0
ENDBLK
  5
1EF
330
1ED
100
AcDbEntity
  8
0
100
AcDbBlockEnd
  0
BLOCK
  5
1FA
330
1F9
100
AcDbEntity
  8
0
100
AcDbBlockBegin
  2
_D_10
 70
     0
 10
0.0
 20
0.0
 30
0.0
  3
_D_10
  1

  0
INSERT
  5
1FC
330
1F9
100
AcDbEntity
  8
0
  6
Continuous
 62
     7
370
    18
100
AcDbBlockReference
  2
_Closed
 10
69.6596628171
 20
205.0152652005
 30
0.625
 41
3.556
 42
3.556
 50
90.0
  0
INSERT
  5
1FD
330
1F9
100
AcDbEntity
  8
0
  6
Continuous
 62
     7
370
    18
100
AcDbBlockReference
  2
_Closed
 10
69.6596628171
 20
217.2652652005
 30
0.625
 41
3.556
 42
3.556
 50
270.0
  0
LINE
  5
1FE
330
1F9
100
AcDbEntity
  8
0
  6
Continuous
 62
     7
370
     0
100
AcDbLine
 10
96.1596628171
 20
205.0152652005
 30
0.0
 11
68.6596628171
 21
205.0152652005
 31
0.0
  0
LINE
  5
1FF
330
1F9
100
AcDbEntity
  8
0
  6
Continuous
 62
     7
370
     0
100
AcDbLine
 10
98.1846628171
 20
217.2652652005
 30
0.0
 11
68.6596628171
 21
217.2652652005
 31
0.0
  0
LINE
  5
200
330
1F9
100
AcDbEntity
  8
0
  6
Continuous
 62
     7
370
     0
100
AcDbLine
 10
69.6596628171
 20
205.0152652005
 30
0.0
 11
69.6596628171
 21
198.6652652005
 31
0.0
  0
LINE
  5
201
330
1F9
100
AcDbEntity
  8
0
  6
Continuous
 62
     7
370
     0
100
AcDbLine
 10
69.6596628171
 20
205.0152652005
 30
0.0
 11
69.6596628171
 21
217.2652652005
 31
0.0
  0
LINE
  5
202
330
1F9
100
AcDbEntity
  8
0
  6
Continuous
 62
     7
370
     0
100
AcDbLine
 10
69.6596628171
 20
217.2652652005
 30
0.0
 11
69.6596628171
 21
223.6152652005
 31
0.0
  0
MTEXT
  5
203
330
1F9
100
AcDbEntity
  8
0
  6
Continuous
 62
     7
370
    18
100
AcDbMText
 10
65.1479259025
 20
210.6443913819
 30
0.0
 40
3.5
 41
0.0
 71
     1
 72
     1
  1
24.50
  7
SLDTEXTSTYLE0
 11
6.123233995736766E-17
 21
1.0
 31
0.0
 73
     1
 44
1.0
  0
ENDBLK
  5
1FB
330
1F9
100
AcDbEntity
  8
0
100
AcDbBlockEnd
  0
BLOCK
  5
206
330
205
100
AcDbEntity
  8
0
100
AcDbBlockBegin
  2
_D_11
 70
     0
 10
0.0
 20
0.0
 30
0.0
  3
_D_11
  1

  0
INSERT
  5
208
330
205
100
AcDbEntity
  8
0
  6
Continuous
 62
     7
370
    18
100
AcDbBlockReference
  2
_Closed
 10
96.6846628171
 20
260.9270095812
 30
0.625
 41
3.556
 42
3.556
 50
0.0
  0
INSERT
  5
209
330
205
100
AcDbEntity
  8
0
  6
Continuous
 62
     7
370
    18
100
AcDbBlockReference
  2
_Closed
 10
85.6596628171
 20
260.9270095812
 30
0.625
 41
3.556
 42
3.556
 50
180.0
  0
LINE
  5
20A
330
205
100
AcDbEntity
  8
0
  6
Continuous
 62
     7
370
     0
100
AcDbLine
 10
96.6846628171
 20
260.9270095812
 30
0.0
 11
85.6596628171
 21
260.9270095812
 31
0.0
  0
LINE
  5
20B
330
205
100
AcDbEntity
  8
0
  6
Continuous
 62
     7
370
     0
100
AcDbLine
 10
85.6596628171
 20
260.9270095812
 30
0.0
 11
61.1163669944
 21
260.9270095812
 31
0.0
  0
MTEXT
  5
20C
330
205
100
AcDbEntity
  8
0
  6
Continuous
 62
     7
370
    18
100
AcDbMText
 10
61.1163669944
 20
265.4387464957
 30
0.0
 40
3.5
 41
0.0
 71
     1
 72
     1
  1
22.05
  7
SLDTEXTSTYLE0
 73
     1
 44
1.0
  0
ENDBLK
  5
207
330
205
100
AcDbEntity
  8
0
100
AcDbBlockEnd
  0
BLOCK
  5
210
330
20F
100
AcDbEntity
  8
0
100
AcDbBlockBegin
  2
_D_12
 70
     0
 10
0.0
 20
0.0
 30
0.0
  3
_D_12
  1

  0
INSERT
  5
212
330
20F
100
AcDbEntity
  8
0
  6
Continuous
 62
     7
370
    18
100
AcDbBlockReference
  2
_Closed
 10
96.9946397058
 20
218.5595294202
 30
0.625
 41
3.556
 42
3.556
 50
28.7337874102
  0
LINE
  5
213
330
20F
100
AcDbEntity
  8
0
  6
Continuous
 62
     7
370
     0
100
AcDbLine
 10
96.9946397058
 20
218.5595294202
 30
0.0
 11
117.9698221484
 21
230.059188165
 31
0.0
  0
LINE
  5
214
330
20F
100
AcDbEntity
  8
0
  6
Continuous
 62
     7
370
     0
100
AcDbLine
 10
96.9946397058
 20
218.5595294202
 30
0.0
 11
91.4265607819
 21
215.5068261761
 31
0.0
  0
MTEXT
  5
215
330
20F
100
AcDbEntity
  8
0
  6
Continuous
 62
     7
370
    18
100
AcDbMText
 10
105.3821013819
 20
228.2792420931
 30
0.0
 40
3.5
 41
0.0
 71
     1
 72
     1
  1
R5.00
  7
SLDTEXTSTYLE0
 11
0.8760092445242063
 21
0.4822943121250026
 31
0.0
 73
     1
 44
1.0
  0
ENDBLK
  5
211
330
20F
100
AcDbEntity
  8
0
100
AcDbBlockEnd
  0
BLOCK
  5
218
330
217
100
AcDbEntity
  8
0
100
AcDbBlockBegin
  2
_D_13
 70
     0
 10
0.0
 20
0.0
 30
0.0
  3
_D_13
  1

  0
INSERT
  5
21A
330
217
100
AcDbEntity
  8
0
  6
Continuous
 62
     7
370
    18
100
AcDbBlockReference
  2
_Closed
 10
128.1895367293
 20
217.2652652005
 30
0.625
 41
3.556
 42
3.556
 50
270.0
  0
INSERT
  5
21B
330
217
100
AcDbEntity
  8
0
  6
Continuous
 62
     7
370
    18
100
AcDbBlockReference
  2
_Closed
 10
128.1895367293
 20
346.3902652005
 30
0.625
 41
3.556
 42
3.556
 50
90.0
  0
LINE
  5
21C
330
217
100
AcDbEntity
  8
0
  6
Continuous
 62
     7
370
     0
100
AcDbLine
 10
128.1895367293
 20
217.2652652005
 30
0.0
 11
128.1895367293
 21
346.3902652005
 31
0.0
  0
MTEXT
  5
21D
330
217
100
AcDbEntity
  8
0
  6
Continuous
 62
     7
370
    18
100
AcDbMText
 10
123.6777998147
 20
282.7322646025
 30
0.0
 40
3.5
 41
0.0
 71
     1
 72
     1
  1
258.25
  7
SLDTEXTSTYLE0
 11
6.123233995736766E-17
 21
1.0
 31
0.0
 73
     1
 44
1.0
  0
ENDBLK
  5
219
330
217
100
AcDbEntity
  8
0
100
AcDbBlockEnd
  0
BLOCK
  5
220
330
21F
100
AcDbEntity
  8
0
100
AcDbBlockBegin
  2
_D_14
 70
     0
 10
0.0
 20
0.0
 30
0.0
  3
_D_14
  1

  0
INSERT
  5
222
330
21F
100
AcDbEntity
  8
0
  6
Continuous
 62
     7
370
    18
100
AcDbBlockReference
  2
_Closed
 10
96.6846628171
 20
260.9270095812
 30
0.625
 41
3.556
 42
3.556
 50
180.0
  0
INSERT
  5
223
330
21F
100
AcDbEntity
  8
0
  6
Continuous
 62
     7
370
    18
100
AcDbBlockReference
  2
_Closed
 10
296.8846628171
 20
260.9270095812
 30
0.625
 41
3.556
 42
3.556
 50
0.0
  0
LINE
  5
224
330
21F
100
AcDbEntity
  8
0
  6
Continuous
 62
     7
370
     0
100
AcDbLine
 10
96.6846628171
 20
260.9270095812
 30
0.0
 11
296.8846628171
 21
260.9270095812
 31
0.0
  0
MTEXT
  5
225
330
21F
100
AcDbEntity
  8
0
  6
Continuous
 62
     7
370
    18
100
AcDbMText
 10
233.0147410103
 20
265.4387464957
 30
0.0
 40
3.5
 41
0.0
 71
     1
 72
     1
  1
400.40
  7
SLDTEXTSTYLE0
 73
     1
 44
1.0
  0
ENDBLK
  5
221
330
21F
100
AcDbEntity
  8
0
100
AcDbBlockEnd
  0
BLOCK
  5
227
330
226
100
AcDbEntity
  8
0
100
AcDbBlockBegin
  2
SW_CENTERMARKSYMBOL_0
 70
     0
 10
0.0
 20
0.0
 30
0.0
  3
SW_CENTERMARKSYMBOL_0
  1

  0
LINE
  5
229
330
226
100
AcDbEntity
  8
0
  6
Continuous
 62
     0
370
    18
100
AcDbLine
 10
0.0
 20
0.0
 30
0.0
 11
0.0
 21
1.25
 31
0.0
  0
LINE
  5
22A
330
226
100
AcDbEntity
  8
0
  6
Continuous
 62
     0
370
    18
100
AcDbLine
 10
0.0
 20
0.0
 30
0.0
 11
-1.25
 21
0.0
 31
0.0
  0
LINE
  5
22B
330
226
100
AcDbEntity
  8
0
  6
Continuous
 62
     0
370
    18
100
AcDbLine
 10
0.0
 20
0.0
 30
0.0
 11
0.0
 21
-1.25
 31
0.0
  0
LINE
  5
22C
330
226
100
AcDbEntity
  8
0
  6
Continuous
 62
     0
370
    18
100
AcDbLine
 10
0.0
 20
0.0
 30
0.0
 11
1.25
 21
0.0
 31
0.0
  0
LINE
  5
22D
330
226
100
AcDbEntity
  8
0
  6
Continuous
 62
     0
370
    18
100
AcDbLine
 10
0.0
 20
2.5
 30
0.0
 11
0.0
 21
3.25
 31
0.0
  0
LINE
  5
22E
330
226
100
AcDbEntity
  8
0
  6
Continuous
 62
     0
370
    18
100
AcDbLine
 10
-2.5
 20
0.0
 30
0.0
 11
-3.25
 21
0.0
 31
0.0
  0
LINE
  5
22F
330
226
100
AcDbEntity
  8
0
  6
Continuous
 62
     0
370
    18
100
AcDbLine
 10
0.0
 20
-2.5
 30
0.0
 11
0.0
 21
-3.25
 31
0.0
  0
LINE
  5
230
330
226
100
AcDbEntity
  8
0
  6
Continuous
 62
     0
370
    18
100
AcDbLine
 10
2.5
 20
0.0
 30
0.0
 11
3.25
 21
0.0
 31
0.0
  0
ENDBLK
  5
228
330
226
100
AcDbEntity
  8
0
100
AcDbBlockEnd
  0
BLOCK
  5
233
330
232
100
AcDbEntity
  8
0
100
AcDbBlockBegin
  2
SW_CENTERMARKSYMBOL_1
 70
     0
 10
0.0
 20
0.0
 30
0.0
  3
SW_CENTERMARKSYMBOL_1
  1

  0
LINE
  5
235
330
232
100
AcDbEntity
  8
0
  6
Continuous
 62
     0
370
    18
100
AcDbLine
 10
0.0
 20
0.0
 30
0.0
 11
0.0
 21
1.25
 31
0.0
  0
LINE
  5
236
330
232
100
AcDbEntity
  8
0
  6
Continuous
 62
     0
370
    18
100
AcDbLine
 10
0.0
 20
0.0
 30
0.0
 11
-1.25
 21
0.0
 31
0.0
  0
LINE
  5
237
330
232
100
AcDbEntity
  8
0
  6
Continuous
 62
     0
370
    18
100
AcDbLine
 10
0.0
 20
0.0
 30
0.0
 11
0.0
 21
-1.25
 31
0.0
  0
LINE
  5
238
330
232
100
AcDbEntity
  8
0
  6
Continuous
 62
     0
370
    18
100
AcDbLine
 10
0.0
 20
0.0
 30
0.0
 11
1.25
 21
0.0
 31
0.0
  0
LINE
  5
239
330
232
100
AcDbEntity
  8
0
  6
Continuous
 62
     0
370
    18
100
AcDbLine
 10
0.0
 20
2.5
 30
0.0
 11
0.0
 21
3.25
 31
0.0
  0
LINE
  5
23A
330
232
100
AcDbEntity
  8
0
  6
Continuous
 62
     0
370
    18
100
AcDbLine
 10
-2.5
 20
0.0
 30
0.0
 11
-3.25
 21
0.0
 31
0.0
  0
LINE
  5
23B
330
232
100
AcDbEntity
  8
0
  6
Continuous
 62
     0
370
    18
100
AcDbLine
 10
0.0
 20
-2.5
 30
0.0
 11
0.0
 21
-3.25
 31
0.0
  0
LINE
  5
23C
330
232
100
AcDbEntity
  8
0
  6
Continuous
 62
     0
370
    18
100
AcDbLine
 10
2.5
 20
0.0
 30
0.0
 11
3.25
 21
0.0
 31
0.0
  0
ENDBLK
  5
234
330
232
100
AcDbEntity
  8
0
100
AcDbBlockEnd
  0
BLOCK
  5
23F
330
23E
100
AcDbEntity
  8
0
100
AcDbBlockBegin
  2
SW_CENTERMARKSYMBOL_2
 70
     0
 10
0.0
 20
0.0
 30
0.0
  3
SW_CENTERMARKSYMBOL_2
  1

  0
LINE
  5
241
330
23E
100
AcDbEntity
  8
0
  6
Continuous
 62
     0
370
    18
100
AcDbLine
 10
0.0
 20
0.0
 30
0.0
 11
0.0
 21
1.25
 31
0.0
  0
LINE
  5
242
330
23E
100
AcDbEntity
  8
0
  6
Continuous
 62
     0
370
    18
100
AcDbLine
 10
0.0
 20
0.0
 30
0.0
 11
-1.25
 21
0.0
 31
0.0
  0
LINE
  5
243
330
23E
100
AcDbEntity
  8
0
  6
Continuous
 62
     0
370
    18
100
AcDbLine
 10
0.0
 20
0.0
 30
0.0
 11
0.0
 21
-1.25
 31
0.0
  0
LINE
  5
244
330
23E
100
AcDbEntity
  8
0
  6
Continuous
 62
     0
370
    18
100
AcDbLine
 10
0.0
 20
0.0
 30
0.0
 11
1.25
 21
0.0
 31
0.0
  0
LINE
  5
245
330
23E
100
AcDbEntity
  8
0
  6
Continuous
 62
     0
370
    18
100
AcDbLine
 10
0.0
 20
2.5
 30
0.0
 11
0.0
 21
3.25
 31
0.0
  0
LINE
  5
246
330
23E
100
AcDbEntity
  8
0
  6
Continuous
 62
     0
370
    18
100
AcDbLine
 10
-2.5
 20
0.0
 30
0.0
 11
-3.25
 21
0.0
 31
0.0
  0
LINE
  5
247
330
23E
100
AcDbEntity
  8
0
  6
Continuous
 62
     0
370
    18
100
AcDbLine
 10
0.0
 20
-2.5
 30
0.0
 11
0.0
 21
-3.25
 31
0.0
  0
LINE
  5
248
330
23E
100
AcDbEntity
  8
0
  6
Continuous
 62
     0
370
    18
100
AcDbLine
 10
2.5
 20
0.0
 30
0.0
 11
3.25
 21
0.0
 31
0.0
  0
ENDBLK
  5
240
330
23E
100
AcDbEntity
  8
0
100
AcDbBlockEnd
  0
BLOCK
  5
24B
330
24A
100
AcDbEntity
  8
0
100
AcDbBlockBegin
  2
SW_CENTERMARKSYMBOL_3
 70
     0
 10
0.0
 20
0.0
 30
0.0
  3
SW_CENTERMARKSYMBOL_3
  1

  0
LINE
  5
24D
330
24A
100
AcDbEntity
  8
0
  6
Continuous
 62
     0
370
    18
100
AcDbLine
 10
0.0
 20
0.0
 30
0.0
 11
0.0
 21
1.25
 31
0.0
  0
LINE
  5
24E
330
24A
100
AcDbEntity
  8
0
  6
Continuous
 62
     0
370
    18
100
AcDbLine
 10
0.0
 20
0.0
 30
0.0
 11
-1.25
 21
0.0
 31
0.0
  0
LINE
  5
24F
330
24A
100
AcDbEntity
  8
0
  6
Continuous
 62
     0
370
    18
100
AcDbLine
 10
0.0
 20
0.0
 30
0.0
 11
0.0
 21
-1.25
 31
0.0
  0
LINE
  5
250
330
24A
100
AcDbEntity
  8
0
  6
Continuous
 62
     0
370
    18
100
AcDbLine
 10
0.0
 20
0.0
 30
0.0
 11
1.25
 21
0.0
 31
0.0
  0
LINE
  5
251
330
24A
100
AcDbEntity
  8
0
  6
Continuous
 62
     0
370
    18
100
AcDbLine
 10
0.0
 20
2.5
 30
0.0
 11
0.0
 21
3.25
 31
0.0
  0
LINE
  5
252
330
24A
100
AcDbEntity
  8
0
  6
Continuous
 62
     0
370
    18
100
AcDbLine
 10
-2.5
 20
0.0
 30
0.0
 11
-3.25
 21
0.0
 31
0.0
  0
LINE
  5
253
330
24A
100
AcDbEntity
  8
0
  6
Continuous
 62
     0
370
    18
100
AcDbLine
 10
0.0
 20
-2.5
 30
0.0
 11
0.0
 21
-3.25
 31
0.0
  0
LINE
  5
254
330
24A
100
AcDbEntity
  8
0
  6
Continuous
 62
     0
370
    18
100
AcDbLine
 10
2.5
 20
0.0
 30
0.0
 11
3.25
 21
0.0
 31
0.0
  0
ENDBLK
  5
24C
330
24A
100
AcDbEntity
  8
0
100
AcDbBlockEnd
  0
BLOCK
  5
257
330
256
100
AcDbEntity
  8
0
100
AcDbBlockBegin
  2
SW_CENTERMARKSYMBOL_4
 70
     0
 10
0.0
 20
0.0
 30
0.0
  3
SW_CENTERMARKSYMBOL_4
  1

  0
LINE
  5
259
330
256
100
AcDbEntity
  8
0
  6
Continuous
 62
     0
370
    18
100
AcDbLine
 10
0.0
 20
0.0
 30
0.0
 11
0.0
 21
1.25
 31
0.0
  0
LINE
  5
25A
330
256
100
AcDbEntity
  8
0
  6
Continuous
 62
     0
370
    18
100
AcDbLine
 10
0.0
 20
0.0
 30
0.0
 11
-1.25
 21
0.0
 31
0.0
  0
LINE
  5
25B
330
256
100
AcDbEntity
  8
0
  6
Continuous
 62
     0
370
    18
100
AcDbLine
 10
0.0
 20
0.0
 30
0.0
 11
0.0
 21
-1.25
 31
0.0
  0
LINE
  5
25C
330
256
100
AcDbEntity
  8
0
  6
Continuous
 62
     0
370
    18
100
AcDbLine
 10
0.0
 20
0.0
 30
0.0
 11
1.25
 21
0.0
 31
0.0
  0
LINE
  5
25D
330
256
100
AcDbEntity
  8
0
  6
Continuous
 62
     0
370
    18
100
AcDbLine
 10
0.0
 20
2.5
 30
0.0
 11
0.0
 21
7.275
 31
0.0
  0
LINE
  5
25E
330
256
100
AcDbEntity
  8
0
  6
Continuous
 62
     0
370
    18
100
AcDbLine
 10
-2.5
 20
0.0
 30
0.0
 11
-7.275
 21
0.0
 31
0.0
  0
LINE
  5
25F
330
256
100
AcDbEntity
  8
0
  6
Continuous
 62
     0
370
    18
100
AcDbLine
 10
0.0
 20
-2.5
 30
0.0
 11
0.0
 21
-7.275
 31
0.0
  0
LINE
  5
260
330
256
100
AcDbEntity
  8
0
  6
Continuous
 62
     0
370
    18
100
AcDbLine
 10
2.5
 20
0.0
 30
0.0
 11
7.275
 21
0.0
 31
0.0
  0
ENDBLK
  5
258
330
256
100
AcDbEntity
  8
0
100
AcDbBlockEnd
  0
BLOCK
  5
2BD
330
2BC
100
AcDbEntity
  8
0
100
AcDbBlockBegin
  2
_D_15
 70
     0
 10
0.0
 20
0.0
 30
0.0
  3
_D_15
  1

  0
INSERT
  5
2BF
330
2BC
100
AcDbEntity
  8
0
  6
Continuous
 62
     7
370
    18
100
AcDbBlockReference
  2
_Closed
 10
554.1708749079
 20
380.2740738625
 30
0.625
 41
3.556
 42
3.556
 50
90.0
  0
INSERT
  5
2C0
330
2BC
100
AcDbEntity
  8
0
  6
Continuous
 62
     7
370
    18
100
AcDbBlockReference
  2
_Closed
 10
554.1708749079
 20
158.0240738625
 30
0.625
 41
3.556
 42
3.556
 50
270.0
  0
LINE
  5
2C1
330
2BC
100
AcDbEntity
  8
0
  6
Continuous
 62
     7
370
     0
100
AcDbLine
 10
488.2041749079
 20
380.2740738625
 30
0.0
 11
555.1708749079
 21
380.2740738625
 31
0.0
  0
LINE
  5
2C2
330
2BC
100
AcDbEntity
  8
0
  6
Continuous
 62
     7
370
     0
100
AcDbLine
 10
488.2041749079
 20
158.0240738625
 30
0.0
 11
555.1708749079
 21
158.0240738625
 31
0.0
  0
LINE
  5
2C3
330
2BC
100
AcDbEntity
  8
0
  6
Continuous
 62
     7
370
     0
100
AcDbLine
 10
554.1708749079
 20
380.2740738625
 30
0.0
 11
554.1708749079
 21
158.0240738625
 31
0.0
  0
MTEXT
  5
2C4
330
2BC
100
AcDbEntity
  8
0
  6
Continuous
 62
     7
370
    18
100
AcDbMText
 10
549.6591379933
 20
243.7796847626
 30
0.0
 40
3.5
 41
0.0
 71
     1
 72
     1
  1
444.50
  7
SLDTEXTSTYLE0
 11
-7.044195017643634E-15
 21
1.0
 31
0.0
 73
     1
 44
1.0
  0
ENDBLK
  5
2BE
330
2BC
100
AcDbEntity
  8
0
100
AcDbBlockEnd
  0
BLOCK
  5
2C7
330
2C6
100
AcDbEntity
  8
0
100
AcDbBlockBegin
  2
_D_16
 70
     0
 10
0.0
 20
0.0
 30
0.0
  3
_D_16
  1

  0
INSERT
  5
2C9
330
2C6
100
AcDbEntity
  8
0
  6
Continuous
 62
     7
370
    18
100
AcDbBlockReference
  2
_Closed
 10
538.1708749079
 20
124.0240738625
 30
0.625
 41
3.556
 42
3.556
 50
0.0
  0
INSERT
  5
2CA
330
2C6
100
AcDbEntity
  8
0
  6
Continuous
 62
     7
370
    18
100
AcDbBlockReference
  2
_Closed
 10
385.7708749079
 20
124.0240738625
 30
0.625
 41
3.556
 42
3.556
 50
180.0
  0
LINE
  5
2CB
330
2C6
100
AcDbEntity
  8
0
  6
Continuous
 62
     7
370
     0
100
AcDbLine
 10
538.1708749079
 20
215.2115738625
 30
0.0
 11
538.1708749079
 21
123.0240738625
 31
0.0
  0
LINE
  5
2CC
330
2C6
100
AcDbEntity
  8
0
  6
Continuous
 62
     7
370
     0
100
AcDbLine
 10
385.7708749079
 20
215.2115738625
 30
0.0
 11
385.7708749079
 21
123.0240738625
 31
0.0
  0
LINE
  5
2CD
330
2C6
100
AcDbEntity
  8
0
  6
Continuous
 62
     7
370
     0
100
AcDbLine
 10
538.1708749079
 20
124.0240738625
 30
0.0
 11
385.7708749079
 21
124.0240738625
 31
0.0
  0
MTEXT
  5
2CE
330
2C6
100
AcDbEntity
  8
0
  6
Continuous
 62
     7
370
    18
100
AcDbMText
 10
452.8550945968
 20
128.5358107771
 30
0.0
 40
3.5
 41
0.0
 71
     1
 72
     1
  1
304.80
  7
SLDTEXTSTYLE0
 73
     1
 44
1.0
  0
ENDBLK
  5
2C8
330
2C6
100
AcDbEntity
  8
0
100
AcDbBlockEnd
  0
BLOCK
  5
2D1
330
2D0
100
AcDbEntity
  8
0
100
AcDbBlockBegin
  2
_D_17
 70
     0
 10
0.0
 20
0.0
 30
0.0
  3
_D_17
  1

  0
INSERT
  5
2D3
330
2D0
100
AcDbEntity
  8
0
  6
Continuous
 62
     7
370
    18
100
AcDbBlockReference
  2
_Closed
 10
376.5372770756
 20
378.7740738625
 30
0.625
 41
3.556
 42
3.556
 50
270.0
  0
INSERT
  5
2D4
330
2D0
100
AcDbEntity
  8
0
  6
Continuous
 62
     7
370
    18
100
AcDbBlockReference
  2
_Closed
 10
376.5372770756
 20
368.7740738625
 30
0.625
 41
3.556
 42
3.556
 50
90.0
  0
LINE
  5
2D5
330
2D0
100
AcDbEntity
  8
0
  6
Continuous
 62
     7
370
     0
100
AcDbLine
 10
386.2708749079
 20
378.7740738625
 30
0.0
 11
375.5372770756
 21
378.7740738625
 31
0.0
  0
LINE
  5
2D6
330
2D0
100
AcDbEntity
  8
0
  6
Continuous
 62
     7
370
     0
100
AcDbLine
 10
384.7708749079
 20
368.7740738625
 30
0.0
 11
375.5372770756
 21
368.7740738625
 31
0.0
  0
LINE
  5
2D7
330
2D0
100
AcDbEntity
  8
0
  6
Continuous
 62
     7
370
     0
100
AcDbLine
 10
376.5372770756
 20
378.7740738625
 30
0.0
 11
376.5372770756
 21
385.1240738625
 31
0.0
  0
LINE
  5
2D8
330
2D0
100
AcDbEntity
  8
0
  6
Continuous
 62
     7
370
     0
100
AcDbLine
 10
376.5372770756
 20
378.7740738625
 30
0.0
 11
376.5372770756
 21
368.7740738625
 31
0.0
  0
LINE
  5
2D9
330
2D0
100
AcDbEntity
  8
0
  6
Continuous
 62
     7
370
     0
100
AcDbLine
 10
376.5372770756
 20
368.7740738625
 30
0.0
 11
376.5372770756
 21
362.4240738625
 31
0.0
  0
MTEXT
  5
2DA
330
2D0
100
AcDbEntity
  8
0
  6
Continuous
 62
     7
370
    18
100
AcDbMText
 10
372.025540161
 20
366.1413836778
 30
0.0
 40
3.5
 41
0.0
 71
     1
 72
     1
  1
20.00
  7
SLDTEXTSTYLE0
 11
-7.044195017643634E-15
 21
1.0
 31
0.0
 73
     1
 44
1.0
  0
ENDBLK
  5
2D2
330
2D0
100
AcDbEntity
  8
0
100
AcDbBlockEnd
  0
BLOCK
  5
2DD
330
2DC
100
AcDbEntity
  8
0
100
AcDbBlockBegin
  2
_D_18
 70
     0
 10
0.0
 20
0.0
 30
0.0
  3
_D_18
  1

  0
INSERT
  5
2DF
330
2DC
100
AcDbEntity
  8
0
  6
Continuous
 62
     7
370
    18
100
AcDbBlockReference
  2
_Closed
 10
397.2708749079
 20
390.1987984604
 30
0.625
 41
3.556
 42
3.556
 50
180.0
  0
INSERT
  5
2E0
330
2DC
100
AcDbEntity
  8
0
  6
Continuous
 62
     7
370
    18
100
AcDbBlockReference
  2
_Closed
 10
387.2708749079
 20
390.1987984604
 30
0.625
 41
3.556
 42
3.556
 50
0.0
  0
LINE
  5
2E1
330
2DC
100
AcDbEntity
  8
0
  6
Continuous
 62
     7
370
     0
100
AcDbLine
 10
397.2708749079
 20
381.2740738625
 30
0.0
 11
397.2708749079
 21
391.1987984604
 31
0.0
  0
LINE
  5
2E2
330
2DC
100
AcDbEntity
  8
0
  6
Continuous
 62
     7
370
     0
100
AcDbLine
 10
387.2708749079
 20
379.7740738625
 30
0.0
 11
387.2708749079
 21
391.1987984604
 31
0.0
  0
LINE
  5
2E3
330
2DC
100
AcDbEntity
  8
0
  6
Continuous
 62
     7
370
     0
100
AcDbLine
 10
397.2708749079
 20
390.1987984604
 30
0.0
 11
403.6208749079
 21
390.1987984604
 31
0.0
  0
LINE
  5
2E4
330
2DC
100
AcDbEntity
  8
0
  6
Continuous
 62
     7
370
     0
100
AcDbLine
 10
397.2708749079
 20
390.1987984604
 30
0.0
 11
387.2708749079
 21
390.1987984604
 31
0.0
  0
LINE
  5
2E5
330
2DC
100
AcDbEntity
  8
0
  6
Continuous
 62
     7
370
     0
100
AcDbLine
 10
387.2708749079
 20
390.1987984604
 30
0.0
 11
380.9208749079
 21
390.1987984604
 31
0.0
  0
MTEXT
  5
2E6
330
2DC
100
AcDbEntity
  8
0
  6
Continuous
 62
     7
370
    18
100
AcDbMText
 10
388.2899231561
 20
394.710535375
 30
0.0
 40
3.5
 41
0.0
 71
     1
 72
     1
  1
20.00
  7
SLDTEXTSTYLE0
 73
     1
 44
1.0
  0
ENDBLK
  5
2DE
330
2DC
100
AcDbEntity
  8
0
100
AcDbBlockEnd
  0
BLOCK
  5
2E9
330
2E8
100
AcDbEntity
  8
0
100
AcDbBlockBegin
  2
_D_19
 70
     0
 10
0.0
 20
0.0
 30
0.0
  3
_D_19
  1

  0
INSERT
  5
2EB
330
2E8
100
AcDbEntity
  8
0
  6
Continuous
 62
     7
370
    18
100
AcDbBlockReference
  2
_Closed
 10
397.2708749079
 20
398.4284397768
 30
0.625
 41
3.556
 42
3.556
 50
0.0
  0
INSERT
  5
2EC
330
2E8
100
AcDbEntity
  8
0
  6
Continuous
 62
     7
370
    18
100
AcDbBlockReference
  2
_Closed
 10
409.7708749079
 20
398.4284397768
 30
0.625
 41
3.556
 42
3.556
 50
180.0
  0
LINE
  5
2ED
330
2E8
100
AcDbEntity
  8
0
  6
Continuous
 62
     7
370
     0
100
AcDbLine
 10
397.2708749079
 20
381.2740738625
 30
0.0
 11
397.2708749079
 21
399.4284397768
 31
0.0
  0
LINE
  5
2EE
330
2E8
100
AcDbEntity
  8
0
  6
Continuous
 62
     7
370
     0
100
AcDbLine
 10
409.7708749079
 20
381.2740738625
 30
0.0
 11
409.7708749079
 21
399.4284397768
 31
0.0
  0
LINE
  5
2EF
330
2E8
100
AcDbEntity
  8
0
  6
Continuous
 62
     7
370
     0
100
AcDbLine
 10
397.2708749079
 20
398.4284397768
 30
0.0
 11
390.9208749079
 21
398.4284397768
 31
0.0
  0
LINE
  5
2F0
330
2E8
100
AcDbEntity
  8
0
  6
Continuous
 62
     7
370
     0
100
AcDbLine
 10
397.2708749079
 20
398.4284397768
 30
0.0
 11
409.7708749079
 21
398.4284397768
 31
0.0
  0
LINE
  5
2F1
330
2E8
100
AcDbEntity
  8
0
  6
Continuous
 62
     7
370
     0
100
AcDbLine
 10
409.7708749079
 20
398.4284397768
 30
0.0
 11
416.1208749079
 21
398.4284397768
 31
0.0
  0
MTEXT
  5
2F2
330
2E8
100
AcDbEntity
  8
0
  6
Continuous
 62
     7
370
    18
100
AcDbMText
 10
398.521369117
 20
402.9401766914
 30
0.0
 40
3.5
 41
0.0
 71
     1
 72
     1
  1
25.00
  7
SLDTEXTSTYLE0
 73
     1
 44
1.0
  0
ENDBLK
  5
2EA
330
2E8
100
AcDbEntity
  8
0
100
AcDbBlockEnd
  0
BLOCK
  5
2F5
330
2F4
100
AcDbEntity
  8
0
100
AcDbBlockBegin
  2
_D_20
 70
     0
 10
0.0
 20
0.0
 30
0.0
  3
_D_20
  1

  0
INSERT
  5
2F7
330
2F4
100
AcDbEntity
  8
0
  6
Continuous
 62
     7
370
    18
100
AcDbBlockReference
  2
_Closed
 10
435.9875249079
 20
390.4212211987
 30
0.625
 41
3.556
 42
3.556
 50
0.0
  0
INSERT
  5
2F8
330
2F4
100
AcDbEntity
  8
0
  6
Continuous
 62
     7
370
    18
100
AcDbBlockReference
  2
_Closed
 10
409.7708749079
 20
390.4212211987
 30
0.625
 41
3.556
 42
3.556
 50
180.0
  0
LINE
  5
2F9
330
2F4
100
AcDbEntity
  8
0
  6
Continuous
 62
     7
370
     0
100
AcDbLine
 10
435.9875249079
 20
381.2740738625
 30
0.0
 11
435.9875249079
 21
391.4212211987
 31
0.0
  0
LINE
  5
2FA
330
2F4
100
AcDbEntity
  8
0
  6
Continuous
 62
     7
370
     0
100
AcDbLine
 10
409.7708749079
 20
381.2740738625
 30
0.0
 11
409.7708749079
 21
391.4212211987
 31
0.0
  0
LINE
  5
2FB
330
2F4
100
AcDbEntity
  8
0
  6
Continuous
 62
     7
370
     0
100
AcDbLine
 10
435.9875249079
 20
390.4212211987
 30
0.0
 11
409.7708749079
 21
390.4212211987
 31
0.0
  0
MTEXT
  5
2FC
330
2F4
100
AcDbEntity
  8
0
  6
Continuous
 62
     7
370
    18
100
AcDbMText
 10
418.0945700856
 20
394.9329581133
 30
0.0
 40
3.5
 41
0.0
 71
     1
 72
     1
  1
52.43
  7
SLDTEXTSTYLE0
 73
     1
 44
1.0
  0
ENDBLK
  5
2F6
330
2F4
100
AcDbEntity
  8
0
100
AcDbBlockEnd
  0
BLOCK
  5
2FF
330
2FE
100
AcDbEntity
  8
0
100
AcDbBlockBegin
  2
_D_21
 70
     0
 10
0.0
 20
0.0
 30
0.0
  3
_D_21
  1

  0
INSERT
  5
301
330
2FE
100
AcDbEntity
  8
0
  6
Continuous
 62
     7
370
    18
100
AcDbBlockReference
  2
_Closed
 10
435.9875249079
 20
397.7611715619
 30
0.625
 41
3.556
 42
3.556
 50
0.0
  0
INSERT
  5
302
330
2FE
100
AcDbEntity
  8
0
  6
Continuous
 62
     7
370
    18
100
AcDbBlockReference
  2
_Closed
 10
448.4875249079
 20
397.7611715619
 30
0.625
 41
3.556
 42
3.556
 50
180.0
  0
LINE
  5
303
330
2FE
100
AcDbEntity
  8
0
  6
Continuous
 62
     7
370
     0
100
AcDbLine
 10
435.9875249079
 20
381.2740738625
 30
0.0
 11
435.9875249079
 21
398.7611715619
 31
0.0
  0
LINE
  5
304
330
2FE
100
AcDbEntity
  8
0
  6
Continuous
 62
     7
370
     0
100
AcDbLine
 10
448.4875249079
 20
381.2740738625
 30
0.0
 11
448.4875249079
 21
398.7611715619
 31
0.0
  0
LINE
  5
305
330
2FE
100
AcDbEntity
  8
0
  6
Continuous
 62
     7
370
     0
100
AcDbLine
 10
435.9875249079
 20
397.7611715619
 30
0.0
 11
429.6375249079
 21
397.7611715619
 31
0.0
  0
LINE
  5
306
330
2FE
100
AcDbEntity
  8
0
  6
Continuous
 62
     7
370
     0
100
AcDbLine
 10
435.9875249079
 20
397.7611715619
 30
0.0
 11
448.4875249079
 21
397.7611715619
 31
0.0
  0
LINE
  5
307
330
2FE
100
AcDbEntity
  8
0
  6
Continuous
 62
     7
370
     0
100
AcDbLine
 10
448.4875249079
 20
397.7611715619
 30
0.0
 11
454.8375249079
 21
397.7611715619
 31
0.0
  0
MTEXT
  5
308
330
2FE
100
AcDbEntity
  8
0
  6
Continuous
 62
     7
370
    18
100
AcDbMText
 10
438.1126165309
 20
402.2729084765
 30
0.0
 40
3.5
 41
0.0
 71
     1
 72
     1
  1
25.00
  7
SLDTEXTSTYLE0
 73
     1
 44
1.0
  0
ENDBLK
  5
300
330
2FE
100
AcDbEntity
  8
0
100
AcDbBlockEnd
  0
BLOCK
  5
30B
330
30A
100
AcDbEntity
  8
0
100
AcDbBlockBegin
  2
_D_22
 70
     0
 10
0.0
 20
0.0
 30
0.0
  3
_D_22
  1

  0
INSERT
  5
30D
330
30A
100
AcDbEntity
  8
0
  6
Continuous
 62
     7
370
    18
100
AcDbBlockReference
  2
_Closed
 10
535.9208749079
 20
390.2740738625
 30
0.625
 41
3.556
 42
3.556
 50
180.0
  0
INSERT
  5
30E
330
30A
100
AcDbEntity
  8
0
  6
Continuous
 62
     7
370
    18
100
AcDbBlockReference
  2
_Closed
 10
525.9208749079
 20
390.2740738625
 30
0.625
 41
3.556
 42
3.556
 50
0.0
  0
LINE
  5
30F
330
30A
100
AcDbEntity
  8
0
  6
Continuous
 62
     7
370
     0
100
AcDbLine
 10
535.9208749079
 20
379.7740738625
 30
0.0
 11
535.9208749079
 21
391.2740738625
 31
0.0
  0
LINE
  5
310
330
30A
100
AcDbEntity
  8
0
  6
Continuous
 62
     7
370
     0
100
AcDbLine
 10
525.9208749079
 20
381.2740738625
 30
0.0
 11
525.9208749079
 21
391.2740738625
 31
0.0
  0
LINE
  5
311
330
30A
100
AcDbEntity
  8
0
  6
Continuous
 62
     7
370
     0
100
AcDbLine
 10
535.9208749079
 20
390.2740738625
 30
0.0
 11
542.2708749079
 21
390.2740738625
 31
0.0
  0
LINE
  5
312
330
30A
100
AcDbEntity
  8
0
  6
Continuous
 62
     7
370
     0
100
AcDbLine
 10
535.9208749079
 20
390.2740738625
 30
0.0
 11
525.9208749079
 21
390.2740738625
 31
0.0
  0
LINE
  5
313
330
30A
100
AcDbEntity
  8
0
  6
Continuous
 62
     7
370
     0
100
AcDbLine
 10
525.9208749079
 20
390.2740738625
 30
0.0
 11
519.5708749079
 21
390.2740738625
 31
0.0
  0
MTEXT
  5
314
330
30A
100
AcDbEntity
  8
0
  6
Continuous
 62
     7
370
    18
100
AcDbMText
 10
527.0817118429
 20
394.7858107771
 30
0.0
 40
3.5
 41
0.0
 71
     1
 72
     1
  1
20.00
  7
SLDTEXTSTYLE0
 73
     1
 44
1.0
  0
ENDBLK
  5
30C
330
30A
100
AcDbEntity
  8
0
100
AcDbBlockEnd
  0
BLOCK
  5
317
330
316
100
AcDbEntity
  8
0
100
AcDbBlockBegin
  2
_D_23
 70
     0
 10
0.0
 20
0.0
 30
0.0
  3
_D_23
  1

  0
INSERT
  5
319
330
316
100
AcDbEntity
  8
0
  6
Continuous
 62
     7
370
    18
100
AcDbBlockReference
  2
_Closed
 10
513.4208749079
 20
397.7611715619
 30
0.625
 41
3.556
 42
3.556
 50
0.0
  0
INSERT
  5
31A
330
316
100
AcDbEntity
  8
0
  6
Continuous
 62
     7
370
    18
100
AcDbBlockReference
  2
_Closed
 10
525.9208749079
 20
397.7611715619
 30
0.625
 41
3.556
 42
3.556
 50
180.0
  0
LINE
  5
31B
330
316
100
AcDbEntity
  8
0
  6
Continuous
 62
     7
370
     0
100
AcDbLine
 10
513.4208749079
 20
381.2740738625
 30
0.0
 11
513.4208749079
 21
398.7611715619
 31
0.0
  0
LINE
  5
31C
330
316
100
AcDbEntity
  8
0
  6
Continuous
 62
     7
370
     0
100
AcDbLine
 10
525.9208749079
 20
381.2740738625
 30
0.0
 11
525.9208749079
 21
398.7611715619
 31
0.0
  0
LINE
  5
31D
330
316
100
AcDbEntity
  8
0
  6
Continuous
 62
     7
370
     0
100
AcDbLine
 10
513.4208749079
 20
397.7611715619
 30
0.0
 11
507.0708749079
 21
397.7611715619
 31
0.0
  0
LINE
  5
31E
330
316
100
AcDbEntity
  8
0
  6
Continuous
 62
     7
370
     0
100
AcDbLine
 10
513.4208749079
 20
397.7611715619
 30
0.0
 11
525.9208749079
 21
397.7611715619
 31
0.0
  0
LINE
  5
31F
330
316
100
AcDbEntity
  8
0
  6
Continuous
 62
     7
370
     0
100
AcDbLine
 10
525.9208749079
 20
397.7611715619
 30
0.0
 11
532.2708749079
 21
397.7611715619
 31
0.0
  0
MTEXT
  5
320
330
316
100
AcDbEntity
  8
0
  6
Continuous
 62
     7
370
    18
100
AcDbMText
 10
508.8430473039
 20
402.2729084765
 30
0.0
 40
3.5
 41
0.0
 71
     1
 72
     1
  1
25.00
  7
SLDTEXTSTYLE0
 73
     1
 44
1.0
  0
ENDBLK
  5
318
330
316
100
AcDbEntity
  8
0
100
AcDbBlockEnd
  0
BLOCK
  5
323
330
322
100
AcDbEntity
  8
0
100
AcDbBlockBegin
  2
_D_24
 70
     0
 10
0.0
 20
0.0
 30
0.0
  3
_D_24
  1

  0
INSERT
  5
325
330
322
100
AcDbEntity
  8
0
  6
Continuous
 62
     7
370
    18
100
AcDbBlockReference
  2
_Closed
 10
513.4208749079
 20
390.4212211987
 30
0.625
 41
3.556
 42
3.556
 50
0.0
  0
INSERT
  5
326
330
322
100
AcDbEntity
  8
0
  6
Continuous
 62
     7
370
    18
100
AcDbBlockReference
  2
_Closed
 10
487.2041749079
 20
390.4212211987
 30
0.625
 41
3.556
 42
3.556
 50
180.0
  0
LINE
  5
327
330
322
100
AcDbEntity
  8
0
  6
Continuous
 62
     7
370
     0
100
AcDbLine
 10
513.4208749079
 20
381.2740738625
 30
0.0
 11
513.4208749079
 21
391.4212211987
 31
0.0
  0
LINE
  5
328
330
322
100
AcDbEntity
  8
0
  6
Continuous
 62
     7
370
     0
100
AcDbLine
 10
487.2041749079
 20
381.2740738625
 30
0.0
 11
487.2041749079
 21
391.4212211987
 31
0.0
  0
LINE
  5
329
330
322
100
AcDbEntity
  8
0
  6
Continuous
 62
     7
370
     0
100
AcDbLine
 10
513.4208749079
 20
390.4212211987
 30
0.0
 11
487.2041749079
 21
390.4212211987
 31
0.0
  0
MTEXT
  5
32A
330
322
100
AcDbEntity
  8
0
  6
Continuous
 62
     7
370
    18
100
AcDbMText
 10
485.9335052611
 20
394.9329581133
 30
0.0
 40
3.5
 41
0.0
 71
     1
 72
     1
  1
52.43
  7
SLDTEXTSTYLE0
 73
     1
 44
1.0
  0
ENDBLK
  5
324
330
322
100
AcDbEntity
  8
0
100
AcDbBlockEnd
  0
BLOCK
  5
32D
330
32C
100
AcDbEntity
  8
0
100
AcDbBlockBegin
  2
_D_25
 70
     0
 10
0.0
 20
0.0
 30
0.0
  3
_D_25
  1

  0
INSERT
  5
32F
330
32C
100
AcDbEntity
  8
0
  6
Continuous
 62
     7
370
    18
100
AcDbBlockReference
  2
_Closed
 10
364.3040264702
 20
368.7740738625
 30
0.625
 41
3.556
 42
3.556
 50
270.0
  0
INSERT
  5
330
330
32C
100
AcDbEntity
  8
0
  6
Continuous
 62
     7
370
    18
100
AcDbBlockReference
  2
_Closed
 10
364.3040264702
 20
356.2740738625
 30
0.625
 41
3.556
 42
3.556
 50
90.0
  0
LINE
  5
331
330
32C
100
AcDbEntity
  8
0
  6
Continuous
 62
     7
370
     0
100
AcDbLine
 10
384.7708749079
 20
368.7740738625
 30
0.0
 11
363.3040264702
 21
368.7740738625
 31
0.0
  0
LINE
  5
332
330
32C
100
AcDbEntity
  8
0
  6
Continuous
 62
     7
370
     0
100
AcDbLine
 10
384.7708749079
 20
356.2740738625
 30
0.0
 11
363.3040264702
 21
356.2740738625
 31
0.0
  0
LINE
  5
333
330
32C
100
AcDbEntity
  8
0
  6
Continuous
 62
     7
370
     0
100
AcDbLine
 10
364.3040264702
 20
368.7740738625
 30
0.0
 11
364.3040264702
 21
375.1240738625
 31
0.0
  0
LINE
  5
334
330
32C
100
AcDbEntity
  8
0
  6
Continuous
 62
     7
370
     0
100
AcDbLine
 10
364.3040264702
 20
368.7740738625
 30
0.0
 11
364.3040264702
 21
356.2740738625
 31
0.0
  0
LINE
  5
335
330
32C
100
AcDbEntity
  8
0
  6
Continuous
 62
     7
370
     0
100
AcDbLine
 10
364.3040264702
 20
356.2740738625
 30
0.0
 11
364.3040264702
 21
349.9240738625
 31
0.0
  0
MTEXT
  5
336
330
32C
100
AcDbEntity
  8
0
  6
Continuous
 62
     7
370
    18
100
AcDbMText
 10
359.7922895556
 20
355.4650922404
 30
0.0
 40
3.5
 41
0.0
 71
     1
 72
     1
  1
25.00
  7
SLDTEXTSTYLE0
 11
-7.044195017643634E-15
 21
1.0
 31
0.0
 73
     1
 44
1.0
  0
ENDBLK
  5
32E
330
32C
100
AcDbEntity
  8
0
100
AcDbBlockEnd
  0
BLOCK
  5
339
330
338
100
AcDbEntity
  8
0
100
AcDbBlockBegin
  2
_D_26
 70
     0
 10
0.0
 20
0.0
 30
0.0
  3
_D_26
  1

  0
INSERT
  5
33B
330
338
100
AcDbEntity
  8
0
  6
Continuous
 62
     7
370
    18
100
AcDbBlockReference
  2
_Closed
 10
375.7708749079
 20
356.2740738625
 30
0.625
 41
3.556
 42
3.556
 50
90.0
  0
INSERT
  5
33C
330
338
100
AcDbEntity
  8
0
  6
Continuous
 62
     7
370
    18
100
AcDbBlockReference
  2
_Closed
 10
375.7708749079
 20
322.0865738625
 30
0.625
 41
3.556
 42
3.556
 50
270.0
  0
LINE
  5
33D
330
338
100
AcDbEntity
  8
0
  6
Continuous
 62
     7
370
     0
100
AcDbLine
 10
384.7708749079
 20
356.2740738625
 30
0.0
 11
374.7708749079
 21
356.2740738625
 31
0.0
  0
LINE
  5
33E
330
338
100
AcDbEntity
  8
0
  6
Continuous
 62
     7
370
     0
100
AcDbLine
 10
384.7708749079
 20
322.0865738625
 30
0.0
 11
374.7708749079
 21
322.0865738625
 31
0.0
  0
LINE
  5
33F
330
338
100
AcDbEntity
  8
0
  6
Continuous
 62
     7
370
     0
100
AcDbLine
 10
375.7708749079
 20
356.2740738625
 30
0.0
 11
375.7708749079
 21
322.0865738625
 31
0.0
  0
MTEXT
  5
340
330
338
100
AcDbEntity
  8
0
  6
Continuous
 62
     7
370
    18
100
AcDbMText
 10
371.2591379933
 20
333.3615736189
 30
0.0
 40
3.5
 41
0.0
 71
     1
 72
     1
  1
68.38
  7
SLDTEXTSTYLE0
 11
-7.044195017643634E-15
 21
1.0
 31
0.0
 73
     1
 44
1.0
  0
ENDBLK
  5
33A
330
338
100
AcDbEntity
  8
0
100
AcDbBlockEnd
  0
BLOCK
  5
343
330
342
100
AcDbEntity
  8
0
100
AcDbBlockBegin
  2
_D_27
 70
     0
 10
0.0
 20
0.0
 30
0.0
  3
_D_27
  1

  0
INSERT
  5
345
330
342
100
AcDbEntity
  8
0
  6
Continuous
 62
     7
370
    18
100
AcDbBlockReference
  2
_Closed
 10
364.0816037319
 20
322.0865738625
 30
0.625
 41
3.556
 42
3.556
 50
270.0
  0
INSERT
  5
346
330
342
100
AcDbEntity
  8
0
  6
Continuous
 62
     7
370
    18
100
AcDbBlockReference
  2
_Closed
 10
364.0816037319
 20
309.5865738625
 30
0.625
 41
3.556
 42
3.556
 50
90.0
  0
LINE
  5
347
330
342
100
AcDbEntity
  8
0
  6
Continuous
 62
     7
370
     0
100
AcDbLine
 10
384.7708749079
 20
322.0865738625
 30
0.0
 11
363.0816037319
 21
322.0865738625
 31
0.0
  0
LINE
  5
348
330
342
100
AcDbEntity
  8
0
  6
Continuous
 62
     7
370
     0
100
AcDbLine
 10
384.7708749079
 20
309.5865738625
 30
0.0
 11
363.0816037319
 21
309.5865738625
 31
0.0
  0
LINE
  5
349
330
342
100
AcDbEntity
  8
0
  6
Continuous
 62
     7
370
     0
100
AcDbLine
 10
364.0816037319
 20
322.0865738625
 30
0.0
 11
364.0816037319
 21
328.4365738625
 31
0.0
  0
LINE
  5
34A
330
342
100
AcDbEntity
  8
0
  6
Continuous
 62
     7
370
     0
100
AcDbLine
 10
364.0816037319
 20
322.0865738625
 30
0.0
 11
364.0816037319
 21
309.5865738625
 31
0.0
  0
LINE
  5
34B
330
342
100
AcDbEntity
  8
0
  6
Continuous
 62
     7
370
     0
100
AcDbLine
 10
364.0816037319
 20
309.5865738625
 30
0.0
 11
364.0816037319
 21
303.2365738625
 31
0.0
  0
MTEXT
  5
34C
330
342
100
AcDbEntity
  8
0
  6
Continuous
 62
     7
370
    18
100
AcDbMText
 10
359.5698668174
 20
311.4253900609
 30
0.0
 40
3.5
 41
0.0
 71
     1
 72
     1
  1
25.00
  7
SLDTEXTSTYLE0
 11
-7.044195017643634E-15
 21
1.0
 31
0.0
 73
     1
 44
1.0
  0
ENDBLK
  5
344
330
342
100
AcDbEntity
  8
0
100
AcDbBlockEnd
  0
BLOCK
  5
34F
330
34E
100
AcDbEntity
  8
0
100
AcDbBlockBegin
  2
_D_28
 70
     0
 10
0.0
 20
0.0
 30
0.0
  3
_D_28
  1

  0
INSERT
  5
351
330
34E
100
AcDbEntity
  8
0
  6
Continuous
 62
     7
370
    18
100
AcDbBlockReference
  2
_Closed
 10
375.2027406459
 20
309.5865738625
 30
0.625
 41
3.556
 42
3.556
 50
90.0
  0
INSERT
  5
352
330
34E
100
AcDbEntity
  8
0
  6
Continuous
 62
     7
370
    18
100
AcDbBlockReference
  2
_Closed
 10
375.2027406459
 20
275.3990738625
 30
0.625
 41
3.556
 42
3.556
 50
270.0
  0
LINE
  5
353
330
34E
100
AcDbEntity
  8
0
  6
Continuous
 62
     7
370
     0
100
AcDbLine
 10
384.7708749079
 20
309.5865738625
 30
0.0
 11
374.2027406459
 21
309.5865738625
 31
0.0
  0
LINE
  5
354
330
34E
100
AcDbEntity
  8
0
  6
Continuous
 62
     7
370
     0
100
AcDbLine
 10
384.7708749079
 20
275.3990738625
 30
0.0
 11
374.2027406459
 21
275.3990738625
 31
0.0
  0
LINE
  5
355
330
34E
100
AcDbEntity
  8
0
  6
Continuous
 62
     7
370
     0
100
AcDbLine
 10
375.2027406459
 20
309.5865738625
 30
0.0
 11
375.2027406459
 21
275.3990738625
 31
0.0
  0
MTEXT
  5
356
330
34E
100
AcDbEntity
  8
0
  6
Continuous
 62
     7
370
    18
100
AcDbMText
 10
370.6910037314
 20
291.4073436157
 30
0.0
 40
3.5
 41
0.0
 71
     1
 72
     1
  1
68.38
  7
SLDTEXTSTYLE0
 11
-7.044195017643634E-15
 21
1.0
 31
0.0
 73
     1
 44
1.0
  0
ENDBLK
  5
350
330
34E
100
AcDbEntity
  8
0
100
AcDbBlockEnd
  0
BLOCK
  5
359
330
358
100
AcDbEntity
  8
0
100
AcDbBlockBegin
  2
_D_29
 70
     0
 10
0.0
 20
0.0
 30
0.0
  3
_D_29
  1

  0
INSERT
  5
35B
330
358
100
AcDbEntity
  8
0
  6
Continuous
 62
     7
370
    18
100
AcDbBlockReference
  2
_Closed
 10
375.7708749079
 20
169.5240738625
 30
0.625
 41
3.556
 42
3.556
 50
270.0
  0
INSERT
  5
35C
330
358
100
AcDbEntity
  8
0
  6
Continuous
 62
     7
370
    18
100
AcDbBlockReference
  2
_Closed
 10
375.7708749079
 20
159.5240738625
 30
0.625
 41
3.556
 42
3.556
 50
90.0
  0
LINE
  5
35D
330
358
100
AcDbEntity
  8
0
  6
Continuous
 62
     7
370
     0
100
AcDbLine
 10
384.7708749079
 20
169.5240738625
 30
0.0
 11
374.7708749079
 21
169.5240738625
 31
0.0
  0
LINE
  5
35E
330
358
100
AcDbEntity
  8
0
  6
Continuous
 62
     7
370
     0
100
AcDbLine
 10
386.2708749079
 20
159.5240738625
 30
0.0
 11
374.7708749079
 21
159.5240738625
 31
0.0
  0
LINE
  5
35F
330
358
100
AcDbEntity
  8
0
  6
Continuous
 62
     7
370
     0
100
AcDbLine
 10
375.7708749079
 20
169.5240738625
 30
0.0
 11
375.7708749079
 21
175.8740738625
 31
0.0
  0
LINE
  5
360
330
358
100
AcDbEntity
  8
0
  6
Continuous
 62
     7
370
     0
100
AcDbLine
 10
375.7708749079
 20
169.5240738625
 30
0.0
 11
375.7708749079
 21
159.5240738625
 31
0.0
  0
LINE
  5
361
330
358
100
AcDbEntity
  8
0
  6
Continuous
 62
     7
370
     0
100
AcDbLine
 10
375.7708749079
 20
159.5240738625
 30
0.0
 11
375.7708749079
 21
153.1740738625
 31
0.0
  0
MTEXT
  5
362
330
358
100
AcDbEntity
  8
0
  6
Continuous
 62
     7
370
    18
100
AcDbMText
 10
371.2591379933
 20
156.8061661361
 30
0.0
 40
3.5
 41
0.0
 71
     1
 72
     1
  1
20.00
  7
SLDTEXTSTYLE0
 11
-7.044195017643634E-15
 21
1.0
 31
0.0
 73
     1
 44
1.0
  0
ENDBLK
  5
35A
330
358
100
AcDbEntity
  8
0
100
AcDbBlockEnd
  0
BLOCK
  5
365
330
364
100
AcDbEntity
  8
0
100
AcDbBlockBegin
  2
_D_30
 70
     0
 10
0.0
 20
0.0
 30
0.0
  3
_D_30
  1

  0
INSERT
  5
367
330
364
100
AcDbEntity
  8
0
  6
Continuous
 62
     7
370
    18
100
AcDbBlockReference
  2
_Closed
 10
363.7666063536
 20
182.0240738625
 30
0.625
 41
3.556
 42
3.556
 50
270.0
  0
INSERT
  5
368
330
364
100
AcDbEntity
  8
0
  6
Continuous
 62
     7
370
    18
100
AcDbBlockReference
  2
_Closed
 10
363.7666063536
 20
169.5240738625
 30
0.625
 41
3.556
 42
3.556
 50
90.0
  0
LINE
  5
369
330
364
100
AcDbEntity
  8
0
  6
Continuous
 62
     7
370
     0
100
AcDbLine
 10
384.7708749079
 20
182.0240738625
 30
0.0
 11
362.7666063536
 21
182.0240738625
 31
0.0
  0
LINE
  5
36A
330
364
100
AcDbEntity
  8
0
  6
Continuous
 62
     7
370
     0
100
AcDbLine
 10
384.7708749079
 20
169.5240738625
 30
0.0
 11
362.7666063536
 21
169.5240738625
 31
0.0
  0
LINE
  5
36B
330
364
100
AcDbEntity
  8
0
  6
Continuous
 62
     7
370
     0
100
AcDbLine
 10
363.7666063536
 20
182.0240738625
 30
0.0
 11
363.7666063536
 21
188.3740738625
 31
0.0
  0
LINE
  5
36C
330
364
100
AcDbEntity
  8
0
  6
Continuous
 62
     7
370
     0
100
AcDbLine
 10
363.7666063536
 20
182.0240738625
 30
0.0
 11
363.7666063536
 21
169.5240738625
 31
0.0
  0
LINE
  5
36D
330
364
100
AcDbEntity
  8
0
  6
Continuous
 62
     7
370
     0
100
AcDbLine
 10
363.7666063536
 20
169.5240738625
 30
0.0
 11
363.7666063536
 21
163.1740738625
 31
0.0
  0
MTEXT
  5
36E
330
364
100
AcDbEntity
  8
0
  6
Continuous
 62
     7
370
    18
100
AcDbMText
 10
359.254869439
 20
171.4700713793
 30
0.0
 40
3.5
 41
0.0
 71
     1
 72
     1
  1
25.00
  7
SLDTEXTSTYLE0
 11
-7.044195017643634E-15
 21
1.0
 31
0.0
 73
     1
 44
1.0
  0
ENDBLK
  5
366
330
364
100
AcDbEntity
  8
0
100
AcDbBlockEnd
  0
BLOCK
  5
371
330
370
100
AcDbEntity
  8
0
100
AcDbBlockBegin
  2
_D_31
 70
     0
 10
0.0
 20
0.0
 30
0.0
  3
_D_31
  1

  0
INSERT
  5
373
330
370
100
AcDbEntity
  8
0
  6
Continuous
 62
     7
370
    18
100
AcDbBlockReference
  2
_Closed
 10
375.7447005278
 20
216.2115738625
 30
0.625
 41
3.556
 42
3.556
 50
90.0
  0
INSERT
  5
374
330
370
100
AcDbEntity
  8
0
  6
Continuous
 62
     7
370
    18
100
AcDbBlockReference
  2
_Closed
 10
375.7447005278
 20
182.0240738625
 30
0.625
 41
3.556
 42
3.556
 50
270.0
  0
LINE
  5
375
330
370
100
AcDbEntity
  8
0
  6
Continuous
 62
     7
370
     0
100
AcDbLine
 10
384.7708749079
 20
216.2115738625
 30
0.0
 11
374.7447005278
 21
216.2115738625
 31
0.0
  0
LINE
  5
376
330
370
100
AcDbEntity
  8
0
  6
Continuous
 62
     7
370
     0
100
AcDbLine
 10
384.7708749079
 20
182.0240738625
 30
0.0
 11
374.7447005278
 21
182.0240738625
 31
0.0
  0
LINE
  5
377
330
370
100
AcDbEntity
  8
0
  6
Continuous
 62
     7
370
     0
100
AcDbLine
 10
375.7447005278
 20
216.2115738625
 30
0.0
 11
375.7447005278
 21
182.0240738625
 31
0.0
  0
MTEXT
  5
378
330
370
100
AcDbEntity
  8
0
  6
Continuous
 62
     7
370
    18
100
AcDbMText
 10
371.2329636132
 20
196.1259429364
 30
0.0
 40
3.5
 41
0.0
 71
     1
 72
     1
  1
68.38
  7
SLDTEXTSTYLE0
 11
-7.044195017643634E-15
 21
1.0
 31
0.0
 73
     1
 44
1.0
  0
ENDBLK
  5
372
330
370
100
AcDbEntity
  8
0
100
AcDbBlockEnd
  0
BLOCK
  5
37A
330
379
100
AcDbEntity
  8
0
100
AcDbBlockBegin
  2
SW_CENTERMARKSYMBOL_5
 70
     0
 10
0.0
 20
0.0
 30
0.0
  3
SW_CENTERMARKSYMBOL_5
  1

  0
LINE
  5
37C
330
379
100
AcDbEntity
  8
0
  6
Continuous
 62
     0
370
    18
100
AcDbLine
 10
0.0
 20
0.0
 30
0.0
 11
0.0
 21
1.25
 31
0.0
  0
LINE
  5
37D
330
379
100
AcDbEntity
  8
0
  6
Continuous
 62
     0
370
    18
100
AcDbLine
 10
0.0
 20
0.0
 30
0.0
 11
-1.25
 21
0.0
 31
0.0
  0
LINE
  5
37E
330
379
100
AcDbEntity
  8
0
  6
Continuous
 62
     0
370
    18
100
AcDbLine
 10
0.0
 20
0.0
 30
0.0
 11
0.0
 21
-1.25
 31
0.0
  0
LINE
  5
37F
330
379
100
AcDbEntity
  8
0
  6
Continuous
 62
     0
370
    18
100
AcDbLine
 10
0.0
 20
0.0
 30
0.0
 11
1.25
 21
0.0
 31
0.0
  0
LINE
  5
380
330
379
100
AcDbEntity
  8
0
  6
Continuous
 62
     0
370
    18
100
AcDbLine
 10
0.0
 20
2.5
 30
0.0
 11
0.0
 21
3.25
 31
0.0
  0
LINE
  5
381
330
379
100
AcDbEntity
  8
0
  6
Continuous
 62
     0
370
    18
100
AcDbLine
 10
-2.5
 20
0.0
 30
0.0
 11
-3.25
 21
0.0
 31
0.0
  0
LINE
  5
382
330
379
100
AcDbEntity
  8
0
  6
Continuous
 62
     0
370
    18
100
AcDbLine
 10
0.0
 20
-2.5
 30
0.0
 11
0.0
 21
-3.25
 31
0.0
  0
LINE
  5
383
330
379
100
AcDbEntity
  8
0
  6
Continuous
 62
     0
370
    18
100
AcDbLine
 10
2.5
 20
0.0
 30
0.0
 11
3.25
 21
0.0
 31
0.0
  0
ENDBLK
  5
37B
330
379
100
AcDbEntity
  8
0
100
AcDbBlockEnd
  0
BLOCK
  5
386
330
385
100
AcDbEntity
  8
0
100
AcDbBlockBegin
  2
SW_CENTERMARKSYMBOL_6
 70
     0
 10
0.0
 20
0.0
 30
0.0
  3
SW_CENTERMARKSYMBOL_6
  1

  0
LINE
  5
388
330
385
100
AcDbEntity
  8
0
  6
Continuous
 62
     0
370
    18
100
AcDbLine
 10
0.0
 20
0.0
 30
0.0
 11
0.0
 21
1.25
 31
0.0
  0
LINE
  5
389
330
385
100
AcDbEntity
  8
0
  6
Continuous
 62
     0
370
    18
100
AcDbLine
 10
0.0
 20
0.0
 30
0.0
 11
-1.25
 21
0.0
 31
0.0
  0
LINE
  5
38A
330
385
100
AcDbEntity
  8
0
  6
Continuous
 62
     0
370
    18
100
AcDbLine
 10
0.0
 20
0.0
 30
0.0
 11
0.0
 21
-1.25
 31
0.0
  0
LINE
  5
38B
330
385
100
AcDbEntity
  8
0
  6
Continuous
 62
     0
370
    18
100
AcDbLine
 10
0.0
 20
0.0
 30
0.0
 11
1.25
 21
0.0
 31
0.0
  0
LINE
  5
38C
330
385
100
AcDbEntity
  8
0
  6
Continuous
 62
     0
370
    18
100
AcDbLine
 10
0.0
 20
2.5
 30
0.0
 11
0.0
 21
3.25
 31
0.0
  0
LINE
  5
38D
330
385
100
AcDbEntity
  8
0
  6
Continuous
 62
     0
370
    18
100
AcDbLine
 10
-2.5
 20
0.0
 30
0.0
 11
-3.25
 21
0.0
 31
0.0
  0
LINE
  5
38E
330
385
100
AcDbEntity
  8
0
  6
Continuous
 62
     0
370
    18
100
AcDbLine
 10
0.0
 20
-2.5
 30
0.0
 11
0.0
 21
-3.25
 31
0.0
  0
LINE
  5
38F
330
385
100
AcDbEntity
  8
0
  6
Continuous
 62
     0
370
    18
100
AcDbLine
 10
2.5
 20
0.0
 30
0.0
 11
3.25
 21
0.0
 31
0.0
  0
ENDBLK
  5
387
330
385
100
AcDbEntity
  8
0
100
AcDbBlockEnd
  0
BLOCK
  5
392
330
391
100
AcDbEntity
  8
0
100
AcDbBlockBegin
  2
SW_CENTERMARKSYMBOL_7
 70
     0
 10
0.0
 20
0.0
 30
0.0
  3
SW_CENTERMARKSYMBOL_7
  1

  0
LINE
  5
394
330
391
100
AcDbEntity
  8
0
  6
Continuous
 62
     0
370
    18
100
AcDbLine
 10
0.0
 20
0.0
 30
0.0
 11
0.0
 21
1.25
 31
0.0
  0
LINE
  5
395
330
391
100
AcDbEntity
  8
0
  6
Continuous
 62
     0
370
    18
100
AcDbLine
 10
0.0
 20
0.0
 30
0.0
 11
-1.25
 21
0.0
 31
0.0
  0
LINE
  5
396
330
391
100
AcDbEntity
  8
0
  6
Continuous
 62
     0
370
    18
100
AcDbLine
 10
0.0
 20
0.0
 30
0.0
 11
0.0
 21
-1.25
 31
0.0
  0
LINE
  5
397
330
391
100
AcDbEntity
  8
0
  6
Continuous
 62
     0
370
    18
100
AcDbLine
 10
0.0
 20
0.0
 30
0.0
 11
1.25
 21
0.0
 31
0.0
  0
LINE
  5
398
330
391
100
AcDbEntity
  8
0
  6
Continuous
 62
     0
370
    18
100
AcDbLine
 10
0.0
 20
2.5
 30
0.0
 11
0.0
 21
3.25
 31
0.0
  0
LINE
  5
399
330
391
100
AcDbEntity
  8
0
  6
Continuous
 62
     0
370
    18
100
AcDbLine
 10
-2.5
 20
0.0
 30
0.0
 11
-3.25
 21
0.0
 31
0.0
  0
LINE
  5
39A
330
391
100
AcDbEntity
  8
0
  6
Continuous
 62
     0
370
    18
100
AcDbLine
 10
0.0
 20
-2.5
 30
0.0
 11
0.0
 21
-3.25
 31
0.0
  0
LINE
  5
39B
330
391
100
AcDbEntity
  8
0
  6
Continuous
 62
     0
370
    18
100
AcDbLine
 10
2.5
 20
0.0
 30
0.0
 11
3.25
 21
0.0
 31
0.0
  0
ENDBLK
  5
393
330
391
100
AcDbEntity
  8
0
100
AcDbBlockEnd
  0
BLOCK
  5
39E
330
39D
100
AcDbEntity
  8
0
100
AcDbBlockBegin
  2
SW_CENTERMARKSYMBOL_8
 70
     0
 10
0.0
 20
0.0
 30
0.0
  3
SW_CENTERMARKSYMBOL_8
  1

  0
LINE
  5
3A0
330
39D
100
AcDbEntity
  8
0
  6
Continuous
 62
     0
370
    18
100
AcDbLine
 10
0.0
 20
0.0
 30
0.0
 11
0.0
 21
1.25
 31
0.0
  0
LINE
  5
3A1
330
39D
100
AcDbEntity
  8
0
  6
Continuous
 62
     0
370
    18
100
AcDbLine
 10
0.0
 20
0.0
 30
0.0
 11
-1.25
 21
0.0
 31
0.0
  0
LINE
  5
3A2
330
39D
100
AcDbEntity
  8
0
  6
Continuous
 62
     0
370
    18
100
AcDbLine
 10
0.0
 20
0.0
 30
0.0
 11
0.0
 21
-1.25
 31
0.0
  0
LINE
  5
3A3
330
39D
100
AcDbEntity
  8
0
  6
Continuous
 62
     0
370
    18
100
AcDbLine
 10
0.0
 20
0.0
 30
0.0
 11
1.25
 21
0.0
 31
0.0
  0
LINE
  5
3A4
330
39D
100
AcDbEntity
  8
0
  6
Continuous
 62
     0
370
    18
100
AcDbLine
 10
0.0
 20
2.5
 30
0.0
 11
0.0
 21
3.25
 31
0.0
  0
LINE
  5
3A5
330
39D
100
AcDbEntity
  8
0
  6
Continuous
 62
     0
370
    18
100
AcDbLine
 10
-2.5
 20
0.0
 30
0.0
 11
-3.25
 21
0.0
 31
0.0
  0
LINE
  5
3A6
330
39D
100
AcDbEntity
  8
0
  6
Continuous
 62
     0
370
    18
100
AcDbLine
 10
0.0
 20
-2.5
 30
0.0
 11
0.0
 21
-3.25
 31
0.0
  0
LINE
  5
3A7
330
39D
100
AcDbEntity
  8
0
  6
Continuous
 62
     0
370
    18
100
AcDbLine
 10
2.5
 20
0.0
 30
0.0
 11
3.25
 21
0.0
 31
0.0
  0
ENDBLK
  5
39F
330
39D
100
AcDbEntity
  8
0
100
AcDbBlockEnd
  0
BLOCK
  5
3AA
330
3A9
100
AcDbEntity
  8
0
100
AcDbBlockBegin
  2
SW_CENTERMARKSYMBOL_9
 70
     0
 10
0.0
 20
0.0
 30
0.0
  3
SW_CENTERMARKSYMBOL_9
  1

  0
LINE
  5
3AC
330
3A9
100
AcDbEntity
  8
0
  6
Continuous
 62
     0
370
    18
100
AcDbLine
 10
0.0
 20
0.0
 30
0.0
 11
0.0
 21
1.25
 31
0.0
  0
LINE
  5
3AD
330
3A9
100
AcDbEntity
  8
0
  6
Continuous
 62
     0
370
    18
100
AcDbLine
 10
0.0
 20
0.0
 30
0.0
 11
-1.25
 21
0.0
 31
0.0
  0
LINE
  5
3AE
330
3A9
100
AcDbEntity
  8
0
  6
Continuous
 62
     0
370
    18
100
AcDbLine
 10
0.0
 20
0.0
 30
0.0
 11
0.0
 21
-1.25
 31
0.0
  0
LINE
  5
3AF
330
3A9
100
AcDbEntity
  8
0
  6
Continuous
 62
     0
370
    18
100
AcDbLine
 10
0.0
 20
0.0
 30
0.0
 11
1.25
 21
0.0
 31
0.0
  0
LINE
  5
3B0
330
3A9
100
AcDbEntity
  8
0
  6
Continuous
 62
     0
370
    18
100
AcDbLine
 10
0.0
 20
2.5
 30
0.0
 11
0.0
 21
7.275
 31
0.0
  0
LINE
  5
3B1
330
3A9
100
AcDbEntity
  8
0
  6
Continuous
 62
     0
370
    18
100
AcDbLine
 10
-2.5
 20
0.0
 30
0.0
 11
-7.275
 21
0.0
 31
0.0
  0
LINE
  5
3B2
330
3A9
100
AcDbEntity
  8
0
  6
Continuous
 62
     0
370
    18
100
AcDbLine
 10
0.0
 20
-2.5
 30
0.0
 11
0.0
 21
-7.275
 31
0.0
  0
LINE
  5
3B3
330
3A9
100
AcDbEntity
  8
0
  6
Continuous
 62
     0
370
    18
100
AcDbLine
 10
2.5
 20
0.0
 30
0.0
 11
7.275
 21
0.0
 31
0.0
  0
ENDBLK
  5
3AB
330
3A9
100
AcDbEntity
  8
0
100
AcDbBlockEnd
  0
ENDSEC
  0
SECTION
  2
ENTITIES
  0
LINE
  5
64
330
1F
100
AcDbEntity
  8
0
  6
Continuous
 62
     7
370
    50
100
AcDbLine
 10
404.0
 20
14.25
 30
0.0
 11
584.0
 21
14.25
 31
0.0
  0
LINE
  5
65
330
1F
100
AcDbEntity
  8
0
  6
Continuous
 62
     7
370
    50
100
AcDbLine
 10
584.0
 20
48.25
 30
0.0
 11
404.0
 21
48.25
 31
0.0
  0
LINE
  5
66
330
1F
100
AcDbEntity
  8
0
  6
Continuous
 62
     7
370
    50
100
AcDbLine
 10
404.0
 20
65.25
 30
0.0
 11
584.0
 21
65.25
 31
0.0
  0
LINE
  5
67
330
1F
100
AcDbEntity
  8
0
  6
Continuous
 62
     7
370
    50
100
AcDbLine
 10
430.9909524338
 20
48.25
 30
0.0
 11
430.9909524338
 21
10.0
 31
0.0
  0
LINE
  5
68
330
1F
100
AcDbEntity
  8
0
  6
Continuous
 62
     7
370
    50
100
AcDbLine
 10
502.8
 20
31.25
 30
0.0
 11
404.0
 21
31.25
 31
0.0
  0
LINE
  5
69
330
1F
100
AcDbEntity
  8
0
  6
Continuous
 62
     7
370
    50
100
AcDbLine
 10
502.8
 20
35.5
 30
0.0
 11
404.0
 21
35.5
 31
0.0
  0
LINE
  5
6A
330
1F
100
AcDbEntity
  8
0
  6
Continuous
 62
     7
370
    50
100
AcDbLine
 10
502.8
 20
39.75
 30
0.0
 11
404.0
 21
39.75
 31
0.0
  0
LINE
  5
6B
330
1F
100
AcDbEntity
  8
0
  6
Continuous
 62
     7
370
    50
100
AcDbLine
 10
502.8
 20
44.0
 30
0.0
 11
404.0
 21
44.0
 31
0.0
  0
LINE
  5
6C
330
1F
100
AcDbEntity
  8
0
  6
Continuous
 62
     7
370
    50
100
AcDbLine
 10
458.6
 20
10.0
 30
0.0
 11
458.6
 21
48.25
 31
0.0
  0
LINE
  5
6D
330
1F
100
AcDbEntity
  8
0
  6
Continuous
 62
     7
370
    50
100
AcDbLine
 10
404.0
 20
65.25
 30
0.0
 11
404.0
 21
10.0
 31
0.0
  0
LINE
  5
6E
330
1F
100
AcDbEntity
  8
0
  6
Continuous
 62
     7
370
    50
100
AcDbLine
 10
411.8
 20
48.25
 30
0.0
 11
411.8
 21
10.0
 31
0.0
  0
LINE
  5
6F
330
1F
100
AcDbEntity
  8
0
  6
Continuous
 62
     7
370
    50
100
AcDbLine
 10
437.8
 20
48.25
 30
0.0
 11
437.8
 21
65.25
 31
0.0
  0
LINE
  5
70
330
1F
100
AcDbEntity
  8
0
  6
Continuous
 62
     7
370
    50
100
AcDbLine
 10
448.3989261635
 20
48.25
 30
0.0
 11
448.3989261635
 21
10.0
 31
0.0
  0
LINE
  5
71
330
1F
100
AcDbEntity
  8
0
  6
Continuous
 62
     7
370
    50
100
AcDbLine
 10
469.0
 20
31.25
 30
0.0
 11
469.0
 21
48.25
 31
0.0
  0
LINE
  5
72
330
1F
100
AcDbEntity
  8
0
  6
Continuous
 62
     7
370
    50
100
AcDbLine
 10
458.6
 20
18.5
 30
0.0
 11
404.0
 21
18.5
 31
0.0
  0
LINE
  5
73
330
1F
100
AcDbEntity
  8
0
  6
Continuous
 62
     7
370
    50
100
AcDbLine
 10
484.6
 20
65.25
 30
0.0
 11
484.6
 21
27.0
 31
0.0
  0
LINE
  5
74
330
1F
100
AcDbEntity
  8
0
  6
Continuous
 62
     7
370
    50
100
AcDbLine
 10
458.6
 20
22.749928
 30
0.0
 11
404.0
 21
22.749928
 31
0.0
  0
LINE
  5
75
330
1F
100
AcDbEntity
  8
0
  6
Continuous
 62
     7
370
    50
100
AcDbLine
 10
458.6
 20
27.0
 30
0.0
 11
404.0
 21
27.0
 31
0.0
  0
LINE
  5
76
330
1F
100
AcDbEntity
  8
0
  6
Continuous
 62
     7
370
    50
100
AcDbLine
 10
458.6
 20
27.0
 30
0.0
 11
584.0
 21
27.0
 31
0.0
  0
LINE
  5
77
330
1F
100
AcDbEntity
  8
0
  6
Continuous
 62
     7
370
    50
100
AcDbLine
 10
502.8
 20
65.25
 30
0.0
 11
502.8
 21
10.0
 31
0.0
  0
LINE
  5
78
330
1F
100
AcDbEntity
  8
0
  6
Continuous
 62
     7
370
    50
100
AcDbLine
 10
547.0
 20
10.0
 30
0.0
 11
547.0
 21
14.25
 31
0.0
  0
LINE
  5
79
330
1F
100
AcDbEntity
  8
0
  6
Continuous
 62
     7
370
    50
100
AcDbLine
 10
554.8
 20
58.875
 30
0.0
 11
554.8
 21
65.25
 31
0.0
  0
LINE
  5
7A
330
1F
100
AcDbEntity
  8
0
  6
Continuous
 62
     7
370
    50
100
AcDbLine
 10
571.0
 20
14.25
 30
0.0
 11
571.0
 21
27.0
 31
0.0
  0
LINE
  5
7B
330
1F
100
AcDbEntity
  8
0
  6
Continuous
 62
     7
370
    50
100
AcDbLine
 10
584.0
 20
58.875
 30
0.0
 11
502.8
 21
58.875
 31
0.0
  0
LINE
  5
7C
330
1F
100
AcDbEntity
  8
0
  6
Continuous
 62
     7
370
    50
100
AcDbLine
 10
584.0
 20
18.5
 30
0.0
 11
571.0
 21
18.5
 31
0.0
  0
LINE
  5
7D
330
1F
100
AcDbEntity
  8
0
  6
Continuous
 62
     7
370
    70
100
AcDbLine
 10
20.0
 20
10.0
 30
0.0
 11
20.0
 21
410.0
 31
0.0
  0
LINE
  5
7E
330
1F
100
AcDbEntity
  8
0
  6
Continuous
 62
     7
370
    70
100
AcDbLine
 10
20.0
 20
410.0
 30
0.0
 11
584.0
 21
410.0
 31
0.0
  0
LINE
  5
7F
330
1F
100
AcDbEntity
  8
0
  6
Continuous
 62
     7
370
    70
100
AcDbLine
 10
584.0
 20
410.0
 30
0.0
 11
584.0
 21
10.0
 31
0.0
  0
LINE
  5
80
330
1F
100
AcDbEntity
  8
0
  6
Continuous
 62
     7
370
    70
100
AcDbLine
 10
584.0
 20
10.0
 30
0.0
 11
20.0
 21
10.0
 31
0.0
  0
LINE
  5
81
330
1F
100
AcDbEntity
  8
0
  6
Continuous
 62
     7
370
    70
100
AcDbLine
 10
15.0
 20
5.0
 30
0.0
 11
15.0
 21
415.0
 31
0.0
  0
LINE
  5
82
330
1F
100
AcDbEntity
  8
0
  6
Continuous
 62
     7
370
    70
100
AcDbLine
 10
15.0
 20
415.0
 30
0.0
 11
589.0
 21
415.0
 31
0.0
  0
LINE
  5
83
330
1F
100
AcDbEntity
  8
0
  6
Continuous
 62
     7
370
    70
100
AcDbLine
 10
589.0
 20
415.0
 30
0.0
 11
589.0
 21
5.0
 31
0.0
  0
LINE
  5
84
330
1F
100
AcDbEntity
  8
0
  6
Continuous
 62
     7
370
    70
100
AcDbLine
 10
589.0
 20
5.0
 30
0.0
 11
15.0
 21
5.0
 31
0.0
  0
LINE
  5
85
330
1F
100
AcDbEntity
  8
0
  6
Continuous
 62
     7
370
    35
100
AcDbLine
 10
15.0
 20
210.0
 30
0.0
 11
25.0
 21
210.0
 31
0.0
  0
LINE
  5
86
330
1F
100
AcDbEntity
  8
0
  6
Continuous
 62
     7
370
    35
100
AcDbLine
 10
302.0
 20
415.0
 30
0.0
 11
302.0
 21
405.0
 31
0.0
  0
LINE
  5
87
330
1F
100
AcDbEntity
  8
0
  6
Continuous
 62
     7
370
    35
100
AcDbLine
 10
589.0
 20
210.0
 30
0.0
 11
579.0
 21
210.0
 31
0.0
  0
LINE
  5
88
330
1F
100
AcDbEntity
  8
0
  6
Continuous
 62
     7
370
    35
100
AcDbLine
 10
302.0
 20
5.0
 30
0.0
 11
302.0
 21
15.0
 31
0.0
  0
LINE
  5
89
330
1F
100
AcDbEntity
  8
0
  6
Continuous
 62
     7
370
    35
100
AcDbLine
 10
20.0
 20
60.0
 30
0.0
 11
15.0
 21
60.0
 31
0.0
  0
LINE
  5
8A
330
1F
100
AcDbEntity
  8
0
  6
Continuous
 62
     7
370
    35
100
AcDbLine
 10
584.0
 20
60.0
 30
0.0
 11
589.0
 21
60.0
 31
0.0
  0
LINE
  5
8B
330
1F
100
AcDbEntity
  8
0
  6
Continuous
 62
     7
370
    35
100
AcDbLine
 10
20.0
 20
110.0
 30
0.0
 11
15.0
 21
110.0
 31
0.0
  0
LINE
  5
8C
330
1F
100
AcDbEntity
  8
0
  6
Continuous
 62
     7
370
    35
100
AcDbLine
 10
584.0
 20
110.0
 30
0.0
 11
589.0
 21
110.0
 31
0.0
  0
LINE
  5
8D
330
1F
100
AcDbEntity
  8
0
  6
Continuous
 62
     7
370
    35
100
AcDbLine
 10
20.0
 20
160.0
 30
0.0
 11
15.0
 21
160.0
 31
0.0
  0
LINE
  5
8E
330
1F
100
AcDbEntity
  8
0
  6
Continuous
 62
     7
370
    35
100
AcDbLine
 10
584.0
 20
160.0
 30
0.0
 11
589.0
 21
160.0
 31
0.0
  0
LINE
  5
8F
330
1F
100
AcDbEntity
  8
0
  6
Continuous
 62
     7
370
    35
100
AcDbLine
 10
20.0
 20
210.0
 30
0.0
 11
15.0
 21
210.0
 31
0.0
  0
LINE
  5
90
330
1F
100
AcDbEntity
  8
0
  6
Continuous
 62
     7
370
    35
100
AcDbLine
 10
584.0
 20
210.0
 30
0.0
 11
589.0
 21
210.0
 31
0.0
  0
LINE
  5
91
330
1F
100
AcDbEntity
  8
0
  6
Continuous
 62
     7
370
    35
100
AcDbLine
 10
20.0
 20
260.0
 30
0.0
 11
15.0
 21
260.0
 31
0.0
  0
LINE
  5
92
330
1F
100
AcDbEntity
  8
0
  6
Continuous
 62
     7
370
    35
100
AcDbLine
 10
584.0
 20
260.0
 30
0.0
 11
589.0
 21
260.0
 31
0.0
  0
LINE
  5
93
330
1F
100
AcDbEntity
  8
0
  6
Continuous
 62
     7
370
    35
100
AcDbLine
 10
20.0
 20
310.0
 30
0.0
 11
15.0
 21
310.0
 31
0.0
  0
LINE
  5
94
330
1F
100
AcDbEntity
  8
0
  6
Continuous
 62
     7
370
    35
100
AcDbLine
 10
584.0
 20
310.0
 30
0.0
 11
589.0
 21
310.0
 31
0.0
  0
LINE
  5
95
330
1F
100
AcDbEntity
  8
0
  6
Continuous
 62
     7
370
    35
100
AcDbLine
 10
20.0
 20
360.0
 30
0.0
 11
15.0
 21
360.0
 31
0.0
  0
LINE
  5
96
330
1F
100
AcDbEntity
  8
0
  6
Continuous
 62
     7
370
    35
100
AcDbLine
 10
584.0
 20
360.0
 30
0.0
 11
589.0
 21
360.0
 31
0.0
  0
LINE
  5
97
330
1F
100
AcDbEntity
  8
0
  6
Continuous
 62
     7
370
    35
100
AcDbLine
 10
52.0
 20
410.0
 30
0.0
 11
52.0
 21
415.0
 31
0.0
  0
LINE
  5
98
330
1F
100
AcDbEntity
  8
0
  6
Continuous
 62
     7
370
    35
100
AcDbLine
 10
52.0
 20
10.0
 30
0.0
 11
52.0
 21
5.0
 31
0.0
  0
LINE
  5
99
330
1F
100
AcDbEntity
  8
0
  6
Continuous
 62
     7
370
    35
100
AcDbLine
 10
102.0
 20
410.0
 30
0.0
 11
102.0
 21
415.0
 31
0.0
  0
LINE
  5
9A
330
1F
100
AcDbEntity
  8
0
  6
Continuous
 62
     7
370
    35
100
AcDbLine
 10
102.0
 20
10.0
 30
0.0
 11
102.0
 21
5.0
 31
0.0
  0
LINE
  5
9B
330
1F
100
AcDbEntity
  8
0
  6
Continuous
 62
     7
370
    35
100
AcDbLine
 10
152.0
 20
410.0
 30
0.0
 11
152.0
 21
415.0
 31
0.0
  0
LINE
  5
9C
330
1F
100
AcDbEntity
  8
0
  6
Continuous
 62
     7
370
    35
100
AcDbLine
 10
152.0
 20
10.0
 30
0.0
 11
152.0
 21
5.0
 31
0.0
  0
LINE
  5
9D
330
1F
100
AcDbEntity
  8
0
  6
Continuous
 62
     7
370
    35
100
AcDbLine
 10
202.0
 20
410.0
 30
0.0
 11
202.0
 21
415.0
 31
0.0
  0
LINE
  5
9E
330
1F
100
AcDbEntity
  8
0
  6
Continuous
 62
     7
370
    35
100
AcDbLine
 10
202.0
 20
10.0
 30
0.0
 11
202.0
 21
5.0
 31
0.0
  0
LINE
  5
9F
330
1F
100
AcDbEntity
  8
0
  6
Continuous
 62
     7
370
    35
100
AcDbLine
 10
252.0
 20
410.0
 30
0.0
 11
252.0
 21
415.0
 31
0.0
  0
LINE
  5
A0
330
1F
100
AcDbEntity
  8
0
  6
Continuous
 62
     7
370
    35
100
AcDbLine
 10
252.0
 20
10.0
 30
0.0
 11
252.0
 21
5.0
 31
0.0
  0
LINE
  5
A1
330
1F
100
AcDbEntity
  8
0
  6
Continuous
 62
     7
370
    35
100
AcDbLine
 10
302.0
 20
410.0
 30
0.0
 11
302.0
 21
415.0
 31
0.0
  0
LINE
  5
A2
330
1F
100
AcDbEntity
  8
0
  6
Continuous
 62
     7
370
    35
100
AcDbLine
 10
302.0
 20
10.0
 30
0.0
 11
302.0
 21
5.0
 31
0.0
  0
LINE
  5
A3
330
1F
100
AcDbEntity
  8
0
  6
Continuous
 62
     7
370
    35
100
AcDbLine
 10
352.0
 20
410.0
 30
0.0
 11
352.0
 21
415.0
 31
0.0
  0
LINE
  5
A4
330
1F
100
AcDbEntity
  8
0
  6
Continuous
 62
     7
370
    35
100
AcDbLine
 10
352.0
 20
10.0
 30
0.0
 11
352.0
 21
5.0
 31
0.0
  0
LINE
  5
A5
330
1F
100
AcDbEntity
  8
0
  6
Continuous
 62
     7
370
    35
100
AcDbLine
 10
402.0
 20
410.0
 30
0.0
 11
402.0
 21
415.0
 31
0.0
  0
LINE
  5
A6
330
1F
100
AcDbEntity
  8
0
  6
Continuous
 62
     7
370
    35
100
AcDbLine
 10
402.0
 20
10.0
 30
0.0
 11
402.0
 21
5.0
 31
0.0
  0
LINE
  5
A7
330
1F
100
AcDbEntity
  8
0
  6
Continuous
 62
     7
370
    35
100
AcDbLine
 10
452.0
 20
410.0
 30
0.0
 11
452.0
 21
415.0
 31
0.0
  0
LINE
  5
A8
330
1F
100
AcDbEntity
  8
0
  6
Continuous
 62
     7
370
    35
100
AcDbLine
 10
452.0
 20
10.0
 30
0.0
 11
452.0
 21
5.0
 31
0.0
  0
LINE
  5
A9
330
1F
100
AcDbEntity
  8
0
  6
Continuous
 62
     7
370
    35
100
AcDbLine
 10
502.0
 20
410.0
 30
0.0
 11
502.0
 21
415.0
 31
0.0
  0
LINE
  5
AA
330
1F
100
AcDbEntity
  8
0
  6
Continuous
 62
     7
370
    35
100
AcDbLine
 10
502.0
 20
10.0
 30
0.0
 11
502.0
 21
5.0
 31
0.0
  0
LINE
  5
AB
330
1F
100
AcDbEntity
  8
0
  6
Continuous
 62
     7
370
    35
100
AcDbLine
 10
552.0
 20
410.0
 30
0.0
 11
552.0
 21
415.0
 31
0.0
  0
LINE
  5
AC
330
1F
100
AcDbEntity
  8
0
  6
Continuous
 62
     7
370
    35
100
AcDbLine
 10
552.0
 20
10.0
 30
0.0
 11
552.0
 21
5.0
 31
0.0
  0
MTEXT
  5
AE
330
1F
100
AcDbEntity
  8
0
  6
Continuous
 62
     7
370
     0
100
AcDbMText
 10
462.812133043
 20
22.8132248843
 30
0.0
 40
6.35
 41
0.0
 71
     1
 72
     1
  1
5052-H34
  7
SLDTEXTSTYLE0
 73
     1
 44
1.0
  0
MTEXT
  5
AF
330
1F
100
AcDbEntity
  8
0
  6
Continuous
 62
     7
370
     0
100
AcDbMText
 10
17.3396881428
 20
36.9291076043
 30
0.0
 40
3.96875
 41
0.0
 71
     2
 72
     1
  1
A
  7
SLDTEXTSTYLE0
 73
     1
 44
1.0
  0
MTEXT
  5
B0
330
1F
100
AcDbEntity
  8
0
  6
Continuous
 62
     7
370
     0
100
AcDbMText
 10
586.3396881428
 20
36.9291076043
 30
0.0
 40
3.96875
 41
0.0
 71
     2
 72
     1
  1
A
  7
SLDTEXTSTYLE0
 73
     1
 44
1.0
  0
MTEXT
  5
B1
330
1F
100
AcDbEntity
  8
0
  6
Continuous
 62
     7
370
     0
100
AcDbMText
 10
17.4706018241
 20
86.9937906574
 30
0.0
 40
3.96875
 41
0.0
 71
     2
 72
     1
  1
B
  7
SLDTEXTSTYLE0
 73
     1
 44
1.0
  0
MTEXT
  5
B2
330
1F
100
AcDbEntity
  8
0
  6
Continuous
 62
     7
370
     0
100
AcDbMText
 10
586.4706018241
 20
86.9937906574
 30
0.0
 40
3.96875
 41
0.0
 71
     2
 72
     1
  1
B
  7
SLDTEXTSTYLE0
 73
     1
 44
1.0
  0
MTEXT
  5
B3
330
1F
100
AcDbEntity
  8
0
  6
Continuous
 62
     7
370
     0
100
AcDbMText
 10
17.458658902
 20
136.9291076043
 30
0.0
 40
3.96875
 41
0.0
 71
     2
 72
     1
  1
C
  7
SLDTEXTSTYLE0
 73
     1
 44
1.0
  0
MTEXT
  5
B4
330
1F
100
AcDbEntity
  8
0
  6
Continuous
 62
     7
370
     0
100
AcDbMText
 10
586.458658902
 20
136.9291076043
 30
0.0
 40
3.96875
 41
0.0
 71
     2
 72
     1
  1
C
  7
SLDTEXTSTYLE0
 73
     1
 44
1.0
  0
MTEXT
  5
B5
330
1F
100
AcDbEntity
  8
0
  6
Continuous
 62
     7
370
     0
100
AcDbMText
 10
17.4526872821
 20
186.9937906574
 30
0.0
 40
3.96875
 41
0.0
 71
     2
 72
     1
  1
D
  7
SLDTEXTSTYLE0
 73
     1
 44
1.0
  0
MTEXT
  5
B6
330
1F
100
AcDbEntity
  8
0
  6
Continuous
 62
     7
370
     0
100
AcDbMText
 10
586.4526872821
 20
186.9937906574
 30
0.0
 40
3.96875
 41
0.0
 71
     2
 72
     1
  1
D
  7
SLDTEXTSTYLE0
 73
     1
 44
1.0
  0
MTEXT
  5
B7
330
1F
100
AcDbEntity
  8
0
  6
Continuous
 62
     7
370
     0
100
AcDbMText
 10
17.5078089051
 20
236.9291076043
 30
0.0
 40
3.96875
 41
0.0
 71
     2
 72
     1
  1
E
  7
SLDTEXTSTYLE0
 73
     1
 44
1.0
  0
MTEXT
  5
B8
330
1F
100
AcDbEntity
  8
0
  6
Continuous
 62
     7
370
     0
100
AcDbMText
 10
586.5078089051
 20
236.9291076043
 30
0.0
 40
3.96875
 41
0.0
 71
     2
 72
     1
  1
E
  7
SLDTEXTSTYLE0
 73
     1
 44
1.0
  0
MTEXT
  5
B9
330
1F
100
AcDbEntity
  8
0
  6
Continuous
 62
     7
370
     0
100
AcDbMText
 10
17.4577402091
 20
286.9937906574
 30
0.0
 40
3.96875
 41
0.0
 71
     2
 72
     1
  1
F
  7
SLDTEXTSTYLE0
 73
     1
 44
1.0
  0
MTEXT
  5
BA
330
1F
100
AcDbEntity
  8
0
  6
Continuous
 62
     7
370
     0
100
AcDbMText
 10
586.4577402091
 20
286.9937906574
 30
0.0
 40
3.96875
 41
0.0
 71
     2
 72
     1
  1
F
  7
SLDTEXTSTYLE0
 73
     1
 44
1.0
  0
MTEXT
  5
BB
330
1F
100
AcDbEntity
  8
0
  6
Continuous
 62
     7
370
     0
100
AcDbMText
 10
17.4866788853
 20
336.9291076043
 30
0.0
 40
3.96875
 41
0.0
 71
     2
 72
     1
  1
G
  7
SLDTEXTSTYLE0
 73
     1
 44
1.0
  0
MTEXT
  5
BC
330
1F
100
AcDbEntity
  8
0
  6
Continuous
 62
     7
370
     0
100
AcDbMText
 10
586.4866788853
 20
336.9291076043
 30
0.0
 40
3.96875
 41
0.0
 71
     2
 72
     1
  1
G
  7
SLDTEXTSTYLE0
 73
     1
 44
1.0
  0
MTEXT
  5
BD
330
1F
100
AcDbEntity
  8
0
  6
Continuous
 62
     7
370
     0
100
AcDbMText
 10
17.4903537836
 20
386.9937906574
 30
0.0
 40
3.96875
 41
0.0
 71
     2
 72
     1
  1
H
  7
SLDTEXTSTYLE0
 73
     1
 44
1.0
  0
MTEXT
  5
BE
330
1F
100
AcDbEntity
  8
0
  6
Continuous
 62
     7
370
     0
100
AcDbMText
 10
586.4903537836
 20
386.9937906574
 30
0.0
 40
3.96875
 41
0.0
 71
     2
 72
     1
  1
H
  7
SLDTEXTSTYLE0
 73
     1
 44
1.0
  0
MTEXT
  5
BF
330
1F
100
AcDbEntity
  8
0
  6
Continuous
 62
     7
370
     0
100
AcDbMText
 10
35.9200738929
 20
9.4937906574
 30
0.0
 40
3.96875
 41
0.0
 71
     2
 72
     1
  1
12
  7
SLDTEXTSTYLE0
 73
     1
 44
1.0
  0
MTEXT
  5
C0
330
1F
100
AcDbEntity
  8
0
  6
Continuous
 62
     7
370
     0
100
AcDbMText
 10
35.9200738929
 20
414.4291076043
 30
0.0
 40
3.96875
 41
0.0
 71
     2
 72
     1
  1
12
  7
SLDTEXTSTYLE0
 73
     1
 44
1.0
  0
MTEXT
  5
C1
330
1F
100
AcDbEntity
  8
0
  6
Continuous
 62
     7
370
     0
100
AcDbMText
 10
76.9200738929
 20
9.4937906574
 30
0.0
 40
3.96875
 41
0.0
 71
     2
 72
     1
  1
11
  7
SLDTEXTSTYLE0
 73
     1
 44
1.0
  0
MTEXT
  5
C2
330
1F
100
AcDbEntity
  8
0
  6
Continuous
 62
     7
370
     0
100
AcDbMText
 10
76.9200738929
 20
414.4291076043
 30
0.0
 40
3.96875
 41
0.0
 71
     2
 72
     1
  1
11
  7
SLDTEXTSTYLE0
 73
     1
 44
1.0
  0
MTEXT
  5
C3
330
1F
100
AcDbEntity
  8
0
  6
Continuous
 62
     7
370
     0
100
AcDbMText
 10
126.9200738929
 20
9.4937906574
 30
0.0
 40
3.96875
 41
0.0
 71
     2
 72
     1
  1
10
  7
SLDTEXTSTYLE0
 73
     1
 44
1.0
  0
MTEXT
  5
C4
330
1F
100
AcDbEntity
  8
0
  6
Continuous
 62
     7
370
     0
100
AcDbMText
 10
126.9200738929
 20
414.4291076043
 30
0.0
 40
3.96875
 41
0.0
 71
     2
 72
     1
  1
10
  7
SLDTEXTSTYLE0
 73
     1
 44
1.0
  0
MTEXT
  5
C5
330
1F
100
AcDbEntity
  8
0
  6
Continuous
 62
     7
370
     0
100
AcDbMText
 10
176.9600369465
 20
9.4937906574
 30
0.0
 40
3.96875
 41
0.0
 71
     2
 72
     1
  1
9
  7
SLDTEXTSTYLE0
 73
     1
 44
1.0
  0
MTEXT
  5
C6
330
1F
100
AcDbEntity
  8
0
  6
Continuous
 62
     7
370
     0
100
AcDbMText
 10
176.9600369465
 20
414.4291076043
 30
0.0
 40
3.96875
 41
0.0
 71
     2
 72
     1
  1
9
  7
SLDTEXTSTYLE0
 73
     1
 44
1.0
  0
MTEXT
  5
C7
330
1F
100
AcDbEntity
  8
0
  6
Continuous
 62
     7
370
     0
100
AcDbMText
 10
226.9600369465
 20
9.4937906574
 30
0.0
 40
3.96875
 41
0.0
 71
     2
 72
     1
  1
8
  7
SLDTEXTSTYLE0
 73
     1
 44
1.0
  0
MTEXT
  5
C8
330
1F
100
AcDbEntity
  8
0
  6
Continuous
 62
     7
370
     0
100
AcDbMText
 10
226.9600369465
 20
414.4291076043
 30
0.0
 40
3.96875
 41
0.0
 71
     2
 72
     1
  1
8
  7
SLDTEXTSTYLE0
 73
     1
 44
1.0
  0
MTEXT
  5
C9
330
1F
100
AcDbEntity
  8
0
  6
Continuous
 62
     7
370
     0
100
AcDbMText
 10
276.9600369465
 20
9.4937906574
 30
0.0
 40
3.96875
 41
0.0
 71
     2
 72
     1
  1
7
  7
SLDTEXTSTYLE0
 73
     1
 44
1.0
  0
MTEXT
  5
CA
330
1F
100
AcDbEntity
  8
0
  6
Continuous
 62
     7
370
     0
100
AcDbMText
 10
276.9600369465
 20
414.4291076043
 30
0.0
 40
3.96875
 41
0.0
 71
     2
 72
     1
  1
7
  7
SLDTEXTSTYLE0
 73
     1
 44
1.0
  0
MTEXT
  5
CB
330
1F
100
AcDbEntity
  8
0
  6
Continuous
 62
     7
370
     0
100
AcDbMText
 10
326.9600369465
 20
9.4937906574
 30
0.0
 40
3.96875
 41
0.0
 71
     2
 72
     1
  1
6
  7
SLDTEXTSTYLE0
 73
     1
 44
1.0
  0
MTEXT
  5
CC
330
1F
100
AcDbEntity
  8
0
  6
Continuous
 62
     7
370
     0
100
AcDbMText
 10
326.9600369465
 20
414.4291076043
 30
0.0
 40
3.96875
 41
0.0
 71
     2
 72
     1
  1
6
  7
SLDTEXTSTYLE0
 73
     1
 44
1.0
  0
MTEXT
  5
CD
330
1F
100
AcDbEntity
  8
0
  6
Continuous
 62
     7
370
     0
100
AcDbMText
 10
376.9600369465
 20
9.4937906574
 30
0.0
 40
3.96875
 41
0.0
 71
     2
 72
     1
  1
5
  7
SLDTEXTSTYLE0
 73
     1
 44
1.0
  0
MTEXT
  5
CE
330
1F
100
AcDbEntity
  8
0
  6
Continuous
 62
     7
370
     0
100
AcDbMText
 10
376.9600369465
 20
414.4291076043
 30
0.0
 40
3.96875
 41
0.0
 71
     2
 72
     1
  1
5
  7
SLDTEXTSTYLE0
 73
     1
 44
1.0
  0
MTEXT
  5
CF
330
1F
100
AcDbEntity
  8
0
  6
Continuous
 62
     7
370
     0
100
AcDbMText
 10
426.9600369465
 20
9.4937906574
 30
0.0
 40
3.96875
 41
0.0
 71
     2
 72
     1
  1
4
  7
SLDTEXTSTYLE0
 73
     1
 44
1.0
  0
MTEXT
  5
D0
330
1F
100
AcDbEntity
  8
0
  6
Continuous
 62
     7
370
     0
100
AcDbMText
 10
426.9600369465
 20
414.4291076043
 30
0.0
 40
3.96875
 41
0.0
 71
     2
 72
     1
  1
4
  7
SLDTEXTSTYLE0
 73
     1
 44
1.0
  0
MTEXT
  5
D1
330
1F
100
AcDbEntity
  8
0
  6
Continuous
 62
     7
370
     0
100
AcDbMText
 10
476.9600369465
 20
9.4937906574
 30
0.0
 40
3.96875
 41
0.0
 71
     2
 72
     1
  1
3
  7
SLDTEXTSTYLE0
 73
     1
 44
1.0
  0
MTEXT
  5
D2
330
1F
100
AcDbEntity
  8
0
  6
Continuous
 62
     7
370
     0
100
AcDbMText
 10
476.9600369465
 20
414.4291076043
 30
0.0
 40
3.96875
 41
0.0
 71
     2
 72
     1
  1
3
  7
SLDTEXTSTYLE0
 73
     1
 44
1.0
  0
MTEXT
  5
D3
330
1F
100
AcDbEntity
  8
0
  6
Continuous
 62
     7
370
     0
100
AcDbMText
 10
526.9600369465
 20
9.4937906574
 30
0.0
 40
3.96875
 41
0.0
 71
     2
 72
     1
  1
2
  7
SLDTEXTSTYLE0
 73
     1
 44
1.0
  0
MTEXT
  5
D4
330
1F
100
AcDbEntity
  8
0
  6
Continuous
 62
     7
370
     0
100
AcDbMText
 10
526.9600369465
 20
414.4291076043
 30
0.0
 40
3.96875
 41
0.0
 71
     2
 72
     1
  1
2
  7
SLDTEXTSTYLE0
 73
     1
 44
1.0
  0
MTEXT
  5
D5
330
1F
100
AcDbEntity
  8
0
  6
Continuous
 62
     7
370
     0
100
AcDbMText
 10
567.9600369465
 20
9.4937906574
 30
0.0
 40
3.96875
 41
0.0
 71
     2
 72
     1
  1
1
  7
SLDTEXTSTYLE0
 73
     1
 44
1.0
  0
MTEXT
  5
D6
330
1F
100
AcDbEntity
  8
0
  6
Continuous
 62
     7
370
     0
100
AcDbMText
 10
567.9600369465
 20
414.4291076043
 30
0.0
 40
3.96875
 41
0.0
 71
     2
 72
     1
  1
1
  7
SLDTEXTSTYLE0
 73
     1
 44
1.0
  0
MTEXT
  5
D8
330
1F
100
AcDbEntity
  8
0
  6
Continuous
 62
     7
370
     0
100
AcDbMText
 10
404.6433628979
 20
42.3847813173
 30
0.0
 40
1.5
 41
0.0
 71
     1
 72
     1
  1
DRAWN
  7
SLDTEXTSTYLE1
 73
     1
 44
1.0
  0
MTEXT
  5
D9
330
1F
100
AcDbEntity
  8
0
  6
Continuous
 62
     7
370
     0
100
AcDbMText
 10
404.9392221937
 20
38.1618530186
 30
0.0
 40
1.5
 41
0.0
 71
     1
 72
     1
  1
CHK'D
  7
SLDTEXTSTYLE0
 73
     1
 44
1.0
  0
MTEXT
  5
DA
330
1F
100
AcDbEntity
  8
0
  6
Continuous
 62
     7
370
     0
100
AcDbMText
 10
404.4017224083
 20
34.0658666243
 30
0.0
 40
1.5
 41
0.0
 71
     1
 72
     1
  1
APPV'D
  7
SLDTEXTSTYLE0
 73
     1
 44
1.0
  0
MTEXT
  5
DB
330
1F
100
AcDbEntity
  8
0
  6
Continuous
 62
     7
370
     0
100
AcDbMText
 10
405.1240107386
 20
29.7157844608
 30
0.0
 40
1.5
 41
0.0
 71
     1
 72
     1
  1
MFG
  7
SLDTEXTSTYLE0
 73
     1
 44
1.0
  0
MTEXT
  5
DC
330
1F
100
AcDbEntity
  8
0
  6
Continuous
 62
     7
370
     0
100
AcDbMText
 10
405.509036604
 20
25.504662132
 30
0.0
 40
1.5
 41
0.0
 71
     1
 72
     1
  1
Q.A
  7
SLDTEXTSTYLE0
 73
     1
 44
1.0
  0
INSERT
  5
E6
330
1F
100
AcDbEntity
  8
0
  6
Continuous
 62
     7
370
     0
100
AcDbBlockReference
  2
SW_NOTE_0
 10
404.5936687456
 20
61.9873698743
 30
0.0
  0
MTEXT
  5
E7
330
1F
100
AcDbEntity
  8
0
  6
Continuous
 62
     7
370
     0
100
AcDbMText
 10
438.3712921668
 20
63.9192719951
 30
0.0
 40
1.5
 41
0.0
 71
     1
 72
     1
  1
FINISH:
  7
SLDTEXTSTYLE0
 73
     1
 44
1.0
  0
INSERT
  5
EE
330
1F
100
AcDbEntity
  8
0
  6
Continuous
 62
     7
370
     0
100
AcDbBlockReference
  2
SW_NOTE_0_1
 10
485.3092156863
 20
62.069489643
 30
0.0
  0
MTEXT
  5
EF
330
1F
100
AcDbEntity
  8
0
  6
Continuous
 62
     7
370
     0
100
AcDbMText
 10
418.3222392177
 20
46.5014826335
 30
0.0
 40
1.5
 41
0.0
 71
     1
 72
     1
  1
NAME
  7
SLDTEXTSTYLE0
 73
     1
 44
1.0
  0
MTEXT
  5
F0
330
1F
100
AcDbEntity
  8
0
  6
Continuous
 62
     7
370
     0
100
AcDbMText
 10
434.0335875632
 20
46.5617563795
 30
0.0
 40
1.5
 41
0.0
 71
     1
 72
     1
  1
SIGNATURE
  7
SLDTEXTSTYLE0
 73
     1
 44
1.0
  0
MTEXT
  5
F1
330
1F
100
AcDbEntity
  8
0
  6
Continuous
 62
     7
370
     0
100
AcDbMText
 10
451.2147019657
 20
46.5761792212
 30
0.0
 40
1.5
 41
0.0
 71
     1
 72
     1
  1
DATE
  7
SLDTEXTSTYLE0
 73
     1
 44
1.0
  0
MTEXT
  5
F2
330
1F
100
AcDbEntity
  8
0
  6
Continuous
 62
     7
370
     0
100
AcDbMText
 10
459.6458623088
 20
25.9860562892
 30
0.0
 40
1.5
 41
0.0
 71
     1
 72
     1
  1
MATERIAL:
  7
SLDTEXTSTYLE0
 73
     1
 44
1.0
  0
MTEXT
  5
F3
330
1F
100
AcDbEntity
  8
0
  6
Continuous
 62
     7
370
     0
100
AcDbMText
 10
516.6146405229
 20
62.5329935751
 30
0.0
 40
1.5
 41
0.0
 71
     1
 72
     1
  1
DO NOT SCALE DRAWING
  7
SLDTEXTSTYLE0
 73
     1
 44
1.0
  0
MTEXT
  5
F4
330
1F
100
AcDbEntity
  8
0
  6
Continuous
 62
     7
370
     0
100
AcDbMText
 10
557.3275816993
 20
62.3349086805
 30
0.0
 40
1.5
 41
0.0
 71
     1
 72
     1
  1
REVISION
  7
SLDTEXTSTYLE0
 73
     1
 44
1.0
  0
MTEXT
  5
F5
330
1F
100
AcDbEntity
  8
0
  6
Continuous
 62
     7
370
     0
100
AcDbMText
 10
504.090160639
 20
46.5761792212
 30
0.0
 40
1.5
 41
0.0
 71
     1
 72
     1
  1
TITLE:
  7
SLDTEXTSTYLE0
 73
     1
 44
1.0
  0
MTEXT
  5
F6
330
1F
100
AcDbEntity
  8
0
  6
Continuous
 62
     7
370
     0
100
AcDbMText
 10
503.9530022162
 20
25.9860562892
 30
0.0
 40
1.5
 41
0.0
 71
     1
 72
     1
  1
DWG NO.
  7
SLDTEXTSTYLE0
 73
     1
 44
1.0
  0
MTEXT
  5
F7
330
1F
100
AcDbEntity
  8
0
  6
Continuous
 62
     7
370
     0
100
AcDbMText
 10
504.0739661175
 20
12.9000872745
 30
0.0
 40
1.5
 41
0.0
 71
     1
 72
     1
  1
SCALE:1:5
  7
SLDTEXTSTYLE0
 73
     1
 44
1.0
  0
MTEXT
  5
F9
330
1F
100
AcDbEntity
  8
0
  6
Continuous
 62
     7
370
     0
100
AcDbMText
 10
548.4782944278
 20
12.9000872745
 30
0.0
 40
1.5
 41
0.0
 71
     1
 72
     1
  1
SHEET 1 OF 1
  7
SLDTEXTSTYLE2
 73
     1
 44
1.0
  0
MTEXT
  5
FA
330
1F
100
AcDbEntity
  8
0
  6
Continuous
 62
     7
370
     0
100
AcDbMText
 10
574.8711564346
 20
24.406388569
 30
0.0
 40
2.9104166667
 41
0.0
 71
     1
 72
     1
  1
A2
  7
SLDTEXTSTYLE0
 73
     1
 44
1.0
  0
MTEXT
  5
FB
330
1F
100
AcDbEntity
  8
0
  6
Continuous
 62
     7
370
     0
100
AcDbMText
 10
459.6178111281
 20
12.9493119036
 30
0.0
 40
1.4986
 41
0.0
 71
     1
 72
     1
  1
WEIGHT:
  7
SLDTEXTSTYLE0
 73
     1
 44
1.0
  0
MTEXT
  5
FC
330
1F
100
AcDbEntity
  8
0
  6
Continuous
 62
     7
370
     0
100
AcDbMText
 10
539.00480455
 20
23.6069109673
 30
0.0
 40
6.35
 41
0.0
 71
     2
 72
     1
  1
Chassis_Top_Plate
  7
SLDTEXTSTYLE0
 73
     1
 44
1.0
  0
LINE
  5
FD
330
1F
100
AcDbEntity
  8
0
  6
Continuous
 62
     7
370
    25
100
AcDbLine
 10
249.7221628171
 20
158.0936236991
 30
0.0
 11
249.7221628171
 21
159.3436236991
 31
0.0
  0
LINE
  5
FE
330
1F
100
AcDbEntity
  8
0
  6
Continuous
 62
     7
370
    25
100
AcDbLine
 10
237.2221628171
 20
158.0936236991
 30
0.0
 11
237.2221628171
 21
159.3436236991
 31
0.0
  0
LINE
  5
FF
330
1F
100
AcDbEntity
  8
0
  6
Continuous
 62
     7
370
    25
100
AcDbLine
 10
237.2221628171
 20
159.3436236991
 30
0.0
 11
249.7221628171
 21
159.3436236991
 31
0.0
  0
LINE
  5
100
330
1F
100
AcDbEntity
  8
0
  6
Continuous
 62
     7
370
    25
100
AcDbLine
 10
249.7221628171
 20
158.0936236991
 30
0.0
 11
237.2221628171
 21
158.0936236991
 31
0.0
  0
LINE
  5
101
330
1F
100
AcDbEntity
  8
0
  6
Continuous
 62
     7
370
    25
100
AcDbLine
 10
190.5346628171
 20
158.0936236991
 30
0.0
 11
190.5346628171
 21
159.3436236991
 31
0.0
  0
LINE
  5
102
330
1F
100
AcDbEntity
  8
0
  6
Continuous
 62
     7
370
    25
100
AcDbLine
 10
203.0346628171
 20
158.0936236991
 30
0.0
 11
203.0346628171
 21
159.3436236991
 31
0.0
  0
LINE
  5
103
330
1F
100
AcDbEntity
  8
0
  6
Continuous
 62
     7
370
    25
100
AcDbLine
 10
190.5346628171
 20
159.3436236991
 30
0.0
 11
203.0346628171
 21
159.3436236991
 31
0.0
  0
LINE
  5
104
330
1F
100
AcDbEntity
  8
0
  6
Continuous
 62
     7
370
    25
100
AcDbLine
 10
203.0346628171
 20
158.0936236991
 30
0.0
 11
190.5346628171
 21
158.0936236991
 31
0.0
  0
LINE
  5
105
330
1F
100
AcDbEntity
  8
0
  6
Continuous
 62
     7
370
    25
100
AcDbLine
 10
296.4096628171
 20
158.0936236991
 30
0.0
 11
296.4096628171
 21
159.3436236991
 31
0.0
  0
LINE
  5
106
330
1F
100
AcDbEntity
  8
0
  6
Continuous
 62
     7
370
    25
100
AcDbLine
 10
283.9096628171
 20
158.0936236991
 30
0.0
 11
283.9096628171
 21
159.3436236991
 31
0.0
  0
LINE
  5
107
330
1F
100
AcDbEntity
  8
0
  6
Continuous
 62
     7
370
    25
100
AcDbLine
 10
283.9096628171
 20
159.3436236991
 30
0.0
 11
296.4096628171
 21
159.3436236991
 31
0.0
  0
LINE
  5
108
330
1F
100
AcDbEntity
  8
0
  6
Continuous
 62
     7
370
    25
100
AcDbLine
 10
296.4096628171
 20
158.0936236991
 30
0.0
 11
283.9096628171
 21
158.0936236991
 31
0.0
  0
LINE
  5
109
330
1F
100
AcDbEntity
  8
0
  6
Continuous
 62
     7
370
    25
100
AcDbLine
 10
97.1596628171
 20
158.0936236991
 30
0.0
 11
97.1596628171
 21
159.3436236991
 31
0.0
  0
LINE
  5
10A
330
1F
100
AcDbEntity
  8
0
  6
Continuous
 62
     7
370
    25
100
AcDbLine
 10
109.6596628171
 20
158.0936236991
 30
0.0
 11
109.6596628171
 21
159.3436236991
 31
0.0
  0
LINE
  5
10B
330
1F
100
AcDbEntity
  8
0
  6
Continuous
 62
     7
370
    25
100
AcDbLine
 10
97.1596628171
 20
159.3436236991
 30
0.0
 11
109.6596628171
 21
159.3436236991
 31
0.0
  0
LINE
  5
10C
330
1F
100
AcDbEntity
  8
0
  6
Continuous
 62
     7
370
    25
100
AcDbLine
 10
109.6596628171
 20
158.0936236991
 30
0.0
 11
97.1596628171
 21
158.0936236991
 31
0.0
  0
LINE
  5
10D
330
1F
100
AcDbEntity
  8
0
  6
Continuous
 62
     7
370
    25
100
AcDbLine
 10
156.3471628171
 20
158.0936236991
 30
0.0
 11
156.3471628171
 21
159.3436236991
 31
0.0
  0
LINE
  5
10E
330
1F
100
AcDbEntity
  8
0
  6
Continuous
 62
     7
370
    25
100
AcDbLine
 10
143.8471628171
 20
158.0936236991
 30
0.0
 11
143.8471628171
 21
159.3436236991
 31
0.0
  0
LINE
  5
10F
330
1F
100
AcDbEntity
  8
0
  6
Continuous
 62
     7
370
    25
100
AcDbLine
 10
143.8471628171
 20
159.3436236991
 30
0.0
 11
156.3471628171
 21
159.3436236991
 31
0.0
  0
LINE
  5
110
330
1F
100
AcDbEntity
  8
0
  6
Continuous
 62
     7
370
    25
100
AcDbLine
 10
156.3471628171
 20
158.0936236991
 30
0.0
 11
143.8471628171
 21
158.0936236991
 31
0.0
  0
LINE
  5
111
330
1F
100
AcDbEntity
  8
0
  6
Continuous
 62
     7
370
    25
100
AcDbLine
 10
109.6596628171
 20
159.3436236991
 30
0.0
 11
143.8471628171
 21
159.3436236991
 31
0.0
  0
LINE
  5
112
330
1F
100
AcDbEntity
  8
0
  6
Continuous
 62
     7
370
    25
100
AcDbLine
 10
109.6596628171
 20
158.0936236991
 30
0.0
 11
143.8471628171
 21
158.0936236991
 31
0.0
  0
LINE
  5
113
330
1F
100
AcDbEntity
  8
0
  6
Continuous
 62
     7
370
    25
100
AcDbLine
 10
203.0346628171
 20
159.3436236991
 30
0.0
 11
237.2221628171
 21
159.3436236991
 31
0.0
  0
LINE
  5
114
330
1F
100
AcDbEntity
  8
0
  6
Continuous
 62
     7
370
    25
100
AcDbLine
 10
203.0346628171
 20
158.0936236991
 30
0.0
 11
237.2221628171
 21
158.0936236991
 31
0.0
  0
LINE
  5
115
330
1F
100
AcDbEntity
  8
0
  6
Continuous
 62
     7
370
    25
100
AcDbLine
 10
249.7221628171
 20
159.3436236991
 30
0.0
 11
283.9096628171
 21
159.3436236991
 31
0.0
  0
LINE
  5
116
330
1F
100
AcDbEntity
  8
0
  6
Continuous
 62
     7
370
    25
100
AcDbLine
 10
249.7221628171
 20
158.0936236991
 30
0.0
 11
283.9096628171
 21
158.0936236991
 31
0.0
  0
LINE
  5
117
330
1F
100
AcDbEntity
  8
0
  6
Continuous
 62
     7
370
    25
100
AcDbLine
 10
87.1596628171
 20
158.0936236991
 30
0.0
 11
87.1596628171
 21
159.3436236991
 31
0.0
  0
LINE
  5
118
330
1F
100
AcDbEntity
  8
0
  6
Continuous
 62
     7
370
    25
100
AcDbLine
 10
87.1596628171
 20
159.3436236991
 30
0.0
 11
97.1596628171
 21
159.3436236991
 31
0.0
  0
LINE
  5
119
330
1F
100
AcDbEntity
  8
0
  6
Continuous
 62
     7
370
    25
100
AcDbLine
 10
87.1596628171
 20
158.0936236991
 30
0.0
 11
97.1596628171
 21
158.0936236991
 31
0.0
  0
LINE
  5
11A
330
1F
100
AcDbEntity
  8
0
  6
Continuous
 62
     7
370
    25
100
AcDbLine
 10
306.4096628171
 20
158.0936236991
 30
0.0
 11
306.4096628171
 21
159.3436236991
 31
0.0
  0
LINE
  5
11B
330
1F
100
AcDbEntity
  8
0
  6
Continuous
 62
     7
370
    25
100
AcDbLine
 10
296.4096628171
 20
159.3436236991
 30
0.0
 11
306.4096628171
 21
159.3436236991
 31
0.0
  0
LINE
  5
11C
330
1F
100
AcDbEntity
  8
0
  6
Continuous
 62
     7
370
    25
100
AcDbLine
 10
296.4096628171
 20
158.0936236991
 30
0.0
 11
306.4096628171
 21
158.0936236991
 31
0.0
  0
LINE
  5
11D
330
1F
100
AcDbEntity
  8
0
  6
Continuous
 62
     7
370
    25
100
AcDbLine
 10
156.3471628171
 20
159.3436236991
 30
0.0
 11
190.5346628171
 21
159.3436236991
 31
0.0
  0
LINE
  5
11E
330
1F
100
AcDbEntity
  8
0
  6
Continuous
 62
     7
370
    25
100
AcDbLine
 10
156.3471628171
 20
158.0936236991
 30
0.0
 11
190.5346628171
 21
158.0936236991
 31
0.0
  0
LINE
  5
11F
330
1F
100
AcDbEntity
  8
0
  6
Continuous
 62
     7
370
    25
100
AcDbLine
 10
85.6596628171
 20
158.0936236991
 30
0.0
 11
85.6596628171
 21
159.3436236991
 31
0.0
  0
LINE
  5
120
330
1F
100
AcDbEntity
  8
0
  6
Continuous
 62
     7
370
    25
100
AcDbLine
 10
87.1596628171
 20
159.3436236991
 30
0.0
 11
85.6596628171
 21
159.3436236991
 31
0.0
  0
LINE
  5
121
330
1F
100
AcDbEntity
  8
0
  6
Continuous
 62
     7
370
    25
100
AcDbLine
 10
85.6596628171
 20
158.0936236991
 30
0.0
 11
87.1596628171
 21
158.0936236991
 31
0.0
  0
LINE
  5
122
330
1F
100
AcDbEntity
  8
0
  6
Continuous
 62
     7
370
    25
100
AcDbLine
 10
307.9096628171
 20
158.0936236991
 30
0.0
 11
307.9096628171
 21
159.3436236991
 31
0.0
  0
LINE
  5
123
330
1F
100
AcDbEntity
  8
0
  6
Continuous
 62
     7
370
    25
100
AcDbLine
 10
306.4096628171
 20
159.3436236991
 30
0.0
 11
307.9096628171
 21
159.3436236991
 31
0.0
  0
LINE
  5
124
330
1F
100
AcDbEntity
  8
0
  6
Continuous
 62
     7
370
    25
100
AcDbLine
 10
307.9096628171
 20
158.0936236991
 30
0.0
 11
306.4096628171
 21
158.0936236991
 31
0.0
  0
DIMENSION
  5
125
330
1F
100
AcDbEntity
  8
0
  6
Continuous
 62
     7
370
    18
100
AcDbDimension
  2
_D
 10
321.1585887921
 20
158.0936236991
 30
0.0
 11
321.1585887921
 21
164.4961245843
 31
0.0
 70
   160
  1
<>
 71
     2
 42
-1.0
  3
SLDDIMSTYLE0
100
AcDbAlignedDimension
 13
307.9096628171
 23
159.3436236991
 33
0.0
 14
307.9096628171
 24
158.0936236991
 34
0.0
 50
90.0
100
AcDbRotatedDimension
  0
LINE
  5
139
330
1F
100
AcDbEntity
  8
0
  6
Continuous
 62
     7
370
    25
100
AcDbLine
 10
97.1596628171
 20
355.9152652005
 30
0.0
 11
87.1596628171
 21
355.9152652005
 31
0.0
  0
LINE
  5
13A
330
1F
100
AcDbEntity
  8
0
  6
Continuous
 62
     7
370
    25
100
AcDbLine
 10
97.1596628171
 20
357.4152652005
 30
0.0
 11
97.1596628171
 21
355.9152652005
 31
0.0
  0
LINE
  5
13B
330
1F
100
AcDbEntity
  8
0
  6
Continuous
 62
     7
370
    25
100
AcDbLine
 10
109.6596628171
 20
357.4152652005
 30
0.0
 11
97.1596628171
 21
357.4152652005
 31
0.0
  0
LINE
  5
13C
330
1F
100
AcDbEntity
  8
0
  6
Continuous
 62
     7
370
    25
100
AcDbLine
 10
109.6596628171
 20
355.9152652005
 30
0.0
 11
109.6596628171
 21
357.4152652005
 31
0.0
  0
LINE
  5
13D
330
1F
100
AcDbEntity
  8
0
  6
Continuous
 62
     7
370
    25
100
AcDbLine
 10
143.8471628171
 20
355.9152652005
 30
0.0
 11
109.6596628171
 21
355.9152652005
 31
0.0
  0
LINE
  5
13E
330
1F
100
AcDbEntity
  8
0
  6
Continuous
 62
     7
370
    25
100
AcDbLine
 10
143.8471628171
 20
357.4152652005
 30
0.0
 11
143.8471628171
 21
355.9152652005
 31
0.0
  0
LINE
  5
13F
330
1F
100
AcDbEntity
  8
0
  6
Continuous
 62
     7
370
    25
100
AcDbLine
 10
156.3471628171
 20
357.4152652005
 30
0.0
 11
143.8471628171
 21
357.4152652005
 31
0.0
  0
LINE
  5
140
330
1F
100
AcDbEntity
  8
0
  6
Continuous
 62
     7
370
    25
100
AcDbLine
 10
156.3471628171
 20
355.9152652005
 30
0.0
 11
156.3471628171
 21
357.4152652005
 31
0.0
  0
LINE
  5
141
330
1F
100
AcDbEntity
  8
0
  6
Continuous
 62
     7
370
    25
100
AcDbLine
 10
190.5346628171
 20
355.9152652005
 30
0.0
 11
156.3471628171
 21
355.9152652005
 31
0.0
  0
LINE
  5
142
330
1F
100
AcDbEntity
  8
0
  6
Continuous
 62
     7
370
    25
100
AcDbLine
 10
190.5346628171
 20
357.4152652005
 30
0.0
 11
190.5346628171
 21
355.9152652005
 31
0.0
  0
LINE
  5
143
330
1F
100
AcDbEntity
  8
0
  6
Continuous
 62
     7
370
    25
100
AcDbLine
 10
203.0346628171
 20
357.4152652005
 30
0.0
 11
190.5346628171
 21
357.4152652005
 31
0.0
  0
LINE
  5
144
330
1F
100
AcDbEntity
  8
0
  6
Continuous
 62
     7
370
    25
100
AcDbLine
 10
237.2221628171
 20
355.9152652005
 30
0.0
 11
203.0346628171
 21
355.9152652005
 31
0.0
  0
LINE
  5
145
330
1F
100
AcDbEntity
  8
0
  6
Continuous
 62
     7
370
    25
100
AcDbLine
 10
237.2221628171
 20
357.4152652005
 30
0.0
 11
237.2221628171
 21
355.9152652005
 31
0.0
  0
LINE
  5
146
330
1F
100
AcDbEntity
  8
0
  6
Continuous
 62
     7
370
    25
100
AcDbLine
 10
249.7221628171
 20
357.4152652005
 30
0.0
 11
237.2221628171
 21
357.4152652005
 31
0.0
  0
LINE
  5
147
330
1F
100
AcDbEntity
  8
0
  6
Continuous
 62
     7
370
    25
100
AcDbLine
 10
249.7221628171
 20
355.9152652005
 30
0.0
 11
249.7221628171
 21
357.4152652005
 31
0.0
  0
LINE
  5
148
330
1F
100
AcDbEntity
  8
0
  6
Continuous
 62
     7
370
    25
100
AcDbLine
 10
283.9096628171
 20
355.9152652005
 30
0.0
 11
249.7221628171
 21
355.9152652005
 31
0.0
  0
LINE
  5
149
330
1F
100
AcDbEntity
  8
0
  6
Continuous
 62
     7
370
    25
100
AcDbLine
 10
283.9096628171
 20
357.4152652005
 30
0.0
 11
283.9096628171
 21
355.9152652005
 31
0.0
  0
LINE
  5
14A
330
1F
100
AcDbEntity
  8
0
  6
Continuous
 62
     7
370
    25
100
AcDbLine
 10
296.4096628171
 20
357.4152652005
 30
0.0
 11
283.9096628171
 21
357.4152652005
 31
0.0
  0
LINE
  5
14B
330
1F
100
AcDbEntity
  8
0
  6
Continuous
 62
     7
370
    25
100
AcDbLine
 10
296.4096628171
 20
355.9152652005
 30
0.0
 11
296.4096628171
 21
357.4152652005
 31
0.0
  0
LINE
  5
14C
330
1F
100
AcDbEntity
  8
0
  6
Continuous
 62
     7
370
    25
100
AcDbLine
 10
306.4096628171
 20
355.9152652005
 30
0.0
 11
296.4096628171
 21
355.9152652005
 31
0.0
  0
LINE
  5
14D
330
1F
100
AcDbEntity
  8
0
  6
Continuous
 62
     7
370
    25
100
AcDbLine
 10
306.4096628171
 20
345.9152652005
 30
0.0
 11
306.4096628171
 21
355.9152652005
 31
0.0
  0
LINE
  5
14E
330
1F
100
AcDbEntity
  8
0
  6
Continuous
 62
     7
370
    25
100
AcDbLine
 10
306.4096628171
 20
345.9152652005
 30
0.0
 11
307.9096628171
 21
345.9152652005
 31
0.0
  0
LINE
  5
14F
330
1F
100
AcDbEntity
  8
0
  6
Continuous
 62
     7
370
    25
100
AcDbLine
 10
307.9096628171
 20
345.9152652005
 30
0.0
 11
307.9096628171
 21
333.4152652005
 31
0.0
  0
LINE
  5
150
330
1F
100
AcDbEntity
  8
0
  6
Continuous
 62
     7
370
    25
100
AcDbLine
 10
306.4096628171
 20
333.4152652005
 30
0.0
 11
307.9096628171
 21
333.4152652005
 31
0.0
  0
LINE
  5
151
330
1F
100
AcDbEntity
  8
0
  6
Continuous
 62
     7
370
    25
100
AcDbLine
 10
306.4096628171
 20
307.1986152005
 30
0.0
 11
306.4096628171
 21
333.4152652005
 31
0.0
  0
LINE
  5
152
330
1F
100
AcDbEntity
  8
0
  6
Continuous
 62
     7
370
    25
100
AcDbLine
 10
306.4096628171
 20
307.1986152005
 30
0.0
 11
307.9096628171
 21
307.1986152005
 31
0.0
  0
LINE
  5
153
330
1F
100
AcDbEntity
  8
0
  6
Continuous
 62
     7
370
    25
100
AcDbLine
 10
307.9096628171
 20
307.1986152005
 30
0.0
 11
307.9096628171
 21
294.6986152005
 31
0.0
  0
LINE
  5
154
330
1F
100
AcDbEntity
  8
0
  6
Continuous
 62
     7
370
    25
100
AcDbLine
 10
306.4096628171
 20
294.6986152005
 30
0.0
 11
307.9096628171
 21
294.6986152005
 31
0.0
  0
LINE
  5
155
330
1F
100
AcDbEntity
  8
0
  6
Continuous
 62
     7
370
    25
100
AcDbLine
 10
306.4096628171
 20
268.4819652005
 30
0.0
 11
306.4096628171
 21
294.6986152005
 31
0.0
  0
LINE
  5
156
330
1F
100
AcDbEntity
  8
0
  6
Continuous
 62
     7
370
    25
100
AcDbLine
 10
306.4096628171
 20
268.4819652005
 30
0.0
 11
307.9096628171
 21
268.4819652005
 31
0.0
  0
LINE
  5
157
330
1F
100
AcDbEntity
  8
0
  6
Continuous
 62
     7
370
    25
100
AcDbLine
 10
307.9096628171
 20
268.4819652005
 30
0.0
 11
307.9096628171
 21
255.9819652005
 31
0.0
  0
LINE
  5
158
330
1F
100
AcDbEntity
  8
0
  6
Continuous
 62
     7
370
    25
100
AcDbLine
 10
306.4096628171
 20
255.9819652005
 30
0.0
 11
307.9096628171
 21
255.9819652005
 31
0.0
  0
LINE
  5
159
330
1F
100
AcDbEntity
  8
0
  6
Continuous
 62
     7
370
    25
100
AcDbLine
 10
306.4096628171
 20
229.7652652005
 30
0.0
 11
306.4096628171
 21
255.9819652005
 31
0.0
  0
LINE
  5
15A
330
1F
100
AcDbEntity
  8
0
  6
Continuous
 62
     7
370
    25
100
AcDbLine
 10
306.4096628171
 20
229.7652652005
 30
0.0
 11
307.9096628171
 21
229.7652652005
 31
0.0
  0
LINE
  5
15B
330
1F
100
AcDbEntity
  8
0
  6
Continuous
 62
     7
370
    25
100
AcDbLine
 10
307.9096628171
 20
229.7652652005
 30
0.0
 11
307.9096628171
 21
217.2652652005
 31
0.0
  0
LINE
  5
15C
330
1F
100
AcDbEntity
  8
0
  6
Continuous
 62
     7
370
    25
100
AcDbLine
 10
306.4096628171
 20
217.2652652005
 30
0.0
 11
307.9096628171
 21
217.2652652005
 31
0.0
  0
LINE
  5
15D
330
1F
100
AcDbEntity
  8
0
  6
Continuous
 62
     7
370
    25
100
AcDbLine
 10
306.4096628171
 20
207.2652652005
 30
0.0
 11
306.4096628171
 21
217.2652652005
 31
0.0
  0
LINE
  5
15E
330
1F
100
AcDbEntity
  8
0
  6
Continuous
 62
     7
370
    25
100
AcDbLine
 10
296.4096628171
 20
207.2652652005
 30
0.0
 11
306.4096628171
 21
207.2652652005
 31
0.0
  0
LINE
  5
15F
330
1F
100
AcDbEntity
  8
0
  6
Continuous
 62
     7
370
    25
100
AcDbLine
 10
296.4096628171
 20
205.0152652005
 30
0.0
 11
296.4096628171
 21
207.2652652005
 31
0.0
  0
LINE
  5
160
330
1F
100
AcDbEntity
  8
0
  6
Continuous
 62
     7
370
    25
100
AcDbLine
 10
283.9096628171
 20
205.0152652005
 30
0.0
 11
296.4096628171
 21
205.0152652005
 31
0.0
  0
LINE
  5
161
330
1F
100
AcDbEntity
  8
0
  6
Continuous
 62
     7
370
    25
100
AcDbLine
 10
283.9096628171
 20
207.2652652005
 30
0.0
 11
283.9096628171
 21
205.0152652005
 31
0.0
  0
LINE
  5
162
330
1F
100
AcDbEntity
  8
0
  6
Continuous
 62
     7
370
    25
100
AcDbLine
 10
249.7221628171
 20
207.2652652005
 30
0.0
 11
283.9096628171
 21
207.2652652005
 31
0.0
  0
LINE
  5
163
330
1F
100
AcDbEntity
  8
0
  6
Continuous
 62
     7
370
    25
100
AcDbLine
 10
249.7221628171
 20
205.0152652005
 30
0.0
 11
249.7221628171
 21
207.2652652005
 31
0.0
  0
LINE
  5
164
330
1F
100
AcDbEntity
  8
0
  6
Continuous
 62
     7
370
    25
100
AcDbLine
 10
237.2221628171
 20
205.0152652005
 30
0.0
 11
249.7221628171
 21
205.0152652005
 31
0.0
  0
LINE
  5
165
330
1F
100
AcDbEntity
  8
0
  6
Continuous
 62
     7
370
    25
100
AcDbLine
 10
237.2221628171
 20
207.2652652005
 30
0.0
 11
237.2221628171
 21
205.0152652005
 31
0.0
  0
LINE
  5
166
330
1F
100
AcDbEntity
  8
0
  6
Continuous
 62
     7
370
    25
100
AcDbLine
 10
203.0346628171
 20
207.2652652005
 30
0.0
 11
237.2221628171
 21
207.2652652005
 31
0.0
  0
LINE
  5
167
330
1F
100
AcDbEntity
  8
0
  6
Continuous
 62
     7
370
    25
100
AcDbLine
 10
203.0346628171
 20
205.0152652005
 30
0.0
 11
203.0346628171
 21
207.2652652005
 31
0.0
  0
LINE
  5
168
330
1F
100
AcDbEntity
  8
0
  6
Continuous
 62
     7
370
    25
100
AcDbLine
 10
190.5346628171
 20
205.0152652005
 30
0.0
 11
203.0346628171
 21
205.0152652005
 31
0.0
  0
LINE
  5
169
330
1F
100
AcDbEntity
  8
0
  6
Continuous
 62
     7
370
    25
100
AcDbLine
 10
190.5346628171
 20
207.2652652005
 30
0.0
 11
190.5346628171
 21
205.0152652005
 31
0.0
  0
LINE
  5
16A
330
1F
100
AcDbEntity
  8
0
  6
Continuous
 62
     7
370
    25
100
AcDbLine
 10
156.3471628171
 20
207.2652652005
 30
0.0
 11
190.5346628171
 21
207.2652652005
 31
0.0
  0
LINE
  5
16B
330
1F
100
AcDbEntity
  8
0
  6
Continuous
 62
     7
370
    25
100
AcDbLine
 10
156.3471628171
 20
205.0152652005
 30
0.0
 11
156.3471628171
 21
207.2652652005
 31
0.0
  0
LINE
  5
16C
330
1F
100
AcDbEntity
  8
0
  6
Continuous
 62
     7
370
    25
100
AcDbLine
 10
143.8471628171
 20
205.0152652005
 30
0.0
 11
156.3471628171
 21
205.0152652005
 31
0.0
  0
LINE
  5
16D
330
1F
100
AcDbEntity
  8
0
  6
Continuous
 62
     7
370
    25
100
AcDbLine
 10
143.8471628171
 20
207.2652652005
 30
0.0
 11
143.8471628171
 21
205.0152652005
 31
0.0
  0
LINE
  5
16E
330
1F
100
AcDbEntity
  8
0
  6
Continuous
 62
     7
370
    25
100
AcDbLine
 10
109.6596628171
 20
207.2652652005
 30
0.0
 11
143.8471628171
 21
207.2652652005
 31
0.0
  0
LINE
  5
16F
330
1F
100
AcDbEntity
  8
0
  6
Continuous
 62
     7
370
    25
100
AcDbLine
 10
109.6596628171
 20
205.0152652005
 30
0.0
 11
109.6596628171
 21
207.2652652005
 31
0.0
  0
LINE
  5
170
330
1F
100
AcDbEntity
  8
0
  6
Continuous
 62
     7
370
    25
100
AcDbLine
 10
97.1596628171
 20
205.0152652005
 30
0.0
 11
109.6596628171
 21
205.0152652005
 31
0.0
  0
LINE
  5
171
330
1F
100
AcDbEntity
  8
0
  6
Continuous
 62
     7
370
    25
100
AcDbLine
 10
97.1596628171
 20
207.2652652005
 30
0.0
 11
97.1596628171
 21
205.0152652005
 31
0.0
  0
LINE
  5
172
330
1F
100
AcDbEntity
  8
0
  6
Continuous
 62
     7
370
    25
100
AcDbLine
 10
87.1596628171
 20
207.2652652005
 30
0.0
 11
97.1596628171
 21
207.2652652005
 31
0.0
  0
LINE
  5
173
330
1F
100
AcDbEntity
  8
0
  6
Continuous
 62
     7
370
    25
100
AcDbLine
 10
87.1596628171
 20
217.2652652005
 30
0.0
 11
87.1596628171
 21
207.2652652005
 31
0.0
  0
LINE
  5
174
330
1F
100
AcDbEntity
  8
0
  6
Continuous
 62
     7
370
    25
100
AcDbLine
 10
87.1596628171
 20
217.2652652005
 30
0.0
 11
85.6596628171
 21
217.2652652005
 31
0.0
  0
LINE
  5
175
330
1F
100
AcDbEntity
  8
0
  6
Continuous
 62
     7
370
    25
100
AcDbLine
 10
85.6596628171
 20
229.7652652005
 30
0.0
 11
85.6596628171
 21
217.2652652005
 31
0.0
  0
LINE
  5
176
330
1F
100
AcDbEntity
  8
0
  6
Continuous
 62
     7
370
    25
100
AcDbLine
 10
87.1596628171
 20
229.7652652005
 30
0.0
 11
85.6596628171
 21
229.7652652005
 31
0.0
  0
LINE
  5
177
330
1F
100
AcDbEntity
  8
0
  6
Continuous
 62
     7
370
    25
100
AcDbLine
 10
87.1596628171
 20
255.9819652005
 30
0.0
 11
87.1596628171
 21
229.7652652005
 31
0.0
  0
LINE
  5
178
330
1F
100
AcDbEntity
  8
0
  6
Continuous
 62
     7
370
    25
100
AcDbLine
 10
87.1596628171
 20
255.9819652005
 30
0.0
 11
85.6596628171
 21
255.9819652005
 31
0.0
  0
LINE
  5
179
330
1F
100
AcDbEntity
  8
0
  6
Continuous
 62
     7
370
    25
100
AcDbLine
 10
85.6596628171
 20
268.4819652005
 30
0.0
 11
85.6596628171
 21
255.9819652005
 31
0.0
  0
LINE
  5
17A
330
1F
100
AcDbEntity
  8
0
  6
Continuous
 62
     7
370
    25
100
AcDbLine
 10
87.1596628171
 20
268.4819652005
 30
0.0
 11
85.6596628171
 21
268.4819652005
 31
0.0
  0
LINE
  5
17B
330
1F
100
AcDbEntity
  8
0
  6
Continuous
 62
     7
370
    25
100
AcDbLine
 10
87.1596628171
 20
294.6986152005
 30
0.0
 11
87.1596628171
 21
268.4819652005
 31
0.0
  0
LINE
  5
17C
330
1F
100
AcDbEntity
  8
0
  6
Continuous
 62
     7
370
    25
100
AcDbLine
 10
87.1596628171
 20
294.6986152005
 30
0.0
 11
85.6596628171
 21
294.6986152005
 31
0.0
  0
LINE
  5
17D
330
1F
100
AcDbEntity
  8
0
  6
Continuous
 62
     7
370
    25
100
AcDbLine
 10
85.6596628171
 20
307.1986152005
 30
0.0
 11
85.6596628171
 21
294.6986152005
 31
0.0
  0
LINE
  5
17E
330
1F
100
AcDbEntity
  8
0
  6
Continuous
 62
     7
370
    25
100
AcDbLine
 10
87.1596628171
 20
307.1986152005
 30
0.0
 11
85.6596628171
 21
307.1986152005
 31
0.0
  0
LINE
  5
17F
330
1F
100
AcDbEntity
  8
0
  6
Continuous
 62
     7
370
    25
100
AcDbLine
 10
87.1596628171
 20
333.4152652005
 30
0.0
 11
87.1596628171
 21
307.1986152005
 31
0.0
  0
LINE
  5
180
330
1F
100
AcDbEntity
  8
0
  6
Continuous
 62
     7
370
    25
100
AcDbLine
 10
87.1596628171
 20
333.4152652005
 30
0.0
 11
85.6596628171
 21
333.4152652005
 31
0.0
  0
LINE
  5
181
330
1F
100
AcDbEntity
  8
0
  6
Continuous
 62
     7
370
    25
100
AcDbLine
 10
85.6596628171
 20
345.9152652005
 30
0.0
 11
85.6596628171
 21
333.4152652005
 31
0.0
  0
LINE
  5
182
330
1F
100
AcDbEntity
  8
0
  6
Continuous
 62
     7
370
    25
100
AcDbLine
 10
87.1596628171
 20
345.9152652005
 30
0.0
 11
85.6596628171
 21
345.9152652005
 31
0.0
  0
LINE
  5
183
330
1F
100
AcDbEntity
  8
0
  6
Continuous
 62
     7
370
    25
100
AcDbLine
 10
87.1596628171
 20
355.9152652005
 30
0.0
 11
87.1596628171
 21
345.9152652005
 31
0.0
  0
LINE
  5
184
330
1F
100
AcDbEntity
  8
0
  6
Continuous
 62
     7
370
    25
100
AcDbLine
 10
285.3522233014
 20
346.3902652005
 30
0.0
 11
99.1846628171
 21
346.3902652005
 31
0.0
  0
ARC
  5
185
330
1F
100
AcDbEntity
  8
0
  6
Continuous
 62
     7
370
    25
100
AcDbCircle
 10
99.1846628171
 20
343.8902652005
 30
0.0
 40
2.500000000000114
100
AcDbArc
 50
90.0
 51
180.0
  0
LINE
  5
186
330
1F
100
AcDbEntity
  8
0
  6
Continuous
 62
     7
370
    25
100
AcDbLine
 10
96.6846628171
 20
343.8902652005
 30
0.0
 11
96.6846628171
 21
219.7652652005
 31
0.0
  0
ARC
  5
187
330
1F
100
AcDbEntity
  8
0
  6
Continuous
 62
     7
370
    25
100
AcDbCircle
 10
99.1846628171
 20
219.7652652005
 30
0.0
 40
2.500000000000028
100
AcDbArc
 50
180.0
 51
270.0
  0
LINE
  5
188
330
1F
100
AcDbEntity
  8
0
  6
Continuous
 62
     7
370
    25
100
AcDbLine
 10
99.1846628171
 20
217.2652652005
 30
0.0
 11
294.3846628171
 21
217.2652652005
 31
0.0
  0
ARC
  5
189
330
1F
100
AcDbEntity
  8
0
  6
Continuous
 62
     7
370
    25
100
AcDbCircle
 10
294.3846628171
 20
219.7652652005
 30
0.0
 40
2.500000000000028
100
AcDbArc
 50
270.0
 51
0.0
  0
LINE
  5
18A
330
1F
100
AcDbEntity
  8
0
  6
Continuous
 62
     7
370
    25
100
AcDbLine
 10
296.8846628171
 20
219.7652652005
 30
0.0
 11
296.8846628171
 21
334.8578256849
 31
0.0
  0
ARC
  5
18B
330
1F
100
AcDbEntity
  8
0
  6
Continuous
 62
     7
370
    25
100
AcDbCircle
 10
296.1524297701
 20
345.6580321535
 30
0.0
 40
10.82500000000002
100
AcDbArc
 50
176.1213928035
 51
273.8786071965
  0
CIRCLE
  5
18C
330
1F
100
AcDbEntity
  8
0
  6
Continuous
 62
     7
370
    25
100
AcDbCircle
 10
92.5597028171
 20
328.4147652005
 30
0.0
 40
1.999999999999829
  0
CIRCLE
  5
18D
330
1F
100
AcDbEntity
  8
0
  6
Continuous
 62
     7
370
    25
100
AcDbCircle
 10
301.0096228171
 20
328.4147652005
 30
0.0
 40
1.999999999999943
  0
CIRCLE
  5
18E
330
1F
100
AcDbEntity
  8
0
  6
Continuous
 62
     7
370
    25
100
AcDbCircle
 10
301.0096228171
 20
234.7657652005
 30
0.0
 40
2.0
  0
CIRCLE
  5
18F
330
1F
100
AcDbEntity
  8
0
  6
Continuous
 62
     7
370
    25
100
AcDbCircle
 10
92.5597028171
 20
234.7657652005
 30
0.0
 40
2.0
  0
CIRCLE
  5
190
330
1F
100
AcDbEntity
  8
0
  6
Continuous
 62
     7
370
    25
100
AcDbCircle
 10
296.1524297701
 20
345.6580321535
 30
0.0
 40
6.025000000000034
  0
LINE
  5
191
330
1F
100
AcDbEntity
  8
0
  6
Continuous
 62
     7
370
    25
100
AcDbLine
 10
203.0346628171
 20
355.9152652005
 30
0.0
 11
203.0346628171
 21
357.4152652005
 31
0.0
  0
DIMENSION
  5
192
330
1F
100
AcDbEntity
  8
0
  6
Continuous
 62
     7
370
    18
100
AcDbDimension
  2
_D_1
 10
296.1524297701
 20
345.6580321535
 30
0.0
 11
272.8201663646
 21
324.0023038149
 31
0.0
 70
   164
  1
<>
 71
     1
 42
-1.0
  3
SLDDIMSTYLE1
100
AcDbRadialDimension
 15
288.2182543084
 25
338.2939650202
 35
0.0
 40
0.0
  0
DIMENSION
  5
19B
330
1F
100
AcDbEntity
  8
0
  6
Continuous
 62
     7
370
    18
100
AcDbDimension
  2
_D_2
 10
351.3373900179
 20
339.6330321535
 30
0.0
 11
351.3373900179
 21
348.9973993378
 31
0.0
 70
   160
  1
%%c<>
 71
     2
 42
-1.0
  3
SLDDIMSTYLE0
100
AcDbAlignedDimension
 13
296.1524297701
 23
351.6830321535
 33
0.0
 14
296.1524297701
 24
339.6330321535
 34
0.0
 50
90.0
100
AcDbRotatedDimension
  0
DIMENSION
  5
1A8
330
1F
100
AcDbEntity
  8
0
  6
Continuous
 62
     7
370
    18
100
AcDbDimension
  2
_D_3
 10
306.4096628171
 20
371.3316416493
 30
0.0
 11
308.0540200763
 21
371.3316416493
 31
0.0
 70
   160
  1
<>
 71
     2
 42
-1.0
  3
SLDDIMSTYLE2
100
AcDbAlignedDimension
 13
296.1524297701
 23
352.9330321535
 33
0.0
 14
306.4096628171
 24
355.9152652005
 34
0.0
100
AcDbRotatedDimension
  0
DIMENSION
  5
1B4
330
1F
100
AcDbEntity
  8
0
  6
Continuous
 62
     7
370
    18
100
AcDbDimension
  2
_D_4
 10
323.9096628171
 20
345.6580321535
 30
0.0
 11
323.9096628171
 21
362.7288574544
 31
0.0
 70
   160
  1
<>
 71
     2
 42
-1.0
  3
SLDDIMSTYLE2
100
AcDbAlignedDimension
 13
306.4096628171
 23
355.9152652005
 33
0.0
 14
303.4274297701
 24
345.6580321535
 34
0.0
 50
90.0
100
AcDbRotatedDimension
  0
DIMENSION
  5
1BF
330
1F
100
AcDbEntity
  8
0
  6
Continuous
 62
     7
370
    18
100
AcDbDimension
  2
_D_5
 10
301.0096228171
 20
315.2676614302
 30
0.0
 11
288.4945286739
 21
315.2676614302
 31
0.0
 70
   160
  1
<>
 71
     2
 42
-1.0
  3
SLDDIMSTYLE3
100
AcDbAlignedDimension
 13
296.8846628171
 23
334.8578256849
 33
0.0
 14
301.0096228171
 24
325.1647652005
 34
0.0
100
AcDbRotatedDimension
  0
DIMENSION
  5
1CB
330
1F
100
AcDbEntity
  8
0
  6
Continuous
 62
     7
370
    18
100
AcDbDimension
  2
_D_6
 10
288.4945286739
 20
328.4147652005
 30
0.0
 11
288.4945286739
 21
326.8899605766
 31
0.0
 70
   160
  1
<>
 71
     2
 42
-1.0
  3
SLDDIMSTYLE4
100
AcDbAlignedDimension
 13
283.9096628171
 23
357.4152652005
 33
0.0
 14
297.7596228171
 24
328.4147652005
 34
0.0
 50
90.0
100
AcDbRotatedDimension
  0
DIMENSION
  5
1D6
330
1F
100
AcDbEntity
  8
0
  6
Continuous
 62
     7
370
    18
100
AcDbDimension
  2
_D_7
 10
333.7669208172
 20
205.0152652005
 30
0.0
 11
333.7669208172
 21
242.3458317785
 31
0.0
 70
   160
  1
<>
 71
     2
 42
-1.0
  3
SLDDIMSTYLE4
100
AcDbAlignedDimension
 13
304.2596228171
 23
234.7657652005
 33
0.0
 14
296.4096628171
 24
205.0152652005
 34
0.0
 50
90.0
100
AcDbRotatedDimension
  0
DIMENSION
  5
1E1
330
1F
100
AcDbEntity
  8
0
  6
Continuous
 62
     7
370
    18
100
AcDbDimension
  2
_D_8
 10
301.0096228171
 20
228.8765417414
 30
0.0
 11
287.4015401856
 21
228.8765417414
 31
0.0
 70
   160
  1
<>
 71
     2
 42
-1.0
  3
SLDDIMSTYLE3
100
AcDbAlignedDimension
 13
296.8846628171
 23
219.7652652005
 33
0.0
 14
301.0096228171
 24
231.5157652005
 34
0.0
100
AcDbRotatedDimension
  0
DIMENSION
  5
1EC
330
1F
100
AcDbEntity
  8
0
  6
Continuous
 62
     7
370
    18
100
AcDbDimension
  2
_D_9
 10
69.4226063544
 20
357.4152652005
 30
0.0
 11
69.4226063544
 21
356.6953405624
 31
0.0
 70
   160
  1
<>
 71
     2
 42
-1.0
  3
SLDDIMSTYLE3
100
AcDbAlignedDimension
 13
99.1846628171
 23
346.3902652005
 33
0.0
 14
97.1596628171
 24
357.4152652005
 34
0.0
 50
90.0
100
AcDbRotatedDimension
  0
DIMENSION
  5
1F8
330
1F
100
AcDbEntity
  8
0
  6
Continuous
 62
     7
370
    18
100
AcDbDimension
  2
_D_10
 10
69.6596628171
 20
217.2652652005
 30
0.0
 11
69.6596628171
 21
216.4631416256
 31
0.0
 70
   160
  1
<>
 71
     2
 42
-1.0
  3
SLDDIMSTYLE0
100
AcDbAlignedDimension
 13
97.1596628171
 23
205.0152652005
 33
0.0
 14
99.1846628171
 24
217.2652652005
 34
0.0
 50
90.0
100
AcDbRotatedDimension
  0
DIMENSION
  5
204
330
1F
100
AcDbEntity
  8
0
  6
Continuous
 62
     7
370
    18
100
AcDbDimension
  2
_D_11
 10
85.6596628171
 20
260.9270095812
 30
0.0
 11
66.935117238
 21
260.9270095812
 31
0.0
 70
   160
  1
<>
 71
     2
 42
-1.0
  3
SLDDIMSTYLE2
100
AcDbAlignedDimension
 13
96.6846628171
 23
219.7652652005
 33
0.0
 14
85.6596628171
 24
255.9819652005
 34
0.0
100
AcDbRotatedDimension
  0
DIMENSION
  5
20D
330
1F
100
AcDbEntity
  8
0
  6
Continuous
 62
     7
370
    18
100
AcDbDimension
  2
_D_12
 10
99.1846628171
 20
219.7652652005
 30
0.0
 11
112.9536758914
 21
227.3459165098
 31
0.0
 70
   164
  1
<>
 71
     1
 42
-1.0
  3
SLDDIMSTYLE5
100
AcDbRadialDimension
 15
96.9946397058
 25
218.5595294202
 35
0.0
 40
0.0
  0
DIMENSION
  5
216
330
1F
100
AcDbEntity
  8
0
  6
Continuous
 62
     7
370
    18
100
AcDbDimension
  2
_D_13
 10
128.1895367293
 20
346.3902652005
 30
0.0
 11
128.1895367293
 21
289.8440705593
 31
0.0
 70
   160
  1
<>
 71
     2
 42
-1.0
  3
SLDDIMSTYLE2
100
AcDbAlignedDimension
 13
99.1846628171
 23
217.2652652005
 33
0.0
 14
99.1846628171
 24
346.3902652005
 34
0.0
 50
90.0
100
AcDbRotatedDimension
  0
DIMENSION
  5
21E
330
1F
100
AcDbEntity
  8
0
  6
Continuous
 62
     7
370
    18
100
AcDbDimension
  2
_D_14
 10
296.8846628171
 20
260.9270095812
 30
0.0
 11
240.1265469671
 21
260.9270095812
 31
0.0
 70
   160
  1
<>
 71
     2
 42
-1.0
  3
SLDDIMSTYLE4
100
AcDbAlignedDimension
 13
96.6846628171
 23
219.7652652005
 33
0.0
 14
296.8846628171
 24
219.7652652005
 34
0.0
100
AcDbRotatedDimension
  0
INSERT
  5
231
330
1F
100
AcDbEntity
  8
0
  6
Continuous
 62
     7
370
     0
100
AcDbBlockReference
  2
SW_CENTERMARKSYMBOL_0
 10
92.5597028171
 20
328.4147652005
 30
0.0
  0
INSERT
  5
23D
330
1F
100
AcDbEntity
  8
0
  6
Continuous
 62
     7
370
     0
100
AcDbBlockReference
  2
SW_CENTERMARKSYMBOL_1
 10
301.0096228171
 20
328.4147652005
 30
0.0
  0
INSERT
  5
249
330
1F
100
AcDbEntity
  8
0
  6
Continuous
 62
     7
370
     0
100
AcDbBlockReference
  2
SW_CENTERMARKSYMBOL_2
 10
301.0096228171
 20
234.7657652005
 30
0.0
  0
INSERT
  5
255
330
1F
100
AcDbEntity
  8
0
  6
Continuous
 62
     7
370
     0
100
AcDbBlockReference
  2
SW_CENTERMARKSYMBOL_3
 10
92.5597028171
 20
234.7657652005
 30
0.0
  0
INSERT
  5
261
330
1F
100
AcDbEntity
  8
0
  6
Continuous
 62
     7
370
     0
100
AcDbBlockReference
  2
SW_CENTERMARKSYMBOL_4
 10
296.1524297701
 20
345.6580321535
 30
0.0
  0
LINE
  5
262
330
1F
100
AcDbEntity
  8
0
  6
Continuous
 62
     7
370
    25
100
AcDbLine
 10
385.7708749079
 20
169.5240738625
 30
0.0
 11
387.2708749079
 21
169.5240738625
 31
0.0
  0
LINE
  5
263
330
1F
100
AcDbEntity
  8
0
  6
Continuous
 62
     7
370
    25
100
AcDbLine
 10
385.7708749079
 20
182.0240738625
 30
0.0
 11
385.7708749079
 21
169.5240738625
 31
0.0
  0
LINE
  5
264
330
1F
100
AcDbEntity
  8
0
  6
Continuous
 62
     7
370
    25
100
AcDbLine
 10
387.2708749079
 20
182.0240738625
 30
0.0
 11
385.7708749079
 21
182.0240738625
 31
0.0
  0
LINE
  5
265
330
1F
100
AcDbEntity
  8
0
  6
Continuous
 62
     7
370
    25
100
AcDbLine
 10
385.7708749079
 20
216.2115738625
 30
0.0
 11
387.2708749079
 21
216.2115738625
 31
0.0
  0
LINE
  5
266
330
1F
100
AcDbEntity
  8
0
  6
Continuous
 62
     7
370
    25
100
AcDbLine
 10
385.7708749079
 20
228.7115738625
 30
0.0
 11
385.7708749079
 21
216.2115738625
 31
0.0
  0
LINE
  5
267
330
1F
100
AcDbEntity
  8
0
  6
Continuous
 62
     7
370
    25
100
AcDbLine
 10
387.2708749079
 20
228.7115738625
 30
0.0
 11
385.7708749079
 21
228.7115738625
 31
0.0
  0
LINE
  5
268
330
1F
100
AcDbEntity
  8
0
  6
Continuous
 62
     7
370
    25
100
AcDbLine
 10
385.7708749079
 20
262.8990738625
 30
0.0
 11
387.2708749079
 21
262.8990738625
 31
0.0
  0
LINE
  5
269
330
1F
100
AcDbEntity
  8
0
  6
Continuous
 62
     7
370
    25
100
AcDbLine
 10
385.7708749079
 20
275.3990738625
 30
0.0
 11
385.7708749079
 21
262.8990738625
 31
0.0
  0
LINE
  5
26A
330
1F
100
AcDbEntity
  8
0
  6
Continuous
 62
     7
370
    25
100
AcDbLine
 10
387.2708749079
 20
275.3990738625
 30
0.0
 11
385.7708749079
 21
275.3990738625
 31
0.0
  0
LINE
  5
26B
330
1F
100
AcDbEntity
  8
0
  6
Continuous
 62
     7
370
    25
100
AcDbLine
 10
385.7708749079
 20
309.5865738625
 30
0.0
 11
387.2708749079
 21
309.5865738625
 31
0.0
  0
LINE
  5
26C
330
1F
100
AcDbEntity
  8
0
  6
Continuous
 62
     7
370
    25
100
AcDbLine
 10
385.7708749079
 20
322.0865738625
 30
0.0
 11
385.7708749079
 21
309.5865738625
 31
0.0
  0
LINE
  5
26D
330
1F
100
AcDbEntity
  8
0
  6
Continuous
 62
     7
370
    25
100
AcDbLine
 10
387.2708749079
 20
322.0865738625
 30
0.0
 11
385.7708749079
 21
322.0865738625
 31
0.0
  0
LINE
  5
26E
330
1F
100
AcDbEntity
  8
0
  6
Continuous
 62
     7
370
    25
100
AcDbLine
 10
385.7708749079
 20
356.2740738625
 30
0.0
 11
387.2708749079
 21
356.2740738625
 31
0.0
  0
LINE
  5
26F
330
1F
100
AcDbEntity
  8
0
  6
Continuous
 62
     7
370
    25
100
AcDbLine
 10
385.7708749079
 20
368.7740738625
 30
0.0
 11
385.7708749079
 21
356.2740738625
 31
0.0
  0
LINE
  5
270
330
1F
100
AcDbEntity
  8
0
  6
Continuous
 62
     7
370
    25
100
AcDbLine
 10
387.2708749079
 20
368.7740738625
 30
0.0
 11
385.7708749079
 21
368.7740738625
 31
0.0
  0
LINE
  5
271
330
1F
100
AcDbEntity
  8
0
  6
Continuous
 62
     7
370
    25
100
AcDbLine
 10
397.2708749079
 20
378.7740738625
 30
0.0
 11
397.2708749079
 21
380.2740738625
 31
0.0
  0
LINE
  5
272
330
1F
100
AcDbEntity
  8
0
  6
Continuous
 62
     7
370
    25
100
AcDbLine
 10
397.2708749079
 20
380.2740738625
 30
0.0
 11
409.7708749079
 21
380.2740738625
 31
0.0
  0
LINE
  5
273
330
1F
100
AcDbEntity
  8
0
  6
Continuous
 62
     7
370
    25
100
AcDbLine
 10
409.7708749079
 20
378.7740738625
 30
0.0
 11
409.7708749079
 21
380.2740738625
 31
0.0
  0
LINE
  5
274
330
1F
100
AcDbEntity
  8
0
  6
Continuous
 62
     7
370
    25
100
AcDbLine
 10
435.9875249079
 20
378.7740738625
 30
0.0
 11
435.9875249079
 21
380.2740738625
 31
0.0
  0
LINE
  5
275
330
1F
100
AcDbEntity
  8
0
  6
Continuous
 62
     7
370
    25
100
AcDbLine
 10
435.9875249079
 20
380.2740738625
 30
0.0
 11
448.4875249079
 21
380.2740738625
 31
0.0
  0
LINE
  5
276
330
1F
100
AcDbEntity
  8
0
  6
Continuous
 62
     7
370
    25
100
AcDbLine
 10
448.4875249079
 20
378.7740738625
 30
0.0
 11
448.4875249079
 21
380.2740738625
 31
0.0
  0
LINE
  5
277
330
1F
100
AcDbEntity
  8
0
  6
Continuous
 62
     7
370
    25
100
AcDbLine
 10
474.7041749079
 20
378.7740738625
 30
0.0
 11
474.7041749079
 21
380.2740738625
 31
0.0
  0
LINE
  5
278
330
1F
100
AcDbEntity
  8
0
  6
Continuous
 62
     7
370
    25
100
AcDbLine
 10
474.7041749079
 20
380.2740738625
 30
0.0
 11
487.2041749079
 21
380.2740738625
 31
0.0
  0
LINE
  5
279
330
1F
100
AcDbEntity
  8
0
  6
Continuous
 62
     7
370
    25
100
AcDbLine
 10
487.2041749079
 20
378.7740738625
 30
0.0
 11
487.2041749079
 21
380.2740738625
 31
0.0
  0
LINE
  5
27A
330
1F
100
AcDbEntity
  8
0
  6
Continuous
 62
     7
370
    25
100
AcDbLine
 10
513.4208749079
 20
378.7740738625
 30
0.0
 11
513.4208749079
 21
380.2740738625
 31
0.0
  0
LINE
  5
27B
330
1F
100
AcDbEntity
  8
0
  6
Continuous
 62
     7
370
    25
100
AcDbLine
 10
513.4208749079
 20
380.2740738625
 30
0.0
 11
525.9208749079
 21
380.2740738625
 31
0.0
  0
LINE
  5
27C
330
1F
100
AcDbEntity
  8
0
  6
Continuous
 62
     7
370
    25
100
AcDbLine
 10
525.9208749079
 20
378.7740738625
 30
0.0
 11
525.9208749079
 21
380.2740738625
 31
0.0
  0
LINE
  5
27D
330
1F
100
AcDbEntity
  8
0
  6
Continuous
 62
     7
370
    25
100
AcDbLine
 10
538.1708749079
 20
368.7740738625
 30
0.0
 11
535.9208749079
 21
368.7740738625
 31
0.0
  0
LINE
  5
27E
330
1F
100
AcDbEntity
  8
0
  6
Continuous
 62
     7
370
    25
100
AcDbLine
 10
538.1708749079
 20
356.2740738625
 30
0.0
 11
538.1708749079
 21
368.7740738625
 31
0.0
  0
LINE
  5
27F
330
1F
100
AcDbEntity
  8
0
  6
Continuous
 62
     7
370
    25
100
AcDbLine
 10
535.9208749079
 20
356.2740738625
 30
0.0
 11
538.1708749079
 21
356.2740738625
 31
0.0
  0
LINE
  5
280
330
1F
100
AcDbEntity
  8
0
  6
Continuous
 62
     7
370
    25
100
AcDbLine
 10
538.1708749079
 20
322.0865738625
 30
0.0
 11
535.9208749079
 21
322.0865738625
 31
0.0
  0
LINE
  5
281
330
1F
100
AcDbEntity
  8
0
  6
Continuous
 62
     7
370
    25
100
AcDbLine
 10
538.1708749079
 20
309.5865738625
 30
0.0
 11
538.1708749079
 21
322.0865738625
 31
0.0
  0
LINE
  5
282
330
1F
100
AcDbEntity
  8
0
  6
Continuous
 62
     7
370
    25
100
AcDbLine
 10
535.9208749079
 20
309.5865738625
 30
0.0
 11
538.1708749079
 21
309.5865738625
 31
0.0
  0
LINE
  5
283
330
1F
100
AcDbEntity
  8
0
  6
Continuous
 62
     7
370
    25
100
AcDbLine
 10
538.1708749079
 20
275.3990738625
 30
0.0
 11
535.9208749079
 21
275.3990738625
 31
0.0
  0
LINE
  5
284
330
1F
100
AcDbEntity
  8
0
  6
Continuous
 62
     7
370
    25
100
AcDbLine
 10
538.1708749079
 20
262.8990738625
 30
0.0
 11
538.1708749079
 21
275.3990738625
 31
0.0
  0
LINE
  5
285
330
1F
100
AcDbEntity
  8
0
  6
Continuous
 62
     7
370
    25
100
AcDbLine
 10
535.9208749079
 20
262.8990738625
 30
0.0
 11
538.1708749079
 21
262.8990738625
 31
0.0
  0
LINE
  5
286
330
1F
100
AcDbEntity
  8
0
  6
Continuous
 62
     7
370
    25
100
AcDbLine
 10
538.1708749079
 20
228.7115738625
 30
0.0
 11
535.9208749079
 21
228.7115738625
 31
0.0
  0
LINE
  5
287
330
1F
100
AcDbEntity
  8
0
  6
Continuous
 62
     7
370
    25
100
AcDbLine
 10
538.1708749079
 20
216.2115738625
 30
0.0
 11
538.1708749079
 21
228.7115738625
 31
0.0
  0
LINE
  5
288
330
1F
100
AcDbEntity
  8
0
  6
Continuous
 62
     7
370
    25
100
AcDbLine
 10
535.9208749079
 20
216.2115738625
 30
0.0
 11
538.1708749079
 21
216.2115738625
 31
0.0
  0
LINE
  5
289
330
1F
100
AcDbEntity
  8
0
  6
Continuous
 62
     7
370
    25
100
AcDbLine
 10
538.1708749079
 20
182.0240738625
 30
0.0
 11
535.9208749079
 21
182.0240738625
 31
0.0
  0
LINE
  5
28A
330
1F
100
AcDbEntity
  8
0
  6
Continuous
 62
     7
370
    25
100
AcDbLine
 10
538.1708749079
 20
169.5240738625
 30
0.0
 11
538.1708749079
 21
182.0240738625
 31
0.0
  0
LINE
  5
28B
330
1F
100
AcDbEntity
  8
0
  6
Continuous
 62
     7
370
    25
100
AcDbLine
 10
525.9208749079
 20
159.5240738625
 30
0.0
 11
525.9208749079
 21
158.0240738625
 31
0.0
  0
LINE
  5
28C
330
1F
100
AcDbEntity
  8
0
  6
Continuous
 62
     7
370
    25
100
AcDbLine
 10
513.4208749079
 20
158.0240738625
 30
0.0
 11
525.9208749079
 21
158.0240738625
 31
0.0
  0
LINE
  5
28D
330
1F
100
AcDbEntity
  8
0
  6
Continuous
 62
     7
370
    25
100
AcDbLine
 10
513.4208749079
 20
159.5240738625
 30
0.0
 11
513.4208749079
 21
158.0240738625
 31
0.0
  0
LINE
  5
28E
330
1F
100
AcDbEntity
  8
0
  6
Continuous
 62
     7
370
    25
100
AcDbLine
 10
487.2041749079
 20
159.5240738625
 30
0.0
 11
487.2041749079
 21
158.0240738625
 31
0.0
  0
LINE
  5
28F
330
1F
100
AcDbEntity
  8
0
  6
Continuous
 62
     7
370
    25
100
AcDbLine
 10
474.7041749079
 20
158.0240738625
 30
0.0
 11
487.2041749079
 21
158.0240738625
 31
0.0
  0
LINE
  5
290
330
1F
100
AcDbEntity
  8
0
  6
Continuous
 62
     7
370
    25
100
AcDbLine
 10
474.7041749079
 20
159.5240738625
 30
0.0
 11
474.7041749079
 21
158.0240738625
 31
0.0
  0
LINE
  5
291
330
1F
100
AcDbEntity
  8
0
  6
Continuous
 62
     7
370
    25
100
AcDbLine
 10
448.4875249079
 20
159.5240738625
 30
0.0
 11
448.4875249079
 21
158.0240738625
 31
0.0
  0
LINE
  5
292
330
1F
100
AcDbEntity
  8
0
  6
Continuous
 62
     7
370
    25
100
AcDbLine
 10
435.9875249079
 20
158.0240738625
 30
0.0
 11
448.4875249079
 21
158.0240738625
 31
0.0
  0
LINE
  5
293
330
1F
100
AcDbEntity
  8
0
  6
Continuous
 62
     7
370
    25
100
AcDbLine
 10
435.9875249079
 20
159.5240738625
 30
0.0
 11
435.9875249079
 21
158.0240738625
 31
0.0
  0
LINE
  5
294
330
1F
100
AcDbEntity
  8
0
  6
Continuous
 62
     7
370
    25
100
AcDbLine
 10
409.7708749079
 20
159.5240738625
 30
0.0
 11
409.7708749079
 21
158.0240738625
 31
0.0
  0
LINE
  5
295
330
1F
100
AcDbEntity
  8
0
  6
Continuous
 62
     7
370
    25
100
AcDbLine
 10
397.2708749079
 20
158.0240738625
 30
0.0
 11
409.7708749079
 21
158.0240738625
 31
0.0
  0
LINE
  5
296
330
1F
100
AcDbEntity
  8
0
  6
Continuous
 62
     7
370
    25
100
AcDbLine
 10
397.2708749079
 20
159.5240738625
 30
0.0
 11
397.2708749079
 21
158.0240738625
 31
0.0
  0
LINE
  5
297
330
1F
100
AcDbEntity
  8
0
  6
Continuous
 62
     7
370
    25
100
AcDbLine
 10
396.7958749079
 20
357.7166343469
 30
0.0
 11
396.7958749079
 21
171.5490738625
 31
0.0
  0
ARC
  5
298
330
1F
100
AcDbEntity
  8
0
  6
Continuous
 62
     7
370
    25
100
AcDbCircle
 10
399.2958749079
 20
171.5490738625
 30
0.0
 40
2.5
100
AcDbArc
 50
180.0
 51
270.0
  0
LINE
  5
299
330
1F
100
AcDbEntity
  8
0
  6
Continuous
 62
     7
370
    25
100
AcDbLine
 10
399.2958749079
 20
169.0490738625
 30
0.0
 11
523.4208749079
 21
169.0490738625
 31
0.0
  0
ARC
  5
29A
330
1F
100
AcDbEntity
  8
0
  6
Continuous
 62
     7
370
    25
100
AcDbCircle
 10
523.4208749079
 20
171.5490738625
 30
0.0
 40
2.5
100
AcDbArc
 50
270.0
 51
0.0
  0
LINE
  5
29B
330
1F
100
AcDbEntity
  8
0
  6
Continuous
 62
     7
370
    25
100
AcDbLine
 10
525.9208749079
 20
171.5490738625
 30
0.0
 11
525.9208749079
 21
366.7490738625
 31
0.0
  0
ARC
  5
29C
330
1F
100
AcDbEntity
  8
0
  6
Continuous
 62
     7
370
    25
100
AcDbCircle
 10
523.4208749079
 20
366.7490738625
 30
0.0
 40
2.5
100
AcDbArc
 50
0.0
 51
90.0
  0
LINE
  5
29D
330
1F
100
AcDbEntity
  8
0
  6
Continuous
 62
     7
370
    25
100
AcDbLine
 10
523.4208749079
 20
369.2490738625
 30
0.0
 11
408.3283144235
 21
369.2490738625
 31
0.0
  0
ARC
  5
29E
330
1F
100
AcDbEntity
  8
0
  6
Continuous
 62
     7
370
    25
100
AcDbCircle
 10
397.5281079549
 20
368.5168408155
 30
0.0
 40
10.82500000000001
100
AcDbArc
 50
266.1213928035
 51
3.8786071965
  0
CIRCLE
  5
29F
330
1F
100
AcDbEntity
  8
0
  6
Continuous
 62
     7
370
    25
100
AcDbCircle
 10
414.7713749079
 20
164.9241138625
 30
0.0
 40
1.999999999999886
  0
CIRCLE
  5
2A0
330
1F
100
AcDbEntity
  8
0
  6
Continuous
 62
     7
370
    25
100
AcDbCircle
 10
414.7713749079
 20
373.3740338625
 30
0.0
 40
2.0
  0
CIRCLE
  5
2A1
330
1F
100
AcDbEntity
  8
0
  6
Continuous
 62
     7
370
    25
100
AcDbCircle
 10
508.4203749079
 20
373.3740338625
 30
0.0
 40
2.0
  0
CIRCLE
  5
2A2
330
1F
100
AcDbEntity
  8
0
  6
Continuous
 62
     7
370
    25
100
AcDbCircle
 10
508.4203749079
 20
164.9241138625
 30
0.0
 40
2.0
  0
CIRCLE
  5
2A3
330
1F
100
AcDbEntity
  8
0
  6
Continuous
 62
     7
370
    25
100
AcDbCircle
 10
397.5281079549
 20
368.5168408155
 30
0.0
 40
6.024999999999977
  0
LINE
  5
2A4
330
1F
100
AcDbEntity
  8
0
  6
Continuous
 62
     7
370
    25
100
AcDbLine
 10
535.9208749079
 20
169.5240738625
 30
0.0
 11
538.1708749079
 21
169.5240738625
 31
0.0
  0
LINE
  5
2A5
330
1F
100
AcDbEntity
  8
0
  6
Continuous
 62
     7
370
    25
100
AcDbLine
 10
535.9208749079
 20
368.7740738625
 30
0.0
 11
535.9208749079
 21
378.7740738625
 31
0.0
  0
LINE
  5
2A6
330
1F
100
AcDbEntity
  8
0
  6
Continuous
 62
     7
370
    25
100
AcDbLine
 10
397.2708749079
 20
378.7740738625
 30
0.0
 11
387.2708749079
 21
378.7740738625
 31
0.0
  0
LINE
  5
2A7
330
1F
100
AcDbEntity
  8
0
  6
Continuous
 62
     7
370
    25
100
AcDbLine
 10
387.2708749079
 20
169.5240738625
 30
0.0
 11
387.2708749079
 21
159.5240738625
 31
0.0
  0
LINE
  5
2A8
330
1F
100
AcDbEntity
  8
0
  6
Continuous
 62
     7
370
    25
100
AcDbLine
 10
525.9208749079
 20
159.5240738625
 30
0.0
 11
535.9208749079
 21
159.5240738625
 31
0.0
  0
LINE
  5
2A9
330
1F
100
AcDbEntity
  8
0
  6
Continuous
 62
     7
370
    25
100
AcDbLine
 10
435.9875249079
 20
378.7740738625
 30
0.0
 11
409.7708749079
 21
378.7740738625
 31
0.0
  0
LINE
  5
2AA
330
1F
100
AcDbEntity
  8
0
  6
Continuous
 62
     7
370
    25
100
AcDbLine
 10
474.7041749079
 20
378.7740738625
 30
0.0
 11
448.4875249079
 21
378.7740738625
 31
0.0
  0
LINE
  5
2AB
330
1F
100
AcDbEntity
  8
0
  6
Continuous
 62
     7
370
    25
100
AcDbLine
 10
513.4208749079
 20
378.7740738625
 30
0.0
 11
487.2041749079
 21
378.7740738625
 31
0.0
  0
LINE
  5
2AC
330
1F
100
AcDbEntity
  8
0
  6
Continuous
 62
     7
370
    25
100
AcDbLine
 10
535.9208749079
 20
378.7740738625
 30
0.0
 11
525.9208749079
 21
378.7740738625
 31
0.0
  0
LINE
  5
2AD
330
1F
100
AcDbEntity
  8
0
  6
Continuous
 62
     7
370
    25
100
AcDbLine
 10
387.2708749079
 20
159.5240738625
 30
0.0
 11
397.2708749079
 21
159.5240738625
 31
0.0
  0
LINE
  5
2AE
330
1F
100
AcDbEntity
  8
0
  6
Continuous
 62
     7
370
    25
100
AcDbLine
 10
409.7708749079
 20
159.5240738625
 30
0.0
 11
435.9875249079
 21
159.5240738625
 31
0.0
  0
LINE
  5
2AF
330
1F
100
AcDbEntity
  8
0
  6
Continuous
 62
     7
370
    25
100
AcDbLine
 10
448.4875249079
 20
159.5240738625
 30
0.0
 11
474.7041749079
 21
159.5240738625
 31
0.0
  0
LINE
  5
2B0
330
1F
100
AcDbEntity
  8
0
  6
Continuous
 62
     7
370
    25
100
AcDbLine
 10
487.2041749079
 20
159.5240738625
 30
0.0
 11
513.4208749079
 21
159.5240738625
 31
0.0
  0
LINE
  5
2B1
330
1F
100
AcDbEntity
  8
0
  6
Continuous
 62
     7
370
    25
100
AcDbLine
 10
535.9208749079
 20
322.0865738625
 30
0.0
 11
535.9208749079
 21
356.2740738625
 31
0.0
  0
LINE
  5
2B2
330
1F
100
AcDbEntity
  8
0
  6
Continuous
 62
     7
370
    25
100
AcDbLine
 10
535.9208749079
 20
275.3990738625
 30
0.0
 11
535.9208749079
 21
309.5865738625
 31
0.0
  0
LINE
  5
2B3
330
1F
100
AcDbEntity
  8
0
  6
Continuous
 62
     7
370
    25
100
AcDbLine
 10
535.9208749079
 20
228.7115738625
 30
0.0
 11
535.9208749079
 21
262.8990738625
 31
0.0
  0
LINE
  5
2B4
330
1F
100
AcDbEntity
  8
0
  6
Continuous
 62
     7
370
    25
100
AcDbLine
 10
535.9208749079
 20
182.0240738625
 30
0.0
 11
535.9208749079
 21
216.2115738625
 31
0.0
  0
LINE
  5
2B5
330
1F
100
AcDbEntity
  8
0
  6
Continuous
 62
     7
370
    25
100
AcDbLine
 10
535.9208749079
 20
159.5240738625
 30
0.0
 11
535.9208749079
 21
169.5240738625
 31
0.0
  0
LINE
  5
2B6
330
1F
100
AcDbEntity
  8
0
  6
Continuous
 62
     7
370
    25
100
AcDbLine
 10
387.2708749079
 20
378.7740738625
 30
0.0
 11
387.2708749079
 21
368.7740738625
 31
0.0
  0
LINE
  5
2B7
330
1F
100
AcDbEntity
  8
0
  6
Continuous
 62
     7
370
    25
100
AcDbLine
 10
387.2708749079
 20
356.2740738625
 30
0.0
 11
387.2708749079
 21
322.0865738625
 31
0.0
  0
LINE
  5
2B8
330
1F
100
AcDbEntity
  8
0
  6
Continuous
 62
     7
370
    25
100
AcDbLine
 10
387.2708749079
 20
309.5865738625
 30
0.0
 11
387.2708749079
 21
275.3990738625
 31
0.0
  0
LINE
  5
2B9
330
1F
100
AcDbEntity
  8
0
  6
Continuous
 62
     7
370
    25
100
AcDbLine
 10
387.2708749079
 20
262.8990738625
 30
0.0
 11
387.2708749079
 21
228.7115738625
 31
0.0
  0
LINE
  5
2BA
330
1F
100
AcDbEntity
  8
0
  6
Continuous
 62
     7
370
    25
100
AcDbLine
 10
387.2708749079
 20
216.2115738625
 30
0.0
 11
387.2708749079
 21
182.0240738625
 31
0.0
  0
DIMENSION
  5
2BB
330
1F
100
AcDbEntity
  8
0
  6
Continuous
 62
     7
370
    18
100
AcDbDimension
  2
_D_15
 10
554.1708749079
 20
158.0240738625
 30
0.0
 11
554.1708749079
 21
250.8914907195
 31
0.0
 70
   160
  1
<>
 71
     2
 42
-1.0
  3
SLDDIMSTYLE4
100
AcDbAlignedDimension
 13
487.2041749079
 23
380.2740738625
 33
0.0
 14
487.2041749079
 24
158.0240738625
 34
0.0
 50
90.0
100
AcDbRotatedDimension
  0
DIMENSION
  5
2C5
330
1F
100
AcDbEntity
  8
0
  6
Continuous
 62
     7
370
    18
100
AcDbDimension
  2
_D_16
 10
385.7708749079
 20
124.0240738625
 30
0.0
 11
459.9669005537
 21
124.0240738625
 31
0.0
 70
   160
  1
<>
 71
     2
 42
-1.0
  3
SLDDIMSTYLE4
100
AcDbAlignedDimension
 13
538.1708749079
 23
216.2115738625
 33
0.0
 14
385.7708749079
 24
216.2115738625
 34
0.0
100
AcDbRotatedDimension
  0
DIMENSION
  5
2CF
330
1F
100
AcDbEntity
  8
0
  6
Continuous
 62
     7
370
    18
100
AcDbDimension
  2
_D_17
 10
376.5372770756
 20
368.7740738625
 30
0.0
 11
376.5372770756
 21
371.9601339215
 31
0.0
 70
   160
  1
<>
 71
     2
 42
-1.0
  3
SLDDIMSTYLE0
100
AcDbAlignedDimension
 13
387.2708749079
 23
378.7740738625
 33
0.0
 14
385.7708749079
 24
368.7740738625
 34
0.0
 50
90.0
100
AcDbRotatedDimension
  0
DIMENSION
  5
2DB
330
1F
100
AcDbEntity
  8
0
  6
Continuous
 62
     7
370
    18
100
AcDbDimension
  2
_D_18
 10
387.2708749079
 20
390.1987984604
 30
0.0
 11
394.1086733997
 21
390.1987984604
 31
0.0
 70
   160
  1
<>
 71
     2
 42
-1.0
  3
SLDDIMSTYLE0
100
AcDbAlignedDimension
 13
397.2708749079
 23
380.2740738625
 33
0.0
 14
387.2708749079
 24
378.7740738625
 34
0.0
100
AcDbRotatedDimension
  0
DIMENSION
  5
2E7
330
1F
100
AcDbEntity
  8
0
  6
Continuous
 62
     7
370
    18
100
AcDbDimension
  2
_D_19
 10
409.7708749079
 20
398.4284397768
 30
0.0
 11
404.3401193606
 21
398.4284397768
 31
0.0
 70
   160
  1
<>
 71
     2
 42
-1.0
  3
SLDDIMSTYLE0
100
AcDbAlignedDimension
 13
397.2708749079
 23
380.2740738625
 33
0.0
 14
409.7708749079
 24
380.2740738625
 34
0.0
100
AcDbRotatedDimension
  0
DIMENSION
  5
2F3
330
1F
100
AcDbEntity
  8
0
  6
Continuous
 62
     7
370
    18
100
AcDbDimension
  2
_D_20
 10
409.7708749079
 20
390.4212211987
 30
0.0
 11
423.9133203293
 21
390.4212211987
 31
0.0
 70
   160
  1
<>
 71
     2
 42
-1.0
  3
SLDDIMSTYLE3
100
AcDbAlignedDimension
 13
435.9875249079
 23
380.2740738625
 33
0.0
 14
409.7708749079
 24
380.2740738625
 34
0.0
100
AcDbRotatedDimension
  0
DIMENSION
  5
2FD
330
1F
100
AcDbEntity
  8
0
  6
Continuous
 62
     7
370
    18
100
AcDbDimension
  2
_D_21
 10
448.4875249079
 20
397.7611715619
 30
0.0
 11
443.9313667745
 21
397.7611715619
 31
0.0
 70
   160
  1
<>
 71
     2
 42
-1.0
  3
SLDDIMSTYLE0
100
AcDbAlignedDimension
 13
435.9875249079
 23
380.2740738625
 33
0.0
 14
448.4875249079
 24
380.2740738625
 34
0.0
100
AcDbRotatedDimension
  0
DIMENSION
  5
309
330
1F
100
AcDbEntity
  8
0
  6
Continuous
 62
     7
370
    18
100
AcDbDimension
  2
_D_22
 10
525.9208749079
 20
390.2740738625
 30
0.0
 11
532.9004620865
 21
390.2740738625
 31
0.0
 70
   160
  1
<>
 71
     2
 42
-1.0
  3
SLDDIMSTYLE0
100
AcDbAlignedDimension
 13
535.9208749079
 23
378.7740738625
 33
0.0
 14
525.9208749079
 24
380.2740738625
 34
0.0
100
AcDbRotatedDimension
  0
DIMENSION
  5
315
330
1F
100
AcDbEntity
  8
0
  6
Continuous
 62
     7
370
    18
100
AcDbDimension
  2
_D_23
 10
525.9208749079
 20
397.7611715619
 30
0.0
 11
514.6617975476
 21
397.7611715619
 31
0.0
 70
   160
  1
<>
 71
     2
 42
-1.0
  3
SLDDIMSTYLE0
100
AcDbAlignedDimension
 13
513.4208749079
 23
380.2740738625
 33
0.0
 14
525.9208749079
 24
380.2740738625
 34
0.0
100
AcDbRotatedDimension
  0
DIMENSION
  5
321
330
1F
100
AcDbEntity
  8
0
  6
Continuous
 62
     7
370
    18
100
AcDbDimension
  2
_D_24
 10
487.2041749079
 20
390.4212211987
 30
0.0
 11
491.7522555047
 21
390.4212211987
 31
0.0
 70
   160
  1
<>
 71
     2
 42
-1.0
  3
SLDDIMSTYLE3
100
AcDbAlignedDimension
 13
513.4208749079
 23
380.2740738625
 33
0.0
 14
487.2041749079
 24
380.2740738625
 34
0.0
100
AcDbRotatedDimension
  0
DIMENSION
  5
32B
330
1F
100
AcDbEntity
  8
0
  6
Continuous
 62
     7
370
    18
100
AcDbDimension
  2
_D_25
 10
364.3040264702
 20
356.2740738625
 30
0.0
 11
364.3040264702
 21
361.283842484
 31
0.0
 70
   160
  1
<>
 71
     2
 42
-1.0
  3
SLDDIMSTYLE0
100
AcDbAlignedDimension
 13
385.7708749079
 23
368.7740738625
 33
0.0
 14
385.7708749079
 24
356.2740738625
 34
0.0
 50
90.0
100
AcDbRotatedDimension
  0
DIMENSION
  5
337
330
1F
100
AcDbEntity
  8
0
  6
Continuous
 62
     7
370
    18
100
AcDbDimension
  2
_D_26
 10
375.7708749079
 20
322.0865738625
 30
0.0
 11
375.7708749079
 21
339.1803238625
 31
0.0
 70
   160
  1
<>
 71
     2
 42
-1.0
  3
SLDDIMSTYLE2
100
AcDbAlignedDimension
 13
385.7708749079
 23
356.2740738625
 33
0.0
 14
385.7708749079
 24
322.0865738625
 34
0.0
 50
90.0
100
AcDbRotatedDimension
  0
DIMENSION
  5
341
330
1F
100
AcDbEntity
  8
0
  6
Continuous
 62
     7
370
    18
100
AcDbDimension
  2
_D_27
 10
364.0816037319
 20
309.5865738625
 30
0.0
 11
364.0816037319
 21
317.2441403046
 31
0.0
 70
   160
  1
<>
 71
     2
 42
-1.0
  3
SLDDIMSTYLE0
100
AcDbAlignedDimension
 13
385.7708749079
 23
322.0865738625
 33
0.0
 14
385.7708749079
 24
309.5865738625
 34
0.0
 50
90.0
100
AcDbRotatedDimension
  0
DIMENSION
  5
34D
330
1F
100
AcDbEntity
  8
0
  6
Continuous
 62
     7
370
    18
100
AcDbDimension
  2
_D_28
 10
375.2027406459
 20
275.3990738625
 30
0.0
 11
375.2027406459
 21
297.2260938593
 31
0.0
 70
   160
  1
<>
 71
     2
 42
-1.0
  3
SLDDIMSTYLE2
100
AcDbAlignedDimension
 13
385.7708749079
 23
309.5865738625
 33
0.0
 14
385.7708749079
 24
275.3990738625
 34
0.0
 50
90.0
100
AcDbRotatedDimension
  0
DIMENSION
  5
357
330
1F
100
AcDbEntity
  8
0
  6
Continuous
 62
     7
370
    18
100
AcDbDimension
  2
_D_29
 10
375.7708749079
 20
159.5240738625
 30
0.0
 11
375.7708749079
 21
162.6249163797
 31
0.0
 70
   160
  1
<>
 71
     2
 42
-1.0
  3
SLDDIMSTYLE0
100
AcDbAlignedDimension
 13
385.7708749079
 23
169.5240738625
 33
0.0
 14
387.2708749079
 24
159.5240738625
 34
0.0
 50
90.0
100
AcDbRotatedDimension
  0
DIMENSION
  5
363
330
1F
100
AcDbEntity
  8
0
  6
Continuous
 62
     7
370
    18
100
AcDbDimension
  2
_D_30
 10
363.7666063536
 20
169.5240738625
 30
0.0
 11
363.7666063536
 21
177.288821623
 31
0.0
 70
   160
  1
<>
 71
     2
 42
-1.0
  3
SLDDIMSTYLE0
100
AcDbAlignedDimension
 13
385.7708749079
 23
182.0240738625
 33
0.0
 14
385.7708749079
 24
169.5240738625
 34
0.0
 50
90.0
100
AcDbRotatedDimension
  0
DIMENSION
  5
36F
330
1F
100
AcDbEntity
  8
0
  6
Continuous
 62
     7
370
    18
100
AcDbDimension
  2
_D_31
 10
375.7447005278
 20
182.0240738625
 30
0.0
 11
375.7447005278
 21
201.94469318
 31
0.0
 70
   160
  1
<>
 71
     2
 42
-1.0
  3
SLDDIMSTYLE2
100
AcDbAlignedDimension
 13
385.7708749079
 23
216.2115738625
 33
0.0
 14
385.7708749079
 24
182.0240738625
 34
0.0
 50
90.0
100
AcDbRotatedDimension
  0
INSERT
  5
384
330
1F
100
AcDbEntity
  8
0
  6
Continuous
 62
     7
370
     0
100
AcDbBlockReference
  2
SW_CENTERMARKSYMBOL_5
 10
414.7713749079
 20
164.9241138625
 30
0.0
  0
INSERT
  5
390
330
1F
100
AcDbEntity
  8
0
  6
Continuous
 62
     7
370
     0
100
AcDbBlockReference
  2
SW_CENTERMARKSYMBOL_6
 10
414.7713749079
 20
373.3740338625
 30
0.0
  0
INSERT
  5
39C
330
1F
100
AcDbEntity
  8
0
  6
Continuous
 62
     7
370
     0
100
AcDbBlockReference
  2
SW_CENTERMARKSYMBOL_7
 10
508.4203749079
 20
373.3740338625
 30
0.0
  0
INSERT
  5
3A8
330
1F
100
AcDbEntity
  8
0
  6
Continuous
 62
     7
370
     0
100
AcDbBlockReference
  2
SW_CENTERMARKSYMBOL_8
 10
508.4203749079
 20
164.9241138625
 30
0.0
  0
INSERT
  5
3B4
330
1F
100
AcDbEntity
  8
0
  6
Continuous
 62
     7
370
     0
100
AcDbBlockReference
  2
SW_CENTERMARKSYMBOL_9
 10
397.5281079549
 20
368.5168408155
 30
0.0
  0
MTEXT
  5
3B6
330
1F
100
AcDbEntity
  8
0
  6
Continuous
 62
     7
100
AcDbMText
 10
0.0
 20
20.2653661972
 30
0.0
 40
7.266
 41
0.0
 71
     1
 72
     1
  1
SOLIDWORKS Educational Product.
  7
SLDTEXTSTYLE3
 73
     1
 44
1.0
  0
MTEXT
  5
3B7
330
1F
100
AcDbEntity
  8
0
  6
Continuous
 62
     7
100
AcDbMText
 10
0.0
 20
9.3663661972
 30
0.0
 40
7.266
 41
0.0
 71
     1
 72
     1
  1
For Instructional Use Only.
  7
SLDTEXTSTYLE3
 73
     1
 44
1.0
  0
ENDSEC
  0
SECTION
  2
OBJECTS
  0
DICTIONARY
  5
C
330
0
100
AcDbDictionary
281
     1
  3
ACAD_GROUP
350
D
  3
ACAD_LAYOUT
350
1A
  3
ACAD_MLINESTYLE
350
17
  3
ACAD_PLOTSETTINGS
350
19
  3
ACAD_PLOTSTYLENAME
350
E
  3
ACAD_SCALELIST
350
47
  3
DWGPROPS
350
3B8
  0
DICTIONARY
  5
D
102
{ACAD_REACTORS
330
C
102
}
330
C
100
AcDbDictionary
281
     1
  0
DICTIONARY
  5
1A
102
{ACAD_REACTORS
330
C
102
}
330
C
100
AcDbDictionary
281
     1
  3
Layout1
350
1E
  3
Layout2
350
26
  3
Model
350
22
  0
DICTIONARY
  5
17
102
{ACAD_REACTORS
330
C
102
}
330
C
100
AcDbDictionary
281
     1
  3
Standard
350
18
  0
DICTIONARY
  5
19
102
{ACAD_REACTORS
330
C
102
}
330
C
100
AcDbDictionary
281
     1
  0
ACDBDICTIONARYWDFLT
  5
E
102
{ACAD_REACTORS
330
C
102
}
330
C
100
AcDbDictionary
281
     1
  3
Normal
350
F
100
AcDbDictionaryWithDefault
340
F
  0
DICTIONARY
  5
47
102
{ACAD_REACTORS
330
C
102
}
330
C
100
AcDbDictionary
281
     1
  3
A0
350
48
  3
A1
350
49
  3
A2
350
4A
  3
A3
350
4B
  3
A4
350
4C
  3
A5
350
4D
  3
A6
350
4E
  3
A7
350
4F
  3
A8
350
50
  3
A9
350
51
  3
B0
350
52
  3
B1
350
53
  3
B2
350
54
  3
B3
350
55
  3
B4
350
56
  3
B5
350
57
  3
B6
350
58
  0
XRECORD
  5
3B8
102
{ACAD_REACTORS
330
C
102
}
330
C
100
AcDbXrecord
280
     1
  1
DWGPROPS COOKIE
  2

  3

  4

  6

  7

  8
Bryan Heddle
  9

300
=
301
=
302
=
303
=
304
=
305
=
306
=
307
=
308
=
309
=
 40
0.0
 41
2461218.056723912
 42
2461218.056731296
  1

 90
        0
  0
LAYOUT
  5
1E
102
{ACAD_REACTORS
330
1A
102
}
330
1A
100
AcDbPlotSettings
  1

  2
none_device
  4

  6

 40
0.0
 41
0.0
 42
0.0
 43
0.0
 44
0.0
 45
0.0
 46
0.0
 47
0.0
 48
0.0
 49
0.0
140
0.0
141
0.0
142
1.0
143
1.0
 70
   688
 72
     1
 73
     0
 74
     5
  7

 75
    16
147
1.0
148
0.0
149
0.0
100
AcDbLayout
  1
Layout1
 70
     1
 71
     1
 10
0.0
 20
0.0
 11
420.0
 21
297.0
 12
0.0
 22
0.0
 32
0.0
 14
1.0000000000E+20
 24
1.0000000000E+20
 34
1.0000000000E+20
 15
-1.0000000000E+20
 25
-1.0000000000E+20
 35
-1.0000000000E+20
146
0.0
 13
0.0
 23
0.0
 33
0.0
 16
1.0
 26
0.0
 36
0.0
 17
0.0
 27
1.0
 37
0.0
 76
     0
330
1B
  0
LAYOUT
  5
26
102
{ACAD_REACTORS
330
1A
102
}
330
1A
100
AcDbPlotSettings
  1

  2
none_device
  4

  6

 40
0.0
 41
0.0
 42
0.0
 43
0.0
 44
0.0
 45
0.0
 46
0.0
 47
0.0
 48
0.0
 49
0.0
140
0.0
141
0.0
142
1.0
143
1.0
 70
   688
 72
     1
 73
     0
 74
     5
  7

 75
    16
147
1.0
148
0.0
149
0.0
100
AcDbLayout
  1
Layout2
 70
     1
 71
     2
 10
0.0
 20
0.0
 11
0.0
 21
0.0
 12
0.0
 22
0.0
 32
0.0
 14
0.0
 24
0.0
 34
0.0
 15
0.0
 25
0.0
 35
0.0
146
0.0
 13
0.0
 23
0.0
 33
0.0
 16
1.0
 26
0.0
 36
0.0
 17
0.0
 27
1.0
 37
0.0
 76
     0
330
23
  0
LAYOUT
  5
22
102
{ACAD_REACTORS
330
1A
102
}
330
1A
100
AcDbPlotSettings
  1

  2
none_device
  4
Letter_(8.50_x_11.00_Inches)
  6

 40
6.35
 41
6.35
 42
6.35000508
 43
6.35000508
 44
215.9
 45
279.4
 46
0.0
 47
0.0
 48
0.0
 49
0.0
140
0.0
141
0.0
142
1.0
143
1.0
 70
  1712
 72
     1
 73
     0
 74
     0
  7

 75
     0
147
1.0
148
0.0
149
0.0
100
AcDbLayout
  1
Model
 70
     1
 71
     0
 10
0.0
 20
0.0
 11
594.0
 21
420.0
 12
0.0
 22
0.0
 32
0.0
 14
0.0
 24
0.0
 34
0.0
 15
594.0
 25
420.0
 35
0.0
146
0.0
 13
0.0
 23
0.0
 33
0.0
 16
1.0
 26
0.0
 36
0.0
 17
0.0
 27
1.0
 37
0.0
 76
     0
330
1F
331
29
  0
MLINESTYLE
  5
18
102
{ACAD_REACTORS
330
17
102
}
330
17
100
AcDbMlineStyle
  2
Standard
 70
     0
  3

 62
   256
 51
90.0
 52
90.0
 71
     2
 49
0.5
 62
   256
  6
BYLAYER
 49
-0.5
 62
   256
  6
BYLAYER
  0
ACDBPLACEHOLDER
  5
F
102
{ACAD_REACTORS
330
E
102
}
330
E
  0
SCALE
  5
48
102
{ACAD_REACTORS
330
47
102
}
330
47
100
AcDbScale
 70
     0
300
1:1
140
1.0
141
1.0
290
     1
  0
SCALE
  5
49
102
{ACAD_REACTORS
330
47
102
}
330
47
100
AcDbScale
 70
     0
300
1:2
140
1.0
141
2.0
290
     0
  0
SCALE
  5
4A
102
{ACAD_REACTORS
330
47
102
}
330
47
100
AcDbScale
 70
     0
300
1:4
140
1.0
141
4.0
290
     0
  0
SCALE
  5
4B
102
{ACAD_REACTORS
330
47
102
}
330
47
100
AcDbScale
 70
     0
300
1:5
140
1.0
141
5.0
290
     0
  0
SCALE
  5
4C
102
{ACAD_REACTORS
330
47
102
}
330
47
100
AcDbScale
 70
     0
300
1:8
140
1.0
141
8.0
290
     0
  0
SCALE
  5
4D
102
{ACAD_REACTORS
330
47
102
}
330
47
100
AcDbScale
 70
     0
300
1:10
140
1.0
141
10.0
290
     0
  0
SCALE
  5
4E
102
{ACAD_REACTORS
330
47
102
}
330
47
100
AcDbScale
 70
     0
300
1:16
140
1.0
141
16.0
290
     0
  0
SCALE
  5
4F
102
{ACAD_REACTORS
330
47
102
}
330
47
100
AcDbScale
 70
     0
300
1:20
140
1.0
141
20.0
290
     0
  0
SCALE
  5
50
102
{ACAD_REACTORS
330
47
102
}
330
47
100
AcDbScale
 70
     0
300
1:30
140
1.0
141
30.0
290
     0
  0
SCALE
  5
51
102
{ACAD_REACTORS
330
47
102
}
330
47
100
AcDbScale
 70
     0
300
1:40
140
1.0
141
40.0
290
     0
  0
SCALE
  5
52
102
{ACAD_REACTORS
330
47
102
}
330
47
100
AcDbScale
 70
     0
300
1:50
140
1.0
141
50.0
290
     0
  0
SCALE
  5
53
102
{ACAD_REACTORS
330
47
102
}
330
47
100
AcDbScale
 70
     0
300
1:100
140
1.0
141
100.0
290
     0
  0
SCALE
  5
54
102
{ACAD_REACTORS
330
47
102
}
330
47
100
AcDbScale
 70
     0
300
2:1
140
2.0
141
1.0
290
     0
  0
SCALE
  5
55
102
{ACAD_REACTORS
330
47
102
}
330
47
100
AcDbScale
 70
     0
300
4:1
140
4.0
141
1.0
290
     0
  0
SCALE
  5
56
102
{ACAD_REACTORS
330
47
102
}
330
47
100
AcDbScale
 70
     0
300
8:1
140
8.0
141
1.0
290
     0
  0
SCALE
  5
57
102
{ACAD_REACTORS
330
47
102
}
330
47
100
AcDbScale
 70
     0
300
10:1
140
10.0
141
1.0
290
     0
  0
SCALE
  5
58
102
{ACAD_REACTORS
330
47
102
}
330
47
100
AcDbScale
 70
     0
300
100:1
140
100.0
141
1.0
290
     0
  0
ENDSEC
  0
EOF
