  0
SECTION
  2
HEADER
  9
$ACADVER
  1
AC1015
  9
$ACADMAINTVER
 70
     6
  9
$DWGCODEPAGE
  3
ANSI_1252
  9
$INSBASE
 10
0.0
 20
0.0
 30
0.0
  9
$EXTMIN
 10
0.0
 20
0.0
 30
0.0
  9
$EXTMAX
 10
594.0
 20
420.0
 30
0.0
  9
$LIMMIN
 10
0.0
 20
0.0
  9
$LIMMAX
 10
594.0
 20
420.0
  9
$ORTHOMODE
 70
     0
  9
$REGENMODE
 70
     1
  9
$FILLMODE
 70
     1
  9
$QTEXTMODE
 70
     0
  9
$MIRRTEXT
 70
     1
  9
$LTSCALE
 40
1.0
  9
$ATTMODE
 70
     1
  9
$TEXTSIZE
 40
3.5
  9
$TRACEWID
 40
1.0
  9
$TEXTSTYLE
  7
Standard
  9
$CLAYER
  8
0
  9
$CELTYPE
  6
ByLayer
  9
$CECOLOR
 62
   256
  9
$CELTSCALE
 40
1.0
  9
$DISPSILH
 70
     0
  9
$DIMSCALE
 40
1.0
  9
$DIMASZ
 40
3.556
  9
$DIMEXO
 40
1.0
  9
$DIMDLI
 40
3.75
  9
$DIMRND
 40
0.0
  9
$DIMDLE
 40
0.0
  9
$DIMEXE
 40
1.0
  9
$DIMTP
 40
0.0
  9
$DIMTM
 40
0.0
  9
$DIMTXT
 40
3.5
  9
$DIMCEN
 40
2.5
  9
$DIMTSZ
 40
0.0
  9
$DIMTOL
 70
     0
  9
$DIMLIM
 70
     0
  9
$DIMTIH
 70
     1
  9
$DIMTOH
 70
     1
  9
$DIMSE1
 70
     0
  9
$DIMSE2
 70
     0
  9
$DIMTAD
 70
     1
  9
$DIMZIN
 70
     1
  9
$DIMBLK
  1

  9
$DIMASO
 70
     1
  9
$DIMSHO
 70
     1
  9
$DIMPOST
  1

  9
$DIMAPOST
  1

  9
$DIMALT
 70
     0
  9
$DIMALTD
 70
     3
  9
$DIMALTF
 40
0.0393700787
  9
$DIMLFAC
 40
1.0
  9
$DIMTOFL
 70
     1
  9
$DIMTVP
 40
0.0
  9
$DIMTIX
 70
     0
  9
$DIMSOXD
 70
     0
  9
$DIMSAH
 70
     0
  9
$DIMBLK1
  1

  9
$DIMBLK2
  1

  9
$DIMSTYLE
  2
ISO-25
  9
$DIMCLRD
 70
     0
  9
$DIMCLRE
 70
     0
  9
$DIMCLRT
 70
     0
  9
$DIMTFAC
 40
1.0
  9
$DIMGAP
 40
1.524
  9
$DIMJUST
 70
     0
  9
$DIMSD1
 70
     0
  9
$DIMSD2
 70
     0
  9
$DIMTOLJ
 70
     0
  9
$DIMTZIN
 70
     1
  9
$DIMALTZ
 70
     0
  9
$DIMALTTZ
 70
     0
  9
$DIMUPT
 70
     0
  9
$DIMDEC
 70
     2
  9
$DIMTDEC
 70
     2
  9
$DIMALTU
 70
     2
  9
$DIMALTTD
 70
     3
  9
$DIMTXSTY
  7
Standard
  9
$DIMAUNIT
 70
     0
  9
$DIMADEC
 70
     2
  9
$DIMALTRND
 40
0.0
  9
$DIMAZIN
 70
     0
  9
$DIMDSEP
 70
    44
  9
$DIMATFIT
 70
     3
  9
$DIMFRAC
 70
     0
  9
$DIMLDRBLK
  1

  9
$DIMLUNIT
 70
     2
  9
$DIMLWD
 70
    -2
  9
$DIMLWE
 70
    -2
  9
$DIMTMOVE
 70
     0
  9
$LUNITS
 70
     2
  9
$LUPREC
 70
     2
  9
$SKETCHINC
 40
1.0
  9
$FILLETRAD
 40
0.0
  9
$AUNITS
 70
     0
  9
$AUPREC
 70
     2
  9
$MENU
  1
.
  9
$ELEVATION
 40
0.0
  9
$PELEVATION
 40
0.0
  9
$THICKNESS
 40
0.0
  9
$LIMCHECK
 70
     0
  9
$CHAMFERA
 40
0.0
  9
$CHAMFERB
 40
0.0
  9
$CHAMFERC
 40
0.0
  9
$CHAMFERD
 40
0.0
  9
$SKPOLY
 70
     0
  9
$TDCREATE
 40
2461217.861757894
  9
$TDUCREATE
 40
2461218.02842456
  9
$TDUPDATE
 40
2461217.861765776
  9
$TDUUPDATE
 40
2461218.028432443
  9
$TDINDWG
 40
0.0000000116
  9
$TDUSRTIMER
 40
0.0000000116
  9
$USRTIMER
 70
     1
  9
$ANGBASE
 50
0.0
  9
$ANGDIR
 70
     0
  9
$PDMODE
 70
     0
  9
$PDSIZE
 40
-1.0
  9
$PLINEWID
 40
0.0
  9
$SPLFRAME
 70
     0
  9
$SPLINETYPE
 70
     6
  9
$SPLINESEGS
 70
     8
  9
$HANDSEED
  5
328
  9
$SURFTAB1
 70
     6
  9
$SURFTAB2
 70
     6
  9
$SURFTYPE
 70
     6
  9
$SURFU
 70
     6
  9
$SURFV
 70
     6
  9
$UCSBASE
  2

  9
$UCSNAME
  2

  9
$UCSORG
 10
0.0
 20
0.0
 30
0.0
  9
$UCSXDIR
 10
1.0
 20
0.0
 30
0.0
  9
$UCSYDIR
 10
0.0
 20
1.0
 30
0.0
  9
$UCSORTHOREF
  2

  9
$UCSORTHOVIEW
 70
     0
  9
$UCSORGTOP
 10
0.0
 20
0.0
 30
0.0
  9
$UCSORGBOTTOM
 10
0.0
 20
0.0
 30
0.0
  9
$UCSORGLEFT
 10
0.0
 20
0.0
 30
0.0
  9
$UCSORGRIGHT
 10
0.0
 20
0.0
 30
0.0
  9
$UCSORGFRONT
 10
0.0
 20
0.0
 30
0.0
  9
$UCSORGBACK
 10
0.0
 20
0.0
 30
0.0
  9
$PUCSBASE
  2

  9
$PUCSNAME
  2

  9
$PUCSORG
 10
0.0
 20
0.0
 30
0.0
  9
$PUCSXDIR
 10
1.0
 20
0.0
 30
0.0
  9
$PUCSYDIR
 10
0.0
 20
1.0
 30
0.0
  9
$PUCSORTHOREF
  2

  9
$PUCSORTHOVIEW
 70
     0
  9
$PUCSORGTOP
 10
0.0
 20
0.0
 30
0.0
  9
$PUCSORGBOTTOM
 10
0.0
 20
0.0
 30
0.0
  9
$PUCSORGLEFT
 10
0.0
 20
0.0
 30
0.0
  9
$PUCSORGRIGHT
 10
0.0
 20
0.0
 30
0.0
  9
$PUCSORGFRONT
 10
0.0
 20
0.0
 30
0.0
  9
$PUCSORGBACK
 10
0.0
 20
0.0
 30
0.0
  9
$USERI1
 70
     0
  9
$USERI2
 70
     0
  9
$USERI3
 70
     0
  9
$USERI4
 70
     0
  9
$USERI5
 70
     0
  9
$USERR1
 40
0.0
  9
$USERR2
 40
0.0
  9
$USERR3
 40
0.0
  9
$USERR4
 40
0.0
  9
$USERR5
 40
0.0
  9
$WORLDVIEW
 70
     1
  9
$SHADEDGE
 70
     3
  9
$SHADEDIF
 70
    70
  9
$TILEMODE
 70
     1
  9
$MAXACTVP
 70
    64
  9
$PINSBASE
 10
0.0
 20
0.0
 30
0.0
  9
$PLIMCHECK
 70
     0
  9
$PEXTMIN
 10
1.0000000000E+20
 20
1.0000000000E+20
 30
1.0000000000E+20
  9
$PEXTMAX
 10
-1.0000000000E+20
 20
-1.0000000000E+20
 30
-1.0000000000E+20
  9
$PLIMMIN
 10
0.0
 20
0.0
  9
$PLIMMAX
 10
420.0
 20
297.0
  9
$UNITMODE
 70
     0
  9
$VISRETAIN
 70
     1
  9
$PLINEGEN
 70
     0
  9
$PSLTSCALE
 70
     1
  9
$TREEDEPTH
 70
  3020
  9
$CMLSTYLE
  2
Standard
  9
$CMLJUST
 70
     0
  9
$CMLSCALE
 40
20.0
  9
$PROXYGRAPHICS
 70
     1
  9
$MEASUREMENT
 70
     1
  9
$CELWEIGHT
370
    -1
  9
$ENDCAPS
280
     0
  9
$JOINSTYLE
280
     0
  9
$LWDISPLAY
290
     1
  9
$INSUNITS
 70
     4
  9
$HYPERLINKBASE
  1

  9
$STYLESHEET
  1

  9
$XEDIT
290
     1
  9
$CEPSNTYPE
380
     0
  9
$PSTYLEMODE
290
     1
  9
$FINGERPRINTGUID
  2
{76daf8d8-0613-4c2b-b9a0-41717f0f7dab}
  9
$VERSIONGUID
  2
{FAEB1C32-E019-11D5-929B-00C0DF256EC4}
  9
$EXTNAMES
290
     1
  9
$PSVPSCALE
 40
0.0
  9
$OLESTARTUP
290
     0
  0
ENDSEC
  0
SECTION
  2
CLASSES
  0
CLASS
  1
ACDBDICTIONARYWDFLT
  2
AcDbDictionaryWithDefault
  3
ObjectDBX Classes
 90
        0
280
     0
281
     0
  0
CLASS
  1
VISUALSTYLE
  2
AcDbVisualStyle
  3
ObjectDBX Classes
 90
     4095
280
     0
281
     0
  0
CLASS
  1
MATERIAL
  2
AcDbMaterial
  3
ObjectDBX Classes
 90
     1153
280
     0
281
     0
  0
CLASS
  1
SCALE
  2
AcDbScale
  3
ObjectDBX Classes
 90
     1153
280
     0
281
     0
  0
CLASS
  1
TABLESTYLE
  2
AcDbTableStyle
  3
ObjectDBX Classes
 90
     4095
280
     0
281
     0
  0
CLASS
  1
MLEADERSTYLE
  2
AcDbMLeaderStyle
  3
ACDB_MLEADERSTYLE_CLASS
 90
     4095
280
     0
281
     0
  0
CLASS
  1
SUN
  2
AcDbSun
  3
SCENEOE
 90
     1153
280
     0
281
     0
  0
CLASS
  1
ACDBPLACEHOLDER
  2
AcDbPlaceHolder
  3
ObjectDBX Classes
 90
        0
280
     0
281
     0
  0
CLASS
  1
LAYOUT
  2
AcDbLayout
  3
ObjectDBX Classes
 90
        0
280
     0
281
     0
  0
ENDSEC
  0
SECTION
  2
TABLES
  0
TABLE
  2
VPORT
  5
8
330
0
100
AcDbSymbolTable
 70
     1
  0
VPORT
  5
29
330
8
100
AcDbSymbolTableRecord
100
AcDbViewportTableRecord
  2
*Active
 70
     0
 10
0.0
 20
0.0
 11
1.0
 21
1.0
 12
297.0
 22
210.0
 13
0.0
 23
0.0
 14
10.0
 24
10.0
 15
10.0
 25
10.0
 16
0.0
 26
0.0
 36
1.0
 17
0.0
 27
0.0
 37
0.0
 40
420.0
 41
1.4142857143
 42
50.0
 43
0.0
 44
0.0
 50
0.0
 51
0.0
 71
     0
 72
  2000
 73
     1
 74
     3
 75
     0
 76
     0
 77
     0
 78
     0
281
     0
 65
     1
110
0.0
120
0.0
130
0.0
111
1.0
121
0.0
131
0.0
112
0.0
122
1.0
132
0.0
 79
     0
146
0.0
  0
ENDTAB
  0
TABLE
  2
LTYPE
  5
5
330
0
100
AcDbSymbolTable
 70
     6
  0
LTYPE
  5
14
330
5
100
AcDbSymbolTableRecord
100
AcDbLinetypeTableRecord
  2
ByBlock
 70
     0
  3

 72
    65
 73
     0
 40
0.0
  0
LTYPE
  5
15
330
5
100
AcDbSymbolTableRecord
100
AcDbLinetypeTableRecord
  2
ByLayer
 70
     0
  3

 72
    65
 73
     0
 40
0.0
  0
LTYPE
  5
16
330
5
100
AcDbSymbolTableRecord
100
AcDbLinetypeTableRecord
  2
Continuous
 70
     0
  3
Solid line
 72
    65
 73
     0
 40
0.0
  0
LTYPE
  5
5E
330
5
100
AcDbSymbolTableRecord
100
AcDbLinetypeTableRecord
  2
HIDDEN
 70
     0
  3
Hidden __ __ __ __ __ __ __ __ __ __ __ __ __ __
 72
    65
 73
     2
 40
1.905
 49
1.27
 74
     0
 49
-0.635
 74
     0
  0
LTYPE
  5
5F
330
5
100
AcDbSymbolTableRecord
100
AcDbLinetypeTableRecord
  2
PHANTOM
 70
     0
  3
Phantom ______  __  __  ______  __  __  ______
 72
    65
 73
     6
 40
12.7
 49
6.35
 74
     0
 49
-1.27
 74
     0
 49
1.27
 74
     0
 49
-1.27
 74
     0
 49
1.27
 74
     0
 49
-1.27
 74
     0
  0
LTYPE
  5
60
330
5
100
AcDbSymbolTableRecord
100
AcDbLinetypeTableRecord
  2
CENTER
 70
     0
  3
Center ____ _ ____ _ ____ _ ____ _ ____ _ ____
 72
    65
 73
     4
 40
10.16
 49
6.35
 74
     0
 49
-1.27
 74
     0
 49
1.27
 74
     0
 49
-1.27
 74
     0
  0
LTYPE
  5
61
330
5
100
AcDbSymbolTableRecord
100
AcDbLinetypeTableRecord
  2
CENTERX2
 70
     0
  3
Center (2x) ________  __  ________  __  _____
 72
    65
 73
     4
 40
20.32
 49
12.7
 74
     0
 49
-2.54
 74
     0
 49
2.54
 74
     0
 49
-2.54
 74
     0
  0
LTYPE
  5
62
330
5
100
AcDbSymbolTableRecord
100
AcDbLinetypeTableRecord
  2
DOT2
 70
     0
  3
Dot (.5x) ........................................
 72
    65
 73
     2
 40
0.635
 49
0.0
 74
     0
 49
-0.635
 74
     0
  0
ENDTAB
  0
TABLE
  2
LAYER
  5
2
330
0
100
AcDbSymbolTable
 70
     2
  0
LAYER
  5
10
330
2
100
AcDbSymbolTableRecord
100
AcDbLayerTableRecord
  2
0
 70
     0
 62
     7
  6
Continuous
370
    -3
390
F
  0
LAYER
  5
63
330
2
100
AcDbSymbolTableRecord
100
AcDbLayerTableRecord
  2
FORMAT
 70
     0
 62
     7
  6
Continuous
370
    -3
390
F
  0
ENDTAB
  0
TABLE
  2
STYLE
  5
3
330
0
100
AcDbSymbolTable
 70
     5
  0
STYLE
  5
11
330
3
100
AcDbSymbolTableRecord
100
AcDbTextStyleTableRecord
  2
Standard
 70
     0
 40
0.0
 41
1.0
 50
0.0
 71
     0
 42
3.5
  3
txt
  4

  0
STYLE
  5
AD
330
3
100
AcDbSymbolTableRecord
100
AcDbTextStyleTableRecord
  2
SLDTEXTSTYLE0
 70
     0
 40
0.0
 41
0.75
 50
0.0
 71
     0
 42
3.5
  3
TXT
  4

  0
STYLE
  5
D7
330
3
100
AcDbSymbolTableRecord
100
AcDbTextStyleTableRecord
  2
SLDTEXTSTYLE1
 70
     0
 40
0.0
 41
0.6864493306
 50
0.0
 71
     0
 42
3.5
  3
TXT
  4

  0
STYLE
  5
F8
330
3
100
AcDbSymbolTableRecord
100
AcDbTextStyleTableRecord
  2
SLDTEXTSTYLE2
 70
     0
 40
0.0
 41
0.6875
 50
0.0
 71
     0
 42
3.5
  3
TXT
  4

  0
STYLE
  5
324
330
3
100
AcDbSymbolTableRecord
100
AcDbTextStyleTableRecord
  2
SLDTEXTSTYLE3
 70
     0
 40
0.0
 41
0.7
 50
0.0
 71
     0
 42
3.5
  3
TXT
  4

  0
ENDTAB
  0
TABLE
  2
VIEW
  5
6
330
0
100
AcDbSymbolTable
 70
     0
  0
ENDTAB
  0
TABLE
  2
UCS
  5
7
330
0
100
AcDbSymbolTable
 70
     0
  0
ENDTAB
  0
TABLE
  2
APPID
  5
9
330
0
100
AcDbSymbolTable
 70
     1
  0
APPID
  5
12
330
9
100
AcDbSymbolTableRecord
100
AcDbRegAppTableRecord
  2
ACAD
 70
     0
  0
ENDTAB
  0
TABLE
  2
DIMSTYLE
  5
A
330
0
100
AcDbSymbolTable
 70
     8
100
AcDbDimStyleTable
  0
DIMSTYLE
105
27
330
A
100
AcDbSymbolTableRecord
100
AcDbDimStyleTableRecord
  2
ISO-25
 70
     0
 41
2.5
 42
0.625
 43
3.75
 44
1.25
 73
     0
 74
     0
 77
     1
 78
     8
140
2.5
141
2.5
143
0.0393700787
147
0.625
171
     3
172
     1
178
     0
271
     2
272
     2
274
     3
278
    44
283
     0
284
     8
340
11
  0
DIMSTYLE
105
115
102
{ACAD_REACTORS
330
114
330
313
102
}
330
A
100
AcDbSymbolTableRecord
100
AcDbDimStyleTableRecord
  2
SLDDIMSTYLE0
 70
     0
 41
3.556
 44
0.0
 45
0.000000001
 73
     0
 74
     0
 77
     1
 78
     4
 79
     1
140
3.5
147
0.875
173
     1
178
     0
271
     2
272
     2
276
     2
284
    12
340
AD
341
116
343
116
344
116
  0
DIMSTYLE
105
127
102
{ACAD_REACTORS
330
126
330
13D
330
148
330
1B4
330
1BE
102
}
330
A
100
AcDbSymbolTableRecord
100
AcDbDimStyleTableRecord
  2
SLDDIMSTYLE1
 70
     0
 41
3.556
 44
0.0
 45
0.000000001
 73
     0
 74
     0
 77
     1
 78
    12
 79
     3
140
3.5
147
0.875
173
     1
178
     0
271
     2
272
     2
276
     2
284
    12
340
AD
341
116
343
116
344
116
  0
DIMSTYLE
105
132
102
{ACAD_REACTORS
330
131
330
1C8
102
}
330
A
100
AcDbSymbolTableRecord
100
AcDbDimStyleTableRecord
  2
SLDDIMSTYLE2
 70
     0
 41
3.556
 44
0.0
 73
     0
 74
     0
 77
     1
 78
    12
 79
     3
140
3.5
147
0.875
173
     1
178
     0
179
     2
272
     2
276
     2
284
    12
340
AD
341
116
343
116
344
116
  0
DIMSTYLE
105
153
102
{ACAD_REACTORS
330
152
330
2A6
330
2B2
330
2BE
102
}
330
A
100
AcDbSymbolTableRecord
100
AcDbDimStyleTableRecord
  2
SLDDIMSTYLE3
 70
     0
 41
3.556
 44
0.0
 45
0.000000001
 73
     0
 74
     0
 77
     1
 78
    12
 79
     3
140
3.5
147
0.875
172
     1
173
     1
178
     0
271
     2
272
     2
276
     2
284
    12
289
     0
340
AD
341
116
343
116
344
116
  0
DIMSTYLE
105
18D
102
{ACAD_REACTORS
330
18C
330
199
330
1AB
102
}
330
A
100
AcDbSymbolTableRecord
100
AcDbDimStyleTableRecord
  2
SLDDIMSTYLE4
 70
     0
 41
3.556
 44
0.0
 45
0.000000001
 73
     0
 74
     0
 77
     1
 78
     4
 79
     1
140
3.5
141
0.0
147
0.875
172
     1
173
     1
178
     0
271
     2
272
     2
276
     2
284
    12
340
AD
341
18E
343
18E
344
116
  0
DIMSTYLE
105
1A3
102
{ACAD_REACTORS
330
1A2
102
}
330
A
100
AcDbSymbolTableRecord
100
AcDbDimStyleTableRecord
  2
SLDDIMSTYLE5
 70
     0
 41
3.556
 44
0.0
 45
0.000000001
 73
     0
 74
     0
 77
     1
 78
    12
 79
     3
140
3.5
141
0.0
147
0.875
173
     1
178
     0
271
     2
272
     2
276
     2
284
    12
340
AD
341
116
343
116
344
116
  0
DIMSTYLE
105
2CB
102
{ACAD_REACTORS
330
2CA
102
}
330
A
100
AcDbSymbolTableRecord
100
AcDbDimStyleTableRecord
  2
SLDDIMSTYLE6
 70
     0
 41
3.556
 44
0.0
 45
0.000000001
 73
     0
 74
     0
 77
     1
 78
     4
 79
     1
140
3.5
141
0.0
147
0.875
173
     1
178
     0
271
     2
272
     2
276
     2
284
    12
340
AD
341
116
343
116
344
116
  0
ENDTAB
  0
TABLE
  2
BLOCK_RECORD
  5
1
330
0
100
AcDbSymbolTable
 70
    35
  0
BLOCK_RECORD
  5
1F
330
1
100
AcDbSymbolTableRecord
100
AcDbBlockTableRecord
  2
*Model_Space
340
22
  0
BLOCK_RECORD
  5
1B
330
1
100
AcDbSymbolTableRecord
100
AcDbBlockTableRecord
  2
*Paper_Space
340
1E
  0
BLOCK_RECORD
  5
23
330
1
100
AcDbSymbolTableRecord
100
AcDbBlockTableRecord
  2
*Paper_Space0
340
26
  0
BLOCK_RECORD
  5
DD
330
1
100
AcDbSymbolTableRecord
100
AcDbBlockTableRecord
  2
SW_NOTE_0
340
0
102
{BLKREFS
331
E6
102
}
  0
BLOCK_RECORD
  5
E8
330
1
100
AcDbSymbolTableRecord
100
AcDbBlockTableRecord
  2
SW_NOTE_0_1
340
0
102
{BLKREFS
331
EE
102
}
  0
BLOCK_RECORD
  5
116
330
1
100
AcDbSymbolTableRecord
100
AcDbBlockTableRecord
  2
_Closed
340
0
102
{BLKREFS
331
120
331
121
331
12B
331
12C
331
139
331
13A
331
141
331
142
331
14C
331
14D
331
157
331
158
331
194
331
19D
331
1A7
331
1AF
331
1B8
331
1B9
331
1C2
331
1C3
331
1CD
331
1CE
331
2AA
331
2AB
331
2B6
331
2B7
331
2C2
331
2C3
331
2CF
331
2D5
331
2D7
331
317
331
318
102
}
  0
BLOCK_RECORD
  5
11D
330
1
100
AcDbSymbolTableRecord
100
AcDbBlockTableRecord
  2
_D
340
0
  0
BLOCK_RECORD
  5
128
330
1
100
AcDbSymbolTableRecord
100
AcDbBlockTableRecord
  2
_D_1
340
0
  0
BLOCK_RECORD
  5
133
330
1
100
AcDbSymbolTableRecord
100
AcDbBlockTableRecord
  2
_D_2
340
0
  0
BLOCK_RECORD
  5
13E
330
1
100
AcDbSymbolTableRecord
100
AcDbBlockTableRecord
  2
_D_3
340
0
  0
BLOCK_RECORD
  5
149
330
1
100
AcDbSymbolTableRecord
100
AcDbBlockTableRecord
  2
_D_4
340
0
  0
BLOCK_RECORD
  5
154
330
1
100
AcDbSymbolTableRecord
100
AcDbBlockTableRecord
  2
_D_5
340
0
  0
BLOCK_RECORD
  5
15F
330
1
100
AcDbSymbolTableRecord
100
AcDbBlockTableRecord
  2
SW_CENTERMARKSYMBOL_0
340
0
102
{BLKREFS
331
16A
102
}
  0
BLOCK_RECORD
  5
16B
330
1
100
AcDbSymbolTableRecord
100
AcDbBlockTableRecord
  2
SW_CENTERMARKSYMBOL_1
340
0
102
{BLKREFS
331
176
102
}
  0
BLOCK_RECORD
  5
18E
330
1
100
AcDbSymbolTableRecord
100
AcDbBlockTableRecord
  2
_None
340
0
  0
BLOCK_RECORD
  5
191
330
1
100
AcDbSymbolTableRecord
100
AcDbBlockTableRecord
  2
_D_6
340
0
  0
BLOCK_RECORD
  5
19A
330
1
100
AcDbSymbolTableRecord
100
AcDbBlockTableRecord
  2
_D_7
340
0
  0
BLOCK_RECORD
  5
1A4
330
1
100
AcDbSymbolTableRecord
100
AcDbBlockTableRecord
  2
_D_8
340
0
  0
BLOCK_RECORD
  5
1AC
330
1
100
AcDbSymbolTableRecord
100
AcDbBlockTableRecord
  2
_D_9
340
0
  0
BLOCK_RECORD
  5
1B5
330
1
100
AcDbSymbolTableRecord
100
AcDbBlockTableRecord
  2
_D_10
340
0
  0
BLOCK_RECORD
  5
1BF
330
1
100
AcDbSymbolTableRecord
100
AcDbBlockTableRecord
  2
_D_11
340
0
  0
BLOCK_RECORD
  5
1C9
330
1
100
AcDbSymbolTableRecord
100
AcDbBlockTableRecord
  2
_D_12
340
0
  0
BLOCK_RECORD
  5
1D2
330
1
100
AcDbSymbolTableRecord
100
AcDbBlockTableRecord
  2
SW_CENTERMARKSYMBOL_2
340
0
102
{BLKREFS
331
1DD
102
}
  0
BLOCK_RECORD
  5
1DE
330
1
100
AcDbSymbolTableRecord
100
AcDbBlockTableRecord
  2
SW_CENTERMARKSYMBOL_3
340
0
102
{BLKREFS
331
1E9
102
}
  0
BLOCK_RECORD
  5
1EA
330
1
100
AcDbSymbolTableRecord
100
AcDbBlockTableRecord
  2
SW_CENTERMARKSYMBOL_4
340
0
102
{BLKREFS
331
1F5
102
}
  0
BLOCK_RECORD
  5
1F6
330
1
100
AcDbSymbolTableRecord
100
AcDbBlockTableRecord
  2
SW_CENTERMARKSYMBOL_5
340
0
102
{BLKREFS
331
201
102
}
  0
BLOCK_RECORD
  5
202
330
1
100
AcDbSymbolTableRecord
100
AcDbBlockTableRecord
  2
SW_CENTERMARKSYMBOL_6
340
0
102
{BLKREFS
331
20D
102
}
  0
BLOCK_RECORD
  5
20E
330
1
100
AcDbSymbolTableRecord
100
AcDbBlockTableRecord
  2
SW_CENTERMARKSYMBOL_7
340
0
102
{BLKREFS
331
219
102
}
  0
BLOCK_RECORD
  5
21A
330
1
100
AcDbSymbolTableRecord
100
AcDbBlockTableRecord
  2
SW_CENTERMARKSYMBOL_8
340
0
102
{BLKREFS
331
225
102
}
  0
BLOCK_RECORD
  5
226
330
1
100
AcDbSymbolTableRecord
100
AcDbBlockTableRecord
  2
SW_CENTERMARKSYMBOL_9
340
0
102
{BLKREFS
331
231
102
}
  0
BLOCK_RECORD
  5
232
330
1
100
AcDbSymbolTableRecord
100
AcDbBlockTableRecord
  2
SW_CENTERMARKSYMBOL_10
340
0
102
{BLKREFS
331
23D
102
}
  0
BLOCK_RECORD
  5
2A7
330
1
100
AcDbSymbolTableRecord
100
AcDbBlockTableRecord
  2
_D_13
340
0
  0
BLOCK_RECORD
  5
2B3
330
1
100
AcDbSymbolTableRecord
100
AcDbBlockTableRecord
  2
_D_14
340
0
  0
BLOCK_RECORD
  5
2BF
330
1
100
AcDbSymbolTableRecord
100
AcDbBlockTableRecord
  2
_D_15
340
0
  0
BLOCK_RECORD
  5
2CC
330
1
100
AcDbSymbolTableRecord
100
AcDbBlockTableRecord
  2
_D_16
340
0
  0
BLOCK_RECORD
  5
314
330
1
100
AcDbSymbolTableRecord
100
AcDbBlockTableRecord
  2
_D_17
340
0
  0
BLOCK_RECORD
  5
31E
330
1
100
AcDbSymbolTableRecord
100
AcDbBlockTableRecord
  2
SW_NOTE_0_2
340
0
102
{BLKREFS
331
323
102
}
  0
ENDTAB
  0
ENDSEC
  0
SECTION
  2
BLOCKS
  0
BLOCK
  5
20
330
1F
100
AcDbEntity
  8
0
100
AcDbBlockBegin
  2
*Model_Space
 70
     0
 10
0.0
 20
0.0
 30
0.0
  3
*Model_Space
  1

  0
ENDBLK
  5
21
330
1F
100
AcDbEntity
  8
0
100
AcDbBlockEnd
  0
BLOCK
  5
1C
330
1B
100
AcDbEntity
 67
     1
  8
0
100
AcDbBlockBegin
  2
*Paper_Space
 70
     0
 10
0.0
 20
0.0
 30
0.0
  3
*Paper_Space
  1

  0
ENDBLK
  5
1D
330
1B
100
AcDbEntity
 67
     1
  8
0
100
AcDbBlockEnd
  0
BLOCK
  5
24
330
23
100
AcDbEntity
  8
0
100
AcDbBlockBegin
  2
*Paper_Space0
 70
     0
 10
0.0
 20
0.0
 30
0.0
  3
*Paper_Space0
  1

  0
ENDBLK
  5
25
330
23
100
AcDbEntity
  8
0
100
AcDbBlockEnd
  0
BLOCK
  5
DE
330
DD
100
AcDbEntity
  8
0
100
AcDbBlockBegin
  2
SW_NOTE_0
 70
     0
 10
0.0
 20
0.0
 30
0.0
  3
SW_NOTE_0
  1

  0
MTEXT
  5
E0
330
DD
100
AcDbEntity
  8
0
  6
Continuous
 62
     0
370
     0
100
AcDbMText
 10
0.0
 20
1.9336016097
 30
0.0
 40
1.5
 41
0.0
 71
     1
 72
     1
  1
UNLESS OTHERWISE SPECIFIED:
  7
SLDTEXTSTYLE0
 73
     1
 44
1.0
  0
MTEXT
  5
E1
330
DD
100
AcDbEntity
  8
0
  6
Continuous
 62
     0
370
     0
100
AcDbMText
 10
0.0
 20
-0.5663983345
 30
0.0
 40
1.5
 41
0.0
 71
     1
 72
     1
  1
DIMENSIONS ARE IN MILLIMETERS
  7
SLDTEXTSTYLE0
 73
     1
 44
1.0
  0
MTEXT
  5
E2
330
DD
100
AcDbEntity
  8
0
  6
Continuous
 62
     0
370
     0
100
AcDbMText
 10
0.0
 20
-3.0663982786
 30
0.0
 40
1.5
 41
0.0
 71
     1
 72
     1
  1
SURFACE FINISH:
  7
SLDTEXTSTYLE0
 73
     1
 44
1.0
  0
MTEXT
  5
E3
330
DD
100
AcDbEntity
  8
0
  6
Continuous
 62
     0
370
     0
100
AcDbMText
 10
0.0
 20
-5.5663982227
 30
0.0
 40
1.5
 41
0.0
 71
     1
 72
     1
  1
TOLERANCES:
  7
SLDTEXTSTYLE0
 73
     1
 44
1.0
  0
MTEXT
  5
E4
330
DD
100
AcDbEntity
  8
0
  6
Continuous
 62
     0
370
     0
100
AcDbMText
 10
1.6875
 20
-8.0663981668
 30
0.0
 40
1.5
 41
0.0
 71
     1
 72
     1
  1
LINEAR:
  7
SLDTEXTSTYLE0
 73
     1
 44
1.0
  0
MTEXT
  5
E5
330
DD
100
AcDbEntity
  8
0
  6
Continuous
 62
     0
370
     0
100
AcDbMText
 10
1.6875
 20
-10.5663981109
 30
0.0
 40
1.5
 41
0.0
 71
     1
 72
     1
  1
ANGULAR:
  7
SLDTEXTSTYLE0
 73
     1
 44
1.0
  0
ENDBLK
  5
DF
330
DD
100
AcDbEntity
  8
0
100
AcDbBlockEnd
  0
BLOCK
  5
E9
330
E8
100
AcDbEntity
  8
0
100
AcDbBlockBegin
  2
SW_NOTE_0_1
 70
     0
 10
0.0
 20
0.0
 30
0.0
  3
SW_NOTE_0_1
  1

  0
MTEXT
  5
EB
330
E8
100
AcDbEntity
  8
0
  6
Continuous
 62
     0
370
     0
100
AcDbMText
 10
0.0
 20
1.9336016097
 30
0.0
 40
1.5
 41
0.0
 71
     1
 72
     1
  1
DEBURR AND
  7
SLDTEXTSTYLE0
 73
     1
 44
1.0
  0
MTEXT
  5
EC
330
E8
100
AcDbEntity
  8
0
  6
Continuous
 62
     0
370
     0
100
AcDbMText
 10
0.0
 20
-0.5663983345
 30
0.0
 40
1.5
 41
0.0
 71
     1
 72
     1
  1
BREAK SHARP
  7
SLDTEXTSTYLE0
 73
     1
 44
1.0
  0
MTEXT
  5
ED
330
E8
100
AcDbEntity
  8
0
  6
Continuous
 62
     0
370
     0
100
AcDbMText
 10
0.0
 20
-3.0663982786
 30
0.0
 40
1.5
 41
0.0
 71
     1
 72
     1
  1
EDGES
  7
SLDTEXTSTYLE0
 73
     1
 44
1.0
  0
ENDBLK
  5
EA
330
E8
100
AcDbEntity
  8
0
100
AcDbBlockEnd
  0
BLOCK
  5
117
330
116
100
AcDbEntity
  8
0
100
AcDbBlockBegin
  2
_Closed
 70
     0
 10
0.0
 20
0.0
 30
0.0
  3
_Closed
  1

  0
LINE
  5
119
330
116
100
AcDbEntity
  8
0
  6
ByBlock
 62
     0
370
    -2
100
AcDbLine
 10
-1.0
 20
0.166667
 30
0.0
 11
0.0
 21
0.0
 31
0.0
  0
LINE
  5
11A
330
116
100
AcDbEntity
  8
0
  6
ByBlock
 62
     0
370
    -2
100
AcDbLine
 10
0.0
 20
0.0
 30
0.0
 11
-1.0
 21
-0.166667
 31
0.0
  0
LINE
  5
11B
330
116
100
AcDbEntity
  8
0
  6
ByBlock
 62
     0
370
    -2
100
AcDbLine
 10
-1.0
 20
0.166667
 30
0.0
 11
-1.0
 21
-0.166667
 31
0.0
  0
LINE
  5
11C
330
116
100
AcDbEntity
  8
0
  6
ByBlock
 62
     0
370
    -2
100
AcDbLine
 10
0.0
 20
0.0
 30
0.0
 11
-1.0
 21
0.0
 31
0.0
  0
ENDBLK
  5
118
330
116
100
AcDbEntity
  8
0
100
AcDbBlockEnd
  0
BLOCK
  5
11E
330
11D
100
AcDbEntity
  8
0
100
AcDbBlockBegin
  2
_D
 70
     0
 10
0.0
 20
0.0
 30
0.0
  3
_D
  1

  0
INSERT
  5
120
330
11D
100
AcDbEntity
  8
0
  6
Continuous
 62
     7
370
    18
100
AcDbBlockReference
  2
_Closed
 10
235.2802825705
 20
264.598293039
 30
0.0
 41
3.556
 42
3.556
 50
90.0
  0
INSERT
  5
121
330
11D
100
AcDbEntity
  8
0
  6
Continuous
 62
     7
370
    18
100
AcDbBlockReference
  2
_Closed
 10
235.2802825705
 20
233.1026599699
 30
0.0
 41
3.556
 42
3.556
 50
270.0
  0
LINE
  5
122
330
11D
100
AcDbEntity
  8
0
  6
Continuous
 62
     7
370
     0
100
AcDbLine
 10
259.6962559774
 20
264.598293039
 30
0.0
 11
234.2802825705
 21
264.598293039
 31
0.0
  0
LINE
  5
123
330
11D
100
AcDbEntity
  8
0
  6
Continuous
 62
     7
370
     0
100
AcDbLine
 10
263.6962559774
 20
233.1026599699
 30
0.0
 11
234.2802825705
 21
233.1026599699
 31
0.0
  0
LINE
  5
124
330
11D
100
AcDbEntity
  8
0
  6
Continuous
 62
     7
370
     0
100
AcDbLine
 10
235.2802825705
 20
264.598293039
 30
0.0
 11
235.2802825705
 21
233.1026599699
 31
0.0
  0
MTEXT
  5
125
330
11D
100
AcDbEntity
  8
0
  6
Continuous
 62
     7
370
    18
100
AcDbMText
 10
230.7685456559
 20
231.6188705549
 30
0.0
 40
3.5
 41
0.0
 71
     1
 72
     1
  1
31.50
  7
SLDTEXTSTYLE0
 11
-7.044195017643634E-15
 21
1.0
 31
0.0
 73
     1
 44
1.0
  0
ENDBLK
  5
11F
330
11D
100
AcDbEntity
  8
0
100
AcDbBlockEnd
  0
BLOCK
  5
129
330
128
100
AcDbEntity
  8
0
100
AcDbBlockBegin
  2
_D_1
 70
     0
 10
0.0
 20
0.0
 30
0.0
  3
_D_1
  1

  0
INSERT
  5
12B
330
128
100
AcDbEntity
  8
0
  6
Continuous
 62
     7
370
    18
100
AcDbBlockReference
  2
_Closed
 10
301.5542511747
 20
220.6600154529
 30
0.0
 41
3.556
 42
3.556
 50
0.0
  0
INSERT
  5
12C
330
128
100
AcDbEntity
  8
0
  6
Continuous
 62
     7
370
    18
100
AcDbBlockReference
  2
_Closed
 10
260.6962559774
 20
220.6600154529
 30
0.0
 41
3.556
 42
3.556
 50
180.0
  0
LINE
  5
12D
330
128
100
AcDbEntity
  8
0
  6
Continuous
 62
     7
370
     0
100
AcDbLine
 10
301.5542511747
 20
246.7703589913
 30
0.0
 11
301.5542511747
 21
219.6600154529
 31
0.0
  0
LINE
  5
12E
330
128
100
AcDbEntity
  8
0
  6
Continuous
 62
     7
370
     0
100
AcDbLine
 10
260.6962559774
 20
234.8765247218
 30
0.0
 11
260.6962559774
 21
219.6600154529
 31
0.0
  0
LINE
  5
12F
330
128
100
AcDbEntity
  8
0
  6
Continuous
 62
     7
370
     0
100
AcDbLine
 10
301.5542511747
 20
220.6600154529
 30
0.0
 11
260.6962559774
 21
220.6600154529
 31
0.0
  0
MTEXT
  5
130
330
128
100
AcDbEntity
  8
0
  6
Continuous
 62
     7
370
    18
100
AcDbMText
 10
274.8232060392
 20
225.1717523675
 30
0.0
 40
3.5
 41
0.0
 71
     1
 72
     1
  1
40.86
  7
SLDTEXTSTYLE0
 73
     1
 44
1.0
  0
ENDBLK
  5
12A
330
128
100
AcDbEntity
  8
0
100
AcDbBlockEnd
  0
BLOCK
  5
134
330
133
100
AcDbEntity
  8
0
100
AcDbBlockBegin
  2
_D_2
 70
     0
 10
0.0
 20
0.0
 30
0.0
  3
_D_2
  1

  0
ARC
  5
136
330
133
100
AcDbEntity
  8
0
  6
Continuous
 62
     7
370
    18
100
AcDbCircle
 10
298.1942511747
 20
264.598293039
 30
0.0
 40
9.765619763816915
100
AcDbArc
 50
180.0
 51
315.0
  0
ARC
  5
137
330
133
100
AcDbEntity
  8
0
  6
Continuous
 62
     7
370
    18
100
AcDbCircle
 10
298.1942511747
 20
264.598293039
 30
0.0
 40
9.765619763816915
100
AcDbArc
 50
144.1745238348
 51
180.0
  0
ARC
  5
138
330
133
100
AcDbEntity
  8
0
  6
Continuous
 62
     7
370
    18
100
AcDbCircle
 10
298.1942511747
 20
264.598293039
 30
0.0
 40
9.765619763816947
100
AcDbArc
 50
315.0
 51
350.8254761652
  0
INSERT
  5
139
330
133
100
AcDbEntity
  8
0
  6
Continuous
 62
     7
370
    18
100
AcDbBlockReference
  2
_Closed
 10
288.4286314109
 20
264.598293039
 30
0.0
 41
3.556
 42
3.556
 50
259.9958424255
  0
INSERT
  5
13A
330
133
100
AcDbEntity
  8
0
  6
Continuous
 62
     7
370
    18
100
AcDbBlockReference
  2
_Closed
 10
305.0995871322
 20
257.6929570815
 30
0.0
 41
3.556
 42
3.556
 50
235.0041575745
  0
LINE
  5
13B
330
133
100
AcDbEntity
  8
0
  6
Continuous
 62
     7
370
     0
100
AcDbLine
 10
302.2613579559
 20
260.5311862578
 30
0.0
 11
305.8066939134
 21
256.9858503003
 31
0.0
  0
MTEXT
  5
13C
330
133
100
AcDbEntity
  8
0
  6
Continuous
 62
     7
370
    18
100
AcDbMText
 10
293.2343606891
 20
259.4833221336
 30
0.0
 40
3.5
 41
0.0
 71
     1
 72
     1
  1
135°
  7
SLDTEXTSTYLE0
 11
0.9995959642386022
 21
-0.02842372737518872
 31
0.0
 73
     1
 44
1.0
  0
ENDBLK
  5
135
330
133
100
AcDbEntity
  8
0
100
AcDbBlockEnd
  0
BLOCK
  5
13F
330
13E
100
AcDbEntity
  8
0
100
AcDbBlockBegin
  2
_D_3
 70
     0
 10
0.0
 20
0.0
 30
0.0
  3
_D_3
  1

  0
INSERT
  5
141
330
13E
100
AcDbEntity
  8
0
  6
Continuous
 62
     7
370
    18
100
AcDbBlockReference
  2
_Closed
 10
301.5542511747
 20
280.598293039
 30
0.0
 41
3.556
 42
3.556
 50
0.0
  0
INSERT
  5
142
330
13E
100
AcDbEntity
  8
0
  6
Continuous
 62
     7
370
    18
100
AcDbBlockReference
  2
_Closed
 10
287.6962559774
 20
280.598293039
 30
0.0
 41
3.556
 42
3.556
 50
180.0
  0
LINE
  5
143
330
13E
100
AcDbEntity
  8
0
  6
Continuous
 62
     7
370
     0
100
AcDbLine
 10
301.5542511747
 20
262.238293039
 30
0.0
 11
301.5542511747
 21
281.598293039
 31
0.0
  0
LINE
  5
144
330
13E
100
AcDbEntity
  8
0
  6
Continuous
 62
     7
370
     0
100
AcDbLine
 10
287.6962559774
 20
254.723293039
 30
0.0
 11
287.6962559774
 21
281.598293039
 31
0.0
  0
LINE
  5
145
330
13E
100
AcDbEntity
  8
0
  6
Continuous
 62
     7
370
     0
100
AcDbLine
 10
301.5542511747
 20
280.598293039
 30
0.0
 11
313.9516921909
 21
280.598293039
 31
0.0
  0
LINE
  5
146
330
13E
100
AcDbEntity
  8
0
  6
Continuous
 62
     7
370
     0
100
AcDbLine
 10
301.5542511747
 20
280.598293039
 30
0.0
 11
287.6962559774
 21
280.598293039
 31
0.0
  0
MTEXT
  5
147
330
13E
100
AcDbEntity
  8
0
  6
Continuous
 62
     7
370
    18
100
AcDbMText
 10
302.3141917037
 20
285.1100299536
 30
0.0
 40
3.5
 41
0.0
 71
     1
 72
     1
  1
13.86
  7
SLDTEXTSTYLE0
 73
     1
 44
1.0
  0
ENDBLK
  5
140
330
13E
100
AcDbEntity
  8
0
100
AcDbBlockEnd
  0
BLOCK
  5
14A
330
149
100
AcDbEntity
  8
0
100
AcDbBlockBegin
  2
_D_4
 70
     0
 10
0.0
 20
0.0
 30
0.0
  3
_D_4
  1

  0
INSERT
  5
14C
330
149
100
AcDbEntity
  8
0
  6
Continuous
 62
     7
370
    18
100
AcDbBlockReference
  2
_Closed
 10
301.5542511747
 20
280.598293039
 30
0.0
 41
3.556
 42
3.556
 50
0.0
  0
INSERT
  5
14D
330
149
100
AcDbEntity
  8
0
  6
Continuous
 62
     7
370
    18
100
AcDbBlockReference
  2
_Closed
 10
270.6962559774
 20
280.598293039
 30
0.0
 41
3.556
 42
3.556
 50
180.0
  0
LINE
  5
14E
330
149
100
AcDbEntity
  8
0
  6
Continuous
 62
     7
370
     0
100
AcDbLine
 10
301.5542511747
 20
262.238293039
 30
0.0
 11
301.5542511747
 21
281.598293039
 31
0.0
  0
LINE
  5
14F
330
149
100
AcDbEntity
  8
0
  6
Continuous
 62
     7
370
     0
100
AcDbLine
 10
270.6962559774
 20
254.723293039
 30
0.0
 11
270.6962559774
 21
281.598293039
 31
0.0
  0
LINE
  5
150
330
149
100
AcDbEntity
  8
0
  6
Continuous
 62
     7
370
     0
100
AcDbLine
 10
301.5542511747
 20
280.598293039
 30
0.0
 11
270.6962559774
 21
280.598293039
 31
0.0
  0
MTEXT
  5
151
330
149
100
AcDbEntity
  8
0
  6
Continuous
 62
     7
370
    18
100
AcDbMText
 10
271.5651917368
 20
285.1100299536
 30
0.0
 40
3.5
 41
0.0
 71
     1
 72
     1
  1
30.86
  7
SLDTEXTSTYLE0
 73
     1
 44
1.0
  0
ENDBLK
  5
14B
330
149
100
AcDbEntity
  8
0
100
AcDbBlockEnd
  0
BLOCK
  5
155
330
154
100
AcDbEntity
  8
0
100
AcDbBlockBegin
  2
_D_5
 70
     0
 10
0.0
 20
0.0
 30
0.0
  3
_D_5
  1

  0
INSERT
  5
157
330
154
100
AcDbEntity
  8
0
  6
Continuous
 62
     7
370
    18
100
AcDbBlockReference
  2
_Closed
 10
254.6523124865
 20
233.1026599699
 30
0.0
 41
3.556
 42
3.556
 50
90.0
  0
INSERT
  5
158
330
154
100
AcDbEntity
  8
0
  6
Continuous
 62
     7
370
    18
100
AcDbBlockReference
  2
_Closed
 10
254.6523124865
 20
248.723293039
 30
0.0
 41
3.556
 42
3.556
 50
270.0
  0
LINE
  5
159
330
154
100
AcDbEntity
  8
0
  6
Continuous
 62
     7
370
     0
100
AcDbLine
 10
263.6962559774
 20
233.1026599699
 30
0.0
 11
253.6523124865
 21
233.1026599699
 31
0.0
  0
LINE
  5
15A
330
154
100
AcDbEntity
  8
0
  6
Continuous
 62
     7
370
     0
100
AcDbLine
 10
281.6962559774
 20
248.723293039
 30
0.0
 11
253.6523124865
 21
248.723293039
 31
0.0
  0
LINE
  5
15B
330
154
100
AcDbEntity
  8
0
  6
Continuous
 62
     7
370
     0
100
AcDbLine
 10
254.6523124865
 20
233.1026599699
 30
0.0
 11
254.6523124865
 21
226.7526599699
 31
0.0
  0
LINE
  5
15C
330
154
100
AcDbEntity
  8
0
  6
Continuous
 62
     7
370
     0
100
AcDbLine
 10
254.6523124865
 20
233.1026599699
 30
0.0
 11
254.6523124865
 21
248.723293039
 31
0.0
  0
LINE
  5
15D
330
154
100
AcDbEntity
  8
0
  6
Continuous
 62
     7
370
     0
100
AcDbLine
 10
254.6523124865
 20
248.723293039
 30
0.0
 11
254.6523124865
 21
255.073293039
 31
0.0
  0
MTEXT
  5
15E
330
154
100
AcDbEntity
  8
0
  6
Continuous
 62
     7
370
    18
100
AcDbMText
 10
250.1405755719
 20
231.6188705549
 30
0.0
 40
3.5
 41
0.0
 71
     1
 72
     1
  1
15.62
  7
SLDTEXTSTYLE0
 11
6.123233995736766E-17
 21
1.0
 31
0.0
 73
     1
 44
1.0
  0
ENDBLK
  5
156
330
154
100
AcDbEntity
  8
0
100
AcDbBlockEnd
  0
BLOCK
  5
160
330
15F
100
AcDbEntity
  8
0
100
AcDbBlockBegin
  2
SW_CENTERMARKSYMBOL_0
 70
     0
 10
0.0
 20
0.0
 30
0.0
  3
SW_CENTERMARKSYMBOL_0
  1

  0
LINE
  5
162
330
15F
100
AcDbEntity
  8
0
  6
Continuous
 62
     0
370
    18
100
AcDbLine
 10
0.0
 20
0.0
 30
0.0
 11
0.0
 21
2.5
 31
0.0
  0
LINE
  5
163
330
15F
100
AcDbEntity
  8
0
  6
Continuous
 62
     0
370
    18
100
AcDbLine
 10
0.0
 20
0.0
 30
0.0
 11
-2.5
 21
0.0
 31
0.0
  0
LINE
  5
164
330
15F
100
AcDbEntity
  8
0
  6
Continuous
 62
     0
370
    18
100
AcDbLine
 10
0.0
 20
0.0
 30
0.0
 11
0.0
 21
-2.5
 31
0.0
  0
LINE
  5
165
330
15F
100
AcDbEntity
  8
0
  6
Continuous
 62
     0
370
    18
100
AcDbLine
 10
0.0
 20
0.0
 30
0.0
 11
2.5
 21
0.0
 31
0.0
  0
LINE
  5
166
330
15F
100
AcDbEntity
  8
0
  6
Continuous
 62
     0
370
    18
100
AcDbLine
 10
0.0
 20
2.5
 30
0.0
 11
0.0
 21
5.0
 31
0.0
  0
LINE
  5
167
330
15F
100
AcDbEntity
  8
0
  6
Continuous
 62
     0
370
    18
100
AcDbLine
 10
-2.5
 20
0.0
 30
0.0
 11
-5.0
 21
0.0
 31
0.0
  0
LINE
  5
168
330
15F
100
AcDbEntity
  8
0
  6
Continuous
 62
     0
370
    18
100
AcDbLine
 10
0.0
 20
-2.5
 30
0.0
 11
0.0
 21
-5.0
 31
0.0
  0
LINE
  5
169
330
15F
100
AcDbEntity
  8
0
  6
Continuous
 62
     0
370
    18
100
AcDbLine
 10
2.5
 20
0.0
 30
0.0
 11
5.0
 21
0.0
 31
0.0
  0
ENDBLK
  5
161
330
15F
100
AcDbEntity
  8
0
100
AcDbBlockEnd
  0
BLOCK
  5
16C
330
16B
100
AcDbEntity
  8
0
100
AcDbBlockBegin
  2
SW_CENTERMARKSYMBOL_1
 70
     0
 10
0.0
 20
0.0
 30
0.0
  3
SW_CENTERMARKSYMBOL_1
  1

  0
LINE
  5
16E
330
16B
100
AcDbEntity
  8
0
  6
Continuous
 62
     0
370
    18
100
AcDbLine
 10
0.0
 20
0.0
 30
0.0
 11
0.0
 21
2.5
 31
0.0
  0
LINE
  5
16F
330
16B
100
AcDbEntity
  8
0
  6
Continuous
 62
     0
370
    18
100
AcDbLine
 10
0.0
 20
0.0
 30
0.0
 11
-2.5
 21
0.0
 31
0.0
  0
LINE
  5
170
330
16B
100
AcDbEntity
  8
0
  6
Continuous
 62
     0
370
    18
100
AcDbLine
 10
0.0
 20
0.0
 30
0.0
 11
0.0
 21
-2.5
 31
0.0
  0
LINE
  5
171
330
16B
100
AcDbEntity
  8
0
  6
Continuous
 62
     0
370
    18
100
AcDbLine
 10
0.0
 20
0.0
 30
0.0
 11
2.5
 21
0.0
 31
0.0
  0
LINE
  5
172
330
16B
100
AcDbEntity
  8
0
  6
Continuous
 62
     0
370
    18
100
AcDbLine
 10
0.0
 20
2.5
 30
0.0
 11
0.0
 21
5.0
 31
0.0
  0
LINE
  5
173
330
16B
100
AcDbEntity
  8
0
  6
Continuous
 62
     0
370
    18
100
AcDbLine
 10
-2.5
 20
0.0
 30
0.0
 11
-5.0
 21
0.0
 31
0.0
  0
LINE
  5
174
330
16B
100
AcDbEntity
  8
0
  6
Continuous
 62
     0
370
    18
100
AcDbLine
 10
0.0
 20
-2.5
 30
0.0
 11
0.0
 21
-5.0
 31
0.0
  0
LINE
  5
175
330
16B
100
AcDbEntity
  8
0
  6
Continuous
 62
     0
370
    18
100
AcDbLine
 10
2.5
 20
0.0
 30
0.0
 11
5.0
 21
0.0
 31
0.0
  0
ENDBLK
  5
16D
330
16B
100
AcDbEntity
  8
0
100
AcDbBlockEnd
  0
BLOCK
  5
18F
330
18E
100
AcDbEntity
  8
0
100
AcDbBlockBegin
  2
_None
 70
     0
 10
0.0
 20
0.0
 30
0.0
  3
_None
  1

  0
ENDBLK
  5
190
330
18E
100
AcDbEntity
  8
0
100
AcDbBlockEnd
  0
BLOCK
  5
192
330
191
100
AcDbEntity
  8
0
100
AcDbBlockBegin
  2
_D_6
 70
     0
 10
0.0
 20
0.0
 30
0.0
  3
_D_6
  1

  0
INSERT
  5
194
330
191
100
AcDbEntity
  8
0
  6
Continuous
 62
     7
370
    18
100
AcDbBlockReference
  2
_Closed
 10
314.379619744
 20
167.4348988614
 30
0.0
 41
3.556
 42
3.556
 50
321.6964735228
  0
LINE
  5
195
330
191
100
AcDbEntity
  8
0
  6
Continuous
 62
     7
370
     0
100
AcDbLine
 10
314.379619744
 20
167.4348988614
 30
0.0
 11
282.3829687235
 21
192.7075289993
 31
0.0
  0
LINE
  5
196
330
191
100
AcDbEntity
  8
0
  6
Continuous
 62
     7
370
     0
100
AcDbLine
 10
314.379619744
 20
167.4348988614
 30
0.0
 11
379.5128922107
 21
115.9892302607
 31
0.0
  0
MTEXT
  5
197
330
191
100
AcDbEntity
  8
0
  6
Continuous
 62
     7
370
    18
100
AcDbMText
 10
285.1782147518
 20
196.2464765167
 30
0.0
 40
3.5
 41
0.0
 71
     1
 72
     1
  1
%%c
  7
SLDTEXTSTYLE0
 11
0.7847382224913289
 21
-0.6198273325379816
 31
0.0
 73
     1
 44
1.0
  0
MTEXT
  5
198
330
191
100
AcDbEntity
  8
0
  6
Continuous
 62
     7
370
    18
100
AcDbMText
 10
289.3535498499
 20
193.0167184049
 30
0.0
 40
3.5
 41
0.0
 71
     1
 72
     1
  1
83.00
  7
SLDTEXTSTYLE0
 11
0.7847382224913289
 21
-0.6198273325379816
 31
0.0
 73
     1
 44
1.0
  0
ENDBLK
  5
193
330
191
100
AcDbEntity
  8
0
100
AcDbBlockEnd
  0
BLOCK
  5
19B
330
19A
100
AcDbEntity
  8
0
100
AcDbBlockBegin
  2
_D_7
 70
     0
 10
0.0
 20
0.0
 30
0.0
  3
_D_7
  1

  0
INSERT
  5
19D
330
19A
100
AcDbEntity
  8
0
  6
Continuous
 62
     7
370
    18
100
AcDbBlockReference
  2
_Closed
 10
376.8241324079
 20
158.962064561
 30
15.7478165345
 41
3.556
 42
3.556
 50
210.0
  0
LINE
  5
19E
330
19A
100
AcDbEntity
  8
0
  6
Continuous
 62
     7
370
     0
100
AcDbLine
 10
376.8241324079
 20
158.962064561
 30
0.0
 11
435.663584433
 21
192.9330380267
 31
0.0
  0
LINE
  5
19F
330
19A
100
AcDbEntity
  8
0
  6
Continuous
 62
     7
370
     0
100
AcDbLine
 10
376.8241324079
 20
158.962064561
 30
0.0
 11
317.0683795468
 21
124.462064561
 31
0.0
  0
MTEXT
  5
1A0
330
19A
100
AcDbEntity
  8
0
  6
Continuous
 62
     7
370
    18
100
AcDbMText
 10
418.7587075281
 20
188.3812679504
 30
0.0
 40
3.5
 41
0.0
 71
     1
 72
     1
  1
%%c
  7
SLDTEXTSTYLE0
 11
0.866025403784438
 21
0.500000000000001
 31
0.0
 73
     1
 44
1.0
  0
MTEXT
  5
1A1
330
19A
100
AcDbEntity
  8
0
  6
Continuous
 62
     7
370
    18
100
AcDbMText
 10
423.3032323191
 20
191.066794913
 30
0.0
 40
3.5
 41
0.0
 71
     1
 72
     1
  1
69.00
  7
SLDTEXTSTYLE0
 11
0.866025403784438
 21
0.500000000000001
 31
0.0
 73
     1
 44
1.0
  0
ENDBLK
  5
19C
330
19A
100
AcDbEntity
  8
0
100
AcDbBlockEnd
  0
BLOCK
  5
1A5
330
1A4
100
AcDbEntity
  8
0
100
AcDbBlockBegin
  2
_D_8
 70
     0
 10
0.0
 20
0.0
 30
0.0
  3
_D_8
  1

  0
INSERT
  5
1A7
330
1A4
100
AcDbEntity
  8
0
  6
Continuous
 62
     7
370
    18
100
AcDbBlockReference
  2
_Closed
 10
381.4177115602
 20
176.1835201439
 30
15.7478165345
 41
3.556
 42
3.556
 50
225.0
  0
LINE
  5
1A8
330
1A4
100
AcDbEntity
  8
0
  6
Continuous
 62
     7
370
     0
100
AcDbLine
 10
381.4177115602
 20
176.1835201439
 30
0.0
 11
416.8874600325
 21
211.6532686162
 31
0.0
  0
LINE
  5
1A9
330
1A4
100
AcDbEntity
  8
0
  6
Continuous
 62
     7
370
     0
100
AcDbLine
 10
381.4177115602
 20
176.1835201439
 30
0.0
 11
346.9462559774
 21
141.712064561
 31
0.0
  0
MTEXT
  5
1AA
330
1A4
100
AcDbEntity
  8
0
  6
Continuous
 62
     7
370
    18
100
AcDbMText
 10
403.4651644761
 20
204.6097315195
 30
0.0
 40
3.5
 41
0.0
 71
     1
 72
     1
  1
R48.75
  7
SLDTEXTSTYLE0
 11
0.7071067811865461
 21
0.7071067811865489
 31
0.0
 73
     1
 44
1.0
  0
ENDBLK
  5
1A6
330
1A4
100
AcDbEntity
  8
0
100
AcDbBlockEnd
  0
BLOCK
  5
1AD
330
1AC
100
AcDbEntity
  8
0
100
AcDbBlockBegin
  2
_D_9
 70
     0
 10
0.0
 20
0.0
 30
0.0
  3
_D_9
  1

  0
INSERT
  5
1AF
330
1AC
100
AcDbEntity
  8
0
  6
Continuous
 62
     7
370
    18
100
AcDbBlockReference
  2
_Closed
 10
390.6195890865
 20
142.2944074125
 30
15.7478165345
 41
3.556
 42
3.556
 50
195.0
  0
LINE
  5
1B0
330
1AC
100
AcDbEntity
  8
0
  6
Continuous
 62
     7
370
     0
100
AcDbLine
 10
390.6195890865
 20
142.2944074125
 30
0.0
 11
443.0162551747
 21
156.3340517769
 31
0.0
  0
LINE
  5
1B1
330
1AC
100
AcDbEntity
  8
0
  6
Continuous
 62
     7
370
     0
100
AcDbLine
 10
390.6195890865
 20
142.2944074125
 30
0.0
 11
386.2729228682
 21
141.1297217096
 31
0.0
  0
MTEXT
  5
1B2
330
1AC
100
AcDbEntity
  8
0
  6
Continuous
 62
     7
370
    18
100
AcDbMText
 10
428.0081482191
 20
156.9788680091
 30
0.0
 40
3.5
 41
0.0
 71
     1
 72
     1
  1
%%c
  7
SLDTEXTSTYLE0
 11
0.965925826289068
 21
0.2588190451025221
 31
0.0
 73
     1
 44
1.0
  0
MTEXT
  5
1B3
330
1AC
100
AcDbEntity
  8
0
  6
Continuous
 62
     7
370
    18
100
AcDbMText
 10
433.0928876069
 20
158.3966782926
 30
0.0
 40
3.5
 41
0.0
 71
     1
 72
     1
  1
4.50
  7
SLDTEXTSTYLE0
 11
0.965925826289068
 21
0.2588190451025221
 31
0.0
 73
     1
 44
1.0
  0
ENDBLK
  5
1AE
330
1AC
100
AcDbEntity
  8
0
100
AcDbBlockEnd
  0
BLOCK
  5
1B6
330
1B5
100
AcDbEntity
  8
0
100
AcDbBlockBegin
  2
_D_10
 70
     0
 10
0.0
 20
0.0
 30
0.0
  3
_D_10
  1

  0
INSERT
  5
1B8
330
1B5
100
AcDbEntity
  8
0
  6
Continuous
 62
     7
370
    18
100
AcDbBlockReference
  2
_Closed
 10
260.6962559774
 20
92.4309090696
 30
15.7478165345
 41
3.556
 42
3.556
 50
180.0
  0
INSERT
  5
1B9
330
1B5
100
AcDbEntity
  8
0
  6
Continuous
 62
     7
370
    18
100
AcDbBlockReference
  2
_Closed
 10
298.2622329308
 20
92.4309090696
 30
15.7478165345
 41
3.556
 42
3.556
 50
0.0
  0
LINE
  5
1BA
330
1B5
100
AcDbEntity
  8
0
  6
Continuous
 62
     7
370
     0
100
AcDbLine
 10
260.6962559774
 20
124.432064561
 30
0.0
 11
260.6962559774
 21
91.4309090696
 31
0.0
  0
LINE
  5
1BB
330
1B5
100
AcDbEntity
  8
0
  6
Continuous
 62
     7
370
     0
100
AcDbLine
 10
298.2622329308
 20
122.932064561
 30
0.0
 11
298.2622329308
 21
91.4309090696
 31
0.0
  0
LINE
  5
1BC
330
1B5
100
AcDbEntity
  8
0
  6
Continuous
 62
     7
370
     0
100
AcDbLine
 10
260.6962559774
 20
92.4309090696
 30
0.0
 11
298.2622329308
 21
92.4309090696
 31
0.0
  0
MTEXT
  5
1BD
330
1B5
100
AcDbEntity
  8
0
  6
Continuous
 62
     7
370
    18
100
AcDbMText
 10
272.5599860956
 20
96.9426459842
 30
0.0
 40
3.5
 41
0.0
 71
     1
 72
     1
  1
37.57
  7
SLDTEXTSTYLE0
 73
     1
 44
1.0
  0
ENDBLK
  5
1B7
330
1B5
100
AcDbEntity
  8
0
100
AcDbBlockEnd
  0
BLOCK
  5
1C0
330
1BF
100
AcDbEntity
  8
0
100
AcDbBlockBegin
  2
_D_11
 70
     0
 10
0.0
 20
0.0
 30
0.0
  3
_D_11
  1

  0
INSERT
  5
1C2
330
1BF
100
AcDbEntity
  8
0
  6
Continuous
 62
     7
370
    18
100
AcDbBlockReference
  2
_Closed
 10
238.6962559774
 20
123.932064561
 30
15.7478165345
 41
3.556
 42
3.556
 50
270.0
  0
INSERT
  5
1C3
330
1BF
100
AcDbEntity
  8
0
  6
Continuous
 62
     7
370
    18
100
AcDbBlockReference
  2
_Closed
 10
238.6962559774
 20
159.492064561
 30
15.7478165345
 41
3.556
 42
3.556
 50
90.0
  0
LINE
  5
1C4
330
1BF
100
AcDbEntity
  8
0
  6
Continuous
 62
     7
370
     0
100
AcDbLine
 10
261.1962559774
 20
123.932064561
 30
0.0
 11
237.6962559774
 21
123.932064561
 31
0.0
  0
LINE
  5
1C5
330
1BF
100
AcDbEntity
  8
0
  6
Continuous
 62
     7
370
     0
100
AcDbLine
 10
272.1962559774
 20
159.492064561
 30
0.0
 11
237.6962559774
 21
159.492064561
 31
0.0
  0
LINE
  5
1C6
330
1BF
100
AcDbEntity
  8
0
  6
Continuous
 62
     7
370
     0
100
AcDbLine
 10
238.6962559774
 20
123.932064561
 30
0.0
 11
238.6962559774
 21
159.492064561
 31
0.0
  0
MTEXT
  5
1C7
330
1BF
100
AcDbEntity
  8
0
  6
Continuous
 62
     7
370
    18
100
AcDbMText
 10
234.1845190628
 20
135.9062161939
 30
0.0
 40
3.5
 41
0.0
 71
     1
 72
     1
  1
35.56
  7
SLDTEXTSTYLE0
 11
-1.608122649676637E-16
 21
1.0
 31
0.0
 73
     1
 44
1.0
  0
ENDBLK
  5
1C1
330
1BF
100
AcDbEntity
  8
0
100
AcDbBlockEnd
  0
BLOCK
  5
1CA
330
1C9
100
AcDbEntity
  8
0
100
AcDbBlockBegin
  2
_D_12
 70
     0
 10
0.0
 20
0.0
 30
0.0
  3
_D_12
  1

  0
ARC
  5
1CC
330
1C9
100
AcDbEntity
  8
0
  6
Continuous
 62
     7
370
    18
100
AcDbCircle
 10
262.1962559774
 20
159.492064561
 30
0.0
 40
14.73105177083207
100
AcDbArc
 50
225.0
 51
0.0
  0
INSERT
  5
1CD
330
1C9
100
AcDbEntity
  8
0
  6
Continuous
 62
     7
370
    18
100
AcDbBlockReference
  2
_Closed
 10
251.7798293762
 20
149.0756379599
 30
15.7478165345
 41
3.556
 42
3.556
 50
141.7856377998
  0
INSERT
  5
1CE
330
1C9
100
AcDbEntity
  8
0
  6
Continuous
 62
     7
370
    18
100
AcDbBlockReference
  2
_Closed
 10
276.9273077482
 20
159.492064561
 30
15.7478165345
 41
3.556
 42
3.556
 50
83.2143622002
  0
LINE
  5
1CF
330
1C9
100
AcDbEntity
  8
0
  6
Continuous
 62
     7
370
     0
100
AcDbLine
 10
259.9891491962
 20
157.2849577799
 30
0.0
 11
251.072722595
 21
148.3685311787
 31
0.0
  0
LINE
  5
1D0
330
1C9
100
AcDbEntity
  8
0
  6
Continuous
 62
     7
370
     0
100
AcDbLine
 10
265.6962559774
 20
159.492064561
 30
0.0
 11
277.9273077482
 21
159.492064561
 31
0.0
  0
MTEXT
  5
1D1
330
1C9
100
AcDbEntity
  8
0
  6
Continuous
 62
     7
370
    18
100
AcDbMText
 10
252.6748816905
 20
153.4144018672
 30
0.0
 40
3.5
 41
0.0
 71
     1
 72
     1
  1
135°
  7
SLDTEXTSTYLE0
 11
0.845891618129067
 21
-0.5333548259639063
 31
0.0
 73
     1
 44
1.0
  0
ENDBLK
  5
1CB
330
1C9
100
AcDbEntity
  8
0
100
AcDbBlockEnd
  0
BLOCK
  5
1D3
330
1D2
100
AcDbEntity
  8
0
100
AcDbBlockBegin
  2
SW_CENTERMARKSYMBOL_2
 70
     0
 10
0.0
 20
0.0
 30
0.0
  3
SW_CENTERMARKSYMBOL_2
  1

  0
LINE
  5
1D5
330
1D2
100
AcDbEntity
  8
0
  6
Continuous
 62
     0
370
    18
100
AcDbLine
 10
0.0
 20
0.0
 30
0.0
 11
0.0
 21
2.5
 31
0.0
  0
LINE
  5
1D6
330
1D2
100
AcDbEntity
  8
0
  6
Continuous
 62
     0
370
    18
100
AcDbLine
 10
0.0
 20
0.0
 30
0.0
 11
-2.5
 21
0.0
 31
0.0
  0
LINE
  5
1D7
330
1D2
100
AcDbEntity
  8
0
  6
Continuous
 62
     0
370
    18
100
AcDbLine
 10
0.0
 20
0.0
 30
0.0
 11
0.0
 21
-2.5
 31
0.0
  0
LINE
  5
1D8
330
1D2
100
AcDbEntity
  8
0
  6
Continuous
 62
     0
370
    18
100
AcDbLine
 10
0.0
 20
0.0
 30
0.0
 11
2.5
 21
0.0
 31
0.0
  0
LINE
  5
1D9
330
1D2
100
AcDbEntity
  8
0
  6
Continuous
 62
     0
370
    18
100
AcDbLine
 10
0.0
 20
5.0
 30
0.0
 11
0.0
 21
37.0
 31
0.0
  0
LINE
  5
1DA
330
1D2
100
AcDbEntity
  8
0
  6
Continuous
 62
     0
370
    18
100
AcDbLine
 10
-5.0
 20
0.0
 30
0.0
 11
-37.0
 21
0.0
 31
0.0
  0
LINE
  5
1DB
330
1D2
100
AcDbEntity
  8
0
  6
Continuous
 62
     0
370
    18
100
AcDbLine
 10
0.0
 20
-5.0
 30
0.0
 11
0.0
 21
-37.0
 31
0.0
  0
LINE
  5
1DC
330
1D2
100
AcDbEntity
  8
0
  6
Continuous
 62
     0
370
    18
100
AcDbLine
 10
5.0
 20
0.0
 30
0.0
 11
37.0
 21
0.0
 31
0.0
  0
ENDBLK
  5
1D4
330
1D2
100
AcDbEntity
  8
0
100
AcDbBlockEnd
  0
BLOCK
  5
1DF
330
1DE
100
AcDbEntity
  8
0
100
AcDbBlockBegin
  2
SW_CENTERMARKSYMBOL_3
 70
     0
 10
0.0
 20
0.0
 30
0.0
  3
SW_CENTERMARKSYMBOL_3
  1

  0
LINE
  5
1E1
330
1DE
100
AcDbEntity
  8
0
  6
Continuous
 62
     0
370
    18
100
AcDbLine
 10
0.0
 20
0.0
 30
0.0
 11
0.0
 21
2.5
 31
0.0
  0
LINE
  5
1E2
330
1DE
100
AcDbEntity
  8
0
  6
Continuous
 62
     0
370
    18
100
AcDbLine
 10
0.0
 20
0.0
 30
0.0
 11
-2.5
 21
0.0
 31
0.0
  0
LINE
  5
1E3
330
1DE
100
AcDbEntity
  8
0
  6
Continuous
 62
     0
370
    18
100
AcDbLine
 10
0.0
 20
0.0
 30
0.0
 11
0.0
 21
-2.5
 31
0.0
  0
LINE
  5
1E4
330
1DE
100
AcDbEntity
  8
0
  6
Continuous
 62
     0
370
    18
100
AcDbLine
 10
0.0
 20
0.0
 30
0.0
 11
2.5
 21
0.0
 31
0.0
  0
LINE
  5
1E5
330
1DE
100
AcDbEntity
  8
0
  6
Continuous
 62
     0
370
    18
100
AcDbLine
 10
0.0
 20
2.5
 30
0.0
 11
0.0
 21
4.75
 31
0.0
  0
LINE
  5
1E6
330
1DE
100
AcDbEntity
  8
0
  6
Continuous
 62
     0
370
    18
100
AcDbLine
 10
-2.5
 20
0.0
 30
0.0
 11
-4.75
 21
0.0
 31
0.0
  0
LINE
  5
1E7
330
1DE
100
AcDbEntity
  8
0
  6
Continuous
 62
     0
370
    18
100
AcDbLine
 10
0.0
 20
-2.5
 30
0.0
 11
0.0
 21
-4.75
 31
0.0
  0
LINE
  5
1E8
330
1DE
100
AcDbEntity
  8
0
  6
Continuous
 62
     0
370
    18
100
AcDbLine
 10
2.5
 20
0.0
 30
0.0
 11
4.75
 21
0.0
 31
0.0
  0
ENDBLK
  5
1E0
330
1DE
100
AcDbEntity
  8
0
100
AcDbBlockEnd
  0
BLOCK
  5
1EB
330
1EA
100
AcDbEntity
  8
0
100
AcDbBlockBegin
  2
SW_CENTERMARKSYMBOL_4
 70
     0
 10
0.0
 20
0.0
 30
0.0
  3
SW_CENTERMARKSYMBOL_4
  1

  0
LINE
  5
1ED
330
1EA
100
AcDbEntity
  8
0
  6
Continuous
 62
     0
370
    18
100
AcDbLine
 10
0.0
 20
0.0
 30
0.0
 11
0.0
 21
2.5
 31
0.0
  0
LINE
  5
1EE
330
1EA
100
AcDbEntity
  8
0
  6
Continuous
 62
     0
370
    18
100
AcDbLine
 10
0.0
 20
0.0
 30
0.0
 11
-2.5
 21
0.0
 31
0.0
  0
LINE
  5
1EF
330
1EA
100
AcDbEntity
  8
0
  6
Continuous
 62
     0
370
    18
100
AcDbLine
 10
0.0
 20
0.0
 30
0.0
 11
0.0
 21
-2.5
 31
0.0
  0
LINE
  5
1F0
330
1EA
100
AcDbEntity
  8
0
  6
Continuous
 62
     0
370
    18
100
AcDbLine
 10
0.0
 20
0.0
 30
0.0
 11
2.5
 21
0.0
 31
0.0
  0
LINE
  5
1F1
330
1EA
100
AcDbEntity
  8
0
  6
Continuous
 62
     0
370
    18
100
AcDbLine
 10
0.0
 20
2.5
 30
0.0
 11
0.0
 21
4.75
 31
0.0
  0
LINE
  5
1F2
330
1EA
100
AcDbEntity
  8
0
  6
Continuous
 62
     0
370
    18
100
AcDbLine
 10
-2.5
 20
0.0
 30
0.0
 11
-4.75
 21
0.0
 31
0.0
  0
LINE
  5
1F3
330
1EA
100
AcDbEntity
  8
0
  6
Continuous
 62
     0
370
    18
100
AcDbLine
 10
0.0
 20
-2.5
 30
0.0
 11
0.0
 21
-4.75
 31
0.0
  0
LINE
  5
1F4
330
1EA
100
AcDbEntity
  8
0
  6
Continuous
 62
     0
370
    18
100
AcDbLine
 10
2.5
 20
0.0
 30
0.0
 11
4.75
 21
0.0
 31
0.0
  0
ENDBLK
  5
1EC
330
1EA
100
AcDbEntity
  8
0
100
AcDbBlockEnd
  0
BLOCK
  5
1F7
330
1F6
100
AcDbEntity
  8
0
100
AcDbBlockBegin
  2
SW_CENTERMARKSYMBOL_5
 70
     0
 10
0.0
 20
0.0
 30
0.0
  3
SW_CENTERMARKSYMBOL_5
  1

  0
LINE
  5
1F9
330
1F6
100
AcDbEntity
  8
0
  6
Continuous
 62
     0
370
    18
100
AcDbLine
 10
0.0
 20
0.0
 30
0.0
 11
0.0
 21
2.5
 31
0.0
  0
LINE
  5
1FA
330
1F6
100
AcDbEntity
  8
0
  6
Continuous
 62
     0
370
    18
100
AcDbLine
 10
0.0
 20
0.0
 30
0.0
 11
-2.5
 21
0.0
 31
0.0
  0
LINE
  5
1FB
330
1F6
100
AcDbEntity
  8
0
  6
Continuous
 62
     0
370
    18
100
AcDbLine
 10
0.0
 20
0.0
 30
0.0
 11
0.0
 21
-2.5
 31
0.0
  0
LINE
  5
1FC
330
1F6
100
AcDbEntity
  8
0
  6
Continuous
 62
     0
370
    18
100
AcDbLine
 10
0.0
 20
0.0
 30
0.0
 11
2.5
 21
0.0
 31
0.0
  0
LINE
  5
1FD
330
1F6
100
AcDbEntity
  8
0
  6
Continuous
 62
     0
370
    18
100
AcDbLine
 10
0.0
 20
2.5
 30
0.0
 11
0.0
 21
4.75
 31
0.0
  0
LINE
  5
1FE
330
1F6
100
AcDbEntity
  8
0
  6
Continuous
 62
     0
370
    18
100
AcDbLine
 10
-2.5
 20
0.0
 30
0.0
 11
-4.75
 21
0.0
 31
0.0
  0
LINE
  5
1FF
330
1F6
100
AcDbEntity
  8
0
  6
Continuous
 62
     0
370
    18
100
AcDbLine
 10
0.0
 20
-2.5
 30
0.0
 11
0.0
 21
-4.75
 31
0.0
  0
LINE
  5
200
330
1F6
100
AcDbEntity
  8
0
  6
Continuous
 62
     0
370
    18
100
AcDbLine
 10
2.5
 20
0.0
 30
0.0
 11
4.75
 21
0.0
 31
0.0
  0
ENDBLK
  5
1F8
330
1F6
100
AcDbEntity
  8
0
100
AcDbBlockEnd
  0
BLOCK
  5
203
330
202
100
AcDbEntity
  8
0
100
AcDbBlockBegin
  2
SW_CENTERMARKSYMBOL_6
 70
     0
 10
0.0
 20
0.0
 30
0.0
  3
SW_CENTERMARKSYMBOL_6
  1

  0
LINE
  5
205
330
202
100
AcDbEntity
  8
0
  6
Continuous
 62
     0
370
    18
100
AcDbLine
 10
0.0
 20
0.0
 30
0.0
 11
0.0
 21
2.5
 31
0.0
  0
LINE
  5
206
330
202
100
AcDbEntity
  8
0
  6
Continuous
 62
     0
370
    18
100
AcDbLine
 10
0.0
 20
0.0
 30
0.0
 11
-2.5
 21
0.0
 31
0.0
  0
LINE
  5
207
330
202
100
AcDbEntity
  8
0
  6
Continuous
 62
     0
370
    18
100
AcDbLine
 10
0.0
 20
0.0
 30
0.0
 11
0.0
 21
-2.5
 31
0.0
  0
LINE
  5
208
330
202
100
AcDbEntity
  8
0
  6
Continuous
 62
     0
370
    18
100
AcDbLine
 10
0.0
 20
0.0
 30
0.0
 11
2.5
 21
0.0
 31
0.0
  0
LINE
  5
209
330
202
100
AcDbEntity
  8
0
  6
Continuous
 62
     0
370
    18
100
AcDbLine
 10
0.0
 20
2.5
 30
0.0
 11
0.0
 21
4.75
 31
0.0
  0
LINE
  5
20A
330
202
100
AcDbEntity
  8
0
  6
Continuous
 62
     0
370
    18
100
AcDbLine
 10
-2.5
 20
0.0
 30
0.0
 11
-4.75
 21
0.0
 31
0.0
  0
LINE
  5
20B
330
202
100
AcDbEntity
  8
0
  6
Continuous
 62
     0
370
    18
100
AcDbLine
 10
0.0
 20
-2.5
 30
0.0
 11
0.0
 21
-4.75
 31
0.0
  0
LINE
  5
20C
330
202
100
AcDbEntity
  8
0
  6
Continuous
 62
     0
370
    18
100
AcDbLine
 10
2.5
 20
0.0
 30
0.0
 11
4.75
 21
0.0
 31
0.0
  0
ENDBLK
  5
204
330
202
100
AcDbEntity
  8
0
100
AcDbBlockEnd
  0
BLOCK
  5
20F
330
20E
100
AcDbEntity
  8
0
100
AcDbBlockBegin
  2
SW_CENTERMARKSYMBOL_7
 70
     0
 10
0.0
 20
0.0
 30
0.0
  3
SW_CENTERMARKSYMBOL_7
  1

  0
LINE
  5
211
330
20E
100
AcDbEntity
  8
0
  6
Continuous
 62
     0
370
    18
100
AcDbLine
 10
0.0
 20
0.0
 30
0.0
 11
0.0
 21
2.5
 31
0.0
  0
LINE
  5
212
330
20E
100
AcDbEntity
  8
0
  6
Continuous
 62
     0
370
    18
100
AcDbLine
 10
0.0
 20
0.0
 30
0.0
 11
-2.5
 21
0.0
 31
0.0
  0
LINE
  5
213
330
20E
100
AcDbEntity
  8
0
  6
Continuous
 62
     0
370
    18
100
AcDbLine
 10
0.0
 20
0.0
 30
0.0
 11
0.0
 21
-2.5
 31
0.0
  0
LINE
  5
214
330
20E
100
AcDbEntity
  8
0
  6
Continuous
 62
     0
370
    18
100
AcDbLine
 10
0.0
 20
0.0
 30
0.0
 11
2.5
 21
0.0
 31
0.0
  0
LINE
  5
215
330
20E
100
AcDbEntity
  8
0
  6
Continuous
 62
     0
370
    18
100
AcDbLine
 10
0.0
 20
2.5
 30
0.0
 11
0.0
 21
4.75
 31
0.0
  0
LINE
  5
216
330
20E
100
AcDbEntity
  8
0
  6
Continuous
 62
     0
370
    18
100
AcDbLine
 10
-2.5
 20
0.0
 30
0.0
 11
-4.75
 21
0.0
 31
0.0
  0
LINE
  5
217
330
20E
100
AcDbEntity
  8
0
  6
Continuous
 62
     0
370
    18
100
AcDbLine
 10
0.0
 20
-2.5
 30
0.0
 11
0.0
 21
-4.75
 31
0.0
  0
LINE
  5
218
330
20E
100
AcDbEntity
  8
0
  6
Continuous
 62
     0
370
    18
100
AcDbLine
 10
2.5
 20
0.0
 30
0.0
 11
4.75
 21
0.0
 31
0.0
  0
ENDBLK
  5
210
330
20E
100
AcDbEntity
  8
0
100
AcDbBlockEnd
  0
BLOCK
  5
21B
330
21A
100
AcDbEntity
  8
0
100
AcDbBlockBegin
  2
SW_CENTERMARKSYMBOL_8
 70
     0
 10
0.0
 20
0.0
 30
0.0
  3
SW_CENTERMARKSYMBOL_8
  1

  0
LINE
  5
21D
330
21A
100
AcDbEntity
  8
0
  6
Continuous
 62
     0
370
    18
100
AcDbLine
 10
0.0
 20
0.0
 30
0.0
 11
0.0
 21
2.5
 31
0.0
  0
LINE
  5
21E
330
21A
100
AcDbEntity
  8
0
  6
Continuous
 62
     0
370
    18
100
AcDbLine
 10
0.0
 20
0.0
 30
0.0
 11
-2.5
 21
0.0
 31
0.0
  0
LINE
  5
21F
330
21A
100
AcDbEntity
  8
0
  6
Continuous
 62
     0
370
    18
100
AcDbLine
 10
0.0
 20
0.0
 30
0.0
 11
0.0
 21
-2.5
 31
0.0
  0
LINE
  5
220
330
21A
100
AcDbEntity
  8
0
  6
Continuous
 62
     0
370
    18
100
AcDbLine
 10
0.0
 20
0.0
 30
0.0
 11
2.5
 21
0.0
 31
0.0
  0
LINE
  5
221
330
21A
100
AcDbEntity
  8
0
  6
Continuous
 62
     0
370
    18
100
AcDbLine
 10
0.0
 20
2.5
 30
0.0
 11
0.0
 21
4.75
 31
0.0
  0
LINE
  5
222
330
21A
100
AcDbEntity
  8
0
  6
Continuous
 62
     0
370
    18
100
AcDbLine
 10
-2.5
 20
0.0
 30
0.0
 11
-4.75
 21
0.0
 31
0.0
  0
LINE
  5
223
330
21A
100
AcDbEntity
  8
0
  6
Continuous
 62
     0
370
    18
100
AcDbLine
 10
0.0
 20
-2.5
 30
0.0
 11
0.0
 21
-4.75
 31
0.0
  0
LINE
  5
224
330
21A
100
AcDbEntity
  8
0
  6
Continuous
 62
     0
370
    18
100
AcDbLine
 10
2.5
 20
0.0
 30
0.0
 11
4.75
 21
0.0
 31
0.0
  0
ENDBLK
  5
21C
330
21A
100
AcDbEntity
  8
0
100
AcDbBlockEnd
  0
BLOCK
  5
227
330
226
100
AcDbEntity
  8
0
100
AcDbBlockBegin
  2
SW_CENTERMARKSYMBOL_9
 70
     0
 10
0.0
 20
0.0
 30
0.0
  3
SW_CENTERMARKSYMBOL_9
  1

  0
LINE
  5
229
330
226
100
AcDbEntity
  8
0
  6
Continuous
 62
     0
370
    18
100
AcDbLine
 10
0.0
 20
0.0
 30
0.0
 11
0.0
 21
2.5
 31
0.0
  0
LINE
  5
22A
330
226
100
AcDbEntity
  8
0
  6
Continuous
 62
     0
370
    18
100
AcDbLine
 10
0.0
 20
0.0
 30
0.0
 11
-2.5
 21
0.0
 31
0.0
  0
LINE
  5
22B
330
226
100
AcDbEntity
  8
0
  6
Continuous
 62
     0
370
    18
100
AcDbLine
 10
0.0
 20
0.0
 30
0.0
 11
0.0
 21
-2.5
 31
0.0
  0
LINE
  5
22C
330
226
100
AcDbEntity
  8
0
  6
Continuous
 62
     0
370
    18
100
AcDbLine
 10
0.0
 20
0.0
 30
0.0
 11
2.5
 21
0.0
 31
0.0
  0
LINE
  5
22D
330
226
100
AcDbEntity
  8
0
  6
Continuous
 62
     0
370
    18
100
AcDbLine
 10
0.0
 20
2.5
 30
0.0
 11
0.0
 21
4.75
 31
0.0
  0
LINE
  5
22E
330
226
100
AcDbEntity
  8
0
  6
Continuous
 62
     0
370
    18
100
AcDbLine
 10
-2.5
 20
0.0
 30
0.0
 11
-4.75
 21
0.0
 31
0.0
  0
LINE
  5
22F
330
226
100
AcDbEntity
  8
0
  6
Continuous
 62
     0
370
    18
100
AcDbLine
 10
0.0
 20
-2.5
 30
0.0
 11
0.0
 21
-4.75
 31
0.0
  0
LINE
  5
230
330
226
100
AcDbEntity
  8
0
  6
Continuous
 62
     0
370
    18
100
AcDbLine
 10
2.5
 20
0.0
 30
0.0
 11
4.75
 21
0.0
 31
0.0
  0
ENDBLK
  5
228
330
226
100
AcDbEntity
  8
0
100
AcDbBlockEnd
  0
BLOCK
  5
233
330
232
100
AcDbEntity
  8
0
100
AcDbBlockBegin
  2
SW_CENTERMARKSYMBOL_10
 70
     0
 10
0.0
 20
0.0
 30
0.0
  3
SW_CENTERMARKSYMBOL_10
  1

  0
LINE
  5
235
330
232
100
AcDbEntity
  8
0
  6
Continuous
 62
     0
370
    18
100
AcDbLine
 10
0.0
 20
0.0
 30
0.0
 11
0.0
 21
2.5
 31
0.0
  0
LINE
  5
236
330
232
100
AcDbEntity
  8
0
  6
Continuous
 62
     0
370
    18
100
AcDbLine
 10
0.0
 20
0.0
 30
0.0
 11
-2.5
 21
0.0
 31
0.0
  0
LINE
  5
237
330
232
100
AcDbEntity
  8
0
  6
Continuous
 62
     0
370
    18
100
AcDbLine
 10
0.0
 20
0.0
 30
0.0
 11
0.0
 21
-2.5
 31
0.0
  0
LINE
  5
238
330
232
100
AcDbEntity
  8
0
  6
Continuous
 62
     0
370
    18
100
AcDbLine
 10
0.0
 20
0.0
 30
0.0
 11
2.5
 21
0.0
 31
0.0
  0
LINE
  5
239
330
232
100
AcDbEntity
  8
0
  6
Continuous
 62
     0
370
    18
100
AcDbLine
 10
0.0
 20
2.5
 30
0.0
 11
0.0
 21
4.75
 31
0.0
  0
LINE
  5
23A
330
232
100
AcDbEntity
  8
0
  6
Continuous
 62
     0
370
    18
100
AcDbLine
 10
-2.5
 20
0.0
 30
0.0
 11
-4.75
 21
0.0
 31
0.0
  0
LINE
  5
23B
330
232
100
AcDbEntity
  8
0
  6
Continuous
 62
     0
370
    18
100
AcDbLine
 10
0.0
 20
-2.5
 30
0.0
 11
0.0
 21
-4.75
 31
0.0
  0
LINE
  5
23C
330
232
100
AcDbEntity
  8
0
  6
Continuous
 62
     0
370
    18
100
AcDbLine
 10
2.5
 20
0.0
 30
0.0
 11
4.75
 21
0.0
 31
0.0
  0
ENDBLK
  5
234
330
232
100
AcDbEntity
  8
0
100
AcDbBlockEnd
  0
BLOCK
  5
2A8
330
2A7
100
AcDbEntity
  8
0
100
AcDbBlockBegin
  2
_D_13
 70
     0
 10
0.0
 20
0.0
 30
0.0
  3
_D_13
  1

  0
INSERT
  5
2AA
330
2A7
100
AcDbEntity
  8
0
  6
Continuous
 62
     7
370
    18
100
AcDbBlockReference
  2
_Closed
 10
164.7603601862
 20
223.1026599699
 30
-18.75
 41
3.556
 42
3.556
 50
0.0
  0
INSERT
  5
2AB
330
2A7
100
AcDbEntity
  8
0
  6
Continuous
 62
     7
370
    18
100
AcDbBlockReference
  2
_Closed
 10
168.2353601862
 20
223.1026599699
 30
-18.75
 41
3.556
 42
3.556
 50
180.0
  0
LINE
  5
2AC
330
2A7
100
AcDbEntity
  8
0
  6
Continuous
 62
     7
370
     0
100
AcDbLine
 10
164.7603601862
 20
235.023293039
 30
0.0
 11
164.7603601862
 21
222.1026599699
 31
0.0
  0
LINE
  5
2AD
330
2A7
100
AcDbEntity
  8
0
  6
Continuous
 62
     7
370
     0
100
AcDbLine
 10
168.2353601862
 20
235.023293039
 30
0.0
 11
168.2353601862
 21
222.1026599699
 31
0.0
  0
LINE
  5
2AE
330
2A7
100
AcDbEntity
  8
0
  6
Continuous
 62
     7
370
     0
100
AcDbLine
 10
164.7603601862
 20
223.1026599699
 30
0.0
 11
158.4103601862
 21
223.1026599699
 31
0.0
  0
LINE
  5
2AF
330
2A7
100
AcDbEntity
  8
0
  6
Continuous
 62
     7
370
     0
100
AcDbLine
 10
164.7603601862
 20
223.1026599699
 30
0.0
 11
168.2353601862
 21
223.1026599699
 31
0.0
  0
LINE
  5
2B0
330
2A7
100
AcDbEntity
  8
0
  6
Continuous
 62
     7
370
     0
100
AcDbLine
 10
168.2353601862
 20
223.1026599699
 30
0.0
 11
180.1409980675
 21
223.1026599699
 31
0.0
  0
MTEXT
  5
2B1
330
2A7
100
AcDbEntity
  8
0
  6
Continuous
 62
     7
370
    18
100
AcDbMText
 10
171.0896090065
 20
227.6143968845
 30
0.0
 40
3.5
 41
0.0
 71
     1
 72
     1
  1
3.48
  7
SLDTEXTSTYLE0
 73
     1
 44
1.0
  0
ENDBLK
  5
2A9
330
2A7
100
AcDbEntity
  8
0
100
AcDbBlockEnd
  0
BLOCK
  5
2B4
330
2B3
100
AcDbEntity
  8
0
100
AcDbBlockBegin
  2
_D_14
 70
     0
 10
0.0
 20
0.0
 30
0.0
  3
_D_14
  1

  0
INSERT
  5
2B6
330
2B3
100
AcDbEntity
  8
0
  6
Continuous
 62
     7
370
    18
100
AcDbBlockReference
  2
_Closed
 10
142.5353601862
 20
223.1026599699
 30
-18.75
 41
3.556
 42
3.556
 50
0.0
  0
INSERT
  5
2B7
330
2B3
100
AcDbEntity
  8
0
  6
Continuous
 62
     7
370
    18
100
AcDbBlockReference
  2
_Closed
 10
146.0103601862
 20
223.1026599699
 30
-18.75
 41
3.556
 42
3.556
 50
180.0
  0
LINE
  5
2B8
330
2B3
100
AcDbEntity
  8
0
  6
Continuous
 62
     7
370
     0
100
AcDbLine
 10
142.5353601862
 20
235.023293039
 30
0.0
 11
142.5353601862
 21
222.1026599699
 31
0.0
  0
LINE
  5
2B9
330
2B3
100
AcDbEntity
  8
0
  6
Continuous
 62
     7
370
     0
100
AcDbLine
 10
146.0103601862
 20
235.023293039
 30
0.0
 11
146.0103601862
 21
222.1026599699
 31
0.0
  0
LINE
  5
2BA
330
2B3
100
AcDbEntity
  8
0
  6
Continuous
 62
     7
370
     0
100
AcDbLine
 10
142.5353601862
 20
223.1026599699
 30
0.0
 11
131.9377158322
 21
223.1026599699
 31
0.0
  0
LINE
  5
2BB
330
2B3
100
AcDbEntity
  8
0
  6
Continuous
 62
     7
370
     0
100
AcDbLine
 10
142.5353601862
 20
223.1026599699
 30
0.0
 11
146.0103601862
 21
223.1026599699
 31
0.0
  0
LINE
  5
2BC
330
2B3
100
AcDbEntity
  8
0
  6
Continuous
 62
     7
370
     0
100
AcDbLine
 10
146.0103601862
 20
223.1026599699
 30
0.0
 11
152.3603601862
 21
223.1026599699
 31
0.0
  0
MTEXT
  5
2BD
330
2B3
100
AcDbEntity
  8
0
  6
Continuous
 62
     7
370
    18
100
AcDbMText
 10
131.9377158322
 20
227.6143968845
 30
0.0
 40
3.5
 41
0.0
 71
     1
 72
     1
  1
3.48
  7
SLDTEXTSTYLE0
 73
     1
 44
1.0
  0
ENDBLK
  5
2B5
330
2B3
100
AcDbEntity
  8
0
100
AcDbBlockEnd
  0
BLOCK
  5
2C0
330
2BF
100
AcDbEntity
  8
0
100
AcDbBlockBegin
  2
_D_15
 70
     0
 10
0.0
 20
0.0
 30
0.0
  3
_D_15
  1

  0
INSERT
  5
2C2
330
2BF
100
AcDbEntity
  8
0
  6
Continuous
 62
     7
370
    18
100
AcDbBlockReference
  2
_Closed
 10
181.8374870488
 20
261.273293039
 30
-18.75
 41
3.556
 42
3.556
 50
90.0
  0
INSERT
  5
2C3
330
2BF
100
AcDbEntity
  8
0
  6
Continuous
 62
     7
370
    18
100
AcDbBlockReference
  2
_Closed
 10
181.8374870488
 20
264.5962882364
 30
-18.75
 41
3.556
 42
3.556
 50
270.0
  0
LINE
  5
2C4
330
2BF
100
AcDbEntity
  8
0
  6
Continuous
 62
     7
370
     0
100
AcDbLine
 10
163.7603601862
 20
261.273293039
 30
0.0
 11
182.8374870488
 21
261.273293039
 31
0.0
  0
LINE
  5
2C5
330
2BF
100
AcDbEntity
  8
0
  6
Continuous
 62
     7
370
     0
100
AcDbLine
 10
169.2353601862
 20
264.5962882364
 30
0.0
 11
182.8374870488
 21
264.5962882364
 31
0.0
  0
LINE
  5
2C6
330
2BF
100
AcDbEntity
  8
0
  6
Continuous
 62
     7
370
     0
100
AcDbLine
 10
181.8374870488
 20
261.273293039
 30
0.0
 11
181.8374870488
 21
254.923293039
 31
0.0
  0
LINE
  5
2C7
330
2BF
100
AcDbEntity
  8
0
  6
Continuous
 62
     7
370
     0
100
AcDbLine
 10
181.8374870488
 20
261.273293039
 30
0.0
 11
181.8374870488
 21
264.5962882364
 31
0.0
  0
LINE
  5
2C8
330
2BF
100
AcDbEntity
  8
0
  6
Continuous
 62
     7
370
     0
100
AcDbLine
 10
181.8374870488
 20
264.5962882364
 30
0.0
 11
181.8374870488
 21
275.7310920935
 31
0.0
  0
MTEXT
  5
2C9
330
2BF
100
AcDbEntity
  8
0
  6
Continuous
 62
     7
370
    18
100
AcDbMText
 10
177.3257501342
 20
266.6797030326
 30
0.0
 40
3.5
 41
0.0
 71
     1
 72
     1
  1
3.32
  7
SLDTEXTSTYLE0
 11
6.123233995736766E-17
 21
1.0
 31
0.0
 73
     1
 44
1.0
  0
ENDBLK
  5
2C1
330
2BF
100
AcDbEntity
  8
0
100
AcDbBlockEnd
  0
BLOCK
  5
2CD
330
2CC
100
AcDbEntity
  8
0
100
AcDbBlockBegin
  2
_D_16
 70
     0
 10
0.0
 20
0.0
 30
0.0
  3
_D_16
  1

  0
INSERT
  5
2CF
330
2CC
100
AcDbEntity
  8
0
  6
Continuous
 62
     7
370
    18
100
AcDbBlockReference
  2
_Closed
 10
146.5961466239
 20
260.6875066014
 30
-18.75
 41
3.556
 42
3.556
 50
315.0
  0
LINE
  5
2D0
330
2CC
100
AcDbEntity
  8
0
  6
Continuous
 62
     7
370
     0
100
AcDbLine
 10
146.5961466239
 20
260.6875066014
 30
0.0
 11
127.8317330983
 21
279.451920127
 31
0.0
  0
LINE
  5
2D1
330
2CC
100
AcDbEntity
  8
0
  6
Continuous
 62
     7
370
     0
100
AcDbLine
 10
146.5961466239
 20
260.6875066014
 30
0.0
 11
148.0103601862
 21
259.273293039
 31
0.0
  0
MTEXT
  5
2D2
330
2CC
100
AcDbEntity
  8
0
  6
Continuous
 62
     7
370
    18
100
AcDbMText
 10
131.0075426146
 20
282.6277296433
 30
0.0
 40
3.5
 41
0.0
 71
     1
 72
     1
  1
R2.00
  7
SLDTEXTSTYLE0
 11
0.7071067811865024
 21
-0.7071067811865928
 31
0.0
 73
     1
 44
1.0
  0
ENDBLK
  5
2CE
330
2CC
100
AcDbEntity
  8
0
100
AcDbBlockEnd
  0
BLOCK
  5
315
330
314
100
AcDbEntity
  8
0
100
AcDbBlockBegin
  2
_D_17
 70
     0
 10
0.0
 20
0.0
 30
0.0
  3
_D_17
  1

  0
INSERT
  5
317
330
314
100
AcDbEntity
  8
0
  6
Continuous
 62
     7
370
    18
100
AcDbBlockReference
  2
_Closed
 10
195.1653601862
 20
121.7098188479
 30
23.558133069
 41
3.556
 42
3.556
 50
270.0
  0
INSERT
  5
318
330
314
100
AcDbEntity
  8
0
  6
Continuous
 62
     7
370
    18
100
AcDbBlockReference
  2
_Closed
 10
195.1653601862
 20
159.2098188479
 30
23.558133069
 41
3.556
 42
3.556
 50
90.0
  0
LINE
  5
319
330
314
100
AcDbEntity
  8
0
  6
Continuous
 62
     7
370
     0
100
AcDbLine
 10
169.2353601862
 20
121.7098188479
 30
0.0
 11
196.1653601862
 21
121.7098188479
 31
0.0
  0
LINE
  5
31A
330
314
100
AcDbEntity
  8
0
  6
Continuous
 62
     7
370
     0
100
AcDbLine
 10
165.7603601862
 20
159.2098188479
 30
0.0
 11
196.1653601862
 21
159.2098188479
 31
0.0
  0
LINE
  5
31B
330
314
100
AcDbEntity
  8
0
  6
Continuous
 62
     7
370
     0
100
AcDbLine
 10
195.1653601862
 20
121.7098188479
 30
0.0
 11
195.1653601862
 21
159.2098188479
 31
0.0
  0
LINE
  5
31C
330
314
100
AcDbEntity
  8
0
  6
Continuous
 62
     7
370
     0
100
AcDbLine
 10
195.1653601862
 20
159.2098188479
 30
0.0
 11
195.1653601862
 21
173.5696544897
 31
0.0
  0
MTEXT
  5
31D
330
314
100
AcDbEntity
  8
0
  6
Continuous
 62
     7
370
    18
100
AcDbMText
 10
190.6536232717
 20
161.9321540024
 30
0.0
 40
3.5
 41
0.0
 71
     1
 72
     1
  1
37.50
  7
SLDTEXTSTYLE0
 11
3.391901413832837E-15
 21
1.0
 31
0.0
 73
     1
 44
1.0
  0
ENDBLK
  5
316
330
314
100
AcDbEntity
  8
0
100
AcDbBlockEnd
  0
BLOCK
  5
31F
330
31E
100
AcDbEntity
  8
0
100
AcDbBlockBegin
  2
SW_NOTE_0_2
 70
     0
 10
0.0
 20
0.0
 30
0.0
  3
SW_NOTE_0_2
  1

  0
MTEXT
  5
321
330
31E
100
AcDbEntity
  8
0
  6
Continuous
 62
     0
370
     0
100
AcDbMText
 10
17.36328125
 20
8.1855801476
 30
0.0
 40
6.35
 41
0.0
 71
     2
 72
     1
  1
SECTION
  7
SLDTEXTSTYLE0
 73
     1
 44
1.0
  0
MTEXT
  5
322
330
31E
100
AcDbEntity
  8
0
  6
Continuous
 62
     0
370
     0
100
AcDbMText
 10
41.0585426092
 20
5.3469457771
 30
0.0
 40
3.5
 41
0.0
 71
     2
 72
     1
  1
A-A
  7
SLDTEXTSTYLE0
 73
     1
 44
1.0
  0
ENDBLK
  5
320
330
31E
100
AcDbEntity
  8
0
100
AcDbBlockEnd
  0
ENDSEC
  0
SECTION
  2
ENTITIES
  0
LINE
  5
64
330
1F
100
AcDbEntity
  8
0
  6
Continuous
 62
     7
370
    50
100
AcDbLine
 10
404.0
 20
14.25
 30
0.0
 11
584.0
 21
14.25
 31
0.0
  0
LINE
  5
65
330
1F
100
AcDbEntity
  8
0
  6
Continuous
 62
     7
370
    50
100
AcDbLine
 10
584.0
 20
48.25
 30
0.0
 11
404.0
 21
48.25
 31
0.0
  0
LINE
  5
66
330
1F
100
AcDbEntity
  8
0
  6
Continuous
 62
     7
370
    50
100
AcDbLine
 10
404.0
 20
65.25
 30
0.0
 11
584.0
 21
65.25
 31
0.0
  0
LINE
  5
67
330
1F
100
AcDbEntity
  8
0
  6
Continuous
 62
     7
370
    50
100
AcDbLine
 10
430.9909524338
 20
48.25
 30
0.0
 11
430.9909524338
 21
10.0
 31
0.0
  0
LINE
  5
68
330
1F
100
AcDbEntity
  8
0
  6
Continuous
 62
     7
370
    50
100
AcDbLine
 10
502.8
 20
31.25
 30
0.0
 11
404.0
 21
31.25
 31
0.0
  0
LINE
  5
69
330
1F
100
AcDbEntity
  8
0
  6
Continuous
 62
     7
370
    50
100
AcDbLine
 10
502.8
 20
35.5
 30
0.0
 11
404.0
 21
35.5
 31
0.0
  0
LINE
  5
6A
330
1F
100
AcDbEntity
  8
0
  6
Continuous
 62
     7
370
    50
100
AcDbLine
 10
502.8
 20
39.75
 30
0.0
 11
404.0
 21
39.75
 31
0.0
  0
LINE
  5
6B
330
1F
100
AcDbEntity
  8
0
  6
Continuous
 62
     7
370
    50
100
AcDbLine
 10
502.8
 20
44.0
 30
0.0
 11
404.0
 21
44.0
 31
0.0
  0
LINE
  5
6C
330
1F
100
AcDbEntity
  8
0
  6
Continuous
 62
     7
370
    50
100
AcDbLine
 10
458.6
 20
10.0
 30
0.0
 11
458.6
 21
48.25
 31
0.0
  0
LINE
  5
6D
330
1F
100
AcDbEntity
  8
0
  6
Continuous
 62
     7
370
    50
100
AcDbLine
 10
404.0
 20
65.25
 30
0.0
 11
404.0
 21
10.0
 31
0.0
  0
LINE
  5
6E
330
1F
100
AcDbEntity
  8
0
  6
Continuous
 62
     7
370
    50
100
AcDbLine
 10
411.8
 20
48.25
 30
0.0
 11
411.8
 21
10.0
 31
0.0
  0
LINE
  5
6F
330
1F
100
AcDbEntity
  8
0
  6
Continuous
 62
     7
370
    50
100
AcDbLine
 10
437.8
 20
48.25
 30
0.0
 11
437.8
 21
65.25
 31
0.0
  0
LINE
  5
70
330
1F
100
AcDbEntity
  8
0
  6
Continuous
 62
     7
370
    50
100
AcDbLine
 10
448.3989261635
 20
48.25
 30
0.0
 11
448.3989261635
 21
10.0
 31
0.0
  0
LINE
  5
71
330
1F
100
AcDbEntity
  8
0
  6
Continuous
 62
     7
370
    50
100
AcDbLine
 10
469.0
 20
31.25
 30
0.0
 11
469.0
 21
48.25
 31
0.0
  0
LINE
  5
72
330
1F
100
AcDbEntity
  8
0
  6
Continuous
 62
     7
370
    50
100
AcDbLine
 10
458.6
 20
18.5
 30
0.0
 11
404.0
 21
18.5
 31
0.0
  0
LINE
  5
73
330
1F
100
AcDbEntity
  8
0
  6
Continuous
 62
     7
370
    50
100
AcDbLine
 10
484.6
 20
65.25
 30
0.0
 11
484.6
 21
27.0
 31
0.0
  0
LINE
  5
74
330
1F
100
AcDbEntity
  8
0
  6
Continuous
 62
     7
370
    50
100
AcDbLine
 10
458.6
 20
22.749928
 30
0.0
 11
404.0
 21
22.749928
 31
0.0
  0
LINE
  5
75
330
1F
100
AcDbEntity
  8
0
  6
Continuous
 62
     7
370
    50
100
AcDbLine
 10
458.6
 20
27.0
 30
0.0
 11
404.0
 21
27.0
 31
0.0
  0
LINE
  5
76
330
1F
100
AcDbEntity
  8
0
  6
Continuous
 62
     7
370
    50
100
AcDbLine
 10
458.6
 20
27.0
 30
0.0
 11
584.0
 21
27.0
 31
0.0
  0
LINE
  5
77
330
1F
100
AcDbEntity
  8
0
  6
Continuous
 62
     7
370
    50
100
AcDbLine
 10
502.8
 20
65.25
 30
0.0
 11
502.8
 21
10.0
 31
0.0
  0
LINE
  5
78
330
1F
100
AcDbEntity
  8
0
  6
Continuous
 62
     7
370
    50
100
AcDbLine
 10
547.0
 20
10.0
 30
0.0
 11
547.0
 21
14.25
 31
0.0
  0
LINE
  5
79
330
1F
100
AcDbEntity
  8
0
  6
Continuous
 62
     7
370
    50
100
AcDbLine
 10
554.8
 20
58.875
 30
0.0
 11
554.8
 21
65.25
 31
0.0
  0
LINE
  5
7A
330
1F
100
AcDbEntity
  8
0
  6
Continuous
 62
     7
370
    50
100
AcDbLine
 10
571.0
 20
14.25
 30
0.0
 11
571.0
 21
27.0
 31
0.0
  0
LINE
  5
7B
330
1F
100
AcDbEntity
  8
0
  6
Continuous
 62
     7
370
    50
100
AcDbLine
 10
584.0
 20
58.875
 30
0.0
 11
502.8
 21
58.875
 31
0.0
  0
LINE
  5
7C
330
1F
100
AcDbEntity
  8
0
  6
Continuous
 62
     7
370
    50
100
AcDbLine
 10
584.0
 20
18.5
 30
0.0
 11
571.0
 21
18.5
 31
0.0
  0
LINE
  5
7D
330
1F
100
AcDbEntity
  8
0
  6
Continuous
 62
     7
370
    70
100
AcDbLine
 10
20.0
 20
10.0
 30
0.0
 11
20.0
 21
410.0
 31
0.0
  0
LINE
  5
7E
330
1F
100
AcDbEntity
  8
0
  6
Continuous
 62
     7
370
    70
100
AcDbLine
 10
20.0
 20
410.0
 30
0.0
 11
584.0
 21
410.0
 31
0.0
  0
LINE
  5
7F
330
1F
100
AcDbEntity
  8
0
  6
Continuous
 62
     7
370
    70
100
AcDbLine
 10
584.0
 20
410.0
 30
0.0
 11
584.0
 21
10.0
 31
0.0
  0
LINE
  5
80
330
1F
100
AcDbEntity
  8
0
  6
Continuous
 62
     7
370
    70
100
AcDbLine
 10
584.0
 20
10.0
 30
0.0
 11
20.0
 21
10.0
 31
0.0
  0
LINE
  5
81
330
1F
100
AcDbEntity
  8
0
  6
Continuous
 62
     7
370
    70
100
AcDbLine
 10
15.0
 20
5.0
 30
0.0
 11
15.0
 21
415.0
 31
0.0
  0
LINE
  5
82
330
1F
100
AcDbEntity
  8
0
  6
Continuous
 62
     7
370
    70
100
AcDbLine
 10
15.0
 20
415.0
 30
0.0
 11
589.0
 21
415.0
 31
0.0
  0
LINE
  5
83
330
1F
100
AcDbEntity
  8
0
  6
Continuous
 62
     7
370
    70
100
AcDbLine
 10
589.0
 20
415.0
 30
0.0
 11
589.0
 21
5.0
 31
0.0
  0
LINE
  5
84
330
1F
100
AcDbEntity
  8
0
  6
Continuous
 62
     7
370
    70
100
AcDbLine
 10
589.0
 20
5.0
 30
0.0
 11
15.0
 21
5.0
 31
0.0
  0
LINE
  5
85
330
1F
100
AcDbEntity
  8
0
  6
Continuous
 62
     7
370
    35
100
AcDbLine
 10
15.0
 20
210.0
 30
0.0
 11
25.0
 21
210.0
 31
0.0
  0
LINE
  5
86
330
1F
100
AcDbEntity
  8
0
  6
Continuous
 62
     7
370
    35
100
AcDbLine
 10
302.0
 20
415.0
 30
0.0
 11
302.0
 21
405.0
 31
0.0
  0
LINE
  5
87
330
1F
100
AcDbEntity
  8
0
  6
Continuous
 62
     7
370
    35
100
AcDbLine
 10
589.0
 20
210.0
 30
0.0
 11
579.0
 21
210.0
 31
0.0
  0
LINE
  5
88
330
1F
100
AcDbEntity
  8
0
  6
Continuous
 62
     7
370
    35
100
AcDbLine
 10
302.0
 20
5.0
 30
0.0
 11
302.0
 21
15.0
 31
0.0
  0
LINE
  5
89
330
1F
100
AcDbEntity
  8
0
  6
Continuous
 62
     7
370
    35
100
AcDbLine
 10
20.0
 20
60.0
 30
0.0
 11
15.0
 21
60.0
 31
0.0
  0
LINE
  5
8A
330
1F
100
AcDbEntity
  8
0
  6
Continuous
 62
     7
370
    35
100
AcDbLine
 10
584.0
 20
60.0
 30
0.0
 11
589.0
 21
60.0
 31
0.0
  0
LINE
  5
8B
330
1F
100
AcDbEntity
  8
0
  6
Continuous
 62
     7
370
    35
100
AcDbLine
 10
20.0
 20
110.0
 30
0.0
 11
15.0
 21
110.0
 31
0.0
  0
LINE
  5
8C
330
1F
100
AcDbEntity
  8
0
  6
Continuous
 62
     7
370
    35
100
AcDbLine
 10
584.0
 20
110.0
 30
0.0
 11
589.0
 21
110.0
 31
0.0
  0
LINE
  5
8D
330
1F
100
AcDbEntity
  8
0
  6
Continuous
 62
     7
370
    35
100
AcDbLine
 10
20.0
 20
160.0
 30
0.0
 11
15.0
 21
160.0
 31
0.0
  0
LINE
  5
8E
330
1F
100
AcDbEntity
  8
0
  6
Continuous
 62
     7
370
    35
100
AcDbLine
 10
584.0
 20
160.0
 30
0.0
 11
589.0
 21
160.0
 31
0.0
  0
LINE
  5
8F
330
1F
100
AcDbEntity
  8
0
  6
Continuous
 62
     7
370
    35
100
AcDbLine
 10
20.0
 20
210.0
 30
0.0
 11
15.0
 21
210.0
 31
0.0
  0
LINE
  5
90
330
1F
100
AcDbEntity
  8
0
  6
Continuous
 62
     7
370
    35
100
AcDbLine
 10
584.0
 20
210.0
 30
0.0
 11
589.0
 21
210.0
 31
0.0
  0
LINE
  5
91
330
1F
100
AcDbEntity
  8
0
  6
Continuous
 62
     7
370
    35
100
AcDbLine
 10
20.0
 20
260.0
 30
0.0
 11
15.0
 21
260.0
 31
0.0
  0
LINE
  5
92
330
1F
100
AcDbEntity
  8
0
  6
Continuous
 62
     7
370
    35
100
AcDbLine
 10
584.0
 20
260.0
 30
0.0
 11
589.0
 21
260.0
 31
0.0
  0
LINE
  5
93
330
1F
100
AcDbEntity
  8
0
  6
Continuous
 62
     7
370
    35
100
AcDbLine
 10
20.0
 20
310.0
 30
0.0
 11
15.0
 21
310.0
 31
0.0
  0
LINE
  5
94
330
1F
100
AcDbEntity
  8
0
  6
Continuous
 62
     7
370
    35
100
AcDbLine
 10
584.0
 20
310.0
 30
0.0
 11
589.0
 21
310.0
 31
0.0
  0
LINE
  5
95
330
1F
100
AcDbEntity
  8
0
  6
Continuous
 62
     7
370
    35
100
AcDbLine
 10
20.0
 20
360.0
 30
0.0
 11
15.0
 21
360.0
 31
0.0
  0
LINE
  5
96
330
1F
100
AcDbEntity
  8
0
  6
Continuous
 62
     7
370
    35
100
AcDbLine
 10
584.0
 20
360.0
 30
0.0
 11
589.0
 21
360.0
 31
0.0
  0
LINE
  5
97
330
1F
100
AcDbEntity
  8
0
  6
Continuous
 62
     7
370
    35
100
AcDbLine
 10
52.0
 20
410.0
 30
0.0
 11
52.0
 21
415.0
 31
0.0
  0
LINE
  5
98
330
1F
100
AcDbEntity
  8
0
  6
Continuous
 62
     7
370
    35
100
AcDbLine
 10
52.0
 20
10.0
 30
0.0
 11
52.0
 21
5.0
 31
0.0
  0
LINE
  5
99
330
1F
100
AcDbEntity
  8
0
  6
Continuous
 62
     7
370
    35
100
AcDbLine
 10
102.0
 20
410.0
 30
0.0
 11
102.0
 21
415.0
 31
0.0
  0
LINE
  5
9A
330
1F
100
AcDbEntity
  8
0
  6
Continuous
 62
     7
370
    35
100
AcDbLine
 10
102.0
 20
10.0
 30
0.0
 11
102.0
 21
5.0
 31
0.0
  0
LINE
  5
9B
330
1F
100
AcDbEntity
  8
0
  6
Continuous
 62
     7
370
    35
100
AcDbLine
 10
152.0
 20
410.0
 30
0.0
 11
152.0
 21
415.0
 31
0.0
  0
LINE
  5
9C
330
1F
100
AcDbEntity
  8
0
  6
Continuous
 62
     7
370
    35
100
AcDbLine
 10
152.0
 20
10.0
 30
0.0
 11
152.0
 21
5.0
 31
0.0
  0
LINE
  5
9D
330
1F
100
AcDbEntity
  8
0
  6
Continuous
 62
     7
370
    35
100
AcDbLine
 10
202.0
 20
410.0
 30
0.0
 11
202.0
 21
415.0
 31
0.0
  0
LINE
  5
9E
330
1F
100
AcDbEntity
  8
0
  6
Continuous
 62
     7
370
    35
100
AcDbLine
 10
202.0
 20
10.0
 30
0.0
 11
202.0
 21
5.0
 31
0.0
  0
LINE
  5
9F
330
1F
100
AcDbEntity
  8
0
  6
Continuous
 62
     7
370
    35
100
AcDbLine
 10
252.0
 20
410.0
 30
0.0
 11
252.0
 21
415.0
 31
0.0
  0
LINE
  5
A0
330
1F
100
AcDbEntity
  8
0
  6
Continuous
 62
     7
370
    35
100
AcDbLine
 10
252.0
 20
10.0
 30
0.0
 11
252.0
 21
5.0
 31
0.0
  0
LINE
  5
A1
330
1F
100
AcDbEntity
  8
0
  6
Continuous
 62
     7
370
    35
100
AcDbLine
 10
302.0
 20
410.0
 30
0.0
 11
302.0
 21
415.0
 31
0.0
  0
LINE
  5
A2
330
1F
100
AcDbEntity
  8
0
  6
Continuous
 62
     7
370
    35
100
AcDbLine
 10
302.0
 20
10.0
 30
0.0
 11
302.0
 21
5.0
 31
0.0
  0
LINE
  5
A3
330
1F
100
AcDbEntity
  8
0
  6
Continuous
 62
     7
370
    35
100
AcDbLine
 10
352.0
 20
410.0
 30
0.0
 11
352.0
 21
415.0
 31
0.0
  0
LINE
  5
A4
330
1F
100
AcDbEntity
  8
0
  6
Continuous
 62
     7
370
    35
100
AcDbLine
 10
352.0
 20
10.0
 30
0.0
 11
352.0
 21
5.0
 31
0.0
  0
LINE
  5
A5
330
1F
100
AcDbEntity
  8
0
  6
Continuous
 62
     7
370
    35
100
AcDbLine
 10
402.0
 20
410.0
 30
0.0
 11
402.0
 21
415.0
 31
0.0
  0
LINE
  5
A6
330
1F
100
AcDbEntity
  8
0
  6
Continuous
 62
     7
370
    35
100
AcDbLine
 10
402.0
 20
10.0
 30
0.0
 11
402.0
 21
5.0
 31
0.0
  0
LINE
  5
A7
330
1F
100
AcDbEntity
  8
0
  6
Continuous
 62
     7
370
    35
100
AcDbLine
 10
452.0
 20
410.0
 30
0.0
 11
452.0
 21
415.0
 31
0.0
  0
LINE
  5
A8
330
1F
100
AcDbEntity
  8
0
  6
Continuous
 62
     7
370
    35
100
AcDbLine
 10
452.0
 20
10.0
 30
0.0
 11
452.0
 21
5.0
 31
0.0
  0
LINE
  5
A9
330
1F
100
AcDbEntity
  8
0
  6
Continuous
 62
     7
370
    35
100
AcDbLine
 10
502.0
 20
410.0
 30
0.0
 11
502.0
 21
415.0
 31
0.0
  0
LINE
  5
AA
330
1F
100
AcDbEntity
  8
0
  6
Continuous
 62
     7
370
    35
100
AcDbLine
 10
502.0
 20
10.0
 30
0.0
 11
502.0
 21
5.0
 31
0.0
  0
LINE
  5
AB
330
1F
100
AcDbEntity
  8
0
  6
Continuous
 62
     7
370
    35
100
AcDbLine
 10
552.0
 20
410.0
 30
0.0
 11
552.0
 21
415.0
 31
0.0
  0
LINE
  5
AC
330
1F
100
AcDbEntity
  8
0
  6
Continuous
 62
     7
370
    35
100
AcDbLine
 10
552.0
 20
10.0
 30
0.0
 11
552.0
 21
5.0
 31
0.0
  0
MTEXT
  5
AE
330
1F
100
AcDbEntity
  8
0
  6
Continuous
 62
     7
370
     0
100
AcDbMText
 10
466.3448189443
 20
23.3980481771
 30
0.0
 40
6.8791666667
 41
0.0
 71
     1
 72
     1
  1
6061-T6
  7
SLDTEXTSTYLE0
 73
     1
 44
1.0
  0
MTEXT
  5
AF
330
1F
100
AcDbEntity
  8
0
  6
Continuous
 62
     7
370
     0
100
AcDbMText
 10
17.3396881428
 20
37.002805166
 30
0.0
 40
3.96875
 41
0.0
 71
     2
 72
     1
  1
A
  7
SLDTEXTSTYLE0
 73
     1
 44
1.0
  0
MTEXT
  5
B0
330
1F
100
AcDbEntity
  8
0
  6
Continuous
 62
     7
370
     0
100
AcDbMText
 10
586.3396881428
 20
37.002805166
 30
0.0
 40
3.96875
 41
0.0
 71
     2
 72
     1
  1
A
  7
SLDTEXTSTYLE0
 73
     1
 44
1.0
  0
MTEXT
  5
B1
330
1F
100
AcDbEntity
  8
0
  6
Continuous
 62
     7
370
     0
100
AcDbMText
 10
17.4706018241
 20
87.002805166
 30
0.0
 40
3.96875
 41
0.0
 71
     2
 72
     1
  1
B
  7
SLDTEXTSTYLE0
 73
     1
 44
1.0
  0
MTEXT
  5
B2
330
1F
100
AcDbEntity
  8
0
  6
Continuous
 62
     7
370
     0
100
AcDbMText
 10
586.4706018241
 20
87.002805166
 30
0.0
 40
3.96875
 41
0.0
 71
     2
 72
     1
  1
B
  7
SLDTEXTSTYLE0
 73
     1
 44
1.0
  0
MTEXT
  5
B3
330
1F
100
AcDbEntity
  8
0
  6
Continuous
 62
     7
370
     0
100
AcDbMText
 10
17.458658902
 20
137.002805166
 30
0.0
 40
3.96875
 41
0.0
 71
     2
 72
     1
  1
C
  7
SLDTEXTSTYLE0
 73
     1
 44
1.0
  0
MTEXT
  5
B4
330
1F
100
AcDbEntity
  8
0
  6
Continuous
 62
     7
370
     0
100
AcDbMText
 10
586.458658902
 20
137.002805166
 30
0.0
 40
3.96875
 41
0.0
 71
     2
 72
     1
  1
C
  7
SLDTEXTSTYLE0
 73
     1
 44
1.0
  0
MTEXT
  5
B5
330
1F
100
AcDbEntity
  8
0
  6
Continuous
 62
     7
370
     0
100
AcDbMText
 10
17.4526872821
 20
187.002805166
 30
0.0
 40
3.96875
 41
0.0
 71
     2
 72
     1
  1
D
  7
SLDTEXTSTYLE0
 73
     1
 44
1.0
  0
MTEXT
  5
B6
330
1F
100
AcDbEntity
  8
0
  6
Continuous
 62
     7
370
     0
100
AcDbMText
 10
586.4526872821
 20
187.002805166
 30
0.0
 40
3.96875
 41
0.0
 71
     2
 72
     1
  1
D
  7
SLDTEXTSTYLE0
 73
     1
 44
1.0
  0
MTEXT
  5
B7
330
1F
100
AcDbEntity
  8
0
  6
Continuous
 62
     7
370
     0
100
AcDbMText
 10
17.5078089051
 20
237.002805166
 30
0.0
 40
3.96875
 41
0.0
 71
     2
 72
     1
  1
E
  7
SLDTEXTSTYLE0
 73
     1
 44
1.0
  0
MTEXT
  5
B8
330
1F
100
AcDbEntity
  8
0
  6
Continuous
 62
     7
370
     0
100
AcDbMText
 10
586.5078089051
 20
237.002805166
 30
0.0
 40
3.96875
 41
0.0
 71
     2
 72
     1
  1
E
  7
SLDTEXTSTYLE0
 73
     1
 44
1.0
  0
MTEXT
  5
B9
330
1F
100
AcDbEntity
  8
0
  6
Continuous
 62
     7
370
     0
100
AcDbMText
 10
17.4577402091
 20
287.002805166
 30
0.0
 40
3.96875
 41
0.0
 71
     2
 72
     1
  1
F
  7
SLDTEXTSTYLE0
 73
     1
 44
1.0
  0
MTEXT
  5
BA
330
1F
100
AcDbEntity
  8
0
  6
Continuous
 62
     7
370
     0
100
AcDbMText
 10
586.4577402091
 20
287.002805166
 30
0.0
 40
3.96875
 41
0.0
 71
     2
 72
     1
  1
F
  7
SLDTEXTSTYLE0
 73
     1
 44
1.0
  0
MTEXT
  5
BB
330
1F
100
AcDbEntity
  8
0
  6
Continuous
 62
     7
370
     0
100
AcDbMText
 10
17.4866788853
 20
337.002805166
 30
0.0
 40
3.96875
 41
0.0
 71
     2
 72
     1
  1
G
  7
SLDTEXTSTYLE0
 73
     1
 44
1.0
  0
MTEXT
  5
BC
330
1F
100
AcDbEntity
  8
0
  6
Continuous
 62
     7
370
     0
100
AcDbMText
 10
586.4866788853
 20
337.002805166
 30
0.0
 40
3.96875
 41
0.0
 71
     2
 72
     1
  1
G
  7
SLDTEXTSTYLE0
 73
     1
 44
1.0
  0
MTEXT
  5
BD
330
1F
100
AcDbEntity
  8
0
  6
Continuous
 62
     7
370
     0
100
AcDbMText
 10
17.4903537836
 20
387.002805166
 30
0.0
 40
3.96875
 41
0.0
 71
     2
 72
     1
  1
H
  7
SLDTEXTSTYLE0
 73
     1
 44
1.0
  0
MTEXT
  5
BE
330
1F
100
AcDbEntity
  8
0
  6
Continuous
 62
     7
370
     0
100
AcDbMText
 10
586.4903537836
 20
387.002805166
 30
0.0
 40
3.96875
 41
0.0
 71
     2
 72
     1
  1
H
  7
SLDTEXTSTYLE0
 73
     1
 44
1.0
  0
MTEXT
  5
BF
330
1F
100
AcDbEntity
  8
0
  6
Continuous
 62
     7
370
     0
100
AcDbMText
 10
35.9200738929
 20
9.502805166
 30
0.0
 40
3.96875
 41
0.0
 71
     2
 72
     1
  1
12
  7
SLDTEXTSTYLE0
 73
     1
 44
1.0
  0
MTEXT
  5
C0
330
1F
100
AcDbEntity
  8
0
  6
Continuous
 62
     7
370
     0
100
AcDbMText
 10
35.9200738929
 20
414.4416804716
 30
0.0
 40
3.96875
 41
0.0
 71
     2
 72
     1
  1
12
  7
SLDTEXTSTYLE0
 73
     1
 44
1.0
  0
MTEXT
  5
C1
330
1F
100
AcDbEntity
  8
0
  6
Continuous
 62
     7
370
     0
100
AcDbMText
 10
76.9200738929
 20
9.502805166
 30
0.0
 40
3.96875
 41
0.0
 71
     2
 72
     1
  1
11
  7
SLDTEXTSTYLE0
 73
     1
 44
1.0
  0
MTEXT
  5
C2
330
1F
100
AcDbEntity
  8
0
  6
Continuous
 62
     7
370
     0
100
AcDbMText
 10
76.9200738929
 20
414.4416804716
 30
0.0
 40
3.96875
 41
0.0
 71
     2
 72
     1
  1
11
  7
SLDTEXTSTYLE0
 73
     1
 44
1.0
  0
MTEXT
  5
C3
330
1F
100
AcDbEntity
  8
0
  6
Continuous
 62
     7
370
     0
100
AcDbMText
 10
126.9200738929
 20
9.502805166
 30
0.0
 40
3.96875
 41
0.0
 71
     2
 72
     1
  1
10
  7
SLDTEXTSTYLE0
 73
     1
 44
1.0
  0
MTEXT
  5
C4
330
1F
100
AcDbEntity
  8
0
  6
Continuous
 62
     7
370
     0
100
AcDbMText
 10
126.9200738929
 20
414.4416804716
 30
0.0
 40
3.96875
 41
0.0
 71
     2
 72
     1
  1
10
  7
SLDTEXTSTYLE0
 73
     1
 44
1.0
  0
MTEXT
  5
C5
330
1F
100
AcDbEntity
  8
0
  6
Continuous
 62
     7
370
     0
100
AcDbMText
 10
176.9600369465
 20
9.502805166
 30
0.0
 40
3.96875
 41
0.0
 71
     2
 72
     1
  1
9
  7
SLDTEXTSTYLE0
 73
     1
 44
1.0
  0
MTEXT
  5
C6
330
1F
100
AcDbEntity
  8
0
  6
Continuous
 62
     7
370
     0
100
AcDbMText
 10
176.9600369465
 20
414.4416804716
 30
0.0
 40
3.96875
 41
0.0
 71
     2
 72
     1
  1
9
  7
SLDTEXTSTYLE0
 73
     1
 44
1.0
  0
MTEXT
  5
C7
330
1F
100
AcDbEntity
  8
0
  6
Continuous
 62
     7
370
     0
100
AcDbMText
 10
226.9600369465
 20
9.502805166
 30
0.0
 40
3.96875
 41
0.0
 71
     2
 72
     1
  1
8
  7
SLDTEXTSTYLE0
 73
     1
 44
1.0
  0
MTEXT
  5
C8
330
1F
100
AcDbEntity
  8
0
  6
Continuous
 62
     7
370
     0
100
AcDbMText
 10
226.9600369465
 20
414.4416804716
 30
0.0
 40
3.96875
 41
0.0
 71
     2
 72
     1
  1
8
  7
SLDTEXTSTYLE0
 73
     1
 44
1.0
  0
MTEXT
  5
C9
330
1F
100
AcDbEntity
  8
0
  6
Continuous
 62
     7
370
     0
100
AcDbMText
 10
276.9600369465
 20
9.502805166
 30
0.0
 40
3.96875
 41
0.0
 71
     2
 72
     1
  1
7
  7
SLDTEXTSTYLE0
 73
     1
 44
1.0
  0
MTEXT
  5
CA
330
1F
100
AcDbEntity
  8
0
  6
Continuous
 62
     7
370
     0
100
AcDbMText
 10
276.9600369465
 20
414.4416804716
 30
0.0
 40
3.96875
 41
0.0
 71
     2
 72
     1
  1
7
  7
SLDTEXTSTYLE0
 73
     1
 44
1.0
  0
MTEXT
  5
CB
330
1F
100
AcDbEntity
  8
0
  6
Continuous
 62
     7
370
     0
100
AcDbMText
 10
326.9600369465
 20
9.502805166
 30
0.0
 40
3.96875
 41
0.0
 71
     2
 72
     1
  1
6
  7
SLDTEXTSTYLE0
 73
     1
 44
1.0
  0
MTEXT
  5
CC
330
1F
100
AcDbEntity
  8
0
  6
Continuous
 62
     7
370
     0
100
AcDbMText
 10
326.9600369465
 20
414.4416804716
 30
0.0
 40
3.96875
 41
0.0
 71
     2
 72
     1
  1
6
  7
SLDTEXTSTYLE0
 73
     1
 44
1.0
  0
MTEXT
  5
CD
330
1F
100
AcDbEntity
  8
0
  6
Continuous
 62
     7
370
     0
100
AcDbMText
 10
376.9600369465
 20
9.502805166
 30
0.0
 40
3.96875
 41
0.0
 71
     2
 72
     1
  1
5
  7
SLDTEXTSTYLE0
 73
     1
 44
1.0
  0
MTEXT
  5
CE
330
1F
100
AcDbEntity
  8
0
  6
Continuous
 62
     7
370
     0
100
AcDbMText
 10
376.9600369465
 20
414.4416804716
 30
0.0
 40
3.96875
 41
0.0
 71
     2
 72
     1
  1
5
  7
SLDTEXTSTYLE0
 73
     1
 44
1.0
  0
MTEXT
  5
CF
330
1F
100
AcDbEntity
  8
0
  6
Continuous
 62
     7
370
     0
100
AcDbMText
 10
426.9600369465
 20
9.502805166
 30
0.0
 40
3.96875
 41
0.0
 71
     2
 72
     1
  1
4
  7
SLDTEXTSTYLE0
 73
     1
 44
1.0
  0
MTEXT
  5
D0
330
1F
100
AcDbEntity
  8
0
  6
Continuous
 62
     7
370
     0
100
AcDbMText
 10
426.9600369465
 20
414.4416804716
 30
0.0
 40
3.96875
 41
0.0
 71
     2
 72
     1
  1
4
  7
SLDTEXTSTYLE0
 73
     1
 44
1.0
  0
MTEXT
  5
D1
330
1F
100
AcDbEntity
  8
0
  6
Continuous
 62
     7
370
     0
100
AcDbMText
 10
476.9600369465
 20
9.502805166
 30
0.0
 40
3.96875
 41
0.0
 71
     2
 72
     1
  1
3
  7
SLDTEXTSTYLE0
 73
     1
 44
1.0
  0
MTEXT
  5
D2
330
1F
100
AcDbEntity
  8
0
  6
Continuous
 62
     7
370
     0
100
AcDbMText
 10
476.9600369465
 20
414.4416804716
 30
0.0
 40
3.96875
 41
0.0
 71
     2
 72
     1
  1
3
  7
SLDTEXTSTYLE0
 73
     1
 44
1.0
  0
MTEXT
  5
D3
330
1F
100
AcDbEntity
  8
0
  6
Continuous
 62
     7
370
     0
100
AcDbMText
 10
526.9600369465
 20
9.502805166
 30
0.0
 40
3.96875
 41
0.0
 71
     2
 72
     1
  1
2
  7
SLDTEXTSTYLE0
 73
     1
 44
1.0
  0
MTEXT
  5
D4
330
1F
100
AcDbEntity
  8
0
  6
Continuous
 62
     7
370
     0
100
AcDbMText
 10
526.9600369465
 20
414.4416804716
 30
0.0
 40
3.96875
 41
0.0
 71
     2
 72
     1
  1
2
  7
SLDTEXTSTYLE0
 73
     1
 44
1.0
  0
MTEXT
  5
D5
330
1F
100
AcDbEntity
  8
0
  6
Continuous
 62
     7
370
     0
100
AcDbMText
 10
567.9600369465
 20
9.502805166
 30
0.0
 40
3.96875
 41
0.0
 71
     2
 72
     1
  1
1
  7
SLDTEXTSTYLE0
 73
     1
 44
1.0
  0
MTEXT
  5
D6
330
1F
100
AcDbEntity
  8
0
  6
Continuous
 62
     7
370
     0
100
AcDbMText
 10
567.9600369465
 20
414.4416804716
 30
0.0
 40
3.96875
 41
0.0
 71
     2
 72
     1
  1
1
  7
SLDTEXTSTYLE0
 73
     1
 44
1.0
  0
MTEXT
  5
D8
330
1F
100
AcDbEntity
  8
0
  6
Continuous
 62
     7
370
     0
100
AcDbMText
 10
404.6433628979
 20
42.3847813173
 30
0.0
 40
1.5
 41
0.0
 71
     1
 72
     1
  1
DRAWN
  7
SLDTEXTSTYLE1
 73
     1
 44
1.0
  0
MTEXT
  5
D9
330
1F
100
AcDbEntity
  8
0
  6
Continuous
 62
     7
370
     0
100
AcDbMText
 10
404.9392221937
 20
38.1618530186
 30
0.0
 40
1.5
 41
0.0
 71
     1
 72
     1
  1
CHK'D
  7
SLDTEXTSTYLE0
 73
     1
 44
1.0
  0
MTEXT
  5
DA
330
1F
100
AcDbEntity
  8
0
  6
Continuous
 62
     7
370
     0
100
AcDbMText
 10
404.4017224083
 20
34.0658666243
 30
0.0
 40
1.5
 41
0.0
 71
     1
 72
     1
  1
APPV'D
  7
SLDTEXTSTYLE0
 73
     1
 44
1.0
  0
MTEXT
  5
DB
330
1F
100
AcDbEntity
  8
0
  6
Continuous
 62
     7
370
     0
100
AcDbMText
 10
405.1240107386
 20
29.7157844608
 30
0.0
 40
1.5
 41
0.0
 71
     1
 72
     1
  1
MFG
  7
SLDTEXTSTYLE0
 73
     1
 44
1.0
  0
MTEXT
  5
DC
330
1F
100
AcDbEntity
  8
0
  6
Continuous
 62
     7
370
     0
100
AcDbMText
 10
405.509036604
 20
25.504662132
 30
0.0
 40
1.5
 41
0.0
 71
     1
 72
     1
  1
Q.A
  7
SLDTEXTSTYLE0
 73
     1
 44
1.0
  0
INSERT
  5
E6
330
1F
100
AcDbEntity
  8
0
  6
Continuous
 62
     7
370
     0
100
AcDbBlockReference
  2
SW_NOTE_0
 10
404.5936687456
 20
61.9873698743
 30
0.0
  0
MTEXT
  5
E7
330
1F
100
AcDbEntity
  8
0
  6
Continuous
 62
     7
370
     0
100
AcDbMText
 10
438.3712921668
 20
63.9192719951
 30
0.0
 40
1.5
 41
0.0
 71
     1
 72
     1
  1
FINISH:
  7
SLDTEXTSTYLE0
 73
     1
 44
1.0
  0
INSERT
  5
EE
330
1F
100
AcDbEntity
  8
0
  6
Continuous
 62
     7
370
     0
100
AcDbBlockReference
  2
SW_NOTE_0_1
 10
485.3092156863
 20
62.069489643
 30
0.0
  0
MTEXT
  5
EF
330
1F
100
AcDbEntity
  8
0
  6
Continuous
 62
     7
370
     0
100
AcDbMText
 10
418.3222392177
 20
46.5014826335
 30
0.0
 40
1.5
 41
0.0
 71
     1
 72
     1
  1
NAME
  7
SLDTEXTSTYLE0
 73
     1
 44
1.0
  0
MTEXT
  5
F0
330
1F
100
AcDbEntity
  8
0
  6
Continuous
 62
     7
370
     0
100
AcDbMText
 10
434.0335875632
 20
46.5617563795
 30
0.0
 40
1.5
 41
0.0
 71
     1
 72
     1
  1
SIGNATURE
  7
SLDTEXTSTYLE0
 73
     1
 44
1.0
  0
MTEXT
  5
F1
330
1F
100
AcDbEntity
  8
0
  6
Continuous
 62
     7
370
     0
100
AcDbMText
 10
451.2147019657
 20
46.5761792212
 30
0.0
 40
1.5
 41
0.0
 71
     1
 72
     1
  1
DATE
  7
SLDTEXTSTYLE0
 73
     1
 44
1.0
  0
MTEXT
  5
F2
330
1F
100
AcDbEntity
  8
0
  6
Continuous
 62
     7
370
     0
100
AcDbMText
 10
459.6458623088
 20
25.9860562892
 30
0.0
 40
1.5
 41
0.0
 71
     1
 72
     1
  1
MATERIAL:
  7
SLDTEXTSTYLE0
 73
     1
 44
1.0
  0
MTEXT
  5
F3
330
1F
100
AcDbEntity
  8
0
  6
Continuous
 62
     7
370
     0
100
AcDbMText
 10
516.6146405229
 20
62.5329935751
 30
0.0
 40
1.5
 41
0.0
 71
     1
 72
     1
  1
DO NOT SCALE DRAWING
  7
SLDTEXTSTYLE0
 73
     1
 44
1.0
  0
MTEXT
  5
F4
330
1F
100
AcDbEntity
  8
0
  6
Continuous
 62
     7
370
     0
100
AcDbMText
 10
557.3275816993
 20
62.3349086805
 30
0.0
 40
1.5
 41
0.0
 71
     1
 72
     1
  1
REVISION
  7
SLDTEXTSTYLE0
 73
     1
 44
1.0
  0
MTEXT
  5
F5
330
1F
100
AcDbEntity
  8
0
  6
Continuous
 62
     7
370
     0
100
AcDbMText
 10
504.090160639
 20
46.5761792212
 30
0.0
 40
1.5
 41
0.0
 71
     1
 72
     1
  1
TITLE:
  7
SLDTEXTSTYLE0
 73
     1
 44
1.0
  0
MTEXT
  5
F6
330
1F
100
AcDbEntity
  8
0
  6
Continuous
 62
     7
370
     0
100
AcDbMText
 10
503.9530022162
 20
25.9860562892
 30
0.0
 40
1.5
 41
0.0
 71
     1
 72
     1
  1
DWG NO.
  7
SLDTEXTSTYLE0
 73
     1
 44
1.0
  0
MTEXT
  5
F7
330
1F
100
AcDbEntity
  8
0
  6
Continuous
 62
     7
370
     0
100
AcDbMText
 10
504.0739661175
 20
12.9000872745
 30
0.0
 40
1.5
 41
0.0
 71
     1
 72
     1
  1
SCALE:1:1
  7
SLDTEXTSTYLE0
 73
     1
 44
1.0
  0
MTEXT
  5
F9
330
1F
100
AcDbEntity
  8
0
  6
Continuous
 62
     7
370
     0
100
AcDbMText
 10
548.4782944278
 20
12.9000872745
 30
0.0
 40
1.5
 41
0.0
 71
     1
 72
     1
  1
SHEET 1 OF 1
  7
SLDTEXTSTYLE2
 73
     1
 44
1.0
  0
MTEXT
  5
FA
330
1F
100
AcDbEntity
  8
0
  6
Continuous
 62
     7
370
     0
100
AcDbMText
 10
574.8711564346
 20
24.406388569
 30
0.0
 40
2.9104166667
 41
0.0
 71
     1
 72
     1
  1
A2
  7
SLDTEXTSTYLE0
 73
     1
 44
1.0
  0
MTEXT
  5
FB
330
1F
100
AcDbEntity
  8
0
  6
Continuous
 62
     7
370
     0
100
AcDbMText
 10
459.6178111281
 20
12.9493119036
 30
0.0
 40
1.4986
 41
0.0
 71
     1
 72
     1
  1
WEIGHT:
  7
SLDTEXTSTYLE0
 73
     1
 44
1.0
  0
MTEXT
  5
FC
330
1F
100
AcDbEntity
  8
0
  6
Continuous
 62
     7
370
     0
100
AcDbMText
 10
538.9535396471
 20
23.6069109673
 30
0.0
 40
6.35
 41
0.0
 71
     2
 72
     1
  1
Flange_Ring
  7
SLDTEXTSTYLE0
 73
     1
 44
1.0
  0
LINE
  5
FD
330
1F
100
AcDbEntity
  8
0
  6
Continuous
 62
     7
370
    25
100
AcDbLine
 10
395.6962559774
 20
233.1026599699
 30
0.0
 11
395.6962559774
 21
245.8026599699
 31
0.0
  0
LINE
  5
FE
330
1F
100
AcDbEntity
  8
0
  6
Continuous
 62
     7
370
    25
100
AcDbLine
 10
302.7909792607
 20
245.8026599699
 30
0.0
 11
302.7909792607
 21
233.1026599699
 31
0.0
  0
LINE
  5
FF
330
1F
100
AcDbEntity
  8
0
  6
Continuous
 62
     7
370
    25
100
AcDbLine
 10
302.7909792607
 20
233.1026599699
 30
0.0
 11
395.6962559774
 21
233.1026599699
 31
0.0
  0
LINE
  5
100
330
1F
100
AcDbEntity
  8
0
  6
Continuous
 62
     7
370
    25
100
AcDbLine
 10
302.7909792607
 20
245.8026599699
 30
0.0
 11
395.6962559774
 21
245.8026599699
 31
0.0
  0
LINE
  5
101
330
1F
100
AcDbEntity
  8
0
  6
Continuous
 62
     7
370
    25
100
AcDbLine
 10
298.2622329308
 20
233.1026599699
 30
0.0
 11
298.2622329308
 21
247.8026599699
 31
0.0
  0
SPLINE
  5
102
330
1F
100
AcDbEntity
  8
0
  6
Continuous
 62
     7
370
    25
100
AcDbSpline
210
0.0
220
0.0
230
1.0
 70
     8
 71
     3
 72
    18
 73
    14
 74
     0
 42
0.00000001
 43
0.00000001
 40
0.0
 40
0.0
 40
0.0
 40
0.0
 40
0.1249999999999999
 40
0.1249999999999999
 40
0.2499999999999998
 40
0.2499999999999998
 40
0.5000000000000009
 40
0.5000000000000009
 40
0.7500000000000019
 40
0.7500000000000019
 40
0.875000000000001
 40
0.875000000000001
 40
1.0
 40
1.0
 40
1.0
 40
1.0
 10
302.2622329307756
 20
245.802659969939
 30
0.0
 10
302.1326622859381
 20
245.802659969939
 30
0.0
 10
301.9946859574881
 20
245.8245942663187
 30
0.0
 10
301.7025277414132
 20
245.8995967751457
 30
0.0
 10
301.5469284480233
 20
245.9535078500031
 30
0.0
 10
301.0707407626667
 20
246.146351069574
 30
0.0
 10
300.7368073784593
 20
246.3162014440403
 30
0.0
 10
300.0443137618147
 20
246.6997588481141
 30
0.0
 10
299.695164159232
 20
246.908663149092
 30
0.0
 10
299.1632760793183
 20
247.2358326166129
 30
0.0
 10
298.9846314921398
 20
247.3472987768535
 30
0.0
 10
298.6239836381195
 20
247.57386671406
 30
0.0
 10
298.4420428535322
 20
247.6889383112679
 30
0.0
 10
298.2622329307756
 20
247.802659969939
 30
0.0
  0
LINE
  5
103
330
1F
100
AcDbEntity
  8
0
  6
Continuous
 62
     7
370
    25
100
AcDbLine
 10
302.7909792607
 20
233.1026599699
 30
0.0
 11
298.2622329308
 21
233.1026599699
 31
0.0
  0
LINE
  5
104
330
1F
100
AcDbEntity
  8
0
  6
Continuous
 62
     7
370
    25
100
AcDbLine
 10
302.2622329308
 20
245.8026599699
 30
0.0
 11
302.7909792607
 21
245.8026599699
 31
0.0
  0
LINE
  5
105
330
1F
100
AcDbEntity
  8
0
  6
Continuous
 62
     7
370
    25
100
AcDbLine
 10
298.2622329308
 20
247.8026599699
 30
0.0
 11
301.5542511747
 21
247.8026599699
 31
0.0
  0
ARC
  5
106
330
1F
100
AcDbEntity
  8
0
  6
Continuous
 62
     7
370
    25
100
AcDbCircle
 10
303.5542511747
 20
247.8026599699
 30
0.0
 40
2.0
100
AcDbArc
 50
180.0
 51
270.0
  0
LINE
  5
107
330
1F
100
AcDbEntity
  8
0
  6
Continuous
 62
     7
370
    25
100
AcDbLine
 10
262.1962559774
 20
234.8363254399
 30
0.0
 11
264.6962559774
 21
233.1026599699
 31
0.0
  0
LINE
  5
108
330
1F
100
AcDbEntity
  8
0
  6
Continuous
 62
     7
370
    25
100
AcDbLine
 10
262.1962559774
 20
263.098293039
 30
0.0
 11
262.1962559774
 21
234.8363254399
 31
0.0
  0
LINE
  5
109
330
1F
100
AcDbEntity
  8
0
  6
Continuous
 62
     7
370
    25
100
AcDbLine
 10
299.6942511747
 20
263.098293039
 30
0.0
 11
262.1962559774
 21
263.098293039
 31
0.0
  0
LINE
  5
10A
330
1F
100
AcDbEntity
  8
0
  6
Continuous
 62
     7
370
    25
100
AcDbLine
 10
301.5542511747
 20
261.238293039
 30
0.0
 11
299.6942511747
 21
263.098293039
 31
0.0
  0
LINE
  5
10B
330
1F
100
AcDbEntity
  8
0
  6
Continuous
 62
     7
370
    25
100
AcDbLine
 10
301.5542511747
 20
247.8026599699
 30
0.0
 11
301.5542511747
 21
261.238293039
 31
0.0
  0
CIRCLE
  5
10C
330
1F
100
AcDbEntity
  8
0
  6
Continuous
 62
     7
370
    25
100
AcDbCircle
 10
270.6962559774
 20
248.723293039
 30
0.0
 40
2.5
  0
CIRCLE
  5
10D
330
1F
100
AcDbEntity
  8
0
  6
Continuous
 62
     7
370
    25
100
AcDbCircle
 10
287.6962559774
 20
248.723293039
 30
0.0
 40
2.5
  0
LINE
  5
10E
330
1F
100
AcDbEntity
  8
0
  6
Continuous
 62
     7
370
    25
100
AcDbLine
 10
298.2622329308
 20
233.1026599699
 30
0.0
 11
264.6962559774
 21
233.1026599699
 31
0.0
  0
LINE
  5
10F
330
1F
100
AcDbEntity
  8
0
  6
Continuous
 62
     7
370
    25
100
AcDbLine
 10
260.6962559774
 20
235.8765247218
 30
0.0
 11
260.6962559774
 21
264.598293039
 31
0.0
  0
LINE
  5
110
330
1F
100
AcDbEntity
  8
0
  6
Continuous
 62
     7
370
    25
100
AcDbLine
 10
260.6962559774
 20
264.598293039
 30
0.0
 11
262.1962559774
 21
263.098293039
 31
0.0
  0
LINE
  5
111
330
1F
100
AcDbEntity
  8
0
  6
Continuous
 62
     7
370
    25
100
AcDbLine
 10
262.1962559774
 20
234.8363254399
 30
0.0
 11
260.6962559774
 21
235.8765247218
 31
0.0
  0
LINE
  5
112
330
1F
100
AcDbEntity
  8
0
  6
Continuous
 62
     7
370
    25
100
AcDbLine
 10
260.6962559774
 20
264.598293039
 30
0.0
 11
298.1942511747
 21
264.598293039
 31
0.0
  0
LINE
  5
113
330
1F
100
AcDbEntity
  8
0
  6
Continuous
 62
     7
370
    25
100
AcDbLine
 10
299.6942511747
 20
263.098293039
 30
0.0
 11
298.1942511747
 21
264.598293039
 31
0.0
  0
DIMENSION
  5
114
330
1F
100
AcDbEntity
  8
0
  6
Continuous
 62
     7
370
    18
100
AcDbDimension
  2
_D
 10
235.2802825705
 20
233.1026599699
 30
0.0
 11
235.2802825705
 21
237.4376207985
 31
0.0
 70
   160
  1
<>
 71
     2
 42
-1.0
  3
SLDDIMSTYLE0
100
AcDbAlignedDimension
 13
260.6962559774
 23
264.598293039
 33
0.0
 14
264.6962559774
 24
233.1026599699
 34
0.0
 50
90.0
100
AcDbRotatedDimension
  0
DIMENSION
  5
126
330
1F
100
AcDbEntity
  8
0
  6
Continuous
 62
     7
370
    18
100
AcDbDimension
  2
_D_1
 10
260.6962559774
 20
220.6600154529
 30
0.0
 11
280.6419562828
 21
220.6600154529
 31
0.0
 70
   160
  1
<>
 71
     2
 42
-1.0
  3
SLDDIMSTYLE1
100
AcDbAlignedDimension
 13
301.5542511747
 23
247.7703589913
 33
0.0
 14
260.6962559774
 24
235.8765247218
 34
0.0
100
AcDbRotatedDimension
  0
DIMENSION
  5
131
330
1F
100
AcDbEntity
  8
0
  6
Continuous
 62
     7
370
    18
100
AcDbDimension
  2
_D_2
 10
298.1942511747
 20
264.598293039
 30
0.0
 11
297.9166758609
 21
254.8366189348
 31
0.0
 70
   162
  1
<>
 71
     1
 42
-1.0
  3
SLDDIMSTYLE2
100
AcDb2LineAngularDimension
 13
301.5542511747
 23
261.238293039
 33
0.0
 14
298.1942511747
 24
264.598293039
 34
0.0
 15
260.6962559774
 25
264.598293039
 35
0.0
 16
294.4571102844
 26
255.5760368169
 36
0.0
  0
DIMENSION
  5
13D
330
1F
100
AcDbEntity
  8
0
  6
Continuous
 62
     7
370
    18
100
AcDbDimension
  2
_D_3
 10
287.6962559774
 20
280.598293039
 30
0.0
 11
308.1329419473
 21
280.598293039
 31
0.0
 70
   160
  1
<>
 71
     2
 42
-1.0
  3
SLDDIMSTYLE1
100
AcDbAlignedDimension
 13
301.5542511747
 23
261.238293039
 33
0.0
 14
287.6962559774
 24
253.723293039
 34
0.0
100
AcDbRotatedDimension
  0
DIMENSION
  5
148
330
1F
100
AcDbEntity
  8
0
  6
Continuous
 62
     7
370
    18
100
AcDbDimension
  2
_D_4
 10
270.6962559774
 20
280.598293039
 30
0.0
 11
277.3839419805
 21
280.598293039
 31
0.0
 70
   160
  1
<>
 71
     2
 42
-1.0
  3
SLDDIMSTYLE1
100
AcDbAlignedDimension
 13
301.5542511747
 23
261.238293039
 33
0.0
 14
270.6962559774
 24
253.723293039
 34
0.0
100
AcDbRotatedDimension
  0
DIMENSION
  5
152
330
1F
100
AcDbEntity
  8
0
  6
Continuous
 62
     7
370
    18
100
AcDbDimension
  2
_D_5
 10
254.6523124865
 20
248.723293039
 30
0.0
 11
254.6523124865
 21
237.4376207985
 31
0.0
 70
   160
  1
<>
 71
     2
 42
-1.0
  3
SLDDIMSTYLE3
100
AcDbAlignedDimension
 13
264.6962559774
 23
233.1026599699
 33
0.0
 14
282.6962559774
 24
248.723293039
 34
0.0
 50
90.0
100
AcDbRotatedDimension
  0
INSERT
  5
16A
330
1F
100
AcDbEntity
  8
0
  6
Continuous
 62
     7
370
     0
100
AcDbBlockReference
  2
SW_CENTERMARKSYMBOL_0
 10
270.6962559774
 20
248.723293039
 30
0.0
  0
INSERT
  5
176
330
1F
100
AcDbEntity
  8
0
  6
Continuous
 62
     7
370
     0
100
AcDbBlockReference
  2
SW_CENTERMARKSYMBOL_1
 10
287.6962559774
 20
248.723293039
 30
0.0
  0
CIRCLE
  5
177
330
1F
100
AcDbEntity
  8
0
  6
Continuous
 62
     7
370
    25
100
AcDbCircle
 10
305.4462559774
 20
141.712064561
 30
0.0
 40
2.25
  0
CIRCLE
  5
178
330
1F
100
AcDbEntity
  8
0
  6
Continuous
 62
     7
370
    25
100
AcDbCircle
 10
317.6013245581
 20
112.3671331418
 30
0.0
 40
2.249999999999986
  0
CIRCLE
  5
179
330
1F
100
AcDbEntity
  8
0
  6
Continuous
 62
     7
370
    25
100
AcDbCircle
 10
346.9462559774
 20
100.212064561
 30
0.0
 40
2.25
  0
CIRCLE
  5
17A
330
1F
100
AcDbEntity
  8
0
  6
Continuous
 62
     7
370
    25
100
AcDbCircle
 10
376.2911873966
 20
112.3671331418
 30
0.0
 40
2.25
  0
CIRCLE
  5
17B
330
1F
100
AcDbEntity
  8
0
  6
Continuous
 62
     7
370
    25
100
AcDbCircle
 10
376.2911873966
 20
171.0569959803
 30
0.0
 40
2.25
  0
CIRCLE
  5
17C
330
1F
100
AcDbEntity
  8
0
  6
Continuous
 62
     7
370
    25
100
AcDbCircle
 10
346.9462559774
 20
183.212064561
 30
0.0
 40
2.25
  0
CIRCLE
  5
17D
330
1F
100
AcDbEntity
  8
0
  6
Continuous
 62
     7
370
    25
100
AcDbCircle
 10
388.4462559774
 20
141.712064561
 30
0.0
 40
2.25
  0
CIRCLE
  5
17E
330
1F
100
AcDbEntity
  8
0
  6
Continuous
 62
     7
370
    25
100
AcDbCircle
 10
317.6013245581
 20
171.0569959803
 30
0.0
 40
2.249999999999972
  0
CIRCLE
  5
17F
330
1F
100
AcDbEntity
  8
0
  6
Continuous
 62
     7
370
    25
100
AcDbCircle
 10
346.9462559774
 20
141.712064561
 30
0.0
 40
34.5
  0
ARC
  5
180
330
1F
100
AcDbEntity
  8
0
  6
Continuous
 62
     7
370
    25
100
AcDbCircle
 10
298.2622329308
 20
118.932064561
 30
0.0
 40
5.000000000000012
100
AcDbArc
 50
25.0756136024
 51
90.0
  0
LINE
  5
181
330
1F
100
AcDbEntity
  8
0
  6
Continuous
 62
     7
370
    25
100
AcDbLine
 10
298.2622329308
 20
123.932064561
 30
0.0
 11
264.6962559774
 21
123.932064561
 31
0.0
  0
LINE
  5
182
330
1F
100
AcDbEntity
  8
0
  6
Continuous
 62
     7
370
    25
100
AcDbLine
 10
264.6962559774
 20
159.492064561
 30
0.0
 11
264.6962559774
 21
123.932064561
 31
0.0
  0
LINE
  5
183
330
1F
100
AcDbEntity
  8
0
  6
Continuous
 62
     7
370
    25
100
AcDbLine
 10
298.2622329308
 20
159.492064561
 30
0.0
 11
264.6962559774
 21
159.492064561
 31
0.0
  0
ARC
  5
184
330
1F
100
AcDbEntity
  8
0
  6
Continuous
 62
     7
370
    25
100
AcDbCircle
 10
298.2622329308
 20
164.492064561
 30
0.0
 40
5.000000000000012
100
AcDbArc
 50
270.0
 51
334.9243863976
  0
ARC
  5
185
330
1F
100
AcDbEntity
  8
0
  6
Continuous
 62
     7
370
    25
100
AcDbCircle
 10
346.9462559774
 20
141.712064561
 30
0.0
 40
48.75
100
AcDbArc
 50
205.0756136024
 51
154.9243863976
  0
LINE
  5
186
330
1F
100
AcDbEntity
  8
0
  6
Continuous
 62
     7
370
    25
100
AcDbLine
 10
262.1962559774
 20
159.492064561
 30
0.0
 11
260.6962559774
 21
157.992064561
 31
0.0
  0
LINE
  5
187
330
1F
100
AcDbEntity
  8
0
  6
Continuous
 62
     7
370
    25
100
AcDbLine
 10
262.1962559774
 20
159.492064561
 30
0.0
 11
264.6962559774
 21
159.492064561
 31
0.0
  0
LINE
  5
188
330
1F
100
AcDbEntity
  8
0
  6
Continuous
 62
     7
370
    25
100
AcDbLine
 10
264.6962559774
 20
123.932064561
 30
0.0
 11
262.1962559774
 21
123.932064561
 31
0.0
  0
LINE
  5
189
330
1F
100
AcDbEntity
  8
0
  6
Continuous
 62
     7
370
    25
100
AcDbLine
 10
260.6962559774
 20
125.432064561
 30
0.0
 11
262.1962559774
 21
123.932064561
 31
0.0
  0
LINE
  5
18A
330
1F
100
AcDbEntity
  8
0
  6
Continuous
 62
     7
370
    25
100
AcDbLine
 10
260.6962559774
 20
125.432064561
 30
0.0
 11
260.6962559774
 21
157.992064561
 31
0.0
  0
CIRCLE
  5
18B
330
1F
100
AcDbEntity
  8
0
  6
CENTERX2
 62
     7
370
    18
100
AcDbCircle
 10
346.9462559774
 20
141.712064561
 30
0.0
 40
41.50000000000003
  0
DIMENSION
  5
18C
330
1F
100
AcDbEntity
  8
0
  6
Continuous
 62
     7
370
    18
100
AcDbDimension
  2
_D_6
 10
379.5128922107
 20
115.9892302607
 30
0.0
 11
288.9785269463
 21
187.4980297077
 31
0.0
 70
   163
  1
<>
 71
     1
 42
-1.0
  3
SLDDIMSTYLE4
100
AcDbDiametricDimension
 15
314.379619744
 25
167.4348988614
 35
0.0
 40
0.0
  0
DIMENSION
  5
199
330
1F
100
AcDbEntity
  8
0
  6
Continuous
 62
     7
370
    18
100
AcDbDimension
  2
_D_7
 10
317.0683795468
 20
124.462064561
 30
0.0
 11
428.3749849748
 21
188.724967394
 31
0.0
 70
   163
  1
<>
 71
     1
 42
-1.0
  3
SLDDIMSTYLE4
100
AcDbDiametricDimension
 15
376.8241324079
 25
158.962064561
 35
0.0
 40
0.0
  0
DIMENSION
  5
1A2
330
1F
100
AcDbEntity
  8
0
  6
Continuous
 62
     7
370
    18
100
AcDbDimension
  2
_D_8
 10
346.9462559774
 20
141.712064561
 30
0.0
 11
411.8007425531
 21
206.5665511368
 31
0.0
 70
   164
  1
<>
 71
     1
 42
-1.0
  3
SLDDIMSTYLE5
100
AcDbRadialDimension
 15
381.4177115602
 25
176.1835201439
 35
0.0
 40
0.0
  0
DIMENSION
  5
1AB
330
1F
100
AcDbEntity
  8
0
  6
Continuous
 62
     7
370
    18
100
AcDbDimension
  2
_D_9
 10
386.2729228682
 20
141.1297217096
 30
0.0
 11
436.1722045385
 21
154.5002012565
 31
0.0
 70
   163
  1
<>
 71
     1
 42
-1.0
  3
SLDDIMSTYLE4
100
AcDbDiametricDimension
 15
390.6195890865
 25
142.2944074125
 35
0.0
 40
0.0
  0
DIMENSION
  5
1B4
330
1F
100
AcDbEntity
  8
0
  6
Continuous
 62
     7
370
    18
100
AcDbDimension
  2
_D_10
 10
298.2622329308
 20
92.4309090696
 30
0.0
 11
278.3787363392
 21
92.4309090696
 31
0.0
 70
   160
  1
<>
 71
     2
 42
-1.0
  3
SLDDIMSTYLE1
100
AcDbAlignedDimension
 13
260.6962559774
 23
125.432064561
 33
0.0
 14
298.2622329308
 24
123.932064561
 34
0.0
100
AcDbRotatedDimension
  0
DIMENSION
  5
1BE
330
1F
100
AcDbEntity
  8
0
  6
Continuous
 62
     7
370
    18
100
AcDbDimension
  2
_D_11
 10
238.6962559774
 20
159.492064561
 30
0.0
 11
238.6962559774
 21
141.7249664375
 31
0.0
 70
   160
  1
<>
 71
     2
 42
-1.0
  3
SLDDIMSTYLE1
100
AcDbAlignedDimension
 13
262.1962559774
 23
123.932064561
 33
0.0
 14
273.1962559774
 24
159.492064561
 34
0.0
 50
90.0
100
AcDbRotatedDimension
  0
DIMENSION
  5
1C8
330
1F
100
AcDbEntity
  8
0
  6
Continuous
 62
     7
370
    18
100
AcDbDimension
  2
_D_12
 10
262.1962559774
 20
159.492064561
 30
0.0
 11
254.3393784239
 21
147.0311913419
 31
0.0
 70
   162
  1
<>
 71
     1
 42
-1.0
  3
SLDDIMSTYLE2
100
AcDb2LineAngularDimension
 13
260.6962559774
 23
157.992064561
 33
0.0
 14
262.1962559774
 24
159.492064561
 34
0.0
 15
264.6962559774
 25
159.492064561
 35
0.0
 16
267.8335854314
 26
145.8823473376
 36
0.0
  0
INSERT
  5
1DD
330
1F
100
AcDbEntity
  8
0
  6
Continuous
 62
     7
370
     0
100
AcDbBlockReference
  2
SW_CENTERMARKSYMBOL_2
 10
346.9462559774
 20
141.712064561
 30
0.0
  0
INSERT
  5
1E9
330
1F
100
AcDbEntity
  8
0
  6
Continuous
 62
     7
370
     0
100
AcDbBlockReference
  2
SW_CENTERMARKSYMBOL_3
 10
317.6013245581
 20
171.0569959803
 30
0.0
  0
INSERT
  5
1F5
330
1F
100
AcDbEntity
  8
0
  6
Continuous
 62
     7
370
     0
100
AcDbBlockReference
  2
SW_CENTERMARKSYMBOL_4
 10
388.4462559774
 20
141.712064561
 30
0.0
  0
INSERT
  5
201
330
1F
100
AcDbEntity
  8
0
  6
Continuous
 62
     7
370
     0
100
AcDbBlockReference
  2
SW_CENTERMARKSYMBOL_5
 10
346.9462559774
 20
183.212064561
 30
0.0
  0
INSERT
  5
20D
330
1F
100
AcDbEntity
  8
0
  6
Continuous
 62
     7
370
     0
100
AcDbBlockReference
  2
SW_CENTERMARKSYMBOL_6
 10
376.2911873966
 20
171.0569959803
 30
0.0
  0
INSERT
  5
219
330
1F
100
AcDbEntity
  8
0
  6
Continuous
 62
     7
370
     0
100
AcDbBlockReference
  2
SW_CENTERMARKSYMBOL_7
 10
376.2911873966
 20
112.3671331418
 30
0.0
  0
INSERT
  5
225
330
1F
100
AcDbEntity
  8
0
  6
Continuous
 62
     7
370
     0
100
AcDbBlockReference
  2
SW_CENTERMARKSYMBOL_8
 10
346.9462559774
 20
100.212064561
 30
0.0
  0
INSERT
  5
231
330
1F
100
AcDbEntity
  8
0
  6
Continuous
 62
     7
370
     0
100
AcDbBlockReference
  2
SW_CENTERMARKSYMBOL_9
 10
317.6013245581
 20
112.3671331418
 30
0.0
  0
INSERT
  5
23D
330
1F
100
AcDbEntity
  8
0
  6
Continuous
 62
     7
370
     0
100
AcDbBlockReference
  2
SW_CENTERMARKSYMBOL_10
 10
305.4462559774
 20
141.712064561
 30
0.0
  0
LINE
  5
23E
330
1F
100
AcDbEntity
  8
0
  6
Continuous
 62
     7
370
    25
100
AcDbLine
 10
478.1952827109
 20
354.3903282234
 30
0.0
 11
451.6787784164
 21
339.0826761267
 31
0.0
  0
LINE
  5
23F
330
1F
100
AcDbEntity
  8
0
  6
Continuous
 62
     7
370
    25
100
AcDbLine
 10
567.6315695377
 20
348.1782833382
 30
0.0
 11
567.6315695377
 21
358.5483516492
 31
0.0
  0
LINE
  5
240
330
1F
100
AcDbEntity
  8
0
  6
Continuous
 62
     7
370
    25
100
AcDbLine
 10
469.405308058
 20
332.0425912827
 30
0.0
 11
471.5266284016
 21
330.8177800649
 31
0.0
  0
LINE
  5
241
330
1F
100
AcDbEntity
  8
0
  6
Continuous
 62
     7
370
    25
100
AcDbLine
 10
469.405308058
 20
332.0425912827
 30
0.0
 11
495.920394743
 21
347.3494250108
 31
0.0
  0
LINE
  5
242
330
1F
100
AcDbEntity
  8
0
  6
Continuous
 62
     7
370
    25
100
AcDbLine
 10
498.0417150866
 20
346.124613793
 30
0.0
 11
495.920394743
 21
347.3494250108
 31
0.0
  0
LINE
  5
243
330
1F
100
AcDbEntity
  8
0
  6
Continuous
 62
     7
370
    25
100
AcDbLine
 10
498.0417150866
 20
346.124613793
 30
0.0
 11
471.5266284016
 21
330.8177800649
 31
0.0
  0
LINE
  5
244
330
1F
100
AcDbEntity
  8
0
  6
Continuous
 62
     7
370
    25
100
AcDbLine
 10
469.405308058
 20
308.5900952622
 30
0.0
 11
469.405308058
 21
332.0425912827
 31
0.0
  0
LINE
  5
245
330
1F
100
AcDbEntity
  8
0
  6
Continuous
 62
     7
370
    25
100
AcDbLine
 10
471.5266284016
 20
330.8177800649
 30
0.0
 11
471.5266284016
 21
307.740730096
 31
0.0
  0
LINE
  5
246
330
1F
100
AcDbEntity
  8
0
  6
Continuous
 62
     7
370
    25
100
AcDbLine
 10
471.5266284016
 20
307.740730096
 30
0.0
 11
469.405308058
 21
308.5900952622
 31
0.0
  0
LINE
  5
247
330
1F
100
AcDbEntity
  8
0
  6
Continuous
 62
     7
370
    25
100
AcDbLine
 10
466.9799317986
 20
333.4427311945
 30
0.0
 11
469.405308058
 21
332.0425912827
 31
0.0
  0
LINE
  5
248
330
1F
100
AcDbEntity
  8
0
  6
Continuous
 62
     7
370
    25
100
AcDbLine
 10
493.4950184836
 20
348.7495649226
 30
0.0
 11
466.9799317986
 21
333.4427311945
 31
0.0
  0
LINE
  5
249
330
1F
100
AcDbEntity
  8
0
  6
Continuous
 62
     7
370
    25
100
AcDbLine
 10
495.920394743
 20
347.3494250108
 30
0.0
 11
493.4950184836
 21
348.7495649226
 31
0.0
  0
LINE
  5
24A
330
1F
100
AcDbEntity
  8
0
  6
Continuous
 62
     7
370
    25
100
AcDbLine
 10
464.522735734
 20
311.5285865891
 30
0.0
 11
466.9799317986
 21
310.1100774948
 31
0.0
  0
LINE
  5
24B
330
1F
100
AcDbEntity
  8
0
  6
Continuous
 62
     7
370
    25
100
AcDbLine
 10
466.9799317986
 20
333.4427311945
 30
0.0
 11
466.9799317986
 21
310.1100774948
 31
0.0
  0
LINE
  5
24C
330
1F
100
AcDbEntity
  8
0
  6
Continuous
 62
     7
370
    25
100
AcDbLine
 10
446.3819112626
 20
321.8812193227
 30
0.0
 11
469.405308058
 21
308.5900952622
 31
0.0
  0
LINE
  5
24D
330
1F
100
AcDbEntity
  8
0
  6
Continuous
 62
     7
370
    25
100
AcDbLine
 10
446.3819112626
 20
345.3337153432
 30
0.0
 11
446.3819112626
 21
321.8812193227
 31
0.0
  0
LINE
  5
24E
330
1F
100
AcDbEntity
  8
0
  6
Continuous
 62
     7
370
    25
100
AcDbLine
 10
446.3819112626
 20
345.3337153432
 30
0.0
 11
448.8072875221
 21
343.9335754314
 31
0.0
  0
LINE
  5
24F
330
1F
100
AcDbEntity
  8
0
  6
Continuous
 62
     7
370
    25
100
AcDbLine
 10
448.8072875221
 20
343.9335754314
 30
0.0
 11
448.8072875221
 21
320.6009217317
 31
0.0
  0
LINE
  5
250
330
1F
100
AcDbEntity
  8
0
  6
Continuous
 62
     7
370
    25
100
AcDbLine
 10
451.2644835867
 20
319.1824126375
 30
0.0
 11
448.8072875221
 21
320.6009217317
 31
0.0
  0
LINE
  5
251
330
1F
100
AcDbEntity
  8
0
  6
Continuous
 62
     7
370
    25
100
AcDbLine
 10
451.2644835867
 20
338.1669865138
 30
0.0
 11
451.2644835867
 21
319.1824126375
 31
0.0
  0
ARC
  5
252
330
1F
100
AcDbEntity
  8
0
  6
Continuous
 62
     7
370
    25
100
AcDbCircle
 10
452.1266323216
 20
338.3068409076
 30
0.0
 40
0.8734183948569584
100
AcDbArc
 50
50.7967147643
 51
189.2140369905
  0
LINE
  5
253
330
1F
100
AcDbEntity
  8
0
  6
Continuous
 62
     7
370
    25
100
AcDbLine
 10
452.6786971491
 20
338.9836600257
 30
0.0
 11
463.1085221716
 21
332.9626502011
 31
0.0
  0
ARC
  5
254
330
1F
100
AcDbEntity
  8
0
  6
Continuous
 62
     7
370
    25
100
AcDbCircle
 10
461.4523035312
 20
330.3734387609
 30
0.0
 40
3.073609615144657
100
AcDbArc
 50
2.6054784857
 51
57.39452166
  0
LINE
  5
255
330
1F
100
AcDbEntity
  8
0
  6
Continuous
 62
     7
370
    25
100
AcDbLine
 10
464.522735734
 20
330.5131604655
 30
0.0
 11
464.522735734
 21
311.5285865891
 31
0.0
  0
LINE
  5
256
330
1F
100
AcDbEntity
  8
0
  6
Continuous
 62
     7
370
    25
100
AcDbLine
 10
497.0291252755
 20
333.0505494931
 30
0.0
 11
499.3569336996
 21
334.3943646925
 31
0.0
  0
LINE
  5
257
330
1F
100
AcDbEntity
  8
0
  6
Continuous
 62
     7
370
    25
100
AcDbLine
 10
497.0291252755
 20
321.0473995584
 30
0.0
 11
497.0291252755
 21
333.0505494931
 31
0.0
  0
LINE
  5
258
330
1F
100
AcDbEntity
  8
0
  6
Continuous
 62
     7
370
    25
100
AcDbLine
 10
497.0291252755
 20
321.0473995584
 30
0.0
 11
473.2943953546
 21
307.3456316254
 31
0.0
  0
LINE
  5
259
330
1F
100
AcDbEntity
  8
0
  6
Continuous
 62
     7
370
    25
100
AcDbLine
 10
471.5266284016
 20
307.740730096
 30
0.0
 11
473.2943953546
 21
307.3456316254
 31
0.0
  0
LINE
  5
25A
330
1F
100
AcDbEntity
  8
0
  6
Continuous
 62
     7
370
    25
100
AcDbLine
 10
499.3569336996
 20
345.3651074269
 30
0.0
 11
498.0417150866
 21
346.124613793
 31
0.0
  0
LINE
  5
25B
330
1F
100
AcDbEntity
  8
0
  6
Continuous
 62
     7
370
    25
100
AcDbLine
 10
499.3569336996
 20
334.3943646925
 30
0.0
 11
499.3569336996
 21
345.3651074269
 31
0.0
  0
LWPOLYLINE
  5
25C
330
1F
100
AcDbEntity
  8
0
  6
Continuous
 62
     7
370
    25
100
AcDbPolyline
 90
       30
 70
   128
 43
0.0
 10
479.3048029947
 20
323.570250509
 10
479.2634735857
 20
323.9852218935
 10
479.1414178759
 20
324.3330717574
 10
478.9443430547
 20
324.5975350275
 10
478.6814641217
 20
324.7662456954
 10
478.3650730036
 20
324.8313150377
 10
478.0099637975
 20
324.7897004843
 10
477.6327410152
 20
324.6433478855
 10
477.2510431746
 20
324.3991005261
 10
476.8827180426
 20
324.0683791412
 10
476.5449880931
 20
323.6666478951
 10
476.2536452031
 20
323.2126912945
 10
476.0223122422
 20
322.7277358454
 10
475.8618060828
 20
322.2344575257
 10
475.7796318143
 20
321.7559214813
 10
475.7796318143
 20
321.3145035259
 10
475.8618060828
 20
320.9308438724
 10
476.0223122422
 20
320.6228820198
 10
476.2536452031
 20
320.4050179221
 10
476.5449880931
 20
320.2874386624
 10
476.8827180426
 20
320.275642116
 10
477.2510431746
 20
320.3701798766
 10
477.6327410152
 20
320.5666314633
 10
478.0099637975
 20
320.8558110184
 10
478.3650730036
 20
321.2241968273
 10
478.6814641217
 20
321.654563579
 10
478.9443430547
 20
322.1267878025
 10
479.1414178759
 20
322.6187888179
 10
479.2634735857
 20
323.1075612046
 10
479.3048029947
 20
323.570250509
  0
LWPOLYLINE
  5
25D
330
1F
100
AcDbEntity
  8
0
  6
Continuous
 62
     7
370
    25
100
AcDbPolyline
 90
       30
 70
   128
 43
0.0
 10
491.3256182748
 20
330.5097194595
 10
491.2842888658
 20
330.924690844
 10
491.1622331561
 20
331.2725407078
 10
490.9651583349
 20
331.537003978
 10
490.7022794019
 20
331.7057146459
 10
490.3858882838
 20
331.7707839882
 10
490.0307790777
 20
331.7291694348
 10
489.6535562953
 20
331.582816836
 10
489.2718584548
 20
331.3385694766
 10
488.9035333228
 20
331.0078480916
 10
488.5658033733
 20
330.6061168456
 10
488.2744604832
 20
330.152160245
 10
488.0431275224
 20
329.6672047959
 10
487.882621363
 20
329.1739264762
 10
487.8004470945
 20
328.6953904318
 10
487.8004470945
 20
328.2539724764
 10
487.882621363
 20
327.8703128229
 10
488.0431275224
 20
327.5623509703
 10
488.2744604832
 20
327.3444868726
 10
488.5658033733
 20
327.2269076129
 10
488.9035333228
 20
327.2151110665
 10
489.2718584548
 20
327.3096488271
 10
489.6535562953
 20
327.5061004138
 10
490.0307790777
 20
327.7952799689
 10
490.3858882838
 20
328.1636657778
 10
490.7022794019
 20
328.5940325295
 10
490.9651583349
 20
329.066256753
 10
491.1622331561
 20
329.5582577684
 10
491.2842888658
 20
330.0470301551
 10
491.3256182748
 20
330.5097194595
  0
LINE
  5
25E
330
1F
100
AcDbEntity
  8
0
  6
Continuous
 62
     7
370
    25
100
AcDbLine
 10
463.1085221716
 20
332.9626502011
 30
0.0
 11
489.6250264661
 21
348.2703022977
 31
0.0
  0
ARC
  5
25F
330
1F
100
AcDbEntity
  8
0
  6
Continuous
 62
     7
370
    25
100
AcDbCircle
 10
488.0236587282
 20
345.7480446644
 30
0.0
 40
2.987668355219816
100
AcDbArc
 50
27.3883890991
 51
57.5887567311
  0
LINE
  5
260
330
1F
100
AcDbEntity
  8
0
  6
Continuous
 62
     7
370
    25
100
AcDbLine
 10
464.522735734
 20
311.5285865891
 30
0.0
 11
466.9799317986
 21
312.9470956834
 31
0.0
  0
LINE
  5
261
330
1F
100
AcDbEntity
  8
0
  6
Continuous
 62
     7
370
    25
100
AcDbLine
 10
479.1952014436
 20
354.2913121224
 30
0.0
 11
452.6786971491
 21
338.9836600257
 31
0.0
  0
LINE
  5
262
330
1F
100
AcDbEntity
  8
0
  6
Continuous
 62
     7
370
    25
100
AcDbLine
 10
489.6250264661
 20
348.2703022977
 30
0.0
 11
479.1952014436
 21
354.2913121224
 31
0.0
  0
ARC
  5
263
330
1F
100
AcDbEntity
  8
0
  6
Continuous
 62
     7
370
    25
100
AcDbCircle
 10
478.6093613339
 20
353.4735494642
 30
0.0
 40
1.005954471803686
100
AcDbArc
 50
54.3824225248
 51
114.3071190461
  0
LWPOLYLINE
  5
264
330
1F
100
AcDbEntity
  8
0
  6
Continuous
 62
     7
370
    25
100
AcDbPolyline
 90
       74
 70
   128
 43
0.0
 10
543.2767534886
 20
344.4653117202
 10
544.6539344955
 20
345.3079939421
 10
545.9439099774
 20
346.1954773432
 10
547.1423150656
 20
347.1247589608
 10
548.2450947367
 20
348.0926944001
 10
549.2485175334
 20
349.0960084737
 10
550.1491881904
 20
350.1313062847
 10
550.9440591235
 20
351.1950847128
 10
551.6304407409
 20
352.2837442685
 10
552.2060105446
 20
353.3936012727
 10
552.6688209886
 20
354.5209003204
 10
553.0173060687
 20
355.6618269885
 10
553.2502866218
 20
356.8125207424
 10
553.3669743155
 20
357.9690879986
 10
553.3669743155
 20
359.1276152997
 10
553.2502866218
 20
360.2841825559
 10
553.0173060687
 20
361.4348763098
 10
552.6688209886
 20
362.575802978
 10
552.2060105446
 20
363.7031020257
 10
551.6304407409
 20
364.8129590298
 10
550.9440591235
 20
365.9016185856
 10
550.1491881904
 20
366.9653970137
 10
549.2485175334
 20
368.0006948246
 10
548.2450947367
 20
369.0040088983
 10
547.1423150656
 20
369.9719443375
 10
545.9439099774
 20
370.9012259551
 10
544.6539344955
 20
371.7887093563
 10
543.2767534886
 20
372.6313915781
 10
541.8170269013
 20
373.4264212507
 10
540.2796939864
 20
374.1711082453
 10
538.6699565918
 20
374.8629327768
 10
536.9932615592
 20
375.4995539301
 10
535.255282294
 20
376.0788175806
 10
533.4618995677
 20
376.5987636836
 10
531.61918162
 20
377.0576329059
 10
529.7333636249
 20
377.4538725795
 10
527.8108265937
 20
377.7861419546
 10
525.8580757831
 20
378.0533167369
 10
523.8817186838
 20
378.2544928915
 10
521.8884426625
 20
378.388989702
 10
519.8849923343
 20
378.4563520737
 10
517.878146741
 20
378.4563520737
 10
515.8746964129
 20
378.388989702
 10
513.8814203916
 20
378.2544928915
 10
511.9050632922
 20
378.0533167369
 10
509.9523124816
 20
377.7861419546
 10
508.0297754504
 20
377.4538725795
 10
506.1439574554
 20
377.0576329059
 10
504.3012395076
 20
376.5987636836
 10
502.5078567814
 20
376.0788175806
 10
500.7698775161
 20
375.4995539301
 10
499.0931824836
 20
374.8629327768
 10
497.4834450889
 20
374.1711082453
 10
495.946112174
 20
373.4264212507
 10
494.4863855867
 20
372.6313915781
 10
493.1092045799
 20
371.7887093563
 10
491.8192290979
 20
370.9012259551
 10
490.6208240097
 20
369.9719443375
 10
489.5180443386
 20
369.0040088983
 10
488.514621542
 20
368.0006948246
 10
487.6139508849
 20
366.9653970137
 10
486.8190799518
 20
365.9016185856
 10
486.1326983344
 20
364.8129590298
 10
485.5571285307
 20
363.7031020257
 10
485.0943180868
 20
362.575802978
 10
484.7458330066
 20
361.4348763098
 10
484.5128524535
 20
360.2841825559
 10
484.3961647598
 20
359.1276152997
 10
484.3961647598
 20
357.9690879986
 10
484.5128524535
 20
356.8125207424
 10
484.7458330066
 20
355.6618269885
 10
485.0943180868
 20
354.5209003204
 10
485.5571285307
 20
353.3936012727
 10
485.5966495997
 20
353.3091959587
  0
LWPOLYLINE
  5
265
330
1F
100
AcDbEntity
  8
0
  6
Continuous
 62
     7
370
    25
100
AcDbPolyline
 90
       25
 70
   128
 43
0.0
 10
499.3569336996
 20
342.1282087057
 10
500.7698775161
 20
341.5971493682
 10
502.5078567814
 20
341.0178857177
 10
504.3012395076
 20
340.4979396148
 10
506.1439574554
 20
340.0390703924
 10
508.0297754504
 20
339.6428307189
 10
509.9523124816
 20
339.3105613437
 10
511.9050632922
 20
339.0433865614
 10
513.8814203916
 20
338.8422104068
 10
515.8746964129
 20
338.7077135963
 10
517.878146741
 20
338.6403512246
 10
519.8849923343
 20
338.6403512246
 10
521.8884426625
 20
338.7077135963
 10
523.8817186838
 20
338.8422104068
 10
525.8580757831
 20
339.0433865614
 10
527.8108265937
 20
339.3105613437
 10
529.7333636249
 20
339.6428307189
 10
531.61918162
 20
340.0390703924
 10
533.4618995677
 20
340.4979396148
 10
535.255282294
 20
341.0178857177
 10
536.9932615592
 20
341.5971493682
 10
538.6699565918
 20
342.2337705215
 10
540.2796939864
 20
342.925595053
 10
541.8170269013
 20
343.6702820476
 10
543.2767534886
 20
344.4653117202
  0
LWPOLYLINE
  5
266
330
1F
100
AcDbEntity
  8
0
  6
Continuous
 62
     7
370
    25
100
AcDbPolyline
 90
       28
 70
   128
 43
0.0
 10
517.29057928
 20
335.5093707234
 10
517.7003722319
 20
335.6964247899
 10
518.1738438363
 20
335.8238803539
 10
518.6854691165
 20
335.8848662532
 10
519.2076662211
 20
335.8760947221
 10
519.7122833691
 20
335.7980386361
 10
520.1721165195
 20
335.654906019
 10
520.562375948
 20
335.4544131872
 10
520.8620226678
 20
335.2073687612
 10
521.0549026468
 20
334.92709097
 10
521.1306176754
 20
334.6286896618
 10
521.0850859366
 20
334.3282517284
 10
520.9207620585
 20
334.0419738565
 10
520.6465047837
 20
333.7852893603
 10
520.277099393
 20
333.5720361674
 10
519.8324606266
 20
333.4137108128
 10
519.3365590754
 20
333.3188486571
 10
518.8161289205
 20
333.2925637438
 10
518.2992266862
 20
333.3362730994
 10
517.8137187057
 20
333.4476203412
 10
517.38577884
 20
333.6206027106
 10
517.038477438
 20
333.8458946832
 10
516.7905376082
 20
334.1113507105
 10
516.6553258509
 20
334.4026599893
 10
516.640131467
 20
334.7041179611
 10
516.7457735896
 20
334.9994729485
 10
516.9665570247
 20
335.2728022878
 10
517.29057928
 20
335.5093707234
  0
LWPOLYLINE
  5
267
330
1F
100
AcDbEntity
  8
0
  6
Continuous
 62
     7
370
    25
100
AcDbPolyline
 90
       28
 70
   128
 43
0.0
 10
546.6355106992
 20
376.4072790953
 10
547.0453036512
 20
376.5943331617
 10
547.5187752556
 20
376.7217887258
 10
548.0304005357
 20
376.7827746251
 10
548.5525976403
 20
376.774003094
 10
549.0572147884
 20
376.695947008
 10
549.5170479387
 20
376.5528143909
 10
549.9073073672
 20
376.3523215591
 10
550.2069540871
 20
376.1052771331
 10
550.3998340661
 20
375.8249993419
 10
550.4755490946
 20
375.5265980337
 10
550.4300173559
 20
375.2261601002
 10
550.2656934777
 20
374.9398822283
 10
549.991436203
 20
374.6831977321
 10
549.6220308123
 20
374.4699445393
 10
549.1773920458
 20
374.3116191846
 10
548.6814904947
 20
374.216757029
 10
548.1610603397
 20
374.1904721157
 10
547.6441581054
 20
374.2341814713
 10
547.158650125
 20
374.3455287131
 10
546.7307102593
 20
374.5185110824
 10
546.3834088573
 20
374.743803055
 10
546.1354690274
 20
375.0092590823
 10
546.0002572701
 20
375.3005683612
 10
545.9850628862
 20
375.602026333
 10
546.0907050089
 20
375.8973813204
 10
546.3114884439
 20
376.1707106597
 10
546.6355106992
 20
376.4072790953
  0
LWPOLYLINE
  5
268
330
1F
100
AcDbEntity
  8
0
  6
Continuous
 62
     7
370
    25
100
AcDbPolyline
 90
       28
 70
   128
 43
0.0
 10
546.6355106992
 20
342.5263424546
 10
547.0453036512
 20
342.7133965211
 10
547.5187752556
 20
342.8408520852
 10
548.0304005357
 20
342.9018379845
 10
548.5525976404
 20
342.8930664534
 10
549.0572147884
 20
342.8150103673
 10
549.5170479387
 20
342.6718777502
 10
549.9073073672
 20
342.4713849184
 10
550.2069540871
 20
342.2243404925
 10
550.3998340661
 20
341.9440627012
 10
550.4755490946
 20
341.645661393
 10
550.4300173559
 20
341.3452234596
 10
550.2656934777
 20
341.0589455877
 10
549.991436203
 20
340.8022610915
 10
549.6220308123
 20
340.5890078987
 10
549.1773920458
 20
340.430682544
 10
548.6814904947
 20
340.3358203883
 10
548.1610603397
 20
340.3095354751
 10
547.6441581054
 20
340.3532448307
 10
547.158650125
 20
340.4645920724
 10
546.7307102593
 20
340.6375744418
 10
546.3834088573
 20
340.8628664144
 10
546.1354690274
 20
341.1283224417
 10
546.0002572701
 20
341.4196317205
 10
545.9850628862
 20
341.7210896923
 10
546.0907050089
 20
342.0164446798
 10
546.3114884439
 20
342.289774019
 10
546.6355106992
 20
342.5263424546
  0
LWPOLYLINE
  5
269
330
1F
100
AcDbEntity
  8
0
  6
Continuous
 62
     7
370
    25
100
AcDbPolyline
 90
       28
 70
   128
 43
0.0
 10
558.79057928
 20
359.466810775
 10
559.2003722319
 20
359.6538648414
 10
559.6738438363
 20
359.7813204055
 10
560.1854691165
 20
359.8423063048
 10
560.7076662211
 20
359.8335347737
 10
561.2122833691
 20
359.7554786877
 10
561.6721165195
 20
359.6123460705
 10
562.062375948
 20
359.4118532388
 10
562.3620226678
 20
359.1648088128
 10
562.5549026468
 20
358.8845310216
 10
562.6306176754
 20
358.5861297133
 10
562.5850859366
 20
358.2856917799
 10
562.4207620585
 20
357.999413908
 10
562.1465047837
 20
357.7427294118
 10
561.777099393
 20
357.529476219
 10
561.3324606266
 20
357.3711508643
 10
560.8365590754
 20
357.2762887087
 10
560.3161289205
 20
357.2500037954
 10
559.7992266862
 20
357.293713151
 10
559.3137187057
 20
357.4050603928
 10
558.88577884
 20
357.5780427621
 10
558.538477438
 20
357.8033347347
 10
558.2905376082
 20
358.068790762
 10
558.1553258509
 20
358.3601000409
 10
558.140131467
 20
358.6615580127
 10
558.2457735896
 20
358.9569130001
 10
558.4665570247
 20
359.2302423393
 10
558.79057928
 20
359.466810775
  0
LWPOLYLINE
  5
26A
330
1F
100
AcDbEntity
  8
0
  6
Continuous
 62
     7
370
    25
100
AcDbPolyline
 90
       28
 70
   128
 43
0.0
 10
517.29057928
 20
383.4242508265
 10
517.7003722319
 20
383.611304893
 10
518.1738438363
 20
383.738760457
 10
518.6854691165
 20
383.7997463563
 10
519.2076662211
 20
383.7909748252
 10
519.7122833691
 20
383.7129187392
 10
520.1721165195
 20
383.5697861221
 10
520.562375948
 20
383.3692932903
 10
520.8620226678
 20
383.1222488643
 10
521.0549026468
 20
382.8419710731
 10
521.1306176754
 20
382.5435697649
 10
521.0850859366
 20
382.2431318315
 10
520.9207620585
 20
381.9568539596
 10
520.6465047837
 20
381.7001694634
 10
520.277099393
 20
381.4869162705
 10
519.8324606266
 20
381.3285909159
 10
519.3365590754
 20
381.2337287602
 10
518.8161289205
 20
381.2074438469
 10
518.2992266862
 20
381.2511532025
 10
517.8137187057
 20
381.3625004443
 10
517.38577884
 20
381.5354828137
 10
517.038477438
 20
381.7607747863
 10
516.7905376082
 20
382.0262308136
 10
516.6553258509
 20
382.3175400924
 10
516.640131467
 20
382.6189980642
 10
516.7457735896
 20
382.9143530516
 10
516.9665570247
 20
383.1876823909
 10
517.29057928
 20
383.4242508265
  0
LWPOLYLINE
  5
26B
330
1F
100
AcDbEntity
  8
0
  6
Continuous
 62
     7
370
    25
100
AcDbPolyline
 90
       28
 70
   128
 43
0.0
 10
487.9456478608
 20
376.4072790953
 10
488.3554408127
 20
376.5943331617
 10
488.8289124171
 20
376.7217887258
 10
489.3405376972
 20
376.7827746251
 10
489.8627348019
 20
376.774003094
 10
490.3673519499
 20
376.695947008
 10
490.8271851002
 20
376.5528143909
 10
491.2174445287
 20
376.3523215591
 10
491.5170912486
 20
376.1052771331
 10
491.7099712276
 20
375.8249993419
 10
491.7856862561
 20
375.5265980337
 10
491.7401545174
 20
375.2261601002
 10
491.5758306393
 20
374.9398822283
 10
491.3015733645
 20
374.6831977321
 10
490.9321679738
 20
374.4699445393
 10
490.4875292073
 20
374.3116191846
 10
489.9916276562
 20
374.216757029
 10
489.4711975013
 20
374.1904721157
 10
488.9542952669
 20
374.2341814713
 10
488.4687872865
 20
374.3455287131
 10
488.0408474208
 20
374.5185110824
 10
487.6935460188
 20
374.743803055
 10
487.4456061889
 20
375.0092590823
 10
487.3103944316
 20
375.3005683612
 10
487.2952000477
 20
375.602026333
 10
487.4008421704
 20
375.8973813204
 10
487.6216256054
 20
376.1707106597
 10
487.9456478608
 20
376.4072790953
  0
LWPOLYLINE
  5
26C
330
1F
100
AcDbEntity
  8
0
  6
Continuous
 62
     7
370
    25
100
AcDbPolyline
 90
       16
 70
   128
 43
0.0
 10
475.79057928
 20
359.466810775
 10
476.2003722319
 20
359.6538648414
 10
476.6738438363
 20
359.7813204055
 10
477.1854691165
 20
359.8423063048
 10
477.7076662211
 20
359.8335347737
 10
478.2122833691
 20
359.7554786877
 10
478.6721165195
 20
359.6123460705
 10
479.062375948
 20
359.4118532388
 10
479.3620226678
 20
359.1648088128
 10
479.5549026468
 20
358.8845310216
 10
479.6306176754
 20
358.5861297133
 10
479.5850859366
 20
358.2856917799
 10
479.4207620585
 20
357.999413908
 10
479.1465047837
 20
357.7427294118
 10
478.777099393
 20
357.529476219
 10
478.4831016334
 20
357.415759789
  0
LWPOLYLINE
  5
26D
330
1F
100
AcDbEntity
  8
0
  6
Continuous
 62
     7
370
    25
100
AcDbPolyline
 90
        3
 70
   128
 43
0.0
 10
475.4196503135
 20
359.1842525925
 10
475.4665570247
 20
359.2302423393
 10
475.79057928
 20
359.466810775
  0
LWPOLYLINE
  5
26E
330
1F
100
AcDbEntity
  8
0
  6
Continuous
 62
     7
370
    25
100
AcDbPolyline
 90
      105
 70
   128
 43
0.0
 10
502.2685578192
 20
332.0901130837
 10
504.5203050866
 20
331.6544471837
 10
506.8061335723
 20
331.2826041479
 10
509.120618697
 20
330.9754664101
 10
511.4582678752
 20
330.7337628496
 10
513.81353355
 20
330.5580670616
 10
516.1808263579
 20
330.4487959958
 10
518.5545283939
 20
330.4062089673
 10
520.9290065427
 20
330.4304070408
 10
523.2986258471
 20
330.5213327911
 10
525.657762881
 20
330.6787704389
 10
528.0008190936
 20
330.9023463636
 10
530.3222340965
 20
331.1915299894
 10
532.6164988587
 20
331.5456350444
 10
534.8781687802
 20
331.9638211896
 10
537.1018766132
 20
332.4450960128
 10
539.2823451988
 20
332.988317384
 10
541.414399991
 20
333.5921961655
 10
543.4929813361
 20
334.2552992715
 10
545.5131564799
 20
334.9760530688
 10
547.4701312743
 20
335.7527471114
 10
549.359261554
 20
336.5835381995
 10
551.176064158
 20
337.4664547539
 10
552.9162275685
 20
338.3994014943
 10
554.575622143
 20
339.3801644123
 10
556.1503099141
 20
340.4064160252
 10
557.6365539354
 20
341.4757208992
 10
559.0308271492
 20
342.5855414298
 10
560.3298207571
 20
343.7332438631
 10
561.5304520719
 20
344.9161045462
 10
562.6298718335
 20
346.1313163912
 10
563.6254709705
 20
347.3759955363
 10
564.5148867917
 20
348.6471881902
 10
565.2960085935
 20
349.9418776409
 10
565.9669826683
 20
351.2569914158
 10
566.5262167042
 20
352.5894085724
 10
566.9723835633
 20
353.935967105
 10
567.3044244315
 20
355.2934714485
 10
567.5215513309
 20
356.658700062
 10
567.6232489902
 20
358.0284130736
 10
567.6092760671
 20
359.3993599696
 10
567.4796657212
 20
360.7682873081
 10
567.2347255353
 20
362.1319464397
 10
566.8750367856
 20
363.4871012173
 10
566.401453062
 20
364.8305356757
 10
565.8150982426
 20
366.1590616638
 10
565.1173638264
 20
367.46952641
 10
564.3099056315
 20
368.7588200047
 10
563.3946398651
 20
370.0238827802
 10
562.3737385762
 20
371.2617125719
 10
561.2496245016
 20
372.4693718425
 10
560.0249653154
 20
373.6439946538
 10
558.7026672993
 20
374.7827934673
 10
557.2858684448
 20
375.8830657597
 10
555.7779310069
 20
376.9422004365
 10
554.1824335245
 20
377.957684028
 10
552.5031623284
 20
378.9271066548
 10
550.7441025558
 20
379.848167746
 10
548.9094286929
 20
380.7186814995
 10
547.0034946684
 20
381.5365820687
 10
545.0308235208
 20
382.2999284651
 10
542.996096665
 20
383.0069091648
 10
540.9041427824
 20
383.6558464071
 10
538.7599263618
 20
384.2452001764
 10
536.5685359181
 20
384.7735718566
 10
534.3351719166
 20
385.2397075506
 10
532.0651344313
 20
385.6425010553
 10
529.7638105676
 20
385.9809964875
 10
527.4366616775
 20
386.2543905518
 10
525.0892103994
 20
386.4620344472
 10
522.7270275518
 20
386.6034354067
 10
520.3557189135
 20
386.6782578667
 10
517.9809119198
 20
386.6863242635
 10
515.6082423082
 20
386.6276154545
 10
513.2433407437
 20
386.5022707635
 10
510.891819457
 20
386.3105876504
 10
508.5592589254
 20
386.0530210051
 10
506.2511946297
 20
385.730182068
 10
503.973103918
 20
385.3428369794
 10
501.7303930069
 20
384.8919049616
 10
499.5283841521
 20
384.3784561371
 10
497.3723030176
 20
383.8037089892
 10
495.267266275
 20
383.1690274704
 10
493.2182694605
 20
382.4759177656
 10
491.23017512
 20
381.7260247177
 10
489.3077012697
 20
380.9211279241
 10
487.4554101994
 20
380.0631375134
 10
485.6776976458
 20
379.1540896127
 10
483.9787823607
 20
378.1961415154
 10
482.3626960992
 20
377.1915665615
 10
480.8332740521
 20
376.1427487429
 10
479.3941457444
 20
375.0521770459
 10
478.0487264216
 20
373.9224395442
 10
476.8002089455
 20
372.7562172575
 10
475.6515562164
 20
371.5562777884
 10
474.6054941422
 20
370.3254687554
 10
473.6645051695
 20
369.0667110343
 10
472.830822392
 20
367.782991827
 10
472.1064242514
 20
366.4773575726
 10
471.4930298424
 20
365.1529067171
 10
470.9920948325
 20
363.8127823613
 10
470.6048080082
 20
362.460164801
 10
470.3320884533
 20
361.0982639802
 10
470.1745833682
 20
359.7303118734
 10
470.1392701244
 20
359.0485466857
  0
ARC
  5
26F
330
1F
100
AcDbEntity
  8
0
  6
Continuous
 62
     7
370
    25
100
AcDbCircle
 10
500.6103073607
 20
324.1200478914
 30
0.0
 40
8.140745282423163
100
AcDbArc
 50
78.2467302788
 51
85.3394178646
  0
LINE
  5
270
330
1F
100
AcDbEntity
  8
0
  6
Continuous
 62
     7
370
    25
100
AcDbLine
 10
502.1853608243
 20
332.7612830687
 30
0.0
 11
501.2717659626
 21
332.2338759812
 31
0.0
  0
LINE
  5
271
330
1F
100
AcDbEntity
  8
0
  6
Continuous
 62
     7
370
    25
100
AcDbLine
 10
502.2685578192
 20
332.0901130837
 30
0.0
 11
502.2685578192
 21
321.7200447728
 31
0.0
  0
LWPOLYLINE
  5
272
330
1F
100
AcDbEntity
  8
0
  6
Continuous
 62
     7
370
    25
100
AcDbPolyline
 90
       41
 70
   128
 43
0.0
 10
502.2685578192
 20
321.7200447728
 10
504.5203050866
 20
321.2843788727
 10
506.8061335723
 20
320.9125358369
 10
509.120618697
 20
320.6053980992
 10
511.4582678752
 20
320.3636945387
 10
513.81353355
 20
320.1879987507
 10
516.1808263579
 20
320.0787276849
 10
518.5545283939
 20
320.0361406564
 10
520.9290065427
 20
320.0603387299
 10
523.2986258471
 20
320.1512644801
 10
525.657762881
 20
320.308702128
 10
528.0008190936
 20
320.5322780527
 10
530.3222340965
 20
320.8214616785
 10
532.6164988587
 20
321.1755667335
 10
534.8781687802
 20
321.5937528787
 10
537.1018766132
 20
322.0750277019
 10
539.2823451988
 20
322.6182490731
 10
541.414399991
 20
323.2221278545
 10
543.4929813361
 20
323.8852309605
 10
545.5131564799
 20
324.6059847578
 10
547.4701312743
 20
325.3826788004
 10
549.359261554
 20
326.2134698886
 10
551.176064158
 20
327.096386443
 10
552.9162275685
 20
328.0293331834
 10
554.575622143
 20
329.0100961014
 10
556.1503099141
 20
330.0363477142
 10
557.6365539354
 20
331.1056525883
 10
559.0308271492
 20
332.2154731189
 10
560.3298207571
 20
333.3631755521
 10
561.5304520719
 20
334.5460362352
 10
562.6298718335
 20
335.7612480802
 10
563.6254709705
 20
337.0059272254
 10
564.5148867917
 20
338.2771198792
 10
565.2960085935
 20
339.5718093299
 10
565.9669826683
 20
340.8869231048
 10
566.5262167042
 20
342.2193402614
 10
566.9723835633
 20
343.565898794
 10
567.3044244315
 20
344.9234031376
 10
567.5215513309
 20
346.288631751
 10
567.6232489902
 20
347.6583447626
 10
567.6315695377
 20
348.1782833382
  0
LINE
  5
273
330
1F
100
AcDbEntity
  8
0
  6
Continuous
 62
     7
370
    25
100
AcDbLine
 10
448.8072875221
 20
320.6009217317
 30
0.0
 11
451.2644835867
 21
322.019430826
 31
0.0
  0
LINE
  5
274
330
1F
100
AcDbEntity
  8
0
  6
Continuous
 62
     7
370
    25
100
AcDbLine
 10
475.3223742071
 20
359.2404091595
 30
0.0
 11
448.8072875221
 21
343.9335754314
 31
0.0
  0
LINE
  5
275
330
1F
100
AcDbEntity
  8
0
  6
Continuous
 62
     7
370
    25
100
AcDbLine
 10
475.3237918166
 20
359.2395905249
 30
0.0
 11
475.3223742071
 21
359.2404091595
 31
0.0
  0
LINE
  5
276
330
1F
100
AcDbEntity
  8
0
  6
Continuous
 62
     7
370
    25
100
AcDbLine
 10
475.3237918166
 20
352.7326518147
 30
0.0
 11
475.3237918166
 21
359.2395905249
 31
0.0
  0
LINE
  5
277
330
1F
100
AcDbEntity
  8
0
  6
Continuous
 62
     7
370
    25
100
AcDbLine
 10
472.8969979476
 20
360.6405490713
 30
0.0
 11
446.3819112626
 21
345.3337153432
 31
0.0
  0
LINE
  5
278
330
1F
100
AcDbEntity
  8
0
  6
Continuous
 62
     7
370
    25
100
AcDbLine
 10
475.3223742071
 20
359.2404091595
 30
0.0
 11
472.8969979476
 21
360.6405490713
 31
0.0
  0
LINE
  5
279
330
1F
100
AcDbEntity
  8
0
  6
Continuous
 62
     7
370
    25
100
AcDbLine
 10
493.4964360931
 20
348.748746288
 30
0.0
 11
475.3237918166
 21
359.2395905249
 31
0.0
  0
SPLINE
  5
27A
330
1F
100
AcDbEntity
  8
0
  6
Continuous
 62
     7
370
    25
100
AcDbSpline
210
0.0
220
0.0
230
1.0
 70
     8
 71
     3
 72
    18
 73
    14
 74
     0
 42
0.00000001
 43
0.00000001
 40
0.0
 40
0.0
 40
0.0
 40
0.0
 40
0.1249999999999999
 40
0.1249999999999999
 40
0.2499999999999998
 40
0.2499999999999998
 40
0.5000000000000009
 40
0.5000000000000009
 40
0.7500000000000019
 40
0.7500000000000019
 40
0.875000000000001
 40
0.875000000000001
 40
1.0
 40
1.0
 40
1.0
 40
1.0
 10
501.2717659626037
 20
332.2338759811929
 30
0.0
 10
501.0579853055199
 20
332.2515064021095
 30
0.0
 10
500.8467060531443
 20
332.2787405727124
 30
0.0
 10
500.4274586590269
 20
332.3434892135721
 30
0.0
 10
500.2178199194122
 20
332.3814991494452
 30
0.0
 10
499.611379351331
 20
332.5002907075084
 30
0.0
 10
499.2303838818287
 20
332.5862985494029
 30
0.0
 10
498.5103723731363
 20
332.7497852140443
 30
0.0
 10
498.1809417299497
 20
332.825491796079
 30
0.0
 10
497.7217721749644
 20
332.9234742175462
 30
0.0
 10
497.574683350485
 20
332.9535565673783
 30
0.0
 10
497.2918552787639
 20
333.0073958716759
 30
0.0
 10
497.1562700911902
 20
333.0310902574037
 30
0.0
 10
497.0291252754844
 20
333.0505494931417
 30
0.0
  0
ARC
  5
27B
330
1F
100
AcDbEntity
  8
0
  6
Continuous
 62
     7
370
    25
100
AcDbCircle
 10
500.5783861418
 20
314.1432243593
 30
0.0
 40
7.763046301371142
100
AcDbArc
 50
77.4248378196
 51
117.2065432968
  0
ELLIPSE
  5
27C
330
1F
100
AcDbEntity
  8
0
  6
Continuous
 62
     7
370
    25
100
AcDbEllipse
 10
502.1853608243
 20
334.3943646925
 30
0.0
 11
2.828427124746156
 21
0.0
 31
0.0
210
0.0
220
0.0
230
1.0
 40
0.5773815452
 41
3.141592653589793
 42
4.712388980384698
  0
LWPOLYLINE
  5
27D
330
1F
100
AcDbEntity
  8
0
  6
Continuous
 62
     7
370
    25
100
AcDbPolyline
 90
       46
 70
   128
 43
0.0
 10
552.1919099979
 20
353.3633174937
 10
551.6304407409
 20
354.4428907189
 10
550.9440591235
 20
355.5315502746
 10
550.1491881904
 20
356.5953287027
 10
549.2485175334
 20
357.6306265136
 10
548.2450947367
 20
358.6339405873
 10
547.1423150656
 20
359.6018760266
 10
545.9439099774
 20
360.5311576442
 10
544.6539344955
 20
361.4186410453
 10
543.2767534886
 20
362.2613232672
 10
541.8170269013
 20
363.0563529398
 10
540.2796939864
 20
363.8010399344
 10
538.6699565918
 20
364.4928644659
 10
536.9932615592
 20
365.1294856192
 10
535.255282294
 20
365.7087492697
 10
533.4618995677
 20
366.2286953726
 10
531.61918162
 20
366.687564595
 10
529.7333636249
 20
367.0838042685
 10
527.8108265937
 20
367.4160736437
 10
525.8580757831
 20
367.683248426
 10
523.8817186838
 20
367.8844245806
 10
521.8884426625
 20
368.0189213911
 10
519.8849923343
 20
368.0862837628
 10
517.878146741
 20
368.0862837628
 10
515.8746964129
 20
368.0189213911
 10
513.8814203916
 20
367.8844245806
 10
511.9050632922
 20
367.683248426
 10
509.9523124816
 20
367.4160736437
 10
508.0297754504
 20
367.0838042685
 10
506.1439574554
 20
366.687564595
 10
504.3012395076
 20
366.2286953726
 10
502.5078567814
 20
365.7087492697
 10
500.7698775161
 20
365.1294856192
 10
499.0931824836
 20
364.4928644659
 10
497.4834450889
 20
363.8010399344
 10
495.946112174
 20
363.0563529398
 10
494.4863855867
 20
362.2613232672
 10
493.1092045799
 20
361.4186410453
 10
491.8192290979
 20
360.5311576442
 10
490.6208240097
 20
359.6018760266
 10
489.5180443386
 20
358.6339405873
 10
488.514621542
 20
357.6306265136
 10
487.6139508849
 20
356.5953287027
 10
486.8190799518
 20
355.5315502746
 10
486.1326983344
 20
354.4428907189
 10
485.5712290774
 20
353.3633174937
  0
LINE
  5
27E
330
1F
100
AcDbEntity
  8
0
  6
Continuous
 62
     7
370
    25
100
AcDbLine
 10
466.9799317986
 20
331.9316695598
 30
0.0
 11
464.522735734
 21
330.5131604655
 31
0.0
  0
LINE
  5
27F
330
1F
100
AcDbEntity
  8
0
  6
Continuous
 62
     7
370
    25
100
AcDbLine
 10
499.3569337369
 20
334.3940992708
 30
0.0
 11
502.1853608243
 21
332.7612830687
 31
0.0
  0
LINE
  5
280
330
1F
100
AcDbEntity
  8
0
  6
Continuous
 62
     7
370
    25
100
AcDbLine
 10
204.1353601862
 20
233.1026599699
 30
0.0
 11
204.1353601862
 21
245.8026599699
 31
0.0
  0
LINE
  5
281
330
1F
100
AcDbEntity
  8
0
  6
Continuous
 62
     7
370
    25
100
AcDbLine
 10
106.6353601862
 20
245.8026599699
 30
0.0
 11
106.6353601862
 21
233.1026599699
 31
0.0
  0
LINE
  5
282
330
1F
100
AcDbEntity
  8
0
  6
Continuous
 62
     7
370
    25
100
AcDbLine
 10
137.6053601862
 20
234.8363254399
 30
0.0
 11
137.6053601862
 21
263.098293039
 31
0.0
  0
LINE
  5
283
330
1F
100
AcDbEntity
  8
0
  6
Continuous
 62
     7
370
    25
100
AcDbLine
 10
139.1053601862
 20
264.598293039
 30
0.0
 11
139.1053601862
 21
235.8765247218
 31
0.0
  0
LINE
  5
284
330
1F
100
AcDbEntity
  8
0
  6
Continuous
 62
     7
370
    25
100
AcDbLine
 10
139.1053601862
 20
235.8765247218
 30
0.0
 11
137.6053601862
 21
234.8363254399
 31
0.0
  0
LINE
  5
285
330
1F
100
AcDbEntity
  8
0
  6
Continuous
 62
     7
370
    25
100
AcDbLine
 10
137.6053601862
 20
263.098293039
 30
0.0
 11
139.1053601862
 21
264.598293039
 31
0.0
  0
LINE
  5
286
330
1F
100
AcDbEntity
  8
0
  6
Continuous
 62
     7
370
    25
100
AcDbLine
 10
164.7603601862
 20
236.023293039
 30
0.0
 11
168.2353601862
 21
236.023293039
 31
0.0
  0
LINE
  5
287
330
1F
100
AcDbEntity
  8
0
  6
Continuous
 62
     7
370
    25
100
AcDbLine
 10
168.2353601862
 20
264.598293039
 30
0.0
 11
168.2353601862
 21
236.023293039
 31
0.0
  0
LINE
  5
288
330
1F
100
AcDbEntity
  8
0
  6
Continuous
 62
     7
370
    25
100
AcDbLine
 10
168.2353601862
 20
264.598293039
 30
0.0
 11
171.6653601862
 21
264.598293039
 31
0.0
  0
LINE
  5
289
330
1F
100
AcDbEntity
  8
0
  6
Continuous
 62
     7
370
    25
100
AcDbLine
 10
171.6653601862
 20
235.8765247218
 30
0.0
 11
171.6653601862
 21
264.598293039
 31
0.0
  0
LINE
  5
28A
330
1F
100
AcDbEntity
  8
0
  6
Continuous
 62
     7
370
    25
100
AcDbLine
 10
139.1053601862
 20
235.8765247218
 30
0.0
 11
171.6653601862
 21
235.8765247218
 31
0.0
  0
LINE
  5
28B
330
1F
100
AcDbEntity
  8
0
  6
Continuous
 62
     7
370
    25
100
AcDbLine
 10
142.5353601862
 20
264.598293039
 30
0.0
 11
142.5353601862
 21
236.023293039
 31
0.0
  0
LINE
  5
28C
330
1F
100
AcDbEntity
  8
0
  6
Continuous
 62
     7
370
    25
100
AcDbLine
 10
146.0103601862
 20
236.023293039
 30
0.0
 11
142.5353601862
 21
236.023293039
 31
0.0
  0
LINE
  5
28D
330
1F
100
AcDbEntity
  8
0
  6
Continuous
 62
     7
370
    25
100
AcDbLine
 10
146.0103601862
 20
259.273293039
 30
0.0
 11
146.0103601862
 21
236.023293039
 31
0.0
  0
ARC
  5
28E
330
1F
100
AcDbEntity
  8
0
  6
Continuous
 62
     7
370
    25
100
AcDbCircle
 10
148.0103601862
 20
259.273293039
 30
0.0
 40
2.0
100
AcDbArc
 50
90.0
 51
180.0
  0
LINE
  5
28F
330
1F
100
AcDbEntity
  8
0
  6
Continuous
 62
     7
370
    25
100
AcDbLine
 10
148.0103601862
 20
261.273293039
 30
0.0
 11
162.7603601862
 21
261.273293039
 31
0.0
  0
ARC
  5
290
330
1F
100
AcDbEntity
  8
0
  6
Continuous
 62
     7
370
    25
100
AcDbCircle
 10
162.7603601862
 20
259.273293039
 30
0.0
 40
2.0
100
AcDbArc
 50
0.0
 51
90.0
  0
LINE
  5
291
330
1F
100
AcDbEntity
  8
0
  6
Continuous
 62
     7
370
    25
100
AcDbLine
 10
164.7603601862
 20
259.273293039
 30
0.0
 11
164.7603601862
 21
236.023293039
 31
0.0
  0
LINE
  5
292
330
1F
100
AcDbEntity
  8
0
  6
Continuous
 62
     7
370
    25
100
AcDbLine
 10
139.1053601862
 20
264.598293039
 30
0.0
 11
142.5353601862
 21
264.598293039
 31
0.0
  0
LINE
  5
293
330
1F
100
AcDbEntity
  8
0
  6
Continuous
 62
     7
370
    25
100
AcDbLine
 10
173.1653601862
 20
234.8363254399
 30
0.0
 11
171.6653601862
 21
235.8765247218
 31
0.0
  0
LINE
  5
294
330
1F
100
AcDbEntity
  8
0
  6
Continuous
 62
     7
370
    25
100
AcDbLine
 10
173.1653601862
 20
234.8363254399
 30
0.0
 11
173.1653601862
 21
233.1026599699
 31
0.0
  0
LINE
  5
295
330
1F
100
AcDbEntity
  8
0
  6
Continuous
 62
     7
370
    25
100
AcDbLine
 10
173.1653601862
 20
233.1026599699
 30
0.0
 11
137.6053601862
 21
233.1026599699
 31
0.0
  0
LINE
  5
296
330
1F
100
AcDbEntity
  8
0
  6
Continuous
 62
     7
370
    25
100
AcDbLine
 10
137.6053601862
 20
233.1026599699
 30
0.0
 11
137.6053601862
 21
234.8363254399
 31
0.0
  0
LINE
  5
297
330
1F
100
AcDbEntity
  8
0
  6
Continuous
 62
     7
370
    25
100
AcDbLine
 10
173.1653601862
 20
263.098293039
 30
0.0
 11
173.1653601862
 21
234.8363254399
 31
0.0
  0
LINE
  5
298
330
1F
100
AcDbEntity
  8
0
  6
Continuous
 62
     7
370
    25
100
AcDbLine
 10
171.6653601862
 20
264.598293039
 30
0.0
 11
173.1653601862
 21
263.098293039
 31
0.0
  0
LINE
  5
299
330
1F
100
AcDbEntity
  8
0
  6
Continuous
 62
     7
370
    25
100
AcDbLine
 10
168.2353601862
 20
264.5962882364
 30
0.0
 11
142.5353601862
 21
264.5962882364
 31
0.0
  0
LINE
  5
29A
330
1F
100
AcDbEntity
  8
0
  6
Continuous
 62
     7
370
    25
100
AcDbLine
 10
134.7244299537
 20
233.1026599699
 30
0.0
 11
134.7244299537
 21
245.8026599699
 31
0.0
  0
LINE
  5
29B
330
1F
100
AcDbEntity
  8
0
  6
Continuous
 62
     7
370
    25
100
AcDbLine
 10
134.7244299537
 20
245.8026599699
 30
0.0
 11
135.6053601862
 21
245.8026599699
 31
0.0
  0
SPLINE
  5
29C
330
1F
100
AcDbEntity
  8
0
  6
Continuous
 62
     7
370
    25
100
AcDbSpline
210
0.0
220
0.0
230
1.0
 70
     8
 71
     3
 72
    18
 73
    14
 74
     0
 42
0.00000001
 43
0.00000001
 40
0.0
 40
0.0
 40
0.0
 40
0.0
 40
0.125
 40
0.125
 40
0.2500000000000001
 40
0.2500000000000001
 40
0.500000000000001
 40
0.500000000000001
 40
0.750000000000002
 40
0.750000000000002
 40
0.875000000000001
 40
0.875000000000001
 40
1.0
 40
1.0
 40
1.0
 40
1.0
 10
135.6053601862302
 20
245.802659969939
 30
0.0
 10
135.7781210460136
 20
245.802659969939
 30
0.0
 10
135.9389387017213
 20
245.8245942663187
 30
0.0
 10
136.2396858363967
 20
245.8995967751457
 30
0.0
 10
136.3805604917687
 20
245.9535078500031
 30
0.0
 10
136.7620092825657
 20
246.146351069574
 30
0.0
 10
136.9668848585312
 20
246.3162014440403
 30
0.0
 10
137.2926412825442
 20
246.6997588481141
 30
0.0
 10
137.4093769634172
 20
246.908663149092
 30
0.0
 10
137.5268526955925
 20
247.2358326166129
 30
0.0
 10
137.5562231188664
 20
247.3472987768535
 30
0.0
 10
137.5955545596938
 20
247.57386671406
 30
0.0
 10
137.6053601862302
 20
247.68893831126
 30
0.0
 10
137.6053601862302
 20
247.802659969939
 30
0.0
  0
LINE
  5
29D
330
1F
100
AcDbEntity
  8
0
  6
Continuous
 62
     7
370
    25
100
AcDbLine
 10
137.6053601862
 20
233.1026599699
 30
0.0
 11
134.7244299537
 21
233.1026599699
 31
0.0
  0
SPLINE
  5
29E
330
1F
100
AcDbEntity
  8
0
  6
Continuous
 62
     7
370
    25
100
AcDbSpline
210
0.0
220
0.0
230
1.0
 70
     8
 71
     3
 72
    18
 73
    14
 74
     0
 42
0.00000001
 43
0.00000001
 40
0.0
 40
0.0
 40
0.0
 40
0.0
 40
0.1249999999999999
 40
0.1249999999999999
 40
0.2499999999999998
 40
0.2499999999999998
 40
0.5000000000000009
 40
0.5000000000000009
 40
0.7500000000000019
 40
0.7500000000000019
 40
0.875000000000001
 40
0.875000000000001
 40
1.0
 40
1.0
 40
1.0
 40
1.0
 10
175.1653601862302
 20
245.802659969939
 30
0.0
 10
174.9925993264469
 20
245.802659969939
 30
0.0
 10
174.8317816707392
 20
245.8245942663187
 30
0.0
 10
174.5310345360637
 20
245.8995967751457
 30
0.0
 10
174.3901598806917
 20
245.9535078500031
 30
0.0
 10
174.0087110898947
 20
246.146351069574
 30
0.0
 10
173.8038355139292
 20
246.3162014440403
 30
0.0
 10
173.4780790899162
 20
246.6997588481141
 30
0.0
 10
173.3613434090432
 20
246.908663149092
 30
0.0
 10
173.2438676768679
 20
247.2358326166129
 30
0.0
 10
173.2144972535941
 20
247.3472987768535
 30
0.0
 10
173.1751658127666
 20
247.57386671406
 30
0.0
 10
173.1653601862302
 20
247.6889383112679
 30
0.0
 10
173.1653601862302
 20
247.802659969939
 30
0.0
  0
LINE
  5
29F
330
1F
100
AcDbEntity
  8
0
  6
Continuous
 62
     7
370
    25
100
AcDbLine
 10
175.1653601862
 20
245.8026599699
 30
0.0
 11
176.0462904188
 21
245.8026599699
 31
0.0
  0
LINE
  5
2A0
330
1F
100
AcDbEntity
  8
0
  6
Continuous
 62
     7
370
    25
100
AcDbLine
 10
176.0462904188
 20
245.8026599699
 30
0.0
 11
176.0462904188
 21
233.1026599699
 31
0.0
  0
LINE
  5
2A1
330
1F
100
AcDbEntity
  8
0
  6
Continuous
 62
     7
370
    25
100
AcDbLine
 10
176.0462904188
 20
233.1026599699
 30
0.0
 11
173.1653601862
 21
233.1026599699
 31
0.0
  0
LINE
  5
2A2
330
1F
100
AcDbEntity
  8
0
  6
Continuous
 62
     7
370
    25
100
AcDbLine
 10
176.0462904188
 20
245.8026599699
 30
0.0
 11
204.1353601862
 21
245.8026599699
 31
0.0
  0
LINE
  5
2A3
330
1F
100
AcDbEntity
  8
0
  6
Continuous
 62
     7
370
    25
100
AcDbLine
 10
106.6353601862
 20
245.8026599699
 30
0.0
 11
134.7244299537
 21
245.8026599699
 31
0.0
  0
LINE
  5
2A4
330
1F
100
AcDbEntity
  8
0
  6
Continuous
 62
     7
370
    25
100
AcDbLine
 10
176.0462904188
 20
233.1026599699
 30
0.0
 11
204.1353601862
 21
233.1026599699
 31
0.0
  0
LINE
  5
2A5
330
1F
100
AcDbEntity
  8
0
  6
Continuous
 62
     7
370
    25
100
AcDbLine
 10
106.6353601862
 20
233.1026599699
 30
0.0
 11
134.7244299537
 21
233.1026599699
 31
0.0
  0
DIMENSION
  5
2A6
330
1F
100
AcDbEntity
  8
0
  6
Continuous
 62
     7
370
    18
100
AcDbDimension
  2
_D_13
 10
168.2353601862
 20
223.1026599699
 30
0.0
 11
175.615303537
 21
223.1026599699
 31
0.0
 70
   160
  1
<>
 71
     2
 42
-1.0
  3
SLDDIMSTYLE3
100
AcDbAlignedDimension
 13
164.7603601862
 23
236.023293039
 33
0.0
 14
168.2353601862
 24
236.023293039
 34
0.0
100
AcDbRotatedDimension
  0
DIMENSION
  5
2B2
330
1F
100
AcDbEntity
  8
0
  6
Continuous
 62
     7
370
    18
100
AcDbDimension
  2
_D_14
 10
146.0103601862
 20
223.1026599699
 30
0.0
 11
136.4634103626
 21
223.1026599699
 31
0.0
 70
   160
  1
<>
 71
     2
 42
-1.0
  3
SLDDIMSTYLE3
100
AcDbAlignedDimension
 13
142.5353601862
 23
236.023293039
 33
0.0
 14
146.0103601862
 24
236.023293039
 34
0.0
100
AcDbRotatedDimension
  0
DIMENSION
  5
2BE
330
1F
100
AcDbEntity
  8
0
  6
Continuous
 62
     7
370
    18
100
AcDbDimension
  2
_D_15
 10
181.8374870488
 20
264.5962882364
 30
0.0
 11
181.8374870488
 21
271.205397563
 31
0.0
 70
   160
  1
<>
 71
     2
 42
-1.0
  3
SLDDIMSTYLE3
100
AcDbAlignedDimension
 13
162.7603601862
 23
261.273293039
 33
0.0
 14
168.2353601862
 24
264.5962882364
 34
0.0
 50
90.0
100
AcDbRotatedDimension
  0
DIMENSION
  5
2CA
330
1F
100
AcDbEntity
  8
0
  6
Continuous
 62
     7
370
    18
100
AcDbDimension
  2
_D_16
 10
148.0103601862
 20
259.273293039
 30
0.0
 11
131.9153145541
 21
275.3683586711
 31
0.0
 70
   164
  1
<>
 71
     1
 42
-1.0
  3
SLDDIMSTYLE6
100
AcDbRadialDimension
 15
146.5961466239
 25
260.6875066014
 35
0.0
 40
0.0
  0
LINE
  5
2D3
330
1F
100
AcDbEntity
  8
0
  6
PHANTOM
 62
     7
370
    35
100
AcDbLine
 10
215.8353601862
 20
248.723293039
 30
0.0
 11
94.9353601862
 21
248.723293039
 31
0.0
  0
LINE
  5
2D4
330
1F
100
AcDbEntity
  8
0
  6
Continuous
 62
     7
370
    35
100
AcDbLine
 10
213.8353601862
 20
236.723293039
 30
0.0
 11
213.8353601862
 21
248.723293039
 31
0.0
  0
INSERT
  5
2D5
330
1F
100
AcDbEntity
  8
0
  6
Continuous
 62
     7
370
    35
100
AcDbBlockReference
  2
_Closed
 10
213.8353601862
 20
248.723293039
 30
0.0
 41
6.0
 42
6.0
 50
90.0
  0
LINE
  5
2D6
330
1F
100
AcDbEntity
  8
0
  6
Continuous
 62
     7
370
    35
100
AcDbLine
 10
96.9353601862
 20
236.723293039
 30
0.0
 11
96.9353601862
 21
248.723293039
 31
0.0
  0
INSERT
  5
2D7
330
1F
100
AcDbEntity
  8
0
  6
Continuous
 62
     7
370
    35
100
AcDbBlockReference
  2
_Closed
 10
96.9353601862
 20
248.723293039
 30
0.0
 41
6.0
 42
6.0
 50
90.0
  0
MTEXT
  5
2D8
330
1F
100
AcDbEntity
  8
0
  6
Continuous
 62
     7
100
AcDbMText
 10
216.3389851135
 20
246.804734591
 30
0.0
 40
6.35
 41
0.0
 71
     1
 72
     1
  1
A
  7
SLDTEXTSTYLE0
 73
     1
 44
1.0
  0
MTEXT
  5
2D9
330
1F
100
AcDbEntity
  8
0
  6
Continuous
 62
     7
100
AcDbMText
 10
88.1726729408
 20
246.804734591
 30
0.0
 40
6.35
 41
0.0
 71
     1
 72
     1
  1
A
  7
SLDTEXTSTYLE0
 73
     1
 44
1.0
  0
LINE
  5
2DA
330
1F
100
AcDbEntity
  8
0
  6
Continuous
 62
     7
370
    25
100
AcDbLine
 10
164.7603601862
 20
129.7098188479
 30
0.0
 11
146.0103601862
 21
129.7098188479
 31
0.0
  0
LINE
  5
2DB
330
1F
100
AcDbEntity
  8
0
  6
Continuous
 62
     7
370
    25
100
AcDbLine
 10
164.7603601862
 20
129.7098188479
 30
0.0
 11
164.7603601862
 21
121.7098188479
 31
0.0
  0
LINE
  5
2DC
330
1F
100
AcDbEntity
  8
0
  6
Continuous
 62
     7
370
    25
100
AcDbLine
 10
168.2353601862
 20
121.7098188479
 30
0.0
 11
164.7603601862
 21
121.7098188479
 31
0.0
  0
LINE
  5
2DD
330
1F
100
AcDbEntity
  8
0
  6
Continuous
 62
     7
370
    25
100
AcDbLine
 10
168.2353601862
 20
129.7098188479
 30
0.0
 11
168.2353601862
 21
121.7098188479
 31
0.0
  0
LINE
  5
2DE
330
1F
100
AcDbEntity
  8
0
  6
Continuous
 62
     7
370
    25
100
AcDbLine
 10
173.1653601862
 20
129.7098188479
 30
0.0
 11
168.2353601862
 21
129.7098188479
 31
0.0
  0
LINE
  5
2DF
330
1F
100
AcDbEntity
  8
0
  6
Continuous
 62
     7
370
    25
100
AcDbLine
 10
173.1653601862
 20
129.7098188479
 30
0.0
 11
173.1653601862
 21
118.3518236505
 31
0.0
  0
LINE
  5
2E0
330
1F
100
AcDbEntity
  8
0
  6
Continuous
 62
     7
370
    25
100
AcDbLine
 10
173.1653601862
 20
118.3518236505
 30
0.0
 11
137.6053601862
 21
118.3518236505
 31
0.0
  0
LINE
  5
2E1
330
1F
100
AcDbEntity
  8
0
  6
Continuous
 62
     7
370
    25
100
AcDbLine
 10
137.6053601862
 20
129.7098188479
 30
0.0
 11
137.6053601862
 21
118.3518236505
 31
0.0
  0
LINE
  5
2E2
330
1F
100
AcDbEntity
  8
0
  6
Continuous
 62
     7
370
    25
100
AcDbLine
 10
142.5353601862
 20
129.7098188479
 30
0.0
 11
137.6053601862
 21
129.7098188479
 31
0.0
  0
LINE
  5
2E3
330
1F
100
AcDbEntity
  8
0
  6
Continuous
 62
     7
370
    25
100
AcDbLine
 10
142.5353601862
 20
121.7098188479
 30
0.0
 11
142.5353601862
 21
129.7098188479
 31
0.0
  0
LINE
  5
2E4
330
1F
100
AcDbEntity
  8
0
  6
Continuous
 62
     7
370
    25
100
AcDbLine
 10
146.0103601862
 20
121.7098188479
 30
0.0
 11
142.5353601862
 21
121.7098188479
 31
0.0
  0
LINE
  5
2E5
330
1F
100
AcDbEntity
  8
0
  6
Continuous
 62
     7
370
    25
100
AcDbLine
 10
146.0103601862
 20
121.7098188479
 30
0.0
 11
146.0103601862
 21
129.7098188479
 31
0.0
  0
LINE
  5
2E6
330
1F
100
AcDbEntity
  8
0
  6
Continuous
 62
     7
370
    25
100
AcDbLine
 10
137.6053601862
 20
134.7098188479
 30
0.0
 11
142.5353601862
 21
134.7098188479
 31
0.0
  0
LINE
  5
2E7
330
1F
100
AcDbEntity
  8
0
  6
Continuous
 62
     7
370
    25
100
AcDbLine
 10
142.5353601862
 20
134.7098188479
 30
0.0
 11
142.5353601862
 21
129.7098188479
 31
0.0
  0
LINE
  5
2E8
330
1F
100
AcDbEntity
  8
0
  6
Continuous
 62
     7
370
    25
100
AcDbLine
 10
137.6053601862
 20
129.7098188479
 30
0.0
 11
137.6053601862
 21
134.7098188479
 31
0.0
  0
LINE
  5
2E9
330
1F
100
AcDbEntity
  8
0
  6
Continuous
 62
     7
370
    25
100
AcDbLine
 10
168.2353601862
 20
134.7098188479
 30
0.0
 11
173.1653601862
 21
134.7098188479
 31
0.0
  0
LINE
  5
2EA
330
1F
100
AcDbEntity
  8
0
  6
Continuous
 62
     7
370
    25
100
AcDbLine
 10
168.2353601862
 20
129.7098188479
 30
0.0
 11
168.2353601862
 21
134.7098188479
 31
0.0
  0
LINE
  5
2EB
330
1F
100
AcDbEntity
  8
0
  6
Continuous
 62
     7
370
    25
100
AcDbLine
 10
173.1653601862
 20
129.7098188479
 30
0.0
 11
173.1653601862
 21
134.7098188479
 31
0.0
  0
LINE
  5
2EC
330
1F
100
AcDbEntity
  8
0
  6
Continuous
 62
     7
370
    25
100
AcDbLine
 10
146.0103601862
 20
134.7098188479
 30
0.0
 11
164.7603601862
 21
134.7098188479
 31
0.0
  0
LINE
  5
2ED
330
1F
100
AcDbEntity
  8
0
  6
Continuous
 62
     7
370
    25
100
AcDbLine
 10
164.7603601862
 20
129.7098188479
 30
0.0
 11
164.7603601862
 21
134.7098188479
 31
0.0
  0
LINE
  5
2EE
330
1F
100
AcDbEntity
  8
0
  6
Continuous
 62
     7
370
    25
100
AcDbLine
 10
146.0103601862
 20
134.7098188479
 30
0.0
 11
146.0103601862
 21
129.7098188479
 31
0.0
  0
LINE
  5
2EF
330
1F
100
AcDbEntity
  8
0
  6
Continuous
 62
     7
370
    25
100
AcDbLine
 10
142.5353601862
 20
146.7098188479
 30
0.0
 11
137.6053601862
 21
146.7098188479
 31
0.0
  0
LINE
  5
2F0
330
1F
100
AcDbEntity
  8
0
  6
Continuous
 62
     7
370
    25
100
AcDbLine
 10
142.5353601862
 20
134.7098188479
 30
0.0
 11
142.5353601862
 21
146.7098188479
 31
0.0
  0
LINE
  5
2F1
330
1F
100
AcDbEntity
  8
0
  6
Continuous
 62
     7
370
    25
100
AcDbLine
 10
137.6053601862
 20
146.7098188479
 30
0.0
 11
137.6053601862
 21
134.7098188479
 31
0.0
  0
LINE
  5
2F2
330
1F
100
AcDbEntity
  8
0
  6
Continuous
 62
     7
370
    25
100
AcDbLine
 10
173.1653601862
 20
146.7098188479
 30
0.0
 11
168.2353601862
 21
146.7098188479
 31
0.0
  0
LINE
  5
2F3
330
1F
100
AcDbEntity
  8
0
  6
Continuous
 62
     7
370
    25
100
AcDbLine
 10
168.2353601862
 20
146.7098188479
 30
0.0
 11
168.2353601862
 21
134.7098188479
 31
0.0
  0
LINE
  5
2F4
330
1F
100
AcDbEntity
  8
0
  6
Continuous
 62
     7
370
    25
100
AcDbLine
 10
173.1653601862
 20
146.7098188479
 30
0.0
 11
173.1653601862
 21
134.7098188479
 31
0.0
  0
LINE
  5
2F5
330
1F
100
AcDbEntity
  8
0
  6
Continuous
 62
     7
370
    25
100
AcDbLine
 10
164.7603601862
 20
146.7098188479
 30
0.0
 11
146.0103601862
 21
146.7098188479
 31
0.0
  0
LINE
  5
2F6
330
1F
100
AcDbEntity
  8
0
  6
Continuous
 62
     7
370
    25
100
AcDbLine
 10
164.7603601862
 20
146.7098188479
 30
0.0
 11
164.7603601862
 21
134.7098188479
 31
0.0
  0
LINE
  5
2F7
330
1F
100
AcDbEntity
  8
0
  6
Continuous
 62
     7
370
    25
100
AcDbLine
 10
146.0103601862
 20
134.7098188479
 30
0.0
 11
146.0103601862
 21
146.7098188479
 31
0.0
  0
LINE
  5
2F8
330
1F
100
AcDbEntity
  8
0
  6
Continuous
 62
     7
370
    25
100
AcDbLine
 10
168.2353601862
 20
151.7098188479
 30
0.0
 11
173.1653601862
 21
151.7098188479
 31
0.0
  0
LINE
  5
2F9
330
1F
100
AcDbEntity
  8
0
  6
Continuous
 62
     7
370
    25
100
AcDbLine
 10
168.2353601862
 20
146.7098188479
 30
0.0
 11
168.2353601862
 21
151.7098188479
 31
0.0
  0
LINE
  5
2FA
330
1F
100
AcDbEntity
  8
0
  6
Continuous
 62
     7
370
    25
100
AcDbLine
 10
173.1653601862
 20
146.7098188479
 30
0.0
 11
173.1653601862
 21
151.7098188479
 31
0.0
  0
LINE
  5
2FB
330
1F
100
AcDbEntity
  8
0
  6
Continuous
 62
     7
370
    25
100
AcDbLine
 10
137.6053601862
 20
151.7098188479
 30
0.0
 11
142.5353601862
 21
151.7098188479
 31
0.0
  0
LINE
  5
2FC
330
1F
100
AcDbEntity
  8
0
  6
Continuous
 62
     7
370
    25
100
AcDbLine
 10
142.5353601862
 20
151.7098188479
 30
0.0
 11
142.5353601862
 21
146.7098188479
 31
0.0
  0
LINE
  5
2FD
330
1F
100
AcDbEntity
  8
0
  6
Continuous
 62
     7
370
    25
100
AcDbLine
 10
137.6053601862
 20
146.7098188479
 30
0.0
 11
137.6053601862
 21
151.7098188479
 31
0.0
  0
LINE
  5
2FE
330
1F
100
AcDbEntity
  8
0
  6
Continuous
 62
     7
370
    25
100
AcDbLine
 10
146.0103601862
 20
151.7098188479
 30
0.0
 11
164.7603601862
 21
151.7098188479
 31
0.0
  0
LINE
  5
2FF
330
1F
100
AcDbEntity
  8
0
  6
Continuous
 62
     7
370
    25
100
AcDbLine
 10
164.7603601862
 20
146.7098188479
 30
0.0
 11
164.7603601862
 21
151.7098188479
 31
0.0
  0
LINE
  5
300
330
1F
100
AcDbEntity
  8
0
  6
Continuous
 62
     7
370
    25
100
AcDbLine
 10
146.0103601862
 20
151.7098188479
 30
0.0
 11
146.0103601862
 21
146.7098188479
 31
0.0
  0
LINE
  5
301
330
1F
100
AcDbEntity
  8
0
  6
Continuous
 62
     7
370
    25
100
AcDbLine
 10
171.6653601862
 20
159.2098188479
 30
0.0
 11
173.1653601862
 21
157.7098188479
 31
0.0
  0
LINE
  5
302
330
1F
100
AcDbEntity
  8
0
  6
Continuous
 62
     7
370
    25
100
AcDbLine
 10
171.6653601862
 20
159.2098188479
 30
0.0
 11
168.2353601862
 21
159.2098188479
 31
0.0
  0
LINE
  5
303
330
1F
100
AcDbEntity
  8
0
  6
Continuous
 62
     7
370
    25
100
AcDbLine
 10
168.2353601862
 20
159.2098188479
 30
0.0
 11
168.2353601862
 21
151.7098188479
 31
0.0
  0
LINE
  5
304
330
1F
100
AcDbEntity
  8
0
  6
Continuous
 62
     7
370
    25
100
AcDbLine
 10
173.1653601862
 20
157.7098188479
 30
0.0
 11
173.1653601862
 21
151.7098188479
 31
0.0
  0
LINE
  5
305
330
1F
100
AcDbEntity
  8
0
  6
Continuous
 62
     7
370
    25
100
AcDbLine
 10
137.6053601862
 20
157.7098188479
 30
0.0
 11
139.1053601862
 21
159.2098188479
 31
0.0
  0
LINE
  5
306
330
1F
100
AcDbEntity
  8
0
  6
Continuous
 62
     7
370
    25
100
AcDbLine
 10
142.5353601862
 20
159.2098188479
 30
0.0
 11
139.1053601862
 21
159.2098188479
 31
0.0
  0
LINE
  5
307
330
1F
100
AcDbEntity
  8
0
  6
Continuous
 62
     7
370
    25
100
AcDbLine
 10
142.5353601862
 20
151.7098188479
 30
0.0
 11
142.5353601862
 21
159.2098188479
 31
0.0
  0
LINE
  5
308
330
1F
100
AcDbEntity
  8
0
  6
Continuous
 62
     7
370
    25
100
AcDbLine
 10
137.6053601862
 20
157.7098188479
 30
0.0
 11
137.6053601862
 21
151.7098188479
 31
0.0
  0
LINE
  5
309
330
1F
100
AcDbEntity
  8
0
  6
Continuous
 62
     7
370
    25
100
AcDbLine
 10
164.7603601862
 20
159.2098188479
 30
0.0
 11
146.0103601862
 21
159.2098188479
 31
0.0
  0
LINE
  5
30A
330
1F
100
AcDbEntity
  8
0
  6
Continuous
 62
     7
370
    25
100
AcDbLine
 10
164.7603601862
 20
159.2098188479
 30
0.0
 11
164.7603601862
 21
151.7098188479
 31
0.0
  0
LINE
  5
30B
330
1F
100
AcDbEntity
  8
0
  6
Continuous
 62
     7
370
    25
100
AcDbLine
 10
146.0103601862
 20
151.7098188479
 30
0.0
 11
146.0103601862
 21
159.2098188479
 31
0.0
  0
HATCH
  5
30C
330
1F
100
AcDbEntity
  8
0
  6
Continuous
 62
     7
370
    18
100
AcDbHatch
 10
0.0
 20
0.0
 30
0.0
210
0.0
220
0.0
230
1.0
  2
ANSI38
 70
     0
 71
     0
 91
        1
 92
        0
 93
        4
 72
     1
 10
142.5353601862303
 20
134.7098188478596
 11
142.5353601862303
 21
146.7098188478596
 72
     1
 10
142.5353601862303
 20
146.7098188478596
 11
137.6053601862303
 21
146.7098188478596
 72
     1
 10
137.6053601862303
 20
146.7098188478596
 11
137.6053601862303
 21
134.7098188478596
 72
     1
 10
137.6053601862303
 20
134.7098188478596
 11
142.5353601862303
 21
134.7098188478596
 97
        0
 75
     0
 76
     1
 52
0.0
 41
1.0
 77
     0
 78
     2
 53
45.0
 43
0.0
 44
0.0
 45
-2.245064030267288
 46
2.245064030267288
 79
     0
 53
135.0
 43
0.0
 44
0.0
 45
-6.735192090801864
 46
2.245064030267289
 79
     2
 49
7.9375
 49
-4.7625
 98
        1
 10
0.0
 20
0.0
  0
HATCH
  5
30D
330
1F
100
AcDbEntity
  8
0
  6
Continuous
 62
     7
370
    18
100
AcDbHatch
 10
0.0
 20
0.0
 30
0.0
210
0.0
220
0.0
230
1.0
  2
ANSI38
 70
     0
 71
     0
 91
        1
 92
        0
 93
        5
 72
     1
 10
171.6653601862303
 20
159.2098188478595
 11
168.2353601862304
 21
159.2098188478595
 72
     1
 10
168.2353601862304
 20
159.2098188478595
 11
168.2353601862303
 21
151.7098188478595
 72
     1
 10
168.2353601862303
 20
151.7098188478595
 11
173.1653601862303
 21
151.7098188478595
 72
     1
 10
173.1653601862303
 20
151.7098188478595
 11
173.1653601862303
 21
157.7098188478595
 72
     1
 10
173.1653601862303
 20
157.7098188478595
 11
171.6653601862303
 21
159.2098188478595
 97
        0
 75
     0
 76
     1
 52
0.0
 41
1.0
 77
     0
 78
     2
 53
45.0
 43
0.0
 44
0.0
 45
-2.245064030267288
 46
2.245064030267288
 79
     0
 53
135.0
 43
0.0
 44
0.0
 45
-6.735192090801864
 46
2.245064030267289
 79
     2
 49
7.9375
 49
-4.7625
 98
        1
 10
0.0
 20
0.0
  0
HATCH
  5
30E
330
1F
100
AcDbEntity
  8
0
  6
Continuous
 62
     7
370
    18
100
AcDbHatch
 10
0.0
 20
0.0
 30
0.0
210
0.0
220
0.0
230
1.0
  2
ANSI38
 70
     0
 71
     0
 91
        1
 92
        0
 93
        5
 72
     1
 10
137.6053601862303
 20
151.7098188478596
 11
142.5353601862303
 21
151.7098188478596
 72
     1
 10
142.5353601862303
 20
151.7098188478596
 11
142.5353601862304
 21
159.2098188478596
 72
     1
 10
142.5353601862304
 20
159.2098188478596
 11
139.1053601862304
 21
159.2098188478596
 72
     1
 10
139.1053601862304
 20
159.2098188478596
 11
137.6053601862303
 21
157.7098188478596
 72
     1
 10
137.6053601862303
 20
157.7098188478596
 11
137.6053601862303
 21
151.7098188478596
 97
        0
 75
     0
 76
     1
 52
0.0
 41
1.0
 77
     0
 78
     2
 53
45.0
 43
0.0
 44
0.0
 45
-2.245064030267288
 46
2.245064030267288
 79
     0
 53
135.0
 43
0.0
 44
0.0
 45
-6.735192090801864
 46
2.245064030267289
 79
     2
 49
7.9375
 49
-4.7625
 98
        1
 10
0.0
 20
0.0
  0
HATCH
  5
30F
330
1F
100
AcDbEntity
  8
0
  6
Continuous
 62
     7
370
    18
100
AcDbHatch
 10
0.0
 20
0.0
 30
0.0
210
0.0
220
0.0
230
1.0
  2
ANSI38
 70
     0
 71
     0
 91
        1
 92
        0
 93
        4
 72
     1
 10
173.1653601862303
 20
134.7098188478595
 11
173.1653601862303
 21
146.7098188478595
 72
     1
 10
173.1653601862303
 20
146.7098188478595
 11
168.2353601862303
 21
146.7098188478595
 72
     1
 10
168.2353601862303
 20
146.7098188478595
 11
168.2353601862303
 21
134.7098188478595
 72
     1
 10
168.2353601862303
 20
134.7098188478595
 11
173.1653601862303
 21
134.7098188478595
 97
        0
 75
     0
 76
     1
 52
0.0
 41
1.0
 77
     0
 78
     2
 53
45.0
 43
0.0
 44
0.0
 45
-2.245064030267288
 46
2.245064030267288
 79
     0
 53
135.0
 43
0.0
 44
0.0
 45
-6.735192090801864
 46
2.245064030267289
 79
     2
 49
7.9375
 49
-4.7625
 98
        1
 10
0.0
 20
0.0
  0
HATCH
  5
310
330
1F
100
AcDbEntity
  8
0
  6
Continuous
 62
     7
370
    18
100
AcDbHatch
 10
0.0
 20
0.0
 30
0.0
210
0.0
220
0.0
230
1.0
  2
ANSI38
 70
     0
 71
     0
 91
        1
 92
        0
 93
       12
 72
     1
 10
146.0103601862303
 20
129.7098188478596
 11
146.0103601862302
 21
121.7098188478596
 72
     1
 10
146.0103601862302
 20
121.7098188478596
 11
142.5353601862302
 21
121.7098188478596
 72
     1
 10
142.5353601862302
 20
121.7098188478596
 11
142.5353601862303
 21
129.7098188478596
 72
     1
 10
142.5353601862303
 20
129.7098188478596
 11
137.6053601862303
 21
129.7098188478596
 72
     1
 10
137.6053601862303
 20
129.7098188478596
 11
137.6053601862302
 21
118.3518236504678
 72
     1
 10
137.6053601862302
 20
118.3518236504678
 11
173.1653601862302
 21
118.3518236504676
 72
     1
 10
173.1653601862302
 20
118.3518236504676
 11
173.1653601862302
 21
129.7098188478595
 72
     1
 10
173.1653601862302
 20
129.7098188478595
 11
168.2353601862303
 21
129.7098188478595
 72
     1
 10
168.2353601862303
 20
129.7098188478595
 11
168.2353601862302
 21
121.7098188478595
 72
     1
 10
168.2353601862302
 20
121.7098188478595
 11
164.7603601862302
 21
121.7098188478595
 72
     1
 10
164.7603601862302
 20
121.7098188478595
 11
164.7603601862303
 21
129.7098188478595
 72
     1
 10
164.7603601862303
 20
129.7098188478595
 11
146.0103601862303
 21
129.7098188478596
 97
        0
 75
     0
 76
     1
 52
0.0
 41
1.0
 77
     0
 78
     2
 53
45.0
 43
0.0
 44
0.0
 45
-2.245064030267288
 46
2.245064030267288
 79
     0
 53
135.0
 43
0.0
 44
0.0
 45
-6.735192090801864
 46
2.245064030267289
 79
     2
 49
7.9375
 49
-4.7625
 98
        1
 10
0.0
 20
0.0
  0
HATCH
  5
311
330
1F
100
AcDbEntity
  8
0
  6
Continuous
 62
     7
370
    18
100
AcDbHatch
 10
0.0
 20
0.0
 30
0.0
210
0.0
220
0.0
230
1.0
  2
ANSI38
 70
     0
 71
     0
 91
        1
 92
        0
 93
        4
 72
     1
 10
164.7603601862303
 20
134.7098188478595
 11
164.7603601862303
 21
146.7098188478595
 72
     1
 10
164.7603601862303
 20
146.7098188478595
 11
146.0103601862303
 21
146.7098188478596
 72
     1
 10
146.0103601862303
 20
146.7098188478596
 11
146.0103601862303
 21
134.7098188478596
 72
     1
 10
146.0103601862303
 20
134.7098188478596
 11
164.7603601862303
 21
134.7098188478595
 97
        0
 75
     0
 76
     1
 52
0.0
 41
1.0
 77
     0
 78
     2
 53
45.0
 43
0.0
 44
0.0
 45
-2.245064030267288
 46
2.245064030267288
 79
     0
 53
135.0
 43
0.0
 44
0.0
 45
-6.735192090801864
 46
2.245064030267289
 79
     2
 49
7.9375
 49
-4.7625
 98
        1
 10
0.0
 20
0.0
  0
HATCH
  5
312
330
1F
100
AcDbEntity
  8
0
  6
Continuous
 62
     7
370
    18
100
AcDbHatch
 10
0.0
 20
0.0
 30
0.0
210
0.0
220
0.0
230
1.0
  2
ANSI38
 70
     0
 71
     0
 91
        1
 92
        0
 93
        4
 72
     1
 10
164.7603601862303
 20
151.7098188478595
 11
164.7603601862304
 21
159.2098188478595
 72
     1
 10
164.7603601862304
 20
159.2098188478595
 11
146.0103601862304
 21
159.2098188478596
 72
     1
 10
146.0103601862304
 20
159.2098188478596
 11
146.0103601862303
 21
151.7098188478596
 72
     1
 10
146.0103601862303
 20
151.7098188478596
 11
164.7603601862303
 21
151.7098188478595
 97
        0
 75
     0
 76
     1
 52
0.0
 41
1.0
 77
     0
 78
     2
 53
45.0
 43
0.0
 44
0.0
 45
-2.245064030267288
 46
2.245064030267288
 79
     0
 53
135.0
 43
0.0
 44
0.0
 45
-6.735192090801864
 46
2.245064030267289
 79
     2
 49
7.9375
 49
-4.7625
 98
        1
 10
0.0
 20
0.0
  0
DIMENSION
  5
313
330
1F
100
AcDbEntity
  8
0
  6
Continuous
 62
     7
370
    18
100
AcDbDimension
  2
_D_17
 10
195.1653601862
 20
159.2098188479
 30
0.0
 11
195.1653601862
 21
167.750904246
 31
0.0
 70
   160
  1
<>
 71
     2
 42
-1.0
  3
SLDDIMSTYLE0
100
AcDbAlignedDimension
 13
168.2353601862
 23
121.7098188479
 33
0.0
 14
164.7603601862
 24
159.2098188479
 34
0.0
 50
90.0
100
AcDbRotatedDimension
  0
INSERT
  5
323
330
1F
100
AcDbEntity
  8
0
  6
Continuous
 62
     7
370
     0
100
AcDbBlockReference
  2
SW_NOTE_0_2
 10
132.5981021572
 20
102.8801210971
 30
0.0
  0
MTEXT
  5
325
330
1F
100
AcDbEntity
  8
0
  6
Continuous
 62
     7
100
AcDbMText
 10
0.0
 20
20.2653661972
 30
0.0
 40
7.266
 41
0.0
 71
     1
 72
     1
  1
SOLIDWORKS Educational Product.
  7
SLDTEXTSTYLE3
 73
     1
 44
1.0
  0
MTEXT
  5
326
330
1F
100
AcDbEntity
  8
0
  6
Continuous
 62
     7
100
AcDbMText
 10
0.0
 20
9.3663661972
 30
0.0
 40
7.266
 41
0.0
 71
     1
 72
     1
  1
For Instructional Use Only.
  7
SLDTEXTSTYLE3
 73
     1
 44
1.0
  0
ENDSEC
  0
SECTION
  2
OBJECTS
  0
DICTIONARY
  5
C
330
0
100
AcDbDictionary
281
     1
  3
ACAD_GROUP
350
D
  3
ACAD_LAYOUT
350
1A
  3
ACAD_MLINESTYLE
350
17
  3
ACAD_PLOTSETTINGS
350
19
  3
ACAD_PLOTSTYLENAME
350
E
  3
ACAD_SCALELIST
350
47
  3
DWGPROPS
350
327
  0
DICTIONARY
  5
D
102
{ACAD_REACTORS
330
C
102
}
330
C
100
AcDbDictionary
281
     1
  0
DICTIONARY
  5
1A
102
{ACAD_REACTORS
330
C
102
}
330
C
100
AcDbDictionary
281
     1
  3
Layout1
350
1E
  3
Layout2
350
26
  3
Model
350
22
  0
DICTIONARY
  5
17
102
{ACAD_REACTORS
330
C
102
}
330
C
100
AcDbDictionary
281
     1
  3
Standard
350
18
  0
DICTIONARY
  5
19
102
{ACAD_REACTORS
330
C
102
}
330
C
100
AcDbDictionary
281
     1
  0
ACDBDICTIONARYWDFLT
  5
E
102
{ACAD_REACTORS
330
C
102
}
330
C
100
AcDbDictionary
281
     1
  3
Normal
350
F
100
AcDbDictionaryWithDefault
340
F
  0
DICTIONARY
  5
47
102
{ACAD_REACTORS
330
C
102
}
330
C
100
AcDbDictionary
281
     1
  3
A0
350
48
  3
A1
350
49
  3
A2
350
4A
  3
A3
350
4B
  3
A4
350
4C
  3
A5
350
4D
  3
A6
350
4E
  3
A7
350
4F
  3
A8
350
50
  3
A9
350
51
  3
B0
350
52
  3
B1
350
53
  3
B2
350
54
  3
B3
350
55
  3
B4
350
56
  3
B5
350
57
  3
B6
350
58
  0
XRECORD
  5
327
102
{ACAD_REACTORS
330
C
102
}
330
C
100
AcDbXrecord
280
     1
  1
DWGPROPS COOKIE
  2

  3

  4

  6

  7

  8
Bryan Heddle
  9

300
=
301
=
302
=
303
=
304
=
305
=
306
=
307
=
308
=
309
=
 40
0.0
 41
2461218.02842456
 42
2461218.028432443
  1

 90
        0
  0
LAYOUT
  5
1E
102
{ACAD_REACTORS
330
1A
102
}
330
1A
100
AcDbPlotSettings
  1

  2
none_device
  4

  6

 40
0.0
 41
0.0
 42
0.0
 43
0.0
 44
0.0
 45
0.0
 46
0.0
 47
0.0
 48
0.0
 49
0.0
140
0.0
141
0.0
142
1.0
143
1.0
 70
   688
 72
     1
 73
     0
 74
     5
  7

 75
    16
147
1.0
148
0.0
149
0.0
100
AcDbLayout
  1
Layout1
 70
     1
 71
     1
 10
0.0
 20
0.0
 11
420.0
 21
297.0
 12
0.0
 22
0.0
 32
0.0
 14
1.0000000000E+20
 24
1.0000000000E+20
 34
1.0000000000E+20
 15
-1.0000000000E+20
 25
-1.0000000000E+20
 35
-1.0000000000E+20
146
0.0
 13
0.0
 23
0.0
 33
0.0
 16
1.0
 26
0.0
 36
0.0
 17
0.0
 27
1.0
 37
0.0
 76
     0
330
1B
  0
LAYOUT
  5
26
102
{ACAD_REACTORS
330
1A
102
}
330
1A
100
AcDbPlotSettings
  1

  2
none_device
  4

  6

 40
0.0
 41
0.0
 42
0.0
 43
0.0
 44
0.0
 45
0.0
 46
0.0
 47
0.0
 48
0.0
 49
0.0
140
0.0
141
0.0
142
1.0
143
1.0
 70
   688
 72
     1
 73
     0
 74
     5
  7

 75
    16
147
1.0
148
0.0
149
0.0
100
AcDbLayout
  1
Layout2
 70
     1
 71
     2
 10
0.0
 20
0.0
 11
0.0
 21
0.0
 12
0.0
 22
0.0
 32
0.0
 14
0.0
 24
0.0
 34
0.0
 15
0.0
 25
0.0
 35
0.0
146
0.0
 13
0.0
 23
0.0
 33
0.0
 16
1.0
 26
0.0
 36
0.0
 17
0.0
 27
1.0
 37
0.0
 76
     0
330
23
  0
LAYOUT
  5
22
102
{ACAD_REACTORS
330
1A
102
}
330
1A
100
AcDbPlotSettings
  1

  2
none_device
  4
Letter_(8.50_x_11.00_Inches)
  6

 40
6.35
 41
6.35
 42
6.35000508
 43
6.35000508
 44
215.9
 45
279.4
 46
0.0
 47
0.0
 48
0.0
 49
0.0
140
0.0
141
0.0
142
1.0
143
1.0
 70
  1712
 72
     1
 73
     0
 74
     0
  7

 75
     0
147
1.0
148
0.0
149
0.0
100
AcDbLayout
  1
Model
 70
     1
 71
     0
 10
0.0
 20
0.0
 11
594.0
 21
420.0
 12
0.0
 22
0.0
 32
0.0
 14
0.0
 24
0.0
 34
0.0
 15
594.0
 25
420.0
 35
0.0
146
0.0
 13
0.0
 23
0.0
 33
0.0
 16
1.0
 26
0.0
 36
0.0
 17
0.0
 27
1.0
 37
0.0
 76
     0
330
1F
331
29
  0
MLINESTYLE
  5
18
102
{ACAD_REACTORS
330
17
102
}
330
17
100
AcDbMlineStyle
  2
Standard
 70
     0
  3

 62
   256
 51
90.0
 52
90.0
 71
     2
 49
0.5
 62
   256
  6
BYLAYER
 49
-0.5
 62
   256
  6
BYLAYER
  0
ACDBPLACEHOLDER
  5
F
102
{ACAD_REACTORS
330
E
102
}
330
E
  0
SCALE
  5
48
102
{ACAD_REACTORS
330
47
102
}
330
47
100
AcDbScale
 70
     0
300
1:1
140
1.0
141
1.0
290
     1
  0
SCALE
  5
49
102
{ACAD_REACTORS
330
47
102
}
330
47
100
AcDbScale
 70
     0
300
1:2
140
1.0
141
2.0
290
     0
  0
SCALE
  5
4A
102
{ACAD_REACTORS
330
47
102
}
330
47
100
AcDbScale
 70
     0
300
1:4
140
1.0
141
4.0
290
     0
  0
SCALE
  5
4B
102
{ACAD_REACTORS
330
47
102
}
330
47
100
AcDbScale
 70
     0
300
1:5
140
1.0
141
5.0
290
     0
  0
SCALE
  5
4C
102
{ACAD_REACTORS
330
47
102
}
330
47
100
AcDbScale
 70
     0
300
1:8
140
1.0
141
8.0
290
     0
  0
SCALE
  5
4D
102
{ACAD_REACTORS
330
47
102
}
330
47
100
AcDbScale
 70
     0
300
1:10
140
1.0
141
10.0
290
     0
  0
SCALE
  5
4E
102
{ACAD_REACTORS
330
47
102
}
330
47
100
AcDbScale
 70
     0
300
1:16
140
1.0
141
16.0
290
     0
  0
SCALE
  5
4F
102
{ACAD_REACTORS
330
47
102
}
330
47
100
AcDbScale
 70
     0
300
1:20
140
1.0
141
20.0
290
     0
  0
SCALE
  5
50
102
{ACAD_REACTORS
330
47
102
}
330
47
100
AcDbScale
 70
     0
300
1:30
140
1.0
141
30.0
290
     0
  0
SCALE
  5
51
102
{ACAD_REACTORS
330
47
102
}
330
47
100
AcDbScale
 70
     0
300
1:40
140
1.0
141
40.0
290
     0
  0
SCALE
  5
52
102
{ACAD_REACTORS
330
47
102
}
330
47
100
AcDbScale
 70
     0
300
1:50
140
1.0
141
50.0
290
     0
  0
SCALE
  5
53
102
{ACAD_REACTORS
330
47
102
}
330
47
100
AcDbScale
 70
     0
300
1:100
140
1.0
141
100.0
290
     0
  0
SCALE
  5
54
102
{ACAD_REACTORS
330
47
102
}
330
47
100
AcDbScale
 70
     0
300
2:1
140
2.0
141
1.0
290
     0
  0
SCALE
  5
55
102
{ACAD_REACTORS
330
47
102
}
330
47
100
AcDbScale
 70
     0
300
4:1
140
4.0
141
1.0
290
     0
  0
SCALE
  5
56
102
{ACAD_REACTORS
330
47
102
}
330
47
100
AcDbScale
 70
     0
300
8:1
140
8.0
141
1.0
290
     0
  0
SCALE
  5
57
102
{ACAD_REACTORS
330
47
102
}
330
47
100
AcDbScale
 70
     0
300
10:1
140
10.0
141
1.0
290
     0
  0
SCALE
  5
58
102
{ACAD_REACTORS
330
47
102
}
330
47
100
AcDbScale
 70
     0
300
100:1
140
100.0
141
1.0
290
     0
  0
ENDSEC
  0
EOF
