ISO-10303-21;
HEADER;
FILE_DESCRIPTION (( 'STEP AP214' ),
    '1' );
FILE_NAME ('Aluminum_Wheel_Hub_V2.STEP',
    '2026-08-17T14:54:18',
    ( '' ),
    ( '' ),
    'SwSTEP 2.0',
    'SolidWorks 2025',
    '' );
FILE_SCHEMA (( 'AUTOMOTIVE_DESIGN' ));
ENDSEC;

DATA;
#1 = CARTESIAN_POINT ( 'NONE',  ( -69.50856140126900584, 69.50856140127069693, 4.762500000000000178 ) ) ;
#2 = EDGE_CURVE ( 'NONE', #3654, #2793, #3079, .T. ) ;
#3 = ORIENTED_EDGE ( 'NONE', *, *, #4271, .F. ) ;
#4 = VECTOR ( 'NONE', #1766, 1000.000000000000000 ) ;
#5 = LINE ( 'NONE', #1639, #997 ) ;
#6 = ORIENTED_EDGE ( 'NONE', *, *, #3102, .T. ) ;
#7 = FACE_OUTER_BOUND ( 'NONE', #3697, .T. ) ;
#8 = CARTESIAN_POINT ( 'NONE',  ( -79.96571527066774365, -39.63813232175769485, 4.762500000000000178 ) ) ;
#9 = EDGE_CURVE ( 'NONE', #1519, #203, #2090, .T. ) ;
#10 = ORIENTED_EDGE ( 'NONE', *, *, #4375, .F. ) ;
#11 = AXIS2_PLACEMENT_3D ( 'NONE', #4915, #1262, #26 ) ;
#12 = CARTESIAN_POINT ( 'NONE',  ( -59.46972720135773471, 67.28589411307609680, 4.762500000000000178 ) ) ;
#13 = VERTEX_POINT ( 'NONE', #2231 ) ;
#14 = VECTOR ( 'NONE', #5205, 1000.000000000000000 ) ;
#15 = DIRECTION ( 'NONE',  ( 0.000000000000000000, -0.000000000000000000, -1.000000000000000000 ) ) ;
#16 = ORIENTED_EDGE ( 'NONE', *, *, #3972, .F. ) ;
#17 = CYLINDRICAL_SURFACE ( 'NONE', #4623, 5.000000000000000000 ) ;
#18 = CARTESIAN_POINT ( 'NONE',  ( 78.30481188895234368, 61.33476159500185787, 4.762500000000000178 ) ) ;
#19 = DIRECTION ( 'NONE',  ( -0.000000000000000000, -0.000000000000000000, 1.000000000000000000 ) ) ;
#20 = AXIS2_PLACEMENT_3D ( 'NONE', #1924, #3551, #5186 ) ;
#21 = VERTEX_POINT ( 'NONE', #4732 ) ;
#22 = CARTESIAN_POINT ( 'NONE',  ( -61.17520150151301550, -81.36851185347585158, 4.762500000000000178 ) ) ;
#23 = VECTOR ( 'NONE', #2855, 1000.000000000000114 ) ;
#24 = AXIS2_PLACEMENT_3D ( 'NONE', #4545, #3766, #4895 ) ;
#25 = ORIENTED_EDGE ( 'NONE', *, *, #2549, .T. ) ;
#26 = DIRECTION ( 'NONE',  ( 1.000000000000000000, 0.000000000000000000, 0.000000000000000000 ) ) ;
#27 = ORIENTED_EDGE ( 'NONE', *, *, #2578, .T. ) ;
#28 = CARTESIAN_POINT ( 'NONE',  ( 3.059780884510825860, 35.99929936829651922, 0.000000000000000000 ) ) ;
#29 = CARTESIAN_POINT ( 'NONE',  ( 79.76991268345277319, 59.97333599587638275, 0.000000000000000000 ) ) ;
#30 = ORIENTED_EDGE ( 'NONE', *, *, #785, .T. ) ;
#31 = ADVANCED_FACE ( 'NONE', ( #4250, #3452, #1827, #2254, #272, #3131, #1901, #4707, #1078, #3478, #5081, #4684, #3851, #5161, #5134, #2702, #1478, #4757, #3108, #3053, #1032, #2652, #3900, #701 ), #4326, .T. ) ;
#32 = ADVANCED_FACE ( 'NONE', ( #3024 ), #604, .F. ) ;
#33 = CYLINDRICAL_SURFACE ( 'NONE', #2525, 6.874999999999978684 ) ;
#34 = ORIENTED_EDGE ( 'NONE', *, *, #3819, .T. ) ;
#35 = CARTESIAN_POINT ( 'NONE',  ( -1.082168200009695258E-13, 1.938889539019461736E-13, 4.762500000000000178 ) ) ;
#36 = FACE_OUTER_BOUND ( 'NONE', #119, .T. ) ;
#37 = VERTEX_POINT ( 'NONE', #2304 ) ;
#38 = LINE ( 'NONE', #524, #3830 ) ;
#39 = EDGE_LOOP ( 'NONE', ( #2857, #2106, #3204, #5113 ) ) ;
#40 = EDGE_CURVE ( 'NONE', #1742, #910, #1546, .T. ) ;
#41 = ADVANCED_FACE ( 'NONE', ( #1405 ), #4350, .F. ) ;
#42 = EDGE_CURVE ( 'NONE', #4768, #3233, #5042, .T. ) ;
#43 = DIRECTION ( 'NONE',  ( -1.000000000000000000, 0.000000000000000000, 0.000000000000000000 ) ) ;
#44 = VERTEX_POINT ( 'NONE', #3078 ) ;
#45 = DIRECTION ( 'NONE',  ( 0.000000000000000000, 0.000000000000000000, 1.000000000000000000 ) ) ;
#46 = CARTESIAN_POINT ( 'NONE',  ( 13.99865631841015556, 98.81334738424286002, 0.000000000000000000 ) ) ;
#47 = DIRECTION ( 'NONE',  ( -0.000000000000000000, 0.000000000000000000, 1.000000000000000000 ) ) ;
#48 = AXIS2_PLACEMENT_3D ( 'NONE', #4201, #3329, #3355 ) ;
#49 = EDGE_LOOP ( 'NONE', ( #2645, #715, #864, #1585 ) ) ;
#50 = VECTOR ( 'NONE', #410, 1000.000000000000000 ) ;
#51 = DIRECTION ( 'NONE',  ( 0.1045284632676461573, 0.9945218953682741780, 0.000000000000000000 ) ) ;
#52 = ORIENTED_EDGE ( 'NONE', *, *, #5133, .T. ) ;
#53 = AXIS2_PLACEMENT_3D ( 'NONE', #5146, #615, #4642 ) ;
#54 = FACE_OUTER_BOUND ( 'NONE', #1375, .T. ) ;
#55 = AXIS2_PLACEMENT_3D ( 'NONE', #1849, #4219, #190 ) ;
#56 = ORIENTED_EDGE ( 'NONE', *, *, #4087, .T. ) ;
#57 = DIRECTION ( 'NONE',  ( 1.000000000000000000, 0.000000000000000000, 0.000000000000000000 ) ) ;
#58 = FACE_OUTER_BOUND ( 'NONE', #869, .T. ) ;
#59 = ORIENTED_EDGE ( 'NONE', *, *, #5145, .T. ) ;
#60 = AXIS2_PLACEMENT_3D ( 'NONE', #601, #4650, #623 ) ;
#61 = CARTESIAN_POINT ( 'NONE',  ( 0.000000000000000000, 0.000000000000000000, 0.000000000000000000 ) ) ;
#62 = ORIENTED_EDGE ( 'NONE', *, *, #4430, .F. ) ;
#63 = DIRECTION ( 'NONE',  ( 0.000000000000000000, 0.000000000000000000, 1.000000000000000000 ) ) ;
#64 = DIRECTION ( 'NONE',  ( -0.5125292264147203181, -0.8586697805738411349, 0.000000000000000000 ) ) ;
#65 = VECTOR ( 'NONE', #3614, 1000.000000000000000 ) ;
#66 = ORIENTED_EDGE ( 'NONE', *, *, #4207, .F. ) ;
#67 = EDGE_CURVE ( 'NONE', #4244, #4937, #1122, .T. ) ;
#68 = DIRECTION ( 'NONE',  ( -0.000000000000000000, 0.000000000000000000, 1.000000000000000000 ) ) ;
#69 = ORIENTED_EDGE ( 'NONE', *, *, #4218, .T. ) ;
#70 = CARTESIAN_POINT ( 'NONE',  ( -17.75374227711787967, 24.43592989093009393, 0.000000000000000000 ) ) ;
#71 = AXIS2_PLACEMENT_3D ( 'NONE', #596, #3842, #995 ) ;
#72 = CARTESIAN_POINT ( 'NONE',  ( -69.50856140127041272, -69.50856140126921900, 0.000000000000000000 ) ) ;
#73 = ORIENTED_EDGE ( 'NONE', *, *, #4237, .T. ) ;
#74 = DIRECTION ( 'NONE',  ( 1.000000000000000000, 0.000000000000000000, 0.000000000000000000 ) ) ;
#75 = CYLINDRICAL_SURFACE ( 'NONE', #4482, 94.80000000000021032 ) ;
#76 = EDGE_CURVE ( 'NONE', #4937, #3445, #1058, .T. ) ;
#77 = CARTESIAN_POINT ( 'NONE',  ( -1.082168200009695258E-13, 1.938889539019461736E-13, 4.762500000000000178 ) ) ;
#78 = AXIS2_PLACEMENT_3D ( 'NONE', #2071, #2929, #43 ) ;
#79 = CYLINDRICAL_SURFACE ( 'NONE', #4179, 4.999999999999997335 ) ;
#80 = ORIENTED_EDGE ( 'NONE', *, *, #2521, .T. ) ;
#81 = DIRECTION ( 'NONE',  ( -0.000000000000000000, 0.000000000000000000, 1.000000000000000000 ) ) ;
#82 = ORIENTED_EDGE ( 'NONE', *, *, #2224, .F. ) ;
#83 = DIRECTION ( 'NONE',  ( -0.000000000000000000, -0.000000000000000000, -1.000000000000000000 ) ) ;
#84 = CARTESIAN_POINT ( 'NONE',  ( 13.50077308147268162, 93.83373128146753572, 4.762500000000000178 ) ) ;
#85 = ORIENTED_EDGE ( 'NONE', *, *, #3000, .T. ) ;
#86 = AXIS2_PLACEMENT_3D ( 'NONE', #3145, #3517, #1890 ) ;
#87 = CARTESIAN_POINT ( 'NONE',  ( -12.00000000000137668, -98.74004717360709549, 0.000000000000000000 ) ) ;
#88 = ORIENTED_EDGE ( 'NONE', *, *, #2143, .T. ) ;
#89 = DIRECTION ( 'NONE',  ( -1.000000000000000000, 0.000000000000000000, 0.000000000000000000 ) ) ;
#90 = LINE ( 'NONE', #579, #1314 ) ;
#91 = EDGE_CURVE ( 'NONE', #4038, #2173, #1204, .T. ) ;
#92 = ORIENTED_EDGE ( 'NONE', *, *, #3951, .F. ) ;
#93 = DIRECTION ( 'NONE',  ( 0.000000000000000000, 0.000000000000000000, 1.000000000000000000 ) ) ;
#94 = ORIENTED_EDGE ( 'NONE', *, *, #4394, .T. ) ;
#95 = CYLINDRICAL_SURFACE ( 'NONE', #3794, 12.00806750962217428 ) ;
#96 = VECTOR ( 'NONE', #2910, 1000.000000000000000 ) ;
#97 = AXIS2_PLACEMENT_3D ( 'NONE', #2507, #3675, #107 ) ;
#98 = EDGE_CURVE ( 'NONE', #1973, #2290, #3242, .T. ) ;
#99 = ADVANCED_FACE ( 'NONE', ( #247 ), #2631, .F. ) ;
#100 = ADVANCED_FACE ( 'NONE', ( #2561 ), #1688, .T. ) ;
#101 = CARTESIAN_POINT ( 'NONE',  ( 59.97333599587670250, 79.76991268345260266, 0.000000000000000000 ) ) ;
#102 = ORIENTED_EDGE ( 'NONE', *, *, #3780, .F. ) ;
#103 = DIRECTION ( 'NONE',  ( 0.000000000000000000, 0.000000000000000000, 1.000000000000000000 ) ) ;
#104 = DIRECTION ( 'NONE',  ( 1.000000000000000000, 0.000000000000000000, 0.000000000000000000 ) ) ;
#105 = EDGE_CURVE ( 'NONE', #1184, #2108, #4098, .T. ) ;
#106 = ADVANCED_FACE ( 'NONE', ( #4563 ), #513, .F. ) ;
#107 = DIRECTION ( 'NONE',  ( 1.000000000000000000, -5.329070518200755338E-15, 0.000000000000000000 ) ) ;
#108 = ORIENTED_EDGE ( 'NONE', *, *, #3916, .T. ) ;
#109 = CARTESIAN_POINT ( 'NONE',  ( 4.652889801852896530E-22, 98.29995023471883542, 4.762500000000000178 ) ) ;
#110 = EDGE_LOOP ( 'NONE', ( #2339, #2136, #2111, #3706 ) ) ;
#111 = DIRECTION ( 'NONE',  ( 0.000000000000000000, -0.000000000000000000, -1.000000000000000000 ) ) ;
#112 = CARTESIAN_POINT ( 'NONE',  ( -14.27919051316787424, 100.7935747867327194, 0.000000000000000000 ) ) ;
#113 = ORIENTED_EDGE ( 'NONE', *, *, #390, .F. ) ;
#114 = VECTOR ( 'NONE', #4950, 1000.000000000000000 ) ;
#115 = CARTESIAN_POINT ( 'NONE',  ( -69.50856140127041272, -69.50856140126921900, 0.000000000000000000 ) ) ;
#116 = ORIENTED_EDGE ( 'NONE', *, *, #2382, .T. ) ;
#117 = DIRECTION ( 'NONE',  ( 1.000000000000000000, 0.000000000000000000, 0.000000000000000000 ) ) ;
#118 = DIRECTION ( 'NONE',  ( 1.000000000000000000, 0.000000000000000000, 0.000000000000000000 ) ) ;
#119 = EDGE_LOOP ( 'NONE', ( #4516, #2114, #1296, #1554 ) ) ;
#120 = CIRCLE ( 'NONE', #1485, 5.000000000000000000 ) ;
#121 = DIRECTION ( 'NONE',  ( 1.000000000000000000, 0.000000000000000000, 0.000000000000000000 ) ) ;
#122 = ORIENTED_EDGE ( 'NONE', *, *, #4825, .F. ) ;
#123 = CYLINDRICAL_SURFACE ( 'NONE', #1918, 89.80000000000001137 ) ;
#124 = AXIS2_PLACEMENT_3D ( 'NONE', #3122, #3893, #1870 ) ;
#125 = DIRECTION ( 'NONE',  ( 1.000000000000000000, 0.000000000000000000, 0.000000000000000000 ) ) ;
#126 = VERTEX_POINT ( 'NONE', #1316 ) ;
#127 = DIRECTION ( 'NONE',  ( -0.000000000000000000, -0.000000000000000000, -1.000000000000000000 ) ) ;
#128 = DIRECTION ( 'NONE',  ( -1.000000000000000000, 0.000000000000000000, 0.000000000000000000 ) ) ;
#129 = EDGE_CURVE ( 'NONE', #3245, #1178, #2312, .T. ) ;
#130 = ADVANCED_FACE ( 'NONE', ( #2936 ), #1342, .T. ) ;
#131 = FACE_OUTER_BOUND ( 'NONE', #4838, .T. ) ;
#132 = ORIENTED_EDGE ( 'NONE', *, *, #4835, .T. ) ;
#133 = VECTOR ( 'NONE', #503, 1000.000000000000114 ) ;
#134 = DIRECTION ( 'NONE',  ( 0.000000000000000000, 0.000000000000000000, 1.000000000000000000 ) ) ;
#135 = ORIENTED_EDGE ( 'NONE', *, *, #1926, .F. ) ;
#136 = CARTESIAN_POINT ( 'NONE',  ( -29.64641732912901162, 15.79539569389575782, 0.000000000000000000 ) ) ;
#137 = DIRECTION ( 'NONE',  ( 0.000000000000000000, 0.000000000000000000, -1.000000000000000000 ) ) ;
#138 = VECTOR ( 'NONE', #1532, 1000.000000000000000 ) ;
#139 = ORIENTED_EDGE ( 'NONE', *, *, #3663, .T. ) ;
#140 = AXIS2_PLACEMENT_3D ( 'NONE', #2369, #1965, #1567 ) ;
#141 = AXIS2_PLACEMENT_3D ( 'NONE', #1068, #3013, #4312 ) ;
#142 = CARTESIAN_POINT ( 'NONE',  ( -56.15849517455608719, 63.53946348317209214, 4.762500000000000178 ) ) ;
#143 = VERTEX_POINT ( 'NONE', #3315 ) ;
#144 = SURFACE_SIDE_STYLE ('',( #1403 ) ) ;
#145 = DIRECTION ( 'NONE',  ( -0.000000000000000000, -0.000000000000000000, 1.000000000000000000 ) ) ;
#146 = ADVANCED_FACE ( 'NONE', ( #54 ), #3758, .F. ) ;
#147 = EDGE_CURVE ( 'NONE', #236, #531, #182, .T. ) ;
#148 = VERTEX_POINT ( 'NONE', #1738 ) ;
#149 = LINE ( 'NONE', #3429, #1108 ) ;
#150 = VERTEX_POINT ( 'NONE', #4991 ) ;
#151 = FACE_OUTER_BOUND ( 'NONE', #554, .T. ) ;
#152 = CIRCLE ( 'NONE', #927, 2.000000000000001776 ) ;
#153 = ADVANCED_FACE ( 'NONE', ( #1660 ), #4512, .F. ) ;
#154 = DIRECTION ( 'NONE',  ( -0.000000000000000000, -0.000000000000000000, 1.000000000000000000 ) ) ;
#155 = ORIENTED_EDGE ( 'NONE', *, *, #3169, .T. ) ;
#156 = CARTESIAN_POINT ( 'NONE',  ( 0.07621519840600096685, 36.31288475809942895, 4.762500000000000178 ) ) ;
#157 = CARTESIAN_POINT ( 'NONE',  ( 69.50856140126998639, 69.50856140126973060, 4.762500000000000178 ) ) ;
#158 = CIRCLE ( 'NONE', #1358, 2.000000000000015543 ) ;
#159 = DIRECTION ( 'NONE',  ( -0.000000000000000000, -0.000000000000000000, 1.000000000000000000 ) ) ;
#160 = EDGE_LOOP ( 'NONE', ( #2915, #4412, #3148, #2462 ) ) ;
#161 = DIRECTION ( 'NONE',  ( 1.000000000000000000, 0.000000000000000000, 0.000000000000000000 ) ) ;
#162 = ORIENTED_EDGE ( 'NONE', *, *, #4361, .T. ) ;
#163 = CIRCLE ( 'NONE', #5111, 5.000000000000004441 ) ;
#164 = DIRECTION ( 'NONE',  ( -0.1045284632676445336, -0.9945218953682742891, 0.000000000000000000 ) ) ;
#165 = CARTESIAN_POINT ( 'NONE',  ( 0.7939084701227773211, -6.829006834164419892, 0.000000000000000000 ) ) ;
#166 = ORIENTED_EDGE ( 'NONE', *, *, #2515, .T. ) ;
#167 = EDGE_CURVE ( 'NONE', #21, #1028, #2394, .T. ) ;
#168 = CIRCLE ( 'NONE', #680, 1.999999999999986233 ) ;
#169 = CYLINDRICAL_SURFACE ( 'NONE', #4740, 4.999999999999997335 ) ;
#170 = FACE_OUTER_BOUND ( 'NONE', #160, .T. ) ;
#171 = EDGE_CURVE ( 'NONE', #4687, #150, #2964, .T. ) ;
#172 = VERTEX_POINT ( 'NONE', #4590 ) ;
#173 = DIRECTION ( 'NONE',  ( -0.000000000000000000, 0.000000000000000000, 1.000000000000000000 ) ) ;
#174 = CARTESIAN_POINT ( 'NONE',  ( 1.143994730828375772, -33.57224838517222310, 0.000000000000000000 ) ) ;
#175 = ORIENTED_EDGE ( 'NONE', *, *, #4169, .F. ) ;
#176 = EDGE_CURVE ( 'NONE', #277, #1110, #4082, .T. ) ;
#177 = CARTESIAN_POINT ( 'NONE',  ( 106.8000000000000114, 1.307922781489373149E-14, 4.762500000000000178 ) ) ;
#178 = CARTESIAN_POINT ( 'NONE',  ( 71.81048718454515267, -45.10314767639034272, 4.762500000000000178 ) ) ;
#179 = CARTESIAN_POINT ( 'NONE',  ( -89.80000000000001137, 0.000000000000000000, 4.762500000000000178 ) ) ;
#180 = ORIENTED_EDGE ( 'NONE', *, *, #167, .F. ) ;
#181 = DIRECTION ( 'NONE',  ( -1.000000000000000000, 0.000000000000000000, 0.000000000000000000 ) ) ;
#182 = CIRCLE ( 'NONE', #3163, 3.524999999999999911 ) ;
#183 = CARTESIAN_POINT ( 'NONE',  ( -74.96571527066774365, -39.63813232175769485, 4.762500000000000178 ) ) ;
#184 = ORIENTED_EDGE ( 'NONE', *, *, #3664, .T. ) ;
#185 = FACE_OUTER_BOUND ( 'NONE', #2301, .T. ) ;
#186 = ORIENTED_EDGE ( 'NONE', *, *, #1536, .T. ) ;
#187 = DIRECTION ( 'NONE',  ( 1.000000000000000000, 0.000000000000000000, 0.000000000000000000 ) ) ;
#188 = DIRECTION ( 'NONE',  ( 0.000000000000000000, 0.000000000000000000, 1.000000000000000000 ) ) ;
#189 = EDGE_LOOP ( 'NONE', ( #102, #1188 ) ) ;
#190 = DIRECTION ( 'NONE',  ( 1.000000000000000000, 0.000000000000000000, 0.000000000000000000 ) ) ;
#191 = CYLINDRICAL_SURFACE ( 'NONE', #2868, 2.000000000000015543 ) ;
#192 = VECTOR ( 'NONE', #2611, 1000.000000000000000 ) ;
#193 = ORIENTED_EDGE ( 'NONE', *, *, #3331, .F. ) ;
#194 = CARTESIAN_POINT ( 'NONE',  ( 0.000000000000000000, 0.000000000000000000, 4.762500000000000178 ) ) ;
#195 = LINE ( 'NONE', #2701, #5140 ) ;
#196 = CARTESIAN_POINT ( 'NONE',  ( 0.000000000000000000, 0.000000000000000000, 4.762500000000000178 ) ) ;
#197 = CIRCLE ( 'NONE', #2408, 4.999999999999997335 ) ;
#198 = EDGE_CURVE ( 'NONE', #887, #260, #1231, .T. ) ;
#199 = CARTESIAN_POINT ( 'NONE',  ( -88.00615721895182730, -17.85934745597200646, 4.762500000000000178 ) ) ;
#200 = VERTEX_POINT ( 'NONE', #4536 ) ;
#201 = CARTESIAN_POINT ( 'NONE',  ( -59.64545493362190598, 76.35723283372630021, 0.000000000000000000 ) ) ;
#202 = DIRECTION ( 'NONE',  ( 1.000000000000000000, 0.000000000000000000, 0.000000000000000000 ) ) ;
#203 = VERTEX_POINT ( 'NONE', #891 ) ;
#204 = DIRECTION ( 'NONE',  ( -0.000000000000000000, -0.000000000000000000, -1.000000000000000000 ) ) ;
#205 = AXIS2_PLACEMENT_3D ( 'NONE', #3067, #2220, #237 ) ;
#206 = EDGE_CURVE ( 'NONE', #3990, #2234, #3734, .T. ) ;
#207 = EDGE_CURVE ( 'NONE', #3420, #401, #951, .T. ) ;
#208 = CIRCLE ( 'NONE', #905, 2.999999999999999112 ) ;
#209 = CARTESIAN_POINT ( 'NONE',  ( -1.082168200009695258E-13, 1.938889539019461736E-13, 0.000000000000000000 ) ) ;
#210 = ORIENTED_EDGE ( 'NONE', *, *, #76, .F. ) ;
#211 = CYLINDRICAL_SURFACE ( 'NONE', #2815, 2.000000000000008882 ) ;
#212 = ORIENTED_EDGE ( 'NONE', *, *, #198, .F. ) ;
#213 = DIRECTION ( 'NONE',  ( 1.000000000000000000, 0.000000000000000000, 0.000000000000000000 ) ) ;
#214 = DIRECTION ( 'NONE',  ( 1.000000000000000000, 0.000000000000000000, 0.000000000000000000 ) ) ;
#215 = EDGE_LOOP ( 'NONE', ( #892, #1331, #4549, #2269, #1382, #1343, #255 ) ) ;
#216 = CARTESIAN_POINT ( 'NONE',  ( 94.77495023471882973, -3.432124423190184911E-13, 4.762500000000000178 ) ) ;
#217 = CARTESIAN_POINT ( 'NONE',  ( -96.16837047789528015, 11.81736235612533825, 0.000000000000000000 ) ) ;
#218 = VERTEX_POINT ( 'NONE', #4886 ) ;
#219 = DIRECTION ( 'NONE',  ( -0.000000000000000000, -0.000000000000000000, 1.000000000000000000 ) ) ;
#220 = LINE ( 'NONE', #4730, #632 ) ;
#221 = DIRECTION ( 'NONE',  ( 0.000000000000000000, 0.000000000000000000, 1.000000000000000000 ) ) ;
#222 = AXIS2_PLACEMENT_3D ( 'NONE', #2960, #2156, #104 ) ;
#223 = CIRCLE ( 'NONE', #2777, 2.000000000000001776 ) ;
#224 = FACE_OUTER_BOUND ( 'NONE', #2284, .T. ) ;
#225 = VERTEX_POINT ( 'NONE', #2852 ) ;
#226 = AXIS2_PLACEMENT_3D ( 'NONE', #1176, #1540, #3244 ) ;
#227 = DIRECTION ( 'NONE',  ( 1.000000000000000000, 0.000000000000000000, 0.000000000000000000 ) ) ;
#228 = EDGE_CURVE ( 'NONE', #2274, #4171, #3918, .T. ) ;
#229 = CARTESIAN_POINT ( 'NONE',  ( -89.80000000000001137, 0.000000000000000000, 0.000000000000000000 ) ) ;
#230 = ORIENTED_EDGE ( 'NONE', *, *, #4394, .F. ) ;
#231 = DIRECTION ( 'NONE',  ( 0.01452843997022444308, 0.9998944566463160433, 0.000000000000000000 ) ) ;
#232 = EDGE_CURVE ( 'NONE', #755, #225, #4862, .T. ) ;
#233 = FACE_OUTER_BOUND ( 'NONE', #49, .T. ) ;
#234 = ORIENTED_EDGE ( 'NONE', *, *, #4202, .T. ) ;
#235 = CARTESIAN_POINT ( 'NONE',  ( 79.38586357672295435, 41.97528635016006859, 0.000000000000000000 ) ) ;
#236 = VERTEX_POINT ( 'NONE', #2243 ) ;
#237 = DIRECTION ( 'NONE',  ( 1.000000000000000000, 0.000000000000000000, 0.000000000000000000 ) ) ;
#238 = CARTESIAN_POINT ( 'NONE',  ( -13.99865631841015912, 98.81334738424284581, 4.762500000000000178 ) ) ;
#239 = VECTOR ( 'NONE', #1319, 1000.000000000000000 ) ;
#240 = ORIENTED_EDGE ( 'NONE', *, *, #1785, .T. ) ;
#241 = AXIS2_PLACEMENT_3D ( 'NONE', #1164, #310, #1486 ) ;
#242 = CARTESIAN_POINT ( 'NONE',  ( 32.70619821364328317, 15.34980170815073386, 4.762500000000000178 ) ) ;
#243 = CARTESIAN_POINT ( 'NONE',  ( -1.082168200009695258E-13, 1.938889539019461736E-13, 0.000000000000000000 ) ) ;
#244 = VERTEX_POINT ( 'NONE', #5019 ) ;
#245 =( NAMED_UNIT ( * ) SI_UNIT ( $, .STERADIAN. ) SOLID_ANGLE_UNIT ( ) );
#246 = DIRECTION ( 'NONE',  ( -0.000000000000000000, -0.000000000000000000, 1.000000000000000000 ) ) ;
#247 = FACE_OUTER_BOUND ( 'NONE', #798, .T. ) ;
#248 = CIRCLE ( 'NONE', #855, 2.000000000000001776 ) ;
#249 = EDGE_CURVE ( 'NONE', #3590, #3014, #5118, .T. ) ;
#250 = ADVANCED_FACE ( 'NONE', ( #1466 ), #211, .F. ) ;
#251 = CYLINDRICAL_SURFACE ( 'NONE', #3622, 2.000000000000015543 ) ;
#252 = ORIENTED_EDGE ( 'NONE', *, *, #1430, .F. ) ;
#253 = DIRECTION ( 'NONE',  ( 0.000000000000000000, -0.000000000000000000, -1.000000000000000000 ) ) ;
#254 = CARTESIAN_POINT ( 'NONE',  ( -71.81048718454323421, 45.10314767639336964, 4.762500000000000178 ) ) ;
#255 = ORIENTED_EDGE ( 'NONE', *, *, #1935, .F. ) ;
#256 = EDGE_CURVE ( 'NONE', #2427, #2483, #992, .T. ) ;
#257 = ADVANCED_FACE ( 'NONE', ( #3441 ), #2688, .F. ) ;
#258 = EDGE_CURVE ( 'NONE', #345, #571, #3749, .T. ) ;
#259 = CARTESIAN_POINT ( 'NONE',  ( -101.8249502347188411, 1.029637326026477537E-12, 4.762500000000000178 ) ) ;
#260 = VERTEX_POINT ( 'NONE', #1442 ) ;
#261 = DIRECTION ( 'NONE',  ( 1.000000000000000000, 0.000000000000000000, 0.000000000000000000 ) ) ;
#262 = ORIENTED_EDGE ( 'NONE', *, *, #3581, .T. ) ;
#263 = CARTESIAN_POINT ( 'NONE',  ( -3.341267477991202828, -89.73781773388809313, 0.000000000000000000 ) ) ;
#264 = AXIS2_PLACEMENT_3D ( 'NONE', #4302, #1879, #1805 ) ;
#265 = VERTEX_POINT ( 'NONE', #1815 ) ;
#266 = AXIS2_PLACEMENT_3D ( 'NONE', #3781, #4939, #1658 ) ;
#267 = CARTESIAN_POINT ( 'NONE',  ( -56.15849517455608719, 63.53946348317209214, 0.000000000000000000 ) ) ;
#268 = DIRECTION ( 'NONE',  ( 1.000000000000000000, 0.000000000000000000, 0.000000000000000000 ) ) ;
#269 = ORIENTED_EDGE ( 'NONE', *, *, #2765, .F. ) ;
#270 = CARTESIAN_POINT ( 'NONE',  ( 98.29995023471882121, -3.432124423190184911E-13, 0.000000000000000000 ) ) ;
#271 = CARTESIAN_POINT ( 'NONE',  ( -11.99865631841152336, -98.81334738424227737, 0.000000000000000000 ) ) ;
#272 = FACE_BOUND ( 'NONE', #312, .T. ) ;
#273 = EDGE_CURVE ( 'NONE', #1378, #335, #3994, .T. ) ;
#274 = EDGE_CURVE ( 'NONE', #4700, #5157, #4617, .T. ) ;
#275 = CIRCLE ( 'NONE', #3932, 6.874999999999978684 ) ;
#276 = CARTESIAN_POINT ( 'NONE',  ( 98.29995023471882121, -3.432124423190184911E-13, 4.762500000000000178 ) ) ;
#277 = VERTEX_POINT ( 'NONE', #2665 ) ;
#278 = CARTESIAN_POINT ( 'NONE',  ( -69.50856140127041272, -69.50856140126921900, 4.762500000000000178 ) ) ;
#279 = AXIS2_PLACEMENT_3D ( 'NONE', #1055, #219, #1476 ) ;
#280 = CIRCLE ( 'NONE', #970, 2.000000000000001776 ) ;
#281 = VECTOR ( 'NONE', #2280, 1000.000000000000000 ) ;
#282 = CARTESIAN_POINT ( 'NONE',  ( 4.652889801852896530E-22, 98.29995023471883542, 0.000000000000000000 ) ) ;
#283 = EDGE_LOOP ( 'NONE', ( #2144, #1912, #338, #2751 ) ) ;
#284 = FACE_OUTER_BOUND ( 'NONE', #4181, .T. ) ;
#285 = VECTOR ( 'NONE', #515, 1000.000000000000000 ) ;
#286 = EDGE_LOOP ( 'NONE', ( #4186, #4979, #5020, #1687 ) ) ;
#287 = EDGE_CURVE ( 'NONE', #3482, #2427, #4517, .T. ) ;
#288 = CARTESIAN_POINT ( 'NONE',  ( -17.75374227711787967, 24.43592989093009393, 4.762500000000000178 ) ) ;
#289 = EDGE_LOOP ( 'NONE', ( #4285, #512, #4666, #857 ) ) ;
#290 = CARTESIAN_POINT ( 'NONE',  ( -59.97333113802410764, 79.76991633572727380, 0.000000000000000000 ) ) ;
#291 = CARTESIAN_POINT ( 'NONE',  ( -68.87156092308092070, 49.14823264826812732, 0.000000000000000000 ) ) ;
#292 = EDGE_CURVE ( 'NONE', #2500, #3285, #3149, .T. ) ;
#293 = ORIENTED_EDGE ( 'NONE', *, *, #1543, .T. ) ;
#294 = DIRECTION ( 'NONE',  ( 1.000000000000000000, 0.000000000000000000, 0.000000000000000000 ) ) ;
#295 = DIRECTION ( 'NONE',  ( 1.000000000000000000, 0.000000000000000000, 0.000000000000000000 ) ) ;
#296 = EDGE_LOOP ( 'NONE', ( #1962, #650, #1842, #4694 ) ) ;
#297 = DIRECTION ( 'NONE',  ( -0.000000000000000000, 0.000000000000000000, 1.000000000000000000 ) ) ;
#298 = LINE ( 'NONE', #4349, #2158 ) ;
#299 = ORIENTED_EDGE ( 'NONE', *, *, #1268, .F. ) ;
#300 = CARTESIAN_POINT ( 'NONE',  ( 69.50856140126998639, 69.50856140126973060, 0.000000000000000000 ) ) ;
#301 = EDGE_CURVE ( 'NONE', #3475, #4700, #861, .T. ) ;
#302 = ADVANCED_FACE ( 'NONE', ( #185 ), #3392, .F. ) ;
#303 = ORIENTED_EDGE ( 'NONE', *, *, #4960, .F. ) ;
#304 = VECTOR ( 'NONE', #982, 1000.000000000000000 ) ;
#305 = CARTESIAN_POINT ( 'NONE',  ( -13.78559951779067738, 95.81334586546475407, 4.762500000000000178 ) ) ;
#306 = CIRCLE ( 'NONE', #3046, 12.00771944335239638 ) ;
#307 = CIRCLE ( 'NONE', #734, 6.874999999999978684 ) ;
#308 = AXIS2_PLACEMENT_3D ( 'NONE', #4769, #2340, #3961 ) ;
#309 = AXIS2_PLACEMENT_3D ( 'NONE', #771, #2876, #4102 ) ;
#310 = DIRECTION ( 'NONE',  ( -0.000000000000000000, 0.000000000000000000, 1.000000000000000000 ) ) ;
#311 = AXIS2_PLACEMENT_3D ( 'NONE', #5001, #1349, #2626 ) ;
#312 = EDGE_LOOP ( 'NONE', ( #1483, #52, #4495, #139, #3196, #5290, #3859 ) ) ;
#313 = CIRCLE ( 'NONE', #4742, 6.875000000000030198 ) ;
#314 = EDGE_CURVE ( 'NONE', #4279, #1867, #5198, .T. ) ;
#315 = CARTESIAN_POINT ( 'NONE',  ( 3.155228086127853437, 84.74127999814795942, 0.000000000000000000 ) ) ;
#316 = VERTEX_POINT ( 'NONE', #235 ) ;
#317 = EDGE_CURVE ( 'NONE', #921, #3938, #2900, .T. ) ;
#318 = DIRECTION ( 'NONE',  ( -0.000000000000000000, -0.000000000000000000, 1.000000000000000000 ) ) ;
#319 = CARTESIAN_POINT ( 'NONE',  ( -30.03900718919875956, -3.157226878760696742, 4.762500000000000178 ) ) ;
#320 = EDGE_LOOP ( 'NONE', ( #4491, #3124, #4940, #2987 ) ) ;
#321 = VECTOR ( 'NONE', #4688, 1000.000000000000000 ) ;
#322 = CARTESIAN_POINT ( 'NONE',  ( 13.50077308147263189, -93.83373128146715203, 4.762500000000000178 ) ) ;
#323 = CARTESIAN_POINT ( 'NONE',  ( 21.97493245514375815, 79.88177288471835880, 0.000000000000000000 ) ) ;
#324 = VERTEX_POINT ( 'NONE', #4721 ) ;
#325 = CARTESIAN_POINT ( 'NONE',  ( -6.864248841727479887E-13, -98.29995023471883542, 0.000000000000000000 ) ) ;
#326 = CARTESIAN_POINT ( 'NONE',  ( 12.00806750962116176, 98.29995023471883542, 4.762500000000000178 ) ) ;
#327 = ADVANCED_FACE ( 'NONE', ( #2268 ), #2592, .F. ) ;
#328 = ORIENTED_EDGE ( 'NONE', *, *, #2359, .T. ) ;
#329 = EDGE_CURVE ( 'NONE', #1666, #1695, #3070, .T. ) ;
#330 = CARTESIAN_POINT ( 'NONE',  ( 0.000000000000000000, 0.000000000000000000, 4.762500000000000178 ) ) ;
#331 = EDGE_LOOP ( 'NONE', ( #4800, #1073, #4671, #3659 ) ) ;
#332 = CARTESIAN_POINT ( 'NONE',  ( -3.059780884503892295, -35.99929936829710897, 4.762500000000000178 ) ) ;
#333 = DIRECTION ( 'NONE',  ( 0.9135454576425987572, -0.4067366430758052043, 0.000000000000000000 ) ) ;
#334 = CIRCLE ( 'NONE', #3562, 2.000000000000005329 ) ;
#335 = VERTEX_POINT ( 'NONE', #5257 ) ;
#336 = EDGE_CURVE ( 'NONE', #1335, #3114, #4692, .T. ) ;
#337 = DIRECTION ( 'NONE',  ( 0.9135454576425987572, -0.4067366430758052043, 0.000000000000000000 ) ) ;
#338 = ORIENTED_EDGE ( 'NONE', *, *, #4801, .T. ) ;
#339 = ADVANCED_FACE ( 'NONE', ( #1597 ), #3222, .F. ) ;
#340 = VECTOR ( 'NONE', #3543, 1000.000000000000000 ) ;
#341 = DIRECTION ( 'NONE',  ( 1.000000000000000000, 0.000000000000000000, 0.000000000000000000 ) ) ;
#342 = ORIENTED_EDGE ( 'NONE', *, *, #3397, .F. ) ;
#343 = CARTESIAN_POINT ( 'NONE',  ( -0.2928228701304687598, 0.6576909345531986029, 0.000000000000000000 ) ) ;
#344 = CARTESIAN_POINT ( 'NONE',  ( 26.94754193198513192, 80.40441520105659379, 4.762500000000000178 ) ) ;
#345 = VERTEX_POINT ( 'NONE', #772 ) ;
#346 = CARTESIAN_POINT ( 'NONE',  ( 69.50856140126947480, -69.50856140127021376, 0.000000000000000000 ) ) ;
#347 = FACE_BOUND ( 'NONE', #2965, .T. ) ;
#348 = ORIENTED_EDGE ( 'NONE', *, *, #4475, .T. ) ;
#349 = CARTESIAN_POINT ( 'NONE',  ( 5.517139165942796630, 4.102048320488412614, 0.000000000000000000 ) ) ;
#350 = CARTESIAN_POINT ( 'NONE',  ( -11.99865631841014491, 98.81334738424284581, 0.000000000000000000 ) ) ;
#351 = ORIENTED_EDGE ( 'NONE', *, *, #720, .T. ) ;
#352 = LINE ( 'NONE', #4759, #389 ) ;
#353 = VERTEX_POINT ( 'NONE', #4852 ) ;
#354 = CARTESIAN_POINT ( 'NONE',  ( 0.000000000000000000, 0.000000000000000000, 4.762500000000000178 ) ) ;
#355 = CARTESIAN_POINT ( 'NONE',  ( 12.00000000000000888, 98.74004717360759287, 0.000000000000000000 ) ) ;
#356 = EDGE_LOOP ( 'NONE', ( #5191, #3295, #1218, #240 ) ) ;
#357 = EDGE_CURVE ( 'NONE', #2262, #44, #3330, .T. ) ;
#358 = FACE_OUTER_BOUND ( 'NONE', #320, .T. ) ;
#359 = CIRCLE ( 'NONE', #1728, 12.00806750962182790 ) ;
#360 = ORIENTED_EDGE ( 'NONE', *, *, #2772, .F. ) ;
#361 = AXIS2_PLACEMENT_3D ( 'NONE', #2125, #4958, #3307 ) ;
#362 = VERTEX_POINT ( 'NONE', #3193 ) ;
#363 = CIRCLE ( 'NONE', #5141, 2.000000000000001776 ) ;
#364 = DIRECTION ( 'NONE',  ( 1.000000000000000000, 0.000000000000000000, 0.000000000000000000 ) ) ;
#365 = EDGE_LOOP ( 'NONE', ( #3515, #2320, #3962, #2087 ) ) ;
#366 = DIRECTION ( 'NONE',  ( 0.5877852522924678080, -0.8090169943749513370, 0.000000000000000000 ) ) ;
#367 = DIRECTION ( 'NONE',  ( 1.000000000000000000, 0.000000000000000000, 0.000000000000000000 ) ) ;
#368 = EDGE_CURVE ( 'NONE', #4212, #1695, #2823, .T. ) ;
#369 = APPLICATION_PROTOCOL_DEFINITION ( 'draft international standard', 'automotive_design', 1998, #2790 ) ;
#370 = CARTESIAN_POINT ( 'NONE',  ( -58.00265975140476371, 77.49794488735075504, 0.000000000000000000 ) ) ;
#371 = ORIENTED_EDGE ( 'NONE', *, *, #2332, .T. ) ;
#372 = EDGE_CURVE ( 'NONE', #3259, #2046, #4000, .T. ) ;
#373 = AXIS2_PLACEMENT_3D ( 'NONE', #290, #1968, #1915 ) ;
#374 = CARTESIAN_POINT ( 'NONE',  ( 69.50856140126998639, 69.50856140126973060, 4.762500000000000178 ) ) ;
#375 = FACE_BOUND ( 'NONE', #4704, .T. ) ;
#376 = ORIENTED_EDGE ( 'NONE', *, *, #695, .T. ) ;
#377 = CARTESIAN_POINT ( 'NONE',  ( 78.30481974139821943, -61.33475167483426560, 0.000000000000000000 ) ) ;
#378 = CYLINDRICAL_SURFACE ( 'NONE', #3688, 2.000000000000005329 ) ;
#379 = ORIENTED_EDGE ( 'NONE', *, *, #3373, .T. ) ;
#380 = VECTOR ( 'NONE', #2400, 1000.000000000000000 ) ;
#381 = LINE ( 'NONE', #2061, #3711 ) ;
#382 = ORIENTED_EDGE ( 'NONE', *, *, #4249, .F. ) ;
#383 = FACE_OUTER_BOUND ( 'NONE', #1640, .T. ) ;
#384 = CYLINDRICAL_SURFACE ( 'NONE', #1013, 6.874999999999919176 ) ;
#385 = ORIENTED_EDGE ( 'NONE', *, *, #3610, .T. ) ;
#386 = LINE ( 'NONE', #2013, #4077 ) ;
#387 = ORIENTED_EDGE ( 'NONE', *, *, #2710, .T. ) ;
#388 = VERTEX_POINT ( 'NONE', #4364 ) ;
#389 = VECTOR ( 'NONE', #3158, 1000.000000000000000 ) ;
#390 = EDGE_CURVE ( 'NONE', #2076, #4335, #1569, .T. ) ;
#391 = CIRCLE ( 'NONE', #2696, 101.7999999999998835 ) ;
#392 = CIRCLE ( 'NONE', #913, 5.000000000000004441 ) ;
#393 = AXIS2_PLACEMENT_3D ( 'NONE', #3048, #4269, #5051 ) ;
#394 = DIRECTION ( 'NONE',  ( 1.000000000000000000, 0.000000000000000000, 0.000000000000000000 ) ) ;
#395 = ORIENTED_EDGE ( 'NONE', *, *, #4999, .F. ) ;
#396 = DIRECTION ( 'NONE',  ( -0.000000000000000000, -0.000000000000000000, -1.000000000000000000 ) ) ;
#397 = PLANE ( 'NONE',  #3198 ) ;
#398 = CARTESIAN_POINT ( 'NONE',  ( -6.311047636065538313, 2.726958513676442486, 4.762500000000000178 ) ) ;
#399 = AXIS2_PLACEMENT_3D ( 'NONE', #3166, #4874, #4042 ) ;
#400 = DIRECTION ( 'NONE',  ( 1.000000000000000000, 0.000000000000000000, 0.000000000000000000 ) ) ;
#401 = VERTEX_POINT ( 'NONE', #4771 ) ;
#402 = LINE ( 'NONE', #4049, #14 ) ;
#403 = VECTOR ( 'NONE', #2733, 1000.000000000000000 ) ;
#404 = DIRECTION ( 'NONE',  ( 0.000000000000000000, 0.000000000000000000, 1.000000000000000000 ) ) ;
#405 = ORIENTED_EDGE ( 'NONE', *, *, #660, .F. ) ;
#406 = CARTESIAN_POINT ( 'NONE',  ( 3.524999999999312017, -98.29995023471883542, 4.762500000000000178 ) ) ;
#407 = CARTESIAN_POINT ( 'NONE',  ( -77.49794488735034292, -58.00265975140490582, 0.000000000000000000 ) ) ;
#408 = ORIENTED_EDGE ( 'NONE', *, *, #842, .T. ) ;
#409 = AXIS2_PLACEMENT_3D ( 'NONE', #4896, #2440, #4407 ) ;
#410 = DIRECTION ( 'NONE',  ( -0.000000000000000000, -0.000000000000000000, 1.000000000000000000 ) ) ;
#411 = ORIENTED_EDGE ( 'NONE', *, *, #1767, .F. ) ;
#412 = CARTESIAN_POINT ( 'NONE',  ( 0.07621519840600096685, 36.31288475809942895, 4.762500000000000178 ) ) ;
#413 = CARTESIAN_POINT ( 'NONE',  ( 58.00266454383810810, 77.49794130049549779, 4.762500000000000178 ) ) ;
#414 = ORIENTED_EDGE ( 'NONE', *, *, #4275, .F. ) ;
#415 = VECTOR ( 'NONE', #1098, 1000.000000000000000 ) ;
#416 = ADVANCED_FACE ( 'NONE', ( #1197 ), #4822, .T. ) ;
#417 = EDGE_CURVE ( 'NONE', #4067, #335, #743, .T. ) ;
#418 = DIRECTION ( 'NONE',  ( -0.000000000000000000, -0.000000000000000000, -1.000000000000000000 ) ) ;
#419 = CIRCLE ( 'NONE', #241, 101.7999999999998977 ) ;
#420 = ORIENTED_EDGE ( 'NONE', *, *, #498, .T. ) ;
#421 = AXIS2_PLACEMENT_3D ( 'NONE', #3797, #1408, #2257 ) ;
#422 = CARTESIAN_POINT ( 'NONE',  ( -13.78559951779194037, -95.81334586546419985, 0.000000000000000000 ) ) ;
#423 = EDGE_LOOP ( 'NONE', ( #4485, #3889, #687, #2760 ) ) ;
#424 = CARTESIAN_POINT ( 'NONE',  ( 95.81334586546448406, 13.78559951779062942, 0.000000000000000000 ) ) ;
#425 = CARTESIAN_POINT ( 'NONE',  ( -76.35723283372486492, 59.64545493362377471, 0.000000000000000000 ) ) ;
#426 = DIRECTION ( 'NONE',  ( 1.000000000000000000, 0.000000000000000000, 0.000000000000000000 ) ) ;
#427 = ORIENTED_EDGE ( 'NONE', *, *, #2880, .T. ) ;
#428 = EDGE_CURVE ( 'NONE', #1582, #1193, #1913, .T. ) ;
#429 = ADVANCED_FACE ( 'NONE', ( #2424 ), #4046, .T. ) ;
#430 = CYLINDRICAL_SURFACE ( 'NONE', #543, 12.00771944335239638 ) ;
#431 = ORIENTED_EDGE ( 'NONE', *, *, #2496, .F. ) ;
#432 = DIRECTION ( 'NONE',  ( -0.000000000000000000, 0.000000000000000000, 1.000000000000000000 ) ) ;
#433 = ORIENTED_EDGE ( 'NONE', *, *, #4999, .T. ) ;
#434 = DIRECTION ( 'NONE',  ( 1.000000000000000000, 0.000000000000000000, 0.000000000000000000 ) ) ;
#435 = DIRECTION ( 'NONE',  ( 1.000000000000000000, 0.000000000000000000, 0.000000000000000000 ) ) ;
#436 = EDGE_LOOP ( 'NONE', ( #4993, #2723, #385, #4264 ) ) ;
#437 = CARTESIAN_POINT ( 'NONE',  ( -79.76991633572687590, -59.97333113802422133, 0.000000000000000000 ) ) ;
#438 = ORIENTED_EDGE ( 'NONE', *, *, #3405, .F. ) ;
#439 = CARTESIAN_POINT ( 'NONE',  ( 69.50856140126947480, -69.50856140127021376, 4.762500000000000178 ) ) ;
#440 = CARTESIAN_POINT ( 'NONE',  ( 12.00000000000001421, -98.74004717360726602, 4.762500000000000178 ) ) ;
#441 = EDGE_CURVE ( 'NONE', #1467, #4963, #2319, .T. ) ;
#442 = VERTEX_POINT ( 'NONE', #716 ) ;
#443 = EDGE_CURVE ( 'NONE', #4200, #265, #2547, .T. ) ;
#444 = AXIS2_PLACEMENT_3D ( 'NONE', #2883, #917, #865 ) ;
#445 = ADVANCED_FACE ( 'NONE', ( #2343 ), #1095, .F. ) ;
#446 = DIRECTION ( 'NONE',  ( 1.000000000000000000, 0.000000000000000000, 0.000000000000000000 ) ) ;
#447 = ORIENTED_EDGE ( 'NONE', *, *, #749, .T. ) ;
#448 = AXIS2_PLACEMENT_3D ( 'NONE', #4296, #4702, #3100 ) ;
#449 = CARTESIAN_POINT ( 'NONE',  ( 1.223289079734103029E-13, 4.858692387464666639E-13, 4.762500000000000178 ) ) ;
#450 = VERTEX_POINT ( 'NONE', #3937 ) ;
#451 = CARTESIAN_POINT ( 'NONE',  ( -1.082168200009695258E-13, 1.938889539019461736E-13, 0.000000000000000000 ) ) ;
#452 = DIRECTION ( 'NONE',  ( 0.8090169943749514481, 0.5877852522924678080, 0.000000000000000000 ) ) ;
#453 = CARTESIAN_POINT ( 'NONE',  ( -93.83373128146722308, 13.50077308147463384, 0.000000000000000000 ) ) ;
#454 = CIRCLE ( 'NONE', #4448, 3.525000000000000355 ) ;
#455 = ORIENTED_EDGE ( 'NONE', *, *, #2449, .F. ) ;
#456 = DIRECTION ( 'NONE',  ( -0.000000000000000000, -0.000000000000000000, -1.000000000000000000 ) ) ;
#457 = AXIS2_PLACEMENT_3D ( 'NONE', #1, #1953, #435 ) ;
#458 = ORIENTED_EDGE ( 'NONE', *, *, #3077, .F. ) ;
#459 = DIRECTION ( 'NONE',  ( 1.000000000000000000, 0.000000000000000000, 0.000000000000000000 ) ) ;
#460 = VERTEX_POINT ( 'NONE', #2717 ) ;
#461 = DIRECTION ( 'NONE',  ( -0.000000000000000000, -0.000000000000000000, -1.000000000000000000 ) ) ;
#462 = CARTESIAN_POINT ( 'NONE',  ( 0.9919820095244721303, 6.803057892799465378, 0.000000000000000000 ) ) ;
#463 = ORIENTED_EDGE ( 'NONE', *, *, #1273, .F. ) ;
#464 = EDGE_CURVE ( 'NONE', #866, #2367, #4339, .T. ) ;
#465 = CARTESIAN_POINT ( 'NONE',  ( 30.03900718920555590, 3.157226878761403732, 4.762500000000000178 ) ) ;
#466 = ORIENTED_EDGE ( 'NONE', *, *, #4151, .F. ) ;
#467 = AXIS2_PLACEMENT_3D ( 'NONE', #994, #5048, #2622 ) ;
#468 = CARTESIAN_POINT ( 'NONE',  ( 0.000000000000000000, 0.000000000000000000, 4.762500000000000178 ) ) ;
#469 = CARTESIAN_POINT ( 'NONE',  ( -69.50856140126900584, 69.50856140127069693, 4.762500000000000178 ) ) ;
#470 = ORIENTED_EDGE ( 'NONE', *, *, #5036, .T. ) ;
#471 = CIRCLE ( 'NONE', #1067, 4.999999999999997335 ) ;
#472 = EDGE_CURVE ( 'NONE', #353, #442, #3615, .T. ) ;
#473 = DIRECTION ( 'NONE',  ( 0.000000000000000000, 0.000000000000000000, 1.000000000000000000 ) ) ;
#474 = ORIENTED_EDGE ( 'NONE', *, *, #593, .F. ) ;
#475 = DIRECTION ( 'NONE',  ( 1.000000000000000000, 0.000000000000000000, 0.000000000000000000 ) ) ;
#476 = ORIENTED_EDGE ( 'NONE', *, *, #4879, .T. ) ;
#477 = DIRECTION ( 'NONE',  ( -1.000000000000000000, 0.000000000000000000, 0.000000000000000000 ) ) ;
#478 = FACE_OUTER_BOUND ( 'NONE', #2968, .T. ) ;
#479 = DIRECTION ( 'NONE',  ( 0.000000000000000000, 0.000000000000000000, 1.000000000000000000 ) ) ;
#480 = AXIS2_PLACEMENT_3D ( 'NONE', #354, #1157, #2787 ) ;
#481 = EDGE_CURVE ( 'NONE', #1019, #5126, #3168, .T. ) ;
#482 = CARTESIAN_POINT ( 'NONE',  ( -1.082168200009695258E-13, 1.938889539019461736E-13, 0.000000000000000000 ) ) ;
#483 = EDGE_LOOP ( 'NONE', ( #1712, #803, #1621, #62 ) ) ;
#484 = AXIS2_PLACEMENT_3D ( 'NONE', #2123, #15, #1334 ) ;
#485 = CIRCLE ( 'NONE', #3472, 3.524999999999999911 ) ;
#486 = DIRECTION ( 'NONE',  ( 1.000000000000000000, 0.000000000000000000, 0.000000000000000000 ) ) ;
#487 = EDGE_LOOP ( 'NONE', ( #3956, #1191, #3638, #4408 ) ) ;
#488 = DIRECTION ( 'NONE',  ( -0.000000000000000000, -0.000000000000000000, -1.000000000000000000 ) ) ;
#489 = CARTESIAN_POINT ( 'NONE',  ( -12.00000000000000533, 98.74004717360757866, 0.000000000000000000 ) ) ;
#490 = VERTEX_POINT ( 'NONE', #4662 ) ;
#491 = DIRECTION ( 'NONE',  ( 1.000000000000000000, 0.000000000000000000, 0.000000000000000000 ) ) ;
#492 = EDGE_LOOP ( 'NONE', ( #4068, #537, #474, #1159 ) ) ;
#493 = CARTESIAN_POINT ( 'NONE',  ( 0.000000000000000000, 0.000000000000000000, 0.000000000000000000 ) ) ;
#494 = CARTESIAN_POINT ( 'NONE',  ( 3.059780884510825860, 35.99929936829651922, 4.762500000000000178 ) ) ;
#495 = AXIS2_PLACEMENT_3D ( 'NONE', #1185, #5093, #4691 ) ;
#496 = ORIENTED_EDGE ( 'NONE', *, *, #1081, .T. ) ;
#497 = VECTOR ( 'NONE', #3579, 1000.000000000000227 ) ;
#498 = EDGE_CURVE ( 'NONE', #2079, #1378, #2147, .T. ) ;
#499 = EDGE_CURVE ( 'NONE', #1123, #2490, #1752, .T. ) ;
#500 = EDGE_CURVE ( 'NONE', #2161, #3623, #3775, .T. ) ;
#501 = FACE_OUTER_BOUND ( 'NONE', #1517, .T. ) ;
#502 = ORIENTED_EDGE ( 'NONE', *, *, #3907, .F. ) ;
#503 = DIRECTION ( 'NONE',  ( 0.8090169943749511150, 0.5877852522924681411, 0.000000000000000000 ) ) ;
#504 = VECTOR ( 'NONE', #754, 999.9999999999998863 ) ;
#505 = EDGE_CURVE ( 'NONE', #1898, #2076, #4633, .T. ) ;
#506 = CARTESIAN_POINT ( 'NONE',  ( -13.50077308147268873, 93.83373128146754993, 4.762500000000000178 ) ) ;
#507 = ORIENTED_EDGE ( 'NONE', *, *, #4376, .T. ) ;
#508 = LINE ( 'NONE', #3335, #3770 ) ;
#509 = CARTESIAN_POINT ( 'NONE',  ( -83.10603710653802523, -16.86495171788893188, 4.762500000000000178 ) ) ;
#510 = AXIS2_PLACEMENT_3D ( 'NONE', #984, #1859, #1787 ) ;
#511 = DIRECTION ( 'NONE',  ( -0.000000000000000000, -0.000000000000000000, -1.000000000000000000 ) ) ;
#512 = ORIENTED_EDGE ( 'NONE', *, *, #1996, .F. ) ;
#513 = CYLINDRICAL_SURFACE ( 'NONE', #11, 2.000000000000001776 ) ;
#514 = ORIENTED_EDGE ( 'NONE', *, *, #2059, .T. ) ;
#515 = DIRECTION ( 'NONE',  ( -0.000000000000000000, -0.000000000000000000, -1.000000000000000000 ) ) ;
#516 = DIRECTION ( 'NONE',  ( 1.000000000000000000, 0.000000000000000000, 0.000000000000000000 ) ) ;
#517 = VERTEX_POINT ( 'NONE', #2633 ) ;
#518 = DIRECTION ( 'NONE',  ( -0.000000000000000000, -0.000000000000000000, 1.000000000000000000 ) ) ;
#519 = ORIENTED_EDGE ( 'NONE', *, *, #4825, .T. ) ;
#520 = FACE_OUTER_BOUND ( 'NONE', #283, .T. ) ;
#521 = DIRECTION ( 'NONE',  ( -0.000000000000000000, 0.000000000000000000, 1.000000000000000000 ) ) ;
#522 = VERTEX_POINT ( 'NONE', #2607 ) ;
#523 = AXIS2_PLACEMENT_3D ( 'NONE', #4672, #3040, #4240 ) ;
#524 = CARTESIAN_POINT ( 'NONE',  ( 3.059780884510825860, 35.99929936829651922, 4.762500000000000178 ) ) ;
#525 = ORIENTED_EDGE ( 'NONE', *, *, #2342, .F. ) ;
#526 = DIRECTION ( 'NONE',  ( -0.000000000000000000, -0.000000000000000000, 1.000000000000000000 ) ) ;
#527 = ADVANCED_FACE ( 'NONE', ( #3379 ), #583, .F. ) ;
#528 = AXIS2_PLACEMENT_3D ( 'NONE', #629, #1504, #3529 ) ;
#529 = VECTOR ( 'NONE', #2078, 1000.000000000000114 ) ;
#530 = FACE_OUTER_BOUND ( 'NONE', #3343, .T. ) ;
#531 = VERTEX_POINT ( 'NONE', #1702 ) ;
#532 = LINE ( 'NONE', #1653, #702 ) ;
#533 = CARTESIAN_POINT ( 'NONE',  ( 78.30481974139821943, -61.33475167483426560, 4.762500000000000178 ) ) ;
#534 = ADVANCED_FACE ( 'NONE', ( #2577 ), #908, .F. ) ;
#535 = EDGE_CURVE ( 'NONE', #4720, #2718, #565, .T. ) ;
#536 = DIRECTION ( 'NONE',  ( 0.000000000000000000, 0.000000000000000000, 1.000000000000000000 ) ) ;
#537 = ORIENTED_EDGE ( 'NONE', *, *, #2980, .F. ) ;
#538 = DIRECTION ( 'NONE',  ( -0.000000000000000000, -0.000000000000000000, 1.000000000000000000 ) ) ;
#539 = ORIENTED_EDGE ( 'NONE', *, *, #5189, .F. ) ;
#540 = AXIS2_PLACEMENT_3D ( 'NONE', #1634, #1715, #4134 ) ;
#541 = CYLINDRICAL_SURFACE ( 'NONE', #1323, 12.00806750962116176 ) ;
#542 = DIRECTION ( 'NONE',  ( -1.000000000000000000, 0.000000000000000000, 0.000000000000000000 ) ) ;
#543 = AXIS2_PLACEMENT_3D ( 'NONE', #346, #2748, #4829 ) ;
#544 = VERTEX_POINT ( 'NONE', #398 ) ;
#545 = CIRCLE ( 'NONE', #4452, 5.000000000000004441 ) ;
#546 = AXIS2_PLACEMENT_3D ( 'NONE', #2088, #4974, #3268 ) ;
#547 = DIRECTION ( 'NONE',  ( -0.000000000000000000, 0.000000000000000000, 1.000000000000000000 ) ) ;
#548 = ORIENTED_EDGE ( 'NONE', *, *, #1090, .T. ) ;
#549 = DIRECTION ( 'NONE',  ( 1.000000000000000000, 0.000000000000000000, 0.000000000000000000 ) ) ;
#550 = CYLINDRICAL_SURFACE ( 'NONE', #4836, 101.7999999999998124 ) ;
#551 = ORIENTED_EDGE ( 'NONE', *, *, #1048, .T. ) ;
#552 = ADVANCED_FACE ( 'NONE', ( #3026 ), #95, .T. ) ;
#553 = CARTESIAN_POINT ( 'NONE',  ( 79.38586357672295435, 41.97528635016006859, 4.762500000000000178 ) ) ;
#554 = EDGE_LOOP ( 'NONE', ( #4153, #3460, #1206, #5207 ) ) ;
#555 = DIRECTION ( 'NONE',  ( 1.000000000000000000, 0.000000000000000000, 0.000000000000000000 ) ) ;
#556 = AXIS2_PLACEMENT_3D ( 'NONE', #692, #5203, #400 ) ;
#557 = DIRECTION ( 'NONE',  ( -0.000000000000000000, 0.000000000000000000, 1.000000000000000000 ) ) ;
#558 = ORIENTED_EDGE ( 'NONE', *, *, #3276, .T. ) ;
#559 = DIRECTION ( 'NONE',  ( 1.000000000000000000, 0.000000000000000000, 0.000000000000000000 ) ) ;
#560 = DIRECTION ( 'NONE',  ( -0.000000000000000000, -0.000000000000000000, 1.000000000000000000 ) ) ;
#561 = EDGE_CURVE ( 'NONE', #4963, #4126, #4907, .T. ) ;
#562 = ADVANCED_FACE ( 'NONE', ( #2022 ), #123, .F. ) ;
#563 = DIRECTION ( 'NONE',  ( 1.000000000000000000, 0.000000000000000000, 0.000000000000000000 ) ) ;
#564 = ORIENTED_EDGE ( 'NONE', *, *, #821, .T. ) ;
#565 = CIRCLE ( 'NONE', #5164, 101.7999999999998977 ) ;
#566 = DIRECTION ( 'NONE',  ( 0.000000000000000000, 0.000000000000000000, 1.000000000000000000 ) ) ;
#567 = VERTEX_POINT ( 'NONE', #2207 ) ;
#568 = DIRECTION ( 'NONE',  ( -0.000000000000000000, -0.000000000000000000, 1.000000000000000000 ) ) ;
#569 = CARTESIAN_POINT ( 'NONE',  ( -68.87156092308092070, 49.14823264826812732, 4.762500000000000178 ) ) ;
#570 = VECTOR ( 'NONE', #4891, 1000.000000000000000 ) ;
#571 = VERTEX_POINT ( 'NONE', #3831 ) ;
#572 = ADVANCED_FACE ( 'NONE', ( #151 ), #4607, .F. ) ;
#573 = VECTOR ( 'NONE', #4820, 1000.000000000000000 ) ;
#574 = AXIS2_PLACEMENT_3D ( 'NONE', #1744, #4245, #2250 ) ;
#575 = CARTESIAN_POINT ( 'NONE',  ( 3.524999999999999911, 98.29995023471883542, 0.000000000000000000 ) ) ;
#576 = CARTESIAN_POINT ( 'NONE',  ( -3.155228086120867914, -84.74127999814818679, 4.762500000000000178 ) ) ;
#577 = ORIENTED_EDGE ( 'NONE', *, *, #1833, .T. ) ;
#578 = FACE_OUTER_BOUND ( 'NONE', #1630, .T. ) ;
#579 = CARTESIAN_POINT ( 'NONE',  ( -98.74004717360750760, -11.99999999999998579, 0.000000000000000000 ) ) ;
#580 = VECTOR ( 'NONE', #5263, 1000.000000000000000 ) ;
#581 = ORIENTED_EDGE ( 'NONE', *, *, #2872, .F. ) ;
#582 = DIRECTION ( 'NONE',  ( 1.000000000000000000, 0.000000000000000000, 0.000000000000000000 ) ) ;
#583 = CYLINDRICAL_SURFACE ( 'NONE', #4654, 2.000000000000001776 ) ;
#584 = AXIS2_PLACEMENT_3D ( 'NONE', #3793, #1352, #1804 ) ;
#585 = DIRECTION ( 'NONE',  ( 0.000000000000000000, 0.000000000000000000, 1.000000000000000000 ) ) ;
#586 = EDGE_LOOP ( 'NONE', ( #1118, #3471, #3784, #2388 ) ) ;
#587 = LINE ( 'NONE', #4637, #192 ) ;
#588 = CARTESIAN_POINT ( 'NONE',  ( -56.15849517455608719, 63.53946348317209214, 4.762500000000000178 ) ) ;
#589 = DIRECTION ( 'NONE',  ( -0.000000000000000000, -0.000000000000000000, 1.000000000000000000 ) ) ;
#590 = EDGE_LOOP ( 'NONE', ( #2404, #1557, #1680, #5282 ) ) ;
#591 = CARTESIAN_POINT ( 'NONE',  ( 28.50242259831100711, 17.77685269127560019, 4.762500000000000178 ) ) ;
#592 = EDGE_LOOP ( 'NONE', ( #5136, #618, #2828, #16, #4716, #2238, #2999, #3838, #5222, #2618, #2244, #2014 ) ) ;
#593 = EDGE_CURVE ( 'NONE', #2958, #1443, #2178, .T. ) ;
#594 = VECTOR ( 'NONE', #5169, 1000.000000000000114 ) ;
#595 = DIRECTION ( 'NONE',  ( 1.000000000000000000, 0.000000000000000000, 0.000000000000000000 ) ) ;
#596 = CARTESIAN_POINT ( 'NONE',  ( -1.082168200009695258E-13, 1.938889539019461736E-13, 0.000000000000000000 ) ) ;
#597 = EDGE_CURVE ( 'NONE', #945, #2892, #835, .T. ) ;
#598 = ORIENTED_EDGE ( 'NONE', *, *, #1937, .F. ) ;
#599 = VECTOR ( 'NONE', #3055, 1000.000000000000114 ) ;
#600 = DIRECTION ( 'NONE',  ( 1.000000000000000000, 0.000000000000000000, 0.000000000000000000 ) ) ;
#601 = CARTESIAN_POINT ( 'NONE',  ( 98.81334738424257580, 13.99865631841015379, 0.000000000000000000 ) ) ;
#602 = EDGE_LOOP ( 'NONE', ( #1015, #2972 ) ) ;
#603 = CARTESIAN_POINT ( 'NONE',  ( 93.83373128146727993, 13.50077308147264255, 0.000000000000000000 ) ) ;
#604 = CYLINDRICAL_SURFACE ( 'NONE', #3505, 1.999999999999988010 ) ;
#605 = AXIS2_PLACEMENT_3D ( 'NONE', #1520, #1995, #3587 ) ;
#606 = CARTESIAN_POINT ( 'NONE',  ( -5.517139165942847256, -4.102048320488123068, 4.762500000000000178 ) ) ;
#607 = EDGE_CURVE ( 'NONE', #5009, #3119, #3632, .T. ) ;
#608 = ORIENTED_EDGE ( 'NONE', *, *, #232, .F. ) ;
#609 = DIRECTION ( 'NONE',  ( -0.000000000000000000, -0.000000000000000000, 1.000000000000000000 ) ) ;
#610 = EDGE_CURVE ( 'NONE', #1123, #218, #2448, .T. ) ;
#611 = FACE_OUTER_BOUND ( 'NONE', #1606, .T. ) ;
#612 = EDGE_LOOP ( 'NONE', ( #2313, #4123, #4420, #2538 ) ) ;
#613 = CARTESIAN_POINT ( 'NONE',  ( 75.89675150908259127, -56.80425257292428398, 4.762500000000000178 ) ) ;
#614 = AXIS2_PLACEMENT_3D ( 'NONE', #2107, #134, #459 ) ;
#615 = DIRECTION ( 'NONE',  ( 0.000000000000000000, 0.000000000000000000, 1.000000000000000000 ) ) ;
#616 = VERTEX_POINT ( 'NONE', #4761 ) ;
#617 = CARTESIAN_POINT ( 'NONE',  ( -95.81334586546441301, 13.78559951779267578, 0.000000000000000000 ) ) ;
#618 = ORIENTED_EDGE ( 'NONE', *, *, #3856, .F. ) ;
#619 = CARTESIAN_POINT ( 'NONE',  ( -1.082168200009695258E-13, 1.938889539019461736E-13, 0.000000000000000000 ) ) ;
#620 = CARTESIAN_POINT ( 'NONE',  ( 58.19217838993697001, -58.97173619495746522, 4.762500000000000178 ) ) ;
#621 = ORIENTED_EDGE ( 'NONE', *, *, #232, .T. ) ;
#622 = FACE_OUTER_BOUND ( 'NONE', #4113, .T. ) ;
#623 = DIRECTION ( 'NONE',  ( 1.000000000000000000, 0.000000000000000000, 0.000000000000000000 ) ) ;
#624 = VECTOR ( 'NONE', #3919, 1000.000000000000114 ) ;
#625 = VERTEX_POINT ( 'NONE', #201 ) ;
#626 = CARTESIAN_POINT ( 'NONE',  ( 28.50242259831100711, 17.77685269127560019, 4.762500000000000178 ) ) ;
#627 = CARTESIAN_POINT ( 'NONE',  ( -74.96571527066774365, -39.63813232175769485, 4.762500000000000178 ) ) ;
#628 = EDGE_CURVE ( 'NONE', #1025, #3814, #5262, .T. ) ;
#629 = CARTESIAN_POINT ( 'NONE',  ( 98.81334738424257580, 13.99865631841015379, 0.000000000000000000 ) ) ;
#630 = AXIS2_PLACEMENT_3D ( 'NONE', #4805, #2779, #4399 ) ;
#631 = CARTESIAN_POINT ( 'NONE',  ( -58.00265975140619901, -77.49794488734930553, 0.000000000000000000 ) ) ;
#633 = ORIENTED_EDGE ( 'NONE', *, *, #4894, .F. ) ;
#632 = VECTOR ( 'NONE', #3023, 1000.000000000000000 ) ;
#634 = CARTESIAN_POINT ( 'NONE',  ( 0.000000000000000000, 0.000000000000000000, 0.000000000000000000 ) ) ;
#635 = EDGE_CURVE ( 'NONE', #1165, #742, #3509, .T. ) ;
#636 = LINE ( 'NONE', #2582, #2801 ) ;
#637 = VERTEX_POINT ( 'NONE', #1934 ) ;
#638 = CARTESIAN_POINT ( 'NONE',  ( -69.50856140126900584, 69.50856140127069693, 0.000000000000000000 ) ) ;
#639 = CIRCLE ( 'NONE', #3608, 101.7999999999998550 ) ;
#640 = CYLINDRICAL_SURFACE ( 'NONE', #3800, 94.80000000000022453 ) ;
#641 = ORIENTED_EDGE ( 'NONE', *, *, #2137, .T. ) ;
#642 = CARTESIAN_POINT ( 'NONE',  ( -6.864248841727479887E-13, -98.29995023471883542, 0.000000000000000000 ) ) ;
#643 = ORIENTED_EDGE ( 'NONE', *, *, #2885, .F. ) ;
#644 = CYLINDRICAL_SURFACE ( 'NONE', #2256, 2.000000000000008882 ) ;
#645 = CYLINDRICAL_SURFACE ( 'NONE', #124, 3.525000000000000355 ) ;
#646 = EDGE_LOOP ( 'NONE', ( #3894, #1306, #2099, #4834, #162, #3694, #4734, #4525, #4804, #693 ) ) ;
#647 = EDGE_CURVE ( 'NONE', #316, #2346, #1774, .T. ) ;
#648 = DIRECTION ( 'NONE',  ( -1.000000000000000000, 0.000000000000000000, 0.000000000000000000 ) ) ;
#649 = FACE_OUTER_BOUND ( 'NONE', #3396, .T. ) ;
#650 = ORIENTED_EDGE ( 'NONE', *, *, #3456, .T. ) ;
#651 = CARTESIAN_POINT ( 'NONE',  ( -26.94754193197798031, -80.40441520105899542, 4.762500000000000178 ) ) ;
#652 = CARTESIAN_POINT ( 'NONE',  ( -0.07621519839906727711, -36.31288475810001870, 4.762500000000000178 ) ) ;
#653 = DIRECTION ( 'NONE',  ( 0.000000000000000000, 0.000000000000000000, 1.000000000000000000 ) ) ;
#654 = CIRCLE ( 'NONE', #1338, 6.874999999999919176 ) ;
#655 = LINE ( 'NONE', #606, #5166 ) ;
#656 = ORIENTED_EDGE ( 'NONE', *, *, #2150, .T. ) ;
#657 = CIRCLE ( 'NONE', #4736, 12.00806750962183145 ) ;
#658 = DIRECTION ( 'NONE',  ( -0.000000000000000000, -0.000000000000000000, -1.000000000000000000 ) ) ;
#659 = EDGE_CURVE ( 'NONE', #2234, #21, #2703, .T. ) ;
#660 = EDGE_CURVE ( 'NONE', #13, #4313, #4746, .T. ) ;
#661 = ADVANCED_FACE ( 'NONE', ( #2259 ), #4787, .T. ) ;
#662 = AXIS2_PLACEMENT_3D ( 'NONE', #3111, #4354, #3137 ) ;
#663 = CARTESIAN_POINT ( 'NONE',  ( 98.74004717360737970, 11.99999999999999822, 0.000000000000000000 ) ) ;
#664 = ORIENTED_EDGE ( 'NONE', *, *, #4996, .F. ) ;
#665 = EDGE_CURVE ( 'NONE', #1487, #2290, #1458, .T. ) ;
#666 = DIRECTION ( 'NONE',  ( -0.000000000000000000, 0.000000000000000000, 1.000000000000000000 ) ) ;
#667 = ORIENTED_EDGE ( 'NONE', *, *, #206, .F. ) ;
#668 = DIRECTION ( 'NONE',  ( 1.000000000000000000, 0.000000000000000000, 0.000000000000000000 ) ) ;
#669 = VERTEX_POINT ( 'NONE', #705 ) ;
#670 = CARTESIAN_POINT ( 'NONE',  ( -77.49794488734934816, 58.00265975140663954, 0.000000000000000000 ) ) ;
#671 = CIRCLE ( 'NONE', #3479, 2.000000000000015543 ) ;
#672 = ORIENTED_EDGE ( 'NONE', *, *, #2944, .F. ) ;
#673 = AXIS2_PLACEMENT_3D ( 'NONE', #4256, #585, #1385 ) ;
#674 = PLANE ( 'NONE',  #963 ) ;
#675 = DIRECTION ( 'NONE',  ( 1.000000000000000000, 0.000000000000000000, 0.000000000000000000 ) ) ;
#676 = VERTEX_POINT ( 'NONE', #1433 ) ;
#677 = DIRECTION ( 'NONE',  ( 1.000000000000000000, 0.000000000000000000, 0.000000000000000000 ) ) ;
#678 = CARTESIAN_POINT ( 'NONE',  ( 30.03900718920555590, 3.157226878761403732, 0.000000000000000000 ) ) ;
#679 = CARTESIAN_POINT ( 'NONE',  ( 98.81334738424257580, 13.99865631841015379, 0.000000000000000000 ) ) ;
#680 = AXIS2_PLACEMENT_3D ( 'NONE', #2575, #4252, #2632 ) ;
#681 = CARTESIAN_POINT ( 'NONE',  ( 0.4231656220986075856, 0.5824375116214691728, 4.762500000000000178 ) ) ;
#682 = ORIENTED_EDGE ( 'NONE', *, *, #1588, .F. ) ;
#683 = DIRECTION ( 'NONE',  ( 0.000000000000000000, 0.000000000000000000, 1.000000000000000000 ) ) ;
#684 = EDGE_CURVE ( 'NONE', #522, #3553, #3083, .T. ) ;
#685 = CYLINDRICAL_SURFACE ( 'NONE', #852, 2.000000000000001776 ) ;
#686 = EDGE_CURVE ( 'NONE', #1865, #3314, #2706, .T. ) ;
#687 = ORIENTED_EDGE ( 'NONE', *, *, #1873, .T. ) ;
#688 = DIRECTION ( 'NONE',  ( 1.000000000000000000, 0.000000000000000000, 0.000000000000000000 ) ) ;
#689 = ORIENTED_EDGE ( 'NONE', *, *, #1987, .T. ) ;
#690 = CARTESIAN_POINT ( 'NONE',  ( 81.36850812801097277, 61.17520645671560686, 0.000000000000000000 ) ) ;
#691 = ORIENTED_EDGE ( 'NONE', *, *, #2905, .T. ) ;
#692 = CARTESIAN_POINT ( 'NONE',  ( -1.082168200009695258E-13, 1.938889539019461736E-13, 0.000000000000000000 ) ) ;
#693 = ORIENTED_EDGE ( 'NONE', *, *, #1389, .F. ) ;
#694 = EDGE_CURVE ( 'NONE', #335, #1193, #3133, .T. ) ;
#695 = EDGE_CURVE ( 'NONE', #3741, #1669, #4255, .T. ) ;
#696 = LINE ( 'NONE', #4725, #624 ) ;
#697 = CARTESIAN_POINT ( 'NONE',  ( -74.96571527066774365, -39.63813232175769485, 0.000000000000000000 ) ) ;
#698 = ORIENTED_EDGE ( 'NONE', *, *, #4547, .T. ) ;
#699 = DIRECTION ( 'NONE',  ( -0.000000000000000000, -0.000000000000000000, 1.000000000000000000 ) ) ;
#700 = CARTESIAN_POINT ( 'NONE',  ( 73.03356140126999207, 69.50856140126973060, 4.762500000000000178 ) ) ;
#701 = FACE_BOUND ( 'NONE', #4783, .T. ) ;
#702 = VECTOR ( 'NONE', #2155, 1000.000000000000000 ) ;
#703 = DIRECTION ( 'NONE',  ( -0.1045284632676470177, 0.9945218953682739560, 0.000000000000000000 ) ) ;
#704 = ORIENTED_EDGE ( 'NONE', *, *, #1390, .F. ) ;
#705 = CARTESIAN_POINT ( 'NONE',  ( -59.46972720135774892, 67.28589411307611101, 4.762500000000000178 ) ) ;
#706 = EDGE_CURVE ( 'NONE', #4881, #1028, #5179, .T. ) ;
#707 = CIRCLE ( 'NONE', #3769, 2.000000000000001776 ) ;
#708 = CIRCLE ( 'NONE', #2249, 94.80000000000022453 ) ;
#709 = PRESENTATION_LAYER_ASSIGNMENT (  '', '', ( #3012 ) ) ;
#710 = DIRECTION ( 'NONE',  ( 1.000000000000000000, 0.000000000000000000, 0.000000000000000000 ) ) ;
#711 = ORIENTED_EDGE ( 'NONE', *, *, #1873, .F. ) ;
#712 = ADVANCED_FACE ( 'NONE', ( #2309 ), #3928, .F. ) ;
#713 = CARTESIAN_POINT ( 'NONE',  ( 13.50077308147268162, 93.83373128146753572, 0.000000000000000000 ) ) ;
#714 = AXIS2_PLACEMENT_3D ( 'NONE', #2563, #968, #2270 ) ;
#715 = ORIENTED_EDGE ( 'NONE', *, *, #1113, .F. ) ;
#716 = CARTESIAN_POINT ( 'NONE',  ( -29.64641732912901162, 15.79539569389575782, 4.762500000000000178 ) ) ;
#717 = FACE_OUTER_BOUND ( 'NONE', #5064, .T. ) ;
#718 = ORIENTED_EDGE ( 'NONE', *, *, #3047, .T. ) ;
#719 = VECTOR ( 'NONE', #19, 1000.000000000000000 ) ;
#720 = EDGE_CURVE ( 'NONE', #401, #5130, #1857, .T. ) ;
#721 = DIRECTION ( 'NONE',  ( -0.000000000000000000, 0.000000000000000000, 1.000000000000000000 ) ) ;
#722 = FACE_BOUND ( 'NONE', #2252, .T. ) ;
#723 = ORIENTED_EDGE ( 'NONE', *, *, #4731, .T. ) ;
#724 = CARTESIAN_POINT ( 'NONE',  ( -73.03356140127041840, -69.50856140126921900, 4.762500000000000178 ) ) ;
#725 = CARTESIAN_POINT ( 'NONE',  ( -1.082168200009695258E-13, 1.938889539019461736E-13, 4.762500000000000178 ) ) ;
#726 = EDGE_LOOP ( 'NONE', ( #5219, #1047, #3847, #1423 ) ) ;
#727 = EDGE_CURVE ( 'NONE', #3285, #2500, #1780, .T. ) ;
#728 = CARTESIAN_POINT ( 'NONE',  ( 98.81334738424240527, -13.99865631841085190, 0.000000000000000000 ) ) ;
#729 = ORIENTED_EDGE ( 'NONE', *, *, #3157, .F. ) ;
#730 = DIRECTION ( 'NONE',  ( -0.8090169943749513370, -0.5877852522924675860, 0.000000000000000000 ) ) ;
#731 = CARTESIAN_POINT ( 'NONE',  ( -78.30481564546006723, 61.33475684932390948, 0.000000000000000000 ) ) ;
#732 = ADVANCED_FACE ( 'NONE', ( #3057 ), #1036, .F. ) ;
#733 = VERTEX_POINT ( 'NONE', #5086 ) ;
#734 = AXIS2_PLACEMENT_3D ( 'NONE', #2466, #1665, #491 ) ;
#735 = CIRCLE ( 'NONE', #4913, 6.875000000000029310 ) ;
#736 = CIRCLE ( 'NONE', #2185, 2.999999999999999112 ) ;
#737 = CARTESIAN_POINT ( 'NONE',  ( 93.83373128146727993, 13.50077308147264255, 0.000000000000000000 ) ) ;
#738 = AXIS2_PLACEMENT_3D ( 'NONE', #1449, #1026, #2647 ) ;
#739 = VERTEX_POINT ( 'NONE', #1512 ) ;
#740 = CIRCLE ( 'NONE', #4395, 2.999999999999999556 ) ;
#741 = DIRECTION ( 'NONE',  ( 0.000000000000000000, 0.000000000000000000, 1.000000000000000000 ) ) ;
#742 = VERTEX_POINT ( 'NONE', #2680 ) ;
#743 = LINE ( 'NONE', #1542, #1455 ) ;
#744 = AXIS2_PLACEMENT_3D ( 'NONE', #4206, #3387, #5015 ) ;
#745 = CARTESIAN_POINT ( 'NONE',  ( -88.00615721895181309, -17.85934745597200290, 0.000000000000000000 ) ) ;
#746 = DIRECTION ( 'NONE',  ( -0.000000000000000000, -0.000000000000000000, 1.000000000000000000 ) ) ;
#747 = EDGE_LOOP ( 'NONE', ( #3241, #896, #3556, #3230 ) ) ;
#748 = DIRECTION ( 'NONE',  ( -0.000000000000000000, -0.000000000000000000, 1.000000000000000000 ) ) ;
#749 = EDGE_CURVE ( 'NONE', #2062, #4200, #1941, .T. ) ;
#750 = FACE_BOUND ( 'NONE', #2978, .T. ) ;
#751 = EDGE_CURVE ( 'NONE', #5009, #4720, #1186, .T. ) ;
#752 = EDGE_LOOP ( 'NONE', ( #4621, #4204, #3255, #3811 ) ) ;
#753 = CARTESIAN_POINT ( 'NONE',  ( -69.50856140127041272, -69.50856140126921900, 0.000000000000000000 ) ) ;
#754 = DIRECTION ( 'NONE',  ( 0.1045284632676461573, 0.9945218953682741780, 0.000000000000000000 ) ) ;
#755 = VERTEX_POINT ( 'NONE', #1559 ) ;
#756 = CARTESIAN_POINT ( 'NONE',  ( 13.78559951779059745, -95.81334586546435617, 0.000000000000000000 ) ) ;
#757 = ORIENTED_EDGE ( 'NONE', *, *, #3850, .T. ) ;
#758 = DIRECTION ( 'NONE',  ( -0.000000000000000000, -0.000000000000000000, -1.000000000000000000 ) ) ;
#759 = DIRECTION ( 'NONE',  ( 0.000000000000000000, 0.000000000000000000, 1.000000000000000000 ) ) ;
#760 = AXIS2_PLACEMENT_3D ( 'NONE', #4715, #557, #3510 ) ;
#761 = ORIENTED_EDGE ( 'NONE', *, *, #3870, .F. ) ;
#762 = ADVANCED_FACE ( 'NONE', ( #3631 ), #384, .F. ) ;
#763 = CARTESIAN_POINT ( 'NONE',  ( -59.64545493362190598, 76.35723283372630021, 0.000000000000000000 ) ) ;
#764 = VERTEX_POINT ( 'NONE', #440 ) ;
#765 = ADVANCED_FACE ( 'NONE', ( #36 ), #1983, .F. ) ;
#766 = VERTEX_POINT ( 'NONE', #4463 ) ;
#767 = AXIS2_PLACEMENT_3D ( 'NONE', #3015, #4644, #2640 ) ;
#768 = AXIS2_PLACEMENT_3D ( 'NONE', #642, #566, #966 ) ;
#769 = DIRECTION ( 'NONE',  ( -0.000000000000000000, 0.000000000000000000, 1.000000000000000000 ) ) ;
#770 = ORIENTED_EDGE ( 'NONE', *, *, #2980, .T. ) ;
#771 = CARTESIAN_POINT ( 'NONE',  ( 4.652889801852896530E-22, 98.29995023471883542, 0.000000000000000000 ) ) ;
#772 = CARTESIAN_POINT ( 'NONE',  ( 76.35722927183275033, 59.64545974338755485, 4.762500000000000178 ) ) ;
#773 = DIRECTION ( 'NONE',  ( -0.000000000000000000, -0.000000000000000000, -1.000000000000000000 ) ) ;
#774 = AXIS2_PLACEMENT_3D ( 'NONE', #2620, #1070, #4314 ) ;
#775 = VERTEX_POINT ( 'NONE', #8 ) ;
#776 = CYLINDRICAL_SURFACE ( 'NONE', #1644, 2.000000000000001776 ) ;
#777 = FACE_BOUND ( 'NONE', #602, .T. ) ;
#778 = ORIENTED_EDGE ( 'NONE', *, *, #607, .T. ) ;
#779 = DIRECTION ( 'NONE',  ( -0.000000000000000000, 0.000000000000000000, 1.000000000000000000 ) ) ;
#780 = DIRECTION ( 'NONE',  ( 0.1045284632676445613, 0.9945218953682742891, 0.000000000000000000 ) ) ;
#781 = VERTEX_POINT ( 'NONE', #817 ) ;
#782 = AXIS2_PLACEMENT_3D ( 'NONE', #1260, #1736, #1288 ) ;
#783 = DIRECTION ( 'NONE',  ( 1.000000000000000000, 0.000000000000000000, 0.000000000000000000 ) ) ;
#784 = ORIENTED_EDGE ( 'NONE', *, *, #1255, .T. ) ;
#785 = EDGE_CURVE ( 'NONE', #3626, #4917, #3981, .T. ) ;
#786 = DIRECTION ( 'NONE',  ( 0.000000000000000000, -0.000000000000000000, -1.000000000000000000 ) ) ;
#787 = CARTESIAN_POINT ( 'NONE',  ( -69.50856140127041272, -69.50856140126921900, 0.000000000000000000 ) ) ;
#788 = EDGE_LOOP ( 'NONE', ( #4100, #5286, #293, #122 ) ) ;
#789 = DIRECTION ( 'NONE',  ( -0.000000000000000000, 0.000000000000000000, 1.000000000000000000 ) ) ;
#790 = AXIS2_PLACEMENT_3D ( 'NONE', #2536, #4055, #57 ) ;
#791 = ORIENTED_EDGE ( 'NONE', *, *, #1601, .T. ) ;
#792 = ORIENTED_EDGE ( 'NONE', *, *, #1003, .F. ) ;
#793 = AXIS2_PLACEMENT_3D ( 'NONE', #3807, #127, #477 ) ;
#794 = EDGE_CURVE ( 'NONE', #2069, #544, #4751, .T. ) ;
#795 = AXIS2_PLACEMENT_3D ( 'NONE', #4806, #4056, #2353 ) ;
#796 = VECTOR ( 'NONE', #3686, 1000.000000000000000 ) ;
#797 = CYLINDRICAL_SURFACE ( 'NONE', #4574, 94.80000000000021032 ) ;
#798 = EDGE_LOOP ( 'NONE', ( #2909, #4760, #2778, #2199 ) ) ;
#799 = DIRECTION ( 'NONE',  ( -0.8090169943749520032, 0.5877852522924666978, 0.000000000000000000 ) ) ;
#800 = CARTESIAN_POINT ( 'NONE',  ( 68.87156092308279653, -49.14823264826510041, 0.000000000000000000 ) ) ;
#801 = CARTESIAN_POINT ( 'NONE',  ( -76.35723283372486492, 59.64545493362378181, 0.000000000000000000 ) ) ;
#802 = CARTESIAN_POINT ( 'NONE',  ( 98.81334738424240527, -13.99865631841085190, 4.762500000000000178 ) ) ;
#803 = ORIENTED_EDGE ( 'NONE', *, *, #4087, .F. ) ;
#804 = AXIS2_PLACEMENT_3D ( 'NONE', #2966, #1419, #595 ) ;
#805 = DIRECTION ( 'NONE',  ( -0.000000000000000000, 0.000000000000000000, 1.000000000000000000 ) ) ;
#806 = DIRECTION ( 'NONE',  ( -0.000000000000000000, -0.000000000000000000, 1.000000000000000000 ) ) ;
#807 = ORIENTED_EDGE ( 'NONE', *, *, #3087, .F. ) ;
#808 = DIRECTION ( 'NONE',  ( -0.000000000000000000, -0.000000000000000000, -1.000000000000000000 ) ) ;
#809 = CARTESIAN_POINT ( 'NONE',  ( 59.46972720135971002, -67.28589411307439150, 4.762500000000000178 ) ) ;
#810 = EDGE_CURVE ( 'NONE', #1591, #1714, #5273, .T. ) ;
#811 = VERTEX_POINT ( 'NONE', #2064 ) ;
#812 = EDGE_CURVE ( 'NONE', #3374, #2673, #5269, .T. ) ;
#813 = AXIS2_PLACEMENT_3D ( 'NONE', #319, #1946, #1598 ) ;
#814 = DIRECTION ( 'NONE',  ( -0.000000000000000000, -0.000000000000000000, 1.000000000000000000 ) ) ;
#815 = VERTEX_POINT ( 'NONE', #2413 ) ;
#816 = CARTESIAN_POINT ( 'NONE',  ( 78.30481188895234368, 61.33476159500185787, 0.000000000000000000 ) ) ;
#817 = CARTESIAN_POINT ( 'NONE',  ( -61.33475684932342631, -78.30481564546009565, 0.000000000000000000 ) ) ;
#818 = ORIENTED_EDGE ( 'NONE', *, *, #2616, .F. ) ;
#819 = CARTESIAN_POINT ( 'NONE',  ( -1.082168200009695258E-13, 1.938889539019461736E-13, 0.000000000000000000 ) ) ;
#820 = EDGE_LOOP ( 'NONE', ( #1491, #2228, #993, #1816 ) ) ;
#821 = EDGE_CURVE ( 'NONE', #3685, #4532, #3603, .T. ) ;
#822 = AXIS2_PLACEMENT_3D ( 'NONE', #1509, #4403, #1955 ) ;
#823 = EDGE_CURVE ( 'NONE', #5174, #3623, #4319, .T. ) ;
#824 = AXIS2_PLACEMENT_3D ( 'NONE', #697, #3254, #1103 ) ;
#825 = CIRCLE ( 'NONE', #1677, 1.999999999999988010 ) ;
#826 = CIRCLE ( 'NONE', #2867, 3.524999999999986589 ) ;
#827 = CARTESIAN_POINT ( 'NONE',  ( 93.83373128146727993, 13.50077308147264255, 4.762500000000000178 ) ) ;
#828 = VERTEX_POINT ( 'NONE', #1668 ) ;
#829 = FACE_OUTER_BOUND ( 'NONE', #5099, .T. ) ;
#830 = DIRECTION ( 'NONE',  ( 1.000000000000000000, 0.000000000000000000, 0.000000000000000000 ) ) ;
#831 = CIRCLE ( 'NONE', #60, 1.999999999999988010 ) ;
#832 = CYLINDRICAL_SURFACE ( 'NONE', #4215, 5.000000000000004441 ) ;
#833 = ORIENTED_EDGE ( 'NONE', *, *, #988, .T. ) ;
#834 = LINE ( 'NONE', #4079, #2240 ) ;
#835 = CIRCLE ( 'NONE', #2282, 5.000000000000004441 ) ;
#836 = VERTEX_POINT ( 'NONE', #1959 ) ;
#837 = DIRECTION ( 'NONE',  ( -0.000000000000000000, -0.000000000000000000, 1.000000000000000000 ) ) ;
#838 = EDGE_LOOP ( 'NONE', ( #890, #4741, #3328, #4022 ) ) ;
#839 = EDGE_CURVE ( 'NONE', #1368, #5227, #4062, .T. ) ;
#840 = LINE ( 'NONE', #406, #3431 ) ;
#841 = CARTESIAN_POINT ( 'NONE',  ( -3.524999999999999911, 98.29995023471883542, 4.762500000000000178 ) ) ;
#842 = EDGE_CURVE ( 'NONE', #2417, #4687, #3185, .T. ) ;
#843 = ORIENTED_EDGE ( 'NONE', *, *, #3165, .T. ) ;
#844 = AXIS2_PLACEMENT_3D ( 'NONE', #2948, #4546, #3425 ) ;
#845 = DIRECTION ( 'NONE',  ( 1.000000000000000000, 0.000000000000000000, 0.000000000000000000 ) ) ;
#846 = ORIENTED_EDGE ( 'NONE', *, *, #4901, .T. ) ;
#847 = LINE ( 'NONE', #2038, #796 ) ;
#848 = CARTESIAN_POINT ( 'NONE',  ( 14.27919051316784582, -100.7935747867322789, 0.000000000000000000 ) ) ;
#849 = VERTEX_POINT ( 'NONE', #3269 ) ;
#850 = AXIS2_PLACEMENT_3D ( 'NONE', #4968, #3345, #2967 ) ;
#851 = CARTESIAN_POINT ( 'NONE',  ( -1.082168200009695258E-13, 1.938889539019461736E-13, 0.000000000000000000 ) ) ;
#852 = AXIS2_PLACEMENT_3D ( 'NONE', #2311, #1590, #2762 ) ;
#853 = ORIENTED_EDGE ( 'NONE', *, *, #2316, .T. ) ;
#854 = EDGE_CURVE ( 'NONE', #2258, #1516, #152, .T. ) ;
#855 = AXIS2_PLACEMENT_3D ( 'NONE', #1275, #68, #2498 ) ;
#856 = PLANE ( 'NONE',  #4144 ) ;
#857 = ORIENTED_EDGE ( 'NONE', *, *, #4010, .T. ) ;
#858 = DIRECTION ( 'NONE',  ( -0.000000000000000000, 0.000000000000000000, 1.000000000000000000 ) ) ;
#859 = CARTESIAN_POINT ( 'NONE',  ( 28.40977308601330265, -18.22244667702121035, 0.000000000000000000 ) ) ;
#860 = FACE_OUTER_BOUND ( 'NONE', #2918, .T. ) ;
#861 = CIRCLE ( 'NONE', #2898, 3.000000000000002665 ) ;
#862 = ORIENTED_EDGE ( 'NONE', *, *, #2916, .T. ) ;
#863 = CARTESIAN_POINT ( 'NONE',  ( 56.15849517455793460, -63.53946348317046500, 4.762500000000000178 ) ) ;
#864 = ORIENTED_EDGE ( 'NONE', *, *, #1488, .F. ) ;
#865 = DIRECTION ( 'NONE',  ( -1.000000000000000000, 0.000000000000000000, 0.000000000000000000 ) ) ;
#866 = VERTEX_POINT ( 'NONE', #3237 ) ;
#867 = DIRECTION ( 'NONE',  ( 1.000000000000000000, 0.000000000000000000, 0.000000000000000000 ) ) ;
#868 = CARTESIAN_POINT ( 'NONE',  ( -11.78559951779193504, -95.81334586546419985, 0.000000000000000000 ) ) ;
#869 = EDGE_LOOP ( 'NONE', ( #4029, #698, #411, #2811 ) ) ;
#870 = EDGE_CURVE ( 'NONE', #3973, #4636, #4493, .T. ) ;
#871 = CARTESIAN_POINT ( 'NONE',  ( -1.082168200009695258E-13, 1.938889539019461736E-13, 4.762500000000000178 ) ) ;
#872 = ORIENTED_EDGE ( 'NONE', *, *, #273, .T. ) ;
#873 = DIRECTION ( 'NONE',  ( 1.000000000000000000, 0.000000000000000000, 0.000000000000000000 ) ) ;
#874 = CARTESIAN_POINT ( 'NONE',  ( -93.83373128146722308, 13.50077308147463384, 4.762500000000000178 ) ) ;
#875 = ORIENTED_EDGE ( 'NONE', *, *, #3850, .F. ) ;
#876 = AXIS2_PLACEMENT_3D ( 'NONE', #1010, #653, #2281 ) ;
#877 = CARTESIAN_POINT ( 'NONE',  ( 3.341267477998599578, 89.73781773388780891, 0.000000000000000000 ) ) ;
#878 = EDGE_LOOP ( 'NONE', ( #3060, #2056, #4465, #80 ) ) ;
#879 = EDGE_CURVE ( 'NONE', #5227, #849, #4866, .T. ) ;
#880 = VECTOR ( 'NONE', #1948, 1000.000000000000000 ) ;
#881 = DIRECTION ( 'NONE',  ( -0.000000000000000000, -0.000000000000000000, -1.000000000000000000 ) ) ;
#882 = EDGE_LOOP ( 'NONE', ( #3518, #3225, #1066, #3019, #3022, #414, #907, #5216, #3468, #2659 ) ) ;
#883 = CARTESIAN_POINT ( 'NONE',  ( 29.64641732913592165, -15.79539569389633691, 0.000000000000000000 ) ) ;
#884 = DIRECTION ( 'NONE',  ( 1.000000000000000000, -2.081668171172166541E-15, 0.000000000000000000 ) ) ;
#885 = CARTESIAN_POINT ( 'NONE',  ( -79.76991633572582430, 59.97333113802606164, 0.000000000000000000 ) ) ;
#886 = AXIS2_PLACEMENT_3D ( 'NONE', #753, #5265, #1501 ) ;
#887 = VERTEX_POINT ( 'NONE', #731 ) ;
#888 = LINE ( 'NONE', #4130, #529 ) ;
#889 = VECTOR ( 'NONE', #4653, 1000.000000000000000 ) ;
#890 = ORIENTED_EDGE ( 'NONE', *, *, #5089, .F. ) ;
#891 = CARTESIAN_POINT ( 'NONE',  ( -29.64641732912901873, 20.64949766014550292, 4.762500000000000178 ) ) ;
#892 = ORIENTED_EDGE ( 'NONE', *, *, #1287, .T. ) ;
#893 = CARTESIAN_POINT ( 'NONE',  ( 14.27919051316784582, -100.7935747867322789, 0.000000000000000000 ) ) ;
#894 = LINE ( 'NONE', #3289, #2712 ) ;
#895 = EDGE_CURVE ( 'NONE', #3641, #2732, #3138, .T. ) ;
#896 = ORIENTED_EDGE ( 'NONE', *, *, #1610, .T. ) ;
#897 = ADVANCED_FACE ( 'NONE', ( #4813 ), #4840, .F. ) ;
#898 = CARTESIAN_POINT ( 'NONE',  ( 98.29995023471882121, -3.432124423190184911E-13, 4.762500000000000178 ) ) ;
#899 = ORIENTED_EDGE ( 'NONE', *, *, #3880, .T. ) ;
#900 = AXIS2_PLACEMENT_3D ( 'NONE', #4943, #2463, #434 ) ;
#901 = CYLINDRICAL_SURFACE ( 'NONE', #3271, 89.80000000000001137 ) ;
#902 = CARTESIAN_POINT ( 'NONE',  ( 12.00000000000000000, -98.74004717360726602, 0.000000000000000000 ) ) ;
#903 = EDGE_CURVE ( 'NONE', #460, #4917, #4065, .T. ) ;
#904 = ORIENTED_EDGE ( 'NONE', *, *, #3581, .F. ) ;
#905 = AXIS2_PLACEMENT_3D ( 'NONE', #1258, #2877, #2454 ) ;
#906 = DIRECTION ( 'NONE',  ( -0.000000000000000000, -0.000000000000000000, -1.000000000000000000 ) ) ;
#907 = ORIENTED_EDGE ( 'NONE', *, *, #1670, .F. ) ;
#908 = CYLINDRICAL_SURFACE ( 'NONE', #48, 2.000000000000001776 ) ;
#909 = FACE_OUTER_BOUND ( 'NONE', #492, .T. ) ;
#910 = VERTEX_POINT ( 'NONE', #949 ) ;
#911 = FACE_OUTER_BOUND ( 'NONE', #1190, .T. ) ;
#912 = CARTESIAN_POINT ( 'NONE',  ( 0.000000000000000000, 0.000000000000000000, 4.762500000000000178 ) ) ;
#913 = AXIS2_PLACEMENT_3D ( 'NONE', #3281, #4905, #884 ) ;
#914 = CIRCLE ( 'NONE', #4658, 89.80000000000001137 ) ;
#915 = CYLINDRICAL_SURFACE ( 'NONE', #4882, 3.524999999999999911 ) ;
#916 = ORIENTED_EDGE ( 'NONE', *, *, #727, .F. ) ;
#917 = DIRECTION ( 'NONE',  ( -0.000000000000000000, -0.000000000000000000, -1.000000000000000000 ) ) ;
#918 = ORIENTED_EDGE ( 'NONE', *, *, #2530, .F. ) ;
#919 = DIRECTION ( 'NONE',  ( -1.000000000000000000, 0.000000000000000000, 0.000000000000000000 ) ) ;
#920 = DIRECTION ( 'NONE',  ( -0.000000000000000000, -0.000000000000000000, 1.000000000000000000 ) ) ;
#921 = VERTEX_POINT ( 'NONE', #902 ) ;
#922 = CYLINDRICAL_SURFACE ( 'NONE', #3036, 6.875000000000030198 ) ;
#923 = VERTEX_POINT ( 'NONE', #2571 ) ;
#924 = CARTESIAN_POINT ( 'NONE',  ( 98.81334738424240527, -13.99865631841085190, 4.762500000000000178 ) ) ;
#925 = FACE_OUTER_BOUND ( 'NONE', #1988, .T. ) ;
#926 = ORIENTED_EDGE ( 'NONE', *, *, #4772, .T. ) ;
#927 = AXIS2_PLACEMENT_3D ( 'NONE', #2863, #1642, #2759 ) ;
#928 = CARTESIAN_POINT ( 'NONE',  ( -78.30481564546118989, -61.33475684932211891, 0.000000000000000000 ) ) ;
#929 = ORIENTED_EDGE ( 'NONE', *, *, #4801, .F. ) ;
#930 = CARTESIAN_POINT ( 'NONE',  ( -11.99865631841152336, -98.81334738424227737, 0.000000000000000000 ) ) ;
#931 = VECTOR ( 'NONE', #5074, 1000.000000000000000 ) ;
#932 = EDGE_CURVE ( 'NONE', #1898, #3475, #2172, .T. ) ;
#933 = AXIS2_PLACEMENT_3D ( 'NONE', #1961, #789, #1985 ) ;
#934 = DIRECTION ( 'NONE',  ( -1.000000000000000000, 0.000000000000000000, 0.000000000000000000 ) ) ;
#935 = VERTEX_POINT ( 'NONE', #494 ) ;
#936 = CARTESIAN_POINT ( 'NONE',  ( 3.341267477998599134, 89.73781773388780891, 4.762500000000000178 ) ) ;
#937 = FACE_OUTER_BOUND ( 'NONE', #1672, .T. ) ;
#938 = VECTOR ( 'NONE', #1300, 1000.000000000000000 ) ;
#939 = CARTESIAN_POINT ( 'NONE',  ( 0.000000000000000000, 0.000000000000000000, 4.762500000000000178 ) ) ;
#940 = ORIENTED_EDGE ( 'NONE', *, *, #3088, .F. ) ;
#941 = CARTESIAN_POINT ( 'NONE',  ( 5.517139165942796630, 4.102048320488412614, -63.63961030678928665 ) ) ;
#942 = VERTEX_POINT ( 'NONE', #174 ) ;
#943 = DIRECTION ( 'NONE',  ( -0.9945218953682742891, 0.1045284632676445336, 0.000000000000000000 ) ) ;
#944 = CARTESIAN_POINT ( 'NONE',  ( -93.83373128146743625, -13.50077308147263366, 4.762500000000000178 ) ) ;
#945 = VERTEX_POINT ( 'NONE', #2543 ) ;
#946 = CARTESIAN_POINT ( 'NONE',  ( -14.27919051316935040, -100.7935747867320941, 0.000000000000000000 ) ) ;
#947 = ORIENTED_EDGE ( 'NONE', *, *, #249, .F. ) ;
#948 = CARTESIAN_POINT ( 'NONE',  ( -83.10603710653802523, -16.86495171788893188, 0.000000000000000000 ) ) ;
#949 = CARTESIAN_POINT ( 'NONE',  ( 100.8133473842425616, 13.99865631841015379, 0.000000000000000000 ) ) ;
#950 = ORIENTED_EDGE ( 'NONE', *, *, #499, .T. ) ;
#951 = CIRCLE ( 'NONE', #1883, 3.524999999999998579 ) ;
#952 = ADVANCED_FACE ( 'NONE', ( #1747 ), #550, .F. ) ;
#953 = DIRECTION ( 'NONE',  ( 1.000000000000000000, 0.000000000000000000, 0.000000000000000000 ) ) ;
#954 = ORIENTED_EDGE ( 'NONE', *, *, #3619, .T. ) ;
#955 = DIRECTION ( 'NONE',  ( -0.000000000000000000, -0.000000000000000000, 1.000000000000000000 ) ) ;
#956 = EDGE_CURVE ( 'NONE', #2130, #4194, #4150, .T. ) ;
#957 = VECTOR ( 'NONE', #456, 1000.000000000000000 ) ;
#958 = CARTESIAN_POINT ( 'NONE',  ( 81.36851591556607843, -61.17519609856763907, 0.000000000000000000 ) ) ;
#959 = EDGE_LOOP ( 'NONE', ( #328, #3788, #3806, #1981 ) ) ;
#960 = LINE ( 'NONE', #2584, #1474 ) ;
#961 = FACE_OUTER_BOUND ( 'NONE', #1451, .T. ) ;
#962 = ADVANCED_FACE ( 'NONE', ( #2519 ), #1298, .F. ) ;
#963 = AXIS2_PLACEMENT_3D ( 'NONE', #1895, #5128, #799 ) ;
#964 = LINE ( 'NONE', #2590, #957 ) ;
#965 = ORIENTED_EDGE ( 'NONE', *, *, #720, .F. ) ;
#966 = DIRECTION ( 'NONE',  ( 1.000000000000000000, 0.000000000000000000, 0.000000000000000000 ) ) ;
#967 = ORIENTED_EDGE ( 'NONE', *, *, #3243, .T. ) ;
#968 = DIRECTION ( 'NONE',  ( 0.000000000000000000, -0.000000000000000000, -1.000000000000000000 ) ) ;
#969 = CYLINDRICAL_SURFACE ( 'NONE', #1435, 89.80000000000001137 ) ;
#970 = AXIS2_PLACEMENT_3D ( 'NONE', #4180, #3703, #2986 ) ;
#971 = ORIENTED_EDGE ( 'NONE', *, *, #1821, .T. ) ;
#972 = VECTOR ( 'NONE', #1056, 1000.000000000000000 ) ;
#973 = CIRCLE ( 'NONE', #3773, 5.000000000000004441 ) ;
#974 = DIRECTION ( 'NONE',  ( -0.000000000000000000, 0.000000000000000000, 1.000000000000000000 ) ) ;
#975 = ORIENTED_EDGE ( 'NONE', *, *, #2118, .T. ) ;
#976 = CARTESIAN_POINT ( 'NONE',  ( 58.19217838993697711, -58.97173619495747232, 0.000000000000000000 ) ) ;
#977 = DIRECTION ( 'NONE',  ( 0.000000000000000000, 0.000000000000000000, 1.000000000000000000 ) ) ;
#978 = EDGE_LOOP ( 'NONE', ( #2438, #2465, #2508, #3774 ) ) ;
#979 = AXIS2_PLACEMENT_3D ( 'NONE', #3042, #1818, #4184 ) ;
#980 = LINE ( 'NONE', #4228, #3566 ) ;
#981 = ORIENTED_EDGE ( 'NONE', *, *, #2905, .F. ) ;
#982 = DIRECTION ( 'NONE',  ( 0.000000000000000000, 0.000000000000000000, -1.000000000000000000 ) ) ;
#983 = ADVANCED_FACE ( 'NONE', ( #3825 ), #4223, .F. ) ;
#984 = CARTESIAN_POINT ( 'NONE',  ( 69.50856140126998639, 69.50856140126973060, 0.000000000000000000 ) ) ;
#985 = VERTEX_POINT ( 'NONE', #4573 ) ;
#986 = CARTESIAN_POINT ( 'NONE',  ( 100.8133473842424337, -13.99865631841085190, 4.762500000000000178 ) ) ;
#987 = CARTESIAN_POINT ( 'NONE',  ( -81.36851185347582316, 61.17520150151353420, 0.000000000000000000 ) ) ;
#988 = EDGE_CURVE ( 'NONE', #1427, #1062, #3558, .T. ) ;
#989 = CARTESIAN_POINT ( 'NONE',  ( 65.98356140126998071, 69.50856140126973060, 0.000000000000000000 ) ) ;
#990 = ORIENTED_EDGE ( 'NONE', *, *, #2521, .F. ) ;
#991 = AXIS2_PLACEMENT_3D ( 'NONE', #2768, #4014, #3963 ) ;
#992 = LINE ( 'NONE', #3839, #3071 ) ;
#993 = ORIENTED_EDGE ( 'NONE', *, *, #4750, .T. ) ;
#994 = CARTESIAN_POINT ( 'NONE',  ( 12.28526491208339522, 27.59315676969404763, 4.762500000000000178 ) ) ;
#995 = DIRECTION ( 'NONE',  ( 1.000000000000000000, 0.000000000000000000, 0.000000000000000000 ) ) ;
#996 = AXIS2_PLACEMENT_3D ( 'NONE', #1583, #2809, #1437 ) ;
#997 = VECTOR ( 'NONE', #3320, 1000.000000000000000 ) ;
#998 = EDGE_LOOP ( 'NONE', ( #3370, #4160, #2370, #3733 ) ) ;
#999 = ADVANCED_FACE ( 'NONE', ( #2116 ), #1377, .F. ) ;
#1000 = CIRCLE ( 'NONE', #2864, 5.000000000000000000 ) ;
#1001 = CIRCLE ( 'NONE', #141, 5.000000000000004441 ) ;
#1002 = ADVANCED_FACE ( 'NONE', ( #2997 ), #3743, .F. ) ;
#1003 = EDGE_CURVE ( 'NONE', #1062, #1698, #2089, .T. ) ;
#1004 = CARTESIAN_POINT ( 'NONE',  ( 5.395629953818254165, -4.260610566744725602, 4.762500000000000178 ) ) ;
#1005 = DIRECTION ( 'NONE',  ( 1.000000000000000000, 0.000000000000000000, 0.000000000000000000 ) ) ;
#1006 = ORIENTED_EDGE ( 'NONE', *, *, #1112, .T. ) ;
#1007 = SURFACE_STYLE_USAGE ( .BOTH. , #144 ) ;
#1008 = LINE ( 'NONE', #700, #972 ) ;
#1009 = VECTOR ( 'NONE', #4220, 1000.000000000000114 ) ;
#1010 = CARTESIAN_POINT ( 'NONE',  ( -77.49794488735034292, -58.00265975140490582, 4.762500000000000178 ) ) ;
#1011 = DIRECTION ( 'NONE',  ( -1.000000000000000000, 0.000000000000000000, 0.000000000000000000 ) ) ;
#1012 = CARTESIAN_POINT ( 'NONE',  ( -1.082168200009695258E-13, 1.938889539019461736E-13, 4.762500000000000178 ) ) ;
#1013 = AXIS2_PLACEMENT_3D ( 'NONE', #2387, #3661, #2837 ) ;
#1014 = CARTESIAN_POINT ( 'NONE',  ( -75.49794488734934816, 58.00265975140663954, 0.000000000000000000 ) ) ;
#1015 = ORIENTED_EDGE ( 'NONE', *, *, #3870, .T. ) ;
#1016 = CARTESIAN_POINT ( 'NONE',  ( -94.77495023471884394, 1.030069014023176870E-12, 4.762500000000000178 ) ) ;
#1017 = DIRECTION ( 'NONE',  ( -1.000000000000000000, 0.000000000000000000, 0.000000000000000000 ) ) ;
#1018 = EDGE_CURVE ( 'NONE', #4347, #1992, #90, .T. ) ;
#1019 = VERTEX_POINT ( 'NONE', #3350 ) ;
#1020 = CARTESIAN_POINT ( 'NONE',  ( 77.49794130049565410, 58.00266454383778836, 4.762500000000000178 ) ) ;
#1021 = ORIENTED_EDGE ( 'NONE', *, *, #1287, .F. ) ;
#1022 = CIRCLE ( 'NONE', #4333, 2.000000000000013767 ) ;
#1023 = CARTESIAN_POINT ( 'NONE',  ( -6.387611963342733290, -2.542447326054265488, -63.63961030678928665 ) ) ;
#1024 = CARTESIAN_POINT ( 'NONE',  ( 26.94754193198513192, 80.40441520105659379, 0.000000000000000000 ) ) ;
#1025 = VERTEX_POINT ( 'NONE', #874 ) ;
#1026 = DIRECTION ( 'NONE',  ( 0.000000000000000000, -0.000000000000000000, -1.000000000000000000 ) ) ;
#1027 = DIRECTION ( 'NONE',  ( -0.000000000000000000, -0.000000000000000000, 1.000000000000000000 ) ) ;
#1028 = VERTEX_POINT ( 'NONE', #2492 ) ;
#1029 = DIRECTION ( 'NONE',  ( -0.000000000000000000, -0.000000000000000000, 1.000000000000000000 ) ) ;
#1030 = DIRECTION ( 'NONE',  ( -1.000000000000000000, 0.000000000000000000, 0.000000000000000000 ) ) ;
#1031 = ADVANCED_FACE ( 'NONE', ( #925 ), #3767, .F. ) ;
#1032 = FACE_BOUND ( 'NONE', #3156, .T. ) ;
#1033 = AXIS2_PLACEMENT_3D ( 'NONE', #3991, #5178, #3565 ) ;
#1034 = DIRECTION ( 'NONE',  ( -0.000000000000000000, -0.000000000000000000, -1.000000000000000000 ) ) ;
#1035 = ORIENTED_EDGE ( 'NONE', *, *, #3489, .T. ) ;
#1036 = CYLINDRICAL_SURFACE ( 'NONE', #2205, 5.000000000000004441 ) ;
#1037 = CARTESIAN_POINT ( 'NONE',  ( -61.15849517455608719, 63.53946348317209214, 0.000000000000000000 ) ) ;
#1038 = ORIENTED_EDGE ( 'NONE', *, *, #3142, .F. ) ;
#1039 = LINE ( 'NONE', #816, #4656 ) ;
#1040 = EDGE_CURVE ( 'NONE', #3014, #3590, #4884, .T. ) ;
#1041 = CARTESIAN_POINT ( 'NONE',  ( -101.8249502347188411, 1.029637326026477537E-12, 4.762500000000000178 ) ) ;
#1042 = ORIENTED_EDGE ( 'NONE', *, *, #4138, .F. ) ;
#1043 = DIRECTION ( 'NONE',  ( 1.000000000000000000, 0.000000000000000000, 0.000000000000000000 ) ) ;
#1044 = VERTEX_POINT ( 'NONE', #3105 ) ;
#1045 = CARTESIAN_POINT ( 'NONE',  ( 98.29995023471882121, -3.432124423190184911E-13, 0.000000000000000000 ) ) ;
#1046 = CARTESIAN_POINT ( 'NONE',  ( -75.49794488735034292, -58.00265975140490582, 0.000000000000000000 ) ) ;
#1047 = ORIENTED_EDGE ( 'NONE', *, *, #1050, .F. ) ;
#1048 = EDGE_CURVE ( 'NONE', #2081, #4636, #1479, .T. ) ;
#1049 = VECTOR ( 'NONE', #3202, 1000.000000000000000 ) ;
#1050 = EDGE_CURVE ( 'NONE', #2532, #2258, #1106, .T. ) ;
#1051 = DIRECTION ( 'NONE',  ( -0.000000000000000000, 0.000000000000000000, 1.000000000000000000 ) ) ;
#1052 = CARTESIAN_POINT ( 'NONE',  ( -56.80425769042532380, 75.89674767893441754, 4.762500000000000178 ) ) ;
#1053 = EDGE_CURVE ( 'NONE', #4986, #3583, #2586, .T. ) ;
#1054 = ORIENTED_EDGE ( 'NONE', *, *, #4930, .T. ) ;
#1055 = CARTESIAN_POINT ( 'NONE',  ( -77.49794488734934816, 58.00265975140663954, 0.000000000000000000 ) ) ;
#1056 = DIRECTION ( 'NONE',  ( -0.000000000000000000, -0.000000000000000000, -1.000000000000000000 ) ) ;
#1057 = EDGE_CURVE ( 'NONE', #3590, #4083, #1428, .T. ) ;
#1058 = LINE ( 'NONE', #1454, #1635 ) ;
#1059 =( GEOMETRIC_REPRESENTATION_CONTEXT ( 3 ) GLOBAL_UNCERTAINTY_ASSIGNED_CONTEXT ( ( #2195 ) ) GLOBAL_UNIT_ASSIGNED_CONTEXT ( ( #2629, #1825, #245 ) ) REPRESENTATION_CONTEXT ( 'NONE', 'WORKASPACE' ) );
#1060 = EDGE_CURVE ( 'NONE', #4190, #4963, #220, .T. ) ;
#1061 = DIRECTION ( 'NONE',  ( -0.000000000000000000, -0.000000000000000000, 1.000000000000000000 ) ) ;
#1062 = VERTEX_POINT ( 'NONE', #2329 ) ;
#1063 = DIRECTION ( 'NONE',  ( -0.000000000000000000, -0.000000000000000000, -1.000000000000000000 ) ) ;
#1064 = CIRCLE ( 'NONE', #979, 2.000000000000008882 ) ;
#1065 = CARTESIAN_POINT ( 'NONE',  ( -96.16837047789547910, -11.81736235612331321, 0.000000000000000000 ) ) ;
#1066 = ORIENTED_EDGE ( 'NONE', *, *, #4603, .T. ) ;
#1067 = AXIS2_PLACEMENT_3D ( 'NONE', #4647, #4774, #3250 ) ;
#1068 = CARTESIAN_POINT ( 'NONE',  ( 74.96571527066930685, 39.63813232175470347, 4.762500000000000178 ) ) ;
#1069 = ORIENTED_EDGE ( 'NONE', *, *, #2657, .F. ) ;
#1070 = DIRECTION ( 'NONE',  ( -0.000000000000000000, 0.000000000000000000, 1.000000000000000000 ) ) ;
#1071 = EDGE_LOOP ( 'NONE', ( #2485, #525, #1100, #1202 ) ) ;
#1072 = DIRECTION ( 'NONE',  ( 1.000000000000000000, 0.000000000000000000, 0.000000000000000000 ) ) ;
#1073 = ORIENTED_EDGE ( 'NONE', *, *, #1990, .T. ) ;
#1074 = CARTESIAN_POINT ( 'NONE',  ( 69.50856140126998639, 69.50856140126973060, 0.000000000000000000 ) ) ;
#1075 = CARTESIAN_POINT ( 'NONE',  ( -76.35723283372590231, -59.64545493362207651, 4.762500000000000178 ) ) ;
#1076 = ORIENTED_EDGE ( 'NONE', *, *, #207, .T. ) ;
#1077 = CYLINDRICAL_SURFACE ( 'NONE', #3772, 3.000000000000002665 ) ;
#1078 = FACE_BOUND ( 'NONE', #2278, .T. ) ;
#1079 = AXIS2_PLACEMENT_3D ( 'NONE', #1222, #2818, #688 ) ;
#1080 = VECTOR ( 'NONE', #3860, 1000.000000000000000 ) ;
#1081 = EDGE_CURVE ( 'NONE', #3583, #5233, #3477, .T. ) ;
#1082 = AXIS2_PLACEMENT_3D ( 'NONE', #5076, #4164, #4649 ) ;
#1083 = DIRECTION ( 'NONE',  ( -0.000000000000000000, -0.000000000000000000, -1.000000000000000000 ) ) ;
#1084 = ORIENTED_EDGE ( 'NONE', *, *, #91, .T. ) ;
#1085 = AXIS2_PLACEMENT_3D ( 'NONE', #77, #1708, #3338 ) ;
#1086 = DIRECTION ( 'NONE',  ( 0.000000000000000000, 0.000000000000000000, 1.000000000000000000 ) ) ;
#1087 = AXIS2_PLACEMENT_3D ( 'NONE', #1727, #3409, #4980 ) ;
#1088 = DIRECTION ( 'NONE',  ( 1.000000000000000000, 0.000000000000000000, 0.000000000000000000 ) ) ;
#1089 = ORIENTED_EDGE ( 'NONE', *, *, #3907, .T. ) ;
#1090 = EDGE_CURVE ( 'NONE', #4929, #4867, #298, .T. ) ;
#1091 = ADVANCED_FACE ( 'NONE', ( #5132 ), #1077, .F. ) ;
#1092 = AXIS2_PLACEMENT_3D ( 'NONE', #787, #4006, #1584 ) ;
#1093 = CARTESIAN_POINT ( 'NONE',  ( -98.74004717360729444, 12.00000000000206946, 0.000000000000000000 ) ) ;
#1094 = VERTEX_POINT ( 'NONE', #2230 ) ;
#1095 = CYLINDRICAL_SURFACE ( 'NONE', #991, 2.000000000000001776 ) ;
#1096 = EDGE_LOOP ( 'NONE', ( #3, #2624, #4932, #846, #2649, #5200, #1156 ) ) ;
#1097 = DIRECTION ( 'NONE',  ( -0.000000000000000000, -0.000000000000000000, 1.000000000000000000 ) ) ;
#1098 = DIRECTION ( 'NONE',  ( 0.000000000000000000, 0.000000000000000000, 1.000000000000000000 ) ) ;
#1099 = AXIS2_PLACEMENT_3D ( 'NONE', #3761, #920, #516 ) ;
#1100 = ORIENTED_EDGE ( 'NONE', *, *, #2495, .T. ) ;
#1101 = EDGE_CURVE ( 'NONE', #3938, #676, #3849, .T. ) ;
#1102 = FACE_OUTER_BOUND ( 'NONE', #612, .T. ) ;
#1103 = DIRECTION ( 'NONE',  ( 1.000000000000000000, 0.000000000000000000, 0.000000000000000000 ) ) ;
#1104 = ORIENTED_EDGE ( 'NONE', *, *, #5062, .T. ) ;
#1105 = DIRECTION ( 'NONE',  ( -0.000000000000000000, 0.000000000000000000, 1.000000000000000000 ) ) ;
#1106 = LINE ( 'NONE', #603, #281 ) ;
#1107 = DIRECTION ( 'NONE',  ( -1.000000000000000000, 0.000000000000000000, 0.000000000000000000 ) ) ;
#1108 = VECTOR ( 'NONE', #1829, 1000.000000000000000 ) ;
#1109 = CARTESIAN_POINT ( 'NONE',  ( -30.03900718919875956, -3.157226878760696742, 4.762500000000000178 ) ) ;
#1110 = VERTEX_POINT ( 'NONE', #3052 ) ;
#1111 = CARTESIAN_POINT ( 'NONE',  ( 98.29995023471882121, -3.432124423190184911E-13, 0.000000000000000000 ) ) ;
#1112 = EDGE_CURVE ( 'NONE', #1139, #3604, #1826, .T. ) ;
#1113 = EDGE_CURVE ( 'NONE', #460, #775, #545, .T. ) ;
#1114 = LINE ( 'NONE', #4410, #4762 ) ;
#1115 = VERTEX_POINT ( 'NONE', #4706 ) ;
#1116 = EDGE_CURVE ( 'NONE', #2583, #5174, #195, .T. ) ;
#1117 = CYLINDRICAL_SURFACE ( 'NONE', #1079, 1.999999999999988010 ) ;
#1118 = ORIENTED_EDGE ( 'NONE', *, *, #1430, .T. ) ;
#1119 = CARTESIAN_POINT ( 'NONE',  ( 12.00806750962116176, 98.29995023471883542, 0.000000000000000000 ) ) ;
#1120 = EDGE_CURVE ( 'NONE', #2015, #5157, #4325, .T. ) ;
#1121 = CARTESIAN_POINT ( 'NONE',  ( -76.35723283372486492, 59.64545493362378181, 4.762500000000000178 ) ) ;
#1122 = CIRCLE ( 'NONE', #5125, 101.7999999999998550 ) ;
#1123 = VERTEX_POINT ( 'NONE', #271 ) ;
#1124 = FACE_OUTER_BOUND ( 'NONE', #5034, .T. ) ;
#1125 = LINE ( 'NONE', #1920, #4232 ) ;
#1126 = ORIENTED_EDGE ( 'NONE', *, *, #2736, .T. ) ;
#1127 = DIRECTION ( 'NONE',  ( 0.000000000000000000, -0.000000000000000000, -1.000000000000000000 ) ) ;
#1128 = DIRECTION ( 'NONE',  ( 1.000000000000000000, 0.000000000000000000, 0.000000000000000000 ) ) ;
#1129 = ORIENTED_EDGE ( 'NONE', *, *, #258, .T. ) ;
#1130 = VECTOR ( 'NONE', #5283, 1000.000000000000000 ) ;
#1131 = CARTESIAN_POINT ( 'NONE',  ( 59.64544968925716972, -76.35723671746302443, 0.000000000000000000 ) ) ;
#1132 = ORIENTED_EDGE ( 'NONE', *, *, #314, .F. ) ;
#1133 = CYLINDRICAL_SURFACE ( 'NONE', #2272, 2.999999999999999556 ) ;
#1134 = DIRECTION ( 'NONE',  ( -0.000000000000000000, -0.000000000000000000, 1.000000000000000000 ) ) ;
#1135 = VECTOR ( 'NONE', #4084, 1000.000000000000000 ) ;
#1136 = ORIENTED_EDGE ( 'NONE', *, *, #3427, .T. ) ;
#1137 = VECTOR ( 'NONE', #3923, 1000.000000000000000 ) ;
#1138 = CARTESIAN_POINT ( 'NONE',  ( 13.78559951779067028, 95.81334586546472565, 0.000000000000000000 ) ) ;
#1139 = VERTEX_POINT ( 'NONE', #2729 ) ;
#1140 = ADVANCED_FACE ( 'NONE', ( #5080 ), #3948, .F. ) ;
#1141 = EDGE_CURVE ( 'NONE', #3014, #2716, #1008, .T. ) ;
#1142 = DIRECTION ( 'NONE',  ( -0.000000000000000000, -0.000000000000000000, -1.000000000000000000 ) ) ;
#1143 = ORIENTED_EDGE ( 'NONE', *, *, #1328, .F. ) ;
#1144 = CARTESIAN_POINT ( 'NONE',  ( 98.81334738424257580, 13.99865631841015379, 4.762500000000000178 ) ) ;
#1145 = CARTESIAN_POINT ( 'NONE',  ( -1.082168200009695258E-13, 1.938889539019461736E-13, 0.000000000000000000 ) ) ;
#1146 = ORIENTED_EDGE ( 'NONE', *, *, #4699, .F. ) ;
#1147 = LINE ( 'NONE', #2774, #3855 ) ;
#1148 = DIRECTION ( 'NONE',  ( 1.000000000000000000, 0.000000000000000000, 0.000000000000000000 ) ) ;
#1149 = ORIENTED_EDGE ( 'NONE', *, *, #706, .F. ) ;
#1150 = DIRECTION ( 'NONE',  ( -0.000000000000000000, -0.000000000000000000, -1.000000000000000000 ) ) ;
#1151 = DIRECTION ( 'NONE',  ( 1.000000000000000000, 0.000000000000000000, 0.000000000000000000 ) ) ;
#1152 = ORIENTED_EDGE ( 'NONE', *, *, #3438, .F. ) ;
#1153 = ADVANCED_FACE ( 'NONE', ( #3527 ), #4301, .F. ) ;
#1154 = ADVANCED_FACE ( 'NONE', ( #4683 ), #3874, .F. ) ;
#1155 = CYLINDRICAL_SURFACE ( 'NONE', #2859, 1.999999999999988010 ) ;
#1156 = ORIENTED_EDGE ( 'NONE', *, *, #1786, .F. ) ;
#1157 = DIRECTION ( 'NONE',  ( -0.000000000000000000, -0.000000000000000000, -1.000000000000000000 ) ) ;
#1158 = DIRECTION ( 'NONE',  ( 1.000000000000000000, 0.000000000000000000, 0.000000000000000000 ) ) ;
#1159 = ORIENTED_EDGE ( 'NONE', *, *, #3755, .T. ) ;
#1160 = CIRCLE ( 'NONE', #2365, 12.00771292053051020 ) ;
#1161 = AXIS2_PLACEMENT_3D ( 'NONE', #1806, #4303, #1011 ) ;
#1162 = AXIS2_PLACEMENT_3D ( 'NONE', #2555, #2450, #1251 ) ;
#1163 = VECTOR ( 'NONE', #1490, 1000.000000000000227 ) ;
#1164 = CARTESIAN_POINT ( 'NONE',  ( -1.082168200009695258E-13, 1.938889539019461736E-13, 4.762500000000000178 ) ) ;
#1165 = VERTEX_POINT ( 'NONE', #809 ) ;
#1166 = CARTESIAN_POINT ( 'NONE',  ( 75.89675150908259127, -56.80425257292428398, 0.000000000000000000 ) ) ;
#1167 = ORIENTED_EDGE ( 'NONE', *, *, #1543, .F. ) ;
#1168 = FACE_OUTER_BOUND ( 'NONE', #4498, .T. ) ;
#1169 = DIRECTION ( 'NONE',  ( -0.000000000000000000, -0.000000000000000000, 1.000000000000000000 ) ) ;
#1170 = CIRCLE ( 'NONE', #4818, 12.00771292053051731 ) ;
#1171 = CARTESIAN_POINT ( 'NONE',  ( -6.864248841727479887E-13, -98.29995023471883542, 4.762500000000000178 ) ) ;
#1172 = VECTOR ( 'NONE', #3297, 1000.000000000000000 ) ;
#1173 = ORIENTED_EDGE ( 'NONE', *, *, #1986, .F. ) ;
#1174 = ADVANCED_FACE ( 'NONE', ( #4457 ), #3625, .F. ) ;
#1175 = DIRECTION ( 'NONE',  ( 1.000000000000000000, 0.000000000000000000, 0.000000000000000000 ) ) ;
#1176 = CARTESIAN_POINT ( 'NONE',  ( 0.000000000000000000, 0.000000000000000000, 0.000000000000000000 ) ) ;
#1177 = AXIS2_PLACEMENT_3D ( 'NONE', #3914, #2643, #4698 ) ;
#1178 = VERTEX_POINT ( 'NONE', #3975 ) ;
#1179 = LINE ( 'NONE', #2302, #3857 ) ;
#1180 = LINE ( 'NONE', #3999, #3895 ) ;
#1181 = ORIENTED_EDGE ( 'NONE', *, *, #1141, .T. ) ;
#1182 = CARTESIAN_POINT ( 'NONE',  ( -1.082168200009695258E-13, 1.938889539019461736E-13, 4.762500000000000178 ) ) ;
#1183 = ADVANCED_FACE ( 'NONE', ( #5238 ), #4372, .F. ) ;
#1184 = VERTEX_POINT ( 'NONE', #3257 ) ;
#1185 = CARTESIAN_POINT ( 'NONE',  ( -17.75374227711787967, 24.43592989093009393, 4.762500000000000178 ) ) ;
#1186 = LINE ( 'NONE', #848, #2286 ) ;
#1187 = AXIS2_PLACEMENT_3D ( 'NONE', #4203, #154, #202 ) ;
#1188 = ORIENTED_EDGE ( 'NONE', *, *, #207, .F. ) ;
#1189 = LINE ( 'NONE', #763, #3988 ) ;
#1190 = EDGE_LOOP ( 'NONE', ( #3408, #1572, #4609, #4090 ) ) ;
#1191 = ORIENTED_EDGE ( 'NONE', *, *, #2515, .F. ) ;
#1192 = CARTESIAN_POINT ( 'NONE',  ( 76.99939848604833514, 35.07040503354171790, 0.000000000000000000 ) ) ;
#1193 = VERTEX_POINT ( 'NONE', #326 ) ;
#1194 = CARTESIAN_POINT ( 'NONE',  ( 79.76992031801077587, -59.97332584122835897, 0.000000000000000000 ) ) ;
#1195 = CARTESIAN_POINT ( 'NONE',  ( -59.97333113802555715, -79.76991633572582430, 0.000000000000000000 ) ) ;
#1196 = EDGE_CURVE ( 'NONE', #236, #4768, #4833, .T. ) ;
#1197 = FACE_OUTER_BOUND ( 'NONE', #4744, .T. ) ;
#1198 = CARTESIAN_POINT ( 'NONE',  ( 80.16711084507669227, 20.91003668975879037, 4.762500000000000178 ) ) ;
#1199 = VERTEX_POINT ( 'NONE', #4889 ) ;
#1200 = DIRECTION ( 'NONE',  ( -0.000000000000000000, -0.000000000000000000, 1.000000000000000000 ) ) ;
#1201 = LINE ( 'NONE', #1604, #3548 ) ;
#1202 = ORIENTED_EDGE ( 'NONE', *, *, #4438, .T. ) ;
#1203 = DIRECTION ( 'NONE',  ( 1.000000000000000000, 0.000000000000000000, 0.000000000000000000 ) ) ;
#1204 = CIRCLE ( 'NONE', #264, 106.8000000000000114 ) ;
#1205 = DIRECTION ( 'NONE',  ( 1.000000000000000000, 0.000000000000000000, 0.000000000000000000 ) ) ;
#1206 = ORIENTED_EDGE ( 'NONE', *, *, #314, .T. ) ;
#1207 = CIRCLE ( 'NONE', #3263, 101.7999999999999119 ) ;
#1208 = EDGE_CURVE ( 'NONE', #910, #4200, #1234, .T. ) ;
#1209 = EDGE_CURVE ( 'NONE', #3863, #4158, #1553, .T. ) ;
#1210 = ADVANCED_FACE ( 'NONE', ( #2780 ), #378, .F. ) ;
#1211 = DIRECTION ( 'NONE',  ( -0.000000000000000000, -0.000000000000000000, 1.000000000000000000 ) ) ;
#1212 = ORIENTED_EDGE ( 'NONE', *, *, #870, .F. ) ;
#1213 = DIRECTION ( 'NONE',  ( -0.000000000000000000, -0.000000000000000000, -1.000000000000000000 ) ) ;
#1214 = DIRECTION ( 'NONE',  ( -0.000000000000000000, -0.000000000000000000, 1.000000000000000000 ) ) ;
#1215 = ORIENTED_EDGE ( 'NONE', *, *, #3803, .T. ) ;
#1216 = DIRECTION ( 'NONE',  ( -0.000000000000000000, 0.000000000000000000, 1.000000000000000000 ) ) ;
#1217 = CIRCLE ( 'NONE', #4283, 2.000000000000008882 ) ;
#1218 = ORIENTED_EDGE ( 'NONE', *, *, #4207, .T. ) ;
#1219 = AXIS2_PLACEMENT_3D ( 'NONE', #407, #2031, #1128 ) ;
#1220 = CIRCLE ( 'NONE', #2159, 12.00806750962183145 ) ;
#1221 = EDGE_CURVE ( 'NONE', #13, #4073, #2501, .T. ) ;
#1222 = CARTESIAN_POINT ( 'NONE',  ( 79.76992031801077587, -59.97332584122835897, 0.000000000000000000 ) ) ;
#1223 = ORIENTED_EDGE ( 'NONE', *, *, #4870, .F. ) ;
#1224 = CARTESIAN_POINT ( 'NONE',  ( 69.50856140126947480, -69.50856140127021376, 4.762500000000000178 ) ) ;
#1225 = DIRECTION ( 'NONE',  ( 0.000000000000000000, 0.000000000000000000, 1.000000000000000000 ) ) ;
#1226 = CARTESIAN_POINT ( 'NONE',  ( 0.000000000000000000, 0.000000000000000000, 4.762500000000000178 ) ) ;
#1227 = VERTEX_POINT ( 'NONE', #2464 ) ;
#1228 = CIRCLE ( 'NONE', #3107, 1.999999999999988010 ) ;
#1229 = CARTESIAN_POINT ( 'NONE',  ( -96.16837047789547910, -11.81736235612331498, 4.762500000000000178 ) ) ;
#1230 = ORIENTED_EDGE ( 'NONE', *, *, #2709, .T. ) ;
#1231 = LINE ( 'NONE', #4182, #2310 ) ;
#1232 = VERTEX_POINT ( 'NONE', #3179 ) ;
#1233 = LINE ( 'NONE', #2854, #1395 ) ;
#1234 = LINE ( 'NONE', #1608, #4120 ) ;
#1235 = ORIENTED_EDGE ( 'NONE', *, *, #1101, .F. ) ;
#1236 = VECTOR ( 'NONE', #4935, 1000.000000000000000 ) ;
#1237 = DIRECTION ( 'NONE',  ( -0.000000000000000000, -0.000000000000000000, 1.000000000000000000 ) ) ;
#1238 = ORIENTED_EDGE ( 'NONE', *, *, #3987, .F. ) ;
#1239 = DIRECTION ( 'NONE',  ( -0.000000000000000000, -0.000000000000000000, -1.000000000000000000 ) ) ;
#1240 = DIRECTION ( 'NONE',  ( 1.000000000000000000, 8.673617379884087537E-15, 0.000000000000000000 ) ) ;
#1241 = EDGE_CURVE ( 'NONE', #1227, #4632, #5060, .T. ) ;
#1242 = ORIENTED_EDGE ( 'NONE', *, *, #660, .T. ) ;
#1243 = EDGE_CURVE ( 'NONE', #2258, #571, #708, .T. ) ;
#1244 = VECTOR ( 'NONE', #1944, 1000.000000000000114 ) ;
#1245 = DIRECTION ( 'NONE',  ( 1.000000000000000000, 0.000000000000000000, 0.000000000000000000 ) ) ;
#1246 = ORIENTED_EDGE ( 'NONE', *, *, #505, .T. ) ;
#1247 = AXIS2_PLACEMENT_3D ( 'NONE', #300, #4432, #5190 ) ;
#1248 = CIRCLE ( 'NONE', #3965, 5.000000000000000000 ) ;
#1249 = VECTOR ( 'NONE', #159, 1000.000000000000000 ) ;
#1250 = CIRCLE ( 'NONE', #738, 5.000000000000000000 ) ;
#1251 = DIRECTION ( 'NONE',  ( -0.1045284632676468095, 0.9945218953682740670, 0.000000000000000000 ) ) ;
#1252 = ORIENTED_EDGE ( 'NONE', *, *, #2761, .T. ) ;
#1253 = CARTESIAN_POINT ( 'NONE',  ( 75.89674416618790076, 56.80426238384116289, 0.000000000000000000 ) ) ;
#1254 = CARTESIAN_POINT ( 'NONE',  ( 61.17520645671595503, 81.36850812801084487, 0.000000000000000000 ) ) ;
#1255 = EDGE_CURVE ( 'NONE', #1487, #1757, #4365, .T. ) ;
#1256 = EDGE_CURVE ( 'NONE', #1062, #1427, #4198, .T. ) ;
#1257 = CIRCLE ( 'NONE', #3039, 94.80000000000021032 ) ;
#1258 = CARTESIAN_POINT ( 'NONE',  ( -31.48598828440889719, -18.09043808107909612, 0.000000000000000000 ) ) ;
#1259 = ORIENTED_EDGE ( 'NONE', *, *, #481, .T. ) ;
#1260 = CARTESIAN_POINT ( 'NONE',  ( -13.99865631841015912, 98.81334738424284581, 0.000000000000000000 ) ) ;
#1261 = ORIENTED_EDGE ( 'NONE', *, *, #274, .F. ) ;
#1262 = DIRECTION ( 'NONE',  ( -0.000000000000000000, -0.000000000000000000, 1.000000000000000000 ) ) ;
#1263 = ORIENTED_EDGE ( 'NONE', *, *, #441, .F. ) ;
#1264 = DIRECTION ( 'NONE',  ( -0.000000000000000000, -0.000000000000000000, -1.000000000000000000 ) ) ;
#1265 = CARTESIAN_POINT ( 'NONE',  ( 5.395629953818254165, -4.260610566744725602, 0.000000000000000000 ) ) ;
#1266 = EDGE_LOOP ( 'NONE', ( #2930, #3016, #5092, #2943 ) ) ;
#1267 = AXIS2_PLACEMENT_3D ( 'NONE', #469, #2974, #3402 ) ;
#1268 = EDGE_CURVE ( 'NONE', #3668, #3865, #5187, .T. ) ;
#1269 = DIRECTION ( 'NONE',  ( 1.000000000000000000, 0.000000000000000000, 0.000000000000000000 ) ) ;
#1270 = ORIENTED_EDGE ( 'NONE', *, *, #2493, .F. ) ;
#1271 = CARTESIAN_POINT ( 'NONE',  ( -98.81334738424247632, 13.99865631841221791, 4.762500000000000178 ) ) ;
#1272 = CARTESIAN_POINT ( 'NONE',  ( -0.2928228701304687598, 0.6576909345531986029, 4.762500000000000178 ) ) ;
#1273 = EDGE_CURVE ( 'NONE', #2130, #388, #1180, .T. ) ;
#1274 = ORIENTED_EDGE ( 'NONE', *, *, #505, .F. ) ;
#1275 = CARTESIAN_POINT ( 'NONE',  ( 77.49794130049565410, 58.00266454383778836, 0.000000000000000000 ) ) ;
#1276 = VECTOR ( 'NONE', #473, 1000.000000000000000 ) ;
#1277 = ORIENTED_EDGE ( 'NONE', *, *, #2746, .F. ) ;
#1278 = EDGE_CURVE ( 'NONE', #2062, #2367, #3983, .T. ) ;
#1279 = EDGE_CURVE ( 'NONE', #1620, #3511, #4400, .T. ) ;
#1280 = CARTESIAN_POINT ( 'NONE',  ( -61.17520150151159442, 81.36851185347731530, 0.000000000000000000 ) ) ;
#1281 = ORIENTED_EDGE ( 'NONE', *, *, #1279, .T. ) ;
#1282 = FACE_OUTER_BOUND ( 'NONE', #2181, .T. ) ;
#1283 = CARTESIAN_POINT ( 'NONE',  ( 100.8133473842425616, 13.99865631841015379, 4.762500000000000178 ) ) ;
#1284 = DIRECTION ( 'NONE',  ( -1.000000000000000000, 0.000000000000000000, 0.000000000000000000 ) ) ;
#1285 = VERTEX_POINT ( 'NONE', #350 ) ;
#1286 = AXIS2_PLACEMENT_3D ( 'NONE', #1794, #3416, #4745 ) ;
#1287 = EDGE_CURVE ( 'NONE', #4973, #1669, #1975, .T. ) ;
#1288 = DIRECTION ( 'NONE',  ( 1.000000000000000000, 0.000000000000000000, 0.000000000000000000 ) ) ;
#1289 = EDGE_LOOP ( 'NONE', ( #1768, #4048, #971, #548 ) ) ;
#1290 = DIRECTION ( 'NONE',  ( 1.000000000000000000, 0.000000000000000000, 0.000000000000000000 ) ) ;
#1291 = ORIENTED_EDGE ( 'NONE', *, *, #610, .F. ) ;
#1292 = CARTESIAN_POINT ( 'NONE',  ( 98.74004717360722339, -12.00000000000068745, 0.000000000000000000 ) ) ;
#1293 = CARTESIAN_POINT ( 'NONE',  ( -65.98356140126901437, 69.50856140127069693, 4.762500000000000178 ) ) ;
#1294 = ORIENTED_EDGE ( 'NONE', *, *, #2232, .T. ) ;
#1295 = CYLINDRICAL_SURFACE ( 'NONE', #4385, 2.000000000000015543 ) ;
#1296 = ORIENTED_EDGE ( 'NONE', *, *, #2316, .F. ) ;
#1297 = CARTESIAN_POINT ( 'NONE',  ( 61.97333599587670960, 79.76991268345260266, 0.000000000000000000 ) ) ;
#1298 = CYLINDRICAL_SURFACE ( 'NONE', #584, 3.525000000000000355 ) ;
#1299 = ORIENTED_EDGE ( 'NONE', *, *, #895, .F. ) ;
#1300 = DIRECTION ( 'NONE',  ( -0.000000000000000000, -0.000000000000000000, -1.000000000000000000 ) ) ;
#1301 = ORIENTED_EDGE ( 'NONE', *, *, #647, .F. ) ;
#1302 = CARTESIAN_POINT ( 'NONE',  ( -95.81334586546441301, 13.78559951779267578, 0.000000000000000000 ) ) ;
#1303 = AXIS2_PLACEMENT_3D ( 'NONE', #3231, #3154, #2728 ) ;
#1304 = CIRCLE ( 'NONE', #2579, 1.999999999999988010 ) ;
#1305 = DIRECTION ( 'NONE',  ( 1.000000000000000000, 0.000000000000000000, 0.000000000000000000 ) ) ;
#1306 = ORIENTED_EDGE ( 'NONE', *, *, #4340, .F. ) ;
#1307 = CARTESIAN_POINT ( 'NONE',  ( 96.16837047789520909, -11.81736235612394204, 4.762500000000000178 ) ) ;
#1308 = CARTESIAN_POINT ( 'NONE',  ( 94.77495023471882973, -3.432124423190184911E-13, 0.000000000000000000 ) ) ;
#1309 = CARTESIAN_POINT ( 'NONE',  ( 59.97333599587670250, 79.76991268345260266, 4.762500000000000178 ) ) ;
#1310 = AXIS2_PLACEMENT_3D ( 'NONE', #4273, #3450, #3401 ) ;
#1311 = ADVANCED_FACE ( 'NONE', ( #4214 ), #3366, .F. ) ;
#1312 = EDGE_CURVE ( 'NONE', #3946, #4318, #2058, .T. ) ;
#1313 = DIRECTION ( 'NONE',  ( 1.000000000000000000, 0.000000000000000000, 0.000000000000000000 ) ) ;
#1314 = VECTOR ( 'NONE', #1722, 1000.000000000000000 ) ;
#1315 = ORIENTED_EDGE ( 'NONE', *, *, #785, .F. ) ;
#1316 = CARTESIAN_POINT ( 'NONE',  ( -59.64545493362334838, -76.35723283372485071, 0.000000000000000000 ) ) ;
#1317 = EDGE_LOOP ( 'NONE', ( #3038, #689, #155, #2318 ) ) ;
#1318 = CARTESIAN_POINT ( 'NONE',  ( 106.8000000000000114, 1.307922781489373149E-14, 4.762500000000000178 ) ) ;
#1319 = DIRECTION ( 'NONE',  ( -0.000000000000000000, -0.000000000000000000, 1.000000000000000000 ) ) ;
#1320 = ORIENTED_EDGE ( 'NONE', *, *, #3521, .T. ) ;
#1321 = LINE ( 'NONE', #87, #2180 ) ;
#1322 = VERTEX_POINT ( 'NONE', #944 ) ;
#1323 = AXIS2_PLACEMENT_3D ( 'NONE', #4292, #2246, #1344 ) ;
#1324 = LINE ( 'NONE', #1297, #114 ) ;
#1325 = DIRECTION ( 'NONE',  ( 1.000000000000000000, 0.000000000000000000, 0.000000000000000000 ) ) ;
#1326 = ADVANCED_FACE ( 'NONE', ( #58 ), #2135, .F. ) ;
#1327 = ORIENTED_EDGE ( 'NONE', *, *, #1574, .T. ) ;
#1328 = EDGE_CURVE ( 'NONE', #2130, #4279, #2970, .T. ) ;
#1329 = CIRCLE ( 'NONE', #4298, 12.00771944335239638 ) ;
#1330 = DIRECTION ( 'NONE',  ( -0.000000000000000000, -0.000000000000000000, 1.000000000000000000 ) ) ;
#1331 = ORIENTED_EDGE ( 'NONE', *, *, #2157, .T. ) ;
#1332 = CARTESIAN_POINT ( 'NONE',  ( -13.99865631841153224, -98.81334738424227737, 0.000000000000000000 ) ) ;
#1333 = APPLICATION_CONTEXT ( 'automotive_design' ) ;
#1334 = DIRECTION ( 'NONE',  ( 1.000000000000000000, -2.312964634635746211E-15, 0.000000000000000000 ) ) ;
#1335 = VERTEX_POINT ( 'NONE', #112 ) ;
#1336 = CARTESIAN_POINT ( 'NONE',  ( 78.30481188895234368, 61.33476159500185787, 0.000000000000000000 ) ) ;
#1337 = DIRECTION ( 'NONE',  ( 1.000000000000000000, 0.000000000000000000, 0.000000000000000000 ) ) ;
#1338 = AXIS2_PLACEMENT_3D ( 'NONE', #35, #4521, #4091 ) ;
#1339 = CARTESIAN_POINT ( 'NONE',  ( -1.082168200009695258E-13, 1.938889539019461736E-13, 0.000000000000000000 ) ) ;
#1340 = ORIENTED_EDGE ( 'NONE', *, *, #5089, .T. ) ;
#1341 = AXIS2_PLACEMENT_3D ( 'NONE', #4346, #2326, #295 ) ;
#1342 = CYLINDRICAL_SURFACE ( 'NONE', #4351, 94.80000000000022453 ) ;
#1343 = ORIENTED_EDGE ( 'NONE', *, *, #2588, .T. ) ;
#1344 = DIRECTION ( 'NONE',  ( 1.000000000000000000, 0.000000000000000000, 0.000000000000000000 ) ) ;
#1345 = DIRECTION ( 'NONE',  ( 1.000000000000000000, 0.000000000000000000, 0.000000000000000000 ) ) ;
#1346 = ORIENTED_EDGE ( 'NONE', *, *, #4097, .F. ) ;
#1347 = EDGE_CURVE ( 'NONE', #522, #517, #2028, .T. ) ;
#1348 = AXIS2_PLACEMENT_3D ( 'NONE', #634, #3954, #4280 ) ;
#1349 = DIRECTION ( 'NONE',  ( 0.000000000000000000, 0.000000000000000000, 1.000000000000000000 ) ) ;
#1350 = EDGE_LOOP ( 'NONE', ( #2025, #1652, #5177, #4817 ) ) ;
#1351 = FILL_AREA_STYLE ('',( #5003 ) ) ;
#1352 = DIRECTION ( 'NONE',  ( -0.000000000000000000, -0.000000000000000000, -1.000000000000000000 ) ) ;
#1353 = ORIENTED_EDGE ( 'NONE', *, *, #5062, .F. ) ;
#1354 = VECTOR ( 'NONE', #5245, 1000.000000000000000 ) ;
#1355 = DIRECTION ( 'NONE',  ( -0.000000000000000000, -0.000000000000000000, -1.000000000000000000 ) ) ;
#1356 = ORIENTED_EDGE ( 'NONE', *, *, #1588, .T. ) ;
#1357 = CARTESIAN_POINT ( 'NONE',  ( -95.81334586546464038, -13.78559951779065962, 0.000000000000000000 ) ) ;
#1358 = AXIS2_PLACEMENT_3D ( 'NONE', #2669, #3043, #4675 ) ;
#1359 = AXIS2_PLACEMENT_3D ( 'NONE', #2735, #2416, #4439 ) ;
#1360 = DIRECTION ( 'NONE',  ( 1.000000000000000000, 0.000000000000000000, 0.000000000000000000 ) ) ;
#1361 = VERTEX_POINT ( 'NONE', #462 ) ;
#1362 = DIRECTION ( 'NONE',  ( -0.000000000000000000, 0.000000000000000000, 1.000000000000000000 ) ) ;
#1363 = FACE_OUTER_BOUND ( 'NONE', #3508, .T. ) ;
#1364 = CIRCLE ( 'NONE', #4765, 2.000000000000001776 ) ;
#1365 = EDGE_CURVE ( 'NONE', #1976, #2262, #4515, .T. ) ;
#1366 = EDGE_CURVE ( 'NONE', #4872, #3679, #4499, .T. ) ;
#1367 = CYLINDRICAL_SURFACE ( 'NONE', #782, 2.000000000000013767 ) ;
#1368 = VERTEX_POINT ( 'NONE', #4995 ) ;
#1369 = DIRECTION ( 'NONE',  ( -0.000000000000000000, -0.000000000000000000, -1.000000000000000000 ) ) ;
#1370 = EDGE_LOOP ( 'NONE', ( #4537, #2606, #342, #2327 ) ) ;
#1371 = DIRECTION ( 'NONE',  ( 0.000000000000000000, 0.000000000000000000, 1.000000000000000000 ) ) ;
#1372 = DIRECTION ( 'NONE',  ( 1.000000000000000000, 0.000000000000000000, 0.000000000000000000 ) ) ;
#1373 = ORIENTED_EDGE ( 'NONE', *, *, #686, .T. ) ;
#1374 = DIRECTION ( 'NONE',  ( -0.000000000000000000, -0.000000000000000000, -1.000000000000000000 ) ) ;
#1375 = EDGE_LOOP ( 'NONE', ( #1932, #4183, #1510, #4624 ) ) ;
#1376 = CARTESIAN_POINT ( 'NONE',  ( 61.17519609856671536, -81.36851591556674634, 0.000000000000000000 ) ) ;
#1377 = CYLINDRICAL_SURFACE ( 'NONE', #5230, 101.7999999999998977 ) ;
#1378 = VERTEX_POINT ( 'NONE', #84 ) ;
#1379 = EDGE_CURVE ( 'NONE', #866, #3571, #4676, .T. ) ;
#1380 = ADVANCED_FACE ( 'NONE', ( #3395 ), #969, .F. ) ;
#1381 = CARTESIAN_POINT ( 'NONE',  ( -6.864248841727479887E-13, -98.29995023471883542, 4.762500000000000178 ) ) ;
#1382 = ORIENTED_EDGE ( 'NONE', *, *, #1717, .T. ) ;
#1383 = DIRECTION ( 'NONE',  ( -0.000000000000000000, -0.000000000000000000, 1.000000000000000000 ) ) ;
#1384 = AXIS2_PLACEMENT_3D ( 'NONE', #2460, #4132, #486 ) ;
#1385 = DIRECTION ( 'NONE',  ( 1.000000000000000000, 0.000000000000000000, 0.000000000000000000 ) ) ;
#1386 = ORIENTED_EDGE ( 'NONE', *, *, #3880, .F. ) ;
#1387 = CARTESIAN_POINT ( 'NONE',  ( -61.17520150151301550, -81.36851185347585158, 0.000000000000000000 ) ) ;
#1388 = DIRECTION ( 'NONE',  ( 0.000000000000000000, 0.000000000000000000, 1.000000000000000000 ) ) ;
#1389 = EDGE_CURVE ( 'NONE', #815, #4458, #3217, .T. ) ;
#1390 = EDGE_CURVE ( 'NONE', #1110, #4854, #894, .T. ) ;
#1391 = CARTESIAN_POINT ( 'NONE',  ( 28.53643001759746767, 85.14524156904343499, 4.762500000000000178 ) ) ;
#1392 = EDGE_LOOP ( 'NONE', ( #3978, #833, #1493, #1223 ) ) ;
#1393 = CARTESIAN_POINT ( 'NONE',  ( -59.97333113802410764, 79.76991633572727380, 0.000000000000000000 ) ) ;
#1394 = EDGE_LOOP ( 'NONE', ( #85, #4897, #3240, #5246 ) ) ;
#1395 = VECTOR ( 'NONE', #83, 1000.000000000000000 ) ;
#1396 = CARTESIAN_POINT ( 'NONE',  ( 3.155228086127853437, 84.74127999814795942, 4.762500000000000178 ) ) ;
#1397 = CARTESIAN_POINT ( 'NONE',  ( -98.29995023471883542, 1.029637326026477537E-12, 4.762500000000000178 ) ) ;
#1398 = VERTEX_POINT ( 'NONE', #1265 ) ;
#1399 = AXIS2_PLACEMENT_3D ( 'NONE', #4167, #521, #118 ) ;
#1400 = CARTESIAN_POINT ( 'NONE',  ( -13.78559951779194037, -95.81334586546419985, 0.000000000000000000 ) ) ;
#1401 = DIRECTION ( 'NONE',  ( 1.000000000000000000, 0.000000000000000000, 0.000000000000000000 ) ) ;
#1402 = EDGE_LOOP ( 'NONE', ( #4747, #3074, #2170, #929 ) ) ;
#1403 = SURFACE_STYLE_FILL_AREA ( #1351 ) ;
#1404 = CARTESIAN_POINT ( 'NONE',  ( 26.94754193198513192, 80.40441520105659379, 4.762500000000000178 ) ) ;
#1405 = FACE_OUTER_BOUND ( 'NONE', #110, .T. ) ;
#1406 = CIRCLE ( 'NONE', #900, 3.525000000000000355 ) ;
#1407 = ADVANCED_FACE ( 'NONE', ( #4110 ), #3318, .F. ) ;
#1408 = DIRECTION ( 'NONE',  ( 0.000000000000000000, 0.000000000000000000, 1.000000000000000000 ) ) ;
#1409 = DIRECTION ( 'NONE',  ( 1.000000000000000000, 0.000000000000000000, 0.000000000000000000 ) ) ;
#1410 = AXIS2_PLACEMENT_3D ( 'NONE', #1226, #4853, #4343 ) ;
#1411 = CYLINDRICAL_SURFACE ( 'NONE', #1187, 2.000000000000001776 ) ;
#1412 = ORIENTED_EDGE ( 'NONE', *, *, #1196, .F. ) ;
#1413 = LINE ( 'NONE', #987, #1080 ) ;
#1414 = EDGE_CURVE ( 'NONE', #1044, #2793, #3786, .T. ) ;
#1415 = LINE ( 'NONE', #3037, #4738 ) ;
#1416 = ORIENTED_EDGE ( 'NONE', *, *, #1910, .F. ) ;
#1417 = DIRECTION ( 'NONE',  ( -0.000000000000000000, -0.000000000000000000, 1.000000000000000000 ) ) ;
#1418 = ORIENTED_EDGE ( 'NONE', *, *, #4992, .F. ) ;
#1419 = DIRECTION ( 'NONE',  ( 0.000000000000000000, 0.000000000000000000, 1.000000000000000000 ) ) ;
#1420 = CYLINDRICAL_SURFACE ( 'NONE', #71, 94.80000000000022453 ) ;
#1421 = VECTOR ( 'NONE', #758, 1000.000000000000000 ) ;
#1422 = VECTOR ( 'NONE', #1931, 1000.000000000000000 ) ;
#1423 = ORIENTED_EDGE ( 'NONE', *, *, #3539, .T. ) ;
#1424 = CIRCLE ( 'NONE', #484, 2.999999999999995559 ) ;
#1425 = CARTESIAN_POINT ( 'NONE',  ( 75.89674416618790076, 56.80426238384116289, 0.000000000000000000 ) ) ;
#1426 = DIRECTION ( 'NONE',  ( -0.000000000000000000, -0.000000000000000000, -1.000000000000000000 ) ) ;
#1427 = VERTEX_POINT ( 'NONE', #1293 ) ;
#1428 = LINE ( 'NONE', #2651, #2838 ) ;
#1429 = DIRECTION ( 'NONE',  ( -0.000000000000000000, 0.000000000000000000, 1.000000000000000000 ) ) ;
#1430 = EDGE_CURVE ( 'NONE', #1992, #244, #671, .T. ) ;
#1431 = DIRECTION ( 'NONE',  ( 1.000000000000000000, 0.000000000000000000, 0.000000000000000000 ) ) ;
#1432 = ORIENTED_EDGE ( 'NONE', *, *, #1833, .F. ) ;
#1433 = CARTESIAN_POINT ( 'NONE',  ( 12.00806750962114400, -98.29995023471883542, 4.762500000000000178 ) ) ;
#1434 = DIRECTION ( 'NONE',  ( 1.000000000000000000, 0.000000000000000000, 0.000000000000000000 ) ) ;
#1435 = AXIS2_PLACEMENT_3D ( 'NONE', #1663, #2537, #542 ) ;
#1436 = ORIENTED_EDGE ( 'NONE', *, *, #2772, .T. ) ;
#1437 = DIRECTION ( 'NONE',  ( 1.000000000000000000, 0.000000000000000000, 0.000000000000000000 ) ) ;
#1438 = EDGE_CURVE ( 'NONE', #4141, #4881, #2512, .T. ) ;
#1439 = EDGE_CURVE ( 'NONE', #1742, #2062, #2110, .T. ) ;
#1440 = CARTESIAN_POINT ( 'NONE',  ( -32.70619821363634827, -15.34980170815131473, 4.762500000000000178 ) ) ;
#1441 = ORIENTED_EDGE ( 'NONE', *, *, #171, .T. ) ;
#1442 = CARTESIAN_POINT ( 'NONE',  ( -78.30481564546006723, 61.33475684932390948, 4.762500000000000178 ) ) ;
#1443 = VERTEX_POINT ( 'NONE', #2940 ) ;
#1444 = CIRCLE ( 'NONE', #1611, 3.524999999999999911 ) ;
#1445 = DIRECTION ( 'NONE',  ( 1.000000000000000000, 0.000000000000000000, 0.000000000000000000 ) ) ;
#1446 = PLANE ( 'NONE',  #1605 ) ;
#1447 = ORIENTED_EDGE ( 'NONE', *, *, #812, .F. ) ;
#1448 = EDGE_CURVE ( 'NONE', #4710, #3863, #2221, .T. ) ;
#1449 = CARTESIAN_POINT ( 'NONE',  ( -3.155228086120867914, -84.74127999814818679, 4.762500000000000178 ) ) ;
#1450 = CYLINDRICAL_SURFACE ( 'NONE', #5175, 5.000000000000000000 ) ;
#1451 = EDGE_LOOP ( 'NONE', ( #3385, #59, #3931, #166 ) ) ;
#1452 = DIRECTION ( 'NONE',  ( 1.000000000000000000, 0.000000000000000000, 0.000000000000000000 ) ) ;
#1453 = CARTESIAN_POINT ( 'NONE',  ( 12.00806750962114400, -98.29995023471883542, 0.000000000000000000 ) ) ;
#1454 = CARTESIAN_POINT ( 'NONE',  ( 14.27919051316786536, 100.7935747867326199, 0.000000000000000000 ) ) ;
#1455 = VECTOR ( 'NONE', #1169, 1000.000000000000000 ) ;
#1456 = CARTESIAN_POINT ( 'NONE',  ( 83.10603710653900578, 16.86495171788402203, 0.000000000000000000 ) ) ;
#1457 = ORIENTED_EDGE ( 'NONE', *, *, #5104, .F. ) ;
#1458 = LINE ( 'NONE', #3534, #403 ) ;
#1459 = CARTESIAN_POINT ( 'NONE',  ( -5.395629953818273705, 4.260610566745000050, 0.000000000000000000 ) ) ;
#1460 = AXIS2_PLACEMENT_3D ( 'NONE', #3300, #2494, #4121 ) ;
#1461 = VERTEX_POINT ( 'NONE', #2247 ) ;
#1462 = CARTESIAN_POINT ( 'NONE',  ( -5.517139165942847256, -4.102048320488123068, 0.000000000000000000 ) ) ;
#1463 = AXIS2_PLACEMENT_3D ( 'NONE', #4451, #805, #2026 ) ;
#1464 = CARTESIAN_POINT ( 'NONE',  ( 100.7935747867322505, -14.27919051316860788, 4.762500000000000178 ) ) ;
#1465 = ORIENTED_EDGE ( 'NONE', *, *, #1548, .T. ) ;
#1466 = FACE_OUTER_BOUND ( 'NONE', #2191, .T. ) ;
#1467 = VERTEX_POINT ( 'NONE', #4748 ) ;
#1468 = CARTESIAN_POINT ( 'NONE',  ( -6.311047636065538313, 2.726958513676442486, -63.63961030678928665 ) ) ;
#1469 = EDGE_CURVE ( 'NONE', #2076, #316, #1693, .T. ) ;
#1470 = ORIENTED_EDGE ( 'NONE', *, *, #4763, .T. ) ;
#1471 = CIRCLE ( 'NONE', #2832, 2.000000000000008882 ) ;
#1472 = CARTESIAN_POINT ( 'NONE',  ( 13.99865631841015556, 98.81334738424286002, 0.000000000000000000 ) ) ;
#1473 = CARTESIAN_POINT ( 'NONE',  ( 76.99939848604833514, 35.07040503354171790, 4.762500000000000178 ) ) ;
#1474 = VECTOR ( 'NONE', #4205, 1000.000000000000000 ) ;
#1475 = EDGE_LOOP ( 'NONE', ( #4145, #4234, #3751, #3701 ) ) ;
#1476 = DIRECTION ( 'NONE',  ( 1.000000000000000000, 0.000000000000000000, 0.000000000000000000 ) ) ;
#1477 = DIRECTION ( 'NONE',  ( 1.000000000000000000, -1.387778780781446464E-14, 0.000000000000000000 ) ) ;
#1478 = FACE_BOUND ( 'NONE', #1705, .T. ) ;
#1479 = CIRCLE ( 'NONE', #1902, 2.000000000000008882 ) ;
#1480 = DIRECTION ( 'NONE',  ( 0.9135454576425978690, 0.4067366430758070361, 0.000000000000000000 ) ) ;
#1481 = EDGE_CURVE ( 'NONE', #2060, #1836, #3419, .T. ) ;
#1482 = ADVANCED_FACE ( 'NONE', ( #3470 ), #1446, .T. ) ;
#1483 = ORIENTED_EDGE ( 'NONE', *, *, #3489, .F. ) ;
#1484 = DIRECTION ( 'NONE',  ( -1.000000000000000000, 0.000000000000000000, 0.000000000000000000 ) ) ;
#1485 = AXIS2_PLACEMENT_3D ( 'NONE', #4265, #3469, #213 ) ;
#1486 = DIRECTION ( 'NONE',  ( 1.000000000000000000, 0.000000000000000000, 0.000000000000000000 ) ) ;
#1487 = VERTEX_POINT ( 'NONE', #1046 ) ;
#1488 = EDGE_CURVE ( 'NONE', #1718, #460, #3520, .T. ) ;
#1489 = VECTOR ( 'NONE', #2906, 1000.000000000000000 ) ;
#1490 = DIRECTION ( 'NONE',  ( -0.01452843997022954317, -0.9998944566463159322, 0.000000000000000000 ) ) ;
#1491 = ORIENTED_EDGE ( 'NONE', *, *, #4202, .F. ) ;
#1492 = DIRECTION ( 'NONE',  ( -0.000000000000000000, -0.000000000000000000, -1.000000000000000000 ) ) ;
#1493 = ORIENTED_EDGE ( 'NONE', *, *, #1003, .T. ) ;
#1494 = LINE ( 'NONE', #1468, #3054 ) ;
#1495 = ORIENTED_EDGE ( 'NONE', *, *, #2734, .F. ) ;
#1496 = AXIS2_PLACEMENT_3D ( 'NONE', #4172, #4230, #5035 ) ;
#1497 = FACE_OUTER_BOUND ( 'NONE', #586, .T. ) ;
#1498 = DIRECTION ( 'NONE',  ( -0.000000000000000000, -0.000000000000000000, 1.000000000000000000 ) ) ;
#1499 = AXIS2_PLACEMENT_3D ( 'NONE', #756, #2283, #5162 ) ;
#1500 = ORIENTED_EDGE ( 'NONE', *, *, #1469, .T. ) ;
#1501 = DIRECTION ( 'NONE',  ( 1.000000000000000000, 0.000000000000000000, 0.000000000000000000 ) ) ;
#1502 = DIRECTION ( 'NONE',  ( 1.000000000000000000, 8.326672684688666165E-15, 0.000000000000000000 ) ) ;
#1503 = ADVANCED_FACE ( 'NONE', ( #2623 ), #1420, .T. ) ;
#1504 = DIRECTION ( 'NONE',  ( 0.000000000000000000, -0.000000000000000000, -1.000000000000000000 ) ) ;
#1505 = CIRCLE ( 'NONE', #3627, 5.000000000000004441 ) ;
#1506 = VECTOR ( 'NONE', #1864, 1000.000000000000000 ) ;
#1507 = AXIS2_PLACEMENT_3D ( 'NONE', #4679, #2197, #600 ) ;
#1508 = EDGE_CURVE ( 'NONE', #1788, #544, #1494, .T. ) ;
#1509 = CARTESIAN_POINT ( 'NONE',  ( 0.000000000000000000, 0.000000000000000000, 4.762500000000000178 ) ) ;
#1510 = ORIENTED_EDGE ( 'NONE', *, *, #1799, .F. ) ;
#1511 = AXIS2_PLACEMENT_3D ( 'NONE', #1683, #3672, #4129 ) ;
#1512 = CARTESIAN_POINT ( 'NONE',  ( -81.36851185347582316, 61.17520150151353420, 0.000000000000000000 ) ) ;
#1513 = EDGE_CURVE ( 'NONE', #148, #2041, #4071, .T. ) ;
#1514 = AXIS2_PLACEMENT_3D ( 'NONE', #1831, #3878, #1882 ) ;
#1515 = CARTESIAN_POINT ( 'NONE',  ( 61.17520645671595503, 81.36850812801084487, 4.762500000000000178 ) ) ;
#1516 = VERTEX_POINT ( 'NONE', #4266 ) ;
#1517 = EDGE_LOOP ( 'NONE', ( #1129, #3325, #2576, #2865 ) ) ;
#1518 = DIRECTION ( 'NONE',  ( -1.000000000000000000, 0.000000000000000000, 0.000000000000000000 ) ) ;
#1519 = VERTEX_POINT ( 'NONE', #569 ) ;
#1520 = CARTESIAN_POINT ( 'NONE',  ( -1.082168200009695258E-13, 1.938889539019461736E-13, 0.000000000000000000 ) ) ;
#1521 = CYLINDRICAL_SURFACE ( 'NONE', #4039, 3.524999999999998579 ) ;
#1522 = ORIENTED_EDGE ( 'NONE', *, *, #3591, .F. ) ;
#1523 = CARTESIAN_POINT ( 'NONE',  ( -6.864248841727479887E-13, -98.29995023471883542, 4.762500000000000178 ) ) ;
#1524 = AXIS2_PLACEMENT_3D ( 'NONE', #3560, #5194, #4789 ) ;
#1525 = CARTESIAN_POINT ( 'NONE',  ( -98.74004717360750760, -11.99999999999998579, 4.762500000000000178 ) ) ;
#1526 = VERTEX_POINT ( 'NONE', #263 ) ;
#1527 = CARTESIAN_POINT ( 'NONE',  ( -11.99865631841014491, 98.81334738424284581, 0.000000000000000000 ) ) ;
#1528 = CARTESIAN_POINT ( 'NONE',  ( -61.17520150151301550, -81.36851185347585158, 0.000000000000000000 ) ) ;
#1529 = ORIENTED_EDGE ( 'NONE', *, *, #4088, .T. ) ;
#1530 = AXIS2_PLACEMENT_3D ( 'NONE', #2042, #5276, #3303 ) ;
#1531 = ADVANCED_BREP_SHAPE_REPRESENTATION ( 'Aluminum_Wheel_Hub_V2', ( #4657, #4208 ), #4295 ) ;
#1532 = DIRECTION ( 'NONE',  ( -0.000000000000000000, -0.000000000000000000, 1.000000000000000000 ) ) ;
#1533 = EDGE_LOOP ( 'NONE', ( #3449, #2072, #4426, #4405 ) ) ;
#1534 = DIRECTION ( 'NONE',  ( 0.8731982205440599332, 0.4873652302315862328, 0.000000000000000000 ) ) ;
#1535 = AXIS2_PLACEMENT_3D ( 'NONE', #3890, #3911, #261 ) ;
#1536 = EDGE_CURVE ( 'NONE', #2639, #3713, #158, .T. ) ;
#1537 = EDGE_CURVE ( 'NONE', #5233, #2015, #4585, .T. ) ;
#1538 = DIRECTION ( 'NONE',  ( -0.000000000000000000, 0.000000000000000000, 1.000000000000000000 ) ) ;
#1539 = EDGE_LOOP ( 'NONE', ( #3550, #3818, #4054, #1851 ) ) ;
#1540 = DIRECTION ( 'NONE',  ( -0.000000000000000000, 0.000000000000000000, 1.000000000000000000 ) ) ;
#1541 = EDGE_LOOP ( 'NONE', ( #3768, #1956, #1684, #2335 ) ) ;
#1542 = CARTESIAN_POINT ( 'NONE',  ( 11.81736235612332031, 96.16837047789555015, 0.000000000000000000 ) ) ;
#1543 = EDGE_CURVE ( 'NONE', #3259, #4299, #2297, .T. ) ;
#1544 = DIRECTION ( 'NONE',  ( -0.000000000000000000, 0.000000000000000000, 1.000000000000000000 ) ) ;
#1545 = EDGE_CURVE ( 'NONE', #4881, #5172, #1784, .T. ) ;
#1546 = CIRCLE ( 'NONE', #528, 1.999999999999988010 ) ;
#1547 = ORIENTED_EDGE ( 'NONE', *, *, #1753, .F. ) ;
#1548 = EDGE_CURVE ( 'NONE', #1398, #450, #3097, .T. ) ;
#1549 = DIRECTION ( 'NONE',  ( 0.000000000000000000, -0.000000000000000000, -1.000000000000000000 ) ) ;
#1550 = CARTESIAN_POINT ( 'NONE',  ( -1.082168200009695258E-13, 1.938889539019461736E-13, 0.000000000000000000 ) ) ;
#1551 = VERTEX_POINT ( 'NONE', #4293 ) ;
#1552 = DIRECTION ( 'NONE',  ( 0.8090169943749521142, -0.5877852522924666978, 0.000000000000000000 ) ) ;
#1553 = LINE ( 'NONE', #1579, #23 ) ;
#1554 = ORIENTED_EDGE ( 'NONE', *, *, #2127, .T. ) ;
#1555 = VECTOR ( 'NONE', #2984, 1000.000000000000000 ) ;
#1556 = LINE ( 'NONE', #2358, #1422 ) ;
#1557 = ORIENTED_EDGE ( 'NONE', *, *, #684, .F. ) ;
#1558 = LINE ( 'NONE', #4865, #3724 ) ;
#1559 = CARTESIAN_POINT ( 'NONE',  ( -94.77495023471884394, 1.030069014023176870E-12, 0.000000000000000000 ) ) ;
#1560 = CIRCLE ( 'NONE', #5225, 3.525000000000000355 ) ;
#1561 = ORIENTED_EDGE ( 'NONE', *, *, #810, .T. ) ;
#1562 = AXIS2_PLACEMENT_3D ( 'NONE', #1900, #1925, #2253 ) ;
#1563 = DIRECTION ( 'NONE',  ( 1.000000000000000000, 0.000000000000000000, 0.000000000000000000 ) ) ;
#1564 = ORIENTED_EDGE ( 'NONE', *, *, #4070, .F. ) ;
#1565 = ORIENTED_EDGE ( 'NONE', *, *, #5067, .F. ) ;
#1566 = ADVANCED_FACE ( 'NONE', ( #4317 ), #645, .F. ) ;
#1567 = DIRECTION ( 'NONE',  ( 1.000000000000000000, 0.000000000000000000, 0.000000000000000000 ) ) ;
#1568 = ORIENTED_EDGE ( 'NONE', *, *, #4489, .F. ) ;
#1569 = LINE ( 'NONE', #343, #3748 ) ;
#1570 = DIRECTION ( 'NONE',  ( 0.000000000000000000, 0.000000000000000000, 1.000000000000000000 ) ) ;
#1571 = CARTESIAN_POINT ( 'NONE',  ( -73.03356140126898310, 69.50856140127069693, 0.000000000000000000 ) ) ;
#1572 = ORIENTED_EDGE ( 'NONE', *, *, #4750, .F. ) ;
#1573 = AXIS2_PLACEMENT_3D ( 'NONE', #4366, #4015, #4824 ) ;
#1574 = EDGE_CURVE ( 'NONE', #4194, #4212, #2849, .T. ) ;
#1575 = CARTESIAN_POINT ( 'NONE',  ( -28.53643001758989328, -85.14524156904597874, 4.762500000000000178 ) ) ;
#1576 = FACE_BOUND ( 'NONE', #215, .T. ) ;
#1577 = ORIENTED_EDGE ( 'NONE', *, *, #2371, .F. ) ;
#1578 = FACE_OUTER_BOUND ( 'NONE', #2879, .T. ) ;
#1579 = CARTESIAN_POINT ( 'NONE',  ( -12.28526491208247862, -27.59315676969194797, 4.762500000000000178 ) ) ;
#1580 = ORIENTED_EDGE ( 'NONE', *, *, #895, .T. ) ;
#1581 = DIRECTION ( 'NONE',  ( 1.000000000000000000, 0.000000000000000000, 0.000000000000000000 ) ) ;
#1582 = VERTEX_POINT ( 'NONE', #5049 ) ;
#1583 = CARTESIAN_POINT ( 'NONE',  ( 98.81334738424257580, 13.99865631841015379, 0.000000000000000000 ) ) ;
#1584 = DIRECTION ( 'NONE',  ( 1.000000000000000000, 0.000000000000000000, 0.000000000000000000 ) ) ;
#1585 = ORIENTED_EDGE ( 'NONE', *, *, #2034, .F. ) ;
#1586 = VECTOR ( 'NONE', #4839, 1000.000000000000000 ) ;
#1587 = AXIS2_PLACEMENT_3D ( 'NONE', #4490, #3234, #1269 ) ;
#1588 = EDGE_CURVE ( 'NONE', #4106, #5097, #4377, .T. ) ;
#1589 = AXIS2_PLACEMENT_3D ( 'NONE', #422, #4099, #1305 ) ;
#1590 = DIRECTION ( 'NONE',  ( -0.000000000000000000, -0.000000000000000000, 1.000000000000000000 ) ) ;
#1591 = VERTEX_POINT ( 'NONE', #3018 ) ;
#1592 = ORIENTED_EDGE ( 'NONE', *, *, #1469, .F. ) ;
#1593 = FACE_OUTER_BOUND ( 'NONE', #4808, .T. ) ;
#1594 = ORIENTED_EDGE ( 'NONE', *, *, #1053, .T. ) ;
#1595 = DIRECTION ( 'NONE',  ( -0.000000000000000000, -0.000000000000000000, 1.000000000000000000 ) ) ;
#1596 = CYLINDRICAL_SURFACE ( 'NONE', #4402, 1.999999999999993117 ) ;
#1597 = FACE_OUTER_BOUND ( 'NONE', #2848, .T. ) ;
#1598 = DIRECTION ( 'NONE',  ( 0.1045284632676470177, -0.9945218953682739560, 0.000000000000000000 ) ) ;
#1599 = EDGE_CURVE ( 'NONE', #742, #4710, #471, .T. ) ;
#1600 = ORIENTED_EDGE ( 'NONE', *, *, #694, .T. ) ;
#1601 = EDGE_CURVE ( 'NONE', #836, #4578, #2000, .T. ) ;
#1602 = EDGE_CURVE ( 'NONE', #2490, #2510, #3695, .T. ) ;
#1603 = CARTESIAN_POINT ( 'NONE',  ( -96.16837047789528015, 11.81736235612533825, 4.762500000000000178 ) ) ;
#1604 = CARTESIAN_POINT ( 'NONE',  ( -21.97493245513661719, -79.88177288472076043, 4.762500000000000178 ) ) ;
#1605 = AXIS2_PLACEMENT_3D ( 'NONE', #2271, #5151, #2193 ) ;
#1606 = EDGE_LOOP ( 'NONE', ( #5123, #3415, #4786, #4060 ) ) ;
#1607 = DIRECTION ( 'NONE',  ( -0.000000000000000000, -0.000000000000000000, 1.000000000000000000 ) ) ;
#1608 = CARTESIAN_POINT ( 'NONE',  ( 100.8133473842425616, 13.99865631841015379, 0.000000000000000000 ) ) ;
#1609 = ORIENTED_EDGE ( 'NONE', *, *, #2676, .F. ) ;
#1610 = EDGE_CURVE ( 'NONE', #2427, #3235, #3448, .T. ) ;
#1611 = AXIS2_PLACEMENT_3D ( 'NONE', #282, #1538, #710 ) ;
#1612 = DIRECTION ( 'NONE',  ( 1.000000000000000000, 0.000000000000000000, 0.000000000000000000 ) ) ;
#1613 = ORIENTED_EDGE ( 'NONE', *, *, #1120, .T. ) ;
#1614 = LINE ( 'NONE', #2836, #1673 ) ;
#1615 = DIRECTION ( 'NONE',  ( 0.000000000000000000, 0.000000000000000000, 1.000000000000000000 ) ) ;
#1616 = CIRCLE ( 'NONE', #1530, 3.000000000000003553 ) ;
#1617 = ORIENTED_EDGE ( 'NONE', *, *, #3646, .T. ) ;
#1618 = CARTESIAN_POINT ( 'NONE',  ( 13.78559951779067028, 95.81334586546472565, 0.000000000000000000 ) ) ;
#1619 = ORIENTED_EDGE ( 'NONE', *, *, #2812, .F. ) ;
#1620 = VERTEX_POINT ( 'NONE', #4419 ) ;
#1621 = ORIENTED_EDGE ( 'NONE', *, *, #5217, .F. ) ;
#1622 = LINE ( 'NONE', #3585, #573 ) ;
#1623 = ORIENTED_EDGE ( 'NONE', *, *, #499, .F. ) ;
#1624 = FACE_OUTER_BOUND ( 'NONE', #978, .T. ) ;
#1625 = CARTESIAN_POINT ( 'NONE',  ( -1.082168200009695258E-13, 1.938889539019461736E-13, 4.762500000000000178 ) ) ;
#1626 = DIRECTION ( 'NONE',  ( 1.000000000000000000, 0.000000000000000000, 0.000000000000000000 ) ) ;
#1627 = ORIENTED_EDGE ( 'NONE', *, *, #4417, .T. ) ;
#1628 = ADVANCED_FACE ( 'NONE', ( #2321 ), #1521, .F. ) ;
#1629 = FACE_OUTER_BOUND ( 'NONE', #2935, .T. ) ;
#1630 = EDGE_LOOP ( 'NONE', ( #1315, #4965, #2911, #5248 ) ) ;
#1631 = CARTESIAN_POINT ( 'NONE',  ( -98.81334738424273212, -13.99865631841015379, 0.000000000000000000 ) ) ;
#1632 = EDGE_CURVE ( 'NONE', #2161, #2079, #3112, .T. ) ;
#1633 = EDGE_LOOP ( 'NONE', ( #2925, #447, #2139, #3253, #2771, #4012, #2882, #1215, #3584 ) ) ;
#1634 = CARTESIAN_POINT ( 'NONE',  ( -77.49794488735034292, -58.00265975140490582, 0.000000000000000000 ) ) ;
#1635 = VECTOR ( 'NONE', #2677, 1000.000000000000000 ) ;
#1636 = DIRECTION ( 'NONE',  ( -0.000000000000000000, -0.000000000000000000, 1.000000000000000000 ) ) ;
#1637 = ORIENTED_EDGE ( 'NONE', *, *, #2695, .F. ) ;
#1638 = AXIS2_PLACEMENT_3D ( 'NONE', #4615, #2908, #4105 ) ;
#1639 = CARTESIAN_POINT ( 'NONE',  ( -100.7935747867325915, -14.27919051316786003, 0.000000000000000000 ) ) ;
#1640 = EDGE_LOOP ( 'NONE', ( #3953, #1802, #1938, #2396 ) ) ;
#1641 = CARTESIAN_POINT ( 'NONE',  ( -13.99865631841015912, 98.81334738424284581, 0.000000000000000000 ) ) ;
#1642 = DIRECTION ( 'NONE',  ( -0.000000000000000000, 0.000000000000000000, 1.000000000000000000 ) ) ;
#1643 = ORIENTED_EDGE ( 'NONE', *, *, #4901, .F. ) ;
#1644 = AXIS2_PLACEMENT_3D ( 'NONE', #3569, #748, #2458 ) ;
#1645 = ADVANCED_FACE ( 'NONE', ( #717 ), #3941, .F. ) ;
#1646 = CARTESIAN_POINT ( 'NONE',  ( -13.50077308147396771, -93.83373128146700992, 4.762500000000000178 ) ) ;
#1647 = VECTOR ( 'NONE', #1690, 1000.000000000000000 ) ;
#1648 = ORIENTED_EDGE ( 'NONE', *, *, #2227, .F. ) ;
#1649 = AXIS2_PLACEMENT_3D ( 'NONE', #4626, #977, #2201 ) ;
#1650 = AXIS2_PLACEMENT_3D ( 'NONE', #3742, #2973, #4492 ) ;
#1651 = DIRECTION ( 'NONE',  ( 0.000000000000000000, 0.000000000000000000, 1.000000000000000000 ) ) ;
#1652 = ORIENTED_EDGE ( 'NONE', *, *, #2885, .T. ) ;
#1653 = CARTESIAN_POINT ( 'NONE',  ( -14.27919051316935040, -100.7935747867320941, 0.000000000000000000 ) ) ;
#1654 = CARTESIAN_POINT ( 'NONE',  ( -31.40977308600639262, 18.22244667702062770, 0.000000000000000000 ) ) ;
#1655 = CARTESIAN_POINT ( 'NONE',  ( -75.89674767893403384, -56.80425769042543038, 0.000000000000000000 ) ) ;
#1656 = EDGE_CURVE ( 'NONE', #4535, #1110, #4124, .T. ) ;
#1657 = ORIENTED_EDGE ( 'NONE', *, *, #3730, .T. ) ;
#1658 = DIRECTION ( 'NONE',  ( 1.000000000000000000, 0.000000000000000000, 0.000000000000000000 ) ) ;
#1659 = ORIENTED_EDGE ( 'NONE', *, *, #2773, .F. ) ;
#1660 = FACE_OUTER_BOUND ( 'NONE', #838, .T. ) ;
#1661 = ORIENTED_EDGE ( 'NONE', *, *, #3987, .T. ) ;
#1662 = CARTESIAN_POINT ( 'NONE',  ( 21.97493245514375815, 79.88177288471835880, 4.762500000000000178 ) ) ;
#1663 = CARTESIAN_POINT ( 'NONE',  ( 0.000000000000000000, 0.000000000000000000, 4.762500000000000178 ) ) ;
#1664 = ORIENTED_EDGE ( 'NONE', *, *, #4177, .T. ) ;
#1665 = DIRECTION ( 'NONE',  ( 0.000000000000000000, 0.000000000000000000, 1.000000000000000000 ) ) ;
#1666 = VERTEX_POINT ( 'NONE', #5232 ) ;
#1667 = DIRECTION ( 'NONE',  ( 1.000000000000000000, 0.000000000000000000, 0.000000000000000000 ) ) ;
#1668 = CARTESIAN_POINT ( 'NONE',  ( -100.7935747867323357, 14.27919051316996857, 4.762500000000000178 ) ) ;
#1669 = VERTEX_POINT ( 'NONE', #3223 ) ;
#1670 = EDGE_CURVE ( 'NONE', #5240, #625, #2941, .T. ) ;
#1671 = DIRECTION ( 'NONE',  ( 1.000000000000000000, 0.000000000000000000, 0.000000000000000000 ) ) ;
#1672 = EDGE_LOOP ( 'NONE', ( #2294, #1181, #761, #4455 ) ) ;
#1673 = VECTOR ( 'NONE', #4462, 1000.000000000000000 ) ;
#1674 = AXIS2_PLACEMENT_3D ( 'NONE', #3658, #3265, #3347 ) ;
#1675 = EDGE_CURVE ( 'NONE', #1335, #148, #3966, .T. ) ;
#1676 = AXIS2_PLACEMENT_3D ( 'NONE', #2957, #3384, #4556 ) ;
#1677 = AXIS2_PLACEMENT_3D ( 'NONE', #1195, #3670, #4934 ) ;
#1678 = CIRCLE ( 'NONE', #55, 94.80000000000022453 ) ;
#1679 = LINE ( 'NONE', #1280, #2120 ) ;
#1680 = ORIENTED_EDGE ( 'NONE', *, *, #1347, .T. ) ;
#1681 = CARTESIAN_POINT ( 'NONE',  ( 21.94754193198513192, 80.40441520105659379, 4.762500000000000178 ) ) ;
#1682 = CARTESIAN_POINT ( 'NONE',  ( -1.082168200009695258E-13, 1.938889539019461736E-13, 0.000000000000000000 ) ) ;
#1683 = CARTESIAN_POINT ( 'NONE',  ( -77.49794488735034292, -58.00265975140490582, 0.000000000000000000 ) ) ;
#1684 = ORIENTED_EDGE ( 'NONE', *, *, #2616, .T. ) ;
#1685 = DIRECTION ( 'NONE',  ( 1.000000000000000000, 0.000000000000000000, 0.000000000000000000 ) ) ;
#1686 = CIRCLE ( 'NONE', #4306, 106.8000000000000114 ) ;
#1687 = ORIENTED_EDGE ( 'NONE', *, *, #635, .F. ) ;
#1688 = CYLINDRICAL_SURFACE ( 'NONE', #2737, 12.00806750962217428 ) ;
#1689 = ORIENTED_EDGE ( 'NONE', *, *, #4417, .F. ) ;
#1690 = DIRECTION ( 'NONE',  ( -0.000000000000000000, -0.000000000000000000, 1.000000000000000000 ) ) ;
#1691 = DIRECTION ( 'NONE',  ( 0.000000000000000000, 0.000000000000000000, 1.000000000000000000 ) ) ;
#1692 = VERTEX_POINT ( 'NONE', #291 ) ;
#1693 = CIRCLE ( 'NONE', #1177, 5.000000000000004441 ) ;
#1694 = CARTESIAN_POINT ( 'NONE',  ( 69.50856140126947480, -69.50856140127021376, 0.000000000000000000 ) ) ;
#1695 = VERTEX_POINT ( 'NONE', #1121 ) ;
#1696 = CARTESIAN_POINT ( 'NONE',  ( 77.49794879830378136, -58.00265452593951210, 4.762500000000000178 ) ) ;
#1697 = CARTESIAN_POINT ( 'NONE',  ( 4.652889801852896530E-22, 98.29995023471883542, 4.762500000000000178 ) ) ;
#1698 = VERTEX_POINT ( 'NONE', #1571 ) ;
#1699 = LINE ( 'NONE', #4953, #938 ) ;
#1700 = AXIS2_PLACEMENT_3D ( 'NONE', #4577, #2119, #1245 ) ;
#1701 = EDGE_LOOP ( 'NONE', ( #539, #387, #1984, #1277 ) ) ;
#1702 = CARTESIAN_POINT ( 'NONE',  ( 3.524999999999999911, 98.29995023471883542, 4.762500000000000178 ) ) ;
#1703 = EDGE_CURVE ( 'NONE', #1044, #3094, #1749, .T. ) ;
#1704 = FACE_OUTER_BOUND ( 'NONE', #296, .T. ) ;
#1705 = EDGE_LOOP ( 'NONE', ( #2541, #4562, #4567, #2132, #4468, #3085, #3798 ) ) ;
#1706 = DIRECTION ( 'NONE',  ( -0.000000000000000000, 0.000000000000000000, 1.000000000000000000 ) ) ;
#1707 = DIRECTION ( 'NONE',  ( -0.000000000000000000, -0.000000000000000000, 1.000000000000000000 ) ) ;
#1708 = DIRECTION ( 'NONE',  ( 0.000000000000000000, 0.000000000000000000, 1.000000000000000000 ) ) ;
#1709 = AXIS2_PLACEMENT_3D ( 'NONE', #1866, #4211, #2293 ) ;
#1710 = ADVANCED_FACE ( 'NONE', ( #2743 ), #2770, .T. ) ;
#1711 = DIRECTION ( 'NONE',  ( -1.000000000000000000, 0.000000000000000000, 0.000000000000000000 ) ) ;
#1712 = ORIENTED_EDGE ( 'NONE', *, *, #2382, .F. ) ;
#1713 = DIRECTION ( 'NONE',  ( 1.000000000000000000, 0.000000000000000000, 0.000000000000000000 ) ) ;
#1714 = VERTEX_POINT ( 'NONE', #1198 ) ;
#1715 = DIRECTION ( 'NONE',  ( 0.000000000000000000, 0.000000000000000000, 1.000000000000000000 ) ) ;
#1716 = CARTESIAN_POINT ( 'NONE',  ( 100.7935747867323215, 14.27919051316785648, 0.000000000000000000 ) ) ;
#1717 = EDGE_CURVE ( 'NONE', #2421, #2341, #2513, .T. ) ;
#1718 = VERTEX_POINT ( 'NONE', #3170 ) ;
#1719 = DIRECTION ( 'NONE',  ( -0.000000000000000000, -0.000000000000000000, 1.000000000000000000 ) ) ;
#1720 = VERTEX_POINT ( 'NONE', #5285 ) ;
#1721 = DIRECTION ( 'NONE',  ( -0.000000000000000000, 0.000000000000000000, 1.000000000000000000 ) ) ;
#1722 = DIRECTION ( 'NONE',  ( -0.000000000000000000, -0.000000000000000000, 1.000000000000000000 ) ) ;
#1723 = CIRCLE ( 'NONE', #4701, 6.874999999999919176 ) ;
#1724 = VERTEX_POINT ( 'NONE', #4447 ) ;
#1725 = CARTESIAN_POINT ( 'NONE',  ( -6.864248841727479887E-13, -98.29995023471883542, 4.762500000000000178 ) ) ;
#1726 = EDGE_LOOP ( 'NONE', ( #92, #4541, #2217, #4411, #3400, #2488, #4598, #2562, #4225 ) ) ;
#1727 = CARTESIAN_POINT ( 'NONE',  ( -1.082168200009695258E-13, 1.938889539019461736E-13, 0.000000000000000000 ) ) ;
#1728 = AXIS2_PLACEMENT_3D ( 'NONE', #5108, #173, #1452 ) ;
#1729 = AXIS2_PLACEMENT_3D ( 'NONE', #451, #2073, #4987 ) ;
#1730 = DIRECTION ( 'NONE',  ( -0.000000000000000000, 0.000000000000000000, 1.000000000000000000 ) ) ;
#1731 = EDGE_LOOP ( 'NONE', ( #2364, #4353, #476, #4440 ) ) ;
#1732 = LINE ( 'NONE', #936, #3005 ) ;
#1733 = CARTESIAN_POINT ( 'NONE',  ( 0.2928228701318292826, -0.6576909345562538256, 0.000000000000000000 ) ) ;
#1734 = EDGE_CURVE ( 'NONE', #3662, #1461, #2681, .T. ) ;
#1735 = AXIS2_PLACEMENT_3D ( 'NONE', #2919, #63, #4599 ) ;
#1736 = DIRECTION ( 'NONE',  ( -0.000000000000000000, -0.000000000000000000, 1.000000000000000000 ) ) ;
#1737 = ORIENTED_EDGE ( 'NONE', *, *, #1273, .T. ) ;
#1738 = CARTESIAN_POINT ( 'NONE',  ( -14.27919051316787247, 100.7935747867327052, 4.762500000000000178 ) ) ;
#1739 = ORIENTED_EDGE ( 'NONE', *, *, #428, .F. ) ;
#1740 = DIRECTION ( 'NONE',  ( 1.000000000000000000, 0.000000000000000000, 0.000000000000000000 ) ) ;
#1741 = CARTESIAN_POINT ( 'NONE',  ( -69.50856140126900584, 69.50856140127069693, 4.762500000000000178 ) ) ;
#1742 = VERTEX_POINT ( 'NONE', #2023 ) ;
#1743 = ADVANCED_FACE ( 'NONE', ( #3645 ), #4799, .F. ) ;
#1744 = CARTESIAN_POINT ( 'NONE',  ( -6.864248841727479887E-13, -98.29995023471883542, 0.000000000000000000 ) ) ;
#1745 = ORIENTED_EDGE ( 'NONE', *, *, #4602, .F. ) ;
#1746 = CARTESIAN_POINT ( 'NONE',  ( 61.33476159500217051, 78.30481188895214473, 4.762500000000000178 ) ) ;
#1747 = FACE_OUTER_BOUND ( 'NONE', #1881, .T. ) ;
#1748 = ORIENTED_EDGE ( 'NONE', *, *, #1256, .T. ) ;
#1749 = CIRCLE ( 'NONE', #3535, 3.524999999999986589 ) ;
#1750 = CARTESIAN_POINT ( 'NONE',  ( 0.4231656220986075856, 0.5824375116214691728, 4.762500000000000178 ) ) ;
#1751 = ORIENTED_EDGE ( 'NONE', *, *, #2694, .F. ) ;
#1752 = LINE ( 'NONE', #930, #3958 ) ;
#1753 = EDGE_CURVE ( 'NONE', #4067, #1582, #4984, .T. ) ;
#1754 = EDGE_CURVE ( 'NONE', #4279, #1025, #3310, .T. ) ;
#1755 = FACE_OUTER_BOUND ( 'NONE', #423, .T. ) ;
#1756 = VECTOR ( 'NONE', #1034, 1000.000000000000000 ) ;
#1757 = VERTEX_POINT ( 'NONE', #1655 ) ;
#1758 = DIRECTION ( 'NONE',  ( 1.000000000000000000, 0.000000000000000000, 0.000000000000000000 ) ) ;
#1759 = DIRECTION ( 'NONE',  ( -1.000000000000000000, 0.000000000000000000, 0.000000000000000000 ) ) ;
#1760 = CIRCLE ( 'NONE', #3034, 2.000000000000001776 ) ;
#1761 = AXIS2_PLACEMENT_3D ( 'NONE', #4988, #3010, #4638 ) ;
#1762 = AXIS2_PLACEMENT_3D ( 'NONE', #1400, #547, #2169 ) ;
#1763 = DIRECTION ( 'NONE',  ( 0.000000000000000000, 0.000000000000000000, 1.000000000000000000 ) ) ;
#1764 = ORIENTED_EDGE ( 'NONE', *, *, #5037, .F. ) ;
#1765 = AXIS2_PLACEMENT_3D ( 'NONE', #1823, #5077, #2648 ) ;
#1766 = DIRECTION ( 'NONE',  ( 0.000000000000000000, 0.000000000000000000, 1.000000000000000000 ) ) ;
#1767 = EDGE_CURVE ( 'NONE', #2560, #2081, #3787, .T. ) ;
#1768 = ORIENTED_EDGE ( 'NONE', *, *, #4586, .F. ) ;
#1769 = LINE ( 'NONE', #2668, #2597 ) ;
#1770 = DIRECTION ( 'NONE',  ( 1.000000000000000000, 0.000000000000000000, 0.000000000000000000 ) ) ;
#1771 = EDGE_CURVE ( 'NONE', #3201, #4387, #3282, .T. ) ;
#1772 = EDGE_LOOP ( 'NONE', ( #3936, #4875, #4289, #3598 ) ) ;
#1773 = ADVANCED_FACE ( 'NONE', ( #4103 ), #832, .F. ) ;
#1774 = CIRCLE ( 'NONE', #1348, 89.80000000000001137 ) ;
#1775 = FACE_OUTER_BOUND ( 'NONE', #3050, .T. ) ;
#1776 = EDGE_LOOP ( 'NONE', ( #4116, #5243, #4133, #3312 ) ) ;
#1777 = DIRECTION ( 'NONE',  ( 1.000000000000000000, 0.000000000000000000, 0.000000000000000000 ) ) ;
#1778 = DIRECTION ( 'NONE',  ( -1.000000000000000000, 0.000000000000000000, 0.000000000000000000 ) ) ;
#1779 = ORIENTED_EDGE ( 'NONE', *, *, #4879, .F. ) ;
#1780 = CIRCLE ( 'NONE', #2024, 3.525000000000000355 ) ;
#1781 = CARTESIAN_POINT ( 'NONE',  ( 98.29995023471882121, -3.432124423190184911E-13, 4.762500000000000178 ) ) ;
#1782 = ORIENTED_EDGE ( 'NONE', *, *, #1602, .T. ) ;
#1783 = DIRECTION ( 'NONE',  ( -0.000000000000000000, -0.000000000000000000, 1.000000000000000000 ) ) ;
#1784 = CIRCLE ( 'NONE', #4758, 2.000000000000013767 ) ;
#1785 = EDGE_CURVE ( 'NONE', #1184, #4814, #2075, .T. ) ;
#1786 = EDGE_CURVE ( 'NONE', #616, #2442, #208, .T. ) ;
#1787 = DIRECTION ( 'NONE',  ( 1.000000000000000000, 0.000000000000000000, 0.000000000000000000 ) ) ;
#1788 = VERTEX_POINT ( 'NONE', #4076 ) ;
#1789 = DIRECTION ( 'NONE',  ( 0.000000000000000000, -0.000000000000000000, -1.000000000000000000 ) ) ;
#1790 = DIRECTION ( 'NONE',  ( -0.000000000000000000, -0.000000000000000000, -1.000000000000000000 ) ) ;
#1791 = AXIS2_PLACEMENT_3D ( 'NONE', #1618, #3239, #3693 ) ;
#1792 = CARTESIAN_POINT ( 'NONE',  ( 100.8133473842424337, -13.99865631841085190, 0.000000000000000000 ) ) ;
#1793 = ORIENTED_EDGE ( 'NONE', *, *, #3498, .F. ) ;
#1794 = CARTESIAN_POINT ( 'NONE',  ( -77.49794488734934816, 58.00265975140663954, 4.762500000000000178 ) ) ;
#1795 = ORIENTED_EDGE ( 'NONE', *, *, #1632, .F. ) ;
#1796 = DIRECTION ( 'NONE',  ( -0.000000000000000000, -0.000000000000000000, 1.000000000000000000 ) ) ;
#1797 = DIRECTION ( 'NONE',  ( -0.000000000000000000, 0.000000000000000000, 1.000000000000000000 ) ) ;
#1798 = ORIENTED_EDGE ( 'NONE', *, *, #5145, .F. ) ;
#1799 = EDGE_CURVE ( 'NONE', #887, #739, #5241, .T. ) ;
#1800 = CYLINDRICAL_SURFACE ( 'NONE', #393, 94.80000000000021032 ) ;
#1801 = DIRECTION ( 'NONE',  ( -0.000000000000000000, -0.000000000000000000, 1.000000000000000000 ) ) ;
#1802 = ORIENTED_EDGE ( 'NONE', *, *, #879, .F. ) ;
#1803 = CARTESIAN_POINT ( 'NONE',  ( -0.7939084701227995255, 6.829006834164759177, 0.000000000000000000 ) ) ;
#1804 = DIRECTION ( 'NONE',  ( -1.000000000000000000, 0.000000000000000000, 0.000000000000000000 ) ) ;
#1805 = DIRECTION ( 'NONE',  ( 1.000000000000000000, 0.000000000000000000, 0.000000000000000000 ) ) ;
#1806 = CARTESIAN_POINT ( 'NONE',  ( 59.97333599587670250, 79.76991268345260266, 0.000000000000000000 ) ) ;
#1807 = DIRECTION ( 'NONE',  ( 0.000000000000000000, -0.000000000000000000, -1.000000000000000000 ) ) ;
#1808 = EDGE_CURVE ( 'NONE', #2560, #3445, #639, .T. ) ;
#1809 = DIRECTION ( 'NONE',  ( 1.000000000000000000, 0.000000000000000000, 0.000000000000000000 ) ) ;
#1810 = ORIENTED_EDGE ( 'NONE', *, *, #3077, .T. ) ;
#1811 = LINE ( 'NONE', #1016, #2093 ) ;
#1812 = CIRCLE ( 'NONE', #2497, 12.00771944335239638 ) ;
#1813 = LINE ( 'NONE', #4288, #2866 ) ;
#1814 = ORIENTED_EDGE ( 'NONE', *, *, #4586, .T. ) ;
#1815 = CARTESIAN_POINT ( 'NONE',  ( 98.74004717360737970, 11.99999999999999822, 4.762500000000000178 ) ) ;
#1816 = ORIENTED_EDGE ( 'NONE', *, *, #2043, .T. ) ;
#1817 = CIRCLE ( 'NONE', #540, 2.000000000000001776 ) ;
#1818 = DIRECTION ( 'NONE',  ( -0.000000000000000000, -0.000000000000000000, -1.000000000000000000 ) ) ;
#1819 = DIRECTION ( 'NONE',  ( -0.000000000000000000, -0.000000000000000000, -1.000000000000000000 ) ) ;
#1820 = ORIENTED_EDGE ( 'NONE', *, *, #3438, .T. ) ;
#1821 = EDGE_CURVE ( 'NONE', #2958, #4929, #1329, .T. ) ;
#1822 = DIRECTION ( 'NONE',  ( -0.000000000000000000, -0.000000000000000000, -1.000000000000000000 ) ) ;
#1823 = CARTESIAN_POINT ( 'NONE',  ( 0.000000000000000000, 0.000000000000000000, 0.000000000000000000 ) ) ;
#1824 = ORIENTED_EDGE ( 'NONE', *, *, #1734, .F. ) ;
#1825 =( NAMED_UNIT ( * ) PLANE_ANGLE_UNIT ( ) SI_UNIT ( $, .RADIAN. ) );
#1826 = LINE ( 'NONE', #3899, #889 ) ;
#1827 = FACE_BOUND ( 'NONE', #1633, .T. ) ;
#1828 = ADVANCED_FACE ( 'NONE', ( #860 ), #2478, .F. ) ;
#1829 = DIRECTION ( 'NONE',  ( -0.000000000000000000, -0.000000000000000000, -1.000000000000000000 ) ) ;
#1830 = EDGE_LOOP ( 'NONE', ( #1356, #2907, #2593, #1346 ) ) ;
#1831 = CARTESIAN_POINT ( 'NONE',  ( 4.652889801852896530E-22, 98.29995023471883542, 4.762500000000000178 ) ) ;
#1832 = AXIS2_PLACEMENT_3D ( 'NONE', #670, #1797, #3496 ) ;
#1833 = EDGE_CURVE ( 'NONE', #2234, #1960, #3302, .T. ) ;
#1834 = ADVANCED_FACE ( 'NONE', ( #3073 ), #4246, .F. ) ;
#1835 = CYLINDRICAL_SURFACE ( 'NONE', #510, 12.00770693825414881 ) ;
#1836 = VERTEX_POINT ( 'NONE', #2672 ) ;
#1837 = CARTESIAN_POINT ( 'NONE',  ( -98.74004717360750760, -11.99999999999999822, 0.000000000000000000 ) ) ;
#1838 = EDGE_CURVE ( 'NONE', #4096, #490, #2189, .T. ) ;
#1839 = DIRECTION ( 'NONE',  ( 1.000000000000000000, 0.000000000000000000, 0.000000000000000000 ) ) ;
#1840 = ORIENTED_EDGE ( 'NONE', *, *, #5287, .T. ) ;
#1841 = CARTESIAN_POINT ( 'NONE',  ( -98.29995023471883542, 1.029637326026477537E-12, 0.000000000000000000 ) ) ;
#1842 = ORIENTED_EDGE ( 'NONE', *, *, #3099, .T. ) ;
#1843 = CARTESIAN_POINT ( 'NONE',  ( 100.7935747867322505, -14.27919051316860788, 0.000000000000000000 ) ) ;
#1844 = DIRECTION ( 'NONE',  ( 0.000000000000000000, 0.000000000000000000, 1.000000000000000000 ) ) ;
#1845 = AXIS2_PLACEMENT_3D ( 'NONE', #509, #2126, #1759 ) ;
#1846 = CIRCLE ( 'NONE', #5252, 94.80000000000021032 ) ;
#1847 = EDGE_LOOP ( 'NONE', ( #3251, #1294, #2851, #2699, #3082, #1252, #1447, #433, #784 ) ) ;
#1848 = CIRCLE ( 'NONE', #1341, 2.000000000000008882 ) ;
#1849 = CARTESIAN_POINT ( 'NONE',  ( -1.082168200009695258E-13, 1.938889539019461736E-13, 4.762500000000000178 ) ) ;
#1850 = LINE ( 'NONE', #2277, #2619 ) ;
#1851 = ORIENTED_EDGE ( 'NONE', *, *, #1656, .T. ) ;
#1852 = DIRECTION ( 'NONE',  ( -0.000000000000000000, -0.000000000000000000, 1.000000000000000000 ) ) ;
#1853 = CARTESIAN_POINT ( 'NONE',  ( 31.48598828441583208, 18.09043808107851703, 4.762500000000000178 ) ) ;
#1854 = DIRECTION ( 'NONE',  ( 1.000000000000000000, 0.000000000000000000, 0.000000000000000000 ) ) ;
#1855 = DIRECTION ( 'NONE',  ( 0.000000000000000000, 0.000000000000000000, 1.000000000000000000 ) ) ;
#1856 = EDGE_LOOP ( 'NONE', ( #3826, #940 ) ) ;
#1857 = LINE ( 'NONE', #2235, #321 ) ;
#1858 = VECTOR ( 'NONE', #2039, 1000.000000000000000 ) ;
#1859 = DIRECTION ( 'NONE',  ( -0.000000000000000000, -0.000000000000000000, 1.000000000000000000 ) ) ;
#1860 = VECTOR ( 'NONE', #4594, 1000.000000000000000 ) ;
#1861 = EDGE_LOOP ( 'NONE', ( #4477, #3466, #954, #3735 ) ) ;
#1862 = FACE_OUTER_BOUND ( 'NONE', #2517, .T. ) ;
#1863 = AXIS2_PLACEMENT_3D ( 'NONE', #5115, #5142, #1434 ) ;
#1864 = DIRECTION ( 'NONE',  ( 0.000000000000000000, 0.000000000000000000, 1.000000000000000000 ) ) ;
#1865 = VERTEX_POINT ( 'NONE', #3524 ) ;
#1866 = CARTESIAN_POINT ( 'NONE',  ( 13.78559951779067028, 95.81334586546472565, 4.762500000000000178 ) ) ;
#1867 = VERTEX_POINT ( 'NONE', #217 ) ;
#1868 = AXIS2_PLACEMENT_3D ( 'NONE', #2211, #3834, #1809 ) ;
#1869 = FACE_OUTER_BOUND ( 'NONE', #2870, .T. ) ;
#1870 = DIRECTION ( 'NONE',  ( -1.000000000000000000, 0.000000000000000000, 0.000000000000000000 ) ) ;
#1871 = ORIENTED_EDGE ( 'NONE', *, *, #4097, .T. ) ;
#1872 = ADVANCED_FACE ( 'NONE', ( #1875 ), #2198, .F. ) ;
#1873 = EDGE_CURVE ( 'NONE', #811, #3666, #1850, .T. ) ;
#1874 = CARTESIAN_POINT ( 'NONE',  ( 14.27919051316786536, 100.7935747867326199, 4.762500000000000178 ) ) ;
#1875 = FACE_OUTER_BOUND ( 'NONE', #3765, .T. ) ;
#1876 = ORIENTED_EDGE ( 'NONE', *, *, #823, .F. ) ;
#1877 = CARTESIAN_POINT ( 'NONE',  ( 11.81736235612325814, -96.16837047789522330, 0.000000000000000000 ) ) ;
#1878 = DIRECTION ( 'NONE',  ( -0.000000000000000000, -0.000000000000000000, -1.000000000000000000 ) ) ;
#1879 = DIRECTION ( 'NONE',  ( -0.000000000000000000, 0.000000000000000000, 1.000000000000000000 ) ) ;
#1880 = CARTESIAN_POINT ( 'NONE',  ( 0.2928228701318292826, -0.6576909345562538256, 4.762500000000000178 ) ) ;
#1881 = EDGE_LOOP ( 'NONE', ( #2360, #5006, #1353, #4606 ) ) ;
#1882 = DIRECTION ( 'NONE',  ( 1.000000000000000000, 0.000000000000000000, 0.000000000000000000 ) ) ;
#1883 = AXIS2_PLACEMENT_3D ( 'NONE', #2162, #432, #3783 ) ;
#1884 = LINE ( 'NONE', #1014, #3484 ) ;
#1885 = EDGE_LOOP ( 'NONE', ( #2566, #116, #2194, #853, #3840, #73, #3136 ) ) ;
#1886 = CIRCLE ( 'NONE', #5127, 12.00770693825414881 ) ;
#1887 = FACE_OUTER_BOUND ( 'NONE', #2407, .T. ) ;
#1888 = ADVANCED_FACE ( 'NONE', ( #170 ), #4270, .F. ) ;
#1889 = ORIENTED_EDGE ( 'NONE', *, *, #3277, .F. ) ;
#1890 = DIRECTION ( 'NONE',  ( 1.000000000000000000, 0.000000000000000000, 0.000000000000000000 ) ) ;
#1891 = ORIENTED_EDGE ( 'NONE', *, *, #1221, .T. ) ;
#1892 = DIRECTION ( 'NONE',  ( -0.000000000000000000, 0.000000000000000000, 1.000000000000000000 ) ) ;
#1893 = ORIENTED_EDGE ( 'NONE', *, *, #2496, .T. ) ;
#1894 = VECTOR ( 'NONE', #2452, 1000.000000000000000 ) ;
#1895 = CARTESIAN_POINT ( 'NONE',  ( -0.4231656220964781223, -0.5824375116185390722, 4.762500000000000178 ) ) ;
#1896 = DIRECTION ( 'NONE',  ( -1.000000000000000000, 0.000000000000000000, 0.000000000000000000 ) ) ;
#1897 = AXIS2_PLACEMENT_3D ( 'NONE', #5234, #3197, #3969 ) ;
#1898 = VERTEX_POINT ( 'NONE', #1473 ) ;
#1899 = DIRECTION ( 'NONE',  ( -0.000000000000000000, 0.000000000000000000, 1.000000000000000000 ) ) ;
#1900 = CARTESIAN_POINT ( 'NONE',  ( 31.40977308601330265, -18.22244667702121035, 4.762500000000000178 ) ) ;
#1901 = FACE_BOUND ( 'NONE', #3274, .T. ) ;
#1902 = AXIS2_PLACEMENT_3D ( 'NONE', #4756, #1878, #1030 ) ;
#1903 = AXIS2_PLACEMENT_3D ( 'NONE', #1696, #2947, #2063 ) ;
#1904 = DIRECTION ( 'NONE',  ( -1.000000000000000000, 0.000000000000000000, 0.000000000000000000 ) ) ;
#1905 = EDGE_LOOP ( 'NONE', ( #4001, #2763, #4104, #4722 ) ) ;
#1906 = DIRECTION ( 'NONE',  ( -0.000000000000000000, 0.000000000000000000, 1.000000000000000000 ) ) ;
#1907 = CIRCLE ( 'NONE', #3949, 101.7999999999998124 ) ;
#1908 = DIRECTION ( 'NONE',  ( 1.000000000000000000, 0.000000000000000000, 0.000000000000000000 ) ) ;
#1909 = ORIENTED_EDGE ( 'NONE', *, *, #1734, .T. ) ;
#1910 = EDGE_CURVE ( 'NONE', #910, #2374, #831, .T. ) ;
#1911 = FACE_OUTER_BOUND ( 'NONE', #4845, .T. ) ;
#1912 = ORIENTED_EDGE ( 'NONE', *, *, #727, .T. ) ;
#1913 = LINE ( 'NONE', #1119, #2389 ) ;
#1914 = ORIENTED_EDGE ( 'NONE', *, *, #2095, .T. ) ;
#1915 = DIRECTION ( 'NONE',  ( -1.000000000000000000, 0.000000000000000000, 0.000000000000000000 ) ) ;
#1916 = DIRECTION ( 'NONE',  ( -0.000000000000000000, 0.000000000000000000, 1.000000000000000000 ) ) ;
#1917 = ORIENTED_EDGE ( 'NONE', *, *, #4699, .T. ) ;
#1918 = AXIS2_PLACEMENT_3D ( 'NONE', #4955, #3644, #5010 ) ;
#1919 = CIRCLE ( 'NONE', #4909, 3.000000000000002665 ) ;
#1920 = CARTESIAN_POINT ( 'NONE',  ( -96.16837047789528015, 11.81736235612533825, 0.000000000000000000 ) ) ;
#1921 = EDGE_CURVE ( 'NONE', #2684, #1757, #1257, .T. ) ;
#1922 = CIRCLE ( 'NONE', #822, 89.80000000000001137 ) ;
#1923 = ORIENTED_EDGE ( 'NONE', *, *, #1448, .T. ) ;
#1924 = CARTESIAN_POINT ( 'NONE',  ( 0.000000000000000000, 0.000000000000000000, 0.000000000000000000 ) ) ;
#1925 = DIRECTION ( 'NONE',  ( -0.000000000000000000, -0.000000000000000000, -1.000000000000000000 ) ) ;
#1926 = EDGE_CURVE ( 'NONE', #4532, #3445, #3804, .T. ) ;
#1927 = ORIENTED_EDGE ( 'NONE', *, *, #5073, .F. ) ;
#1928 = AXIS2_PLACEMENT_3D ( 'NONE', #4011, #769, #2395 ) ;
#1929 = CIRCLE ( 'NONE', #3123, 3.524999999999998579 ) ;
#1930 = CIRCLE ( 'NONE', #2357, 3.525000000000000355 ) ;
#1931 = DIRECTION ( 'NONE',  ( -0.000000000000000000, -0.000000000000000000, 1.000000000000000000 ) ) ;
#1932 = ORIENTED_EDGE ( 'NONE', *, *, #2481, .T. ) ;
#1933 = AXIS2_PLACEMENT_3D ( 'NONE', #3653, #3570, #3945 ) ;
#1934 = CARTESIAN_POINT ( 'NONE',  ( 61.97333599587670960, 79.76991268345260266, 0.000000000000000000 ) ) ;
#1935 = EDGE_CURVE ( 'NONE', #4973, #849, #740, .T. ) ;
#1936 = DIRECTION ( 'NONE',  ( 0.000000000000000000, 0.000000000000000000, 1.000000000000000000 ) ) ;
#1937 = EDGE_CURVE ( 'NONE', #4710, #942, #2599, .T. ) ;
#1938 = ORIENTED_EDGE ( 'NONE', *, *, #3663, .F. ) ;
#1939 = EDGE_CURVE ( 'NONE', #490, #2442, #2251, .T. ) ;
#1940 = EDGE_LOOP ( 'NONE', ( #135, #2434, #4849, #2479 ) ) ;
#1941 = CIRCLE ( 'NONE', #4496, 1.999999999999988010 ) ;
#1942 = DIRECTION ( 'NONE',  ( -0.000000000000000000, 0.000000000000000000, 1.000000000000000000 ) ) ;
#1943 = ORIENTED_EDGE ( 'NONE', *, *, #4827, .T. ) ;
#1944 = DIRECTION ( 'NONE',  ( 0.8090169943749511150, 0.5877852522924681411, 0.000000000000000000 ) ) ;
#1945 = CARTESIAN_POINT ( 'NONE',  ( -1.082168200009695258E-13, 1.938889539019461736E-13, 0.000000000000000000 ) ) ;
#1946 = DIRECTION ( 'NONE',  ( -0.9945218953682740670, -0.1045284632676470316, 0.000000000000000000 ) ) ;
#1947 = EDGE_LOOP ( 'NONE', ( #4356, #210, #3216, #3522 ) ) ;
#1948 = DIRECTION ( 'NONE',  ( -0.000000000000000000, -0.000000000000000000, -1.000000000000000000 ) ) ;
#1949 = AXIS2_PLACEMENT_3D ( 'NONE', #2550, #4170, #2951 ) ;
#1950 = FACE_BOUND ( 'NONE', #882, .T. ) ;
#1951 = ORIENTED_EDGE ( 'NONE', *, *, #810, .F. ) ;
#1952 = CARTESIAN_POINT ( 'NONE',  ( -1.082168200009695258E-13, 1.938889539019461736E-13, 0.000000000000000000 ) ) ;
#1953 = DIRECTION ( 'NONE',  ( -0.000000000000000000, 0.000000000000000000, 1.000000000000000000 ) ) ;
#1954 = ORIENTED_EDGE ( 'NONE', *, *, #1256, .F. ) ;
#1955 = DIRECTION ( 'NONE',  ( 1.000000000000000000, 0.000000000000000000, 0.000000000000000000 ) ) ;
#1956 = ORIENTED_EDGE ( 'NONE', *, *, #3298, .T. ) ;
#1957 = ADVANCED_FACE ( 'NONE', ( #3872 ), #1450, .F. ) ;
#1958 = DIRECTION ( 'NONE',  ( -0.000000000000000000, 0.000000000000000000, 1.000000000000000000 ) ) ;
#1959 = CARTESIAN_POINT ( 'NONE',  ( -59.64545493362190598, 76.35723283372630021, 4.762500000000000178 ) ) ;
#1960 = VERTEX_POINT ( 'NONE', #1052 ) ;
#1961 = CARTESIAN_POINT ( 'NONE',  ( 69.50856140126998639, 69.50856140126973060, 0.000000000000000000 ) ) ;
#1962 = ORIENTED_EDGE ( 'NONE', *, *, #1120, .F. ) ;
#1963 = ORIENTED_EDGE ( 'NONE', *, *, #4069, .T. ) ;
#1964 = ADVANCED_FACE ( 'NONE', ( #649 ), #3897, .T. ) ;
#1965 = DIRECTION ( 'NONE',  ( -0.000000000000000000, -0.000000000000000000, 1.000000000000000000 ) ) ;
#1966 = ORIENTED_EDGE ( 'NONE', *, *, #500, .F. ) ;
#1967 = DIRECTION ( 'NONE',  ( -0.9135454576425979800, -0.4067366430758067586, 0.000000000000000000 ) ) ;
#1968 = DIRECTION ( 'NONE',  ( -0.000000000000000000, -0.000000000000000000, -1.000000000000000000 ) ) ;
#1969 = DIRECTION ( 'NONE',  ( -1.000000000000000000, 0.000000000000000000, 0.000000000000000000 ) ) ;
#1970 = ORIENTED_EDGE ( 'NONE', *, *, #5287, .F. ) ;
#1971 = CARTESIAN_POINT ( 'NONE',  ( 100.8133473842424337, -13.99865631841085190, 0.000000000000000000 ) ) ;
#1972 = FACE_BOUND ( 'NONE', #646, .T. ) ;
#1973 = VERTEX_POINT ( 'NONE', #1075 ) ;
#1974 = CARTESIAN_POINT ( 'NONE',  ( 96.16837047789535120, 11.81736235612327945, 0.000000000000000000 ) ) ;
#1975 = LINE ( 'NONE', #3203, #4327 ) ;
#1976 = VERTEX_POINT ( 'NONE', #2698 ) ;
#1977 = ADVANCED_FACE ( 'NONE', ( #3422 ), #191, .F. ) ;
#1978 = AXIS2_PLACEMENT_3D ( 'NONE', #924, #5131, #2700 ) ;
#1979 = AXIS2_PLACEMENT_3D ( 'NONE', #4558, #1706, #2903 ) ;
#1980 = DIRECTION ( 'NONE',  ( 0.000000000000000000, 0.000000000000000000, 1.000000000000000000 ) ) ;
#1981 = ORIENTED_EDGE ( 'NONE', *, *, #4320, .T. ) ;
#1982 = LINE ( 'NONE', #4717, #2608 ) ;
#1983 = CYLINDRICAL_SURFACE ( 'NONE', #409, 3.000000000000002665 ) ;
#1984 = ORIENTED_EDGE ( 'NONE', *, *, #2447, .T. ) ;
#1985 = DIRECTION ( 'NONE',  ( 1.000000000000000000, 0.000000000000000000, 0.000000000000000000 ) ) ;
#1986 = EDGE_CURVE ( 'NONE', #5236, #2483, #5088, .T. ) ;
#1987 = EDGE_CURVE ( 'NONE', #1788, #2417, #313, .T. ) ;
#1988 = EDGE_LOOP ( 'NONE', ( #3192, #2628, #184, #3542 ) ) ;
#1989 = EDGE_CURVE ( 'NONE', #921, #764, #3621, .T. ) ;
#1990 = EDGE_CURVE ( 'NONE', #3266, #3626, #1201, .T. ) ;
#1991 = FACE_OUTER_BOUND ( 'NONE', #3209, .T. ) ;
#1992 = VERTEX_POINT ( 'NONE', #1525 ) ;
#1993 = DIRECTION ( 'NONE',  ( -1.000000000000000000, 0.000000000000000000, 0.000000000000000000 ) ) ;
#1994 = CARTESIAN_POINT ( 'NONE',  ( 61.97332584122749211, -79.76992031801138694, 0.000000000000000000 ) ) ;
#1995 = DIRECTION ( 'NONE',  ( 0.000000000000000000, 0.000000000000000000, 1.000000000000000000 ) ) ;
#1996 = EDGE_CURVE ( 'NONE', #1867, #3814, #1125, .T. ) ;
#1997 = CARTESIAN_POINT ( 'NONE',  ( 69.50856140126998639, 69.50856140126973060, 0.000000000000000000 ) ) ;
#1998 = DIRECTION ( 'NONE',  ( 1.000000000000000000, 0.000000000000000000, 0.000000000000000000 ) ) ;
#1999 = VERTEX_POINT ( 'NONE', #5184 ) ;
#2000 = CIRCLE ( 'NONE', #4809, 12.00771292053051731 ) ;
#2001 = PLANE ( 'NONE',  #1897 ) ;
#2002 = DIRECTION ( 'NONE',  ( 0.000000000000000000, 0.000000000000000000, 1.000000000000000000 ) ) ;
#2003 = ORIENTED_EDGE ( 'NONE', *, *, #1060, .F. ) ;
#2004 = CARTESIAN_POINT ( 'NONE',  ( 0.9919820095244721303, 6.803057892799465378, 4.762500000000000178 ) ) ;
#2005 = DIRECTION ( 'NONE',  ( 0.9135454576425979800, 0.4067366430758067031, 0.000000000000000000 ) ) ;
#2006 = ORIENTED_EDGE ( 'NONE', *, *, #1717, .F. ) ;
#2007 = VECTOR ( 'NONE', #2807, 1000.000000000000000 ) ;
#2008 = CARTESIAN_POINT ( 'NONE',  ( -61.17520150151159442, 81.36851185347731530, 0.000000000000000000 ) ) ;
#2009 = ORIENTED_EDGE ( 'NONE', *, *, #1838, .T. ) ;
#2010 = FACE_OUTER_BOUND ( 'NONE', #1394, .T. ) ;
#2011 = DIRECTION ( 'NONE',  ( 1.000000000000000000, 2.775557561562890957E-15, 0.000000000000000000 ) ) ;
#2012 = ORIENTED_EDGE ( 'NONE', *, *, #1771, .T. ) ;
#2013 = CARTESIAN_POINT ( 'NONE',  ( 76.04459609872823478, -47.76253138372468499, 4.762500000000000178 ) ) ;
#2014 = ORIENTED_EDGE ( 'NONE', *, *, #3298, .F. ) ;
#2015 = VERTEX_POINT ( 'NONE', #323 ) ;
#2016 = AXIS2_PLACEMENT_3D ( 'NONE', #305, #1086, #227 ) ;
#2017 = ADVANCED_FACE ( 'NONE', ( #1950, #3152, #3594, #5289, #4803, #4052, #2827, #2750, #777, #375, #3549, #750, #3996, #347, #2403, #4856, #4397, #4021, #1576, #2027, #4422, #2430, #722, #1972 ), #3229, .F. ) ;
#2018 = DIRECTION ( 'NONE',  ( 0.000000000000000000, -0.000000000000000000, -1.000000000000000000 ) ) ;
#2019 = EDGE_LOOP ( 'NONE', ( #5264, #916 ) ) ;
#2020 = CARTESIAN_POINT ( 'NONE',  ( -3.155228086120867914, -84.74127999814818679, 4.762500000000000178 ) ) ;
#2021 = DIRECTION ( 'NONE',  ( 1.000000000000000000, 0.000000000000000000, 0.000000000000000000 ) ) ;
#2022 = FACE_OUTER_BOUND ( 'NONE', #747, .T. ) ;
#2023 = CARTESIAN_POINT ( 'NONE',  ( 100.7935747867323215, 14.27919051316785648, 0.000000000000000000 ) ) ;
#2024 = AXIS2_PLACEMENT_3D ( 'NONE', #4711, #1906, #5165 ) ;
#2025 = ORIENTED_EDGE ( 'NONE', *, *, #4547, .F. ) ;
#2026 = DIRECTION ( 'NONE',  ( 1.000000000000000000, 0.000000000000000000, 0.000000000000000000 ) ) ;
#2027 = FACE_BOUND ( 'NONE', #4582, .T. ) ;
#2028 = CIRCLE ( 'NONE', #4842, 12.00806750962149572 ) ;
#2029 = EDGE_LOOP ( 'NONE', ( #4341, #3128, #862, #3986 ) ) ;
#2030 = CARTESIAN_POINT ( 'NONE',  ( 101.8249502347188269, -3.427807543223190567E-13, 4.762500000000000178 ) ) ;
#2031 = DIRECTION ( 'NONE',  ( 0.000000000000000000, 0.000000000000000000, 1.000000000000000000 ) ) ;
#2032 = VERTEX_POINT ( 'NONE', #2776 ) ;
#2033 = EDGE_CURVE ( 'NONE', #4347, #5188, #4390, .T. ) ;
#2034 = EDGE_CURVE ( 'NONE', #44, #1718, #3206, .T. ) ;
#2035 = VECTOR ( 'NONE', #2338, 1000.000000000000000 ) ;
#2036 = CARTESIAN_POINT ( 'NONE',  ( -11.78559951779067561, 95.81334586546475407, 0.000000000000000000 ) ) ;
#2037 = EDGE_LOOP ( 'NONE', ( #875, #1661, #3595, #3993, #2378, #1594, #3633 ) ) ;
#2038 = CARTESIAN_POINT ( 'NONE',  ( -78.30481564546118989, -61.33475684932211891, 0.000000000000000000 ) ) ;
#2039 = DIRECTION ( 'NONE',  ( -0.000000000000000000, -0.000000000000000000, -1.000000000000000000 ) ) ;
#2040 = CIRCLE ( 'NONE', #2977, 2.000000000000015543 ) ;
#2041 = VERTEX_POINT ( 'NONE', #2726 ) ;
#2042 = CARTESIAN_POINT ( 'NONE',  ( -0.07621519839906727711, -36.31288475810001870, 0.000000000000000000 ) ) ;
#2043 = EDGE_CURVE ( 'NONE', #2718, #3868, #1848, .T. ) ;
#2044 = ORIENTED_EDGE ( 'NONE', *, *, #4187, .T. ) ;
#2045 = CYLINDRICAL_SURFACE ( 'NONE', #78, 106.8000000000000114 ) ;
#2046 = VERTEX_POINT ( 'NONE', #3971 ) ;
#2047 = CYLINDRICAL_SURFACE ( 'NONE', #2444, 3.524999999999986589 ) ;
#2048 = CARTESIAN_POINT ( 'NONE',  ( -100.7935747867323357, 14.27919051316996857, 0.000000000000000000 ) ) ;
#2049 = CARTESIAN_POINT ( 'NONE',  ( 69.50856140126947480, -69.50856140127021376, 0.000000000000000000 ) ) ;
#2050 = ORIENTED_EDGE ( 'NONE', *, *, #3047, .F. ) ;
#2051 = ADVANCED_FACE ( 'NONE', ( #2377 ), #5206, .T. ) ;
#2052 = EDGE_CURVE ( 'NONE', #316, #2853, #5235, .T. ) ;
#2053 = FACE_OUTER_BOUND ( 'NONE', #3008, .T. ) ;
#2054 = ORIENTED_EDGE ( 'NONE', *, *, #2604, .T. ) ;
#2055 = CARTESIAN_POINT ( 'NONE',  ( -98.81334738424247632, 13.99865631841221791, 0.000000000000000000 ) ) ;
#2056 = ORIENTED_EDGE ( 'NONE', *, *, #3802, .F. ) ;
#2057 = CARTESIAN_POINT ( 'NONE',  ( 96.16837047789535120, 11.81736235612327945, 0.000000000000000000 ) ) ;
#2058 = LINE ( 'NONE', #868, #1860 ) ;
#2059 = EDGE_CURVE ( 'NONE', #4920, #923, #4229, .T. ) ;
#2060 = VERTEX_POINT ( 'NONE', #5281 ) ;
#2061 = CARTESIAN_POINT ( 'NONE',  ( 61.17520645671595503, 81.36850812801084487, 0.000000000000000000 ) ) ;
#2062 = VERTEX_POINT ( 'NONE', #4442 ) ;
#2063 = DIRECTION ( 'NONE',  ( -1.000000000000000000, 0.000000000000000000, 0.000000000000000000 ) ) ;
#2064 = CARTESIAN_POINT ( 'NONE',  ( -11.81736235612460106, -96.16837047789508119, 0.000000000000000000 ) ) ;
#2065 = EDGE_CURVE ( 'NONE', #3863, #1165, #5005, .T. ) ;
#2066 = ORIENTED_EDGE ( 'NONE', *, *, #4533, .F. ) ;
#2067 = DIRECTION ( 'NONE',  ( 1.000000000000000000, 0.000000000000000000, 0.000000000000000000 ) ) ;
#2068 = VECTOR ( 'NONE', #1552, 1000.000000000000000 ) ;
#2069 = VERTEX_POINT ( 'NONE', #2843 ) ;
#2070 = AXIS2_PLACEMENT_3D ( 'NONE', #2830, #2380, #4782 ) ;
#2071 = CARTESIAN_POINT ( 'NONE',  ( 0.000000000000000000, 0.000000000000000000, 4.762500000000000178 ) ) ;
#2072 = ORIENTED_EDGE ( 'NONE', *, *, #3151, .T. ) ;
#2073 = DIRECTION ( 'NONE',  ( 0.000000000000000000, 0.000000000000000000, 1.000000000000000000 ) ) ;
#2074 = CARTESIAN_POINT ( 'NONE',  ( 69.50856140126947480, -69.50856140127021376, 0.000000000000000000 ) ) ;
#2075 = LINE ( 'NONE', #3700, #719 ) ;
#2076 = VERTEX_POINT ( 'NONE', #1192 ) ;
#2077 = PRODUCT_DEFINITION_FORMATION_WITH_SPECIFIED_SOURCE ( 'ANY', '', #3267, .NOT_KNOWN. ) ;
#2078 = DIRECTION ( 'NONE',  ( -0.1045284632676470177, 0.9945218953682739560, 0.000000000000000000 ) ) ;
#2079 = VERTEX_POINT ( 'NONE', #713 ) ;
#2080 = CARTESIAN_POINT ( 'NONE',  ( -0.7939084701227995255, 6.829006834164759177, -63.63961030678928665 ) ) ;
#2081 = VERTEX_POINT ( 'NONE', #4414 ) ;
#2082 = CARTESIAN_POINT ( 'NONE',  ( 29.64641732913592875, -20.64949766014608201, 0.000000000000000000 ) ) ;
#2083 = CARTESIAN_POINT ( 'NONE',  ( -98.81334738424273212, -13.99865631841015379, 4.762500000000000178 ) ) ;
#2084 = ORIENTED_EDGE ( 'NONE', *, *, #1838, .F. ) ;
#2085 = ADVANCED_FACE ( 'NONE', ( #284 ), #1117, .F. ) ;
#2086 = DIRECTION ( 'NONE',  ( 1.000000000000000000, 0.000000000000000000, 0.000000000000000000 ) ) ;
#2087 = ORIENTED_EDGE ( 'NONE', *, *, #4088, .F. ) ;
#2088 = CARTESIAN_POINT ( 'NONE',  ( 74.96571527066930685, 39.63813232175470347, 4.762500000000000178 ) ) ;
#2089 = LINE ( 'NONE', #2602, #2755 ) ;
#2090 = LINE ( 'NONE', #3717, #4178 ) ;
#2091 = CARTESIAN_POINT ( 'NONE',  ( 28.40977308601330265, -18.22244667702121035, 4.762500000000000178 ) ) ;
#2092 = ORIENTED_EDGE ( 'NONE', *, *, #2151, .T. ) ;
#2093 = VECTOR ( 'NONE', #204, 1000.000000000000000 ) ;
#2094 = VECTOR ( 'NONE', #3712, 1000.000000000000000 ) ;
#2095 = EDGE_CURVE ( 'NONE', #739, #4171, #391, .T. ) ;
#2096 = AXIS2_PLACEMENT_3D ( 'NONE', #2796, #2423, #5284 ) ;
#2097 = ADVANCED_FACE ( 'NONE', ( #1911 ), #797, .T. ) ;
#2098 = FACE_OUTER_BOUND ( 'NONE', #2896, .T. ) ;
#2099 = ORIENTED_EDGE ( 'NONE', *, *, #4149, .F. ) ;
#2100 = CARTESIAN_POINT ( 'NONE',  ( -98.29995023471883542, 1.029637326026477537E-12, 0.000000000000000000 ) ) ;
#2101 = DIRECTION ( 'NONE',  ( -0.000000000000000000, 0.000000000000000000, 1.000000000000000000 ) ) ;
#2102 = AXIS2_PLACEMENT_3D ( 'NONE', #4322, #5154, #3101 ) ;
#2103 = CARTESIAN_POINT ( 'NONE',  ( -1.082168200009695258E-13, 1.938889539019461736E-13, 4.762500000000000178 ) ) ;
#2104 = CARTESIAN_POINT ( 'NONE',  ( 58.19217838993697711, -58.97173619495747232, 4.762500000000000178 ) ) ;
#2105 = AXIS2_PLACEMENT_3D ( 'NONE', #2505, #2101, #3728 ) ;
#2106 = ORIENTED_EDGE ( 'NONE', *, *, #1536, .F. ) ;
#2107 = CARTESIAN_POINT ( 'NONE',  ( -13.78559951779067738, 95.81334586546475407, 4.762500000000000178 ) ) ;
#2108 = VERTEX_POINT ( 'NONE', #1166 ) ;
#2109 = LINE ( 'NONE', #2030, #3512 ) ;
#2110 = LINE ( 'NONE', #1716, #239 ) ;
#2111 = ORIENTED_EDGE ( 'NONE', *, *, #441, .T. ) ;
#2112 = AXIS2_PLACEMENT_3D ( 'NONE', #4243, #2721, #1072 ) ;
#2113 = LINE ( 'NONE', #3294, #2094 ) ;
#2114 = ORIENTED_EDGE ( 'NONE', *, *, #2856, .F. ) ;
#2115 = CARTESIAN_POINT ( 'NONE',  ( -61.33475684932199812, 78.30481564546155937, 4.762500000000000178 ) ) ;
#2116 = FACE_OUTER_BOUND ( 'NONE', #4618, .T. ) ;
#2117 = VERTEX_POINT ( 'NONE', #2739 ) ;
#2118 = EDGE_CURVE ( 'NONE', #2060, #1620, #1000, .T. ) ;
#2119 = DIRECTION ( 'NONE',  ( -0.000000000000000000, -0.000000000000000000, 1.000000000000000000 ) ) ;
#2120 = VECTOR ( 'NONE', #2901, 1000.000000000000000 ) ;
#2121 = ORIENTED_EDGE ( 'NONE', *, *, #5160, .T. ) ;
#2122 = DIRECTION ( 'NONE',  ( 1.000000000000000000, 1.387778780781444492E-15, 0.000000000000000000 ) ) ;
#2123 = CARTESIAN_POINT ( 'NONE',  ( 31.40977308601330265, -18.22244667702121035, 4.762500000000000178 ) ) ;
#2124 = ORIENTED_EDGE ( 'NONE', *, *, #4428, .F. ) ;
#2125 = CARTESIAN_POINT ( 'NONE',  ( -98.29995023471883542, 1.029637326026477537E-12, 4.762500000000000178 ) ) ;
#2126 = DIRECTION ( 'NONE',  ( -0.000000000000000000, -0.000000000000000000, -1.000000000000000000 ) ) ;
#2127 = EDGE_CURVE ( 'NONE', #203, #2117, #1622, .T. ) ;
#2128 = AXIS2_PLACEMENT_3D ( 'NONE', #5201, #5228, #2372 ) ;
#2129 = CARTESIAN_POINT ( 'NONE',  ( -11.78559951779193504, -95.81334586546419985, 0.000000000000000000 ) ) ;
#2130 = VERTEX_POINT ( 'NONE', #5253 ) ;
#2131 = DIRECTION ( 'NONE',  ( -1.000000000000000000, 0.000000000000000000, 0.000000000000000000 ) ) ;
#2132 = ORIENTED_EDGE ( 'NONE', *, *, #2264, .T. ) ;
#2133 = CARTESIAN_POINT ( 'NONE',  ( 13.99865631841015556, -98.81334738424244790, 4.762500000000000178 ) ) ;
#2134 = AXIS2_PLACEMENT_3D ( 'NONE', #2055, #5045, #5070 ) ;
#2135 = CYLINDRICAL_SURFACE ( 'NONE', #1099, 2.000000000000008882 ) ;
#2136 = ORIENTED_EDGE ( 'NONE', *, *, #2264, .F. ) ;
#2137 = EDGE_CURVE ( 'NONE', #37, #2490, #2690, .T. ) ;
#2138 = CARTESIAN_POINT ( 'NONE',  ( -11.78559951779067561, 95.81334586546475407, 0.000000000000000000 ) ) ;
#2139 = ORIENTED_EDGE ( 'NONE', *, *, #443, .T. ) ;
#2140 = DIRECTION ( 'NONE',  ( 0.000000000000000000, -0.000000000000000000, -1.000000000000000000 ) ) ;
#2141 = DIRECTION ( 'NONE',  ( -0.000000000000000000, -0.000000000000000000, -1.000000000000000000 ) ) ;
#2142 = AXIS2_PLACEMENT_3D ( 'NONE', #2160, #3732, #563 ) ;
#2143 = EDGE_CURVE ( 'NONE', #4513, #3553, #1760, .T. ) ;
#2144 = ORIENTED_EDGE ( 'NONE', *, *, #4041, .F. ) ;
#2145 = FACE_OUTER_BOUND ( 'NONE', #998, .T. ) ;
#2146 = EDGE_LOOP ( 'NONE', ( #4480, #1246, #3903, #1889 ) ) ;
#2147 = LINE ( 'NONE', #3747, #3027 ) ;
#2148 = EDGE_CURVE ( 'NONE', #4379, #1443, #5085, .T. ) ;
#2149 = AXIS2_PLACEMENT_3D ( 'NONE', #1952, #1899, #677 ) ;
#2150 = EDGE_CURVE ( 'NONE', #3119, #2242, #2355, .T. ) ;
#2151 = EDGE_CURVE ( 'NONE', #1193, #4532, #3545, .T. ) ;
#2152 = CIRCLE ( 'NONE', #3258, 12.00806750962217428 ) ;
#2153 = DIRECTION ( 'NONE',  ( -0.4873652302315960583, 0.8731982205440546041, 0.000000000000000000 ) ) ;
#2154 = ORIENTED_EDGE ( 'NONE', *, *, #3879, .T. ) ;
#2155 = DIRECTION ( 'NONE',  ( -0.000000000000000000, -0.000000000000000000, 1.000000000000000000 ) ) ;
#2156 = DIRECTION ( 'NONE',  ( -0.000000000000000000, -0.000000000000000000, 1.000000000000000000 ) ) ;
#2157 = EDGE_CURVE ( 'NONE', #1669, #2727, #1248, .T. ) ;
#2158 = VECTOR ( 'NONE', #2303, 1000.000000000000000 ) ;
#2159 = AXIS2_PLACEMENT_3D ( 'NONE', #4142, #3296, #4924 ) ;
#2160 = CARTESIAN_POINT ( 'NONE',  ( 69.50856140126998639, 69.50856140126973060, 0.000000000000000000 ) ) ;
#2161 = VERTEX_POINT ( 'NONE', #4386 ) ;
#2162 = CARTESIAN_POINT ( 'NONE',  ( -6.864248841727479887E-13, -98.29995023471883542, 4.762500000000000178 ) ) ;
#2163 = ORIENTED_EDGE ( 'NONE', *, *, #4640, .T. ) ;
#2164 = CARTESIAN_POINT ( 'NONE',  ( 59.97332584122748500, -79.76992031801138694, 0.000000000000000000 ) ) ;
#2165 = CARTESIAN_POINT ( 'NONE',  ( -1.082168200009695258E-13, 1.938889539019461736E-13, 0.000000000000000000 ) ) ;
#2166 = ORIENTED_EDGE ( 'NONE', *, *, #42, .T. ) ;
#2167 = CIRCLE ( 'NONE', #5147, 12.00770693825414881 ) ;
#2168 = ADVANCED_FACE ( 'NONE', ( #1593 ), #5226, .F. ) ;
#2169 = DIRECTION ( 'NONE',  ( 1.000000000000000000, 0.000000000000000000, 0.000000000000000000 ) ) ;
#2170 = ORIENTED_EDGE ( 'NONE', *, *, #2332, .F. ) ;
#2171 = CARTESIAN_POINT ( 'NONE',  ( 14.27919051316784582, -100.7935747867322789, 4.762500000000000178 ) ) ;
#2172 = LINE ( 'NONE', #1272, #3812 ) ;
#2173 = VERTEX_POINT ( 'NONE', #3191 ) ;
#2174 = AXIS2_PLACEMENT_3D ( 'NONE', #802, #2426, #4047 ) ;
#2175 = DIRECTION ( 'NONE',  ( 0.000000000000000000, 0.000000000000000000, 1.000000000000000000 ) ) ;
#2176 = ORIENTED_EDGE ( 'NONE', *, *, #3205, .F. ) ;
#2177 = CARTESIAN_POINT ( 'NONE',  ( 76.99939848604833514, 35.07040503354171079, 4.762500000000000178 ) ) ;
#2178 = CIRCLE ( 'NONE', #2196, 2.000000000000008882 ) ;
#2179 = CARTESIAN_POINT ( 'NONE',  ( 28.53643001759746767, 85.14524156904343499, 0.000000000000000000 ) ) ;
#2180 = VECTOR ( 'NONE', #814, 1000.000000000000000 ) ;
#2181 = EDGE_LOOP ( 'NONE', ( #4210, #4957, #2781, #4009 ) ) ;
#2182 = CYLINDRICAL_SURFACE ( 'NONE', #2323, 3.525000000000000355 ) ;
#2183 = DIRECTION ( 'NONE',  ( 1.000000000000000000, 0.000000000000000000, 0.000000000000000000 ) ) ;
#2184 = EDGE_CURVE ( 'NONE', #3666, #4318, #3121, .T. ) ;
#2185 = AXIS2_PLACEMENT_3D ( 'NONE', #1654, #4851, #4416 ) ;
#2186 = ADVANCED_FACE ( 'NONE', ( #1991 ), #3611, .F. ) ;
#2187 = CARTESIAN_POINT ( 'NONE',  ( -6.311047636065538313, 2.726958513676442486, 4.762500000000000178 ) ) ;
#2188 = ORIENTED_EDGE ( 'NONE', *, *, #4709, .F. ) ;
#2189 = CIRCLE ( 'NONE', #2362, 2.999999999999999112 ) ;
#2190 = CARTESIAN_POINT ( 'NONE',  ( -1.082168200009695258E-13, 1.938889539019461736E-13, -63.63961030678928665 ) ) ;
#2191 = EDGE_LOOP ( 'NONE', ( #3183, #2204, #2817, #4398 ) ) ;
#2192 = FACE_OUTER_BOUND ( 'NONE', #1776, .T. ) ;
#2193 = DIRECTION ( 'NONE',  ( 0.9135454576425984241, -0.4067366430758056484, 0.000000000000000000 ) ) ;
#2194 = ORIENTED_EDGE ( 'NONE', *, *, #9, .T. ) ;
#2195 = UNCERTAINTY_MEASURE_WITH_UNIT (LENGTH_MEASURE( 1.000000000000000082E-05 ), #2629, 'distance_accuracy_value', 'NONE');
#2196 = AXIS2_PLACEMENT_3D ( 'NONE', #4553, #2524, #4148 ) ;
#2197 = DIRECTION ( 'NONE',  ( 0.000000000000000000, -0.000000000000000000, -1.000000000000000000 ) ) ;
#2198 = CYLINDRICAL_SURFACE ( 'NONE', #2102, 2.000000000000001776 ) ;
#2199 = ORIENTED_EDGE ( 'NONE', *, *, #1537, .F. ) ;
#2200 = CARTESIAN_POINT ( 'NONE',  ( -61.33475684932342631, -78.30481564546009565, 0.000000000000000000 ) ) ;
#2201 = DIRECTION ( 'NONE',  ( 1.000000000000000000, 0.000000000000000000, 0.000000000000000000 ) ) ;
#2202 = ADVANCED_FACE ( 'NONE', ( #909 ), #4470, .F. ) ;
#2203 = EDGE_CURVE ( 'NONE', #3314, #4387, #735, .T. ) ;
#2204 = ORIENTED_EDGE ( 'NONE', *, *, #2942, .F. ) ;
#2205 = AXIS2_PLACEMENT_3D ( 'NONE', #2656, #1063, #3483 ) ;
#2206 = DIRECTION ( 'NONE',  ( -0.000000000000000000, 0.000000000000000000, 1.000000000000000000 ) ) ;
#2207 = CARTESIAN_POINT ( 'NONE',  ( -106.8000000000000114, 0.000000000000000000, 4.762500000000000178 ) ) ;
#2208 = AXIS2_PLACEMENT_3D ( 'NONE', #29, #2595, #1770 ) ;
#2209 = EDGE_CURVE ( 'NONE', #1714, #1115, #1505, .T. ) ;
#2210 = AXIS2_PLACEMENT_3D ( 'NONE', #2711, #4334, #3139 ) ;
#2211 = CARTESIAN_POINT ( 'NONE',  ( 59.97333599587670250, 79.76991268345260266, 0.000000000000000000 ) ) ;
#2212 = ORIENTED_EDGE ( 'NONE', *, *, #2765, .T. ) ;
#2213 = PLANE ( 'NONE',  #4540 ) ;
#2214 = LINE ( 'NONE', #1733, #4051 ) ;
#2215 = EDGE_CURVE ( 'NONE', #324, #1720, #4481, .T. ) ;
#2216 = CARTESIAN_POINT ( 'NONE',  ( 79.76991268345277319, 59.97333599587638275, 0.000000000000000000 ) ) ;
#2217 = ORIENTED_EDGE ( 'NONE', *, *, #628, .T. ) ;
#2218 = CARTESIAN_POINT ( 'NONE',  ( 31.48598828441583208, 18.09043808107851703, 4.762500000000000178 ) ) ;
#2219 = ORIENTED_EDGE ( 'NONE', *, *, #4996, .T. ) ;
#2220 = DIRECTION ( 'NONE',  ( -0.000000000000000000, 0.000000000000000000, 1.000000000000000000 ) ) ;
#2221 = LINE ( 'NONE', #620, #4156 ) ;
#2222 = EDGE_LOOP ( 'NONE', ( #4970, #2946, #4081, #1412 ) ) ;
#2223 = AXIS2_PLACEMENT_3D ( 'NONE', #2741, #4796, #367 ) ;
#2224 = EDGE_CURVE ( 'NONE', #3094, #1044, #4823, .T. ) ;
#2225 = LINE ( 'NONE', #2540, #4308 ) ;
#2226 = CARTESIAN_POINT ( 'NONE',  ( -12.28526491208247862, -27.59315676969194797, 0.000000000000000000 ) ) ;
#2227 = EDGE_CURVE ( 'NONE', #4244, #637, #5258, .T. ) ;
#2228 = ORIENTED_EDGE ( 'NONE', *, *, #2150, .F. ) ;
#2229 = CARTESIAN_POINT ( 'NONE',  ( -58.00265975140619901, -77.49794488734930553, 4.762500000000000178 ) ) ;
#2230 = CARTESIAN_POINT ( 'NONE',  ( -65.98356140126901437, 69.50856140127069693, 0.000000000000000000 ) ) ;
#2231 = CARTESIAN_POINT ( 'NONE',  ( 81.36851591556607843, -61.17519609856763907, 4.762500000000000178 ) ) ;
#2232 = EDGE_CURVE ( 'NONE', #2684, #2411, #4661, .T. ) ;
#2233 = DIRECTION ( 'NONE',  ( 0.8586697805738411349, -0.5125292264147203181, 0.000000000000000000 ) ) ;
#2234 = VERTEX_POINT ( 'NONE', #506 ) ;
#2235 = CARTESIAN_POINT ( 'NONE',  ( -3.525000000000685141, -98.29995023471883542, 4.762500000000000178 ) ) ;
#2236 = AXIS2_PLACEMENT_3D ( 'NONE', #196, #1429, #4276 ) ;
#2237 = FACE_OUTER_BOUND ( 'NONE', #1350, .T. ) ;
#2238 = ORIENTED_EDGE ( 'NONE', *, *, #1987, .F. ) ;
#2239 = CARTESIAN_POINT ( 'NONE',  ( 32.70619821364328317, 15.34980170815073386, 0.000000000000000000 ) ) ;
#2240 = VECTOR ( 'NONE', #4396, 1000.000000000000000 ) ;
#2241 = DIRECTION ( 'NONE',  ( -0.000000000000000000, -0.000000000000000000, -1.000000000000000000 ) ) ;
#2242 = VERTEX_POINT ( 'NONE', #2502 ) ;
#2243 = CARTESIAN_POINT ( 'NONE',  ( -3.524999999999999911, 98.29995023471883542, 4.762500000000000178 ) ) ;
#2244 = ORIENTED_EDGE ( 'NONE', *, *, #1548, .F. ) ;
#2245 = CIRCLE ( 'NONE', #4542, 12.00806750962116176 ) ;
#2246 = DIRECTION ( 'NONE',  ( -0.000000000000000000, -0.000000000000000000, 1.000000000000000000 ) ) ;
#2247 = CARTESIAN_POINT ( 'NONE',  ( 98.74004717360722339, -12.00000000000068745, 4.762500000000000178 ) ) ;
#2248 = ORIENTED_EDGE ( 'NONE', *, *, #417, .F. ) ;
#2249 = AXIS2_PLACEMENT_3D ( 'NONE', #725, #3656, #4425 ) ;
#2250 = DIRECTION ( 'NONE',  ( 1.000000000000000000, 0.000000000000000000, 0.000000000000000000 ) ) ;
#2251 = LINE ( 'NONE', #3846, #4921 ) ;
#2252 = EDGE_LOOP ( 'NONE', ( #4651, #1104, #2351, #4903, #1126, #2354, #3942, #1457, #1416 ) ) ;
#2253 = DIRECTION ( 'NONE',  ( -1.000000000000000000, 0.000000000000000000, 0.000000000000000000 ) ) ;
#2254 = FACE_BOUND ( 'NONE', #2037, .T. ) ;
#2255 = EDGE_CURVE ( 'NONE', #676, #4872, #2956, .T. ) ;
#2256 = AXIS2_PLACEMENT_3D ( 'NONE', #2164, #568, #4646 ) ;
#2257 = DIRECTION ( 'NONE',  ( 1.000000000000000000, 0.000000000000000000, 0.000000000000000000 ) ) ;
#2258 = VERTEX_POINT ( 'NONE', #827 ) ;
#2259 = FACE_OUTER_BOUND ( 'NONE', #590, .T. ) ;
#2260 = AXIS2_PLACEMENT_3D ( 'NONE', #2345, #3589, #1998 ) ;
#2261 = CARTESIAN_POINT ( 'NONE',  ( -79.76991633572582430, 59.97333113802606164, 4.762500000000000178 ) ) ;
#2262 = VERTEX_POINT ( 'NONE', #4581 ) ;
#2263 = CARTESIAN_POINT ( 'NONE',  ( 6.311047636065547195, -2.726958513676135620, 4.762500000000000178 ) ) ;
#2264 = EDGE_CURVE ( 'NONE', #1467, #362, #1424, .T. ) ;
#2265 = ADVANCED_FACE ( 'NONE', ( #1704 ), #2873, .T. ) ;
#2266 = CARTESIAN_POINT ( 'NONE',  ( -65.98356140127042124, -69.50856140126921900, 4.762500000000000178 ) ) ;
#2267 = EDGE_LOOP ( 'NONE', ( #2666, #3722, #551, #691, #3167, #1664, #872, #1600, #2092, #2451 ) ) ;
#2268 = FACE_OUTER_BOUND ( 'NONE', #4304, .T. ) ;
#2269 = ORIENTED_EDGE ( 'NONE', *, *, #3397, .T. ) ;
#2270 = DIRECTION ( 'NONE',  ( 1.000000000000000000, 2.312964634635746211E-15, 0.000000000000000000 ) ) ;
#2271 = CARTESIAN_POINT ( 'NONE',  ( -12.28526491208247862, -27.59315676969194797, 4.762500000000000178 ) ) ;
#2272 = AXIS2_PLACEMENT_3D ( 'NONE', #412, #2361, #4812 ) ;
#2273 = AXIS2_PLACEMENT_3D ( 'NONE', #330, #3926, #1904 ) ;
#2274 = VERTEX_POINT ( 'NONE', #3333 ) ;
#2275 = AXIS2_PLACEMENT_3D ( 'NONE', #3541, #5176, #4794 ) ;
#2276 = CARTESIAN_POINT ( 'NONE',  ( 3.524999999999312017, -98.29995023471883542, 4.762500000000000178 ) ) ;
#2277 = CARTESIAN_POINT ( 'NONE',  ( -11.81736235612460106, -96.16837047789508119, 0.000000000000000000 ) ) ;
#2278 = EDGE_LOOP ( 'NONE', ( #1954, #4329 ) ) ;
#2279 = DIRECTION ( 'NONE',  ( -1.000000000000000000, 0.000000000000000000, 0.000000000000000000 ) ) ;
#2280 = DIRECTION ( 'NONE',  ( -0.000000000000000000, -0.000000000000000000, 1.000000000000000000 ) ) ;
#2281 = DIRECTION ( 'NONE',  ( 1.000000000000000000, 0.000000000000000000, 0.000000000000000000 ) ) ;
#2282 = AXIS2_PLACEMENT_3D ( 'NONE', #178, #1807, #2122 ) ;
#2283 = DIRECTION ( 'NONE',  ( -0.000000000000000000, -0.000000000000000000, -1.000000000000000000 ) ) ;
#2284 = EDGE_LOOP ( 'NONE', ( #2527, #4393, #1084, #1764 ) ) ;
#2285 = CARTESIAN_POINT ( 'NONE',  ( 59.46972720135968871, -67.28589411307437729, 4.762500000000000178 ) ) ;
#2286 = VECTOR ( 'NONE', #1214, 1000.000000000000000 ) ;
#2287 = ADVANCED_FACE ( 'NONE', ( #530 ), #856, .F. ) ;
#2288 = DIRECTION ( 'NONE',  ( -0.000000000000000000, -0.000000000000000000, 1.000000000000000000 ) ) ;
#2289 = AXIS2_PLACEMENT_3D ( 'NONE', #1024, #1892, #214 ) ;
#2290 = VERTEX_POINT ( 'NONE', #3667 ) ;
#2291 = CYLINDRICAL_SURFACE ( 'NONE', #2443, 1.999999999999988010 ) ;
#2292 = ORIENTED_EDGE ( 'NONE', *, *, #2151, .F. ) ;
#2293 = DIRECTION ( 'NONE',  ( -1.000000000000000000, 0.000000000000000000, 0.000000000000000000 ) ) ;
#2294 = ORIENTED_EDGE ( 'NONE', *, *, #249, .T. ) ;
#2295 = AXIS2_PLACEMENT_3D ( 'NONE', #2869, #4094, #2067 ) ;
#2296 = PRODUCT_CONTEXT ( 'NONE', #1333, 'mechanical' ) ;
#2297 = LINE ( 'NONE', #2691, #5275 ) ;
#2298 = ORIENTED_EDGE ( 'NONE', *, *, #3437, .T. ) ;
#2299 = DIRECTION ( 'NONE',  ( -0.000000000000000000, -0.000000000000000000, -1.000000000000000000 ) ) ;
#2300 = DIRECTION ( 'NONE',  ( 0.000000000000000000, -0.000000000000000000, -1.000000000000000000 ) ) ;
#2301 = EDGE_LOOP ( 'NONE', ( #4168, #1951, #360, #1798 ) ) ;
#2302 = CARTESIAN_POINT ( 'NONE',  ( -96.16837047789547910, -11.81736235612331321, 0.000000000000000000 ) ) ;
#2303 = DIRECTION ( 'NONE',  ( -0.000000000000000000, -0.000000000000000000, 1.000000000000000000 ) ) ;
#2304 = CARTESIAN_POINT ( 'NONE',  ( -14.27919051316935040, -100.7935747867320941, 4.762500000000000178 ) ) ;
#2305 = ADVANCED_FACE ( 'NONE', ( #1755 ), #4072, .F. ) ;
#2306 = ADVANCED_FACE ( 'NONE', ( #2098 ), #2045, .T. ) ;
#2307 = FACE_OUTER_BOUND ( 'NONE', #3492, .T. ) ;
#2308 = ORIENTED_EDGE ( 'NONE', *, *, #2604, .F. ) ;
#2309 = FACE_OUTER_BOUND ( 'NONE', #1402, .T. ) ;
#2310 = VECTOR ( 'NONE', #3286, 1000.000000000000000 ) ;
#2311 = CARTESIAN_POINT ( 'NONE',  ( -77.49794488734934816, 58.00265975140663954, 0.000000000000000000 ) ) ;
#2312 = CIRCLE ( 'NONE', #1384, 2.000000000000001776 ) ;
#2313 = ORIENTED_EDGE ( 'NONE', *, *, #1481, .F. ) ;
#2314 = CIRCLE ( 'NONE', #3671, 5.000000000000004441 ) ;
#2315 = EDGE_CURVE ( 'NONE', #3114, #2041, #1679, .T. ) ;
#2316 = EDGE_CURVE ( 'NONE', #203, #442, #3404, .T. ) ;
#2317 = CARTESIAN_POINT ( 'NONE',  ( -1.082168200009695258E-13, 1.938889539019461736E-13, 0.000000000000000000 ) ) ;
#2318 = ORIENTED_EDGE ( 'NONE', *, *, #794, .T. ) ;
#2319 = LINE ( 'NONE', #2797, #4518 ) ;
#2320 = ORIENTED_EDGE ( 'NONE', *, *, #1312, .T. ) ;
#2321 = FACE_OUTER_BOUND ( 'NONE', #5050, .T. ) ;
#2322 = ORIENTED_EDGE ( 'NONE', *, *, #2835, .F. ) ;
#2323 = AXIS2_PLACEMENT_3D ( 'NONE', #4175, #2931, #3752 ) ;
#2324 = AXIS2_PLACEMENT_3D ( 'NONE', #2229, #3476, #1777 ) ;
#2325 = CARTESIAN_POINT ( 'NONE',  ( 69.50856140126947480, -69.50856140127021376, 4.762500000000000178 ) ) ;
#2326 = DIRECTION ( 'NONE',  ( 0.000000000000000000, 0.000000000000000000, 1.000000000000000000 ) ) ;
#2327 = ORIENTED_EDGE ( 'NONE', *, *, #2724, .F. ) ;
#2328 = LINE ( 'NONE', #1974, #2499 ) ;
#2329 = CARTESIAN_POINT ( 'NONE',  ( -73.03356140126898310, 69.50856140127069693, 4.762500000000000178 ) ) ;
#2330 = DIRECTION ( 'NONE',  ( -0.000000000000000000, -0.000000000000000000, -1.000000000000000000 ) ) ;
#2331 = CIRCLE ( 'NONE', #1903, 2.000000000000001776 ) ;
#2332 = EDGE_CURVE ( 'NONE', #4632, #1227, #4844, .T. ) ;
#2333 = ADVANCED_FACE ( 'NONE', ( #2683 ), #1835, .T. ) ;
#2334 = CYLINDRICAL_SURFACE ( 'NONE', #4569, 3.524999999999986589 ) ;
#2335 = ORIENTED_EDGE ( 'NONE', *, *, #2203, .T. ) ;
#2336 = DIRECTION ( 'NONE',  ( 1.000000000000000000, 0.000000000000000000, 0.000000000000000000 ) ) ;
#2337 = AXIS2_PLACEMENT_3D ( 'NONE', #1945, #1097, #2720 ) ;
#2338 = DIRECTION ( 'NONE',  ( -0.000000000000000000, -0.000000000000000000, 1.000000000000000000 ) ) ;
#2339 = ORIENTED_EDGE ( 'NONE', *, *, #2710, .F. ) ;
#2340 = DIRECTION ( 'NONE',  ( 0.000000000000000000, 0.000000000000000000, 1.000000000000000000 ) ) ;
#2341 = VERTEX_POINT ( 'NONE', #3432 ) ;
#2342 = EDGE_CURVE ( 'NONE', #3676, #345, #3858, .T. ) ;
#2343 = FACE_OUTER_BOUND ( 'NONE', #436, .T. ) ;
#2344 = CYLINDRICAL_SURFACE ( 'NONE', #2337, 94.80000000000021032 ) ;
#2345 = CARTESIAN_POINT ( 'NONE',  ( -3.564852499011122345E-14, 3.010821135291660347E-13, 4.762500000000000178 ) ) ;
#2346 = VERTEX_POINT ( 'NONE', #2179 ) ;
#2347 = LINE ( 'NONE', #1575, #4357 ) ;
#2348 = CIRCLE ( 'NONE', #2954, 3.524999999999986589 ) ;
#2349 = DIRECTION ( 'NONE',  ( 1.000000000000000000, 0.000000000000000000, 0.000000000000000000 ) ) ;
#2350 = CIRCLE ( 'NONE', #3796, 12.00806750962217428 ) ;
#2351 = ORIENTED_EDGE ( 'NONE', *, *, #1379, .T. ) ;
#2352 = CARTESIAN_POINT ( 'NONE',  ( -69.50856140126900584, 69.50856140127069693, 0.000000000000000000 ) ) ;
#2353 = DIRECTION ( 'NONE',  ( 1.000000000000000000, 0.000000000000000000, 0.000000000000000000 ) ) ;
#2354 = ORIENTED_EDGE ( 'NONE', *, *, #2708, .F. ) ;
#2355 = CIRCLE ( 'NONE', #4050, 2.000000000000008882 ) ;
#2356 = AXIS2_PLACEMENT_3D ( 'NONE', #183, #3414, #1017 ) ;
#2357 = AXIS2_PLACEMENT_3D ( 'NONE', #1074, #1051, #4876 ) ;
#2358 = CARTESIAN_POINT ( 'NONE',  ( -61.33475684932199812, 78.30481564546155937, 0.000000000000000000 ) ) ;
#2359 = EDGE_CURVE ( 'NONE', #3586, #828, #2546, .T. ) ;
#2360 = ORIENTED_EDGE ( 'NONE', *, *, #1278, .T. ) ;
#2361 = DIRECTION ( 'NONE',  ( -0.000000000000000000, -0.000000000000000000, -1.000000000000000000 ) ) ;
#2362 = AXIS2_PLACEMENT_3D ( 'NONE', #3127, #2300, #3049 ) ;
#2363 = CARTESIAN_POINT ( 'NONE',  ( -1.082168200009695258E-13, 1.938889539019461736E-13, 4.762500000000000178 ) ) ;
#2364 = ORIENTED_EDGE ( 'NONE', *, *, #9, .F. ) ;
#2365 = AXIS2_PLACEMENT_3D ( 'NONE', #4236, #3836, #2932 ) ;
#2366 = DIRECTION ( 'NONE',  ( -0.000000000000000000, 0.000000000000000000, 1.000000000000000000 ) ) ;
#2367 = VERTEX_POINT ( 'NONE', #3485 ) ;
#2368 = VECTOR ( 'NONE', #137, 1000.000000000000000 ) ;
#2369 = CARTESIAN_POINT ( 'NONE',  ( -13.99865631841015912, 98.81334738424284581, 0.000000000000000000 ) ) ;
#2370 = ORIENTED_EDGE ( 'NONE', *, *, #336, .F. ) ;
#2371 = EDGE_CURVE ( 'NONE', #4194, #1666, #1884, .T. ) ;
#2372 = DIRECTION ( 'NONE',  ( 1.000000000000000000, 0.000000000000000000, 0.000000000000000000 ) ) ;
#2373 = DIRECTION ( 'NONE',  ( 1.000000000000000000, 0.000000000000000000, 0.000000000000000000 ) ) ;
#2374 = VERTEX_POINT ( 'NONE', #663 ) ;
#2375 = CARTESIAN_POINT ( 'NONE',  ( -3.059780884503892295, -35.99929936829710897, 0.000000000000000000 ) ) ;
#2376 = CIRCLE ( 'NONE', #3224, 2.999999999999995559 ) ;
#2377 = FACE_OUTER_BOUND ( 'NONE', #3319, .T. ) ;
#2378 = ORIENTED_EDGE ( 'NONE', *, *, #3099, .F. ) ;
#2379 = CARTESIAN_POINT ( 'NONE',  ( 14.27919051316786536, 100.7935747867326199, 0.000000000000000000 ) ) ;
#2380 = DIRECTION ( 'NONE',  ( -0.000000000000000000, -0.000000000000000000, -1.000000000000000000 ) ) ;
#2381 = ORIENTED_EDGE ( 'NONE', *, *, #2383, .F. ) ;
#2382 = EDGE_CURVE ( 'NONE', #3482, #1519, #163, .T. ) ;
#2383 = EDGE_CURVE ( 'NONE', #200, #13, #3805, .T. ) ;
#2384 = CARTESIAN_POINT ( 'NONE',  ( -98.29995023471883542, 1.029637326026477537E-12, 0.000000000000000000 ) ) ;
#2385 = EDGE_LOOP ( 'NONE', ( #3287, #2298 ) ) ;
#2386 = CYLINDRICAL_SURFACE ( 'NONE', #480, 89.80000000000001137 ) ;
#2387 = CARTESIAN_POINT ( 'NONE',  ( 8.624235867502878009E-14, 1.444867987679087663E-13, -63.63961030678928665 ) ) ;
#2388 = ORIENTED_EDGE ( 'NONE', *, *, #1018, .T. ) ;
#2389 = VECTOR ( 'NONE', #4446, 1000.000000000000000 ) ;
#2390 = ADVANCED_FACE ( 'NONE', ( #4608 ), #5091, .F. ) ;
#2391 = DIRECTION ( 'NONE',  ( 1.000000000000000000, 0.000000000000000000, 0.000000000000000000 ) ) ;
#2392 = ORIENTED_EDGE ( 'NONE', *, *, #1599, .T. ) ;
#2393 = ORIENTED_EDGE ( 'NONE', *, *, #1209, .F. ) ;
#2394 = CIRCLE ( 'NONE', #614, 2.000000000000001776 ) ;
#2395 = DIRECTION ( 'NONE',  ( 1.000000000000000000, 0.000000000000000000, 0.000000000000000000 ) ) ;
#2396 = ORIENTED_EDGE ( 'NONE', *, *, #2676, .T. ) ;
#2397 = CARTESIAN_POINT ( 'NONE',  ( -1.082168200009695258E-13, 1.938889539019461736E-13, 4.762500000000000178 ) ) ;
#2398 = AXIS2_PLACEMENT_3D ( 'NONE', #2429, #1200, #2826 ) ;
#2399 = DIRECTION ( 'NONE',  ( -0.9135454576425978690, -0.4067366430758070361, 0.000000000000000000 ) ) ;
#2400 = DIRECTION ( 'NONE',  ( -0.000000000000000000, -0.000000000000000000, 1.000000000000000000 ) ) ;
#2401 = ORIENTED_EDGE ( 'NONE', *, *, #1196, .T. ) ;
#2402 = LINE ( 'NONE', #4855, #4018 ) ;
#2403 = FACE_BOUND ( 'NONE', #3044, .T. ) ;
#2404 = ORIENTED_EDGE ( 'NONE', *, *, #2969, .F. ) ;
#2405 = LINE ( 'NONE', #377, #2924 ) ;
#2406 = DIRECTION ( 'NONE',  ( 0.4067366430758067031, -0.9135454576425979800, 0.000000000000000000 ) ) ;
#2407 = EDGE_LOOP ( 'NONE', ( #25, #4864, #3283, #2975 ) ) ;
#2408 = AXIS2_PLACEMENT_3D ( 'NONE', #4348, #1127, #3178 ) ;
#2409 = CIRCLE ( 'NONE', #448, 4.999999999999997335 ) ;
#2410 = LINE ( 'NONE', #465, #570 ) ;
#2411 = VERTEX_POINT ( 'NONE', #1065 ) ;
#2412 = FACE_OUTER_BOUND ( 'NONE', #3648, .T. ) ;
#2413 = CARTESIAN_POINT ( 'NONE',  ( -56.80425769042670225, -75.89674767893301066, 0.000000000000000000 ) ) ;
#2414 = CIRCLE ( 'NONE', #1978, 2.000000000000015543 ) ;
#2415 = ORIENTED_EDGE ( 'NONE', *, *, #1632, .T. ) ;
#2416 = DIRECTION ( 'NONE',  ( -0.000000000000000000, 0.000000000000000000, 1.000000000000000000 ) ) ;
#2417 = VERTEX_POINT ( 'NONE', #1459 ) ;
#2418 = ORIENTED_EDGE ( 'NONE', *, *, #5025, .T. ) ;
#2419 = VECTOR ( 'NONE', #1371, 1000.000000000000000 ) ;
#2420 = DIRECTION ( 'NONE',  ( 1.000000000000000000, 0.000000000000000000, 0.000000000000000000 ) ) ;
#2421 = VERTEX_POINT ( 'NONE', #1037 ) ;
#2422 = LINE ( 'NONE', #3220, #1130 ) ;
#2423 = DIRECTION ( 'NONE',  ( 0.000000000000000000, 0.000000000000000000, 1.000000000000000000 ) ) ;
#2424 = FACE_OUTER_BOUND ( 'NONE', #752, .T. ) ;
#2425 = ADVANCED_FACE ( 'NONE', ( #2982 ), #5063, .F. ) ;
#2426 = DIRECTION ( 'NONE',  ( 0.000000000000000000, 0.000000000000000000, 1.000000000000000000 ) ) ;
#2427 = VERTEX_POINT ( 'NONE', #179 ) ;
#2428 = AXIS2_PLACEMENT_3D ( 'NONE', #3992, #479, #2847 ) ;
#2429 = CARTESIAN_POINT ( 'NONE',  ( -69.50856140126900584, 69.50856140127069693, 0.000000000000000000 ) ) ;
#2430 = FACE_BOUND ( 'NONE', #4309, .T. ) ;
#2431 = ORIENTED_EDGE ( 'NONE', *, *, #2548, .T. ) ;
#2432 = CYLINDRICAL_SURFACE ( 'NONE', #3089, 5.000000000000000000 ) ;
#2433 = CARTESIAN_POINT ( 'NONE',  ( -13.78559951779194037, -95.81334586546419985, 0.000000000000000000 ) ) ;
#2434 = ORIENTED_EDGE ( 'NONE', *, *, #821, .F. ) ;
#2435 = EDGE_CURVE ( 'NONE', #1992, #3709, #4685, .T. ) ;
#2436 = CIRCLE ( 'NONE', #1161, 2.000000000000008882 ) ;
#2437 = CARTESIAN_POINT ( 'NONE',  ( 61.17519609856671536, -81.36851591556674634, 0.000000000000000000 ) ) ;
#2438 = ORIENTED_EDGE ( 'NONE', *, *, #1414, .F. ) ;
#2439 = FACE_OUTER_BOUND ( 'NONE', #3390, .T. ) ;
#2440 = DIRECTION ( 'NONE',  ( -0.000000000000000000, -0.000000000000000000, -1.000000000000000000 ) ) ;
#2441 = AXIS2_PLACEMENT_3D ( 'NONE', #3218, #881, #934 ) ;
#2442 = VERTEX_POINT ( 'NONE', #3007 ) ;
#2443 = AXIS2_PLACEMENT_3D ( 'NONE', #2216, #3909, #3491 ) ;
#2444 = AXIS2_PLACEMENT_3D ( 'NONE', #1224, #5153, #1993 ) ;
#2445 = CARTESIAN_POINT ( 'NONE',  ( 98.29995023471882121, -3.432124423190184911E-13, 0.000000000000000000 ) ) ;
#2446 = ORIENTED_EDGE ( 'NONE', *, *, #3134, .T. ) ;
#2447 = EDGE_CURVE ( 'NONE', #4126, #3533, #2376, .T. ) ;
#2448 = CIRCLE ( 'NONE', #4063, 2.000000000000008882 ) ;
#2449 = EDGE_CURVE ( 'NONE', #2108, #4262, #636, .T. ) ;
#2450 = DIRECTION ( 'NONE',  ( 0.9945218953682740670, 0.1045284632676468095, -0.000000000000000000 ) ) ;
#2451 = ORIENTED_EDGE ( 'NONE', *, *, #1926, .T. ) ;
#2452 = DIRECTION ( 'NONE',  ( 0.000000000000000000, 0.000000000000000000, -1.000000000000000000 ) ) ;
#2453 = CARTESIAN_POINT ( 'NONE',  ( -59.64545493362334838, -76.35723283372485071, 0.000000000000000000 ) ) ;
#2454 = DIRECTION ( 'NONE',  ( 1.000000000000000000, -2.312964634635743450E-15, 0.000000000000000000 ) ) ;
#2455 = AXIS2_PLACEMENT_3D ( 'NONE', #2469, #2788, #2011 ) ;
#2456 = ORIENTED_EDGE ( 'NONE', *, *, #4971, .T. ) ;
#2457 = ADVANCED_FACE ( 'NONE', ( #611 ), #1411, .F. ) ;
#2458 = DIRECTION ( 'NONE',  ( 1.000000000000000000, 0.000000000000000000, 0.000000000000000000 ) ) ;
#2459 = ORIENTED_EDGE ( 'NONE', *, *, #1209, .T. ) ;
#2460 = CARTESIAN_POINT ( 'NONE',  ( -13.78559951779067738, 95.81334586546475407, 0.000000000000000000 ) ) ;
#2461 = VECTOR ( 'NONE', #3867, 1000.000000000000114 ) ;
#2462 = ORIENTED_EDGE ( 'NONE', *, *, #4036, .T. ) ;
#2463 = DIRECTION ( 'NONE',  ( -0.000000000000000000, 0.000000000000000000, 1.000000000000000000 ) ) ;
#2464 = CARTESIAN_POINT ( 'NONE',  ( -65.98356140127042124, -69.50856140126921900, 0.000000000000000000 ) ) ;
#2465 = ORIENTED_EDGE ( 'NONE', *, *, #1703, .T. ) ;
#2466 = CARTESIAN_POINT ( 'NONE',  ( 0.000000000000000000, 0.000000000000000000, 4.762500000000000178 ) ) ;
#2467 = EDGE_LOOP ( 'NONE', ( #82, #5121 ) ) ;
#2468 = CARTESIAN_POINT ( 'NONE',  ( 12.00000000000000888, 98.74004717360759287, 4.762500000000000178 ) ) ;
#2469 = CARTESIAN_POINT ( 'NONE',  ( -26.94754193197798031, -80.40441520105899542, 4.762500000000000178 ) ) ;
#2470 = CIRCLE ( 'NONE', #5026, 12.00806750962149572 ) ;
#2471 = ORIENTED_EDGE ( 'NONE', *, *, #1601, .F. ) ;
#2472 = CYLINDRICAL_SURFACE ( 'NONE', #2895, 12.00806750962149572 ) ;
#2473 = ORIENTED_EDGE ( 'NONE', *, *, #4169, .T. ) ;
#2474 = CARTESIAN_POINT ( 'NONE',  ( -0.7939084701227995255, 6.829006834164759177, -63.63961030678928665 ) ) ;
#2475 = EDGE_LOOP ( 'NONE', ( #1143, #2664, #1327, #5044, #3417, #1914, #5195, #3238, #1132 ) ) ;
#2476 = CARTESIAN_POINT ( 'NONE',  ( -56.80425769042670225, -75.89674767893301066, 4.762500000000000178 ) ) ;
#2477 = CARTESIAN_POINT ( 'NONE',  ( 1.143994730828375772, -33.57224838517222310, 4.762500000000000178 ) ) ;
#2478 = CYLINDRICAL_SURFACE ( 'NONE', #1511, 2.000000000000001776 ) ;
#2479 = ORIENTED_EDGE ( 'NONE', *, *, #76, .T. ) ;
#2480 = ADVANCED_FACE ( 'NONE', ( #2237 ), #4635, .F. ) ;
#2481 = EDGE_CURVE ( 'NONE', #260, #3586, #3647, .T. ) ;
#2482 = DIRECTION ( 'NONE',  ( 0.000000000000000000, -0.000000000000000000, -1.000000000000000000 ) ) ;
#2483 = VERTEX_POINT ( 'NONE', #229 ) ;
#2484 = CARTESIAN_POINT ( 'NONE',  ( 13.99865631841015556, -98.81334738424244790, 0.000000000000000000 ) ) ;
#2485 = ORIENTED_EDGE ( 'NONE', *, *, #3803, .F. ) ;
#2486 = DIRECTION ( 'NONE',  ( 0.000000000000000000, 0.000000000000000000, 1.000000000000000000 ) ) ;
#2487 = CARTESIAN_POINT ( 'NONE',  ( -1.082168200009695258E-13, 1.938889539019461736E-13, 0.000000000000000000 ) ) ;
#2488 = ORIENTED_EDGE ( 'NONE', *, *, #2359, .F. ) ;
#2489 = CARTESIAN_POINT ( 'NONE',  ( 11.81736235612325814, -96.16837047789522330, 0.000000000000000000 ) ) ;
#2490 = VERTEX_POINT ( 'NONE', #4739 ) ;
#2491 = DIRECTION ( 'NONE',  ( -0.000000000000000000, 0.000000000000000000, 1.000000000000000000 ) ) ;
#2492 = CARTESIAN_POINT ( 'NONE',  ( -11.81736235612332564, 96.16837047789557857, 4.762500000000000178 ) ) ;
#2493 = EDGE_CURVE ( 'NONE', #3865, #37, #419, .T. ) ;
#2494 = DIRECTION ( 'NONE',  ( -0.000000000000000000, 0.000000000000000000, 1.000000000000000000 ) ) ;
#2495 = EDGE_CURVE ( 'NONE', #3676, #3571, #4847, .T. ) ;
#2496 = EDGE_CURVE ( 'NONE', #5097, #4106, #3739, .T. ) ;
#2497 = AXIS2_PLACEMENT_3D ( 'NONE', #4503, #45, #2504 ) ;
#2498 = DIRECTION ( 'NONE',  ( 1.000000000000000000, 0.000000000000000000, 0.000000000000000000 ) ) ;
#2499 = VECTOR ( 'NONE', #4324, 1000.000000000000000 ) ;
#2500 = VERTEX_POINT ( 'NONE', #2792 ) ;
#2501 = CIRCLE ( 'NONE', #4287, 101.7999999999998977 ) ;
#2502 = CARTESIAN_POINT ( 'NONE',  ( 61.97332584122749211, -79.76992031801138694, 0.000000000000000000 ) ) ;
#2503 = ORIENTED_EDGE ( 'NONE', *, *, #481, .F. ) ;
#2504 = DIRECTION ( 'NONE',  ( 1.000000000000000000, 0.000000000000000000, 0.000000000000000000 ) ) ;
#2505 = CARTESIAN_POINT ( 'NONE',  ( -13.78559951779194037, -95.81334586546419985, 4.762500000000000178 ) ) ;
#2506 = DIRECTION ( 'NONE',  ( 1.000000000000000000, 0.000000000000000000, 0.000000000000000000 ) ) ;
#2507 = CARTESIAN_POINT ( 'NONE',  ( -3.564852499011122345E-14, 3.010821135291660347E-13, 0.000000000000000000 ) ) ;
#2508 = ORIENTED_EDGE ( 'NONE', *, *, #4428, .T. ) ;
#2509 = DIRECTION ( 'NONE',  ( -0.000000000000000000, -0.000000000000000000, 1.000000000000000000 ) ) ;
#2510 = VERTEX_POINT ( 'NONE', #4034 ) ;
#2511 = CARTESIAN_POINT ( 'NONE',  ( -77.49794488735034292, -58.00265975140490582, 4.762500000000000178 ) ) ;
#2512 = LINE ( 'NONE', #489, #4409 ) ;
#2513 = CIRCLE ( 'NONE', #4727, 4.999999999999997335 ) ;
#2514 = ORIENTED_EDGE ( 'NONE', *, *, #2052, .T. ) ;
#2515 = EDGE_CURVE ( 'NONE', #4920, #945, #386, .T. ) ;
#2516 = LINE ( 'NONE', #3628, #3031 ) ;
#2517 = EDGE_LOOP ( 'NONE', ( #2503, #1136, #2520, #4338 ) ) ;
#2518 = FACE_OUTER_BOUND ( 'NONE', #3171, .T. ) ;
#2519 = FACE_OUTER_BOUND ( 'NONE', #3690, .T. ) ;
#2520 = ORIENTED_EDGE ( 'NONE', *, *, #472, .T. ) ;
#2521 = EDGE_CURVE ( 'NONE', #625, #836, #1189, .T. ) ;
#2522 = DIRECTION ( 'NONE',  ( 1.000000000000000000, 0.000000000000000000, 0.000000000000000000 ) ) ;
#2523 = ORIENTED_EDGE ( 'NONE', *, *, #3428, .F. ) ;
#2524 = DIRECTION ( 'NONE',  ( 0.000000000000000000, 0.000000000000000000, 1.000000000000000000 ) ) ;
#2525 = AXIS2_PLACEMENT_3D ( 'NONE', #4140, #4459, #4059 ) ;
#2526 = CARTESIAN_POINT ( 'NONE',  ( 83.10603710653900578, 16.86495171788402203, 4.762500000000000178 ) ) ;
#2527 = ORIENTED_EDGE ( 'NONE', *, *, #3437, .F. ) ;
#2528 = DIRECTION ( 'NONE',  ( -0.000000000000000000, -0.000000000000000000, 1.000000000000000000 ) ) ;
#2529 = CYLINDRICAL_SURFACE ( 'NONE', #3028, 4.999999999999997335 ) ;
#2530 = EDGE_CURVE ( 'NONE', #1724, #324, #3606, .T. ) ;
#2531 = CARTESIAN_POINT ( 'NONE',  ( 4.652889801852896530E-22, 98.29995023471883542, 4.762500000000000178 ) ) ;
#2532 = VERTEX_POINT ( 'NONE', #737 ) ;
#2533 = AXIS2_PLACEMENT_3D ( 'NONE', #4118, #5004, #1325 ) ;
#2534 = CARTESIAN_POINT ( 'NONE',  ( -1.082168200009695258E-13, 1.938889539019461736E-13, 0.000000000000000000 ) ) ;
#2535 = ORIENTED_EDGE ( 'NONE', *, *, #1050, .T. ) ;
#2536 = CARTESIAN_POINT ( 'NONE',  ( 26.94754193198513192, 80.40441520105659379, 0.000000000000000000 ) ) ;
#2537 = DIRECTION ( 'NONE',  ( -0.000000000000000000, -0.000000000000000000, -1.000000000000000000 ) ) ;
#2538 = ORIENTED_EDGE ( 'NONE', *, *, #5196, .F. ) ;
#2539 = VECTOR ( 'NONE', #2887, 1000.000000000000000 ) ;
#2540 = CARTESIAN_POINT ( 'NONE',  ( 32.70619821364328317, 15.34980170815073386, 4.762500000000000178 ) ) ;
#2541 = ORIENTED_EDGE ( 'NONE', *, *, #5156, .F. ) ;
#2542 = FACE_OUTER_BOUND ( 'NONE', #3544, .T. ) ;
#2543 = CARTESIAN_POINT ( 'NONE',  ( 76.04459609872823478, -47.76253138372468499, 4.762500000000000178 ) ) ;
#2544 = ORIENTED_EDGE ( 'NONE', *, *, #1208, .T. ) ;
#2545 = ADVANCED_FACE ( 'NONE', ( #3113 ), #4008, .F. ) ;
#2546 = CIRCLE ( 'NONE', #760, 101.7999999999998835 ) ;
#2547 = CIRCLE ( 'NONE', #3291, 1.999999999999988010 ) ;
#2548 = EDGE_CURVE ( 'NONE', #3233, #4768, #1444, .T. ) ;
#2549 = EDGE_CURVE ( 'NONE', #2367, #4221, #5021, .T. ) ;
#2550 = CARTESIAN_POINT ( 'NONE',  ( -95.81334586546464038, -13.78559951779065962, 4.762500000000000178 ) ) ;
#2551 = AXIS2_PLACEMENT_3D ( 'NONE', #1725, #3353, #4551 ) ;
#2552 = ORIENTED_EDGE ( 'NONE', *, *, #4827, .F. ) ;
#2553 = DIRECTION ( 'NONE',  ( 1.000000000000000000, 0.000000000000000000, 0.000000000000000000 ) ) ;
#2554 = ADVANCED_FACE ( 'NONE', ( #3582 ), #4355, .F. ) ;
#2555 = CARTESIAN_POINT ( 'NONE',  ( 30.03900718920555590, 3.157226878761403732, 4.762500000000000178 ) ) ;
#2556 = ORIENTED_EDGE ( 'NONE', *, *, #4604, .F. ) ;
#2557 = DIRECTION ( 'NONE',  ( 0.000000000000000000, 0.000000000000000000, 1.000000000000000000 ) ) ;
#2558 = CARTESIAN_POINT ( 'NONE',  ( 0.000000000000000000, 0.000000000000000000, 4.762500000000000178 ) ) ;
#2559 = CARTESIAN_POINT ( 'NONE',  ( -0.7939084701227995255, 6.829006834164759177, 4.762500000000000178 ) ) ;
#2560 = VERTEX_POINT ( 'NONE', #1515 ) ;
#2561 = FACE_OUTER_BOUND ( 'NONE', #289, .T. ) ;
#2562 = ORIENTED_EDGE ( 'NONE', *, *, #4375, .T. ) ;
#2563 = CARTESIAN_POINT ( 'NONE',  ( 31.40977308601330265, -18.22244667702121035, 4.762500000000000178 ) ) ;
#2564 = VECTOR ( 'NONE', #538, 1000.000000000000000 ) ;
#2565 = DIRECTION ( 'NONE',  ( -0.000000000000000000, 0.000000000000000000, 1.000000000000000000 ) ) ;
#2566 = ORIENTED_EDGE ( 'NONE', *, *, #287, .F. ) ;
#2567 = AXIS2_PLACEMENT_3D ( 'NONE', #2730, #3875, #5110 ) ;
#2568 = FACE_OUTER_BOUND ( 'NONE', #5054, .T. ) ;
#2569 = ORIENTED_EDGE ( 'NONE', *, *, #4983, .F. ) ;
#2570 = DIRECTION ( 'NONE',  ( 1.000000000000000000, 0.000000000000000000, 0.000000000000000000 ) ) ;
#2571 = CARTESIAN_POINT ( 'NONE',  ( 88.00615721895287891, 17.85934745596681239, 0.000000000000000000 ) ) ;
#2572 = CIRCLE ( 'NONE', #97, 6.874999999999978684 ) ;
#2573 = VERTEX_POINT ( 'NONE', #5247 ) ;
#2574 = ADVANCED_FACE ( 'NONE', ( #358 ), #685, .F. ) ;
#2575 = CARTESIAN_POINT ( 'NONE',  ( 13.99865631841015556, -98.81334738424244790, 0.000000000000000000 ) ) ;
#2576 = ORIENTED_EDGE ( 'NONE', *, *, #2736, .F. ) ;
#2577 = FACE_OUTER_BOUND ( 'NONE', #1533, .T. ) ;
#2578 = EDGE_CURVE ( 'NONE', #1591, #3533, #2813, .T. ) ;
#2579 = AXIS2_PLACEMENT_3D ( 'NONE', #1194, #396, #648 ) ;
#2580 = CIRCLE ( 'NONE', #2324, 2.000000000000001776 ) ;
#2581 = AXIS2_PLACEMENT_3D ( 'NONE', #4962, #1763, #1313 ) ;
#2582 = CARTESIAN_POINT ( 'NONE',  ( 75.89675150908259127, -56.80425257292428398, 0.000000000000000000 ) ) ;
#2583 = VERTEX_POINT ( 'NONE', #4843 ) ;
#2584 = CARTESIAN_POINT ( 'NONE',  ( 6.387611963342697763, 2.542447326054566581, -63.63961030678928665 ) ) ;
#2585 = CYLINDRICAL_SURFACE ( 'NONE', #5000, 12.00771292053051020 ) ;
#2586 = CIRCLE ( 'NONE', #4797, 4.999999999999997335 ) ;
#2587 = CIRCLE ( 'NONE', #3519, 4.999999999999997335 ) ;
#2588 = EDGE_CURVE ( 'NONE', #2341, #849, #1114, .T. ) ;
#2589 = ADVANCED_FACE ( 'NONE', ( #3955 ), #3162, .F. ) ;
#2590 = CARTESIAN_POINT ( 'NONE',  ( -79.96571527066774365, -39.63813232175769485, 4.762500000000000178 ) ) ;
#2591 = ORIENTED_EDGE ( 'NONE', *, *, #4983, .T. ) ;
#2592 = CYLINDRICAL_SURFACE ( 'NONE', #4947, 6.874999999999919176 ) ;
#2593 = ORIENTED_EDGE ( 'NONE', *, *, #4835, .F. ) ;
#2594 = FACE_OUTER_BOUND ( 'NONE', #959, .T. ) ;
#2595 = DIRECTION ( 'NONE',  ( -0.000000000000000000, 0.000000000000000000, 1.000000000000000000 ) ) ;
#2596 = ORIENTED_EDGE ( 'NONE', *, *, #4659, .F. ) ;
#2597 = VECTOR ( 'NONE', #3394, 1000.000000000000000 ) ;
#2598 = CARTESIAN_POINT ( 'NONE',  ( -65.98356140127042124, -69.50856140126921900, 4.762500000000000178 ) ) ;
#2599 = LINE ( 'NONE', #2226, #1009 ) ;
#2600 = ORIENTED_EDGE ( 'NONE', *, *, #2435, .T. ) ;
#2601 = CARTESIAN_POINT ( 'NONE',  ( -3.524999999999999911, 98.29995023471883542, 0.000000000000000000 ) ) ;
#2602 = CARTESIAN_POINT ( 'NONE',  ( -73.03356140126898310, 69.50856140127069693, 4.762500000000000178 ) ) ;
#2603 = ORIENTED_EDGE ( 'NONE', *, *, #2657, .T. ) ;
#2604 = EDGE_CURVE ( 'NONE', #2173, #4038, #2634, .T. ) ;
#2605 = CARTESIAN_POINT ( 'NONE',  ( 3.341267477998599578, 89.73781773388780891, 4.762500000000000178 ) ) ;
#2606 = ORIENTED_EDGE ( 'NONE', *, *, #2644, .T. ) ;
#2607 = CARTESIAN_POINT ( 'NONE',  ( 96.16837047789520909, -11.81736235612394204, 0.000000000000000000 ) ) ;
#2608 = VECTOR ( 'NONE', #1213, 1000.000000000000000 ) ;
#2609 = DIRECTION ( 'NONE',  ( -0.000000000000000000, -0.000000000000000000, 1.000000000000000000 ) ) ;
#2610 = ORIENTED_EDGE ( 'NONE', *, *, #4870, .T. ) ;
#2611 = DIRECTION ( 'NONE',  ( 0.000000000000000000, 0.000000000000000000, 1.000000000000000000 ) ) ;
#2612 = CYLINDRICAL_SURFACE ( 'NONE', #3882, 89.80000000000001137 ) ;
#2613 = EDGE_CURVE ( 'NONE', #811, #3946, #334, .T. ) ;
#2614 = AXIS2_PLACEMENT_3D ( 'NONE', #4985, #1730, #3750 ) ;
#2615 = AXIS2_PLACEMENT_3D ( 'NONE', #267, #3523, #4850 ) ;
#2616 = EDGE_CURVE ( 'NONE', #1398, #3314, #3214, .T. ) ;
#2617 = LINE ( 'NONE', #4238, #4914 ) ;
#2618 = ORIENTED_EDGE ( 'NONE', *, *, #3243, .F. ) ;
#2619 = VECTOR ( 'NONE', #1801, 1000.000000000000000 ) ;
#2620 = CARTESIAN_POINT ( 'NONE',  ( 69.50856140126998639, 69.50856140126973060, 4.762500000000000178 ) ) ;
#2621 = ORIENTED_EDGE ( 'NONE', *, *, #3650, .F. ) ;
#2622 = DIRECTION ( 'NONE',  ( -0.9135454576425986462, 0.4067366430758051488, 0.000000000000000000 ) ) ;
#2623 = FACE_OUTER_BOUND ( 'NONE', #4690, .T. ) ;
#2624 = ORIENTED_EDGE ( 'NONE', *, *, #357, .T. ) ;
#2625 = EDGE_CURVE ( 'NONE', #1322, #3709, #4251, .T. ) ;
#2626 = DIRECTION ( 'NONE',  ( 1.000000000000000000, 0.000000000000000000, 0.000000000000000000 ) ) ;
#2627 = DIRECTION ( 'NONE',  ( 0.000000000000000000, 0.000000000000000000, 1.000000000000000000 ) ) ;
#2628 = ORIENTED_EDGE ( 'NONE', *, *, #4431, .T. ) ;
#2629 =( LENGTH_UNIT ( ) NAMED_UNIT ( * ) SI_UNIT ( .MILLI., .METRE. ) );
#2630 = CARTESIAN_POINT ( 'NONE',  ( -6.311047636065538313, 2.726958513676442486, -63.63961030678928665 ) ) ;
#2631 = CYLINDRICAL_SURFACE ( 'NONE', #4784, 5.000000000000000888 ) ;
#2632 = DIRECTION ( 'NONE',  ( -1.000000000000000000, 0.000000000000000000, 0.000000000000000000 ) ) ;
#2633 = CARTESIAN_POINT ( 'NONE',  ( 98.74004717360722339, -12.00000000000068745, 0.000000000000000000 ) ) ;
#2634 = CIRCLE ( 'NONE', #3827, 106.8000000000000114 ) ;
#2635 = DIRECTION ( 'NONE',  ( -0.000000000000000000, -0.000000000000000000, 1.000000000000000000 ) ) ;
#2636 = ORIENTED_EDGE ( 'NONE', *, *, #3011, .F. ) ;
#2637 = DIRECTION ( 'NONE',  ( -0.000000000000000000, 0.000000000000000000, 1.000000000000000000 ) ) ;
#2638 = CARTESIAN_POINT ( 'NONE',  ( 61.33476159500217051, 78.30481188895214473, 0.000000000000000000 ) ) ;
#2639 = VERTEX_POINT ( 'NONE', #4146 ) ;
#2640 = DIRECTION ( 'NONE',  ( 1.000000000000000000, 0.000000000000000000, 0.000000000000000000 ) ) ;
#2641 = EDGE_LOOP ( 'NONE', ( #4811, #3885, #180, #3290, #577, #3877, #791, #4696, #4627, #1069 ) ) ;
#2642 = CARTESIAN_POINT ( 'NONE',  ( -100.7935747867325915, -14.27919051316786003, 0.000000000000000000 ) ) ;
#2643 = DIRECTION ( 'NONE',  ( -0.000000000000000000, 0.000000000000000000, 1.000000000000000000 ) ) ;
#2644 = EDGE_CURVE ( 'NONE', #3601, #2421, #4066, .T. ) ;
#2645 = ORIENTED_EDGE ( 'NONE', *, *, #3935, .F. ) ;
#2646 = AXIS2_PLACEMENT_3D ( 'NONE', #5149, #4388, #2399 ) ;
#2647 = DIRECTION ( 'NONE',  ( 1.000000000000000000, 0.000000000000000000, 0.000000000000000000 ) ) ;
#2648 = DIRECTION ( 'NONE',  ( 1.000000000000000000, 0.000000000000000000, 0.000000000000000000 ) ) ;
#2649 = ORIENTED_EDGE ( 'NONE', *, *, #3559, .T. ) ;
#2650 = FACE_OUTER_BOUND ( 'NONE', #3354, .T. ) ;
#2651 = CARTESIAN_POINT ( 'NONE',  ( 65.98356140126998071, 69.50856140126973060, 4.762500000000000178 ) ) ;
#2652 = FACE_BOUND ( 'NONE', #3103, .T. ) ;
#2653 = CARTESIAN_POINT ( 'NONE',  ( 98.74004717360737970, 11.99999999999999822, 0.000000000000000000 ) ) ;
#2654 = ADVANCED_FACE ( 'NONE', ( #501 ), #4871, .F. ) ;
#2655 = ORIENTED_EDGE ( 'NONE', *, *, #4475, .F. ) ;
#2656 = CARTESIAN_POINT ( 'NONE',  ( 71.81048718454515267, -45.10314767639034272, 4.762500000000000178 ) ) ;
#2657 = EDGE_CURVE ( 'NONE', #5172, #148, #1022, .T. ) ;
#2658 = CARTESIAN_POINT ( 'NONE',  ( -13.78559951779067738, 95.81334586546475407, 0.000000000000000000 ) ) ;
#2659 = ORIENTED_EDGE ( 'NONE', *, *, #129, .T. ) ;
#2660 = CYLINDRICAL_SURFACE ( 'NONE', #3710, 2.000000000000001776 ) ;
#2661 = AXIS2_PLACEMENT_3D ( 'NONE', #325, #3922, #3947 ) ;
#2662 = AXIS2_PLACEMENT_3D ( 'NONE', #2325, #2820, #4444 ) ;
#2663 = FACE_OUTER_BOUND ( 'NONE', #1541, .T. ) ;
#2664 = ORIENTED_EDGE ( 'NONE', *, *, #956, .T. ) ;
#2665 = CARTESIAN_POINT ( 'NONE',  ( 5.517139165942796630, 4.102048320488412614, 0.000000000000000000 ) ) ;
#2666 = ORIENTED_EDGE ( 'NONE', *, *, #1808, .F. ) ;
#2667 = CIRCLE ( 'NONE', #3095, 12.00771944335239638 ) ;
#2668 = CARTESIAN_POINT ( 'NONE',  ( 88.00615721895287891, 17.85934745596681239, 4.762500000000000178 ) ) ;
#2669 = CARTESIAN_POINT ( 'NONE',  ( 98.81334738424240527, -13.99865631841085190, 0.000000000000000000 ) ) ;
#2670 = ORIENTED_EDGE ( 'NONE', *, *, #647, .T. ) ;
#2671 = DIRECTION ( 'NONE',  ( -0.000000000000000000, 0.000000000000000000, 1.000000000000000000 ) ) ;
#2672 = CARTESIAN_POINT ( 'NONE',  ( -8.155228086120867914, -84.74127999814818679, 0.000000000000000000 ) ) ;
#2673 = VERTEX_POINT ( 'NONE', #928 ) ;
#2674 = DIRECTION ( 'NONE',  ( 1.000000000000000000, 0.000000000000000000, 0.000000000000000000 ) ) ;
#2675 = DIRECTION ( 'NONE',  ( -0.000000000000000000, -0.000000000000000000, -1.000000000000000000 ) ) ;
#2676 = EDGE_CURVE ( 'NONE', #935, #4973, #38, .T. ) ;
#2677 = DIRECTION ( 'NONE',  ( -0.000000000000000000, -0.000000000000000000, 1.000000000000000000 ) ) ;
#2678 = CARTESIAN_POINT ( 'NONE',  ( -79.76991633572687590, -59.97333113802422133, 0.000000000000000000 ) ) ;
#2679 = ORIENTED_EDGE ( 'NONE', *, *, #535, .F. ) ;
#2680 = CARTESIAN_POINT ( 'NONE',  ( 59.46972720135971002, -67.28589411307439150, 0.000000000000000000 ) ) ;
#2681 = CIRCLE ( 'NONE', #2174, 2.000000000000015543 ) ;
#2682 = ADVANCED_FACE ( 'NONE', ( #2145 ), #4978, .F. ) ;
#2683 = FACE_OUTER_BOUND ( 'NONE', #3704, .T. ) ;
#2684 = VERTEX_POINT ( 'NONE', #4524 ) ;
#2685 = AXIS2_PLACEMENT_3D ( 'NONE', #5083, #4686, #4278 ) ;
#2686 = LINE ( 'NONE', #1391, #3035 ) ;
#2687 = ORIENTED_EDGE ( 'NONE', *, *, #4035, .F. ) ;
#2688 = PLANE ( 'NONE',  #523 ) ;
#2689 = ORIENTED_EDGE ( 'NONE', *, *, #3190, .F. ) ;
#2690 = CIRCLE ( 'NONE', #2275, 2.000000000000008882 ) ;
#2691 = CARTESIAN_POINT ( 'NONE',  ( 94.77495023471882973, -3.432124423190184911E-13, 4.762500000000000178 ) ) ;
#2692 = CIRCLE ( 'NONE', #3381, 1.999999999999993117 ) ;
#2693 = ORIENTED_EDGE ( 'NONE', *, *, #1910, .T. ) ;
#2694 = EDGE_CURVE ( 'NONE', #3757, #942, #1616, .T. ) ;
#2695 = EDGE_CURVE ( 'NONE', #2079, #4067, #3905, .T. ) ;
#2696 = AXIS2_PLACEMENT_3D ( 'NONE', #2317, #3934, #394 ) ;
#2697 = CYLINDRICAL_SURFACE ( 'NONE', #4969, 2.000000000000015543 ) ;
#2698 = CARTESIAN_POINT ( 'NONE',  ( -76.99939848604678616, -35.07040503354470928, 4.762500000000000178 ) ) ;
#2699 = ORIENTED_EDGE ( 'NONE', *, *, #2033, .T. ) ;
#2700 = DIRECTION ( 'NONE',  ( 1.000000000000000000, 0.000000000000000000, 0.000000000000000000 ) ) ;
#2701 = CARTESIAN_POINT ( 'NONE',  ( 59.64545974338786749, 76.35722927183257980, 0.000000000000000000 ) ) ;
#2702 = FACE_BOUND ( 'NONE', #4954, .T. ) ;
#2703 = CIRCLE ( 'NONE', #2016, 2.000000000000001776 ) ;
#2704 = DIRECTION ( 'NONE',  ( 1.000000000000000000, 0.000000000000000000, 0.000000000000000000 ) ) ;
#2705 = ORIENTED_EDGE ( 'NONE', *, *, #3646, .F. ) ;
#2706 = LINE ( 'NONE', #5137, #3388 ) ;
#2707 = AXIS2_PLACEMENT_3D ( 'NONE', #413, #5215, #3687 ) ;
#2708 = EDGE_CURVE ( 'NONE', #2532, #3357, #4596, .T. ) ;
#2709 = EDGE_CURVE ( 'NONE', #3666, #2510, #3146, .T. ) ;
#2710 = EDGE_CURVE ( 'NONE', #362, #4126, #4899, .T. ) ;
#2711 = CARTESIAN_POINT ( 'NONE',  ( 59.97332584122748500, -79.76992031801138694, 0.000000000000000000 ) ) ;
#2712 = VECTOR ( 'NONE', #2914, 1000.000000000000000 ) ;
#2713 = ORIENTED_EDGE ( 'NONE', *, *, #4336, .F. ) ;
#2714 = AXIS2_PLACEMENT_3D ( 'NONE', #3536, #2366, #1088 ) ;
#2715 = LINE ( 'NONE', #2187, #1163 ) ;
#2716 = VERTEX_POINT ( 'NONE', #3721 ) ;
#2717 = CARTESIAN_POINT ( 'NONE',  ( -79.38586357672126326, -41.97528635016322340, 4.762500000000000178 ) ) ;
#2718 = VERTEX_POINT ( 'NONE', #3665 ) ;
#2719 = CIRCLE ( 'NONE', #421, 2.000000000000008882 ) ;
#2720 = DIRECTION ( 'NONE',  ( 1.000000000000000000, 0.000000000000000000, 0.000000000000000000 ) ) ;
#2721 = DIRECTION ( 'NONE',  ( 0.000000000000000000, 0.000000000000000000, 1.000000000000000000 ) ) ;
#2722 = ADVANCED_FACE ( 'NONE', ( #3273 ), #2472, .T. ) ;
#2723 = ORIENTED_EDGE ( 'NONE', *, *, #5027, .F. ) ;
#2724 = EDGE_CURVE ( 'NONE', #669, #766, #4122, .T. ) ;
#2725 = CYLINDRICAL_SURFACE ( 'NONE', #2662, 3.524999999999986589 ) ;
#2726 = CARTESIAN_POINT ( 'NONE',  ( -61.17520150151159442, 81.36851185347731530, 4.762500000000000178 ) ) ;
#2727 = VERTEX_POINT ( 'NONE', #877 ) ;
#2728 = DIRECTION ( 'NONE',  ( -0.1045284632676461711, -0.9945218953682740670, 0.000000000000000000 ) ) ;
#2729 = CARTESIAN_POINT ( 'NONE',  ( -0.9919820095244928915, -6.803057892799127870, 0.000000000000000000 ) ) ;
#2730 = CARTESIAN_POINT ( 'NONE',  ( 4.652889801852896530E-22, 98.29995023471883542, 0.000000000000000000 ) ) ;
#2731 = DIRECTION ( 'NONE',  ( 1.000000000000000000, 0.000000000000000000, 0.000000000000000000 ) ) ;
#2732 = VERTEX_POINT ( 'NONE', #1646 ) ;
#2733 = DIRECTION ( 'NONE',  ( -0.000000000000000000, -0.000000000000000000, 1.000000000000000000 ) ) ;
#2734 = EDGE_CURVE ( 'NONE', #3990, #3245, #3228, .T. ) ;
#2735 = CARTESIAN_POINT ( 'NONE',  ( -98.29995023471883542, 1.029637326026477537E-12, 4.762500000000000178 ) ) ;
#2736 = EDGE_CURVE ( 'NONE', #3676, #3357, #248, .T. ) ;
#2737 = AXIS2_PLACEMENT_3D ( 'NONE', #3705, #2509, #3363 ) ;
#2738 = ORIENTED_EDGE ( 'NONE', *, *, #3916, .F. ) ;
#2739 = CARTESIAN_POINT ( 'NONE',  ( -29.64641732912901873, 20.64949766014550292, 0.000000000000000000 ) ) ;
#2740 = ORIENTED_EDGE ( 'NONE', *, *, #2625, .T. ) ;
#2741 = CARTESIAN_POINT ( 'NONE',  ( -6.864248841727479887E-13, -98.29995023471883542, 0.000000000000000000 ) ) ;
#2742 = CARTESIAN_POINT ( 'NONE',  ( -1.143994730821440431, 33.57224838517163334, 4.762500000000000178 ) ) ;
#2743 = FACE_OUTER_BOUND ( 'NONE', #331, .T. ) ;
#2744 = ORIENTED_EDGE ( 'NONE', *, *, #4070, .T. ) ;
#2745 = VECTOR ( 'NONE', #4154, 1000.000000000000000 ) ;
#2746 = EDGE_CURVE ( 'NONE', #2573, #3533, #1699, .T. ) ;
#2747 = EDGE_CURVE ( 'NONE', #935, #3741, #2923, .T. ) ;
#2748 = DIRECTION ( 'NONE',  ( -0.000000000000000000, -0.000000000000000000, 1.000000000000000000 ) ) ;
#2749 = CIRCLE ( 'NONE', #20, 89.80000000000001137 ) ;
#2750 = FACE_BOUND ( 'NONE', #3064, .T. ) ;
#2751 = ORIENTED_EDGE ( 'NONE', *, *, #1241, .F. ) ;
#2752 = CARTESIAN_POINT ( 'NONE',  ( 76.04459609872823478, -47.76253138372468499, 0.000000000000000000 ) ) ;
#2753 = CARTESIAN_POINT ( 'NONE',  ( -1.082168200009695258E-13, 1.938889539019461736E-13, 4.762500000000000178 ) ) ;
#2754 = VERTEX_POINT ( 'NONE', #2605 ) ;
#2755 = VECTOR ( 'NONE', #2141, 1000.000000000000000 ) ;
#2756 = CARTESIAN_POINT ( 'NONE',  ( 73.03356140126999207, 69.50856140126973060, 4.762500000000000178 ) ) ;
#2757 = EDGE_LOOP ( 'NONE', ( #2003, #34, #514, #1436, #27, #4946, #4367 ) ) ;
#2758 = DIRECTION ( 'NONE',  ( 1.000000000000000000, 0.000000000000000000, 0.000000000000000000 ) ) ;
#2759 = DIRECTION ( 'NONE',  ( 1.000000000000000000, 0.000000000000000000, 0.000000000000000000 ) ) ;
#2760 = ORIENTED_EDGE ( 'NONE', *, *, #2184, .T. ) ;
#2761 = EDGE_CURVE ( 'NONE', #1724, #2673, #2040, .T. ) ;
#2762 = DIRECTION ( 'NONE',  ( 1.000000000000000000, 0.000000000000000000, 0.000000000000000000 ) ) ;
#2763 = ORIENTED_EDGE ( 'NONE', *, *, #3532, .F. ) ;
#2764 = AXIS2_PLACEMENT_3D ( 'NONE', #370, #5181, #3616 ) ;
#2765 = EDGE_CURVE ( 'NONE', #450, #1865, #980, .T. ) ;
#2766 = CARTESIAN_POINT ( 'NONE',  ( -1.082168200009695258E-13, 1.938889539019461736E-13, 0.000000000000000000 ) ) ;
#2767 = ORIENTED_EDGE ( 'NONE', *, *, #3943, .F. ) ;
#2768 = CARTESIAN_POINT ( 'NONE',  ( 95.81334586546434195, -13.78559951779128845, 0.000000000000000000 ) ) ;
#2769 = CARTESIAN_POINT ( 'NONE',  ( 0.000000000000000000, 0.000000000000000000, 0.000000000000000000 ) ) ;
#2770 = PLANE ( 'NONE',  #813 ) ;
#2771 = ORIENTED_EDGE ( 'NONE', *, *, #854, .F. ) ;
#2772 = EDGE_CURVE ( 'NONE', #923, #1591, #5280, .T. ) ;
#2773 = EDGE_CURVE ( 'NONE', #5009, #921, #168, .T. ) ;
#2774 = CARTESIAN_POINT ( 'NONE',  ( -65.98356140126901437, 69.50856140127069693, 4.762500000000000178 ) ) ;
#2775 = CIRCLE ( 'NONE', #3457, 12.00806750962217428 ) ;
#2776 = CARTESIAN_POINT ( 'NONE',  ( -59.64545493362334838, -76.35723283372485071, 4.762500000000000178 ) ) ;
#2777 = AXIS2_PLACEMENT_3D ( 'NONE', #631, #3876, #121 ) ;
#2778 = ORIENTED_EDGE ( 'NONE', *, *, #3456, .F. ) ;
#2779 = DIRECTION ( 'NONE',  ( -0.000000000000000000, 0.000000000000000000, 1.000000000000000000 ) ) ;
#2780 = FACE_OUTER_BOUND ( 'NONE', #365, .T. ) ;
#2781 = ORIENTED_EDGE ( 'NONE', *, *, #1057, .T. ) ;
#2782 = ADVANCED_FACE ( 'NONE', ( #3406 ), #5112, .F. ) ;
#2783 = AXIS2_PLACEMENT_3D ( 'NONE', #5012, #4173, #4501 ) ;
#2784 = AXIS2_PLACEMENT_3D ( 'NONE', #1625, #3643, #4504 ) ;
#2785 = CARTESIAN_POINT ( 'NONE',  ( 28.53643001759746767, 85.14524156904343499, 4.762500000000000178 ) ) ;
#2786 = ORIENTED_EDGE ( 'NONE', *, *, #1347, .F. ) ;
#2787 = DIRECTION ( 'NONE',  ( -1.000000000000000000, 0.000000000000000000, 0.000000000000000000 ) ) ;
#2788 = DIRECTION ( 'NONE',  ( 0.000000000000000000, -0.000000000000000000, -1.000000000000000000 ) ) ;
#2789 = ORIENTED_EDGE ( 'NONE', *, *, #91, .F. ) ;
#2790 = APPLICATION_CONTEXT ( 'automotive_design' ) ;
#2791 = CIRCLE ( 'NONE', #5095, 12.00771292053051020 ) ;
#2792 = CARTESIAN_POINT ( 'NONE',  ( -73.03356140127041840, -69.50856140126921900, 4.762500000000000178 ) ) ;
#2793 = VERTEX_POINT ( 'NONE', #3001 ) ;
#2794 = CARTESIAN_POINT ( 'NONE',  ( 59.97332584122748500, -79.76992031801138694, 0.000000000000000000 ) ) ;
#2795 = EDGE_LOOP ( 'NONE', ( #2308, #2789 ) ) ;
#2796 = CARTESIAN_POINT ( 'NONE',  ( 59.97332584122748500, -79.76992031801138694, 4.762500000000000178 ) ) ;
#2797 = CARTESIAN_POINT ( 'NONE',  ( 29.64641732913592875, -20.64949766014608201, 4.762500000000000178 ) ) ;
#2798 = CARTESIAN_POINT ( 'NONE',  ( -69.50856140126900584, 69.50856140127069693, 4.762500000000000178 ) ) ;
#2799 = ORIENTED_EDGE ( 'NONE', *, *, #659, .T. ) ;
#2800 = CARTESIAN_POINT ( 'NONE',  ( 76.35722927183275033, 59.64545974338755485, 0.000000000000000000 ) ) ;
#2801 = VECTOR ( 'NONE', #2288, 1000.000000000000000 ) ;
#2802 = CARTESIAN_POINT ( 'NONE',  ( 12.00000000000001421, -98.74004717360726602, 0.000000000000000000 ) ) ;
#2803 = ORIENTED_EDGE ( 'NONE', *, *, #2888, .F. ) ;
#2804 = CARTESIAN_POINT ( 'NONE',  ( 76.35723671746239916, -59.64544968925797974, 4.762500000000000178 ) ) ;
#2805 = CARTESIAN_POINT ( 'NONE',  ( 0.7159884922321395617, -0.07525342293507843172, 4.762500000000000178 ) ) ;
#2806 = ORIENTED_EDGE ( 'NONE', *, *, #3000, .F. ) ;
#2807 = DIRECTION ( 'NONE',  ( -0.000000000000000000, -0.000000000000000000, -1.000000000000000000 ) ) ;
#2808 = ORIENTED_EDGE ( 'NONE', *, *, #2724, .T. ) ;
#2809 = DIRECTION ( 'NONE',  ( -0.000000000000000000, -0.000000000000000000, 1.000000000000000000 ) ) ;
#2810 = CARTESIAN_POINT ( 'NONE',  ( 0.000000000000000000, 0.000000000000000000, 4.762500000000000178 ) ) ;
#2811 = ORIENTED_EDGE ( 'NONE', *, *, #3175, .F. ) ;
#2812 = EDGE_CURVE ( 'NONE', #2583, #2161, #1364, .T. ) ;
#2813 = LINE ( 'NONE', #3930, #594 ) ;
#2814 = ORIENTED_EDGE ( 'NONE', *, *, #4634, .F. ) ;
#2815 = AXIS2_PLACEMENT_3D ( 'NONE', #1393, #1417, #5098 ) ;
#2816 = EDGE_CURVE ( 'NONE', #265, #1516, #2470, .T. ) ;
#2817 = ORIENTED_EDGE ( 'NONE', *, *, #5268, .T. ) ;
#2818 = DIRECTION ( 'NONE',  ( -0.000000000000000000, -0.000000000000000000, 1.000000000000000000 ) ) ;
#2819 = EDGE_LOOP ( 'NONE', ( #466, #2689, #4552, #770 ) ) ;
#2820 = DIRECTION ( 'NONE',  ( -0.000000000000000000, -0.000000000000000000, -1.000000000000000000 ) ) ;
#2821 = DIRECTION ( 'NONE',  ( 1.000000000000000000, 0.000000000000000000, 0.000000000000000000 ) ) ;
#2822 = AXIS2_PLACEMENT_3D ( 'NONE', #939, #3340, #3313 ) ;
#2823 = LINE ( 'NONE', #801, #340 ) ;
#2824 = DIRECTION ( 'NONE',  ( 1.000000000000000000, 0.000000000000000000, 0.000000000000000000 ) ) ;
#2825 = ORIENTED_EDGE ( 'NONE', *, *, #3692, .T. ) ;
#2826 = DIRECTION ( 'NONE',  ( 1.000000000000000000, 0.000000000000000000, 0.000000000000000000 ) ) ;
#2827 = FACE_BOUND ( 'NONE', #2757, .T. ) ;
#2828 = ORIENTED_EDGE ( 'NONE', *, *, #4938, .F. ) ;
#2829 = FACE_OUTER_BOUND ( 'NONE', #4384, .T. ) ;
#2830 = CARTESIAN_POINT ( 'NONE',  ( -74.96571527066774365, -39.63813232175769485, 4.762500000000000178 ) ) ;
#2831 = ORIENTED_EDGE ( 'NONE', *, *, #372, .T. ) ;
#2832 = AXIS2_PLACEMENT_3D ( 'NONE', #4486, #4514, #867 ) ;
#2833 = CYLINDRICAL_SURFACE ( 'NONE', #3301, 12.00771944335239638 ) ;
#2834 = ORIENTED_EDGE ( 'NONE', *, *, #4361, .F. ) ;
#2835 = EDGE_CURVE ( 'NONE', #1999, #3069, #2719, .T. ) ;
#2836 = CARTESIAN_POINT ( 'NONE',  ( -68.87156092308092070, 49.14823264826813443, 4.762500000000000178 ) ) ;
#2837 = DIRECTION ( 'NONE',  ( 1.000000000000000000, 0.000000000000000000, 0.000000000000000000 ) ) ;
#2838 = VECTOR ( 'NONE', #5159, 1000.000000000000000 ) ;
#2839 = CIRCLE ( 'NONE', #4199, 2.000000000000013767 ) ;
#2840 = ORIENTED_EDGE ( 'NONE', *, *, #2, .F. ) ;
#2841 = DIRECTION ( 'NONE',  ( 1.000000000000000000, 0.000000000000000000, 0.000000000000000000 ) ) ;
#2842 = VERTEX_POINT ( 'NONE', #177 ) ;
#2843 = CARTESIAN_POINT ( 'NONE',  ( -5.395629953818274593, 4.260610566745032912, 4.762500000000000178 ) ) ;
#2844 = ORIENTED_EDGE ( 'NONE', *, *, #2816, .F. ) ;
#2845 = CARTESIAN_POINT ( 'NONE',  ( 0.000000000000000000, 0.000000000000000000, 4.762500000000000178 ) ) ;
#2846 = CYLINDRICAL_SURFACE ( 'NONE', #309, 12.00806750962116176 ) ;
#2847 = DIRECTION ( 'NONE',  ( 1.000000000000000000, 0.000000000000000000, 0.000000000000000000 ) ) ;
#2848 = EDGE_LOOP ( 'NONE', ( #458, #3791, #4502, #1927 ) ) ;
#2849 = CIRCLE ( 'NONE', #1832, 2.000000000000001776 ) ;
#2850 = DIRECTION ( 'NONE',  ( 0.4873652302315863438, -0.8731982205440600442, 0.000000000000000000 ) ) ;
#2851 = ORIENTED_EDGE ( 'NONE', *, *, #3619, .F. ) ;
#2852 = CARTESIAN_POINT ( 'NONE',  ( -101.8249502347188411, 1.029637326026477537E-12, 0.000000000000000000 ) ) ;
#2853 = VERTEX_POINT ( 'NONE', #553 ) ;
#2854 = CARTESIAN_POINT ( 'NONE',  ( -106.8000000000000114, 0.000000000000000000, 4.762500000000000178 ) ) ;
#2855 = DIRECTION ( 'NONE',  ( -0.9135454576425984241, 0.4067366430758055929, 0.000000000000000000 ) ) ;
#2856 = EDGE_CURVE ( 'NONE', #442, #5126, #149, .T. ) ;
#2857 = ORIENTED_EDGE ( 'NONE', *, *, #3984, .F. ) ;
#2858 = AXIS2_PLACEMENT_3D ( 'NONE', #1302, #1783, #3430 ) ;
#2859 = AXIS2_PLACEMENT_3D ( 'NONE', #4352, #3507, #1581 ) ;
#2860 = DIRECTION ( 'NONE',  ( -0.000000000000000000, -0.000000000000000000, 1.000000000000000000 ) ) ;
#2861 = ORIENTED_EDGE ( 'NONE', *, *, #4602, .T. ) ;
#2862 = CARTESIAN_POINT ( 'NONE',  ( 26.94754193198513192, 80.40441520105659379, 4.762500000000000178 ) ) ;
#2863 = CARTESIAN_POINT ( 'NONE',  ( 95.81334586546448406, 13.78559951779062942, 4.762500000000000178 ) ) ;
#2864 = AXIS2_PLACEMENT_3D ( 'NONE', #5199, #2018, #364 ) ;
#2865 = ORIENTED_EDGE ( 'NONE', *, *, #2342, .T. ) ;
#2866 = VECTOR ( 'NONE', #4743, 1000.000000000000000 ) ;
#2867 = AXIS2_PLACEMENT_3D ( 'NONE', #3398, #974, #3473 ) ;
#2868 = AXIS2_PLACEMENT_3D ( 'NONE', #5052, #1027, #1401 ) ;
#2869 = CARTESIAN_POINT ( 'NONE',  ( -13.78559951779067738, 95.81334586546475407, 0.000000000000000000 ) ) ;
#2870 = EDGE_LOOP ( 'NONE', ( #664, #234, #2473, #4952 ) ) ;
#2871 = EDGE_CURVE ( 'NONE', #764, #676, #657, .T. ) ;
#2872 = EDGE_CURVE ( 'NONE', #3235, #5250, #3025, .T. ) ;
#2873 = PLANE ( 'NONE',  #1162 ) ;
#2874 = ORIENTED_EDGE ( 'NONE', *, *, #2990, .F. ) ;
#2875 = CYLINDRICAL_SURFACE ( 'NONE', #4196, 101.7999999999998977 ) ;
#2876 = DIRECTION ( 'NONE',  ( -0.000000000000000000, -0.000000000000000000, 1.000000000000000000 ) ) ;
#2877 = DIRECTION ( 'NONE',  ( 0.000000000000000000, -0.000000000000000000, -1.000000000000000000 ) ) ;
#2878 = AXIS2_PLACEMENT_3D ( 'NONE', #1697, #4192, #1778 ) ;
#2879 = EDGE_LOOP ( 'NONE', ( #4511, #2705, #4645, #3440 ) ) ;
#2880 = EDGE_CURVE ( 'NONE', #2374, #265, #4630, .T. ) ;
#2881 = CARTESIAN_POINT ( 'NONE',  ( 61.97332584122749211, -79.76992031801138694, 4.762500000000000178 ) ) ;
#2882 = ORIENTED_EDGE ( 'NONE', *, *, #258, .F. ) ;
#2883 = CARTESIAN_POINT ( 'NONE',  ( 77.49794879830378136, -58.00265452593951210, 0.000000000000000000 ) ) ;
#2884 = ORIENTED_EDGE ( 'NONE', *, *, #3169, .F. ) ;
#2885 = EDGE_CURVE ( 'NONE', #637, #3973, #2436, .T. ) ;
#2886 = CARTESIAN_POINT ( 'NONE',  ( -76.35723283372590231, -59.64545493362207651, 0.000000000000000000 ) ) ;
#2887 = DIRECTION ( 'NONE',  ( -0.000000000000000000, -0.000000000000000000, -1.000000000000000000 ) ) ;
#2888 = EDGE_CURVE ( 'NONE', #985, #3604, #655, .T. ) ;
#2889 = ORIENTED_EDGE ( 'NONE', *, *, #749, .F. ) ;
#2890 = VECTOR ( 'NONE', #2635, 1000.000000000000000 ) ;
#2891 = LINE ( 'NONE', #3740, #3884 ) ;
#2892 = VERTEX_POINT ( 'NONE', #3852 ) ;
#2893 = DIRECTION ( 'NONE',  ( 0.000000000000000000, -0.000000000000000000, -1.000000000000000000 ) ) ;
#2894 = DIRECTION ( 'NONE',  ( 1.000000000000000000, 0.000000000000000000, 0.000000000000000000 ) ) ;
#2895 = AXIS2_PLACEMENT_3D ( 'NONE', #2445, #1330, #446 ) ;
#2896 = EDGE_LOOP ( 'NONE', ( #1565, #3617, #4949, #2054 ) ) ;
#2897 = CARTESIAN_POINT ( 'NONE',  ( -13.99865631841015912, 98.81334738424284581, 4.762500000000000178 ) ) ;
#2898 = AXIS2_PLACEMENT_3D ( 'NONE', #2218, #3493, #1043 ) ;
#2899 = ORIENTED_EDGE ( 'NONE', *, *, #2, .T. ) ;
#2900 = CIRCLE ( 'NONE', #768, 12.00806750962183145 ) ;
#2901 = DIRECTION ( 'NONE',  ( -0.000000000000000000, -0.000000000000000000, 1.000000000000000000 ) ) ;
#2902 = ORIENTED_EDGE ( 'NONE', *, *, #1279, .F. ) ;
#2903 = DIRECTION ( 'NONE',  ( 1.000000000000000000, 0.000000000000000000, 0.000000000000000000 ) ) ;
#2904 = CARTESIAN_POINT ( 'NONE',  ( -3.341267477991202828, -89.73781773388809313, 4.762500000000000178 ) ) ;
#2905 = EDGE_CURVE ( 'NONE', #4636, #5174, #3540, .T. ) ;
#2906 = DIRECTION ( 'NONE',  ( -0.000000000000000000, -0.000000000000000000, 1.000000000000000000 ) ) ;
#2907 = ORIENTED_EDGE ( 'NONE', *, *, #4336, .T. ) ;
#2908 = DIRECTION ( 'NONE',  ( -0.000000000000000000, 0.000000000000000000, 1.000000000000000000 ) ) ;
#2909 = ORIENTED_EDGE ( 'NONE', *, *, #1081, .F. ) ;
#2910 = DIRECTION ( 'NONE',  ( 0.000000000000000000, 0.000000000000000000, 1.000000000000000000 ) ) ;
#2911 = ORIENTED_EDGE ( 'NONE', *, *, #3559, .F. ) ;
#2912 = DIRECTION ( 'NONE',  ( -0.000000000000000000, 0.000000000000000000, 1.000000000000000000 ) ) ;
#2913 = AXIS2_PLACEMENT_3D ( 'NONE', #2484, #4483, #1290 ) ;
#2914 = DIRECTION ( 'NONE',  ( -0.8586697805738354727, 0.5125292264147296439, 0.000000000000000000 ) ) ;
#2915 = ORIENTED_EDGE ( 'NONE', *, *, #4613, .F. ) ;
#2916 = EDGE_CURVE ( 'NONE', #126, #815, #223, .T. ) ;
#2917 = DIRECTION ( 'NONE',  ( -0.000000000000000000, -0.000000000000000000, 1.000000000000000000 ) ) ;
#2918 = EDGE_LOOP ( 'NONE', ( #4026, #4601, #2591, #2993 ) ) ;
#2919 = CARTESIAN_POINT ( 'NONE',  ( -13.99865631841015912, 98.81334738424284581, 0.000000000000000000 ) ) ;
#2920 = DIRECTION ( 'NONE',  ( -0.9135454576425979800, -0.4067366430758067586, 0.000000000000000000 ) ) ;
#2921 = ORIENTED_EDGE ( 'NONE', *, *, #854, .T. ) ;
#2922 = VECTOR ( 'NONE', #3072, 1000.000000000000000 ) ;
#2923 = LINE ( 'NONE', #3771, #599 ) ;
#2924 = VECTOR ( 'NONE', #1607, 1000.000000000000000 ) ;
#2925 = ORIENTED_EDGE ( 'NONE', *, *, #1278, .F. ) ;
#2926 = DIRECTION ( 'NONE',  ( -0.000000000000000000, -0.000000000000000000, 1.000000000000000000 ) ) ;
#2927 = ADVANCED_FACE ( 'NONE', ( #224 ), #3376, .T. ) ;
#2928 = AXIS2_PLACEMENT_3D ( 'NONE', #3715, #64, #4951 ) ;
#2929 = DIRECTION ( 'NONE',  ( -0.000000000000000000, -0.000000000000000000, -1.000000000000000000 ) ) ;
#2930 = ORIENTED_EDGE ( 'NONE', *, *, #273, .F. ) ;
#2931 = DIRECTION ( 'NONE',  ( -0.000000000000000000, -0.000000000000000000, -1.000000000000000000 ) ) ;
#2932 = DIRECTION ( 'NONE',  ( 1.000000000000000000, 0.000000000000000000, 0.000000000000000000 ) ) ;
#2933 = DIRECTION ( 'NONE',  ( -1.000000000000000000, 0.000000000000000000, 0.000000000000000000 ) ) ;
#2934 = CARTESIAN_POINT ( 'NONE',  ( -8.127837562962239915, -84.21863768180996601, 0.000000000000000000 ) ) ;
#2935 = EDGE_LOOP ( 'NONE', ( #2471, #990, #3777, #3683 ) ) ;
#2936 = FACE_OUTER_BOUND ( 'NONE', #2819, .T. ) ;
#2937 = ADVANCED_FACE ( 'NONE', ( #3481 ), #4605, .T. ) ;
#2938 = ORIENTED_EDGE ( 'NONE', *, *, #4894, .T. ) ;
#2939 = LINE ( 'NONE', #4918, #285 ) ;
#2940 = CARTESIAN_POINT ( 'NONE',  ( 56.80425257292338870, -75.89675150908324497, 0.000000000000000000 ) ) ;
#2941 = CIRCLE ( 'NONE', #2764, 2.000000000000008882 ) ;
#2942 = EDGE_CURVE ( 'NONE', #1199, #4578, #1556, .T. ) ;
#2943 = ORIENTED_EDGE ( 'NONE', *, *, #417, .T. ) ;
#2944 = EDGE_CURVE ( 'NONE', #2684, #1322, #3977, .T. ) ;
#2945 = LINE ( 'NONE', #2036, #3960 ) ;
#2946 = ORIENTED_EDGE ( 'NONE', *, *, #3691, .T. ) ;
#2947 = DIRECTION ( 'NONE',  ( -0.000000000000000000, -0.000000000000000000, -1.000000000000000000 ) ) ;
#2948 = CARTESIAN_POINT ( 'NONE',  ( 0.000000000000000000, 0.000000000000000000, 4.762500000000000178 ) ) ;
#2949 = ADVANCED_FACE ( 'NONE', ( #4328 ), #2334, .F. ) ;
#2950 = ORIENTED_EDGE ( 'NONE', *, *, #4981, .F. ) ;
#2951 = DIRECTION ( 'NONE',  ( 1.000000000000000000, 0.000000000000000000, 0.000000000000000000 ) ) ;
#2952 = EDGE_LOOP ( 'NONE', ( #371, #4821 ) ) ;
#2953 = DIRECTION ( 'NONE',  ( -0.000000000000000000, 0.000000000000000000, 1.000000000000000000 ) ) ;
#2954 = AXIS2_PLACEMENT_3D ( 'NONE', #638, #1958, #3578 ) ;
#2955 = VECTOR ( 'NONE', #4810, 1000.000000000000000 ) ;
#2956 = CIRCLE ( 'NONE', #3716, 12.00806750962183145 ) ;
#2957 = CARTESIAN_POINT ( 'NONE',  ( 58.00265452593868076, -77.49794879830439243, 0.000000000000000000 ) ) ;
#2958 = VERTEX_POINT ( 'NONE', #1131 ) ;
#2959 = CARTESIAN_POINT ( 'NONE',  ( -69.50856140127041272, -69.50856140126921900, 4.762500000000000178 ) ) ;
#2960 = CARTESIAN_POINT ( 'NONE',  ( -13.99865631841153224, -98.81334738424227737, 0.000000000000000000 ) ) ;
#2961 = AXIS2_PLACEMENT_3D ( 'NONE', #3160, #658, #3854 ) ;
#2962 = DIRECTION ( 'NONE',  ( 0.000000000000000000, -0.000000000000000000, -1.000000000000000000 ) ) ;
#2963 = EDGE_LOOP ( 'NONE', ( #3316, #3976, #4257, #1793 ) ) ;
#2964 = LINE ( 'NONE', #2080, #96 ) ;
#2965 = EDGE_LOOP ( 'NONE', ( #132, #621 ) ) ;
#2966 = CARTESIAN_POINT ( 'NONE',  ( 98.81334738424240527, -13.99865631841085190, 0.000000000000000000 ) ) ;
#2967 = DIRECTION ( 'NONE',  ( 1.000000000000000000, 0.000000000000000000, 0.000000000000000000 ) ) ;
#2968 = EDGE_LOOP ( 'NONE', ( #3726, #1561, #4093, #3568 ) ) ;
#2969 = EDGE_CURVE ( 'NONE', #3553, #1461, #3115, .T. ) ;
#2970 = CIRCLE ( 'NONE', #3731, 94.80000000000021032 ) ;
#2971 = FACE_OUTER_BOUND ( 'NONE', #4078, .T. ) ;
#2972 = ORIENTED_EDGE ( 'NONE', *, *, #3383, .T. ) ;
#2973 = DIRECTION ( 'NONE',  ( -0.000000000000000000, -0.000000000000000000, -1.000000000000000000 ) ) ;
#2974 = DIRECTION ( 'NONE',  ( -0.000000000000000000, 0.000000000000000000, 1.000000000000000000 ) ) ;
#2975 = ORIENTED_EDGE ( 'NONE', *, *, #464, .T. ) ;
#2976 = DIRECTION ( 'NONE',  ( -1.000000000000000000, 0.000000000000000000, 0.000000000000000000 ) ) ;
#2977 = AXIS2_PLACEMENT_3D ( 'NONE', #2678, #1855, #582 ) ;
#2978 = EDGE_LOOP ( 'NONE', ( #2744, #2938 ) ) ;
#2979 = DIRECTION ( 'NONE',  ( 0.000000000000000000, 0.000000000000000000, 1.000000000000000000 ) ) ;
#2980 = EDGE_CURVE ( 'NONE', #1443, #3069, #352, .T. ) ;
#2981 = ADVANCED_FACE ( 'NONE', ( #3530 ), #251, .F. ) ;
#2982 = FACE_OUTER_BOUND ( 'NONE', #3494, .T. ) ;
#2983 = ORIENTED_EDGE ( 'NONE', *, *, #1488, .T. ) ;
#2984 = DIRECTION ( 'NONE',  ( -0.000000000000000000, -0.000000000000000000, 1.000000000000000000 ) ) ;
#2985 = CARTESIAN_POINT ( 'NONE',  ( -93.83373128146722308, 13.50077308147463384, 0.000000000000000000 ) ) ;
#2986 = DIRECTION ( 'NONE',  ( 1.000000000000000000, 0.000000000000000000, 0.000000000000000000 ) ) ;
#2987 = ORIENTED_EDGE ( 'NONE', *, *, #368, .F. ) ;
#2988 = CARTESIAN_POINT ( 'NONE',  ( 83.10603710653900578, 16.86495171788402203, 4.762500000000000178 ) ) ;
#2989 = ORIENTED_EDGE ( 'NONE', *, *, #5073, .T. ) ;
#2990 = EDGE_CURVE ( 'NONE', #1322, #3056, #1846, .T. ) ;
#2991 = DIRECTION ( 'NONE',  ( -0.000000000000000000, 0.000000000000000000, 1.000000000000000000 ) ) ;
#2992 = DIRECTION ( 'NONE',  ( -0.000000000000000000, -0.000000000000000000, -1.000000000000000000 ) ) ;
#2993 = ORIENTED_EDGE ( 'NONE', *, *, #3719, .F. ) ;
#2994 = AXIS2_PLACEMENT_3D ( 'NONE', #3924, #2330, #1107 ) ;
#2995 = DIRECTION ( 'NONE',  ( -1.000000000000000000, 0.000000000000000000, 0.000000000000000000 ) ) ;
#2996 = ORIENTED_EDGE ( 'NONE', *, *, #5047, .T. ) ;
#2997 = FACE_OUTER_BOUND ( 'NONE', #1539, .T. ) ;
#2998 = CIRCLE ( 'NONE', #2822, 89.80000000000001137 ) ;
#2999 = ORIENTED_EDGE ( 'NONE', *, *, #3829, .F. ) ;
#3000 = EDGE_CURVE ( 'NONE', #4216, #1165, #1922, .T. ) ;
#3001 = CARTESIAN_POINT ( 'NONE',  ( 73.03356140126945206, -69.50856140127021376, 0.000000000000000000 ) ) ;
#3002 = VERTEX_POINT ( 'NONE', #2785 ) ;
#3003 = CARTESIAN_POINT ( 'NONE',  ( 56.80426238384145421, 75.89674416618774444, 0.000000000000000000 ) ) ;
#3004 = EDGE_CURVE ( 'NONE', #1867, #2274, #2350, .T. ) ;
#3005 = VECTOR ( 'NONE', #2557, 1000.000000000000000 ) ;
#3006 = CIRCLE ( 'NONE', #790, 4.999999999999997335 ) ;
#3007 = CARTESIAN_POINT ( 'NONE',  ( -28.50242259830407221, -17.77685269127618284, 0.000000000000000000 ) ) ;
#3008 = EDGE_LOOP ( 'NONE', ( #2921, #2552, #4507, #2535 ) ) ;
#3009 = FACE_OUTER_BOUND ( 'NONE', #4643, .T. ) ;
#3010 = DIRECTION ( 'NONE',  ( 0.000000000000000000, -0.000000000000000000, -1.000000000000000000 ) ) ;
#3011 = EDGE_CURVE ( 'NONE', #4158, #942, #4002, .T. ) ;
#3012 = STYLED_ITEM ( 'NONE', ( #4652 ), #4657 ) ;
#3013 = DIRECTION ( 'NONE',  ( 0.000000000000000000, -0.000000000000000000, -1.000000000000000000 ) ) ;
#3014 = VERTEX_POINT ( 'NONE', #2756 ) ;
#3015 = CARTESIAN_POINT ( 'NONE',  ( 0.000000000000000000, 0.000000000000000000, 4.762500000000000178 ) ) ;
#3016 = ORIENTED_EDGE ( 'NONE', *, *, #498, .F. ) ;
#3017 = CARTESIAN_POINT ( 'NONE',  ( 28.50242259831100711, 17.77685269127560019, 0.000000000000000000 ) ) ;
#3018 = CARTESIAN_POINT ( 'NONE',  ( 80.16711084507669227, 20.91003668975879037, 0.000000000000000000 ) ) ;
#3019 = ORIENTED_EDGE ( 'NONE', *, *, #336, .T. ) ;
#3020 = CARTESIAN_POINT ( 'NONE',  ( 0.000000000000000000, 0.000000000000000000, -63.63961030678928665 ) ) ;
#3021 = CARTESIAN_POINT ( 'NONE',  ( -1.082168200009695258E-13, 1.938889539019461736E-13, 0.000000000000000000 ) ) ;
#3022 = ORIENTED_EDGE ( 'NONE', *, *, #5268, .F. ) ;
#3023 = DIRECTION ( 'NONE',  ( -0.8090169943749516701, 0.5877852522924673639, 0.000000000000000000 ) ) ;
#3024 = FACE_OUTER_BOUND ( 'NONE', #4007, .T. ) ;
#3025 = LINE ( 'NONE', #199, #1756 ) ;
#3026 = FACE_OUTER_BOUND ( 'NONE', #1861, .T. ) ;
#3027 = VECTOR ( 'NONE', #955, 1000.000000000000000 ) ;
#3028 = AXIS2_PLACEMENT_3D ( 'NONE', #588, #1790, #128 ) ;
#3029 = EDGE_CURVE ( 'NONE', #2892, #1467, #4378, .T. ) ;
#3030 = DIRECTION ( 'NONE',  ( -0.000000000000000000, 0.000000000000000000, 1.000000000000000000 ) ) ;
#3031 = VECTOR ( 'NONE', #4028, 1000.000000000000000 ) ;
#3032 = ORIENTED_EDGE ( 'NONE', *, *, #287, .T. ) ;
#3033 = CARTESIAN_POINT ( 'NONE',  ( -11.78559951779193504, -95.81334586546419985, 4.762500000000000178 ) ) ;
#3034 = AXIS2_PLACEMENT_3D ( 'NONE', #4362, #1142, #1518 ) ;
#3035 = VECTOR ( 'NONE', #2241, 1000.000000000000000 ) ;
#3036 = AXIS2_PLACEMENT_3D ( 'NONE', #3020, #3821, #5028 ) ;
#3037 = CARTESIAN_POINT ( 'NONE',  ( -100.7935747867323357, 14.27919051316996857, 0.000000000000000000 ) ) ;
#3038 = ORIENTED_EDGE ( 'NONE', *, *, #1508, .F. ) ;
#3039 = AXIS2_PLACEMENT_3D ( 'NONE', #243, #2627, #3500 ) ;
#3040 = DIRECTION ( 'NONE',  ( 0.5125292264147295329, 0.8586697805738355838, -0.000000000000000000 ) ) ;
#3041 = ORIENTED_EDGE ( 'NONE', *, *, #2709, .F. ) ;
#3042 = CARTESIAN_POINT ( 'NONE',  ( -59.97333113802410764, 79.76991633572727380, 4.762500000000000178 ) ) ;
#3043 = DIRECTION ( 'NONE',  ( 0.000000000000000000, 0.000000000000000000, 1.000000000000000000 ) ) ;
#3044 = EDGE_LOOP ( 'NONE', ( #4471, #2610 ) ) ;
#3045 = ADVANCED_FACE ( 'NONE', ( #2307 ), #3952, .F. ) ;
#3046 = AXIS2_PLACEMENT_3D ( 'NONE', #2074, #1225, #4075 ) ;
#3047 = EDGE_CURVE ( 'NONE', #4776, #4379, #3618, .T. ) ;
#3048 = CARTESIAN_POINT ( 'NONE',  ( -1.082168200009695258E-13, 1.938889539019461736E-13, 0.000000000000000000 ) ) ;
#3049 = DIRECTION ( 'NONE',  ( 1.000000000000000000, -2.312964634635743450E-15, 0.000000000000000000 ) ) ;
#3050 = EDGE_LOOP ( 'NONE', ( #3041, #711, #1470, #6 ) ) ;
#3051 = FACE_OUTER_BOUND ( 'NONE', #3968, .T. ) ;
#3052 = CARTESIAN_POINT ( 'NONE',  ( 5.517139165942796630, 4.102048320488412614, 4.762500000000000178 ) ) ;
#3053 = FACE_BOUND ( 'NONE', #1726, .T. ) ;
#3054 = VECTOR ( 'NONE', #188, 1000.000000000000000 ) ;
#3055 = DIRECTION ( 'NONE',  ( 0.1045284632676445613, 0.9945218953682742891, 0.000000000000000000 ) ) ;
#3056 = VERTEX_POINT ( 'NONE', #3576 ) ;
#3057 = FACE_OUTER_BOUND ( 'NONE', #487, .T. ) ;
#3058 = AXIS2_PLACEMENT_3D ( 'NONE', #72, #4689, #3059 ) ;
#3059 = DIRECTION ( 'NONE',  ( 1.000000000000000000, 0.000000000000000000, 0.000000000000000000 ) ) ;
#3060 = ORIENTED_EDGE ( 'NONE', *, *, #4764, .F. ) ;
#3061 = CYLINDRICAL_SURFACE ( 'NONE', #996, 1.999999999999988010 ) ;
#3062 = LINE ( 'NONE', #1041, #4663 ) ;
#3063 = ADVANCED_FACE ( 'NONE', ( #5212 ), #1155, .F. ) ;
#3064 = EDGE_LOOP ( 'NONE', ( #2166, #2431 ) ) ;
#3065 = DIRECTION ( 'NONE',  ( 1.000000000000000000, 0.000000000000000000, 0.000000000000000000 ) ) ;
#3066 = EDGE_LOOP ( 'NONE', ( #1748, #1657, #1568, #792 ) ) ;
#3067 = CARTESIAN_POINT ( 'NONE',  ( 0.000000000000000000, 0.000000000000000000, 4.762500000000000178 ) ) ;
#3068 = CARTESIAN_POINT ( 'NONE',  ( -79.38586357672126326, -41.97528635016322340, 4.762500000000000178 ) ) ;
#3069 = VERTEX_POINT ( 'NONE', #3208 ) ;
#3070 = CIRCLE ( 'NONE', #1286, 2.000000000000001776 ) ;
#3071 = VECTOR ( 'NONE', #5122, 1000.000000000000000 ) ;
#3072 = DIRECTION ( 'NONE',  ( 0.000000000000000000, 0.000000000000000000, 1.000000000000000000 ) ) ;
#3073 = FACE_OUTER_BOUND ( 'NONE', #3537, .T. ) ;
#3074 = ORIENTED_EDGE ( 'NONE', *, *, #4041, .T. ) ;
#3075 = DIRECTION ( 'NONE',  ( -0.000000000000000000, -0.000000000000000000, -1.000000000000000000 ) ) ;
#3076 = DIRECTION ( 'NONE',  ( 0.000000000000000000, -0.000000000000000000, -1.000000000000000000 ) ) ;
#3077 = EDGE_CURVE ( 'NONE', #1976, #4096, #4837, .T. ) ;
#3078 = CARTESIAN_POINT ( 'NONE',  ( -79.96571527066774365, -39.63813232175769485, 0.000000000000000000 ) ) ;
#3079 = CIRCLE ( 'NONE', #1460, 3.524999999999986589 ) ;
#3080 = VECTOR ( 'NONE', #4534, 1000.000000000000114 ) ;
#3081 = DIRECTION ( 'NONE',  ( -0.000000000000000000, -0.000000000000000000, -1.000000000000000000 ) ) ;
#3082 = ORIENTED_EDGE ( 'NONE', *, *, #3833, .T. ) ;
#3083 = LINE ( 'NONE', #3904, #3809 ) ;
#3084 = CARTESIAN_POINT ( 'NONE',  ( 31.40977308601330265, -18.22244667702121035, 0.000000000000000000 ) ) ;
#3085 = ORIENTED_EDGE ( 'NONE', *, *, #4474, .F. ) ;
#3086 = CARTESIAN_POINT ( 'NONE',  ( 13.50077308147263189, -93.83373128146715203, 0.000000000000000000 ) ) ;
#3087 = EDGE_CURVE ( 'NONE', #3626, #490, #3109, .T. ) ;
#3088 = EDGE_CURVE ( 'NONE', #2046, #3259, #4227, .T. ) ;
#3089 = AXIS2_PLACEMENT_3D ( 'NONE', #4538, #488, #4456 ) ;
#3090 = CIRCLE ( 'NONE', #793, 2.000000000000001776 ) ;
#3091 = DIRECTION ( 'NONE',  ( -0.000000000000000000, -0.000000000000000000, -1.000000000000000000 ) ) ;
#3092 = ORIENTED_EDGE ( 'NONE', *, *, #3879, .F. ) ;
#3093 = DIRECTION ( 'NONE',  ( -0.000000000000000000, 0.000000000000000000, 1.000000000000000000 ) ) ;
#3094 = VERTEX_POINT ( 'NONE', #4972 ) ;
#3095 = AXIS2_PLACEMENT_3D ( 'NONE', #439, #4191, #873 ) ;
#3096 = FACE_OUTER_BOUND ( 'NONE', #4253, .T. ) ;
#3097 = LINE ( 'NONE', #165, #2461 ) ;
#3098 = EDGE_LOOP ( 'NONE', ( #3843, #3921, #4003, #3637 ) ) ;
#3099 = EDGE_CURVE ( 'NONE', #4986, #4700, #2410, .T. ) ;
#3100 = DIRECTION ( 'NONE',  ( 1.000000000000000000, 0.000000000000000000, 0.000000000000000000 ) ) ;
#3101 = DIRECTION ( 'NONE',  ( 1.000000000000000000, 0.000000000000000000, 0.000000000000000000 ) ) ;
#3102 = EDGE_CURVE ( 'NONE', #218, #2510, #1321, .T. ) ;
#3103 = EDGE_LOOP ( 'NONE', ( #3746, #1242, #4064, #2163, #3997, #88, #4323, #1824, #2596 ) ) ;
#3104 = DIRECTION ( 'NONE',  ( -0.000000000000000000, 0.000000000000000000, 1.000000000000000000 ) ) ;
#3105 = CARTESIAN_POINT ( 'NONE',  ( 73.03356140126945206, -69.50856140127021376, 4.762500000000000178 ) ) ;
#3106 = ADVANCED_FACE ( 'NONE', ( #4519 ), #33, .F. ) ;
#3107 = AXIS2_PLACEMENT_3D ( 'NONE', #3760, #111, #1740 ) ;
#3108 = FACE_BOUND ( 'NONE', #3212, .T. ) ;
#3109 = LINE ( 'NONE', #1109, #4139 ) ;
#3110 = ORIENTED_EDGE ( 'NONE', *, *, #147, .F. ) ;
#3111 = CARTESIAN_POINT ( 'NONE',  ( -95.81334586546441301, 13.78559951779267578, 4.762500000000000178 ) ) ;
#3112 = CIRCLE ( 'NONE', #556, 94.80000000000021032 ) ;
#3113 = FACE_OUTER_BOUND ( 'NONE', #1266, .T. ) ;
#3114 = VERTEX_POINT ( 'NONE', #2008 ) ;
#3115 = CIRCLE ( 'NONE', #3375, 12.00806750962149572 ) ;
#3116 = CARTESIAN_POINT ( 'NONE',  ( 11.81736235612332031, 96.16837047789555015, 0.000000000000000000 ) ) ;
#3117 = ORIENTED_EDGE ( 'NONE', *, *, #794, .F. ) ;
#3118 = DIRECTION ( 'NONE',  ( 0.000000000000000000, -0.000000000000000000, -1.000000000000000000 ) ) ;
#3119 = VERTEX_POINT ( 'NONE', #2437 ) ;
#3120 =( NAMED_UNIT ( * ) PLANE_ANGLE_UNIT ( ) SI_UNIT ( $, .RADIAN. ) );
#3121 = CIRCLE ( 'NONE', #1928, 2.000000000000005329 ) ;
#3122 = CARTESIAN_POINT ( 'NONE',  ( 98.29995023471882121, -3.432124423190184911E-13, 4.762500000000000178 ) ) ;
#3123 = AXIS2_PLACEMENT_3D ( 'NONE', #3862, #666, #1839 ) ;
#3124 = ORIENTED_EDGE ( 'NONE', *, *, #2371, .T. ) ;
#3125 = AXIS2_PLACEMENT_3D ( 'NONE', #3474, #3920, #1005 ) ;
#3126 = CARTESIAN_POINT ( 'NONE',  ( 21.97493245514376170, 79.88177288471835880, 4.762500000000000178 ) ) ;
#3127 = CARTESIAN_POINT ( 'NONE',  ( -31.48598828440889719, -18.09043808107909612, 4.762500000000000178 ) ) ;
#3128 = ORIENTED_EDGE ( 'NONE', *, *, #4218, .F. ) ;
#3129 = LINE ( 'NONE', #724, #4880 ) ;
#3130 = CARTESIAN_POINT ( 'NONE',  ( 21.94754193198513192, 80.40441520105659379, 4.762500000000000178 ) ) ;
#3131 = FACE_BOUND ( 'NONE', #1885, .T. ) ;
#3132 = EDGE_CURVE ( 'NONE', #5188, #244, #5, .T. ) ;
#3133 = CIRCLE ( 'NONE', #1514, 12.00806750962116176 ) ;
#3134 = EDGE_CURVE ( 'NONE', #887, #4212, #4997, .T. ) ;
#3135 = DIRECTION ( 'NONE',  ( 0.000000000000000000, 0.000000000000000000, 1.000000000000000000 ) ) ;
#3136 = ORIENTED_EDGE ( 'NONE', *, *, #1610, .F. ) ;
#3137 = DIRECTION ( 'NONE',  ( 1.000000000000000000, 8.673617379884027583E-16, 0.000000000000000000 ) ) ;
#3138 = CIRCLE ( 'NONE', #3391, 94.80000000000021032 ) ;
#3139 = DIRECTION ( 'NONE',  ( 1.000000000000000000, 0.000000000000000000, 0.000000000000000000 ) ) ;
#3140 = ORIENTED_EDGE ( 'NONE', *, *, #1439, .F. ) ;
#3141 = EDGE_CURVE ( 'NONE', #5024, #985, #307, .T. ) ;
#3142 = EDGE_CURVE ( 'NONE', #4776, #4872, #4948, .T. ) ;
#3143 = DIRECTION ( 'NONE',  ( 0.000000000000000000, 0.000000000000000000, 1.000000000000000000 ) ) ;
#3144 = ORIENTED_EDGE ( 'NONE', *, *, #2203, .F. ) ;
#3145 = CARTESIAN_POINT ( 'NONE',  ( 4.652889801852896530E-22, 98.29995023471883542, 0.000000000000000000 ) ) ;
#3146 = CIRCLE ( 'NONE', #2551, 12.00806750962182790 ) ;
#3147 = CARTESIAN_POINT ( 'NONE',  ( -14.27919051316787424, 100.7935747867327194, 0.000000000000000000 ) ) ;
#3148 = ORIENTED_EDGE ( 'NONE', *, *, #228, .T. ) ;
#3149 = CIRCLE ( 'NONE', #1535, 3.525000000000000355 ) ;
#3150 = DIRECTION ( 'NONE',  ( -0.000000000000000000, 0.000000000000000000, 1.000000000000000000 ) ) ;
#3151 = EDGE_CURVE ( 'NONE', #3245, #21, #2945, .T. ) ;
#3152 = FACE_BOUND ( 'NONE', #1847, .T. ) ;
#3153 = EDGE_LOOP ( 'NONE', ( #2738, #1054, #4460, #723, #2392, #4677, #1751 ) ) ;
#3154 = DIRECTION ( 'NONE',  ( -0.9945218953682741780, 0.1045284632676461850, 0.000000000000000000 ) ) ;
#3155 = DIRECTION ( 'NONE',  ( -0.000000000000000000, -0.000000000000000000, 1.000000000000000000 ) ) ;
#3156 = EDGE_LOOP ( 'NONE', ( #3580, #5182, #4564, #4363, #2322, #1814, #175, #5013, #2679, #1340 ) ) ;
#3157 = EDGE_CURVE ( 'NONE', #1973, #1720, #3200, .T. ) ;
#3158 = DIRECTION ( 'NONE',  ( -0.000000000000000000, -0.000000000000000000, 1.000000000000000000 ) ) ;
#3159 = ORIENTED_EDGE ( 'NONE', *, *, #317, .F. ) ;
#3160 = CARTESIAN_POINT ( 'NONE',  ( 79.76992031801077587, -59.97332584122835897, 4.762500000000000178 ) ) ;
#3161 = ADVANCED_FACE ( 'NONE', ( #4089 ), #1295, .F. ) ;
#3162 = CYLINDRICAL_SURFACE ( 'NONE', #1524, 2.000000000000008882 ) ;
#3163 = AXIS2_PLACEMENT_3D ( 'NONE', #109, #81, #4107 ) ;
#3164 = ORIENTED_EDGE ( 'NONE', *, *, #1545, .T. ) ;
#3165 = EDGE_CURVE ( 'NONE', #2483, #5250, #914, .T. ) ;
#3166 = CARTESIAN_POINT ( 'NONE',  ( 56.15849517455793460, -63.53946348317046500, 4.762500000000000178 ) ) ;
#3167 = ORIENTED_EDGE ( 'NONE', *, *, #823, .T. ) ;
#3168 = LINE ( 'NONE', #70, #133 ) ;
#3169 = EDGE_CURVE ( 'NONE', #2417, #2069, #2516, .T. ) ;
#3170 = CARTESIAN_POINT ( 'NONE',  ( -79.38586357672126326, -41.97528635016322340, 0.000000000000000000 ) ) ;
#3171 = EDGE_LOOP ( 'NONE', ( #3032, #5148, #1173, #56 ) ) ;
#3172 = CIRCLE ( 'NONE', #1729, 101.7999999999998977 ) ;
#3173 = LINE ( 'NONE', #4368, #880 ) ;
#3174 = CIRCLE ( 'NONE', #2149, 101.7999999999998977 ) ;
#3175 = EDGE_CURVE ( 'NONE', #4244, #2560, #381, .T. ) ;
#3176 = DIRECTION ( 'NONE',  ( -0.000000000000000000, -0.000000000000000000, 1.000000000000000000 ) ) ;
#3177 = ORIENTED_EDGE ( 'NONE', *, *, #3951, .T. ) ;
#3178 = DIRECTION ( 'NONE',  ( 1.000000000000000000, 2.775557561562892929E-15, 0.000000000000000000 ) ) ;
#3179 = CARTESIAN_POINT ( 'NONE',  ( 6.387611963342698651, 2.542447326054567469, 0.000000000000000000 ) ) ;
#3180 = ORIENTED_EDGE ( 'NONE', *, *, #3011, .T. ) ;
#3181 = VECTOR ( 'NONE', #4274, 1000.000000000000000 ) ;
#3182 = DIRECTION ( 'NONE',  ( -0.000000000000000000, 0.000000000000000000, 1.000000000000000000 ) ) ;
#3183 = ORIENTED_EDGE ( 'NONE', *, *, #5120, .F. ) ;
#3184 = DIRECTION ( 'NONE',  ( 1.000000000000000000, 0.000000000000000000, 0.000000000000000000 ) ) ;
#3185 = LINE ( 'NONE', #4032, #497 ) ;
#3186 = ORIENTED_EDGE ( 'NONE', *, *, #1328, .T. ) ;
#3187 = CARTESIAN_POINT ( 'NONE',  ( -13.78559951779194037, -95.81334586546419985, 0.000000000000000000 ) ) ;
#3188 = ORIENTED_EDGE ( 'NONE', *, *, #3151, .F. ) ;
#3189 = AXIS2_PLACEMENT_3D ( 'NONE', #1145, #746, #2373 ) ;
#3190 = EDGE_CURVE ( 'NONE', #4379, #3679, #2113, .T. ) ;
#3191 = CARTESIAN_POINT ( 'NONE',  ( -106.8000000000000114, 0.000000000000000000, 0.000000000000000000 ) ) ;
#3192 = ORIENTED_EDGE ( 'NONE', *, *, #1112, .F. ) ;
#3193 = CARTESIAN_POINT ( 'NONE',  ( 28.40977308601330265, -18.22244667702121035, 4.762500000000000178 ) ) ;
#3194 = DIRECTION ( 'NONE',  ( 1.000000000000000000, 0.000000000000000000, 0.000000000000000000 ) ) ;
#3195 = DIRECTION ( 'NONE',  ( -0.000000000000000000, -0.000000000000000000, -1.000000000000000000 ) ) ;
#3196 = ORIENTED_EDGE ( 'NONE', *, *, #839, .F. ) ;
#3197 = DIRECTION ( 'NONE',  ( 0.9998944566463160433, -0.01452843997022444308, 0.000000000000000000 ) ) ;
#3198 = AXIS2_PLACEMENT_3D ( 'NONE', #4013, #366, #452 ) ;
#3199 = CARTESIAN_POINT ( 'NONE',  ( 79.38586357672295435, 41.97528635016006859, 4.762500000000000178 ) ) ;
#3200 = CIRCLE ( 'NONE', #1674, 12.00771292053050310 ) ;
#3201 = VERTEX_POINT ( 'NONE', #4922 ) ;
#3202 = DIRECTION ( 'NONE',  ( 0.8586697805738354727, -0.5125292264147295329, 0.000000000000000000 ) ) ;
#3203 = CARTESIAN_POINT ( 'NONE',  ( -0.7159884922250662198, 0.07525342293433383289, 0.000000000000000000 ) ) ;
#3204 = ORIENTED_EDGE ( 'NONE', *, *, #5171, .T. ) ;
#3205 = EDGE_CURVE ( 'NONE', #815, #3641, #2891, .T. ) ;
#3206 = CIRCLE ( 'NONE', #824, 5.000000000000004441 ) ;
#3207 = EDGE_CURVE ( 'NONE', #244, #324, #5082, .T. ) ;
#3208 = CARTESIAN_POINT ( 'NONE',  ( 56.80425257292338870, -75.89675150908324497, 4.762500000000000178 ) ) ;
#3209 = EDGE_LOOP ( 'NONE', ( #4291, #4885, #2084, #2989 ) ) ;
#3210 = CARTESIAN_POINT ( 'NONE',  ( 93.83373128146713782, -13.50077308147328203, 4.762500000000000178 ) ) ;
#3211 = CARTESIAN_POINT ( 'NONE',  ( -1.143994730821440431, 33.57224838517163334, 4.762500000000000178 ) ) ;
#3212 = EDGE_LOOP ( 'NONE', ( #3144, #4165, #3092, #2803, #3348, #2687, #3117, #1386, #2066, #704, #4382, #230 ) ) ;
#3213 = AXIS2_PLACEMENT_3D ( 'NONE', #5031, #145, #4143 ) ;
#3214 = LINE ( 'NONE', #3745, #1276 ) ;
#3215 = ORIENTED_EDGE ( 'NONE', *, *, #1921, .T. ) ;
#3216 = ORIENTED_EDGE ( 'NONE', *, *, #67, .F. ) ;
#3217 = CIRCLE ( 'NONE', #3901, 94.80000000000021032 ) ;
#3218 = CARTESIAN_POINT ( 'NONE',  ( -31.48598828440889719, -18.09043808107909612, 4.762500000000000178 ) ) ;
#3219 = ORIENTED_EDGE ( 'NONE', *, *, #4709, .T. ) ;
#3220 = CARTESIAN_POINT ( 'NONE',  ( -80.16711084507566909, -20.91003668976368957, 4.762500000000000178 ) ) ;
#3221 = LINE ( 'NONE', #2453, #4137 ) ;
#3222 = PLANE ( 'NONE',  #2646 ) ;
#3223 = CARTESIAN_POINT ( 'NONE',  ( 8.127837562969229879, 84.21863768180976706, 0.000000000000000000 ) ) ;
#3224 = AXIS2_PLACEMENT_3D ( 'NONE', #3084, #4284, #4307 ) ;
#3225 = ORIENTED_EDGE ( 'NONE', *, *, #4634, .T. ) ;
#3226 = ADVANCED_FACE ( 'NONE', ( #4115 ), #2833, .T. ) ;
#3227 = CYLINDRICAL_SURFACE ( 'NONE', #2398, 12.00771292053051731 ) ;
#3228 = CIRCLE ( 'NONE', #2295, 2.000000000000001776 ) ;
#3229 = PLANE ( 'NONE',  #1933 ) ;
#3230 = ORIENTED_EDGE ( 'NONE', *, *, #3165, .F. ) ;
#3231 = CARTESIAN_POINT ( 'NONE',  ( 0.7159884922321395617, -0.07525342293507843172, 4.762500000000000178 ) ) ;
#3232 = CARTESIAN_POINT ( 'NONE',  ( -1.082168200009695258E-13, 1.938889539019461736E-13, 4.762500000000000178 ) ) ;
#3233 = VERTEX_POINT ( 'NONE', #575 ) ;
#3234 = DIRECTION ( 'NONE',  ( -0.000000000000000000, 0.000000000000000000, 1.000000000000000000 ) ) ;
#3235 = VERTEX_POINT ( 'NONE', #3790 ) ;
#3236 = CARTESIAN_POINT ( 'NONE',  ( 68.87156092308279653, -49.14823264826510041, 4.762500000000000178 ) ) ;
#3237 = CARTESIAN_POINT ( 'NONE',  ( 81.36850812801097277, 61.17520645671560686, 0.000000000000000000 ) ) ;
#3238 = ORIENTED_EDGE ( 'NONE', *, *, #3004, .F. ) ;
#3239 = DIRECTION ( 'NONE',  ( -0.000000000000000000, -0.000000000000000000, -1.000000000000000000 ) ) ;
#3240 = ORIENTED_EDGE ( 'NONE', *, *, #4731, .F. ) ;
#3241 = ORIENTED_EDGE ( 'NONE', *, *, #256, .F. ) ;
#3242 = CIRCLE ( 'NONE', #876, 2.000000000000001776 ) ;
#3243 = EDGE_CURVE ( 'NONE', #450, #1139, #3801, .T. ) ;
#3244 = DIRECTION ( 'NONE',  ( 1.000000000000000000, 0.000000000000000000, 0.000000000000000000 ) ) ;
#3245 = VERTEX_POINT ( 'NONE', #2138 ) ;
#3246 = DIRECTION ( 'NONE',  ( -0.000000000000000000, 0.000000000000000000, 1.000000000000000000 ) ) ;
#3247 = CARTESIAN_POINT ( 'NONE',  ( -75.49794488734934816, 58.00265975140663954, 0.000000000000000000 ) ) ;
#3248 = VECTOR ( 'NONE', #51, 999.9999999999998863 ) ;
#3249 = ADVANCED_FACE ( 'NONE', ( #5105 ), #3764, .T. ) ;
#3250 = DIRECTION ( 'NONE',  ( 1.000000000000000000, 0.000000000000000000, 0.000000000000000000 ) ) ;
#3251 = ORIENTED_EDGE ( 'NONE', *, *, #1921, .F. ) ;
#3252 = CARTESIAN_POINT ( 'NONE',  ( -6.311047636065538313, 2.726958513676442486, 0.000000000000000000 ) ) ;
#3253 = ORIENTED_EDGE ( 'NONE', *, *, #2816, .T. ) ;
#3254 = DIRECTION ( 'NONE',  ( -0.000000000000000000, 0.000000000000000000, 1.000000000000000000 ) ) ;
#3255 = ORIENTED_EDGE ( 'NONE', *, *, #2871, .F. ) ;
#3256 = DIRECTION ( 'NONE',  ( -0.000000000000000000, -0.000000000000000000, 1.000000000000000000 ) ) ;
#3257 = CARTESIAN_POINT ( 'NONE',  ( 76.35723671746239916, -59.64544968925797974, 0.000000000000000000 ) ) ;
#3258 = AXIS2_PLACEMENT_3D ( 'NONE', #2100, #103, #1758 ) ;
#3259 = VERTEX_POINT ( 'NONE', #216 ) ;
#3260 = VECTOR ( 'NONE', #1029, 1000.000000000000000 ) ;
#3261 = PRODUCT_RELATED_PRODUCT_CATEGORY ( 'part', '', ( #3267 ) ) ;
#3262 = ADVANCED_FACE ( 'NONE', ( #1775 ), #4188, .T. ) ;
#3263 = AXIS2_PLACEMENT_3D ( 'NONE', #482, #536, #1685 ) ;
#3264 = ADVANCED_FACE ( 'NONE', ( #3369 ), #922, .F. ) ;
#3265 = DIRECTION ( 'NONE',  ( 0.000000000000000000, 0.000000000000000000, 1.000000000000000000 ) ) ;
#3266 = VERTEX_POINT ( 'NONE', #3446 ) ;
#3267 = PRODUCT ( 'Aluminum_Wheel_Hub_V2', 'Aluminum_Wheel_Hub_V2', '', ( #2296 ) ) ;
#3268 = DIRECTION ( 'NONE',  ( -1.000000000000000000, 0.000000000000000000, 0.000000000000000000 ) ) ;
#3269 = CARTESIAN_POINT ( 'NONE',  ( -1.143994730821440431, 33.57224838517163334, 0.000000000000000000 ) ) ;
#3270 = VECTOR ( 'NONE', #3503, 1000.000000000000000 ) ;
#3271 = AXIS2_PLACEMENT_3D ( 'NONE', #468, #1239, #89 ) ;
#3272 = ORIENTED_EDGE ( 'NONE', *, *, #2137, .F. ) ;
#3273 = FACE_OUTER_BOUND ( 'NONE', #4443, .T. ) ;
#3274 = EDGE_LOOP ( 'NONE', ( #3912, #4887, #3486, #1810, #2009, #807, #30 ) ) ;
#3275 = CIRCLE ( 'NONE', #205, 89.80000000000001137 ) ;
#3276 = EDGE_CURVE ( 'NONE', #3990, #5240, #4484, .T. ) ;
#3277 = EDGE_CURVE ( 'NONE', #3475, #4335, #2225, .T. ) ;
#3278 = DIRECTION ( 'NONE',  ( -0.000000000000000000, -0.000000000000000000, -1.000000000000000000 ) ) ;
#3279 = ORIENTED_EDGE ( 'NONE', *, *, #3532, .T. ) ;
#3280 = CARTESIAN_POINT ( 'NONE',  ( -21.97493245513661719, -79.88177288472077464, 4.762500000000000178 ) ) ;
#3281 = CARTESIAN_POINT ( 'NONE',  ( -83.10603710653802523, -16.86495171788893188, 4.762500000000000178 ) ) ;
#3282 = LINE ( 'NONE', #4531, #1236 ) ;
#3283 = ORIENTED_EDGE ( 'NONE', *, *, #1379, .F. ) ;
#3284 = LINE ( 'NONE', #2559, #3080 ) ;
#3285 = VERTEX_POINT ( 'NONE', #2598 ) ;
#3286 = DIRECTION ( 'NONE',  ( -0.000000000000000000, -0.000000000000000000, 1.000000000000000000 ) ) ;
#3287 = ORIENTED_EDGE ( 'NONE', *, *, #4268, .T. ) ;
#3288 = LINE ( 'NONE', #1318, #3605 ) ;
#3289 = CARTESIAN_POINT ( 'NONE',  ( 5.517139165942796630, 4.102048320488412614, 4.762500000000000178 ) ) ;
#3290 = ORIENTED_EDGE ( 'NONE', *, *, #659, .F. ) ;
#3291 = AXIS2_PLACEMENT_3D ( 'NONE', #1144, #3118, #4418 ) ;
#3292 = CIRCLE ( 'NONE', #2105, 2.000000000000005329 ) ;
#3293 = VECTOR ( 'NONE', #1061, 1000.000000000000000 ) ;
#3294 = CARTESIAN_POINT ( 'NONE',  ( 13.50077308147263189, -93.83373128146715203, 0.000000000000000000 ) ) ;
#3295 = ORIENTED_EDGE ( 'NONE', *, *, #4857, .F. ) ;
#3296 = DIRECTION ( 'NONE',  ( 0.000000000000000000, 0.000000000000000000, 1.000000000000000000 ) ) ;
#3297 = DIRECTION ( 'NONE',  ( -0.000000000000000000, -0.000000000000000000, 1.000000000000000000 ) ) ;
#3298 = EDGE_CURVE ( 'NONE', #3201, #1398, #3967, .T. ) ;
#3299 = AXIS2_PLACEMENT_3D ( 'NONE', #101, #3278, #3305 ) ;
#3300 = CARTESIAN_POINT ( 'NONE',  ( 69.50856140126947480, -69.50856140127021376, 0.000000000000000000 ) ) ;
#3301 = AXIS2_PLACEMENT_3D ( 'NONE', #1694, #2917, #4543 ) ;
#3302 = CIRCLE ( 'NONE', #1085, 94.80000000000021032 ) ;
#3303 = DIRECTION ( 'NONE',  ( 1.000000000000000000, 0.000000000000000000, 0.000000000000000000 ) ) ;
#3304 = ORIENTED_EDGE ( 'NONE', *, *, #4971, .F. ) ;
#3305 = DIRECTION ( 'NONE',  ( -1.000000000000000000, 0.000000000000000000, 0.000000000000000000 ) ) ;
#3306 = ORIENTED_EDGE ( 'NONE', *, *, #4587, .T. ) ;
#3307 = DIRECTION ( 'NONE',  ( -1.000000000000000000, 0.000000000000000000, 0.000000000000000000 ) ) ;
#3308 = DIRECTION ( 'NONE',  ( 1.000000000000000000, 0.000000000000000000, 0.000000000000000000 ) ) ;
#3309 = ADVANCED_FACE ( 'NONE', ( #622 ), #1800, .T. ) ;
#3310 = LINE ( 'NONE', #453, #1489 ) ;
#3311 = AXIS2_PLACEMENT_3D ( 'NONE', #278, #5192, #1484 ) ;
#3312 = ORIENTED_EDGE ( 'NONE', *, *, #879, .T. ) ;
#3313 = DIRECTION ( 'NONE',  ( 1.000000000000000000, 0.000000000000000000, 0.000000000000000000 ) ) ;
#3314 = VERTEX_POINT ( 'NONE', #1004 ) ;
#3315 = CARTESIAN_POINT ( 'NONE',  ( -28.53643001758989683, -85.14524156904599295, 0.000000000000000000 ) ) ;
#3316 = ORIENTED_EDGE ( 'NONE', *, *, #2118, .F. ) ;
#3317 = LINE ( 'NONE', #2886, #1135 ) ;
#3318 = CYLINDRICAL_SURFACE ( 'NONE', #850, 2.000000000000001776 ) ;
#3319 = EDGE_LOOP ( 'NONE', ( #4033, #463, #3186, #4147 ) ) ;
#3320 = DIRECTION ( 'NONE',  ( -0.000000000000000000, -0.000000000000000000, 1.000000000000000000 ) ) ;
#3321 = ORIENTED_EDGE ( 'NONE', *, *, #5027, .T. ) ;
#3322 = CARTESIAN_POINT ( 'NONE',  ( 6.387611963342697763, 2.542447326054566581, 4.762500000000000178 ) ) ;
#3323 = CARTESIAN_POINT ( 'NONE',  ( -1.082168200009695258E-13, 1.938889539019461736E-13, 0.000000000000000000 ) ) ;
#3324 = ADVANCED_FACE ( 'NONE', ( #2971 ), #4597, .F. ) ;
#3325 = ORIENTED_EDGE ( 'NONE', *, *, #3539, .F. ) ;
#3326 = DIRECTION ( 'NONE',  ( -0.000000000000000000, -0.000000000000000000, -1.000000000000000000 ) ) ;
#3327 = AXIS2_PLACEMENT_3D ( 'NONE', #1020, #3093, #3065 ) ;
#3328 = ORIENTED_EDGE ( 'NONE', *, *, #2773, .T. ) ;
#3329 = DIRECTION ( 'NONE',  ( -0.000000000000000000, -0.000000000000000000, 1.000000000000000000 ) ) ;
#3330 = CIRCLE ( 'NONE', #1033, 5.000000000000004441 ) ;
#3331 = EDGE_CURVE ( 'NONE', #4262, #4513, #1678, .T. ) ;
#3332 = EDGE_CURVE ( 'NONE', #2793, #3654, #826, .T. ) ;
#3333 = CARTESIAN_POINT ( 'NONE',  ( -98.74004717360729444, 12.00000000000206946, 0.000000000000000000 ) ) ;
#3334 = VERTEX_POINT ( 'NONE', #946 ) ;
#3335 = CARTESIAN_POINT ( 'NONE',  ( -58.19217838993510838, 58.97173619495910657, 4.762500000000000178 ) ) ;
#3336 = DIRECTION ( 'NONE',  ( -0.000000000000000000, 0.000000000000000000, 1.000000000000000000 ) ) ;
#3337 = ADVANCED_FACE ( 'NONE', ( #2568 ), #169, .F. ) ;
#3338 = DIRECTION ( 'NONE',  ( 1.000000000000000000, 0.000000000000000000, 0.000000000000000000 ) ) ;
#3339 = EDGE_CURVE ( 'NONE', #3946, #4458, #4664, .T. ) ;
#3340 = DIRECTION ( 'NONE',  ( -0.000000000000000000, 0.000000000000000000, 1.000000000000000000 ) ) ;
#3341 = EDGE_LOOP ( 'NONE', ( #598, #1923, #2459, #3180 ) ) ;
#3342 = CARTESIAN_POINT ( 'NONE',  ( -79.76991633572582430, 59.97333113802606164, 0.000000000000000000 ) ) ;
#3343 = EDGE_LOOP ( 'NONE', ( #2884, #408, #1441, #899 ) ) ;
#3344 = DIRECTION ( 'NONE',  ( 1.000000000000000000, 0.000000000000000000, 0.000000000000000000 ) ) ;
#3345 = DIRECTION ( 'NONE',  ( -0.000000000000000000, -0.000000000000000000, 1.000000000000000000 ) ) ;
#3346 = ORIENTED_EDGE ( 'NONE', *, *, #3190, .T. ) ;
#3347 = DIRECTION ( 'NONE',  ( 1.000000000000000000, 0.000000000000000000, 0.000000000000000000 ) ) ;
#3348 = ORIENTED_EDGE ( 'NONE', *, *, #3141, .F. ) ;
#3349 = CARTESIAN_POINT ( 'NONE',  ( -73.03356140127041840, -69.50856140126921900, 0.000000000000000000 ) ) ;
#3350 = CARTESIAN_POINT ( 'NONE',  ( -80.16711084507568330, -20.91003668976370378, 0.000000000000000000 ) ) ;
#3351 = EDGE_LOOP ( 'NONE', ( #10, #212, #2446, #3910 ) ) ;
#3352 = CIRCLE ( 'NONE', #630, 5.000000000000000000 ) ;
#3353 = DIRECTION ( 'NONE',  ( -0.000000000000000000, 0.000000000000000000, 1.000000000000000000 ) ) ;
#3354 = EDGE_LOOP ( 'NONE', ( #3575, #3433, #1643, #2983 ) ) ;
#3355 = DIRECTION ( 'NONE',  ( 1.000000000000000000, 0.000000000000000000, 0.000000000000000000 ) ) ;
#3356 = DIRECTION ( 'NONE',  ( 1.000000000000000000, 0.000000000000000000, 0.000000000000000000 ) ) ;
#3357 = VERTEX_POINT ( 'NONE', #1425 ) ;
#3358 = DIRECTION ( 'NONE',  ( 0.000000000000000000, 0.000000000000000000, 1.000000000000000000 ) ) ;
#3359 = CARTESIAN_POINT ( 'NONE',  ( -69.50856140126900584, 69.50856140127069693, 0.000000000000000000 ) ) ;
#3360 = CIRCLE ( 'NONE', #4982, 1.999999999999986233 ) ;
#3361 = LINE ( 'NONE', #5017, #3248 ) ;
#3362 = ORIENTED_EDGE ( 'NONE', *, *, #5104, .T. ) ;
#3363 = DIRECTION ( 'NONE',  ( 1.000000000000000000, 0.000000000000000000, 0.000000000000000000 ) ) ;
#3364 = ORIENTED_EDGE ( 'NONE', *, *, #4340, .T. ) ;
#3365 = LINE ( 'NONE', #1292, #1647 ) ;
#3366 = CYLINDRICAL_SURFACE ( 'NONE', #3820, 3.524999999999986589 ) ;
#3367 = AXIS2_PLACEMENT_3D ( 'NONE', #1397, #5124, #4723 ) ;
#3368 = ORIENTED_EDGE ( 'NONE', *, *, #3984, .T. ) ;
#3369 = FACE_OUTER_BOUND ( 'NONE', #1317, .T. ) ;
#3370 = ORIENTED_EDGE ( 'NONE', *, *, #1513, .T. ) ;
#3371 = DIRECTION ( 'NONE',  ( 1.000000000000000000, 0.000000000000000000, 0.000000000000000000 ) ) ;
#3372 = CARTESIAN_POINT ( 'NONE',  ( -1.082168200009695258E-13, 1.938889539019461736E-13, 0.000000000000000000 ) ) ;
#3373 = EDGE_CURVE ( 'NONE', #4216, #2060, #1250, .T. ) ;
#3374 = VERTEX_POINT ( 'NONE', #4570 ) ;
#3375 = AXIS2_PLACEMENT_3D ( 'NONE', #276, #1980, #3600 ) ;
#3376 = CYLINDRICAL_SURFACE ( 'NONE', #4819, 106.8000000000000114 ) ;
#3377 = ORIENTED_EDGE ( 'NONE', *, *, #171, .F. ) ;
#3378 = AXIS2_PLACEMENT_3D ( 'NONE', #2766, #3143, #341 ) ;
#3379 = FACE_OUTER_BOUND ( 'NONE', #3891, .T. ) ;
#3380 = AXIS2_PLACEMENT_3D ( 'NONE', #157, #4258, #181 ) ;
#3381 = AXIS2_PLACEMENT_3D ( 'NONE', #1472, #2299, #3669 ) ;
#3382 = AXIS2_PLACEMENT_3D ( 'NONE', #4726, #3822, #5129 ) ;
#3383 = EDGE_CURVE ( 'NONE', #2716, #4083, #1930, .T. ) ;
#3384 = DIRECTION ( 'NONE',  ( -0.000000000000000000, -0.000000000000000000, 1.000000000000000000 ) ) ;
#3385 = ORIENTED_EDGE ( 'NONE', *, *, #5156, .T. ) ;
#3386 = LINE ( 'NONE', #5014, #1555 ) ;
#3387 = DIRECTION ( 'NONE',  ( -0.000000000000000000, 0.000000000000000000, 1.000000000000000000 ) ) ;
#3388 = VECTOR ( 'NONE', #1534, 1000.000000000000227 ) ;
#3389 = FACE_OUTER_BOUND ( 'NONE', #286, .T. ) ;
#3390 = EDGE_LOOP ( 'NONE', ( #4488, #1038, #718, #3346 ) ) ;
#3391 = AXIS2_PLACEMENT_3D ( 'NONE', #2363, #3980, #1158 ) ;
#3392 = CYLINDRICAL_SURFACE ( 'NONE', #3574, 5.000000000000004441 ) ;
#3393 = EDGE_LOOP ( 'NONE', ( #1739, #1089, #564, #2292 ) ) ;
#3394 = DIRECTION ( 'NONE',  ( -0.000000000000000000, -0.000000000000000000, -1.000000000000000000 ) ) ;
#3395 = FACE_OUTER_BOUND ( 'NONE', #3744, .T. ) ;
#3396 = EDGE_LOOP ( 'NONE', ( #1235, #4780, #3607, #4294 ) ) ;
#3397 = EDGE_CURVE ( 'NONE', #766, #2421, #4916, .T. ) ;
#3398 = CARTESIAN_POINT ( 'NONE',  ( 69.50856140126947480, -69.50856140127021376, 0.000000000000000000 ) ) ;
#3399 = ADVANCED_FACE ( 'NONE', ( #1624 ), #2047, .F. ) ;
#3400 = ORIENTED_EDGE ( 'NONE', *, *, #4613, .T. ) ;
#3401 = DIRECTION ( 'NONE',  ( 1.000000000000000000, 0.000000000000000000, 0.000000000000000000 ) ) ;
#3402 = DIRECTION ( 'NONE',  ( 1.000000000000000000, 0.000000000000000000, 0.000000000000000000 ) ) ;
#3403 = ORIENTED_EDGE ( 'NONE', *, *, #2694, .T. ) ;
#3404 = CIRCLE ( 'NONE', #5277, 2.999999999999999112 ) ;
#3405 = EDGE_CURVE ( 'NONE', #3685, #4937, #2692, .T. ) ;
#3406 = FACE_OUTER_BOUND ( 'NONE', #5018, .T. ) ;
#3407 = AXIS2_PLACEMENT_3D ( 'NONE', #1750, #4197, #4660 ) ;
#3408 = ORIENTED_EDGE ( 'NONE', *, *, #535, .T. ) ;
#3409 = DIRECTION ( 'NONE',  ( 0.000000000000000000, 0.000000000000000000, 1.000000000000000000 ) ) ;
#3410 = DIRECTION ( 'NONE',  ( -0.000000000000000000, -0.000000000000000000, 1.000000000000000000 ) ) ;
#3411 = EDGE_LOOP ( 'NONE', ( #1876, #4043, #3497, #4057 ) ) ;
#3412 = CARTESIAN_POINT ( 'NONE',  ( 65.98356140126948333, -69.50856140127021376, 0.000000000000000000 ) ) ;
#3413 = DIRECTION ( 'NONE',  ( 0.9135454576425978690, 0.4067366430758070361, 0.000000000000000000 ) ) ;
#3414 = DIRECTION ( 'NONE',  ( -0.000000000000000000, -0.000000000000000000, -1.000000000000000000 ) ) ;
#3415 = ORIENTED_EDGE ( 'NONE', *, *, #1785, .F. ) ;
#3416 = DIRECTION ( 'NONE',  ( -0.000000000000000000, 0.000000000000000000, 1.000000000000000000 ) ) ;
#3417 = ORIENTED_EDGE ( 'NONE', *, *, #1799, .T. ) ;
#3418 = PLANE ( 'NONE',  #467 ) ;
#3419 = LINE ( 'NONE', #5101, #931 ) ;
#3420 = VERTEX_POINT ( 'NONE', #2276 ) ;
#3421 = DIRECTION ( 'NONE',  ( -1.000000000000000000, 0.000000000000000000, 0.000000000000000000 ) ) ;
#3422 = FACE_OUTER_BOUND ( 'NONE', #3957, .T. ) ;
#3423 = ORIENTED_EDGE ( 'NONE', *, *, #1365, .F. ) ;
#3424 = DIRECTION ( 'NONE',  ( -0.000000000000000000, -0.000000000000000000, -1.000000000000000000 ) ) ;
#3425 = DIRECTION ( 'NONE',  ( 1.000000000000000000, 0.000000000000000000, 0.000000000000000000 ) ) ;
#3426 = DIRECTION ( 'NONE',  ( 0.8090169943749521142, -0.5877852522924666978, 0.000000000000000000 ) ) ;
#3427 = EDGE_CURVE ( 'NONE', #1019, #353, #2422, .T. ) ;
#3428 = EDGE_CURVE ( 'NONE', #1368, #3601, #2409, .T. ) ;
#3429 = CARTESIAN_POINT ( 'NONE',  ( -29.64641732912901162, 15.79539569389575782, 4.762500000000000178 ) ) ;
#3430 = DIRECTION ( 'NONE',  ( 1.000000000000000000, 0.000000000000000000, 0.000000000000000000 ) ) ;
#3431 = VECTOR ( 'NONE', #808, 1000.000000000000000 ) ;
#3432 = CARTESIAN_POINT ( 'NONE',  ( -58.19217838993515102, 58.97173619495912789, 0.000000000000000000 ) ) ;
#3433 = ORIENTED_EDGE ( 'NONE', *, *, #3723, .T. ) ;
#3434 = CARTESIAN_POINT ( 'NONE',  ( -69.50856140126900584, 69.50856140127069693, 0.000000000000000000 ) ) ;
#3435 = ADVANCED_FACE ( 'NONE', ( #1497 ), #2697, .F. ) ;
#3436 = VECTOR ( 'NONE', #1636, 1000.000000000000000 ) ;
#3437 = EDGE_CURVE ( 'NONE', #2842, #567, #4791, .T. ) ;
#3438 = EDGE_CURVE ( 'NONE', #200, #733, #1304, .T. ) ;
#3439 = CYLINDRICAL_SURFACE ( 'NONE', #53, 6.875000000000029310 ) ;
#3440 = ORIENTED_EDGE ( 'NONE', *, *, #695, .F. ) ;
#3441 = FACE_OUTER_BOUND ( 'NONE', #1772, .T. ) ;
#3442 = ORIENTED_EDGE ( 'NONE', *, *, #3691, .F. ) ;
#3443 = LINE ( 'NONE', #1023, #2419 ) ;
#3444 = DIRECTION ( 'NONE',  ( 0.000000000000000000, 0.000000000000000000, 1.000000000000000000 ) ) ;
#3445 = VERTEX_POINT ( 'NONE', #1874 ) ;
#3446 = CARTESIAN_POINT ( 'NONE',  ( -21.97493245513661719, -79.88177288472077464, 0.000000000000000000 ) ) ;
#3447 = DIRECTION ( 'NONE',  ( 0.000000000000000000, -0.000000000000000000, -1.000000000000000000 ) ) ;
#3448 = CIRCLE ( 'NONE', #1410, 89.80000000000001137 ) ;
#3449 = ORIENTED_EDGE ( 'NONE', *, *, #129, .F. ) ;
#3450 = DIRECTION ( 'NONE',  ( 0.000000000000000000, 0.000000000000000000, 1.000000000000000000 ) ) ;
#3451 = DIRECTION ( 'NONE',  ( -0.01452843997022954144, -0.9998944566463159322, 0.000000000000000000 ) ) ;
#3452 = FACE_BOUND ( 'NONE', #4436, .T. ) ;
#3453 = DIRECTION ( 'NONE',  ( 0.000000000000000000, 0.000000000000000000, 1.000000000000000000 ) ) ;
#3454 = ORIENTED_EDGE ( 'NONE', *, *, #3207, .F. ) ;
#3455 = CARTESIAN_POINT ( 'NONE',  ( 4.652889801852896530E-22, 98.29995023471883542, 4.762500000000000178 ) ) ;
#3456 = EDGE_CURVE ( 'NONE', #2015, #4986, #3944, .T. ) ;
#3457 = AXIS2_PLACEMENT_3D ( 'NONE', #4406, #3602, #4005 ) ;
#3458 = DIRECTION ( 'NONE',  ( 0.000000000000000000, -0.000000000000000000, -1.000000000000000000 ) ) ;
#3459 = AXIS2_PLACEMENT_3D ( 'NONE', #871, #5270, #1612 ) ;
#3460 = ORIENTED_EDGE ( 'NONE', *, *, #1754, .F. ) ;
#3461 = CARTESIAN_POINT ( 'NONE',  ( 17.75374227712052999, -24.43592989093376744, 4.762500000000000178 ) ) ;
#3462 = AXIS2_PLACEMENT_3D ( 'NONE', #4956, #4902, #1360 ) ;
#3463 = VECTOR ( 'NONE', #5119, 1000.000000000000000 ) ;
#3464 = ADVANCED_FACE ( 'NONE', ( #3896 ), #674, .F. ) ;
#3465 = DIRECTION ( 'NONE',  ( -0.000000000000000000, -0.000000000000000000, 1.000000000000000000 ) ) ;
#3466 = ORIENTED_EDGE ( 'NONE', *, *, #1018, .F. ) ;
#3467 = DIRECTION ( 'NONE',  ( -0.000000000000000000, 0.000000000000000000, 1.000000000000000000 ) ) ;
#3468 = ORIENTED_EDGE ( 'NONE', *, *, #2734, .T. ) ;
#3469 = DIRECTION ( 'NONE',  ( -0.000000000000000000, 0.000000000000000000, 1.000000000000000000 ) ) ;
#3470 = FACE_OUTER_BOUND ( 'NONE', #3341, .T. ) ;
#3471 = ORIENTED_EDGE ( 'NONE', *, *, #3132, .F. ) ;
#3472 = AXIS2_PLACEMENT_3D ( 'NONE', #4045, #3336, #3308 ) ;
#3473 = DIRECTION ( 'NONE',  ( 1.000000000000000000, 0.000000000000000000, 0.000000000000000000 ) ) ;
#3474 = CARTESIAN_POINT ( 'NONE',  ( -98.81334738424247632, 13.99865631841221791, 0.000000000000000000 ) ) ;
#3475 = VERTEX_POINT ( 'NONE', #242 ) ;
#3476 = DIRECTION ( 'NONE',  ( 0.000000000000000000, -0.000000000000000000, -1.000000000000000000 ) ) ;
#3477 = LINE ( 'NONE', #3130, #3270 ) ;
#3478 = FACE_BOUND ( 'NONE', #5002, .T. ) ;
#3479 = AXIS2_PLACEMENT_3D ( 'NONE', #2083, #3708, #4539 ) ;
#3480 = EDGE_CURVE ( 'NONE', #1232, #3201, #696, .T. ) ;
#3481 = FACE_OUTER_BOUND ( 'NONE', #1071, .T. ) ;
#3482 = VERTEX_POINT ( 'NONE', #4752 ) ;
#3483 = DIRECTION ( 'NONE',  ( -1.000000000000000000, 0.000000000000000000, 0.000000000000000000 ) ) ;
#3484 = VECTOR ( 'NONE', #2609, 1000.000000000000000 ) ;
#3485 = CARTESIAN_POINT ( 'NONE',  ( 81.36850812801094435, 61.17520645671558555, 4.762500000000000178 ) ) ;
#3486 = ORIENTED_EDGE ( 'NONE', *, *, #3943, .T. ) ;
#3487 = CARTESIAN_POINT ( 'NONE',  ( 31.48598828441583208, 18.09043808107851703, 0.000000000000000000 ) ) ;
#3488 = ADVANCED_FACE ( 'NONE', ( #1102 ), #17, .F. ) ;
#3489 = EDGE_CURVE ( 'NONE', #2754, #669, #3682, .T. ) ;
#3490 = ADVANCED_FACE ( 'NONE', ( #829 ), #2725, .F. ) ;
#3491 = DIRECTION ( 'NONE',  ( 1.000000000000000000, 0.000000000000000000, 0.000000000000000000 ) ) ;
#3492 = EDGE_LOOP ( 'NONE', ( #1301, #2514, #757, #1963 ) ) ;
#3493 = DIRECTION ( 'NONE',  ( 0.000000000000000000, -0.000000000000000000, -1.000000000000000000 ) ) ;
#3494 = EDGE_LOOP ( 'NONE', ( #3188, #1495, #4247, #2799 ) ) ;
#3495 = DIRECTION ( 'NONE',  ( -0.000000000000000000, 0.000000000000000000, 1.000000000000000000 ) ) ;
#3496 = DIRECTION ( 'NONE',  ( 1.000000000000000000, 0.000000000000000000, 0.000000000000000000 ) ) ;
#3497 = ORIENTED_EDGE ( 'NONE', *, *, #2812, .T. ) ;
#3498 = EDGE_CURVE ( 'NONE', #1620, #3927, #3642, .T. ) ;
#3499 = CARTESIAN_POINT ( 'NONE',  ( -98.81334738424273212, -13.99865631841015379, 0.000000000000000000 ) ) ;
#3500 = DIRECTION ( 'NONE',  ( 1.000000000000000000, 0.000000000000000000, 0.000000000000000000 ) ) ;
#3501 = ORIENTED_EDGE ( 'NONE', *, *, #3141, .T. ) ;
#3502 = FACE_OUTER_BOUND ( 'NONE', #5274, .T. ) ;
#3503 = DIRECTION ( 'NONE',  ( -0.000000000000000000, -0.000000000000000000, -1.000000000000000000 ) ) ;
#3504 = CARTESIAN_POINT ( 'NONE',  ( 26.94754193198513192, 80.40441520105659379, 4.762500000000000178 ) ) ;
#3505 = AXIS2_PLACEMENT_3D ( 'NONE', #679, #4655, #5057 ) ;
#3506 = CIRCLE ( 'NONE', #266, 6.874999999999919176 ) ;
#3507 = DIRECTION ( 'NONE',  ( -0.000000000000000000, -0.000000000000000000, 1.000000000000000000 ) ) ;
#3508 = EDGE_LOOP ( 'NONE', ( #1291, #950, #1782, #3577 ) ) ;
#3509 = LINE ( 'NONE', #2285, #5008 ) ;
#3510 = DIRECTION ( 'NONE',  ( 1.000000000000000000, 0.000000000000000000, 0.000000000000000000 ) ) ;
#3511 = VERTEX_POINT ( 'NONE', #4074 ) ;
#3512 = VECTOR ( 'NONE', #461, 1000.000000000000000 ) ;
#3513 = CIRCLE ( 'NONE', #5221, 3.524999999999998579 ) ;
#3514 = LINE ( 'NONE', #5096, #1506 ) ;
#3515 = ORIENTED_EDGE ( 'NONE', *, *, #3339, .F. ) ;
#3516 = EDGE_CURVE ( 'NONE', #2532, #5039, #4112, .T. ) ;
#3517 = DIRECTION ( 'NONE',  ( -0.000000000000000000, -0.000000000000000000, 1.000000000000000000 ) ) ;
#3518 = ORIENTED_EDGE ( 'NONE', *, *, #4772, .F. ) ;
#3519 = AXIS2_PLACEMENT_3D ( 'NONE', #2862, #2140, #1667 ) ;
#3520 = LINE ( 'NONE', #3068, #415 ) ;
#3521 = EDGE_CURVE ( 'NONE', #4520, #2032, #4714, .T. ) ;
#3522 = ORIENTED_EDGE ( 'NONE', *, *, #3175, .T. ) ;
#3523 = DIRECTION ( 'NONE',  ( -0.000000000000000000, 0.000000000000000000, 1.000000000000000000 ) ) ;
#3524 = CARTESIAN_POINT ( 'NONE',  ( 0.7939084701227773211, -6.829006834164419892, 4.762500000000000178 ) ) ;
#3525 = ORIENTED_EDGE ( 'NONE', *, *, #3132, .T. ) ;
#3526 = LINE ( 'NONE', #1527, #4712 ) ;
#3527 = FACE_OUTER_BOUND ( 'NONE', #1475, .T. ) ;
#3528 = CIRCLE ( 'NONE', #373, 2.000000000000008882 ) ;
#3529 = DIRECTION ( 'NONE',  ( 1.000000000000000000, 8.673617379884087537E-15, 0.000000000000000000 ) ) ;
#3530 = FACE_OUTER_BOUND ( 'NONE', #39, .T. ) ;
#3531 = ADVANCED_FACE ( 'NONE', ( #4904 ), #4101, .F. ) ;
#3532 = EDGE_CURVE ( 'NONE', #3334, #37, #532, .T. ) ;
#3533 = VERTEX_POINT ( 'NONE', #883 ) ;
#3534 = CARTESIAN_POINT ( 'NONE',  ( -75.49794488735034292, -58.00265975140490582, 0.000000000000000000 ) ) ;
#3535 = AXIS2_PLACEMENT_3D ( 'NONE', #5259, #1916, #1626 ) ;
#3536 = CARTESIAN_POINT ( 'NONE',  ( 79.76991268345277319, 59.97333599587638275, 4.762500000000000178 ) ) ;
#3537 = EDGE_LOOP ( 'NONE', ( #4912, #918, #4086, #3525 ) ) ;
#3538 = VECTOR ( 'NONE', #318, 1000.000000000000000 ) ;
#3539 = EDGE_CURVE ( 'NONE', #3357, #571, #4933, .T. ) ;
#3540 = CIRCLE ( 'NONE', #2685, 12.00770693825414881 ) ;
#3541 = CARTESIAN_POINT ( 'NONE',  ( -13.99865631841153224, -98.81334738424227737, 4.762500000000000178 ) ) ;
#3542 = ORIENTED_EDGE ( 'NONE', *, *, #2888, .T. ) ;
#3543 = DIRECTION ( 'NONE',  ( -0.000000000000000000, -0.000000000000000000, 1.000000000000000000 ) ) ;
#3544 = EDGE_LOOP ( 'NONE', ( #1238, #5069, #1592, #1274 ) ) ;
#3545 = CIRCLE ( 'NONE', #308, 12.00806750962116176 ) ;
#3546 = DIRECTION ( 'NONE',  ( 1.000000000000000000, 0.000000000000000000, 0.000000000000000000 ) ) ;
#3547 = ORIENTED_EDGE ( 'NONE', *, *, #1438, .T. ) ;
#3548 = VECTOR ( 'NONE', #2002, 1000.000000000000000 ) ;
#3549 = FACE_BOUND ( 'NONE', #4267, .T. ) ;
#3550 = ORIENTED_EDGE ( 'NONE', *, *, #176, .F. ) ;
#3551 = DIRECTION ( 'NONE',  ( -0.000000000000000000, 0.000000000000000000, 1.000000000000000000 ) ) ;
#3552 = DIRECTION ( 'NONE',  ( -0.000000000000000000, -0.000000000000000000, -1.000000000000000000 ) ) ;
#3553 = VERTEX_POINT ( 'NONE', #1307 ) ;
#3554 = ADVANCED_FACE ( 'NONE', ( #1282 ), #2182, .F. ) ;
#3555 = CARTESIAN_POINT ( 'NONE',  ( -69.50856140126900584, 69.50856140127069693, 4.762500000000000178 ) ) ;
#3556 = ORIENTED_EDGE ( 'NONE', *, *, #2872, .T. ) ;
#3557 = DIRECTION ( 'NONE',  ( -0.000000000000000000, -0.000000000000000000, -1.000000000000000000 ) ) ;
#3558 = CIRCLE ( 'NONE', #1267, 3.524999999999986589 ) ;
#3559 = EDGE_CURVE ( 'NONE', #143, #3266, #3592, .T. ) ;
#3560 = CARTESIAN_POINT ( 'NONE',  ( -58.00265975140476371, 77.49794488735075504, 0.000000000000000000 ) ) ;
#3561 = EDGE_LOOP ( 'NONE', ( #2902, #5046, #108, #2655 ) ) ;
#3562 = AXIS2_PLACEMENT_3D ( 'NONE', #3187, #4816, #2391 ) ;
#3563 = DIRECTION ( 'NONE',  ( 1.000000000000000000, 0.000000000000000000, 0.000000000000000000 ) ) ;
#3564 = ORIENTED_EDGE ( 'NONE', *, *, #1675, .F. ) ;
#3565 = DIRECTION ( 'NONE',  ( 1.000000000000000000, 0.000000000000000000, 0.000000000000000000 ) ) ;
#3566 = VECTOR ( 'NONE', #2175, 1000.000000000000000 ) ;
#3567 = CARTESIAN_POINT ( 'NONE',  ( -56.15849517455608719, 63.53946348317209214, 0.000000000000000000 ) ) ;
#3568 = ORIENTED_EDGE ( 'NONE', *, *, #2746, .T. ) ;
#3569 = CARTESIAN_POINT ( 'NONE',  ( 95.81334586546448406, 13.78559951779062942, 0.000000000000000000 ) ) ;
#3570 = DIRECTION ( 'NONE',  ( -0.000000000000000000, 0.000000000000000000, 1.000000000000000000 ) ) ;
#3571 = VERTEX_POINT ( 'NONE', #1336 ) ;
#3572 = CARTESIAN_POINT ( 'NONE',  ( -12.00000000000000533, 98.74004717360757866, 4.762500000000000178 ) ) ;
#3573 = DIRECTION ( 'NONE',  ( -0.000000000000000000, 0.000000000000000000, 1.000000000000000000 ) ) ;
#3574 = AXIS2_PLACEMENT_3D ( 'NONE', #2988, #1369, #4263 ) ;
#3575 = ORIENTED_EDGE ( 'NONE', *, *, #903, .T. ) ;
#3576 = CARTESIAN_POINT ( 'NONE',  ( -75.89674767893403384, -56.80425769042543038, 4.762500000000000178 ) ) ;
#3577 = ORIENTED_EDGE ( 'NONE', *, *, #3102, .F. ) ;
#3578 = DIRECTION ( 'NONE',  ( 1.000000000000000000, 0.000000000000000000, 0.000000000000000000 ) ) ;
#3579 = DIRECTION ( 'NONE',  ( 0.8731982205440544931, 0.4873652302315960028, 0.000000000000000000 ) ) ;
#3580 = ORIENTED_EDGE ( 'NONE', *, *, #2871, .T. ) ;
#3581 = EDGE_CURVE ( 'NONE', #200, #2639, #3172, .T. ) ;
#3582 = FACE_OUTER_BOUND ( 'NONE', #820, .T. ) ;
#3583 = VERTEX_POINT ( 'NONE', #1681 ) ;
#3584 = ORIENTED_EDGE ( 'NONE', *, *, #2549, .F. ) ;
#3585 = CARTESIAN_POINT ( 'NONE',  ( -29.64641732912901873, 20.64949766014550292, 4.762500000000000178 ) ) ;
#3586 = VERTEX_POINT ( 'NONE', #3778 ) ;
#3587 = DIRECTION ( 'NONE',  ( 1.000000000000000000, 0.000000000000000000, 0.000000000000000000 ) ) ;
#3588 = EDGE_CURVE ( 'NONE', #4313, #4814, #1812, .T. ) ;
#3589 = DIRECTION ( 'NONE',  ( 0.000000000000000000, 0.000000000000000000, 1.000000000000000000 ) ) ;
#3590 = VERTEX_POINT ( 'NONE', #4610 ) ;
#3591 = EDGE_CURVE ( 'NONE', #2341, #1368, #508, .T. ) ;
#3592 = CIRCLE ( 'NONE', #1979, 5.000000000000000888 ) ;
#3593 = DIRECTION ( 'NONE',  ( 0.8731982205440599332, 0.4873652302315862883, 0.000000000000000000 ) ) ;
#3594 = FACE_BOUND ( 'NONE', #4523, .T. ) ;
#3595 = ORIENTED_EDGE ( 'NONE', *, *, #932, .T. ) ;
#3596 = DIRECTION ( 'NONE',  ( 1.000000000000000000, 0.000000000000000000, 0.000000000000000000 ) ) ;
#3597 = DIRECTION ( 'NONE',  ( -0.000000000000000000, -0.000000000000000000, -1.000000000000000000 ) ) ;
#3598 = ORIENTED_EDGE ( 'NONE', *, *, #1390, .T. ) ;
#3599 = VECTOR ( 'NONE', #3597, 1000.000000000000000 ) ;
#3600 = DIRECTION ( 'NONE',  ( 1.000000000000000000, 0.000000000000000000, 0.000000000000000000 ) ) ;
#3601 = VERTEX_POINT ( 'NONE', #4127 ) ;
#3602 = DIRECTION ( 'NONE',  ( -0.000000000000000000, 0.000000000000000000, 1.000000000000000000 ) ) ;
#3603 = LINE ( 'NONE', #355, #1172 ) ;
#3604 = VERTEX_POINT ( 'NONE', #4583 ) ;
#3605 = VECTOR ( 'NONE', #4565, 1000.000000000000000 ) ;
#3606 = LINE ( 'NONE', #3636, #2035 ) ;
#3607 = ORIENTED_EDGE ( 'NONE', *, *, #3142, .T. ) ;
#3608 = AXIS2_PLACEMENT_3D ( 'NONE', #2103, #4505, #426 ) ;
#3609 = ORIENTED_EDGE ( 'NONE', *, *, #2215, .F. ) ;
#3610 = EDGE_CURVE ( 'NONE', #3738, #522, #3090, .T. ) ;
#3611 = CYLINDRICAL_SURFACE ( 'NONE', #2441, 2.999999999999995559 ) ;
#3612 = ORIENTED_EDGE ( 'NONE', *, *, #3802, .T. ) ;
#3613 = CARTESIAN_POINT ( 'NONE',  ( 0.000000000000000000, 0.000000000000000000, 4.762500000000000178 ) ) ;
#3614 = DIRECTION ( 'NONE',  ( -0.000000000000000000, -0.000000000000000000, 1.000000000000000000 ) ) ;
#3615 = LINE ( 'NONE', #288, #1244 ) ;
#3616 = DIRECTION ( 'NONE',  ( -1.000000000000000000, 0.000000000000000000, 0.000000000000000000 ) ) ;
#3617 = ORIENTED_EDGE ( 'NONE', *, *, #4268, .F. ) ;
#3618 = CIRCLE ( 'NONE', #1499, 2.000000000000003553 ) ;
#3619 = EDGE_CURVE ( 'NONE', #4347, #2411, #2152, .T. ) ;
#3620 = CARTESIAN_POINT ( 'NONE',  ( 8.127837562969229879, 84.21863768180976706, 4.762500000000000178 ) ) ;
#3621 = LINE ( 'NONE', #2802, #580 ) ;
#3622 = AXIS2_PLACEMENT_3D ( 'NONE', #728, #4785, #2731 ) ;
#3623 = VERTEX_POINT ( 'NONE', #3727 ) ;
#3624 = DIRECTION ( 'NONE',  ( -0.000000000000000000, -0.000000000000000000, 1.000000000000000000 ) ) ;
#3625 = PLANE ( 'NONE',  #4548 ) ;
#3626 = VERTEX_POINT ( 'NONE', #3280 ) ;
#3627 = AXIS2_PLACEMENT_3D ( 'NONE', #2526, #4152, #3356 ) ;
#3628 = CARTESIAN_POINT ( 'NONE',  ( -5.395629953818274593, 4.260610566745032912, -63.63961030678928665 ) ) ;
#3629 = ORIENTED_EDGE ( 'NONE', *, *, #3480, .T. ) ;
#3630 = CARTESIAN_POINT ( 'NONE',  ( -61.33475684932342631, -78.30481564546009565, 4.762500000000000178 ) ) ;
#3631 = FACE_OUTER_BOUND ( 'NONE', #4998, .T. ) ;
#3632 = CIRCLE ( 'NONE', #1087, 101.7999999999998977 ) ;
#3633 = ORIENTED_EDGE ( 'NONE', *, *, #4576, .T. ) ;
#3634 = ADVANCED_FACE ( 'NONE', ( #911 ), #2875, .F. ) ;
#3635 = AXIS2_PLACEMENT_3D ( 'NONE', #2810, #759, #4092 ) ;
#3636 = CARTESIAN_POINT ( 'NONE',  ( -81.36851185347691739, -61.17520150151169389, 0.000000000000000000 ) ) ;
#3637 = ORIENTED_EDGE ( 'NONE', *, *, #2530, .T. ) ;
#3638 = ORIENTED_EDGE ( 'NONE', *, *, #3819, .F. ) ;
#3639 = AXIS2_PLACEMENT_3D ( 'NONE', #2753, #3573, #1151 ) ;
#3640 = DIRECTION ( 'NONE',  ( -0.000000000000000000, -0.000000000000000000, 1.000000000000000000 ) ) ;
#3641 = VERTEX_POINT ( 'NONE', #2476 ) ;
#3642 = LINE ( 'NONE', #4472, #1894 ) ;
#3643 = DIRECTION ( 'NONE',  ( 0.000000000000000000, 0.000000000000000000, 1.000000000000000000 ) ) ;
#3644 = DIRECTION ( 'NONE',  ( -0.000000000000000000, -0.000000000000000000, -1.000000000000000000 ) ) ;
#3645 = FACE_OUTER_BOUND ( 'NONE', #1947, .T. ) ;
#3646 = EDGE_CURVE ( 'NONE', #2727, #2754, #1732, .T. ) ;
#3647 = CIRCLE ( 'NONE', #4413, 1.999999999999988010 ) ;
#3648 = EDGE_LOOP ( 'NONE', ( #4616, #2544, #2889, #3140 ) ) ;
#3649 = EDGE_CURVE ( 'NONE', #1178, #1028, #3386, .T. ) ;
#3650 = EDGE_CURVE ( 'NONE', #1232, #4535, #960, .T. ) ;
#3651 = LINE ( 'NONE', #3252, #3925 ) ;
#3652 = VECTOR ( 'NONE', #4467, 1000.000000000000000 ) ;
#3653 = CARTESIAN_POINT ( 'NONE',  ( 0.000000000000000000, 0.000000000000000000, 0.000000000000000000 ) ) ;
#3654 = VERTEX_POINT ( 'NONE', #3412 ) ;
#3655 = DIRECTION ( 'NONE',  ( 0.000000000000000000, 0.000000000000000000, 1.000000000000000000 ) ) ;
#3656 = DIRECTION ( 'NONE',  ( -0.000000000000000000, 0.000000000000000000, 1.000000000000000000 ) ) ;
#3657 = ORIENTED_EDGE ( 'NONE', *, *, #4992, .T. ) ;
#3658 = CARTESIAN_POINT ( 'NONE',  ( -69.50856140127041272, -69.50856140126921900, 4.762500000000000178 ) ) ;
#3659 = ORIENTED_EDGE ( 'NONE', *, *, #1939, .T. ) ;
#3660 = DIRECTION ( 'NONE',  ( 1.000000000000000000, 0.000000000000000000, 0.000000000000000000 ) ) ;
#3661 = DIRECTION ( 'NONE',  ( 0.000000000000000000, 0.000000000000000000, 1.000000000000000000 ) ) ;
#3662 = VERTEX_POINT ( 'NONE', #986 ) ;
#3663 = EDGE_CURVE ( 'NONE', #935, #5227, #4873, .T. ) ;
#3664 = EDGE_CURVE ( 'NONE', #4373, #985, #587, .T. ) ;
#3665 = CARTESIAN_POINT ( 'NONE',  ( 61.17519609856671536, -81.36851591556674634, 4.762500000000000178 ) ) ;
#3666 = VERTEX_POINT ( 'NONE', #4235 ) ;
#3667 = CARTESIAN_POINT ( 'NONE',  ( -75.49794488735034292, -58.00265975140490582, 4.762500000000000178 ) ) ;
#3668 = VERTEX_POINT ( 'NONE', #1387 ) ;
#3669 = DIRECTION ( 'NONE',  ( -1.000000000000000000, 0.000000000000000000, 0.000000000000000000 ) ) ;
#3670 = DIRECTION ( 'NONE',  ( 0.000000000000000000, -0.000000000000000000, -1.000000000000000000 ) ) ;
#3671 = AXIS2_PLACEMENT_3D ( 'NONE', #4509, #2482, #4989 ) ;
#3672 = DIRECTION ( 'NONE',  ( -0.000000000000000000, -0.000000000000000000, 1.000000000000000000 ) ) ;
#3673 = ORIENTED_EDGE ( 'NONE', *, *, #3029, .F. ) ;
#3674 = ADVANCED_FACE ( 'NONE', ( #3009 ), #2213, .F. ) ;
#3675 = DIRECTION ( 'NONE',  ( 0.000000000000000000, -0.000000000000000000, -1.000000000000000000 ) ) ;
#3676 = VERTEX_POINT ( 'NONE', #2800 ) ;
#3677 = DIRECTION ( 'NONE',  ( -0.000000000000000000, -0.000000000000000000, 1.000000000000000000 ) ) ;
#3678 = ADVANCED_FACE ( 'NONE', ( #1124 ), #2001, .F. ) ;
#3679 = VERTEX_POINT ( 'NONE', #322 ) ;
#3680 = CARTESIAN_POINT ( 'NONE',  ( -1.082168200009695258E-13, 1.938889539019461736E-13, 0.000000000000000000 ) ) ;
#3681 = CARTESIAN_POINT ( 'NONE',  ( 13.78559951779059745, -95.81334586546435617, 4.762500000000000178 ) ) ;
#3682 = CIRCLE ( 'NONE', #5053, 89.80000000000001137 ) ;
#3683 = ORIENTED_EDGE ( 'NONE', *, *, #2942, .T. ) ;
#3684 = DIRECTION ( 'NONE',  ( -0.000000000000000000, 0.000000000000000000, 1.000000000000000000 ) ) ;
#3685 = VERTEX_POINT ( 'NONE', #5183 ) ;
#3686 = DIRECTION ( 'NONE',  ( -0.000000000000000000, -0.000000000000000000, 1.000000000000000000 ) ) ;
#3687 = DIRECTION ( 'NONE',  ( -1.000000000000000000, 0.000000000000000000, 0.000000000000000000 ) ) ;
#3688 = AXIS2_PLACEMENT_3D ( 'NONE', #2433, #4487, #5209 ) ;
#3689 = MECHANICAL_DESIGN_GEOMETRIC_PRESENTATION_REPRESENTATION (  '', ( #3012 ), #1059 ) ;
#3690 = EDGE_LOOP ( 'NONE', ( #2831, #2418, #3759, #1167 ) ) ;
#3691 = EDGE_CURVE ( 'NONE', #531, #3233, #3173, .T. ) ;
#3692 = EDGE_CURVE ( 'NONE', #4373, #5116, #275, .T. ) ;
#3693 = DIRECTION ( 'NONE',  ( -1.000000000000000000, 0.000000000000000000, 0.000000000000000000 ) ) ;
#3694 = ORIENTED_EDGE ( 'NONE', *, *, #610, .T. ) ;
#3695 = CIRCLE ( 'NONE', #1573, 2.000000000000008882 ) ;
#3696 = DIRECTION ( 'NONE',  ( 1.000000000000000000, 0.000000000000000000, 0.000000000000000000 ) ) ;
#3697 = EDGE_LOOP ( 'NONE', ( #4770, #2456, #1564, #965 ) ) ;
#3698 = CARTESIAN_POINT ( 'NONE',  ( -1.082168200009695258E-13, 1.938889539019461736E-13, 0.000000000000000000 ) ) ;
#3699 = CARTESIAN_POINT ( 'NONE',  ( -12.00000000000000533, 98.74004717360757866, 0.000000000000000000 ) ) ;
#3700 = CARTESIAN_POINT ( 'NONE',  ( 76.35723671746239916, -59.64544968925797974, 0.000000000000000000 ) ) ;
#3701 = ORIENTED_EDGE ( 'NONE', *, *, #4035, .T. ) ;
#3702 = ADVANCED_FACE ( 'NONE', ( #2053 ), #776, .F. ) ;
#3703 = DIRECTION ( 'NONE',  ( -0.000000000000000000, 0.000000000000000000, 1.000000000000000000 ) ) ;
#3704 = EDGE_LOOP ( 'NONE', ( #981, #1212, #1840, #5102 ) ) ;
#3705 = CARTESIAN_POINT ( 'NONE',  ( -98.29995023471883542, 1.029637326026477537E-12, 0.000000000000000000 ) ) ;
#3706 = ORIENTED_EDGE ( 'NONE', *, *, #561, .T. ) ;
#3707 = CARTESIAN_POINT ( 'NONE',  ( 3.524999999999312017, -98.29995023471883542, 0.000000000000000000 ) ) ;
#3708 = DIRECTION ( 'NONE',  ( 0.000000000000000000, 0.000000000000000000, 1.000000000000000000 ) ) ;
#3709 = VERTEX_POINT ( 'NONE', #1229 ) ;
#3710 = AXIS2_PLACEMENT_3D ( 'NONE', #4286, #4061, #2758 ) ;
#3711 = VECTOR ( 'NONE', #1719, 1000.000000000000000 ) ;
#3712 = DIRECTION ( 'NONE',  ( -0.000000000000000000, -0.000000000000000000, 1.000000000000000000 ) ) ;
#3713 = VERTEX_POINT ( 'NONE', #1971 ) ;
#3714 = CYLINDRICAL_SURFACE ( 'NONE', #546, 5.000000000000004441 ) ;
#3715 = CARTESIAN_POINT ( 'NONE',  ( -5.517139165942847256, -4.102048320488123068, -63.63961030678928665 ) ) ;
#3716 = AXIS2_PLACEMENT_3D ( 'NONE', #4931, #3725, #3696 ) ;
#3717 = CARTESIAN_POINT ( 'NONE',  ( -0.4231656220964781223, -0.5824375116185390722, 4.762500000000000178 ) ) ;
#3718 = AXIS2_PLACEMENT_3D ( 'NONE', #2397, #4128, #2821 ) ;
#3719 = EDGE_CURVE ( 'NONE', #1757, #3056, #402, .T. ) ;
#3720 = AXIS2_PLACEMENT_3D ( 'NONE', #3021, #1498, #675 ) ;
#3721 = CARTESIAN_POINT ( 'NONE',  ( 73.03356140126999207, 69.50856140126973060, 0.000000000000000000 ) ) ;
#3722 = ORIENTED_EDGE ( 'NONE', *, *, #1767, .T. ) ;
#3723 = EDGE_CURVE ( 'NONE', #4917, #143, #2347, .T. ) ;
#3724 = VECTOR ( 'NONE', #231, 1000.000000000000000 ) ;
#3725 = DIRECTION ( 'NONE',  ( 0.000000000000000000, 0.000000000000000000, 1.000000000000000000 ) ) ;
#3726 = ORIENTED_EDGE ( 'NONE', *, *, #2578, .F. ) ;
#3727 = CARTESIAN_POINT ( 'NONE',  ( 56.80426238384145421, 75.89674416618774444, 4.762500000000000178 ) ) ;
#3728 = DIRECTION ( 'NONE',  ( 1.000000000000000000, 0.000000000000000000, 0.000000000000000000 ) ) ;
#3729 = DIRECTION ( 'NONE',  ( 0.000000000000000000, 0.000000000000000000, 1.000000000000000000 ) ) ;
#3730 = EDGE_CURVE ( 'NONE', #1427, #1094, #1147, .T. ) ;
#3731 = AXIS2_PLACEMENT_3D ( 'NONE', #2165, #2565, #5023 ) ;
#3732 = DIRECTION ( 'NONE',  ( -0.000000000000000000, 0.000000000000000000, 1.000000000000000000 ) ) ;
#3733 = ORIENTED_EDGE ( 'NONE', *, *, #1675, .T. ) ;
#3734 = LINE ( 'NONE', #4964, #2564 ) ;
#3735 = ORIENTED_EDGE ( 'NONE', *, *, #4792, .T. ) ;
#3736 = LINE ( 'NONE', #5291, #4114 ) ;
#3737 = CARTESIAN_POINT ( 'NONE',  ( -76.99939848604678616, -35.07040503354470928, 4.762500000000000178 ) ) ;
#3738 = VERTEX_POINT ( 'NONE', #4778 ) ;
#3739 = CIRCLE ( 'NONE', #1359, 3.525000000000000355 ) ;
#3740 = CARTESIAN_POINT ( 'NONE',  ( -56.80425769042670225, -75.89674767893301066, 0.000000000000000000 ) ) ;
#3741 = VERTEX_POINT ( 'NONE', #3620 ) ;
#3742 = CARTESIAN_POINT ( 'NONE',  ( -69.50856140127041272, -69.50856140126921900, 4.762500000000000178 ) ) ;
#3743 = CYLINDRICAL_SURFACE ( 'NONE', #1649, 6.874999999999978684 ) ;
#3744 = EDGE_LOOP ( 'NONE', ( #1035, #2808, #2556, #1617 ) ) ;
#3745 = CARTESIAN_POINT ( 'NONE',  ( 5.395629953818254165, -4.260610566744725602, -63.63961030678928665 ) ) ;
#3746 = ORIENTED_EDGE ( 'NONE', *, *, #1221, .F. ) ;
#3747 = CARTESIAN_POINT ( 'NONE',  ( 13.50077308147268162, 93.83373128146753572, 0.000000000000000000 ) ) ;
#3748 = VECTOR ( 'NONE', #1967, 1000.000000000000000 ) ;
#3749 = CIRCLE ( 'NONE', #3327, 2.000000000000001776 ) ;
#3750 = DIRECTION ( 'NONE',  ( 1.000000000000000000, 0.000000000000000000, 0.000000000000000000 ) ) ;
#3751 = ORIENTED_EDGE ( 'NONE', *, *, #1508, .T. ) ;
#3752 = DIRECTION ( 'NONE',  ( -1.000000000000000000, 0.000000000000000000, 0.000000000000000000 ) ) ;
#3753 = CARTESIAN_POINT ( 'NONE',  ( -5.517139165942832157, -4.102048320488111521, 0.000000000000000000 ) ) ;
#3754 = CIRCLE ( 'NONE', #1463, 5.000000000000004441 ) ;
#3755 = EDGE_CURVE ( 'NONE', #2958, #1999, #834, .T. ) ;
#3756 = DIRECTION ( 'NONE',  ( 0.01452843997022954317, 0.9998944566463160433, 0.000000000000000000 ) ) ;
#3757 = VERTEX_POINT ( 'NONE', #2375 ) ;
#3758 = CYLINDRICAL_SURFACE ( 'NONE', #3844, 1.999999999999988010 ) ;
#3759 = ORIENTED_EDGE ( 'NONE', *, *, #5047, .F. ) ;
#3760 = CARTESIAN_POINT ( 'NONE',  ( -59.97333113802555715, -79.76991633572582430, 4.762500000000000178 ) ) ;
#3761 = CARTESIAN_POINT ( 'NONE',  ( 59.97333599587670250, 79.76991268345260266, 0.000000000000000000 ) ) ;
#3762 = ADVANCED_FACE ( 'NONE', ( #3995 ), #430, .T. ) ;
#3763 = ORIENTED_EDGE ( 'NONE', *, *, #4237, .F. ) ;
#3764 = CYLINDRICAL_SURFACE ( 'NONE', #4053, 12.00771292053051020 ) ;
#3765 = EDGE_LOOP ( 'NONE', ( #5107, #395, #3657, #5075 ) ) ;
#3766 = DIRECTION ( 'NONE',  ( -0.000000000000000000, -0.000000000000000000, -1.000000000000000000 ) ) ;
#3767 = PLANE ( 'NONE',  #2928 ) ;
#3768 = ORIENTED_EDGE ( 'NONE', *, *, #1771, .F. ) ;
#3769 = AXIS2_PLACEMENT_3D ( 'NONE', #2511, #3655, #3344 ) ;
#3770 = VECTOR ( 'NONE', #3358, 1000.000000000000000 ) ;
#3771 = CARTESIAN_POINT ( 'NONE',  ( -0.7159884922250662198, 0.07525342293433383289, 4.762500000000000178 ) ) ;
#3772 = AXIS2_PLACEMENT_3D ( 'NONE', #1853, #2675, #5109 ) ;
#3773 = AXIS2_PLACEMENT_3D ( 'NONE', #948, #2491, #2570 ) ;
#3774 = ORIENTED_EDGE ( 'NONE', *, *, #3332, .F. ) ;
#3775 = LINE ( 'NONE', #3003, #4224 ) ;
#3776 = DIRECTION ( 'NONE',  ( -0.8731982205440544931, -0.4873652302315960028, 0.000000000000000000 ) ) ;
#3777 = ORIENTED_EDGE ( 'NONE', *, *, #4275, .T. ) ;
#3778 = CARTESIAN_POINT ( 'NONE',  ( -81.36851185347582316, 61.17520150151353420, 4.762500000000000178 ) ) ;
#3779 = DIRECTION ( 'NONE',  ( -0.000000000000000000, -0.000000000000000000, -1.000000000000000000 ) ) ;
#3780 = EDGE_CURVE ( 'NONE', #401, #3420, #3513, .T. ) ;
#3781 = CARTESIAN_POINT ( 'NONE',  ( 8.624235867502878009E-14, 1.444867987679087663E-13, 4.762500000000000178 ) ) ;
#3782 = ORIENTED_EDGE ( 'NONE', *, *, #3332, .T. ) ;
#3783 = DIRECTION ( 'NONE',  ( 1.000000000000000000, 0.000000000000000000, 0.000000000000000000 ) ) ;
#3784 = ORIENTED_EDGE ( 'NONE', *, *, #2033, .F. ) ;
#3785 = CARTESIAN_POINT ( 'NONE',  ( -11.99865631841014491, 98.81334738424284581, 4.762500000000000178 ) ) ;
#3786 = LINE ( 'NONE', #4944, #2539 ) ;
#3787 = CIRCLE ( 'NONE', #4469, 2.000000000000008882 ) ;
#3788 = ORIENTED_EDGE ( 'NONE', *, *, #4036, .F. ) ;
#3789 = UNCERTAINTY_MEASURE_WITH_UNIT (LENGTH_MEASURE( 1.000000000000000082E-05 ), #5180, 'distance_accuracy_value', 'NONE');
#3790 = CARTESIAN_POINT ( 'NONE',  ( -88.00615721895181309, -17.85934745597200290, 4.762500000000000178 ) ) ;
#3791 = ORIENTED_EDGE ( 'NONE', *, *, #1365, .T. ) ;
#3792 = LINE ( 'NONE', #1376, #3933 ) ;
#3793 = CARTESIAN_POINT ( 'NONE',  ( 98.29995023471882121, -3.432124423190184911E-13, 4.762500000000000178 ) ) ;
#3794 = AXIS2_PLACEMENT_3D ( 'NONE', #4579, #526, #3799 ) ;
#3795 = ORIENTED_EDGE ( 'NONE', *, *, #2224, .T. ) ;
#3796 = AXIS2_PLACEMENT_3D ( 'NONE', #2384, #3182, #2704 ) ;
#3797 = CARTESIAN_POINT ( 'NONE',  ( 58.00265452593868076, -77.49794879830439243, 4.762500000000000178 ) ) ;
#3798 = ORIENTED_EDGE ( 'NONE', *, *, #2209, .T. ) ;
#3799 = DIRECTION ( 'NONE',  ( 1.000000000000000000, 0.000000000000000000, 0.000000000000000000 ) ) ;
#3800 = AXIS2_PLACEMENT_3D ( 'NONE', #209, #5068, #4670 ) ;
#3801 = CIRCLE ( 'NONE', #1507, 6.874999999999919176 ) ;
#3802 = EDGE_CURVE ( 'NONE', #5240, #1960, #2402, .T. ) ;
#3803 = EDGE_CURVE ( 'NONE', #345, #4221, #1886, .T. ) ;
#3804 = CIRCLE ( 'NONE', #4058, 1.999999999999993117 ) ;
#3805 = LINE ( 'NONE', #958, #2890 ) ;
#3806 = ORIENTED_EDGE ( 'NONE', *, *, #2095, .F. ) ;
#3807 = CARTESIAN_POINT ( 'NONE',  ( 95.81334586546434195, -13.78559951779128845, 0.000000000000000000 ) ) ;
#3808 = CARTESIAN_POINT ( 'NONE',  ( -69.50856140126900584, 69.50856140127069693, 4.762500000000000178 ) ) ;
#3809 = VECTOR ( 'NONE', #609, 1000.000000000000000 ) ;
#3810 = CARTESIAN_POINT ( 'NONE',  ( -13.50077308147268873, 93.83373128146754993, 0.000000000000000000 ) ) ;
#3811 = ORIENTED_EDGE ( 'NONE', *, *, #1989, .F. ) ;
#3812 = VECTOR ( 'NONE', #2920, 1000.000000000000000 ) ;
#3813 = DIRECTION ( 'NONE',  ( 0.000000000000000000, 0.000000000000000000, 1.000000000000000000 ) ) ;
#3814 = VERTEX_POINT ( 'NONE', #1603 ) ;
#3815 = CARTESIAN_POINT ( 'NONE',  ( -71.81048718454323421, 45.10314767639336964, 0.000000000000000000 ) ) ;
#3816 = DIRECTION ( 'NONE',  ( 1.000000000000000000, 0.000000000000000000, 0.000000000000000000 ) ) ;
#3817 = ADVANCED_FACE ( 'NONE', ( #1629 ), #3227, .T. ) ;
#3818 = ORIENTED_EDGE ( 'NONE', *, *, #3856, .T. ) ;
#3819 = EDGE_CURVE ( 'NONE', #4190, #4920, #3754, .T. ) ;
#3820 = AXIS2_PLACEMENT_3D ( 'NONE', #1741, #4919, #4620 ) ;
#3821 = DIRECTION ( 'NONE',  ( 0.000000000000000000, 0.000000000000000000, 1.000000000000000000 ) ) ;
#3822 = DIRECTION ( 'NONE',  ( -0.000000000000000000, -0.000000000000000000, 1.000000000000000000 ) ) ;
#3823 = ORIENTED_EDGE ( 'NONE', *, *, #4612, .F. ) ;
#3824 = CARTESIAN_POINT ( 'NONE',  ( 0.000000000000000000, 0.000000000000000000, 0.000000000000000000 ) ) ;
#3825 = FACE_OUTER_BOUND ( 'NONE', #4449, .T. ) ;
#3826 = ORIENTED_EDGE ( 'NONE', *, *, #372, .F. ) ;
#3827 = AXIS2_PLACEMENT_3D ( 'NONE', #3985, #5218, #1563 ) ;
#3828 = DIRECTION ( 'NONE',  ( 1.000000000000000000, 0.000000000000000000, 0.000000000000000000 ) ) ;
#3829 = EDGE_CURVE ( 'NONE', #5116, #1788, #3651, .T. ) ;
#3830 = VECTOR ( 'NONE', #418, 1000.000000000000000 ) ;
#3831 = CARTESIAN_POINT ( 'NONE',  ( 75.89674416618790076, 56.80426238384116289, 4.762500000000000178 ) ) ;
#3832 = EDGE_CURVE ( 'NONE', #3266, #2442, #888, .T. ) ;
#3833 = EDGE_CURVE ( 'NONE', #5188, #1724, #1207, .T. ) ;
#3834 = DIRECTION ( 'NONE',  ( -0.000000000000000000, -0.000000000000000000, 1.000000000000000000 ) ) ;
#3835 = ORIENTED_EDGE ( 'NONE', *, *, #694, .F. ) ;
#3836 = DIRECTION ( 'NONE',  ( -0.000000000000000000, 0.000000000000000000, 1.000000000000000000 ) ) ;
#3837 = LINE ( 'NONE', #1792, #3463 ) ;
#3838 = ORIENTED_EDGE ( 'NONE', *, *, #3692, .F. ) ;
#3839 = CARTESIAN_POINT ( 'NONE',  ( -89.80000000000001137, 0.000000000000000000, 4.762500000000000178 ) ) ;
#3840 = ORIENTED_EDGE ( 'NONE', *, *, #472, .F. ) ;
#3841 = CARTESIAN_POINT ( 'NONE',  ( 59.64545974338786749, 76.35722927183257980, 4.762500000000000178 ) ) ;
#3842 = DIRECTION ( 'NONE',  ( -0.000000000000000000, -0.000000000000000000, 1.000000000000000000 ) ) ;
#3843 = ORIENTED_EDGE ( 'NONE', *, *, #2215, .T. ) ;
#3844 = AXIS2_PLACEMENT_3D ( 'NONE', #3342, #837, #4941 ) ;
#3845 = CARTESIAN_POINT ( 'NONE',  ( -98.29995023471883542, 1.029637326026477537E-12, 4.762500000000000178 ) ) ;
#3846 = CARTESIAN_POINT ( 'NONE',  ( -28.50242259830407221, -17.77685269127618284, 4.762500000000000178 ) ) ;
#3847 = ORIENTED_EDGE ( 'NONE', *, *, #2708, .T. ) ;
#3848 = CYLINDRICAL_SURFACE ( 'NONE', #5138, 89.80000000000001137 ) ;
#3849 = LINE ( 'NONE', #1453, #3181 ) ;
#3850 = EDGE_CURVE ( 'NONE', #2853, #3002, #2998, .T. ) ;
#3851 = FACE_BOUND ( 'NONE', #2467, .T. ) ;
#3852 = CARTESIAN_POINT ( 'NONE',  ( 68.87156092308279653, -49.14823264826510041, 4.762500000000000178 ) ) ;
#3853 = ORIENTED_EDGE ( 'NONE', *, *, #2944, .T. ) ;
#3854 = DIRECTION ( 'NONE',  ( -1.000000000000000000, 0.000000000000000000, 0.000000000000000000 ) ) ;
#3855 = VECTOR ( 'NONE', #5288, 1000.000000000000000 ) ;
#3856 = EDGE_CURVE ( 'NONE', #277, #1232, #2572, .T. ) ;
#3857 = VECTOR ( 'NONE', #3624, 1000.000000000000000 ) ;
#3858 = LINE ( 'NONE', #3906, #4592 ) ;
#3859 = ORIENTED_EDGE ( 'NONE', *, *, #4898, .T. ) ;
#3860 = DIRECTION ( 'NONE',  ( -0.000000000000000000, -0.000000000000000000, 1.000000000000000000 ) ) ;
#3861 = AXIS2_PLACEMENT_3D ( 'NONE', #652, #3552, #4085 ) ;
#3862 = CARTESIAN_POINT ( 'NONE',  ( -6.864248841727479887E-13, -98.29995023471883542, 0.000000000000000000 ) ) ;
#3863 = VERTEX_POINT ( 'NONE', #2104 ) ;
#3864 = DIRECTION ( 'NONE',  ( 0.000000000000000000, -0.000000000000000000, -1.000000000000000000 ) ) ;
#3865 = VERTEX_POINT ( 'NONE', #22 ) ;
#3866 = PLANE ( 'NONE',  #5066 ) ;
#3867 = DIRECTION ( 'NONE',  ( -0.8731982205440599332, -0.4873652302315862883, 0.000000000000000000 ) ) ;
#3868 = VERTEX_POINT ( 'NONE', #2881 ) ;
#3869 = AXIS2_PLACEMENT_3D ( 'NONE', #1396, #3892, #187 ) ;
#3870 = EDGE_CURVE ( 'NONE', #4083, #2716, #4437, .T. ) ;
#3871 = DIRECTION ( 'NONE',  ( -0.000000000000000000, -0.000000000000000000, -1.000000000000000000 ) ) ;
#3872 = FACE_OUTER_BOUND ( 'NONE', #2963, .T. ) ;
#3873 = ORIENTED_EDGE ( 'NONE', *, *, #5090, .F. ) ;
#3874 = CYLINDRICAL_SURFACE ( 'NONE', #3861, 3.000000000000003553 ) ;
#3875 = DIRECTION ( 'NONE',  ( -0.000000000000000000, 0.000000000000000000, 1.000000000000000000 ) ) ;
#3876 = DIRECTION ( 'NONE',  ( 0.000000000000000000, -0.000000000000000000, -1.000000000000000000 ) ) ;
#3877 = ORIENTED_EDGE ( 'NONE', *, *, #4764, .T. ) ;
#3878 = DIRECTION ( 'NONE',  ( 0.000000000000000000, 0.000000000000000000, 1.000000000000000000 ) ) ;
#3879 = EDGE_CURVE ( 'NONE', #3604, #1865, #3506, .T. ) ;
#3880 = EDGE_CURVE ( 'NONE', #150, #2069, #3284, .T. ) ;
#3881 = ADVANCED_FACE ( 'NONE', ( #3389 ), #79, .F. ) ;
#3882 = AXIS2_PLACEMENT_3D ( 'NONE', #2558, #3779, #4176 ) ;
#3883 = DIRECTION ( 'NONE',  ( 1.000000000000000000, 0.000000000000000000, 0.000000000000000000 ) ) ;
#3884 = VECTOR ( 'NONE', #1211, 1000.000000000000000 ) ;
#3885 = ORIENTED_EDGE ( 'NONE', *, *, #706, .T. ) ;
#3886 = DIRECTION ( 'NONE',  ( 0.000000000000000000, 0.000000000000000000, -1.000000000000000000 ) ) ;
#3887 = ADVANCED_FACE ( 'NONE', ( #131 ), #1367, .F. ) ;
#3888 = LINE ( 'NONE', #1093, #1249 ) ;
#3889 = ORIENTED_EDGE ( 'NONE', *, *, #2613, .F. ) ;
#3890 = CARTESIAN_POINT ( 'NONE',  ( -69.50856140127041272, -69.50856140126921900, 4.762500000000000178 ) ) ;
#3891 = EDGE_LOOP ( 'NONE', ( #2740, #4790, #4131, #3853 ) ) ;
#3892 = DIRECTION ( 'NONE',  ( 0.000000000000000000, -0.000000000000000000, -1.000000000000000000 ) ) ;
#3893 = DIRECTION ( 'NONE',  ( -0.000000000000000000, -0.000000000000000000, -1.000000000000000000 ) ) ;
#3894 = ORIENTED_EDGE ( 'NONE', *, *, #2916, .F. ) ;
#3895 = VECTOR ( 'NONE', #3155, 1000.000000000000000 ) ;
#3896 = FACE_OUTER_BOUND ( 'NONE', #1731, .T. ) ;
#3897 = CYLINDRICAL_SURFACE ( 'NONE', #3382, 12.00806750962183145 ) ;
#3898 = ORIENTED_EDGE ( 'NONE', *, *, #5160, .F. ) ;
#3899 = CARTESIAN_POINT ( 'NONE',  ( -0.9919820095244931135, -6.803057892799126982, -63.63961030678928665 ) ) ;
#3900 = FACE_BOUND ( 'NONE', #2267, .T. ) ;
#3901 = AXIS2_PLACEMENT_3D ( 'NONE', #2487, #4162, #1345 ) ;
#3902 = CARTESIAN_POINT ( 'NONE',  ( -93.83373128146743625, -13.50077308147263366, 0.000000000000000000 ) ) ;
#3903 = ORIENTED_EDGE ( 'NONE', *, *, #390, .T. ) ;
#3904 = CARTESIAN_POINT ( 'NONE',  ( 96.16837047789520909, -11.81736235612394204, 0.000000000000000000 ) ) ;
#3905 = CIRCLE ( 'NONE', #1791, 1.999999999999994893 ) ;
#3906 = CARTESIAN_POINT ( 'NONE',  ( 76.35722927183275033, 59.64545974338755485, 0.000000000000000000 ) ) ;
#3907 = EDGE_CURVE ( 'NONE', #1582, #3685, #4868, .T. ) ;
#3908 = ORIENTED_EDGE ( 'NONE', *, *, #3649, .T. ) ;
#3909 = DIRECTION ( 'NONE',  ( -0.000000000000000000, -0.000000000000000000, 1.000000000000000000 ) ) ;
#3910 = ORIENTED_EDGE ( 'NONE', *, *, #368, .T. ) ;
#3911 = DIRECTION ( 'NONE',  ( -0.000000000000000000, 0.000000000000000000, 1.000000000000000000 ) ) ;
#3912 = ORIENTED_EDGE ( 'NONE', *, *, #903, .F. ) ;
#3913 = SHAPE_DEFINITION_REPRESENTATION ( #5224, #1531 ) ;
#3914 = CARTESIAN_POINT ( 'NONE',  ( 74.96571527066930685, 39.63813232175470347, 0.000000000000000000 ) ) ;
#3915 = ORIENTED_EDGE ( 'NONE', *, *, #4069, .F. ) ;
#3916 = EDGE_CURVE ( 'NONE', #3927, #3757, #3361, .T. ) ;
#3917 = EDGE_CURVE ( 'NONE', #388, #1025, #4614, .T. ) ;
#3918 = CIRCLE ( 'NONE', #2134, 2.000000000000001776 ) ;
#3919 = DIRECTION ( 'NONE',  ( -0.01452843997022444308, -0.9998944566463160433, 0.000000000000000000 ) ) ;
#3920 = DIRECTION ( 'NONE',  ( -0.000000000000000000, -0.000000000000000000, 1.000000000000000000 ) ) ;
#3921 = ORIENTED_EDGE ( 'NONE', *, *, #4587, .F. ) ;
#3922 = DIRECTION ( 'NONE',  ( -0.000000000000000000, 0.000000000000000000, 1.000000000000000000 ) ) ;
#3923 = DIRECTION ( 'NONE',  ( 0.1045284632676468095, -0.9945218953682740670, 0.000000000000000000 ) ) ;
#3924 = CARTESIAN_POINT ( 'NONE',  ( 31.40977308601330265, -18.22244667702121035, 4.762500000000000178 ) ) ;
#3925 = VECTOR ( 'NONE', #3756, 999.9999999999998863 ) ;
#3926 = DIRECTION ( 'NONE',  ( -0.000000000000000000, -0.000000000000000000, -1.000000000000000000 ) ) ;
#3927 = VERTEX_POINT ( 'NONE', #2934 ) ;
#3928 = CYLINDRICAL_SURFACE ( 'NONE', #3311, 3.525000000000000355 ) ;
#3929 = ADVANCED_FACE ( 'NONE', ( #4561 ), #915, .F. ) ;
#3930 = CARTESIAN_POINT ( 'NONE',  ( 17.75374227712052999, -24.43592989093376744, 0.000000000000000000 ) ) ;
#3931 = ORIENTED_EDGE ( 'NONE', *, *, #2059, .F. ) ;
#3932 = AXIS2_PLACEMENT_3D ( 'NONE', #4479, #1549, #4019 ) ;
#3933 = VECTOR ( 'NONE', #1852, 1000.000000000000000 ) ;
#3934 = DIRECTION ( 'NONE',  ( -0.000000000000000000, 0.000000000000000000, 1.000000000000000000 ) ) ;
#3935 = EDGE_CURVE ( 'NONE', #775, #44, #964, .T. ) ;
#3936 = ORIENTED_EDGE ( 'NONE', *, *, #5036, .F. ) ;
#3937 = CARTESIAN_POINT ( 'NONE',  ( 0.7939084701227773211, -6.829006834164419892, 0.000000000000000000 ) ) ;
#3938 = VERTEX_POINT ( 'NONE', #4209 ) ;
#3939 = AXIS2_PLACEMENT_3D ( 'NONE', #2630, #4248, #3451 ) ;
#3940 = COLOUR_RGB ( '',0.7921568627450980005, 0.8196078431372548767, 0.9333333333333333481 ) ;
#3941 = CYLINDRICAL_SURFACE ( 'NONE', #5155, 5.000000000000000888 ) ;
#3942 = ORIENTED_EDGE ( 'NONE', *, *, #3516, .T. ) ;
#3943 = EDGE_CURVE ( 'NONE', #775, #1976, #2314, .T. ) ;
#3944 = LINE ( 'NONE', #3126, #2922 ) ;
#3945 = DIRECTION ( 'NONE',  ( 1.000000000000000000, 0.000000000000000000, 0.000000000000000000 ) ) ;
#3946 = VERTEX_POINT ( 'NONE', #2129 ) ;
#3947 = DIRECTION ( 'NONE',  ( 1.000000000000000000, 0.000000000000000000, 0.000000000000000000 ) ) ;
#3948 = CYLINDRICAL_SURFACE ( 'NONE', #1562, 2.999999999999999112 ) ;
#3949 = AXIS2_PLACEMENT_3D ( 'NONE', #3680, #2912, #4967 ) ;
#3950 = CARTESIAN_POINT ( 'NONE',  ( -1.082168200009695258E-13, 1.938889539019461736E-13, 0.000000000000000000 ) ) ;
#3951 = EDGE_CURVE ( 'NONE', #388, #1666, #280, .T. ) ;
#3952 = CYLINDRICAL_SURFACE ( 'NONE', #2273, 89.80000000000001137 ) ;
#3953 = ORIENTED_EDGE ( 'NONE', *, *, #1935, .T. ) ;
#3954 = DIRECTION ( 'NONE',  ( -0.000000000000000000, 0.000000000000000000, 1.000000000000000000 ) ) ;
#3955 = FACE_OUTER_BOUND ( 'NONE', #878, .T. ) ;
#3956 = ORIENTED_EDGE ( 'NONE', *, *, #597, .F. ) ;
#3957 = EDGE_LOOP ( 'NONE', ( #3898, #3368, #1909, #303 ) ) ;
#3958 = VECTOR ( 'NONE', #5061, 1000.000000000000000 ) ;
#3959 = CIRCLE ( 'NONE', #744, 2.000000000000008882 ) ;
#3960 = VECTOR ( 'NONE', #2860, 1000.000000000000000 ) ;
#3961 = DIRECTION ( 'NONE',  ( 1.000000000000000000, 0.000000000000000000, 0.000000000000000000 ) ) ;
#3962 = ORIENTED_EDGE ( 'NONE', *, *, #4249, .T. ) ;
#3963 = DIRECTION ( 'NONE',  ( 1.000000000000000000, 0.000000000000000000, 0.000000000000000000 ) ) ;
#3964 = CARTESIAN_POINT ( 'NONE',  ( -56.80425769042532380, 75.89674767893441754, 0.000000000000000000 ) ) ;
#3965 = AXIS2_PLACEMENT_3D ( 'NONE', #315, #1942, #3563 ) ;
#3966 = LINE ( 'NONE', #3147, #380 ) ;
#3967 = CIRCLE ( 'NONE', #1082, 6.875000000000029310 ) ;
#3968 = EDGE_LOOP ( 'NONE', ( #1577, #4433, #1737, #3177 ) ) ;
#3969 = DIRECTION ( 'NONE',  ( 0.01452843997022444308, 0.9998944566463160433, 0.000000000000000000 ) ) ;
#3970 = PRODUCT_DEFINITION ( 'UNKNOWN', '', #2077, #5094 ) ;
#3971 = CARTESIAN_POINT ( 'NONE',  ( 101.8249502347188269, -3.427807543223190567E-13, 4.762500000000000178 ) ) ;
#3972 = EDGE_CURVE ( 'NONE', #4687, #1361, #1723, .T. ) ;
#3973 = VERTEX_POINT ( 'NONE', #2638 ) ;
#3974 = LINE ( 'NONE', #4859, #2068 ) ;
#3975 = CARTESIAN_POINT ( 'NONE',  ( -11.81736235612332564, 96.16837047789557857, 0.000000000000000000 ) ) ;
#3976 = ORIENTED_EDGE ( 'NONE', *, *, #1481, .T. ) ;
#3977 = LINE ( 'NONE', #3902, #138 ) ;
#3978 = ORIENTED_EDGE ( 'NONE', *, *, #3730, .F. ) ;
#3979 = LINE ( 'NONE', #332, #1421 ) ;
#3980 = DIRECTION ( 'NONE',  ( -0.000000000000000000, 0.000000000000000000, 1.000000000000000000 ) ) ;
#3981 = CIRCLE ( 'NONE', #2455, 5.000000000000000888 ) ;
#3982 = ORIENTED_EDGE ( 'NONE', *, *, #1821, .F. ) ;
#3983 = CIRCLE ( 'NONE', #3639, 101.7999999999998124 ) ;
#3984 = EDGE_CURVE ( 'NONE', #3713, #3662, #3837, .T. ) ;
#3985 = CARTESIAN_POINT ( 'NONE',  ( 0.000000000000000000, 0.000000000000000000, 0.000000000000000000 ) ) ;
#3986 = ORIENTED_EDGE ( 'NONE', *, *, #3205, .T. ) ;
#3987 = EDGE_CURVE ( 'NONE', #2853, #1898, #1001, .T. ) ;
#3988 = VECTOR ( 'NONE', #4383, 1000.000000000000000 ) ;
#3989 = DIRECTION ( 'NONE',  ( 1.000000000000000000, 0.000000000000000000, 0.000000000000000000 ) ) ;
#3990 = VERTEX_POINT ( 'NONE', #3810 ) ;
#3991 = CARTESIAN_POINT ( 'NONE',  ( -74.96571527066774365, -39.63813232175769485, 0.000000000000000000 ) ) ;
#3992 = CARTESIAN_POINT ( 'NONE',  ( 4.652889801852896530E-22, 98.29995023471883542, 0.000000000000000000 ) ) ;
#3993 = ORIENTED_EDGE ( 'NONE', *, *, #301, .T. ) ;
#3994 = CIRCLE ( 'NONE', #1709, 1.999999999999994893 ) ;
#3995 = FACE_OUTER_BOUND ( 'NONE', #356, .T. ) ;
#3996 = FACE_BOUND ( 'NONE', #2952, .T. ) ;
#3997 = ORIENTED_EDGE ( 'NONE', *, *, #3331, .T. ) ;
#3998 = LINE ( 'NONE', #349, #1049 ) ;
#3999 = CARTESIAN_POINT ( 'NONE',  ( -75.89674767893303908, 56.80425769042715700, 0.000000000000000000 ) ) ;
#4000 = CIRCLE ( 'NONE', #2128, 3.525000000000000355 ) ;
#4001 = ORIENTED_EDGE ( 'NONE', *, *, #2493, .T. ) ;
#4002 = LINE ( 'NONE', #5135, #2007 ) ;
#4003 = ORIENTED_EDGE ( 'NONE', *, *, #2761, .F. ) ;
#4004 = ADVANCED_FACE ( 'NONE', ( #233 ), #4718, .F. ) ;
#4005 = DIRECTION ( 'NONE',  ( 1.000000000000000000, 0.000000000000000000, 0.000000000000000000 ) ) ;
#4006 = DIRECTION ( 'NONE',  ( 0.000000000000000000, 0.000000000000000000, 1.000000000000000000 ) ) ;
#4007 = EDGE_LOOP ( 'NONE', ( #4441, #2693, #427, #4754 ) ) ;
#4008 = CYLINDRICAL_SURFACE ( 'NONE', #4331, 1.999999999999994893 ) ;
#4009 = ORIENTED_EDGE ( 'NONE', *, *, #3383, .F. ) ;
#4010 = EDGE_CURVE ( 'NONE', #2274, #1551, #3888, .T. ) ;
#4011 = CARTESIAN_POINT ( 'NONE',  ( -13.78559951779194037, -95.81334586546419985, 4.762500000000000178 ) ) ;
#4012 = ORIENTED_EDGE ( 'NONE', *, *, #1243, .T. ) ;
#4013 = CARTESIAN_POINT ( 'NONE',  ( 17.75374227712052999, -24.43592989093376744, 4.762500000000000178 ) ) ;
#4014 = DIRECTION ( 'NONE',  ( -0.000000000000000000, -0.000000000000000000, 1.000000000000000000 ) ) ;
#4015 = DIRECTION ( 'NONE',  ( -0.000000000000000000, 0.000000000000000000, 1.000000000000000000 ) ) ;
#4016 = CIRCLE ( 'NONE', #4628, 3.524999999999986589 ) ;
#4017 = ORIENTED_EDGE ( 'NONE', *, *, #4277, .T. ) ;
#4018 = VECTOR ( 'NONE', #4421, 1000.000000000000000 ) ;
#4019 = DIRECTION ( 'NONE',  ( 1.000000000000000000, 0.000000000000000000, 0.000000000000000000 ) ) ;
#4020 = CIRCLE ( 'NONE', #4631, 89.80000000000001137 ) ;
#4021 = FACE_BOUND ( 'NONE', #4795, .T. ) ;
#4022 = ORIENTED_EDGE ( 'NONE', *, *, #1989, .T. ) ;
#4023 = CARTESIAN_POINT ( 'NONE',  ( -98.29995023471883542, 1.029637326026477537E-12, 0.000000000000000000 ) ) ;
#4024 = DIRECTION ( 'NONE',  ( -0.000000000000000000, -0.000000000000000000, 1.000000000000000000 ) ) ;
#4025 = ADVANCED_FACE ( 'NONE', ( #2663 ), #3439, .F. ) ;
#4026 = ORIENTED_EDGE ( 'NONE', *, *, #1255, .F. ) ;
#4027 = EDGE_CURVE ( 'NONE', #1526, #4216, #1813, .T. ) ;
#4028 = DIRECTION ( 'NONE',  ( 0.000000000000000000, 0.000000000000000000, 1.000000000000000000 ) ) ;
#4029 = ORIENTED_EDGE ( 'NONE', *, *, #2227, .T. ) ;
#4030 = CIRCLE ( 'NONE', #3869, 5.000000000000000000 ) ;
#4031 = CARTESIAN_POINT ( 'NONE',  ( -13.50077308147396771, -93.83373128146700992, 0.000000000000000000 ) ) ;
#4032 = CARTESIAN_POINT ( 'NONE',  ( -0.7939084701227995255, 6.829006834164759177, 0.000000000000000000 ) ) ;
#4033 = ORIENTED_EDGE ( 'NONE', *, *, #3917, .F. ) ;
#4034 = CARTESIAN_POINT ( 'NONE',  ( -12.00000000000137668, -98.74004717360709549, 4.762500000000000178 ) ) ;
#4035 = EDGE_CURVE ( 'NONE', #544, #5024, #2715, .T. ) ;
#4036 = EDGE_CURVE ( 'NONE', #4171, #828, #1415, .T. ) ;
#4037 = ORIENTED_EDGE ( 'NONE', *, *, #3277, .T. ) ;
#4038 = VERTEX_POINT ( 'NONE', #5043 ) ;
#4039 = AXIS2_PLACEMENT_3D ( 'NONE', #1171, #3195, #1969 ) ;
#4040 = ADVANCED_FACE ( 'NONE', ( #4693 ), #640, .T. ) ;
#4041 = EDGE_CURVE ( 'NONE', #3285, #1227, #4261, .T. ) ;
#4042 = DIRECTION ( 'NONE',  ( 1.000000000000000000, 2.775557561562892929E-15, 0.000000000000000000 ) ) ;
#4043 = ORIENTED_EDGE ( 'NONE', *, *, #1116, .F. ) ;
#4044 = DIRECTION ( 'NONE',  ( 1.000000000000000000, 0.000000000000000000, 0.000000000000000000 ) ) ;
#4045 = CARTESIAN_POINT ( 'NONE',  ( 4.652889801852896530E-22, 98.29995023471883542, 4.762500000000000178 ) ) ;
#4046 = CYLINDRICAL_SURFACE ( 'NONE', #2223, 12.00806750962183145 ) ;
#4047 = DIRECTION ( 'NONE',  ( 1.000000000000000000, 0.000000000000000000, 0.000000000000000000 ) ) ;
#4048 = ORIENTED_EDGE ( 'NONE', *, *, #3755, .F. ) ;
#4049 = CARTESIAN_POINT ( 'NONE',  ( -75.89674767893403384, -56.80425769042543038, 0.000000000000000000 ) ) ;
#4050 = AXIS2_PLACEMENT_3D ( 'NONE', #2794, #741, #3989 ) ;
#4051 = VECTOR ( 'NONE', #3413, 1000.000000000000000 ) ;
#4052 = FACE_OUTER_BOUND ( 'NONE', #2795, .T. ) ;
#4053 = AXIS2_PLACEMENT_3D ( 'NONE', #115, #518, #4622 ) ;
#4054 = ORIENTED_EDGE ( 'NONE', *, *, #3650, .T. ) ;
#4055 = DIRECTION ( 'NONE',  ( -0.000000000000000000, 0.000000000000000000, 1.000000000000000000 ) ) ;
#4056 = DIRECTION ( 'NONE',  ( -0.000000000000000000, 0.000000000000000000, 1.000000000000000000 ) ) ;
#4057 = ORIENTED_EDGE ( 'NONE', *, *, #500, .T. ) ;
#4058 = AXIS2_PLACEMENT_3D ( 'NONE', #4297, #4680, #5106 ) ;
#4059 = DIRECTION ( 'NONE',  ( 1.000000000000000000, 0.000000000000000000, 0.000000000000000000 ) ) ;
#4060 = ORIENTED_EDGE ( 'NONE', *, *, #2449, .T. ) ;
#4061 = DIRECTION ( 'NONE',  ( -0.000000000000000000, -0.000000000000000000, 1.000000000000000000 ) ) ;
#4062 = LINE ( 'NONE', #4925, #4927 ) ;
#4063 = AXIS2_PLACEMENT_3D ( 'NONE', #1332, #2953, #2553 ) ;
#4064 = ORIENTED_EDGE ( 'NONE', *, *, #3588, .T. ) ;
#4065 = CIRCLE ( 'NONE', #844, 89.80000000000001137 ) ;
#4066 = LINE ( 'NONE', #4928, #4936 ) ;
#4067 = VERTEX_POINT ( 'NONE', #3116 ) ;
#4068 = ORIENTED_EDGE ( 'NONE', *, *, #2835, .T. ) ;
#4069 = EDGE_CURVE ( 'NONE', #3002, #2346, #2686, .T. ) ;
#4070 = EDGE_CURVE ( 'NONE', #5130, #5032, #1929, .T. ) ;
#4071 = CIRCLE ( 'NONE', #2112, 101.7999999999998977 ) ;
#4072 = CYLINDRICAL_SURFACE ( 'NONE', #1589, 2.000000000000005329 ) ;
#4073 = VERTEX_POINT ( 'NONE', #1464 ) ;
#4074 = CARTESIAN_POINT ( 'NONE',  ( -3.059780884503892295, -35.99929936829710897, 4.762500000000000178 ) ) ;
#4075 = DIRECTION ( 'NONE',  ( 1.000000000000000000, 0.000000000000000000, 0.000000000000000000 ) ) ;
#4076 = CARTESIAN_POINT ( 'NONE',  ( -6.311047636065509892, 2.726958513676429607, 0.000000000000000000 ) ) ;
#4077 = VECTOR ( 'NONE', #1936, 1000.000000000000000 ) ;
#4078 = EDGE_LOOP ( 'NONE', ( #2713, #1893, #1871, #608 ) ) ;
#4079 = CARTESIAN_POINT ( 'NONE',  ( 59.64544968925716972, -76.35723671746302443, 0.000000000000000000 ) ) ;
#4080 = AXIS2_PLACEMENT_3D ( 'NONE', #1456, #2206, #953 ) ;
#4081 = ORIENTED_EDGE ( 'NONE', *, *, #42, .F. ) ;
#4082 = LINE ( 'NONE', #941, #4 ) ;
#4083 = VERTEX_POINT ( 'NONE', #989 ) ;
#4084 = DIRECTION ( 'NONE',  ( -0.000000000000000000, -0.000000000000000000, 1.000000000000000000 ) ) ;
#4085 = DIRECTION ( 'NONE',  ( -1.000000000000000000, 0.000000000000000000, 0.000000000000000000 ) ) ;
#4086 = ORIENTED_EDGE ( 'NONE', *, *, #3833, .F. ) ;
#4087 = EDGE_CURVE ( 'NONE', #5236, #3482, #3514, .T. ) ;
#4088 = EDGE_CURVE ( 'NONE', #4458, #2732, #2617, .T. ) ;
#4089 = FACE_OUTER_BOUND ( 'NONE', #3098, .T. ) ;
#4090 = ORIENTED_EDGE ( 'NONE', *, *, #751, .T. ) ;
#4091 = DIRECTION ( 'NONE',  ( 1.000000000000000000, 0.000000000000000000, 0.000000000000000000 ) ) ;
#4092 = DIRECTION ( 'NONE',  ( 1.000000000000000000, 0.000000000000000000, 0.000000000000000000 ) ) ;
#4093 = ORIENTED_EDGE ( 'NONE', *, *, #4474, .T. ) ;
#4094 = DIRECTION ( 'NONE',  ( 0.000000000000000000, 0.000000000000000000, 1.000000000000000000 ) ) ;
#4095 = ADVANCED_FACE ( 'NONE', ( #1887 ), #2291, .F. ) ;
#4096 = VERTEX_POINT ( 'NONE', #1440 ) ;
#4097 = EDGE_CURVE ( 'NONE', #4106, #225, #3062, .T. ) ;
#4098 = CIRCLE ( 'NONE', #444, 2.000000000000001776 ) ;
#4099 = DIRECTION ( 'NONE',  ( -0.000000000000000000, -0.000000000000000000, 1.000000000000000000 ) ) ;
#4100 = ORIENTED_EDGE ( 'NONE', *, *, #5025, .F. ) ;
#4101 = CYLINDRICAL_SURFACE ( 'NONE', #361, 3.525000000000000355 ) ;
#4102 = DIRECTION ( 'NONE',  ( 1.000000000000000000, 0.000000000000000000, 0.000000000000000000 ) ) ;
#4103 = FACE_OUTER_BOUND ( 'NONE', #483, .T. ) ;
#4104 = ORIENTED_EDGE ( 'NONE', *, *, #4828, .F. ) ;
#4105 = DIRECTION ( 'NONE',  ( 1.000000000000000000, 0.000000000000000000, 0.000000000000000000 ) ) ;
#4106 = VERTEX_POINT ( 'NONE', #259 ) ;
#4107 = DIRECTION ( 'NONE',  ( 1.000000000000000000, 0.000000000000000000, 0.000000000000000000 ) ) ;
#4108 = EDGE_LOOP ( 'NONE', ( #3763, #5029, #1745, #581 ) ) ;
#4109 = CARTESIAN_POINT ( 'NONE',  ( -94.77495023471884394, 1.030069014023176870E-12, 4.762500000000000178 ) ) ;
#4110 = FACE_OUTER_BOUND ( 'NONE', #2029, .T. ) ;
#4111 = ADVANCED_FACE ( 'NONE', ( #1168 ), #75, .T. ) ;
#4112 = CIRCLE ( 'NONE', #4189, 2.000000000000001776 ) ;
#4113 = EDGE_LOOP ( 'NONE', ( #1299, #2176, #5254, #1529 ) ) ;
#4114 = VECTOR ( 'NONE', #3256, 1000.000000000000000 ) ;
#4115 = FACE_OUTER_BOUND ( 'NONE', #1289, .T. ) ;
#4116 = ORIENTED_EDGE ( 'NONE', *, *, #2588, .F. ) ;
#4117 = CYLINDRICAL_SURFACE ( 'NONE', #24, 3.524999999999998579 ) ;
#4118 = CARTESIAN_POINT ( 'NONE',  ( -77.49794488734934816, 58.00265975140663954, 0.000000000000000000 ) ) ;
#4119 = ADVANCED_FACE ( 'NONE', ( #4445 ), #2846, .T. ) ;
#4120 = VECTOR ( 'NONE', #4024, 1000.000000000000000 ) ;
#4121 = DIRECTION ( 'NONE',  ( 1.000000000000000000, 0.000000000000000000, 0.000000000000000000 ) ) ;
#4122 = LINE ( 'NONE', #12, #4254 ) ;
#4123 = ORIENTED_EDGE ( 'NONE', *, *, #3373, .F. ) ;
#4124 = CIRCLE ( 'NONE', #2260, 6.874999999999978684 ) ;
#4125 = DIRECTION ( 'NONE',  ( 0.000000000000000000, -0.000000000000000000, -1.000000000000000000 ) ) ;
#4126 = VERTEX_POINT ( 'NONE', #859 ) ;
#4127 = CARTESIAN_POINT ( 'NONE',  ( -61.15849517455608719, 63.53946348317209214, 4.762500000000000178 ) ) ;
#4128 = DIRECTION ( 'NONE',  ( 0.000000000000000000, 0.000000000000000000, 1.000000000000000000 ) ) ;
#4129 = DIRECTION ( 'NONE',  ( 1.000000000000000000, 0.000000000000000000, 0.000000000000000000 ) ) ;
#4130 = CARTESIAN_POINT ( 'NONE',  ( -30.03900718919875956, -3.157226878760696742, 0.000000000000000000 ) ) ;
#4131 = ORIENTED_EDGE ( 'NONE', *, *, #2232, .F. ) ;
#4132 = DIRECTION ( 'NONE',  ( 0.000000000000000000, 0.000000000000000000, 1.000000000000000000 ) ) ;
#4133 = ORIENTED_EDGE ( 'NONE', *, *, #839, .T. ) ;
#4134 = DIRECTION ( 'NONE',  ( 1.000000000000000000, 0.000000000000000000, 0.000000000000000000 ) ) ;
#4135 = DIRECTION ( 'NONE',  ( -0.000000000000000000, -0.000000000000000000, 1.000000000000000000 ) ) ;
#4136 = ORIENTED_EDGE ( 'NONE', *, *, #2625, .F. ) ;
#4137 = VECTOR ( 'NONE', #4530, 1000.000000000000000 ) ;
#4138 = EDGE_CURVE ( 'NONE', #2117, #5126, #736, .T. ) ;
#4139 = VECTOR ( 'NONE', #703, 1000.000000000000114 ) ;
#4140 = CARTESIAN_POINT ( 'NONE',  ( 0.000000000000000000, 0.000000000000000000, -63.63961030678928665 ) ) ;
#4141 = VERTEX_POINT ( 'NONE', #3699 ) ;
#4142 = CARTESIAN_POINT ( 'NONE',  ( -6.864248841727479887E-13, -98.29995023471883542, 0.000000000000000000 ) ) ;
#4143 = DIRECTION ( 'NONE',  ( 1.000000000000000000, 0.000000000000000000, 0.000000000000000000 ) ) ;
#4144 = AXIS2_PLACEMENT_3D ( 'NONE', #2474, #2153, #3776 ) ;
#4145 = ORIENTED_EDGE ( 'NONE', *, *, #5211, .F. ) ;
#4146 = CARTESIAN_POINT ( 'NONE',  ( 100.7935747867322505, -14.27919051316860788, 0.000000000000000000 ) ) ;
#4147 = ORIENTED_EDGE ( 'NONE', *, *, #1754, .T. ) ;
#4148 = DIRECTION ( 'NONE',  ( 1.000000000000000000, 0.000000000000000000, 0.000000000000000000 ) ) ;
#4149 = EDGE_CURVE ( 'NONE', #3668, #781, #825, .T. ) ;
#4150 = CIRCLE ( 'NONE', #2533, 2.000000000000001776 ) ;
#4151 = EDGE_CURVE ( 'NONE', #3679, #3069, #5168, .T. ) ;
#4152 = DIRECTION ( 'NONE',  ( 0.000000000000000000, -0.000000000000000000, -1.000000000000000000 ) ) ;
#4153 = ORIENTED_EDGE ( 'NONE', *, *, #628, .F. ) ;
#4154 = DIRECTION ( 'NONE',  ( -0.000000000000000000, -0.000000000000000000, 1.000000000000000000 ) ) ;
#4155 = CYLINDRICAL_SURFACE ( 'NONE', #1845, 5.000000000000004441 ) ;
#4156 = VECTOR ( 'NONE', #1844, 1000.000000000000000 ) ;
#4157 = DIRECTION ( 'NONE',  ( -0.000000000000000000, -0.000000000000000000, -1.000000000000000000 ) ) ;
#4158 = VERTEX_POINT ( 'NONE', #2477 ) ;
#4159 = DIRECTION ( 'NONE',  ( -0.000000000000000000, -0.000000000000000000, -1.000000000000000000 ) ) ;
#4160 = ORIENTED_EDGE ( 'NONE', *, *, #2315, .F. ) ;
#4161 = CARTESIAN_POINT ( 'NONE',  ( -6.387611963342733290, -2.542447326054265488, 4.762500000000000178 ) ) ;
#4162 = DIRECTION ( 'NONE',  ( -0.000000000000000000, 0.000000000000000000, 1.000000000000000000 ) ) ;
#4163 = ORIENTED_EDGE ( 'NONE', *, *, #4815, .F. ) ;
#4164 = DIRECTION ( 'NONE',  ( 0.000000000000000000, -0.000000000000000000, -1.000000000000000000 ) ) ;
#4165 = ORIENTED_EDGE ( 'NONE', *, *, #686, .F. ) ;
#4166 = CYLINDRICAL_SURFACE ( 'NONE', #1650, 3.525000000000000355 ) ;
#4167 = CARTESIAN_POINT ( 'NONE',  ( 69.50856140126998639, 69.50856140126973060, 4.762500000000000178 ) ) ;
#4168 = ORIENTED_EDGE ( 'NONE', *, *, #2209, .F. ) ;
#4169 = EDGE_CURVE ( 'NONE', #3868, #4867, #4392, .T. ) ;
#4170 = DIRECTION ( 'NONE',  ( 0.000000000000000000, 0.000000000000000000, 1.000000000000000000 ) ) ;
#4171 = VERTEX_POINT ( 'NONE', #2048 ) ;
#4172 = CARTESIAN_POINT ( 'NONE',  ( 31.40977308601330265, -18.22244667702121035, 0.000000000000000000 ) ) ;
#4173 = DIRECTION ( 'NONE',  ( 0.000000000000000000, 0.000000000000000000, 1.000000000000000000 ) ) ;
#4174 = ORIENTED_EDGE ( 'NONE', *, *, #1438, .F. ) ;
#4175 = CARTESIAN_POINT ( 'NONE',  ( 69.50856140126998639, 69.50856140126973060, 4.762500000000000178 ) ) ;
#4176 = DIRECTION ( 'NONE',  ( -1.000000000000000000, 0.000000000000000000, 0.000000000000000000 ) ) ;
#4177 = EDGE_CURVE ( 'NONE', #3623, #1378, #5087, .T. ) ;
#4178 = VECTOR ( 'NONE', #3426, 1000.000000000000000 ) ;
#4179 = AXIS2_PLACEMENT_3D ( 'NONE', #863, #4157, #1711 ) ;
#4180 = CARTESIAN_POINT ( 'NONE',  ( -77.49794488734934816, 58.00265975140663954, 4.762500000000000178 ) ) ;
#4181 = EDGE_LOOP ( 'NONE', ( #405, #2381, #1820, #4767 ) ) ;
#4182 = CARTESIAN_POINT ( 'NONE',  ( -78.30481564546006723, 61.33475684932390948, 0.000000000000000000 ) ) ;
#4183 = ORIENTED_EDGE ( 'NONE', *, *, #4320, .F. ) ;
#4184 = DIRECTION ( 'NONE',  ( -1.000000000000000000, 0.000000000000000000, 0.000000000000000000 ) ) ;
#4185 = CARTESIAN_POINT ( 'NONE',  ( 98.29995023471882121, -3.432124423190184911E-13, 0.000000000000000000 ) ) ;
#4186 = ORIENTED_EDGE ( 'NONE', *, *, #2065, .F. ) ;
#4187 = EDGE_CURVE ( 'NONE', #531, #236, #485, .T. ) ;
#4188 = CYLINDRICAL_SURFACE ( 'NONE', #574, 12.00806750962182790 ) ;
#4189 = AXIS2_PLACEMENT_3D ( 'NONE', #424, #1362, #559 ) ;
#4190 = VERTEX_POINT ( 'NONE', #800 ) ;
#4191 = DIRECTION ( 'NONE',  ( 0.000000000000000000, 0.000000000000000000, 1.000000000000000000 ) ) ;
#4192 = DIRECTION ( 'NONE',  ( -0.000000000000000000, -0.000000000000000000, -1.000000000000000000 ) ) ;
#4193 = ADVANCED_FACE ( 'NONE', ( #478 ), #397, .T. ) ;
#4194 = VERTEX_POINT ( 'NONE', #3247 ) ;
#4195 = VECTOR ( 'NONE', #2486, 1000.000000000000000 ) ;
#4196 = AXIS2_PLACEMENT_3D ( 'NONE', #3698, #2528, #74 ) ;
#4197 = DIRECTION ( 'NONE',  ( -0.5877852522924673639, -0.8090169943749516701, 0.000000000000000000 ) ) ;
#4198 = CIRCLE ( 'NONE', #457, 3.524999999999986589 ) ;
#4199 = AXIS2_PLACEMENT_3D ( 'NONE', #1641, #4572, #117 ) ;
#4200 = VERTEX_POINT ( 'NONE', #1283 ) ;
#4201 = CARTESIAN_POINT ( 'NONE',  ( -13.78559951779067738, 95.81334586546475407, 0.000000000000000000 ) ) ;
#4202 = EDGE_CURVE ( 'NONE', #2242, #3868, #4877, .T. ) ;
#4203 = CARTESIAN_POINT ( 'NONE',  ( 77.49794879830378136, -58.00265452593951210, 0.000000000000000000 ) ) ;
#4204 = ORIENTED_EDGE ( 'NONE', *, *, #1101, .T. ) ;
#4205 = DIRECTION ( 'NONE',  ( 0.000000000000000000, 0.000000000000000000, 1.000000000000000000 ) ) ;
#4206 = CARTESIAN_POINT ( 'NONE',  ( -13.99865631841153224, -98.81334738424227737, 0.000000000000000000 ) ) ;
#4207 = EDGE_CURVE ( 'NONE', #733, #1184, #306, .T. ) ;
#4208 = AXIS2_PLACEMENT_3D ( 'NONE', #2769, #1570, #3194 ) ;
#4209 = CARTESIAN_POINT ( 'NONE',  ( 12.00806750962114400, -98.29995023471883542, 0.000000000000000000 ) ) ;
#4210 = ORIENTED_EDGE ( 'NONE', *, *, #1141, .F. ) ;
#4211 = DIRECTION ( 'NONE',  ( -0.000000000000000000, -0.000000000000000000, -1.000000000000000000 ) ) ;
#4212 = VERTEX_POINT ( 'NONE', #425 ) ;
#4213 = CYLINDRICAL_SURFACE ( 'NONE', #4461, 101.7999999999998835 ) ;
#4214 = FACE_OUTER_BOUND ( 'NONE', #3066, .T. ) ;
#4215 = AXIS2_PLACEMENT_3D ( 'NONE', #4560, #4906, #1284 ) ;
#4216 = VERTEX_POINT ( 'NONE', #2904 ) ;
#4217 = ADVANCED_FACE ( 'NONE', ( #5256 ), #1596, .F. ) ;
#4218 = EDGE_CURVE ( 'NONE', #126, #2032, #3221, .T. ) ;
#4219 = DIRECTION ( 'NONE',  ( 0.000000000000000000, 0.000000000000000000, 1.000000000000000000 ) ) ;
#4220 = DIRECTION ( 'NONE',  ( -0.9135454576425984241, 0.4067366430758055929, 0.000000000000000000 ) ) ;
#4221 = VERTEX_POINT ( 'NONE', #18 ) ;
#4222 = DIRECTION ( 'NONE',  ( 0.000000000000000000, 0.000000000000000000, 1.000000000000000000 ) ) ;
#4223 = CYLINDRICAL_SURFACE ( 'NONE', #3213, 2.000000000000008882 ) ;
#4224 = VECTOR ( 'NONE', #2926, 1000.000000000000000 ) ;
#4225 = ORIENTED_EDGE ( 'NONE', *, *, #329, .F. ) ;
#4226 = CIRCLE ( 'NONE', #1761, 3.000000000000003553 ) ;
#4227 = CIRCLE ( 'NONE', #4910, 3.525000000000000355 ) ;
#4228 = CARTESIAN_POINT ( 'NONE',  ( 0.7939084701227773211, -6.829006834164419892, -63.63961030678928665 ) ) ;
#4229 = CIRCLE ( 'NONE', #226, 89.80000000000001137 ) ;
#4230 = DIRECTION ( 'NONE',  ( 0.000000000000000000, -0.000000000000000000, -1.000000000000000000 ) ) ;
#4231 = VECTOR ( 'NONE', #4337, 1000.000000000000000 ) ;
#4232 = VECTOR ( 'NONE', #806, 1000.000000000000000 ) ;
#4233 = DIRECTION ( 'NONE',  ( 1.000000000000000000, 5.551115123125777969E-15, 0.000000000000000000 ) ) ;
#4234 = ORIENTED_EDGE ( 'NONE', *, *, #3829, .T. ) ;
#4235 = CARTESIAN_POINT ( 'NONE',  ( -11.81736235612460106, -96.16837047789508119, 4.762500000000000178 ) ) ;
#4236 = CARTESIAN_POINT ( 'NONE',  ( -69.50856140127041272, -69.50856140126921900, 0.000000000000000000 ) ) ;
#4237 = EDGE_CURVE ( 'NONE', #353, #3235, #392, .T. ) ;
#4238 = CARTESIAN_POINT ( 'NONE',  ( -13.50077308147396771, -93.83373128146700992, 0.000000000000000000 ) ) ;
#4239 = ORIENTED_EDGE ( 'NONE', *, *, #2990, .T. ) ;
#4240 = DIRECTION ( 'NONE',  ( -0.8586697805738355838, 0.5125292264147295329, 0.000000000000000000 ) ) ;
#4241 = ORIENTED_EDGE ( 'NONE', *, *, #4533, .T. ) ;
#4242 = DIRECTION ( 'NONE',  ( 1.000000000000000000, 0.000000000000000000, 0.000000000000000000 ) ) ;
#4243 = CARTESIAN_POINT ( 'NONE',  ( -1.082168200009695258E-13, 1.938889539019461736E-13, 4.762500000000000178 ) ) ;
#4244 = VERTEX_POINT ( 'NONE', #1254 ) ;
#4245 = DIRECTION ( 'NONE',  ( -0.000000000000000000, -0.000000000000000000, 1.000000000000000000 ) ) ;
#4246 = CYLINDRICAL_SURFACE ( 'NONE', #3720, 101.7999999999999119 ) ;
#4247 = ORIENTED_EDGE ( 'NONE', *, *, #206, .T. ) ;
#4248 = DIRECTION ( 'NONE',  ( -0.9998944566463160433, 0.01452843997022954317, 0.000000000000000000 ) ) ;
#4249 = EDGE_CURVE ( 'NONE', #4318, #2732, #3292, .T. ) ;
#4250 = FACE_BOUND ( 'NONE', #2641, .T. ) ;
#4251 = CIRCLE ( 'NONE', #1949, 2.000000000000001776 ) ;
#4252 = DIRECTION ( 'NONE',  ( -0.000000000000000000, -0.000000000000000000, -1.000000000000000000 ) ) ;
#4253 = EDGE_LOOP ( 'NONE', ( #4728, #1966, #2415, #420 ) ) ;
#4254 = VECTOR ( 'NONE', #906, 1000.000000000000000 ) ;
#4255 = LINE ( 'NONE', #4330, #4494 ) ;
#4256 = CARTESIAN_POINT ( 'NONE',  ( -98.29995023471883542, 1.029637326026477537E-12, 4.762500000000000178 ) ) ;
#4257 = ORIENTED_EDGE ( 'NONE', *, *, #4930, .F. ) ;
#4258 = DIRECTION ( 'NONE',  ( -0.000000000000000000, -0.000000000000000000, -1.000000000000000000 ) ) ;
#4259 = AXIS2_PLACEMENT_3D ( 'NONE', #617, #3864, #4290 ) ;
#4260 = ADVANCED_FACE ( 'NONE', ( #1363 ), #5041, .F. ) ;
#4261 = LINE ( 'NONE', #2266, #4231 ) ;
#4262 = VERTEX_POINT ( 'NONE', #613 ) ;
#4263 = DIRECTION ( 'NONE',  ( -1.000000000000000000, 0.000000000000000000, 0.000000000000000000 ) ) ;
#4264 = ORIENTED_EDGE ( 'NONE', *, *, #684, .T. ) ;
#4265 = CARTESIAN_POINT ( 'NONE',  ( -3.155228086120867914, -84.74127999814818679, 0.000000000000000000 ) ) ;
#4266 = CARTESIAN_POINT ( 'NONE',  ( 96.16837047789535120, 11.81736235612327945, 4.762500000000000178 ) ) ;
#4267 = EDGE_LOOP ( 'NONE', ( #2899, #3782 ) ) ;
#4268 = EDGE_CURVE ( 'NONE', #567, #2842, #1686, .T. ) ;
#4269 = DIRECTION ( 'NONE',  ( -0.000000000000000000, -0.000000000000000000, 1.000000000000000000 ) ) ;
#4270 = CYLINDRICAL_SURFACE ( 'NONE', #3125, 2.000000000000001776 ) ;
#4271 = EDGE_CURVE ( 'NONE', #2262, #616, #2214, .T. ) ;
#4272 = ORIENTED_EDGE ( 'NONE', *, *, #67, .T. ) ;
#4273 = CARTESIAN_POINT ( 'NONE',  ( -1.082168200009695258E-13, 1.938889539019461736E-13, 0.000000000000000000 ) ) ;
#4274 = DIRECTION ( 'NONE',  ( -0.000000000000000000, -0.000000000000000000, 1.000000000000000000 ) ) ;
#4275 = EDGE_CURVE ( 'NONE', #625, #1199, #1170, .T. ) ;
#4276 = DIRECTION ( 'NONE',  ( 1.000000000000000000, 0.000000000000000000, 0.000000000000000000 ) ) ;
#4277 = EDGE_CURVE ( 'NONE', #3511, #4158, #4226, .T. ) ;
#4278 = DIRECTION ( 'NONE',  ( 1.000000000000000000, 0.000000000000000000, 0.000000000000000000 ) ) ;
#4279 = VERTEX_POINT ( 'NONE', #2985 ) ;
#4280 = DIRECTION ( 'NONE',  ( 1.000000000000000000, 0.000000000000000000, 0.000000000000000000 ) ) ;
#4281 = CIRCLE ( 'NONE', #1310, 94.80000000000022453 ) ;
#4282 = AXIS2_PLACEMENT_3D ( 'NONE', #2959, #858, #4529 ) ;
#4283 = AXIS2_PLACEMENT_3D ( 'NONE', #4625, #3075, #4729 ) ;
#4284 = DIRECTION ( 'NONE',  ( 0.000000000000000000, -0.000000000000000000, -1.000000000000000000 ) ) ;
#4285 = ORIENTED_EDGE ( 'NONE', *, *, #4508, .F. ) ;
#4286 = CARTESIAN_POINT ( 'NONE',  ( 13.78559951779059745, -95.81334586546435617, 0.000000000000000000 ) ) ;
#4287 = AXIS2_PLACEMENT_3D ( 'NONE', #3232, #4860, #1205 ) ;
#4288 = CARTESIAN_POINT ( 'NONE',  ( -3.341267477991202828, -89.73781773388809313, 4.762500000000000178 ) ) ;
#4289 = ORIENTED_EDGE ( 'NONE', *, *, #176, .T. ) ;
#4290 = DIRECTION ( 'NONE',  ( 1.000000000000000000, 8.673617379884027583E-16, 0.000000000000000000 ) ) ;
#4291 = ORIENTED_EDGE ( 'NONE', *, *, #1786, .T. ) ;
#4292 = CARTESIAN_POINT ( 'NONE',  ( 4.652889801852896530E-22, 98.29995023471883542, 0.000000000000000000 ) ) ;
#4293 = CARTESIAN_POINT ( 'NONE',  ( -98.74004717360729444, 12.00000000000206946, 4.762500000000000178 ) ) ;
#4294 = ORIENTED_EDGE ( 'NONE', *, *, #2255, .F. ) ;
#4295 =( GEOMETRIC_REPRESENTATION_CONTEXT ( 3 ) GLOBAL_UNCERTAINTY_ASSIGNED_CONTEXT ( ( #3789 ) ) GLOBAL_UNIT_ASSIGNED_CONTEXT ( ( #5180, #3120, #5202 ) ) REPRESENTATION_CONTEXT ( 'NONE', 'WORKASPACE' ) );
#4296 = CARTESIAN_POINT ( 'NONE',  ( -56.15849517455608719, 63.53946348317209214, 4.762500000000000178 ) ) ;
#4297 = CARTESIAN_POINT ( 'NONE',  ( 13.99865631841015556, 98.81334738424286002, 4.762500000000000178 ) ) ;
#4298 = AXIS2_PLACEMENT_3D ( 'NONE', #2049, #3729, #4961 ) ;
#4299 = VERTEX_POINT ( 'NONE', #1308 ) ;
#4300 = CYLINDRICAL_SURFACE ( 'NONE', #4358, 4.999999999999997335 ) ;
#4301 = PLANE ( 'NONE',  #3939 ) ;
#4302 = CARTESIAN_POINT ( 'NONE',  ( 0.000000000000000000, 0.000000000000000000, 0.000000000000000000 ) ) ;
#4303 = DIRECTION ( 'NONE',  ( -0.000000000000000000, -0.000000000000000000, -1.000000000000000000 ) ) ;
#4304 = EDGE_LOOP ( 'NONE', ( #3377, #5071, #470, #4241 ) ) ;
#4305 = CARTESIAN_POINT ( 'NONE',  ( 98.81334738424257580, 13.99865631841015379, 4.762500000000000178 ) ) ;
#4306 = AXIS2_PLACEMENT_3D ( 'NONE', #912, #2637, #1337 ) ;
#4307 = DIRECTION ( 'NONE',  ( 1.000000000000000000, 2.312964634635746211E-15, 0.000000000000000000 ) ) ;
#4308 = VECTOR ( 'NONE', #1822, 1000.000000000000000 ) ;
#4309 = EDGE_LOOP ( 'NONE', ( #1152, #262, #186, #2121, #2786, #4724, #1146, #4648, #66 ) ) ;
#4310 = ADVANCED_FACE ( 'NONE', ( #937 ), #4667, .F. ) ;
#4311 = VECTOR ( 'NONE', #4830, 1000.000000000000000 ) ;
#4312 = DIRECTION ( 'NONE',  ( 1.000000000000000000, 0.000000000000000000, 0.000000000000000000 ) ) ;
#4313 = VERTEX_POINT ( 'NONE', #533 ) ;
#4314 = DIRECTION ( 'NONE',  ( 1.000000000000000000, 0.000000000000000000, 0.000000000000000000 ) ) ;
#4315 = AXIS2_PLACEMENT_3D ( 'NONE', #1111, #1134, #5114 ) ;
#4316 = ORIENTED_EDGE ( 'NONE', *, *, #2747, .T. ) ;
#4317 = FACE_OUTER_BOUND ( 'NONE', #788, .T. ) ;
#4318 = VERTEX_POINT ( 'NONE', #3033 ) ;
#4319 = CIRCLE ( 'NONE', #2707, 2.000000000000001776 ) ;
#4320 = EDGE_CURVE ( 'NONE', #739, #3586, #1413, .T. ) ;
#4321 = DIRECTION ( 'NONE',  ( 1.000000000000000000, 0.000000000000000000, 0.000000000000000000 ) ) ;
#4322 = CARTESIAN_POINT ( 'NONE',  ( -77.49794488735034292, -58.00265975140490582, 0.000000000000000000 ) ) ;
#4323 = ORIENTED_EDGE ( 'NONE', *, *, #2969, .T. ) ;
#4324 = DIRECTION ( 'NONE',  ( -0.000000000000000000, -0.000000000000000000, 1.000000000000000000 ) ) ;
#4325 = LINE ( 'NONE', #678, #1137 ) ;
#4326 = PLANE ( 'NONE',  #2236 ) ;
#4327 = VECTOR ( 'NONE', #780, 1000.000000000000114 ) ;
#4328 = FACE_OUTER_BOUND ( 'NONE', #1392, .T. ) ;
#4329 = ORIENTED_EDGE ( 'NONE', *, *, #988, .F. ) ;
#4330 = CARTESIAN_POINT ( 'NONE',  ( 8.127837562969224550, 84.21863768180973864, 1.734723475976807094E-15 ) ) ;
#4331 = AXIS2_PLACEMENT_3D ( 'NONE', #1138, #4766, #1908 ) ;
#4332 = ADVANCED_FACE ( 'NONE', ( #961 ), #2612, .F. ) ;
#4333 = AXIS2_PLACEMENT_3D ( 'NONE', #2897, #93, #2522 ) ;
#4334 = DIRECTION ( 'NONE',  ( -0.000000000000000000, -0.000000000000000000, 1.000000000000000000 ) ) ;
#4335 = VERTEX_POINT ( 'NONE', #2239 ) ;
#4336 = EDGE_CURVE ( 'NONE', #5097, #755, #1811, .T. ) ;
#4337 = DIRECTION ( 'NONE',  ( -0.000000000000000000, -0.000000000000000000, -1.000000000000000000 ) ) ;
#4338 = ORIENTED_EDGE ( 'NONE', *, *, #2856, .T. ) ;
#4339 = LINE ( 'NONE', #690, #3538 ) ;
#4340 = EDGE_CURVE ( 'NONE', #781, #126, #1160, .T. ) ;
#4341 = ORIENTED_EDGE ( 'NONE', *, *, #4669, .F. ) ;
#4342 = DIRECTION ( 'NONE',  ( 1.000000000000000000, 0.000000000000000000, 0.000000000000000000 ) ) ;
#4343 = DIRECTION ( 'NONE',  ( 1.000000000000000000, 0.000000000000000000, 0.000000000000000000 ) ) ;
#4344 = EDGE_LOOP ( 'NONE', ( #3873, #299, #4370, #3219 ) ) ;
#4345 = DIRECTION ( 'NONE',  ( -0.000000000000000000, -0.000000000000000000, -1.000000000000000000 ) ) ;
#4346 = CARTESIAN_POINT ( 'NONE',  ( 59.97332584122748500, -79.76992031801138694, 4.762500000000000178 ) ) ;
#4347 = VERTEX_POINT ( 'NONE', #1837 ) ;
#4348 = CARTESIAN_POINT ( 'NONE',  ( -56.15849517455608719, 63.53946348317209214, 4.762500000000000178 ) ) ;
#4349 = CARTESIAN_POINT ( 'NONE',  ( 61.33475167483342005, -78.30481974139884471, 0.000000000000000000 ) ) ;
#4350 = CYLINDRICAL_SURFACE ( 'NONE', #2994, 2.999999999999999112 ) ;
#4351 = AXIS2_PLACEMENT_3D ( 'NONE', #2534, #3677, #1713 ) ;
#4352 = CARTESIAN_POINT ( 'NONE',  ( -59.97333113802555715, -79.76991633572582430, 0.000000000000000000 ) ) ;
#4353 = ORIENTED_EDGE ( 'NONE', *, *, #4430, .T. ) ;
#4354 = DIRECTION ( 'NONE',  ( 0.000000000000000000, -0.000000000000000000, -1.000000000000000000 ) ) ;
#4355 = CYLINDRICAL_SURFACE ( 'NONE', #2210, 2.000000000000008882 ) ;
#4356 = ORIENTED_EDGE ( 'NONE', *, *, #1808, .T. ) ;
#4357 = VECTOR ( 'NONE', #4802, 1000.000000000000000 ) ;
#4358 = AXIS2_PLACEMENT_3D ( 'NONE', #651, #3424, #2279 ) ;
#4359 = ADVANCED_FACE ( 'NONE', ( #4959 ), #2529, .F. ) ;
#4360 = ADVANCED_FACE ( 'NONE', ( #4559 ), #4155, .F. ) ;
#4361 = EDGE_CURVE ( 'NONE', #3334, #1123, #3959, .T. ) ;
#4362 = CARTESIAN_POINT ( 'NONE',  ( 95.81334586546434195, -13.78559951779128845, 4.762500000000000178 ) ) ;
#4363 = ORIENTED_EDGE ( 'NONE', *, *, #4151, .T. ) ;
#4364 = CARTESIAN_POINT ( 'NONE',  ( -75.89674767893303908, 56.80425769042715700, 4.762500000000000178 ) ) ;
#4365 = CIRCLE ( 'NONE', #1219, 2.000000000000001776 ) ;
#4366 = CARTESIAN_POINT ( 'NONE',  ( -13.99865631841153224, -98.81334738424227737, 4.762500000000000178 ) ) ;
#4367 = ORIENTED_EDGE ( 'NONE', *, *, #561, .F. ) ;
#4368 = CARTESIAN_POINT ( 'NONE',  ( 3.524999999999999911, 98.29995023471883542, 4.762500000000000178 ) ) ;
#4369 = DIRECTION ( 'NONE',  ( 1.000000000000000000, 0.000000000000000000, 0.000000000000000000 ) ) ;
#4370 = ORIENTED_EDGE ( 'NONE', *, *, #4149, .T. ) ;
#4371 = CARTESIAN_POINT ( 'NONE',  ( 61.33475167483342005, -78.30481974139884471, 0.000000000000000000 ) ) ;
#4372 = CYLINDRICAL_SURFACE ( 'NONE', #2070, 5.000000000000004441 ) ;
#4373 = VERTEX_POINT ( 'NONE', #3753 ) ;
#4374 = ADVANCED_FACE ( 'NONE', ( #4611 ), #2585, .T. ) ;
#4375 = EDGE_CURVE ( 'NONE', #260, #1695, #2791, .T. ) ;
#4376 = EDGE_CURVE ( 'NONE', #2892, #4190, #5214, .T. ) ;
#4377 = CIRCLE ( 'NONE', #3367, 3.525000000000000355 ) ;
#4378 = LINE ( 'NONE', #681, #2955 ) ;
#4379 = VERTEX_POINT ( 'NONE', #3086 ) ;
#4380 = LINE ( 'NONE', #3461, #5251 ) ;
#4381 = CARTESIAN_POINT ( 'NONE',  ( 61.33476159500217051, 78.30481188895214473, 0.000000000000000000 ) ) ;
#4382 = ORIENTED_EDGE ( 'NONE', *, *, #1656, .F. ) ;
#4383 = DIRECTION ( 'NONE',  ( -0.000000000000000000, -0.000000000000000000, 1.000000000000000000 ) ) ;
#4384 = EDGE_LOOP ( 'NONE', ( #4316, #376, #1021, #1609 ) ) ;
#4385 = AXIS2_PLACEMENT_3D ( 'NONE', #437, #1237, #783 ) ;
#4386 = CARTESIAN_POINT ( 'NONE',  ( 56.80426238384145421, 75.89674416618774444, 0.000000000000000000 ) ) ;
#4387 = VERTEX_POINT ( 'NONE', #2263 ) ;
#4388 = DIRECTION ( 'NONE',  ( -0.4067366430758070361, 0.9135454576425978690, 0.000000000000000000 ) ) ;
#4389 = CARTESIAN_POINT ( 'NONE',  ( 21.94754193198513192, 80.40441520105659379, 0.000000000000000000 ) ) ;
#4390 = CIRCLE ( 'NONE', #4737, 2.000000000000015543 ) ;
#4391 = DIRECTION ( 'NONE',  ( -1.000000000000000000, 0.000000000000000000, 0.000000000000000000 ) ) ;
#4392 = CIRCLE ( 'NONE', #2096, 2.000000000000008882 ) ;
#4393 = ORIENTED_EDGE ( 'NONE', *, *, #5067, .T. ) ;
#4394 = EDGE_CURVE ( 'NONE', #4387, #4535, #1558, .T. ) ;
#4395 = AXIS2_PLACEMENT_3D ( 'NONE', #4753, #3447, #268 ) ;
#4396 = DIRECTION ( 'NONE',  ( -0.000000000000000000, -0.000000000000000000, 1.000000000000000000 ) ) ;
#4397 = FACE_BOUND ( 'NONE', #1096, .T. ) ;
#4398 = ORIENTED_EDGE ( 'NONE', *, *, #2315, .T. ) ;
#4399 = DIRECTION ( 'NONE',  ( 1.000000000000000000, 0.000000000000000000, 0.000000000000000000 ) ) ;
#4400 = LINE ( 'NONE', #2805, #504 ) ;
#4401 = ORIENTED_EDGE ( 'NONE', *, *, #3157, .T. ) ;
#4402 = AXIS2_PLACEMENT_3D ( 'NONE', #46, #4473, #830 ) ;
#4403 = DIRECTION ( 'NONE',  ( -0.000000000000000000, 0.000000000000000000, 1.000000000000000000 ) ) ;
#4404 = ADVANCED_FACE ( 'NONE', ( #1862 ), #5244, .T. ) ;
#4405 = ORIENTED_EDGE ( 'NONE', *, *, #3649, .F. ) ;
#4406 = CARTESIAN_POINT ( 'NONE',  ( -98.29995023471883542, 1.029637326026477537E-12, 4.762500000000000178 ) ) ;
#4407 = DIRECTION ( 'NONE',  ( -1.000000000000000000, 0.000000000000000000, 0.000000000000000000 ) ) ;
#4408 = ORIENTED_EDGE ( 'NONE', *, *, #4376, .F. ) ;
#4409 = VECTOR ( 'NONE', #4135, 1000.000000000000000 ) ;
#4410 = CARTESIAN_POINT ( 'NONE',  ( 12.28526491208339522, 27.59315676969404763, 0.000000000000000000 ) ) ;
#4411 = ORIENTED_EDGE ( 'NONE', *, *, #4508, .T. ) ;
#4412 = ORIENTED_EDGE ( 'NONE', *, *, #4010, .F. ) ;
#4413 = AXIS2_PLACEMENT_3D ( 'NONE', #2261, #3030, #3883 ) ;
#4414 = CARTESIAN_POINT ( 'NONE',  ( 61.97333599587670960, 79.76991268345260266, 4.762500000000000178 ) ) ;
#4415 = ORIENTED_EDGE ( 'NONE', *, *, #4576, .F. ) ;
#4416 = DIRECTION ( 'NONE',  ( 1.000000000000000000, 0.000000000000000000, 0.000000000000000000 ) ) ;
#4417 = EDGE_CURVE ( 'NONE', #4335, #5157, #1919, .T. ) ;
#4418 = DIRECTION ( 'NONE',  ( 1.000000000000000000, 0.000000000000000000, 0.000000000000000000 ) ) ;
#4419 = CARTESIAN_POINT ( 'NONE',  ( -8.127837562962239915, -84.21863768180996601, 4.762500000000000178 ) ) ;
#4420 = ORIENTED_EDGE ( 'NONE', *, *, #4027, .F. ) ;
#4421 = DIRECTION ( 'NONE',  ( -0.000000000000000000, -0.000000000000000000, 1.000000000000000000 ) ) ;
#4422 = FACE_BOUND ( 'NONE', #2475, .T. ) ;
#4423 = ORIENTED_EDGE ( 'NONE', *, *, #4669, .T. ) ;
#4424 = CARTESIAN_POINT ( 'NONE',  ( 11.81736235612325814, -96.16837047789522330, 4.762500000000000178 ) ) ;
#4425 = DIRECTION ( 'NONE',  ( 1.000000000000000000, 0.000000000000000000, 0.000000000000000000 ) ) ;
#4426 = ORIENTED_EDGE ( 'NONE', *, *, #167, .T. ) ;
#4427 = ADVANCED_FACE ( 'NONE', ( #2412 ), #3061, .F. ) ;
#4428 = EDGE_CURVE ( 'NONE', #3094, #3654, #1982, .T. ) ;
#4429 = AXIS2_PLACEMENT_3D ( 'NONE', #1841, #3467, #668 ) ;
#4430 = EDGE_CURVE ( 'NONE', #1519, #1692, #1614, .T. ) ;
#4431 = EDGE_CURVE ( 'NONE', #1139, #4373, #5117, .T. ) ;
#4432 = DIRECTION ( 'NONE',  ( -0.000000000000000000, -0.000000000000000000, 1.000000000000000000 ) ) ;
#4433 = ORIENTED_EDGE ( 'NONE', *, *, #956, .F. ) ;
#4434 = DIRECTION ( 'NONE',  ( -0.000000000000000000, -0.000000000000000000, 1.000000000000000000 ) ) ;
#4435 = CARTESIAN_POINT ( 'NONE',  ( 80.16711084507667806, 20.91003668975877616, 4.762500000000000178 ) ) ;
#4436 = EDGE_LOOP ( 'NONE', ( #4136, #4239, #2569, #4990, #4401, #3609, #3454, #252, #2600 ) ) ;
#4437 = CIRCLE ( 'NONE', #2142, 3.525000000000000355 ) ;
#4438 = EDGE_CURVE ( 'NONE', #3571, #4221, #1039, .T. ) ;
#4439 = DIRECTION ( 'NONE',  ( 1.000000000000000000, 0.000000000000000000, 0.000000000000000000 ) ) ;
#4440 = ORIENTED_EDGE ( 'NONE', *, *, #2127, .F. ) ;
#4441 = ORIENTED_EDGE ( 'NONE', *, *, #1208, .F. ) ;
#4442 = CARTESIAN_POINT ( 'NONE',  ( 100.7935747867323215, 14.27919051316785648, 4.762500000000000178 ) ) ;
#4443 = EDGE_LOOP ( 'NONE', ( #2844, #4892, #3362, #1943 ) ) ;
#4444 = DIRECTION ( 'NONE',  ( -1.000000000000000000, 0.000000000000000000, 0.000000000000000000 ) ) ;
#4445 = FACE_OUTER_BOUND ( 'NONE', #5213, .T. ) ;
#4446 = DIRECTION ( 'NONE',  ( -0.000000000000000000, -0.000000000000000000, 1.000000000000000000 ) ) ;
#4447 = CARTESIAN_POINT ( 'NONE',  ( -81.36851185347691739, -61.17520150151169389, 0.000000000000000000 ) ) ;
#4448 = AXIS2_PLACEMENT_3D ( 'NONE', #270, #1105, #1203 ) ;
#4449 = EDGE_LOOP ( 'NONE', ( #1623, #2834, #3279, #641 ) ) ;
#4450 = AXIS2_PLACEMENT_3D ( 'NONE', #2845, #2671, #294 ) ;
#4451 = CARTESIAN_POINT ( 'NONE',  ( 71.81048718454515267, -45.10314767639034272, 0.000000000000000000 ) ) ;
#4452 = AXIS2_PLACEMENT_3D ( 'NONE', #627, #3076, #1502 ) ;
#4453 = CIRCLE ( 'NONE', #1735, 2.000000000000013767 ) ;
#4454 = CARTESIAN_POINT ( 'NONE',  ( 0.000000000000000000, 0.000000000000000000, 0.000000000000000000 ) ) ;
#4455 = ORIENTED_EDGE ( 'NONE', *, *, #1057, .F. ) ;
#4456 = DIRECTION ( 'NONE',  ( -1.000000000000000000, 0.000000000000000000, 0.000000000000000000 ) ) ;
#4457 = FACE_OUTER_BOUND ( 'NONE', #2146, .T. ) ;
#4458 = VERTEX_POINT ( 'NONE', #4031 ) ;
#4459 = DIRECTION ( 'NONE',  ( 0.000000000000000000, 0.000000000000000000, 1.000000000000000000 ) ) ;
#4460 = ORIENTED_EDGE ( 'NONE', *, *, #5196, .T. ) ;
#4461 = AXIS2_PLACEMENT_3D ( 'NONE', #619, #5100, #1445 ) ;
#4462 = DIRECTION ( 'NONE',  ( 0.000000000000000000, 0.000000000000000000, -1.000000000000000000 ) ) ;
#4463 = CARTESIAN_POINT ( 'NONE',  ( -59.46972720135774892, 67.28589411307611101, 0.000000000000000000 ) ) ;
#4464 = ADVANCED_FACE ( 'NONE', ( #383 ), #1133, .F. ) ;
#4465 = ORIENTED_EDGE ( 'NONE', *, *, #1670, .T. ) ;
#4466 = ADVANCED_FACE ( 'NONE', ( #2439 ), #2660, .F. ) ;
#4467 = DIRECTION ( 'NONE',  ( -0.000000000000000000, -0.000000000000000000, -1.000000000000000000 ) ) ;
#4468 = ORIENTED_EDGE ( 'NONE', *, *, #5189, .T. ) ;
#4469 = AXIS2_PLACEMENT_3D ( 'NONE', #1309, #4476, #2933 ) ;
#4470 = CYLINDRICAL_SURFACE ( 'NONE', #1676, 2.000000000000008882 ) ;
#4471 = ORIENTED_EDGE ( 'NONE', *, *, #4489, .T. ) ;
#4472 = CARTESIAN_POINT ( 'NONE',  ( -8.127837562962238138, -84.21863768180995180, 4.762500000000000178 ) ) ;
#4473 = DIRECTION ( 'NONE',  ( -0.000000000000000000, -0.000000000000000000, 1.000000000000000000 ) ) ;
#4474 = EDGE_CURVE ( 'NONE', #1714, #2573, #4380, .T. ) ;
#4475 = EDGE_CURVE ( 'NONE', #3511, #3757, #3979, .T. ) ;
#4476 = DIRECTION ( 'NONE',  ( -0.000000000000000000, -0.000000000000000000, -1.000000000000000000 ) ) ;
#4477 = ORIENTED_EDGE ( 'NONE', *, *, #2435, .F. ) ;
#4478 = VECTOR ( 'NONE', #1480, 1000.000000000000000 ) ;
#4479 = CARTESIAN_POINT ( 'NONE',  ( 0.000000000000000000, 0.000000000000000000, 0.000000000000000000 ) ) ;
#4480 = ORIENTED_EDGE ( 'NONE', *, *, #932, .F. ) ;
#4481 = CIRCLE ( 'NONE', #2783, 2.000000000000015543 ) ;
#4482 = AXIS2_PLACEMENT_3D ( 'NONE', #1682, #1707, #2021 ) ;
#4483 = DIRECTION ( 'NONE',  ( -0.000000000000000000, -0.000000000000000000, 1.000000000000000000 ) ) ;
#4484 = CIRCLE ( 'NONE', #311, 94.80000000000021032 ) ;
#4485 = ORIENTED_EDGE ( 'NONE', *, *, #1312, .F. ) ;
#4486 = CARTESIAN_POINT ( 'NONE',  ( 59.97332584122748500, -79.76992031801138694, 0.000000000000000000 ) ) ;
#4487 = DIRECTION ( 'NONE',  ( -0.000000000000000000, -0.000000000000000000, 1.000000000000000000 ) ) ;
#4488 = ORIENTED_EDGE ( 'NONE', *, *, #1366, .F. ) ;
#4489 = EDGE_CURVE ( 'NONE', #1698, #1094, #2348, .T. ) ;
#4490 = CARTESIAN_POINT ( 'NONE',  ( -69.50856140126900584, 69.50856140127069693, 0.000000000000000000 ) ) ;
#4491 = ORIENTED_EDGE ( 'NONE', *, *, #1574, .F. ) ;
#4492 = DIRECTION ( 'NONE',  ( -1.000000000000000000, 0.000000000000000000, 0.000000000000000000 ) ) ;
#4493 = LINE ( 'NONE', #4381, #1354 ) ;
#4494 = VECTOR ( 'NONE', #3557, 1000.000000000000000 ) ;
#4495 = ORIENTED_EDGE ( 'NONE', *, *, #2747, .F. ) ;
#4496 = AXIS2_PLACEMENT_3D ( 'NONE', #4305, #253, #1240 ) ;
#4497 = DIRECTION ( 'NONE',  ( -0.000000000000000000, -0.000000000000000000, 1.000000000000000000 ) ) ;
#4498 = EDGE_LOOP ( 'NONE', ( #2874, #672, #3215, #4681 ) ) ;
#4499 = CIRCLE ( 'NONE', #5016, 2.000000000000003553 ) ;
#4500 = ADVANCED_FACE ( 'NONE', ( #2010 ), #2386, .F. ) ;
#4501 = DIRECTION ( 'NONE',  ( 1.000000000000000000, 0.000000000000000000, 0.000000000000000000 ) ) ;
#4502 = ORIENTED_EDGE ( 'NONE', *, *, #4271, .T. ) ;
#4503 = CARTESIAN_POINT ( 'NONE',  ( 69.50856140126947480, -69.50856140127021376, 4.762500000000000178 ) ) ;
#4504 = DIRECTION ( 'NONE',  ( 1.000000000000000000, 0.000000000000000000, 0.000000000000000000 ) ) ;
#4505 = DIRECTION ( 'NONE',  ( 0.000000000000000000, 0.000000000000000000, 1.000000000000000000 ) ) ;
#4506 = AXIS2_PLACEMENT_3D ( 'NONE', #2658, #3410, #5038 ) ;
#4507 = ORIENTED_EDGE ( 'NONE', *, *, #3516, .F. ) ;
#4508 = EDGE_CURVE ( 'NONE', #3814, #1551, #2775, .T. ) ;
#4509 = CARTESIAN_POINT ( 'NONE',  ( -74.96571527066774365, -39.63813232175769485, 4.762500000000000178 ) ) ;
#4510 = AXIS2_PLACEMENT_3D ( 'NONE', #851, #1216, #2841 ) ;
#4511 = ORIENTED_EDGE ( 'NONE', *, *, #5133, .F. ) ;
#4512 = CYLINDRICAL_SURFACE ( 'NONE', #2913, 1.999999999999986233 ) ;
#4513 = VERTEX_POINT ( 'NONE', #3210 ) ;
#4514 = DIRECTION ( 'NONE',  ( 0.000000000000000000, 0.000000000000000000, 1.000000000000000000 ) ) ;
#4515 = LINE ( 'NONE', #3737, #2368 ) ;
#4516 = ORIENTED_EDGE ( 'NONE', *, *, #4138, .T. ) ;
#4517 = CIRCLE ( 'NONE', #767, 89.80000000000001137 ) ;
#4518 = VECTOR ( 'NONE', #1492, 1000.000000000000000 ) ;
#4519 = FACE_OUTER_BOUND ( 'NONE', #4976, .T. ) ;
#4520 = VERTEX_POINT ( 'NONE', #3630 ) ;
#4521 = DIRECTION ( 'NONE',  ( 0.000000000000000000, 0.000000000000000000, 1.000000000000000000 ) ) ;
#4522 = DIRECTION ( 'NONE',  ( -0.000000000000000000, -0.000000000000000000, 1.000000000000000000 ) ) ;
#4523 = EDGE_LOOP ( 'NONE', ( #1648, #4272, #438, #502, #1547, #1637, #1795, #1619, #1970, #643 ) ) ;
#4524 = CARTESIAN_POINT ( 'NONE',  ( -93.83373128146743625, -13.50077308147263366, 0.000000000000000000 ) ) ;
#4525 = ORIENTED_EDGE ( 'NONE', *, *, #2613, .T. ) ;
#4526 = CLOSED_SHELL ( 'NONE', ( #534, #2168, #1828, #4260, #1210, #4427, #416, #1326, #1977, #429, #5173, #2574, #1645, #4359, #1183, #1957, #1311, #3531, #712, #4629, #3490, #962, #4310, #897, #2927, #4641, #1140, #31, #2017, #4332, #2782, #41, #4500, #4869, #1154, #4713, #339, #2186, #562, #3464, #765, #1380, #5103, #4464, #3045, #1174, #1091, #2306, #4193, #3929, #3554, #1566, #3399, #1628, #4568, #3324, #2949, #1482, #1710, #4404, #5223, #2265, #3678, #1002, #257, #327, #2287, #3264, #1153, #3106, #1031, #762, #3674, #4025, #302, #4550, #3881, #732, #4775, #3488, #4360, #4004, #1773, #3337, #99, #4945, #2051, #572, #100, #1888, #5220, #146, #4374, #4678, #4466, #130, #2202, #3226, #2554, #3634, #153, #1964, #2085, #3762, #2457, #1503, #445, #661, #2981, #999, #2480, #2333, #106, #5229, #2545, #5144, #4217, #1743, #952, #32, #2722, #3702, #4040, #2654, #2937, #4095, #1407, #3309, #2305, #3262, #983, #2390, #3063, #3249, #527, #4111, #1872, #4777, #3161, #1834, #3435, #552, #3887, #4119, #2425, #2097, #2589, #3817, #250, #2682 ) ) ;
#4527 = CARTESIAN_POINT ( 'NONE',  ( -31.40977308600639262, 18.22244667702062770, 4.762500000000000178 ) ) ;
#4528 = EDGE_LOOP ( 'NONE', ( #1627, #1261, #4831, #4037 ) ) ;
#4529 = DIRECTION ( 'NONE',  ( 1.000000000000000000, 0.000000000000000000, 0.000000000000000000 ) ) ;
#4530 = DIRECTION ( 'NONE',  ( -0.000000000000000000, -0.000000000000000000, 1.000000000000000000 ) ) ;
#4531 = CARTESIAN_POINT ( 'NONE',  ( 6.311047636065547195, -2.726958513676135176, -63.63961030678928665 ) ) ;
#4532 = VERTEX_POINT ( 'NONE', #2468 ) ;
#4533 = EDGE_CURVE ( 'NONE', #4854, #150, #654, .T. ) ;
#4534 = DIRECTION ( 'NONE',  ( -0.8731982205440546041, -0.4873652302315960028, 0.000000000000000000 ) ) ;
#4535 = VERTEX_POINT ( 'NONE', #3322 ) ;
#4536 = CARTESIAN_POINT ( 'NONE',  ( 81.36851591556607843, -61.17519609856763907, 0.000000000000000000 ) ) ;
#4537 = ORIENTED_EDGE ( 'NONE', *, *, #4898, .F. ) ;
#4538 = CARTESIAN_POINT ( 'NONE',  ( 3.155228086127853437, 84.74127999814795942, 4.762500000000000178 ) ) ;
#4539 = DIRECTION ( 'NONE',  ( 1.000000000000000000, 0.000000000000000000, 0.000000000000000000 ) ) ;
#4540 = AXIS2_PLACEMENT_3D ( 'NONE', #4883, #2850, #3593 ) ;
#4541 = ORIENTED_EDGE ( 'NONE', *, *, #3917, .T. ) ;
#4542 = AXIS2_PLACEMENT_3D ( 'NONE', #4705, #4222, #2674 ) ;
#4543 = DIRECTION ( 'NONE',  ( 1.000000000000000000, 0.000000000000000000, 0.000000000000000000 ) ) ;
#4544 = EDGE_LOOP ( 'NONE', ( #3442, #2044, #2401, #5185 ) ) ;
#4545 = CARTESIAN_POINT ( 'NONE',  ( -6.864248841727479887E-13, -98.29995023471883542, 4.762500000000000178 ) ) ;
#4546 = DIRECTION ( 'NONE',  ( -0.000000000000000000, 0.000000000000000000, 1.000000000000000000 ) ) ;
#4547 = EDGE_CURVE ( 'NONE', #637, #2081, #1324, .T. ) ;
#4548 = AXIS2_PLACEMENT_3D ( 'NONE', #5266, #2406, #2005 ) ;
#4549 = ORIENTED_EDGE ( 'NONE', *, *, #4604, .T. ) ;
#4550 = ADVANCED_FACE ( 'NONE', ( #2542 ), #3714, .F. ) ;
#4551 = DIRECTION ( 'NONE',  ( 1.000000000000000000, 0.000000000000000000, 0.000000000000000000 ) ) ;
#4552 = ORIENTED_EDGE ( 'NONE', *, *, #2148, .T. ) ;
#4553 = CARTESIAN_POINT ( 'NONE',  ( 58.00265452593868076, -77.49794879830439243, 0.000000000000000000 ) ) ;
#4554 = CIRCLE ( 'NONE', #5239, 5.000000000000004441 ) ;
#4555 = AXIS2_PLACEMENT_3D ( 'NONE', #885, #47, #2506 ) ;
#4556 = DIRECTION ( 'NONE',  ( 1.000000000000000000, 0.000000000000000000, 0.000000000000000000 ) ) ;
#4557 = ORIENTED_EDGE ( 'NONE', *, *, #4815, .T. ) ;
#4558 = CARTESIAN_POINT ( 'NONE',  ( -26.94754193197798031, -80.40441520105899542, 0.000000000000000000 ) ) ;
#4559 = FACE_OUTER_BOUND ( 'NONE', #4108, .T. ) ;
#4560 = CARTESIAN_POINT ( 'NONE',  ( -71.81048718454323421, 45.10314767639336964, 4.762500000000000178 ) ) ;
#4561 = FACE_OUTER_BOUND ( 'NONE', #4544, .T. ) ;
#4562 = ORIENTED_EDGE ( 'NONE', *, *, #597, .T. ) ;
#4563 = FACE_OUTER_BOUND ( 'NONE', #3411, .T. ) ;
#4564 = ORIENTED_EDGE ( 'NONE', *, *, #1366, .T. ) ;
#4565 = DIRECTION ( 'NONE',  ( -0.000000000000000000, -0.000000000000000000, -1.000000000000000000 ) ) ;
#4566 = DIRECTION ( 'NONE',  ( -1.000000000000000000, 0.000000000000000000, 0.000000000000000000 ) ) ;
#4567 = ORIENTED_EDGE ( 'NONE', *, *, #3029, .T. ) ;
#4568 = ADVANCED_FACE ( 'NONE', ( #520 ), #4166, .F. ) ;
#4569 = AXIS2_PLACEMENT_3D ( 'NONE', #3555, #1083, #4733 ) ;
#4570 = CARTESIAN_POINT ( 'NONE',  ( -76.35723283372590231, -59.64545493362207651, 0.000000000000000000 ) ) ;
#4571 = EDGE_LOOP ( 'NONE', ( #5150, #2188, #3364, #69 ) ) ;
#4572 = DIRECTION ( 'NONE',  ( 0.000000000000000000, 0.000000000000000000, 1.000000000000000000 ) ) ;
#4573 = CARTESIAN_POINT ( 'NONE',  ( -5.517139165942847256, -4.102048320488123068, 4.762500000000000178 ) ) ;
#4574 = AXIS2_PLACEMENT_3D ( 'NONE', #4848, #3640, #2420 ) ;
#4575 = ORIENTED_EDGE ( 'NONE', *, *, #5217, .T. ) ;
#4576 = EDGE_CURVE ( 'NONE', #3583, #3002, #2587, .T. ) ;
#4577 = CARTESIAN_POINT ( 'NONE',  ( 77.49794130049565410, 58.00266454383778836, 0.000000000000000000 ) ) ;
#4578 = VERTEX_POINT ( 'NONE', #2115 ) ;
#4579 = CARTESIAN_POINT ( 'NONE',  ( -98.29995023471883542, 1.029637326026477537E-12, 0.000000000000000000 ) ) ;
#4580 = AXIS2_PLACEMENT_3D ( 'NONE', #3455, #683, #2336 ) ;
#4581 = CARTESIAN_POINT ( 'NONE',  ( -76.99939848604678616, -35.07040503354470928, 0.000000000000000000 ) ) ;
#4582 = EDGE_LOOP ( 'NONE', ( #113, #1500, #2670, #4908, #5078, #1613, #1689 ) ) ;
#4583 = CARTESIAN_POINT ( 'NONE',  ( -0.9919820095244931135, -6.803057892799126982, 4.762500000000000178 ) ) ;
#4584 = DIRECTION ( 'NONE',  ( 1.000000000000000000, 0.000000000000000000, 0.000000000000000000 ) ) ;
#4585 = CIRCLE ( 'NONE', #2289, 4.999999999999997335 ) ;
#4586 = EDGE_CURVE ( 'NONE', #1999, #4867, #2667, .T. ) ;
#4587 = EDGE_CURVE ( 'NONE', #2673, #1720, #847, .T. ) ;
#4588 = DIRECTION ( 'NONE',  ( 1.000000000000000000, 0.000000000000000000, 0.000000000000000000 ) ) ;
#4589 = ORIENTED_EDGE ( 'NONE', *, *, #1414, .T. ) ;
#4590 = CARTESIAN_POINT ( 'NONE',  ( 101.8249502347188269, -3.427807543223190567E-13, 0.000000000000000000 ) ) ;
#4591 = ORIENTED_EDGE ( 'NONE', *, *, #1753, .T. ) ;
#4592 = VECTOR ( 'NONE', #4665, 1000.000000000000000 ) ;
#4593 = CARTESIAN_POINT ( 'NONE',  ( -6.387611963342716415, -2.542447326054265933, 0.000000000000000000 ) ) ;
#4594 = DIRECTION ( 'NONE',  ( -0.000000000000000000, -0.000000000000000000, 1.000000000000000000 ) ) ;
#4595 = ORIENTED_EDGE ( 'NONE', *, *, #4187, .F. ) ;
#4596 = CIRCLE ( 'NONE', #4510, 94.80000000000022453 ) ;
#4597 = CYLINDRICAL_SURFACE ( 'NONE', #5170, 3.525000000000000355 ) ;
#4598 = ORIENTED_EDGE ( 'NONE', *, *, #2481, .F. ) ;
#4599 = DIRECTION ( 'NONE',  ( 1.000000000000000000, 0.000000000000000000, 0.000000000000000000 ) ) ;
#4600 = DIRECTION ( 'NONE',  ( 1.000000000000000000, 0.000000000000000000, 0.000000000000000000 ) ) ;
#4601 = ORIENTED_EDGE ( 'NONE', *, *, #665, .T. ) ;
#4602 = EDGE_CURVE ( 'NONE', #5250, #1019, #973, .T. ) ;
#4603 = EDGE_CURVE ( 'NONE', #1285, #1335, #4453, .T. ) ;
#4604 = EDGE_CURVE ( 'NONE', #2727, #766, #4020, .T. ) ;
#4605 = CYLINDRICAL_SURFACE ( 'NONE', #1247, 12.00770693825414881 ) ;
#4606 = ORIENTED_EDGE ( 'NONE', *, *, #1439, .T. ) ;
#4607 = CYLINDRICAL_SURFACE ( 'NONE', #2858, 2.000000000000001776 ) ;
#4608 = FACE_OUTER_BOUND ( 'NONE', #1905, .T. ) ;
#4609 = ORIENTED_EDGE ( 'NONE', *, *, #607, .F. ) ;
#4610 = CARTESIAN_POINT ( 'NONE',  ( 65.98356140126998071, 69.50856140126973060, 4.762500000000000178 ) ) ;
#4611 = FACE_OUTER_BOUND ( 'NONE', #3351, .T. ) ;
#4612 = EDGE_CURVE ( 'NONE', #3938, #4776, #1220, .T. ) ;
#4613 = EDGE_CURVE ( 'NONE', #1551, #828, #363, .T. ) ;
#4614 = CIRCLE ( 'NONE', #1638, 94.80000000000021032 ) ;
#4615 = CARTESIAN_POINT ( 'NONE',  ( -1.082168200009695258E-13, 1.938889539019461736E-13, 4.762500000000000178 ) ) ;
#4616 = ORIENTED_EDGE ( 'NONE', *, *, #40, .T. ) ;
#4617 = LINE ( 'NONE', #591, #5197 ) ;
#4618 = EDGE_LOOP ( 'NONE', ( #1891, #4788, #904, #4926 ) ) ;
#4619 = CARTESIAN_POINT ( 'NONE',  ( -0.7159884922250662198, 0.07525342293433383289, 4.762500000000000178 ) ) ;
#4620 = DIRECTION ( 'NONE',  ( -1.000000000000000000, 0.000000000000000000, 0.000000000000000000 ) ) ;
#4621 = ORIENTED_EDGE ( 'NONE', *, *, #317, .T. ) ;
#4622 = DIRECTION ( 'NONE',  ( 1.000000000000000000, 0.000000000000000000, 0.000000000000000000 ) ) ;
#4623 = AXIS2_PLACEMENT_3D ( 'NONE', #2020, #4345, #5255 ) ;
#4624 = ORIENTED_EDGE ( 'NONE', *, *, #198, .T. ) ;
#4625 = CARTESIAN_POINT ( 'NONE',  ( -58.00265975140476371, 77.49794488735075504, 4.762500000000000178 ) ) ;
#4626 = CARTESIAN_POINT ( 'NONE',  ( -3.564852499011122345E-14, 3.010821135291660347E-13, -63.63961030678928665 ) ) ;
#4627 = ORIENTED_EDGE ( 'NONE', *, *, #1513, .F. ) ;
#4628 = AXIS2_PLACEMENT_3D ( 'NONE', #2352, #297, #3596 ) ;
#4629 = ADVANCED_FACE ( 'NONE', ( #7 ), #4117, .F. ) ;
#4630 = LINE ( 'NONE', #2653, #3293 ) ;
#4631 = AXIS2_PLACEMENT_3D ( 'NONE', #493, #1721, #3371 ) ;
#4632 = VERTEX_POINT ( 'NONE', #3349 ) ;
#4633 = LINE ( 'NONE', #2177, #304 ) ;
#4634 = EDGE_CURVE ( 'NONE', #4141, #1285, #2839, .T. ) ;
#4635 = CYLINDRICAL_SURFACE ( 'NONE', #1868, 2.000000000000008882 ) ;
#4636 = VERTEX_POINT ( 'NONE', #1746 ) ;
#4637 = CARTESIAN_POINT ( 'NONE',  ( -5.517139165942847256, -4.102048320488123068, -63.63961030678928665 ) ) ;
#4638 = DIRECTION ( 'NONE',  ( 1.000000000000000000, 0.000000000000000000, 0.000000000000000000 ) ) ;
#4639 = CIRCLE ( 'NONE', #714, 2.999999999999995559 ) ;
#4640 = EDGE_CURVE ( 'NONE', #4814, #4262, #2331, .T. ) ;
#4641 = ADVANCED_FACE ( 'NONE', ( #2518 ), #901, .F. ) ;
#4642 = DIRECTION ( 'NONE',  ( 1.000000000000000000, 0.000000000000000000, 0.000000000000000000 ) ) ;
#4643 = EDGE_LOOP ( 'NONE', ( #818, #1465, #2212, #1373 ) ) ;
#4644 = DIRECTION ( 'NONE',  ( -0.000000000000000000, 0.000000000000000000, 1.000000000000000000 ) ) ;
#4645 = ORIENTED_EDGE ( 'NONE', *, *, #2157, .F. ) ;
#4646 = DIRECTION ( 'NONE',  ( 1.000000000000000000, 0.000000000000000000, 0.000000000000000000 ) ) ;
#4647 = CARTESIAN_POINT ( 'NONE',  ( 56.15849517455793460, -63.53946348317046500, 0.000000000000000000 ) ) ;
#4648 = ORIENTED_EDGE ( 'NONE', *, *, #105, .F. ) ;
#4649 = DIRECTION ( 'NONE',  ( 1.000000000000000000, 0.000000000000000000, 0.000000000000000000 ) ) ;
#4650 = DIRECTION ( 'NONE',  ( 0.000000000000000000, -0.000000000000000000, -1.000000000000000000 ) ) ;
#4651 = ORIENTED_EDGE ( 'NONE', *, *, #40, .F. ) ;
#4652 = PRESENTATION_STYLE_ASSIGNMENT (( #1007 ) ) ;
#4653 = DIRECTION ( 'NONE',  ( 0.000000000000000000, 0.000000000000000000, 1.000000000000000000 ) ) ;
#4654 = AXIS2_PLACEMENT_3D ( 'NONE', #1357, #1383, #1409 ) ;
#4655 = DIRECTION ( 'NONE',  ( -0.000000000000000000, -0.000000000000000000, 1.000000000000000000 ) ) ;
#4656 = VECTOR ( 'NONE', #4434, 1000.000000000000000 ) ;
#4657 = MANIFOLD_SOLID_BREP ( 'Cut-Extrude7', #4526 ) ;
#4658 = AXIS2_PLACEMENT_3D ( 'NONE', #61, #4863, #845 ) ;
#4659 = EDGE_CURVE ( 'NONE', #4073, #3662, #2414, .T. ) ;
#4660 = DIRECTION ( 'NONE',  ( 0.8090169943749516701, -0.5877852522924673639, 0.000000000000000000 ) ) ;
#4661 = CIRCLE ( 'NONE', #3462, 2.000000000000001776 ) ;
#4662 = CARTESIAN_POINT ( 'NONE',  ( -28.50242259830407221, -17.77685269127618284, 4.762500000000000178 ) ) ;
#4663 = VECTOR ( 'NONE', #3091, 1000.000000000000000 ) ;
#4664 = CIRCLE ( 'NONE', #1762, 2.000000000000005329 ) ;
#4665 = DIRECTION ( 'NONE',  ( -0.000000000000000000, -0.000000000000000000, 1.000000000000000000 ) ) ;
#4666 = ORIENTED_EDGE ( 'NONE', *, *, #3004, .T. ) ;
#4667 = CYLINDRICAL_SURFACE ( 'NONE', #3380, 3.525000000000000355 ) ;
#4668 = VECTOR ( 'NONE', #3886, 1000.000000000000000 ) ;
#4669 = EDGE_CURVE ( 'NONE', #2032, #3641, #2580, .T. ) ;
#4670 = DIRECTION ( 'NONE',  ( 1.000000000000000000, 0.000000000000000000, 0.000000000000000000 ) ) ;
#4671 = ORIENTED_EDGE ( 'NONE', *, *, #3087, .T. ) ;
#4672 = CARTESIAN_POINT ( 'NONE',  ( 5.517139165942796630, 4.102048320488412614, -63.63961030678928665 ) ) ;
#4673 = ORIENTED_EDGE ( 'NONE', *, *, #5090, .T. ) ;
#4674 = DIRECTION ( 'NONE',  ( 1.000000000000000000, 0.000000000000000000, 0.000000000000000000 ) ) ;
#4675 = DIRECTION ( 'NONE',  ( 1.000000000000000000, 0.000000000000000000, 0.000000000000000000 ) ) ;
#4676 = CIRCLE ( 'NONE', #2208, 1.999999999999988010 ) ;
#4677 = ORIENTED_EDGE ( 'NONE', *, *, #1937, .T. ) ;
#4678 = ADVANCED_FACE ( 'NONE', ( #3051 ), #4682, .F. ) ;
#4679 = CARTESIAN_POINT ( 'NONE',  ( 8.624235867502878009E-14, 1.444867987679087663E-13, 0.000000000000000000 ) ) ;
#4680 = DIRECTION ( 'NONE',  ( -0.000000000000000000, -0.000000000000000000, -1.000000000000000000 ) ) ;
#4681 = ORIENTED_EDGE ( 'NONE', *, *, #3719, .T. ) ;
#4682 = CYLINDRICAL_SURFACE ( 'NONE', #279, 2.000000000000001776 ) ;
#4683 = FACE_OUTER_BOUND ( 'NONE', #5279, .T. ) ;
#4684 = FACE_BOUND ( 'NONE', #189, .T. ) ;
#4685 = CIRCLE ( 'NONE', #673, 12.00806750962217428 ) ;
#4686 = DIRECTION ( 'NONE',  ( 0.000000000000000000, 0.000000000000000000, 1.000000000000000000 ) ) ;
#4687 = VERTEX_POINT ( 'NONE', #1803 ) ;
#4688 = DIRECTION ( 'NONE',  ( -0.000000000000000000, -0.000000000000000000, -1.000000000000000000 ) ) ;
#4689 = DIRECTION ( 'NONE',  ( -0.000000000000000000, 0.000000000000000000, 1.000000000000000000 ) ) ;
#4690 = EDGE_LOOP ( 'NONE', ( #193, #455, #1917, #3321 ) ) ;
#4691 = DIRECTION ( 'NONE',  ( -0.8090169943749511150, -0.5877852522924680301, 0.000000000000000000 ) ) ;
#4692 = CIRCLE ( 'NONE', #605, 101.7999999999998977 ) ;
#4693 = FACE_OUTER_BOUND ( 'NONE', #726, .T. ) ;
#4694 = ORIENTED_EDGE ( 'NONE', *, *, #274, .T. ) ;
#4695 = DIRECTION ( 'NONE',  ( -0.000000000000000000, -0.000000000000000000, -1.000000000000000000 ) ) ;
#4696 = ORIENTED_EDGE ( 'NONE', *, *, #5120, .T. ) ;
#4697 = FACE_OUTER_BOUND ( 'NONE', #3393, .T. ) ;
#4698 = DIRECTION ( 'NONE',  ( 1.000000000000000000, 0.000000000000000000, 0.000000000000000000 ) ) ;
#4699 = EDGE_CURVE ( 'NONE', #2108, #3738, #4281, .T. ) ;
#4700 = VERTEX_POINT ( 'NONE', #626 ) ;
#4701 = AXIS2_PLACEMENT_3D ( 'NONE', #1339, #2962, #4588 ) ;
#4702 = DIRECTION ( 'NONE',  ( 0.000000000000000000, -0.000000000000000000, -1.000000000000000000 ) ) ;
#4703 = DIRECTION ( 'NONE',  ( -0.000000000000000000, -0.000000000000000000, -1.000000000000000000 ) ) ;
#4704 = EDGE_LOOP ( 'NONE', ( #2996, #519 ) ) ;
#4705 = CARTESIAN_POINT ( 'NONE',  ( 4.652889801852896530E-22, 98.29995023471883542, 0.000000000000000000 ) ) ;
#4706 = CARTESIAN_POINT ( 'NONE',  ( 88.00615721895287891, 17.85934745596681239, 4.762500000000000178 ) ) ;
#4707 = FACE_BOUND ( 'NONE', #5278, .T. ) ;
#4708 = DIRECTION ( 'NONE',  ( -1.000000000000000000, 0.000000000000000000, 0.000000000000000000 ) ) ;
#4709 = EDGE_CURVE ( 'NONE', #781, #4520, #5055, .T. ) ;
#4710 = VERTEX_POINT ( 'NONE', #976 ) ;
#4711 = CARTESIAN_POINT ( 'NONE',  ( -69.50856140127041272, -69.50856140126921900, 4.762500000000000178 ) ) ;
#4712 = VECTOR ( 'NONE', #699, 1000.000000000000000 ) ;
#4713 = ADVANCED_FACE ( 'NONE', ( #2650 ), #3848, .F. ) ;
#4714 = CIRCLE ( 'NONE', #4282, 12.00771292053051020 ) ;
#4715 = CARTESIAN_POINT ( 'NONE',  ( -1.082168200009695258E-13, 1.938889539019461736E-13, 4.762500000000000178 ) ) ;
#4716 = ORIENTED_EDGE ( 'NONE', *, *, #842, .F. ) ;
#4717 = CARTESIAN_POINT ( 'NONE',  ( 65.98356140126948333, -69.50856140127021376, 4.762500000000000178 ) ) ;
#4718 = CYLINDRICAL_SURFACE ( 'NONE', #2356, 5.000000000000004441 ) ;
#4719 = VECTOR ( 'NONE', #1796, 1000.000000000000000 ) ;
#4720 = VERTEX_POINT ( 'NONE', #2171 ) ;
#4721 = CARTESIAN_POINT ( 'NONE',  ( -81.36851185347691739, -61.17520150151169389, 4.762500000000000178 ) ) ;
#4722 = ORIENTED_EDGE ( 'NONE', *, *, #1268, .T. ) ;
#4723 = DIRECTION ( 'NONE',  ( 1.000000000000000000, 0.000000000000000000, 0.000000000000000000 ) ) ;
#4724 = ORIENTED_EDGE ( 'NONE', *, *, #3610, .F. ) ;
#4725 = CARTESIAN_POINT ( 'NONE',  ( 6.311047636065547195, -2.726958513676135176, 0.000000000000000000 ) ) ;
#4726 = CARTESIAN_POINT ( 'NONE',  ( -6.864248841727479887E-13, -98.29995023471883542, 0.000000000000000000 ) ) ;
#4727 = AXIS2_PLACEMENT_3D ( 'NONE', #3567, #1544, #2824 ) ;
#4728 = ORIENTED_EDGE ( 'NONE', *, *, #4177, .F. ) ;
#4729 = DIRECTION ( 'NONE',  ( -1.000000000000000000, 0.000000000000000000, 0.000000000000000000 ) ) ;
#4730 = CARTESIAN_POINT ( 'NONE',  ( 0.4231656220986075856, 0.5824375116214691728, 0.000000000000000000 ) ) ;
#4731 = EDGE_CURVE ( 'NONE', #1526, #742, #4793, .T. ) ;
#4732 = CARTESIAN_POINT ( 'NONE',  ( -11.78559951779067561, 95.81334586546475407, 4.762500000000000178 ) ) ;
#4733 = DIRECTION ( 'NONE',  ( -1.000000000000000000, 0.000000000000000000, 0.000000000000000000 ) ) ;
#4734 = ORIENTED_EDGE ( 'NONE', *, *, #4763, .F. ) ;
#4735 = DIRECTION ( 'NONE',  ( -0.000000000000000000, -0.000000000000000000, -1.000000000000000000 ) ) ;
#4736 = AXIS2_PLACEMENT_3D ( 'NONE', #1381, #3453, #3828 ) ;
#4737 = AXIS2_PLACEMENT_3D ( 'NONE', #1631, #404, #2349 ) ;
#4738 = VECTOR ( 'NONE', #3465, 1000.000000000000000 ) ;
#4739 = CARTESIAN_POINT ( 'NONE',  ( -11.99865631841152336, -98.81334738424227737, 4.762500000000000178 ) ) ;
#4740 = AXIS2_PLACEMENT_3D ( 'NONE', #142, #1374, #3421 ) ;
#4741 = ORIENTED_EDGE ( 'NONE', *, *, #751, .F. ) ;
#4742 = AXIS2_PLACEMENT_3D ( 'NONE', #4454, #4779, #4369 ) ;
#4743 = DIRECTION ( 'NONE',  ( 0.000000000000000000, 0.000000000000000000, 1.000000000000000000 ) ) ;
#4744 = EDGE_LOOP ( 'NONE', ( #4591, #4749, #3835, #2248 ) ) ;
#4745 = DIRECTION ( 'NONE',  ( 1.000000000000000000, 0.000000000000000000, 0.000000000000000000 ) ) ;
#4746 = CIRCLE ( 'NONE', #2961, 1.999999999999988010 ) ;
#4747 = ORIENTED_EDGE ( 'NONE', *, *, #292, .T. ) ;
#4748 = CARTESIAN_POINT ( 'NONE',  ( 29.64641732913592875, -20.64949766014608201, 4.762500000000000178 ) ) ;
#4749 = ORIENTED_EDGE ( 'NONE', *, *, #428, .T. ) ;
#4750 = EDGE_CURVE ( 'NONE', #3119, #2718, #3792, .T. ) ;
#4751 = CIRCLE ( 'NONE', #3635, 6.875000000000030198 ) ;
#4752 = CARTESIAN_POINT ( 'NONE',  ( -76.04459609872623105, 47.76253138372790374, 4.762500000000000178 ) ) ;
#4753 = CARTESIAN_POINT ( 'NONE',  ( 0.07621519840600096685, 36.31288475809942895, 0.000000000000000000 ) ) ;
#4754 = ORIENTED_EDGE ( 'NONE', *, *, #443, .F. ) ;
#4755 = CARTESIAN_POINT ( 'NONE',  ( 61.33475167483342005, -78.30481974139884471, 4.762500000000000178 ) ) ;
#4756 = CARTESIAN_POINT ( 'NONE',  ( 59.97333599587670250, 79.76991268345260266, 4.762500000000000178 ) ) ;
#4757 = FACE_OUTER_BOUND ( 'NONE', #2385, .T. ) ;
#4758 = AXIS2_PLACEMENT_3D ( 'NONE', #238, #3444, #3816 ) ;
#4759 = CARTESIAN_POINT ( 'NONE',  ( 56.80425257292338870, -75.89675150908324497, 0.000000000000000000 ) ) ;
#4760 = ORIENTED_EDGE ( 'NONE', *, *, #1053, .F. ) ;
#4761 = CARTESIAN_POINT ( 'NONE',  ( -32.70619821363634827, -15.34980170815131473, 0.000000000000000000 ) ) ;
#4762 = VECTOR ( 'NONE', #337, 999.9999999999998863 ) ;
#4763 = EDGE_CURVE ( 'NONE', #811, #218, #359, .T. ) ;
#4764 = EDGE_CURVE ( 'NONE', #1960, #836, #1217, .T. ) ;
#4765 = AXIS2_PLACEMENT_3D ( 'NONE', #5033, #3081, #4708 ) ;
#4766 = DIRECTION ( 'NONE',  ( -0.000000000000000000, -0.000000000000000000, 1.000000000000000000 ) ) ;
#4767 = ORIENTED_EDGE ( 'NONE', *, *, #4857, .T. ) ;
#4768 = VERTEX_POINT ( 'NONE', #2601 ) ;
#4769 = CARTESIAN_POINT ( 'NONE',  ( 4.652889801852896530E-22, 98.29995023471883542, 4.762500000000000178 ) ) ;
#4770 = ORIENTED_EDGE ( 'NONE', *, *, #3780, .T. ) ;
#4771 = CARTESIAN_POINT ( 'NONE',  ( -3.525000000000685141, -98.29995023471883542, 4.762500000000000178 ) ) ;
#4772 = EDGE_CURVE ( 'NONE', #4141, #1178, #2245, .T. ) ;
#4773 = APPLICATION_PROTOCOL_DEFINITION ( 'draft international standard', 'automotive_design', 1998, #1333 ) ;
#4774 = DIRECTION ( 'NONE',  ( -0.000000000000000000, 0.000000000000000000, 1.000000000000000000 ) ) ;
#4775 = ADVANCED_FACE ( 'NONE', ( #578 ), #4300, .F. ) ;
#4776 = VERTEX_POINT ( 'NONE', #1877 ) ;
#4777 = ADVANCED_FACE ( 'NONE', ( #3502 ), #4832, .T. ) ;
#4778 = CARTESIAN_POINT ( 'NONE',  ( 93.83373128146713782, -13.50077308147328203, 0.000000000000000000 ) ) ;
#4779 = DIRECTION ( 'NONE',  ( 0.000000000000000000, -0.000000000000000000, -1.000000000000000000 ) ) ;
#4780 = ORIENTED_EDGE ( 'NONE', *, *, #4612, .T. ) ;
#4781 = CARTESIAN_POINT ( 'NONE',  ( -28.53643001758989683, -85.14524156904599295, 4.762500000000000178 ) ) ;
#4782 = DIRECTION ( 'NONE',  ( -1.000000000000000000, 0.000000000000000000, 0.000000000000000000 ) ) ;
#4783 = EDGE_LOOP ( 'NONE', ( #1320, #4423, #1580, #382, #5210, #1230, #5271, #3272, #1270, #4673 ) ) ;
#4784 = AXIS2_PLACEMENT_3D ( 'NONE', #3504, #4159, #2131 ) ;
#4785 = DIRECTION ( 'NONE',  ( -0.000000000000000000, -0.000000000000000000, 1.000000000000000000 ) ) ;
#4786 = ORIENTED_EDGE ( 'NONE', *, *, #105, .T. ) ;
#4787 = CYLINDRICAL_SURFACE ( 'NONE', #4315, 12.00806750962149572 ) ;
#4788 = ORIENTED_EDGE ( 'NONE', *, *, #5171, .F. ) ;
#4789 = DIRECTION ( 'NONE',  ( 1.000000000000000000, 0.000000000000000000, 0.000000000000000000 ) ) ;
#4790 = ORIENTED_EDGE ( 'NONE', *, *, #4792, .F. ) ;
#4791 = CIRCLE ( 'NONE', #4450, 106.8000000000000114 ) ;
#4792 = EDGE_CURVE ( 'NONE', #2411, #3709, #1179, .T. ) ;
#4793 = CIRCLE ( 'NONE', #4966, 89.80000000000001137 ) ;
#4794 = DIRECTION ( 'NONE',  ( 1.000000000000000000, 0.000000000000000000, 0.000000000000000000 ) ) ;
#4795 = EDGE_LOOP ( 'NONE', ( #1779, #4575, #5249, #843, #2861, #1259, #1042 ) ) ;
#4796 = DIRECTION ( 'NONE',  ( -0.000000000000000000, -0.000000000000000000, 1.000000000000000000 ) ) ;
#4797 = AXIS2_PLACEMENT_3D ( 'NONE', #1404, #5056, #1477 ) ;
#4798 = CARTESIAN_POINT ( 'NONE',  ( -76.04459609872623105, 47.76253138372790374, 0.000000000000000000 ) ) ;
#4799 = CYLINDRICAL_SURFACE ( 'NONE', #3189, 101.7999999999998550 ) ;
#4800 = ORIENTED_EDGE ( 'NONE', *, *, #3832, .F. ) ;
#4801 = EDGE_CURVE ( 'NONE', #2500, #4632, #3129, .T. ) ;
#4802 = DIRECTION ( 'NONE',  ( -0.000000000000000000, -0.000000000000000000, -1.000000000000000000 ) ) ;
#4803 = FACE_BOUND ( 'NONE', #592, .T. ) ;
#4804 = ORIENTED_EDGE ( 'NONE', *, *, #3339, .T. ) ;
#4805 = CARTESIAN_POINT ( 'NONE',  ( -3.155228086120867914, -84.74127999814818679, 0.000000000000000000 ) ) ;
#4806 = CARTESIAN_POINT ( 'NONE',  ( -69.50856140127041272, -69.50856140126921900, 0.000000000000000000 ) ) ;
#4807 = CIRCLE ( 'NONE', #804, 2.000000000000015543 ) ;
#4808 = EDGE_LOOP ( 'NONE', ( #4923, #4557, #2603, #3564 ) ) ;
#4809 = AXIS2_PLACEMENT_3D ( 'NONE', #2798, #4878, #3546 ) ;
#4810 = DIRECTION ( 'NONE',  ( -0.8090169943749516701, 0.5877852522924673639, 0.000000000000000000 ) ) ;
#4811 = ORIENTED_EDGE ( 'NONE', *, *, #1545, .F. ) ;
#4812 = DIRECTION ( 'NONE',  ( -1.000000000000000000, 0.000000000000000000, 0.000000000000000000 ) ) ;
#4813 = FACE_OUTER_BOUND ( 'NONE', #2222, .T. ) ;
#4814 = VERTEX_POINT ( 'NONE', #2804 ) ;
#4815 = EDGE_CURVE ( 'NONE', #1285, #5172, #3526, .T. ) ;
#4816 = DIRECTION ( 'NONE',  ( -0.000000000000000000, 0.000000000000000000, 1.000000000000000000 ) ) ;
#4817 = ORIENTED_EDGE ( 'NONE', *, *, #1048, .F. ) ;
#4818 = AXIS2_PLACEMENT_3D ( 'NONE', #3359, #1388, #4584 ) ;
#4819 = AXIS2_PLACEMENT_3D ( 'NONE', #5007, #1355, #2976 ) ;
#4820 = DIRECTION ( 'NONE',  ( -0.000000000000000000, -0.000000000000000000, -1.000000000000000000 ) ) ;
#4821 = ORIENTED_EDGE ( 'NONE', *, *, #1241, .T. ) ;
#4822 = CYLINDRICAL_SURFACE ( 'NONE', #86, 12.00806750962116176 ) ;
#4823 = CIRCLE ( 'NONE', #2614, 3.524999999999986589 ) ;
#4824 = DIRECTION ( 'NONE',  ( 1.000000000000000000, 0.000000000000000000, 0.000000000000000000 ) ) ;
#4825 = EDGE_CURVE ( 'NONE', #172, #4299, #454, .T. ) ;
#4826 = ORIENTED_EDGE ( 'NONE', *, *, #3935, .T. ) ;
#4827 = EDGE_CURVE ( 'NONE', #5039, #1516, #2328, .T. ) ;
#4828 = EDGE_CURVE ( 'NONE', #3668, #3334, #3174, .T. ) ;
#4829 = DIRECTION ( 'NONE',  ( 1.000000000000000000, 0.000000000000000000, 0.000000000000000000 ) ) ;
#4830 = DIRECTION ( 'NONE',  ( 0.000000000000000000, 0.000000000000000000, 1.000000000000000000 ) ) ;
#4831 = ORIENTED_EDGE ( 'NONE', *, *, #301, .F. ) ;
#4832 = CYLINDRICAL_SURFACE ( 'NONE', #886, 12.00771292053050310 ) ;
#4833 = LINE ( 'NONE', #841, #3599 ) ;
#4834 = ORIENTED_EDGE ( 'NONE', *, *, #4828, .T. ) ;
#4835 = EDGE_CURVE ( 'NONE', #225, #755, #1560, .T. ) ;
#4836 = AXIS2_PLACEMENT_3D ( 'NONE', #3372, #4975, #2894 ) ;
#4837 = LINE ( 'NONE', #1880, #4478 ) ;
#4838 = EDGE_LOOP ( 'NONE', ( #4163, #2814, #3547, #3164 ) ) ;
#4839 = DIRECTION ( 'NONE',  ( -0.8586697805738411349, 0.5125292264147203181, -0.000000000000000000 ) ) ;
#4840 = CYLINDRICAL_SURFACE ( 'NONE', #2878, 3.524999999999999911 ) ;
#4841 = ORIENTED_EDGE ( 'NONE', *, *, #2065, .T. ) ;
#4842 = AXIS2_PLACEMENT_3D ( 'NONE', #4185, #1691, #1372 ) ;
#4843 = CARTESIAN_POINT ( 'NONE',  ( 59.64545974338786749, 76.35722927183257980, 0.000000000000000000 ) ) ;
#4844 = CIRCLE ( 'NONE', #3058, 3.525000000000000355 ) ;
#4845 = EDGE_LOOP ( 'NONE', ( #1432, #667, #558, #3612 ) ) ;
#4846 = ORIENTED_EDGE ( 'NONE', *, *, #357, .F. ) ;
#4847 = CIRCLE ( 'NONE', #933, 12.00770693825414881 ) ;
#4848 = CARTESIAN_POINT ( 'NONE',  ( -1.082168200009695258E-13, 1.938889539019461736E-13, 0.000000000000000000 ) ) ;
#4849 = ORIENTED_EDGE ( 'NONE', *, *, #3405, .T. ) ;
#4850 = DIRECTION ( 'NONE',  ( 1.000000000000000000, 0.000000000000000000, 0.000000000000000000 ) ) ;
#4851 = DIRECTION ( 'NONE',  ( 0.000000000000000000, -0.000000000000000000, -1.000000000000000000 ) ) ;
#4852 = CARTESIAN_POINT ( 'NONE',  ( -80.16711084507568330, -20.91003668976370378, 4.762500000000000178 ) ) ;
#4853 = DIRECTION ( 'NONE',  ( -0.000000000000000000, 0.000000000000000000, 1.000000000000000000 ) ) ;
#4854 = VERTEX_POINT ( 'NONE', #2004 ) ;
#4855 = CARTESIAN_POINT ( 'NONE',  ( -56.80425769042532380, 75.89674767893441754, 0.000000000000000000 ) ) ;
#4856 = FACE_BOUND ( 'NONE', #3153, .T. ) ;
#4857 = EDGE_CURVE ( 'NONE', #733, #4313, #2405, .T. ) ;
#4858 = ORIENTED_EDGE ( 'NONE', *, *, #2148, .F. ) ;
#4859 = CARTESIAN_POINT ( 'NONE',  ( -0.4231656220964781223, -0.5824375116185390722, 0.000000000000000000 ) ) ;
#4860 = DIRECTION ( 'NONE',  ( 0.000000000000000000, 0.000000000000000000, 1.000000000000000000 ) ) ;
#4861 = ORIENTED_EDGE ( 'NONE', *, *, #1060, .T. ) ;
#4862 = CIRCLE ( 'NONE', #4429, 3.525000000000000355 ) ;
#4863 = DIRECTION ( 'NONE',  ( -0.000000000000000000, 0.000000000000000000, 1.000000000000000000 ) ) ;
#4864 = ORIENTED_EDGE ( 'NONE', *, *, #4438, .F. ) ;
#4865 = CARTESIAN_POINT ( 'NONE',  ( 6.311047636065547195, -2.726958513676135176, 4.762500000000000178 ) ) ;
#4866 = LINE ( 'NONE', #3211, #1858 ) ;
#4867 = VERTEX_POINT ( 'NONE', #4755 ) ;
#4868 = CIRCLE ( 'NONE', #2581, 12.00806750962116176 ) ;
#4869 = ADVANCED_FACE ( 'NONE', ( #5208 ), #5237, .F. ) ;
#4870 = EDGE_CURVE ( 'NONE', #1094, #1698, #4016, .T. ) ;
#4871 = CYLINDRICAL_SURFACE ( 'NONE', #1700, 2.000000000000001776 ) ;
#4872 = VERTEX_POINT ( 'NONE', #4424 ) ;
#4873 = CIRCLE ( 'NONE', #5139, 2.999999999999999556 ) ;
#4874 = DIRECTION ( 'NONE',  ( 0.000000000000000000, -0.000000000000000000, -1.000000000000000000 ) ) ;
#4875 = ORIENTED_EDGE ( 'NONE', *, *, #4938, .T. ) ;
#4876 = DIRECTION ( 'NONE',  ( 1.000000000000000000, 0.000000000000000000, 0.000000000000000000 ) ) ;
#4877 = LINE ( 'NONE', #1994, #65 ) ;
#4878 = DIRECTION ( 'NONE',  ( 0.000000000000000000, 0.000000000000000000, 1.000000000000000000 ) ) ;
#4879 = EDGE_CURVE ( 'NONE', #1692, #2117, #3974, .T. ) ;
#4880 = VECTOR ( 'NONE', #1150, 1000.000000000000000 ) ;
#4881 = VERTEX_POINT ( 'NONE', #3572 ) ;
#4882 = AXIS2_PLACEMENT_3D ( 'NONE', #2531, #511, #4911 ) ;
#4883 = CARTESIAN_POINT ( 'NONE',  ( 0.7939084701227773211, -6.829006834164419892, -63.63961030678928665 ) ) ;
#4884 = CIRCLE ( 'NONE', #1399, 3.525000000000000355 ) ;
#4885 = ORIENTED_EDGE ( 'NONE', *, *, #1939, .F. ) ;
#4886 = CARTESIAN_POINT ( 'NONE',  ( -12.00000000000137668, -98.74004717360709549, 0.000000000000000000 ) ) ;
#4887 = ORIENTED_EDGE ( 'NONE', *, *, #1113, .T. ) ;
#4888 = CARTESIAN_POINT ( 'NONE',  ( 0.9919820095244721303, 6.803057892799465378, -63.63961030678928665 ) ) ;
#4889 = CARTESIAN_POINT ( 'NONE',  ( -61.33475684932199812, 78.30481564546155937, 0.000000000000000000 ) ) ;
#4890 = EDGE_LOOP ( 'NONE', ( #947, #4900 ) ) ;
#4891 = DIRECTION ( 'NONE',  ( 0.1045284632676468095, -0.9945218953682740670, 0.000000000000000000 ) ) ;
#4892 = ORIENTED_EDGE ( 'NONE', *, *, #2880, .F. ) ;
#4893 = CIRCLE ( 'NONE', #4977, 12.00806750962149572 ) ;
#4894 = EDGE_CURVE ( 'NONE', #5032, #5130, #5058, .T. ) ;
#4895 = DIRECTION ( 'NONE',  ( -1.000000000000000000, 0.000000000000000000, 0.000000000000000000 ) ) ;
#4896 = CARTESIAN_POINT ( 'NONE',  ( -31.40977308600639262, 18.22244667702062770, 4.762500000000000178 ) ) ;
#4897 = ORIENTED_EDGE ( 'NONE', *, *, #635, .T. ) ;
#4898 = EDGE_CURVE ( 'NONE', #3601, #669, #197, .T. ) ;
#4899 = LINE ( 'NONE', #2091, #3652 ) ;
#4900 = ORIENTED_EDGE ( 'NONE', *, *, #1040, .F. ) ;
#4901 = EDGE_CURVE ( 'NONE', #1718, #143, #2749, .T. ) ;
#4902 = DIRECTION ( 'NONE',  ( 0.000000000000000000, 0.000000000000000000, 1.000000000000000000 ) ) ;
#4903 = ORIENTED_EDGE ( 'NONE', *, *, #2495, .F. ) ;
#4904 = FACE_OUTER_BOUND ( 'NONE', #1830, .T. ) ;
#4905 = DIRECTION ( 'NONE',  ( 0.000000000000000000, -0.000000000000000000, -1.000000000000000000 ) ) ;
#4906 = DIRECTION ( 'NONE',  ( -0.000000000000000000, -0.000000000000000000, -1.000000000000000000 ) ) ;
#4907 = CIRCLE ( 'NONE', #1496, 2.999999999999995559 ) ;
#4908 = ORIENTED_EDGE ( 'NONE', *, *, #4981, .T. ) ;
#4909 = AXIS2_PLACEMENT_3D ( 'NONE', #3487, #786, #3184 ) ;
#4910 = AXIS2_PLACEMENT_3D ( 'NONE', #898, #3684, #2086 ) ;
#4911 = DIRECTION ( 'NONE',  ( -1.000000000000000000, 0.000000000000000000, 0.000000000000000000 ) ) ;
#4912 = ORIENTED_EDGE ( 'NONE', *, *, #3207, .T. ) ;
#4913 = AXIS2_PLACEMENT_3D ( 'NONE', #449, #1651, #125 ) ;
#4914 = VECTOR ( 'NONE', #589, 1000.000000000000000 ) ;
#4915 = CARTESIAN_POINT ( 'NONE',  ( 58.00266454383810810, 77.49794130049549779, 0.000000000000000000 ) ) ;
#4916 = CIRCLE ( 'NONE', #2615, 4.999999999999997335 ) ;
#4917 = VERTEX_POINT ( 'NONE', #4781 ) ;
#4918 = CARTESIAN_POINT ( 'NONE',  ( -32.70619821363634827, -15.34980170815131473, 4.762500000000000178 ) ) ;
#4919 = DIRECTION ( 'NONE',  ( -0.000000000000000000, -0.000000000000000000, -1.000000000000000000 ) ) ;
#4920 = VERTEX_POINT ( 'NONE', #2752 ) ;
#4921 = VECTOR ( 'NONE', #1426, 1000.000000000000000 ) ;
#4922 = CARTESIAN_POINT ( 'NONE',  ( 6.311047636065547195, -2.726958513676135176, 0.000000000000000000 ) ) ;
#4923 = ORIENTED_EDGE ( 'NONE', *, *, #4603, .F. ) ;
#4924 = DIRECTION ( 'NONE',  ( 1.000000000000000000, 0.000000000000000000, 0.000000000000000000 ) ) ;
#4925 = CARTESIAN_POINT ( 'NONE',  ( 12.28526491208339522, 27.59315676969404763, 4.762500000000000178 ) ) ;
#4926 = ORIENTED_EDGE ( 'NONE', *, *, #2383, .T. ) ;
#4927 = VECTOR ( 'NONE', #333, 999.9999999999998863 ) ;
#4928 = CARTESIAN_POINT ( 'NONE',  ( -61.15849517455608719, 63.53946348317209214, 4.762500000000000178 ) ) ;
#4929 = VERTEX_POINT ( 'NONE', #4371 ) ;
#4930 = EDGE_CURVE ( 'NONE', #3927, #1836, #3352, .T. ) ;
#4931 = CARTESIAN_POINT ( 'NONE',  ( -6.864248841727479887E-13, -98.29995023471883542, 4.762500000000000178 ) ) ;
#4932 = ORIENTED_EDGE ( 'NONE', *, *, #2034, .T. ) ;
#4933 = LINE ( 'NONE', #1253, #2745 ) ;
#4934 = DIRECTION ( 'NONE',  ( 1.000000000000000000, 0.000000000000000000, 0.000000000000000000 ) ) ;
#4935 = DIRECTION ( 'NONE',  ( 0.000000000000000000, 0.000000000000000000, 1.000000000000000000 ) ) ;
#4936 = VECTOR ( 'NONE', #3326, 1000.000000000000000 ) ;
#4937 = VERTEX_POINT ( 'NONE', #2379 ) ;
#4938 = EDGE_CURVE ( 'NONE', #1361, #277, #3998, .T. ) ;
#4939 = DIRECTION ( 'NONE',  ( 0.000000000000000000, 0.000000000000000000, 1.000000000000000000 ) ) ;
#4940 = ORIENTED_EDGE ( 'NONE', *, *, #329, .T. ) ;
#4941 = DIRECTION ( 'NONE',  ( 1.000000000000000000, 0.000000000000000000, 0.000000000000000000 ) ) ;
#4942 = EDGE_LOOP ( 'NONE', ( #2050, #3823, #3159, #1659, #778, #656, #2219, #3982, #5267, #4858 ) ) ;
#4943 = CARTESIAN_POINT ( 'NONE',  ( 98.29995023471882121, -3.432124423190184911E-13, 0.000000000000000000 ) ) ;
#4944 = CARTESIAN_POINT ( 'NONE',  ( 73.03356140126945206, -69.50856140127021376, 4.762500000000000178 ) ) ;
#4945 = ADVANCED_FACE ( 'NONE', ( #1578 ), #2432, .F. ) ;
#4946 = ORIENTED_EDGE ( 'NONE', *, *, #2447, .F. ) ;
#4947 = AXIS2_PLACEMENT_3D ( 'NONE', #2190, #3813, #161 ) ;
#4948 = LINE ( 'NONE', #2489, #50 ) ;
#4949 = ORIENTED_EDGE ( 'NONE', *, *, #5037, .T. ) ;
#4950 = DIRECTION ( 'NONE',  ( -0.000000000000000000, -0.000000000000000000, 1.000000000000000000 ) ) ;
#4951 = DIRECTION ( 'NONE',  ( 0.8586697805738411349, -0.5125292264147203181, 0.000000000000000000 ) ) ;
#4952 = ORIENTED_EDGE ( 'NONE', *, *, #1090, .F. ) ;
#4953 = CARTESIAN_POINT ( 'NONE',  ( 29.64641732913592165, -15.79539569389633691, 4.762500000000000178 ) ) ;
#4954 = EDGE_LOOP ( 'NONE', ( #3110, #4595 ) ) ;
#4955 = CARTESIAN_POINT ( 'NONE',  ( 0.000000000000000000, 0.000000000000000000, 4.762500000000000178 ) ) ;
#4956 = CARTESIAN_POINT ( 'NONE',  ( -95.81334586546464038, -13.78559951779065962, 0.000000000000000000 ) ) ;
#4957 = ORIENTED_EDGE ( 'NONE', *, *, #1040, .T. ) ;
#4958 = DIRECTION ( 'NONE',  ( -0.000000000000000000, -0.000000000000000000, -1.000000000000000000 ) ) ;
#4959 = FACE_OUTER_BOUND ( 'NONE', #1370, .T. ) ;
#4960 = EDGE_CURVE ( 'NONE', #517, #1461, #3365, .T. ) ;
#4961 = DIRECTION ( 'NONE',  ( 1.000000000000000000, 0.000000000000000000, 0.000000000000000000 ) ) ;
#4962 = CARTESIAN_POINT ( 'NONE',  ( 4.652889801852896530E-22, 98.29995023471883542, 0.000000000000000000 ) ) ;
#4963 = VERTEX_POINT ( 'NONE', #2082 ) ;
#4964 = CARTESIAN_POINT ( 'NONE',  ( -13.50077308147268873, 93.83373128146754993, 0.000000000000000000 ) ) ;
#4965 = ORIENTED_EDGE ( 'NONE', *, *, #1990, .F. ) ;
#4966 = AXIS2_PLACEMENT_3D ( 'NONE', #3824, #3104, #549 ) ;
#4967 = DIRECTION ( 'NONE',  ( 1.000000000000000000, 0.000000000000000000, 0.000000000000000000 ) ) ;
#4968 = CARTESIAN_POINT ( 'NONE',  ( -58.00265975140619901, -77.49794488734930553, 0.000000000000000000 ) ) ;
#4969 = AXIS2_PLACEMENT_3D ( 'NONE', #3499, #1595, #4321 ) ;
#4970 = ORIENTED_EDGE ( 'NONE', *, *, #147, .T. ) ;
#4971 = EDGE_CURVE ( 'NONE', #3420, #5032, #840, .T. ) ;
#4972 = CARTESIAN_POINT ( 'NONE',  ( 65.98356140126948333, -69.50856140127021376, 4.762500000000000178 ) ) ;
#4973 = VERTEX_POINT ( 'NONE', #28 ) ;
#4974 = DIRECTION ( 'NONE',  ( -0.000000000000000000, -0.000000000000000000, -1.000000000000000000 ) ) ;
#4975 = DIRECTION ( 'NONE',  ( -0.000000000000000000, -0.000000000000000000, 1.000000000000000000 ) ) ;
#4976 = EDGE_LOOP ( 'NONE', ( #5152, #2825, #5084, #3501 ) ) ;
#4977 = AXIS2_PLACEMENT_3D ( 'NONE', #1045, #3495, #4242 ) ;
#4978 = CYLINDRICAL_SURFACE ( 'NONE', #5193, 101.7999999999998977 ) ;
#4979 = ORIENTED_EDGE ( 'NONE', *, *, #1448, .F. ) ;
#4980 = DIRECTION ( 'NONE',  ( 1.000000000000000000, 0.000000000000000000, 0.000000000000000000 ) ) ;
#4981 = EDGE_CURVE ( 'NONE', #2346, #5233, #3006, .T. ) ;
#4982 = AXIS2_PLACEMENT_3D ( 'NONE', #2133, #1264, #919 ) ;
#4983 = EDGE_CURVE ( 'NONE', #2290, #3056, #707, .T. ) ;
#4984 = CIRCLE ( 'NONE', #2428, 12.00806750962116176 ) ;
#4985 = CARTESIAN_POINT ( 'NONE',  ( 69.50856140126947480, -69.50856140127021376, 4.762500000000000178 ) ) ;
#4986 = VERTEX_POINT ( 'NONE', #1662 ) ;
#4987 = DIRECTION ( 'NONE',  ( 1.000000000000000000, 0.000000000000000000, 0.000000000000000000 ) ) ;
#4988 = CARTESIAN_POINT ( 'NONE',  ( -0.07621519839906727711, -36.31288475810001870, 4.762500000000000178 ) ) ;
#4989 = DIRECTION ( 'NONE',  ( 1.000000000000000000, -1.387778780781444492E-15, 0.000000000000000000 ) ) ;
#4990 = ORIENTED_EDGE ( 'NONE', *, *, #98, .F. ) ;
#4991 = CARTESIAN_POINT ( 'NONE',  ( -0.7939084701227995255, 6.829006834164759177, 4.762500000000000178 ) ) ;
#4992 = EDGE_CURVE ( 'NONE', #3374, #1973, #3317, .T. ) ;
#4993 = ORIENTED_EDGE ( 'NONE', *, *, #2143, .F. ) ;
#4994 = LINE ( 'NONE', #4888, #4195 ) ;
#4995 = CARTESIAN_POINT ( 'NONE',  ( -58.19217838993515102, 58.97173619495912789, 4.762500000000000178 ) ) ;
#4996 = EDGE_CURVE ( 'NONE', #2242, #4929, #1471, .T. ) ;
#4997 = CIRCLE ( 'NONE', #1587, 12.00771292053051020 ) ;
#4998 = EDGE_LOOP ( 'NONE', ( #269, #967, #1006, #2154 ) ) ;
#4999 = EDGE_CURVE ( 'NONE', #3374, #1487, #1817, .T. ) ;
#5000 = AXIS2_PLACEMENT_3D ( 'NONE', #3434, #560, #2183 ) ;
#5001 = CARTESIAN_POINT ( 'NONE',  ( -1.082168200009695258E-13, 1.938889539019461736E-13, 0.000000000000000000 ) ) ;
#5002 = EDGE_LOOP ( 'NONE', ( #682, #431 ) ) ;
#5003 = FILL_AREA_STYLE_COLOUR ( '', #3940 ) ;
#5004 = DIRECTION ( 'NONE',  ( -0.000000000000000000, 0.000000000000000000, 1.000000000000000000 ) ) ;
#5005 = CIRCLE ( 'NONE', #399, 4.999999999999997335 ) ;
#5006 = ORIENTED_EDGE ( 'NONE', *, *, #464, .F. ) ;
#5007 = CARTESIAN_POINT ( 'NONE',  ( 0.000000000000000000, 0.000000000000000000, 4.762500000000000178 ) ) ;
#5008 = VECTOR ( 'NONE', #4735, 1000.000000000000000 ) ;
#5009 = VERTEX_POINT ( 'NONE', #893 ) ;
#5010 = DIRECTION ( 'NONE',  ( -1.000000000000000000, 0.000000000000000000, 0.000000000000000000 ) ) ;
#5011 = VECTOR ( 'NONE', #1615, 1000.000000000000000 ) ;
#5012 = CARTESIAN_POINT ( 'NONE',  ( -79.76991633572687590, -59.97333113802422133, 4.762500000000000178 ) ) ;
#5013 = ORIENTED_EDGE ( 'NONE', *, *, #2043, .F. ) ;
#5014 = CARTESIAN_POINT ( 'NONE',  ( -11.81736235612332564, 96.16837047789557857, 0.000000000000000000 ) ) ;
#5015 = DIRECTION ( 'NONE',  ( 1.000000000000000000, 0.000000000000000000, 0.000000000000000000 ) ) ;
#5016 = AXIS2_PLACEMENT_3D ( 'NONE', #3681, #2992, #4566 ) ;
#5017 = CARTESIAN_POINT ( 'NONE',  ( 0.7159884922321395617, -0.07525342293507843172, 0.000000000000000000 ) ) ;
#5018 = EDGE_LOOP ( 'NONE', ( #3673, #507, #4861, #1263 ) ) ;
#5019 = CARTESIAN_POINT ( 'NONE',  ( -100.7935747867325915, -14.27919051316786003, 4.762500000000000178 ) ) ;
#5020 = ORIENTED_EDGE ( 'NONE', *, *, #1599, .F. ) ;
#5021 = CIRCLE ( 'NONE', #2714, 1.999999999999988010 ) ;
#5022 = LINE ( 'NONE', #1843, #4719 ) ;
#5023 = DIRECTION ( 'NONE',  ( 1.000000000000000000, 0.000000000000000000, 0.000000000000000000 ) ) ;
#5024 = VERTEX_POINT ( 'NONE', #4161 ) ;
#5025 = EDGE_CURVE ( 'NONE', #2046, #172, #2109, .T. ) ;
#5026 = AXIS2_PLACEMENT_3D ( 'NONE', #1781, #5059, #1431 ) ;
#5027 = EDGE_CURVE ( 'NONE', #3738, #4513, #3736, .T. ) ;
#5028 = DIRECTION ( 'NONE',  ( 1.000000000000000000, 0.000000000000000000, 0.000000000000000000 ) ) ;
#5029 = ORIENTED_EDGE ( 'NONE', *, *, #3427, .F. ) ;
#5030 = DIRECTION ( 'NONE',  ( -1.000000000000000000, 0.000000000000000000, 0.000000000000000000 ) ) ;
#5031 = CARTESIAN_POINT ( 'NONE',  ( -13.99865631841153224, -98.81334738424227737, 0.000000000000000000 ) ) ;
#5032 = VERTEX_POINT ( 'NONE', #3707 ) ;
#5033 = CARTESIAN_POINT ( 'NONE',  ( 58.00266454383810810, 77.49794130049549779, 0.000000000000000000 ) ) ;
#5034 = EDGE_LOOP ( 'NONE', ( #2621, #3629, #2012, #94 ) ) ;
#5035 = DIRECTION ( 'NONE',  ( 1.000000000000000000, -2.312964634635746211E-15, 0.000000000000000000 ) ) ;
#5036 = EDGE_CURVE ( 'NONE', #1361, #4854, #4994, .T. ) ;
#5037 = EDGE_CURVE ( 'NONE', #567, #2173, #1233, .T. ) ;
#5038 = DIRECTION ( 'NONE',  ( 1.000000000000000000, 0.000000000000000000, 0.000000000000000000 ) ) ;
#5039 = VERTEX_POINT ( 'NONE', #2057 ) ;
#5040 = DIRECTION ( 'NONE',  ( 1.000000000000000000, 0.000000000000000000, 0.000000000000000000 ) ) ;
#5041 = CYLINDRICAL_SURFACE ( 'NONE', #222, 2.000000000000008882 ) ;
#5042 = CIRCLE ( 'NONE', #2567, 3.524999999999999911 ) ;
#5043 = CARTESIAN_POINT ( 'NONE',  ( 106.8000000000000114, 1.307922781489373149E-14, 0.000000000000000000 ) ) ;
#5044 = ORIENTED_EDGE ( 'NONE', *, *, #3134, .F. ) ;
#5045 = DIRECTION ( 'NONE',  ( 0.000000000000000000, -0.000000000000000000, -1.000000000000000000 ) ) ;
#5046 = ORIENTED_EDGE ( 'NONE', *, *, #3498, .T. ) ;
#5047 = EDGE_CURVE ( 'NONE', #4299, #172, #1406, .T. ) ;
#5048 = DIRECTION ( 'NONE',  ( 0.4067366430758052043, 0.9135454576425987572, -0.000000000000000000 ) ) ;
#5049 = CARTESIAN_POINT ( 'NONE',  ( 12.00806750962116176, 98.29995023471883542, 0.000000000000000000 ) ) ;
#5050 = EDGE_LOOP ( 'NONE', ( #3304, #1076, #351, #633 ) ) ;
#5051 = DIRECTION ( 'NONE',  ( 1.000000000000000000, 0.000000000000000000, 0.000000000000000000 ) ) ;
#5052 = CARTESIAN_POINT ( 'NONE',  ( 98.81334738424240527, -13.99865631841085190, 0.000000000000000000 ) ) ;
#5053 = AXIS2_PLACEMENT_3D ( 'NONE', #3613, #3246, #4044 ) ;
#5054 = EDGE_LOOP ( 'NONE', ( #5163, #2523, #1522, #2006 ) ) ;
#5055 = LINE ( 'NONE', #2200, #3260 ) ;
#5056 = DIRECTION ( 'NONE',  ( 0.000000000000000000, -0.000000000000000000, -1.000000000000000000 ) ) ;
#5057 = DIRECTION ( 'NONE',  ( 1.000000000000000000, 0.000000000000000000, 0.000000000000000000 ) ) ;
#5058 = CIRCLE ( 'NONE', #2661, 3.524999999999998579 ) ;
#5059 = DIRECTION ( 'NONE',  ( -0.000000000000000000, 0.000000000000000000, 1.000000000000000000 ) ) ;
#5060 = CIRCLE ( 'NONE', #795, 3.525000000000000355 ) ;
#5061 = DIRECTION ( 'NONE',  ( -0.000000000000000000, -0.000000000000000000, 1.000000000000000000 ) ) ;
#5062 = EDGE_CURVE ( 'NONE', #1742, #866, #1907, .T. ) ;
#5063 = CYLINDRICAL_SURFACE ( 'NONE', #4506, 2.000000000000001776 ) ;
#5064 = EDGE_LOOP ( 'NONE', ( #4415, #496, #2950, #3915 ) ) ;
#5065 = DIRECTION ( 'NONE',  ( -0.000000000000000000, 0.000000000000000000, 1.000000000000000000 ) ) ;
#5066 = AXIS2_PLACEMENT_3D ( 'NONE', #4619, #943, #164 ) ;
#5067 = EDGE_CURVE ( 'NONE', #2842, #4038, #3288, .T. ) ;
#5068 = DIRECTION ( 'NONE',  ( -0.000000000000000000, -0.000000000000000000, 1.000000000000000000 ) ) ;
#5069 = ORIENTED_EDGE ( 'NONE', *, *, #2052, .F. ) ;
#5070 = DIRECTION ( 'NONE',  ( 1.000000000000000000, 0.000000000000000000, 0.000000000000000000 ) ) ;
#5071 = ORIENTED_EDGE ( 'NONE', *, *, #3972, .T. ) ;
#5072 = CARTESIAN_POINT ( 'NONE',  ( -3.525000000000685141, -98.29995023471883542, 0.000000000000000000 ) ) ;
#5073 = EDGE_CURVE ( 'NONE', #4096, #616, #2939, .T. ) ;
#5074 = DIRECTION ( 'NONE',  ( -0.000000000000000000, -0.000000000000000000, -1.000000000000000000 ) ) ;
#5075 = ORIENTED_EDGE ( 'NONE', *, *, #98, .T. ) ;
#5076 = CARTESIAN_POINT ( 'NONE',  ( 1.223289079734103029E-13, 4.858692387464666639E-13, 0.000000000000000000 ) ) ;
#5077 = DIRECTION ( 'NONE',  ( -0.000000000000000000, 0.000000000000000000, 1.000000000000000000 ) ) ;
#5078 = ORIENTED_EDGE ( 'NONE', *, *, #1537, .T. ) ;
#5079 = DIRECTION ( 'NONE',  ( -0.000000000000000000, -0.000000000000000000, -1.000000000000000000 ) ) ;
#5080 = FACE_OUTER_BOUND ( 'NONE', #1701, .T. ) ;
#5081 = FACE_BOUND ( 'NONE', #2019, .T. ) ;
#5082 = CIRCLE ( 'NONE', #3459, 101.7999999999999119 ) ;
#5083 = CARTESIAN_POINT ( 'NONE',  ( 69.50856140126998639, 69.50856140126973060, 4.762500000000000178 ) ) ;
#5084 = ORIENTED_EDGE ( 'NONE', *, *, #5211, .T. ) ;
#5085 = CIRCLE ( 'NONE', #3378, 94.80000000000022453 ) ;
#5086 = CARTESIAN_POINT ( 'NONE',  ( 78.30481974139821943, -61.33475167483426560, 0.000000000000000000 ) ) ;
#5087 = CIRCLE ( 'NONE', #2784, 94.80000000000021032 ) ;
#5088 = CIRCLE ( 'NONE', #1765, 89.80000000000001137 ) ;
#5089 = EDGE_CURVE ( 'NONE', #4720, #764, #3360, .T. ) ;
#5090 = EDGE_CURVE ( 'NONE', #3865, #4520, #1228, .T. ) ;
#5091 = CYLINDRICAL_SURFACE ( 'NONE', #1863, 101.7999999999998977 ) ;
#5092 = ORIENTED_EDGE ( 'NONE', *, *, #2695, .T. ) ;
#5093 = DIRECTION ( 'NONE',  ( -0.5877852522924680301, 0.8090169943749511150, 0.000000000000000000 ) ) ;
#5094 = PRODUCT_DEFINITION_CONTEXT ( 'detailed design', #2790, 'design' ) ;
#5095 = AXIS2_PLACEMENT_3D ( 'NONE', #3808, #5065, #5272 ) ;
#5096 = CARTESIAN_POINT ( 'NONE',  ( -76.04459609872621684, 47.76253138372789664, 4.762500000000000178 ) ) ;
#5097 = VERTEX_POINT ( 'NONE', #4109 ) ;
#5098 = DIRECTION ( 'NONE',  ( 1.000000000000000000, 0.000000000000000000, 0.000000000000000000 ) ) ;
#5099 = EDGE_LOOP ( 'NONE', ( #3795, #4589, #2840, #2124 ) ) ;
#5100 = DIRECTION ( 'NONE',  ( -0.000000000000000000, -0.000000000000000000, 1.000000000000000000 ) ) ;
#5101 = CARTESIAN_POINT ( 'NONE',  ( -8.155228086120867914, -84.74127999814818679, 4.762500000000000178 ) ) ;
#5102 = ORIENTED_EDGE ( 'NONE', *, *, #1116, .T. ) ;
#5103 = ADVANCED_FACE ( 'NONE', ( #2829 ), #3866, .T. ) ;
#5104 = EDGE_CURVE ( 'NONE', #2374, #5039, #4893, .T. ) ;
#5105 = FACE_OUTER_BOUND ( 'NONE', #4571, .T. ) ;
#5106 = DIRECTION ( 'NONE',  ( -1.000000000000000000, 0.000000000000000000, 0.000000000000000000 ) ) ;
#5107 = ORIENTED_EDGE ( 'NONE', *, *, #665, .F. ) ;
#5108 = CARTESIAN_POINT ( 'NONE',  ( -6.864248841727479887E-13, -98.29995023471883542, 0.000000000000000000 ) ) ;
#5109 = DIRECTION ( 'NONE',  ( -1.000000000000000000, 0.000000000000000000, 0.000000000000000000 ) ) ;
#5110 = DIRECTION ( 'NONE',  ( 1.000000000000000000, 0.000000000000000000, 0.000000000000000000 ) ) ;
#5111 = AXIS2_PLACEMENT_3D ( 'NONE', #254, #3458, #4233 ) ;
#5112 = PLANE ( 'NONE',  #3407 ) ;
#5113 = ORIENTED_EDGE ( 'NONE', *, *, #4659, .T. ) ;
#5114 = DIRECTION ( 'NONE',  ( 1.000000000000000000, 0.000000000000000000, 0.000000000000000000 ) ) ;
#5115 = CARTESIAN_POINT ( 'NONE',  ( -1.082168200009695258E-13, 1.938889539019461736E-13, 0.000000000000000000 ) ) ;
#5116 = VERTEX_POINT ( 'NONE', #4593 ) ;
#5117 = LINE ( 'NONE', #1462, #1586 ) ;
#5118 = CIRCLE ( 'NONE', #774, 3.525000000000000355 ) ;
#5119 = DIRECTION ( 'NONE',  ( -0.000000000000000000, -0.000000000000000000, 1.000000000000000000 ) ) ;
#5120 = EDGE_CURVE ( 'NONE', #4578, #2041, #1064, .T. ) ;
#5121 = ORIENTED_EDGE ( 'NONE', *, *, #1703, .F. ) ;
#5122 = DIRECTION ( 'NONE',  ( -0.000000000000000000, -0.000000000000000000, -1.000000000000000000 ) ) ;
#5123 = ORIENTED_EDGE ( 'NONE', *, *, #4640, .F. ) ;
#5124 = DIRECTION ( 'NONE',  ( -0.000000000000000000, 0.000000000000000000, 1.000000000000000000 ) ) ;
#5125 = AXIS2_PLACEMENT_3D ( 'NONE', #3950, #221, #1854 ) ;
#5126 = VERTEX_POINT ( 'NONE', #136 ) ;
#5127 = AXIS2_PLACEMENT_3D ( 'NONE', #374, #721, #5261 ) ;
#5128 = DIRECTION ( 'NONE',  ( 0.5877852522924668088, 0.8090169943749521142, -0.000000000000000000 ) ) ;
#5129 = DIRECTION ( 'NONE',  ( 1.000000000000000000, 0.000000000000000000, 0.000000000000000000 ) ) ;
#5130 = VERTEX_POINT ( 'NONE', #5072 ) ;
#5131 = DIRECTION ( 'NONE',  ( 0.000000000000000000, 0.000000000000000000, 1.000000000000000000 ) ) ;
#5132 = FACE_OUTER_BOUND ( 'NONE', #4528, .T. ) ;
#5133 = EDGE_CURVE ( 'NONE', #2754, #3741, #4030, .T. ) ;
#5134 = FACE_BOUND ( 'NONE', #4890, .T. ) ;
#5135 = CARTESIAN_POINT ( 'NONE',  ( 1.143994730828375772, -33.57224838517222310, 4.762500000000000178 ) ) ;
#5136 = ORIENTED_EDGE ( 'NONE', *, *, #3480, .F. ) ;
#5137 = CARTESIAN_POINT ( 'NONE',  ( 0.7939084701227773211, -6.829006834164419892, 4.762500000000000178 ) ) ;
#5138 = AXIS2_PLACEMENT_3D ( 'NONE', #194, #5079, #5030 ) ;
#5139 = AXIS2_PLACEMENT_3D ( 'NONE', #156, #1789, #5040 ) ;
#5140 = VECTOR ( 'NONE', #246, 1000.000000000000000 ) ;
#5141 = AXIS2_PLACEMENT_3D ( 'NONE', #1271, #2893, #3660 ) ;
#5142 = DIRECTION ( 'NONE',  ( -0.000000000000000000, -0.000000000000000000, 1.000000000000000000 ) ) ;
#5143 = EDGE_LOOP ( 'NONE', ( #2767, #4826, #4846, #3423 ) ) ;
#5144 = ADVANCED_FACE ( 'NONE', ( #4697 ), #541, .T. ) ;
#5145 = EDGE_CURVE ( 'NONE', #1115, #923, #1769, .T. ) ;
#5146 = CARTESIAN_POINT ( 'NONE',  ( 1.223289079734103029E-13, 4.858692387464666639E-13, -63.63961030678928665 ) ) ;
#5147 = AXIS2_PLACEMENT_3D ( 'NONE', #1997, #5231, #4342 ) ;
#5148 = ORIENTED_EDGE ( 'NONE', *, *, #256, .T. ) ;
#5149 = CARTESIAN_POINT ( 'NONE',  ( 0.2928228701318292826, -0.6576909345562538256, 4.762500000000000178 ) ) ;
#5150 = ORIENTED_EDGE ( 'NONE', *, *, #3521, .F. ) ;
#5151 = DIRECTION ( 'NONE',  ( -0.4067366430758057039, -0.9135454576425985351, 0.000000000000000000 ) ) ;
#5152 = ORIENTED_EDGE ( 'NONE', *, *, #3664, .F. ) ;
#5153 = DIRECTION ( 'NONE',  ( -0.000000000000000000, -0.000000000000000000, -1.000000000000000000 ) ) ;
#5154 = DIRECTION ( 'NONE',  ( -0.000000000000000000, -0.000000000000000000, 1.000000000000000000 ) ) ;
#5155 = AXIS2_PLACEMENT_3D ( 'NONE', #344, #773, #4391 ) ;
#5156 = EDGE_CURVE ( 'NONE', #945, #1115, #3275, .T. ) ;
#5157 = VERTEX_POINT ( 'NONE', #3017 ) ;
#5158 = DIRECTION ( 'NONE',  ( 1.000000000000000000, 0.000000000000000000, 0.000000000000000000 ) ) ;
#5159 = DIRECTION ( 'NONE',  ( -0.000000000000000000, -0.000000000000000000, -1.000000000000000000 ) ) ;
#5160 = EDGE_CURVE ( 'NONE', #3713, #517, #4807, .T. ) ;
#5161 = FACE_BOUND ( 'NONE', #1856, .T. ) ;
#5162 = DIRECTION ( 'NONE',  ( -1.000000000000000000, 0.000000000000000000, 0.000000000000000000 ) ) ;
#5163 = ORIENTED_EDGE ( 'NONE', *, *, #2644, .F. ) ;
#5164 = AXIS2_PLACEMENT_3D ( 'NONE', #1012, #2979, #555 ) ;
#5165 = DIRECTION ( 'NONE',  ( 1.000000000000000000, 0.000000000000000000, 0.000000000000000000 ) ) ;
#5166 = VECTOR ( 'NONE', #2233, 1000.000000000000000 ) ;
#5167 = AXIS2_PLACEMENT_3D ( 'NONE', #1550, #3176, #1148 ) ;
#5168 = CIRCLE ( 'NONE', #3718, 94.80000000000022453 ) ;
#5169 = DIRECTION ( 'NONE',  ( -0.8090169943749513370, -0.5877852522924675860, 0.000000000000000000 ) ) ;
#5170 = AXIS2_PLACEMENT_3D ( 'NONE', #3845, #3871, #2995 ) ;
#5171 = EDGE_CURVE ( 'NONE', #2639, #4073, #5022, .T. ) ;
#5172 = VERTEX_POINT ( 'NONE', #3785 ) ;
#5173 = ADVANCED_FACE ( 'NONE', ( #1869 ), #644, .F. ) ;
#5174 = VERTEX_POINT ( 'NONE', #3841 ) ;
#5175 = AXIS2_PLACEMENT_3D ( 'NONE', #576, #4703, #1896 ) ;
#5176 = DIRECTION ( 'NONE',  ( -0.000000000000000000, 0.000000000000000000, 1.000000000000000000 ) ) ;
#5177 = ORIENTED_EDGE ( 'NONE', *, *, #870, .T. ) ;
#5178 = DIRECTION ( 'NONE',  ( -0.000000000000000000, 0.000000000000000000, 1.000000000000000000 ) ) ;
#5179 = CIRCLE ( 'NONE', #4580, 12.00806750962116176 ) ;
#5180 =( LENGTH_UNIT ( ) NAMED_UNIT ( * ) SI_UNIT ( .MILLI., .METRE. ) );
#5181 = DIRECTION ( 'NONE',  ( -0.000000000000000000, -0.000000000000000000, -1.000000000000000000 ) ) ;
#5182 = ORIENTED_EDGE ( 'NONE', *, *, #2255, .T. ) ;
#5183 = CARTESIAN_POINT ( 'NONE',  ( 12.00000000000000888, 98.74004717360759287, 0.000000000000000000 ) ) ;
#5184 = CARTESIAN_POINT ( 'NONE',  ( 59.64544968925716972, -76.35723671746302443, 4.762500000000000178 ) ) ;
#5185 = ORIENTED_EDGE ( 'NONE', *, *, #2548, .F. ) ;
#5186 = DIRECTION ( 'NONE',  ( 1.000000000000000000, 0.000000000000000000, 0.000000000000000000 ) ) ;
#5187 = LINE ( 'NONE', #1528, #3436 ) ;
#5188 = VERTEX_POINT ( 'NONE', #2642 ) ;
#5189 = EDGE_CURVE ( 'NONE', #362, #2573, #4639, .T. ) ;
#5190 = DIRECTION ( 'NONE',  ( 1.000000000000000000, 0.000000000000000000, 0.000000000000000000 ) ) ;
#5191 = ORIENTED_EDGE ( 'NONE', *, *, #3588, .F. ) ;
#5192 = DIRECTION ( 'NONE',  ( -0.000000000000000000, -0.000000000000000000, -1.000000000000000000 ) ) ;
#5193 = AXIS2_PLACEMENT_3D ( 'NONE', #819, #4497, #1671 ) ;
#5194 = DIRECTION ( 'NONE',  ( -0.000000000000000000, -0.000000000000000000, 1.000000000000000000 ) ) ;
#5195 = ORIENTED_EDGE ( 'NONE', *, *, #228, .F. ) ;
#5196 = EDGE_CURVE ( 'NONE', #1836, #1526, #120, .T. ) ;
#5197 = VECTOR ( 'NONE', #4695, 1000.000000000000000 ) ;
#5198 = CIRCLE ( 'NONE', #4259, 2.000000000000001776 ) ;
#5199 = CARTESIAN_POINT ( 'NONE',  ( -3.155228086120867914, -84.74127999814818679, 4.762500000000000178 ) ) ;
#5200 = ORIENTED_EDGE ( 'NONE', *, *, #3832, .T. ) ;
#5201 = CARTESIAN_POINT ( 'NONE',  ( 98.29995023471882121, -3.432124423190184911E-13, 4.762500000000000178 ) ) ;
#5202 =( NAMED_UNIT ( * ) SI_UNIT ( $, .STERADIAN. ) SOLID_ANGLE_UNIT ( ) );
#5203 = DIRECTION ( 'NONE',  ( 0.000000000000000000, 0.000000000000000000, 1.000000000000000000 ) ) ;
#5204 = ORIENTED_EDGE ( 'NONE', *, *, #812, .T. ) ;
#5205 = DIRECTION ( 'NONE',  ( -0.000000000000000000, -0.000000000000000000, 1.000000000000000000 ) ) ;
#5206 = CYLINDRICAL_SURFACE ( 'NONE', #5167, 94.80000000000021032 ) ;
#5207 = ORIENTED_EDGE ( 'NONE', *, *, #1996, .T. ) ;
#5208 = FACE_OUTER_BOUND ( 'NONE', #3561, .T. ) ;
#5209 = DIRECTION ( 'NONE',  ( 1.000000000000000000, 0.000000000000000000, 0.000000000000000000 ) ) ;
#5210 = ORIENTED_EDGE ( 'NONE', *, *, #2184, .F. ) ;
#5211 = EDGE_CURVE ( 'NONE', #5116, #5024, #3443, .T. ) ;
#5212 = FACE_OUTER_BOUND ( 'NONE', #4344, .T. ) ;
#5213 = EDGE_LOOP ( 'NONE', ( #1149, #4174, #926, #3908 ) ) ;
#5214 = LINE ( 'NONE', #3236, #4668 ) ;
#5215 = DIRECTION ( 'NONE',  ( -0.000000000000000000, -0.000000000000000000, -1.000000000000000000 ) ) ;
#5216 = ORIENTED_EDGE ( 'NONE', *, *, #3276, .F. ) ;
#5217 = EDGE_CURVE ( 'NONE', #1692, #5236, #4554, .T. ) ;
#5218 = DIRECTION ( 'NONE',  ( -0.000000000000000000, 0.000000000000000000, 1.000000000000000000 ) ) ;
#5219 = ORIENTED_EDGE ( 'NONE', *, *, #1243, .F. ) ;
#5220 = ADVANCED_FACE ( 'NONE', ( #2594 ), #4213, .F. ) ;
#5221 = AXIS2_PLACEMENT_3D ( 'NONE', #1523, #3150, #1175 ) ;
#5222 = ORIENTED_EDGE ( 'NONE', *, *, #4431, .F. ) ;
#5223 = ADVANCED_FACE ( 'NONE', ( #2192 ), #3418, .T. ) ;
#5224 = PRODUCT_DEFINITION_SHAPE ( 'NONE', 'NONE',  #3970 ) ;
#5225 = AXIS2_PLACEMENT_3D ( 'NONE', #4023, #779, #5158 ) ;
#5226 = CYLINDRICAL_SURFACE ( 'NONE', #140, 2.000000000000013767 ) ;
#5227 = VERTEX_POINT ( 'NONE', #2742 ) ;
#5228 = DIRECTION ( 'NONE',  ( -0.000000000000000000, 0.000000000000000000, 1.000000000000000000 ) ) ;
#5229 = ADVANCED_FACE ( 'NONE', ( #3096 ), #2344, .T. ) ;
#5230 = AXIS2_PLACEMENT_3D ( 'NONE', #3323, #4522, #4600 ) ;
#5231 = DIRECTION ( 'NONE',  ( 0.000000000000000000, 0.000000000000000000, 1.000000000000000000 ) ) ;
#5232 = CARTESIAN_POINT ( 'NONE',  ( -75.49794488734934816, 58.00265975140663954, 4.762500000000000178 ) ) ;
#5233 = VERTEX_POINT ( 'NONE', #4389 ) ;
#5234 = CARTESIAN_POINT ( 'NONE',  ( 6.311047636065547195, -2.726958513676135176, -63.63961030678928665 ) ) ;
#5235 = LINE ( 'NONE', #3199, #4311 ) ;
#5236 = VERTEX_POINT ( 'NONE', #4798 ) ;
#5237 = PLANE ( 'NONE',  #1303 ) ;
#5238 = FACE_OUTER_BOUND ( 'NONE', #5143, .T. ) ;
#5239 = AXIS2_PLACEMENT_3D ( 'NONE', #3815, #2991, #4674 ) ;
#5240 = VERTEX_POINT ( 'NONE', #3964 ) ;
#5241 = CIRCLE ( 'NONE', #4555, 1.999999999999988010 ) ;
#5242 = DIRECTION ( 'NONE',  ( 1.000000000000000000, 0.000000000000000000, 0.000000000000000000 ) ) ;
#5243 = ORIENTED_EDGE ( 'NONE', *, *, #3591, .T. ) ;
#5244 = PLANE ( 'NONE',  #495 ) ;
#5245 = DIRECTION ( 'NONE',  ( -0.000000000000000000, -0.000000000000000000, 1.000000000000000000 ) ) ;
#5246 = ORIENTED_EDGE ( 'NONE', *, *, #4027, .T. ) ;
#5247 = CARTESIAN_POINT ( 'NONE',  ( 29.64641732913592165, -15.79539569389633691, 4.762500000000000178 ) ) ;
#5248 = ORIENTED_EDGE ( 'NONE', *, *, #3723, .F. ) ;
#5249 = ORIENTED_EDGE ( 'NONE', *, *, #1986, .T. ) ;
#5250 = VERTEX_POINT ( 'NONE', #745 ) ;
#5251 = VECTOR ( 'NONE', #730, 1000.000000000000114 ) ;
#5252 = AXIS2_PLACEMENT_3D ( 'NONE', #1182, #3135, #5242 ) ;
#5253 = CARTESIAN_POINT ( 'NONE',  ( -75.89674767893303908, 56.80425769042715700, 0.000000000000000000 ) ) ;
#5254 = ORIENTED_EDGE ( 'NONE', *, *, #1389, .T. ) ;
#5255 = DIRECTION ( 'NONE',  ( -1.000000000000000000, 0.000000000000000000, 0.000000000000000000 ) ) ;
#5256 = FACE_OUTER_BOUND ( 'NONE', #1940, .T. ) ;
#5257 = CARTESIAN_POINT ( 'NONE',  ( 11.81736235612332031, 96.16837047789555015, 4.762500000000000178 ) ) ;
#5258 = CIRCLE ( 'NONE', #3299, 2.000000000000008882 ) ;
#5259 = CARTESIAN_POINT ( 'NONE',  ( 69.50856140126947480, -69.50856140127021376, 4.762500000000000178 ) ) ;
#5260 = ORIENTED_EDGE ( 'NONE', *, *, #4277, .F. ) ;
#5261 = DIRECTION ( 'NONE',  ( 1.000000000000000000, 0.000000000000000000, 0.000000000000000000 ) ) ;
#5262 = CIRCLE ( 'NONE', #662, 2.000000000000001776 ) ;
#5263 = DIRECTION ( 'NONE',  ( -0.000000000000000000, -0.000000000000000000, 1.000000000000000000 ) ) ;
#5264 = ORIENTED_EDGE ( 'NONE', *, *, #292, .F. ) ;
#5265 = DIRECTION ( 'NONE',  ( -0.000000000000000000, -0.000000000000000000, 1.000000000000000000 ) ) ;
#5266 = CARTESIAN_POINT ( 'NONE',  ( -0.2928228701304687598, 0.6576909345531986029, 4.762500000000000178 ) ) ;
#5267 = ORIENTED_EDGE ( 'NONE', *, *, #593, .T. ) ;
#5268 = EDGE_CURVE ( 'NONE', #1199, #3114, #3528, .T. ) ;
#5269 = CIRCLE ( 'NONE', #1092, 12.00771292053050310 ) ;
#5270 = DIRECTION ( 'NONE',  ( 0.000000000000000000, 0.000000000000000000, 1.000000000000000000 ) ) ;
#5271 = ORIENTED_EDGE ( 'NONE', *, *, #1602, .F. ) ;
#5272 = DIRECTION ( 'NONE',  ( 1.000000000000000000, 0.000000000000000000, 0.000000000000000000 ) ) ;
#5273 = LINE ( 'NONE', #4435, #5011 ) ;
#5274 = EDGE_LOOP ( 'NONE', ( #729, #1418, #5204, #3306 ) ) ;
#5275 = VECTOR ( 'NONE', #1819, 1000.000000000000000 ) ;
#5276 = DIRECTION ( 'NONE',  ( 0.000000000000000000, -0.000000000000000000, -1.000000000000000000 ) ) ;
#5277 = AXIS2_PLACEMENT_3D ( 'NONE', #4527, #4125, #475 ) ;
#5278 = EDGE_LOOP ( 'NONE', ( #2806, #379, #975, #1281, #4017, #2393, #4841 ) ) ;
#5279 = EDGE_LOOP ( 'NONE', ( #3403, #2636, #5260, #348 ) ) ;
#5280 = CIRCLE ( 'NONE', #4080, 5.000000000000004441 ) ;
#5281 = CARTESIAN_POINT ( 'NONE',  ( -8.155228086120867914, -84.74127999814818679, 4.762500000000000178 ) ) ;
#5282 = ORIENTED_EDGE ( 'NONE', *, *, #4960, .T. ) ;
#5283 = DIRECTION ( 'NONE',  ( 0.000000000000000000, 0.000000000000000000, 1.000000000000000000 ) ) ;
#5284 = DIRECTION ( 'NONE',  ( 1.000000000000000000, 0.000000000000000000, 0.000000000000000000 ) ) ;
#5285 = CARTESIAN_POINT ( 'NONE',  ( -78.30481564546118989, -61.33475684932211891, 4.762500000000000178 ) ) ;
#5286 = ORIENTED_EDGE ( 'NONE', *, *, #3088, .T. ) ;
#5287 = EDGE_CURVE ( 'NONE', #3973, #2583, #2167, .T. ) ;
#5288 = DIRECTION ( 'NONE',  ( -0.000000000000000000, -0.000000000000000000, -1.000000000000000000 ) ) ;
#5289 = FACE_BOUND ( 'NONE', #4942, .T. ) ;
#5290 = ORIENTED_EDGE ( 'NONE', *, *, #3428, .T. ) ;
#5291 = CARTESIAN_POINT ( 'NONE',  ( 93.83373128146713782, -13.50077308147328203, 0.000000000000000000 ) ) ;
ENDSEC;
END-ISO-10303-21;
