ISO-10303-21;
HEADER;
FILE_DESCRIPTION (( 'STEP AP214' ),
    '1' );
FILE_NAME ('Chassis_Tube.STEP',
    '2026-06-26T01:01:18',
    ( '' ),
    ( '' ),
    'SwSTEP 2.0',
    'SolidWorks 2025',
    '' );
FILE_SCHEMA (( 'AUTOMOTIVE_DESIGN' ));
ENDSEC;

DATA;
#1 = CARTESIAN_POINT ( 'NONE',  ( -222.2500000000005969, 162.0999999999999943, 0.000000000000000000 ) ) ;
#2 = LINE ( 'NONE', #5370, #1083 ) ;
#3 = FACE_BOUND ( 'NONE', #3940, .T. ) ;
#4 = VERTEX_POINT ( 'NONE', #727 ) ;
#5 = CARTESIAN_POINT ( 'NONE',  ( 226.7516488450830252, 19.92999999999800309, 147.8300000000000409 ) ) ;
#6 = EDGE_CURVE ( 'NONE', #4190, #5736, #1906, .T. ) ;
#7 = VERTEX_POINT ( 'NONE', #3149 ) ;
#8 = FACE_OUTER_BOUND ( 'NONE', #2685, .T. ) ;
#9 = EDGE_LOOP ( 'NONE', ( #1301, #5027 ) ) ;
#10 = VERTEX_POINT ( 'NONE', #5617 ) ;
#11 = VERTEX_POINT ( 'NONE', #239 ) ;
#12 = VECTOR ( 'NONE', #5643, 1000.000000000000000 ) ;
#13 = CIRCLE ( 'NONE', #5710, 5.000000000000004441 ) ;
#14 = AXIS2_PLACEMENT_3D ( 'NONE', #2907, #1544, #495 ) ;
#15 = ADVANCED_FACE ( 'NONE', ( #2195 ), #4109, .F. ) ;
#16 = DIRECTION ( 'NONE',  ( 1.000000000000000000, -0.000000000000000000, 0.000000000000000000 ) ) ;
#17 = VERTEX_POINT ( 'NONE', #6082 ) ;
#18 = LINE ( 'NONE', #1492, #4082 ) ;
#19 = VERTEX_POINT ( 'NONE', #1268 ) ;
#20 = DIRECTION ( 'NONE',  ( -1.000000000000000000, -0.000000000000000000, -0.000000000000000000 ) ) ;
#21 = EDGE_CURVE ( 'NONE', #11, #4982, #6137, .T. ) ;
#22 = AXIS2_PLACEMENT_3D ( 'NONE', #2959, #2463, #4399 ) ;
#23 = EDGE_CURVE ( 'NONE', #5760, #4245, #94, .T. ) ;
#24 = EDGE_CURVE ( 'NONE', #2881, #494, #5429, .T. ) ;
#25 = DIRECTION ( 'NONE',  ( -0.000000000000000000, 1.000000000000000000, -0.000000000000000000 ) ) ;
#26 = CARTESIAN_POINT ( 'NONE',  ( -222.2500000000005969, 162.0999999999999943, 152.4000000000000341 ) ) ;
#27 = LINE ( 'NONE', #4412, #3576 ) ;
#28 = DIRECTION ( 'NONE',  ( -1.000000000000000000, -3.424500384408255971E-15, -0.000000000000000000 ) ) ;
#29 = EDGE_CURVE ( 'NONE', #2050, #4031, #4836, .T. ) ;
#30 = DIRECTION ( 'NONE',  ( -1.000000000000000000, -3.424500384408255971E-15, 0.000000000000000000 ) ) ;
#31 = VECTOR ( 'NONE', #4665, 1000.000000000000000 ) ;
#32 = CARTESIAN_POINT ( 'NONE',  ( 222.2500000000001705, 19.92999999999800309, 147.8300000000000409 ) ) ;
#33 = CARTESIAN_POINT ( 'NONE',  ( -222.2500000000010232, 22.55000000000148930, 122.9000000000000767 ) ) ;
#34 = LINE ( 'NONE', #3780, #1490 ) ;
#35 = ORIENTED_EDGE ( 'NONE', *, *, #100, .F. ) ;
#36 = EDGE_CURVE ( 'NONE', #5716, #2000, #1055, .T. ) ;
#37 = CARTESIAN_POINT ( 'NONE',  ( -222.2500000000005116, 141.0540838453883623, 92.86060558452257396 ) ) ;
#38 = ORIENTED_EDGE ( 'NONE', *, *, #3006, .T. ) ;
#39 = DIRECTION ( 'NONE',  ( 1.000000000000000000, 0.000000000000000000, 0.000000000000000000 ) ) ;
#40 = CIRCLE ( 'NONE', #5128, 1.549999999999995826 ) ;
#41 = EDGE_LOOP ( 'NONE', ( #1312, #1005, #783, #1547 ) ) ;
#42 = ORIENTED_EDGE ( 'NONE', *, *, #3107, .F. ) ;
#43 = DIRECTION ( 'NONE',  ( -1.000000000000000000, -0.000000000000000000, -0.000000000000000000 ) ) ;
#44 = ORIENTED_EDGE ( 'NONE', *, *, #3549, .T. ) ;
#45 = VECTOR ( 'NONE', #1407, 1000.000000000000000 ) ;
#46 = EDGE_CURVE ( 'NONE', #3747, #4753, #2899, .T. ) ;
#47 = PLANE ( 'NONE',  #1050 ) ;
#48 = CIRCLE ( 'NONE', #3583, 1.500000000000001332 ) ;
#49 = ORIENTED_EDGE ( 'NONE', *, *, #4622, .F. ) ;
#50 = ADVANCED_FACE ( 'NONE', ( #5792, #5343, #2048, #2430, #2021, #4361, #3872, #1534, #1966, #65, #3, #3926 ), #5872, .F. ) ;
#51 = ORIENTED_EDGE ( 'NONE', *, *, #1370, .F. ) ;
#52 = VECTOR ( 'NONE', #196, 1000.000000000000000 ) ;
#53 = CYLINDRICAL_SURFACE ( 'NONE', #5961, 3.500000000000003109 ) ;
#54 = EDGE_CURVE ( 'NONE', #292, #4096, #515, .T. ) ;
#55 = LINE ( 'NONE', #568, #4301 ) ;
#56 = LINE ( 'NONE', #2974, #4814 ) ;
#57 = CARTESIAN_POINT ( 'NONE',  ( 219.2500000000005684, 141.0540838453861170, 92.86060558451997338 ) ) ;
#58 = VECTOR ( 'NONE', #611, 1000.000000000000000 ) ;
#59 = CARTESIAN_POINT ( 'NONE',  ( -222.2500000000004263, 117.0299999999980116, -149.3300000000000409 ) ) ;
#60 = VECTOR ( 'NONE', #1842, 1000.000000000000000 ) ;
#61 = DIRECTION ( 'NONE',  ( 1.000000000000000000, 3.491481338843133355E-15, 1.200158540585141632E-45 ) ) ;
#62 = VECTOR ( 'NONE', #3619, 1000.000000000000000 ) ;
#63 = EDGE_CURVE ( 'NONE', #3088, #5582, #4514, .T. ) ;
#64 = CARTESIAN_POINT ( 'NONE',  ( 222.2500000000007674, 133.9999999999987779, 103.1800000000002768 ) ) ;
#65 = FACE_BOUND ( 'NONE', #553, .T. ) ;
#66 = DIRECTION ( 'NONE',  ( -4.370956789862825094E-15, -1.000000000000000000, 0.000000000000000000 ) ) ;
#67 = CIRCLE ( 'NONE', #4019, 5.000000000000004441 ) ;
#68 = ORIENTED_EDGE ( 'NONE', *, *, #3988, .T. ) ;
#69 = DIRECTION ( 'NONE',  ( -1.000000000000000000, 3.424500384408256366E-15, 0.000000000000000000 ) ) ;
#70 = LINE ( 'NONE', #3449, #5305 ) ;
#71 = ORIENTED_EDGE ( 'NONE', *, *, #4047, .F. ) ;
#72 = EDGE_CURVE ( 'NONE', #3937, #1972, #1090, .T. ) ;
#73 = ORIENTED_EDGE ( 'NONE', *, *, #373, .F. ) ;
#74 = VERTEX_POINT ( 'NONE', #4480 ) ;
#75 = CARTESIAN_POINT ( 'NONE',  ( 222.2500000000001421, 22.54999999999996518, 122.9000000000000341 ) ) ;
#76 = ORIENTED_EDGE ( 'NONE', *, *, #1810, .T. ) ;
#77 = DIRECTION ( 'NONE',  ( 0.000000000000000000, 0.000000000000000000, -1.000000000000000000 ) ) ;
#78 = ORIENTED_EDGE ( 'NONE', *, *, #2790, .F. ) ;
#79 = ORIENTED_EDGE ( 'NONE', *, *, #2372, .F. ) ;
#80 = ORIENTED_EDGE ( 'NONE', *, *, #4451, .T. ) ;
#81 = ORIENTED_EDGE ( 'NONE', *, *, #6094, .F. ) ;
#82 = VECTOR ( 'NONE', #4454, 1000.000000000000000 ) ;
#83 = CARTESIAN_POINT ( 'NONE',  ( 24.67999999998790628, -3.000000000000000000, 55.20000011181492283 ) ) ;
#84 = VECTOR ( 'NONE', #139, 1000.000000000000000 ) ;
#85 = ADVANCED_FACE ( 'NONE', ( #3165 ), #3507, .F. ) ;
#86 = LINE ( 'NONE', #478, #5628 ) ;
#87 = DIRECTION ( 'NONE',  ( 0.000000000000000000, -1.000000000000000000, 0.000000000000000000 ) ) ;
#88 = AXIS2_PLACEMENT_3D ( 'NONE', #2391, #2885, #591 ) ;
#89 = AXIS2_PLACEMENT_3D ( 'NONE', #3827, #1278, #2302 ) ;
#90 = FACE_OUTER_BOUND ( 'NONE', #5611, .T. ) ;
#91 = CARTESIAN_POINT ( 'NONE',  ( 219.2500000000000568, -7.610952104347351105E-13, 127.9000000000000483 ) ) ;
#92 = EDGE_CURVE ( 'NONE', #1875, #2325, #2212, .T. ) ;
#93 = DIRECTION ( 'NONE',  ( 0.000000000000000000, -1.000000000000000000, 3.521700469736657143E-30 ) ) ;
#94 = LINE ( 'NONE', #4893, #4317 ) ;
#95 = VECTOR ( 'NONE', #1305, 1000.000000000000000 ) ;
#96 = CARTESIAN_POINT ( 'NONE',  ( 219.2500000000000568, -7.276001334361457905E-13, -133.3500000000000796 ) ) ;
#97 = ORIENTED_EDGE ( 'NONE', *, *, #646, .T. ) ;
#98 = ORIENTED_EDGE ( 'NONE', *, *, #3822, .F. ) ;
#99 = CARTESIAN_POINT ( 'NONE',  ( 219.2500000000005684, 145.4999999999967599, 91.68000000000007788 ) ) ;
#100 = EDGE_CURVE ( 'NONE', #2025, #2683, #1800, .T. ) ;
#101 = EDGE_LOOP ( 'NONE', ( #1946, #153, #907, #3788 ) ) ;
#102 = EDGE_LOOP ( 'NONE', ( #1393, #447, #4160, #1652 ) ) ;
#103 = LINE ( 'NONE', #3481, #6109 ) ;
#104 = PRODUCT ( 'Chassis_Tube', 'Chassis_Tube', '', ( #5767 ) ) ;
#105 = ORIENTED_EDGE ( 'NONE', *, *, #851, .F. ) ;
#106 = ORIENTED_EDGE ( 'NONE', *, *, #1392, .F. ) ;
#107 = FACE_BOUND ( 'NONE', #590, .T. ) ;
#108 = EDGE_CURVE ( 'NONE', #5238, #5672, #710, .T. ) ;
#109 = DIRECTION ( 'NONE',  ( -1.000000000000000000, -3.424500384408255971E-15, -0.000000000000000000 ) ) ;
#110 = VERTEX_POINT ( 'NONE', #254 ) ;
#111 = CYLINDRICAL_SURFACE ( 'NONE', #477, 5.000000000000004441 ) ;
#112 = ORIENTED_EDGE ( 'NONE', *, *, #1424, .F. ) ;
#113 = ORIENTED_EDGE ( 'NONE', *, *, #1354, .T. ) ;
#114 = VERTEX_POINT ( 'NONE', #1633 ) ;
#115 = DIRECTION ( 'NONE',  ( -4.418089334404615211E-15, 1.000000000000000000, 0.000000000000000000 ) ) ;
#116 = CARTESIAN_POINT ( 'NONE',  ( 219.2500000000003411, 68.47999999999801446, 147.8300000000000409 ) ) ;
#117 = AXIS2_PLACEMENT_3D ( 'NONE', #4042, #5412, #2096 ) ;
#118 = CIRCLE ( 'NONE', #3963, 5.000000000000031974 ) ;
#119 = CARTESIAN_POINT ( 'NONE',  ( 222.2500000000006253, 162.0999999999999943, 152.4000000000000341 ) ) ;
#120 = CARTESIAN_POINT ( 'NONE',  ( -222.2500000000005116, 133.9999999999972715, 103.1800000000002768 ) ) ;
#121 = DIRECTION ( 'NONE',  ( -1.000000000000000000, 5.225493125563035928E-15, -0.000000000000000000 ) ) ;
#122 = CARTESIAN_POINT ( 'NONE',  ( -219.2500000000000284, 19.92999999999800309, 152.4000000000000341 ) ) ;
#123 = DIRECTION ( 'NONE',  ( 1.242786967863980845E-16, 0.000000000000000000, 1.000000000000000000 ) ) ;
#124 = DIRECTION ( 'NONE',  ( 0.000000000000000000, 1.000000000000000000, 0.000000000000000000 ) ) ;
#125 = CARTESIAN_POINT ( 'NONE',  ( 8.380793286129474166E-13, 159.5300000000011664, 8.171054822139166304E-31 ) ) ;
#126 = VERTEX_POINT ( 'NONE', #641 ) ;
#127 = ADVANCED_FACE ( 'NONE', ( #4510 ), #5635, .F. ) ;
#128 = AXIS2_PLACEMENT_3D ( 'NONE', #5963, #4504, #5455 ) ;
#129 = DIRECTION ( 'NONE',  ( -1.000000000000000000, 0.000000000000000000, 0.000000000000000000 ) ) ;
#130 = DIRECTION ( 'NONE',  ( -3.424500384408255577E-15, 1.000000000000000000, 2.511816797794477678E-16 ) ) ;
#131 = EDGE_CURVE ( 'NONE', #3393, #3677, #2889, .T. ) ;
#132 = ORIENTED_EDGE ( 'NONE', *, *, #3002, .F. ) ;
#133 = AXIS2_PLACEMENT_3D ( 'NONE', #1471, #6274, #4321 ) ;
#134 = FACE_OUTER_BOUND ( 'NONE', #3382, .T. ) ;
#135 = DIRECTION ( 'NONE',  ( -1.000000000000000000, -3.424500384408255971E-15, -0.000000000000000000 ) ) ;
#136 = VERTEX_POINT ( 'NONE', #1929 ) ;
#137 = EDGE_LOOP ( 'NONE', ( #4715, #73, #5633, #170 ) ) ;
#138 = CIRCLE ( 'NONE', #451, 1.549999999999995826 ) ;
#139 = DIRECTION ( 'NONE',  ( -3.424500384408255577E-15, -1.000000000000000000, 0.000000000000000000 ) ) ;
#140 = DIRECTION ( 'NONE',  ( -1.104699526990205168E-16, 0.000000000000000000, -1.000000000000000000 ) ) ;
#141 = ORIENTED_EDGE ( 'NONE', *, *, #5744, .F. ) ;
#142 = DIRECTION ( 'NONE',  ( -1.000000000000000000, 4.418089334404615211E-15, -0.000000000000000000 ) ) ;
#143 = ORIENTED_EDGE ( 'NONE', *, *, #2473, .T. ) ;
#144 = VERTEX_POINT ( 'NONE', #3411 ) ;
#145 = ORIENTED_EDGE ( 'NONE', *, *, #1557, .T. ) ;
#146 = ORIENTED_EDGE ( 'NONE', *, *, #5853, .F. ) ;
#147 = AXIS2_PLACEMENT_3D ( 'NONE', #1988, #604, #87 ) ;
#148 = DIRECTION ( 'NONE',  ( 9.106159978880874930E-17, 0.000000000000000000, 1.000000000000000000 ) ) ;
#149 = LINE ( 'NONE', #4020, #2574 ) ;
#150 = VECTOR ( 'NONE', #2080, 1000.000000000000000 ) ;
#151 = LINE ( 'NONE', #2111, #466 ) ;
#152 = CARTESIAN_POINT ( 'NONE',  ( -219.2500000000005400, 145.4999999999952820, 91.68000000000007788 ) ) ;
#153 = ORIENTED_EDGE ( 'NONE', *, *, #1247, .T. ) ;
#154 = AXIS2_PLACEMENT_3D ( 'NONE', #1642, #5834, #3081 ) ;
#155 = EDGE_CURVE ( 'NONE', #2357, #1273, #56, .T. ) ;
#156 = CARTESIAN_POINT ( 'NONE',  ( -40.69999999999998153, -10.00000000000000000, 122.9000000000000341 ) ) ;
#157 = CARTESIAN_POINT ( 'NONE',  ( -219.2500000000003126, 79.55000000000148930, 137.9000000000000909 ) ) ;
#158 = LINE ( 'NONE', #2118, #2812 ) ;
#159 = FACE_OUTER_BOUND ( 'NONE', #5274, .T. ) ;
#160 = DIRECTION ( 'NONE',  ( 1.000000000000000000, -3.424500384408256366E-15, 0.000000000000000000 ) ) ;
#161 = AXIS2_PLACEMENT_3D ( 'NONE', #5483, #115, #4538 ) ;
#162 = EDGE_LOOP ( 'NONE', ( #2150, #81, #3456, #49 ) ) ;
#163 = DIRECTION ( 'NONE',  ( 1.000000000000000000, 0.000000000000000000, 0.000000000000000000 ) ) ;
#164 = FACE_OUTER_BOUND ( 'NONE', #5660, .T. ) ;
#165 = AXIS2_PLACEMENT_3D ( 'NONE', #5683, #273, #6084 ) ;
#166 = ORIENTED_EDGE ( 'NONE', *, *, #3042, .T. ) ;
#167 = EDGE_CURVE ( 'NONE', #376, #5677, #138, .T. ) ;
#168 = CARTESIAN_POINT ( 'NONE',  ( 222.2500000000006253, 162.0999999999999943, 152.4000000000000341 ) ) ;
#169 = CARTESIAN_POINT ( 'NONE',  ( 222.2500000000006253, 162.0999999999999943, -2.023844055306279887E-14 ) ) ;
#170 = ORIENTED_EDGE ( 'NONE', *, *, #4001, .T. ) ;
#171 = EDGE_LOOP ( 'NONE', ( #4038, #5060, #4175, #1756 ) ) ;
#172 = ORIENTED_EDGE ( 'NONE', *, *, #2210, .T. ) ;
#173 = DIRECTION ( 'NONE',  ( -0.000000000000000000, 1.000000000000000000, -0.000000000000000000 ) ) ;
#174 = CARTESIAN_POINT ( 'NONE',  ( -222.2500000000004263, 117.0299999999980116, 152.4000000000000341 ) ) ;
#175 = ORIENTED_EDGE ( 'NONE', *, *, #1197, .T. ) ;
#176 = CARTESIAN_POINT ( 'NONE',  ( 24.67999999998769667, 0.000000000000000000, 28.40000011181486173 ) ) ;
#177 = ORIENTED_EDGE ( 'NONE', *, *, #3573, .F. ) ;
#178 = ADVANCED_FACE ( 'NONE', ( #4638 ), #773, .F. ) ;
#179 = ORIENTED_EDGE ( 'NONE', *, *, #1487, .T. ) ;
#180 = EDGE_CURVE ( 'NONE', #3517, #3772, #4503, .T. ) ;
#181 = VECTOR ( 'NONE', #3638, 1000.000000000000000 ) ;
#182 = EDGE_CURVE ( 'NONE', #2357, #5488, #5781, .T. ) ;
#183 = CYLINDRICAL_SURFACE ( 'NONE', #2409, 1.549999999999995826 ) ;
#185 = ORIENTED_EDGE ( 'NONE', *, *, #5189, .T. ) ;
#184 = FACE_OUTER_BOUND ( 'NONE', #1684, .T. ) ;
#186 = DIRECTION ( 'NONE',  ( 0.000000000000000000, 1.000000000000000000, 0.000000000000000000 ) ) ;
#187 = CIRCLE ( 'NONE', #2629, 6.349999999999994316 ) ;
#188 = LINE ( 'NONE', #2514, #4124 ) ;
#189 = LINE ( 'NONE', #2145, #6173 ) ;
#190 = CARTESIAN_POINT ( 'NONE',  ( 24.67999999998769667, -10.00000000000000000, 30.10000011181486101 ) ) ;
#191 = EDGE_CURVE ( 'NONE', #5986, #2465, #5665, .T. ) ;
#192 = DIRECTION ( 'NONE',  ( -1.242786967863980845E-16, -0.000000000000000000, -1.000000000000000000 ) ) ;
#193 = DIRECTION ( 'NONE',  ( -1.000000000000000000, -3.424500384408255577E-15, -0.000000000000000000 ) ) ;
#194 = ORIENTED_EDGE ( 'NONE', *, *, #4992, .F. ) ;
#195 = LINE ( 'NONE', #645, #4841 ) ;
#196 = DIRECTION ( 'NONE',  ( 9.106159978880874930E-17, -6.616789441278093419E-31, 1.000000000000000000 ) ) ;
#197 = VECTOR ( 'NONE', #192, 1000.000000000000000 ) ;
#198 = VERTEX_POINT ( 'NONE', #2730 ) ;
#199 = DIRECTION ( 'NONE',  ( 1.000000000000000000, -3.424500384408255577E-15, -9.106159978880873697E-17 ) ) ;
#200 = CARTESIAN_POINT ( 'NONE',  ( -16.65000000000000924, 0.000000000000000000, -128.3500000000000227 ) ) ;
#201 = ORIENTED_EDGE ( 'NONE', *, *, #2324, .F. ) ;
#202 = ORIENTED_EDGE ( 'NONE', *, *, #1717, .T. ) ;
#203 = ADVANCED_FACE ( 'NONE', ( #4257 ), #6186, .F. ) ;
#204 = FACE_OUTER_BOUND ( 'NONE', #6163, .T. ) ;
#205 = FACE_OUTER_BOUND ( 'NONE', #3581, .T. ) ;
#206 = ORIENTED_EDGE ( 'NONE', *, *, #191, .T. ) ;
#207 = LINE ( 'NONE', #1210, #5218 ) ;
#208 = VERTEX_POINT ( 'NONE', #3255 ) ;
#209 = EDGE_CURVE ( 'NONE', #3139, #5923, #2343, .T. ) ;
#210 = CARTESIAN_POINT ( 'NONE',  ( -24.68344801572538216, 0.000000000000000000, 30.10000011181540458 ) ) ;
#211 = DIRECTION ( 'NONE',  ( -9.106159978880874930E-17, 0.000000000000000000, -1.000000000000000000 ) ) ;
#212 = EDGE_CURVE ( 'NONE', #1891, #3747, #6062, .T. ) ;
#213 = CYLINDRICAL_SURFACE ( 'NONE', #256, 1.549999999999995826 ) ;
#214 = EDGE_CURVE ( 'NONE', #1360, #5416, #1316, .T. ) ;
#215 = FILL_AREA_STYLE ('',( #706 ) ) ;
#216 = LINE ( 'NONE', #3468, #4244 ) ;
#217 = EDGE_LOOP ( 'NONE', ( #2851, #582, #3921, #6142, #5136, #1028, #3213, #1563, #4879, #6212, #4139, #1587 ) ) ;
#218 = AXIS2_PLACEMENT_3D ( 'NONE', #4033, #5501, #3078 ) ;
#219 = AXIS2_PLACEMENT_3D ( 'NONE', #499, #5776, #1431 ) ;
#220 = VECTOR ( 'NONE', #3367, 1000.000000000000000 ) ;
#221 = DIRECTION ( 'NONE',  ( 1.000000000000000000, 3.424500384408255577E-15, -0.000000000000000000 ) ) ;
#222 = DIRECTION ( 'NONE',  ( 0.000000000000000000, 0.000000000000000000, 1.000000000000000000 ) ) ;
#223 = LINE ( 'NONE', #712, #4822 ) ;
#224 = VERTEX_POINT ( 'NONE', #4194 ) ;
#225 = AXIS2_PLACEMENT_3D ( 'NONE', #1328, #847, #2777 ) ;
#226 = EDGE_CURVE ( 'NONE', #5979, #5630, #3227, .T. ) ;
#227 = CARTESIAN_POINT ( 'NONE',  ( 24.67999999998769667, -3.000000000000000000, 30.10000011181486101 ) ) ;
#228 = DIRECTION ( 'NONE',  ( 0.000000000000000000, -0.000000000000000000, -1.000000000000000000 ) ) ;
#229 = ORIENTED_EDGE ( 'NONE', *, *, #1247, .F. ) ;
#230 = VERTEX_POINT ( 'NONE', #1799 ) ;
#231 = CARTESIAN_POINT ( 'NONE',  ( 219.2500000000005116, 117.0299999999980116, -149.3300000000000409 ) ) ;
#232 = DIRECTION ( 'NONE',  ( 0.000000000000000000, 1.000000000000000000, -0.000000000000000000 ) ) ;
#233 = ORIENTED_EDGE ( 'NONE', *, *, #5431, .F. ) ;
#234 = CIRCLE ( 'NONE', #3776, 1.599999999999990319 ) ;
#235 = EDGE_CURVE ( 'NONE', #5773, #2815, #2799, .T. ) ;
#236 = ORIENTED_EDGE ( 'NONE', *, *, #36, .F. ) ;
#237 = DIRECTION ( 'NONE',  ( 0.000000000000000000, 0.000000000000000000, -1.000000000000000000 ) ) ;
#238 = CARTESIAN_POINT ( 'NONE',  ( -219.2500000000005969, 162.0999999999999943, 152.4000000000000341 ) ) ;
#239 = CARTESIAN_POINT ( 'NONE',  ( -222.2500000000009948, 27.55000000000148930, 127.9000000000000625 ) ) ;
#240 = AXIS2_PLACEMENT_3D ( 'NONE', #5310, #4381, #2862 ) ;
#241 = LINE ( 'NONE', #3182, #2999 ) ;
#242 = CARTESIAN_POINT ( 'NONE',  ( 227.6485571369686056, 117.0299999999980116, 147.8300000000000409 ) ) ;
#243 = EDGE_LOOP ( 'NONE', ( #1976, #3521, #2525, #42 ) ) ;
#244 = LINE ( 'NONE', #2200, #2990 ) ;
#246 = ORIENTED_EDGE ( 'NONE', *, *, #5077, .T. ) ;
#245 = PLANE ( 'NONE',  #3457 ) ;
#247 = ADVANCED_FACE ( 'NONE', ( #2666 ), #5215, .F. ) ;
#248 = DIRECTION ( 'NONE',  ( -0.000000000000000000, 1.000000000000000000, -0.000000000000000000 ) ) ;
#249 = VECTOR ( 'NONE', #3866, 1000.000000000000000 ) ;
#250 = DIRECTION ( 'NONE',  ( 0.000000000000000000, 0.000000000000000000, 1.000000000000000000 ) ) ;
#251 = DIRECTION ( 'NONE',  ( -1.000000000000000000, 0.000000000000000000, 0.000000000000000000 ) ) ;
#252 = ORIENTED_EDGE ( 'NONE', *, *, #1541, .F. ) ;
#253 = DIRECTION ( 'NONE',  ( -3.491481338843133355E-15, 1.000000000000000000, -3.179398763478275537E-31 ) ) ;
#254 = CARTESIAN_POINT ( 'NONE',  ( 219.2500000000006253, 159.5300000000000011, 127.9699999999999704 ) ) ;
#255 = LINE ( 'NONE', #4130, #197 ) ;
#256 = AXIS2_PLACEMENT_3D ( 'NONE', #2173, #5553, #3346 ) ;
#257 = CARTESIAN_POINT ( 'NONE',  ( -222.2500000000010232, 27.55000000000148930, -133.3500000000000227 ) ) ;
#258 = ORIENTED_EDGE ( 'NONE', *, *, #3567, .F. ) ;
#259 = EDGE_CURVE ( 'NONE', #3742, #2031, #5180, .T. ) ;
#260 = CYLINDRICAL_SURFACE ( 'NONE', #2320, 1.700000000000000178 ) ;
#261 = PLANE ( 'NONE',  #4127 ) ;
#262 = CIRCLE ( 'NONE', #5656, 1.549999999999995826 ) ;
#263 = EDGE_LOOP ( 'NONE', ( #1769, #3902, #1618, #2743 ) ) ;
#264 = CARTESIAN_POINT ( 'NONE',  ( 222.2500000000001990, 19.92999999999800309, 152.4000000000000341 ) ) ;
#265 = CARTESIAN_POINT ( 'NONE',  ( -219.2500000000005969, 159.5300000000000011, 0.000000000000000000 ) ) ;
#266 = ORIENTED_EDGE ( 'NONE', *, *, #1659, .F. ) ;
#267 = ORIENTED_EDGE ( 'NONE', *, *, #3898, .T. ) ;
#268 = CARTESIAN_POINT ( 'NONE',  ( -222.2500000000006253, 162.0999999999999943, 50.53659999999998576 ) ) ;
#269 = VECTOR ( 'NONE', #5399, 1000.000000000000000 ) ;
#270 = AXIS2_PLACEMENT_3D ( 'NONE', #356, #5701, #5188 ) ;
#271 = LINE ( 'NONE', #1417, #2601 ) ;
#272 = ORIENTED_EDGE ( 'NONE', *, *, #2921, .F. ) ;
#273 = DIRECTION ( 'NONE',  ( 0.000000000000000000, 1.000000000000000000, -0.000000000000000000 ) ) ;
#274 = ORIENTED_EDGE ( 'NONE', *, *, #5234, .F. ) ;
#275 = EDGE_CURVE ( 'NONE', #5413, #736, #4703, .T. ) ;
#276 = CARTESIAN_POINT ( 'NONE',  ( -222.2500000000010516, 22.55000000000148930, -128.3500000000000227 ) ) ;
#277 = VECTOR ( 'NONE', #5053, 1000.000000000000000 ) ;
#278 = ORIENTED_EDGE ( 'NONE', *, *, #6094, .T. ) ;
#279 = DIRECTION ( 'NONE',  ( 1.000000000000000000, 0.000000000000000000, 0.000000000000000000 ) ) ;
#281 = VERTEX_POINT ( 'NONE', #2207 ) ;
#280 = CARTESIAN_POINT ( 'NONE',  ( 222.2500000000006253, 162.0999999999999943, -2.023844055306279887E-14 ) ) ;
#282 = VERTEX_POINT ( 'NONE', #1733 ) ;
#283 = FACE_OUTER_BOUND ( 'NONE', #1011, .T. ) ;
#284 = CIRCLE ( 'NONE', #2718, 1.700000000000000178 ) ;
#285 = DIRECTION ( 'NONE',  ( -1.000000000000000000, 3.424500384408255577E-15, 9.106159978880874930E-17 ) ) ;
#286 = EDGE_CURVE ( 'NONE', #5221, #4935, #6095, .T. ) ;
#287 = PLANE ( 'NONE',  #4026 ) ;
#288 = ORIENTED_EDGE ( 'NONE', *, *, #2336, .F. ) ;
#289 = CARTESIAN_POINT ( 'NONE',  ( 40.70000000000003126, -10.00000000000000000, -133.3500000000000227 ) ) ;
#290 = CARTESIAN_POINT ( 'NONE',  ( 215.7500000000000568, 3.499999999999987566, 152.3999999999999204 ) ) ;
#291 = DIRECTION ( 'NONE',  ( 0.000000000000000000, 1.000000000000000000, 0.000000000000000000 ) ) ;
#292 = VERTEX_POINT ( 'NONE', #1767 ) ;
#293 = FACE_OUTER_BOUND ( 'NONE', #5960, .T. ) ;
#294 = AXIS2_PLACEMENT_3D ( 'NONE', #429, #1818, #4752 ) ;
#295 = EDGE_CURVE ( 'NONE', #927, #2938, #6156, .T. ) ;
#296 = CARTESIAN_POINT ( 'NONE',  ( 222.2500000000003411, 93.61999999999801503, -149.3300000000000409 ) ) ;
#297 = VERTEX_POINT ( 'NONE', #3669 ) ;
#298 = VERTEX_POINT ( 'NONE', #5149 ) ;
#299 = EDGE_CURVE ( 'NONE', #549, #5672, #805, .T. ) ;
#300 = DIRECTION ( 'NONE',  ( -0.000000000000000000, 1.000000000000000000, -0.000000000000000000 ) ) ;
#301 = CARTESIAN_POINT ( 'NONE',  ( -222.2500000000004263, 117.0299999999980116, 0.000000000000000000 ) ) ;
#302 = VERTEX_POINT ( 'NONE', #5693 ) ;
#303 = CIRCLE ( 'NONE', #5973, 3.500000000000003109 ) ;
#304 = DIRECTION ( 'NONE',  ( 0.000000000000000000, 0.000000000000000000, -1.000000000000000000 ) ) ;
#305 = EDGE_CURVE ( 'NONE', #2105, #1661, #932, .T. ) ;
#306 = EDGE_LOOP ( 'NONE', ( #2464, #1640, #4170, #4212 ) ) ;
#307 = DIRECTION ( 'NONE',  ( -1.000000000000000000, 3.424500384408255971E-15, 9.106159978880874930E-17 ) ) ;
#308 = ORIENTED_EDGE ( 'NONE', *, *, #1520, .T. ) ;
#309 = CARTESIAN_POINT ( 'NONE',  ( 16.65000000000003766, -3.000000000000000000, -128.3500000000000227 ) ) ;
#310 = CIRCLE ( 'NONE', #1130, 1.599999999999990319 ) ;
#311 = ORIENTED_EDGE ( 'NONE', *, *, #5695, .F. ) ;
#312 = EDGE_CURVE ( 'NONE', #1516, #4191, #4794, .T. ) ;
#313 = CARTESIAN_POINT ( 'NONE',  ( -222.2500000000004832, 142.1699999999980264, 147.8300000000000409 ) ) ;
#315 = VERTEX_POINT ( 'NONE', #1438 ) ;
#314 = CARTESIAN_POINT ( 'NONE',  ( 40.70000000000005969, -10.00000000000000000, 127.9000000000000483 ) ) ;
#316 = PLANE ( 'NONE',  #363 ) ;
#317 = DIRECTION ( 'NONE',  ( 3.424500384408255577E-15, 1.000000000000000000, -0.000000000000000000 ) ) ;
#318 = LINE ( 'NONE', #5182, #5769 ) ;
#319 = EDGE_LOOP ( 'NONE', ( #5602, #3365, #5922, #3115 ) ) ;
#320 = CARTESIAN_POINT ( 'NONE',  ( -206.2392352261680628, 145.4999999999953104, 91.68000000000007788 ) ) ;
#321 = LINE ( 'NONE', #1346, #3741 ) ;
#322 = CARTESIAN_POINT ( 'NONE',  ( -219.2500000000005969, 162.0999999999999943, -152.4000000000000341 ) ) ;
#323 = ORIENTED_EDGE ( 'NONE', *, *, #4201, .F. ) ;
#324 = ORIENTED_EDGE ( 'NONE', *, *, #4050, .F. ) ;
#325 = CARTESIAN_POINT ( 'NONE',  ( 219.2500000000005684, 145.4999999999967599, 114.6800000000000779 ) ) ;
#326 = PLANE ( 'NONE',  #2167 ) ;
#327 = CARTESIAN_POINT ( 'NONE',  ( -40.69999999999998153, 0.000000000000000000, 127.9000000000000625 ) ) ;
#328 = DIRECTION ( 'NONE',  ( 1.000000000000000000, 0.000000000000000000, 0.000000000000000000 ) ) ;
#329 = VECTOR ( 'NONE', #4342, 1000.000000000000000 ) ;
#330 = ADVANCED_FACE ( 'NONE', ( #2992 ), #2859, .F. ) ;
#331 = ORIENTED_EDGE ( 'NONE', *, *, #1863, .T. ) ;
#332 = ORIENTED_EDGE ( 'NONE', *, *, #4302, .F. ) ;
#333 = PLANE ( 'NONE',  #5564 ) ;
#334 = ADVANCED_FACE ( 'NONE', ( #2560 ), #441, .F. ) ;
#335 = DIRECTION ( 'NONE',  ( 3.491481338843133355E-15, 1.000000000000000000, -3.179398763478275537E-31 ) ) ;
#336 = ORIENTED_EDGE ( 'NONE', *, *, #3586, .T. ) ;
#337 = DIRECTION ( 'NONE',  ( 0.000000000000000000, -0.000000000000000000, 1.000000000000000000 ) ) ;
#338 = ORIENTED_EDGE ( 'NONE', *, *, #3433, .F. ) ;
#339 = VECTOR ( 'NONE', #2387, 1000.000000000000000 ) ;
#340 = ADVANCED_FACE ( 'NONE', ( #5411 ), #1958, .F. ) ;
#341 = FACE_OUTER_BOUND ( 'NONE', #556, .T. ) ;
#343 = ORIENTED_EDGE ( 'NONE', *, *, #4801, .T. ) ;
#342 = FACE_BOUND ( 'NONE', #3188, .T. ) ;
#344 = VERTEX_POINT ( 'NONE', #3487 ) ;
#345 = PLANE ( 'NONE',  #89 ) ;
#346 = LINE ( 'NONE', #3760, #2693 ) ;
#347 = ORIENTED_EDGE ( 'NONE', *, *, #3732, .F. ) ;
#348 = DIRECTION ( 'NONE',  ( -3.491481338843133355E-15, -1.000000000000000000, 3.179398763478275537E-31 ) ) ;
#349 = CARTESIAN_POINT ( 'NONE',  ( 227.6485571369686056, 142.1699999999980264, 147.8300000000000409 ) ) ;
#350 = CARTESIAN_POINT ( 'NONE',  ( 201.7499999999999716, -3.000000000000014655, 140.3750000000000284 ) ) ;
#351 = CARTESIAN_POINT ( 'NONE',  ( -222.2500000000002558, 68.47999999999801446, 152.4000000000000341 ) ) ;
#352 = DIRECTION ( 'NONE',  ( -1.000000000000000000, -3.424500384408255971E-15, 0.000000000000000000 ) ) ;
#353 = ADVANCED_FACE ( 'NONE', ( #411 ), #5780, .F. ) ;
#354 = ORIENTED_EDGE ( 'NONE', *, *, #23, .F. ) ;
#355 = VERTEX_POINT ( 'NONE', #4352 ) ;
#356 = CARTESIAN_POINT ( 'NONE',  ( -196.7000000000000171, -10.00000000000000000, -128.3500000000000227 ) ) ;
#357 = DIRECTION ( 'NONE',  ( 0.000000000000000000, -1.000000000000000000, 0.000000000000000000 ) ) ;
#358 = AXIS2_PLACEMENT_3D ( 'NONE', #119, #4445, #2448 ) ;
#359 = CIRCLE ( 'NONE', #5251, 5.000000000000000888 ) ;
#360 = CYLINDRICAL_SURFACE ( 'NONE', #4588, 5.000000000000004441 ) ;
#361 = CARTESIAN_POINT ( 'NONE',  ( -219.2500000000004832, 142.1699999999980264, 147.8300000000000409 ) ) ;
#362 = ORIENTED_EDGE ( 'NONE', *, *, #4337, .F. ) ;
#363 = AXIS2_PLACEMENT_3D ( 'NONE', #4254, #2274, #2857 ) ;
#364 = VECTOR ( 'NONE', #3999, 1000.000000000000000 ) ;
#365 = ORIENTED_EDGE ( 'NONE', *, *, #3720, .T. ) ;
#366 = DIRECTION ( 'NONE',  ( 0.000000000000000000, 0.000000000000000000, 1.000000000000000000 ) ) ;
#367 = EDGE_CURVE ( 'NONE', #6261, #927, #1926, .T. ) ;
#368 = DIRECTION ( 'NONE',  ( -3.424500384408255577E-15, -1.000000000000000000, 3.179398763478275099E-31 ) ) ;
#369 = ORIENTED_EDGE ( 'NONE', *, *, #410, .F. ) ;
#370 = LINE ( 'NONE', #4277, #1955 ) ;
#371 = ORIENTED_EDGE ( 'NONE', *, *, #1910, .F. ) ;
#372 = AXIS2_PLACEMENT_3D ( 'NONE', #4610, #4576, #123 ) ;
#373 = EDGE_CURVE ( 'NONE', #3223, #577, #1067, .T. ) ;
#374 = DIRECTION ( 'NONE',  ( -9.106159978880874930E-17, 0.000000000000000000, -1.000000000000000000 ) ) ;
#375 = LINE ( 'NONE', #3730, #2965 ) ;
#376 = VERTEX_POINT ( 'NONE', #4465 ) ;
#377 = CARTESIAN_POINT ( 'NONE',  ( 222.2500000000005969, 93.61999999999801503, -152.4000000000000341 ) ) ;
#378 = ADVANCED_FACE ( 'NONE', ( #2529, #4766, #107, #3830, #3861, #3348, #1467 ), #6244, .T. ) ;
#379 = ORIENTED_EDGE ( 'NONE', *, *, #2301, .F. ) ;
#380 = DIRECTION ( 'NONE',  ( 5.551115123125777969E-15, 1.000000000000000000, 0.000000000000000000 ) ) ;
#381 = FACE_OUTER_BOUND ( 'NONE', #5417, .T. ) ;
#382 = CARTESIAN_POINT ( 'NONE',  ( -196.7000000000000171, -10.00000000000000000, -128.3500000000000227 ) ) ;
#383 = DIRECTION ( 'NONE',  ( 1.000000000000000000, 0.000000000000000000, -0.000000000000000000 ) ) ;
#384 = CARTESIAN_POINT ( 'NONE',  ( -201.7499999999999716, -3.000000000000014655, 141.8750000000000284 ) ) ;
#385 = ORIENTED_EDGE ( 'NONE', *, *, #2858, .T. ) ;
#386 = CARTESIAN_POINT ( 'NONE',  ( -222.2500000000005116, 140.8999999999952308, 91.68000000000007788 ) ) ;
#387 = VECTOR ( 'NONE', #6096, 1000.000000000000000 ) ;
#388 = EDGE_CURVE ( 'NONE', #2055, #3353, #397, .T. ) ;
#389 = DIRECTION ( 'NONE',  ( 1.000000000000000000, 3.424500384408255577E-15, 0.000000000000000000 ) ) ;
#390 = CARTESIAN_POINT ( 'NONE',  ( 219.2500000000000568, -7.610952104347351105E-13, 127.9699999999999704 ) ) ;
#391 = ORIENTED_EDGE ( 'NONE', *, *, #1068, .T. ) ;
#392 = CARTESIAN_POINT ( 'NONE',  ( -201.7499999999999716, -3.000000000000014655, 140.3750000000000284 ) ) ;
#393 = CARTESIAN_POINT ( 'NONE',  ( 219.2500000000005684, 145.4999999999967599, 91.68000000000007788 ) ) ;
#394 = ORIENTED_EDGE ( 'NONE', *, *, #1197, .F. ) ;
#395 = VECTOR ( 'NONE', #4803, 1000.000000000000000 ) ;
#396 = LINE ( 'NONE', #3815, #5831 ) ;
#397 = CIRCLE ( 'NONE', #3929, 1.700000000000003508 ) ;
#398 = ORIENTED_EDGE ( 'NONE', *, *, #108, .F. ) ;
#399 = DIRECTION ( 'NONE',  ( -1.000000000000000000, -3.424500384408255971E-15, -0.000000000000000000 ) ) ;
#400 = VECTOR ( 'NONE', #836, 1000.000000000000000 ) ;
#401 = EDGE_CURVE ( 'NONE', #5382, #4873, #2094, .T. ) ;
#402 = AXIS2_PLACEMENT_3D ( 'NONE', #5636, #3201, #6000 ) ;
#403 = VERTEX_POINT ( 'NONE', #1894 ) ;
#404 = CARTESIAN_POINT ( 'NONE',  ( -24.68344801572538216, -3.000000000000000000, 30.10000011181540458 ) ) ;
#405 = VERTEX_POINT ( 'NONE', #5246 ) ;
#406 = DIRECTION ( 'NONE',  ( -0.000000000000000000, 0.000000000000000000, 1.000000000000000000 ) ) ;
#407 = ORIENTED_EDGE ( 'NONE', *, *, #3070, .F. ) ;
#408 = VECTOR ( 'NONE', #517, 1000.000000000000000 ) ;
#409 = DIRECTION ( 'NONE',  ( 9.106159978880874930E-17, 0.000000000000000000, 1.000000000000000000 ) ) ;
#410 = EDGE_CURVE ( 'NONE', #5716, #5285, #902, .T. ) ;
#411 = FACE_OUTER_BOUND ( 'NONE', #1631, .T. ) ;
#412 = CARTESIAN_POINT ( 'NONE',  ( -216.9384294077728725, 159.5300000000000296, 50.53659999999997154 ) ) ;
#413 = EDGE_CURVE ( 'NONE', #3849, #2611, #6217, .T. ) ;
#414 = DIRECTION ( 'NONE',  ( -1.000000000000000000, 3.491481338843133355E-15, -3.633139246742775023E-15 ) ) ;
#415 = DIRECTION ( 'NONE',  ( 0.000000000000000000, -0.000000000000000000, -1.000000000000000000 ) ) ;
#416 = CARTESIAN_POINT ( 'NONE',  ( -222.2500000000005969, 162.0999999999999943, 152.4000000000000341 ) ) ;
#417 = EDGE_CURVE ( 'NONE', #1827, #5651, #918, .T. ) ;
#418 = ORIENTED_EDGE ( 'NONE', *, *, #2631, .T. ) ;
#419 = DIRECTION ( 'NONE',  ( -1.000000000000000000, 3.424500384408256366E-15, 0.000000000000000000 ) ) ;
#420 = CARTESIAN_POINT ( 'NONE',  ( -222.2500000000005400, 141.0540838453882486, 113.4993944154780507 ) ) ;
#421 = DIRECTION ( 'NONE',  ( 0.000000000000000000, -1.000000000000000000, 0.000000000000000000 ) ) ;
#422 = ORIENTED_EDGE ( 'NONE', *, *, #3944, .F. ) ;
#423 = EDGE_CURVE ( 'NONE', #3996, #427, #4527, .T. ) ;
#424 = ORIENTED_EDGE ( 'NONE', *, *, #3658, .T. ) ;
#425 = CARTESIAN_POINT ( 'NONE',  ( -222.2500000000013927, 79.55000000000150351, 137.9000000000000909 ) ) ;
#426 =( NAMED_UNIT ( * ) PLANE_ANGLE_UNIT ( ) SI_UNIT ( $, .RADIAN. ) );
#427 = VERTEX_POINT ( 'NONE', #5576 ) ;
#428 = EDGE_CURVE ( 'NONE', #5089, #6009, #4656, .T. ) ;
#429 = CARTESIAN_POINT ( 'NONE',  ( 222.2500000000006253, 159.5300000000000011, -129.4700000000000273 ) ) ;
#430 = AXIS2_PLACEMENT_3D ( 'NONE', #2062, #3974, #5915 ) ;
#431 = VECTOR ( 'NONE', #2931, 1000.000000000000000 ) ;
#432 = ORIENTED_EDGE ( 'NONE', *, *, #2103, .T. ) ;
#433 = CARTESIAN_POINT ( 'NONE',  ( 219.2500000000001705, 19.92999999999800309, -149.3300000000000409 ) ) ;
#434 = EDGE_CURVE ( 'NONE', #1384, #2486, #3146, .T. ) ;
#435 = AXIS2_PLACEMENT_3D ( 'NONE', #2376, #5424, #1081 ) ;
#436 = CARTESIAN_POINT ( 'NONE',  ( -222.2500000000005400, 145.4999999999952536, 91.68000000000007788 ) ) ;
#437 = ORIENTED_EDGE ( 'NONE', *, *, #1628, .F. ) ;
#438 = CARTESIAN_POINT ( 'NONE',  ( -219.2500000000003695, 93.61999999999801503, 0.000000000000000000 ) ) ;
#439 = PLANE ( 'NONE',  #3089 ) ;
#440 = AXIS2_PLACEMENT_3D ( 'NONE', #4985, #664, #4084 ) ;
#441 = CYLINDRICAL_SURFACE ( 'NONE', #4767, 5.000000000000004441 ) ;
#442 = CARTESIAN_POINT ( 'NONE',  ( -40.70000000000000995, 0.000000000000000000, -128.3500000000000227 ) ) ;
#443 = EDGE_CURVE ( 'NONE', #3996, #736, #5072, .T. ) ;
#444 = CARTESIAN_POINT ( 'NONE',  ( -219.2500000000005969, 162.1000000000000227, -26.89670000000000627 ) ) ;
#445 = AXIS2_PLACEMENT_3D ( 'NONE', #3350, #5837, #508 ) ;
#446 = DIRECTION ( 'NONE',  ( -9.106159978880874930E-17, 0.000000000000000000, -1.000000000000000000 ) ) ;
#447 = ORIENTED_EDGE ( 'NONE', *, *, #912, .F. ) ;
#448 = ORIENTED_EDGE ( 'NONE', *, *, #1987, .F. ) ;
#449 = ORIENTED_EDGE ( 'NONE', *, *, #4867, .F. ) ;
#450 = EDGE_LOOP ( 'NONE', ( #6052, #4431, #777, #833 ) ) ;
#451 = AXIS2_PLACEMENT_3D ( 'NONE', #4600, #3985, #5517 ) ;
#452 = ORIENTED_EDGE ( 'NONE', *, *, #5239, .F. ) ;
#453 = LINE ( 'NONE', #482, #1710 ) ;
#454 = CARTESIAN_POINT ( 'NONE',  ( 222.2500000000001137, 19.92999999999800309, -149.3300000000000409 ) ) ;
#455 = EDGE_CURVE ( 'NONE', #405, #3243, #4724, .T. ) ;
#456 = DIRECTION ( 'NONE',  ( 1.000000000000000000, -0.000000000000000000, 0.000000000000000000 ) ) ;
#457 = ORIENTED_EDGE ( 'NONE', *, *, #4740, .F. ) ;
#458 = CARTESIAN_POINT ( 'NONE',  ( 24.67999999998769667, 0.000000000000000000, 28.40000011181486173 ) ) ;
#459 = CARTESIAN_POINT ( 'NONE',  ( 24.67999999998769667, -3.000000000000000000, 28.40000011181486173 ) ) ;
#460 = ORIENTED_EDGE ( 'NONE', *, *, #5389, .T. ) ;
#461 = EDGE_CURVE ( 'NONE', #5118, #1348, #1998, .T. ) ;
#462 = AXIS2_PLACEMENT_3D ( 'NONE', #5156, #4131, #4578 ) ;
#463 = DIRECTION ( 'NONE',  ( 0.000000000000000000, -1.000000000000000000, 0.000000000000000000 ) ) ;
#464 = ORIENTED_EDGE ( 'NONE', *, *, #2143, .T. ) ;
#465 = CARTESIAN_POINT ( 'NONE',  ( 227.6485571369686056, 117.0299999999980116, 147.8300000000000409 ) ) ;
#466 = VECTOR ( 'NONE', #770, 1000.000000000000000 ) ;
#467 = ORIENTED_EDGE ( 'NONE', *, *, #1708, .F. ) ;
#468 = CIRCLE ( 'NONE', #4225, 1.599999999999990319 ) ;
#469 = EDGE_CURVE ( 'NONE', #2124, #5958, #5529, .T. ) ;
#470 = CARTESIAN_POINT ( 'NONE',  ( -222.2500000000006537, 138.0500000000015177, -133.3499999999999943 ) ) ;
#471 = ORIENTED_EDGE ( 'NONE', *, *, #4014, .T. ) ;
#472 = CARTESIAN_POINT ( 'NONE',  ( 222.2500000000006253, 93.61999999999801503, -152.4000000000000341 ) ) ;
#473 = CIRCLE ( 'NONE', #4007, 5.000000000000004441 ) ;
#474 = LINE ( 'NONE', #989, #1388 ) ;
#475 = DIRECTION ( 'NONE',  ( -0.000000000000000000, 1.000000000000000000, 0.000000000000000000 ) ) ;
#476 = CARTESIAN_POINT ( 'NONE',  ( 222.2500000000006253, 159.5300000000000011, 127.9699999999999704 ) ) ;
#477 = AXIS2_PLACEMENT_3D ( 'NONE', #3061, #5511, #5546 ) ;
#478 = CARTESIAN_POINT ( 'NONE',  ( 222.2500000000005684, 143.0499999999999829, 122.9000000000000483 ) ) ;
#479 = CARTESIAN_POINT ( 'NONE',  ( 227.6485571369686056, 68.47999999999801446, -147.8300000000000409 ) ) ;
#480 = AXIS2_PLACEMENT_3D ( 'NONE', #4832, #2397, #4326 ) ;
#481 = ADVANCED_FACE ( 'NONE', ( #204 ), #4557, .T. ) ;
#482 = CARTESIAN_POINT ( 'NONE',  ( -219.2500000000004832, 142.1699999999980264, -149.3300000000000409 ) ) ;
#483 = DIRECTION ( 'NONE',  ( 3.424500384408255577E-15, 1.000000000000000000, -1.449141070296876712E-32 ) ) ;
#484 = DIRECTION ( 'NONE',  ( -4.440892098500622217E-15, 1.000000000000000000, 0.000000000000000000 ) ) ;
#485 = FACE_OUTER_BOUND ( 'NONE', #5404, .T. ) ;
#486 = ORIENTED_EDGE ( 'NONE', *, *, #3525, .T. ) ;
#487 = LINE ( 'NONE', #1477, #4289 ) ;
#488 = CARTESIAN_POINT ( 'NONE',  ( 222.2500000000006253, 162.0999999999999943, -2.023844055306279887E-14 ) ) ;
#489 = ORIENTED_EDGE ( 'NONE', *, *, #5593, .T. ) ;
#490 = AXIS2_PLACEMENT_3D ( 'NONE', #2544, #1696, #1154 ) ;
#491 = ADVANCED_FACE ( 'NONE', ( #2623, #4180, #1719, #4591, #4107, #1236, #6045 ), #2686, .F. ) ;
#492 = CARTESIAN_POINT ( 'NONE',  ( -222.2500000000000284, 3.499999999999964917, -152.4000000000000341 ) ) ;
#493 = EDGE_CURVE ( 'NONE', #4903, #1094, #2716, .T. ) ;
#494 = VERTEX_POINT ( 'NONE', #268 ) ;
#495 = DIRECTION ( 'NONE',  ( 0.000000000000000000, 1.000000000000000000, 0.000000000000000000 ) ) ;
#496 = EDGE_CURVE ( 'NONE', #2960, #503, #5476, .T. ) ;
#497 = EDGE_CURVE ( 'NONE', #5008, #3747, #5508, .T. ) ;
#498 = ORIENTED_EDGE ( 'NONE', *, *, #776, .T. ) ;
#499 = CARTESIAN_POINT ( 'NONE',  ( 201.7500000000000284, 0.000000000000000000, -138.3750000000000284 ) ) ;
#500 = ORIENTED_EDGE ( 'NONE', *, *, #6226, .F. ) ;
#501 = DIRECTION ( 'NONE',  ( 4.418089334404615211E-15, 1.000000000000000000, -0.000000000000000000 ) ) ;
#502 = EDGE_LOOP ( 'NONE', ( #2469, #467, #5826, #2138 ) ) ;
#503 = VERTEX_POINT ( 'NONE', #791 ) ;
#504 = CARTESIAN_POINT ( 'NONE',  ( 222.2500000000007105, 145.4999999999967599, 114.6800000000000779 ) ) ;
#505 = EDGE_CURVE ( 'NONE', #6214, #995, #1753, .T. ) ;
#506 = VECTOR ( 'NONE', #1634, 1000.000000000000000 ) ;
#507 = CARTESIAN_POINT ( 'NONE',  ( 191.7000000000000739, -10.00000000000000000, 122.9000000000000341 ) ) ;
#508 = DIRECTION ( 'NONE',  ( 0.000000000000000000, 0.000000000000000000, 1.000000000000000000 ) ) ;
#509 = LINE ( 'NONE', #2541, #249 ) ;
#510 = ORIENTED_EDGE ( 'NONE', *, *, #1834, .T. ) ;
#511 = ORIENTED_EDGE ( 'NONE', *, *, #1009, .T. ) ;
#512 = DIRECTION ( 'NONE',  ( 0.000000000000000000, -1.000000000000000000, 0.000000000000000000 ) ) ;
#513 = LINE ( 'NONE', #2895, #4251 ) ;
#514 = DIRECTION ( 'NONE',  ( 5.551115123125777969E-15, 1.000000000000000000, 0.000000000000000000 ) ) ;
#515 = LINE ( 'NONE', #2518, #3995 ) ;
#516 = ORIENTED_EDGE ( 'NONE', *, *, #5800, .F. ) ;
#517 = DIRECTION ( 'NONE',  ( 1.000000000000000000, 0.000000000000000000, 0.000000000000000000 ) ) ;
#518 = LINE ( 'NONE', #4750, #3702 ) ;
#519 = ORIENTED_EDGE ( 'NONE', *, *, #5806, .T. ) ;
#520 = ORIENTED_EDGE ( 'NONE', *, *, #5664, .F. ) ;
#521 = LINE ( 'NONE', #5796, #2524 ) ;
#522 = ORIENTED_EDGE ( 'NONE', *, *, #5486, .F. ) ;
#523 = EDGE_CURVE ( 'NONE', #503, #2865, #1142, .T. ) ;
#524 = DIRECTION ( 'NONE',  ( -1.000000000000000000, 0.000000000000000000, 0.000000000000000000 ) ) ;
#525 = VERTEX_POINT ( 'NONE', #3057 ) ;
#526 = ORIENTED_EDGE ( 'NONE', *, *, #2297, .T. ) ;
#527 = EDGE_CURVE ( 'NONE', #5446, #292, #359, .T. ) ;
#528 = CIRCLE ( 'NONE', #1869, 1.599999999999990319 ) ;
#529 = VECTOR ( 'NONE', #6197, 1000.000000000000000 ) ;
#530 = AXIS2_PLACEMENT_3D ( 'NONE', #168, #3080, #3514 ) ;
#531 = CARTESIAN_POINT ( 'NONE',  ( -222.2500000000000284, -7.715696544512643717E-13, 152.4000000000000341 ) ) ;
#532 = EDGE_LOOP ( 'NONE', ( #2241, #3584 ) ) ;
#533 = FACE_OUTER_BOUND ( 'NONE', #2825, .T. ) ;
#534 = ORIENTED_EDGE ( 'NONE', *, *, #24, .T. ) ;
#535 = VECTOR ( 'NONE', #4330, 1000.000000000000000 ) ;
#536 = ADVANCED_FACE ( 'NONE', ( #3551 ), #1680, .F. ) ;
#537 = DIRECTION ( 'NONE',  ( 1.000000000000000000, 0.000000000000000000, 3.633139246742775023E-15 ) ) ;
#538 = LINE ( 'NONE', #3918, #4900 ) ;
#539 = PLANE ( 'NONE',  #358 ) ;
#540 = VECTOR ( 'NONE', #4044, 1000.000000000000000 ) ;
#541 = DIRECTION ( 'NONE',  ( 0.000000000000000000, 0.000000000000000000, 1.000000000000000000 ) ) ;
#542 = CARTESIAN_POINT ( 'NONE',  ( 219.2500000000000853, 27.54999999999997584, -133.3500000000000512 ) ) ;
#543 = AXIS2_PLACEMENT_3D ( 'NONE', #5391, #4796, #2423 ) ;
#544 = CARTESIAN_POINT ( 'NONE',  ( -222.2500000000005684, 152.0999999999980901, -143.9000000000000341 ) ) ;
#545 = CARTESIAN_POINT ( 'NONE',  ( -222.2500000000005969, 162.0999999999999943, 0.000000000000000000 ) ) ;
#546 = EDGE_CURVE ( 'NONE', #2941, #5706, #396, .T. ) ;
#547 = CARTESIAN_POINT ( 'NONE',  ( 219.2500000000003411, 79.54999999999999716, 137.9000000000000625 ) ) ;
#548 = VERTEX_POINT ( 'NONE', #2874 ) ;
#549 = VERTEX_POINT ( 'NONE', #5197 ) ;
#550 = DIRECTION ( 'NONE',  ( 0.000000000000000000, -1.000000000000000000, 0.000000000000000000 ) ) ;
#551 = EDGE_LOOP ( 'NONE', ( #5474, #1178, #1702, #3621 ) ) ;
#552 = CARTESIAN_POINT ( 'NONE',  ( 0.000000000000000000, 0.000000000000000000, 147.8300000000000409 ) ) ;
#553 = EDGE_LOOP ( 'NONE', ( #4427, #3535, #2243, #695, #6054, #3814, #3878, #3886 ) ) ;
#554 = AXIS2_PLACEMENT_3D ( 'NONE', #2610, #743, #4547 ) ;
#555 = ORIENTED_EDGE ( 'NONE', *, *, #3442, .T. ) ;
#556 = EDGE_LOOP ( 'NONE', ( #1307, #5231, #2989, #2505 ) ) ;
#557 = EDGE_CURVE ( 'NONE', #5488, #2776, #2291, .T. ) ;
#558 = CYLINDRICAL_SURFACE ( 'NONE', #117, 5.000000000000031974 ) ;
#559 = ORIENTED_EDGE ( 'NONE', *, *, #1068, .F. ) ;
#560 = AXIS2_PLACEMENT_3D ( 'NONE', #4489, #622, #5471 ) ;
#561 = CARTESIAN_POINT ( 'NONE',  ( 222.2500000000007105, 145.4999999999967599, 91.68000000000007788 ) ) ;
#562 = ORIENTED_EDGE ( 'NONE', *, *, #2008, .F. ) ;
#563 = ORIENTED_EDGE ( 'NONE', *, *, #4302, .T. ) ;
#564 = ORIENTED_EDGE ( 'NONE', *, *, #4997, .F. ) ;
#565 = AXIS2_PLACEMENT_3D ( 'NONE', #4684, #5678, #6139 ) ;
#566 = EDGE_CURVE ( 'NONE', #315, #3558, #48, .T. ) ;
#567 = CARTESIAN_POINT ( 'NONE',  ( 196.7000000000000739, 0.000000000000000000, 122.9000000000000341 ) ) ;
#568 = CARTESIAN_POINT ( 'NONE',  ( -222.2500000000006253, 159.5300000000000011, -104.3300000000000409 ) ) ;
#569 = EDGE_CURVE ( 'NONE', #2102, #1636, #895, .T. ) ;
#570 = CARTESIAN_POINT ( 'NONE',  ( -222.2500000000005400, 145.4999999999952536, 114.6800000000000779 ) ) ;
#571 = ADVANCED_FACE ( 'NONE', ( #5233 ), #4782, .T. ) ;
#572 = EDGE_CURVE ( 'NONE', #2865, #5802, #1850, .T. ) ;
#573 = VECTOR ( 'NONE', #1507, 1000.000000000000000 ) ;
#574 = CIRCLE ( 'NONE', #4930, 1.549999999999995826 ) ;
#575 = FACE_OUTER_BOUND ( 'NONE', #2091, .T. ) ;
#576 = AXIS2_PLACEMENT_3D ( 'NONE', #2264, #5613, #3653 ) ;
#577 = VERTEX_POINT ( 'NONE', #853 ) ;
#578 = CARTESIAN_POINT ( 'NONE',  ( 219.2500000000000568, -7.610952104347351105E-13, 25.39659999999998519 ) ) ;
#579 = DIRECTION ( 'NONE',  ( 1.000000000000000000, -3.424500384408255971E-15, -9.106159978880874930E-17 ) ) ;
#580 = CARTESIAN_POINT ( 'NONE',  ( 11.65000000000003588, -3.000000000000000000, -128.3500000000000227 ) ) ;
#581 = VECTOR ( 'NONE', #5731, 1000.000000000000000 ) ;
#582 = ORIENTED_EDGE ( 'NONE', *, *, #2381, .T. ) ;
#583 = AXIS2_PLACEMENT_3D ( 'NONE', #5, #2460, #3877 ) ;
#584 = VERTEX_POINT ( 'NONE', #3337 ) ;
#585 = EDGE_CURVE ( 'NONE', #5706, #2065, #3685, .T. ) ;
#586 = DIRECTION ( 'NONE',  ( 1.000000000000000000, 0.000000000000000000, -1.242786967863980845E-16 ) ) ;
#587 = VERTEX_POINT ( 'NONE', #4275 ) ;
#588 = PLANE ( 'NONE',  #2169 ) ;
#589 = VECTOR ( 'NONE', #251, 1000.000000000000000 ) ;
#590 = EDGE_LOOP ( 'NONE', ( #1001, #1221, #5381, #5949, #6192, #1240, #4134, #3611, #1724, #2318, #2597, #1969, #3169, #1202 ) ) ;
#591 = DIRECTION ( 'NONE',  ( 0.000000000000000000, 1.000000000000000000, -3.179398763478275099E-31 ) ) ;
#592 = DIRECTION ( 'NONE',  ( 0.000000000000000000, 0.000000000000000000, -1.000000000000000000 ) ) ;
#593 = ORIENTED_EDGE ( 'NONE', *, *, #5080, .F. ) ;
#594 = CARTESIAN_POINT ( 'NONE',  ( 35.70000000000006679, -3.000000000000000000, 122.9000000000000341 ) ) ;
#595 = EDGE_LOOP ( 'NONE', ( #510, #5920, #2603, #177 ) ) ;
#596 = ORIENTED_EDGE ( 'NONE', *, *, #3262, .F. ) ;
#597 = ORIENTED_EDGE ( 'NONE', *, *, #4256, .F. ) ;
#598 = ORIENTED_EDGE ( 'NONE', *, *, #3488, .T. ) ;
#599 = VECTOR ( 'NONE', #2752, 1000.000000000000000 ) ;
#600 = DIRECTION ( 'NONE',  ( 0.000000000000000000, 1.000000000000000000, 0.000000000000000000 ) ) ;
#601 = DIRECTION ( 'NONE',  ( 0.000000000000000000, 0.000000000000000000, 1.000000000000000000 ) ) ;
#602 = CARTESIAN_POINT ( 'NONE',  ( -219.2500000000005400, 145.4999999999952536, 114.6800000000000779 ) ) ;
#603 = EDGE_CURVE ( 'NONE', #4208, #355, #5739, .T. ) ;
#604 = DIRECTION ( 'NONE',  ( -1.000000000000000000, -3.424500384408255971E-15, -0.000000000000000000 ) ) ;
#605 = DIRECTION ( 'NONE',  ( -1.000000000000000000, -3.424500384408255971E-15, 0.000000000000000000 ) ) ;
#606 = VECTOR ( 'NONE', #4319, 1000.000000000000000 ) ;
#607 = VECTOR ( 'NONE', #4755, 1000.000000000000000 ) ;
#608 = ADVANCED_FACE ( 'NONE', ( #2783 ), #3722, .F. ) ;
#609 = SURFACE_STYLE_FILL_AREA ( #215 ) ;
#610 = CYLINDRICAL_SURFACE ( 'NONE', #490, 1.700000000000003508 ) ;
#611 = DIRECTION ( 'NONE',  ( 1.000000000000000000, 0.000000000000000000, 0.000000000000000000 ) ) ;
#612 = CARTESIAN_POINT ( 'NONE',  ( -222.2500000000006537, 143.0500000000015177, -128.3500000000000227 ) ) ;
#613 = DIRECTION ( 'NONE',  ( 0.000000000000000000, 0.000000000000000000, -1.000000000000000000 ) ) ;
#614 = ORIENTED_EDGE ( 'NONE', *, *, #182, .F. ) ;
#615 = AXIS2_PLACEMENT_3D ( 'NONE', #3508, #2950, #3903 ) ;
#616 = CARTESIAN_POINT ( 'NONE',  ( -222.2500000000005969, 93.61999999999801503, 152.4000000000000341 ) ) ;
#617 = VERTEX_POINT ( 'NONE', #3272 ) ;
#618 = DIRECTION ( 'NONE',  ( 3.424500384408255577E-15, -1.000000000000000000, -6.091895562602438865E-31 ) ) ;
#619 = LINE ( 'NONE', #1029, #3023 ) ;
#620 = ORIENTED_EDGE ( 'NONE', *, *, #2286, .T. ) ;
#621 = FACE_OUTER_BOUND ( 'NONE', #2378, .T. ) ;
#622 = DIRECTION ( 'NONE',  ( 0.000000000000000000, 0.000000000000000000, -1.000000000000000000 ) ) ;
#623 = VERTEX_POINT ( 'NONE', #884 ) ;
#624 = ORIENTED_EDGE ( 'NONE', *, *, #729, .F. ) ;
#625 = CARTESIAN_POINT ( 'NONE',  ( 222.2500000000005969, 142.1699999999980264, -152.4000000000000341 ) ) ;
#626 = CARTESIAN_POINT ( 'NONE',  ( -219.2500000000005116, 140.8999999999952308, 91.68000000000007788 ) ) ;
#627 = ORIENTED_EDGE ( 'NONE', *, *, #3935, .F. ) ;
#628 = DIRECTION ( 'NONE',  ( 4.370956789862825094E-15, 1.000000000000000000, 0.000000000000000000 ) ) ;
#629 = ORIENTED_EDGE ( 'NONE', *, *, #3837, .T. ) ;
#630 = EDGE_CURVE ( 'NONE', #5768, #1349, #1944, .T. ) ;
#631 = ORIENTED_EDGE ( 'NONE', *, *, #6, .F. ) ;
#632 = ORIENTED_EDGE ( 'NONE', *, *, #3917, .T. ) ;
#633 = CARTESIAN_POINT ( 'NONE',  ( 219.2500000000000568, -7.610952104347351105E-13, -26.89670000000000627 ) ) ;
#634 = CARTESIAN_POINT ( 'NONE',  ( 222.2500000000001705, 45.06999999999802498, -149.3300000000000409 ) ) ;
#635 = DIRECTION ( 'NONE',  ( -1.000000000000000000, -3.424500384408255971E-15, 0.000000000000000000 ) ) ;
#636 = LINE ( 'NONE', #1153, #2509 ) ;
#637 = ADVANCED_FACE ( 'NONE', ( #5770 ), #5650, .F. ) ;
#638 = DIRECTION ( 'NONE',  ( 1.000000000000000000, -3.424500384408255971E-15, -9.106159978880874930E-17 ) ) ;
#639 = ORIENTED_EDGE ( 'NONE', *, *, #3667, .F. ) ;
#640 = DIRECTION ( 'NONE',  ( -0.000000000000000000, 1.000000000000000000, -0.000000000000000000 ) ) ;
#641 = CARTESIAN_POINT ( 'NONE',  ( 219.2500000000003695, 68.47999999999801446, 152.4000000000000341 ) ) ;
#642 = DIRECTION ( 'NONE',  ( -3.424500384408255577E-15, -1.000000000000000000, -2.511816797794471762E-16 ) ) ;
#643 = ORIENTED_EDGE ( 'NONE', *, *, #2164, .T. ) ;
#644 = VECTOR ( 'NONE', #5302, 1000.000000000000000 ) ;
#645 = CARTESIAN_POINT ( 'NONE',  ( -222.2500000000000284, 68.47999999999801446, -152.4000000000000341 ) ) ;
#646 = EDGE_CURVE ( 'NONE', #2056, #3139, #1331, .T. ) ;
#647 = DIRECTION ( 'NONE',  ( 0.000000000000000000, 1.000000000000000000, 2.511816797794474720E-16 ) ) ;
#648 = ORIENTED_EDGE ( 'NONE', *, *, #5332, .T. ) ;
#649 = EDGE_CURVE ( 'NONE', #3178, #2097, #3784, .T. ) ;
#650 = DIRECTION ( 'NONE',  ( 0.000000000000000000, 0.000000000000000000, -1.000000000000000000 ) ) ;
#651 = CYLINDRICAL_SURFACE ( 'NONE', #4827, 1.599999999999990319 ) ;
#652 = EDGE_LOOP ( 'NONE', ( #988, #5061, #4397, #5804 ) ) ;
#653 = EDGE_LOOP ( 'NONE', ( #2117, #2630, #78, #4074 ) ) ;
#654 = CARTESIAN_POINT ( 'NONE',  ( 35.70000000000003837, -10.00000000000000000, -128.3500000000000227 ) ) ;
#655 = CARTESIAN_POINT ( 'NONE',  ( 11.65000000000006608, -3.000000000000000000, 122.9000000000000341 ) ) ;
#656 = ORIENTED_EDGE ( 'NONE', *, *, #747, .T. ) ;
#657 = DIRECTION ( 'NONE',  ( -0.000000000000000000, 1.000000000000000000, -0.000000000000000000 ) ) ;
#658 = ORIENTED_EDGE ( 'NONE', *, *, #3095, .F. ) ;
#659 = CARTESIAN_POINT ( 'NONE',  ( -222.2500000000005400, 145.4999999999952536, 91.68000000000007788 ) ) ;
#660 = ORIENTED_EDGE ( 'NONE', *, *, #1520, .F. ) ;
#661 = EDGE_CURVE ( 'NONE', #5416, #3937, #917, .T. ) ;
#662 = CIRCLE ( 'NONE', #4214, 1.549999999999995826 ) ;
#663 = CARTESIAN_POINT ( 'NONE',  ( -201.7500000000000284, -3.000000000000014655, -138.3750000000000284 ) ) ;
#664 = DIRECTION ( 'NONE',  ( 0.000000000000000000, 1.000000000000000000, 0.000000000000000000 ) ) ;
#665 = AXIS2_PLACEMENT_3D ( 'NONE', #2717, #579, #3901 ) ;
#666 = DIRECTION ( 'NONE',  ( 9.106159978880874930E-17, -0.000000000000000000, 1.000000000000000000 ) ) ;
#667 = DIRECTION ( 'NONE',  ( 0.000000000000000000, -0.000000000000000000, 1.000000000000000000 ) ) ;
#668 = ORIENTED_EDGE ( 'NONE', *, *, #5067, .T. ) ;
#669 = AXIS2_PLACEMENT_3D ( 'NONE', #1678, #1957, #3375 ) ;
#670 = DIRECTION ( 'NONE',  ( 3.424500384408255577E-15, -1.000000000000000000, -0.000000000000000000 ) ) ;
#671 = DIRECTION ( 'NONE',  ( 1.000000000000000000, 0.000000000000000000, 4.418089334404615211E-15 ) ) ;
#672 = EDGE_LOOP ( 'NONE', ( #6091, #2988, #4441, #1763 ) ) ;
#673 = VECTOR ( 'NONE', #5262, 1000.000000000000000 ) ;
#674 = CARTESIAN_POINT ( 'NONE',  ( -219.2500000000005969, 159.5300000000000296, 50.53659999999997865 ) ) ;
#675 = DIRECTION ( 'NONE',  ( -0.000000000000000000, 1.000000000000000000, -0.000000000000000000 ) ) ;
#676 = PLANE ( 'NONE',  #554 ) ;
#677 = VECTOR ( 'NONE', #1689, 1000.000000000000000 ) ;
#678 = EDGE_CURVE ( 'NONE', #817, #3607, #4960, .T. ) ;
#679 = ORIENTED_EDGE ( 'NONE', *, *, #299, .T. ) ;
#680 = VECTOR ( 'NONE', #4093, 1000.000000000000000 ) ;
#681 = ORIENTED_EDGE ( 'NONE', *, *, #2784, .F. ) ;
#682 = CARTESIAN_POINT ( 'NONE',  ( 1.146211652379551905E-13, 141.0540838453889876, 113.4993944154780792 ) ) ;
#683 = DIRECTION ( 'NONE',  ( 0.000000000000000000, -1.000000000000000000, 0.000000000000000000 ) ) ;
#684 = AXIS2_PLACEMENT_3D ( 'NONE', #5096, #2678, #4966 ) ;
#685 = EDGE_LOOP ( 'NONE', ( #4579, #4140 ) ) ;
#686 = DIRECTION ( 'NONE',  ( 1.000000000000000000, -3.424500384408256366E-15, -9.106159978880876162E-17 ) ) ;
#687 = DIRECTION ( 'NONE',  ( 1.000000000000000000, -3.424500384408255971E-15, -9.106159978880874930E-17 ) ) ;
#688 = EDGE_CURVE ( 'NONE', #10, #3677, #2408, .T. ) ;
#689 = VERTEX_POINT ( 'NONE', #824 ) ;
#690 = DIRECTION ( 'NONE',  ( -1.000000000000000000, -3.424500384408255577E-15, -0.000000000000000000 ) ) ;
#691 = ADVANCED_FACE ( 'NONE', ( #4688 ), #333, .F. ) ;
#692 = FACE_OUTER_BOUND ( 'NONE', #3858, .T. ) ;
#693 = EDGE_LOOP ( 'NONE', ( #3398, #4991, #4824, #4708 ) ) ;
#694 = CARTESIAN_POINT ( 'NONE',  ( -219.2500000000005684, 153.6499999999981299, -143.9000000000000341 ) ) ;
#695 = ORIENTED_EDGE ( 'NONE', *, *, #5155, .T. ) ;
#696 = LINE ( 'NONE', #4563, #3333 ) ;
#697 = EDGE_CURVE ( 'NONE', #4171, #1042, #2244, .T. ) ;
#698 = ORIENTED_EDGE ( 'NONE', *, *, #5853, .T. ) ;
#699 = ORIENTED_EDGE ( 'NONE', *, *, #3390, .T. ) ;
#700 = CARTESIAN_POINT ( 'NONE',  ( -196.6999999999999886, 0.000000000000000000, 122.9000000000000341 ) ) ;
#701 = CARTESIAN_POINT ( 'NONE',  ( -222.2500000000005969, 162.0999999999999943, -152.4000000000000341 ) ) ;
#702 = CARTESIAN_POINT ( 'NONE',  ( -219.2500000000004832, 117.0299999999980116, -149.3300000000000409 ) ) ;
#703 = EDGE_CURVE ( 'NONE', #4391, #1648, #619, .T. ) ;
#704 = VERTEX_POINT ( 'NONE', #1945 ) ;
#705 = CIRCLE ( 'NONE', #1931, 6.349999999999994316 ) ;
#706 = FILL_AREA_STYLE_COLOUR ( '', #3208 ) ;
#707 = CARTESIAN_POINT ( 'NONE',  ( -222.2500000000005969, 19.92999999999800309, -152.4000000000000341 ) ) ;
#708 = ORIENTED_EDGE ( 'NONE', *, *, #5730, .T. ) ;
#709 = CARTESIAN_POINT ( 'NONE',  ( -196.6999999999999886, -10.00000000000000000, 122.9000000000000341 ) ) ;
#710 = LINE ( 'NONE', #2670, #5913 ) ;
#711 = PLANE ( 'NONE',  #1740 ) ;
#712 = CARTESIAN_POINT ( 'NONE',  ( 219.2500000000006253, 162.0999999999999943, -152.4000000000000341 ) ) ;
#713 = EDGE_CURVE ( 'NONE', #3979, #230, #3479, .T. ) ;
#714 = AXIS2_PLACEMENT_3D ( 'NONE', #4232, #3801, #383 ) ;
#715 = VERTEX_POINT ( 'NONE', #3905 ) ;
#716 = CARTESIAN_POINT ( 'NONE',  ( -24.68344801572517255, -10.00000000000000000, 56.90000011181512463 ) ) ;
#717 = CARTESIAN_POINT ( 'NONE',  ( -201.7499999999999716, -3.000000000000014655, 140.3750000000000284 ) ) ;
#718 = AXIS2_PLACEMENT_3D ( 'NONE', #580, #4865, #5463 ) ;
#719 = VERTEX_POINT ( 'NONE', #1059 ) ;
#720 = ORIENTED_EDGE ( 'NONE', *, *, #2069, .F. ) ;
#721 = CARTESIAN_POINT ( 'NONE',  ( -222.2500000000010232, 27.55000000000148930, -128.3500000000000227 ) ) ;
#722 = CARTESIAN_POINT ( 'NONE',  ( -219.2500000000004832, 142.1699999999980264, -149.3300000000000409 ) ) ;
#723 = EDGE_LOOP ( 'NONE', ( #6044, #5747, #5502, #5969 ) ) ;
#724 = DIRECTION ( 'NONE',  ( -2.310239685727674755E-45, 3.179398763478275099E-31, 1.000000000000000000 ) ) ;
#725 = EDGE_CURVE ( 'NONE', #2960, #1510, #3422, .T. ) ;
#726 = LINE ( 'NONE', #1267, #3205 ) ;
#727 = CARTESIAN_POINT ( 'NONE',  ( -222.2500000000006253, 162.0999999999999943, 127.9699999999999704 ) ) ;
#728 = DIRECTION ( 'NONE',  ( 0.000000000000000000, -0.000000000000000000, 1.000000000000000000 ) ) ;
#729 = EDGE_CURVE ( 'NONE', #297, #4063, #521, .T. ) ;
#730 = ORIENTED_EDGE ( 'NONE', *, *, #2758, .F. ) ;
#731 = ORIENTED_EDGE ( 'NONE', *, *, #3898, .F. ) ;
#732 = CARTESIAN_POINT ( 'NONE',  ( -227.6485571369686056, 117.0299999999980116, 147.8300000000000409 ) ) ;
#733 = DIRECTION ( 'NONE',  ( 1.000000000000000000, -3.424500384408256366E-15, -9.106159978880876162E-17 ) ) ;
#734 = CARTESIAN_POINT ( 'NONE',  ( -222.2500000000005969, 142.1699999999980264, 152.4000000000000341 ) ) ;
#735 = ADVANCED_FACE ( 'NONE', ( #2985 ), #4928, .F. ) ;
#736 = VERTEX_POINT ( 'NONE', #1514 ) ;
#737 = DIRECTION ( 'NONE',  ( 1.000000000000000000, 3.491481338843133355E-15, -3.633139246742775023E-15 ) ) ;
#738 = DIRECTION ( 'NONE',  ( 0.000000000000000000, -1.000000000000000000, -0.000000000000000000 ) ) ;
#739 = ORIENTED_EDGE ( 'NONE', *, *, #2932, .T. ) ;
#740 = VECTOR ( 'NONE', #300, 1000.000000000000000 ) ;
#741 = DIRECTION ( 'NONE',  ( -9.106159978880874930E-17, 3.118404834816063268E-31, -1.000000000000000000 ) ) ;
#742 = LINE ( 'NONE', #3675, #3129 ) ;
#743 = DIRECTION ( 'NONE',  ( 0.000000000000000000, 0.000000000000000000, 1.000000000000000000 ) ) ;
#744 = VERTEX_POINT ( 'NONE', #2491 ) ;
#745 = VECTOR ( 'NONE', #4364, 1000.000000000000000 ) ;
#746 = PLANE ( 'NONE',  #2013 ) ;
#747 = EDGE_CURVE ( 'NONE', #5802, #4763, #6260, .T. ) ;
#748 = CARTESIAN_POINT ( 'NONE',  ( -222.2500000000000284, -7.715696544512643717E-13, 152.4000000000000341 ) ) ;
#749 = ORIENTED_EDGE ( 'NONE', *, *, #275, .T. ) ;
#750 = ORIENTED_EDGE ( 'NONE', *, *, #5839, .F. ) ;
#751 = ORIENTED_EDGE ( 'NONE', *, *, #3783, .F. ) ;
#752 = LINE ( 'NONE', #5228, #1655 ) ;
#753 = LINE ( 'NONE', #3144, #2001 ) ;
#754 = ORIENTED_EDGE ( 'NONE', *, *, #1925, .F. ) ;
#755 = VECTOR ( 'NONE', #1041, 1000.000000000000000 ) ;
#756 = ORIENTED_EDGE ( 'NONE', *, *, #2132, .T. ) ;
#757 = CARTESIAN_POINT ( 'NONE',  ( -222.2500000000006537, 138.0500000000015177, 122.9000000000000909 ) ) ;
#758 = FACE_BOUND ( 'NONE', #5523, .T. ) ;
#759 = ORIENTED_EDGE ( 'NONE', *, *, #5499, .T. ) ;
#760 = VECTOR ( 'NONE', #2335, 1000.000000000000000 ) ;
#761 = CARTESIAN_POINT ( 'NONE',  ( -222.2500000000000568, 162.0999999999999943, 50.53659999999998576 ) ) ;
#762 = EDGE_LOOP ( 'NONE', ( #4270, #4537, #2643, #347 ) ) ;
#763 = EDGE_CURVE ( 'NONE', #2415, #2278, #2051, .T. ) ;
#764 = VERTEX_POINT ( 'NONE', #4425 ) ;
#765 = PLANE ( 'NONE',  #3593 ) ;
#767 = ORIENTED_EDGE ( 'NONE', *, *, #1392, .T. ) ;
#766 = DIRECTION ( 'NONE',  ( 0.000000000000000000, 1.000000000000000000, 0.000000000000000000 ) ) ;
#768 = EDGE_LOOP ( 'NONE', ( #3513, #6193, #598, #5003 ) ) ;
#769 = DIRECTION ( 'NONE',  ( -1.000000000000000000, 0.000000000000000000, -0.000000000000000000 ) ) ;
#770 = DIRECTION ( 'NONE',  ( 3.491481338843133355E-15, 1.000000000000000000, -3.179398763478275537E-31 ) ) ;
#771 = EDGE_CURVE ( 'NONE', #5651, #5416, #4151, .T. ) ;
#772 = AXIS2_PLACEMENT_3D ( 'NONE', #5729, #1382, #5253 ) ;
#773 = PLANE ( 'NONE',  #3983 ) ;
#774 = VECTOR ( 'NONE', #4863, 1000.000000000000000 ) ;
#775 = CARTESIAN_POINT ( 'NONE',  ( 222.2500000000001421, 22.54999999999996518, 122.9000000000000341 ) ) ;
#776 = EDGE_CURVE ( 'NONE', #2221, #494, #3965, .T. ) ;
#777 = ORIENTED_EDGE ( 'NONE', *, *, #3909, .F. ) ;
#778 = PLANE ( 'NONE',  #5145 ) ;
#779 = CARTESIAN_POINT ( 'NONE',  ( -222.2500000000005400, 145.4999999999952536, 114.6800000000000779 ) ) ;
#780 = VECTOR ( 'NONE', #4052, 1000.000000000000000 ) ;
#781 = CARTESIAN_POINT ( 'NONE',  ( -219.2500000000000284, 19.92999999999800309, -152.4000000000000341 ) ) ;
#782 = EDGE_CURVE ( 'NONE', #1876, #3939, #4728, .T. ) ;
#783 = ORIENTED_EDGE ( 'NONE', *, *, #1003, .F. ) ;
#784 = CARTESIAN_POINT ( 'NONE',  ( -222.2500000000006253, 159.5300000000000011, -52.03670000000001750 ) ) ;
#785 = CARTESIAN_POINT ( 'NONE',  ( 219.2500000000002274, 27.54999999999997584, 127.9000000000000483 ) ) ;
#786 = VECTOR ( 'NONE', #6057, 1000.000000000000000 ) ;
#787 = EDGE_LOOP ( 'NONE', ( #4525, #593, #146, #2293 ) ) ;
#788 = CARTESIAN_POINT ( 'NONE',  ( 191.7000000000000455, -3.000000000000000000, -133.3500000000000227 ) ) ;
#789 = PLANE ( 'NONE',  #1904 ) ;
#790 = EDGE_CURVE ( 'NONE', #5630, #4008, #2805, .T. ) ;
#791 = CARTESIAN_POINT ( 'NONE',  ( 219.2500000000005400, 117.0299999999980116, 152.4000000000000341 ) ) ;
#792 = AXIS2_PLACEMENT_3D ( 'NONE', #3900, #4961, #5816 ) ;
#793 = VECTOR ( 'NONE', #368, 1000.000000000000000 ) ;
#794 = ORIENTED_EDGE ( 'NONE', *, *, #3549, .F. ) ;
#795 = DIRECTION ( 'NONE',  ( -3.424500384408255577E-15, -1.000000000000000000, 0.000000000000000000 ) ) ;
#796 = VERTEX_POINT ( 'NONE', #4967 ) ;
#797 = LINE ( 'NONE', #3659, #5782 ) ;
#798 = VECTOR ( 'NONE', #4860, 1000.000000000000000 ) ;
#799 = EDGE_LOOP ( 'NONE', ( #3715, #1953 ) ) ;
#800 = LINE ( 'NONE', #4188, #1078 ) ;
#802 = ORIENTED_EDGE ( 'NONE', *, *, #1003, .T. ) ;
#801 = DIRECTION ( 'NONE',  ( 1.000000000000000000, 0.000000000000000000, 0.000000000000000000 ) ) ;
#803 = CARTESIAN_POINT ( 'NONE',  ( -191.7000000000000171, -10.00000000000000000, -128.3500000000000227 ) ) ;
#804 = VECTOR ( 'NONE', #2800, 1000.000000000000000 ) ;
#805 = LINE ( 'NONE', #1832, #922 ) ;
#806 = LINE ( 'NONE', #349, #1612 ) ;
#807 = ORIENTED_EDGE ( 'NONE', *, *, #5489, .T. ) ;
#808 = EDGE_CURVE ( 'NONE', #2465, #1795, #1693, .T. ) ;
#809 = PLANE ( 'NONE',  #5755 ) ;
#810 = CARTESIAN_POINT ( 'NONE',  ( -222.2500000000005969, 162.0999999999999943, -152.4000000000000341 ) ) ;
#811 = CARTESIAN_POINT ( 'NONE',  ( -215.7500000000000284, 3.499999999999987566, -152.3999999999997499 ) ) ;
#812 = ORIENTED_EDGE ( 'NONE', *, *, #1088, .T. ) ;
#813 = ADVANCED_FACE ( 'NONE', ( #5319 ), #4368, .T. ) ;
#814 = VERTEX_POINT ( 'NONE', #5822 ) ;
#815 = CARTESIAN_POINT ( 'NONE',  ( 16.65000000000005542, -3.000000000000000000, -2.069240301493534594E-15 ) ) ;
#816 = FACE_OUTER_BOUND ( 'NONE', #2535, .T. ) ;
#817 = VERTEX_POINT ( 'NONE', #1482 ) ;
#818 = EDGE_LOOP ( 'NONE', ( #4439, #2412, #5886, #5640 ) ) ;
#819 = LINE ( 'NONE', #4652, #740 ) ;
#820 = DIRECTION ( 'NONE',  ( 1.000000000000000000, -0.000000000000000000, -0.000000000000000000 ) ) ;
#821 = ORIENTED_EDGE ( 'NONE', *, *, #4663, .F. ) ;
#822 = VERTEX_POINT ( 'NONE', #5351 ) ;
#823 = VECTOR ( 'NONE', #828, 1000.000000000000000 ) ;
#824 = CARTESIAN_POINT ( 'NONE',  ( 222.2500000000006253, 162.0999999999999943, -104.3300000000000409 ) ) ;
#825 = VERTEX_POINT ( 'NONE', #1007 ) ;
#826 = DIRECTION ( 'NONE',  ( 0.000000000000000000, 0.000000000000000000, -1.000000000000000000 ) ) ;
#827 = EDGE_LOOP ( 'NONE', ( #2609, #5876 ) ) ;
#828 = DIRECTION ( 'NONE',  ( -0.000000000000000000, 1.000000000000000000, -0.000000000000000000 ) ) ;
#829 = EDGE_LOOP ( 'NONE', ( #2873, #4978, #4011, #4800 ) ) ;
#830 = EDGE_CURVE ( 'NONE', #5736, #3140, #2929, .T. ) ;
#831 = DIRECTION ( 'NONE',  ( -0.000000000000000000, 0.000000000000000000, 1.000000000000000000 ) ) ;
#833 = ORIENTED_EDGE ( 'NONE', *, *, #2473, .F. ) ;
#832 = DIRECTION ( 'NONE',  ( -1.000000000000000000, 3.491481338843133355E-15, 1.200158540585141632E-45 ) ) ;
#834 = EDGE_LOOP ( 'NONE', ( #2083, #2596, #6017, #2871 ) ) ;
#835 = DIRECTION ( 'NONE',  ( 1.000000000000000000, -3.424500384408255577E-15, -9.106159978880874930E-17 ) ) ;
#836 = DIRECTION ( 'NONE',  ( -1.000000000000000000, -0.000000000000000000, -0.000000000000000000 ) ) ;
#837 = CARTESIAN_POINT ( 'NONE',  ( -219.2500000000000284, -2.009428633046239185E-16, -152.4000000000000341 ) ) ;
#838 = CARTESIAN_POINT ( 'NONE',  ( -201.7500000000000284, 0.000000000000000000, -136.8250000000000171 ) ) ;
#839 = CARTESIAN_POINT ( 'NONE',  ( 219.2500000000005684, 143.0500000000000114, 87.78673658738034646 ) ) ;
#840 = VERTEX_POINT ( 'NONE', #37 ) ;
#841 = ADVANCED_FACE ( 'NONE', ( #4616 ), #261, .F. ) ;
#842 = VECTOR ( 'NONE', #3775, 1000.000000000000000 ) ;
#843 = VECTOR ( 'NONE', #2563, 1000.000000000000000 ) ;
#844 = CYLINDRICAL_SURFACE ( 'NONE', #893, 6.500000000000005329 ) ;
#845 = DIRECTION ( 'NONE',  ( -0.000000000000000000, 0.000000000000000000, 1.000000000000000000 ) ) ;
#846 = ORIENTED_EDGE ( 'NONE', *, *, #3214, .T. ) ;
#847 = DIRECTION ( 'NONE',  ( -1.000000000000000000, -3.424500384408255971E-15, 0.000000000000000000 ) ) ;
#848 = CARTESIAN_POINT ( 'NONE',  ( -222.2500000000003126, 93.61999999999801503, -149.3300000000000409 ) ) ;
#849 = AXIS2_PLACEMENT_3D ( 'NONE', #458, #4332, #4087 ) ;
#850 = ORIENTED_EDGE ( 'NONE', *, *, #4460, .T. ) ;
#851 = EDGE_CURVE ( 'NONE', #2941, #1613, #5127, .T. ) ;
#852 = VERTEX_POINT ( 'NONE', #3173 ) ;
#853 = CARTESIAN_POINT ( 'NONE',  ( 222.2500000000005400, 142.1699999999980264, 152.4000000000000341 ) ) ;
#854 = ADVANCED_FACE ( 'NONE', ( #2646 ), #3051, .T. ) ;
#855 = CARTESIAN_POINT ( 'NONE',  ( -215.7500000000000284, -2.999999999999999112, -152.3999999999998636 ) ) ;
#856 = ORIENTED_EDGE ( 'NONE', *, *, #3909, .T. ) ;
#857 = CARTESIAN_POINT ( 'NONE',  ( 215.9677423282305426, 159.5300000000000296, 127.9699999999999420 ) ) ;
#858 = EDGE_LOOP ( 'NONE', ( #6269, #2157 ) ) ;
#859 = AXIS2_PLACEMENT_3D ( 'NONE', #314, #406, #801 ) ;
#860 = DIRECTION ( 'NONE',  ( 9.106159978880876162E-17, 6.646391200175131214E-32, 1.000000000000000000 ) ) ;
#861 = FACE_BOUND ( 'NONE', #3266, .T. ) ;
#862 = ORIENTED_EDGE ( 'NONE', *, *, #4757, .F. ) ;
#863 = PLANE ( 'NONE',  #5280 ) ;
#864 = LINE ( 'NONE', #2795, #2489 ) ;
#865 = EDGE_CURVE ( 'NONE', #2567, #4651, #4550, .T. ) ;
#866 = CARTESIAN_POINT ( 'NONE',  ( -222.2500000000000284, 0.000000000000000000, -152.4000000000000341 ) ) ;
#867 = CARTESIAN_POINT ( 'NONE',  ( 222.2500000000008242, 153.6499999999996078, 143.8999999999999773 ) ) ;
#868 = DIRECTION ( 'NONE',  ( -0.000000000000000000, -0.000000000000000000, -1.000000000000000000 ) ) ;
#869 = LINE ( 'NONE', #1803, #6177 ) ;
#870 = LINE ( 'NONE', #3770, #4913 ) ;
#871 = VECTOR ( 'NONE', #3835, 1000.000000000000000 ) ;
#872 = ORIENTED_EDGE ( 'NONE', *, *, #3954, .F. ) ;
#873 = LINE ( 'NONE', #6071, #60 ) ;
#874 = CARTESIAN_POINT ( 'NONE',  ( -219.2500000000005969, 162.0999999999999943, -152.4000000000000341 ) ) ;
#875 = AXIS2_PLACEMENT_3D ( 'NONE', #5691, #1340, #3251 ) ;
#876 = FACE_BOUND ( 'NONE', #827, .T. ) ;
#877 = ORIENTED_EDGE ( 'NONE', *, *, #5453, .T. ) ;
#878 = EDGE_CURVE ( 'NONE', #74, #3493, #5535, .T. ) ;
#879 = DIRECTION ( 'NONE',  ( 1.000000000000000000, 0.000000000000000000, 0.000000000000000000 ) ) ;
#880 = CARTESIAN_POINT ( 'NONE',  ( -219.2500000000005969, 162.0999999999999943, 152.4000000000000341 ) ) ;
#881 = ORIENTED_EDGE ( 'NONE', *, *, #434, .F. ) ;
#882 = CIRCLE ( 'NONE', #5534, 6.500000000000005329 ) ;
#883 = ORIENTED_EDGE ( 'NONE', *, *, #997, .T. ) ;
#884 = CARTESIAN_POINT ( 'NONE',  ( -222.2500000000002558, 68.47999999999801446, -149.3300000000000409 ) ) ;
#885 = AXIS2_PLACEMENT_3D ( 'NONE', #2108, #2041, #3949 ) ;
#886 = ORIENTED_EDGE ( 'NONE', *, *, #1754, .T. ) ;
#887 = ORIENTED_EDGE ( 'NONE', *, *, #443, .F. ) ;
#888 = EDGE_CURVE ( 'NONE', #4753, #2289, #5604, .T. ) ;
#889 = LINE ( 'NONE', #2820, #3636 ) ;
#890 = ORIENTED_EDGE ( 'NONE', *, *, #3322, .F. ) ;
#891 = ADVANCED_FACE ( 'NONE', ( #1261 ), #2153, .F. ) ;
#892 = VECTOR ( 'NONE', #221, 1000.000000000000000 ) ;
#893 = AXIS2_PLACEMENT_3D ( 'NONE', #2838, #5223, #3773 ) ;
#894 = VERTEX_POINT ( 'NONE', #1165 ) ;
#895 = CIRCLE ( 'NONE', #4428, 1.700000000000003508 ) ;
#896 = CARTESIAN_POINT ( 'NONE',  ( -215.9677423282305426, 162.1000000000000227, 102.8299999999999841 ) ) ;
#897 = FACE_BOUND ( 'NONE', #5684, .T. ) ;
#898 = ADVANCED_FACE ( 'NONE', ( #1744 ), #4486, .F. ) ;
#899 = AXIS2_PLACEMENT_3D ( 'NONE', #5813, #28, #6252 ) ;
#900 = ORIENTED_EDGE ( 'NONE', *, *, #6039, .F. ) ;
#901 = CARTESIAN_POINT ( 'NONE',  ( 196.7000000000000455, -3.000000000000000000, -128.3500000000000227 ) ) ;
#902 = LINE ( 'NONE', #3798, #3626 ) ;
#903 = CARTESIAN_POINT ( 'NONE',  ( -222.2500000000004832, 142.1699999999980264, -149.3300000000000409 ) ) ;
#904 = LINE ( 'NONE', #2734, #963 ) ;
#905 = DIRECTION ( 'NONE',  ( -9.106159978880874930E-17, 0.000000000000000000, -1.000000000000000000 ) ) ;
#906 = LINE ( 'NONE', #4293, #2981 ) ;
#907 = ORIENTED_EDGE ( 'NONE', *, *, #3837, .F. ) ;
#908 = ORIENTED_EDGE ( 'NONE', *, *, #4181, .F. ) ;
#909 = DIRECTION ( 'NONE',  ( -1.242786967863980845E-16, 0.000000000000000000, -1.000000000000000000 ) ) ;
#910 = LINE ( 'NONE', #6135, #4585 ) ;
#911 = CARTESIAN_POINT ( 'NONE',  ( 219.2500000000004547, 117.0299999999980116, -1.996525575369635894E-14 ) ) ;
#912 = EDGE_CURVE ( 'NONE', #2415, #5588, #882, .T. ) ;
#913 = ORIENTED_EDGE ( 'NONE', *, *, #4641, .F. ) ;
#914 = DIRECTION ( 'NONE',  ( -3.424500384408255577E-15, -1.000000000000000000, -0.000000000000000000 ) ) ;
#915 = DIRECTION ( 'NONE',  ( -3.265361837132813586E-15, -1.000000000000000000, 0.000000000000000000 ) ) ;
#916 = ORIENTED_EDGE ( 'NONE', *, *, #4581, .T. ) ;
#917 = LINE ( 'NONE', #5295, #5461 ) ;
#918 = CIRCLE ( 'NONE', #2837, 12.50000000000001066 ) ;
#919 = ADVANCED_BREP_SHAPE_REPRESENTATION ( 'Chassis_Tube', ( #3959, #1291 ), #3595 ) ;
#920 = ORIENTED_EDGE ( 'NONE', *, *, #3123, .F. ) ;
#921 = CARTESIAN_POINT ( 'NONE',  ( 222.2500000000006253, 159.5300000000000011, 102.8299999999999841 ) ) ;
#922 = VECTOR ( 'NONE', #317, 1000.000000000000000 ) ;
#923 = AXIS2_PLACEMENT_3D ( 'NONE', #810, #1668, #2213 ) ;
#924 = ORIENTED_EDGE ( 'NONE', *, *, #546, .T. ) ;
#925 = EDGE_CURVE ( 'NONE', #2351, #2656, #4582, .T. ) ;
#926 = DIRECTION ( 'NONE',  ( -3.491481338843133355E-15, 1.000000000000000000, -3.179398763478275537E-31 ) ) ;
#927 = VERTEX_POINT ( 'NONE', #6073 ) ;
#928 = CARTESIAN_POINT ( 'NONE',  ( 215.7500000000000568, 3.499999999999987566, -152.4000000000000341 ) ) ;
#929 = AXIS2_PLACEMENT_3D ( 'NONE', #6086, #399, #1366 ) ;
#930 = LINE ( 'NONE', #4668, #2984 ) ;
#931 = ORIENTED_EDGE ( 'NONE', *, *, #2928, .F. ) ;
#932 = LINE ( 'NONE', #3453, #2533 ) ;
#933 = FACE_OUTER_BOUND ( 'NONE', #2520, .T. ) ;
#934 = DIRECTION ( 'NONE',  ( -1.104699526990205168E-16, 0.000000000000000000, -1.000000000000000000 ) ) ;
#935 = EDGE_CURVE ( 'NONE', #3677, #1211, #2086, .T. ) ;
#936 = CARTESIAN_POINT ( 'NONE',  ( 222.2500000000002274, 45.06999999999802498, -2.023844055306276416E-14 ) ) ;
#937 = EDGE_LOOP ( 'NONE', ( #172, #4377 ) ) ;
#938 = ORIENTED_EDGE ( 'NONE', *, *, #566, .T. ) ;
#939 = FACE_OUTER_BOUND ( 'NONE', #4078, .T. ) ;
#940 = CARTESIAN_POINT ( 'NONE',  ( -222.2500000000001990, 45.06999999999802498, 0.000000000000000000 ) ) ;
#941 = CARTESIAN_POINT ( 'NONE',  ( 222.2500000000007105, 145.4999999999967599, 91.68000000000007788 ) ) ;
#942 = ORIENTED_EDGE ( 'NONE', *, *, #2045, .T. ) ;
#943 = CARTESIAN_POINT ( 'NONE',  ( 222.2500000000006253, 159.5300000000000011, -129.4700000000000273 ) ) ;
#944 = ORIENTED_EDGE ( 'NONE', *, *, #3347, .F. ) ;
#945 = ADVANCED_FACE ( 'NONE', ( #5940 ), #3512, .T. ) ;
#946 = DIRECTION ( 'NONE',  ( -9.106159978880876162E-17, -6.646391200175131214E-32, -1.000000000000000000 ) ) ;
#947 = AXIS2_PLACEMENT_3D ( 'NONE', #3428, #2823, #5300 ) ;
#948 = ORIENTED_EDGE ( 'NONE', *, *, #1009, .F. ) ;
#949 = AXIS2_PLACEMENT_3D ( 'NONE', #1844, #4271, #3143 ) ;
#950 = CARTESIAN_POINT ( 'NONE',  ( -215.7500000000000284, 0.000000000000000000, 152.4000000000000341 ) ) ;
#951 = ORIENTED_EDGE ( 'NONE', *, *, #6070, .T. ) ;
#952 = ORIENTED_EDGE ( 'NONE', *, *, #3869, .F. ) ;
#953 = CARTESIAN_POINT ( 'NONE',  ( -222.2500000000003126, 68.47999999999801446, 147.8300000000000409 ) ) ;
#954 = ORIENTED_EDGE ( 'NONE', *, *, #3888, .F. ) ;
#955 = DIRECTION ( 'NONE',  ( -1.000000000000000000, -3.424500384408255971E-15, -0.000000000000000000 ) ) ;
#956 = ORIENTED_EDGE ( 'NONE', *, *, #3363, .F. ) ;
#957 = ADVANCED_FACE ( 'NONE', ( #164 ), #2123, .T. ) ;
#958 = DIRECTION ( 'NONE',  ( 9.106159978880874930E-17, 0.000000000000000000, 1.000000000000000000 ) ) ;
#959 = AXIS2_PLACEMENT_3D ( 'NONE', #3128, #3984, #2171 ) ;
#960 = DIRECTION ( 'NONE',  ( 1.104699526990205168E-16, -0.000000000000000000, 1.000000000000000000 ) ) ;
#961 = CARTESIAN_POINT ( 'NONE',  ( -35.69999999999997442, -10.00000000000000000, 122.9000000000000341 ) ) ;
#962 = CARTESIAN_POINT ( 'NONE',  ( -222.2500000000005969, 19.92999999999800309, 152.4000000000000341 ) ) ;
#963 = VECTOR ( 'NONE', #5183, 1000.000000000000000 ) ;
#964 = DIRECTION ( 'NONE',  ( -0.000000000000000000, 1.000000000000000000, -0.000000000000000000 ) ) ;
#965 = EDGE_CURVE ( 'NONE', #3509, #4847, #4099, .T. ) ;
#966 = FACE_OUTER_BOUND ( 'NONE', #672, .T. ) ;
#967 = EDGE_CURVE ( 'NONE', #6116, #3755, #6005, .T. ) ;
#968 = DIRECTION ( 'NONE',  ( 0.000000000000000000, -1.000000000000000000, 0.000000000000000000 ) ) ;
#969 = DIRECTION ( 'NONE',  ( 0.000000000000000000, 0.000000000000000000, -1.000000000000000000 ) ) ;
#970 = LINE ( 'NONE', #4450, #3599 ) ;
#971 = CARTESIAN_POINT ( 'NONE',  ( 219.2500000000000568, -7.610952104347351105E-13, -104.3300000000000409 ) ) ;
#972 = DIRECTION ( 'NONE',  ( 0.000000000000000000, 1.000000000000000000, 0.000000000000000000 ) ) ;
#973 = LINE ( 'NONE', #3299, #673 ) ;
#974 = ORIENTED_EDGE ( 'NONE', *, *, #5084, .F. ) ;
#975 = AXIS2_PLACEMENT_3D ( 'NONE', #416, #4262, #1932 ) ;
#976 = DIRECTION ( 'NONE',  ( 1.000000000000000000, -3.424500384408255971E-15, -9.106159978880874930E-17 ) ) ;
#977 = AXIS2_PLACEMENT_3D ( 'NONE', #1699, #5558, #4058 ) ;
#978 = ORIENTED_EDGE ( 'NONE', *, *, #1173, .T. ) ;
#979 = ADVANCED_FACE ( 'NONE', ( #1709 ), #3614, .F. ) ;
#980 = VECTOR ( 'NONE', #6108, 1000.000000000000000 ) ;
#981 = ORIENTED_EDGE ( 'NONE', *, *, #888, .T. ) ;
#982 = CIRCLE ( 'NONE', #565, 5.000000000000004441 ) ;
#983 = DIRECTION ( 'NONE',  ( -3.424500384408255577E-15, 1.000000000000000000, 0.000000000000000000 ) ) ;
#984 = ORIENTED_EDGE ( 'NONE', *, *, #1096, .T. ) ;
#985 = CARTESIAN_POINT ( 'NONE',  ( 222.2500000000006253, 162.0999999999999943, -2.023844055306279887E-14 ) ) ;
#986 = ORIENTED_EDGE ( 'NONE', *, *, #5155, .F. ) ;
#987 = CIRCLE ( 'NONE', #1912, 4.600000000000020961 ) ;
#988 = ORIENTED_EDGE ( 'NONE', *, *, #2828, .T. ) ;
#989 = CARTESIAN_POINT ( 'NONE',  ( -11.65000000000000746, 0.000000000000000000, -133.3500000000000227 ) ) ;
#990 = DIRECTION ( 'NONE',  ( 1.000000000000000000, 0.000000000000000000, -0.000000000000000000 ) ) ;
#991 = CIRCLE ( 'NONE', #2707, 1.549999999999995826 ) ;
#992 = PLANE ( 'NONE',  #4088 ) ;
#993 = DIRECTION ( 'NONE',  ( 3.424500384408255577E-15, 1.000000000000000000, 0.000000000000000000 ) ) ;
#994 = CARTESIAN_POINT ( 'NONE',  ( -222.2500000000006253, 159.5300000000000011, -129.4700000000000273 ) ) ;
#995 = VERTEX_POINT ( 'NONE', #2341 ) ;
#996 = CARTESIAN_POINT ( 'NONE',  ( -215.7500000000000284, 3.499999999999987566, -152.3999999999999204 ) ) ;
#997 = EDGE_CURVE ( 'NONE', #1042, #4171, #528, .T. ) ;
#998 = CARTESIAN_POINT ( 'NONE',  ( -222.2500000000010232, 22.55000000000148930, 122.9000000000000767 ) ) ;
#999 = LINE ( 'NONE', #3359, #6246 ) ;
#1000 = CARTESIAN_POINT ( 'NONE',  ( 35.70000000000006679, 0.000000000000000000, 122.9000000000000341 ) ) ;
#1001 = ORIENTED_EDGE ( 'NONE', *, *, #2348, .F. ) ;
#1002 = EDGE_CURVE ( 'NONE', #5336, #2753, #5763, .T. ) ;
#1003 = EDGE_CURVE ( 'NONE', #840, #5958, #6166, .T. ) ;
#1004 = CARTESIAN_POINT ( 'NONE',  ( 222.2500000000005969, 162.0999999999999943, -152.4000000000000341 ) ) ;
#1005 = ORIENTED_EDGE ( 'NONE', *, *, #469, .T. ) ;
#1006 = AXIS2_PLACEMENT_3D ( 'NONE', #1086, #738, #4607 ) ;
#1007 = CARTESIAN_POINT ( 'NONE',  ( -219.2500000000000284, 3.499999999999975131, 152.4000000000000341 ) ) ;
#1008 = ORIENTED_EDGE ( 'NONE', *, *, #6029, .T. ) ;
#1009 = EDGE_CURVE ( 'NONE', #298, #2782, #2840, .T. ) ;
#1010 = DIRECTION ( 'NONE',  ( 0.000000000000000000, 0.000000000000000000, 1.000000000000000000 ) ) ;
#1011 = EDGE_LOOP ( 'NONE', ( #1289, #522, #2329, #500 ) ) ;
#1012 = AXIS2_PLACEMENT_3D ( 'NONE', #5340, #3923, #2948 ) ;
#1013 = VERTEX_POINT ( 'NONE', #3680 ) ;
#1014 = LINE ( 'NONE', #3912, #5433 ) ;
#1015 = ORIENTED_EDGE ( 'NONE', *, *, #557, .T. ) ;
#1016 = CARTESIAN_POINT ( 'NONE',  ( 1.146211652379614005E-13, 141.0540838453871686, 92.86060558452122393 ) ) ;
#1017 = EDGE_CURVE ( 'NONE', #3243, #2011, #5190, .T. ) ;
#1018 = VECTOR ( 'NONE', #964, 1000.000000000000000 ) ;
#1019 = DIRECTION ( 'NONE',  ( 0.000000000000000000, 0.000000000000000000, -1.000000000000000000 ) ) ;
#1020 = PLANE ( 'NONE',  #240 ) ;
#1021 = DIRECTION ( 'NONE',  ( 0.000000000000000000, -1.000000000000000000, 3.172065784643301967E-14 ) ) ;
#1022 = DIRECTION ( 'NONE',  ( -1.000000000000000000, 0.000000000000000000, -0.000000000000000000 ) ) ;
#1023 = FACE_OUTER_BOUND ( 'NONE', #6148, .T. ) ;
#1024 = CARTESIAN_POINT ( 'NONE',  ( -219.2500000000004547, 133.9999999999972999, 103.1800000000002768 ) ) ;
#1025 = LINE ( 'NONE', #3994, #2040 ) ;
#1026 = EDGE_CURVE ( 'NONE', #2739, #5066, #910, .T. ) ;
#1027 = ORIENTED_EDGE ( 'NONE', *, *, #4690, .F. ) ;
#1028 = ORIENTED_EDGE ( 'NONE', *, *, #1446, .F. ) ;
#1029 = CARTESIAN_POINT ( 'NONE',  ( -219.2500000000000284, -7.610952104347349085E-13, 127.9699999999999704 ) ) ;
#1030 = CARTESIAN_POINT ( 'NONE',  ( 219.2500000000000568, -2.009428633045730616E-16, 152.4000000000000341 ) ) ;
#1031 = ADVANCED_FACE ( 'NONE', ( #2710 ), #4295, .F. ) ;
#1032 = ORIENTED_EDGE ( 'NONE', *, *, #108, .T. ) ;
#1033 = ORIENTED_EDGE ( 'NONE', *, *, #1343, .T. ) ;
#1034 = ORIENTED_EDGE ( 'NONE', *, *, #4440, .T. ) ;
#1035 = EDGE_CURVE ( 'NONE', #2101, #6214, #3745, .T. ) ;
#1036 = VECTOR ( 'NONE', #357, 1000.000000000000000 ) ;
#1037 = AXIS2_PLACEMENT_3D ( 'NONE', #4077, #4940, #5477 ) ;
#1038 = CIRCLE ( 'NONE', #2769, 5.000000000000004441 ) ;
#1039 = DIRECTION ( 'NONE',  ( 3.516543516912260664E-15, 1.000000000000000000, 2.511816797794471762E-16 ) ) ;
#1040 = ORIENTED_EDGE ( 'NONE', *, *, #1513, .F. ) ;
#1041 = DIRECTION ( 'NONE',  ( 3.491481338843133355E-15, 1.000000000000000000, -3.179398763478275537E-31 ) ) ;
#1042 = VERTEX_POINT ( 'NONE', #3264 ) ;
#1043 = ORIENTED_EDGE ( 'NONE', *, *, #2433, .T. ) ;
#1044 = AXIS2_PLACEMENT_3D ( 'NONE', #5261, #972, #2901 ) ;
#1045 = VERTEX_POINT ( 'NONE', #6103 ) ;
#1046 = LINE ( 'NONE', #3409, #2619 ) ;
#1047 = CARTESIAN_POINT ( 'NONE',  ( -222.2500000000010232, 22.55000000000148930, 122.9000000000000767 ) ) ;
#1048 = DIRECTION ( 'NONE',  ( 0.000000000000000000, 0.000000000000000000, -1.000000000000000000 ) ) ;
#1049 = ADVANCED_FACE ( 'NONE', ( #816 ), #2313, .F. ) ;
#1050 = AXIS2_PLACEMENT_3D ( 'NONE', #1433, #501, #3914 ) ;
#1051 = CARTESIAN_POINT ( 'NONE',  ( 191.7000000000000739, 0.000000000000000000, 122.9000000000000341 ) ) ;
#1052 = LINE ( 'NONE', #998, #2029 ) ;
#1053 = VECTOR ( 'NONE', #868, 1000.000000000000000 ) ;
#1054 = CARTESIAN_POINT ( 'NONE',  ( -222.2500000000000284, 3.499999999999964917, 152.4000000000000341 ) ) ;
#1055 = LINE ( 'NONE', #3360, #774 ) ;
#1056 = DIRECTION ( 'NONE',  ( -1.000000000000000000, 3.424500384408255971E-15, 9.106159978880874930E-17 ) ) ;
#1057 = ORIENTED_EDGE ( 'NONE', *, *, #1277, .T. ) ;
#1058 = VERTEX_POINT ( 'NONE', #420 ) ;
#1059 = CARTESIAN_POINT ( 'NONE',  ( 219.2500000000005684, 143.0500000000000114, 118.5732634126198093 ) ) ;
#1060 = EDGE_CURVE ( 'NONE', #814, #927, #2285, .T. ) ;
#1061 = ORIENTED_EDGE ( 'NONE', *, *, #4125, .F. ) ;
#1062 = VERTEX_POINT ( 'NONE', #4746 ) ;
#1063 = VECTOR ( 'NONE', #5457, 1000.000000000000000 ) ;
#1064 = ORIENTED_EDGE ( 'NONE', *, *, #367, .T. ) ;
#1065 = ORIENTED_EDGE ( 'NONE', *, *, #6159, .F. ) ;
#1066 = VERTEX_POINT ( 'NONE', #785 ) ;
#1067 = LINE ( 'NONE', #5444, #84 ) ;
#1068 = EDGE_CURVE ( 'NONE', #208, #2564, #1387, .T. ) ;
#1069 = LINE ( 'NONE', #4010, #5198 ) ;
#1070 = ORIENTED_EDGE ( 'NONE', *, *, #4909, .T. ) ;
#1071 = VECTOR ( 'NONE', #4036, 1000.000000000000000 ) ;
#1072 = CARTESIAN_POINT ( 'NONE',  ( 219.2500000000005684, 143.0500000000000114, -1.996525575369637787E-14 ) ) ;
#1073 = ORIENTED_EDGE ( 'NONE', *, *, #2016, .F. ) ;
#1074 = ORIENTED_EDGE ( 'NONE', *, *, #286, .F. ) ;
#1075 = EDGE_CURVE ( 'NONE', #825, #3996, #1350, .T. ) ;
#1076 = ORIENTED_EDGE ( 'NONE', *, *, #5615, .T. ) ;
#1077 = DIRECTION ( 'NONE',  ( 0.000000000000000000, -1.000000000000000000, 0.000000000000000000 ) ) ;
#1078 = VECTOR ( 'NONE', #6239, 1000.000000000000000 ) ;
#1079 = CARTESIAN_POINT ( 'NONE',  ( -218.4302213278078852, 162.1000000000000227, -52.03670000000001750 ) ) ;
#1080 = CARTESIAN_POINT ( 'NONE',  ( -219.2500000000005116, 138.0500000000015177, 122.9000000000000909 ) ) ;
#1081 = DIRECTION ( 'NONE',  ( -1.000000000000000000, -3.402726818262195588E-15, 0.000000000000000000 ) ) ;
#1082 = ORIENTED_EDGE ( 'NONE', *, *, #21, .F. ) ;
#1083 = VECTOR ( 'NONE', #5899, 1000.000000000000000 ) ;
#1084 = CYLINDRICAL_SURFACE ( 'NONE', #3357, 12.50000000000001066 ) ;
#1085 = VECTOR ( 'NONE', #1164, 1000.000000000000000 ) ;
#1086 = CARTESIAN_POINT ( 'NONE',  ( 227.6485571369686056, 93.61999999999801503, 147.8300000000000409 ) ) ;
#1087 = ORIENTED_EDGE ( 'NONE', *, *, #5084, .T. ) ;
#1088 = EDGE_CURVE ( 'NONE', #4562, #6261, #4268, .T. ) ;
#1089 = DIRECTION ( 'NONE',  ( 1.000000000000000000, -3.491481338843133355E-15, 0.000000000000000000 ) ) ;
#1090 = LINE ( 'NONE', #612, #150 ) ;
#1091 = LINE ( 'NONE', #616, #408 ) ;
#1092 = AXIS2_PLACEMENT_3D ( 'NONE', #5368, #6225, #2947 ) ;
#1093 = ORIENTED_EDGE ( 'NONE', *, *, #6194, .T. ) ;
#1094 = VERTEX_POINT ( 'NONE', #5259 ) ;
#1095 = CARTESIAN_POINT ( 'NONE',  ( -222.2500000000000284, 45.06999999999802498, -152.4000000000000341 ) ) ;
#1096 = EDGE_CURVE ( 'NONE', #1304, #2278, #4238, .T. ) ;
#1097 = CARTESIAN_POINT ( 'NONE',  ( -219.2500000000003126, 79.55000000000148930, 137.9000000000000909 ) ) ;
#1098 = ORIENTED_EDGE ( 'NONE', *, *, #2036, .T. ) ;
#1099 = ORIENTED_EDGE ( 'NONE', *, *, #4838, .T. ) ;
#1100 = CYLINDRICAL_SURFACE ( 'NONE', #2766, 5.000000000000004441 ) ;
#1101 = CARTESIAN_POINT ( 'NONE',  ( -219.2500000000005116, 140.8999999999952308, 114.6800000000000779 ) ) ;
#1102 = CIRCLE ( 'NONE', #3412, 5.000000000000004441 ) ;
#1103 = ORIENTED_EDGE ( 'NONE', *, *, #3931, .F. ) ;
#1104 = ORIENTED_EDGE ( 'NONE', *, *, #2684, .T. ) ;
#1105 = VERTEX_POINT ( 'NONE', #6196 ) ;
#1106 = DIRECTION ( 'NONE',  ( 1.000000000000000000, 3.424500384408255577E-15, -0.000000000000000000 ) ) ;
#1107 = CARTESIAN_POINT ( 'NONE',  ( -24.68344801572538216, 0.000000000000000000, 26.70000011181539890 ) ) ;
#1108 = ORIENTED_EDGE ( 'NONE', *, *, #6039, .T. ) ;
#1109 = PLANE ( 'NONE',  #2474 ) ;
#1110 = ORIENTED_EDGE ( 'NONE', *, *, #5042, .F. ) ;
#1111 = VERTEX_POINT ( 'NONE', #1777 ) ;
#1112 = EDGE_CURVE ( 'NONE', #2000, #623, #1903, .T. ) ;
#1113 = ORIENTED_EDGE ( 'NONE', *, *, #1750, .T. ) ;
#1114 = EDGE_LOOP ( 'NONE', ( #1432, #3785, #2569, #5594 ) ) ;
#1115 = ORIENTED_EDGE ( 'NONE', *, *, #2275, .T. ) ;
#1116 = AXIS2_PLACEMENT_3D ( 'NONE', #1911, #4209, #5168 ) ;
#1117 = DIRECTION ( 'NONE',  ( 1.000000000000000000, 0.000000000000000000, 0.000000000000000000 ) ) ;
#1118 = CARTESIAN_POINT ( 'NONE',  ( -219.2500000000003126, 93.61999999999801503, 147.8300000000000409 ) ) ;
#1119 = DIRECTION ( 'NONE',  ( -1.000000000000000000, 7.266278493485551625E-15, -0.000000000000000000 ) ) ;
#1120 = FACE_OUTER_BOUND ( 'NONE', #1556, .T. ) ;
#1121 = LINE ( 'NONE', #2112, #5897 ) ;
#1122 = ADVANCED_FACE ( 'NONE', ( #2742 ), #326, .T. ) ;
#1123 = CIRCLE ( 'NONE', #4045, 6.500000000000005329 ) ;
#1124 = LINE ( 'NONE', #3044, #3254 ) ;
#1125 = DIRECTION ( 'NONE',  ( 0.000000000000000000, -1.000000000000000000, -3.172065784643301967E-14 ) ) ;
#1126 = EDGE_CURVE ( 'NONE', #4471, #2782, #513, .T. ) ;
#1127 = CARTESIAN_POINT ( 'NONE',  ( 219.2500000000001137, 19.92999999999800309, -1.996525575369632739E-14 ) ) ;
#1128 = DIRECTION ( 'NONE',  ( 3.424500384408255577E-15, 1.000000000000000000, -0.000000000000000000 ) ) ;
#1129 = CARTESIAN_POINT ( 'NONE',  ( 219.2500000000003411, 68.47999999999801446, -149.3300000000000409 ) ) ;
#1130 = AXIS2_PLACEMENT_3D ( 'NONE', #3184, #2787, #3726 ) ;
#1131 = DIRECTION ( 'NONE',  ( 0.000000000000000000, -1.000000000000000000, 0.000000000000000000 ) ) ;
#1132 = ORIENTED_EDGE ( 'NONE', *, *, #4816, .F. ) ;
#1133 = ORIENTED_EDGE ( 'NONE', *, *, #3107, .T. ) ;
#1134 = CARTESIAN_POINT ( 'NONE',  ( -216.9384294077728725, 159.5300000000000296, 25.39659999999998519 ) ) ;
#1135 = CARTESIAN_POINT ( 'NONE',  ( -227.6485571369686056, 117.0299999999980116, 147.8300000000000409 ) ) ;
#1136 = ORIENTED_EDGE ( 'NONE', *, *, #4050, .T. ) ;
#1137 = CARTESIAN_POINT ( 'NONE',  ( -24.68344801572517255, -10.00000000000000000, 56.90000011181512463 ) ) ;
#1138 = FACE_OUTER_BOUND ( 'NONE', #4357, .T. ) ;
#1139 = ORIENTED_EDGE ( 'NONE', *, *, #3390, .F. ) ;
#1140 = ADVANCED_FACE ( 'NONE', ( #5288 ), #2019, .F. ) ;
#1141 = ORIENTED_EDGE ( 'NONE', *, *, #6265, .T. ) ;
#1142 = LINE ( 'NONE', #3179, #2304 ) ;
#1143 = DIRECTION ( 'NONE',  ( -1.000000000000000000, 0.000000000000000000, 0.000000000000000000 ) ) ;
#1144 = VERTEX_POINT ( 'NONE', #542 ) ;
#1145 = CARTESIAN_POINT ( 'NONE',  ( -191.6999999999999886, -3.000000000000000000, 122.9000000000000341 ) ) ;
#1146 = ORIENTED_EDGE ( 'NONE', *, *, #3198, .T. ) ;
#1147 = ORIENTED_EDGE ( 'NONE', *, *, #965, .T. ) ;
#1148 = CYLINDRICAL_SURFACE ( 'NONE', #5140, 1.549999999999995826 ) ;
#1149 = EDGE_CURVE ( 'NONE', #4982, #292, #1052, .T. ) ;
#1150 = DIRECTION ( 'NONE',  ( 1.000000000000000000, -3.424500384408256366E-15, -9.106159978880876162E-17 ) ) ;
#1151 = VECTOR ( 'NONE', #879, 1000.000000000000000 ) ;
#1152 = CARTESIAN_POINT ( 'NONE',  ( -191.7000000000000171, -3.000000000000000000, -128.3500000000000227 ) ) ;
#1153 = CARTESIAN_POINT ( 'NONE',  ( 215.7500000000000568, -1.517883041479706208E-14, -152.3999999999999773 ) ) ;
#1154 = DIRECTION ( 'NONE',  ( 0.000000000000000000, 0.000000000000000000, 1.000000000000000000 ) ) ;
#1155 = EDGE_LOOP ( 'NONE', ( #2711, #3618, #956, #3108, #394, #274, #1542, #2615, #5020, #452, #4023, #2553 ) ) ;
#1156 = EDGE_CURVE ( 'NONE', #2556, #198, #5790, .T. ) ;
#1157 = CARTESIAN_POINT ( 'NONE',  ( 201.7499999999999716, 0.000000000000000000, 141.8750000000000284 ) ) ;
#1158 = CARTESIAN_POINT ( 'NONE',  ( -222.2500000000005969, 162.0999999999999943, -152.4000000000000341 ) ) ;
#1159 = CARTESIAN_POINT ( 'NONE',  ( -218.4302213278078852, 159.5300000000000296, -26.89670000000000982 ) ) ;
#1160 = EDGE_LOOP ( 'NONE', ( #4572, #3485, #3249, #3942, #324, #4780, #1205, #6121, #3183, #4530, #1070, #6182, #1670, #1515, #2701, #4155, #656, #4458, #4851, #3401, #5689, #4677, #2296, #3151, #4662, #5531, #6064, #1676, #620, #3915, #913, #5850, #2961, #3904, #4400, #5410, #4944, #3750, #2723, #3752, #931, #2007, #437, #3873 ) ) ;
#1161 = ADVANCED_FACE ( 'NONE', ( #5898 ), #4448, .F. ) ;
#1162 = VERTEX_POINT ( 'NONE', #1964 ) ;
#1163 = VECTOR ( 'NONE', #2913, 1000.000000000000000 ) ;
#1164 = DIRECTION ( 'NONE',  ( -1.000000000000000000, -3.424500384408255577E-15, -0.000000000000000000 ) ) ;
#1165 = CARTESIAN_POINT ( 'NONE',  ( -11.65000000000000746, 0.000000000000000000, -133.3500000000000227 ) ) ;
#1166 = EDGE_CURVE ( 'NONE', #3199, #4980, #2923, .T. ) ;
#1167 = ORIENTED_EDGE ( 'NONE', *, *, #4156, .F. ) ;
#1168 = CARTESIAN_POINT ( 'NONE',  ( 11.65000000000006608, 0.000000000000000000, 122.9000000000000341 ) ) ;
#1169 = FACE_OUTER_BOUND ( 'NONE', #3373, .T. ) ;
#1170 = VERTEX_POINT ( 'NONE', #2452 ) ;
#1171 = VERTEX_POINT ( 'NONE', #5313 ) ;
#1172 = CARTESIAN_POINT ( 'NONE',  ( -215.7500000000000284, 3.499999999999987566, 152.3999999999999773 ) ) ;
#1173 = EDGE_CURVE ( 'NONE', #281, #5773, #3438, .T. ) ;
#1174 = CARTESIAN_POINT ( 'NONE',  ( 191.7000000000000739, -3.000000000000000000, 122.9000000000000341 ) ) ;
#1175 = ORIENTED_EDGE ( 'NONE', *, *, #1402, .T. ) ;
#1176 = FACE_OUTER_BOUND ( 'NONE', #551, .T. ) ;
#1177 = ORIENTED_EDGE ( 'NONE', *, *, #5160, .T. ) ;
#1178 = ORIENTED_EDGE ( 'NONE', *, *, #4181, .T. ) ;
#1179 = ORIENTED_EDGE ( 'NONE', *, *, #2839, .T. ) ;
#1180 = CIRCLE ( 'NONE', #4723, 6.349999999999994316 ) ;
#1181 = FACE_OUTER_BOUND ( 'NONE', #2750, .T. ) ;
#1182 = CYLINDRICAL_SURFACE ( 'NONE', #5622, 1.599999999999990319 ) ;
#1183 = CARTESIAN_POINT ( 'NONE',  ( -227.6485571369686056, 117.0299999999980116, -147.8300000000000409 ) ) ;
#1184 = EDGE_LOOP ( 'NONE', ( #3548, #3341, #2501, #750 ) ) ;
#1185 = VECTOR ( 'NONE', #5069, 1000.000000000000000 ) ;
#1186 = AXIS2_PLACEMENT_3D ( 'NONE', #2220, #683, #3575 ) ;
#1187 = DIRECTION ( 'NONE',  ( -5.551115123125777969E-15, -1.000000000000000000, 0.000000000000000000 ) ) ;
#1188 = CARTESIAN_POINT ( 'NONE',  ( 222.2500000000005684, 143.0499999999999829, 87.78673658738036067 ) ) ;
#1189 = EDGE_LOOP ( 'NONE', ( #6061, #5648, #1979, #1679, #143, #4912, #3885, #2986 ) ) ;
#1190 = VECTOR ( 'NONE', #3335, 1000.000000000000000 ) ;
#1191 = DIRECTION ( 'NONE',  ( 1.104699526990205168E-16, -0.000000000000000000, 1.000000000000000000 ) ) ;
#1192 = DIRECTION ( 'NONE',  ( 0.000000000000000000, 1.000000000000000000, 0.000000000000000000 ) ) ;
#1193 = ADVANCED_FACE ( 'NONE', ( #575 ), #5398, .F. ) ;
#1194 = CARTESIAN_POINT ( 'NONE',  ( -222.2500000000005684, 152.0999999999980901, -143.9000000000000341 ) ) ;
#1195 = ORIENTED_EDGE ( 'NONE', *, *, #2231, .T. ) ;
#1196 = VECTOR ( 'NONE', #3991, 1000.000000000000000 ) ;
#1197 = EDGE_CURVE ( 'NONE', #1066, #7, #3870, .T. ) ;
#1198 = CARTESIAN_POINT ( 'NONE',  ( -219.2500000000005969, 162.0999999999999943, 152.4000000000000341 ) ) ;
#1199 = CARTESIAN_POINT ( 'NONE',  ( -219.2500000000000284, -7.276001334361455886E-13, -133.3500000000000227 ) ) ;
#1200 = EDGE_CURVE ( 'NONE', #1094, #3509, #3956, .T. ) ;
#1201 = AXIS2_PLACEMENT_3D ( 'NONE', #4111, #2292, #2689 ) ;
#1202 = ORIENTED_EDGE ( 'NONE', *, *, #1834, .F. ) ;
#1203 = FACE_OUTER_BOUND ( 'NONE', #2647, .T. ) ;
#1204 = LINE ( 'NONE', #265, #5835 ) ;
#1205 = ORIENTED_EDGE ( 'NONE', *, *, #2526, .T. ) ;
#1206 = CARTESIAN_POINT ( 'NONE',  ( -215.7500000000000284, -1.517883041479706208E-14, 152.3999999999999773 ) ) ;
#1207 = DIRECTION ( 'NONE',  ( 3.424500384408255577E-15, 1.000000000000000000, -6.138677167448003270E-31 ) ) ;
#1208 = ORIENTED_EDGE ( 'NONE', *, *, #2433, .F. ) ;
#1209 = EDGE_CURVE ( 'NONE', #3943, #2434, #4834, .T. ) ;
#1210 = CARTESIAN_POINT ( 'NONE',  ( -219.2500000000004263, 117.0299999999980116, 0.000000000000000000 ) ) ;
#1211 = VERTEX_POINT ( 'NONE', #454 ) ;
#1212 = PLANE ( 'NONE',  #4227 ) ;
#1213 = CARTESIAN_POINT ( 'NONE',  ( 222.2500000000005400, 117.0299999999980116, 152.4000000000000341 ) ) ;
#1214 = DIRECTION ( 'NONE',  ( 0.000000000000000000, 0.000000000000000000, -1.000000000000000000 ) ) ;
#1215 = ORIENTED_EDGE ( 'NONE', *, *, #4875, .T. ) ;
#1216 = EDGE_CURVE ( 'NONE', #715, #3718, #1837, .T. ) ;
#1217 = AXIS2_PLACEMENT_3D ( 'NONE', #6253, #3416, #1475 ) ;
#1218 = LINE ( 'NONE', #3532, #4936 ) ;
#1219 = VECTOR ( 'NONE', #1409, 1000.000000000000000 ) ;
#1220 = CARTESIAN_POINT ( 'NONE',  ( -215.7500000000000284, -1.517883041479706208E-14, -152.3999999999998636 ) ) ;
#1221 = ORIENTED_EDGE ( 'NONE', *, *, #469, .F. ) ;
#1222 = CARTESIAN_POINT ( 'NONE',  ( 1.168890636753192469E-12, 159.5300000000016212, 8.171054822139166304E-31 ) ) ;
#1223 = DIRECTION ( 'NONE',  ( 1.000000000000000000, -3.424500384408256366E-15, -9.106159978880876162E-17 ) ) ;
#1224 = LINE ( 'NONE', #2704, #2396 ) ;
#1225 = VECTOR ( 'NONE', #5847, 1000.000000000000000 ) ;
#1226 = EDGE_LOOP ( 'NONE', ( #3055, #4666, #3035, #2253 ) ) ;
#1227 = FACE_OUTER_BOUND ( 'NONE', #3203, .T. ) ;
#1228 = CARTESIAN_POINT ( 'NONE',  ( 201.7499999999999716, -3.000000000000014655, 140.3750000000000284 ) ) ;
#1229 = VECTOR ( 'NONE', #4963, 1000.000000000000000 ) ;
#1230 = VERTEX_POINT ( 'NONE', #2482 ) ;
#1231 = EDGE_CURVE ( 'NONE', #3354, #2124, #1517, .T. ) ;
#1232 = CARTESIAN_POINT ( 'NONE',  ( -222.2500000000014211, 73.20000000000150919, 137.9000000000000909 ) ) ;
#1233 = DIRECTION ( 'NONE',  ( 0.000000000000000000, 0.000000000000000000, 1.000000000000000000 ) ) ;
#1234 = ORIENTED_EDGE ( 'NONE', *, *, #2336, .T. ) ;
#1235 = ORIENTED_EDGE ( 'NONE', *, *, #6070, .F. ) ;
#1236 = FACE_BOUND ( 'NONE', #5956, .T. ) ;
#1237 = LINE ( 'NONE', #2194, #4929 ) ;
#1238 = ORIENTED_EDGE ( 'NONE', *, *, #6129, .T. ) ;
#1239 = CARTESIAN_POINT ( 'NONE',  ( 219.2500000000006253, 162.1000000000000227, -104.3300000000000409 ) ) ;
#1240 = ORIENTED_EDGE ( 'NONE', *, *, #925, .F. ) ;
#1241 = EDGE_CURVE ( 'NONE', #1812, #3026, #3897, .T. ) ;
#1242 = ORIENTED_EDGE ( 'NONE', *, *, #5230, .F. ) ;
#1243 = ADVANCED_FACE ( 'NONE', ( #1023 ), #1937, .F. ) ;
#1244 = DIRECTION ( 'NONE',  ( -1.000000000000000000, 0.000000000000000000, -0.000000000000000000 ) ) ;
#1246 = ORIENTED_EDGE ( 'NONE', *, *, #4726, .F. ) ;
#1245 = FACE_BOUND ( 'NONE', #4901, .T. ) ;
#1247 = EDGE_CURVE ( 'NONE', #3354, #715, #4890, .T. ) ;
#1248 = CARTESIAN_POINT ( 'NONE',  ( -219.2500000000005400, 142.1699999999980264, 0.000000000000000000 ) ) ;
#1249 = DIRECTION ( 'NONE',  ( 1.000000000000000000, -3.424500384408255577E-15, -9.106159978880873697E-17 ) ) ;
#1250 = DIRECTION ( 'NONE',  ( -1.000000000000000000, 0.000000000000000000, 4.418089334404615211E-15 ) ) ;
#1251 = ORIENTED_EDGE ( 'NONE', *, *, #235, .T. ) ;
#1252 = AXIS2_PLACEMENT_3D ( 'NONE', #392, #1263, #3176 ) ;
#1253 = DIRECTION ( 'NONE',  ( 1.000000000000000000, -3.424500384408256366E-15, -9.106159978880876162E-17 ) ) ;
#1254 = EDGE_CURVE ( 'NONE', #1795, #2465, #187, .T. ) ;
#1255 = DIRECTION ( 'NONE',  ( 0.000000000000000000, 0.000000000000000000, 1.000000000000000000 ) ) ;
#1256 = DIRECTION ( 'NONE',  ( 0.000000000000000000, -1.000000000000000000, 0.000000000000000000 ) ) ;
#1257 = ORIENTED_EDGE ( 'NONE', *, *, #3002, .T. ) ;
#1258 = VERTEX_POINT ( 'NONE', #5427 ) ;
#1259 = AXIS2_PLACEMENT_3D ( 'NONE', #425, #2405, #4299 ) ;
#1260 = DIRECTION ( 'NONE',  ( 1.000000000000000000, -3.424500384408255971E-15, -9.106159978880874930E-17 ) ) ;
#1261 = FACE_OUTER_BOUND ( 'NONE', #5388, .T. ) ;
#1262 = ORIENTED_EDGE ( 'NONE', *, *, #3186, .F. ) ;
#1263 = DIRECTION ( 'NONE',  ( -0.000000000000000000, 1.000000000000000000, -0.000000000000000000 ) ) ;
#1264 = FACE_OUTER_BOUND ( 'NONE', #2675, .T. ) ;
#1265 = ORIENTED_EDGE ( 'NONE', *, *, #4469, .T. ) ;
#1266 = DIRECTION ( 'NONE',  ( 0.000000000000000000, -1.000000000000000000, 3.179398763478275099E-31 ) ) ;
#1267 = CARTESIAN_POINT ( 'NONE',  ( 219.2500000000006253, 159.5300000000000296, -1.996525575369626743E-14 ) ) ;
#1268 = CARTESIAN_POINT ( 'NONE',  ( 222.2500000000006253, 159.5300000000000011, 102.8299999999999841 ) ) ;
#1269 = VECTOR ( 'NONE', #1441, 1000.000000000000000 ) ;
#1270 = CARTESIAN_POINT ( 'NONE',  ( 222.2500000000000568, -7.715696544512644727E-13, -152.4000000000000341 ) ) ;
#1271 = ORIENTED_EDGE ( 'NONE', *, *, #5845, .T. ) ;
#1272 = CARTESIAN_POINT ( 'NONE',  ( 222.2500000000007105, 143.8999999999967940, 91.68000000000007788 ) ) ;
#1273 = VERTEX_POINT ( 'NONE', #2606 ) ;
#1274 = EDGE_CURVE ( 'NONE', #3243, #11, #189, .T. ) ;
#1275 = LINE ( 'NONE', #2298, #2599 ) ;
#1276 = DIRECTION ( 'NONE',  ( -1.000000000000000000, -3.424500384408255577E-15, -0.000000000000000000 ) ) ;
#1277 = EDGE_CURVE ( 'NONE', #1620, #2726, #4543, .T. ) ;
#1278 = DIRECTION ( 'NONE',  ( 1.000000000000000000, 0.000000000000000000, -1.380874408737756522E-16 ) ) ;
#1279 = FACE_OUTER_BOUND ( 'NONE', #5924, .T. ) ;
#1280 = CIRCLE ( 'NONE', #5829, 5.000000000000004441 ) ;
#1281 = CARTESIAN_POINT ( 'NONE',  ( 206.2392352261595363, 143.0500000000000398, 87.78673658738036067 ) ) ;
#1282 = AXIS2_PLACEMENT_3D ( 'NONE', #1569, #5817, #3471 ) ;
#1283 = DIRECTION ( 'NONE',  ( -0.000000000000000000, 1.000000000000000000, -0.000000000000000000 ) ) ;
#1284 = EDGE_LOOP ( 'NONE', ( #2346, #4695, #3447, #1665 ) ) ;
#1285 = CARTESIAN_POINT ( 'NONE',  ( 219.2500000000000568, 45.06999999999802498, -152.4000000000000341 ) ) ;
#1286 = CARTESIAN_POINT ( 'NONE',  ( 226.7516488450830252, 19.92999999999800309, 147.8300000000000409 ) ) ;
#1287 = CIRCLE ( 'NONE', #560, 3.500000000000003109 ) ;
#1288 = CARTESIAN_POINT ( 'NONE',  ( 222.2500000000008242, 152.0999999999996248, 143.8999999999999773 ) ) ;
#1289 = ORIENTED_EDGE ( 'NONE', *, *, #2237, .T. ) ;
#1290 = ORIENTED_EDGE ( 'NONE', *, *, #72, .T. ) ;
#1291 = AXIS2_PLACEMENT_3D ( 'NONE', #4335, #6256, #1941 ) ;
#1292 = DIRECTION ( 'NONE',  ( 9.106159978880874930E-17, -0.000000000000000000, 1.000000000000000000 ) ) ;
#1293 = DIRECTION ( 'NONE',  ( -1.000000000000000000, 0.000000000000000000, 0.000000000000000000 ) ) ;
#1294 = VECTOR ( 'NONE', #5783, 1000.000000000000000 ) ;
#1295 = ORIENTED_EDGE ( 'NONE', *, *, #566, .F. ) ;
#1296 = DIRECTION ( 'NONE',  ( 0.000000000000000000, 0.000000000000000000, 1.000000000000000000 ) ) ;
#1297 = VERTEX_POINT ( 'NONE', #122 ) ;
#1298 = EDGE_CURVE ( 'NONE', #4008, #5630, #705, .T. ) ;
#1299 = DIRECTION ( 'NONE',  ( 1.000000000000000000, 0.000000000000000000, -9.106159978880874930E-17 ) ) ;
#1300 = AXIS2_PLACEMENT_3D ( 'NONE', #3687, #4719, #3624 ) ;
#1301 = ORIENTED_EDGE ( 'NONE', *, *, #4513, .T. ) ;
#1302 = ORIENTED_EDGE ( 'NONE', *, *, #21, .T. ) ;
#1303 = CARTESIAN_POINT ( 'NONE',  ( 222.2500000000006253, 159.5300000000000011, -52.03670000000001750 ) ) ;
#1304 = VERTEX_POINT ( 'NONE', #707 ) ;
#1305 = DIRECTION ( 'NONE',  ( -0.000000000000000000, -0.000000000000000000, -1.000000000000000000 ) ) ;
#1306 = VECTOR ( 'NONE', #3604, 1000.000000000000000 ) ;
#1307 = ORIENTED_EDGE ( 'NONE', *, *, #2822, .F. ) ;
#1308 = PLANE ( 'NONE',  #2905 ) ;
#1310 = ORIENTED_EDGE ( 'NONE', *, *, #5680, .T. ) ;
#1309 = CARTESIAN_POINT ( 'NONE',  ( 222.2500000000007674, 133.9999999999987779, 103.1800000000002768 ) ) ;
#1311 = ORIENTED_EDGE ( 'NONE', *, *, #747, .F. ) ;
#1312 = ORIENTED_EDGE ( 'NONE', *, *, #2839, .F. ) ;
#1313 = ADVANCED_FACE ( 'NONE', ( #5088 ), #5993, .T. ) ;
#1314 = DIRECTION ( 'NONE',  ( -3.633139246742775023E-15, -1.300297775776882557E-29, -1.000000000000000000 ) ) ;
#1315 = AXIS2_PLACEMENT_3D ( 'NONE', #5632, #1283, #3197 ) ;
#1316 = LINE ( 'NONE', #1281, #5867 ) ;
#1317 = CARTESIAN_POINT ( 'NONE',  ( -222.2500000000013927, 79.55000000000150351, 137.9000000000000909 ) ) ;
#1318 = LINE ( 'NONE', #1047, #3170 ) ;
#1319 = LINE ( 'NONE', #4797, #4258 ) ;
#1320 = EDGE_CURVE ( 'NONE', #2941, #2715, #4508, .T. ) ;
#1321 = DIRECTION ( 'NONE',  ( -1.000000000000000000, 0.000000000000000000, 0.000000000000000000 ) ) ;
#1322 = EDGE_CURVE ( 'NONE', #3893, #2531, #216, .T. ) ;
#1323 = LINE ( 'NONE', #2255, #6047 ) ;
#1324 = CARTESIAN_POINT ( 'NONE',  ( -222.2500000000000284, -7.715696544512643717E-13, -152.4000000000000341 ) ) ;
#1325 = DIRECTION ( 'NONE',  ( -1.000000000000000000, 3.424500384408256366E-15, 0.000000000000000000 ) ) ;
#1326 = ORIENTED_EDGE ( 'NONE', *, *, #865, .F. ) ;
#1327 = ORIENTED_EDGE ( 'NONE', *, *, #3612, .F. ) ;
#1328 = CARTESIAN_POINT ( 'NONE',  ( -206.2392352261680628, 145.4999999999953104, 114.6800000000000779 ) ) ;
#1329 = DIRECTION ( 'NONE',  ( -1.000000000000000000, 3.424500384408255971E-15, 9.106159978880874930E-17 ) ) ;
#1330 = VERTEX_POINT ( 'NONE', #3011 ) ;
#1331 = LINE ( 'NONE', #2350, #3834 ) ;
#1332 = DIRECTION ( 'NONE',  ( 0.000000000000000000, 0.000000000000000000, -1.000000000000000000 ) ) ;
#1333 = EDGE_LOOP ( 'NONE', ( #4092, #1723, #3719, #5318 ) ) ;
#1334 = ADVANCED_FACE ( 'NONE', ( #2077 ), #4958, .F. ) ;
#1335 = DIRECTION ( 'NONE',  ( -0.000000000000000000, 1.000000000000000000, -0.000000000000000000 ) ) ;
#1336 = ORIENTED_EDGE ( 'NONE', *, *, #4909, .F. ) ;
#1337 = FACE_OUTER_BOUND ( 'NONE', #5749, .T. ) ;
#1339 = ORIENTED_EDGE ( 'NONE', *, *, #5332, .F. ) ;
#1338 = LINE ( 'NONE', #2824, #2382 ) ;
#1340 = DIRECTION ( 'NONE',  ( -0.000000000000000000, 1.000000000000000000, 0.000000000000000000 ) ) ;
#1341 = ORIENTED_EDGE ( 'NONE', *, *, #3246, .F. ) ;
#1342 = DIRECTION ( 'NONE',  ( -1.000000000000000000, 0.000000000000000000, 9.106159978880874930E-17 ) ) ;
#1343 = EDGE_CURVE ( 'NONE', #736, #3469, #6063, .T. ) ;
#1344 = FACE_OUTER_BOUND ( 'NONE', #502, .T. ) ;
#1345 = DIRECTION ( 'NONE',  ( 3.491481338843133355E-15, -1.000000000000000000, 0.000000000000000000 ) ) ;
#1346 = CARTESIAN_POINT ( 'NONE',  ( -222.2500000000006253, 159.5300000000000011, 25.39659999999998519 ) ) ;
#1347 = DIRECTION ( 'NONE',  ( 0.000000000000000000, 1.000000000000000000, 0.000000000000000000 ) ) ;
#1348 = VERTEX_POINT ( 'NONE', #3565 ) ;
#1349 = VERTEX_POINT ( 'NONE', #2116 ) ;
#1350 = CIRCLE ( 'NONE', #5996, 3.500000000000003109 ) ;
#1351 = CIRCLE ( 'NONE', #3662, 5.000000000000004441 ) ;
#1352 = DIRECTION ( 'NONE',  ( -1.000000000000000000, 3.424500384408255971E-15, 9.106159978880874930E-17 ) ) ;
#1353 = VECTOR ( 'NONE', #5297, 1000.000000000000000 ) ;
#1354 = EDGE_CURVE ( 'NONE', #5469, #3756, #5490, .T. ) ;
#1355 = DIRECTION ( 'NONE',  ( 1.000000000000000000, 0.000000000000000000, 0.000000000000000000 ) ) ;
#1356 = ADVANCED_FACE ( 'NONE', ( #3045 ), #4025, .F. ) ;
#1357 = DIRECTION ( 'NONE',  ( 0.000000000000000000, 0.000000000000000000, 1.000000000000000000 ) ) ;
#1358 = CARTESIAN_POINT ( 'NONE',  ( 222.2500000000005400, 138.0499999999999829, 127.9000000000000483 ) ) ;
#1359 = VECTOR ( 'NONE', #2900, 1000.000000000000000 ) ;
#1360 = VERTEX_POINT ( 'NONE', #1188 ) ;
#1361 = EDGE_CURVE ( 'NONE', #4651, #1013, #2637, .T. ) ;
#1362 = CARTESIAN_POINT ( 'NONE',  ( -222.2500000000000284, -7.715696544512643717E-13, 147.8300000000000409 ) ) ;
#1363 = VERTEX_POINT ( 'NONE', #2208 ) ;
#1364 = ORIENTED_EDGE ( 'NONE', *, *, #5623, .T. ) ;
#1365 = VECTOR ( 'NONE', #142, 1000.000000000000000 ) ;
#1366 = DIRECTION ( 'NONE',  ( 0.000000000000000000, -1.000000000000000000, 0.000000000000000000 ) ) ;
#1367 = ADVANCED_FACE ( 'NONE', ( #6027 ), #610, .F. ) ;
#1368 = ORIENTED_EDGE ( 'NONE', *, *, #5081, .T. ) ;
#1369 = EDGE_LOOP ( 'NONE', ( #2093, #5472, #624, #862 ) ) ;
#1370 = EDGE_CURVE ( 'NONE', #5125, #5418, #3606, .T. ) ;
#1371 = VECTOR ( 'NONE', #3410, 1000.000000000000000 ) ;
#1372 = DIRECTION ( 'NONE',  ( 0.000000000000000000, -0.000000000000000000, -1.000000000000000000 ) ) ;
#1373 = LINE ( 'NONE', #6180, #31 ) ;
#1374 = ORIENTED_EDGE ( 'NONE', *, *, #1967, .F. ) ;
#1375 = ORIENTED_EDGE ( 'NONE', *, *, #4265, .F. ) ;
#1376 = CARTESIAN_POINT ( 'NONE',  ( 219.2500000000005684, 142.1699999999980264, 147.8300000000000409 ) ) ;
#1377 = ADVANCED_FACE ( 'NONE', ( #5460 ), #5966, .F. ) ;
#1378 = CARTESIAN_POINT ( 'NONE',  ( -222.2500000000001421, 162.0999999999999943, -26.89669999999999561 ) ) ;
#1379 = DIRECTION ( 'NONE',  ( 9.106159978880874930E-17, 0.000000000000000000, 1.000000000000000000 ) ) ;
#1380 = DIRECTION ( 'NONE',  ( 0.000000000000000000, 0.000000000000000000, -1.000000000000000000 ) ) ;
#1381 = CARTESIAN_POINT ( 'NONE',  ( 219.2500000000000568, -2.009428633045730616E-16, 152.4000000000000341 ) ) ;
#1382 = DIRECTION ( 'NONE',  ( 0.000000000000000000, 1.000000000000000000, -0.000000000000000000 ) ) ;
#1383 = VECTOR ( 'NONE', #3740, 1000.000000000000000 ) ;
#1384 = VERTEX_POINT ( 'NONE', #3071 ) ;
#1385 = ORIENTED_EDGE ( 'NONE', *, *, #3534, .F. ) ;
#1386 = FACE_OUTER_BOUND ( 'NONE', #5408, .T. ) ;
#1387 = LINE ( 'NONE', #3328, #842 ) ;
#1388 = VECTOR ( 'NONE', #20, 1000.000000000000000 ) ;
#1389 = DIRECTION ( 'NONE',  ( -3.424500384408255577E-15, 1.000000000000000000, -0.000000000000000000 ) ) ;
#1390 = DIRECTION ( 'NONE',  ( 1.104699526990205168E-16, -0.000000000000000000, 1.000000000000000000 ) ) ;
#1391 = LINE ( 'NONE', #4810, #3482 ) ;
#1392 = EDGE_CURVE ( 'NONE', #6059, #208, #5151, .T. ) ;
#1393 = ORIENTED_EDGE ( 'NONE', *, *, #2708, .F. ) ;
#1394 = VECTOR ( 'NONE', #1749, 1000.000000000000000 ) ;
#1395 = CARTESIAN_POINT ( 'NONE',  ( 0.000000000000000000, 0.000000000000000000, -149.3300000000000409 ) ) ;
#1396 = VECTOR ( 'NONE', #3728, 1000.000000000000000 ) ;
#1397 = ORIENTED_EDGE ( 'NONE', *, *, #3466, .F. ) ;
#1398 = DIRECTION ( 'NONE',  ( 6.033820786002326424E-15, 1.000000000000000000, 0.000000000000000000 ) ) ;
#1399 = ORIENTED_EDGE ( 'NONE', *, *, #1361, .T. ) ;
#1400 = CIRCLE ( 'NONE', #2009, 5.000000000000000888 ) ;
#1401 = VECTOR ( 'NONE', #6004, 1000.000000000000000 ) ;
#1402 = EDGE_CURVE ( 'NONE', #4937, #2486, #2919, .T. ) ;
#1403 = DIRECTION ( 'NONE',  ( 0.000000000000000000, 0.000000000000000000, 1.000000000000000000 ) ) ;
#1404 = ORIENTED_EDGE ( 'NONE', *, *, #585, .F. ) ;
#1405 = DIRECTION ( 'NONE',  ( 0.000000000000000000, 0.000000000000000000, -1.000000000000000000 ) ) ;
#1406 = AXIS2_PLACEMENT_3D ( 'NONE', #1990, #5312, #541 ) ;
#1407 = DIRECTION ( 'NONE',  ( -1.000000000000000000, 4.418089334404615211E-15, -0.000000000000000000 ) ) ;
#1408 = VECTOR ( 'NONE', #5097, 1000.000000000000000 ) ;
#1409 = DIRECTION ( 'NONE',  ( 1.242786967863980845E-16, -0.000000000000000000, 1.000000000000000000 ) ) ;
#1410 = DIRECTION ( 'NONE',  ( -3.633139246742775023E-15, 1.300297775776882557E-29, 1.000000000000000000 ) ) ;
#1411 = DIRECTION ( 'NONE',  ( 6.033820786006258107E-15, -1.000000000000000000, 0.000000000000000000 ) ) ;
#1412 = VECTOR ( 'NONE', #1833, 1000.000000000000000 ) ;
#1413 = LINE ( 'NONE', #5698, #2892 ) ;
#1414 = EDGE_CURVE ( 'NONE', #5328, #4868, #3162, .T. ) ;
#1415 = CYLINDRICAL_SURFACE ( 'NONE', #480, 1.599999999999990319 ) ;
#1416 = DIRECTION ( 'NONE',  ( 0.000000000000000000, 0.000000000000000000, 1.000000000000000000 ) ) ;
#1417 = CARTESIAN_POINT ( 'NONE',  ( -24.68344801572538216, -10.00000000000000000, 30.10000011181540458 ) ) ;
#1418 = ORIENTED_EDGE ( 'NONE', *, *, #3848, .T. ) ;
#1419 = PLANE ( 'NONE',  #6003 ) ;
#1420 = CARTESIAN_POINT ( 'NONE',  ( 201.7500000000000284, -3.000000000000014655, -139.9250000000000114 ) ) ;
#1421 = EDGE_LOOP ( 'NONE', ( #4367, #3480 ) ) ;
#1422 = VECTOR ( 'NONE', #2848, 1000.000000000000000 ) ;
#1423 = DIRECTION ( 'NONE',  ( -1.000000000000000000, -3.424500384408255971E-15, 0.000000000000000000 ) ) ;
#1424 = EDGE_CURVE ( 'NONE', #1013, #584, #2362, .T. ) ;
#1425 = EDGE_LOOP ( 'NONE', ( #1732, #3808, #2807, #1215 ) ) ;
#1426 = LINE ( 'NONE', #433, #5609 ) ;
#1427 = VECTOR ( 'NONE', #4164, 1000.000000000000000 ) ;
#1428 = VECTOR ( 'NONE', #2918, 1000.000000000000000 ) ;
#1429 = ORIENTED_EDGE ( 'NONE', *, *, #2467, .T. ) ;
#1430 = EDGE_CURVE ( 'NONE', #2564, #2221, #5694, .T. ) ;
#1431 = DIRECTION ( 'NONE',  ( 0.000000000000000000, 0.000000000000000000, -1.000000000000000000 ) ) ;
#1432 = ORIENTED_EDGE ( 'NONE', *, *, #1708, .T. ) ;
#1433 = CARTESIAN_POINT ( 'NONE',  ( 7.071991740661655789E-13, 159.5300000000009675, 8.171054822139166304E-31 ) ) ;
#1434 = VECTOR ( 'NONE', #3015, 1000.000000000000000 ) ;
#1435 = LINE ( 'NONE', #5303, #5029 ) ;
#1436 = EDGE_CURVE ( 'NONE', #1489, #6127, #4704, .T. ) ;
#1437 = ADVANCED_FACE ( 'NONE', ( #4288 ), #287, .T. ) ;
#1438 = CARTESIAN_POINT ( 'NONE',  ( 201.7499999999999716, -3.000000000000014655, 138.8750000000000284 ) ) ;
#1439 = ADVANCED_FACE ( 'NONE', ( #381 ), #2700, .T. ) ;
#1440 = DIRECTION ( 'NONE',  ( 0.000000000000000000, 1.000000000000000000, -0.000000000000000000 ) ) ;
#1441 = DIRECTION ( 'NONE',  ( 1.000000000000000000, -0.000000000000000000, 0.000000000000000000 ) ) ;
#1442 = CARTESIAN_POINT ( 'NONE',  ( -219.2500000000000284, 142.1699999999980264, -152.4000000000000341 ) ) ;
#1443 = ORIENTED_EDGE ( 'NONE', *, *, #5952, .T. ) ;
#1444 = VERTEX_POINT ( 'NONE', #775 ) ;
#1445 = CARTESIAN_POINT ( 'NONE',  ( 219.2500000000005969, 152.0999999999996248, 143.8999999999999773 ) ) ;
#1446 = EDGE_CURVE ( 'NONE', #5923, #5448, #3256, .T. ) ;
#1447 = CARTESIAN_POINT ( 'NONE',  ( 216.9384294077728725, 159.5300000000000296, 50.53659999999997154 ) ) ;
#1448 = LINE ( 'NONE', #2020, #573 ) ;
#1449 = LINE ( 'NONE', #971, #1359 ) ;
#1450 = LINE ( 'NONE', #2542, #5715 ) ;
#1451 = DIRECTION ( 'NONE',  ( -1.000000000000000000, -3.424500384408255577E-15, -0.000000000000000000 ) ) ;
#1452 = ORIENTED_EDGE ( 'NONE', *, *, #3567, .T. ) ;
#1453 = CARTESIAN_POINT ( 'NONE',  ( 222.2500000000003411, 79.54999999999998295, 137.9000000000000625 ) ) ;
#1454 = VECTOR ( 'NONE', #6007, 1000.000000000000000 ) ;
#1455 = VERTEX_POINT ( 'NONE', #1768 ) ;
#1456 = CARTESIAN_POINT ( 'NONE',  ( -16.64999999999997726, 0.000000000000000000, 122.9000000000000341 ) ) ;
#1457 = ORIENTED_EDGE ( 'NONE', *, *, #305, .T. ) ;
#1458 = ORIENTED_EDGE ( 'NONE', *, *, #2562, .T. ) ;
#1459 = CARTESIAN_POINT ( 'NONE',  ( 222.2500000000006253, 159.5300000000000011, -129.4700000000000273 ) ) ;
#1460 = ORIENTED_EDGE ( 'NONE', *, *, #5577, .F. ) ;
#1461 = LINE ( 'NONE', #438, #3976 ) ;
#1462 = ORIENTED_EDGE ( 'NONE', *, *, #1662, .T. ) ;
#1463 = VERTEX_POINT ( 'NONE', #1801 ) ;
#1464 = DIRECTION ( 'NONE',  ( -5.551115123125808735E-15, -1.000000000000000000, 0.000000000000000000 ) ) ;
#1465 = ADVANCED_FACE ( 'NONE', ( #2732 ), #3670, .F. ) ;
#1466 = VECTOR ( 'NONE', #1727, 1000.000000000000000 ) ;
#1467 = FACE_BOUND ( 'NONE', #685, .T. ) ;
#1468 = CARTESIAN_POINT ( 'NONE',  ( 215.7500000000000568, 3.499999999999987566, -152.3999999999999773 ) ) ;
#1469 = EDGE_CURVE ( 'NONE', #5802, #5990, #806, .T. ) ;
#1470 = EDGE_CURVE ( 'NONE', #5860, #5979, #3823, .T. ) ;
#1471 = CARTESIAN_POINT ( 'NONE',  ( -222.2500000000005969, 162.0999999999999943, 152.4000000000000341 ) ) ;
#1472 = DIRECTION ( 'NONE',  ( 0.000000000000000000, -1.000000000000000000, 0.000000000000000000 ) ) ;
#1473 = ORIENTED_EDGE ( 'NONE', *, *, #212, .T. ) ;
#1474 = DIRECTION ( 'NONE',  ( 0.000000000000000000, 1.000000000000000000, 0.000000000000000000 ) ) ;
#1475 = DIRECTION ( 'NONE',  ( -6.033820786006258107E-15, 1.000000000000000000, -3.016910393003129054E-15 ) ) ;
#1476 = DIRECTION ( 'NONE',  ( 0.000000000000000000, -1.000000000000000000, 3.179398763478275099E-31 ) ) ;
#1477 = CARTESIAN_POINT ( 'NONE',  ( 222.2500000000006253, 159.5300000000000011, -129.4700000000000273 ) ) ;
#1478 = LINE ( 'NONE', #2455, #5838 ) ;
#1479 = ORIENTED_EDGE ( 'NONE', *, *, #2201, .T. ) ;
#1480 = VECTOR ( 'NONE', #2214, 1000.000000000000000 ) ;
#1481 = VECTOR ( 'NONE', #2131, 1000.000000000000000 ) ;
#1482 = CARTESIAN_POINT ( 'NONE',  ( 222.2500000000008242, 153.6499999999996078, -143.9000000000000341 ) ) ;
#1483 = ORIENTED_EDGE ( 'NONE', *, *, #703, .F. ) ;
#1484 = CARTESIAN_POINT ( 'NONE',  ( -222.2500000000005969, 45.06999999999802498, 152.4000000000000341 ) ) ;
#1485 = AXIS2_PLACEMENT_3D ( 'NONE', #2224, #1329, #4653 ) ;
#1486 = ORIENTED_EDGE ( 'NONE', *, *, #3852, .F. ) ;
#1487 = EDGE_CURVE ( 'NONE', #1349, #3652, #3766, .T. ) ;
#1488 = VERTEX_POINT ( 'NONE', #5725 ) ;
#1489 = VERTEX_POINT ( 'NONE', #4736 ) ;
#1490 = VECTOR ( 'NONE', #5229, 1000.000000000000000 ) ;
#1491 = CARTESIAN_POINT ( 'NONE',  ( -24.68344801572517255, 0.000000000000000000, 55.20000011181512889 ) ) ;
#1492 = CARTESIAN_POINT ( 'NONE',  ( 222.2500000000003979, 93.61999999999801503, -2.023844055306277678E-14 ) ) ;
#1493 = ORIENTED_EDGE ( 'NONE', *, *, #4113, .F. ) ;
#1494 = AXIS2_PLACEMENT_3D ( 'NONE', #5987, #4018, #5890 ) ;
#1495 = CARTESIAN_POINT ( 'NONE',  ( 196.7000000000000739, -10.00000000000000000, 122.9000000000000341 ) ) ;
#1496 = AXIS2_PLACEMENT_3D ( 'NONE', #1024, #2949, #484 ) ;
#1497 = DIRECTION ( 'NONE',  ( 0.000000000000000000, 0.000000000000000000, 1.000000000000000000 ) ) ;
#1498 = VECTOR ( 'NONE', #6134, 1000.000000000000000 ) ;
#1499 = ADVANCED_FACE ( 'NONE', ( #1344 ), #4259, .F. ) ;
#1500 = LINE ( 'NONE', #4830, #1371 ) ;
#1501 = DIRECTION ( 'NONE',  ( 0.000000000000000000, 0.000000000000000000, -1.000000000000000000 ) ) ;
#1502 = DIRECTION ( 'NONE',  ( -1.000000000000000000, -3.424500384408255971E-15, 0.000000000000000000 ) ) ;
#1503 = ORIENTED_EDGE ( 'NONE', *, *, #180, .T. ) ;
#1504 = DIRECTION ( 'NONE',  ( -1.000000000000000000, 3.424500384408255577E-15, 9.106159978880874930E-17 ) ) ;
#1505 = DIRECTION ( 'NONE',  ( -0.000000000000000000, 1.000000000000000000, -0.000000000000000000 ) ) ;
#1506 = EDGE_CURVE ( 'NONE', #3540, #1728, #318, .T. ) ;
#1507 = DIRECTION ( 'NONE',  ( 0.000000000000000000, -1.000000000000000000, 0.000000000000000000 ) ) ;
#1508 = DIRECTION ( 'NONE',  ( 3.424500384408255577E-15, -1.000000000000000000, 0.000000000000000000 ) ) ;
#1509 = DIRECTION ( 'NONE',  ( -1.000000000000000000, -0.000000000000000000, -0.000000000000000000 ) ) ;
#1510 = VERTEX_POINT ( 'NONE', #1862 ) ;
#1511 = EDGE_CURVE ( 'NONE', #10, #4308, #2277, .T. ) ;
#1512 = AXIS2_PLACEMENT_3D ( 'NONE', #3102, #1664, #5522 ) ;
#1513 = EDGE_CURVE ( 'NONE', #5413, #5347, #3287, .T. ) ;
#1514 = CARTESIAN_POINT ( 'NONE',  ( -215.7500000000000284, -1.517883041479706208E-14, -152.3999999999998636 ) ) ;
#1515 = ORIENTED_EDGE ( 'NONE', *, *, #4469, .F. ) ;
#1516 = VERTEX_POINT ( 'NONE', #4320 ) ;
#1517 = CIRCLE ( 'NONE', #1217, 4.600000000000020961 ) ;
#1518 = VERTEX_POINT ( 'NONE', #3799 ) ;
#1519 = EDGE_LOOP ( 'NONE', ( #2728, #1061, #2621, #106 ) ) ;
#1520 = EDGE_CURVE ( 'NONE', #7, #2190, #3863, .T. ) ;
#1521 = DIRECTION ( 'NONE',  ( 0.000000000000000000, 1.000000000000000000, 0.000000000000000000 ) ) ;
#1522 = VERTEX_POINT ( 'NONE', #4795 ) ;
#1523 = LINE ( 'NONE', #3826, #339 ) ;
#1524 = ORIENTED_EDGE ( 'NONE', *, *, #1446, .T. ) ;
#1525 = CIRCLE ( 'NONE', #4768, 1.549999999999995826 ) ;
#1526 = AXIS2_PLACEMENT_3D ( 'NONE', #2235, #6176, #1398 ) ;
#1527 = DIRECTION ( 'NONE',  ( 1.000000000000000000, -3.469446951953611033E-15, 0.000000000000000000 ) ) ;
#1528 = LINE ( 'NONE', #2510, #3782 ) ;
#1529 = DIRECTION ( 'NONE',  ( -1.000000000000000000, -3.424500384408255577E-15, -0.000000000000000000 ) ) ;
#1530 = EDGE_CURVE ( 'NONE', #5469, #623, #1046, .T. ) ;
#1531 = FACE_BOUND ( 'NONE', #5102, .T. ) ;
#1532 = CARTESIAN_POINT ( 'NONE',  ( -206.2392352261680628, 143.0500000000014609, 87.78673658738205177 ) ) ;
#1533 = DIRECTION ( 'NONE',  ( -2.310239685727674755E-45, 3.179398763478275099E-31, 1.000000000000000000 ) ) ;
#1534 = FACE_BOUND ( 'NONE', #2106, .T. ) ;
#1535 = CARTESIAN_POINT ( 'NONE',  ( 219.2500000000003979, 93.61999999999801503, 147.8300000000000409 ) ) ;
#1536 = APPLICATION_PROTOCOL_DEFINITION ( 'draft international standard', 'automotive_design', 1998, #4174 ) ;
#1537 = ORIENTED_EDGE ( 'NONE', *, *, #4075, .F. ) ;
#1538 = ORIENTED_EDGE ( 'NONE', *, *, #3813, .T. ) ;
#1539 = EDGE_CURVE ( 'NONE', #4013, #4063, #4949, .T. ) ;
#1540 = CARTESIAN_POINT ( 'NONE',  ( 222.2500000000004547, 117.0299999999980116, -2.023844055306278625E-14 ) ) ;
#1541 = EDGE_CURVE ( 'NONE', #1105, #2434, #1102, .T. ) ;
#1542 = ORIENTED_EDGE ( 'NONE', *, *, #1791, .F. ) ;
#1543 = ORIENTED_EDGE ( 'NONE', *, *, #2181, .T. ) ;
#1544 = DIRECTION ( 'NONE',  ( 1.000000000000000000, 3.424500384408255971E-15, -0.000000000000000000 ) ) ;
#1545 = ADVANCED_FACE ( 'NONE', ( #1959 ), #53, .F. ) ;
#1546 = ADVANCED_FACE ( 'NONE', ( #3434 ), #3916, .F. ) ;
#1547 = ORIENTED_EDGE ( 'NONE', *, *, #4945, .F. ) ;
#1548 = CIRCLE ( 'NONE', #5607, 5.000000000000018652 ) ;
#1549 =( GEOMETRIC_REPRESENTATION_CONTEXT ( 3 ) GLOBAL_UNCERTAINTY_ASSIGNED_CONTEXT ( ( #6131 ) ) GLOBAL_UNIT_ASSIGNED_CONTEXT ( ( #4507, #4573, #6026 ) ) REPRESENTATION_CONTEXT ( 'NONE', 'WORKASPACE' ) );
#1550 = CARTESIAN_POINT ( 'NONE',  ( -222.2500000000006253, 159.5300000000000011, -129.4700000000000273 ) ) ;
#1551 = EDGE_LOOP ( 'NONE', ( #4394, #4717, #2908, #1418 ) ) ;
#1552 = LINE ( 'NONE', #3522, #6011 ) ;
#1553 = VERTEX_POINT ( 'NONE', #6219 ) ;
#1554 = ORIENTED_EDGE ( 'NONE', *, *, #6172, .T. ) ;
#1555 = CIRCLE ( 'NONE', #2663, 1.549999999999995826 ) ;
#1556 = EDGE_LOOP ( 'NONE', ( #3539, #4567, #4000, #4693 ) ) ;
#1557 = EDGE_CURVE ( 'NONE', #1621, #19, #2943, .T. ) ;
#1558 = CARTESIAN_POINT ( 'NONE',  ( -222.2500000000006537, 138.0500000000015177, -133.3499999999999943 ) ) ;
#1560 = ORIENTED_EDGE ( 'NONE', *, *, #1298, .T. ) ;
#1559 = CARTESIAN_POINT ( 'NONE',  ( -219.2500000000000284, -7.610952104347350095E-13, -52.03670000000001750 ) ) ;
#1561 = LINE ( 'NONE', #5812, #4312 ) ;
#1562 = AXIS2_PLACEMENT_3D ( 'NONE', #1145, #2655, #3590 ) ;
#1563 = ORIENTED_EDGE ( 'NONE', *, *, #2104, .F. ) ;
#1564 = ADVANCED_FACE ( 'NONE', ( #933 ), #5331, .F. ) ;
#1565 = LINE ( 'NONE', #3069, #2417 ) ;
#1566 = DIRECTION ( 'NONE',  ( 1.000000000000000000, -5.225493125563035928E-15, 2.612746562781517964E-15 ) ) ;
#1567 = VECTOR ( 'NONE', #2042, 1000.000000000000000 ) ;
#1568 = PLANE ( 'NONE',  #3495 ) ;
#1569 = CARTESIAN_POINT ( 'NONE',  ( 219.2500000000005684, 145.4999999999967599, 114.6800000000000779 ) ) ;
#1570 = EDGE_LOOP ( 'NONE', ( #5916, #4314, #751, #3625, #2680, #323, #3631, #4711 ) ) ;
#1571 = CARTESIAN_POINT ( 'NONE',  ( -219.2500000000003126, 93.61999999999801503, -149.3300000000000409 ) ) ;
#1572 = EDGE_LOOP ( 'NONE', ( #3697, #3516, #3111, #3056 ) ) ;
#1573 = DIRECTION ( 'NONE',  ( 1.000000000000000000, 3.424500384408255971E-15, -0.000000000000000000 ) ) ;
#1574 = DIRECTION ( 'NONE',  ( 0.000000000000000000, 1.000000000000000000, 0.000000000000000000 ) ) ;
#1575 = EDGE_LOOP ( 'NONE', ( #3001, #3192, #4255, #2819 ) ) ;
#1576 = ADVANCED_FACE ( 'NONE', ( #2860 ), #1985, .F. ) ;
#1577 = CARTESIAN_POINT ( 'NONE',  ( 191.7000000000000739, 0.000000000000000000, 127.9000000000000483 ) ) ;
#1578 = ORIENTED_EDGE ( 'NONE', *, *, #5091, .F. ) ;
#1579 = AXIS2_PLACEMENT_3D ( 'NONE', #803, #248, #3159 ) ;
#1580 = VERTEX_POINT ( 'NONE', #567 ) ;
#1581 = VECTOR ( 'NONE', #4418, 1000.000000000000000 ) ;
#1582 = CARTESIAN_POINT ( 'NONE',  ( 40.70000000000005969, -10.00000000000000000, 122.9000000000000341 ) ) ;
#1583 = CYLINDRICAL_SURFACE ( 'NONE', #2765, 5.000000000000004441 ) ;
#1584 = VERTEX_POINT ( 'NONE', #2476 ) ;
#1585 = VECTOR ( 'NONE', #2602, 1000.000000000000000 ) ;
#1586 = DIRECTION ( 'NONE',  ( -1.000000000000000000, -0.000000000000000000, -0.000000000000000000 ) ) ;
#1587 = ORIENTED_EDGE ( 'NONE', *, *, #4460, .F. ) ;
#1588 = ORIENTED_EDGE ( 'NONE', *, *, #4945, .T. ) ;
#1589 = ORIENTED_EDGE ( 'NONE', *, *, #4408, .T. ) ;
#1590 = ORIENTED_EDGE ( 'NONE', *, *, #4781, .T. ) ;
#1591 = EDGE_CURVE ( 'NONE', #3939, #1876, #284, .T. ) ;
#1592 = LINE ( 'NONE', #3498, #1593 ) ;
#1593 = VECTOR ( 'NONE', #5454, 1000.000000000000000 ) ;
#1594 = FACE_OUTER_BOUND ( 'NONE', #450, .T. ) ;
#1595 = LINE ( 'NONE', #3951, #1949 ) ;
#1596 = CARTESIAN_POINT ( 'NONE',  ( 222.2500000000003979, 93.61999999999801503, -2.023844055306277678E-14 ) ) ;
#1597 = DIRECTION ( 'NONE',  ( 3.491481338843133355E-15, 1.000000000000000000, -3.179398763478275537E-31 ) ) ;
#1598 = AXIS2_PLACEMENT_3D ( 'NONE', #5598, #741, #6065 ) ;
#1599 = CARTESIAN_POINT ( 'NONE',  ( 35.70000000000006679, -10.00000000000000000, 122.9000000000000341 ) ) ;
#1600 = VECTOR ( 'NONE', #909, 1000.000000000000000 ) ;
#1601 = DIRECTION ( 'NONE',  ( 1.000000000000000000, 7.266278493485551625E-15, 0.000000000000000000 ) ) ;
#1602 = CARTESIAN_POINT ( 'NONE',  ( 35.70000000000005258, -3.000000000000000000, -3.943777311355038261E-15 ) ) ;
#1603 = EDGE_CURVE ( 'NONE', #5255, #3049, #1927, .T. ) ;
#1604 = CARTESIAN_POINT ( 'NONE',  ( -215.9677423282305426, 159.5300000000000296, 127.9699999999999420 ) ) ;
#1605 = VECTOR ( 'NONE', #2451, 1000.000000000000000 ) ;
#1606 = ORIENTED_EDGE ( 'NONE', *, *, #6230, .F. ) ;
#1607 = LINE ( 'NONE', #2122, #3101 ) ;
#1608 = DIRECTION ( 'NONE',  ( -0.000000000000000000, -0.000000000000000000, -1.000000000000000000 ) ) ;
#1609 = ORIENTED_EDGE ( 'NONE', *, *, #2604, .T. ) ;
#1610 = FACE_OUTER_BOUND ( 'NONE', #3340, .T. ) ;
#1611 = CARTESIAN_POINT ( 'NONE',  ( -206.2392352261680628, 145.4999999999953104, 114.6800000000000779 ) ) ;
#1612 = VECTOR ( 'NONE', #5666, 1000.000000000000000 ) ;
#1613 = VERTEX_POINT ( 'NONE', #3349 ) ;
#1614 = ORIENTED_EDGE ( 'NONE', *, *, #5196, .T. ) ;
#1615 = EDGE_CURVE ( 'NONE', #5621, #5679, #5308, .T. ) ;
#1616 = CARTESIAN_POINT ( 'NONE',  ( -226.7516488450830252, 45.06999999999802498, 147.8300000000000409 ) ) ;
#1617 = CARTESIAN_POINT ( 'NONE',  ( 219.2500000000001990, 27.54999999999997584, -128.3500000000000512 ) ) ;
#1618 = ORIENTED_EDGE ( 'NONE', *, *, #5931, .F. ) ;
#1619 = DIRECTION ( 'NONE',  ( 6.033820786002326424E-15, 1.000000000000000000, 0.000000000000000000 ) ) ;
#1620 = VERTEX_POINT ( 'NONE', #2886 ) ;
#1621 = VERTEX_POINT ( 'NONE', #476 ) ;
#1622 = ORIENTED_EDGE ( 'NONE', *, *, #1695, .T. ) ;
#1623 = ADVANCED_FACE ( 'NONE', ( #2422 ), #4353, .T. ) ;
#1624 = DIRECTION ( 'NONE',  ( 0.000000000000000000, 0.000000000000000000, 1.000000000000000000 ) ) ;
#1625 = LINE ( 'NONE', #5484, #5723 ) ;
#1626 = ADVANCED_FACE ( 'NONE', ( #3377 ), #4856, .F. ) ;
#1627 = CARTESIAN_POINT ( 'NONE',  ( -222.2500000000005969, 162.0999999999999943, 152.4000000000000341 ) ) ;
#1628 = EDGE_CURVE ( 'NONE', #4562, #2938, #4472, .T. ) ;
#1629 = ADVANCED_FACE ( 'NONE', ( #2537 ), #1148, .F. ) ;
#1630 = CARTESIAN_POINT ( 'NONE',  ( -222.2500000000000284, -7.715696544512643717E-13, -152.4000000000000341 ) ) ;
#1631 = EDGE_LOOP ( 'NONE', ( #4560, #2273, #519, #4132 ) ) ;
#1632 = CYLINDRICAL_SURFACE ( 'NONE', #4119, 5.000000000000004441 ) ;
#1633 = CARTESIAN_POINT ( 'NONE',  ( -219.2500000000005400, 143.0500000000015177, 118.5732634126181892 ) ) ;
#1634 = DIRECTION ( 'NONE',  ( 3.424500384408255577E-15, -1.000000000000000000, 0.000000000000000000 ) ) ;
#1635 = DIRECTION ( 'NONE',  ( -3.424500384408256366E-15, -1.000000000000000000, 3.783043954833576280E-31 ) ) ;
#1636 = VERTEX_POINT ( 'NONE', #210 ) ;
#1637 = ADVANCED_FACE ( 'NONE', ( #4442 ), #183, .F. ) ;
#1638 = CARTESIAN_POINT ( 'NONE',  ( -219.2500000000000284, -7.610952104347351105E-13, 127.9000000000000625 ) ) ;
#1639 = CARTESIAN_POINT ( 'NONE',  ( 222.2500000000001137, 19.92999999999800309, -2.023844055306275469E-14 ) ) ;
#1640 = ORIENTED_EDGE ( 'NONE', *, *, #2216, .T. ) ;
#1641 = DIRECTION ( 'NONE',  ( 0.000000000000000000, 0.000000000000000000, 1.000000000000000000 ) ) ;
#1642 = CARTESIAN_POINT ( 'NONE',  ( 222.2500000000005969, 162.0999999999999943, -152.4000000000000341 ) ) ;
#1643 = EDGE_LOOP ( 'NONE', ( #6097, #51, #2386, #4837 ) ) ;
#1644 = VERTEX_POINT ( 'NONE', #83 ) ;
#1645 = ORIENTED_EDGE ( 'NONE', *, *, #72, .F. ) ;
#1646 = DIRECTION ( 'NONE',  ( -5.551115123125781913E-15, 1.000000000000000000, 0.000000000000000000 ) ) ;
#1647 = DIRECTION ( 'NONE',  ( -1.000000000000000000, -3.424500384408255971E-15, -0.000000000000000000 ) ) ;
#1648 = VERTEX_POINT ( 'NONE', #4950 ) ;
#1649 = CARTESIAN_POINT ( 'NONE',  ( -227.6485571369686056, 142.1699999999980264, 147.8300000000000409 ) ) ;
#1650 = VERTEX_POINT ( 'NONE', #700 ) ;
#1651 = ORIENTED_EDGE ( 'NONE', *, *, #3534, .T. ) ;
#1652 = ORIENTED_EDGE ( 'NONE', *, *, #5341, .F. ) ;
#1653 = VECTOR ( 'NONE', #5163, 1000.000000000000000 ) ;
#1654 = CIRCLE ( 'NONE', #430, 5.000000000000004441 ) ;
#1655 = VECTOR ( 'NONE', #2287, 1000.000000000000000 ) ;
#1656 = DIRECTION ( 'NONE',  ( -1.000000000000000000, 5.225493125563035928E-15, -0.000000000000000000 ) ) ;
#1657 = FACE_OUTER_BOUND ( 'NONE', #2612, .T. ) ;
#1658 = AXIS2_PLACEMENT_3D ( 'NONE', #152, #4987, #5316 ) ;
#1659 = EDGE_CURVE ( 'NONE', #3026, #3755, #4048, .T. ) ;
#1660 = CARTESIAN_POINT ( 'NONE',  ( 222.2500000000003411, 93.61999999999801503, 147.8300000000000409 ) ) ;
#1661 = VERTEX_POINT ( 'NONE', #2170 ) ;
#1662 = EDGE_CURVE ( 'NONE', #2234, #2031, #3292, .T. ) ;
#1663 = LINE ( 'NONE', #1599, #5950 ) ;
#1664 = DIRECTION ( 'NONE',  ( -0.000000000000000000, 1.000000000000000000, -0.000000000000000000 ) ) ;
#1665 = ORIENTED_EDGE ( 'NONE', *, *, #1822, .F. ) ;
#1666 = PLANE ( 'NONE',  #372 ) ;
#1667 = CARTESIAN_POINT ( 'NONE',  ( 219.2500000000006253, 162.0999999999999943, -152.4000000000000341 ) ) ;
#1668 = DIRECTION ( 'NONE',  ( 3.491481338843133355E-15, -1.000000000000000000, 0.000000000000000000 ) ) ;
#1669 = DIRECTION ( 'NONE',  ( -1.000000000000000000, -3.424500384408255971E-15, -0.000000000000000000 ) ) ;
#1670 = ORIENTED_EDGE ( 'NONE', *, *, #5405, .T. ) ;
#1671 = ORIENTED_EDGE ( 'NONE', *, *, #4732, .T. ) ;
#1672 = VECTOR ( 'NONE', #733, 1000.000000000000000 ) ;
#1673 = ADVANCED_FACE ( 'NONE', ( #1181 ), #3597, .T. ) ;
#1674 = CARTESIAN_POINT ( 'NONE',  ( -219.2500000000005400, 145.4999999999952820, 114.6800000000000779 ) ) ;
#1675 = CARTESIAN_POINT ( 'NONE',  ( -219.2500000000000284, -7.610952104347350095E-13, 147.8300000000000409 ) ) ;
#1676 = ORIENTED_EDGE ( 'NONE', *, *, #1754, .F. ) ;
#1677 = PLANE ( 'NONE',  #530 ) ;
#1678 = CARTESIAN_POINT ( 'NONE',  ( -222.2500000000006537, 138.0500000000015177, -133.3499999999999943 ) ) ;
#1679 = ORIENTED_EDGE ( 'NONE', *, *, #6150, .T. ) ;
#1680 = CYLINDRICAL_SURFACE ( 'NONE', #3084, 3.500000000000003109 ) ;
#1681 = CARTESIAN_POINT ( 'NONE',  ( -222.2500000000009948, 27.55000000000148930, 122.9000000000000767 ) ) ;
#1682 = ORIENTED_EDGE ( 'NONE', *, *, #4771, .T. ) ;
#1683 = DIRECTION ( 'NONE',  ( 0.000000000000000000, 0.000000000000000000, -1.000000000000000000 ) ) ;
#1684 = EDGE_LOOP ( 'NONE', ( #3946, #5048, #4899, #5164 ) ) ;
#1685 = EDGE_CURVE ( 'NONE', #4821, #4145, #262, .T. ) ;
#1686 = CIRCLE ( 'NONE', #4100, 1.599999999999990319 ) ;
#1687 = ORIENTED_EDGE ( 'NONE', *, *, #4571, .T. ) ;
#1688 = AXIS2_PLACEMENT_3D ( 'NONE', #3633, #2142, #3130 ) ;
#1689 = DIRECTION ( 'NONE',  ( 3.424500384408255577E-15, -1.000000000000000000, 3.179398763478275537E-31 ) ) ;
#1690 = DIRECTION ( 'NONE',  ( 1.000000000000000000, 7.266278493485551625E-15, 0.000000000000000000 ) ) ;
#1691 = CARTESIAN_POINT ( 'NONE',  ( -219.2500000000001421, 45.06999999999802498, 147.8300000000000409 ) ) ;
#1692 = DIRECTION ( 'NONE',  ( -1.000000000000000000, 0.000000000000000000, -0.000000000000000000 ) ) ;
#1693 = CIRCLE ( 'NONE', #3592, 6.349999999999994316 ) ;
#1694 = VECTOR ( 'NONE', #148, 1000.000000000000000 ) ;
#1695 = EDGE_CURVE ( 'NONE', #1974, #3000, #5013, .T. ) ;
#1696 = DIRECTION ( 'NONE',  ( -0.000000000000000000, 1.000000000000000000, -0.000000000000000000 ) ) ;
#1697 = ORIENTED_EDGE ( 'NONE', *, *, #2174, .F. ) ;
#1698 = CARTESIAN_POINT ( 'NONE',  ( 222.2500000000006253, 159.5300000000000011, 50.53659999999998576 ) ) ;
#1699 = CARTESIAN_POINT ( 'NONE',  ( 201.7499999999999716, -3.000000000000014655, 140.3750000000000284 ) ) ;
#1700 = CYLINDRICAL_SURFACE ( 'NONE', #4457, 4.600000000000020961 ) ;
#1701 = LINE ( 'NONE', #2282, #1900 ) ;
#1702 = ORIENTED_EDGE ( 'NONE', *, *, #1254, .T. ) ;
#1703 = VECTOR ( 'NONE', #2307, 1000.000000000000000 ) ;
#1704 = CIRCLE ( 'NONE', #4015, 1.549999999999995826 ) ;
#1705 = ORIENTED_EDGE ( 'NONE', *, *, #3596, .T. ) ;
#1706 = AXIS2_PLACEMENT_3D ( 'NONE', #1395, #3302, #3215 ) ;
#1707 = PLANE ( 'NONE',  #684 ) ;
#1708 = EDGE_CURVE ( 'NONE', #1162, #1045, #2598, .T. ) ;
#1709 = FACE_OUTER_BOUND ( 'NONE', #4372, .T. ) ;
#1710 = VECTOR ( 'NONE', #512, 1000.000000000000000 ) ;
#1711 = VERTEX_POINT ( 'NONE', #2632 ) ;
#1712 = VECTOR ( 'NONE', #5972, 1000.000000000000000 ) ;
#1713 = ADVANCED_FACE ( 'NONE', ( #3559 ), #2139, .T. ) ;
#1714 = CARTESIAN_POINT ( 'NONE',  ( 222.2500000000006253, 162.0999999999999943, 127.9699999999999704 ) ) ;
#1715 = LINE ( 'NONE', #2317, #5330 ) ;
#1716 = ORIENTED_EDGE ( 'NONE', *, *, #2286, .F. ) ;
#1717 = EDGE_CURVE ( 'NONE', #4430, #2656, #5514, .T. ) ;
#1718 = EDGE_CURVE ( 'NONE', #74, #3134, #4568, .T. ) ;
#1719 = FACE_BOUND ( 'NONE', #2057, .T. ) ;
#1720 = CARTESIAN_POINT ( 'NONE',  ( -222.2500000000006253, 159.5300000000000011, 50.53659999999998576 ) ) ;
#1721 = VERTEX_POINT ( 'NONE', #5551 ) ;
#1722 = DIRECTION ( 'NONE',  ( 0.000000000000000000, 1.000000000000000000, -0.000000000000000000 ) ) ;
#1723 = ORIENTED_EDGE ( 'NONE', *, *, #212, .F. ) ;
#1724 = ORIENTED_EDGE ( 'NONE', *, *, #527, .F. ) ;
#1725 = ADVANCED_FACE ( 'NONE', ( #3463 ), #1212, .F. ) ;
#1726 = CARTESIAN_POINT ( 'NONE',  ( -8.380793286129474166E-13, 159.5300000000011664, 8.171054822139166304E-31 ) ) ;
#1728 = VERTEX_POINT ( 'NONE', #3982 ) ;
#1727 = DIRECTION ( 'NONE',  ( 0.000000000000000000, 0.000000000000000000, -1.000000000000000000 ) ) ;
#1729 = CARTESIAN_POINT ( 'NONE',  ( -222.2500000000005969, 162.0999999999999943, -152.4000000000000341 ) ) ;
#1730 = FACE_OUTER_BOUND ( 'NONE', #4590, .T. ) ;
#1731 = VECTOR ( 'NONE', #2435, 1000.000000000000000 ) ;
#1732 = ORIENTED_EDGE ( 'NONE', *, *, #3454, .T. ) ;
#1733 = CARTESIAN_POINT ( 'NONE',  ( -222.2500000000006253, 159.5300000000000011, 127.9699999999999704 ) ) ;
#1734 = DIRECTION ( 'NONE',  ( -1.000000000000000000, 7.266278493485550047E-15, 0.000000000000000000 ) ) ;
#1735 = ORIENTED_EDGE ( 'NONE', *, *, #2359, .F. ) ;
#1736 = CARTESIAN_POINT ( 'NONE',  ( 16.65000000000006608, 0.000000000000000000, 122.9000000000000341 ) ) ;
#1737 = DIRECTION ( 'NONE',  ( -3.424500384408255577E-15, 1.000000000000000000, -4.929441348193801053E-31 ) ) ;
#1738 = DIRECTION ( 'NONE',  ( -1.000000000000000000, -3.424500384408255971E-15, 0.000000000000000000 ) ) ;
#1739 = VECTOR ( 'NONE', #4123, 1000.000000000000000 ) ;
#1740 = AXIS2_PLACEMENT_3D ( 'NONE', #1158, #3073, #2147 ) ;
#1741 = ORIENTED_EDGE ( 'NONE', *, *, #4805, .T. ) ;
#1742 = ORIENTED_EDGE ( 'NONE', *, *, #1947, .T. ) ;
#1743 = CARTESIAN_POINT ( 'NONE',  ( -219.2500000000005684, 152.0999999999981185, 143.8999999999999773 ) ) ;
#1744 = FACE_OUTER_BOUND ( 'NONE', #4433, .T. ) ;
#1745 = CIRCLE ( 'NONE', #5584, 6.349999999999994316 ) ;
#1746 = ORIENTED_EDGE ( 'NONE', *, *, #305, .F. ) ;
#1747 = ORIENTED_EDGE ( 'NONE', *, *, #3009, .T. ) ;
#1748 = CARTESIAN_POINT ( 'NONE',  ( -201.7500000000000284, -3.000000000000014655, -136.8250000000000171 ) ) ;
#1749 = DIRECTION ( 'NONE',  ( -0.000000000000000000, 1.000000000000000000, -0.000000000000000000 ) ) ;
#1750 = EDGE_CURVE ( 'NONE', #1510, #5990, #1592, .T. ) ;
#1751 = ORIENTED_EDGE ( 'NONE', *, *, #2581, .F. ) ;
#1752 = ORIENTED_EDGE ( 'NONE', *, *, #2375, .F. ) ;
#1753 = LINE ( 'NONE', #6012, #1481 ) ;
#1754 = EDGE_CURVE ( 'NONE', #1758, #5597, #4983, .T. ) ;
#1755 = FACE_OUTER_BOUND ( 'NONE', #1160, .T. ) ;
#1756 = ORIENTED_EDGE ( 'NONE', *, *, #878, .T. ) ;
#1757 = LINE ( 'NONE', #761, #3403 ) ;
#1758 = VERTEX_POINT ( 'NONE', #4502 ) ;
#1759 = CARTESIAN_POINT ( 'NONE',  ( -219.2500000000005969, 162.0999999999999943, -152.4000000000000341 ) ) ;
#1760 = ORIENTED_EDGE ( 'NONE', *, *, #3935, .T. ) ;
#1761 = CARTESIAN_POINT ( 'NONE',  ( 219.2500000000005400, 141.0540838453863159, 113.4993944154793724 ) ) ;
#1763 = ORIENTED_EDGE ( 'NONE', *, *, #5680, .F. ) ;
#1762 = FACE_BOUND ( 'NONE', #3972, .T. ) ;
#1764 = ORIENTED_EDGE ( 'NONE', *, *, #5431, .T. ) ;
#1765 = CARTESIAN_POINT ( 'NONE',  ( 0.000000000000000000, 0.000000000000000000, -149.3300000000000409 ) ) ;
#1766 = FACE_OUTER_BOUND ( 'NONE', #4461, .T. ) ;
#1767 = CARTESIAN_POINT ( 'NONE',  ( -219.2500000000001421, 22.55000000000147864, 122.9000000000000767 ) ) ;
#1768 = CARTESIAN_POINT ( 'NONE',  ( -219.2500000000000284, 68.47999999999801446, 152.4000000000000341 ) ) ;
#1769 = ORIENTED_EDGE ( 'NONE', *, *, #4992, .T. ) ;
#1770 = VECTOR ( 'NONE', #4778, 1000.000000000000000 ) ;
#1771 = CYLINDRICAL_SURFACE ( 'NONE', #4603, 4.600000000000020961 ) ;
#1772 = CARTESIAN_POINT ( 'NONE',  ( 24.67999999998769667, -10.00000000000000000, 26.70000011181486244 ) ) ;
#1773 = CARTESIAN_POINT ( 'NONE',  ( 196.7000000000000455, 0.000000000000000000, -128.3500000000000227 ) ) ;
#1774 = EDGE_CURVE ( 'NONE', #7, #3540, #473, .T. ) ;
#1775 = EDGE_LOOP ( 'NONE', ( #449, #4947 ) ) ;
#1776 = CARTESIAN_POINT ( 'NONE',  ( -222.2500000000001421, 45.06999999999802498, -149.3300000000000409 ) ) ;
#1777 = CARTESIAN_POINT ( 'NONE',  ( 215.7500000000000568, -2.999999999999999112, 152.3999999999998636 ) ) ;
#1778 = ORIENTED_EDGE ( 'NONE', *, *, #1659, .T. ) ;
#1779 = CARTESIAN_POINT ( 'NONE',  ( 222.2500000000000568, -7.715696544512644727E-13, 147.8300000000000409 ) ) ;
#1780 = DIRECTION ( 'NONE',  ( 0.000000000000000000, 0.000000000000000000, -1.000000000000000000 ) ) ;
#1781 = ORIENTED_EDGE ( 'NONE', *, *, #5276, .F. ) ;
#1782 = VECTOR ( 'NONE', #3038, 1000.000000000000000 ) ;
#1783 = CARTESIAN_POINT ( 'NONE',  ( 219.2500000000005116, 117.0299999999980116, -149.3300000000000409 ) ) ;
#1784 = EDGE_CURVE ( 'NONE', #230, #3354, #2271, .T. ) ;
#1785 = ORIENTED_EDGE ( 'NONE', *, *, #5395, .F. ) ;
#1786 = AXIS2_PLACEMENT_3D ( 'NONE', #3288, #1345, #5250 ) ;
#1787 = CARTESIAN_POINT ( 'NONE',  ( -219.2500000000005684, 152.0999999999981185, -143.9000000000000341 ) ) ;
#1788 = ORIENTED_EDGE ( 'NONE', *, *, #29, .F. ) ;
#1789 = DIRECTION ( 'NONE',  ( 0.000000000000000000, -1.000000000000000000, -0.000000000000000000 ) ) ;
#1790 = ORIENTED_EDGE ( 'NONE', *, *, #1774, .T. ) ;
#1791 = EDGE_CURVE ( 'NONE', #2056, #1711, #2327, .T. ) ;
#1792 = CARTESIAN_POINT ( 'NONE',  ( 219.2500000000005400, 138.0500000000000114, 122.9000000000000483 ) ) ;
#1794 = EDGE_LOOP ( 'NONE', ( #132, #5349, #233, #4349, #2644, #113, #5903, #112, #794, #984, #4743, #643, #1687, #5076, #5195, #1147, #3308, #1404, #4016, #4845, #1008, #4654, #331, #3828, #1368, #1208, #2192, #2226, #534, #2367, #5610, #5017, #978, #3476, #2548, #3681, #5086, #1073, #756, #1076, #365, #4406, #5449, #6074 ) ) ;
#1793 = CARTESIAN_POINT ( 'NONE',  ( 219.2500000000005684, 147.0999999999967542, 114.6800000000000779 ) ) ;
#1795 = VERTEX_POINT ( 'NONE', #3695 ) ;
#1796 = CARTESIAN_POINT ( 'NONE',  ( 206.2392352261595363, 143.0500000000000398, 118.5732634126197951 ) ) ;
#1797 = ADVANCED_FACE ( 'NONE', ( #1337 ), #765, .T. ) ;
#1798 = VECTOR ( 'NONE', #3802, 1000.000000000000000 ) ;
#1799 = CARTESIAN_POINT ( 'NONE',  ( -219.2500000000005400, 143.0500000000015177, -128.3500000000000512 ) ) ;
#1800 = CIRCLE ( 'NONE', #4305, 1.549999999999995826 ) ;
#1801 = CARTESIAN_POINT ( 'NONE',  ( -191.6999999999999886, -3.000000000000000000, 127.9000000000000625 ) ) ;
#1802 = FACE_OUTER_BOUND ( 'NONE', #2022, .T. ) ;
#1803 = CARTESIAN_POINT ( 'NONE',  ( 227.6485571369686056, 68.47999999999801446, 152.4000000000000341 ) ) ;
#1804 = AXIS2_PLACEMENT_3D ( 'NONE', #6270, #687, #1464 ) ;
#1805 = LINE ( 'NONE', #3074, #2198 ) ;
#1806 = EDGE_LOOP ( 'NONE', ( #343, #1443, #5026, #5795 ) ) ;
#1807 = ORIENTED_EDGE ( 'NONE', *, *, #3573, .T. ) ;
#1808 = VECTOR ( 'NONE', #4842, 1000.000000000000000 ) ;
#1809 = FACE_OUTER_BOUND ( 'NONE', #787, .T. ) ;
#1810 = EDGE_CURVE ( 'NONE', #1728, #2190, #5244, .T. ) ;
#1811 = CARTESIAN_POINT ( 'NONE',  ( 24.67999999998790628, -10.00000000000000000, 56.90000011181492567 ) ) ;
#1812 = VERTEX_POINT ( 'NONE', #313 ) ;
#1813 = AXIS2_PLACEMENT_3D ( 'NONE', #6179, #3628, #1372 ) ;
#1814 = ORIENTED_EDGE ( 'NONE', *, *, #2651, .F. ) ;
#1815 = FACE_OUTER_BOUND ( 'NONE', #595, .T. ) ;
#1816 = LINE ( 'NONE', #848, #4623 ) ;
#1817 = EDGE_LOOP ( 'NONE', ( #3330, #1179, #6238, #229 ) ) ;
#1818 = DIRECTION ( 'NONE',  ( -2.310239685727674755E-45, -3.179398763478275099E-31, -1.000000000000000000 ) ) ;
#1819 = DIRECTION ( 'NONE',  ( 1.000000000000000000, 3.424500384408255971E-15, -0.000000000000000000 ) ) ;
#1820 = ORIENTED_EDGE ( 'NONE', *, *, #5615, .F. ) ;
#1821 = CYLINDRICAL_SURFACE ( 'NONE', #929, 1.549999999999995826 ) ;
#1822 = EDGE_CURVE ( 'NONE', #548, #3849, #5337, .T. ) ;
#1823 = EDGE_LOOP ( 'NONE', ( #4046, #2063, #4946, #4004 ) ) ;
#1824 = CARTESIAN_POINT ( 'NONE',  ( -222.2500000000005400, 142.1699999999980264, 0.000000000000000000 ) ) ;
#1826 = ORIENTED_EDGE ( 'NONE', *, *, #2330, .F. ) ;
#1825 = CARTESIAN_POINT ( 'NONE',  ( -222.2500000000004832, 117.0299999999980116, 147.8300000000000409 ) ) ;
#1827 = VERTEX_POINT ( 'NONE', #1761 ) ;
#1828 = CARTESIAN_POINT ( 'NONE',  ( -222.2500000000001421, 19.92999999999800309, 147.8300000000000409 ) ) ;
#1829 = EDGE_LOOP ( 'NONE', ( #5619, #1242 ) ) ;
#1830 = VECTOR ( 'NONE', #2831, 1000.000000000000000 ) ;
#1831 = ADVANCED_FACE ( 'NONE', ( #3757 ), #1308, .T. ) ;
#1832 = CARTESIAN_POINT ( 'NONE',  ( 222.2500000000000568, -7.715696544512644727E-13, 147.8300000000000409 ) ) ;
#1833 = DIRECTION ( 'NONE',  ( 3.424500384408255577E-15, -1.000000000000000000, 3.179398763478275537E-31 ) ) ;
#1834 = EDGE_CURVE ( 'NONE', #1522, #6028, #987, .T. ) ;
#1835 = LINE ( 'NONE', #6158, #760 ) ;
#1836 = LINE ( 'NONE', #1898, #1383 ) ;
#1837 = CIRCLE ( 'NONE', #5861, 4.600000000000020961 ) ;
#1838 = ADVANCED_FACE ( 'NONE', ( #3247 ), #3663, .T. ) ;
#1839 = EDGE_LOOP ( 'NONE', ( #4785, #597, #3093, #4073 ) ) ;
#1840 = ORIENTED_EDGE ( 'NONE', *, *, #6257, .T. ) ;
#1841 = ORIENTED_EDGE ( 'NONE', *, *, #1951, .F. ) ;
#1842 = DIRECTION ( 'NONE',  ( 0.000000000000000000, 0.000000000000000000, -1.000000000000000000 ) ) ;
#1843 = CARTESIAN_POINT ( 'NONE',  ( -219.2500000000000284, -2.009428633046239185E-16, -152.4000000000000341 ) ) ;
#1844 = CARTESIAN_POINT ( 'NONE',  ( -191.6999999999999886, -10.00000000000000000, 127.9000000000000625 ) ) ;
#1845 = CARTESIAN_POINT ( 'NONE',  ( 222.2500000000006253, 162.0999999999999943, 152.4000000000000341 ) ) ;
#1846 = EDGE_LOOP ( 'NONE', ( #5409, #4910, #2585, #3362 ) ) ;
#1847 = ADVANCED_FACE ( 'NONE', ( #341 ), #5142, .F. ) ;
#1848 = ORIENTED_EDGE ( 'NONE', *, *, #2708, .T. ) ;
#1849 = CIRCLE ( 'NONE', #2439, 1.549999999999995826 ) ;
#1850 = LINE ( 'NONE', #2319, #2729 ) ;
#1851 = ORIENTED_EDGE ( 'NONE', *, *, #2526, .F. ) ;
#1852 = CARTESIAN_POINT ( 'NONE',  ( -222.2500000000005116, 140.8999999999952308, 114.6800000000000779 ) ) ;
#1853 = EDGE_CURVE ( 'NONE', #1758, #2101, #1275, .T. ) ;
#1854 = EDGE_LOOP ( 'NONE', ( #3530, #4532, #759, #1462 ) ) ;
#1855 = ORIENTED_EDGE ( 'NONE', *, *, #5994, .F. ) ;
#1856 = DIRECTION ( 'NONE',  ( -1.000000000000000000, -3.424500384408255577E-15, -0.000000000000000000 ) ) ;
#1857 = LINE ( 'NONE', #280, #4495 ) ;
#1858 = ORIENTED_EDGE ( 'NONE', *, *, #2903, .T. ) ;
#1859 = ORIENTED_EDGE ( 'NONE', *, *, #6, .T. ) ;
#1860 = CARTESIAN_POINT ( 'NONE',  ( 219.2500000000006253, 162.0999999999999943, -152.4000000000000341 ) ) ;
#1861 = DIRECTION ( 'NONE',  ( 5.551115123125781913E-15, 1.000000000000000000, 0.000000000000000000 ) ) ;
#1862 = CARTESIAN_POINT ( 'NONE',  ( 222.2500000000005116, 117.0299999999980116, 147.8300000000000409 ) ) ;
#1863 = EDGE_CURVE ( 'NONE', #1812, #2158, #6151, .T. ) ;
#1864 = LINE ( 'NONE', #6188, #3270 ) ;
#1865 = LINE ( 'NONE', #5785, #2636 ) ;
#1866 = LINE ( 'NONE', #5311, #3473 ) ;
#1867 = EDGE_CURVE ( 'NONE', #1489, #4245, #2694, .T. ) ;
#1868 = ORIENTED_EDGE ( 'NONE', *, *, #6276, .T. ) ;
#1869 = AXIS2_PLACEMENT_3D ( 'NONE', #2809, #1872, #2371 ) ;
#1870 = DIRECTION ( 'NONE',  ( 6.033820786002326424E-15, 1.000000000000000000, 0.000000000000000000 ) ) ;
#1871 = VECTOR ( 'NONE', #5098, 1000.000000000000000 ) ;
#1872 = DIRECTION ( 'NONE',  ( -1.000000000000000000, -3.424500384408255971E-15, 0.000000000000000000 ) ) ;
#1873 = FACE_OUTER_BOUND ( 'NONE', #2957, .T. ) ;
#1874 = DIRECTION ( 'NONE',  ( 0.000000000000000000, 1.000000000000000000, 0.000000000000000000 ) ) ;
#1875 = VERTEX_POINT ( 'NONE', #5687 ) ;
#1876 = VERTEX_POINT ( 'NONE', #4598 ) ;
#1877 = CARTESIAN_POINT ( 'NONE',  ( 219.2500000000005116, 142.1699999999980264, -149.3300000000000409 ) ) ;
#1878 = DIRECTION ( 'NONE',  ( -0.000000000000000000, 1.000000000000000000, 0.000000000000000000 ) ) ;
#1879 = AXIS2_PLACEMENT_3D ( 'NONE', #3334, #5291, #4809 ) ;
#1880 = ORIENTED_EDGE ( 'NONE', *, *, #2297, .F. ) ;
#1881 = EDGE_CURVE ( 'NONE', #1162, #2726, #244, .T. ) ;
#1882 = ORIENTED_EDGE ( 'NONE', *, *, #46, .T. ) ;
#1883 = DIRECTION ( 'NONE',  ( 3.424500384408255577E-15, 1.000000000000000000, -0.000000000000000000 ) ) ;
#1884 = ORIENTED_EDGE ( 'NONE', *, *, #2684, .F. ) ;
#1885 = AXIS2_PLACEMENT_3D ( 'NONE', #2995, #3458, #4012 ) ;
#1886 = CARTESIAN_POINT ( 'NONE',  ( 222.2500000000000568, -1.047444401652930225E-14, 152.4000000000000341 ) ) ;
#1887 = ORIENTED_EDGE ( 'NONE', *, *, #1603, .F. ) ;
#1888 = VECTOR ( 'NONE', #5809, 1000.000000000000000 ) ;
#1889 = EDGE_CURVE ( 'NONE', #817, #1230, #4157, .T. ) ;
#1890 = DIRECTION ( 'NONE',  ( 1.000000000000000000, 4.418089334404615211E-15, 0.000000000000000000 ) ) ;
#1891 = VERTEX_POINT ( 'NONE', #4116 ) ;
#1892 = DIRECTION ( 'NONE',  ( 9.106159978880874930E-17, 0.000000000000000000, 1.000000000000000000 ) ) ;
#1893 = LINE ( 'NONE', #1796, #2309 ) ;
#1894 = CARTESIAN_POINT ( 'NONE',  ( 222.2500000000004547, 117.0299999999980116, -149.3300000000000409 ) ) ;
#1895 = CARTESIAN_POINT ( 'NONE',  ( -11.64999999999997726, 0.000000000000000000, 122.9000000000000341 ) ) ;
#1896 = DIRECTION ( 'NONE',  ( 0.000000000000000000, 0.000000000000000000, -1.000000000000000000 ) ) ;
#1897 = PLANE ( 'NONE',  #714 ) ;
#1898 = CARTESIAN_POINT ( 'NONE',  ( -222.2500000000006253, 159.5300000000000011, -26.89669999999999561 ) ) ;
#1899 = EDGE_LOOP ( 'NONE', ( #5293, #5977, #3370, #5562 ) ) ;
#1900 = VECTOR ( 'NONE', #6132, 1000.000000000000000 ) ;
#1901 = EDGE_CURVE ( 'NONE', #198, #1974, #4631, .T. ) ;
#1902 = FACE_BOUND ( 'NONE', #2125, .T. ) ;
#1903 = LINE ( 'NONE', #2256, #4882 ) ;
#1904 = AXIS2_PLACEMENT_3D ( 'NONE', #5647, #5100, #2714 ) ;
#1905 = LINE ( 'NONE', #3329, #2998 ) ;
#1906 = LINE ( 'NONE', #3655, #2589 ) ;
#1907 = CARTESIAN_POINT ( 'NONE',  ( -226.7516488450830252, 19.92999999999800309, -147.8300000000000409 ) ) ;
#1908 = DIRECTION ( 'NONE',  ( 3.424500384408255577E-15, -1.000000000000000000, 0.000000000000000000 ) ) ;
#1909 = ORIENTED_EDGE ( 'NONE', *, *, #2549, .T. ) ;
#1910 = EDGE_CURVE ( 'NONE', #3223, #3140, #800, .T. ) ;
#1911 = CARTESIAN_POINT ( 'NONE',  ( -222.2500000000013927, 79.55000000000150351, 137.9000000000000909 ) ) ;
#1912 = AXIS2_PLACEMENT_3D ( 'NONE', #5624, #4729, #3221 ) ;
#1913 = EDGE_CURVE ( 'NONE', #5384, #3134, #2911, .T. ) ;
#1914 = LINE ( 'NONE', #5824, #431 ) ;
#1915 = PRODUCT_RELATED_PRODUCT_CATEGORY ( 'part', '', ( #104 ) ) ;
#1916 = ORIENTED_EDGE ( 'NONE', *, *, #2946, .F. ) ;
#1917 = AXIS2_PLACEMENT_3D ( 'NONE', #3030, #4979, #628 ) ;
#1918 = PLANE ( 'NONE',  #3355 ) ;
#1919 = ORIENTED_EDGE ( 'NONE', *, *, #3214, .F. ) ;
#1920 = CARTESIAN_POINT ( 'NONE',  ( -222.2500000000003695, 93.61999999999801503, -152.4000000000000341 ) ) ;
#1921 = VECTOR ( 'NONE', #2922, 1000.000000000000000 ) ;
#1922 = ORIENTED_EDGE ( 'NONE', *, *, #1718, .F. ) ;
#1923 = CARTESIAN_POINT ( 'NONE',  ( 222.2500000000007105, 147.0999999999967542, 114.6800000000000779 ) ) ;
#1924 = ORIENTED_EDGE ( 'NONE', *, *, #771, .T. ) ;
#1925 = EDGE_CURVE ( 'NONE', #2881, #74, #3824, .T. ) ;
#1926 = LINE ( 'NONE', #6271, #606 ) ;
#1927 = LINE ( 'NONE', #2916, #1294 ) ;
#1928 = CARTESIAN_POINT ( 'NONE',  ( 0.000000000000000000, -3.000000000000000000, 127.9000000000000483 ) ) ;
#1929 = CARTESIAN_POINT ( 'NONE',  ( 219.2500000000002274, 45.06999999999802498, 147.8300000000000409 ) ) ;
#1930 = CYLINDRICAL_SURFACE ( 'NONE', #2634, 1.549999999999995826 ) ;
#1931 = AXIS2_PLACEMENT_3D ( 'NONE', #157, #3990, #4055 ) ;
#1932 = DIRECTION ( 'NONE',  ( -1.000000000000000000, 0.000000000000000000, -0.000000000000000000 ) ) ;
#1933 = ORIENTED_EDGE ( 'NONE', *, *, #4886, .T. ) ;
#1934 = ORIENTED_EDGE ( 'NONE', *, *, #2651, .T. ) ;
#1935 = EDGE_LOOP ( 'NONE', ( #2846, #288, #2940, #3913 ) ) ;
#1936 = LINE ( 'NONE', #3437, #5547 ) ;
#1937 = CYLINDRICAL_SURFACE ( 'NONE', #1012, 6.349999999999994316 ) ;
#1938 = DIRECTION ( 'NONE',  ( 0.000000000000000000, 0.000000000000000000, -1.000000000000000000 ) ) ;
#1939 = VERTEX_POINT ( 'NONE', #2442 ) ;
#1940 = CARTESIAN_POINT ( 'NONE',  ( 219.2500000000000568, 68.47999999999801446, -152.4000000000000341 ) ) ;
#1941 = DIRECTION ( 'NONE',  ( 1.000000000000000000, 0.000000000000000000, 0.000000000000000000 ) ) ;
#1942 = ORIENTED_EDGE ( 'NONE', *, *, #4791, .F. ) ;
#1943 = VERTEX_POINT ( 'NONE', #5271 ) ;
#1944 = CIRCLE ( 'NONE', #6072, 1.549999999999995826 ) ;
#1945 = CARTESIAN_POINT ( 'NONE',  ( 222.2500000000006253, 162.0999999999999943, -152.4000000000000341 ) ) ;
#1946 = ORIENTED_EDGE ( 'NONE', *, *, #1784, .T. ) ;
#1947 = EDGE_CURVE ( 'NONE', #1463, #4720, #1014, .T. ) ;
#1948 = CARTESIAN_POINT ( 'NONE',  ( -40.69999999999998153, -3.000000000000000000, 122.9000000000000341 ) ) ;
#1949 = VECTOR ( 'NONE', #1119, 1000.000000000000000 ) ;
#1950 = ORIENTED_EDGE ( 'NONE', *, *, #2627, .T. ) ;
#1951 = EDGE_CURVE ( 'NONE', #2434, #5324, #2937, .T. ) ;
#1952 = CARTESIAN_POINT ( 'NONE',  ( -219.2500000000005684, 152.0999999999981185, -143.9000000000000341 ) ) ;
#1953 = ORIENTED_EDGE ( 'NONE', *, *, #1685, .T. ) ;
#1954 = DIRECTION ( 'NONE',  ( -0.000000000000000000, -0.000000000000000000, -1.000000000000000000 ) ) ;
#1955 = VECTOR ( 'NONE', #337, 1000.000000000000000 ) ;
#1956 = EDGE_LOOP ( 'NONE', ( #526, #2353, #4436, #1614 ) ) ;
#1957 = DIRECTION ( 'NONE',  ( -9.106159978880788648E-17, 2.511816797794474720E-16, -1.000000000000000000 ) ) ;
#1958 = PLANE ( 'NONE',  #88 ) ;
#1959 = FACE_OUTER_BOUND ( 'NONE', #4848, .T. ) ;
#1960 = DIRECTION ( 'NONE',  ( 0.000000000000000000, 0.000000000000000000, 1.000000000000000000 ) ) ;
#1961 = DIRECTION ( 'NONE',  ( -6.033820786006258107E-15, 1.000000000000000000, 3.016910393003129054E-15 ) ) ;
#1962 = CYLINDRICAL_SURFACE ( 'NONE', #4617, 1.549999999999995826 ) ;
#1963 = CARTESIAN_POINT ( 'NONE',  ( -222.2500000000006253, 143.0500000000015177, 122.9000000000000909 ) ) ;
#1964 = CARTESIAN_POINT ( 'NONE',  ( 219.2500000000001705, 45.06999999999802498, -149.3300000000000409 ) ) ;
#1965 = FACE_OUTER_BOUND ( 'NONE', #1996, .T. ) ;
#1966 = FACE_BOUND ( 'NONE', #1189, .T. ) ;
#1967 = EDGE_CURVE ( 'NONE', #2960, #2786, #5801, .T. ) ;
#1968 = DIRECTION ( 'NONE',  ( 0.000000000000000000, 0.000000000000000000, 1.000000000000000000 ) ) ;
#1969 = ORIENTED_EDGE ( 'NONE', *, *, #2677, .F. ) ;
#1970 = VECTOR ( 'NONE', #6038, 1000.000000000000000 ) ;
#1971 = DIRECTION ( 'NONE',  ( -1.000000000000000000, -3.424500384408255971E-15, 0.000000000000000000 ) ) ;
#1972 = VERTEX_POINT ( 'NONE', #1978 ) ;
#1973 = VECTOR ( 'NONE', #3779, 1000.000000000000000 ) ;
#1974 = VERTEX_POINT ( 'NONE', #4758 ) ;
#1975 = CARTESIAN_POINT ( 'NONE',  ( -219.2500000000002842, 73.20000000000149498, 137.9000000000000909 ) ) ;
#1976 = ORIENTED_EDGE ( 'NONE', *, *, #2962, .F. ) ;
#1977 = EDGE_CURVE ( 'NONE', #3803, #1489, #4787, .T. ) ;
#1978 = CARTESIAN_POINT ( 'NONE',  ( 222.2500000000005684, 143.0499999999999829, -128.3500000000000512 ) ) ;
#1979 = ORIENTED_EDGE ( 'NONE', *, *, #5366, .T. ) ;
#1980 = FACE_OUTER_BOUND ( 'NONE', #1551, .T. ) ;
#1981 = ORIENTED_EDGE ( 'NONE', *, *, #1615, .F. ) ;
#1982 = DIRECTION ( 'NONE',  ( -1.000000000000000000, 0.000000000000000000, 0.000000000000000000 ) ) ;
#1983 = CIRCLE ( 'NONE', #5213, 1.549999999999995826 ) ;
#1984 = EDGE_CURVE ( 'NONE', #4347, #4520, #3882, .T. ) ;
#1985 = PLANE ( 'NONE',  #3919 ) ;
#1986 = DIRECTION ( 'NONE',  ( 1.000000000000000000, 0.000000000000000000, -0.000000000000000000 ) ) ;
#1987 = EDGE_CURVE ( 'NONE', #3647, #4594, #2658, .T. ) ;
#1988 = CARTESIAN_POINT ( 'NONE',  ( 222.2500000000008242, 152.0999999999996248, -143.9000000000000341 ) ) ;
#1989 = ORIENTED_EDGE ( 'NONE', *, *, #6159, .T. ) ;
#1990 = CARTESIAN_POINT ( 'NONE',  ( -24.68344801572517255, -3.000000000000000000, 56.90000011181512463 ) ) ;
#1991 = DIRECTION ( 'NONE',  ( 6.033820786006258107E-15, -1.000000000000000000, 0.000000000000000000 ) ) ;
#1992 = CARTESIAN_POINT ( 'NONE',  ( 219.2500000000003411, 93.61999999999801503, -149.3300000000000409 ) ) ;
#1993 = CIRCLE ( 'NONE', #3082, 1.599999999999990319 ) ;
#1994 = PLANE ( 'NONE',  #615 ) ;
#1995 = LINE ( 'NONE', #2406, #1808 ) ;
#1996 = EDGE_LOOP ( 'NONE', ( #2209, #1104, #5692, #4186 ) ) ;
#1997 = ADVANCED_FACE ( 'NONE', ( #5358 ), #1918, .F. ) ;
#1998 = CIRCLE ( 'NONE', #3301, 5.000000000000004441 ) ;
#1999 = CARTESIAN_POINT ( 'NONE',  ( -222.2500000000006253, 143.0500000000015177, 122.9000000000000909 ) ) ;
#2000 = VERTEX_POINT ( 'NONE', #4310 ) ;
#2001 = VECTOR ( 'NONE', #4207, 1000.000000000000000 ) ;
#2002 = AXIS2_PLACEMENT_3D ( 'NONE', #2955, #1574, #5436 ) ;
#2003 = ORIENTED_EDGE ( 'NONE', *, *, #808, .T. ) ;
#2004 = ORIENTED_EDGE ( 'NONE', *, *, #5707, .T. ) ;
#2005 = CARTESIAN_POINT ( 'NONE',  ( -219.2500000000005400, 138.0500000000015177, 127.9000000000000625 ) ) ;
#2006 = CARTESIAN_POINT ( 'NONE',  ( 40.70000000000003126, 0.000000000000000000, -133.3500000000000227 ) ) ;
#2007 = ORIENTED_EDGE ( 'NONE', *, *, #4596, .F. ) ;
#2008 = EDGE_CURVE ( 'NONE', #2444, #4891, #4285, .T. ) ;
#2009 = AXIS2_PLACEMENT_3D ( 'NONE', #5524, #2607, #3640 ) ;
#2010 = VECTOR ( 'NONE', #335, 1000.000000000000000 ) ;
#2011 = VERTEX_POINT ( 'NONE', #2005 ) ;
#2012 = DIRECTION ( 'NONE',  ( 0.000000000000000000, -1.000000000000000000, -3.521700469736657143E-30 ) ) ;
#2013 = AXIS2_PLACEMENT_3D ( 'NONE', #1134, #5563, #5500 ) ;
#2014 = DIRECTION ( 'NONE',  ( 0.000000000000000000, 0.000000000000000000, -1.000000000000000000 ) ) ;
#2015 = FACE_OUTER_BOUND ( 'NONE', #4341, .T. ) ;
#2016 = EDGE_CURVE ( 'NONE', #587, #4471, #3343, .T. ) ;
#2017 = FACE_OUTER_BOUND ( 'NONE', #3876, .T. ) ;
#2018 = LINE ( 'NONE', #5396, #798 ) ;
#2019 = PLANE ( 'NONE',  #3122 ) ;
#2020 = CARTESIAN_POINT ( 'NONE',  ( 222.2500000000005116, 142.1699999999980264, -149.3300000000000409 ) ) ;
#2021 = FACE_BOUND ( 'NONE', #3269, .T. ) ;
#2022 = EDGE_LOOP ( 'NONE', ( #3325, #5222, #1751, #2052 ) ) ;
#2023 = EDGE_CURVE ( 'NONE', #2158, #2933, #5325, .T. ) ;
#2024 = CARTESIAN_POINT ( 'NONE',  ( 219.2500000000001705, 27.54999999999997584, 122.9000000000000341 ) ) ;
#2025 = VERTEX_POINT ( 'NONE', #5856 ) ;
#2026 = CARTESIAN_POINT ( 'NONE',  ( 222.2500000000007105, 145.4999999999967599, 114.6800000000000779 ) ) ;
#2027 = VERTEX_POINT ( 'NONE', #2414 ) ;
#2028 = DIRECTION ( 'NONE',  ( -1.000000000000000000, 0.000000000000000000, 0.000000000000000000 ) ) ;
#2029 = VECTOR ( 'NONE', #4327, 1000.000000000000000 ) ;
#2030 = VERTEX_POINT ( 'NONE', #2852 ) ;
#2031 = VERTEX_POINT ( 'NONE', #1491 ) ;
#2032 = VECTOR ( 'NONE', #173, 1000.000000000000000 ) ;
#2033 = CARTESIAN_POINT ( 'NONE',  ( -40.69999999999998153, 0.000000000000000000, 122.9000000000000341 ) ) ;
#2034 = EDGE_LOOP ( 'NONE', ( #856, #2657, #5055, #4811 ) ) ;
#2035 = FACE_OUTER_BOUND ( 'NONE', #4647, .T. ) ;
#2036 = EDGE_CURVE ( 'NONE', #1584, #5121, #6204, .T. ) ;
#2037 = AXIS2_PLACEMENT_3D ( 'NONE', #5807, #475, #4009 ) ;
#2038 = AXIS2_PLACEMENT_3D ( 'NONE', #1765, #5590, #769 ) ;
#2039 = EDGE_LOOP ( 'NONE', ( #5545, #2268, #1311, #5132 ) ) ;
#2040 = VECTOR ( 'NONE', #2454, 1000.000000000000000 ) ;
#2041 = DIRECTION ( 'NONE',  ( 0.000000000000000000, 1.000000000000000000, 0.000000000000000000 ) ) ;
#2042 = DIRECTION ( 'NONE',  ( -1.000000000000000000, 0.000000000000000000, 0.000000000000000000 ) ) ;
#2043 = DIRECTION ( 'NONE',  ( 0.000000000000000000, -1.000000000000000000, 0.000000000000000000 ) ) ;
#2044 = CARTESIAN_POINT ( 'NONE',  ( 222.2500000000007674, 133.9999999999987779, 103.1800000000002768 ) ) ;
#2045 = EDGE_CURVE ( 'NONE', #5079, #5974, #3962, .T. ) ;
#2046 = DIRECTION ( 'NONE',  ( -3.424500384408256366E-15, -1.000000000000000000, 3.783043954833576280E-31 ) ) ;
#2047 = DIRECTION ( 'NONE',  ( -3.491481338843133355E-15, 1.000000000000000000, -3.179398763478275537E-31 ) ) ;
#2048 = FACE_BOUND ( 'NONE', #2499, .T. ) ;
#2049 = LINE ( 'NONE', #1604, #1434 ) ;
#2050 = VERTEX_POINT ( 'NONE', #2354 ) ;
#2051 = LINE ( 'NONE', #492, #1731 ) ;
#2052 = ORIENTED_EDGE ( 'NONE', *, *, #3720, .F. ) ;
#2053 = EDGE_CURVE ( 'NONE', #4423, #3316, #4070, .T. ) ;
#2054 = DIRECTION ( 'NONE',  ( 0.000000000000000000, 1.000000000000000000, -0.000000000000000000 ) ) ;
#2055 = VERTEX_POINT ( 'NONE', #404 ) ;
#2056 = VERTEX_POINT ( 'NONE', #4280 ) ;
#2057 = EDGE_LOOP ( 'NONE', ( #5777, #1588, #5799, #1671, #942, #5857, #4395, #4404, #1302, #3791, #1503, #6264, #3961, #629 ) ) ;
#2058 = ORIENTED_EDGE ( 'NONE', *, *, #3743, .F. ) ;
#2059 = CARTESIAN_POINT ( 'NONE',  ( -24.68344801572538216, -3.000000000000000000, 28.40000011181540174 ) ) ;
#2060 = AXIS2_PLACEMENT_3D ( 'NONE', #1617, #5882, #3028 ) ;
#2061 = AXIS2_PLACEMENT_3D ( 'NONE', #552, #5407, #2028 ) ;
#2062 = CARTESIAN_POINT ( 'NONE',  ( 40.70000000000003126, 0.000000000000000000, -128.3500000000000227 ) ) ;
#2063 = ORIENTED_EDGE ( 'NONE', *, *, #3931, .T. ) ;
#2064 = DIRECTION ( 'NONE',  ( -9.106159978880876162E-17, -6.646391200175131214E-32, -1.000000000000000000 ) ) ;
#2065 = VERTEX_POINT ( 'NONE', #953 ) ;
#2066 = EDGE_LOOP ( 'NONE', ( #4943, #6185 ) ) ;
#2067 = VECTOR ( 'NONE', #914, 1000.000000000000000 ) ;
#2068 = ORIENTED_EDGE ( 'NONE', *, *, #3450, .F. ) ;
#2069 = EDGE_CURVE ( 'NONE', #3772, #4430, #2880, .T. ) ;
#2070 = DIRECTION ( 'NONE',  ( 0.000000000000000000, -0.000000000000000000, -1.000000000000000000 ) ) ;
#2071 = CARTESIAN_POINT ( 'NONE',  ( 222.2500000000006253, 159.5300000000000011, -26.89669999999999561 ) ) ;
#2072 = CARTESIAN_POINT ( 'NONE',  ( 219.2500000000003411, 79.54999999999999716, 137.9000000000000625 ) ) ;
#2073 = CARTESIAN_POINT ( 'NONE',  ( 222.2500000000007105, 145.4999999999967599, 91.68000000000007788 ) ) ;
#2074 = AXIS2_PLACEMENT_3D ( 'NONE', #4437, #77, #4823 ) ;
#2075 = ORIENTED_EDGE ( 'NONE', *, *, #865, .T. ) ;
#2076 = DIRECTION ( 'NONE',  ( 3.424500384408255577E-15, 1.000000000000000000, 0.000000000000000000 ) ) ;
#2077 = FACE_OUTER_BOUND ( 'NONE', #3821, .T. ) ;
#2078 = CIRCLE ( 'NONE', #543, 1.700000000000003508 ) ;
#2079 = CARTESIAN_POINT ( 'NONE',  ( 222.2500000000003695, 85.89999999999997726, 137.9000000000000625 ) ) ;
#2080 = DIRECTION ( 'NONE',  ( 1.000000000000000000, -3.424500384408256366E-15, -9.106159978880876162E-17 ) ) ;
#2081 = DIRECTION ( 'NONE',  ( 5.225493125563035928E-15, 1.000000000000000000, -0.000000000000000000 ) ) ;
#2082 = ADVANCED_FACE ( 'NONE', ( #3945 ), #2963, .T. ) ;
#2083 = ORIENTED_EDGE ( 'NONE', *, *, #4565, .T. ) ;
#2084 = ORIENTED_EDGE ( 'NONE', *, *, #2438, .F. ) ;
#2085 = LINE ( 'NONE', #682, #1085 ) ;
#2086 = LINE ( 'NONE', #1639, #364 ) ;
#2087 = ORIENTED_EDGE ( 'NONE', *, *, #1430, .T. ) ;
#2088 = DIRECTION ( 'NONE',  ( 0.000000000000000000, 0.000000000000000000, 1.000000000000000000 ) ) ;
#2089 = DIRECTION ( 'NONE',  ( -0.000000000000000000, 1.000000000000000000, -0.000000000000000000 ) ) ;
#2090 = EDGE_CURVE ( 'NONE', #2027, #2994, #1351, .T. ) ;
#2091 = EDGE_LOOP ( 'NONE', ( #2355, #2568, #4519, #6019 ) ) ;
#2092 = CIRCLE ( 'NONE', #6136, 6.500000000000005329 ) ;
#2093 = ORIENTED_EDGE ( 'NONE', *, *, #2861, .T. ) ;
#2094 = LINE ( 'NONE', #625, #5863 ) ;
#2095 = ADVANCED_FACE ( 'NONE', ( #4493 ), #1583, .F. ) ;
#2096 = DIRECTION ( 'NONE',  ( 0.000000000000000000, 0.000000000000000000, 1.000000000000000000 ) ) ;
#2097 = VERTEX_POINT ( 'NONE', #174 ) ;
#2098 = AXIS2_PLACEMENT_3D ( 'NONE', #3054, #3408, #4378 ) ;
#2099 = EDGE_CURVE ( 'NONE', #1144, #2056, #4586, .T. ) ;
#2100 = PLANE ( 'NONE',  #1201 ) ;
#2101 = VERTEX_POINT ( 'NONE', #2133 ) ;
#2102 = VERTEX_POINT ( 'NONE', #1107 ) ;
#2103 = EDGE_CURVE ( 'NONE', #5892, #5324, #5953, .T. ) ;
#2104 = EDGE_CURVE ( 'NONE', #1444, #3139, #4977, .T. ) ;
#2105 = VERTEX_POINT ( 'NONE', #5981 ) ;
#2106 = EDGE_LOOP ( 'NONE', ( #471, #2479 ) ) ;
#2107 = VECTOR ( 'NONE', #2926, 1000.000000000000000 ) ;
#2108 = CARTESIAN_POINT ( 'NONE',  ( -24.68344801572517255, 0.000000000000000000, 56.90000011181512463 ) ) ;
#2109 = VECTOR ( 'NONE', #4664, 1000.000000000000000 ) ;
#2110 = DIRECTION ( 'NONE',  ( 3.491481338843133355E-15, -1.000000000000000000, 0.000000000000000000 ) ) ;
#2111 = CARTESIAN_POINT ( 'NONE',  ( 222.2500000000006253, 159.5300000000000011, -104.3300000000000409 ) ) ;
#2112 = CARTESIAN_POINT ( 'NONE',  ( 222.2500000000005684, 143.0499999999999829, 122.9000000000000483 ) ) ;
#2113 = EDGE_CURVE ( 'NONE', #4618, #3893, #13, .T. ) ;
#2114 = CARTESIAN_POINT ( 'NONE',  ( 24.67999999998790628, 0.000000000000000000, 55.20000011181492283 ) ) ;
#2115 = VECTOR ( 'NONE', #6112, 1000.000000000000000 ) ;
#2116 = CARTESIAN_POINT ( 'NONE',  ( 222.2500000000008242, 153.6499999999996078, 143.8999999999999773 ) ) ;
#2117 = ORIENTED_EDGE ( 'NONE', *, *, #3284, .T. ) ;
#2118 = CARTESIAN_POINT ( 'NONE',  ( -222.2500000000005969, 162.0999999999999943, -152.4000000000000341 ) ) ;
#2119 = CARTESIAN_POINT ( 'NONE',  ( -219.2500000000000853, 19.92999999999800309, -149.3300000000000409 ) ) ;
#2120 = CARTESIAN_POINT ( 'NONE',  ( -222.2500000000005400, 147.0999999999952479, 91.68000000000007788 ) ) ;
#2121 = ORIENTED_EDGE ( 'NONE', *, *, #808, .F. ) ;
#2122 = CARTESIAN_POINT ( 'NONE',  ( 222.2500000000002274, 45.06999999999802498, -2.023844055306276416E-14 ) ) ;
#2123 = CYLINDRICAL_SURFACE ( 'NONE', #218, 4.600000000003018563 ) ;
#2124 = VERTEX_POINT ( 'NONE', #626 ) ;
#2125 = EDGE_LOOP ( 'NONE', ( #5157, #4467 ) ) ;
#2126 = DIRECTION ( 'NONE',  ( -7.266278493485550047E-15, 1.000000000000000000, 0.000000000000000000 ) ) ;
#2127 = CYLINDRICAL_SURFACE ( 'NONE', #3189, 4.600000000000020961 ) ;
#2128 = VECTOR ( 'NONE', #4229, 1000.000000000000000 ) ;
#2129 = ORIENTED_EDGE ( 'NONE', *, *, #4309, .F. ) ;
#2130 = ORIENTED_EDGE ( 'NONE', *, *, #3415, .F. ) ;
#2131 = DIRECTION ( 'NONE',  ( -1.000000000000000000, 7.266278493485551625E-15, -0.000000000000000000 ) ) ;
#2132 = EDGE_CURVE ( 'NONE', #587, #5125, #3520, .T. ) ;
#2133 = CARTESIAN_POINT ( 'NONE',  ( 222.2500000000006253, 159.5300000000000011, -26.89669999999999561 ) ) ;
#2134 = ORIENTED_EDGE ( 'NONE', *, *, #4340, .F. ) ;
#2135 = DIRECTION ( 'NONE',  ( -3.424500384408255577E-15, -1.000000000000000000, 0.000000000000000000 ) ) ;
#2136 = VECTOR ( 'NONE', #2428, 1000.000000000000000 ) ;
#2137 = ADVANCED_FACE ( 'NONE', ( #692 ), #558, .F. ) ;
#2138 = ORIENTED_EDGE ( 'NONE', *, *, #1277, .F. ) ;
#2139 = PLANE ( 'NONE',  #161 ) ;
#2140 = PLANE ( 'NONE',  #128 ) ;
#2141 = CARTESIAN_POINT ( 'NONE',  ( 219.2500000000006253, 162.0999999999999943, 152.4000000000000341 ) ) ;
#2142 = DIRECTION ( 'NONE',  ( 2.310239685727674755E-45, -3.179398763478275099E-31, -1.000000000000000000 ) ) ;
#2143 = EDGE_CURVE ( 'NONE', #5336, #1304, #1069, .T. ) ;
#2144 = CIRCLE ( 'NONE', #5690, 1.500000000000001332 ) ;
#2145 = CARTESIAN_POINT ( 'NONE',  ( -222.2500000000006537, 138.0500000000015177, 127.9000000000000625 ) ) ;
#2146 = FACE_OUTER_BOUND ( 'NONE', #4775, .T. ) ;
#2147 = DIRECTION ( 'NONE',  ( 1.000000000000000000, 3.491481338843133355E-15, 0.000000000000000000 ) ) ;
#2148 = FACE_OUTER_BOUND ( 'NONE', #1823, .T. ) ;
#2149 = ORIENTED_EDGE ( 'NONE', *, *, #5994, .T. ) ;
#2150 = ORIENTED_EDGE ( 'NONE', *, *, #4373, .T. ) ;
#2151 = CARTESIAN_POINT ( 'NONE',  ( 40.70000000000005969, 0.000000000000000000, 127.9000000000000483 ) ) ;
#2152 = ADVANCED_FACE ( 'NONE', ( #3059 ), #2993, .F. ) ;
#2153 = PLANE ( 'NONE',  #5257 ) ;
#2154 = ORIENTED_EDGE ( 'NONE', *, *, #2490, .F. ) ;
#2155 = PLANE ( 'NONE',  #5894 ) ;
#2156 = CARTESIAN_POINT ( 'NONE',  ( 219.2500000000000568, -7.610952104347351105E-13, 50.53659999999997865 ) ) ;
#2157 = ORIENTED_EDGE ( 'NONE', *, *, #4085, .F. ) ;
#2158 = VERTEX_POINT ( 'NONE', #3553 ) ;
#2159 = CARTESIAN_POINT ( 'NONE',  ( -222.2500000000000284, -7.715696544512643717E-13, 0.000000000000000000 ) ) ;
#2160 = DIRECTION ( 'NONE',  ( 0.000000000000000000, -1.000000000000000000, 0.000000000000000000 ) ) ;
#2161 = ORIENTED_EDGE ( 'NONE', *, *, #967, .T. ) ;
#2162 = CARTESIAN_POINT ( 'NONE',  ( 219.2500000000003126, 73.20000000000000284, 137.9000000000000625 ) ) ;
#2163 = DIRECTION ( 'NONE',  ( 3.491481338843133355E-15, 1.000000000000000000, -3.179398763478275537E-31 ) ) ;
#2164 = EDGE_CURVE ( 'NONE', #2415, #3175, #5509, .T. ) ;
#2165 = ORIENTED_EDGE ( 'NONE', *, *, #155, .T. ) ;
#2166 = ORIENTED_EDGE ( 'NONE', *, *, #1615, .T. ) ;
#2167 = AXIS2_PLACEMENT_3D ( 'NONE', #3235, #845, #5870 ) ;
#2168 = VECTOR ( 'NONE', #4806, 1000.000000000000000 ) ;
#2169 = AXIS2_PLACEMENT_3D ( 'NONE', #5503, #3616, #2188 ) ;
#2170 = CARTESIAN_POINT ( 'NONE',  ( -196.6999999999999886, -3.000000000000000000, 122.9000000000000341 ) ) ;
#2171 = DIRECTION ( 'NONE',  ( 0.000000000000000000, 0.000000000000000000, -1.000000000000000000 ) ) ;
#2172 = AXIS2_PLACEMENT_3D ( 'NONE', #120, #3391, #4475 ) ;
#2173 = CARTESIAN_POINT ( 'NONE',  ( 222.2500000000008242, 152.0999999999996248, 143.8999999999999773 ) ) ;
#2174 = EDGE_CURVE ( 'NONE', #4375, #5679, #1548, .T. ) ;
#2175 = CARTESIAN_POINT ( 'NONE',  ( 215.9677423282305426, 159.5300000000000296, 127.9699999999999420 ) ) ;
#2176 = ADVANCED_FACE ( 'NONE', ( #205 ), #2530, .F. ) ;
#2177 = ORIENTED_EDGE ( 'NONE', *, *, #1075, .F. ) ;
#2178 = FACE_OUTER_BOUND ( 'NONE', #2983, .T. ) ;
#2179 = CIRCLE ( 'NONE', #4296, 1.500000000000001332 ) ;
#2180 = DIRECTION ( 'NONE',  ( -1.000000000000000000, -3.424500384408255971E-15, 0.000000000000000000 ) ) ;
#2181 = EDGE_CURVE ( 'NONE', #796, #6009, #1654, .T. ) ;
#2182 = CYLINDRICAL_SURFACE ( 'NONE', #5232, 1.549999999999995826 ) ;
#2183 = ORIENTED_EDGE ( 'NONE', *, *, #5841, .F. ) ;
#2184 = AXIS2_PLACEMENT_3D ( 'NONE', #6058, #3528, #4117 ) ;
#2185 = DIRECTION ( 'NONE',  ( 4.370956789862825094E-15, 1.000000000000000000, 0.000000000000000000 ) ) ;
#2186 = CARTESIAN_POINT ( 'NONE',  ( -219.2500000000000284, -7.610952104347350095E-13, 147.8300000000000409 ) ) ;
#2187 = EDGE_LOOP ( 'NONE', ( #3459, #6036, #563, #5047 ) ) ;
#2188 = DIRECTION ( 'NONE',  ( 1.000000000000000000, 0.000000000000000000, -9.106159978880874930E-17 ) ) ;
#2189 = CARTESIAN_POINT ( 'NONE',  ( 222.2500000000005116, 142.1699999999980264, -149.3300000000000409 ) ) ;
#2190 = VERTEX_POINT ( 'NONE', #3489 ) ;
#2191 = EDGE_CURVE ( 'NONE', #110, #5736, #5445, .T. ) ;
#2192 = ORIENTED_EDGE ( 'NONE', *, *, #3612, .T. ) ;
#2193 = DIRECTION ( 'NONE',  ( 1.000000000000000000, -3.424500384408255971E-15, -9.106159978880874930E-17 ) ) ;
#2194 = CARTESIAN_POINT ( 'NONE',  ( 0.000000000000000000, -3.000000000000000000, 127.9000000000000483 ) ) ;
#2195 = FACE_OUTER_BOUND ( 'NONE', #1643, .T. ) ;
#2196 = CARTESIAN_POINT ( 'NONE',  ( -219.2500000000005969, 162.1000000000000227, 50.53659999999997865 ) ) ;
#2197 = DIRECTION ( 'NONE',  ( 0.000000000000000000, -0.000000000000000000, 1.000000000000000000 ) ) ;
#2198 = VECTOR ( 'NONE', #5024, 1000.000000000000000 ) ;
#2199 = CIRCLE ( 'NONE', #6141, 3.500000000000003109 ) ;
#2200 = CARTESIAN_POINT ( 'NONE',  ( 219.2500000000002274, 45.06999999999802498, -1.996525575369633685E-14 ) ) ;
#2201 = EDGE_CURVE ( 'NONE', #3224, #617, #3180, .T. ) ;
#2202 = CARTESIAN_POINT ( 'NONE',  ( -222.2500000000000284, -1.047444401652940007E-14, -152.4000000000000341 ) ) ;
#2203 = DIRECTION ( 'NONE',  ( 0.000000000000000000, 0.000000000000000000, 1.000000000000000000 ) ) ;
#2204 = CARTESIAN_POINT ( 'NONE',  ( -219.2500000000001137, 27.55000000000147864, -128.3500000000000227 ) ) ;
#2205 = VECTOR ( 'NONE', #2345, 1000.000000000000000 ) ;
#2206 = AXIS2_PLACEMENT_3D ( 'NONE', #5718, #4250, #2724 ) ;
#2207 = CARTESIAN_POINT ( 'NONE',  ( -222.2500000000006253, 162.0999999999999943, 25.39659999999998519 ) ) ;
#2208 = CARTESIAN_POINT ( 'NONE',  ( -222.2500000000003695, 93.61999999999801503, -149.3300000000000409 ) ) ;
#2209 = ORIENTED_EDGE ( 'NONE', *, *, #1026, .F. ) ;
#2210 = EDGE_CURVE ( 'NONE', #5187, #3224, #2866, .T. ) ;
#2211 = LINE ( 'NONE', #4129, #4737 ) ;
#2212 = LINE ( 'NONE', #1667, #3691 ) ;
#2213 = DIRECTION ( 'NONE',  ( 1.000000000000000000, 3.491481338843133355E-15, 0.000000000000000000 ) ) ;
#2214 = DIRECTION ( 'NONE',  ( 1.000000000000000000, -3.424500384408256366E-15, -9.106159978880876162E-17 ) ) ;
#2215 = ORIENTED_EDGE ( 'NONE', *, *, #3039, .F. ) ;
#2216 = EDGE_CURVE ( 'NONE', #4903, #3152, #2687, .T. ) ;
#2217 = ORIENTED_EDGE ( 'NONE', *, *, #5550, .T. ) ;
#2218 = VECTOR ( 'NONE', #2639, 1000.000000000000000 ) ;
#2219 = DIRECTION ( 'NONE',  ( -0.000000000000000000, 1.000000000000000000, -0.000000000000000000 ) ) ;
#2220 = CARTESIAN_POINT ( 'NONE',  ( -226.7516488450830252, 45.06999999999802498, -147.8300000000000409 ) ) ;
#2221 = VERTEX_POINT ( 'NONE', #1720 ) ;
#2222 = AXIS2_PLACEMENT_3D ( 'NONE', #3646, #2580, #4518 ) ;
#2223 = CYLINDRICAL_SURFACE ( 'NONE', #1252, 1.500000000000001332 ) ;
#2224 = CARTESIAN_POINT ( 'NONE',  ( 219.2500000000005684, 152.0999999999996248, -143.9000000000000341 ) ) ;
#2225 = EDGE_LOOP ( 'NONE', ( #1741, #4609, #1065, #986 ) ) ;
#2226 = ORIENTED_EDGE ( 'NONE', *, *, #2552, .T. ) ;
#2227 = ORIENTED_EDGE ( 'NONE', *, *, #6207, .F. ) ;
#2228 = DIRECTION ( 'NONE',  ( -3.424500384408255577E-15, 1.000000000000000000, 0.000000000000000000 ) ) ;
#2229 = FACE_BOUND ( 'NONE', #3817, .T. ) ;
#2230 = ORIENTED_EDGE ( 'NONE', *, *, #1853, .T. ) ;
#2231 = EDGE_CURVE ( 'NONE', #5712, #1827, #2810, .T. ) ;
#2232 = AXIS2_PLACEMENT_3D ( 'NONE', #5808, #4410, #990 ) ;
#2233 = LINE ( 'NONE', #4627, #4235 ) ;
#2234 = VERTEX_POINT ( 'NONE', #5260 ) ;
#2235 = CARTESIAN_POINT ( 'NONE',  ( 222.2500000000005684, 145.4999999999967599, 114.6800000000000779 ) ) ;
#2236 = ORIENTED_EDGE ( 'NONE', *, *, #1002, .T. ) ;
#2237 = EDGE_CURVE ( 'NONE', #2325, #4208, #2401, .T. ) ;
#2238 = CARTESIAN_POINT ( 'NONE',  ( 222.2500000000006253, 159.5300000000000011, 25.39659999999998519 ) ) ;
#2240 = ORIENTED_EDGE ( 'NONE', *, *, #3988, .F. ) ;
#2239 = CARTESIAN_POINT ( 'NONE',  ( 219.2500000000006253, 162.0999999999999943, 50.53659999999998576 ) ) ;
#2241 = ORIENTED_EDGE ( 'NONE', *, *, #630, .T. ) ;
#2242 = PLANE ( 'NONE',  #4414 ) ;
#2243 = ORIENTED_EDGE ( 'NONE', *, *, #3732, .T. ) ;
#2244 = CIRCLE ( 'NONE', #3323, 1.599999999999990319 ) ;
#2245 = CARTESIAN_POINT ( 'NONE',  ( -201.7500000000000284, -3.000000000000014655, -138.3750000000000284 ) ) ;
#2246 = DIRECTION ( 'NONE',  ( 0.000000000000000000, -1.000000000000000000, 0.000000000000000000 ) ) ;
#2247 = ORIENTED_EDGE ( 'NONE', *, *, #4370, .T. ) ;
#2248 = CARTESIAN_POINT ( 'NONE',  ( -219.2500000000005400, 143.0500000000015177, -5.411644377389516338E-29 ) ) ;
#2249 = LINE ( 'NONE', #6099, #4864 ) ;
#2250 = CARTESIAN_POINT ( 'NONE',  ( 222.2500000000006253, 162.0999999999999943, 50.53659999999998576 ) ) ;
#2251 = AXIS2_PLACEMENT_3D ( 'NONE', #5724, #348, #2333 ) ;
#2252 = AXIS2_PLACEMENT_3D ( 'NONE', #2628, #3092, #5045 ) ;
#2253 = ORIENTED_EDGE ( 'NONE', *, *, #1017, .T. ) ;
#2254 = EDGE_CURVE ( 'NONE', #825, #2415, #4328, .T. ) ;
#2255 = CARTESIAN_POINT ( 'NONE',  ( 222.2500000000000853, 3.499999999999964917, 152.4000000000000341 ) ) ;
#2256 = CARTESIAN_POINT ( 'NONE',  ( -219.2500000000003126, 68.47999999999801446, -149.3300000000000409 ) ) ;
#2257 = CIRCLE ( 'NONE', #1526, 4.600000000003018563 ) ;
#2258 = ORIENTED_EDGE ( 'NONE', *, *, #585, .T. ) ;
#2259 = ORIENTED_EDGE ( 'NONE', *, *, #1470, .F. ) ;
#2260 = LINE ( 'NONE', #4683, #1973 ) ;
#2261 = CARTESIAN_POINT ( 'NONE',  ( -219.2500000000005969, 162.0999999999999943, 25.39659999999999229 ) ) ;
#2262 = ORIENTED_EDGE ( 'NONE', *, *, #1889, .T. ) ;
#2263 = ADVANCED_FACE ( 'NONE', ( #1873 ), #6048, .T. ) ;
#2264 = CARTESIAN_POINT ( 'NONE',  ( -219.2500000000005400, 145.4999999999952536, 91.68000000000007788 ) ) ;
#2265 = VERTEX_POINT ( 'NONE', #3777 ) ;
#2266 = EDGE_CURVE ( 'NONE', #2567, #5285, #5073, .T. ) ;
#2267 = PLANE ( 'NONE',  #165 ) ;
#2268 = ORIENTED_EDGE ( 'NONE', *, *, #5205, .F. ) ;
#2269 = DIRECTION ( 'NONE',  ( 0.000000000000000000, 0.000000000000000000, -1.000000000000000000 ) ) ;
#2270 = ORIENTED_EDGE ( 'NONE', *, *, #5378, .F. ) ;
#2271 = LINE ( 'NONE', #5241, #2109 ) ;
#2272 = CARTESIAN_POINT ( 'NONE',  ( -24.68344801572517255, -3.000000000000000000, 56.90000011181512463 ) ) ;
#2273 = ORIENTED_EDGE ( 'NONE', *, *, #401, .T. ) ;
#2274 = DIRECTION ( 'NONE',  ( 2.310239685727674755E-45, 3.179398763478275099E-31, 1.000000000000000000 ) ) ;
#2275 = EDGE_CURVE ( 'NONE', #4283, #2339, #4297, .T. ) ;
#2276 = DIRECTION ( 'NONE',  ( 0.000000000000000000, 1.000000000000000000, 0.000000000000000000 ) ) ;
#2277 = LINE ( 'NONE', #4195, #4136 ) ;
#2278 = VERTEX_POINT ( 'NONE', #3620 ) ;
#2279 = CIRCLE ( 'NONE', #3763, 1.549999999999995826 ) ;
#2280 = DIRECTION ( 'NONE',  ( -1.000000000000000000, -3.424500384408255971E-15, 0.000000000000000000 ) ) ;
#2281 = DIRECTION ( 'NONE',  ( 0.000000000000000000, 0.000000000000000000, 1.000000000000000000 ) ) ;
#2282 = CARTESIAN_POINT ( 'NONE',  ( -35.70000000000000995, -10.00000000000000000, -128.3500000000000227 ) ) ;
#2283 = ORIENTED_EDGE ( 'NONE', *, *, #5341, .T. ) ;
#2284 = LINE ( 'NONE', #4204, #581 ) ;
#2285 = LINE ( 'NONE', #296, #1036 ) ;
#2286 = EDGE_CURVE ( 'NONE', #1758, #995, #726, .T. ) ;
#2287 = DIRECTION ( 'NONE',  ( 3.424500384408255577E-15, 1.000000000000000000, -0.000000000000000000 ) ) ;
#2288 = DIRECTION ( 'NONE',  ( -3.491481338843133355E-15, -1.000000000000000000, 3.179398763478275537E-31 ) ) ;
#2289 = VERTEX_POINT ( 'NONE', #5578 ) ;
#2290 = VECTOR ( 'NONE', #2328, 1000.000000000000000 ) ;
#2291 = LINE ( 'NONE', #4304, #3895 ) ;
#2292 = DIRECTION ( 'NONE',  ( 3.491481338843133355E-15, -1.000000000000000000, 0.000000000000000000 ) ) ;
#2293 = ORIENTED_EDGE ( 'NONE', *, *, #4402, .T. ) ;
#2294 = EDGE_CURVE ( 'NONE', #3119, #302, #1905, .T. ) ;
#2295 = LINE ( 'NONE', #1759, #95 ) ;
#2296 = ORIENTED_EDGE ( 'NONE', *, *, #4984, .F. ) ;
#2297 = EDGE_CURVE ( 'NONE', #2715, #3543, #3807, .T. ) ;
#2298 = CARTESIAN_POINT ( 'NONE',  ( 218.4302213278078852, 159.5300000000000296, -26.89670000000000982 ) ) ;
#2299 = CARTESIAN_POINT ( 'NONE',  ( -191.7000000000000171, 0.000000000000000000, -128.3500000000000227 ) ) ;
#2300 = ORIENTED_EDGE ( 'NONE', *, *, #3395, .T. ) ;
#2301 = EDGE_CURVE ( 'NONE', #297, #4618, #1237, .T. ) ;
#2302 = DIRECTION ( 'NONE',  ( -1.380874408737756522E-16, 0.000000000000000000, -1.000000000000000000 ) ) ;
#2303 = CARTESIAN_POINT ( 'NONE',  ( -218.4302213278078852, 159.5300000000000296, -26.89670000000000982 ) ) ;
#2304 = VECTOR ( 'NONE', #5135, 1000.000000000000000 ) ;
#2305 = DIRECTION ( 'NONE',  ( 1.000000000000000000, -0.000000000000000000, -0.000000000000000000 ) ) ;
#2306 = DIRECTION ( 'NONE',  ( 1.000000000000000000, -3.424500384408255971E-15, -9.106159978880874930E-17 ) ) ;
#2307 = DIRECTION ( 'NONE',  ( -0.000000000000000000, 1.000000000000000000, -0.000000000000000000 ) ) ;
#2308 = ADVANCED_FACE ( 'NONE', ( #6254 ), #3148, .T. ) ;
#2309 = VECTOR ( 'NONE', #835, 1000.000000000000000 ) ;
#2310 = CARTESIAN_POINT ( 'NONE',  ( -219.2500000000003126, 27.55000000000147864, 127.9000000000000625 ) ) ;
#2311 = ORIENTED_EDGE ( 'NONE', *, *, #1530, .T. ) ;
#2312 = FACE_OUTER_BOUND ( 'NONE', #4699, .T. ) ;
#2313 = CYLINDRICAL_SURFACE ( 'NONE', #4382, 1.599999999999990319 ) ;
#2314 = DIRECTION ( 'NONE',  ( 0.000000000000000000, -0.000000000000000000, 1.000000000000000000 ) ) ;
#2315 = DIRECTION ( 'NONE',  ( -0.000000000000000000, 0.000000000000000000, 1.000000000000000000 ) ) ;
#2316 = VECTOR ( 'NONE', #640, 1000.000000000000000 ) ;
#2317 = CARTESIAN_POINT ( 'NONE',  ( -226.7516488450830252, 19.92999999999800309, 147.8300000000000409 ) ) ;
#2318 = ORIENTED_EDGE ( 'NONE', *, *, #3622, .F. ) ;
#2319 = CARTESIAN_POINT ( 'NONE',  ( 219.2500000000000568, -7.610952104347351105E-13, 147.8300000000000409 ) ) ;
#2320 = AXIS2_PLACEMENT_3D ( 'NONE', #716, #3076, #2579 ) ;
#2321 = LINE ( 'NONE', #6144, #2115 ) ;
#2322 = ORIENTED_EDGE ( 'NONE', *, *, #4218, .F. ) ;
#2323 = LINE ( 'NONE', #2722, #823 ) ;
#2324 = EDGE_CURVE ( 'NONE', #2055, #1636, #271, .T. ) ;
#2325 = VERTEX_POINT ( 'NONE', #5106 ) ;
#2326 = ADVANCED_FACE ( 'NONE', ( #758, #2229, #4149, #1755, #3654, #5225, #876 ), #3957, .T. ) ;
#2327 = LINE ( 'NONE', #5586, #4422 ) ;
#2328 = DIRECTION ( 'NONE',  ( 3.424500384408255577E-15, 1.000000000000000000, -0.000000000000000000 ) ) ;
#2329 = ORIENTED_EDGE ( 'NONE', *, *, #5774, .F. ) ;
#2330 = EDGE_CURVE ( 'NONE', #6028, #5079, #2517, .T. ) ;
#2331 = DIRECTION ( 'NONE',  ( -1.000000000000000000, 0.000000000000000000, 9.106159978880874930E-17 ) ) ;
#2332 = ORIENTED_EDGE ( 'NONE', *, *, #782, .F. ) ;
#2333 = DIRECTION ( 'NONE',  ( 1.000000000000000000, -3.491481338843133355E-15, 0.000000000000000000 ) ) ;
#2334 = DIRECTION ( 'NONE',  ( -4.418089334404615211E-15, -1.574361634076342124E-29, -1.000000000000000000 ) ) ;
#2335 = DIRECTION ( 'NONE',  ( 1.000000000000000000, -3.424500384408255577E-15, -9.106159978880874930E-17 ) ) ;
#2336 = EDGE_CURVE ( 'NONE', #4146, #814, #4479, .T. ) ;
#2337 = CARTESIAN_POINT ( 'NONE',  ( 219.2500000000005400, 142.1699999999980264, 152.4000000000000341 ) ) ;
#2338 = CARTESIAN_POINT ( 'NONE',  ( -216.9384294077728725, 159.5300000000000296, 50.53659999999997154 ) ) ;
#2339 = VERTEX_POINT ( 'NONE', #32 ) ;
#2340 = CARTESIAN_POINT ( 'NONE',  ( 219.2500000000006253, 162.1000000000000227, -129.4700000000000273 ) ) ;
#2341 = CARTESIAN_POINT ( 'NONE',  ( 219.2500000000006253, 159.5300000000000296, -52.03670000000001750 ) ) ;
#2342 = DIRECTION ( 'NONE',  ( 0.000000000000000000, 0.000000000000000000, 1.000000000000000000 ) ) ;
#2343 = CIRCLE ( 'NONE', #4456, 5.000000000000000888 ) ;
#2344 = CARTESIAN_POINT ( 'NONE',  ( 222.2500000000006253, 159.5300000000000011, -104.3300000000000409 ) ) ;
#2345 = DIRECTION ( 'NONE',  ( -3.424500384408255577E-15, 1.000000000000000000, -0.000000000000000000 ) ) ;
#2346 = ORIENTED_EDGE ( 'NONE', *, *, #4997, .T. ) ;
#2347 = ORIENTED_EDGE ( 'NONE', *, *, #935, .T. ) ;
#2348 = EDGE_CURVE ( 'NONE', #5958, #1522, #2502, .T. ) ;
#2349 = VECTOR ( 'NONE', #1131, 1000.000000000000000 ) ;
#2350 = CARTESIAN_POINT ( 'NONE',  ( -222.2500000000010516, 22.55000000000148930, -128.3500000000000227 ) ) ;
#2351 = VERTEX_POINT ( 'NONE', #2483 ) ;
#2352 = CARTESIAN_POINT ( 'NONE',  ( -222.2500000000010232, 22.55000000000148930, 122.9000000000000767 ) ) ;
#2353 = ORIENTED_EDGE ( 'NONE', *, *, #5561, .T. ) ;
#2354 = CARTESIAN_POINT ( 'NONE',  ( -219.2500000000005969, 159.5300000000000296, -52.03670000000001750 ) ) ;
#2355 = ORIENTED_EDGE ( 'NONE', *, *, #54, .T. ) ;
#2356 = FACE_BOUND ( 'NONE', #858, .T. ) ;
#2357 = VERTEX_POINT ( 'NONE', #4892 ) ;
#2358 = FACE_OUTER_BOUND ( 'NONE', #4166, .T. ) ;
#2359 = EDGE_CURVE ( 'NONE', #3996, #5588, #5791, .T. ) ;
#2360 = CARTESIAN_POINT ( 'NONE',  ( 226.7516488450830252, 45.06999999999802498, 147.8300000000000409 ) ) ;
#2361 = DIRECTION ( 'NONE',  ( 0.000000000000000000, 0.000000000000000000, 1.000000000000000000 ) ) ;
#2362 = LINE ( 'NONE', #3736, #181 ) ;
#2363 = LINE ( 'NONE', #2248, #6015 ) ;
#2364 = DIRECTION ( 'NONE',  ( -0.000000000000000000, 1.000000000000000000, -0.000000000000000000 ) ) ;
#2365 = ADVANCED_FACE ( 'NONE', ( #2979 ), #5846, .F. ) ;
#2366 = FACE_OUTER_BOUND ( 'NONE', #4911, .T. ) ;
#2367 = ORIENTED_EDGE ( 'NONE', *, *, #776, .F. ) ;
#2368 = AXIS2_PLACEMENT_3D ( 'NONE', #4466, #109, #2160 ) ;
#2369 = CARTESIAN_POINT ( 'NONE',  ( 191.7000000000000455, -10.00000000000000000, -133.3500000000000227 ) ) ;
#2370 = VECTOR ( 'NONE', #5439, 1000.000000000000000 ) ;
#2371 = DIRECTION ( 'NONE',  ( 0.000000000000000000, -1.000000000000000000, 0.000000000000000000 ) ) ;
#2372 = EDGE_CURVE ( 'NONE', #6085, #403, #1448, .T. ) ;
#2373 = CARTESIAN_POINT ( 'NONE',  ( -219.2500000000001990, 45.06999999999802498, 0.000000000000000000 ) ) ;
#2374 = ORIENTED_EDGE ( 'NONE', *, *, #2751, .T. ) ;
#2375 = EDGE_CURVE ( 'NONE', #4179, #3820, #3810, .T. ) ;
#2376 = CARTESIAN_POINT ( 'NONE',  ( -215.7500000000000284, 3.499999999999987566, 152.3999999999999773 ) ) ;
#2377 = CIRCLE ( 'NONE', #1044, 5.000000000000004441 ) ;
#2378 = EDGE_LOOP ( 'NONE', ( #1375, #3275, #1339, #1788 ) ) ;
#2379 = CARTESIAN_POINT ( 'NONE',  ( 222.2500000000008242, 152.0999999999996248, -143.9000000000000341 ) ) ;
#2380 = ORIENTED_EDGE ( 'NONE', *, *, #1853, .F. ) ;
#2381 = EDGE_CURVE ( 'NONE', #5712, #3671, #5842, .T. ) ;
#2382 = VECTOR ( 'NONE', #832, 1000.000000000000000 ) ;
#2383 = CARTESIAN_POINT ( 'NONE',  ( 24.67999999998790628, -10.00000000000000000, 55.20000011181492283 ) ) ;
#2384 = VECTOR ( 'NONE', #3320, 1000.000000000000000 ) ;
#2385 = DIRECTION ( 'NONE',  ( 0.000000000000000000, 1.000000000000000000, 0.000000000000000000 ) ) ;
#2386 = ORIENTED_EDGE ( 'NONE', *, *, #2132, .F. ) ;
#2387 = DIRECTION ( 'NONE',  ( 0.000000000000000000, 0.000000000000000000, -1.000000000000000000 ) ) ;
#2388 = ORIENTED_EDGE ( 'NONE', *, *, #5389, .F. ) ;
#2389 = ORIENTED_EDGE ( 'NONE', *, *, #2721, .T. ) ;
#2390 = FACE_OUTER_BOUND ( 'NONE', #834, .T. ) ;
#2391 = CARTESIAN_POINT ( 'NONE',  ( 218.4302213278078852, 159.5300000000000296, -52.03670000000001750 ) ) ;
#2392 = CARTESIAN_POINT ( 'NONE',  ( 24.67999999998790628, -10.00000000000000000, 56.90000011181492567 ) ) ;
#2393 = LINE ( 'NONE', #962, #1567 ) ;
#2394 = CARTESIAN_POINT ( 'NONE',  ( 222.2500000000000568, -7.715696544512644727E-13, -152.4000000000000341 ) ) ;
#2395 = DIRECTION ( 'NONE',  ( 1.000000000000000000, 5.225493125563035928E-15, 0.000000000000000000 ) ) ;
#2396 = VECTOR ( 'NONE', #5600, 1000.000000000000000 ) ;
#2397 = DIRECTION ( 'NONE',  ( -1.000000000000000000, -3.424500384408255971E-15, -0.000000000000000000 ) ) ;
#2398 = EDGE_CURVE ( 'NONE', #5706, #3178, #999, .T. ) ;
#2399 = DIRECTION ( 'NONE',  ( 1.000000000000000000, 0.000000000000000000, -9.106159978880874930E-17 ) ) ;
#2400 = VECTOR ( 'NONE', #2763, 1000.000000000000000 ) ;
#2401 = LINE ( 'NONE', #911, #3253 ) ;
#2402 = ORIENTED_EDGE ( 'NONE', *, *, #557, .F. ) ;
#2403 = LINE ( 'NONE', #6167, #535 ) ;
#2404 = ADVANCED_FACE ( 'NONE', ( #3013 ), #4923, .T. ) ;
#2405 = DIRECTION ( 'NONE',  ( 1.000000000000000000, -3.424500384408255971E-15, -9.106159978880874930E-17 ) ) ;
#2406 = CARTESIAN_POINT ( 'NONE',  ( -222.2499999999993463, 162.0999999999999943, 127.9699999999999704 ) ) ;
#2407 = EDGE_LOOP ( 'NONE', ( #3978, #3094, #3226, #4101 ) ) ;
#2408 = LINE ( 'NONE', #6111, #5269 ) ;
#2409 = AXIS2_PLACEMENT_3D ( 'NONE', #5962, #3096, #5926 ) ;
#2410 = ORIENTED_EDGE ( 'NONE', *, *, #6021, .F. ) ;
#2411 = LINE ( 'NONE', #1484, #6205 ) ;
#2412 = ORIENTED_EDGE ( 'NONE', *, *, #5512, .F. ) ;
#2413 = VECTOR ( 'NONE', #253, 1000.000000000000000 ) ;
#2414 = CARTESIAN_POINT ( 'NONE',  ( 191.7000000000000739, -3.000000000000000000, 127.9000000000000483 ) ) ;
#2415 = VERTEX_POINT ( 'NONE', #1054 ) ;
#2416 = CARTESIAN_POINT ( 'NONE',  ( 222.2500000000001137, 22.54999999999996518, -128.3500000000000512 ) ) ;
#2417 = VECTOR ( 'NONE', #3955, 1000.000000000000000 ) ;
#2418 = ORIENTED_EDGE ( 'NONE', *, *, #4309, .T. ) ;
#2419 = CARTESIAN_POINT ( 'NONE',  ( 35.70000000000003837, 0.000000000000000000, -128.3500000000000227 ) ) ;
#2420 = EDGE_CURVE ( 'NONE', #852, #3000, #3439, .T. ) ;
#2421 = DIRECTION ( 'NONE',  ( 0.000000000000000000, 0.000000000000000000, 1.000000000000000000 ) ) ;
#2422 = FACE_OUTER_BOUND ( 'NONE', #3971, .T. ) ;
#2423 = DIRECTION ( 'NONE',  ( 0.000000000000000000, 0.000000000000000000, 1.000000000000000000 ) ) ;
#2424 = VECTOR ( 'NONE', #1125, 1000.000000000000000 ) ;
#2425 = DIRECTION ( 'NONE',  ( 3.424500384408255577E-15, -1.000000000000000000, 3.179398763478275099E-31 ) ) ;
#2426 = ORIENTED_EDGE ( 'NONE', *, *, #4089, .T. ) ;
#2427 = PLANE ( 'NONE',  #3605 ) ;
#2428 = DIRECTION ( 'NONE',  ( 1.000000000000000000, 0.000000000000000000, -0.000000000000000000 ) ) ;
#2429 = CARTESIAN_POINT ( 'NONE',  ( -215.7500000000000284, -1.517883041479706208E-14, 152.4000000000000341 ) ) ;
#2430 = FACE_BOUND ( 'NONE', #799, .T. ) ;
#2431 = LINE ( 'NONE', #4362, #4889 ) ;
#2432 = CARTESIAN_POINT ( 'NONE',  ( 219.2500000000005684, 145.4999999999967599, 114.6800000000000779 ) ) ;
#2433 = EDGE_CURVE ( 'NONE', #282, #4, #970, .T. ) ;
#2434 = VERTEX_POINT ( 'NONE', #4835 ) ;
#2435 = DIRECTION ( 'NONE',  ( -0.000000000000000000, -0.000000000000000000, -1.000000000000000000 ) ) ;
#2436 = ORIENTED_EDGE ( 'NONE', *, *, #3284, .F. ) ;
#2437 = DIRECTION ( 'NONE',  ( 0.000000000000000000, 0.000000000000000000, 1.000000000000000000 ) ) ;
#2438 = EDGE_CURVE ( 'NONE', #110, #4062, #2, .T. ) ;
#2439 = AXIS2_PLACEMENT_3D ( 'NONE', #4577, #5154, #5968 ) ;
#2440 = ORIENTED_EDGE ( 'NONE', *, *, #2103, .F. ) ;
#2441 = ADVANCED_FACE ( 'NONE', ( #1965 ), #1568, .F. ) ;
#2442 = CARTESIAN_POINT ( 'NONE',  ( 219.2500000000005969, 150.5499999999996419, 143.8999999999999773 ) ) ;
#2443 = LINE ( 'NONE', #2939, #3265 ) ;
#2444 = VERTEX_POINT ( 'NONE', #3871 ) ;
#2445 = PLANE ( 'NONE',  #2098 ) ;
#2446 = CARTESIAN_POINT ( 'NONE',  ( 0.000000000000000000, 0.000000000000000000, -149.3300000000000409 ) ) ;
#2447 = LINE ( 'NONE', #5364, #2676 ) ;
#2448 = DIRECTION ( 'NONE',  ( 1.000000000000000000, -3.491481338843133355E-15, 0.000000000000000000 ) ) ;
#2449 = ADVANCED_FACE ( 'NONE', ( #3388 ), #5342, .F. ) ;
#2450 = VERTEX_POINT ( 'NONE', #2453 ) ;
#2451 = DIRECTION ( 'NONE',  ( -1.380874408737756522E-16, -0.000000000000000000, -1.000000000000000000 ) ) ;
#2452 = CARTESIAN_POINT ( 'NONE',  ( 219.2500000000000568, 3.499999999999975131, -152.4000000000000341 ) ) ;
#2453 = CARTESIAN_POINT ( 'NONE',  ( 219.2500000000003695, 93.61999999999801503, 152.4000000000000341 ) ) ;
#2454 = DIRECTION ( 'NONE',  ( 1.000000000000000000, -0.000000000000000000, -0.000000000000000000 ) ) ;
#2455 = CARTESIAN_POINT ( 'NONE',  ( 222.2500000000005969, 117.0299999999980116, -152.4000000000000341 ) ) ;
#2456 = ORIENTED_EDGE ( 'NONE', *, *, #2545, .T. ) ;
#2457 = VECTOR ( 'NONE', #3207, 1000.000000000000000 ) ;
#2458 = AXIS2_PLACEMENT_3D ( 'NONE', #5827, #2385, #1403 ) ;
#2459 = PRESENTATION_LAYER_ASSIGNMENT (  '', '', ( #3154 ) ) ;
#2460 = DIRECTION ( 'NONE',  ( 0.000000000000000000, 1.000000000000000000, 0.000000000000000000 ) ) ;
#2461 = EDGE_CURVE ( 'NONE', #3647, #1258, #5557, .T. ) ;
#2462 = AXIS2_PLACEMENT_3D ( 'NONE', #1907, #1874, #2314 ) ;
#2463 = DIRECTION ( 'NONE',  ( 0.000000000000000000, 1.000000000000000000, 0.000000000000000000 ) ) ;
#2464 = ORIENTED_EDGE ( 'NONE', *, *, #493, .F. ) ;
#2465 = VERTEX_POINT ( 'NONE', #2079 ) ;
#2466 = ORIENTED_EDGE ( 'NONE', *, *, #6183, .F. ) ;
#2467 = EDGE_CURVE ( 'NONE', #5959, #1444, #1400, .T. ) ;
#2468 = DIRECTION ( 'NONE',  ( 1.000000000000000000, 3.424500384408255971E-15, -0.000000000000000000 ) ) ;
#2469 = ORIENTED_EDGE ( 'NONE', *, *, #4771, .F. ) ;
#2470 = VECTOR ( 'NONE', #1586, 1000.000000000000000 ) ;
#2471 = CARTESIAN_POINT ( 'NONE',  ( 222.2500000000006253, 159.5300000000000011, 25.39659999999998519 ) ) ;
#2472 = VERTEX_POINT ( 'NONE', #1157 ) ;
#2473 = EDGE_CURVE ( 'NONE', #5089, #3315, #4993, .T. ) ;
#2474 = AXIS2_PLACEMENT_3D ( 'NONE', #3947, #5010, #728 ) ;
#2475 = EDGE_CURVE ( 'NONE', #5974, #114, #5122, .T. ) ;
#2476 = CARTESIAN_POINT ( 'NONE',  ( -222.2500000000005400, 143.8999999999952593, 91.68000000000007788 ) ) ;
#2477 = PLANE ( 'NONE',  #133 ) ;
#2478 = LINE ( 'NONE', #1596, #1063 ) ;
#2479 = ORIENTED_EDGE ( 'NONE', *, *, #2962, .T. ) ;
#2480 = FACE_BOUND ( 'NONE', #937, .T. ) ;
#2481 = ADVANCED_FACE ( 'NONE', ( #2178 ), #778, .F. ) ;
#2482 = CARTESIAN_POINT ( 'NONE',  ( 219.2500000000005684, 153.6499999999996078, -143.9000000000000341 ) ) ;
#2483 = CARTESIAN_POINT ( 'NONE',  ( -219.2500000000001421, 27.55000000000147864, -133.3500000000000227 ) ) ;
#2484 = DIRECTION ( 'NONE',  ( 0.000000000000000000, 0.000000000000000000, 1.000000000000000000 ) ) ;
#2485 = AXIS2_PLACEMENT_3D ( 'NONE', #5528, #2642, #3610 ) ;
#2486 = VERTEX_POINT ( 'NONE', #2702 ) ;
#2487 = DIRECTION ( 'NONE',  ( -1.000000000000000000, 3.424500384408255971E-15, 9.106159978880874930E-17 ) ) ;
#2488 = ORIENTED_EDGE ( 'NONE', *, *, #29, .T. ) ;
#2489 = VECTOR ( 'NONE', #4733, 1000.000000000000000 ) ;
#2490 = EDGE_CURVE ( 'NONE', #5873, #5296, #5056, .T. ) ;
#2491 = CARTESIAN_POINT ( 'NONE',  ( -222.2500000000006253, 162.0999999999999943, -52.03670000000001750 ) ) ;
#2492 = ORIENTED_EDGE ( 'NONE', *, *, #2475, .F. ) ;
#2493 = ORIENTED_EDGE ( 'NONE', *, *, #5957, .F. ) ;
#2494 = CARTESIAN_POINT ( 'NONE',  ( -219.2500000000005969, 159.5300000000000296, -26.89670000000000627 ) ) ;
#2495 = PRODUCT_DEFINITION_FORMATION_WITH_SPECIFIED_SOURCE ( 'ANY', '', #104, .NOT_KNOWN. ) ;
#2496 = ORIENTED_EDGE ( 'NONE', *, *, #925, .T. ) ;
#2497 = ORIENTED_EDGE ( 'NONE', *, *, #4487, .F. ) ;
#2498 = DIRECTION ( 'NONE',  ( 0.000000000000000000, -1.000000000000000000, 0.000000000000000000 ) ) ;
#2499 = EDGE_LOOP ( 'NONE', ( #2389, #938 ) ) ;
#2500 = DIRECTION ( 'NONE',  ( 0.000000000000000000, -1.000000000000000000, 0.000000000000000000 ) ) ;
#2501 = ORIENTED_EDGE ( 'NONE', *, *, #4984, .T. ) ;
#2502 = CIRCLE ( 'NONE', #1496, 12.50000000000001066 ) ;
#2503 = VECTOR ( 'NONE', #4996, 1000.000000000000000 ) ;
#2504 = EDGE_CURVE ( 'NONE', #1661, #1650, #3506, .T. ) ;
#2505 = ORIENTED_EDGE ( 'NONE', *, *, #4571, .F. ) ;
#2506 = VECTOR ( 'NONE', #4624, 1000.000000000000000 ) ;
#2507 = ORIENTED_EDGE ( 'NONE', *, *, #5405, .F. ) ;
#2508 = DIRECTION ( 'NONE',  ( 1.000000000000000000, -3.424500384408256366E-15, -9.106159978880876162E-17 ) ) ;
#2509 = VECTOR ( 'NONE', #4989, 1000.000000000000000 ) ;
#2510 = CARTESIAN_POINT ( 'NONE',  ( -222.2500000000000284, 142.1699999999980264, -152.4000000000000341 ) ) ;
#2511 = VECTOR ( 'NONE', #5851, 1000.000000000000000 ) ;
#2512 = CARTESIAN_POINT ( 'NONE',  ( 222.2500000000008242, 152.0999999999996248, 143.8999999999999773 ) ) ;
#2513 = EDGE_LOOP ( 'NONE', ( #3368, #1479, #1840, #974 ) ) ;
#2514 = CARTESIAN_POINT ( 'NONE',  ( 222.2500000000000568, -7.715696544512644727E-13, -152.4000000000000341 ) ) ;
#2515 = DIRECTION ( 'NONE',  ( 1.000000000000000000, -3.424500384408256366E-15, 0.000000000000000000 ) ) ;
#2516 = ADVANCED_FACE ( 'NONE', ( #2146 ), #5090, .F. ) ;
#2517 = LINE ( 'NONE', #2898, #269 ) ;
#2518 = CARTESIAN_POINT ( 'NONE',  ( -219.2500000000001137, 22.55000000000147864, -8.530764118150561898E-30 ) ) ;
#2519 = CYLINDRICAL_SURFACE ( 'NONE', #3690, 5.000000000000004441 ) ;
#2520 = EDGE_LOOP ( 'NONE', ( #1537, #3948, #1133, #5434 ) ) ;
#2521 = CARTESIAN_POINT ( 'NONE',  ( 16.65000000000003766, -10.00000000000000000, -128.3500000000000227 ) ) ;
#2522 = ORIENTED_EDGE ( 'NONE', *, *, #967, .F. ) ;
#2523 = CARTESIAN_POINT ( 'NONE',  ( -222.2500000000005969, 68.47999999999801446, 152.4000000000000341 ) ) ;
#2524 = VECTOR ( 'NONE', #5377, 1000.000000000000000 ) ;
#2525 = ORIENTED_EDGE ( 'NONE', *, *, #1591, .T. ) ;
#2526 = EDGE_CURVE ( 'NONE', #1171, #2030, #5999, .T. ) ;
#2527 = EDGE_LOOP ( 'NONE', ( #886, #1884, #5506, #2380 ) ) ;
#2528 = ORIENTED_EDGE ( 'NONE', *, *, #423, .F. ) ;
#2529 = FACE_BOUND ( 'NONE', #1421, .T. ) ;
#2530 = CYLINDRICAL_SURFACE ( 'NONE', #2368, 1.599999999999990319 ) ;
#2531 = VERTEX_POINT ( 'NONE', #1736 ) ;
#2532 = LINE ( 'NONE', #4079, #2875 ) ;
#2533 = VECTOR ( 'NONE', #960, 1000.000000000000000 ) ;
#2534 = AXIS2_PLACEMENT_3D ( 'NONE', #659, #3523, #5481 ) ;
#2535 = EDGE_LOOP ( 'NONE', ( #881, #486, #3578, #1175 ) ) ;
#2536 = CIRCLE ( 'NONE', #6087, 5.000000000000004441 ) ;
#2537 = FACE_OUTER_BOUND ( 'NONE', #3313, .T. ) ;
#2538 = ADVANCED_FACE ( 'NONE', ( #5021 ), #1666, .F. ) ;
#2539 = CARTESIAN_POINT ( 'NONE',  ( 219.2500000000003411, 68.47999999999801446, -149.3300000000000409 ) ) ;
#2540 = LINE ( 'NONE', #4952, #1428 ) ;
#2541 = CARTESIAN_POINT ( 'NONE',  ( -222.2500000000005969, 117.0299999999980116, 152.4000000000000341 ) ) ;
#2542 = CARTESIAN_POINT ( 'NONE',  ( -219.2500000000000284, -7.610952104347350095E-13, 147.8300000000000409 ) ) ;
#2543 = LINE ( 'NONE', #5459, #277 ) ;
#2544 = CARTESIAN_POINT ( 'NONE',  ( -24.68344801572538216, -10.00000000000000000, 28.40000011181540174 ) ) ;
#2545 = EDGE_CURVE ( 'NONE', #1553, #5448, #4545, .T. ) ;
#2546 = CARTESIAN_POINT ( 'NONE',  ( 40.70000000000003126, -10.00000000000000000, -133.3500000000000227 ) ) ;
#2547 = FACE_OUTER_BOUND ( 'NONE', #1839, .T. ) ;
#2548 = ORIENTED_EDGE ( 'NONE', *, *, #2294, .T. ) ;
#2549 = EDGE_CURVE ( 'NONE', #198, #5255, #5462, .T. ) ;
#2550 = FACE_OUTER_BOUND ( 'NONE', #723, .T. ) ;
#2551 = CARTESIAN_POINT ( 'NONE',  ( 219.2500000000006253, 159.5300000000000296, -1.996525575369626743E-14 ) ) ;
#2552 = EDGE_CURVE ( 'NONE', #5384, #2881, #2669, .T. ) ;
#2553 = ORIENTED_EDGE ( 'NONE', *, *, #771, .F. ) ;
#2554 = FACE_OUTER_BOUND ( 'NONE', #5741, .T. ) ;
#2555 = CARTESIAN_POINT ( 'NONE',  ( -222.2500000000006253, 143.0500000000015177, 118.5732634126181892 ) ) ;
#2556 = VERTEX_POINT ( 'NONE', #3608 ) ;
#2557 = EDGE_LOOP ( 'NONE', ( #3431, #1327, #5866, #900 ) ) ;
#2558 = ORIENTED_EDGE ( 'NONE', *, *, #4808, .T. ) ;
#2559 = ORIENTED_EDGE ( 'NONE', *, *, #2545, .F. ) ;
#2560 = FACE_OUTER_BOUND ( 'NONE', #2034, .T. ) ;
#2561 = VECTOR ( 'NONE', #2342, 1000.000000000000000 ) ;
#2562 = EDGE_CURVE ( 'NONE', #11, #5446, #2211, .T. ) ;
#2563 = DIRECTION ( 'NONE',  ( 0.000000000000000000, -0.000000000000000000, -1.000000000000000000 ) ) ;
#2564 = VERTEX_POINT ( 'NONE', #674 ) ;
#2565 = FACE_OUTER_BOUND ( 'NONE', #4725, .T. ) ;
#2566 = ORIENTED_EDGE ( 'NONE', *, *, #373, .T. ) ;
#2567 = VERTEX_POINT ( 'NONE', #3164 ) ;
#2568 = ORIENTED_EDGE ( 'NONE', *, *, #4927, .F. ) ;
#2569 = ORIENTED_EDGE ( 'NONE', *, *, #4256, .T. ) ;
#2570 = DIRECTION ( 'NONE',  ( 3.424500384408255577E-15, 1.000000000000000000, -5.612910106894710886E-31 ) ) ;
#2571 = DIRECTION ( 'NONE',  ( 1.000000000000000000, 3.491481338843133355E-15, 0.000000000000000000 ) ) ;
#2572 = CARTESIAN_POINT ( 'NONE',  ( -35.69999999999997442, -3.000000000000000000, 122.9000000000000341 ) ) ;
#2573 = LINE ( 'NONE', #4839, #2067 ) ;
#2574 = VECTOR ( 'NONE', #2661, 1000.000000000000000 ) ;
#2575 = DIRECTION ( 'NONE',  ( 3.424500384408255577E-15, -1.000000000000000000, 0.000000000000000000 ) ) ;
#2576 = DIRECTION ( 'NONE',  ( 1.000000000000000000, 3.424500384408255971E-15, -0.000000000000000000 ) ) ;
#2577 = ORIENTED_EDGE ( 'NONE', *, *, #5465, .T. ) ;
#2578 = EDGE_CURVE ( 'NONE', #2656, #230, #5437, .T. ) ;
#2579 = DIRECTION ( 'NONE',  ( 0.000000000000000000, 0.000000000000000000, 1.000000000000000000 ) ) ;
#2580 = DIRECTION ( 'NONE',  ( -1.404686776674259126E-45, 3.179398763478275537E-31, 1.000000000000000000 ) ) ;
#2581 = EDGE_CURVE ( 'NONE', #5760, #5328, #158, .T. ) ;
#2582 = ADVANCED_FACE ( 'NONE', ( #5967 ), #1632, .F. ) ;
#2583 = CARTESIAN_POINT ( 'NONE',  ( -222.2500000000005684, 150.5499999999981071, -143.9000000000000341 ) ) ;
#2584 = DIRECTION ( 'NONE',  ( -1.000000000000000000, -3.424500384408255971E-15, 0.000000000000000000 ) ) ;
#2585 = ORIENTED_EDGE ( 'NONE', *, *, #367, .F. ) ;
#2586 = VECTOR ( 'NONE', #193, 1000.000000000000000 ) ;
#2587 = ORIENTED_EDGE ( 'NONE', *, *, #2822, .T. ) ;
#2588 = ORIENTED_EDGE ( 'NONE', *, *, #5081, .F. ) ;
#2589 = VECTOR ( 'NONE', #2654, 1000.000000000000000 ) ;
#2590 = CARTESIAN_POINT ( 'NONE',  ( 219.2500000000006253, 162.0999999999999943, 152.4000000000000341 ) ) ;
#2591 = DIRECTION ( 'NONE',  ( -0.000000000000000000, 1.000000000000000000, -0.000000000000000000 ) ) ;
#2592 = ORIENTED_EDGE ( 'NONE', *, *, #3932, .T. ) ;
#2593 = VECTOR ( 'NONE', #3700, 1000.000000000000000 ) ;
#2594 = DIRECTION ( 'NONE',  ( 0.000000000000000000, 0.000000000000000000, -1.000000000000000000 ) ) ;
#2595 = FACE_OUTER_BOUND ( 'NONE', #5074, .T. ) ;
#2596 = ORIENTED_EDGE ( 'NONE', *, *, #3006, .F. ) ;
#2597 = ORIENTED_EDGE ( 'NONE', *, *, #5540, .F. ) ;
#2598 = LINE ( 'NONE', #3037, #5750 ) ;
#2599 = VECTOR ( 'NONE', #4219, 1000.000000000000000 ) ;
#2600 = CARTESIAN_POINT ( 'NONE',  ( 24.67999999998769667, 0.000000000000000000, 26.70000011181486244 ) ) ;
#2601 = VECTOR ( 'NONE', #4108, 1000.000000000000000 ) ;
#2602 = DIRECTION ( 'NONE',  ( 0.000000000000000000, 0.000000000000000000, -1.000000000000000000 ) ) ;
#2603 = ORIENTED_EDGE ( 'NONE', *, *, #4732, .F. ) ;
#2604 = EDGE_CURVE ( 'NONE', #2620, #1348, #5153, .T. ) ;
#2605 = DIRECTION ( 'NONE',  ( -1.000000000000000000, -3.424500384408255971E-15, 0.000000000000000000 ) ) ;
#2606 = CARTESIAN_POINT ( 'NONE',  ( -201.7499999999999716, 0.000000000000000000, 138.8750000000000284 ) ) ;
#2607 = DIRECTION ( 'NONE',  ( 1.000000000000000000, -3.424500384408255971E-15, -9.106159978880874930E-17 ) ) ;
#2608 = DIRECTION ( 'NONE',  ( 6.033820786006258107E-15, -1.000000000000000000, 0.000000000000000000 ) ) ;
#2609 = ORIENTED_EDGE ( 'NONE', *, *, #3765, .F. ) ;
#2610 = CARTESIAN_POINT ( 'NONE',  ( 0.000000000000000000, 0.000000000000000000, 147.8300000000000409 ) ) ;
#2611 = VERTEX_POINT ( 'NONE', #3672 ) ;
#2612 = EDGE_LOOP ( 'NONE', ( #258, #4870, #1385, #2762 ) ) ;
#2613 = DIRECTION ( 'NONE',  ( 0.000000000000000000, 1.000000000000000000, 0.000000000000000000 ) ) ;
#2614 = CARTESIAN_POINT ( 'NONE',  ( -219.2500000000001421, 45.06999999999802498, -149.3300000000000409 ) ) ;
#2615 = ORIENTED_EDGE ( 'NONE', *, *, #2099, .F. ) ;
#2616 = ADVANCED_FACE ( 'NONE', ( #2801 ), #809, .F. ) ;
#2617 = DIRECTION ( 'NONE',  ( 5.551115123125777969E-15, 1.000000000000000000, 0.000000000000000000 ) ) ;
#2618 = CARTESIAN_POINT ( 'NONE',  ( -219.2500000000005684, 150.5499999999981355, 143.8999999999999773 ) ) ;
#2619 = VECTOR ( 'NONE', #5862, 1000.000000000000000 ) ;
#2620 = VERTEX_POINT ( 'NONE', #4642 ) ;
#2621 = ORIENTED_EDGE ( 'NONE', *, *, #4791, .T. ) ;
#2622 = ORIENTED_EDGE ( 'NONE', *, *, #1126, .F. ) ;
#2623 = FACE_BOUND ( 'NONE', #1775, .T. ) ;
#2624 = DIRECTION ( 'NONE',  ( -3.424500384408255577E-15, 1.000000000000000000, 0.000000000000000000 ) ) ;
#2625 = ORIENTED_EDGE ( 'NONE', *, *, #209, .T. ) ;
#2626 = DIRECTION ( 'NONE',  ( 1.000000000000000000, -3.424500384408255971E-15, -9.106159978880874930E-17 ) ) ;
#2627 = EDGE_CURVE ( 'NONE', #584, #3756, #5217, .T. ) ;
#2628 = CARTESIAN_POINT ( 'NONE',  ( 222.2500000000008242, 152.0999999999996248, -143.9000000000000341 ) ) ;
#2629 = AXIS2_PLACEMENT_3D ( 'NONE', #2978, #638, #4478 ) ;
#2630 = ORIENTED_EDGE ( 'NONE', *, *, #2662, .T. ) ;
#2631 = EDGE_CURVE ( 'NONE', #4063, #224, #904, .T. ) ;
#2632 = CARTESIAN_POINT ( 'NONE',  ( 219.2500000000000284, 22.54999999999997584, 122.9000000000000341 ) ) ;
#2633 = DIRECTION ( 'NONE',  ( 1.000000000000000000, 0.000000000000000000, -0.000000000000000000 ) ) ;
#2634 = AXIS2_PLACEMENT_3D ( 'NONE', #5219, #3833, #2281 ) ;
#2635 = DIRECTION ( 'NONE',  ( 0.000000000000000000, -1.000000000000000000, 0.000000000000000000 ) ) ;
#2636 = VECTOR ( 'NONE', #4322, 1000.000000000000000 ) ;
#2637 = LINE ( 'NONE', #4091, #589 ) ;
#2638 = EDGE_LOOP ( 'NONE', ( #3881, #2236, #5159, #5573 ) ) ;
#2639 = DIRECTION ( 'NONE',  ( -0.000000000000000000, 1.000000000000000000, -0.000000000000000000 ) ) ;
#2640 = EDGE_CURVE ( 'NONE', #144, #5328, #3230, .T. ) ;
#2641 = LINE ( 'NONE', #6067, #3034 ) ;
#2642 = DIRECTION ( 'NONE',  ( 0.000000000000000000, 0.000000000000000000, 1.000000000000000000 ) ) ;
#2643 = ORIENTED_EDGE ( 'NONE', *, *, #4805, .F. ) ;
#2644 = ORIENTED_EDGE ( 'NONE', *, *, #1530, .F. ) ;
#2645 = CYLINDRICAL_SURFACE ( 'NONE', #2909, 5.000000000000004441 ) ;
#2646 = FACE_OUTER_BOUND ( 'NONE', #4759, .T. ) ;
#2647 = EDGE_LOOP ( 'NONE', ( #4934, #5638, #5639, #5352 ) ) ;
#2648 = CARTESIAN_POINT ( 'NONE',  ( -222.2500000000005969, 117.0299999999980116, -152.4000000000000341 ) ) ;
#2649 = DIRECTION ( 'NONE',  ( 0.000000000000000000, 1.000000000000000000, 0.000000000000000000 ) ) ;
#2650 = ORIENTED_EDGE ( 'NONE', *, *, #3699, .F. ) ;
#2651 = EDGE_CURVE ( 'NONE', #2105, #1943, #3800, .T. ) ;
#2652 = CARTESIAN_POINT ( 'NONE',  ( -222.2500000000000284, 0.000000000000000000, 152.4000000000000341 ) ) ;
#2653 = DIRECTION ( 'NONE',  ( 0.000000000000000000, -0.000000000000000000, -1.000000000000000000 ) ) ;
#2654 = DIRECTION ( 'NONE',  ( -1.000000000000000000, 3.491481338843133355E-15, -4.418089334404615211E-15 ) ) ;
#2655 = DIRECTION ( 'NONE',  ( 0.000000000000000000, 1.000000000000000000, 0.000000000000000000 ) ) ;
#2656 = VERTEX_POINT ( 'NONE', #3706 ) ;
#2657 = ORIENTED_EDGE ( 'NONE', *, *, #461, .T. ) ;
#2658 = CIRCLE ( 'NONE', #2458, 1.700000000000000178 ) ;
#2659 = EDGE_CURVE ( 'NONE', #3025, #796, #4739, .T. ) ;
#2660 = CARTESIAN_POINT ( 'NONE',  ( 0.000000000000000000, 0.000000000000000000, 147.8300000000000409 ) ) ;
#2661 = DIRECTION ( 'NONE',  ( -1.104699526990205168E-16, -0.000000000000000000, -1.000000000000000000 ) ) ;
#2662 = EDGE_CURVE ( 'NONE', #4081, #4375, #3258, .T. ) ;
#2663 = AXIS2_PLACEMENT_3D ( 'NONE', #3987, #5458, #4954 ) ;
#2664 = CARTESIAN_POINT ( 'NONE',  ( 215.9677423282305426, 159.5300000000000296, 102.8299999999999841 ) ) ;
#2665 = EDGE_CURVE ( 'NONE', #1170, #3393, #1835, .T. ) ;
#2666 = FACE_OUTER_BOUND ( 'NONE', #2187, .T. ) ;
#2667 = CARTESIAN_POINT ( 'NONE',  ( -219.2500000000003695, 93.61999999999801503, 0.000000000000000000 ) ) ;
#2668 = ORIENTED_EDGE ( 'NONE', *, *, #6105, .T. ) ;
#2669 = LINE ( 'NONE', #5935, #2413 ) ;
#2670 = CARTESIAN_POINT ( 'NONE',  ( 227.6485571369686056, 93.61999999999801503, 147.8300000000000409 ) ) ;
#2671 = AXIS2_PLACEMENT_3D ( 'NONE', #2299, #2695, #5207 ) ;
#2672 = DIRECTION ( 'NONE',  ( -1.000000000000000000, 0.000000000000000000, 0.000000000000000000 ) ) ;
#2673 = LINE ( 'NONE', #257, #1480 ) ;
#2674 = ORIENTED_EDGE ( 'NONE', *, *, #4224, .F. ) ;
#2675 = EDGE_LOOP ( 'NONE', ( #2227, #38, #4657, #5141 ) ) ;
#2676 = VECTOR ( 'NONE', #3464, 1000.000000000000000 ) ;
#2677 = EDGE_CURVE ( 'NONE', #114, #17, #2363, .T. ) ;
#2678 = DIRECTION ( 'NONE',  ( -1.661392638197934446E-45, -3.179398763478275537E-31, -1.000000000000000000 ) ) ;
#2679 = DIRECTION ( 'NONE',  ( -0.000000000000000000, 1.000000000000000000, -0.000000000000000000 ) ) ;
#2680 = ORIENTED_EDGE ( 'NONE', *, *, #461, .F. ) ;
#2681 = FACE_OUTER_BOUND ( 'NONE', #3554, .T. ) ;
#2682 = CYLINDRICAL_SURFACE ( 'NONE', #4110, 1.599999999999990319 ) ;
#2683 = VERTEX_POINT ( 'NONE', #838 ) ;
#2684 = EDGE_CURVE ( 'NONE', #2739, #5597, #4167, .T. ) ;
#2685 = EDGE_LOOP ( 'NONE', ( #679, #398, #362, #627 ) ) ;
#2686 = PLANE ( 'NONE',  #4215 ) ;
#2687 = LINE ( 'NONE', #2373, #2561 ) ;
#2688 = DIRECTION ( 'NONE',  ( 7.266278493485550047E-15, -1.000000000000000000, 0.000000000000000000 ) ) ;
#2689 = DIRECTION ( 'NONE',  ( 1.000000000000000000, 3.491481338843133355E-15, 0.000000000000000000 ) ) ;
#2690 = ORIENTED_EDGE ( 'NONE', *, *, #5279, .T. ) ;
#2691 = DIRECTION ( 'NONE',  ( 1.000000000000000000, -3.424500384408256366E-15, -9.106159978880876162E-17 ) ) ;
#2692 = ORIENTED_EDGE ( 'NONE', *, *, #912, .T. ) ;
#2693 = VECTOR ( 'NONE', #409, 1000.000000000000000 ) ;
#2694 = LINE ( 'NONE', #1824, #1396 ) ;
#2695 = DIRECTION ( 'NONE',  ( 0.000000000000000000, 1.000000000000000000, 0.000000000000000000 ) ) ;
#2696 = EDGE_CURVE ( 'NONE', #525, #2782, #1864, .T. ) ;
#2697 = DIRECTION ( 'NONE',  ( 0.000000000000000000, 1.000000000000000000, -3.179398763478275537E-31 ) ) ;
#2698 = VECTOR ( 'NONE', #43, 1000.000000000000000 ) ;
#2699 = CARTESIAN_POINT ( 'NONE',  ( 222.2500000000001421, 27.54999999999996518, -128.3500000000000512 ) ) ;
#2700 = PLANE ( 'NONE',  #4345 ) ;
#2701 = ORIENTED_EDGE ( 'NONE', *, *, #523, .T. ) ;
#2702 = CARTESIAN_POINT ( 'NONE',  ( -222.2500000000005400, 147.0999999999952479, 114.6800000000000779 ) ) ;
#2703 = DIRECTION ( 'NONE',  ( -1.000000000000000000, -3.424500384408255971E-15, 0.000000000000000000 ) ) ;
#2704 = CARTESIAN_POINT ( 'NONE',  ( 0.000000000000000000, -3.000000000000000000, -133.3500000000000227 ) ) ;
#2705 = ORIENTED_EDGE ( 'NONE', *, *, #630, .F. ) ;
#2706 = AXIS2_PLACEMENT_3D ( 'NONE', #544, #4360, #4417 ) ;
#2707 = AXIS2_PLACEMENT_3D ( 'NONE', #2785, #307, #6051 ) ;
#2708 = EDGE_CURVE ( 'NONE', #5588, #3469, #6098, .T. ) ;
#2709 = CYLINDRICAL_SURFACE ( 'NONE', #4334, 1.700000000000000178 ) ;
#2710 = FACE_OUTER_BOUND ( 'NONE', #243, .T. ) ;
#2711 = ORIENTED_EDGE ( 'NONE', *, *, #417, .F. ) ;
#2712 = ORIENTED_EDGE ( 'NONE', *, *, #496, .T. ) ;
#2713 = CARTESIAN_POINT ( 'NONE',  ( -219.2500000000001421, 19.92999999999800309, 147.8300000000000409 ) ) ;
#2714 = DIRECTION ( 'NONE',  ( 1.000000000000000000, 0.000000000000000000, 0.000000000000000000 ) ) ;
#2715 = VERTEX_POINT ( 'NONE', #6128 ) ;
#2716 = LINE ( 'NONE', #1616, #2506 ) ;
#2717 = CARTESIAN_POINT ( 'NONE',  ( -222.2500000000009948, 27.55000000000148930, 122.9000000000000767 ) ) ;
#2718 = AXIS2_PLACEMENT_3D ( 'NONE', #6245, #3889, #3319 ) ;
#2719 = LINE ( 'NONE', #4152, #793 ) ;
#2720 = EDGE_LOOP ( 'NONE', ( #5210, #3759 ) ) ;
#2721 = EDGE_CURVE ( 'NONE', #3558, #315, #4500, .T. ) ;
#2722 = CARTESIAN_POINT ( 'NONE',  ( -11.65000000000000746, -10.00000000000000000, -133.3500000000000227 ) ) ;
#2723 = ORIENTED_EDGE ( 'NONE', *, *, #2237, .F. ) ;
#2724 = DIRECTION ( 'NONE',  ( 0.000000000000000000, 0.000000000000000000, 1.000000000000000000 ) ) ;
#2725 = DIRECTION ( 'NONE',  ( 4.440892098500622217E-15, -1.000000000000000000, 0.000000000000000000 ) ) ;
#2726 = VERTEX_POINT ( 'NONE', #1285 ) ;
#2727 = CARTESIAN_POINT ( 'NONE',  ( -219.2500000000000284, 68.47999999999801446, -152.4000000000000341 ) ) ;
#2728 = ORIENTED_EDGE ( 'NONE', *, *, #6010, .F. ) ;
#2729 = VECTOR ( 'NONE', #1883, 1000.000000000000000 ) ;
#2730 = CARTESIAN_POINT ( 'NONE',  ( 222.2500000000006253, 159.5300000000000011, 50.53659999999998576 ) ) ;
#2731 = ADVANCED_FACE ( 'NONE', ( #5757 ), #1771, .T. ) ;
#2732 = FACE_OUTER_BOUND ( 'NONE', #2407, .T. ) ;
#2733 = ORIENTED_EDGE ( 'NONE', *, *, #3147, .F. ) ;
#2734 = CARTESIAN_POINT ( 'NONE',  ( -11.64999999999997904, 0.000000000000000000, 127.9000000000000483 ) ) ;
#2735 = LINE ( 'NONE', #1772, #4363 ) ;
#2736 = DIRECTION ( 'NONE',  ( 0.000000000000000000, 0.000000000000000000, -1.000000000000000000 ) ) ;
#2737 = VECTOR ( 'NONE', #5252, 1000.000000000000000 ) ;
#2738 = ORIENTED_EDGE ( 'NONE', *, *, #4798, .F. ) ;
#2739 = VERTEX_POINT ( 'NONE', #4197 ) ;
#2740 = PLANE ( 'NONE',  #4636 ) ;
#2741 = ADVANCED_FACE ( 'NONE', ( #1802 ), #4705, .F. ) ;
#2742 = FACE_OUTER_BOUND ( 'NONE', #5129, .T. ) ;
#2743 = ORIENTED_EDGE ( 'NONE', *, *, #2090, .F. ) ;
#2744 = ORIENTED_EDGE ( 'NONE', *, *, #2504, .T. ) ;
#2745 = EDGE_CURVE ( 'NONE', #4982, #3517, #1318, .T. ) ;
#2746 = LINE ( 'NONE', #3650, #1871 ) ;
#2747 = LINE ( 'NONE', #3717, #1185 ) ;
#2748 = ORIENTED_EDGE ( 'NONE', *, *, #4872, .T. ) ;
#2749 = EDGE_CURVE ( 'NONE', #298, #2050, #3865, .T. ) ;
#2750 = EDGE_LOOP ( 'NONE', ( #4298, #236, #1452, #2311 ) ) ;
#2751 = EDGE_CURVE ( 'NONE', #344, #3943, #5406, .T. ) ;
#2752 = DIRECTION ( 'NONE',  ( 3.424500384408255577E-15, -1.000000000000000000, 0.000000000000000000 ) ) ;
#2753 = VERTEX_POINT ( 'NONE', #3891 ) ;
#2754 = LINE ( 'NONE', #1303, #2010 ) ;
#2755 = EDGE_LOOP ( 'NONE', ( #5299, #354, #5012, #6101 ) ) ;
#2756 = LINE ( 'NONE', #4154, #4462 ) ;
#2757 = ORIENTED_EDGE ( 'NONE', *, *, #5306, .T. ) ;
#2758 = EDGE_CURVE ( 'NONE', #2620, #2027, #5891, .T. ) ;
#2759 = DIRECTION ( 'NONE',  ( -5.225493125563035928E-15, 1.000000000000000000, 0.000000000000000000 ) ) ;
#2761 = ORIENTED_EDGE ( 'NONE', *, *, #6265, .F. ) ;
#2760 = CARTESIAN_POINT ( 'NONE',  ( 24.67999999998790628, -10.00000000000000000, 58.60000011181492141 ) ) ;
#2762 = ORIENTED_EDGE ( 'NONE', *, *, #1354, .F. ) ;
#2763 = DIRECTION ( 'NONE',  ( 0.000000000000000000, 0.000000000000000000, -1.000000000000000000 ) ) ;
#2764 = AXIS2_PLACEMENT_3D ( 'NONE', #1811, #4777, #1416 ) ;
#2765 = AXIS2_PLACEMENT_3D ( 'NONE', #1681, #6013, #4529 ) ;
#2766 = AXIS2_PLACEMENT_3D ( 'NONE', #721, #686, #2617 ) ;
#2767 = DIRECTION ( 'NONE',  ( 1.000000000000000000, -3.424500384408255971E-15, -9.106159978880874930E-17 ) ) ;
#2768 = DIRECTION ( 'NONE',  ( -1.000000000000000000, -3.424500384408255971E-15, 0.000000000000000000 ) ) ;
#2769 = AXIS2_PLACEMENT_3D ( 'NONE', #1168, #2054, #650 ) ;
#2770 = CARTESIAN_POINT ( 'NONE',  ( -215.7500000000000284, -3.000000000000014655, 152.3999999999999773 ) ) ;
#2771 = FACE_OUTER_BOUND ( 'NONE', #1846, .T. ) ;
#2772 = ORIENTED_EDGE ( 'NONE', *, *, #5091, .T. ) ;
#2773 = CARTESIAN_POINT ( 'NONE',  ( -24.68344801572517255, -3.000000000000000000, 55.20000011181512889 ) ) ;
#2774 = CARTESIAN_POINT ( 'NONE',  ( 222.2500000000007105, 145.4999999999967599, 114.6800000000000779 ) ) ;
#2775 = CARTESIAN_POINT ( 'NONE',  ( -222.2500000000006253, 143.0500000000015177, 122.9000000000000909 ) ) ;
#2776 = VERTEX_POINT ( 'NONE', #5422 ) ;
#2777 = DIRECTION ( 'NONE',  ( 6.033820786006258107E-15, -1.000000000000000000, 0.000000000000000000 ) ) ;
#2778 = LINE ( 'NONE', #5166, #5425 ) ;
#2779 = ADVANCED_FACE ( 'NONE', ( #3950 ), #2477, .F. ) ;
#2780 = ORIENTED_EDGE ( 'NONE', *, *, #5376, .T. ) ;
#2781 = VECTOR ( 'NONE', #5748, 1000.000000000000000 ) ;
#2782 = VERTEX_POINT ( 'NONE', #5864 ) ;
#2783 = FACE_OUTER_BOUND ( 'NONE', #4633, .T. ) ;
#2784 = EDGE_CURVE ( 'NONE', #1636, #2102, #2078, .T. ) ;
#2785 = CARTESIAN_POINT ( 'NONE',  ( 219.2500000000005684, 152.0999999999996248, -143.9000000000000341 ) ) ;
#2786 = VERTEX_POINT ( 'NONE', #2973 ) ;
#2787 = DIRECTION ( 'NONE',  ( 1.000000000000000000, 3.424500384408255971E-15, -0.000000000000000000 ) ) ;
#2788 = ORIENTED_EDGE ( 'NONE', *, *, #2640, .F. ) ;
#2789 = ORIENTED_EDGE ( 'NONE', *, *, #4408, .F. ) ;
#2790 = EDGE_CURVE ( 'NONE', #4720, #4375, #2447, .T. ) ;
#2791 = DIRECTION ( 'NONE',  ( 1.000000000000000000, -3.424500384408255971E-15, -9.106159978880874930E-17 ) ) ;
#2792 = AXIS2_PLACEMENT_3D ( 'NONE', #5335, #2920, #4859 ) ;
#2793 = FACE_BOUND ( 'NONE', #3451, .T. ) ;
#2794 = ORIENTED_EDGE ( 'NONE', *, *, #4690, .T. ) ;
#2795 = CARTESIAN_POINT ( 'NONE',  ( 219.2500000000000568, -2.009428633045730616E-16, 152.4000000000000341 ) ) ;
#2796 = ORIENTED_EDGE ( 'NONE', *, *, #2659, .T. ) ;
#2797 = VECTOR ( 'NONE', #5663, 1000.000000000000000 ) ;
#2798 = AXIS2_PLACEMENT_3D ( 'NONE', #757, #2193, #5104 ) ;
#2799 = LINE ( 'NONE', #1378, #5574 ) ;
#2800 = DIRECTION ( 'NONE',  ( 1.000000000000000000, 0.000000000000000000, 0.000000000000000000 ) ) ;
#2801 = FACE_OUTER_BOUND ( 'NONE', #3277, .T. ) ;
#2802 = CARTESIAN_POINT ( 'NONE',  ( 219.2500000000006253, 159.5300000000000296, -129.4700000000000273 ) ) ;
#2803 = CIRCLE ( 'NONE', #3477, 5.000000000000031974 ) ;
#2804 = CARTESIAN_POINT ( 'NONE',  ( 222.2500000000005400, 138.0499999999999829, -133.3500000000000227 ) ) ;
#2805 = CIRCLE ( 'NONE', #3304, 6.349999999999994316 ) ;
#2806 = ADVANCED_FACE ( 'NONE', ( #4411 ), #1020, .T. ) ;
#2807 = ORIENTED_EDGE ( 'NONE', *, *, #3433, .T. ) ;
#2808 = DIRECTION ( 'NONE',  ( 1.000000000000000000, 3.424500384408255971E-15, -0.000000000000000000 ) ) ;
#2809 = CARTESIAN_POINT ( 'NONE',  ( 222.2500000000007105, 145.4999999999967599, 114.6800000000000779 ) ) ;
#2810 = LINE ( 'NONE', #5544, #4383 ) ;
#2811 = PLANE ( 'NONE',  #949 ) ;
#2812 = VECTOR ( 'NONE', #4027, 1000.000000000000000 ) ;
#2813 = VECTOR ( 'NONE', #163, 1000.000000000000000 ) ;
#2814 = DIRECTION ( 'NONE',  ( 0.000000000000000000, -1.000000000000000000, 0.000000000000000000 ) ) ;
#2815 = VERTEX_POINT ( 'NONE', #444 ) ;
#2816 = DIRECTION ( 'NONE',  ( 0.000000000000000000, -1.000000000000000000, 0.000000000000000000 ) ) ;
#2817 = AXIS2_PLACEMENT_3D ( 'NONE', #2894, #2605, #4542 ) ;
#2818 = ADVANCED_FACE ( 'NONE', ( #3832 ), #4857, .F. ) ;
#2819 = ORIENTED_EDGE ( 'NONE', *, *, #4390, .F. ) ;
#2820 = CARTESIAN_POINT ( 'NONE',  ( -222.2500000000005969, 162.0999999999999943, 0.000000000000000000 ) ) ;
#2821 = ORIENTED_EDGE ( 'NONE', *, *, #3596, .F. ) ;
#2822 = EDGE_CURVE ( 'NONE', #1297, #3175, #2393, .T. ) ;
#2823 = DIRECTION ( 'NONE',  ( -1.000000000000000000, -3.424500384408255971E-15, 0.000000000000000000 ) ) ;
#2824 = CARTESIAN_POINT ( 'NONE',  ( 222.2500000000006253, 162.0999999999999943, -104.3300000000000409 ) ) ;
#2825 = EDGE_LOOP ( 'NONE', ( #6110, #145, #4788, #2084 ) ) ;
#2826 = EDGE_LOOP ( 'NONE', ( #2712, #1265, #68, #1374 ) ) ;
#2827 = LINE ( 'NONE', #377, #3285 ) ;
#2828 = EDGE_CURVE ( 'NONE', #525, #587, #55, .T. ) ;
#2829 = DIRECTION ( 'NONE',  ( 1.000000000000000000, 0.000000000000000000, -9.106159978880874930E-17 ) ) ;
#2830 = ADVANCED_FACE ( 'NONE', ( #5333 ), #992, .F. ) ;
#2831 = DIRECTION ( 'NONE',  ( -1.000000000000000000, -3.424500384408255577E-15, -0.000000000000000000 ) ) ;
#2832 = CARTESIAN_POINT ( 'NONE',  ( -191.6999999999999886, 0.000000000000000000, 127.9000000000000625 ) ) ;
#2833 = FACE_OUTER_BOUND ( 'NONE', #2755, .T. ) ;
#2834 = VECTOR ( 'NONE', #3933, 1000.000000000000000 ) ;
#2835 = CARTESIAN_POINT ( 'NONE',  ( 222.2500000000006253, 142.1699999999980264, -152.4000000000000341 ) ) ;
#2836 = ORIENTED_EDGE ( 'NONE', *, *, #1075, .T. ) ;
#2837 = AXIS2_PLACEMENT_3D ( 'NONE', #3318, #5277, #5307 ) ;
#2838 = CARTESIAN_POINT ( 'NONE',  ( 215.7500000000000568, 3.499999999999987566, -152.3999999999999773 ) ) ;
#2839 = EDGE_CURVE ( 'NONE', #2124, #3718, #4916, .T. ) ;
#2840 = LINE ( 'NONE', #874, #1653 ) ;
#2841 = CARTESIAN_POINT ( 'NONE',  ( -219.2500000000000284, 3.499999999999975131, 152.4000000000000341 ) ) ;
#2842 = AXIS2_PLACEMENT_3D ( 'NONE', #2245, #4606, #250 ) ;
#2843 = VECTOR ( 'NONE', #3250, 1000.000000000000000 ) ;
#2844 = FACE_OUTER_BOUND ( 'NONE', #102, .T. ) ;
#2845 = ORIENTED_EDGE ( 'NONE', *, *, #4838, .F. ) ;
#2846 = ORIENTED_EDGE ( 'NONE', *, *, #3160, .F. ) ;
#2847 = CIRCLE ( 'NONE', #5284, 5.000000000000004441 ) ;
#2848 = DIRECTION ( 'NONE',  ( 0.000000000000000000, 1.000000000000000000, 0.000000000000000000 ) ) ;
#2849 = ORIENTED_EDGE ( 'NONE', *, *, #1750, .F. ) ;
#2850 = CARTESIAN_POINT ( 'NONE',  ( -219.2500000000000284, 93.61999999999801503, -152.4000000000000341 ) ) ;
#2851 = ORIENTED_EDGE ( 'NONE', *, *, #5080, .T. ) ;
#2852 = CARTESIAN_POINT ( 'NONE',  ( 219.2500000000001705, 19.92999999999800309, 147.8300000000000409 ) ) ;
#2853 = ORIENTED_EDGE ( 'NONE', *, *, #3039, .T. ) ;
#2854 = DIRECTION ( 'NONE',  ( -1.000000000000000000, 0.000000000000000000, 0.000000000000000000 ) ) ;
#2855 = ORIENTED_EDGE ( 'NONE', *, *, #2980, .T. ) ;
#2856 = CARTESIAN_POINT ( 'NONE',  ( 219.2500000000002842, 68.47999999999801446, -1.996525575369634316E-14 ) ) ;
#2857 = DIRECTION ( 'NONE',  ( 0.000000000000000000, -1.000000000000000000, 3.179398763478275099E-31 ) ) ;
#2858 = EDGE_CURVE ( 'NONE', #4245, #4868, #1528, .T. ) ;
#2859 = PLANE ( 'NONE',  #2037 ) ;
#2860 = FACE_OUTER_BOUND ( 'NONE', #2527, .T. ) ;
#2861 = EDGE_CURVE ( 'NONE', #2611, #4013, #1500, .T. ) ;
#2862 = DIRECTION ( 'NONE',  ( -1.000000000000000000, 0.000000000000000000, -0.000000000000000000 ) ) ;
#2863 = CARTESIAN_POINT ( 'NONE',  ( -222.2500000000000284, -7.715696544512643717E-13, -152.4000000000000341 ) ) ;
#2864 = PLANE ( 'NONE',  #975 ) ;
#2865 = VERTEX_POINT ( 'NONE', #2944 ) ;
#2866 = CIRCLE ( 'NONE', #5304, 1.599999999999990319 ) ;
#2867 = CARTESIAN_POINT ( 'NONE',  ( 222.2500000000000568, -7.715696544512644727E-13, -2.023844055306274838E-14 ) ) ;
#2868 = VECTOR ( 'NONE', #3819, 1000.000000000000000 ) ;
#2869 = CARTESIAN_POINT ( 'NONE',  ( -40.70000000000000995, -10.00000000000000000, -133.3500000000000227 ) ) ;
#2870 = CARTESIAN_POINT ( 'NONE',  ( 222.2500000000007105, 147.0999999999967542, 91.68000000000007788 ) ) ;
#2871 = ORIENTED_EDGE ( 'NONE', *, *, #2877, .F. ) ;
#2872 = DIRECTION ( 'NONE',  ( -6.033820786002326424E-15, -1.000000000000000000, 0.000000000000000000 ) ) ;
#2873 = ORIENTED_EDGE ( 'NONE', *, *, #2490, .T. ) ;
#2874 = CARTESIAN_POINT ( 'NONE',  ( -11.65000000000000746, -3.000000000000000000, -133.3500000000000227 ) ) ;
#2875 = VECTOR ( 'NONE', #4531, 1000.000000000000000 ) ;
#2876 = DIRECTION ( 'NONE',  ( -3.424500384408255577E-15, -1.000000000000000000, -0.000000000000000000 ) ) ;
#2877 = EDGE_CURVE ( 'NONE', #2289, #4347, #538, .T. ) ;
#2878 = EDGE_LOOP ( 'NONE', ( #2230, #3854, #4965, #1716 ) ) ;
#2879 = VECTOR ( 'NONE', #5634, 1000.000000000000000 ) ;
#2880 = LINE ( 'NONE', #470, #3444 ) ;
#2881 = VERTEX_POINT ( 'NONE', #4443 ) ;
#2882 = PLANE ( 'NONE',  #2074 ) ;
#2883 = AXIS2_PLACEMENT_3D ( 'NONE', #4674, #1501, #3379 ) ;
#2884 = CARTESIAN_POINT ( 'NONE',  ( 222.2500000000005116, 142.1699999999980264, 147.8300000000000409 ) ) ;
#2885 = DIRECTION ( 'NONE',  ( -2.310239685727674755E-45, -3.179398763478275099E-31, -1.000000000000000000 ) ) ;
#2886 = CARTESIAN_POINT ( 'NONE',  ( 222.2500000000006253, 45.06999999999802498, -152.4000000000000341 ) ) ;
#2887 = EDGE_CURVE ( 'NONE', #1972, #1360, #86, .T. ) ;
#2888 = DIRECTION ( 'NONE',  ( -1.000000000000000000, -3.424500384408255577E-15, 0.000000000000000000 ) ) ;
#2889 = LINE ( 'NONE', #2394, #3174 ) ;
#2890 = LINE ( 'NONE', #2863, #2737 ) ;
#2891 = DIRECTION ( 'NONE',  ( 0.000000000000000000, -0.000000000000000000, -1.000000000000000000 ) ) ;
#2892 = VECTOR ( 'NONE', #1347, 1000.000000000000000 ) ;
#2893 = VECTOR ( 'NONE', #4962, 1000.000000000000000 ) ;
#2894 = CARTESIAN_POINT ( 'NONE',  ( 222.2500000000008242, 152.0999999999996248, -143.9000000000000341 ) ) ;
#2895 = CARTESIAN_POINT ( 'NONE',  ( -222.2500000000005969, 162.0999999999999943, -104.3300000000000409 ) ) ;
#2896 = AXIS2_PLACEMENT_3D ( 'NONE', #5085, #1214, #1692 ) ;
#2897 = ADVANCED_FACE ( 'NONE', ( #1594 ), #3066, .F. ) ;
#2898 = CARTESIAN_POINT ( 'NONE',  ( -206.2392352261680344, 140.8999999999952877, 114.6800000000000779 ) ) ;
#2899 = LINE ( 'NONE', #3958, #1581 ) ;
#2900 = DIRECTION ( 'NONE',  ( 3.424500384408255577E-15, 1.000000000000000000, -3.179398763478275099E-31 ) ) ;
#2901 = DIRECTION ( 'NONE',  ( 0.000000000000000000, 0.000000000000000000, 1.000000000000000000 ) ) ;
#2902 = ORIENTED_EDGE ( 'NONE', *, *, #1506, .F. ) ;
#2903 = EDGE_CURVE ( 'NONE', #2101, #2739, #5552, .T. ) ;
#2904 = DIRECTION ( 'NONE',  ( -9.106159978880874930E-17, 0.000000000000000000, -1.000000000000000000 ) ) ;
#2905 = AXIS2_PLACEMENT_3D ( 'NONE', #2660, #831, #279 ) ;
#2906 = ORIENTED_EDGE ( 'NONE', *, *, #997, .F. ) ;
#2907 = CARTESIAN_POINT ( 'NONE',  ( -219.2500000000005400, 145.4999999999952820, 114.6800000000000779 ) ) ;
#2908 = ORIENTED_EDGE ( 'NONE', *, *, #1436, .T. ) ;
#2909 = AXIS2_PLACEMENT_3D ( 'NONE', #3109, #2219, #4580 ) ;
#2910 = ADVANCED_FACE ( 'NONE', ( #3630 ), #5988, .F. ) ;
#2911 = LINE ( 'NONE', #4403, #6241 ) ;
#2912 = ORIENTED_EDGE ( 'NONE', *, *, #6183, .T. ) ;
#2913 = DIRECTION ( 'NONE',  ( 9.106159978880874930E-17, 0.000000000000000000, 1.000000000000000000 ) ) ;
#2914 = ORIENTED_EDGE ( 'NONE', *, *, #3860, .T. ) ;
#2915 = CARTESIAN_POINT ( 'NONE',  ( 215.7500000000000568, 3.499999999999987566, -152.4000000000000341 ) ) ;
#2916 = CARTESIAN_POINT ( 'NONE',  ( 222.2500000000008811, 162.0999999999999943, 50.53659999999998576 ) ) ;
#2917 = CARTESIAN_POINT ( 'NONE',  ( -206.2392352261680344, 140.8999999999952877, 91.68000000000007788 ) ) ;
#2918 = DIRECTION ( 'NONE',  ( -3.424500384408255577E-15, 1.000000000000000000, -5.612910106894710886E-31 ) ) ;
#2919 = CIRCLE ( 'NONE', #4544, 1.599999999999990319 ) ;
#2920 = DIRECTION ( 'NONE',  ( -9.106159978880874930E-17, 3.118404834816063268E-31, -1.000000000000000000 ) ) ;
#2921 = EDGE_CURVE ( 'NONE', #4847, #2065, #3500, .T. ) ;
#2922 = DIRECTION ( 'NONE',  ( -0.000000000000000000, 1.000000000000000000, -0.000000000000000000 ) ) ;
#2923 = LINE ( 'NONE', #3385, #2136 ) ;
#2924 = CARTESIAN_POINT ( 'NONE',  ( -222.2500000000006537, 138.0500000000015177, -128.3500000000000227 ) ) ;
#2925 = CARTESIAN_POINT ( 'NONE',  ( -222.2500000000009948, 27.55000000000148930, 127.9000000000000625 ) ) ;
#2926 = DIRECTION ( 'NONE',  ( 9.106159978880874930E-17, 0.000000000000000000, 1.000000000000000000 ) ) ;
#2927 = ORIENTED_EDGE ( 'NONE', *, *, #5879, .T. ) ;
#2928 = EDGE_CURVE ( 'NONE', #4146, #1875, #4049, .T. ) ;
#2929 = LINE ( 'NONE', #4869, #4434 ) ;
#2930 = ADVANCED_FACE ( 'NONE', ( #4599 ), #2140, .T. ) ;
#2931 = DIRECTION ( 'NONE',  ( -1.000000000000000000, -3.424500384408255577E-15, -0.000000000000000000 ) ) ;
#2932 = EDGE_CURVE ( 'NONE', #744, #298, #5083, .T. ) ;
#2933 = VERTEX_POINT ( 'NONE', #3005 ) ;
#2934 = ADVANCED_FACE ( 'NONE', ( #1657 ), #245, .F. ) ;
#2935 = VECTOR ( 'NONE', #446, 1000.000000000000000 ) ;
#2936 = ORIENTED_EDGE ( 'NONE', *, *, #5115, .F. ) ;
#2937 = LINE ( 'NONE', #4374, #2698 ) ;
#2938 = VERTEX_POINT ( 'NONE', #2539 ) ;
#2939 = CARTESIAN_POINT ( 'NONE',  ( 222.2500000000000568, -7.715696544512644727E-13, -152.4000000000000341 ) ) ;
#2940 = ORIENTED_EDGE ( 'NONE', *, *, #2928, .T. ) ;
#2941 = VERTEX_POINT ( 'NONE', #1118 ) ;
#2942 = ADVANCED_FACE ( 'NONE', ( #184 ), #1182, .F. ) ;
#2943 = LINE ( 'NONE', #5281, #3505 ) ;
#2944 = CARTESIAN_POINT ( 'NONE',  ( 219.2500000000005116, 117.0299999999980116, 147.8300000000000409 ) ) ;
#2945 = CARTESIAN_POINT ( 'NONE',  ( -16.65000000000001279, 0.000000000000000000, -128.3500000000000227 ) ) ;
#2946 = EDGE_CURVE ( 'NONE', #1045, #1211, #4473, .T. ) ;
#2947 = DIRECTION ( 'NONE',  ( 0.000000000000000000, 0.000000000000000000, 1.000000000000000000 ) ) ;
#2948 = DIRECTION ( 'NONE',  ( 4.370956789862825094E-15, 1.000000000000000000, 0.000000000000000000 ) ) ;
#2949 = DIRECTION ( 'NONE',  ( 1.000000000000000000, 3.424500384408255971E-15, -0.000000000000000000 ) ) ;
#2950 = DIRECTION ( 'NONE',  ( 3.424500384408256366E-15, 1.000000000000000000, -3.783043954833576280E-31 ) ) ;
#2951 = VERTEX_POINT ( 'NONE', #116 ) ;
#2952 = VECTOR ( 'NONE', #3293, 1000.000000000000000 ) ;
#2953 = VECTOR ( 'NONE', #926, 1000.000000000000000 ) ;
#2954 = VECTOR ( 'NONE', #4459, 1000.000000000000000 ) ;
#2955 = CARTESIAN_POINT ( 'NONE',  ( 24.67999999998790628, 0.000000000000000000, 56.90000011181492567 ) ) ;
#2956 = CIRCLE ( 'NONE', #1879, 1.500000000000001332 ) ;
#2957 = EDGE_LOOP ( 'NONE', ( #5138, #3421, #3344, #5539 ) ) ;
#2958 = EDGE_CURVE ( 'NONE', #405, #17, #3097, .T. ) ;
#2959 = CARTESIAN_POINT ( 'NONE',  ( 24.67999999998790628, -3.000000000000000000, 56.90000011181492567 ) ) ;
#2960 = VERTEX_POINT ( 'NONE', #1213 ) ;
#2961 = ORIENTED_EDGE ( 'NONE', *, *, #888, .F. ) ;
#2962 = EDGE_CURVE ( 'NONE', #1644, #4894, #5314, .T. ) ;
#2963 = PLANE ( 'NONE',  #1037 ) ;
#2964 = ORIENTED_EDGE ( 'NONE', *, *, #703, .T. ) ;
#2965 = VECTOR ( 'NONE', #3156, 1000.000000000000000 ) ;
#2966 = CARTESIAN_POINT ( 'NONE',  ( -222.2500000000000853, 19.92999999999800309, 152.4000000000000341 ) ) ;
#2967 = ORIENTED_EDGE ( 'NONE', *, *, #3331, .T. ) ;
#2968 = EDGE_LOOP ( 'NONE', ( #2258, #1141, #105, #924 ) ) ;
#2969 = ORIENTED_EDGE ( 'NONE', *, *, #4501, .F. ) ;
#2970 = AXIS2_PLACEMENT_3D ( 'NONE', #701, #2110, #2571 ) ;
#2971 = EDGE_CURVE ( 'NONE', #5296, #764, #5009, .T. ) ;
#2972 = DIRECTION ( 'NONE',  ( -0.000000000000000000, -0.000000000000000000, -1.000000000000000000 ) ) ;
#2973 = CARTESIAN_POINT ( 'NONE',  ( 222.2500000000003695, 93.61999999999801503, 152.4000000000000341 ) ) ;
#2974 = CARTESIAN_POINT ( 'NONE',  ( -201.7499999999999716, -3.000000000000014655, 138.8750000000000284 ) ) ;
#2975 = CARTESIAN_POINT ( 'NONE',  ( 24.67999999998790628, -3.000000000000000000, 58.60000011181492141 ) ) ;
#2976 = FACE_OUTER_BOUND ( 'NONE', #6162, .T. ) ;
#2977 = CARTESIAN_POINT ( 'NONE',  ( -35.70000000000000995, 0.000000000000000000, -128.3500000000000227 ) ) ;
#2978 = CARTESIAN_POINT ( 'NONE',  ( 222.2500000000003411, 79.54999999999998295, 137.9000000000000625 ) ) ;
#2979 = FACE_OUTER_BOUND ( 'NONE', #1572, .T. ) ;
#2980 = EDGE_CURVE ( 'NONE', #1580, #5296, #149, .T. ) ;
#2981 = VECTOR ( 'NONE', #6223, 1000.000000000000000 ) ;
#2982 = DIRECTION ( 'NONE',  ( -5.551115123125777969E-15, -1.000000000000000000, 0.000000000000000000 ) ) ;
#2983 = EDGE_LOOP ( 'NONE', ( #981, #5326, #5374, #3064 ) ) ;
#2984 = VECTOR ( 'NONE', #5779, 1000.000000000000000 ) ;
#2985 = FACE_OUTER_BOUND ( 'NONE', #762, .T. ) ;
#2986 = ORIENTED_EDGE ( 'NONE', *, *, #2090, .T. ) ;
#2987 = PLANE ( 'NONE',  #2061 ) ;
#2988 = ORIENTED_EDGE ( 'NONE', *, *, #5695, .T. ) ;
#2989 = ORIENTED_EDGE ( 'NONE', *, *, #6056, .F. ) ;
#2990 = VECTOR ( 'NONE', #374, 1000.000000000000000 ) ;
#2991 = EDGE_CURVE ( 'NONE', #3772, #2351, #1625, .T. ) ;
#2992 = FACE_OUTER_BOUND ( 'NONE', #3060, .T. ) ;
#2993 = CYLINDRICAL_SURFACE ( 'NONE', #5099, 1.549999999999995826 ) ;
#2994 = VERTEX_POINT ( 'NONE', #5014 ) ;
#2995 = CARTESIAN_POINT ( 'NONE',  ( 222.2500000000005969, 162.0999999999999943, -152.4000000000000341 ) ) ;
#2996 = ORIENTED_EDGE ( 'NONE', *, *, #688, .T. ) ;
#2997 = VERTEX_POINT ( 'NONE', #2600 ) ;
#2998 = VECTOR ( 'NONE', #2653, 1000.000000000000000 ) ;
#2999 = VECTOR ( 'NONE', #3242, 1000.000000000000000 ) ;
#3000 = VERTEX_POINT ( 'NONE', #4539 ) ;
#3001 = ORIENTED_EDGE ( 'NONE', *, *, #2053, .T. ) ;
#3002 = EDGE_CURVE ( 'NONE', #4191, #3803, #1373, .T. ) ;
#3003 = CARTESIAN_POINT ( 'NONE',  ( 219.2500000000002842, 68.47999999999801446, -1.996525575369634316E-14 ) ) ;
#3004 = CIRCLE ( 'NONE', #4339, 5.000000000000004441 ) ;
#3005 = CARTESIAN_POINT ( 'NONE',  ( -222.2500000000005969, 162.0999999999999943, 152.4000000000000341 ) ) ;
#3006 = EDGE_CURVE ( 'NONE', #689, #3405, #1338, .T. ) ;
#3007 = DIRECTION ( 'NONE',  ( 0.000000000000000000, -1.000000000000000000, 0.000000000000000000 ) ) ;
#3008 = CARTESIAN_POINT ( 'NONE',  ( -219.2500000000005400, 143.8999999999952877, 114.6800000000000779 ) ) ;
#3009 = EDGE_CURVE ( 'NONE', #704, #1891, #1857, .T. ) ;
#3010 = CARTESIAN_POINT ( 'NONE',  ( 16.65000000000006608, -3.000000000000000000, 122.9000000000000341 ) ) ;
#3011 = CARTESIAN_POINT ( 'NONE',  ( 201.7500000000000284, -3.000000000000014655, -136.8250000000000171 ) ) ;
#3012 = AXIS2_PLACEMENT_3D ( 'NONE', #2392, #4915, #3831 ) ;
#3013 = FACE_OUTER_BOUND ( 'NONE', #4300, .T. ) ;
#3014 = LINE ( 'NONE', #1129, #4161 ) ;
#3015 = DIRECTION ( 'NONE',  ( -1.000000000000000000, -4.418089334404615211E-15, 4.418089334404615211E-15 ) ) ;
#3016 = ORIENTED_EDGE ( 'NONE', *, *, #697, .T. ) ;
#3017 = ADVANCED_FACE ( 'NONE', ( #4252 ), #3191, .F. ) ;
#3018 = CARTESIAN_POINT ( 'NONE',  ( -222.2500000000006253, 159.5300000000000011, 102.8299999999999841 ) ) ;
#3019 = DIRECTION ( 'NONE',  ( 1.000000000000000000, 3.424500384408255971E-15, -0.000000000000000000 ) ) ;
#3020 = ORIENTED_EDGE ( 'NONE', *, *, #1541, .T. ) ;
#3021 = CARTESIAN_POINT ( 'NONE',  ( 222.2500000000007105, 147.0999999999967542, 114.6800000000000779 ) ) ;
#3022 = LINE ( 'NONE', #301, #5743 ) ;
#3023 = VECTOR ( 'NONE', #3446, 1000.000000000000000 ) ;
#3024 = ORIENTED_EDGE ( 'NONE', *, *, #423, .T. ) ;
#3025 = VERTEX_POINT ( 'NONE', #4730 ) ;
#3026 = VERTEX_POINT ( 'NONE', #1825 ) ;
#3027 = DIRECTION ( 'NONE',  ( 0.000000000000000000, 1.000000000000000000, 0.000000000000000000 ) ) ;
#3028 = DIRECTION ( 'NONE',  ( -5.551115123125777969E-15, -1.000000000000000000, 0.000000000000000000 ) ) ;
#3029 = ORIENTED_EDGE ( 'NONE', *, *, #1591, .F. ) ;
#3030 = CARTESIAN_POINT ( 'NONE',  ( -222.2500000000013927, 79.55000000000150351, 137.9000000000000909 ) ) ;
#3031 = ORIENTED_EDGE ( 'NONE', *, *, #2461, .T. ) ;
#3032 = ORIENTED_EDGE ( 'NONE', *, *, #6105, .F. ) ;
#3033 = CARTESIAN_POINT ( 'NONE',  ( 222.2500000000001990, 45.06999999999802498, 152.4000000000000341 ) ) ;
#3034 = VECTOR ( 'NONE', #1737, 1000.000000000000000 ) ;
#3035 = ORIENTED_EDGE ( 'NONE', *, *, #1274, .F. ) ;
#3036 = CIRCLE ( 'NONE', #4163, 1.549999999999995826 ) ;
#3037 = CARTESIAN_POINT ( 'NONE',  ( 219.2500000000001705, 45.06999999999802498, -149.3300000000000409 ) ) ;
#3038 = DIRECTION ( 'NONE',  ( 0.000000000000000000, -1.000000000000000000, 0.000000000000000000 ) ) ;
#3039 = EDGE_CURVE ( 'NONE', #6116, #1518, #375, .T. ) ;
#3040 = DIRECTION ( 'NONE',  ( -1.000000000000000000, -3.424500384408255971E-15, -0.000000000000000000 ) ) ;
#3041 = DIRECTION ( 'NONE',  ( 0.000000000000000000, 1.000000000000000000, 0.000000000000000000 ) ) ;
#3042 = EDGE_CURVE ( 'NONE', #1170, #10, #3758, .T. ) ;
#3043 = EDGE_CURVE ( 'NONE', #5938, #5982, #1983, .T. ) ;
#3044 = CARTESIAN_POINT ( 'NONE',  ( 227.6485571369686056, 93.61999999999801503, 152.4000000000000341 ) ) ;
#3045 = FACE_OUTER_BOUND ( 'NONE', #3734, .T. ) ;
#3046 = CARTESIAN_POINT ( 'NONE',  ( -219.2500000000005116, 138.0500000000015177, -128.3500000000000227 ) ) ;
#3047 = CARTESIAN_POINT ( 'NONE',  ( -222.2500000000006253, 162.0999999999999943, -129.4700000000000273 ) ) ;
#3048 = SHAPE_DEFINITION_REPRESENTATION ( #5430, #919 ) ;
#3049 = VERTEX_POINT ( 'NONE', #2239 ) ;
#3050 = CARTESIAN_POINT ( 'NONE',  ( -219.2500000000000284, 117.0299999999980116, 152.4000000000000341 ) ) ;
#3051 = PLANE ( 'NONE',  #1186 ) ;
#3052 = ORIENTED_EDGE ( 'NONE', *, *, #1241, .T. ) ;
#3053 = CARTESIAN_POINT ( 'NONE',  ( 219.2500000000003411, 93.61999999999801503, -149.3300000000000409 ) ) ;
#3054 = CARTESIAN_POINT ( 'NONE',  ( 215.7500000000000568, 3.499999999999987566, 152.3999999999999204 ) ) ;
#3055 = ORIENTED_EDGE ( 'NONE', *, *, #3622, .T. ) ;
#3056 = ORIENTED_EDGE ( 'NONE', *, *, #5366, .F. ) ;
#3057 = CARTESIAN_POINT ( 'NONE',  ( -219.2500000000005969, 159.5300000000000296, -104.3300000000000409 ) ) ;
#3058 = AXIS2_PLACEMENT_3D ( 'NONE', #1137, #4035, #1641 ) ;
#3059 = FACE_OUTER_BOUND ( 'NONE', #4896, .T. ) ;
#3060 = EDGE_LOOP ( 'NONE', ( #3603, #4104, #5516, #4034 ) ) ;
#3061 = CARTESIAN_POINT ( 'NONE',  ( -222.2500000000006537, 138.0500000000015177, -128.3500000000000227 ) ) ;
#3062 = ORIENTED_EDGE ( 'NONE', *, *, #5730, .F. ) ;
#3063 = ADVANCED_FACE ( 'NONE', ( #4159, #2793, #1762, #342, #861, #2356, #1245, #3248, #6213, #4282, #897, #5688 ), #5587, .T. ) ;
#3064 = ORIENTED_EDGE ( 'NONE', *, *, #3262, .T. ) ;
#3065 = DIRECTION ( 'NONE',  ( 0.000000000000000000, 0.000000000000000000, 1.000000000000000000 ) ) ;
#3066 = PLANE ( 'NONE',  #2184 ) ;
#3067 = LINE ( 'NONE', #734, #4516 ) ;
#3068 = AXIS2_PLACEMENT_3D ( 'NONE', #561, #955, #2500 ) ;
#3069 = CARTESIAN_POINT ( 'NONE',  ( 227.6485571369686056, 68.47999999999801446, 147.8300000000000409 ) ) ;
#3070 = EDGE_CURVE ( 'NONE', #5324, #1943, #3879, .T. ) ;
#3071 = CARTESIAN_POINT ( 'NONE',  ( -219.2500000000005400, 147.0999999999952763, 114.6800000000000779 ) ) ;
#3072 = DIRECTION ( 'NONE',  ( 1.000000000000000000, -7.266278493485550047E-15, 0.000000000000000000 ) ) ;
#3073 = DIRECTION ( 'NONE',  ( 3.491481338843133355E-15, -1.000000000000000000, 0.000000000000000000 ) ) ;
#3074 = CARTESIAN_POINT ( 'NONE',  ( -219.2500000000005969, 162.0999999999999943, -152.4000000000000341 ) ) ;
#3075 = ORIENTED_EDGE ( 'NONE', *, *, #2266, .T. ) ;
#3076 = DIRECTION ( 'NONE',  ( -0.000000000000000000, 1.000000000000000000, -0.000000000000000000 ) ) ;
#3077 = EDGE_CURVE ( 'NONE', #2994, #5873, #6090, .T. ) ;
#3078 = DIRECTION ( 'NONE',  ( 6.033820786002326424E-15, 1.000000000000000000, 0.000000000000000000 ) ) ;
#3079 = ADVANCED_FACE ( 'NONE', ( #3664 ), #5625, .F. ) ;
#3080 = DIRECTION ( 'NONE',  ( -3.491481338843133355E-15, -1.000000000000000000, 3.179398763478275537E-31 ) ) ;
#3081 = DIRECTION ( 'NONE',  ( 1.000000000000000000, 0.000000000000000000, -9.106159978880874930E-17 ) ) ;
#3082 = AXIS2_PLACEMENT_3D ( 'NONE', #570, #635, #3007 ) ;
#3083 = EDGE_CURVE ( 'NONE', #3425, #3742, #3366, .T. ) ;
#3084 = AXIS2_PLACEMENT_3D ( 'NONE', #1172, #3086, #3585 ) ;
#3085 = ORIENTED_EDGE ( 'NONE', *, *, #5230, .T. ) ;
#3086 = DIRECTION ( 'NONE',  ( -0.000000000000000000, -0.000000000000000000, 1.000000000000000000 ) ) ;
#3087 = CARTESIAN_POINT ( 'NONE',  ( -222.2500000000000284, -7.715696544512643717E-13, 152.4000000000000341 ) ) ;
#3088 = VERTEX_POINT ( 'NONE', #1793 ) ;
#3089 = AXIS2_PLACEMENT_3D ( 'NONE', #2360, #6124, #5245 ) ;
#3090 = PLANE ( 'NONE',  #1885 ) ;
#3091 = ORIENTED_EDGE ( 'NONE', *, *, #4974, .T. ) ;
#3092 = DIRECTION ( 'NONE',  ( -1.000000000000000000, -3.424500384408255971E-15, -0.000000000000000000 ) ) ;
#3093 = ORIENTED_EDGE ( 'NONE', *, *, #935, .F. ) ;
#3094 = ORIENTED_EDGE ( 'NONE', *, *, #4218, .T. ) ;
#3095 = EDGE_CURVE ( 'NONE', #1721, #617, #234, .T. ) ;
#3096 = DIRECTION ( 'NONE',  ( -1.000000000000000000, -3.424500384408255971E-15, -0.000000000000000000 ) ) ;
#3097 = LINE ( 'NONE', #5050, #1672 ) ;
#3098 = VECTOR ( 'NONE', #5493, 1000.000000000000000 ) ;
#3099 = FACE_OUTER_BOUND ( 'NONE', #3883, .T. ) ;
#3100 = LINE ( 'NONE', #4957, #4187 ) ;
#3101 = VECTOR ( 'NONE', #6037, 1000.000000000000000 ) ;
#3102 = CARTESIAN_POINT ( 'NONE',  ( -24.68344801572538216, -10.00000000000000000, 28.40000011181540174 ) ) ;
#3103 = ORIENTED_EDGE ( 'NONE', *, *, #2696, .T. ) ;
#3104 = CARTESIAN_POINT ( 'NONE',  ( -206.2392352261680628, 143.0500000000014609, 118.5732634126181040 ) ) ;
#3105 = DIRECTION ( 'NONE',  ( 0.000000000000000000, 0.000000000000000000, 1.000000000000000000 ) ) ;
#3106 = FACE_OUTER_BOUND ( 'NONE', #162, .T. ) ;
#3107 = EDGE_CURVE ( 'NONE', #4894, #1876, #5176, .T. ) ;
#3108 = ORIENTED_EDGE ( 'NONE', *, *, #1774, .F. ) ;
#3109 = CARTESIAN_POINT ( 'NONE',  ( 40.70000000000003126, -10.00000000000000000, -128.3500000000000227 ) ) ;
#3110 = DIRECTION ( 'NONE',  ( 0.000000000000000000, 0.000000000000000000, 1.000000000000000000 ) ) ;
#3111 = ORIENTED_EDGE ( 'NONE', *, *, #2659, .F. ) ;
#3112 = FACE_OUTER_BOUND ( 'NONE', #5478, .T. ) ;
#3113 = VECTOR ( 'NONE', #2508, 1000.000000000000000 ) ;
#3114 = ADVANCED_FACE ( 'NONE', ( #6152 ), #4878, .F. ) ;
#3115 = ORIENTED_EDGE ( 'NONE', *, *, #2958, .T. ) ;
#3116 = CARTESIAN_POINT ( 'NONE',  ( -218.4302213278078852, 159.5300000000000296, -52.03670000000001750 ) ) ;
#3117 = ADVANCED_FACE ( 'NONE', ( #5778 ), #3793, .F. ) ;
#3118 = CARTESIAN_POINT ( 'NONE',  ( 0.000000000000000000, 0.000000000000000000, -149.3300000000000409 ) ) ;
#3119 = VERTEX_POINT ( 'NONE', #3406 ) ;
#3120 = FACE_OUTER_BOUND ( 'NONE', #3856, .T. ) ;
#3121 = VERTEX_POINT ( 'NONE', #5858 ) ;
#3122 = AXIS2_PLACEMENT_3D ( 'NONE', #4920, #3840, #2399 ) ;
#3123 = EDGE_CURVE ( 'NONE', #1974, #5066, #5830, .T. ) ;
#3124 = AXIS2_PLACEMENT_3D ( 'NONE', #5914, #1106, #3286 ) ;
#3125 = ORIENTED_EDGE ( 'NONE', *, *, #790, .F. ) ;
#3126 = ORIENTED_EDGE ( 'NONE', *, *, #4663, .T. ) ;
#3127 = DIRECTION ( 'NONE',  ( 1.000000000000000000, 0.000000000000000000, 0.000000000000000000 ) ) ;
#3128 = CARTESIAN_POINT ( 'NONE',  ( 191.7000000000000455, 0.000000000000000000, -128.3500000000000227 ) ) ;
#3129 = VECTOR ( 'NONE', #5058, 1000.000000000000000 ) ;
#3130 = DIRECTION ( 'NONE',  ( 0.000000000000000000, 1.000000000000000000, -3.179398763478275099E-31 ) ) ;
#3131 = AXIS2_PLACEMENT_3D ( 'NONE', #4421, #4994, #4512 ) ;
#3132 = CARTESIAN_POINT ( 'NONE',  ( 219.2500000000004832, 143.0500000000000114, -128.3500000000000512 ) ) ;
#3133 = DIRECTION ( 'NONE',  ( 0.000000000000000000, 0.000000000000000000, 1.000000000000000000 ) ) ;
#3134 = VERTEX_POINT ( 'NONE', #4405 ) ;
#3135 = CARTESIAN_POINT ( 'NONE',  ( 196.7000000000000455, -10.00000000000000000, -128.3500000000000227 ) ) ;
#3136 = LINE ( 'NONE', #1286, #3632 ) ;
#3137 = DIRECTION ( 'NONE',  ( 0.000000000000000000, 0.000000000000000000, 1.000000000000000000 ) ) ;
#3138 = EDGE_CURVE ( 'NONE', #3121, #4980, #1461, .T. ) ;
#3139 = VERTEX_POINT ( 'NONE', #2416 ) ;
#3140 = VERTEX_POINT ( 'NONE', #3855 ) ;
#3141 = CARTESIAN_POINT ( 'NONE',  ( -222.2500000000006253, 159.5300000000000011, 25.39659999999998519 ) ) ;
#3142 = DIRECTION ( 'NONE',  ( -0.000000000000000000, 1.000000000000000000, -0.000000000000000000 ) ) ;
#3143 = DIRECTION ( 'NONE',  ( 1.000000000000000000, 0.000000000000000000, 0.000000000000000000 ) ) ;
#3144 = CARTESIAN_POINT ( 'NONE',  ( -35.69999999999998863, -3.000000000000000000, 4.929721639193789346E-15 ) ) ;
#3145 = ORIENTED_EDGE ( 'NONE', *, *, #3494, .T. ) ;
#3146 = LINE ( 'NONE', #3519, #5567 ) ;
#3147 = EDGE_CURVE ( 'NONE', #5651, #3671, #3371, .T. ) ;
#3148 = PLANE ( 'NONE',  #5338 ) ;
#3149 = CARTESIAN_POINT ( 'NONE',  ( 219.2500000000003695, 138.0500000000000114, 127.9000000000000483 ) ) ;
#3150 = FACE_OUTER_BOUND ( 'NONE', #1284, .T. ) ;
#3151 = ORIENTED_EDGE ( 'NONE', *, *, #5902, .F. ) ;
#3152 = VERTEX_POINT ( 'NONE', #4376 ) ;
#3153 = VECTOR ( 'NONE', #140, 1000.000000000000000 ) ;
#3154 = STYLED_ITEM ( 'NONE', ( #5896 ), #3959 ) ;
#3155 = CARTESIAN_POINT ( 'NONE',  ( -222.2500000000005400, 142.1699999999980264, 0.000000000000000000 ) ) ;
#3156 = DIRECTION ( 'NONE',  ( 0.000000000000000000, 0.000000000000000000, 1.000000000000000000 ) ) ;
#3157 = ORIENTED_EDGE ( 'NONE', *, *, #2991, .T. ) ;
#3158 = CIRCLE ( 'NONE', #1658, 1.599999999999990319 ) ;
#3159 = DIRECTION ( 'NONE',  ( 0.000000000000000000, 0.000000000000000000, 1.000000000000000000 ) ) ;
#3160 = EDGE_CURVE ( 'NONE', #814, #3239, #18, .T. ) ;
#3161 = DIRECTION ( 'NONE',  ( 0.000000000000000000, 0.000000000000000000, 1.000000000000000000 ) ) ;
#3162 = LINE ( 'NONE', #837, #2128 ) ;
#3163 = ORIENTED_EDGE ( 'NONE', *, *, #2359, .T. ) ;
#3164 = CARTESIAN_POINT ( 'NONE',  ( -219.2500000000001421, 45.06999999999802498, -149.3300000000000409 ) ) ;
#3165 = FACE_OUTER_BOUND ( 'NONE', #3930, .T. ) ;
#3166 = AXIS2_PLACEMENT_3D ( 'NONE', #5114, #766, #5143 ) ;
#3167 = DIRECTION ( 'NONE',  ( -1.000000000000000000, 0.000000000000000000, 0.000000000000000000 ) ) ;
#3168 = CARTESIAN_POINT ( 'NONE',  ( 215.7500000000000568, -3.000000000000014655, -152.4000000000000341 ) ) ;
#3169 = ORIENTED_EDGE ( 'NONE', *, *, #4886, .F. ) ;
#3170 = VECTOR ( 'NONE', #4354, 1000.000000000000000 ) ;
#3171 = DIRECTION ( 'NONE',  ( -0.000000000000000000, 1.000000000000000000, -0.000000000000000000 ) ) ;
#3172 = EDGE_CURVE ( 'NONE', #764, #796, #5360, .T. ) ;
#3173 = CARTESIAN_POINT ( 'NONE',  ( 219.2500000000006253, 162.1000000000000227, 25.39659999999998519 ) ) ;
#3174 = VECTOR ( 'NONE', #993, 1000.000000000000000 ) ;
#3175 = VERTEX_POINT ( 'NONE', #2966 ) ;
#3176 = DIRECTION ( 'NONE',  ( 0.000000000000000000, 0.000000000000000000, 1.000000000000000000 ) ) ;
#3177 = CARTESIAN_POINT ( 'NONE',  ( -196.7000000000000171, 0.000000000000000000, -128.3500000000000227 ) ) ;
#3178 = VERTEX_POINT ( 'NONE', #3314 ) ;
#3179 = CARTESIAN_POINT ( 'NONE',  ( 219.2500000000004547, 117.0299999999980116, -1.996525575369635894E-14 ) ) ;
#3180 = LINE ( 'NONE', #2870, #1770 ) ;
#3181 = ORIENTED_EDGE ( 'NONE', *, *, #5869, .T. ) ;
#3182 = CARTESIAN_POINT ( 'NONE',  ( 222.2500000000008242, 150.5499999999996419, 143.8999999999999773 ) ) ;
#3183 = ORIENTED_EDGE ( 'NONE', *, *, #5852, .T. ) ;
#3184 = CARTESIAN_POINT ( 'NONE',  ( -219.2500000000005400, 145.4999999999952820, 91.68000000000007788 ) ) ;
#3185 = VECTOR ( 'NONE', #2425, 1000.000000000000000 ) ;
#3186 = EDGE_CURVE ( 'NONE', #3239, #6113, #2443, .T. ) ;
#3187 = AXIS2_PLACEMENT_3D ( 'NONE', #3440, #124, #5400 ) ;
#3188 = EDGE_LOOP ( 'NONE', ( #1167, #35 ) ) ;
#3189 = AXIS2_PLACEMENT_3D ( 'NONE', #1611, #2584, #3887 ) ;
#3190 = CARTESIAN_POINT ( 'NONE',  ( 222.2500000000008242, 153.6499999999996078, -143.9000000000000341 ) ) ;
#3192 = ORIENTED_EDGE ( 'NONE', *, *, #5270, .T. ) ;
#3191 = PLANE ( 'NONE',  #859 ) ;
#3193 = CARTESIAN_POINT ( 'NONE',  ( -222.2500000000005684, 150.5499999999981071, 143.8999999999999773 ) ) ;
#3194 = ADVANCED_FACE ( 'NONE', ( #533 ), #47, .T. ) ;
#3195 = VECTOR ( 'NONE', #3127, 1000.000000000000000 ) ;
#3196 = CARTESIAN_POINT ( 'NONE',  ( 222.2500000000003411, 68.47999999999801446, -149.3300000000000409 ) ) ;
#3197 = DIRECTION ( 'NONE',  ( 0.000000000000000000, 0.000000000000000000, 1.000000000000000000 ) ) ;
#3198 = EDGE_CURVE ( 'NONE', #3393, #5347, #4597, .T. ) ;
#3199 = VERTEX_POINT ( 'NONE', #1920 ) ;
#3200 = DIRECTION ( 'NONE',  ( 0.000000000000000000, 0.000000000000000000, 1.000000000000000000 ) ) ;
#3201 = DIRECTION ( 'NONE',  ( 1.000000000000000000, -3.424500384408256366E-15, -9.106159978880876162E-17 ) ) ;
#3202 = DIRECTION ( 'NONE',  ( -1.000000000000000000, -7.266278493485551625E-15, 3.633139246742775812E-15 ) ) ;
#3203 = EDGE_LOOP ( 'NONE', ( #2796, #1543, #5626, #6224 ) ) ;
#3204 = ORIENTED_EDGE ( 'NONE', *, *, #2348, .T. ) ;
#3205 = VECTOR ( 'NONE', #6228, 1000.000000000000000 ) ;
#3206 = DIRECTION ( 'NONE',  ( 0.000000000000000000, 0.000000000000000000, 1.000000000000000000 ) ) ;
#3207 = DIRECTION ( 'NONE',  ( 1.000000000000000000, -3.424500384408256366E-15, -9.106159978880876162E-17 ) ) ;
#3208 = COLOUR_RGB ( '',0.7921568627450980005, 0.8196078431372548767, 0.9333333333333333481 ) ;
#3209 = EDGE_LOOP ( 'NONE', ( #1916, #1682, #3980, #1064, #3639, #3771, #3484, #5605, #79, #4369, #2592, #1747, #2789, #5964, #2004, #4453, #338, #6232, #1858, #6034, #920, #4756, #1909, #4401, #1578, #4955, #3091, #4331, #2566, #5482, #2849, #5887, #4105, #5070, #4080, #5169, #699, #2821, #5298, #6206, #3842, #2650, #5823, #2347 ) ) ;
#3210 = EDGE_LOOP ( 'NONE', ( #1399, #3786, #424, #2075 ) ) ;
#3211 = LINE ( 'NONE', #5193, #4384 ) ;
#3212 = DIRECTION ( 'NONE',  ( 1.000000000000000000, 0.000000000000000000, 0.000000000000000000 ) ) ;
#3213 = ORIENTED_EDGE ( 'NONE', *, *, #209, .F. ) ;
#3214 = EDGE_CURVE ( 'NONE', #1455, #1613, #1523, .T. ) ;
#3215 = DIRECTION ( 'NONE',  ( -1.000000000000000000, 0.000000000000000000, -0.000000000000000000 ) ) ;
#3216 = VERTEX_POINT ( 'NONE', #6268 ) ;
#3217 = CARTESIAN_POINT ( 'NONE',  ( 201.7500000000000284, -3.000000000000014655, -138.3750000000000284 ) ) ;
#3218 = ORIENTED_EDGE ( 'NONE', *, *, #2254, .T. ) ;
#3219 = DIRECTION ( 'NONE',  ( 0.000000000000000000, 0.000000000000000000, 1.000000000000000000 ) ) ;
#3220 = ORIENTED_EDGE ( 'NONE', *, *, #1718, .T. ) ;
#3221 = DIRECTION ( 'NONE',  ( -6.033820786006258107E-15, 1.000000000000000000, 0.000000000000000000 ) ) ;
#3223 = VERTEX_POINT ( 'NONE', #4313 ) ;
#3222 = DIRECTION ( 'NONE',  ( 0.000000000000000000, -1.000000000000000000, 0.000000000000000000 ) ) ;
#3224 = VERTEX_POINT ( 'NONE', #4907 ) ;
#3225 = LINE ( 'NONE', #5179, #3582 ) ;
#3226 = ORIENTED_EDGE ( 'NONE', *, *, #1322, .F. ) ;
#3227 = LINE ( 'NONE', #4670, #6079 ) ;
#3228 = DIRECTION ( 'NONE',  ( 0.000000000000000000, 1.000000000000000000, -0.000000000000000000 ) ) ;
#3229 = ADVANCED_FACE ( 'NONE', ( #3345 ), #3430, .F. ) ;
#3230 = LINE ( 'NONE', #4260, #1053 ) ;
#3231 = CARTESIAN_POINT ( 'NONE',  ( -222.2500000000005400, 145.4999999999952536, 91.68000000000007788 ) ) ;
#3232 = CIRCLE ( 'NONE', #5372, 5.000000000000004441 ) ;
#3233 = ADVANCED_FACE ( 'NONE', ( #1980 ), #2882, .T. ) ;
#3234 = LINE ( 'NONE', #815, #1600 ) ;
#3235 = CARTESIAN_POINT ( 'NONE',  ( 0.000000000000000000, 0.000000000000000000, 147.8300000000000409 ) ) ;
#3236 = ORIENTED_EDGE ( 'NONE', *, *, #3083, .T. ) ;
#3237 = FACE_OUTER_BOUND ( 'NONE', #2225, .T. ) ;
#3238 = FACE_OUTER_BOUND ( 'NONE', #2513, .T. ) ;
#3239 = VERTEX_POINT ( 'NONE', #472 ) ;
#3240 = EDGE_CURVE ( 'NONE', #5255, #5290, #4348, .T. ) ;
#3241 = DIRECTION ( 'NONE',  ( 1.000000000000000000, -3.424500384408256366E-15, -9.106159978880876162E-17 ) ) ;
#3242 = DIRECTION ( 'NONE',  ( -1.000000000000000000, -3.424500384408255577E-15, -0.000000000000000000 ) ) ;
#3243 = VERTEX_POINT ( 'NONE', #5043 ) ;
#3244 = LINE ( 'NONE', #6208, #607 ) ;
#3245 = ORIENTED_EDGE ( 'NONE', *, *, #523, .F. ) ;
#3246 = EDGE_CURVE ( 'NONE', #3543, #3755, #207, .T. ) ;
#3247 = FACE_OUTER_BOUND ( 'NONE', #3326, .T. ) ;
#3249 = ORIENTED_EDGE ( 'NONE', *, *, #1511, .F. ) ;
#3248 = FACE_BOUND ( 'NONE', #5485, .T. ) ;
#3250 = DIRECTION ( 'NONE',  ( -9.106159978880874930E-17, 0.000000000000000000, -1.000000000000000000 ) ) ;
#3251 = DIRECTION ( 'NONE',  ( 0.000000000000000000, -0.000000000000000000, 1.000000000000000000 ) ) ;
#3252 = VECTOR ( 'NONE', #4681, 1000.000000000000000 ) ;
#3253 = VECTOR ( 'NONE', #4269, 1000.000000000000000 ) ;
#3254 = VECTOR ( 'NONE', #4817, 1000.000000000000000 ) ;
#3255 = CARTESIAN_POINT ( 'NONE',  ( -219.2500000000005969, 159.5300000000000296, 25.39659999999998519 ) ) ;
#3256 = LINE ( 'NONE', #4639, #387 ) ;
#3257 = AXIS2_PLACEMENT_3D ( 'NONE', #2432, #6255, #2872 ) ;
#3258 = LINE ( 'NONE', #2832, #2879 ) ;
#3259 = FACE_OUTER_BOUND ( 'NONE', #818, .T. ) ;
#3260 = CARTESIAN_POINT ( 'NONE',  ( -222.2500000000005969, 68.47999999999801446, -152.4000000000000341 ) ) ;
#3261 = ORIENTED_EDGE ( 'NONE', *, *, #5032, .T. ) ;
#3262 = EDGE_CURVE ( 'NONE', #4520, #4753, #4468, .T. ) ;
#3263 = CARTESIAN_POINT ( 'NONE',  ( -222.2500000000010232, 27.55000000000148930, -133.3500000000000227 ) ) ;
#3264 = CARTESIAN_POINT ( 'NONE',  ( 222.2500000000007105, 143.8999999999967940, 114.6800000000000779 ) ) ;
#3265 = VECTOR ( 'NONE', #5327, 1000.000000000000000 ) ;
#3266 = EDGE_LOOP ( 'NONE', ( #3851, #5919 ) ) ;
#3267 = CARTESIAN_POINT ( 'NONE',  ( -219.2500000000005400, 147.0999999999952763, 91.68000000000007788 ) ) ;
#3268 = LINE ( 'NONE', #880, #2205 ) ;
#3269 = EDGE_LOOP ( 'NONE', ( #5450, #2912 ) ) ;
#3270 = VECTOR ( 'NONE', #5726, 1000.000000000000000 ) ;
#3271 = ADVANCED_FACE ( 'NONE', ( #5983 ), #1109, .T. ) ;
#3272 = CARTESIAN_POINT ( 'NONE',  ( 219.2500000000005684, 147.0999999999967542, 91.68000000000007788 ) ) ;
#3273 = EDGE_CURVE ( 'NONE', #6116, #1812, #4561, .T. ) ;
#3274 = VERTEX_POINT ( 'NONE', #2162 ) ;
#3275 = ORIENTED_EDGE ( 'NONE', *, *, #2294, .F. ) ;
#3276 = CARTESIAN_POINT ( 'NONE',  ( -219.2500000000005400, 143.8999999999952877, 91.68000000000007788 ) ) ;
#3277 = EDGE_LOOP ( 'NONE', ( #4906, #2855, #2154, #5301 ) ) ;
#3278 = ORIENTED_EDGE ( 'NONE', *, *, #5348, .T. ) ;
#3279 = DIRECTION ( 'NONE',  ( -1.000000000000000000, 3.424500384408255971E-15, 9.106159978880874930E-17 ) ) ;
#3280 = AXIS2_PLACEMENT_3D ( 'NONE', #2338, #5669, #4707 ) ;
#3281 = CARTESIAN_POINT ( 'NONE',  ( -219.2500000000005684, 152.0999999999981185, 143.8999999999999773 ) ) ;
#3282 = EDGE_LOOP ( 'NONE', ( #1752, #5832 ) ) ;
#3283 = PLANE ( 'NONE',  #3796 ) ;
#3284 = EDGE_CURVE ( 'NONE', #1463, #4081, #1552, .T. ) ;
#3285 = VECTOR ( 'NONE', #2331, 1000.000000000000000 ) ;
#3286 = DIRECTION ( 'NONE',  ( -3.424500384408255577E-15, 1.000000000000000000, 0.000000000000000000 ) ) ;
#3287 = LINE ( 'NONE', #5247, #5452 ) ;
#3288 = CARTESIAN_POINT ( 'NONE',  ( -222.2500000000005969, 162.0999999999999943, -152.4000000000000341 ) ) ;
#3289 = LINE ( 'NONE', #6160, #4969 ) ;
#3290 = PLANE ( 'NONE',  #3280 ) ;
#3291 = ORIENTED_EDGE ( 'NONE', *, *, #5279, .F. ) ;
#3292 = CIRCLE ( 'NONE', #885, 1.700000000000000178 ) ;
#3293 = DIRECTION ( 'NONE',  ( 3.424500384408255577E-15, -1.000000000000000000, 0.000000000000000000 ) ) ;
#3294 = CARTESIAN_POINT ( 'NONE',  ( -222.2500000000000284, -3.000000000000000000, 152.4000000000000341 ) ) ;
#3295 = DIRECTION ( 'NONE',  ( 3.424500384408256366E-15, 1.000000000000000000, -3.783043954833576280E-31 ) ) ;
#3296 = EDGE_CURVE ( 'NONE', #19, #4062, #4496, .T. ) ;
#3297 = DIRECTION ( 'NONE',  ( 0.000000000000000000, 0.000000000000000000, 1.000000000000000000 ) ) ;
#3298 = VECTOR ( 'NONE', #93, 1000.000000000000000 ) ;
#3299 = CARTESIAN_POINT ( 'NONE',  ( -227.6485571369686056, 68.47999999999801446, 147.8300000000000409 ) ) ;
#3300 = ORIENTED_EDGE ( 'NONE', *, *, #4646, .T. ) ;
#3301 = AXIS2_PLACEMENT_3D ( 'NONE', #4148, #5038, #237 ) ;
#3302 = DIRECTION ( 'NONE',  ( 0.000000000000000000, 0.000000000000000000, -1.000000000000000000 ) ) ;
#3303 = AXIS2_PLACEMENT_3D ( 'NONE', #156, #5018, #4476 ) ;
#3304 = AXIS2_PLACEMENT_3D ( 'NONE', #1097, #3019, #4338 ) ;
#3305 = EDGE_LOOP ( 'NONE', ( #4931, #2497, #5110, #6258 ) ) ;
#3306 = EDGE_CURVE ( 'NONE', #2472, #5359, #2179, .T. ) ;
#3307 = DIRECTION ( 'NONE',  ( -1.000000000000000000, -3.424500384408255577E-15, -0.000000000000000000 ) ) ;
#3308 = ORIENTED_EDGE ( 'NONE', *, *, #2921, .T. ) ;
#3309 = ADVANCED_FACE ( 'NONE', ( #3120 ), #3090, .F. ) ;
#3310 = EDGE_LOOP ( 'NONE', ( #1826, #1933, #2492, #4067 ) ) ;
#3311 = VECTOR ( 'NONE', #2575, 1000.000000000000000 ) ;
#3312 = DIRECTION ( 'NONE',  ( -1.000000000000000000, 0.000000000000000000, -0.000000000000000000 ) ) ;
#3313 = EDGE_LOOP ( 'NONE', ( #6198, #1034, #2794, #890 ) ) ;
#3314 = CARTESIAN_POINT ( 'NONE',  ( -222.2500000000005969, 93.61999999999801503, 152.4000000000000341 ) ) ;
#3315 = VERTEX_POINT ( 'NONE', #594 ) ;
#3316 = VERTEX_POINT ( 'NONE', #694 ) ;
#3317 = LINE ( 'NONE', #1923, #2797 ) ;
#3318 = CARTESIAN_POINT ( 'NONE',  ( 219.2500000000005400, 133.9999999999987779, 103.1800000000002768 ) ) ;
#3319 = DIRECTION ( 'NONE',  ( 0.000000000000000000, 0.000000000000000000, 1.000000000000000000 ) ) ;
#3320 = DIRECTION ( 'NONE',  ( -0.000000000000000000, 1.000000000000000000, -0.000000000000000000 ) ) ;
#3321 = DIRECTION ( 'NONE',  ( 0.000000000000000000, 1.000000000000000000, 0.000000000000000000 ) ) ;
#3322 = EDGE_CURVE ( 'NONE', #1330, #2444, #2532, .T. ) ;
#3323 = AXIS2_PLACEMENT_3D ( 'NONE', #2026, #1971, #550 ) ;
#3324 = CARTESIAN_POINT ( 'NONE',  ( 201.7500000000000284, -3.000000000000014655, -138.3750000000000284 ) ) ;
#3325 = ORIENTED_EDGE ( 'NONE', *, *, #5810, .T. ) ;
#3326 = EDGE_LOOP ( 'NONE', ( #5878, #6069, #5041, #5673 ) ) ;
#3327 = PLANE ( 'NONE',  #3499 ) ;
#3328 = CARTESIAN_POINT ( 'NONE',  ( -219.2500000000005969, 159.5300000000000296, 0.000000000000000000 ) ) ;
#3329 = CARTESIAN_POINT ( 'NONE',  ( -222.2500000000006253, 159.5300000000000011, -52.03670000000001750 ) ) ;
#3330 = ORIENTED_EDGE ( 'NONE', *, *, #1231, .T. ) ;
#3331 = EDGE_CURVE ( 'NONE', #1661, #1463, #5402, .T. ) ;
#3332 = AXIS2_PLACEMENT_3D ( 'NONE', #3973, #4976, #2829 ) ;
#3333 = VECTOR ( 'NONE', #2163, 1000.000000000000000 ) ;
#3334 = CARTESIAN_POINT ( 'NONE',  ( -201.7499999999999716, -3.000000000000014655, 140.3750000000000284 ) ) ;
#3335 = DIRECTION ( 'NONE',  ( -1.000000000000000000, 3.491481338843133355E-15, 9.106159978880874930E-17 ) ) ;
#3336 = EDGE_LOOP ( 'NONE', ( #3024, #731, #749, #887 ) ) ;
#3337 = CARTESIAN_POINT ( 'NONE',  ( -222.2500000000001990, 45.06999999999802498, -149.3300000000000409 ) ) ;
#3338 = ORIENTED_EDGE ( 'NONE', *, *, #4608, .F. ) ;
#3339 = LINE ( 'NONE', #2383, #1353 ) ;
#3340 = EDGE_LOOP ( 'NONE', ( #4786, #5243, #4877, #3452 ) ) ;
#3341 = ORIENTED_EDGE ( 'NONE', *, *, #1603, .T. ) ;
#3342 = EDGE_CURVE ( 'NONE', #4283, #6133, #5955, .T. ) ;
#3343 = LINE ( 'NONE', #4820, #2953 ) ;
#3344 = ORIENTED_EDGE ( 'NONE', *, *, #5486, .T. ) ;
#3345 = FACE_OUTER_BOUND ( 'NONE', #4655, .T. ) ;
#3346 = DIRECTION ( 'NONE',  ( 0.000000000000000000, -1.000000000000000000, 0.000000000000000000 ) ) ;
#3347 = EDGE_CURVE ( 'NONE', #3671, #1360, #5904, .T. ) ;
#3348 = FACE_BOUND ( 'NONE', #2720, .T. ) ;
#3349 = CARTESIAN_POINT ( 'NONE',  ( -219.2500000000003126, 68.47999999999801446, 147.8300000000000409 ) ) ;
#3350 = CARTESIAN_POINT ( 'NONE',  ( -40.70000000000000995, -3.000000000000000000, -128.3500000000000227 ) ) ;
#3351 = ADVANCED_FACE ( 'NONE', ( #2035 ), #111, .F. ) ;
#3352 = DIRECTION ( 'NONE',  ( 0.000000000000000000, -1.000000000000000000, 0.000000000000000000 ) ) ;
#3353 = VERTEX_POINT ( 'NONE', #5447 ) ;
#3354 = VERTEX_POINT ( 'NONE', #5884 ) ;
#3355 = AXIS2_PLACEMENT_3D ( 'NONE', #4850, #6266, #3312 ) ;
#3356 = DIRECTION ( 'NONE',  ( -1.000000000000000000, 3.424500384408255971E-15, 9.106159978880874930E-17 ) ) ;
#3357 = AXIS2_PLACEMENT_3D ( 'NONE', #2044, #3467, #5992 ) ;
#3358 = DIRECTION ( 'NONE',  ( 0.000000000000000000, 0.000000000000000000, 1.000000000000000000 ) ) ;
#3359 = CARTESIAN_POINT ( 'NONE',  ( -222.2500000000003695, 93.61999999999801503, 0.000000000000000000 ) ) ;
#3360 = CARTESIAN_POINT ( 'NONE',  ( -219.2500000000002558, 68.47999999999801446, 0.000000000000000000 ) ) ;
#3361 = DIRECTION ( 'NONE',  ( -1.000000000000000000, 3.424500384408255971E-15, 9.106159978880874930E-17 ) ) ;
#3362 = ORIENTED_EDGE ( 'NONE', *, *, #1088, .F. ) ;
#3363 = EDGE_CURVE ( 'NONE', #3540, #719, #5414, .T. ) ;
#3364 = DIRECTION ( 'NONE',  ( 1.000000000000000000, -3.424500384408255971E-15, -9.106159978880874930E-17 ) ) ;
#3365 = ORIENTED_EDGE ( 'NONE', *, *, #1017, .F. ) ;
#3366 = CIRCLE ( 'NONE', #4198, 1.700000000000000178 ) ;
#3367 = DIRECTION ( 'NONE',  ( 9.106159978880874930E-17, 0.000000000000000000, 1.000000000000000000 ) ) ;
#3368 = ORIENTED_EDGE ( 'NONE', *, *, #4485, .F. ) ;
#3369 = DIRECTION ( 'NONE',  ( 1.000000000000000000, 4.418089334404615211E-15, 0.000000000000000000 ) ) ;
#3370 = ORIENTED_EDGE ( 'NONE', *, *, #6010, .T. ) ;
#3371 = LINE ( 'NONE', #1016, #2781 ) ;
#3372 = ORIENTED_EDGE ( 'NONE', *, *, #5378, .T. ) ;
#3373 = EDGE_LOOP ( 'NONE', ( #2757, #812, #1397, #1057 ) ) ;
#3374 = EDGE_CURVE ( 'NONE', #1258, #2997, #3711, .T. ) ;
#3375 = DIRECTION ( 'NONE',  ( 0.000000000000000000, 1.000000000000000000, 2.511816797794474720E-16 ) ) ;
#3376 = ORIENTED_EDGE ( 'NONE', *, *, #5172, .F. ) ;
#3377 = FACE_OUTER_BOUND ( 'NONE', #263, .T. ) ;
#3378 = CARTESIAN_POINT ( 'NONE',  ( -222.2500000000000284, -1.047444401652940007E-14, -152.4000000000000341 ) ) ;
#3379 = DIRECTION ( 'NONE',  ( -1.000000000000000000, 0.000000000000000000, -0.000000000000000000 ) ) ;
#3380 = ADVANCED_FACE ( 'NONE', ( #1176 ), #3491, .F. ) ;
#3381 = PLANE ( 'NONE',  #2792 ) ;
#3382 = EDGE_LOOP ( 'NONE', ( #3686, #3020, #4497, #5714 ) ) ;
#3383 = CIRCLE ( 'NONE', #4716, 1.500000000000001332 ) ;
#3384 = DIRECTION ( 'NONE',  ( -1.000000000000000000, -3.424500384408255577E-15, -0.000000000000000000 ) ) ;
#3385 = CARTESIAN_POINT ( 'NONE',  ( -222.2500000000000284, 93.61999999999801503, -152.4000000000000341 ) ) ;
#3386 = CIRCLE ( 'NONE', #1485, 1.549999999999995826 ) ;
#3387 = ADVANCED_FACE ( 'NONE', ( #2565 ), #2100, .F. ) ;
#3388 = FACE_OUTER_BOUND ( 'NONE', #4203, .T. ) ;
#3389 = CARTESIAN_POINT ( 'NONE',  ( -219.2500000000005969, 159.5300000000000296, 0.000000000000000000 ) ) ;
#3390 = EDGE_CURVE ( 'NONE', #3216, #4935, #2233, .T. ) ;
#3391 = DIRECTION ( 'NONE',  ( -1.000000000000000000, -3.424500384408255971E-15, 0.000000000000000000 ) ) ;
#3392 = PLANE ( 'NONE',  #4921 ) ;
#3393 = VERTEX_POINT ( 'NONE', #5137 ) ;
#3394 = DIRECTION ( 'NONE',  ( 4.370956789862825094E-15, 1.000000000000000000, 0.000000000000000000 ) ) ;
#3395 = EDGE_CURVE ( 'NONE', #3353, #2102, #2321, .T. ) ;
#3396 = VECTOR ( 'NONE', #1656, 1000.000000000000000 ) ;
#3397 = VECTOR ( 'NONE', #5733, 1000.000000000000000 ) ;
#3398 = ORIENTED_EDGE ( 'NONE', *, *, #3395, .F. ) ;
#3399 = EDGE_CURVE ( 'NONE', #494, #3493, #1757, .T. ) ;
#3400 = LINE ( 'NONE', #5322, #220 ) ;
#3401 = ORIENTED_EDGE ( 'NONE', *, *, #2191, .F. ) ;
#3402 = EDGE_LOOP ( 'NONE', ( #1115, #4006, #1851, #2388 ) ) ;
#3403 = VECTOR ( 'NONE', #5581, 1000.000000000000000 ) ;
#3404 = CARTESIAN_POINT ( 'NONE',  ( 222.2500000000000853, -7.715696544512644727E-13, 152.4000000000000341 ) ) ;
#3405 = VERTEX_POINT ( 'NONE', #1239 ) ;
#3406 = CARTESIAN_POINT ( 'NONE',  ( -222.2500000000006253, 159.5300000000000011, -26.89669999999999561 ) ) ;
#3407 = ORIENTED_EDGE ( 'NONE', *, *, #3399, .T. ) ;
#3408 = DIRECTION ( 'NONE',  ( 0.000000000000000000, 0.000000000000000000, 1.000000000000000000 ) ) ;
#3409 = CARTESIAN_POINT ( 'NONE',  ( -222.2500000000002558, 68.47999999999801446, 0.000000000000000000 ) ) ;
#3410 = DIRECTION ( 'NONE',  ( -0.000000000000000000, 1.000000000000000000, -0.000000000000000000 ) ) ;
#3411 = CARTESIAN_POINT ( 'NONE',  ( -219.2500000000005969, 162.1000000000000227, -129.4700000000000273 ) ) ;
#3412 = AXIS2_PLACEMENT_3D ( 'NONE', #442, #4829, #5390 ) ;
#3413 = CARTESIAN_POINT ( 'NONE',  ( 222.2500000000008242, 152.0999999999996248, 143.8999999999999773 ) ) ;
#3414 = FACE_OUTER_BOUND ( 'NONE', #3209, .T. ) ;
#3415 = EDGE_CURVE ( 'NONE', #3316, #4423, #4738, .T. ) ;
#3416 = DIRECTION ( 'NONE',  ( -1.000000000000000000, -3.424500384408255971E-15, 0.000000000000000000 ) ) ;
#3417 = CARTESIAN_POINT ( 'NONE',  ( -222.2500000000006253, 159.5300000000000011, -129.4700000000000273 ) ) ;
#3418 = VECTOR ( 'NONE', #5555, 1000.000000000000000 ) ;
#3419 = LINE ( 'NONE', #2925, #1229 ) ;
#3420 = ADVANCED_FACE ( 'NONE', ( #4211 ), #2267, .F. ) ;
#3421 = ORIENTED_EDGE ( 'NONE', *, *, #2372, .T. ) ;
#3422 = LINE ( 'NONE', #1540, #5775 ) ;
#3423 = AXIS2_PLACEMENT_3D ( 'NONE', #5559, #1223, #4611 ) ;
#3424 = ADVANCED_FACE ( 'NONE', ( #3150 ), #4183, .F. ) ;
#3425 = VERTEX_POINT ( 'NONE', #3656 ) ;
#3426 = VECTOR ( 'NONE', #1509, 1000.000000000000000 ) ;
#3427 = ORIENTED_EDGE ( 'NONE', *, *, #2201, .F. ) ;
#3428 = CARTESIAN_POINT ( 'NONE',  ( -222.2500000000005400, 145.4999999999952536, 114.6800000000000779 ) ) ;
#3429 = ORIENTED_EDGE ( 'NONE', *, *, #3813, .F. ) ;
#3430 = CYLINDRICAL_SURFACE ( 'NONE', #3068, 1.599999999999990319 ) ;
#3431 = ORIENTED_EDGE ( 'NONE', *, *, #1913, .F. ) ;
#3432 = ORIENTED_EDGE ( 'NONE', *, *, #2053, .F. ) ;
#3433 = EDGE_CURVE ( 'NONE', #6214, #4253, #2754, .T. ) ;
#3434 = FACE_OUTER_BOUND ( 'NONE', #4221, .T. ) ;
#3435 = DIRECTION ( 'NONE',  ( 1.000000000000000000, -7.266278493485551625E-15, -0.000000000000000000 ) ) ;
#3436 = CARTESIAN_POINT ( 'NONE',  ( 219.2500000000005684, 143.8999999999967940, 114.6800000000000779 ) ) ;
#3437 = CARTESIAN_POINT ( 'NONE',  ( -222.2500000000010232, 22.55000000000148930, 122.9000000000000767 ) ) ;
#3438 = LINE ( 'NONE', #1, #5064 ) ;
#3439 = LINE ( 'NONE', #578, #6149 ) ;
#3440 = CARTESIAN_POINT ( 'NONE',  ( 0.000000000000000000, -3.000000000000000000, 0.000000000000000000 ) ) ;
#3441 = CARTESIAN_POINT ( 'NONE',  ( -222.2500000000006253, 159.5300000000000011, -129.4700000000000273 ) ) ;
#3442 = EDGE_CURVE ( 'NONE', #4249, #1330, #1704, .T. ) ;
#3443 = ORIENTED_EDGE ( 'NONE', *, *, #4808, .F. ) ;
#3444 = VECTOR ( 'NONE', #1039, 1000.000000000000000 ) ;
#3445 = AXIS2_PLACEMENT_3D ( 'NONE', #6138, #4142, #6076 ) ;
#3446 = DIRECTION ( 'NONE',  ( -3.424500384408255577E-15, 1.000000000000000000, -6.138677167448003270E-31 ) ) ;
#3447 = ORIENTED_EDGE ( 'NONE', *, *, #4801, .F. ) ;
#3448 = CIRCLE ( 'NONE', #3257, 4.600000000003018563 ) ;
#3449 = CARTESIAN_POINT ( 'NONE',  ( 215.7500000000000568, -3.000000000000014655, -152.3999999999999773 ) ) ;
#3450 = EDGE_CURVE ( 'NONE', #5588, #1111, #5653, .T. ) ;
#3451 = EDGE_LOOP ( 'NONE', ( #562, #1027 ) ) ;
#3452 = ORIENTED_EDGE ( 'NONE', *, *, #5499, .F. ) ;
#3453 = CARTESIAN_POINT ( 'NONE',  ( -196.6999999999999886, -3.000000000000000000, 2.172943969589733558E-14 ) ) ;
#3454 = EDGE_CURVE ( 'NONE', #4196, #995, #2719, .T. ) ;
#3455 = DIRECTION ( 'NONE',  ( 0.000000000000000000, 1.000000000000000000, 0.000000000000000000 ) ) ;
#3456 = ORIENTED_EDGE ( 'NONE', *, *, #3774, .F. ) ;
#3457 = AXIS2_PLACEMENT_3D ( 'NONE', #2202, #601, #2633 ) ;
#3458 = DIRECTION ( 'NONE',  ( 9.106159978880874930E-17, -3.118404834816063268E-31, 1.000000000000000000 ) ) ;
#3459 = ORIENTED_EDGE ( 'NONE', *, *, #3917, .F. ) ;
#3460 = EDGE_CURVE ( 'NONE', #2265, #5888, #3811, .T. ) ;
#3461 = ORIENTED_EDGE ( 'NONE', *, *, #2461, .F. ) ;
#3462 = AXIS2_PLACEMENT_3D ( 'NONE', #3378, #1960, #5784 ) ;
#3463 = FACE_OUTER_BOUND ( 'NONE', #5266, .T. ) ;
#3464 = DIRECTION ( 'NONE',  ( -0.000000000000000000, 1.000000000000000000, -0.000000000000000000 ) ) ;
#3465 = DIRECTION ( 'NONE',  ( 0.000000000000000000, 1.000000000000000000, -0.000000000000000000 ) ) ;
#3466 = EDGE_CURVE ( 'NONE', #1620, #6261, #4659, .T. ) ;
#3467 = DIRECTION ( 'NONE',  ( -1.000000000000000000, -3.424500384408255577E-15, -0.000000000000000000 ) ) ;
#3468 = CARTESIAN_POINT ( 'NONE',  ( 16.65000000000006608, -10.00000000000000000, 122.9000000000000341 ) ) ;
#3469 = VERTEX_POINT ( 'NONE', #855 ) ;
#3470 = CARTESIAN_POINT ( 'NONE',  ( 222.2500000000006253, 162.0999999999999943, 152.4000000000000341 ) ) ;
#3471 = DIRECTION ( 'NONE',  ( 0.000000000000000000, -1.000000000000000000, 0.000000000000000000 ) ) ;
#3472 = CARTESIAN_POINT ( 'NONE',  ( 222.2500000000007105, 143.8999999999967940, 91.68000000000007788 ) ) ;
#3473 = VECTOR ( 'NONE', #1321, 1000.000000000000000 ) ;
#3474 = PLANE ( 'NONE',  #3131 ) ;
#3475 = AXIS2_PLACEMENT_3D ( 'NONE', #4626, #2688, #4150 ) ;
#3476 = ORIENTED_EDGE ( 'NONE', *, *, #5456, .F. ) ;
#3477 = AXIS2_PLACEMENT_3D ( 'NONE', #3651, #2649, #4587 ) ;
#3478 = CARTESIAN_POINT ( 'NONE',  ( 201.7499999999999716, -3.000000000000014655, 141.8750000000000284 ) ) ;
#3479 = LINE ( 'NONE', #5403, #2834 ) ;
#3480 = ORIENTED_EDGE ( 'NONE', *, *, #3739, .F. ) ;
#3481 = CARTESIAN_POINT ( 'NONE',  ( -222.2500000000000284, 3.499999999999964917, -152.4000000000000341 ) ) ;
#3482 = VECTOR ( 'NONE', #1451, 1000.000000000000000 ) ;
#3483 = ORIENTED_EDGE ( 'NONE', *, *, #6226, .T. ) ;
#3484 = ORIENTED_EDGE ( 'NONE', *, *, #3186, .T. ) ;
#3485 = ORIENTED_EDGE ( 'NONE', *, *, #4040, .F. ) ;
#3486 = VECTOR ( 'NONE', #6211, 1000.000000000000000 ) ;
#3487 = CARTESIAN_POINT ( 'NONE',  ( -35.70000000000000995, -3.000000000000000000, -128.3500000000000227 ) ) ;
#3488 = EDGE_CURVE ( 'NONE', #5938, #5677, #241, .T. ) ;
#3489 = CARTESIAN_POINT ( 'NONE',  ( 222.2500000000005400, 138.0499999999999829, 127.9000000000000483 ) ) ;
#3490 = ORIENTED_EDGE ( 'NONE', *, *, #3450, .T. ) ;
#3491 = CYLINDRICAL_SURFACE ( 'NONE', #1917, 6.349999999999994316 ) ;
#3492 = ORIENTED_EDGE ( 'NONE', *, *, #4064, .T. ) ;
#3493 = VERTEX_POINT ( 'NONE', #2196 ) ;
#3494 = EDGE_CURVE ( 'NONE', #1230, #5473, #991, .T. ) ;
#3495 = AXIS2_PLACEMENT_3D ( 'NONE', #3470, #5428, #1089 ) ;
#3496 = CIRCLE ( 'NONE', #5345, 1.599999999999990319 ) ;
#3497 = VERTEX_POINT ( 'NONE', #3141 ) ;
#3498 = CARTESIAN_POINT ( 'NONE',  ( 222.2500000000000568, -7.715696544512644727E-13, 147.8300000000000409 ) ) ;
#3499 = AXIS2_PLACEMENT_3D ( 'NONE', #996, #3867, #1022 ) ;
#3500 = LINE ( 'NONE', #4951, #1466 ) ;
#3501 = DIRECTION ( 'NONE',  ( -1.000000000000000000, 0.000000000000000000, 0.000000000000000000 ) ) ;
#3502 = CARTESIAN_POINT ( 'NONE',  ( -219.2500000000005684, 150.5499999999981355, -143.9000000000000341 ) ) ;
#3503 = CARTESIAN_POINT ( 'NONE',  ( -222.2500000000006537, 143.0500000000015177, -128.3500000000000227 ) ) ;
#3504 = DIRECTION ( 'NONE',  ( -4.418089334404615211E-15, 1.574361634076342124E-29, 1.000000000000000000 ) ) ;
#3505 = VECTOR ( 'NONE', #5754, 1000.000000000000000 ) ;
#3506 = LINE ( 'NONE', #709, #2218 ) ;
#3507 = CYLINDRICAL_SURFACE ( 'NONE', #977, 1.500000000000001332 ) ;
#3508 = CARTESIAN_POINT ( 'NONE',  ( -222.2500000000006253, 143.0500000000015177, 122.9000000000000909 ) ) ;
#3509 = VERTEX_POINT ( 'NONE', #3613 ) ;
#3510 = CARTESIAN_POINT ( 'NONE',  ( 219.2500000000005684, 143.0500000000000114, 122.9000000000000909 ) ) ;
#3511 = ADVANCED_FACE ( 'NONE', ( #3541 ), #4098, .F. ) ;
#3512 = PLANE ( 'NONE',  #2222 ) ;
#3513 = ORIENTED_EDGE ( 'NONE', *, *, #5580, .F. ) ;
#3514 = DIRECTION ( 'NONE',  ( 1.000000000000000000, -3.491481338843133355E-15, 0.000000000000000000 ) ) ;
#3515 = PLANE ( 'NONE',  #669 ) ;
#3516 = ORIENTED_EDGE ( 'NONE', *, *, #3172, .T. ) ;
#3517 = VERTEX_POINT ( 'NONE', #5466 ) ;
#3518 = ORIENTED_EDGE ( 'NONE', *, *, #3342, .F. ) ;
#3519 = CARTESIAN_POINT ( 'NONE',  ( 222.2500000000007105, 147.0999999999967542, 114.6800000000000779 ) ) ;
#3520 = LINE ( 'NONE', #1550, #843 ) ;
#3521 = ORIENTED_EDGE ( 'NONE', *, *, #4075, .T. ) ;
#3522 = CARTESIAN_POINT ( 'NONE',  ( -191.6999999999999886, -10.00000000000000000, 127.9000000000000625 ) ) ;
#3523 = DIRECTION ( 'NONE',  ( -1.000000000000000000, -3.424500384408255971E-15, 0.000000000000000000 ) ) ;
#3524 = VECTOR ( 'NONE', #2691, 1000.000000000000000 ) ;
#3525 = EDGE_CURVE ( 'NONE', #1384, #4426, #3496, .T. ) ;
#3526 = ORIENTED_EDGE ( 'NONE', *, *, #5550, .F. ) ;
#3527 = CARTESIAN_POINT ( 'NONE',  ( 201.7500000000000284, -3.000000000000014655, -138.3750000000000284 ) ) ;
#3528 = DIRECTION ( 'NONE',  ( -1.000000000000000000, 0.000000000000000000, 1.104699526990205168E-16 ) ) ;
#3529 = DIRECTION ( 'NONE',  ( 1.000000000000000000, 0.000000000000000000, 0.000000000000000000 ) ) ;
#3530 = ORIENTED_EDGE ( 'NONE', *, *, #259, .F. ) ;
#3531 = ADVANCED_FACE ( 'NONE', ( #3574 ), #746, .T. ) ;
#3532 = CARTESIAN_POINT ( 'NONE',  ( -219.2500000000000284, -2.009428633046239185E-16, -152.4000000000000341 ) ) ;
#3533 = DIRECTION ( 'NONE',  ( -0.000000000000000000, 1.000000000000000000, -0.000000000000000000 ) ) ;
#3534 = EDGE_CURVE ( 'NONE', #3756, #5285, #4484, .T. ) ;
#3535 = ORIENTED_EDGE ( 'NONE', *, *, #2113, .T. ) ;
#3536 = CARTESIAN_POINT ( 'NONE',  ( 191.7000000000000455, -10.00000000000000000, -128.3500000000000227 ) ) ;
#3537 = FACE_OUTER_BOUND ( 'NONE', #1899, .T. ) ;
#3538 = CARTESIAN_POINT ( 'NONE',  ( 222.2500000000007105, 143.8999999999967940, 91.68000000000007788 ) ) ;
#3539 = ORIENTED_EDGE ( 'NONE', *, *, #3043, .T. ) ;
#3540 = VERTEX_POINT ( 'NONE', #3510 ) ;
#3541 = FACE_OUTER_BOUND ( 'NONE', #3305, .T. ) ;
#3542 = CARTESIAN_POINT ( 'NONE',  ( -215.7500000000000284, 3.499999999999987566, 152.4000000000000341 ) ) ;
#3543 = VERTEX_POINT ( 'NONE', #3050 ) ;
#3544 = CARTESIAN_POINT ( 'NONE',  ( 201.7500000000000284, -3.000000000000014655, -139.9250000000000114 ) ) ;
#3545 = VECTOR ( 'NONE', #1207, 1000.000000000000000 ) ;
#3546 = CARTESIAN_POINT ( 'NONE',  ( -219.2500000000005684, 153.6499999999981299, 143.8999999999999773 ) ) ;
#3547 = VECTOR ( 'NONE', #524, 1000.000000000000000 ) ;
#3548 = ORIENTED_EDGE ( 'NONE', *, *, #3240, .F. ) ;
#3549 = EDGE_CURVE ( 'NONE', #1304, #1013, #5062, .T. ) ;
#3550 = EDGE_LOOP ( 'NONE', ( #5415, #4682, #1622, #1132 ) ) ;
#3551 = FACE_OUTER_BOUND ( 'NONE', #4112, .T. ) ;
#3552 = VECTOR ( 'NONE', #5930, 1000.000000000000000 ) ;
#3553 = CARTESIAN_POINT ( 'NONE',  ( -222.2500000000005969, 142.1699999999980264, 152.4000000000000341 ) ) ;
#3554 = EDGE_LOOP ( 'NONE', ( #1790, #4727, #76, #660 ) ) ;
#3555 = CARTESIAN_POINT ( 'NONE',  ( 215.9677423282305426, 159.5300000000000296, 102.8299999999999841 ) ) ;
#3556 = ORIENTED_EDGE ( 'NONE', *, *, #4053, .T. ) ;
#3557 = ORIENTED_EDGE ( 'NONE', *, *, #2254, .F. ) ;
#3558 = VERTEX_POINT ( 'NONE', #3478 ) ;
#3559 = FACE_OUTER_BOUND ( 'NONE', #2557, .T. ) ;
#3560 = EDGE_CURVE ( 'NONE', #1518, #4988, #4615, .T. ) ;
#3561 = DIRECTION ( 'NONE',  ( -1.000000000000000000, -3.424500384408255971E-15, -0.000000000000000000 ) ) ;
#3562 = DIRECTION ( 'NONE',  ( 0.000000000000000000, 1.000000000000000000, 0.000000000000000000 ) ) ;
#3563 = VECTOR ( 'NONE', #211, 1000.000000000000000 ) ;
#3564 = CARTESIAN_POINT ( 'NONE',  ( -201.7500000000000284, -3.000000000000014655, -139.9250000000000114 ) ) ;
#3565 = CARTESIAN_POINT ( 'NONE',  ( 40.70000000000005969, 0.000000000000000000, 127.9000000000000483 ) ) ;
#3566 = ORIENTED_EDGE ( 'NONE', *, *, #5270, .F. ) ;
#3567 = EDGE_CURVE ( 'NONE', #5716, #5469, #195, .T. ) ;
#3568 = DIRECTION ( 'NONE',  ( 1.000000000000000000, -3.424500384408256366E-15, -9.106159978880876162E-17 ) ) ;
#3569 = CARTESIAN_POINT ( 'NONE',  ( -201.7500000000000284, 0.000000000000000000, -138.3750000000000284 ) ) ;
#3570 = FACE_OUTER_BOUND ( 'NONE', #1817, .T. ) ;
#3571 = PLANE ( 'NONE',  #2485 ) ;
#3572 = ORIENTED_EDGE ( 'NONE', *, *, #3415, .T. ) ;
#3573 = EDGE_CURVE ( 'NONE', #1522, #1058, #2085, .T. ) ;
#3574 = FACE_OUTER_BOUND ( 'NONE', #1519, .T. ) ;
#3575 = DIRECTION ( 'NONE',  ( 0.000000000000000000, -0.000000000000000000, -1.000000000000000000 ) ) ;
#3576 = VECTOR ( 'NONE', #1021, 1000.000000000000000 ) ;
#3577 = ADVANCED_FACE ( 'NONE', ( #3998 ), #260, .F. ) ;
#3578 = ORIENTED_EDGE ( 'NONE', *, *, #5841, .T. ) ;
#3579 = LINE ( 'NONE', #5537, #2370 ) ;
#3580 = CARTESIAN_POINT ( 'NONE',  ( -219.2500000000005116, 141.0540838453883623, 92.86060558452255975 ) ) ;
#3581 = EDGE_LOOP ( 'NONE', ( #3427, #5548, #1087, #5095 ) ) ;
#3582 = VECTOR ( 'NONE', #4792, 1000.000000000000000 ) ;
#3583 = AXIS2_PLACEMENT_3D ( 'NONE', #6174, #3751, #6203 ) ;
#3584 = ORIENTED_EDGE ( 'NONE', *, *, #5577, .T. ) ;
#3585 = DIRECTION ( 'NONE',  ( -1.000000000000000000, -3.469446951953611033E-15, 0.000000000000000000 ) ) ;
#3586 = EDGE_CURVE ( 'NONE', #1348, #4182, #4517, .T. ) ;
#3587 = CARTESIAN_POINT ( 'NONE',  ( 222.2500000000001137, 19.92999999999800309, -2.023844055306275469E-14 ) ) ;
#3588 = ORIENTED_EDGE ( 'NONE', *, *, #2677, .T. ) ;
#3589 = VECTOR ( 'NONE', #5131, 1000.000000000000000 ) ;
#3590 = DIRECTION ( 'NONE',  ( 0.000000000000000000, 0.000000000000000000, 1.000000000000000000 ) ) ;
#3591 = ORIENTED_EDGE ( 'NONE', *, *, #4513, .F. ) ;
#3592 = AXIS2_PLACEMENT_3D ( 'NONE', #1453, #3364, #3394 ) ;
#3593 = AXIS2_PLACEMENT_3D ( 'NONE', #1726, #2759, #6119 ) ;
#3594 = ORIENTED_EDGE ( 'NONE', *, *, #5456, .T. ) ;
#3595 =( GEOMETRIC_REPRESENTATION_CONTEXT ( 3 ) GLOBAL_UNCERTAINTY_ASSIGNED_CONTEXT ( ( #5184 ) ) GLOBAL_UNIT_ASSIGNED_CONTEXT ( ( #4365, #426, #5292 ) ) REPRESENTATION_CONTEXT ( 'NONE', 'WORKASPACE' ) );
#3596 = EDGE_CURVE ( 'NONE', #3727, #4935, #1607, .T. ) ;
#3597 = PLANE ( 'NONE',  #1494 ) ;
#3598 = CARTESIAN_POINT ( 'NONE',  ( 222.2500000000007105, 145.4999999999967599, 114.6800000000000779 ) ) ;
#3599 = VECTOR ( 'NONE', #2047, 1000.000000000000000 ) ;
#3600 = AXIS2_PLACEMENT_3D ( 'NONE', #176, #3977, #5918 ) ;
#3601 = DIRECTION ( 'NONE',  ( -2.612746562781517964E-15, 9.440295743426037321E-30, 1.000000000000000000 ) ) ;
#3602 = VECTOR ( 'NONE', #4076, 1000.000000000000000 ) ;
#3603 = ORIENTED_EDGE ( 'NONE', *, *, #546, .F. ) ;
#3604 = DIRECTION ( 'NONE',  ( -0.000000000000000000, 1.000000000000000000, -0.000000000000000000 ) ) ;
#3605 = AXIS2_PLACEMENT_3D ( 'NONE', #2867, #1504, #4802 ) ;
#3606 = LINE ( 'NONE', #5934, #4649 ) ;
#3607 = VERTEX_POINT ( 'NONE', #5532 ) ;
#3608 = CARTESIAN_POINT ( 'NONE',  ( 219.2500000000006253, 159.5300000000000296, 50.53659999999997865 ) ) ;
#3609 = CARTESIAN_POINT ( 'NONE',  ( 11.65000000000006608, -3.000000000000000000, 127.9000000000000483 ) ) ;
#3610 = DIRECTION ( 'NONE',  ( 1.000000000000000000, 0.000000000000000000, -0.000000000000000000 ) ) ;
#3611 = ORIENTED_EDGE ( 'NONE', *, *, #54, .F. ) ;
#3612 = EDGE_CURVE ( 'NONE', #282, #5384, #5939, .T. ) ;
#3613 = CARTESIAN_POINT ( 'NONE',  ( -222.2500000000005969, 45.06999999999802498, 152.4000000000000341 ) ) ;
#3614 = CYLINDRICAL_SURFACE ( 'NONE', #3761, 1.500000000000001332 ) ;
#3615 = EDGE_LOOP ( 'NONE', ( #3825, #457 ) ) ;
#3616 = DIRECTION ( 'NONE',  ( 9.106159978880874930E-17, -2.973490727786375597E-31, 1.000000000000000000 ) ) ;
#3617 = DIRECTION ( 'NONE',  ( 0.000000000000000000, -1.000000000000000000, 0.000000000000000000 ) ) ;
#3618 = ORIENTED_EDGE ( 'NONE', *, *, #4402, .F. ) ;
#3619 = DIRECTION ( 'NONE',  ( -1.000000000000000000, 0.000000000000000000, 0.000000000000000000 ) ) ;
#3620 = CARTESIAN_POINT ( 'NONE',  ( -222.2500000000000284, 3.499999999999964917, -152.3999999999997499 ) ) ;
#3621 = ORIENTED_EDGE ( 'NONE', *, *, #191, .F. ) ;
#3622 = EDGE_CURVE ( 'NONE', #2011, #5446, #4032, .T. ) ;
#3623 = AXIS2_PLACEMENT_3D ( 'NONE', #2379, #1423, #463 ) ;
#3624 = DIRECTION ( 'NONE',  ( 0.000000000000000000, 0.000000000000000000, 1.000000000000000000 ) ) ;
#3625 = ORIENTED_EDGE ( 'NONE', *, *, #3586, .F. ) ;
#3626 = VECTOR ( 'NONE', #4287, 1000.000000000000000 ) ;
#3627 = ORIENTED_EDGE ( 'NONE', *, *, #5957, .T. ) ;
#3628 = DIRECTION ( 'NONE',  ( 0.000000000000000000, -1.000000000000000000, 0.000000000000000000 ) ) ;
#3629 = VECTOR ( 'NONE', #2305, 1000.000000000000000 ) ;
#3631 = ORIENTED_EDGE ( 'NONE', *, *, #2181, .F. ) ;
#3630 = FACE_OUTER_BOUND ( 'NONE', #171, .T. ) ;
#3632 = VECTOR ( 'NONE', #3167, 1000.000000000000000 ) ;
#3633 = CARTESIAN_POINT ( 'NONE',  ( -222.2500000000006253, 159.5300000000000011, -104.3300000000000409 ) ) ;
#3634 = EDGE_LOOP ( 'NONE', ( #4926, #4153, #4700, #3556 ) ) ;
#3635 = ADVANCED_FACE ( 'NONE', ( #1227 ), #2645, .F. ) ;
#3636 = VECTOR ( 'NONE', #2269, 1000.000000000000000 ) ;
#3637 = CARTESIAN_POINT ( 'NONE',  ( -24.68344801572517255, -10.00000000000000000, 55.20000011181512889 ) ) ;
#3638 = DIRECTION ( 'NONE',  ( 0.000000000000000000, 1.000000000000000000, 0.000000000000000000 ) ) ;
#3639 = ORIENTED_EDGE ( 'NONE', *, *, #1060, .F. ) ;
#3640 = DIRECTION ( 'NONE',  ( 5.551115123125781913E-15, 1.000000000000000000, 0.000000000000000000 ) ) ;
#3641 = FACE_OUTER_BOUND ( 'NONE', #3678, .T. ) ;
#3642 = CARTESIAN_POINT ( 'NONE',  ( 222.2500000000008242, 153.6499999999996078, -143.9000000000000341 ) ) ;
#3643 = EDGE_LOOP ( 'NONE', ( #2058, #4818, #3588, #4133 ) ) ;
#3644 = ORIENTED_EDGE ( 'NONE', *, *, #1469, .F. ) ;
#3645 = LINE ( 'NONE', #4648, #5942 ) ;
#3646 = CARTESIAN_POINT ( 'NONE',  ( -215.9677423282305426, 159.5300000000000296, 102.8299999999999841 ) ) ;
#3647 = VERTEX_POINT ( 'NONE', #227 ) ;
#3648 = EDGE_LOOP ( 'NONE', ( #3052, #1778, #2522, #5152 ) ) ;
#3649 = ADVANCED_FACE ( 'NONE', ( #2550 ), #1707, .F. ) ;
#3650 = CARTESIAN_POINT ( 'NONE',  ( 222.2500000000001705, 19.92999999999800309, -149.3300000000000409 ) ) ;
#3651 = CARTESIAN_POINT ( 'NONE',  ( -191.6999999999999886, 0.000000000000000000, 122.9000000000000341 ) ) ;
#3652 = VERTEX_POINT ( 'NONE', #5435 ) ;
#3653 = DIRECTION ( 'NONE',  ( -6.033820786006258107E-15, 1.000000000000000000, 0.000000000000000000 ) ) ;
#3654 = FACE_BOUND ( 'NONE', #1829, .T. ) ;
#3655 = CARTESIAN_POINT ( 'NONE',  ( 222.2500000000007390, 162.0999999999999943, 127.9699999999999704 ) ) ;
#3656 = CARTESIAN_POINT ( 'NONE',  ( -24.68344801572517255, -3.000000000000000000, 58.60000011181512747 ) ) ;
#3657 = ORIENTED_EDGE ( 'NONE', *, *, #2887, .T. ) ;
#3658 = EDGE_CURVE ( 'NONE', #584, #2567, #5641, .T. ) ;
#3659 = CARTESIAN_POINT ( 'NONE',  ( 191.7000000000000739, -10.00000000000000000, 127.9000000000000483 ) ) ;
#3660 = ORIENTED_EDGE ( 'NONE', *, *, #2631, .F. ) ;
#3661 = ADVANCED_FACE ( 'NONE', ( #1809 ), #5126, .T. ) ;
#3662 = AXIS2_PLACEMENT_3D ( 'NONE', #1174, #3455, #4435 ) ;
#3663 = PLANE ( 'NONE',  #6040 ) ;
#3665 = ORIENTED_EDGE ( 'NONE', *, *, #851, .T. ) ;
#3664 = FACE_OUTER_BOUND ( 'NONE', #3908, .T. ) ;
#3666 = EDGE_LOOP ( 'NONE', ( #5661, #5881, #266, #4731 ) ) ;
#3667 = EDGE_CURVE ( 'NONE', #302, #744, #3712, .T. ) ;
#3668 = DIRECTION ( 'NONE',  ( 0.000000000000000000, -0.000000000000000000, -1.000000000000000000 ) ) ;
#3669 = CARTESIAN_POINT ( 'NONE',  ( -11.64999999999997904, -3.000000000000000000, 127.9000000000000483 ) ) ;
#3670 = CYLINDRICAL_SURFACE ( 'NONE', #1315, 5.000000000000004441 ) ;
#3671 = VERTEX_POINT ( 'NONE', #5674 ) ;
#3672 = CARTESIAN_POINT ( 'NONE',  ( -16.64999999999997726, -3.000000000000000000, 122.9000000000000341 ) ) ;
#3673 = ADVANCED_FACE ( 'NONE', ( #2312 ), #844, .T. ) ;
#3674 = VECTOR ( 'NONE', #1690, 1000.000000000000000 ) ;
#3675 = CARTESIAN_POINT ( 'NONE',  ( -222.2500000000005969, 162.0999999999999943, 0.000000000000000000 ) ) ;
#3676 = DIRECTION ( 'NONE',  ( 3.424500384408255577E-15, 1.000000000000000000, -0.000000000000000000 ) ) ;
#3677 = VERTEX_POINT ( 'NONE', #4135 ) ;
#3678 = EDGE_LOOP ( 'NONE', ( #6041, #97, #2625, #5480 ) ) ;
#3679 = FACE_OUTER_BOUND ( 'NONE', #5191, .T. ) ;
#3680 = CARTESIAN_POINT ( 'NONE',  ( -222.2500000000000853, 19.92999999999800309, -149.3300000000000409 ) ) ;
#3681 = ORIENTED_EDGE ( 'NONE', *, *, #3667, .T. ) ;
#3682 = DIRECTION ( 'NONE',  ( 3.424500384408255577E-15, 1.000000000000000000, -0.000000000000000000 ) ) ;
#3683 = LINE ( 'NONE', #4714, #980 ) ;
#3684 = EDGE_LOOP ( 'NONE', ( #141, #3443, #5387, #1257 ) ) ;
#3685 = LINE ( 'NONE', #1362, #599 ) ;
#3686 = ORIENTED_EDGE ( 'NONE', *, *, #5276, .T. ) ;
#3687 = CARTESIAN_POINT ( 'NONE',  ( -11.65000000000000746, -10.00000000000000000, -128.3500000000000227 ) ) ;
#3688 = ORIENTED_EDGE ( 'NONE', *, *, #493, .T. ) ;
#3689 = CARTESIAN_POINT ( 'NONE',  ( -219.2500000000005969, 162.0999999999999943, 152.4000000000000341 ) ) ;
#3690 = AXIS2_PLACEMENT_3D ( 'NONE', #4452, #6068, #5059 ) ;
#3691 = VECTOR ( 'NONE', #1128, 1000.000000000000000 ) ;
#3692 = ORIENTED_EDGE ( 'NONE', *, *, #569, .F. ) ;
#3693 = ADVANCED_FACE ( 'NONE', ( #3679 ), #2709, .F. ) ;
#3694 = CIRCLE ( 'NONE', #1804, 4.999999999999976907 ) ;
#3695 = CARTESIAN_POINT ( 'NONE',  ( 222.2500000000003126, 73.19999999999998863, 137.9000000000000625 ) ) ;
#3697 = ORIENTED_EDGE ( 'NONE', *, *, #3789, .T. ) ;
#3696 = CARTESIAN_POINT ( 'NONE',  ( 219.2500000000005684, 145.4999999999967599, 91.68000000000007788 ) ) ;
#3698 = ORIENTED_EDGE ( 'NONE', *, *, #100, .T. ) ;
#3699 = EDGE_CURVE ( 'NONE', #3393, #6133, #1323, .T. ) ;
#3700 = DIRECTION ( 'NONE',  ( 3.424500384408255577E-15, 1.000000000000000000, -0.000000000000000000 ) ) ;
#3701 = VERTEX_POINT ( 'NONE', #4745 ) ;
#3702 = VECTOR ( 'NONE', #5735, 1000.000000000000000 ) ;
#3703 = AXIS2_PLACEMENT_3D ( 'NONE', #5206, #2791, #6089 ) ;
#3704 = CARTESIAN_POINT ( 'NONE',  ( -222.2500000000010232, 27.55000000000148930, -128.3500000000000227 ) ) ;
#3705 = DIRECTION ( 'NONE',  ( 0.000000000000000000, 0.000000000000000000, 1.000000000000000000 ) ) ;
#3706 = CARTESIAN_POINT ( 'NONE',  ( -219.2500000000003126, 138.0500000000015177, -133.3499999999999943 ) ) ;
#3707 = DIRECTION ( 'NONE',  ( -1.000000000000000000, 0.000000000000000000, 0.000000000000000000 ) ) ;
#3708 = PRODUCT_DEFINITION_CONTEXT ( 'detailed design', #4174, 'design' ) ;
#3709 = CARTESIAN_POINT ( 'NONE',  ( -222.2500000000003695, 93.61999999999801503, 0.000000000000000000 ) ) ;
#3710 = EDGE_LOOP ( 'NONE', ( #4964, #2690 ) ) ;
#3711 = CIRCLE ( 'NONE', #3600, 1.700000000000000178 ) ;
#3712 = LINE ( 'NONE', #784, #6247 ) ;
#3713 = CARTESIAN_POINT ( 'NONE',  ( -222.2500000000006537, 138.0500000000015177, 127.9000000000000625 ) ) ;
#3714 = EDGE_LOOP ( 'NONE', ( #6171, #418, #6175, #379 ) ) ;
#3715 = ORIENTED_EDGE ( 'NONE', *, *, #5052, .T. ) ;
#3716 = CYLINDRICAL_SURFACE ( 'NONE', #225, 4.600000000000020961 ) ;
#3717 = CARTESIAN_POINT ( 'NONE',  ( 11.65000000000006608, -10.00000000000000000, 127.9000000000000483 ) ) ;
#3718 = VERTEX_POINT ( 'NONE', #386 ) ;
#3719 = ORIENTED_EDGE ( 'NONE', *, *, #3009, .F. ) ;
#3720 = EDGE_CURVE ( 'NONE', #5203, #5760, #873, .T. ) ;
#3721 = ORIENTED_EDGE ( 'NONE', *, *, #5902, .T. ) ;
#3722 = CYLINDRICAL_SURFACE ( 'NONE', #1116, 6.349999999999994316 ) ;
#3723 = AXIS2_PLACEMENT_3D ( 'NONE', #1317, #2306, #6157 ) ;
#3724 = DIRECTION ( 'NONE',  ( 3.424500384408255577E-15, 1.000000000000000000, 0.000000000000000000 ) ) ;
#3725 = ORIENTED_EDGE ( 'NONE', *, *, #830, .T. ) ;
#3726 = DIRECTION ( 'NONE',  ( 0.000000000000000000, 1.000000000000000000, 0.000000000000000000 ) ) ;
#3727 = VERTEX_POINT ( 'NONE', #5161 ) ;
#3728 = DIRECTION ( 'NONE',  ( 0.000000000000000000, 0.000000000000000000, -1.000000000000000000 ) ) ;
#3729 = VECTOR ( 'NONE', #1566, 1000.000000000000000 ) ;
#3730 = CARTESIAN_POINT ( 'NONE',  ( -219.2500000000005400, 142.1699999999980264, 0.000000000000000000 ) ) ;
#3731 = ORIENTED_EDGE ( 'NONE', *, *, #6218, .T. ) ;
#3732 = EDGE_CURVE ( 'NONE', #3893, #5033, #3234, .T. ) ;
#3733 = PLANE ( 'NONE',  #875 ) ;
#3734 = EDGE_LOOP ( 'NONE', ( #3291, #2300, #5948, #201 ) ) ;
#3735 = DIRECTION ( 'NONE',  ( 1.000000000000000000, -3.424500384408255577E-15, -9.106159978880873697E-17 ) ) ;
#3736 = CARTESIAN_POINT ( 'NONE',  ( -222.2500000000001421, 19.92999999999800309, -149.3300000000000409 ) ) ;
#3737 = DIRECTION ( 'NONE',  ( -0.000000000000000000, 1.000000000000000000, -0.000000000000000000 ) ) ;
#3738 = LINE ( 'NONE', #1381, #5367 ) ;
#3739 = EDGE_CURVE ( 'NONE', #5982, #5938, #574, .T. ) ;
#3740 = DIRECTION ( 'NONE',  ( -3.491481338843133355E-15, 1.000000000000000000, -3.179398763478275537E-31 ) ) ;
#3741 = VECTOR ( 'NONE', #415, 1000.000000000000000 ) ;
#3742 = VERTEX_POINT ( 'NONE', #2773 ) ;
#3743 = EDGE_CURVE ( 'NONE', #5974, #405, #3645, .T. ) ;
#3744 = DIRECTION ( 'NONE',  ( 3.424500384408256366E-15, 1.000000000000000000, -3.783043954833576280E-31 ) ) ;
#3745 = LINE ( 'NONE', #5732, #12 ) ;
#3746 = ADVANCED_FACE ( 'NONE', ( #293 ), #4776, .F. ) ;
#3747 = VERTEX_POINT ( 'NONE', #2340 ) ;
#3748 = PLANE ( 'NONE',  #3868 ) ;
#3749 = DIRECTION ( 'NONE',  ( 1.000000000000000000, -3.491481338843133355E-15, 0.000000000000000000 ) ) ;
#3750 = ORIENTED_EDGE ( 'NONE', *, *, #603, .F. ) ;
#3751 = DIRECTION ( 'NONE',  ( 0.000000000000000000, 1.000000000000000000, -0.000000000000000000 ) ) ;
#3752 = ORIENTED_EDGE ( 'NONE', *, *, #92, .F. ) ;
#3753 = ADVANCED_FACE ( 'NONE', ( #5603 ), #2740, .F. ) ;
#3754 = CARTESIAN_POINT ( 'NONE',  ( 35.70000000000003837, -3.000000000000000000, -128.3500000000000227 ) ) ;
#3755 = VERTEX_POINT ( 'NONE', #6102 ) ;
#3756 = VERTEX_POINT ( 'NONE', #4680 ) ;
#3757 = FACE_OUTER_BOUND ( 'NONE', #2968, .T. ) ;
#3758 = LINE ( 'NONE', #5719, #2290 ) ;
#3759 = ORIENTED_EDGE ( 'NONE', *, *, #3525, .F. ) ;
#3760 = CARTESIAN_POINT ( 'NONE',  ( 222.2500000000004547, 117.0299999999980116, -2.023844055306278625E-14 ) ) ;
#3761 = AXIS2_PLACEMENT_3D ( 'NONE', #1228, #2679, #4173 ) ;
#3762 = AXIS2_PLACEMENT_3D ( 'NONE', #1952, #2468, #1521 ) ;
#3763 = AXIS2_PLACEMENT_3D ( 'NONE', #5975, #4932, #2088 ) ;
#3764 = DIRECTION ( 'NONE',  ( -9.106159978880874930E-17, 3.118404834816063268E-31, -1.000000000000000000 ) ) ;
#3765 = EDGE_CURVE ( 'NONE', #5582, #3088, #5438, .T. ) ;
#3766 = LINE ( 'NONE', #867, #1830 ) ;
#3767 = CIRCLE ( 'NONE', #2172, 12.50000000000001066 ) ;
#3768 = DIRECTION ( 'NONE',  ( 0.000000000000000000, 1.000000000000000000, -0.000000000000000000 ) ) ;
#3769 = DIRECTION ( 'NONE',  ( -1.000000000000000000, -3.424500384408255971E-15, 0.000000000000000000 ) ) ;
#3770 = CARTESIAN_POINT ( 'NONE',  ( 222.2500000000005116, 117.0299999999980116, -149.3300000000000409 ) ) ;
#3771 = ORIENTED_EDGE ( 'NONE', *, *, #3160, .T. ) ;
#3772 = VERTEX_POINT ( 'NONE', #3263 ) ;
#3773 = DIRECTION ( 'NONE',  ( 1.000000000000000000, -3.402726818262195588E-15, 0.000000000000000000 ) ) ;
#3774 = EDGE_CURVE ( 'NONE', #2030, #136, #2284, .T. ) ;
#3775 = DIRECTION ( 'NONE',  ( 0.000000000000000000, 0.000000000000000000, 1.000000000000000000 ) ) ;
#3776 = AXIS2_PLACEMENT_3D ( 'NONE', #3696, #5659, #3222 ) ;
#3777 = CARTESIAN_POINT ( 'NONE',  ( 16.65000000000003766, 0.000000000000000000, -128.3500000000000227 ) ) ;
#3778 = ADVANCED_FACE ( 'NONE', ( #1386 ), #3327, .T. ) ;
#3779 = DIRECTION ( 'NONE',  ( 1.000000000000000000, 7.266278493485551625E-15, 0.000000000000000000 ) ) ;
#3780 = CARTESIAN_POINT ( 'NONE',  ( 222.2500000000005684, 142.1699999999980264, -2.023844055306279256E-14 ) ) ;
#3781 = ORIENTED_EDGE ( 'NONE', *, *, #1487, .F. ) ;
#3782 = VECTOR ( 'NONE', #1986, 1000.000000000000000 ) ;
#3783 = EDGE_CURVE ( 'NONE', #4182, #1580, #3004, .T. ) ;
#3784 = LINE ( 'NONE', #4813, #4449 ) ;
#3785 = ORIENTED_EDGE ( 'NONE', *, *, #2946, .T. ) ;
#3786 = ORIENTED_EDGE ( 'NONE', *, *, #1424, .T. ) ;
#3787 = CARTESIAN_POINT ( 'NONE',  ( 219.2500000000006253, 162.0999999999999943, -152.4000000000000341 ) ) ;
#3788 = ORIENTED_EDGE ( 'NONE', *, *, #713, .T. ) ;
#3789 = EDGE_CURVE ( 'NONE', #4264, #764, #5286, .T. ) ;
#3790 = CARTESIAN_POINT ( 'NONE',  ( -222.2500000000004832, 117.0299999999980116, -149.3300000000000409 ) ) ;
#3791 = ORIENTED_EDGE ( 'NONE', *, *, #2745, .T. ) ;
#3792 = AXIS2_PLACEMENT_3D ( 'NONE', #2512, #1502, #2043 ) ;
#3793 = PLANE ( 'NONE',  #6216 ) ;
#3794 = ORIENTED_EDGE ( 'NONE', *, *, #4581, .F. ) ;
#3795 = CARTESIAN_POINT ( 'NONE',  ( 215.9677423282305426, 162.1000000000000227, 102.8299999999999841 ) ) ;
#3796 = AXIS2_PLACEMENT_3D ( 'NONE', #2303, #1314, #4316 ) ;
#3797 = ADVANCED_FACE ( 'NONE', ( #3805 ), #4386, .F. ) ;
#3798 = CARTESIAN_POINT ( 'NONE',  ( -219.2500000000000284, -2.009428633046239185E-16, -152.4000000000000341 ) ) ;
#3799 = CARTESIAN_POINT ( 'NONE',  ( -219.2500000000000284, 142.1699999999980264, 152.4000000000000341 ) ) ;
#3800 = LINE ( 'NONE', #382, #3981 ) ;
#3801 = DIRECTION ( 'NONE',  ( 0.000000000000000000, 0.000000000000000000, 1.000000000000000000 ) ) ;
#3802 = DIRECTION ( 'NONE',  ( 9.106159978880874930E-17, 0.000000000000000000, 1.000000000000000000 ) ) ;
#3803 = VERTEX_POINT ( 'NONE', #59 ) ;
#3804 = VECTOR ( 'NONE', #1856, 1000.000000000000000 ) ;
#3805 = FACE_OUTER_BOUND ( 'NONE', #1369, .T. ) ;
#3806 = DIRECTION ( 'NONE',  ( 9.106159978880874930E-17, 0.000000000000000000, 1.000000000000000000 ) ) ;
#3807 = LINE ( 'NONE', #238, #6046 ) ;
#3808 = ORIENTED_EDGE ( 'NONE', *, *, #505, .F. ) ;
#3809 = CARTESIAN_POINT ( 'NONE',  ( -222.2500000000005969, 162.0999999999999943, -104.3300000000000409 ) ) ;
#3810 = CIRCLE ( 'NONE', #2706, 1.549999999999995826 ) ;
#3811 = CIRCLE ( 'NONE', #5543, 5.000000000000004441 ) ;
#3812 = APPLICATION_PROTOCOL_DEFINITION ( 'draft international standard', 'automotive_design', 1998, #3838 ) ;
#3813 = EDGE_CURVE ( 'NONE', #3943, #5892, #2018, .T. ) ;
#3814 = ORIENTED_EDGE ( 'NONE', *, *, #1822, .T. ) ;
#3815 = CARTESIAN_POINT ( 'NONE',  ( -227.6485571369686056, 93.61999999999801503, 147.8300000000000409 ) ) ;
#3816 = CIRCLE ( 'NONE', #1406, 1.700000000000000178 ) ;
#3817 = EDGE_LOOP ( 'NONE', ( #3032, #4499 ) ) ;
#3818 = ORIENTED_EDGE ( 'NONE', *, *, #4064, .F. ) ;
#3819 = DIRECTION ( 'NONE',  ( 0.000000000000000000, 0.000000000000000000, 1.000000000000000000 ) ) ;
#3820 = VERTEX_POINT ( 'NONE', #4919 ) ;
#3821 = EDGE_LOOP ( 'NONE', ( #5134, #631, #4344, #1110 ) ) ;
#3822 = EDGE_CURVE ( 'NONE', #5768, #1939, #6277, .T. ) ;
#3823 = CIRCLE ( 'NONE', #3723, 6.349999999999994316 ) ;
#3824 = LINE ( 'NONE', #896, #4629 ) ;
#3825 = ORIENTED_EDGE ( 'NONE', *, *, #5453, .F. ) ;
#3826 = CARTESIAN_POINT ( 'NONE',  ( -219.2500000000002558, 68.47999999999801446, 0.000000000000000000 ) ) ;
#3827 = CARTESIAN_POINT ( 'NONE',  ( -35.70000000000000995, -10.00000000000000000, -128.3500000000000227 ) ) ;
#3828 = ORIENTED_EDGE ( 'NONE', *, *, #2023, .T. ) ;
#3829 = LINE ( 'NONE', #3795, #45 ) ;
#3830 = FACE_BOUND ( 'NONE', #5171, .T. ) ;
#3831 = DIRECTION ( 'NONE',  ( 0.000000000000000000, 0.000000000000000000, 1.000000000000000000 ) ) ;
#3832 = FACE_OUTER_BOUND ( 'NONE', #2638, .T. ) ;
#3833 = DIRECTION ( 'NONE',  ( -0.000000000000000000, 1.000000000000000000, -0.000000000000000000 ) ) ;
#3834 = VECTOR ( 'NONE', #3241, 1000.000000000000000 ) ;
#3835 = DIRECTION ( 'NONE',  ( 0.000000000000000000, 0.000000000000000000, -1.000000000000000000 ) ) ;
#3836 = ORIENTED_EDGE ( 'NONE', *, *, #1002, .F. ) ;
#3837 = EDGE_CURVE ( 'NONE', #3979, #715, #4358, .T. ) ;
#3838 = APPLICATION_CONTEXT ( 'automotive_design' ) ;
#3839 = CARTESIAN_POINT ( 'NONE',  ( -16.65000000000001279, -3.000000000000000000, -128.3500000000000227 ) ) ;
#3840 = DIRECTION ( 'NONE',  ( 9.106159978880874930E-17, -3.118404834816063268E-31, 1.000000000000000000 ) ) ;
#3841 = DIRECTION ( 'NONE',  ( -1.000000000000000000, 0.000000000000000000, -0.000000000000000000 ) ) ;
#3842 = ORIENTED_EDGE ( 'NONE', *, *, #3342, .T. ) ;
#3843 = DIRECTION ( 'NONE',  ( 0.000000000000000000, -1.000000000000000000, 0.000000000000000000 ) ) ;
#3844 = CARTESIAN_POINT ( 'NONE',  ( 222.2500000000006253, 159.5300000000000011, -52.03670000000001750 ) ) ;
#3845 = ORIENTED_EDGE ( 'NONE', *, *, #2578, .T. ) ;
#3846 = VECTOR ( 'NONE', #6115, 1000.000000000000000 ) ;
#3847 = DIRECTION ( 'NONE',  ( -6.033820786002326424E-15, -1.000000000000000000, 0.000000000000000000 ) ) ;
#3848 = EDGE_CURVE ( 'NONE', #6127, #822, #453, .T. ) ;
#3849 = VERTEX_POINT ( 'NONE', #3839 ) ;
#3850 = LINE ( 'NONE', #465, #3547 ) ;
#3851 = ORIENTED_EDGE ( 'NONE', *, *, #3374, .F. ) ;
#3852 = EDGE_CURVE ( 'NONE', #5679, #1105, #5339, .T. ) ;
#3853 = DIRECTION ( 'NONE',  ( -0.000000000000000000, -0.000000000000000000, -1.000000000000000000 ) ) ;
#3854 = ORIENTED_EDGE ( 'NONE', *, *, #1035, .T. ) ;
#3855 = CARTESIAN_POINT ( 'NONE',  ( 219.2500000000006253, 162.0999999999999943, 152.4000000000000341 ) ) ;
#3856 = EDGE_LOOP ( 'NONE', ( #4184, #3483, #1262, #2927 ) ) ;
#3857 = CARTESIAN_POINT ( 'NONE',  ( -216.9384294077728725, 162.1000000000000227, 25.39659999999998519 ) ) ;
#3858 = EDGE_LOOP ( 'NONE', ( #2744, #1238, #2436, #4887 ) ) ;
#3859 = ADVANCED_FACE ( 'NONE', ( #939 ), #4888, .F. ) ;
#3860 = EDGE_CURVE ( 'NONE', #3742, #3425, #3816, .T. ) ;
#3861 = FACE_OUTER_BOUND ( 'NONE', #6202, .T. ) ;
#3862 = ADVANCED_FACE ( 'NONE', ( #5868, #1902, #3414, #3896, #1531, #2480, #5843 ), #2427, .F. ) ;
#3863 = LINE ( 'NONE', #5363, #3113 ) ;
#3864 = ADVANCED_FACE ( 'NONE', ( #5762 ), #1415, .F. ) ;
#3865 = LINE ( 'NONE', #1559, #1888 ) ;
#3866 = DIRECTION ( 'NONE',  ( -1.000000000000000000, 0.000000000000000000, 0.000000000000000000 ) ) ;
#3867 = DIRECTION ( 'NONE',  ( 0.000000000000000000, 0.000000000000000000, -1.000000000000000000 ) ) ;
#3868 = AXIS2_PLACEMENT_3D ( 'NONE', #6200, #2315, #4239 ) ;
#3869 = EDGE_CURVE ( 'NONE', #1711, #1444, #1936, .T. ) ;
#3870 = LINE ( 'NONE', #91, #5566 ) ;
#3871 = CARTESIAN_POINT ( 'NONE',  ( 201.7500000000000284, 0.000000000000000000, -136.8250000000000171 ) ) ;
#3872 = FACE_BOUND ( 'NONE', #3710, .T. ) ;
#3873 = ORIENTED_EDGE ( 'NONE', *, *, #5306, .F. ) ;
#3874 = CARTESIAN_POINT ( 'NONE',  ( -219.2500000000005969, 159.5300000000000011, 127.9699999999999704 ) ) ;
#3875 = DIRECTION ( 'NONE',  ( 0.000000000000000000, -0.000000000000000000, 1.000000000000000000 ) ) ;
#3876 = EDGE_LOOP ( 'NONE', ( #432, #4506, #1814, #520 ) ) ;
#3877 = DIRECTION ( 'NONE',  ( 0.000000000000000000, -0.000000000000000000, 1.000000000000000000 ) ) ;
#3878 = ORIENTED_EDGE ( 'NONE', *, *, #413, .T. ) ;
#3879 = CIRCLE ( 'NONE', #2671, 5.000000000000004441 ) ;
#3880 = CARTESIAN_POINT ( 'NONE',  ( 219.2500000000006253, 159.5300000000000011, 102.8299999999999841 ) ) ;
#3881 = ORIENTED_EDGE ( 'NONE', *, *, #2143, .F. ) ;
#3882 = LINE ( 'NONE', #1459, #5893 ) ;
#3883 = EDGE_LOOP ( 'NONE', ( #5946, #5670, #2772, #4281 ) ) ;
#3884 = DIRECTION ( 'NONE',  ( 0.000000000000000000, 0.000000000000000000, -1.000000000000000000 ) ) ;
#3885 = ORIENTED_EDGE ( 'NONE', *, *, #2758, .T. ) ;
#3886 = ORIENTED_EDGE ( 'NONE', *, *, #4757, .T. ) ;
#3887 = DIRECTION ( 'NONE',  ( 6.033820786006258107E-15, -1.000000000000000000, 0.000000000000000000 ) ) ;
#3888 = EDGE_CURVE ( 'NONE', #1939, #3652, #5150, .T. ) ;
#3889 = DIRECTION ( 'NONE',  ( 0.000000000000000000, 1.000000000000000000, 0.000000000000000000 ) ) ;
#3890 = EDGE_CURVE ( 'NONE', #3607, #817, #5256, .T. ) ;
#3891 = CARTESIAN_POINT ( 'NONE',  ( -219.2500000000000284, 3.499999999999975131, -152.3999999999998636 ) ) ;
#3892 = CARTESIAN_POINT ( 'NONE',  ( 219.2500000000005969, 162.0999999999999943, -26.89669999999999561 ) ) ;
#3893 = VERTEX_POINT ( 'NONE', #3010 ) ;
#3894 = CIRCLE ( 'NONE', #3792, 1.549999999999995826 ) ;
#3895 = VECTOR ( 'NONE', #5709, 1000.000000000000000 ) ;
#3896 = FACE_BOUND ( 'NONE', #217, .T. ) ;
#3897 = LINE ( 'NONE', #5844, #4760 ) ;
#3898 = EDGE_CURVE ( 'NONE', #5413, #427, #636, .T. ) ;
#3899 = VECTOR ( 'NONE', #4825, 1000.000000000000000 ) ;
#3900 = CARTESIAN_POINT ( 'NONE',  ( 219.2500000000000568, -7.610952104347351105E-13, -1.996525575369632108E-14 ) ) ;
#3901 = DIRECTION ( 'NONE',  ( 5.551115123125777969E-15, 1.000000000000000000, 0.000000000000000000 ) ) ;
#3902 = ORIENTED_EDGE ( 'NONE', *, *, #3783, .T. ) ;
#3903 = DIRECTION ( 'NONE',  ( -1.000000000000000000, 3.424500384408256366E-15, 0.000000000000000000 ) ) ;
#3904 = ORIENTED_EDGE ( 'NONE', *, *, #46, .F. ) ;
#3905 = CARTESIAN_POINT ( 'NONE',  ( -222.2500000000006253, 143.0500000000015177, 87.78673658738196650 ) ) ;
#3906 = VECTOR ( 'NONE', #3568, 1000.000000000000000 ) ;
#3907 = ORIENTED_EDGE ( 'NONE', *, *, #1717, .F. ) ;
#3908 = EDGE_LOOP ( 'NONE', ( #4634, #5037, #1195, #4115 ) ) ;
#3909 = EDGE_CURVE ( 'NONE', #3315, #5118, #1663, .T. ) ;
#3910 = ORIENTED_EDGE ( 'NONE', *, *, #6122, .T. ) ;
#3911 = AXIS2_PLACEMENT_3D ( 'NONE', #6164, #1260, #1870 ) ;
#3912 = CARTESIAN_POINT ( 'NONE',  ( 0.000000000000000000, -3.000000000000000000, 127.9000000000000625 ) ) ;
#3913 = ORIENTED_EDGE ( 'NONE', *, *, #5879, .F. ) ;
#3914 = DIRECTION ( 'NONE',  ( -1.000000000000000000, 4.418089334404615211E-15, 0.000000000000000000 ) ) ;
#3915 = ORIENTED_EDGE ( 'NONE', *, *, #3454, .F. ) ;
#3916 = PLANE ( 'NONE',  #2232 ) ;
#3917 = EDGE_CURVE ( 'NONE', #4821, #2025, #5554, .T. ) ;
#3918 = CARTESIAN_POINT ( 'NONE',  ( 222.2500000000006253, 159.5300000000000011, -104.3300000000000409 ) ) ;
#3919 = AXIS2_PLACEMENT_3D ( 'NONE', #4880, #1410, #537 ) ;
#3920 = CYLINDRICAL_SURFACE ( 'NONE', #1579, 5.000000000000004441 ) ;
#3921 = ORIENTED_EDGE ( 'NONE', *, *, #3347, .T. ) ;
#3922 = DIRECTION ( 'NONE',  ( 1.104699526990205168E-16, -0.000000000000000000, 1.000000000000000000 ) ) ;
#3923 = DIRECTION ( 'NONE',  ( 1.000000000000000000, -3.424500384408255971E-15, -9.106159978880873697E-17 ) ) ;
#3924 = ADVANCED_FACE ( 'NONE', ( #4090 ), #5520, .F. ) ;
#3925 = DIRECTION ( 'NONE',  ( -1.000000000000000000, -3.424500384408255971E-15, 0.000000000000000000 ) ) ;
#3926 = FACE_OUTER_BOUND ( 'NONE', #5585, .T. ) ;
#3927 = AXIS2_PLACEMENT_3D ( 'NONE', #4359, #1505, #3358 ) ;
#3928 = DIRECTION ( 'NONE',  ( -1.000000000000000000, 3.424500384408255971E-15, 9.106159978880874930E-17 ) ) ;
#3929 = AXIS2_PLACEMENT_3D ( 'NONE', #2059, #3027, #2361 ) ;
#3930 = EDGE_LOOP ( 'NONE', ( #1295, #2247, #807, #2129 ) ) ;
#3931 = EDGE_CURVE ( 'NONE', #1516, #4980, #1218, .T. ) ;
#3932 = EDGE_CURVE ( 'NONE', #5382, #704, #188, .T. ) ;
#3933 = DIRECTION ( 'NONE',  ( 1.000000000000000000, -3.424500384408256366E-15, -9.106159978880876162E-17 ) ) ;
#3934 = VECTOR ( 'NONE', #4828, 1000.000000000000000 ) ;
#3935 = EDGE_CURVE ( 'NONE', #549, #2951, #1565, .T. ) ;
#3936 = VECTOR ( 'NONE', #6130, 1000.000000000000000 ) ;
#3937 = VERTEX_POINT ( 'NONE', #3132 ) ;
#3938 = CARTESIAN_POINT ( 'NONE',  ( 219.2500000000000853, 3.499999999999975131, 152.4000000000000341 ) ) ;
#3939 = VERTEX_POINT ( 'NONE', #2114 ) ;
#3940 = EDGE_LOOP ( 'NONE', ( #1742, #4420, #3910, #2374, #1538, #4243, #1457, #2967 ) ) ;
#3941 = VECTOR ( 'NONE', #642, 1000.000000000000000 ) ;
#3942 = ORIENTED_EDGE ( 'NONE', *, *, #3042, .F. ) ;
#3943 = VERTEX_POINT ( 'NONE', #4054 ) ;
#3944 = EDGE_CURVE ( 'NONE', #4430, #3979, #67, .T. ) ;
#3945 = FACE_OUTER_BOUND ( 'NONE', #5065, .T. ) ;
#3946 = ORIENTED_EDGE ( 'NONE', *, *, #697, .F. ) ;
#3947 = CARTESIAN_POINT ( 'NONE',  ( 227.6485571369686056, 68.47999999999801446, 147.8300000000000409 ) ) ;
#3948 = ORIENTED_EDGE ( 'NONE', *, *, #4014, .F. ) ;
#3949 = DIRECTION ( 'NONE',  ( 0.000000000000000000, 0.000000000000000000, 1.000000000000000000 ) ) ;
#3950 = FACE_OUTER_BOUND ( 'NONE', #1956, .T. ) ;
#3951 = CARTESIAN_POINT ( 'NONE',  ( 218.4302213278078852, 162.1000000000000227, -52.03670000000001750 ) ) ;
#3952 = DIRECTION ( 'NONE',  ( -1.000000000000000000, -3.424500384408255577E-15, -0.000000000000000000 ) ) ;
#3953 = ORIENTED_EDGE ( 'NONE', *, *, #1060, .T. ) ;
#3954 = EDGE_CURVE ( 'NONE', #3152, #1455, #2543, .T. ) ;
#3955 = DIRECTION ( 'NONE',  ( -1.000000000000000000, 0.000000000000000000, 0.000000000000000000 ) ) ;
#3956 = LINE ( 'NONE', #940, #5681 ) ;
#3957 = PLANE ( 'NONE',  #792 ) ;
#3958 = CARTESIAN_POINT ( 'NONE',  ( 219.2500000000000568, -7.610952104347351105E-13, -129.4700000000000273 ) ) ;
#3959 = MANIFOLD_SOLID_BREP ( 'Cut-Extrude12', #4826 ) ;
#3960 = LINE ( 'NONE', #1571, #2349 ) ;
#3961 = ORIENTED_EDGE ( 'NONE', *, *, #3944, .T. ) ;
#3962 = CIRCLE ( 'NONE', #947, 4.600000000000020961 ) ;
#3963 = AXIS2_PLACEMENT_3D ( 'NONE', #1948, #5798, #2437 ) ;
#3964 = ADVANCED_FACE ( 'NONE', ( #90 ), #1084, .F. ) ;
#3965 = LINE ( 'NONE', #5906, #2511 ) ;
#3966 = EDGE_CURVE ( 'NONE', #5066, #852, #3100, .T. ) ;
#3967 = ORIENTED_EDGE ( 'NONE', *, *, #5810, .F. ) ;
#3968 = AXIS2_PLACEMENT_3D ( 'NONE', #2073, #605, #3843 ) ;
#3969 = ORIENTED_EDGE ( 'NONE', *, *, #4501, .T. ) ;
#3970 = CYLINDRICAL_SURFACE ( 'NONE', #5711, 5.000000000000004441 ) ;
#3971 = EDGE_LOOP ( 'NONE', ( #6267, #2577, #951, #6078 ) ) ;
#3972 = EDGE_LOOP ( 'NONE', ( #4274, #5227 ) ) ;
#3973 = CARTESIAN_POINT ( 'NONE',  ( 222.2500000000005969, 162.0999999999999943, -152.4000000000000341 ) ) ;
#3974 = DIRECTION ( 'NONE',  ( 0.000000000000000000, 1.000000000000000000, 0.000000000000000000 ) ) ;
#3975 = EDGE_LOOP ( 'NONE', ( #1099, #3181, #5654, #1139 ) ) ;
#3976 = VECTOR ( 'NONE', #3884, 1000.000000000000000 ) ;
#3977 = DIRECTION ( 'NONE',  ( 0.000000000000000000, 1.000000000000000000, 0.000000000000000000 ) ) ;
#3978 = ORIENTED_EDGE ( 'NONE', *, *, #6123, .T. ) ;
#3979 = VERTEX_POINT ( 'NONE', #3503 ) ;
#3980 = ORIENTED_EDGE ( 'NONE', *, *, #3466, .T. ) ;
#3981 = VECTOR ( 'NONE', #5667, 1000.000000000000000 ) ;
#3982 = CARTESIAN_POINT ( 'NONE',  ( 222.2500000000005684, 143.0499999999999829, 122.9000000000000483 ) ) ;
#3983 = AXIS2_PLACEMENT_3D ( 'NONE', #4735, #3764, #1342 ) ;
#3984 = DIRECTION ( 'NONE',  ( 0.000000000000000000, 1.000000000000000000, -0.000000000000000000 ) ) ;
#3985 = DIRECTION ( 'NONE',  ( -1.000000000000000000, -3.424500384408255971E-15, 0.000000000000000000 ) ) ;
#3986 = DIRECTION ( 'NONE',  ( -4.370956789862825094E-15, -1.000000000000000000, 0.000000000000000000 ) ) ;
#3987 = CARTESIAN_POINT ( 'NONE',  ( 219.2500000000005969, 152.0999999999996248, 143.8999999999999773 ) ) ;
#3988 = EDGE_CURVE ( 'NONE', #2450, #2786, #1124, .T. ) ;
#3989 = DIRECTION ( 'NONE',  ( 1.000000000000000000, -3.424500384408255971E-15, -9.106159978880874930E-17 ) ) ;
#3990 = DIRECTION ( 'NONE',  ( 1.000000000000000000, 3.424500384408255971E-15, -0.000000000000000000 ) ) ;
#3991 = DIRECTION ( 'NONE',  ( 3.491481338843133355E-15, 1.000000000000000000, -3.179398763478275537E-31 ) ) ;
#3992 = DIRECTION ( 'NONE',  ( 0.000000000000000000, 1.000000000000000000, 0.000000000000000000 ) ) ;
#3993 = VECTOR ( 'NONE', #3501, 1000.000000000000000 ) ;
#3994 = CARTESIAN_POINT ( 'NONE',  ( 227.6485571369686056, 142.1699999999980264, 152.4000000000000341 ) ) ;
#3995 = VECTOR ( 'NONE', #5900, 1000.000000000000000 ) ;
#3996 = VERTEX_POINT ( 'NONE', #950 ) ;
#3997 = VECTOR ( 'NONE', #4637, 1000.000000000000000 ) ;
#3998 = FACE_OUTER_BOUND ( 'NONE', #1854, .T. ) ;
#3999 = DIRECTION ( 'NONE',  ( 9.106159978880874930E-17, 0.000000000000000000, 1.000000000000000000 ) ) ;
#4000 = ORIENTED_EDGE ( 'NONE', *, *, #167, .T. ) ;
#4001 = EDGE_CURVE ( 'NONE', #3140, #4763, #5380, .T. ) ;
#4002 = DIRECTION ( 'NONE',  ( 1.000000000000000000, 7.266278493485550047E-15, 0.000000000000000000 ) ) ;
#4003 = LINE ( 'NONE', #2156, #1071 ) ;
#4004 = ORIENTED_EDGE ( 'NONE', *, *, #4748, .F. ) ;
#4005 = ORIENTED_EDGE ( 'NONE', *, *, #401, .F. ) ;
#4006 = ORIENTED_EDGE ( 'NONE', *, *, #4622, .T. ) ;
#4007 = AXIS2_PLACEMENT_3D ( 'NONE', #1792, #3279, #5658 ) ;
#4008 = VERTEX_POINT ( 'NONE', #1975 ) ;
#4009 = DIRECTION ( 'NONE',  ( 0.000000000000000000, -0.000000000000000000, 1.000000000000000000 ) ) ;
#4010 = CARTESIAN_POINT ( 'NONE',  ( -222.2500000000000284, 19.92999999999800309, -152.4000000000000341 ) ) ;
#4011 = ORIENTED_EDGE ( 'NONE', *, *, #3789, .F. ) ;
#4012 = DIRECTION ( 'NONE',  ( 1.000000000000000000, 0.000000000000000000, -9.106159978880874930E-17 ) ) ;
#4013 = VERTEX_POINT ( 'NONE', #1456 ) ;
#4014 = EDGE_CURVE ( 'NONE', #4894, #1644, #4072, .T. ) ;
#4015 = AXIS2_PLACEMENT_3D ( 'NONE', #3217, #1722, #1332 ) ;
#4016 = ORIENTED_EDGE ( 'NONE', *, *, #2398, .T. ) ;
#4017 = EDGE_CURVE ( 'NONE', #1042, #5582, #1914, .T. ) ;
#4018 = DIRECTION ( 'NONE',  ( 0.000000000000000000, 1.000000000000000000, 0.000000000000000000 ) ) ;
#4019 = AXIS2_PLACEMENT_3D ( 'NONE', #4447, #3989, #1187 ) ;
#4020 = CARTESIAN_POINT ( 'NONE',  ( 196.7000000000000455, 0.000000000000000000, -128.3500000000000227 ) ) ;
#4021 = PLANE ( 'NONE',  #5237 ) ;
#4022 = CARTESIAN_POINT ( 'NONE',  ( 222.2500000000008242, 150.5499999999996419, -143.9000000000000341 ) ) ;
#4023 = ORIENTED_EDGE ( 'NONE', *, *, #661, .F. ) ;
#4024 = SURFACE_STYLE_USAGE ( .BOTH. , #5426 ) ;
#4025 = CYLINDRICAL_SURFACE ( 'NONE', #1512, 1.700000000000003508 ) ;
#4026 = AXIS2_PLACEMENT_3D ( 'NONE', #5120, #6126, #1734 ) ;
#4027 = DIRECTION ( 'NONE',  ( 1.000000000000000000, 3.491481338843133355E-15, -0.000000000000000000 ) ) ;
#4028 = ADVANCED_FACE ( 'NONE', ( #8 ), #2987, .T. ) ;
#4029 = PLANE ( 'NONE',  #923 ) ;
#4030 = PLANE ( 'NONE',  #5078 ) ;
#4031 = VERTEX_POINT ( 'NONE', #2494 ) ;
#4032 = LINE ( 'NONE', #1638, #6154 ) ;
#4033 = CARTESIAN_POINT ( 'NONE',  ( 206.2392352261595363, 145.4999999999968168, 91.68000000000007788 ) ) ;
#4034 = ORIENTED_EDGE ( 'NONE', *, *, #2398, .F. ) ;
#4035 = DIRECTION ( 'NONE',  ( -0.000000000000000000, 1.000000000000000000, -0.000000000000000000 ) ) ;
#4036 = DIRECTION ( 'NONE',  ( 3.424500384408255577E-15, 1.000000000000000000, -4.929441348193801053E-31 ) ) ;
#4037 = ORIENTED_EDGE ( 'NONE', *, *, #4523, .T. ) ;
#4038 = ORIENTED_EDGE ( 'NONE', *, *, #3399, .F. ) ;
#4039 = ORIENTED_EDGE ( 'NONE', *, *, #4613, .T. ) ;
#4040 = EDGE_CURVE ( 'NONE', #4308, #1162, #1426, .T. ) ;
#4041 = DIRECTION ( 'NONE',  ( 1.000000000000000000, 3.424500384408255971E-15, -0.000000000000000000 ) ) ;
#4042 = CARTESIAN_POINT ( 'NONE',  ( -191.6999999999999886, -10.00000000000000000, 122.9000000000000341 ) ) ;
#4043 = ORIENTED_EDGE ( 'NONE', *, *, #4679, .F. ) ;
#4044 = DIRECTION ( 'NONE',  ( -1.000000000000000000, 7.266278493485551625E-15, 0.000000000000000000 ) ) ;
#4045 = AXIS2_PLACEMENT_3D ( 'NONE', #5494, #222, #4675 ) ;
#4046 = ORIENTED_EDGE ( 'NONE', *, *, #312, .F. ) ;
#4047 = EDGE_CURVE ( 'NONE', #1510, #2865, #3850, .T. ) ;
#4048 = LINE ( 'NONE', #732, #3195 ) ;
#4049 = LINE ( 'NONE', #6022, #3563 ) ;
#4050 = EDGE_CURVE ( 'NONE', #4621, #1170, #4371, .T. ) ;
#4051 = LINE ( 'NONE', #2856, #2843 ) ;
#4052 = DIRECTION ( 'NONE',  ( 1.000000000000000000, 3.491481338843133355E-15, 0.000000000000000000 ) ) ;
#4053 = EDGE_CURVE ( 'NONE', #3509, #3152, #2411, .T. ) ;
#4054 = CARTESIAN_POINT ( 'NONE',  ( -40.70000000000000995, -3.000000000000000000, -133.3500000000000227 ) ) ;
#4055 = DIRECTION ( 'NONE',  ( -4.370956789862825094E-15, 1.000000000000000000, 0.000000000000000000 ) ) ;
#4056 = ORIENTED_EDGE ( 'NONE', *, *, #2036, .F. ) ;
#4057 = DIRECTION ( 'NONE',  ( -7.266278493485550047E-15, -1.000000000000000000, 0.000000000000000000 ) ) ;
#4058 = DIRECTION ( 'NONE',  ( 0.000000000000000000, 0.000000000000000000, 1.000000000000000000 ) ) ;
#4059 = DIRECTION ( 'NONE',  ( 6.033820786006258107E-15, -1.000000000000000000, 0.000000000000000000 ) ) ;
#4060 = LINE ( 'NONE', #3642, #2586 ) ;
#4061 = EDGE_CURVE ( 'NONE', #5990, #577, #3400, .T. ) ;
#4062 = VERTEX_POINT ( 'NONE', #3880 ) ;
#4063 = VERTEX_POINT ( 'NONE', #4429 ) ;
#4064 = EDGE_CURVE ( 'NONE', #5347, #1111, #70, .T. ) ;
#4065 = DIRECTION ( 'NONE',  ( 1.000000000000000000, -3.424500384408255971E-15, -9.106159978880873697E-17 ) ) ;
#4066 = DIRECTION ( 'NONE',  ( -9.106159978880788648E-17, 2.511816797794474720E-16, -1.000000000000000000 ) ) ;
#4067 = ORIENTED_EDGE ( 'NONE', *, *, #2045, .F. ) ;
#4068 = CARTESIAN_POINT ( 'NONE',  ( 222.2500000000006253, 162.0999999999999943, -52.03670000000001750 ) ) ;
#4069 = VECTOR ( 'NONE', #389, 1000.000000000000000 ) ;
#4070 = CIRCLE ( 'NONE', #3762, 1.549999999999995826 ) ;
#4071 = PLANE ( 'NONE',  #154 ) ;
#4072 = CIRCLE ( 'NONE', #22, 1.700000000000000178 ) ;
#4073 = ORIENTED_EDGE ( 'NONE', *, *, #688, .F. ) ;
#4074 = ORIENTED_EDGE ( 'NONE', *, *, #1947, .F. ) ;
#4075 = EDGE_CURVE ( 'NONE', #1644, #3939, #3339, .T. ) ;
#4076 = DIRECTION ( 'NONE',  ( 9.106159978880874930E-17, -0.000000000000000000, 1.000000000000000000 ) ) ;
#4077 = CARTESIAN_POINT ( 'NONE',  ( -227.6485571369686056, 93.61999999999801503, -147.8300000000000409 ) ) ;
#4078 = EDGE_LOOP ( 'NONE', ( #6049, #2906, #5044, #5686 ) ) ;
#4079 = CARTESIAN_POINT ( 'NONE',  ( 201.7500000000000284, -3.000000000000014655, -136.8250000000000171 ) ) ;
#4080 = ORIENTED_EDGE ( 'NONE', *, *, #299, .F. ) ;
#4081 = VERTEX_POINT ( 'NONE', #4307 ) ;
#4082 = VECTOR ( 'NONE', #4852, 1000.000000000000000 ) ;
#4083 = CARTESIAN_POINT ( 'NONE',  ( 216.9384294077728725, 159.5300000000000296, 25.39659999999998519 ) ) ;
#4084 = DIRECTION ( 'NONE',  ( 0.000000000000000000, 0.000000000000000000, 1.000000000000000000 ) ) ;
#4085 = EDGE_CURVE ( 'NONE', #2031, #2234, #4286, .T. ) ;
#4086 = CARTESIAN_POINT ( 'NONE',  ( 222.2500000000008242, 150.5499999999996419, 143.8999999999999773 ) ) ;
#4087 = DIRECTION ( 'NONE',  ( 0.000000000000000000, 0.000000000000000000, 1.000000000000000000 ) ) ;
#4088 = AXIS2_PLACEMENT_3D ( 'NONE', #26, #2014, #4881 ) ;
#4089 = EDGE_CURVE ( 'NONE', #2753, #825, #5880, .T. ) ;
#4090 = FACE_OUTER_BOUND ( 'NONE', #5004, .T. ) ;
#4091 = CARTESIAN_POINT ( 'NONE',  ( -219.2500000000001421, 19.92999999999800309, -149.3300000000000409 ) ) ;
#4092 = ORIENTED_EDGE ( 'NONE', *, *, #497, .T. ) ;
#4093 = DIRECTION ( 'NONE',  ( -9.106159978880874930E-17, 0.000000000000000000, -1.000000000000000000 ) ) ;
#4094 = CARTESIAN_POINT ( 'NONE',  ( 219.2500000000000568, 3.499999999999975131, 152.3999999999998636 ) ) ;
#4095 = FACE_OUTER_BOUND ( 'NONE', #5294, .T. ) ;
#4096 = VERTEX_POINT ( 'NONE', #5772 ) ;
#4097 = EDGE_CURVE ( 'NONE', #4426, #1384, #4696, .T. ) ;
#4098 = CYLINDRICAL_SURFACE ( 'NONE', #5249, 6.349999999999994316 ) ;
#4099 = LINE ( 'NONE', #748, #4691 ) ;
#4100 = AXIS2_PLACEMENT_3D ( 'NONE', #3231, #352, #4773 ) ;
#4101 = ORIENTED_EDGE ( 'NONE', *, *, #2113, .F. ) ;
#4102 = CARTESIAN_POINT ( 'NONE',  ( -222.2500000000006253, 159.5300000000000011, 25.39659999999998519 ) ) ;
#4103 = CARTESIAN_POINT ( 'NONE',  ( 222.2500000000000568, 3.499999999999964917, 152.3999999999997499 ) ) ;
#4104 = ORIENTED_EDGE ( 'NONE', *, *, #1320, .T. ) ;
#4105 = ORIENTED_EDGE ( 'NONE', *, *, #1967, .T. ) ;
#4106 = VECTOR ( 'NONE', #6008, 1000.000000000000000 ) ;
#4107 = FACE_OUTER_BOUND ( 'NONE', #1794, .T. ) ;
#4108 = DIRECTION ( 'NONE',  ( -0.000000000000000000, 1.000000000000000000, -0.000000000000000000 ) ) ;
#4109 = PLANE ( 'NONE',  #3475 ) ;
#4110 = AXIS2_PLACEMENT_3D ( 'NONE', #5194, #6043, #3617 ) ;
#4111 = CARTESIAN_POINT ( 'NONE',  ( -222.2500000000005969, 162.0999999999999943, -152.4000000000000341 ) ) ;
#4112 = EDGE_LOOP ( 'NONE', ( #4273, #3627, #2426, #2836 ) ) ;
#4113 = EDGE_CURVE ( 'NONE', #4720, #5621, #118, .T. ) ;
#4114 = VECTOR ( 'NONE', #2570, 1000.000000000000000 ) ;
#4115 = ORIENTED_EDGE ( 'NONE', *, *, #417, .T. ) ;
#4116 = CARTESIAN_POINT ( 'NONE',  ( 222.2500000000006253, 162.0999999999999943, -129.4700000000000273 ) ) ;
#4118 = ORIENTED_EDGE ( 'NONE', *, *, #5348, .F. ) ;
#4117 = DIRECTION ( 'NONE',  ( 1.104699526990205168E-16, 0.000000000000000000, 1.000000000000000000 ) ) ;
#4119 = AXIS2_PLACEMENT_3D ( 'NONE', #3536, #3737, #3200 ) ;
#4120 = VECTOR ( 'NONE', #5030, 1000.000000000000000 ) ;
#4121 = CARTESIAN_POINT ( 'NONE',  ( 227.6485571369686056, 117.0299999999980116, -147.8300000000000409 ) ) ;
#4122 = DIRECTION ( 'NONE',  ( -5.551115123125781913E-15, 1.000000000000000000, 0.000000000000000000 ) ) ;
#4123 = DIRECTION ( 'NONE',  ( -0.000000000000000000, 1.000000000000000000, -0.000000000000000000 ) ) ;
#4124 = VECTOR ( 'NONE', #2076, 1000.000000000000000 ) ;
#4125 = EDGE_CURVE ( 'NONE', #3497, #281, #4521, .T. ) ;
#4126 = DIRECTION ( 'NONE',  ( -3.265361837132813586E-15, -1.000000000000000000, 0.000000000000000000 ) ) ;
#4127 = AXIS2_PLACEMENT_3D ( 'NONE', #1135, #4998, #228 ) ;
#4128 = ORIENTED_EDGE ( 'NONE', *, *, #2104, .T. ) ;
#4129 = CARTESIAN_POINT ( 'NONE',  ( -222.2500000000009948, 27.55000000000148930, 127.9000000000000625 ) ) ;
#4130 = CARTESIAN_POINT ( 'NONE',  ( 16.65000000000003766, 0.000000000000000000, -128.3500000000000227 ) ) ;
#4131 = DIRECTION ( 'NONE',  ( 0.000000000000000000, 1.000000000000000000, 0.000000000000000000 ) ) ;
#4132 = ORIENTED_EDGE ( 'NONE', *, *, #6199, .F. ) ;
#4133 = ORIENTED_EDGE ( 'NONE', *, *, #2958, .F. ) ;
#4134 = ORIENTED_EDGE ( 'NONE', *, *, #4528, .F. ) ;
#4135 = CARTESIAN_POINT ( 'NONE',  ( 222.2500000000001137, 19.92999999999800309, -152.4000000000000341 ) ) ;
#4136 = VECTOR ( 'NONE', #1379, 1000.000000000000000 ) ;
#4137 = ADVANCED_FACE ( 'NONE', ( #5068 ), #1677, .F. ) ;
#4138 = CARTESIAN_POINT ( 'NONE',  ( -222.2500000000006537, 138.0500000000015177, -133.3499999999999943 ) ) ;
#4139 = ORIENTED_EDGE ( 'NONE', *, *, #1810, .F. ) ;
#4140 = ORIENTED_EDGE ( 'NONE', *, *, #5067, .F. ) ;
#4141 = ADVANCED_FACE ( 'NONE', ( #134 ), #3970, .F. ) ;
#4142 = DIRECTION ( 'NONE',  ( 1.000000000000000000, -3.424500384408256366E-15, -9.106159978880876162E-17 ) ) ;
#4143 = PLANE ( 'NONE',  #6237 ) ;
#4144 = ORIENTED_EDGE ( 'NONE', *, *, #2721, .F. ) ;
#4145 = VERTEX_POINT ( 'NONE', #5001 ) ;
#4146 = VERTEX_POINT ( 'NONE', #3053 ) ;
#4147 = PRODUCT_DEFINITION ( 'UNKNOWN', '', #2495, #3708 ) ;
#4148 = CARTESIAN_POINT ( 'NONE',  ( 40.70000000000005969, 0.000000000000000000, 122.9000000000000341 ) ) ;
#4149 = FACE_BOUND ( 'NONE', #1155, .T. ) ;
#4150 = DIRECTION ( 'NONE',  ( -1.000000000000000000, -7.266278493485550047E-15, 0.000000000000000000 ) ) ;
#4151 = CIRCLE ( 'NONE', #4419, 4.600000000003018563 ) ;
#4152 = CARTESIAN_POINT ( 'NONE',  ( 219.2500000000000568, -7.610952104347351105E-13, -52.03670000000001750 ) ) ;
#4153 = ORIENTED_EDGE ( 'NONE', *, *, #4224, .T. ) ;
#4154 = CARTESIAN_POINT ( 'NONE',  ( -222.2500000000014211, 73.20000000000150919, 137.9000000000000909 ) ) ;
#4155 = ORIENTED_EDGE ( 'NONE', *, *, #572, .T. ) ;
#4156 = EDGE_CURVE ( 'NONE', #2683, #2025, #2279, .T. ) ;
#4157 = LINE ( 'NONE', #3190, #3804 ) ;
#4158 = AXIS2_PLACEMENT_3D ( 'NONE', #4228, #2276, #3161 ) ;
#4160 = ORIENTED_EDGE ( 'NONE', *, *, #763, .T. ) ;
#4159 = FACE_BOUND ( 'NONE', #3615, .T. ) ;
#4161 = VECTOR ( 'NONE', #3992, 1000.000000000000000 ) ;
#4162 = LINE ( 'NONE', #1248, #1585 ) ;
#4163 = AXIS2_PLACEMENT_3D ( 'NONE', #4213, #5236, #3219 ) ;
#4164 = DIRECTION ( 'NONE',  ( -1.000000000000000000, 0.000000000000000000, 0.000000000000000000 ) ) ;
#4165 = CARTESIAN_POINT ( 'NONE',  ( -219.2500000000000284, -7.610952104347350095E-13, 25.39659999999998519 ) ) ;
#4166 = EDGE_LOOP ( 'NONE', ( #2166, #5572, #1781, #4482 ) ) ;
#4167 = LINE ( 'NONE', #5696, #5117 ) ;
#4168 = DIRECTION ( 'NONE',  ( 9.106159978880874930E-17, -0.000000000000000000, 1.000000000000000000 ) ) ;
#4169 = DIRECTION ( 'NONE',  ( 0.000000000000000000, 0.000000000000000000, 1.000000000000000000 ) ) ;
#4170 = ORIENTED_EDGE ( 'NONE', *, *, #4053, .F. ) ;
#4171 = VERTEX_POINT ( 'NONE', #3021 ) ;
#4172 = DIRECTION ( 'NONE',  ( 0.000000000000000000, 1.000000000000000000, 0.000000000000000000 ) ) ;
#4173 = DIRECTION ( 'NONE',  ( 0.000000000000000000, 0.000000000000000000, 1.000000000000000000 ) ) ;
#4174 = APPLICATION_CONTEXT ( 'automotive_design' ) ;
#4175 = ORIENTED_EDGE ( 'NONE', *, *, #1925, .T. ) ;
#4176 = FACE_OUTER_BOUND ( 'NONE', #3714, .T. ) ;
#4177 = CARTESIAN_POINT ( 'NONE',  ( 222.2500000000004547, 117.0299999999980116, -152.4000000000000341 ) ) ;
#4178 = ADVANCED_FACE ( 'NONE', ( #1203 ), #1100, .F. ) ;
#4179 = VERTEX_POINT ( 'NONE', #2583 ) ;
#4180 = FACE_BOUND ( 'NONE', #3282, .T. ) ;
#4181 = EDGE_CURVE ( 'NONE', #3274, #1795, #5569, .T. ) ;
#4182 = VERTEX_POINT ( 'NONE', #1577 ) ;
#4183 = CYLINDRICAL_SURFACE ( 'NONE', #1300, 5.000000000000004441 ) ;
#4184 = ORIENTED_EDGE ( 'NONE', *, *, #92, .T. ) ;
#4185 = CARTESIAN_POINT ( 'NONE',  ( 227.6485571369686056, 142.1699999999980264, 147.8300000000000409 ) ) ;
#4186 = ORIENTED_EDGE ( 'NONE', *, *, #3966, .F. ) ;
#4187 = VECTOR ( 'NONE', #121, 1000.000000000000000 ) ;
#4188 = CARTESIAN_POINT ( 'NONE',  ( 222.2500000000006253, 162.0999999999999943, 152.4000000000000341 ) ) ;
#4190 = VERTEX_POINT ( 'NONE', #1714 ) ;
#4189 = DIRECTION ( 'NONE',  ( 0.000000000000000000, 1.000000000000000000, 0.000000000000000000 ) ) ;
#4191 = VERTEX_POINT ( 'NONE', #2648 ) ;
#4192 = DIRECTION ( 'NONE',  ( 1.000000000000000000, 7.266278493485551625E-15, 0.000000000000000000 ) ) ;
#4193 = ORIENTED_EDGE ( 'NONE', *, *, #4840, .T. ) ;
#4194 = CARTESIAN_POINT ( 'NONE',  ( 11.65000000000006608, 0.000000000000000000, 127.9000000000000483 ) ) ;
#4195 = CARTESIAN_POINT ( 'NONE',  ( 219.2500000000001137, 19.92999999999800309, -1.996525575369632739E-14 ) ) ;
#4196 = VERTEX_POINT ( 'NONE', #5034 ) ;
#4197 = CARTESIAN_POINT ( 'NONE',  ( 222.2500000000006253, 162.0999999999999943, -26.89669999999999561 ) ) ;
#4198 = AXIS2_PLACEMENT_3D ( 'NONE', #2272, #4189, #6120 ) ;
#4199 = CARTESIAN_POINT ( 'NONE',  ( -11.64999999999997726, -3.000000000000000000, 122.9000000000000341 ) ) ;
#4200 = PLANE ( 'NONE',  #4409 ) ;
#4201 = EDGE_CURVE ( 'NONE', #6009, #5118, #3579, .T. ) ;
#4202 = EDGE_LOOP ( 'NONE', ( #4536, #1859, #3725, #371 ) ) ;
#4203 = EDGE_LOOP ( 'NONE', ( #3845, #4902, #422, #202 ) ) ;
#4204 = CARTESIAN_POINT ( 'NONE',  ( 219.2500000000000568, -7.610952104347351105E-13, 147.8300000000000409 ) ) ;
#4205 = DIRECTION ( 'NONE',  ( 0.000000000000000000, -1.000000000000000000, 0.000000000000000000 ) ) ;
#4206 = DIRECTION ( 'NONE',  ( -0.000000000000000000, 1.000000000000000000, -0.000000000000000000 ) ) ;
#4207 = DIRECTION ( 'NONE',  ( -1.380874408737756522E-16, 0.000000000000000000, -1.000000000000000000 ) ) ;
#4208 = VERTEX_POINT ( 'NONE', #231 ) ;
#4209 = DIRECTION ( 'NONE',  ( 1.000000000000000000, -3.424500384408255971E-15, -9.106159978880873697E-17 ) ) ;
#4210 = ADVANCED_FACE ( 'NONE', ( #2554 ), #588, .F. ) ;
#4211 = FACE_OUTER_BOUND ( 'NONE', #1935, .T. ) ;
#4212 = ORIENTED_EDGE ( 'NONE', *, *, #1200, .F. ) ;
#4213 = CARTESIAN_POINT ( 'NONE',  ( -201.7500000000000284, -3.000000000000014655, -138.3750000000000284 ) ) ;
#4214 = AXIS2_PLACEMENT_3D ( 'NONE', #3324, #3465, #1048 ) ;
#4215 = AXIS2_PLACEMENT_3D ( 'NONE', #2159, #5005, #2228 ) ;
#4216 = EDGE_LOOP ( 'NONE', ( #2177, #3218, #2692, #1735 ) ) ;
#4217 = AXIS2_PLACEMENT_3D ( 'NONE', #1183, #3562, #667 ) ;
#4218 = EDGE_CURVE ( 'NONE', #224, #2531, #1038, .T. ) ;
#4219 = DIRECTION ( 'NONE',  ( 1.000000000000000000, -7.266278493485551625E-15, 3.633139246742775812E-15 ) ) ;
#4221 = EDGE_LOOP ( 'NONE', ( #2410, #5579, #1146, #1040 ) ) ;
#4220 = DIRECTION ( 'NONE',  ( -1.104699526990205168E-16, 0.000000000000000000, -1.000000000000000000 ) ) ;
#4222 = ORIENTED_EDGE ( 'NONE', *, *, #5189, .F. ) ;
#4223 = FACE_OUTER_BOUND ( 'NONE', #6209, .T. ) ;
#4224 = EDGE_CURVE ( 'NONE', #1455, #4847, #4971, .T. ) ;
#4225 = AXIS2_PLACEMENT_3D ( 'NONE', #393, #3361, #2814 ) ;
#4226 = EDGE_CURVE ( 'NONE', #2753, #2278, #103, .T. ) ;
#4227 = AXIS2_PLACEMENT_3D ( 'NONE', #5421, #1077, #2070 ) ;
#4228 = CARTESIAN_POINT ( 'NONE',  ( -201.7499999999999716, -3.000000000000014655, 140.3750000000000284 ) ) ;
#4229 = DIRECTION ( 'NONE',  ( 3.424500384408255577E-15, -1.000000000000000000, -0.000000000000000000 ) ) ;
#4230 = AXIS2_PLACEMENT_3D ( 'NONE', #64, #3925, #4389 ) ;
#4231 = CARTESIAN_POINT ( 'NONE',  ( 196.7000000000000455, -10.00000000000000000, -128.3500000000000227 ) ) ;
#4232 = CARTESIAN_POINT ( 'NONE',  ( -222.2500000000000284, -1.047444401652940007E-14, -152.4000000000000341 ) ) ;
#4233 = DIRECTION ( 'NONE',  ( 0.000000000000000000, 1.000000000000000000, 0.000000000000000000 ) ) ;
#4234 = ORIENTED_EDGE ( 'NONE', *, *, #226, .F. ) ;
#4235 = VECTOR ( 'NONE', #795, 1000.000000000000000 ) ;
#4236 = DIRECTION ( 'NONE',  ( -3.491481338843133355E-15, 1.000000000000000000, -3.179398763478275537E-31 ) ) ;
#4237 = ADVANCED_FACE ( 'NONE', ( #621 ), #2155, .T. ) ;
#4238 = LINE ( 'NONE', #1324, #2952 ) ;
#4239 = DIRECTION ( 'NONE',  ( 1.000000000000000000, 0.000000000000000000, 0.000000000000000000 ) ) ;
#4240 = CARTESIAN_POINT ( 'NONE',  ( 227.6485571369686056, 142.1699999999980264, -147.8300000000000409 ) ) ;
#4241 = ORIENTED_EDGE ( 'NONE', *, *, #4721, .F. ) ;
#4242 = DIRECTION ( 'NONE',  ( 0.000000000000000000, 1.000000000000000000, 0.000000000000000000 ) ) ;
#4243 = ORIENTED_EDGE ( 'NONE', *, *, #5664, .T. ) ;
#4244 = VECTOR ( 'NONE', #5054, 1000.000000000000000 ) ;
#4245 = VERTEX_POINT ( 'NONE', #5944 ) ;
#4246 = LINE ( 'NONE', #857, #4669 ) ;
#4247 = ADVANCED_FACE ( 'NONE', ( #1610 ), #5470, .F. ) ;
#4248 = ORIENTED_EDGE ( 'NONE', *, *, #1370, .T. ) ;
#4249 = VERTEX_POINT ( 'NONE', #3544 ) ;
#4250 = DIRECTION ( 'NONE',  ( 0.000000000000000000, 1.000000000000000000, 0.000000000000000000 ) ) ;
#4251 = VECTOR ( 'NONE', #61, 1000.000000000000000 ) ;
#4252 = FACE_OUTER_BOUND ( 'NONE', #5464, .T. ) ;
#4253 = VERTEX_POINT ( 'NONE', #4068 ) ;
#4254 = CARTESIAN_POINT ( 'NONE',  ( 222.2500000000006253, 159.5300000000000011, -104.3300000000000409 ) ) ;
#4255 = ORIENTED_EDGE ( 'NONE', *, *, #5323, .T. ) ;
#4256 = EDGE_CURVE ( 'NONE', #1211, #4308, #2746, .T. ) ;
#4257 = FACE_OUTER_BOUND ( 'NONE', #1333, .T. ) ;
#4258 = VECTOR ( 'NONE', #2364, 1000.000000000000000 ) ;
#4259 = PLANE ( 'NONE',  #5855 ) ;
#4260 = CARTESIAN_POINT ( 'NONE',  ( -219.2500000000005969, 162.0999999999999943, -152.4000000000000341 ) ) ;
#4261 = CARTESIAN_POINT ( 'NONE',  ( -222.2500000000005684, 152.0999999999980901, 143.8999999999999773 ) ) ;
#4262 = DIRECTION ( 'NONE',  ( 0.000000000000000000, 0.000000000000000000, -1.000000000000000000 ) ) ;
#4263 = ORIENTED_EDGE ( 'NONE', *, *, #3888, .T. ) ;
#4264 = VERTEX_POINT ( 'NONE', #788 ) ;
#4265 = EDGE_CURVE ( 'NONE', #302, #2050, #2260, .T. ) ;
#4266 = CIRCLE ( 'NONE', #718, 5.000000000000004441 ) ;
#4267 = CARTESIAN_POINT ( 'NONE',  ( -222.2500000000006253, 143.0500000000015177, 122.9000000000000909 ) ) ;
#4268 = LINE ( 'NONE', #6227, #3252 ) ;
#4269 = DIRECTION ( 'NONE',  ( 9.106159978880874930E-17, 0.000000000000000000, 1.000000000000000000 ) ) ;
#4270 = ORIENTED_EDGE ( 'NONE', *, *, #1322, .T. ) ;
#4271 = DIRECTION ( 'NONE',  ( -0.000000000000000000, 0.000000000000000000, 1.000000000000000000 ) ) ;
#4272 = CARTESIAN_POINT ( 'NONE',  ( -227.6485571369686056, 142.1699999999980264, 147.8300000000000409 ) ) ;
#4273 = ORIENTED_EDGE ( 'NONE', *, *, #443, .T. ) ;
#4274 = ORIENTED_EDGE ( 'NONE', *, *, #3306, .F. ) ;
#4275 = CARTESIAN_POINT ( 'NONE',  ( -222.2500000000006253, 159.5300000000000011, -104.3300000000000409 ) ) ;
#4276 = ORIENTED_EDGE ( 'NONE', *, *, #496, .F. ) ;
#4277 = CARTESIAN_POINT ( 'NONE',  ( -219.2500000000000853, 19.92999999999800309, 0.000000000000000000 ) ) ;
#4278 = ADVANCED_FACE ( 'NONE', ( #3237 ), #360, .F. ) ;
#4279 = ORIENTED_EDGE ( 'NONE', *, *, #646, .F. ) ;
#4280 = CARTESIAN_POINT ( 'NONE',  ( 219.2500000000000568, 22.54999999999997584, -128.3500000000000512 ) ) ;
#4281 = ORIENTED_EDGE ( 'NONE', *, *, #5839, .T. ) ;
#4282 = FACE_BOUND ( 'NONE', #5536, .T. ) ;
#4283 = VERTEX_POINT ( 'NONE', #264 ) ;
#4284 = CARTESIAN_POINT ( 'NONE',  ( 11.65000000000003588, 0.000000000000000000, -133.3500000000000227 ) ) ;
#4285 = CIRCLE ( 'NONE', #219, 1.549999999999995826 ) ;
#4286 = CIRCLE ( 'NONE', #4884, 1.700000000000000178 ) ;
#4287 = DIRECTION ( 'NONE',  ( 3.424500384408255577E-15, -1.000000000000000000, -0.000000000000000000 ) ) ;
#4288 = FACE_OUTER_BOUND ( 'NONE', #2878, .T. ) ;
#4289 = VECTOR ( 'NONE', #1597, 1000.000000000000000 ) ;
#4290 = ADVANCED_FACE ( 'NONE', ( #4176 ), #3748, .F. ) ;
#4291 = CARTESIAN_POINT ( 'NONE',  ( -222.2500000000001990, 45.06999999999802498, 0.000000000000000000 ) ) ;
#4292 = CARTESIAN_POINT ( 'NONE',  ( -201.7500000000000284, -3.000000000000014655, -139.9250000000000114 ) ) ;
#4293 = CARTESIAN_POINT ( 'NONE',  ( -24.68344801572517255, -10.00000000000000000, 58.60000011181512747 ) ) ;
#4294 = CARTESIAN_POINT ( 'NONE',  ( 222.2500000000008242, 150.5499999999996419, 143.8999999999999773 ) ) ;
#4295 = CYLINDRICAL_SURFACE ( 'NONE', #2764, 1.700000000000000178 ) ;
#4296 = AXIS2_PLACEMENT_3D ( 'NONE', #5479, #5075, #1683 ) ;
#4297 = LINE ( 'NONE', #3587, #3397 ) ;
#4298 = ORIENTED_EDGE ( 'NONE', *, *, #1112, .F. ) ;
#4299 = DIRECTION ( 'NONE',  ( 4.370956789862825094E-15, 1.000000000000000000, 0.000000000000000000 ) ) ;
#4300 = EDGE_LOOP ( 'NONE', ( #3967, #1820, #4248, #2270 ) ) ;
#4301 = VECTOR ( 'NONE', #6248, 1000.000000000000000 ) ;
#4302 = EDGE_CURVE ( 'NONE', #4145, #2683, #5606, .T. ) ;
#4303 = ORIENTED_EDGE ( 'NONE', *, *, #4608, .T. ) ;
#4304 = CARTESIAN_POINT ( 'NONE',  ( -201.7499999999999716, -3.000000000000014655, 141.8750000000000284 ) ) ;
#4305 = AXIS2_PLACEMENT_3D ( 'NONE', #3569, #5525, #5057 ) ;
#4306 = ORIENTED_EDGE ( 'NONE', *, *, #4097, .T. ) ;
#4307 = CARTESIAN_POINT ( 'NONE',  ( -191.6999999999999886, 0.000000000000000000, 127.9000000000000625 ) ) ;
#4308 = VERTEX_POINT ( 'NONE', #5646 ) ;
#4309 = EDGE_CURVE ( 'NONE', #3558, #2472, #3211, .T. ) ;
#4310 = CARTESIAN_POINT ( 'NONE',  ( -219.2500000000002558, 68.47999999999801446, -149.3300000000000409 ) ) ;
#4311 = EDGE_LOOP ( 'NONE', ( #4056, #1785 ) ) ;
#4312 = VECTOR ( 'NONE', #3952, 1000.000000000000000 ) ;
#4313 = CARTESIAN_POINT ( 'NONE',  ( 222.2500000000006537, 162.0999999999999943, 152.4000000000000341 ) ) ;
#4314 = ORIENTED_EDGE ( 'NONE', *, *, #2980, .F. ) ;
#4315 = VERTEX_POINT ( 'NONE', #3267 ) ;
#4316 = DIRECTION ( 'NONE',  ( -1.000000000000000000, 0.000000000000000000, 3.633139246742775023E-15 ) ) ;
#4317 = VECTOR ( 'NONE', #1508, 1000.000000000000000 ) ;
#4318 = AXIS2_PLACEMENT_3D ( 'NONE', #5989, #3601, #5116 ) ;
#4319 = DIRECTION ( 'NONE',  ( 9.106159978880874930E-17, 0.000000000000000000, 1.000000000000000000 ) ) ;
#4320 = CARTESIAN_POINT ( 'NONE',  ( -219.2500000000000284, 117.0299999999980116, -152.4000000000000341 ) ) ;
#4321 = DIRECTION ( 'NONE',  ( -1.000000000000000000, 0.000000000000000000, -0.000000000000000000 ) ) ;
#4322 = DIRECTION ( 'NONE',  ( 0.000000000000000000, -0.000000000000000000, 1.000000000000000000 ) ) ;
#4323 = CARTESIAN_POINT ( 'NONE',  ( -219.2500000000005969, 159.5300000000000296, -129.4700000000000273 ) ) ;
#4324 = AXIS2_PLACEMENT_3D ( 'NONE', #2446, #5836, #6273 ) ;
#4325 = ADVANCED_FACE ( 'NONE', ( #6169 ), #2811, .F. ) ;
#4326 = DIRECTION ( 'NONE',  ( 0.000000000000000000, -1.000000000000000000, 0.000000000000000000 ) ) ;
#4327 = DIRECTION ( 'NONE',  ( 1.000000000000000000, -3.424500384408256366E-15, -9.106159978880876162E-17 ) ) ;
#4328 = LINE ( 'NONE', #2841, #529 ) ;
#4329 = EDGE_LOOP ( 'NONE', ( #4941, #632, #3698, #332 ) ) ;
#4330 = DIRECTION ( 'NONE',  ( -3.424500384408255577E-15, -1.000000000000000000, 3.179398763478275537E-31 ) ) ;
#4331 = ORIENTED_EDGE ( 'NONE', *, *, #5991, .T. ) ;
#4332 = DIRECTION ( 'NONE',  ( 0.000000000000000000, 1.000000000000000000, 0.000000000000000000 ) ) ;
#4333 = AXIS2_PLACEMENT_3D ( 'NONE', #2924, #4862, #514 ) ;
#4334 = AXIS2_PLACEMENT_3D ( 'NONE', #4709, #3171, #3206 ) ;
#4335 = CARTESIAN_POINT ( 'NONE',  ( 0.000000000000000000, 0.000000000000000000, 0.000000000000000000 ) ) ;
#4336 = ORIENTED_EDGE ( 'NONE', *, *, #1791, .T. ) ;
#4337 = EDGE_CURVE ( 'NONE', #2951, #5238, #752, .T. ) ;
#4338 = DIRECTION ( 'NONE',  ( -4.370956789862825094E-15, 1.000000000000000000, 0.000000000000000000 ) ) ;
#4339 = AXIS2_PLACEMENT_3D ( 'NONE', #1051, #1474, #4415 ) ;
#4340 = EDGE_CURVE ( 'NONE', #355, #6085, #5704, .T. ) ;
#4341 = EDGE_LOOP ( 'NONE', ( #1234, #3953, #6006, #4470 ) ) ;
#4342 = DIRECTION ( 'NONE',  ( -9.106159978880874930E-17, 0.000000000000000000, -1.000000000000000000 ) ) ;
#4343 = ADVANCED_FACE ( 'NONE', ( #4749 ), #2223, .F. ) ;
#4344 = ORIENTED_EDGE ( 'NONE', *, *, #4974, .F. ) ;
#4345 = AXIS2_PLACEMENT_3D ( 'NONE', #5596, #2334, #1250 ) ;
#4346 = DIRECTION ( 'NONE',  ( 0.000000000000000000, -1.000000000000000000, 0.000000000000000000 ) ) ;
#4347 = VERTEX_POINT ( 'NONE', #2344 ) ;
#4348 = LINE ( 'NONE', #985, #1163 ) ;
#4349 = ORIENTED_EDGE ( 'NONE', *, *, #5465, .F. ) ;
#4350 = LINE ( 'NONE', #3857, #4918 ) ;
#4351 = ADVANCED_FACE ( 'NONE', ( #2681 ), #4619, .F. ) ;
#4352 = CARTESIAN_POINT ( 'NONE',  ( 219.2500000000005116, 142.1699999999980264, -149.3300000000000409 ) ) ;
#4353 = PLANE ( 'NONE',  #4324 ) ;
#4354 = DIRECTION ( 'NONE',  ( -1.104699526990205168E-16, 0.000000000000000000, -1.000000000000000000 ) ) ;
#4355 = DIRECTION ( 'NONE',  ( -1.000000000000000000, -3.424500384408255971E-15, 0.000000000000000000 ) ) ;
#4356 = CARTESIAN_POINT ( 'NONE',  ( -219.2500000000000284, -7.610952104347350095E-13, -129.4700000000000273 ) ) ;
#4357 = EDGE_LOOP ( 'NONE', ( #4815, #3338, #5268, #4039 ) ) ;
#4358 = LINE ( 'NONE', #1963, #5442 ) ;
#4359 = CARTESIAN_POINT ( 'NONE',  ( -201.7500000000000284, -3.000000000000014655, -138.3750000000000284 ) ) ;
#4360 = DIRECTION ( 'NONE',  ( -1.000000000000000000, -3.424500384408255971E-15, 0.000000000000000000 ) ) ;
#4361 = FACE_BOUND ( 'NONE', #4975, .T. ) ;
#4362 = CARTESIAN_POINT ( 'NONE',  ( -222.2500000000000853, 19.92999999999800309, 0.000000000000000000 ) ) ;
#4363 = VECTOR ( 'NONE', #675, 1000.000000000000000 ) ;
#4364 = DIRECTION ( 'NONE',  ( -0.000000000000000000, 1.000000000000000000, -0.000000000000000000 ) ) ;
#4365 =( LENGTH_UNIT ( ) NAMED_UNIT ( * ) SI_UNIT ( .MILLI., .METRE. ) );
#4366 = VERTEX_POINT ( 'NONE', #2713 ) ;
#4367 = ORIENTED_EDGE ( 'NONE', *, *, #3043, .F. ) ;
#4368 = PLANE ( 'NONE',  #583 ) ;
#4369 = ORIENTED_EDGE ( 'NONE', *, *, #6230, .T. ) ;
#4370 = EDGE_CURVE ( 'NONE', #315, #5359, #819, .T. ) ;
#4371 = LINE ( 'NONE', #3938, #329 ) ;
#4372 = EDGE_LOOP ( 'NONE', ( #4853, #4144, #2418, #4556 ) ) ;
#4373 = EDGE_CURVE ( 'NONE', #2339, #3727, #6106, .T. ) ;
#4374 = CARTESIAN_POINT ( 'NONE',  ( -191.7000000000000171, 0.000000000000000000, -133.3500000000000227 ) ) ;
#4375 = VERTEX_POINT ( 'NONE', #327 ) ;
#4376 = CARTESIAN_POINT ( 'NONE',  ( -219.2500000000000284, 45.06999999999802498, 152.4000000000000341 ) ) ;
#4377 = ORIENTED_EDGE ( 'NONE', *, *, #4485, .T. ) ;
#4378 = DIRECTION ( 'NONE',  ( 1.000000000000000000, 0.000000000000000000, -0.000000000000000000 ) ) ;
#4379 = ADVANCED_FACE ( 'NONE', ( #1815 ), #3716, .T. ) ;
#4380 = DIRECTION ( 'NONE',  ( -0.000000000000000000, 1.000000000000000000, -0.000000000000000000 ) ) ;
#4381 = DIRECTION ( 'NONE',  ( 0.000000000000000000, 0.000000000000000000, -1.000000000000000000 ) ) ;
#4382 = AXIS2_PLACEMENT_3D ( 'NONE', #2774, #5675, #4205 ) ;
#4383 = VECTOR ( 'NONE', #4747, 1000.000000000000000 ) ;
#4384 = VECTOR ( 'NONE', #5165, 1000.000000000000000 ) ;
#4385 = CARTESIAN_POINT ( 'NONE',  ( -219.2500000000003411, 85.90000000000148361, 137.9000000000000909 ) ) ;
#4386 = CYLINDRICAL_SURFACE ( 'NONE', #1092, 5.000000000000004441 ) ;
#4387 = CIRCLE ( 'NONE', #3968, 1.599999999999990319 ) ;
#4388 = CARTESIAN_POINT ( 'NONE',  ( -222.2500000000010232, 22.55000000000148930, 122.9000000000000767 ) ) ;
#4389 = DIRECTION ( 'NONE',  ( 4.440892098500622217E-15, -1.000000000000000000, 0.000000000000000000 ) ) ;
#4390 = EDGE_CURVE ( 'NONE', #4423, #4179, #4713, .T. ) ;
#4391 = VERTEX_POINT ( 'NONE', #3874 ) ;
#4392 = CARTESIAN_POINT ( 'NONE',  ( -222.2500000000000284, -3.000000000000000000, -152.4000000000000341 ) ) ;
#4393 = DIRECTION ( 'NONE',  ( 1.000000000000000000, 0.000000000000000000, -9.106159978880874930E-17 ) ) ;
#4394 = ORIENTED_EDGE ( 'NONE', *, *, #5744, .T. ) ;
#4395 = ORIENTED_EDGE ( 'NONE', *, *, #455, .T. ) ;
#4396 = DIRECTION ( 'NONE',  ( 9.106159978880874930E-17, -0.000000000000000000, 1.000000000000000000 ) ) ;
#4397 = ORIENTED_EDGE ( 'NONE', *, *, #1126, .T. ) ;
#4398 = VECTOR ( 'NONE', #4698, 1000.000000000000000 ) ;
#4399 = DIRECTION ( 'NONE',  ( 0.000000000000000000, 0.000000000000000000, 1.000000000000000000 ) ) ;
#4400 = ORIENTED_EDGE ( 'NONE', *, *, #497, .F. ) ;
#4401 = ORIENTED_EDGE ( 'NONE', *, *, #3240, .T. ) ;
#4402 = EDGE_CURVE ( 'NONE', #719, #1827, #3448, .T. ) ;
#4403 = CARTESIAN_POINT ( 'NONE',  ( -215.9677423282305426, 159.5300000000000296, 102.8299999999999841 ) ) ;
#4404 = ORIENTED_EDGE ( 'NONE', *, *, #1274, .T. ) ;
#4405 = CARTESIAN_POINT ( 'NONE',  ( -219.2500000000005969, 159.5300000000000011, 102.8299999999999841 ) ) ;
#4406 = ORIENTED_EDGE ( 'NONE', *, *, #23, .T. ) ;
#4407 = EDGE_LOOP ( 'NONE', ( #4498, #555 ) ) ;
#4408 = EDGE_CURVE ( 'NONE', #4520, #1891, #487, .T. ) ;
#4409 = AXIS2_PLACEMENT_3D ( 'NONE', #4644, #4169, #6001 ) ;
#4410 = DIRECTION ( 'NONE',  ( 0.000000000000000000, 0.000000000000000000, 1.000000000000000000 ) ) ;
#4411 = FACE_OUTER_BOUND ( 'NONE', #1114, .T. ) ;
#4412 = CARTESIAN_POINT ( 'NONE',  ( 215.7500000000000568, -1.517883041479706208E-14, 152.3999999999998636 ) ) ;
#4413 = ORIENTED_EDGE ( 'NONE', *, *, #3198, .F. ) ;
#4414 = AXIS2_PLACEMENT_3D ( 'NONE', #4121, #2635, #3668 ) ;
#4415 = DIRECTION ( 'NONE',  ( 0.000000000000000000, 0.000000000000000000, 1.000000000000000000 ) ) ;
#4416 = DIRECTION ( 'NONE',  ( -1.000000000000000000, -3.424500384408255577E-15, 0.000000000000000000 ) ) ;
#4417 = DIRECTION ( 'NONE',  ( 0.000000000000000000, -1.000000000000000000, 0.000000000000000000 ) ) ;
#4418 = DIRECTION ( 'NONE',  ( -3.424500384408255577E-15, -1.000000000000000000, 3.179398763478275099E-31 ) ) ;
#4419 = AXIS2_PLACEMENT_3D ( 'NONE', #99, #976, #3847 ) ;
#4420 = ORIENTED_EDGE ( 'NONE', *, *, #4113, .T. ) ;
#4421 = CARTESIAN_POINT ( 'NONE',  ( 226.7516488450830252, 19.92999999999800309, -147.8300000000000409 ) ) ;
#4422 = VECTOR ( 'NONE', #860, 1000.000000000000000 ) ;
#4423 = VERTEX_POINT ( 'NONE', #3502 ) ;
#4424 = EDGE_CURVE ( 'NONE', #1058, #840, #3767, .T. ) ;
#4425 = CARTESIAN_POINT ( 'NONE',  ( 191.7000000000000455, 0.000000000000000000, -133.3500000000000227 ) ) ;
#4426 = VERTEX_POINT ( 'NONE', #3008 ) ;
#4427 = ORIENTED_EDGE ( 'NONE', *, *, #2301, .T. ) ;
#4428 = AXIS2_PLACEMENT_3D ( 'NONE', #6234, #4242, #366 ) ;
#4429 = CARTESIAN_POINT ( 'NONE',  ( -11.64999999999997904, 0.000000000000000000, 127.9000000000000483 ) ) ;
#4430 = VERTEX_POINT ( 'NONE', #5766 ) ;
#4431 = ORIENTED_EDGE ( 'NONE', *, *, #4201, .T. ) ;
#4432 = AXIS2_PLACEMENT_3D ( 'NONE', #325, #1352, #6195 ) ;
#4433 = EDGE_LOOP ( 'NONE', ( #5943, #3591, #1015, #877 ) ) ;
#4434 = VECTOR ( 'NONE', #4396, 1000.000000000000000 ) ;
#4435 = DIRECTION ( 'NONE',  ( 0.000000000000000000, 0.000000000000000000, 1.000000000000000000 ) ) ;
#4436 = ORIENTED_EDGE ( 'NONE', *, *, #649, .F. ) ;
#4437 = CARTESIAN_POINT ( 'NONE',  ( 0.000000000000000000, 0.000000000000000000, -149.3300000000000409 ) ) ;
#4438 = EDGE_LOOP ( 'NONE', ( #489, #2240, #2507, #1032 ) ) ;
#4439 = ORIENTED_EDGE ( 'NONE', *, *, #4440, .F. ) ;
#4440 = EDGE_CURVE ( 'NONE', #4249, #4891, #5794, .T. ) ;
#4441 = ORIENTED_EDGE ( 'NONE', *, *, #3560, .T. ) ;
#4442 = FACE_OUTER_BOUND ( 'NONE', #1575, .T. ) ;
#4443 = CARTESIAN_POINT ( 'NONE',  ( -222.2500000000006253, 162.0999999999999943, 102.8299999999999841 ) ) ;
#4444 = EDGE_CURVE ( 'NONE', #5873, #4264, #5105, .T. ) ;
#4445 = DIRECTION ( 'NONE',  ( -3.491481338843133355E-15, -1.000000000000000000, 3.179398763478275537E-31 ) ) ;
#4446 = EDGE_CURVE ( 'NONE', #5036, #4315, #3158, .T. ) ;
#4447 = CARTESIAN_POINT ( 'NONE',  ( -222.2500000000006537, 138.0500000000015177, -128.3500000000000227 ) ) ;
#4448 = CYLINDRICAL_SURFACE ( 'NONE', #3927, 1.549999999999995826 ) ;
#4449 = VECTOR ( 'NONE', #5264, 1000.000000000000000 ) ;
#4450 = CARTESIAN_POINT ( 'NONE',  ( -222.2500000000006253, 159.5300000000000011, 127.9699999999999704 ) ) ;
#4451 = EDGE_CURVE ( 'NONE', #3652, #1939, #1555, .T. ) ;
#4452 = CARTESIAN_POINT ( 'NONE',  ( -222.2500000000006537, 138.0500000000015177, 122.9000000000000909 ) ) ;
#4453 = ORIENTED_EDGE ( 'NONE', *, *, #6207, .T. ) ;
#4454 = DIRECTION ( 'NONE',  ( 9.106159978880874930E-17, 0.000000000000000000, 1.000000000000000000 ) ) ;
#4455 = EDGE_CURVE ( 'NONE', #3315, #2620, #2377, .T. ) ;
#4456 = AXIS2_PLACEMENT_3D ( 'NONE', #2699, #6125, #1861 ) ;
#4457 = AXIS2_PLACEMENT_3D ( 'NONE', #6031, #2180, #2608 ) ;
#4458 = ORIENTED_EDGE ( 'NONE', *, *, #4001, .F. ) ;
#4459 = DIRECTION ( 'NONE',  ( -1.000000000000000000, 0.000000000000000000, 0.000000000000000000 ) ) ;
#4460 = EDGE_CURVE ( 'NONE', #1062, #1728, #1121, .T. ) ;
#4461 = EDGE_LOOP ( 'NONE', ( #3721, #1887, #5497, #5107 ) ) ;
#4462 = VECTOR ( 'NONE', #4722, 1000.000000000000000 ) ;
#4463 = ORIENTED_EDGE ( 'NONE', *, *, #4740, .T. ) ;
#4464 = ORIENTED_EDGE ( 'NONE', *, *, #1436, .F. ) ;
#4465 = CARTESIAN_POINT ( 'NONE',  ( -222.2500000000005684, 153.6499999999981014, 143.8999999999999773 ) ) ;
#4466 = CARTESIAN_POINT ( 'NONE',  ( 222.2500000000007105, 145.4999999999967599, 91.68000000000007788 ) ) ;
#4467 = ORIENTED_EDGE ( 'NONE', *, *, #678, .T. ) ;
#4468 = LINE ( 'NONE', #4595, #540 ) ;
#4469 = EDGE_CURVE ( 'NONE', #503, #2450, #2573, .T. ) ;
#4470 = ORIENTED_EDGE ( 'NONE', *, *, #4596, .T. ) ;
#4471 = VERTEX_POINT ( 'NONE', #3809 ) ;
#4472 = LINE ( 'NONE', #3003, #1694 ) ;
#4473 = LINE ( 'NONE', #634, #1782 ) ;
#4474 = FACE_OUTER_BOUND ( 'NONE', #4202, .T. ) ;
#4475 = DIRECTION ( 'NONE',  ( 4.440892098500622217E-15, -1.000000000000000000, 0.000000000000000000 ) ) ;
#4476 = DIRECTION ( 'NONE',  ( 0.000000000000000000, 0.000000000000000000, 1.000000000000000000 ) ) ;
#4477 = ADVANCED_FACE ( 'NONE', ( #2844 ), #4779, .T. ) ;
#4478 = DIRECTION ( 'NONE',  ( 4.370956789862825094E-15, 1.000000000000000000, 0.000000000000000000 ) ) ;
#4479 = LINE ( 'NONE', #1992, #58 ) ;
#4480 = CARTESIAN_POINT ( 'NONE',  ( -219.2500000000005969, 162.0999999999999943, 102.8299999999999841 ) ) ;
#4481 = LINE ( 'NONE', #4392, #3426 ) ;
#4482 = ORIENTED_EDGE ( 'NONE', *, *, #6122, .F. ) ;
#4483 = VECTOR ( 'NONE', #2624, 1000.000000000000000 ) ;
#4484 = LINE ( 'NONE', #1095, #4120 ) ;
#4485 = EDGE_CURVE ( 'NONE', #3224, #5187, #4387, .T. ) ;
#4486 = CYLINDRICAL_SURFACE ( 'NONE', #4939, 1.500000000000001332 ) ;
#4487 = EDGE_CURVE ( 'NONE', #5979, #5860, #5614, .T. ) ;
#4488 = CARTESIAN_POINT ( 'NONE',  ( -1.168890636753192469E-12, 159.5300000000016212, 8.171054822139166304E-31 ) ) ;
#4489 = CARTESIAN_POINT ( 'NONE',  ( -215.7500000000000284, 3.499999999999987566, -152.3999999999999204 ) ) ;
#4490 = ORIENTED_EDGE ( 'NONE', *, *, #3869, .T. ) ;
#4491 = ORIENTED_EDGE ( 'NONE', *, *, #5239, .T. ) ;
#4492 = DIRECTION ( 'NONE',  ( -0.000000000000000000, 1.000000000000000000, -0.000000000000000000 ) ) ;
#4493 = FACE_OUTER_BOUND ( 'NONE', #4973, .T. ) ;
#4494 = ORIENTED_EDGE ( 'NONE', *, *, #5642, .F. ) ;
#4495 = VECTOR ( 'NONE', #1892, 1000.000000000000000 ) ;
#4496 = LINE ( 'NONE', #3555, #1365 ) ;
#4497 = ORIENTED_EDGE ( 'NONE', *, *, #1209, .F. ) ;
#4498 = ORIENTED_EDGE ( 'NONE', *, *, #5512, .T. ) ;
#4499 = ORIENTED_EDGE ( 'NONE', *, *, #3494, .F. ) ;
#4500 = CIRCLE ( 'NONE', #5908, 1.500000000000001332 ) ;
#4501 = EDGE_CURVE ( 'NONE', #4903, #4366, #1450, .T. ) ;
#4502 = CARTESIAN_POINT ( 'NONE',  ( 219.2500000000006253, 159.5300000000000296, -26.89670000000000627 ) ) ;
#4503 = CIRCLE ( 'NONE', #5320, 5.000000000000004441 ) ;
#4504 = DIRECTION ( 'NONE',  ( 0.000000000000000000, -1.000000000000000000, 0.000000000000000000 ) ) ;
#4505 = CARTESIAN_POINT ( 'NONE',  ( 222.2500000000008242, 150.5499999999996419, -143.9000000000000341 ) ) ;
#4506 = ORIENTED_EDGE ( 'NONE', *, *, #3070, .T. ) ;
#4507 =( LENGTH_UNIT ( ) NAMED_UNIT ( * ) SI_UNIT ( .MILLI., .METRE. ) );
#4508 = LINE ( 'NONE', #2667, #6259 ) ;
#4509 = DIRECTION ( 'NONE',  ( -5.551115123125777969E-15, 1.000000000000000000, 0.000000000000000000 ) ) ;
#4510 = FACE_OUTER_BOUND ( 'NONE', #6178, .T. ) ;
#4511 = CIRCLE ( 'NONE', #462, 5.000000000000004441 ) ;
#4512 = DIRECTION ( 'NONE',  ( 0.000000000000000000, -0.000000000000000000, -1.000000000000000000 ) ) ;
#4513 = EDGE_CURVE ( 'NONE', #5488, #2357, #2956, .T. ) ;
#4514 = CIRCLE ( 'NONE', #1282, 1.599999999999990319 ) ;
#4515 = ORIENTED_EDGE ( 'NONE', *, *, #1209, .T. ) ;
#4516 = VECTOR ( 'NONE', #3529, 1000.000000000000000 ) ;
#4517 = LINE ( 'NONE', #2151, #2813 ) ;
#4518 = DIRECTION ( 'NONE',  ( 0.000000000000000000, -1.000000000000000000, 3.179398763478275537E-31 ) ) ;
#4519 = ORIENTED_EDGE ( 'NONE', *, *, #2745, .F. ) ;
#4520 = VERTEX_POINT ( 'NONE', #943 ) ;
#4521 = LINE ( 'NONE', #4102, #1454 ) ;
#4522 = LINE ( 'NONE', #169, #3899 ) ;
#4523 = EDGE_CURVE ( 'NONE', #2997, #1258, #5397, .T. ) ;
#4524 = ORIENTED_EDGE ( 'NONE', *, *, #1361, .F. ) ;
#4525 = ORIENTED_EDGE ( 'NONE', *, *, #2231, .F. ) ;
#4526 = VECTOR ( 'NONE', #5049, 1000.000000000000000 ) ;
#4527 = LINE ( 'NONE', #2652, #4764 ) ;
#4528 = EDGE_CURVE ( 'NONE', #4096, #2351, #6210, .T. ) ;
#4529 = DIRECTION ( 'NONE',  ( 5.551115123125777969E-15, 1.000000000000000000, 0.000000000000000000 ) ) ;
#4530 = ORIENTED_EDGE ( 'NONE', *, *, #5869, .F. ) ;
#4531 = DIRECTION ( 'NONE',  ( -0.000000000000000000, 1.000000000000000000, -0.000000000000000000 ) ) ;
#4532 = ORIENTED_EDGE ( 'NONE', *, *, #3083, .F. ) ;
#4533 = CYLINDRICAL_SURFACE ( 'NONE', #2252, 1.549999999999995826 ) ;
#4534 = ADVANCED_FACE ( 'NONE', ( #1730 ), #5016, .T. ) ;
#4535 = AXIS2_PLACEMENT_3D ( 'NONE', #1787, #1819, #4692 ) ;
#4536 = ORIENTED_EDGE ( 'NONE', *, *, #5991, .F. ) ;
#4537 = ORIENTED_EDGE ( 'NONE', *, *, #4721, .T. ) ;
#4538 = DIRECTION ( 'NONE',  ( 1.000000000000000000, 4.418089334404615211E-15, 0.000000000000000000 ) ) ;
#4539 = CARTESIAN_POINT ( 'NONE',  ( 219.2500000000006253, 159.5300000000000296, 25.39659999999998519 ) ) ;
#4540 = CARTESIAN_POINT ( 'NONE',  ( 219.2500000000006253, 162.0999999999999943, 127.9699999999999704 ) ) ;
#4541 = ADVANCED_FACE ( 'NONE', ( #485 ), #1419, .F. ) ;
#4542 = DIRECTION ( 'NONE',  ( 0.000000000000000000, -1.000000000000000000, 0.000000000000000000 ) ) ;
#4543 = LINE ( 'NONE', #4574, #3418 ) ;
#4544 = AXIS2_PLACEMENT_3D ( 'NONE', #5216, #2768, #2246 ) ;
#4545 = LINE ( 'NONE', #6030, #3906 ) ;
#4546 = CARTESIAN_POINT ( 'NONE',  ( -222.2500000000000284, -7.715696544512643717E-13, 147.8300000000000409 ) ) ;
#4547 = DIRECTION ( 'NONE',  ( -1.000000000000000000, 0.000000000000000000, 0.000000000000000000 ) ) ;
#4548 = ORIENTED_EDGE ( 'NONE', *, *, #434, .T. ) ;
#4549 = DIRECTION ( 'NONE',  ( -3.424500384408255577E-15, 1.000000000000000000, -0.000000000000000000 ) ) ;
#4550 = LINE ( 'NONE', #2614, #1712 ) ;
#4551 = VECTOR ( 'NONE', #4416, 1000.000000000000000 ) ;
#4552 = ORIENTED_EDGE ( 'NONE', *, *, #214, .F. ) ;
#4553 = DIRECTION ( 'NONE',  ( -1.000000000000000000, -3.424500384408255577E-15, 0.000000000000000000 ) ) ;
#4554 = LINE ( 'NONE', #200, #4106 ) ;
#4555 = ORIENTED_EDGE ( 'NONE', *, *, #5265, .F. ) ;
#4556 = ORIENTED_EDGE ( 'NONE', *, *, #3306, .T. ) ;
#4557 = PLANE ( 'NONE',  #5025 ) ;
#4558 = EDGE_CURVE ( 'NONE', #3701, #4062, #2403, .T. ) ;
#4559 = DIRECTION ( 'NONE',  ( 0.000000000000000000, 1.000000000000000000, -0.000000000000000000 ) ) ;
#4560 = ORIENTED_EDGE ( 'NONE', *, *, #3932, .F. ) ;
#4561 = LINE ( 'NONE', #1649, #2470 ) ;
#4562 = VERTEX_POINT ( 'NONE', #1940 ) ;
#4563 = CARTESIAN_POINT ( 'NONE',  ( 222.2500000000006253, 159.5300000000000011, 127.9699999999999704 ) ) ;
#4564 = CIRCLE ( 'NONE', #5071, 4.600000000000020961 ) ;
#4565 = EDGE_CURVE ( 'NONE', #2289, #3405, #1449, .T. ) ;
#4566 = EDGE_LOOP ( 'NONE', ( #3657, #4630, #5947, #1290 ) ) ;
#4567 = ORIENTED_EDGE ( 'NONE', *, *, #5580, .T. ) ;
#4568 = LINE ( 'NONE', #6020, #677 ) ;
#4569 = DIRECTION ( 'NONE',  ( 0.000000000000000000, -1.000000000000000000, 0.000000000000000000 ) ) ;
#4570 = FACE_OUTER_BOUND ( 'NONE', #6104, .T. ) ;
#4571 = EDGE_CURVE ( 'NONE', #3175, #5787, #2431, .T. ) ;
#4572 = ORIENTED_EDGE ( 'NONE', *, *, #1881, .F. ) ;
#4573 =( NAMED_UNIT ( * ) PLANE_ANGLE_UNIT ( ) SI_UNIT ( $, .RADIAN. ) );
#4574 = CARTESIAN_POINT ( 'NONE',  ( 222.2500000000005969, 45.06999999999802498, -152.4000000000000341 ) ) ;
#4575 = ORIENTED_EDGE ( 'NONE', *, *, #1320, .F. ) ;
#4576 = DIRECTION ( 'NONE',  ( -1.000000000000000000, 0.000000000000000000, 1.242786967863980845E-16 ) ) ;
#4577 = CARTESIAN_POINT ( 'NONE',  ( 201.7500000000000284, 0.000000000000000000, -138.3750000000000284 ) ) ;
#4578 = DIRECTION ( 'NONE',  ( 0.000000000000000000, 0.000000000000000000, 1.000000000000000000 ) ) ;
#4579 = ORIENTED_EDGE ( 'NONE', *, *, #4446, .F. ) ;
#4580 = DIRECTION ( 'NONE',  ( 0.000000000000000000, 0.000000000000000000, 1.000000000000000000 ) ) ;
#4581 = EDGE_CURVE ( 'NONE', #5036, #1584, #5344, .T. ) ;
#4582 = LINE ( 'NONE', #1199, #6055 ) ;
#4583 = ORIENTED_EDGE ( 'NONE', *, *, #1149, .F. ) ;
#4584 = DIRECTION ( 'NONE',  ( -0.000000000000000000, 1.000000000000000000, -0.000000000000000000 ) ) ;
#4585 = VECTOR ( 'NONE', #3806, 1000.000000000000000 ) ;
#4586 = CIRCLE ( 'NONE', #2060, 5.000000000000004441 ) ;
#4587 = DIRECTION ( 'NONE',  ( 0.000000000000000000, 0.000000000000000000, 1.000000000000000000 ) ) ;
#4588 = AXIS2_PLACEMENT_3D ( 'NONE', #5130, #4206, #1357 ) ;
#4589 = ORIENTED_EDGE ( 'NONE', *, *, #1913, .T. ) ;
#4590 = EDGE_LOOP ( 'NONE', ( #4524, #5507, #464, #44 ) ) ;
#4591 = FACE_BOUND ( 'NONE', #2066, .T. ) ;
#4592 = AXIS2_PLACEMENT_3D ( 'NONE', #6231, #3041, #3297 ) ;
#4593 = CARTESIAN_POINT ( 'NONE',  ( -219.2500000000001990, 45.06999999999802498, 0.000000000000000000 ) ) ;
#4594 = VERTEX_POINT ( 'NONE', #5371 ) ;
#4595 = CARTESIAN_POINT ( 'NONE',  ( 222.2500000000006253, 159.5300000000000011, -129.4700000000000273 ) ) ;
#4596 = EDGE_CURVE ( 'NONE', #2938, #4146, #3014, .T. ) ;
#4597 = CIRCLE ( 'NONE', #4804, 6.500000000000005329 ) ;
#4598 = CARTESIAN_POINT ( 'NONE',  ( 24.67999999998790628, 0.000000000000000000, 58.60000011181492141 ) ) ;
#4599 = FACE_OUTER_BOUND ( 'NONE', #4908, .T. ) ;
#4600 = CARTESIAN_POINT ( 'NONE',  ( -222.2500000000005684, 152.0999999999980901, 143.8999999999999773 ) ) ;
#4601 = PLANE ( 'NONE',  #4318 ) ;
#4602 = DIRECTION ( 'NONE',  ( 1.000000000000000000, 3.424500384408255971E-15, -0.000000000000000000 ) ) ;
#4603 = AXIS2_PLACEMENT_3D ( 'NONE', #320, #2280, #1411 ) ;
#4604 = ORIENTED_EDGE ( 'NONE', *, *, #1951, .T. ) ;
#4605 = ADVANCED_FACE ( 'NONE', ( #159 ), #4029, .F. ) ;
#4606 = DIRECTION ( 'NONE',  ( -0.000000000000000000, 1.000000000000000000, -0.000000000000000000 ) ) ;
#4607 = DIRECTION ( 'NONE',  ( 0.000000000000000000, 0.000000000000000000, -1.000000000000000000 ) ) ;
#4608 = EDGE_CURVE ( 'NONE', #427, #4621, #303, .T. ) ;
#4609 = ORIENTED_EDGE ( 'NONE', *, *, #3460, .T. ) ;
#4610 = CARTESIAN_POINT ( 'NONE',  ( -16.65000000000000924, -10.00000000000000000, -128.3500000000000227 ) ) ;
#4611 = DIRECTION ( 'NONE',  ( 5.551115123125777969E-15, 1.000000000000000000, 0.000000000000000000 ) ) ;
#4612 = FACE_OUTER_BOUND ( 'NONE', #768, .T. ) ;
#4613 = EDGE_CURVE ( 'NONE', #1111, #6133, #1123, .T. ) ;
#4614 = ORIENTED_EDGE ( 'NONE', *, *, #2662, .F. ) ;
#4615 = LINE ( 'NONE', #1198, #5146 ) ;
#4616 = FACE_OUTER_BOUND ( 'NONE', #3666, .T. ) ;
#4617 = AXIS2_PLACEMENT_3D ( 'NONE', #3413, #3040, #1472 ) ;
#4618 = VERTEX_POINT ( 'NONE', #3609 ) ;
#4619 = CYLINDRICAL_SURFACE ( 'NONE', #3445, 5.000000000000004441 ) ;
#4620 = LINE ( 'NONE', #6077, #1394 ) ;
#4621 = VERTEX_POINT ( 'NONE', #4094 ) ;
#4622 = EDGE_CURVE ( 'NONE', #2339, #2030, #3136, .T. ) ;
#4623 = VECTOR ( 'NONE', #328, 1000.000000000000000 ) ;
#4624 = DIRECTION ( 'NONE',  ( -1.000000000000000000, -0.000000000000000000, -0.000000000000000000 ) ) ;
#4625 = DIRECTION ( 'NONE',  ( 0.000000000000000000, 0.000000000000000000, 1.000000000000000000 ) ) ;
#4626 = CARTESIAN_POINT ( 'NONE',  ( -1.168890636753192469E-12, 159.5300000000016212, 8.171054822139166304E-31 ) ) ;
#4627 = CARTESIAN_POINT ( 'NONE',  ( 222.2500000000000853, -7.715696544512644727E-13, 152.4000000000000341 ) ) ;
#4628 = ORIENTED_EDGE ( 'NONE', *, *, #1430, .F. ) ;
#4629 = VECTOR ( 'NONE', #1890, 1000.000000000000000 ) ;
#4630 = ORIENTED_EDGE ( 'NONE', *, *, #214, .T. ) ;
#4631 = LINE ( 'NONE', #2238, #786 ) ;
#4633 = EDGE_LOOP ( 'NONE', ( #2259, #3261, #1560, #4234 ) ) ;
#4632 = CARTESIAN_POINT ( 'NONE',  ( 196.7000000000000739, -3.000000000000000000, -2.172943969589734504E-14 ) ) ;
#4634 = ORIENTED_EDGE ( 'NONE', *, *, #3147, .T. ) ;
#4635 = AXIS2_PLACEMENT_3D ( 'NONE', #2546, #1938, #3841 ) ;
#4636 = AXIS2_PLACEMENT_3D ( 'NONE', #4267, #3744, #419 ) ;
#4637 = DIRECTION ( 'NONE',  ( -1.000000000000000000, 0.000000000000000000, 0.000000000000000000 ) ) ;
#4638 = FACE_OUTER_BOUND ( 'NONE', #3975, .T. ) ;
#4639 = CARTESIAN_POINT ( 'NONE',  ( 222.2500000000005400, 138.0499999999999829, -133.3500000000000227 ) ) ;
#4640 = ORIENTED_EDGE ( 'NONE', *, *, #3273, .F. ) ;
#4641 = EDGE_CURVE ( 'NONE', #3405, #4196, #2249, .T. ) ;
#4642 = CARTESIAN_POINT ( 'NONE',  ( 40.70000000000005969, -3.000000000000000000, 127.9000000000000483 ) ) ;
#4643 = LINE ( 'NONE', #4546, #506 ) ;
#4644 = CARTESIAN_POINT ( 'NONE',  ( 0.000000000000000000, 0.000000000000000000, 147.8300000000000409 ) ) ;
#4645 = ORIENTED_EDGE ( 'NONE', *, *, #5395, .T. ) ;
#4646 = EDGE_CURVE ( 'NONE', #1094, #5787, #4643, .T. ) ;
#4647 = EDGE_LOOP ( 'NONE', ( #4491, #2456, #4995, #1645 ) ) ;
#4648 = CARTESIAN_POINT ( 'NONE',  ( -222.2500000000006253, 143.0500000000015177, 122.9000000000000909 ) ) ;
#4649 = VECTOR ( 'NONE', #1601, 1000.000000000000000 ) ;
#4650 = DIRECTION ( 'NONE',  ( 3.424500384408255577E-15, -1.000000000000000000, -0.000000000000000000 ) ) ;
#4651 = VERTEX_POINT ( 'NONE', #2119 ) ;
#4652 = CARTESIAN_POINT ( 'NONE',  ( 201.7499999999999716, -3.000000000000014655, 138.8750000000000284 ) ) ;
#4653 = DIRECTION ( 'NONE',  ( 0.000000000000000000, -1.000000000000000000, 0.000000000000000000 ) ) ;
#4654 = ORIENTED_EDGE ( 'NONE', *, *, #1241, .F. ) ;
#4655 = EDGE_LOOP ( 'NONE', ( #5505, #5568, #4645, #3794 ) ) ;
#4656 = LINE ( 'NONE', #654, #2032 ) ;
#4657 = ORIENTED_EDGE ( 'NONE', *, *, #4641, .T. ) ;
#4658 = AXIS2_PLACEMENT_3D ( 'NONE', #2521, #586, #4897 ) ;
#4659 = LINE ( 'NONE', #1270, #4744 ) ;
#4660 = ORIENTED_EDGE ( 'NONE', *, *, #6114, .F. ) ;
#4661 = DIRECTION ( 'NONE',  ( -1.000000000000000000, 0.000000000000000000, 9.106159978880874930E-17 ) ) ;
#4662 = ORIENTED_EDGE ( 'NONE', *, *, #4816, .T. ) ;
#4663 = EDGE_CURVE ( 'NONE', #4594, #2997, #2735, .T. ) ;
#4664 = DIRECTION ( 'NONE',  ( -1.295503547756091292E-45, 3.783043954833576718E-31, 1.000000000000000000 ) ) ;
#4665 = DIRECTION ( 'NONE',  ( 0.000000000000000000, -0.000000000000000000, 1.000000000000000000 ) ) ;
#4666 = ORIENTED_EDGE ( 'NONE', *, *, #2562, .F. ) ;
#4667 = VECTOR ( 'NONE', #905, 1000.000000000000000 ) ;
#4668 = CARTESIAN_POINT ( 'NONE',  ( 222.2500000000007105, 143.8999999999967940, 114.6800000000000779 ) ) ;
#4669 = VECTOR ( 'NONE', #5620, 1000.000000000000000 ) ;
#4670 = CARTESIAN_POINT ( 'NONE',  ( -222.2500000000013642, 85.90000000000149782, 137.9000000000000909 ) ) ;
#4671 = CARTESIAN_POINT ( 'NONE',  ( 226.7516488450830252, 45.06999999999802498, -147.8300000000000409 ) ) ;
#4672 = EDGE_LOOP ( 'NONE', ( #754, #5192, #4589, #1922 ) ) ;
#4673 = CARTESIAN_POINT ( 'NONE',  ( 40.70000000000005969, -10.00000000000000000, 127.9000000000000483 ) ) ;
#4674 = CARTESIAN_POINT ( 'NONE',  ( -222.2500000000005969, 162.0999999999999943, 152.4000000000000341 ) ) ;
#4675 = DIRECTION ( 'NONE',  ( -1.000000000000000000, 0.000000000000000000, 0.000000000000000000 ) ) ;
#4676 = CARTESIAN_POINT ( 'NONE',  ( -191.7000000000000171, 0.000000000000000000, -133.3500000000000227 ) ) ;
#4677 = ORIENTED_EDGE ( 'NONE', *, *, #4558, .F. ) ;
#4678 = EDGE_LOOP ( 'NONE', ( #4640, #2853, #311, #5201 ) ) ;
#4679 = EDGE_CURVE ( 'NONE', #744, #4471, #742, .T. ) ;
#4680 = CARTESIAN_POINT ( 'NONE',  ( -222.2500000000001990, 45.06999999999802498, -152.4000000000000341 ) ) ;
#4681 = DIRECTION ( 'NONE',  ( 1.000000000000000000, 0.000000000000000000, -9.106159978880874930E-17 ) ) ;
#4682 = ORIENTED_EDGE ( 'NONE', *, *, #1901, .T. ) ;
#4683 = CARTESIAN_POINT ( 'NONE',  ( -218.4302213278078852, 159.5300000000000296, -52.03670000000001750 ) ) ;
#4684 = CARTESIAN_POINT ( 'NONE',  ( 40.70000000000003126, -3.000000000000000000, -128.3500000000000227 ) ) ;
#4685 = ORIENTED_EDGE ( 'NONE', *, *, #2790, .T. ) ;
#4686 = ADVANCED_FACE ( 'NONE', ( #3570 ), #1700, .T. ) ;
#4687 = ORIENTED_EDGE ( 'NONE', *, *, #678, .F. ) ;
#4688 = FACE_OUTER_BOUND ( 'NONE', #3643, .T. ) ;
#4689 = ORIENTED_EDGE ( 'NONE', *, *, #1166, .T. ) ;
#4690 = EDGE_CURVE ( 'NONE', #4891, #2444, #1849, .T. ) ;
#4691 = VECTOR ( 'NONE', #5031, 1000.000000000000000 ) ;
#4692 = DIRECTION ( 'NONE',  ( 0.000000000000000000, 1.000000000000000000, 0.000000000000000000 ) ) ;
#4693 = ORIENTED_EDGE ( 'NONE', *, *, #3488, .F. ) ;
#4694 = CARTESIAN_POINT ( 'NONE',  ( 222.2500000000006253, 162.0999999999999943, 25.39659999999998519 ) ) ;
#4695 = ORIENTED_EDGE ( 'NONE', *, *, #5265, .T. ) ;
#4696 = CIRCLE ( 'NONE', #14, 1.599999999999990319 ) ;
#4697 = CARTESIAN_POINT ( 'NONE',  ( -222.2500000000000284, -3.000000000000000000, -152.4000000000000341 ) ) ;
#4699 = EDGE_LOOP ( 'NONE', ( #3818, #4413, #5209, #5797 ) ) ;
#4698 = DIRECTION ( 'NONE',  ( -0.000000000000000000, 1.000000000000000000, -0.000000000000000000 ) ) ;
#4700 = ORIENTED_EDGE ( 'NONE', *, *, #965, .F. ) ;
#4701 = LINE ( 'NONE', #1860, #2593 ) ;
#4702 = ADVANCED_FACE ( 'NONE', ( #3537 ), #711, .F. ) ;
#4703 = LINE ( 'NONE', #866, #400 ) ;
#4704 = LINE ( 'NONE', #903, #804 ) ;
#4705 = PLANE ( 'NONE',  #1786 ) ;
#4706 = AXIS2_PLACEMENT_3D ( 'NONE', #1309, #1276, #2725 ) ;
#4707 = DIRECTION ( 'NONE',  ( -1.000000000000000000, 0.000000000000000000, 2.612746562781517964E-15 ) ) ;
#4708 = ORIENTED_EDGE ( 'NONE', *, *, #2784, .T. ) ;
#4709 = CARTESIAN_POINT ( 'NONE',  ( 24.67999999998769667, -10.00000000000000000, 28.40000011181486173 ) ) ;
#4710 = CARTESIAN_POINT ( 'NONE',  ( -215.7500000000000284, 3.499999999999987566, 152.4000000000000341 ) ) ;
#4711 = ORIENTED_EDGE ( 'NONE', *, *, #3172, .F. ) ;
#4712 = ADVANCED_FACE ( 'NONE', ( #5022 ), #5092, .F. ) ;
#4713 = LINE ( 'NONE', #4022, #3552 ) ;
#4714 = CARTESIAN_POINT ( 'NONE',  ( -219.2500000000000853, 19.92999999999800309, 0.000000000000000000 ) ) ;
#4715 = ORIENTED_EDGE ( 'NONE', *, *, #5205, .T. ) ;
#4716 = AXIS2_PLACEMENT_3D ( 'NONE', #4742, #4233, #6161 ) ;
#4717 = ORIENTED_EDGE ( 'NONE', *, *, #1977, .T. ) ;
#4718 = DIRECTION ( 'NONE',  ( -1.000000000000000000, -0.000000000000000000, -0.000000000000000000 ) ) ;
#4719 = DIRECTION ( 'NONE',  ( -0.000000000000000000, 1.000000000000000000, -0.000000000000000000 ) ) ;
#4720 = VERTEX_POINT ( 'NONE', #5123 ) ;
#4721 = EDGE_CURVE ( 'NONE', #2531, #2265, #255, .T. ) ;
#4722 = DIRECTION ( 'NONE',  ( 1.000000000000000000, -3.424500384408255577E-15, -9.106159978880873697E-17 ) ) ;
#4723 = AXIS2_PLACEMENT_3D ( 'NONE', #2072, #4953, #3986 ) ;
#4724 = CIRCLE ( 'NONE', #2798, 5.000000000000004441 ) ;
#4725 = EDGE_LOOP ( 'NONE', ( #2622, #4043, #739, #511 ) ) ;
#4726 = EDGE_CURVE ( 'NONE', #2564, #3493, #2641, .T. ) ;
#4727 = ORIENTED_EDGE ( 'NONE', *, *, #1506, .T. ) ;
#4728 = CIRCLE ( 'NONE', #2002, 1.700000000000000178 ) ;
#4729 = DIRECTION ( 'NONE',  ( -1.000000000000000000, -3.424500384408255971E-15, 0.000000000000000000 ) ) ;
#4730 = CARTESIAN_POINT ( 'NONE',  ( 40.70000000000003126, -3.000000000000000000, -133.3500000000000227 ) ) ;
#4731 = ORIENTED_EDGE ( 'NONE', *, *, #6029, .F. ) ;
#4732 = EDGE_CURVE ( 'NONE', #1058, #5079, #4564, .T. ) ;
#4733 = DIRECTION ( 'NONE',  ( -3.424500384408255577E-15, -1.000000000000000000, -0.000000000000000000 ) ) ;
#4734 = ADVANCED_FACE ( 'NONE', ( #3641 ), #5599, .F. ) ;
#4735 = CARTESIAN_POINT ( 'NONE',  ( 222.2500000000000568, -1.047444401652930225E-14, 152.4000000000000341 ) ) ;
#4736 = CARTESIAN_POINT ( 'NONE',  ( -222.2500000000005400, 142.1699999999980264, -149.3300000000000409 ) ) ;
#4737 = VECTOR ( 'NONE', #1253, 1000.000000000000000 ) ;
#4738 = CIRCLE ( 'NONE', #4535, 1.549999999999995826 ) ;
#4739 = LINE ( 'NONE', #289, #2384 ) ;
#4740 = EDGE_CURVE ( 'NONE', #1273, #2776, #2144, .T. ) ;
#4741 = LINE ( 'NONE', #6222, #4667 ) ;
#4742 = CARTESIAN_POINT ( 'NONE',  ( -201.7499999999999716, 0.000000000000000000, 140.3750000000000284 ) ) ;
#4743 = ORIENTED_EDGE ( 'NONE', *, *, #763, .F. ) ;
#4744 = VECTOR ( 'NONE', #3724, 1000.000000000000000 ) ;
#4745 = CARTESIAN_POINT ( 'NONE',  ( 219.2500000000006253, 162.0999999999999943, 102.8299999999999841 ) ) ;
#4746 = CARTESIAN_POINT ( 'NONE',  ( 222.2500000000005684, 143.0499999999999829, 118.5732634126197951 ) ) ;
#4747 = DIRECTION ( 'NONE',  ( -1.000000000000000000, -3.424500384408255577E-15, -0.000000000000000000 ) ) ;
#4748 = EDGE_CURVE ( 'NONE', #4191, #3199, #2890, .T. ) ;
#4749 = FACE_OUTER_BOUND ( 'NONE', #6235, .T. ) ;
#4750 = CARTESIAN_POINT ( 'NONE',  ( 219.2500000000005684, 142.1699999999980264, -1.996525575369636525E-14 ) ) ;
#4751 = ORIENTED_EDGE ( 'NONE', *, *, #5952, .F. ) ;
#4752 = DIRECTION ( 'NONE',  ( 0.000000000000000000, 1.000000000000000000, -3.179398763478275099E-31 ) ) ;
#4753 = VERTEX_POINT ( 'NONE', #2802 ) ;
#4754 = ORIENTED_EDGE ( 'NONE', *, *, #2932, .F. ) ;
#4755 = DIRECTION ( 'NONE',  ( 9.106159978880874930E-17, -0.000000000000000000, 1.000000000000000000 ) ) ;
#4756 = ORIENTED_EDGE ( 'NONE', *, *, #1901, .F. ) ;
#4757 = EDGE_CURVE ( 'NONE', #2611, #297, #3232, .T. ) ;
#4758 = CARTESIAN_POINT ( 'NONE',  ( 222.2500000000006253, 159.5300000000000011, 25.39659999999998519 ) ) ;
#4759 = EDGE_LOOP ( 'NONE', ( #5321, #1950, #1651, #5186 ) ) ;
#4760 = VECTOR ( 'NONE', #5369, 1000.000000000000000 ) ;
#4761 = DIRECTION ( 'NONE',  ( 0.000000000000000000, 1.000000000000000000, 0.000000000000000000 ) ) ;
#4762 = ORIENTED_EDGE ( 'NONE', *, *, #2164, .F. ) ;
#4763 = VERTEX_POINT ( 'NONE', #2337 ) ;
#4764 = VECTOR ( 'NONE', #5541, 1000.000000000000000 ) ;
#4765 = CARTESIAN_POINT ( 'NONE',  ( -222.2500000000006253, 162.0999999999999943, -26.89669999999999561 ) ) ;
#4766 = FACE_BOUND ( 'NONE', #5355, .T. ) ;
#4767 = AXIS2_PLACEMENT_3D ( 'NONE', #1582, #4492, #2421 ) ;
#4768 = AXIS2_PLACEMENT_3D ( 'NONE', #4261, #3769, #5758 ) ;
#4769 = DIRECTION ( 'NONE',  ( -1.000000000000000000, -5.225493125563035928E-15, 2.612746562781517964E-15 ) ) ;
#4770 = DIRECTION ( 'NONE',  ( -1.295503547756091292E-45, 3.783043954833576718E-31, 1.000000000000000000 ) ) ;
#4771 = EDGE_CURVE ( 'NONE', #1045, #1620, #5283, .T. ) ;
#4772 = CARTESIAN_POINT ( 'NONE',  ( -16.65000000000001279, -10.00000000000000000, -128.3500000000000227 ) ) ;
#4773 = DIRECTION ( 'NONE',  ( 0.000000000000000000, -1.000000000000000000, 0.000000000000000000 ) ) ;
#4774 = AXIS2_PLACEMENT_3D ( 'NONE', #4185, #1789, #5685 ) ;
#4775 = EDGE_LOOP ( 'NONE', ( #460, #1590, #1271, #3518 ) ) ;
#4776 = PLANE ( 'NONE',  #270 ) ;
#4777 = DIRECTION ( 'NONE',  ( -0.000000000000000000, 1.000000000000000000, -0.000000000000000000 ) ) ;
#4778 = DIRECTION ( 'NONE',  ( -1.000000000000000000, -3.424500384408255577E-15, -0.000000000000000000 ) ) ;
#4779 = CYLINDRICAL_SURFACE ( 'NONE', #435, 6.500000000000005329 ) ;
#4780 = ORIENTED_EDGE ( 'NONE', *, *, #4781, .F. ) ;
#4781 = EDGE_CURVE ( 'NONE', #1171, #4621, #3738, .T. ) ;
#4782 = PLANE ( 'NONE',  #1706 ) ;
#4783 = ORIENTED_EDGE ( 'NONE', *, *, #5234, .T. ) ;
#4784 = FACE_OUTER_BOUND ( 'NONE', #2039, .T. ) ;
#4785 = ORIENTED_EDGE ( 'NONE', *, *, #1511, .T. ) ;
#4786 = ORIENTED_EDGE ( 'NONE', *, *, #3860, .F. ) ;
#4787 = LINE ( 'NONE', #3790, #4793 ) ;
#4788 = ORIENTED_EDGE ( 'NONE', *, *, #3296, .T. ) ;
#4789 = CARTESIAN_POINT ( 'NONE',  ( -222.2500000000006537, 138.0500000000015177, 127.9000000000000625 ) ) ;
#4790 = ORIENTED_EDGE ( 'NONE', *, *, #1414, .F. ) ;
#4791 = EDGE_CURVE ( 'NONE', #3497, #208, #3289, .T. ) ;
#4792 = DIRECTION ( 'NONE',  ( 1.000000000000000000, -3.424500384408255577E-15, -9.106159978880874930E-17 ) ) ;
#4793 = VECTOR ( 'NONE', #5746, 1000.000000000000000 ) ;
#4794 = LINE ( 'NONE', #4938, #3934 ) ;
#4795 = CARTESIAN_POINT ( 'NONE',  ( -219.2500000000005116, 141.0540838453882202, 113.4993944154780650 ) ) ;
#4796 = DIRECTION ( 'NONE',  ( 0.000000000000000000, 1.000000000000000000, 0.000000000000000000 ) ) ;
#4797 = CARTESIAN_POINT ( 'NONE',  ( 16.65000000000003766, -10.00000000000000000, -128.3500000000000227 ) ) ;
#4798 = EDGE_CURVE ( 'NONE', #2221, #3497, #321, .T. ) ;
#4799 = CARTESIAN_POINT ( 'NONE',  ( -222.2500000000006253, 159.5300000000000011, 102.8299999999999841 ) ) ;
#4800 = ORIENTED_EDGE ( 'NONE', *, *, #4444, .F. ) ;
#4801 = EDGE_CURVE ( 'NONE', #3849, #5513, #5728, .T. ) ;
#4802 = DIRECTION ( 'NONE',  ( -3.424500384408255577E-15, -1.000000000000000000, 0.000000000000000000 ) ) ;
#4803 = DIRECTION ( 'NONE',  ( -0.000000000000000000, 1.000000000000000000, -0.000000000000000000 ) ) ;
#4804 = AXIS2_PLACEMENT_3D ( 'NONE', #928, #1954, #2854 ) ;
#4805 = EDGE_CURVE ( 'NONE', #5033, #2265, #1319, .T. ) ;
#4806 = DIRECTION ( 'NONE',  ( 0.000000000000000000, 0.000000000000000000, -1.000000000000000000 ) ) ;
#4807 = EDGE_LOOP ( 'NONE', ( #4687, #2262, #3145, #5612 ) ) ;
#4808 = EDGE_CURVE ( 'NONE', #1516, #822, #1865, .T. ) ;
#4809 = DIRECTION ( 'NONE',  ( 0.000000000000000000, 0.000000000000000000, 1.000000000000000000 ) ) ;
#4810 = CARTESIAN_POINT ( 'NONE',  ( 222.2500000000007105, 147.0999999999967542, 91.68000000000007788 ) ) ;
#4811 = ORIENTED_EDGE ( 'NONE', *, *, #4455, .F. ) ;
#4812 = VECTOR ( 'NONE', #1380, 1000.000000000000000 ) ;
#4813 = CARTESIAN_POINT ( 'NONE',  ( -222.2500000000000284, -7.715696544512643717E-13, 152.4000000000000341 ) ) ;
#4814 = VECTOR ( 'NONE', #5589, 1000.000000000000000 ) ;
#4815 = ORIENTED_EDGE ( 'NONE', *, *, #5845, .F. ) ;
#4816 = EDGE_CURVE ( 'NONE', #2556, #3000, #6249, .T. ) ;
#4817 = DIRECTION ( 'NONE',  ( 1.000000000000000000, -0.000000000000000000, -0.000000000000000000 ) ) ;
#4818 = ORIENTED_EDGE ( 'NONE', *, *, #2475, .T. ) ;
#4819 = ORIENTED_EDGE ( 'NONE', *, *, #3138, .F. ) ;
#4820 = CARTESIAN_POINT ( 'NONE',  ( -222.2500000000006253, 159.5300000000000011, -104.3300000000000409 ) ) ;
#4821 = VERTEX_POINT ( 'NONE', #4292 ) ;
#4822 = VECTOR ( 'NONE', #3676, 1000.000000000000000 ) ;
#4823 = DIRECTION ( 'NONE',  ( -1.000000000000000000, 0.000000000000000000, -0.000000000000000000 ) ) ;
#4824 = ORIENTED_EDGE ( 'NONE', *, *, #2324, .T. ) ;
#4825 = DIRECTION ( 'NONE',  ( 9.106159978880874930E-17, 0.000000000000000000, 1.000000000000000000 ) ) ;
#4826 = CLOSED_SHELL ( 'NONE', ( #5601, #1637, #2152, #4999, #4686, #4379, #5985, #3229, #2942, #6153, #4343, #1629, #85, #1161, #3693, #4247, #1356, #1031, #608, #3380, #4541, #3753, #353, #3309, #5910, #491, #378, #5357, #4855, #2934, #2818, #5028, #5629, #178, #2516, #3862, #2326, #5419, #2779, #2830, #2741, #3387, #4702, #2910, #4605, #6117, #203, #2441, #4137, #50, #3063, #1838, #2308, #3778, #3117, #4477, #536, #127, #5971, #1546, #3673, #1545, #1140, #5571, #3924, #4325, #2137, #3746, #5657, #1997, #4141, #4914, #1465, #4290, #3797, #2538, #3424, #5671, #4278, #735, #2582, #2616, #1626, #3017, #334, #2897, #3635, #2365, #5214, #4351, #4210, #4712, #5181, #4734, #891, #3351, #2449, #5921, #4178, #1193, #2095, #3114, #5254, #691, #5737, #1334, #3194, #3649, #5699, #5111, #340, #1576, #1437, #5793, #637, #2481, #1439, #945, #1713, #5383, #3531, #1797, #5833, #481, #4237, #2404, #5740, #15, #1243, #3511, #1122, #5859, #1847, #1831, #330, #1725, #6083, #6190, #841, #813, #5848, #5350, #3271, #1313, #4028, #4922, #5103, #5287, #4534, #854, #1673, #2082, #5717, #2930, #1499, #5133, #3420, #5443, #6035, #5752, #2263, #4898, #2806, #3233, #1623, #571, #1564, #1367, #3577, #1377, #247, #979, #4833, #898, #2176, #3859, #3864, #1049, #5889, #2731, #957, #3661, #3079, #3964, #4959, #5771, #5533, #5309 ) ) ;
#4827 = AXIS2_PLACEMENT_3D ( 'NONE', #504, #135, #5504 ) ;
#4828 = DIRECTION ( 'NONE',  ( -1.000000000000000000, 0.000000000000000000, 0.000000000000000000 ) ) ;
#4829 = DIRECTION ( 'NONE',  ( 0.000000000000000000, 1.000000000000000000, -0.000000000000000000 ) ) ;
#4830 = CARTESIAN_POINT ( 'NONE',  ( -16.64999999999997726, -10.00000000000000000, 122.9000000000000341 ) ) ;
#4831 = CARTESIAN_POINT ( 'NONE',  ( 215.7500000000000568, -1.517883041479706208E-14, -152.4000000000000341 ) ) ;
#4832 = CARTESIAN_POINT ( 'NONE',  ( 222.2500000000007105, 145.4999999999967599, 91.68000000000007788 ) ) ;
#4833 = ADVANCED_FACE ( 'NONE', ( #3259 ), #1930, .F. ) ;
#4834 = LINE ( 'NONE', #2869, #395 ) ;
#4835 = CARTESIAN_POINT ( 'NONE',  ( -40.70000000000000995, 0.000000000000000000, -133.3500000000000227 ) ) ;
#4836 = LINE ( 'NONE', #3389, #5928 ) ;
#4837 = ORIENTED_EDGE ( 'NONE', *, *, #2828, .F. ) ;
#4838 = EDGE_CURVE ( 'NONE', #3216, #126, #869, .T. ) ;
#4839 = CARTESIAN_POINT ( 'NONE',  ( 219.2500000000000568, -2.009428633045730616E-16, 152.4000000000000341 ) ) ;
#4840 = EDGE_CURVE ( 'NONE', #3216, #549, #4741, .T. ) ;
#4841 = VECTOR ( 'NONE', #129, 1000.000000000000000 ) ;
#4842 = DIRECTION ( 'NONE',  ( 1.000000000000000000, 3.491481338843133355E-15, -4.418089334404615211E-15 ) ) ;
#4843 = EDGE_LOOP ( 'NONE', ( #883, #3016 ) ) ;
#4844 = CARTESIAN_POINT ( 'NONE',  ( 219.2500000000005684, 142.1699999999980264, -1.996525575369636525E-14 ) ) ;
#4845 = ORIENTED_EDGE ( 'NONE', *, *, #649, .T. ) ;
#4846 = CARTESIAN_POINT ( 'NONE',  ( -24.68344801572517255, 0.000000000000000000, 56.90000011181512463 ) ) ;
#4847 = VERTEX_POINT ( 'NONE', #351 ) ;
#4848 = EDGE_LOOP ( 'NONE', ( #267, #4303, #1136, #5708 ) ) ;
#4849 = AXIS2_PLACEMENT_3D ( 'NONE', #4990, #3533, #3133 ) ;
#4850 = CARTESIAN_POINT ( 'NONE',  ( -191.7000000000000171, -10.00000000000000000, -133.3500000000000227 ) ) ;
#4851 = ORIENTED_EDGE ( 'NONE', *, *, #830, .F. ) ;
#4852 = DIRECTION ( 'NONE',  ( -9.106159978880874930E-17, 0.000000000000000000, -1.000000000000000000 ) ) ;
#4853 = ORIENTED_EDGE ( 'NONE', *, *, #4370, .F. ) ;
#4854 = DIRECTION ( 'NONE',  ( -0.000000000000000000, -0.000000000000000000, -1.000000000000000000 ) ) ;
#4855 = ADVANCED_FACE ( 'NONE', ( #2833 ), #1897, .F. ) ;
#4856 = CYLINDRICAL_SURFACE ( 'NONE', #5937, 5.000000000000004441 ) ;
#4857 = PLANE ( 'NONE',  #3462 ) ;
#4858 = CARTESIAN_POINT ( 'NONE',  ( 219.2500000000000568, 142.1699999999980264, -152.4000000000000341 ) ) ;
#4859 = DIRECTION ( 'NONE',  ( -1.000000000000000000, 0.000000000000000000, 9.106159978880874930E-17 ) ) ;
#4860 = DIRECTION ( 'NONE',  ( -1.000000000000000000, 0.000000000000000000, 0.000000000000000000 ) ) ;
#4861 = DIRECTION ( 'NONE',  ( 0.000000000000000000, 0.000000000000000000, 1.000000000000000000 ) ) ;
#4862 = DIRECTION ( 'NONE',  ( 1.000000000000000000, -3.424500384408256366E-15, -9.106159978880876162E-17 ) ) ;
#4863 = DIRECTION ( 'NONE',  ( 0.000000000000000000, -0.000000000000000000, 1.000000000000000000 ) ) ;
#4864 = VECTOR ( 'NONE', #4168, 1000.000000000000000 ) ;
#4865 = DIRECTION ( 'NONE',  ( 0.000000000000000000, 1.000000000000000000, 0.000000000000000000 ) ) ;
#4866 = LINE ( 'NONE', #488, #2107 ) ;
#4867 = EDGE_CURVE ( 'NONE', #5677, #376, #1525, .T. ) ;
#4868 = VERTEX_POINT ( 'NONE', #1442 ) ;
#4869 = CARTESIAN_POINT ( 'NONE',  ( 219.2500000000006253, 162.0999999999999943, 152.4000000000000341 ) ) ;
#4870 = ORIENTED_EDGE ( 'NONE', *, *, #410, .T. ) ;
#4871 = DIRECTION ( 'NONE',  ( 0.000000000000000000, 0.000000000000000000, 1.000000000000000000 ) ) ;
#4872 = EDGE_CURVE ( 'NONE', #4031, #2815, #2540, .T. ) ;
#4873 = VERTEX_POINT ( 'NONE', #4858 ) ;
#4874 = EDGE_LOOP ( 'NONE', ( #4336, #4490, #4128, #4279 ) ) ;
#4875 = EDGE_CURVE ( 'NONE', #4253, #4196, #1595, .T. ) ;
#4876 = DIRECTION ( 'NONE',  ( -1.000000000000000000, -3.424500384408255971E-15, 0.000000000000000000 ) ) ;
#4877 = ORIENTED_EDGE ( 'NONE', *, *, #4085, .T. ) ;
#4878 = PLANE ( 'NONE',  #5815 ) ;
#4879 = ORIENTED_EDGE ( 'NONE', *, *, #2467, .F. ) ;
#4880 = CARTESIAN_POINT ( 'NONE',  ( 218.4302213278078852, 159.5300000000000296, -26.89670000000000982 ) ) ;
#4881 = DIRECTION ( 'NONE',  ( -1.000000000000000000, 0.000000000000000000, -0.000000000000000000 ) ) ;
#4882 = VECTOR ( 'NONE', #1293, 1000.000000000000000 ) ;
#4883 = AXIS2_PLACEMENT_3D ( 'NONE', #3118, #5289, #5616 ) ;
#4884 = AXIS2_PLACEMENT_3D ( 'NONE', #4846, #6262, #4871 ) ;
#4885 = LINE ( 'NONE', #4505, #5519 ) ;
#4886 = EDGE_CURVE ( 'NONE', #6028, #114, #6272, .T. ) ;
#4887 = ORIENTED_EDGE ( 'NONE', *, *, #3331, .F. ) ;
#4888 = CYLINDRICAL_SURFACE ( 'NONE', #899, 1.599999999999990319 ) ;
#4889 = VECTOR ( 'NONE', #613, 1000.000000000000000 ) ;
#4890 = LINE ( 'NONE', #1532, #4551 ) ;
#4891 = VERTEX_POINT ( 'NONE', #5811 ) ;
#4892 = CARTESIAN_POINT ( 'NONE',  ( -201.7499999999999716, -3.000000000000014655, 138.8750000000000284 ) ) ;
#4893 = CARTESIAN_POINT ( 'NONE',  ( -222.2500000000000284, -7.715696544512643717E-13, -152.4000000000000341 ) ) ;
#4894 = VERTEX_POINT ( 'NONE', #2975 ) ;
#4895 = CARTESIAN_POINT ( 'NONE',  ( 219.2500000000001990, 45.06999999999802498, 152.4000000000000341 ) ) ;
#4896 = EDGE_LOOP ( 'NONE', ( #1460, #179, #80, #98 ) ) ;
#4897 = DIRECTION ( 'NONE',  ( -1.242786967863980845E-16, 0.000000000000000000, -1.000000000000000000 ) ) ;
#4898 = ADVANCED_FACE ( 'NONE', ( #2015 ), #6023, .T. ) ;
#4899 = ORIENTED_EDGE ( 'NONE', *, *, #63, .T. ) ;
#4900 = VECTOR ( 'NONE', #3435, 1000.000000000000000 ) ;
#4901 = EDGE_LOOP ( 'NONE', ( #681, #3692 ) ) ;
#4902 = ORIENTED_EDGE ( 'NONE', *, *, #713, .F. ) ;
#4903 = VERTEX_POINT ( 'NONE', #1691 ) ;
#4904 = EDGE_CURVE ( 'NONE', #5597, #852, #6092, .T. ) ;
#4905 = DIRECTION ( 'NONE',  ( 0.000000000000000000, 0.000000000000000000, 1.000000000000000000 ) ) ;
#4906 = ORIENTED_EDGE ( 'NONE', *, *, #5931, .T. ) ;
#4907 = CARTESIAN_POINT ( 'NONE',  ( 222.2500000000007105, 147.0999999999967542, 91.68000000000007788 ) ) ;
#4908 = EDGE_LOOP ( 'NONE', ( #4464, #6075, #385, #3062 ) ) ;
#4909 = EDGE_CURVE ( 'NONE', #126, #2951, #4051, .T. ) ;
#4910 = ORIENTED_EDGE ( 'NONE', *, *, #295, .F. ) ;
#4911 = EDGE_LOOP ( 'NONE', ( #2087, #498, #3407, #1246 ) ) ;
#4912 = ORIENTED_EDGE ( 'NONE', *, *, #4455, .T. ) ;
#4913 = VECTOR ( 'NONE', #5759, 1000.000000000000000 ) ;
#4914 = ADVANCED_FACE ( 'NONE', ( #2358 ), #345, .F. ) ;
#4915 = DIRECTION ( 'NONE',  ( -0.000000000000000000, 1.000000000000000000, -0.000000000000000000 ) ) ;
#4916 = LINE ( 'NONE', #2917, #6221 ) ;
#4917 = DIRECTION ( 'NONE',  ( 1.000000000000000000, 3.424500384408255971E-15, -0.000000000000000000 ) ) ;
#4918 = VECTOR ( 'NONE', #5805, 1000.000000000000000 ) ;
#4919 = CARTESIAN_POINT ( 'NONE',  ( -222.2500000000005684, 153.6499999999981014, -143.9000000000000341 ) ) ;
#4920 = CARTESIAN_POINT ( 'NONE',  ( 222.2500000000005969, 162.0999999999999943, -152.4000000000000341 ) ) ;
#4922 = ADVANCED_FACE ( 'NONE', ( #5211 ), #863, .T. ) ;
#4921 = AXIS2_PLACEMENT_3D ( 'NONE', #4272, #1878, #3875 ) ;
#4923 = PLANE ( 'NONE',  #5039 ) ;
#4924 = FACE_OUTER_BOUND ( 'NONE', #319, .T. ) ;
#4925 = VECTOR ( 'NONE', #25, 1000.000000000000000 ) ;
#4926 = ORIENTED_EDGE ( 'NONE', *, *, #3954, .T. ) ;
#4927 = EDGE_CURVE ( 'NONE', #3517, #4096, #5984, .T. ) ;
#4928 = PLANE ( 'NONE',  #4658 ) ;
#4929 = VECTOR ( 'NONE', #456, 1000.000000000000000 ) ;
#4930 = AXIS2_PLACEMENT_3D ( 'NONE', #1743, #2808, #4172 ) ;
#4931 = ORIENTED_EDGE ( 'NONE', *, *, #5032, .F. ) ;
#4932 = DIRECTION ( 'NONE',  ( 0.000000000000000000, 1.000000000000000000, 0.000000000000000000 ) ) ;
#4933 = ORIENTED_EDGE ( 'NONE', *, *, #3460, .F. ) ;
#4934 = ORIENTED_EDGE ( 'NONE', *, *, #4528, .T. ) ;
#4935 = VERTEX_POINT ( 'NONE', #3033 ) ;
#4936 = VECTOR ( 'NONE', #670, 1000.000000000000000 ) ;
#4937 = VERTEX_POINT ( 'NONE', #4981 ) ;
#4938 = CARTESIAN_POINT ( 'NONE',  ( -222.2500000000000284, 117.0299999999980116, -152.4000000000000341 ) ) ;
#4939 = AXIS2_PLACEMENT_3D ( 'NONE', #717, #3142, #3110 ) ;
#4940 = DIRECTION ( 'NONE',  ( 0.000000000000000000, -1.000000000000000000, 0.000000000000000000 ) ) ;
#4941 = ORIENTED_EDGE ( 'NONE', *, *, #1685, .F. ) ;
#4942 = CARTESIAN_POINT ( 'NONE',  ( 222.2500000000000853, -7.715696544512644727E-13, 152.4000000000000341 ) ) ;
#4943 = ORIENTED_EDGE ( 'NONE', *, *, #4487, .T. ) ;
#4944 = ORIENTED_EDGE ( 'NONE', *, *, #6218, .F. ) ;
#4945 = EDGE_CURVE ( 'NONE', #3718, #840, #5178, .T. ) ;
#4946 = ORIENTED_EDGE ( 'NONE', *, *, #1166, .F. ) ;
#4947 = ORIENTED_EDGE ( 'NONE', *, *, #167, .F. ) ;
#4948 = ORIENTED_EDGE ( 'NONE', *, *, #6194, .F. ) ;
#4949 = CIRCLE ( 'NONE', #6165, 5.000000000000004441 ) ;
#4950 = CARTESIAN_POINT ( 'NONE',  ( -219.2500000000005969, 162.0999999999999943, 127.9699999999999704 ) ) ;
#4951 = CARTESIAN_POINT ( 'NONE',  ( -222.2500000000002558, 68.47999999999801446, 0.000000000000000000 ) ) ;
#4952 = CARTESIAN_POINT ( 'NONE',  ( -219.2500000000000284, -7.610952104347350095E-13, -26.89670000000000627 ) ) ;
#4953 = DIRECTION ( 'NONE',  ( -1.000000000000000000, 3.424500384408255971E-15, 9.106159978880874930E-17 ) ) ;
#4954 = DIRECTION ( 'NONE',  ( 0.000000000000000000, -1.000000000000000000, 0.000000000000000000 ) ) ;
#4955 = ORIENTED_EDGE ( 'NONE', *, *, #1557, .F. ) ;
#4956 = ORIENTED_EDGE ( 'NONE', *, *, #4047, .T. ) ;
#4957 = CARTESIAN_POINT ( 'NONE',  ( 216.9384294077728725, 162.1000000000000227, 25.39659999999998519 ) ) ;
#4958 = PLANE ( 'NONE',  #5356 ) ;
#4959 = ADVANCED_FACE ( 'NONE', ( #2595 ), #4533, .F. ) ;
#4960 = CIRCLE ( 'NONE', #3623, 1.549999999999995826 ) ;
#4961 = DIRECTION ( 'NONE',  ( -1.000000000000000000, 3.424500384408255577E-15, 9.106159978880874930E-17 ) ) ;
#4962 = DIRECTION ( 'NONE',  ( 0.000000000000000000, 0.000000000000000000, -1.000000000000000000 ) ) ;
#4963 = DIRECTION ( 'NONE',  ( 1.000000000000000000, -3.424500384408256366E-15, -9.106159978880876162E-17 ) ) ;
#4964 = ORIENTED_EDGE ( 'NONE', *, *, #388, .T. ) ;
#4965 = ORIENTED_EDGE ( 'NONE', *, *, #505, .T. ) ;
#4966 = DIRECTION ( 'NONE',  ( 0.000000000000000000, 1.000000000000000000, -3.179398763478275537E-31 ) ) ;
#4967 = CARTESIAN_POINT ( 'NONE',  ( 40.70000000000003126, 0.000000000000000000, -133.3500000000000227 ) ) ;
#4968 = VECTOR ( 'NONE', #1249, 1000.000000000000000 ) ;
#4969 = VECTOR ( 'NONE', #2395, 1000.000000000000000 ) ;
#4970 = ORIENTED_EDGE ( 'NONE', *, *, #878, .F. ) ;
#4971 = LINE ( 'NONE', #2523, #2954 ) ;
#4972 = CARTESIAN_POINT ( 'NONE',  ( -191.7000000000000171, -3.000000000000000000, -133.3500000000000227 ) ) ;
#4973 = EDGE_LOOP ( 'NONE', ( #5828, #4583, #1082, #1458 ) ) ;
#4974 = EDGE_CURVE ( 'NONE', #1621, #4190, #696, .T. ) ;
#4975 = EDGE_LOOP ( 'NONE', ( #3236, #2914 ) ) ;
#4976 = DIRECTION ( 'NONE',  ( 9.106159978880874930E-17, -3.118404834816063268E-31, 1.000000000000000000 ) ) ;
#4977 = LINE ( 'NONE', #75, #3153 ) ;
#4978 = ORIENTED_EDGE ( 'NONE', *, *, #2971, .T. ) ;
#4979 = DIRECTION ( 'NONE',  ( 1.000000000000000000, -3.424500384408255971E-15, -9.106159978880873697E-17 ) ) ;
#4980 = VERTEX_POINT ( 'NONE', #2850 ) ;
#4981 = CARTESIAN_POINT ( 'NONE',  ( -222.2500000000005400, 143.8999999999952593, 114.6800000000000779 ) ) ;
#4982 = VERTEX_POINT ( 'NONE', #2352 ) ;
#4983 = LINE ( 'NONE', #633, #4114 ) ;
#4984 = EDGE_CURVE ( 'NONE', #3049, #3701, #3244, .T. ) ;
#4985 = CARTESIAN_POINT ( 'NONE',  ( 24.67999999998790628, -3.000000000000000000, 56.90000011181492567 ) ) ;
#4986 = LINE ( 'NONE', #994, #5420 ) ;
#4987 = DIRECTION ( 'NONE',  ( 1.000000000000000000, 3.424500384408255971E-15, -0.000000000000000000 ) ) ;
#4988 = VERTEX_POINT ( 'NONE', #3689 ) ;
#4989 = DIRECTION ( 'NONE',  ( 0.000000000000000000, 0.000000000000000000, 1.000000000000000000 ) ) ;
#4990 = CARTESIAN_POINT ( 'NONE',  ( 24.67999999998769667, -10.00000000000000000, 28.40000011181486173 ) ) ;
#4991 = ORIENTED_EDGE ( 'NONE', *, *, #388, .F. ) ;
#4992 = EDGE_CURVE ( 'NONE', #2027, #4182, #797, .T. ) ;
#4993 = LINE ( 'NONE', #1602, #5542 ) ;
#4994 = DIRECTION ( 'NONE',  ( 0.000000000000000000, -1.000000000000000000, 0.000000000000000000 ) ) ;
#4995 = ORIENTED_EDGE ( 'NONE', *, *, #5917, .T. ) ;
#4996 = DIRECTION ( 'NONE',  ( 0.000000000000000000, -0.000000000000000000, 1.000000000000000000 ) ) ;
#4997 = EDGE_CURVE ( 'NONE', #548, #894, #2323, .T. ) ;
#4998 = DIRECTION ( 'NONE',  ( 0.000000000000000000, -1.000000000000000000, 0.000000000000000000 ) ) ;
#4999 = ADVANCED_FACE ( 'NONE', ( #5173 ), #1821, .F. ) ;
#5000 = ORIENTED_EDGE ( 'NONE', *, *, #1402, .F. ) ;
#5001 = CARTESIAN_POINT ( 'NONE',  ( -201.7500000000000284, -3.000000000000014655, -136.8250000000000171 ) ) ;
#5002 = FACE_OUTER_BOUND ( 'NONE', #5167, .T. ) ;
#5003 = ORIENTED_EDGE ( 'NONE', *, *, #4867, .T. ) ;
#5004 = EDGE_LOOP ( 'NONE', ( #4685, #5361, #1981, #1493 ) ) ;
#5005 = DIRECTION ( 'NONE',  ( 1.000000000000000000, 3.424500384408255577E-15, -0.000000000000000000 ) ) ;
#5006 = EDGE_CURVE ( 'NONE', #6059, #2815, #2295, .T. ) ;
#5007 = CARTESIAN_POINT ( 'NONE',  ( 222.2500000000008242, 152.0999999999996248, 143.8999999999999773 ) ) ;
#5008 = VERTEX_POINT ( 'NONE', #3787 ) ;
#5009 = CIRCLE ( 'NONE', #959, 5.000000000000004441 ) ;
#5010 = DIRECTION ( 'NONE',  ( 0.000000000000000000, 1.000000000000000000, 0.000000000000000000 ) ) ;
#5011 = EDGE_LOOP ( 'NONE', ( #4193, #1760, #1336, #2845 ) ) ;
#5012 = ORIENTED_EDGE ( 'NONE', *, *, #2581, .T. ) ;
#5013 = LINE ( 'NONE', #4083, #3396 ) ;
#5014 = CARTESIAN_POINT ( 'NONE',  ( 196.7000000000000739, -3.000000000000000000, 122.9000000000000341 ) ) ;
#5015 = CARTESIAN_POINT ( 'NONE',  ( 222.2500000000005400, 141.0540838453859749, 113.4993944154806513 ) ) ;
#5016 = PLANE ( 'NONE',  #2462 ) ;
#5017 = ORIENTED_EDGE ( 'NONE', *, *, #4125, .T. ) ;
#5018 = DIRECTION ( 'NONE',  ( -0.000000000000000000, 1.000000000000000000, -0.000000000000000000 ) ) ;
#5019 = DIRECTION ( 'NONE',  ( 0.000000000000000000, 0.000000000000000000, 1.000000000000000000 ) ) ;
#5020 = ORIENTED_EDGE ( 'NONE', *, *, #5147, .F. ) ;
#5021 = FACE_OUTER_BOUND ( 'NONE', #1806, .T. ) ;
#5022 = FACE_OUTER_BOUND ( 'NONE', #5094, .T. ) ;
#5023 = AXIS2_PLACEMENT_3D ( 'NONE', #479, #3352, #2891 ) ;
#5024 = DIRECTION ( 'NONE',  ( -0.000000000000000000, -0.000000000000000000, -1.000000000000000000 ) ) ;
#5025 = AXIS2_PLACEMENT_3D ( 'NONE', #3116, #724, #1266 ) ;
#5026 = ORIENTED_EDGE ( 'NONE', *, *, #2861, .F. ) ;
#5027 = ORIENTED_EDGE ( 'NONE', *, *, #182, .T. ) ;
#5028 = ADVANCED_FACE ( 'NONE', ( #5202 ), #5655, .F. ) ;
#5029 = VECTOR ( 'NONE', #958, 1000.000000000000000 ) ;
#5030 = DIRECTION ( 'NONE',  ( 1.000000000000000000, 0.000000000000000000, -0.000000000000000000 ) ) ;
#5031 = DIRECTION ( 'NONE',  ( -3.424500384408255577E-15, 1.000000000000000000, 0.000000000000000000 ) ) ;
#5032 = EDGE_CURVE ( 'NONE', #5860, #4008, #2756, .T. ) ;
#5033 = VERTEX_POINT ( 'NONE', #309 ) ;
#5034 = CARTESIAN_POINT ( 'NONE',  ( 219.2500000000006253, 162.1000000000000227, -52.03670000000001750 ) ) ;
#5035 = FACE_OUTER_BOUND ( 'NONE', #6014, .T. ) ;
#5036 = VERTEX_POINT ( 'NONE', #3276 ) ;
#5037 = ORIENTED_EDGE ( 'NONE', *, *, #2381, .F. ) ;
#5038 = DIRECTION ( 'NONE',  ( 0.000000000000000000, 1.000000000000000000, -0.000000000000000000 ) ) ;
#5039 = AXIS2_PLACEMENT_3D ( 'NONE', #3417, #1533, #1476 ) ;
#5040 = CARTESIAN_POINT ( 'NONE',  ( -191.7000000000000171, -10.00000000000000000, -133.3500000000000227 ) ) ;
#5041 = ORIENTED_EDGE ( 'NONE', *, *, #5115, .T. ) ;
#5042 = EDGE_CURVE ( 'NONE', #110, #1621, #4246, .T. ) ;
#5043 = CARTESIAN_POINT ( 'NONE',  ( -222.2500000000006537, 138.0500000000015177, 127.9000000000000625 ) ) ;
#5044 = ORIENTED_EDGE ( 'NONE', *, *, #4017, .T. ) ;
#5045 = DIRECTION ( 'NONE',  ( 0.000000000000000000, -1.000000000000000000, 0.000000000000000000 ) ) ;
#5046 = VECTOR ( 'NONE', #2064, 1000.000000000000000 ) ;
#5047 = ORIENTED_EDGE ( 'NONE', *, *, #4156, .T. ) ;
#5048 = ORIENTED_EDGE ( 'NONE', *, *, #5821, .T. ) ;
#5049 = DIRECTION ( 'NONE',  ( 1.000000000000000000, -3.424500384408256366E-15, -9.106159978880876162E-17 ) ) ;
#5050 = CARTESIAN_POINT ( 'NONE',  ( -222.2500000000006253, 143.0500000000015177, 122.9000000000000909 ) ) ;
#5051 = LINE ( 'NONE', #702, #3997 ) ;
#5052 = EDGE_CURVE ( 'NONE', #4145, #4821, #3036, .T. ) ;
#5053 = DIRECTION ( 'NONE',  ( -3.424500384408255577E-15, 1.000000000000000000, -0.000000000000000000 ) ) ;
#5054 = DIRECTION ( 'NONE',  ( -0.000000000000000000, 1.000000000000000000, -0.000000000000000000 ) ) ;
#5055 = ORIENTED_EDGE ( 'NONE', *, *, #2604, .F. ) ;
#5056 = LINE ( 'NONE', #3135, #2316 ) ;
#5057 = DIRECTION ( 'NONE',  ( 0.000000000000000000, 0.000000000000000000, 1.000000000000000000 ) ) ;
#5058 = DIRECTION ( 'NONE',  ( 0.000000000000000000, 0.000000000000000000, -1.000000000000000000 ) ) ;
#5059 = DIRECTION ( 'NONE',  ( 5.551115123125777969E-15, 1.000000000000000000, 0.000000000000000000 ) ) ;
#5060 = ORIENTED_EDGE ( 'NONE', *, *, #24, .F. ) ;
#5061 = ORIENTED_EDGE ( 'NONE', *, *, #2016, .T. ) ;
#5062 = LINE ( 'NONE', #5970, #2503 ) ;
#5063 = DIRECTION ( 'NONE',  ( 1.000000000000000000, 0.000000000000000000, 0.000000000000000000 ) ) ;
#5064 = VECTOR ( 'NONE', #969, 1000.000000000000000 ) ;
#5065 = EDGE_LOOP ( 'NONE', ( #1235, #1764, #4689, #4819 ) ) ;
#5066 = VERTEX_POINT ( 'NONE', #4694 ) ;
#5067 = EDGE_CURVE ( 'NONE', #4315, #5036, #310, .T. ) ;
#5068 = FACE_OUTER_BOUND ( 'NONE', #1184, .T. ) ;
#5069 = DIRECTION ( 'NONE',  ( -0.000000000000000000, 1.000000000000000000, -0.000000000000000000 ) ) ;
#5070 = ORIENTED_EDGE ( 'NONE', *, *, #5593, .F. ) ;
#5071 = AXIS2_PLACEMENT_3D ( 'NONE', #779, #2703, #4059 ) ;
#5072 = LINE ( 'NONE', #1206, #6050 ) ;
#5073 = LINE ( 'NONE', #4593, #2168 ) ;
#5074 = EDGE_LOOP ( 'NONE', ( #5208, #5556, #1364, #2668 ) ) ;
#5075 = DIRECTION ( 'NONE',  ( 0.000000000000000000, 1.000000000000000000, -0.000000000000000000 ) ) ;
#5076 = ORIENTED_EDGE ( 'NONE', *, *, #4646, .F. ) ;
#5077 = EDGE_CURVE ( 'NONE', #5336, #4651, #370, .T. ) ;
#5078 = AXIS2_PLACEMENT_3D ( 'NONE', #125, #2081, #5849 ) ;
#5079 = VERTEX_POINT ( 'NONE', #1852 ) ;
#5080 = EDGE_CURVE ( 'NONE', #1062, #5712, #2257, .T. ) ;
#5081 = EDGE_CURVE ( 'NONE', #2933, #4, #889, .T. ) ;
#5082 = DIRECTION ( 'NONE',  ( -0.000000000000000000, 1.000000000000000000, -0.000000000000000000 ) ) ;
#5083 = LINE ( 'NONE', #1079, #3674 ) ;
#5084 = EDGE_CURVE ( 'NONE', #5187, #1721, #5267, .T. ) ;
#5085 = CARTESIAN_POINT ( 'NONE',  ( -11.65000000000000746, -10.00000000000000000, -133.3500000000000227 ) ) ;
#5086 = ORIENTED_EDGE ( 'NONE', *, *, #4679, .T. ) ;
#5087 = CARTESIAN_POINT ( 'NONE',  ( 222.2500000000006253, 162.0999999999999943, -129.4700000000000273 ) ) ;
#5088 = FACE_OUTER_BOUND ( 'NONE', #4438, .T. ) ;
#5089 = VERTEX_POINT ( 'NONE', #3754 ) ;
#5090 = PLANE ( 'NONE',  #1598 ) ;
#5091 = EDGE_CURVE ( 'NONE', #19, #5290, #6146, .T. ) ;
#5092 = CYLINDRICAL_SURFACE ( 'NONE', #3423, 5.000000000000004441 ) ;
#5093 = CARTESIAN_POINT ( 'NONE',  ( -219.2500000000000284, 45.06999999999802498, -152.4000000000000341 ) ) ;
#5094 = EDGE_LOOP ( 'NONE', ( #4783, #185, #1429, #952 ) ) ;
#5095 = ORIENTED_EDGE ( 'NONE', *, *, #3095, .T. ) ;
#5096 = CARTESIAN_POINT ( 'NONE',  ( 216.9384294077728725, 159.5300000000000296, 25.39659999999998519 ) ) ;
#5097 = DIRECTION ( 'NONE',  ( 3.424500384408255577E-15, -1.000000000000000000, 0.000000000000000000 ) ) ;
#5098 = DIRECTION ( 'NONE',  ( -1.000000000000000000, 0.000000000000000000, 0.000000000000000000 ) ) ;
#5099 = AXIS2_PLACEMENT_3D ( 'NONE', #5007, #1647, #2498 ) ;
#5100 = DIRECTION ( 'NONE',  ( -0.000000000000000000, 0.000000000000000000, 1.000000000000000000 ) ) ;
#5101 = VECTOR ( 'NONE', #2876, 1000.000000000000000 ) ;
#5102 = EDGE_LOOP ( 'NONE', ( #2121, #5745 ) ) ;
#5103 = ADVANCED_FACE ( 'NONE', ( #4784 ), #5139, .T. ) ;
#5104 = DIRECTION ( 'NONE',  ( 5.551115123125777969E-15, 1.000000000000000000, 0.000000000000000000 ) ) ;
#5105 = CIRCLE ( 'NONE', #4592, 5.000000000000004441 ) ;
#5106 = CARTESIAN_POINT ( 'NONE',  ( 219.2500000000000568, 117.0299999999980116, -152.4000000000000341 ) ) ;
#5107 = ORIENTED_EDGE ( 'NONE', *, *, #1156, .F. ) ;
#5108 = DIRECTION ( 'NONE',  ( 0.000000000000000000, 1.000000000000000000, -0.000000000000000000 ) ) ;
#5109 = EDGE_LOOP ( 'NONE', ( #4515, #4604, #2440, #3429 ) ) ;
#5110 = ORIENTED_EDGE ( 'NONE', *, *, #226, .T. ) ;
#5111 = ADVANCED_FACE ( 'NONE', ( #5713 ), #4030, .T. ) ;
#5112 = VECTOR ( 'NONE', #2135, 1000.000000000000000 ) ;
#5113 = DIRECTION ( 'NONE',  ( 0.000000000000000000, 0.000000000000000000, 1.000000000000000000 ) ) ;
#5114 = CARTESIAN_POINT ( 'NONE',  ( 0.000000000000000000, 0.000000000000000000, 0.000000000000000000 ) ) ;
#5115 = EDGE_CURVE ( 'NONE', #5347, #3469, #4481, .T. ) ;
#5116 = DIRECTION ( 'NONE',  ( 1.000000000000000000, 0.000000000000000000, 2.612746562781517964E-15 ) ) ;
#5117 = VECTOR ( 'NONE', #414, 1000.000000000000000 ) ;
#5118 = VERTEX_POINT ( 'NONE', #1000 ) ;
#5119 = DIRECTION ( 'NONE',  ( -1.000000000000000000, 7.266278493485551625E-15, 0.000000000000000000 ) ) ;
#5120 = CARTESIAN_POINT ( 'NONE',  ( 1.168890636753192469E-12, 159.5300000000016212, 8.171054822139166304E-31 ) ) ;
#5121 = VERTEX_POINT ( 'NONE', #2120 ) ;
#5122 = LINE ( 'NONE', #3104, #892 ) ;
#5123 = CARTESIAN_POINT ( 'NONE',  ( -40.69999999999998153, -3.000000000000000000, 127.9000000000000625 ) ) ;
#5124 = DIRECTION ( 'NONE',  ( 0.000000000000000000, -1.000000000000000000, 0.000000000000000000 ) ) ;
#5125 = VERTEX_POINT ( 'NONE', #3441 ) ;
#5126 = CYLINDRICAL_SURFACE ( 'NONE', #3911, 4.600000000003018563 ) ;
#5127 = LINE ( 'NONE', #2186, #1408 ) ;
#5128 = AXIS2_PLACEMENT_3D ( 'NONE', #1194, #1738, #1256 ) ;
#5129 = EDGE_LOOP ( 'NONE', ( #3300, #5978, #2969, #3688 ) ) ;
#5130 = CARTESIAN_POINT ( 'NONE',  ( 11.65000000000003588, -10.00000000000000000, -128.3500000000000227 ) ) ;
#5131 = DIRECTION ( 'NONE',  ( 1.104699526990205168E-16, 0.000000000000000000, 1.000000000000000000 ) ) ;
#5132 = ORIENTED_EDGE ( 'NONE', *, *, #1469, .T. ) ;
#5133 = ADVANCED_FACE ( 'NONE', ( #2547 ), #3474, .F. ) ;
#5134 = ORIENTED_EDGE ( 'NONE', *, *, #2191, .T. ) ;
#5135 = DIRECTION ( 'NONE',  ( -9.106159978880874930E-17, 0.000000000000000000, -1.000000000000000000 ) ) ;
#5136 = ORIENTED_EDGE ( 'NONE', *, *, #5917, .F. ) ;
#5137 = CARTESIAN_POINT ( 'NONE',  ( 222.2500000000000568, 3.499999999999964917, -152.4000000000000341 ) ) ;
#5138 = ORIENTED_EDGE ( 'NONE', *, *, #4340, .T. ) ;
#5139 = PLANE ( 'NONE',  #4774 ) ;
#5140 = AXIS2_PLACEMENT_3D ( 'NONE', #3527, #5082, #3065 ) ;
#5141 = ORIENTED_EDGE ( 'NONE', *, *, #4875, .F. ) ;
#5142 = PLANE ( 'NONE',  #1813 ) ;
#5144 = ORIENTED_EDGE ( 'NONE', *, *, #1539, .F. ) ;
#5143 = DIRECTION ( 'NONE',  ( 0.000000000000000000, -0.000000000000000000, 1.000000000000000000 ) ) ;
#5145 = AXIS2_PLACEMENT_3D ( 'NONE', #1222, #4057, #3072 ) ;
#5146 = VECTOR ( 'NONE', #4549, 1000.000000000000000 ) ;
#5147 = EDGE_CURVE ( 'NONE', #1553, #1144, #5901, .T. ) ;
#5148 = CARTESIAN_POINT ( 'NONE',  ( -222.2500000000003126, 93.61999999999801503, 147.8300000000000409 ) ) ;
#5149 = CARTESIAN_POINT ( 'NONE',  ( -219.2500000000005969, 162.0999999999999943, -52.03670000000001750 ) ) ;
#5150 = CIRCLE ( 'NONE', #6251, 1.549999999999995826 ) ;
#5151 = LINE ( 'NONE', #4165, #1412 ) ;
#5152 = ORIENTED_EDGE ( 'NONE', *, *, #3273, .T. ) ;
#5153 = LINE ( 'NONE', #4673, #1703 ) ;
#5154 = DIRECTION ( 'NONE',  ( 0.000000000000000000, 1.000000000000000000, -0.000000000000000000 ) ) ;
#5155 = EDGE_CURVE ( 'NONE', #5033, #1488, #4266, .T. ) ;
#5156 = CARTESIAN_POINT ( 'NONE',  ( -11.65000000000000746, 0.000000000000000000, -128.3500000000000227 ) ) ;
#5157 = ORIENTED_EDGE ( 'NONE', *, *, #3890, .T. ) ;
#5158 = EDGE_LOOP ( 'NONE', ( #5995, #668, #916, #1098 ) ) ;
#5159 = ORIENTED_EDGE ( 'NONE', *, *, #4226, .T. ) ;
#5160 = EDGE_CURVE ( 'NONE', #4391, #282, #2049, .T. ) ;
#5161 = CARTESIAN_POINT ( 'NONE',  ( 222.2500000000001705, 45.06999999999802498, 147.8300000000000409 ) ) ;
#5162 = VECTOR ( 'NONE', #4769, 1000.000000000000000 ) ;
#5163 = DIRECTION ( 'NONE',  ( -0.000000000000000000, -0.000000000000000000, -1.000000000000000000 ) ) ;
#5164 = ORIENTED_EDGE ( 'NONE', *, *, #4017, .F. ) ;
#5165 = DIRECTION ( 'NONE',  ( -0.000000000000000000, 1.000000000000000000, -0.000000000000000000 ) ) ;
#5166 = CARTESIAN_POINT ( 'NONE',  ( 226.7516488450830252, 45.06999999999802498, 147.8300000000000409 ) ) ;
#5167 = EDGE_LOOP ( 'NONE', ( #4306, #4548, #2217, #2183 ) ) ;
#5168 = DIRECTION ( 'NONE',  ( 4.370956789862825094E-15, 1.000000000000000000, 0.000000000000000000 ) ) ;
#5169 = ORIENTED_EDGE ( 'NONE', *, *, #4840, .F. ) ;
#5170 = CARTESIAN_POINT ( 'NONE',  ( -222.2500000000000284, -3.000000000000000000, 152.4000000000000341 ) ) ;
#5171 = EDGE_LOOP ( 'NONE', ( #3125, #5883 ) ) ;
#5172 = EDGE_CURVE ( 'NONE', #3121, #2000, #3960, .T. ) ;
#5173 = FACE_OUTER_BOUND ( 'NONE', #4807, .T. ) ;
#5174 = ORIENTED_EDGE ( 'NONE', *, *, #36, .T. ) ;
#5175 = DIRECTION ( 'NONE',  ( 0.000000000000000000, 0.000000000000000000, -1.000000000000000000 ) ) ;
#5176 = LINE ( 'NONE', #2760, #4398 ) ;
#5177 = EDGE_LOOP ( 'NONE', ( #1882, #596, #1589, #1473 ) ) ;
#5178 = CIRCLE ( 'NONE', #2534, 4.600000000000020961 ) ;
#5179 = CARTESIAN_POINT ( 'NONE',  ( 222.2500000000000568, 3.499999999999964917, 152.4000000000000341 ) ) ;
#5180 = LINE ( 'NONE', #3637, #1739 ) ;
#5181 = ADVANCED_FACE ( 'NONE', ( #5432 ), #5373, .F. ) ;
#5182 = CARTESIAN_POINT ( 'NONE',  ( -222.2500000000006253, 143.0500000000015177, 122.9000000000000909 ) ) ;
#5183 = DIRECTION ( 'NONE',  ( 1.000000000000000000, 0.000000000000000000, 0.000000000000000000 ) ) ;
#5184 = UNCERTAINTY_MEASURE_WITH_UNIT (LENGTH_MEASURE( 1.000000000000000082E-05 ), #4365, 'distance_accuracy_value', 'NONE');
#5185 = CARTESIAN_POINT ( 'NONE',  ( 219.2500000000003979, 93.61999999999801503, -1.996525575369634947E-14 ) ) ;
#5186 = ORIENTED_EDGE ( 'NONE', *, *, #2266, .F. ) ;
#5187 = VERTEX_POINT ( 'NONE', #3538 ) ;
#5188 = DIRECTION ( 'NONE',  ( 1.104699526990205168E-16, 0.000000000000000000, 1.000000000000000000 ) ) ;
#5189 = EDGE_CURVE ( 'NONE', #1066, #5959, #3419, .T. ) ;
#5190 = LINE ( 'NONE', #3713, #2457 ) ;
#5191 = EDGE_LOOP ( 'NONE', ( #2466, #3126, #4037, #3461 ) ) ;
#5192 = ORIENTED_EDGE ( 'NONE', *, *, #2552, .F. ) ;
#5193 = CARTESIAN_POINT ( 'NONE',  ( 201.7499999999999716, -3.000000000000014655, 141.8750000000000284 ) ) ;
#5194 = CARTESIAN_POINT ( 'NONE',  ( 222.2500000000007105, 145.4999999999967599, 91.68000000000007788 ) ) ;
#5195 = ORIENTED_EDGE ( 'NONE', *, *, #1200, .T. ) ;
#5196 = EDGE_CURVE ( 'NONE', #3178, #2715, #1091, .T. ) ;
#5197 = CARTESIAN_POINT ( 'NONE',  ( 222.2500000000003411, 68.47999999999801446, 147.8300000000000409 ) ) ;
#5198 = VECTOR ( 'NONE', #1143, 1000.000000000000000 ) ;
#5199 = VECTOR ( 'NONE', #3682, 1000.000000000000000 ) ;
#5200 = DIRECTION ( 'NONE',  ( 1.000000000000000000, 0.000000000000000000, 0.000000000000000000 ) ) ;
#5201 = ORIENTED_EDGE ( 'NONE', *, *, #1863, .F. ) ;
#5202 = FACE_OUTER_BOUND ( 'NONE', #2826, .T. ) ;
#5203 = VERTEX_POINT ( 'NONE', #3047 ) ;
#5204 = AXIS2_PLACEMENT_3D ( 'NONE', #2204, #4602, #4122 ) ;
#5205 = EDGE_CURVE ( 'NONE', #4763, #577, #1025, .T. ) ;
#5206 = CARTESIAN_POINT ( 'NONE',  ( 222.2500000000005400, 138.0499999999999829, 122.9000000000000483 ) ) ;
#5208 = ORIENTED_EDGE ( 'NONE', *, *, #1889, .F. ) ;
#5207 = DIRECTION ( 'NONE',  ( 0.000000000000000000, 0.000000000000000000, 1.000000000000000000 ) ) ;
#5209 = ORIENTED_EDGE ( 'NONE', *, *, #3699, .T. ) ;
#5210 = ORIENTED_EDGE ( 'NONE', *, *, #4097, .F. ) ;
#5211 = FACE_OUTER_BOUND ( 'NONE', #5765, .T. ) ;
#5212 = CARTESIAN_POINT ( 'NONE',  ( -222.2500000000014211, 73.20000000000150919, 137.9000000000000909 ) ) ;
#5213 = AXIS2_PLACEMENT_3D ( 'NONE', #3281, #5242, #4761 ) ;
#5214 = ADVANCED_FACE ( 'NONE', ( #5936 ), #1994, .F. ) ;
#5215 = CYLINDRICAL_SURFACE ( 'NONE', #2842, 1.549999999999995826 ) ;
#5216 = CARTESIAN_POINT ( 'NONE',  ( -222.2500000000005400, 145.4999999999952536, 114.6800000000000779 ) ) ;
#5217 = LINE ( 'NONE', #4291, #5248 ) ;
#5218 = VECTOR ( 'NONE', #2594, 1000.000000000000000 ) ;
#5219 = CARTESIAN_POINT ( 'NONE',  ( 201.7500000000000284, -3.000000000000014655, -138.3750000000000284 ) ) ;
#5220 = CARTESIAN_POINT ( 'NONE',  ( 219.2500000000005684, 150.5499999999996419, -143.9000000000000341 ) ) ;
#5221 = VERTEX_POINT ( 'NONE', #4895 ) ;
#5222 = ORIENTED_EDGE ( 'NONE', *, *, #2640, .T. ) ;
#5223 = DIRECTION ( 'NONE',  ( -0.000000000000000000, -0.000000000000000000, -1.000000000000000000 ) ) ;
#5224 = CARTESIAN_POINT ( 'NONE',  ( 1.146211652379547614E-13, 141.0540838453891297, 92.86060558452255975 ) ) ;
#5225 = FACE_BOUND ( 'NONE', #6002, .T. ) ;
#5226 = ORIENTED_EDGE ( 'NONE', *, *, #6129, .F. ) ;
#5227 = ORIENTED_EDGE ( 'NONE', *, *, #5489, .F. ) ;
#5228 = CARTESIAN_POINT ( 'NONE',  ( 219.2500000000000568, -7.610952104347351105E-13, 147.8300000000000409 ) ) ;
#5229 = DIRECTION ( 'NONE',  ( -9.106159978880874930E-17, 0.000000000000000000, -1.000000000000000000 ) ) ;
#5230 = EDGE_CURVE ( 'NONE', #3274, #5986, #1745, .T. ) ;
#5231 = ORIENTED_EDGE ( 'NONE', *, *, #6114, .T. ) ;
#5232 = AXIS2_PLACEMENT_3D ( 'NONE', #1288, #1669, #5124 ) ;
#5233 = FACE_OUTER_BOUND ( 'NONE', #3210, .T. ) ;
#5234 = EDGE_CURVE ( 'NONE', #1711, #1066, #2847, .T. ) ;
#5235 = ORIENTED_EDGE ( 'NONE', *, *, #4726, .T. ) ;
#5236 = DIRECTION ( 'NONE',  ( 0.000000000000000000, 1.000000000000000000, 0.000000000000000000 ) ) ;
#5237 = AXIS2_PLACEMENT_3D ( 'NONE', #2664, #5627, #2697 ) ;
#5238 = VERTEX_POINT ( 'NONE', #1535 ) ;
#5239 = EDGE_CURVE ( 'NONE', #3937, #1553, #2536, .T. ) ;
#5240 = AXIS2_PLACEMENT_3D ( 'NONE', #459, #6201, #1968 ) ;
#5241 = CARTESIAN_POINT ( 'NONE',  ( -219.2500000000005400, 143.0500000000015177, -5.411644377389516338E-29 ) ) ;
#5242 = DIRECTION ( 'NONE',  ( 1.000000000000000000, 3.424500384408255971E-15, -0.000000000000000000 ) ) ;
#5243 = ORIENTED_EDGE ( 'NONE', *, *, #259, .T. ) ;
#5244 = CIRCLE ( 'NONE', #3703, 5.000000000000004441 ) ;
#5245 = DIRECTION ( 'NONE',  ( 0.000000000000000000, 0.000000000000000000, -1.000000000000000000 ) ) ;
#5246 = CARTESIAN_POINT ( 'NONE',  ( -222.2500000000005400, 143.0500000000015177, 122.9000000000000909 ) ) ;
#5247 = CARTESIAN_POINT ( 'NONE',  ( 215.7500000000000568, -1.517883041479706208E-14, -152.4000000000000341 ) ) ;
#5248 = VECTOR ( 'NONE', #6220, 1000.000000000000000 ) ;
#5249 = AXIS2_PLACEMENT_3D ( 'NONE', #5905, #4065, #2185 ) ;
#5250 = DIRECTION ( 'NONE',  ( 1.000000000000000000, 3.491481338843133355E-15, 0.000000000000000000 ) ) ;
#5251 = AXIS2_PLACEMENT_3D ( 'NONE', #5980, #4041, #1646 ) ;
#5252 = DIRECTION ( 'NONE',  ( 3.424500384408255577E-15, -1.000000000000000000, 0.000000000000000000 ) ) ;
#5253 = DIRECTION ( 'NONE',  ( 0.000000000000000000, 0.000000000000000000, -1.000000000000000000 ) ) ;
#5254 = ADVANCED_FACE ( 'NONE', ( #4924 ), #2519, .F. ) ;
#5255 = VERTEX_POINT ( 'NONE', #2250 ) ;
#5256 = CIRCLE ( 'NONE', #2817, 1.549999999999995826 ) ;
#5257 = AXIS2_PLACEMENT_3D ( 'NONE', #4138, #4066, #647 ) ;
#5258 = DIRECTION ( 'NONE',  ( 1.104699526990205168E-16, -0.000000000000000000, 1.000000000000000000 ) ) ;
#5259 = CARTESIAN_POINT ( 'NONE',  ( -222.2500000000001421, 45.06999999999802498, 147.8300000000000409 ) ) ;
#5260 = CARTESIAN_POINT ( 'NONE',  ( -24.68344801572517255, 0.000000000000000000, 58.60000011181512747 ) ) ;
#5261 = CARTESIAN_POINT ( 'NONE',  ( 40.70000000000005969, -3.000000000000000000, 122.9000000000000341 ) ) ;
#5262 = DIRECTION ( 'NONE',  ( 1.000000000000000000, 0.000000000000000000, 0.000000000000000000 ) ) ;
#5263 = EDGE_LOOP ( 'NONE', ( #166, #2996, #5375, #5885 ) ) ;
#5264 = DIRECTION ( 'NONE',  ( -3.424500384408255577E-15, 1.000000000000000000, 0.000000000000000000 ) ) ;
#5265 = EDGE_CURVE ( 'NONE', #894, #5513, #4511, .T. ) ;
#5266 = EDGE_LOOP ( 'NONE', ( #2674, #846, #2761, #272 ) ) ;
#5267 = LINE ( 'NONE', #1272, #6181 ) ;
#5268 = ORIENTED_EDGE ( 'NONE', *, *, #5642, .T. ) ;
#5269 = VECTOR ( 'NONE', #1299, 1000.000000000000000 ) ;
#5270 = EDGE_CURVE ( 'NONE', #3316, #3820, #4060, .T. ) ;
#5271 = CARTESIAN_POINT ( 'NONE',  ( -196.7000000000000171, 0.000000000000000000, -128.3500000000000227 ) ) ;
#5272 = ORIENTED_EDGE ( 'NONE', *, *, #2504, .F. ) ;
#5273 = DIRECTION ( 'NONE',  ( 9.106159978880874930E-17, -2.973490727786375597E-31, 1.000000000000000000 ) ) ;
#5274 = EDGE_LOOP ( 'NONE', ( #4948, #2588, #1310, #3278 ) ) ;
#5275 = LINE ( 'NONE', #6242, #5527 ) ;
#5276 = EDGE_CURVE ( 'NONE', #344, #1105, #1701, .T. ) ;
#5277 = DIRECTION ( 'NONE',  ( -1.000000000000000000, 3.424500384408255971E-15, 9.106159978880874930E-17 ) ) ;
#5278 = VECTOR ( 'NONE', #5119, 1000.000000000000000 ) ;
#5279 = EDGE_CURVE ( 'NONE', #3353, #2055, #6025, .T. ) ;
#5280 = AXIS2_PLACEMENT_3D ( 'NONE', #242, #6018, #2197 ) ;
#5281 = CARTESIAN_POINT ( 'NONE',  ( 222.2500000000006253, 159.5300000000000011, 102.8299999999999841 ) ) ;
#5282 = DIRECTION ( 'NONE',  ( 1.000000000000000000, 0.000000000000000000, -1.104699526990205168E-16 ) ) ;
#5283 = LINE ( 'NONE', #936, #2935 ) ;
#5284 = AXIS2_PLACEMENT_3D ( 'NONE', #2024, #3928, #5875 ) ;
#5285 = VERTEX_POINT ( 'NONE', #5093 ) ;
#5286 = LINE ( 'NONE', #2369, #1921 ) ;
#5287 = ADVANCED_FACE ( 'NONE', ( #4095 ), #4200, .T. ) ;
#5288 = FACE_OUTER_BOUND ( 'NONE', #5263, .T. ) ;
#5289 = DIRECTION ( 'NONE',  ( 0.000000000000000000, 0.000000000000000000, -1.000000000000000000 ) ) ;
#5290 = VERTEX_POINT ( 'NONE', #6100 ) ;
#5291 = DIRECTION ( 'NONE',  ( 0.000000000000000000, 1.000000000000000000, 0.000000000000000000 ) ) ;
#5292 =( NAMED_UNIT ( * ) SI_UNIT ( $, .STERADIAN. ) SOLID_ANGLE_UNIT ( ) );
#5293 = ORIENTED_EDGE ( 'NONE', *, *, #235, .F. ) ;
#5294 = EDGE_LOOP ( 'NONE', ( #1113, #3644, #5475, #71 ) ) ;
#5295 = CARTESIAN_POINT ( 'NONE',  ( 219.2500000000005684, 143.0500000000000114, -1.996525575369637787E-14 ) ) ;
#5296 = VERTEX_POINT ( 'NONE', #1773 ) ;
#5297 = DIRECTION ( 'NONE',  ( -0.000000000000000000, 1.000000000000000000, -0.000000000000000000 ) ) ;
#5298 = ORIENTED_EDGE ( 'NONE', *, *, #4373, .F. ) ;
#5299 = ORIENTED_EDGE ( 'NONE', *, *, #2858, .F. ) ;
#5300 = DIRECTION ( 'NONE',  ( 6.033820786006258107E-15, -1.000000000000000000, 0.000000000000000000 ) ) ;
#5301 = ORIENTED_EDGE ( 'NONE', *, *, #3077, .F. ) ;
#5302 = DIRECTION ( 'NONE',  ( -1.000000000000000000, -0.000000000000000000, -0.000000000000000000 ) ) ;
#5303 = CARTESIAN_POINT ( 'NONE',  ( 219.2500000000002274, 45.06999999999802498, -1.996525575369633685E-14 ) ) ;
#5304 = AXIS2_PLACEMENT_3D ( 'NONE', #941, #6081, #421 ) ;
#5305 = VECTOR ( 'NONE', #1010, 1000.000000000000000 ) ;
#5306 = EDGE_CURVE ( 'NONE', #2726, #4562, #223, .T. ) ;
#5307 = DIRECTION ( 'NONE',  ( -4.440892098500622217E-15, -1.000000000000000000, 0.000000000000000000 ) ) ;
#5308 = LINE ( 'NONE', #961, #4925 ) ;
#5309 = ADVANCED_FACE ( 'NONE', ( #4612 ), #2182, .F. ) ;
#5310 = CARTESIAN_POINT ( 'NONE',  ( 0.000000000000000000, 0.000000000000000000, -149.3300000000000409 ) ) ;
#5311 = CARTESIAN_POINT ( 'NONE',  ( 226.7516488450830252, 19.92999999999800309, 152.4000000000000341 ) ) ;
#5312 = DIRECTION ( 'NONE',  ( 0.000000000000000000, 1.000000000000000000, 0.000000000000000000 ) ) ;
#5313 = CARTESIAN_POINT ( 'NONE',  ( 219.2500000000001990, 19.92999999999800309, 152.4000000000000341 ) ) ;
#5314 = CIRCLE ( 'NONE', #440, 1.700000000000000178 ) ;
#5315 = DIRECTION ( 'NONE',  ( -3.424500384408255577E-15, -1.000000000000000000, 3.179398763478275537E-31 ) ) ;
#5316 = DIRECTION ( 'NONE',  ( 0.000000000000000000, 1.000000000000000000, 0.000000000000000000 ) ) ;
#5317 = LINE ( 'NONE', #1358, #5652 ) ;
#5318 = ORIENTED_EDGE ( 'NONE', *, *, #6199, .T. ) ;
#5319 = FACE_OUTER_BOUND ( 'NONE', #3402, .T. ) ;
#5320 = AXIS2_PLACEMENT_3D ( 'NONE', #3704, #2767, #380 ) ;
#5321 = ORIENTED_EDGE ( 'NONE', *, *, #3658, .F. ) ;
#5322 = CARTESIAN_POINT ( 'NONE',  ( 222.2500000000005684, 142.1699999999980264, -2.023844055306279256E-14 ) ) ;
#5323 = EDGE_CURVE ( 'NONE', #3820, #4179, #40, .T. ) ;
#5324 = VERTEX_POINT ( 'NONE', #4676 ) ;
#5325 = LINE ( 'NONE', #531, #5997 ) ;
#5326 = ORIENTED_EDGE ( 'NONE', *, *, #2877, .T. ) ;
#5327 = DIRECTION ( 'NONE',  ( 3.424500384408255577E-15, 1.000000000000000000, 0.000000000000000000 ) ) ;
#5328 = VERTEX_POINT ( 'NONE', #322 ) ;
#5329 = LINE ( 'NONE', #1495, #6032 ) ;
#5330 = VECTOR ( 'NONE', #3212, 1000.000000000000000 ) ;
#5331 = CYLINDRICAL_SURFACE ( 'NONE', #3012, 1.700000000000000178 ) ;
#5332 = EDGE_CURVE ( 'NONE', #4031, #3119, #5495, .T. ) ;
#5333 = FACE_OUTER_BOUND ( 'NONE', #3634, .T. ) ;
#5334 = CIRCLE ( 'NONE', #5240, 1.700000000000000178 ) ;
#5335 = CARTESIAN_POINT ( 'NONE',  ( 222.2500000000000568, -1.047444401652930225E-14, 152.4000000000000341 ) ) ;
#5336 = VERTEX_POINT ( 'NONE', #781 ) ;
#5337 = CIRCLE ( 'NONE', #2206, 5.000000000000004441 ) ;
#5338 = AXIS2_PLACEMENT_3D ( 'NONE', #3294, #4625, #5764 ) ;
#5339 = LINE ( 'NONE', #2977, #1605 ) ;
#5340 = CARTESIAN_POINT ( 'NONE',  ( -222.2500000000013927, 79.55000000000150351, 137.9000000000000909 ) ) ;
#5341 = EDGE_CURVE ( 'NONE', #3469, #2278, #2092, .T. ) ;
#5342 = CYLINDRICAL_SURFACE ( 'NONE', #4333, 5.000000000000004441 ) ;
#5343 = FACE_BOUND ( 'NONE', #4407, .T. ) ;
#5344 = LINE ( 'NONE', #3472, #1225 ) ;
#5345 = AXIS2_PLACEMENT_3D ( 'NONE', #1674, #1573, #2613 ) ;
#5346 = FACE_OUTER_BOUND ( 'NONE', #4678, .T. ) ;
#5347 = VERTEX_POINT ( 'NONE', #3168 ) ;
#5348 = EDGE_CURVE ( 'NONE', #4988, #1648, #1805, .T. ) ;
#5349 = ORIENTED_EDGE ( 'NONE', *, *, #4748, .T. ) ;
#5350 = ADVANCED_FACE ( 'NONE', ( #3106 ), #676, .T. ) ;
#5351 = CARTESIAN_POINT ( 'NONE',  ( -219.2500000000004263, 117.0299999999980116, -149.3300000000000409 ) ) ;
#5352 = ORIENTED_EDGE ( 'NONE', *, *, #4927, .T. ) ;
#5353 = DIRECTION ( 'NONE',  ( 0.000000000000000000, 1.000000000000000000, 0.000000000000000000 ) ) ;
#5354 = ORIENTED_EDGE ( 'NONE', *, *, #2375, .T. ) ;
#5355 = EDGE_LOOP ( 'NONE', ( #3432, #2130 ) ) ;
#5356 = AXIS2_PLACEMENT_3D ( 'NONE', #2175, #3504, #671 ) ;
#5357 = ADVANCED_FACE ( 'NONE', ( #2148 ), #3571, .F. ) ;
#5358 = FACE_OUTER_BOUND ( 'NONE', #5109, .T. ) ;
#5359 = VERTEX_POINT ( 'NONE', #5560 ) ;
#5360 = LINE ( 'NONE', #2006, #644 ) ;
#5361 = ORIENTED_EDGE ( 'NONE', *, *, #2174, .T. ) ;
#5362 = AXIS2_PLACEMENT_3D ( 'NONE', #4388, #2046, #2515 ) ;
#5363 = CARTESIAN_POINT ( 'NONE',  ( -222.2500000000006537, 138.0500000000015177, 127.9000000000000625 ) ) ;
#5364 = CARTESIAN_POINT ( 'NONE',  ( -40.69999999999998153, -10.00000000000000000, 127.9000000000000625 ) ) ;
#5365 = DIRECTION ( 'NONE',  ( -3.491481338843133355E-15, 1.000000000000000000, -3.179398763478275537E-31 ) ) ;
#5366 = EDGE_CURVE ( 'NONE', #4264, #3025, #1224, .T. ) ;
#5367 = VECTOR ( 'NONE', #5697, 1000.000000000000000 ) ;
#5368 = CARTESIAN_POINT ( 'NONE',  ( -11.64999999999997726, -10.00000000000000000, 122.9000000000000341 ) ) ;
#5369 = DIRECTION ( 'NONE',  ( 3.424500384408255577E-15, -1.000000000000000000, 0.000000000000000000 ) ) ;
#5370 = CARTESIAN_POINT ( 'NONE',  ( 219.2500000000006253, 159.5300000000000011, -1.996525575369630845E-14 ) ) ;
#5371 = CARTESIAN_POINT ( 'NONE',  ( 24.67999999998769667, -3.000000000000000000, 26.70000011181486244 ) ) ;
#5372 = AXIS2_PLACEMENT_3D ( 'NONE', #4199, #3321, #6189 ) ;
#5373 = PLANE ( 'NONE',  #5874 ) ;
#5374 = ORIENTED_EDGE ( 'NONE', *, *, #1984, .T. ) ;
#5375 = ORIENTED_EDGE ( 'NONE', *, *, #131, .F. ) ;
#5376 = EDGE_CURVE ( 'NONE', #1144, #5923, #2673, .T. ) ;
#5377 = DIRECTION ( 'NONE',  ( -0.000000000000000000, 1.000000000000000000, -0.000000000000000000 ) ) ;
#5378 = EDGE_CURVE ( 'NONE', #144, #5418, #6191, .T. ) ;
#5379 = EDGE_LOOP ( 'NONE', ( #648, #3594, #1251, #5676 ) ) ;
#5380 = LINE ( 'NONE', #1030, #5101 ) ;
#5381 = ORIENTED_EDGE ( 'NONE', *, *, #1231, .F. ) ;
#5382 = VERTEX_POINT ( 'NONE', #2835 ) ;
#5383 = ADVANCED_FACE ( 'NONE', ( #2366 ), #3290, .T. ) ;
#5384 = VERTEX_POINT ( 'NONE', #4799 ) ;
#5385 = DIRECTION ( 'NONE',  ( 0.000000000000000000, 1.000000000000000000, 0.000000000000000000 ) ) ;
#5386 = DIRECTION ( 'NONE',  ( -1.000000000000000000, 0.000000000000000000, -0.000000000000000000 ) ) ;
#5387 = ORIENTED_EDGE ( 'NONE', *, *, #312, .T. ) ;
#5388 = EDGE_LOOP ( 'NONE', ( #5720, #2780, #1524, #2559 ) ) ;
#5389 = EDGE_CURVE ( 'NONE', #4283, #1171, #1866, .T. ) ;
#5390 = DIRECTION ( 'NONE',  ( 0.000000000000000000, 0.000000000000000000, -1.000000000000000000 ) ) ;
#5391 = CARTESIAN_POINT ( 'NONE',  ( -24.68344801572538216, 0.000000000000000000, 28.40000011181540174 ) ) ;
#5392 = AXIS2_PLACEMENT_3D ( 'NONE', #436, #4876, #4346 ) ;
#5393 = VECTOR ( 'NONE', #5734, 1000.000000000000000 ) ;
#5394 = FACE_OUTER_BOUND ( 'NONE', #137, .T. ) ;
#5395 = EDGE_CURVE ( 'NONE', #5121, #1584, #1686, .T. ) ;
#5396 = CARTESIAN_POINT ( 'NONE',  ( 0.000000000000000000, -3.000000000000000000, -133.3500000000000227 ) ) ;
#5397 = CIRCLE ( 'NONE', #849, 1.700000000000000178 ) ;
#5398 = PLANE ( 'NONE',  #5362 ) ;
#5399 = DIRECTION ( 'NONE',  ( -1.000000000000000000, -3.424500384408255577E-15, 0.000000000000000000 ) ) ;
#5400 = DIRECTION ( 'NONE',  ( 0.000000000000000000, -0.000000000000000000, 1.000000000000000000 ) ) ;
#5401 = CARTESIAN_POINT ( 'NONE',  ( 219.2500000000005400, 138.0500000000000114, -128.3500000000000512 ) ) ;
#5402 = CIRCLE ( 'NONE', #1562, 5.000000000000031974 ) ;
#5403 = CARTESIAN_POINT ( 'NONE',  ( -222.2500000000006537, 143.0500000000015177, -128.3500000000000227 ) ) ;
#5404 = EDGE_LOOP ( 'NONE', ( #6140, #698, #850, #2902 ) ) ;
#5405 = EDGE_CURVE ( 'NONE', #5238, #2450, #6275, .T. ) ;
#5406 = CIRCLE ( 'NONE', #445, 5.000000000000004441 ) ;
#5407 = DIRECTION ( 'NONE',  ( 0.000000000000000000, 0.000000000000000000, 1.000000000000000000 ) ) ;
#5408 = EDGE_LOOP ( 'NONE', ( #5441, #2493, #1033, #2283 ) ) ;
#5409 = ORIENTED_EDGE ( 'NONE', *, *, #1628, .T. ) ;
#5410 = ORIENTED_EDGE ( 'NONE', *, *, #5806, .F. ) ;
#5411 = FACE_OUTER_BOUND ( 'NONE', #1425, .T. ) ;
#5412 = DIRECTION ( 'NONE',  ( -0.000000000000000000, 1.000000000000000000, -0.000000000000000000 ) ) ;
#5413 = VERTEX_POINT ( 'NONE', #4831 ) ;
#5414 = LINE ( 'NONE', #1072, #5046 ) ;
#5415 = ORIENTED_EDGE ( 'NONE', *, *, #1156, .T. ) ;
#5416 = VERTEX_POINT ( 'NONE', #839 ) ;
#5417 = EDGE_LOOP ( 'NONE', ( #1177, #1043, #1093, #1483 ) ) ;
#5418 = VERTEX_POINT ( 'NONE', #4323 ) ;
#5419 = ADVANCED_FACE ( 'NONE', ( #966 ), #2864, .F. ) ;
#5420 = VECTOR ( 'NONE', #5365, 1000.000000000000000 ) ;
#5421 = CARTESIAN_POINT ( 'NONE',  ( -227.6485571369686056, 68.47999999999801446, 147.8300000000000409 ) ) ;
#5422 = CARTESIAN_POINT ( 'NONE',  ( -201.7499999999999716, 0.000000000000000000, 141.8750000000000284 ) ) ;
#5423 = CYLINDRICAL_SURFACE ( 'NONE', #147, 1.549999999999995826 ) ;
#5424 = DIRECTION ( 'NONE',  ( -0.000000000000000000, -0.000000000000000000, 1.000000000000000000 ) ) ;
#5425 = VECTOR ( 'NONE', #820, 1000.000000000000000 ) ;
#5426 = SURFACE_SIDE_STYLE ('',( #609 ) ) ;
#5427 = CARTESIAN_POINT ( 'NONE',  ( 24.67999999998769667, 0.000000000000000000, 30.10000011181486101 ) ) ;
#5428 = DIRECTION ( 'NONE',  ( -3.491481338843133355E-15, -1.000000000000000000, 3.179398763478275537E-31 ) ) ;
#5429 = LINE ( 'NONE', #545, #2893 ) ;
#5430 = PRODUCT_DEFINITION_SHAPE ( 'NONE', 'NONE',  #4147 ) ;
#5431 = EDGE_CURVE ( 'NONE', #1363, #3199, #6250, .T. ) ;
#5432 = FACE_OUTER_BOUND ( 'NONE', #4874, .T. ) ;
#5433 = VECTOR ( 'NONE', #16, 1000.000000000000000 ) ;
#5434 = ORIENTED_EDGE ( 'NONE', *, *, #782, .T. ) ;
#5435 = CARTESIAN_POINT ( 'NONE',  ( 219.2500000000005969, 153.6499999999996078, 143.8999999999999773 ) ) ;
#5436 = DIRECTION ( 'NONE',  ( 0.000000000000000000, 0.000000000000000000, 1.000000000000000000 ) ) ;
#5437 = CIRCLE ( 'NONE', #5941, 5.000000000000004441 ) ;
#5438 = CIRCLE ( 'NONE', #4432, 1.599999999999990319 ) ;
#5439 = DIRECTION ( 'NONE',  ( 1.104699526990205168E-16, 0.000000000000000000, 1.000000000000000000 ) ) ;
#5440 = CARTESIAN_POINT ( 'NONE',  ( 219.2500000000003695, 85.89999999999999147, 137.9000000000000625 ) ) ;
#5441 = ORIENTED_EDGE ( 'NONE', *, *, #4226, .F. ) ;
#5442 = VECTOR ( 'NONE', #3922, 1000.000000000000000 ) ;
#5443 = ADVANCED_FACE ( 'NONE', ( #2771 ), #5786, .F. ) ;
#5444 = CARTESIAN_POINT ( 'NONE',  ( 222.2500000000000853, -7.715696544512644727E-13, 152.4000000000000341 ) ) ;
#5445 = LINE ( 'NONE', #390, #3545 ) ;
#5446 = VERTEX_POINT ( 'NONE', #2310 ) ;
#5447 = CARTESIAN_POINT ( 'NONE',  ( -24.68344801572538216, -3.000000000000000000, 26.70000011181539890 ) ) ;
#5448 = VERTEX_POINT ( 'NONE', #2804 ) ;
#5449 = ORIENTED_EDGE ( 'NONE', *, *, #1867, .F. ) ;
#5450 = ORIENTED_EDGE ( 'NONE', *, *, #1987, .T. ) ;
#5451 = ORIENTED_EDGE ( 'NONE', *, *, #6263, .T. ) ;
#5452 = VECTOR ( 'NONE', #2012, 1000.000000000000000 ) ;
#5453 = EDGE_CURVE ( 'NONE', #2776, #1273, #3383, .T. ) ;
#5454 = DIRECTION ( 'NONE',  ( 3.424500384408255577E-15, 1.000000000000000000, -0.000000000000000000 ) ) ;
#5455 = DIRECTION ( 'NONE',  ( 0.000000000000000000, -0.000000000000000000, -1.000000000000000000 ) ) ;
#5456 = EDGE_CURVE ( 'NONE', #3119, #5773, #1836, .T. ) ;
#5457 = DIRECTION ( 'NONE',  ( 9.106159978880874930E-17, 0.000000000000000000, 1.000000000000000000 ) ) ;
#5458 = DIRECTION ( 'NONE',  ( -1.000000000000000000, 3.424500384408255971E-15, 9.106159978880874930E-17 ) ) ;
#5459 = CARTESIAN_POINT ( 'NONE',  ( -219.2500000000005969, 162.0999999999999943, 152.4000000000000341 ) ) ;
#5460 = FACE_OUTER_BOUND ( 'NONE', #5911, .T. ) ;
#5461 = VECTOR ( 'NONE', #946, 1000.000000000000000 ) ;
#5462 = LINE ( 'NONE', #1698, #1196 ) ;
#5463 = DIRECTION ( 'NONE',  ( 0.000000000000000000, 0.000000000000000000, 1.000000000000000000 ) ) ;
#5464 = EDGE_LOOP ( 'NONE', ( #1609, #336, #194, #730 ) ) ;
#5465 = EDGE_CURVE ( 'NONE', #623, #1363, #1413, .T. ) ;
#5466 = CARTESIAN_POINT ( 'NONE',  ( -222.2500000000010516, 22.55000000000148930, -128.3500000000000227 ) ) ;
#5467 = DIRECTION ( 'NONE',  ( -0.000000000000000000, -0.000000000000000000, 1.000000000000000000 ) ) ;
#5468 = AXIS2_PLACEMENT_3D ( 'NONE', #602, #4355, #1961 ) ;
#5469 = VERTEX_POINT ( 'NONE', #3260 ) ;
#5470 = CYLINDRICAL_SURFACE ( 'NONE', #3058, 1.700000000000000178 ) ;
#5471 = DIRECTION ( 'NONE',  ( 1.000000000000000000, 0.000000000000000000, 0.000000000000000000 ) ) ;
#5472 = ORIENTED_EDGE ( 'NONE', *, *, #1539, .T. ) ;
#5473 = VERTEX_POINT ( 'NONE', #5220 ) ;
#5474 = ORIENTED_EDGE ( 'NONE', *, *, #5583, .T. ) ;
#5475 = ORIENTED_EDGE ( 'NONE', *, *, #572, .F. ) ;
#5476 = LINE ( 'NONE', #6080, #62 ) ;
#5477 = DIRECTION ( 'NONE',  ( 0.000000000000000000, -0.000000000000000000, -1.000000000000000000 ) ) ;
#5478 = EDGE_LOOP ( 'NONE', ( #1606, #2134, #3731, #4005 ) ) ;
#5479 = CARTESIAN_POINT ( 'NONE',  ( 201.7499999999999716, 0.000000000000000000, 140.3750000000000284 ) ) ;
#5480 = ORIENTED_EDGE ( 'NONE', *, *, #5376, .F. ) ;
#5481 = DIRECTION ( 'NONE',  ( 6.033820786006258107E-15, -1.000000000000000000, 0.000000000000000000 ) ) ;
#5482 = ORIENTED_EDGE ( 'NONE', *, *, #4061, .F. ) ;
#5483 = CARTESIAN_POINT ( 'NONE',  ( -7.071991740661655789E-13, 159.5300000000009675, 8.171054822139166304E-31 ) ) ;
#5485 = EDGE_LOOP ( 'NONE', ( #2332, #3029 ) ) ;
#5484 = CARTESIAN_POINT ( 'NONE',  ( -222.2500000000010232, 27.55000000000148930, -133.3500000000000227 ) ) ;
#5486 = EDGE_CURVE ( 'NONE', #403, #4208, #870, .T. ) ;
#5487 = FACE_OUTER_BOUND ( 'NONE', #3684, .T. ) ;
#5488 = VERTEX_POINT ( 'NONE', #384 ) ;
#5489 = EDGE_CURVE ( 'NONE', #5359, #2472, #5644, .T. ) ;
#5490 = LINE ( 'NONE', #1630, #3311 ) ;
#5491 = ORIENTED_EDGE ( 'NONE', *, *, #3560, .F. ) ;
#5492 = VECTOR ( 'NONE', #4650, 1000.000000000000000 ) ;
#5493 = DIRECTION ( 'NONE',  ( -0.000000000000000000, 1.000000000000000000, -0.000000000000000000 ) ) ;
#5494 = CARTESIAN_POINT ( 'NONE',  ( 215.7500000000000568, 3.499999999999987566, 152.3999999999997499 ) ) ;
#5495 = LINE ( 'NONE', #1159, #5925 ) ;
#5496 = ORIENTED_EDGE ( 'NONE', *, *, #6257, .F. ) ;
#5497 = ORIENTED_EDGE ( 'NONE', *, *, #2549, .F. ) ;
#5498 = VECTOR ( 'NONE', #199, 1000.000000000000000 ) ;
#5499 = EDGE_CURVE ( 'NONE', #3425, #2234, #906, .T. ) ;
#5500 = DIRECTION ( 'NONE',  ( 0.000000000000000000, -1.000000000000000000, 3.179398763478275537E-31 ) ) ;
#5501 = DIRECTION ( 'NONE',  ( 1.000000000000000000, -3.424500384408255971E-15, -9.106159978880874930E-17 ) ) ;
#5502 = ORIENTED_EDGE ( 'NONE', *, *, #3123, .T. ) ;
#5503 = CARTESIAN_POINT ( 'NONE',  ( -222.2500000000006537, 138.0500000000015177, 127.9000000000000625 ) ) ;
#5504 = DIRECTION ( 'NONE',  ( 0.000000000000000000, -1.000000000000000000, 0.000000000000000000 ) ) ;
#5505 = ORIENTED_EDGE ( 'NONE', *, *, #4446, .T. ) ;
#5506 = ORIENTED_EDGE ( 'NONE', *, *, #2903, .F. ) ;
#5507 = ORIENTED_EDGE ( 'NONE', *, *, #5077, .F. ) ;
#5508 = LINE ( 'NONE', #2590, #3602 ) ;
#5509 = LINE ( 'NONE', #3087, #4483 ) ;
#5510 = ORIENTED_EDGE ( 'NONE', *, *, #4424, .T. ) ;
#5511 = DIRECTION ( 'NONE',  ( 1.000000000000000000, -3.424500384408256366E-15, -9.106159978880876162E-17 ) ) ;
#5512 = EDGE_CURVE ( 'NONE', #1330, #4249, #662, .T. ) ;
#5513 = VERTEX_POINT ( 'NONE', #2945 ) ;
#5514 = LINE ( 'NONE', #1558, #4526 ) ;
#5516 = ORIENTED_EDGE ( 'NONE', *, *, #5196, .F. ) ;
#5515 = DIRECTION ( 'NONE',  ( 3.491481338843133355E-15, 1.000000000000000000, -3.179398763478275537E-31 ) ) ;
#5517 = DIRECTION ( 'NONE',  ( 0.000000000000000000, -1.000000000000000000, 0.000000000000000000 ) ) ;
#5518 = FACE_OUTER_BOUND ( 'NONE', #652, .T. ) ;
#5519 = VECTOR ( 'NONE', #1529, 1000.000000000000000 ) ;
#5520 = CYLINDRICAL_SURFACE ( 'NONE', #3303, 5.000000000000031974 ) ;
#5521 = EDGE_CURVE ( 'NONE', #1488, #548, #5895, .T. ) ;
#5522 = DIRECTION ( 'NONE',  ( 0.000000000000000000, 0.000000000000000000, 1.000000000000000000 ) ) ;
#5523 = EDGE_LOOP ( 'NONE', ( #954, #6229 ) ) ;
#5524 = CARTESIAN_POINT ( 'NONE',  ( 222.2500000000001705, 27.54999999999996518, 122.9000000000000341 ) ) ;
#5525 = DIRECTION ( 'NONE',  ( 0.000000000000000000, 1.000000000000000000, 0.000000000000000000 ) ) ;
#5526 = CARTESIAN_POINT ( 'NONE',  ( -201.7499999999999716, 0.000000000000000000, 140.3750000000000284 ) ) ;
#5527 = VECTOR ( 'NONE', #4192, 1000.000000000000000 ) ;
#5528 = CARTESIAN_POINT ( 'NONE',  ( -222.2500000000000284, -1.047444401652940007E-14, -152.4000000000000341 ) ) ;
#5529 = CIRCLE ( 'NONE', #576, 4.600000000000020961 ) ;
#5530 = ORIENTED_EDGE ( 'NONE', *, *, #4265, .T. ) ;
#5531 = ORIENTED_EDGE ( 'NONE', *, *, #2420, .F. ) ;
#5532 = CARTESIAN_POINT ( 'NONE',  ( 222.2500000000008242, 150.5499999999996419, -143.9000000000000341 ) ) ;
#5533 = ADVANCED_FACE ( 'NONE', ( #2976 ), #5423, .F. ) ;
#5534 = AXIS2_PLACEMENT_3D ( 'NONE', #3542, #5467, #5063 ) ;
#5535 = LINE ( 'NONE', #5565, #5761 ) ;
#5536 = EDGE_LOOP ( 'NONE', ( #2322, #3660, #5144, #4751, #4555, #1855, #4933, #4241 ) ) ;
#5537 = CARTESIAN_POINT ( 'NONE',  ( 35.70000000000003837, 0.000000000000000000, -128.3500000000000227 ) ) ;
#5538 = CARTESIAN_POINT ( 'NONE',  ( -222.2500000000013642, 85.90000000000149782, 137.9000000000000909 ) ) ;
#5539 = ORIENTED_EDGE ( 'NONE', *, *, #603, .T. ) ;
#5540 = EDGE_CURVE ( 'NONE', #17, #2011, #1280, .T. ) ;
#5541 = DIRECTION ( 'NONE',  ( 1.000000000000000000, 0.000000000000000000, 0.000000000000000000 ) ) ;
#5542 = VECTOR ( 'NONE', #1191, 1000.000000000000000 ) ;
#5543 = AXIS2_PLACEMENT_3D ( 'NONE', #5618, #5108, #826 ) ;
#5544 = CARTESIAN_POINT ( 'NONE',  ( 1.146211652379617539E-13, 141.0540838453870549, 113.4993944154793866 ) ) ;
#5545 = ORIENTED_EDGE ( 'NONE', *, *, #4061, .T. ) ;
#5546 = DIRECTION ( 'NONE',  ( 5.551115123125777969E-15, 1.000000000000000000, 0.000000000000000000 ) ) ;
#5547 = VECTOR ( 'NONE', #5789, 1000.000000000000000 ) ;
#5548 = ORIENTED_EDGE ( 'NONE', *, *, #2210, .F. ) ;
#5549 = ORIENTED_EDGE ( 'NONE', *, *, #3138, .T. ) ;
#5550 = EDGE_CURVE ( 'NONE', #2486, #4937, #1993, .T. ) ;
#5551 = CARTESIAN_POINT ( 'NONE',  ( 219.2500000000005684, 143.8999999999967940, 91.68000000000007788 ) ) ;
#5552 = LINE ( 'NONE', #2071, #5727 ) ;
#5553 = DIRECTION ( 'NONE',  ( -1.000000000000000000, -3.424500384408255971E-15, -0.000000000000000000 ) ) ;
#5554 = LINE ( 'NONE', #3564, #1306 ) ;
#5555 = DIRECTION ( 'NONE',  ( -1.000000000000000000, 0.000000000000000000, 9.106159978880874930E-17 ) ) ;
#5556 = ORIENTED_EDGE ( 'NONE', *, *, #3890, .F. ) ;
#5557 = LINE ( 'NONE', #190, #3098 ) ;
#5558 = DIRECTION ( 'NONE',  ( -0.000000000000000000, 1.000000000000000000, -0.000000000000000000 ) ) ;
#5559 = CARTESIAN_POINT ( 'NONE',  ( -222.2500000000009948, 27.55000000000148930, 122.9000000000000767 ) ) ;
#5560 = CARTESIAN_POINT ( 'NONE',  ( 201.7499999999999716, 0.000000000000000000, 138.8750000000000284 ) ) ;
#5561 = EDGE_CURVE ( 'NONE', #3543, #2097, #509, .T. ) ;
#5562 = ORIENTED_EDGE ( 'NONE', *, *, #5006, .T. ) ;
#5563 = DIRECTION ( 'NONE',  ( -1.661392638197934446E-45, 3.179398763478275537E-31, 1.000000000000000000 ) ) ;
#5564 = AXIS2_PLACEMENT_3D ( 'NONE', #1999, #5877, #69 ) ;
#5565 = CARTESIAN_POINT ( 'NONE',  ( -219.2500000000005969, 162.0999999999999943, -152.4000000000000341 ) ) ;
#5566 = VECTOR ( 'NONE', #483, 1000.000000000000000 ) ;
#5567 = VECTOR ( 'NONE', #690, 1000.000000000000000 ) ;
#5568 = ORIENTED_EDGE ( 'NONE', *, *, #6243, .T. ) ;
#5569 = LINE ( 'NONE', #1232, #5498 ) ;
#5570 = PLANE ( 'NONE',  #5649 ) ;
#5571 = ADVANCED_FACE ( 'NONE', ( #4474 ), #539, .F. ) ;
#5572 = ORIENTED_EDGE ( 'NONE', *, *, #3852, .T. ) ;
#5573 = ORIENTED_EDGE ( 'NONE', *, *, #1096, .F. ) ;
#5574 = VECTOR ( 'NONE', #737, 1000.000000000000000 ) ;
#5575 = VECTOR ( 'NONE', #666, 1000.000000000000000 ) ;
#5576 = CARTESIAN_POINT ( 'NONE',  ( 215.7500000000000568, -1.517883041479706208E-14, 152.3999999999998636 ) ) ;
#5577 = EDGE_CURVE ( 'NONE', #1349, #5768, #3894, .T. ) ;
#5578 = CARTESIAN_POINT ( 'NONE',  ( 219.2500000000006253, 159.5300000000000296, -104.3300000000000409 ) ) ;
#5579 = ORIENTED_EDGE ( 'NONE', *, *, #2665, .T. ) ;
#5580 = EDGE_CURVE ( 'NONE', #5982, #376, #1561, .T. ) ;
#5581 = DIRECTION ( 'NONE',  ( 1.000000000000000000, 3.491481338843133355E-15, -2.612746562781517964E-15 ) ) ;
#5582 = VERTEX_POINT ( 'NONE', #3436 ) ;
#5583 = EDGE_CURVE ( 'NONE', #5986, #3274, #1180, .T. ) ;
#5584 = AXIS2_PLACEMENT_3D ( 'NONE', #547, #2487, #66 ) ;
#5585 = EDGE_LOOP ( 'NONE', ( #3492, #2068, #1848, #2936 ) ) ;
#5586 = CARTESIAN_POINT ( 'NONE',  ( 219.2500000000001421, 22.54999999999997584, -1.996525575369633054E-14 ) ) ;
#5588 = VERTEX_POINT ( 'NONE', #5929 ) ;
#5587 = PLANE ( 'NONE',  #3166 ) ;
#5589 = DIRECTION ( 'NONE',  ( -0.000000000000000000, 1.000000000000000000, -0.000000000000000000 ) ) ;
#5590 = DIRECTION ( 'NONE',  ( 0.000000000000000000, 0.000000000000000000, -1.000000000000000000 ) ) ;
#5591 = CARTESIAN_POINT ( 'NONE',  ( -35.69999999999997442, 0.000000000000000000, 122.9000000000000341 ) ) ;
#5592 = ORIENTED_EDGE ( 'NONE', *, *, #2216, .F. ) ;
#5593 = EDGE_CURVE ( 'NONE', #5672, #2786, #2478, .T. ) ;
#5594 = ORIENTED_EDGE ( 'NONE', *, *, #4040, .T. ) ;
#5595 = CARTESIAN_POINT ( 'NONE',  ( 226.7516488450830252, 45.06999999999802498, 152.4000000000000341 ) ) ;
#5596 = CARTESIAN_POINT ( 'NONE',  ( -215.9677423282305426, 159.5300000000000296, 127.9699999999999420 ) ) ;
#5597 = VERTEX_POINT ( 'NONE', #3892 ) ;
#5598 = CARTESIAN_POINT ( 'NONE',  ( 222.2500000000000568, -1.047444401652930225E-14, 152.4000000000000341 ) ) ;
#5599 = CYLINDRICAL_SURFACE ( 'NONE', #402, 5.000000000000004441 ) ;
#5600 = DIRECTION ( 'NONE',  ( -1.000000000000000000, 0.000000000000000000, 0.000000000000000000 ) ) ;
#5601 = ADVANCED_FACE ( 'NONE', ( #1120 ), #1962, .F. ) ;
#5602 = ORIENTED_EDGE ( 'NONE', *, *, #5540, .T. ) ;
#5603 = FACE_OUTER_BOUND ( 'NONE', #101, .T. ) ;
#5604 = LINE ( 'NONE', #2551, #52 ) ;
#5605 = ORIENTED_EDGE ( 'NONE', *, *, #5774, .T. ) ;
#5606 = LINE ( 'NONE', #1748, #5393 ) ;
#5607 = AXIS2_PLACEMENT_3D ( 'NONE', #2033, #4559, #592 ) ;
#5608 = LINE ( 'NONE', #3177, #3589 ) ;
#5609 = VECTOR ( 'NONE', #5353, 1000.000000000000000 ) ;
#5610 = ORIENTED_EDGE ( 'NONE', *, *, #4798, .T. ) ;
#5611 = EDGE_LOOP ( 'NONE', ( #1807, #5510, #802, #3204 ) ) ;
#5612 = ORIENTED_EDGE ( 'NONE', *, *, #5623, .F. ) ;
#5613 = DIRECTION ( 'NONE',  ( -1.000000000000000000, -3.424500384408255971E-15, 0.000000000000000000 ) ) ;
#5614 = CIRCLE ( 'NONE', #1259, 6.349999999999994316 ) ;
#5615 = EDGE_CURVE ( 'NONE', #5125, #5203, #4986, .T. ) ;
#5616 = DIRECTION ( 'NONE',  ( -1.000000000000000000, 0.000000000000000000, -0.000000000000000000 ) ) ;
#5617 = CARTESIAN_POINT ( 'NONE',  ( 219.2500000000000568, 19.92999999999800309, -152.4000000000000341 ) ) ;
#5618 = CARTESIAN_POINT ( 'NONE',  ( 11.65000000000003588, 0.000000000000000000, -128.3500000000000227 ) ) ;
#5619 = ORIENTED_EDGE ( 'NONE', *, *, #5583, .F. ) ;
#5620 = DIRECTION ( 'NONE',  ( 1.000000000000000000, -4.418089334404615211E-15, 4.418089334404615211E-15 ) ) ;
#5621 = VERTEX_POINT ( 'NONE', #2572 ) ;
#5622 = AXIS2_PLACEMENT_3D ( 'NONE', #3598, #3561, #4569 ) ;
#5623 = EDGE_CURVE ( 'NONE', #3607, #5473, #4885, .T. ) ;
#5624 = CARTESIAN_POINT ( 'NONE',  ( -219.2500000000005400, 145.4999999999952536, 114.6800000000000779 ) ) ;
#5626 = ORIENTED_EDGE ( 'NONE', *, *, #428, .F. ) ;
#5625 = CYLINDRICAL_SURFACE ( 'NONE', #4706, 12.50000000000001066 ) ;
#5627 = DIRECTION ( 'NONE',  ( -1.404686776674259126E-45, -3.179398763478275537E-31, -1.000000000000000000 ) ) ;
#5628 = VECTOR ( 'NONE', #5927, 1000.000000000000000 ) ;
#5629 = ADVANCED_FACE ( 'NONE', ( #5394 ), #3381, .F. ) ;
#5630 = VERTEX_POINT ( 'NONE', #4385 ) ;
#5631 = CARTESIAN_POINT ( 'NONE',  ( -222.2500000000013642, 85.90000000000149782, 137.9000000000000909 ) ) ;
#5632 = CARTESIAN_POINT ( 'NONE',  ( 11.65000000000006608, -10.00000000000000000, 122.9000000000000341 ) ) ;
#5633 = ORIENTED_EDGE ( 'NONE', *, *, #1910, .T. ) ;
#5634 = DIRECTION ( 'NONE',  ( 1.000000000000000000, 0.000000000000000000, 0.000000000000000000 ) ) ;
#5635 = PLANE ( 'NONE',  #2883 ) ;
#5636 = CARTESIAN_POINT ( 'NONE',  ( -222.2500000000010232, 27.55000000000148930, -128.3500000000000227 ) ) ;
#5637 = CARTESIAN_POINT ( 'NONE',  ( -24.68344801572538216, -3.000000000000000000, 28.40000011181540174 ) ) ;
#5638 = ORIENTED_EDGE ( 'NONE', *, *, #2991, .F. ) ;
#5639 = ORIENTED_EDGE ( 'NONE', *, *, #180, .F. ) ;
#5640 = ORIENTED_EDGE ( 'NONE', *, *, #2008, .T. ) ;
#5641 = LINE ( 'NONE', #1776, #1498 ) ;
#5642 = EDGE_CURVE ( 'NONE', #427, #1111, #27, .T. ) ;
#5643 = DIRECTION ( 'NONE',  ( -0.000000000000000000, -0.000000000000000000, -1.000000000000000000 ) ) ;
#5644 = CIRCLE ( 'NONE', #772, 1.500000000000001332 ) ;
#5645 = ORIENTED_EDGE ( 'NONE', *, *, #725, .T. ) ;
#5646 = CARTESIAN_POINT ( 'NONE',  ( 219.2500000000001705, 19.92999999999800309, -149.3300000000000409 ) ) ;
#5647 = CARTESIAN_POINT ( 'NONE',  ( 0.000000000000000000, 0.000000000000000000, 147.8300000000000409 ) ) ;
#5648 = ORIENTED_EDGE ( 'NONE', *, *, #4444, .T. ) ;
#5649 = AXIS2_PLACEMENT_3D ( 'NONE', #4240, #232, #1233 ) ;
#5650 = PLANE ( 'NONE',  #294 ) ;
#5651 = VERTEX_POINT ( 'NONE', #57 ) ;
#5652 = VECTOR ( 'NONE', #915, 1000.000000000000000 ) ;
#5653 = LINE ( 'NONE', #5170, #5662 ) ;
#5654 = ORIENTED_EDGE ( 'NONE', *, *, #286, .T. ) ;
#5655 = PLANE ( 'NONE',  #5788 ) ;
#5656 = AXIS2_PLACEMENT_3D ( 'NONE', #663, #600, #1624 ) ;
#5657 = ADVANCED_FACE ( 'NONE', ( #2017 ), #3920, .F. ) ;
#5658 = DIRECTION ( 'NONE',  ( -5.551115123125777969E-15, -1.000000000000000000, 0.000000000000000000 ) ) ;
#5660 = EDGE_LOOP ( 'NONE', ( #2733, #1924, #4552, #944 ) ) ;
#5659 = DIRECTION ( 'NONE',  ( -1.000000000000000000, 3.424500384408255971E-15, 9.106159978880874930E-17 ) ) ;
#5661 = ORIENTED_EDGE ( 'NONE', *, *, #5561, .F. ) ;
#5662 = VECTOR ( 'NONE', #5200, 1000.000000000000000 ) ;
#5663 = DIRECTION ( 'NONE',  ( -1.000000000000000000, -3.424500384408255577E-15, -0.000000000000000000 ) ) ;
#5664 = EDGE_CURVE ( 'NONE', #5892, #2105, #6233, .T. ) ;
#5665 = LINE ( 'NONE', #5631, #4968 ) ;
#5666 = DIRECTION ( 'NONE',  ( 1.000000000000000000, -0.000000000000000000, -0.000000000000000000 ) ) ;
#5667 = DIRECTION ( 'NONE',  ( -0.000000000000000000, 1.000000000000000000, -0.000000000000000000 ) ) ;
#5668 = CARTESIAN_POINT ( 'NONE',  ( 219.2500000000006253, 159.5300000000000296, -1.996525575369629899E-14 ) ) ;
#5669 = DIRECTION ( 'NONE',  ( -2.612746562781517964E-15, -9.440295743426037321E-30, -1.000000000000000000 ) ) ;
#5670 = ORIENTED_EDGE ( 'NONE', *, *, #3296, .F. ) ;
#5671 = ADVANCED_FACE ( 'NONE', ( #1279 ), #5965, .F. ) ;
#5672 = VERTEX_POINT ( 'NONE', #1660 ) ;
#5673 = ORIENTED_EDGE ( 'NONE', *, *, #1343, .F. ) ;
#5674 = CARTESIAN_POINT ( 'NONE',  ( 222.2500000000007390, 141.0540838453861170, 92.86060558451998759 ) ) ;
#5675 = DIRECTION ( 'NONE',  ( -1.000000000000000000, -3.424500384408255971E-15, -0.000000000000000000 ) ) ;
#5676 = ORIENTED_EDGE ( 'NONE', *, *, #4872, .F. ) ;
#5677 = VERTEX_POINT ( 'NONE', #3193 ) ;
#5678 = DIRECTION ( 'NONE',  ( 0.000000000000000000, 1.000000000000000000, 0.000000000000000000 ) ) ;
#5679 = VERTEX_POINT ( 'NONE', #5591 ) ;
#5680 = EDGE_CURVE ( 'NONE', #2933, #4988, #6024, .T. ) ;
#5681 = VECTOR ( 'NONE', #4861, 1000.000000000000000 ) ;
#5682 = CARTESIAN_POINT ( 'NONE',  ( 222.2500000000008242, 152.0999999999996248, 143.8999999999999773 ) ) ;
#5683 = CARTESIAN_POINT ( 'NONE',  ( 227.6485571369686056, 93.61999999999801503, -147.8300000000000409 ) ) ;
#5684 = EDGE_LOOP ( 'NONE', ( #1697, #4614, #5226, #5700, #407, #1841, #252, #1486 ) ) ;
#5685 = DIRECTION ( 'NONE',  ( 0.000000000000000000, 0.000000000000000000, -1.000000000000000000 ) ) ;
#5686 = ORIENTED_EDGE ( 'NONE', *, *, #3765, .T. ) ;
#5687 = CARTESIAN_POINT ( 'NONE',  ( 219.2500000000000568, 93.61999999999801503, -152.4000000000000341 ) ) ;
#5689 = ORIENTED_EDGE ( 'NONE', *, *, #2438, .T. ) ;
#5688 = FACE_OUTER_BOUND ( 'NONE', #3336, .T. ) ;
#5690 = AXIS2_PLACEMENT_3D ( 'NONE', #5526, #1192, #3105 ) ;
#5691 = CARTESIAN_POINT ( 'NONE',  ( -226.7516488450830252, 45.06999999999802498, 147.8300000000000409 ) ) ;
#5692 = ORIENTED_EDGE ( 'NONE', *, *, #4904, .T. ) ;
#5693 = CARTESIAN_POINT ( 'NONE',  ( -222.2500000000006253, 159.5300000000000011, -52.03670000000001750 ) ) ;
#5694 = LINE ( 'NONE', #412, #5162 ) ;
#5695 = EDGE_CURVE ( 'NONE', #2158, #1518, #3067, .T. ) ;
#5696 = CARTESIAN_POINT ( 'NONE',  ( 222.2500000000012506, 162.0999999999999943, -26.89669999999999561 ) ) ;
#5697 = DIRECTION ( 'NONE',  ( -3.424500384408255577E-15, -1.000000000000000000, -0.000000000000000000 ) ) ;
#5698 = CARTESIAN_POINT ( 'NONE',  ( -222.2500000000003126, 68.47999999999801446, -149.3300000000000409 ) ) ;
#5699 = ADVANCED_FACE ( 'NONE', ( #1766 ), #4601, .F. ) ;
#5700 = ORIENTED_EDGE ( 'NONE', *, *, #6172, .F. ) ;
#5701 = DIRECTION ( 'NONE',  ( -1.000000000000000000, 0.000000000000000000, 1.104699526990205168E-16 ) ) ;
#5702 = DIRECTION ( 'NONE',  ( -0.000000000000000000, -0.000000000000000000, 1.000000000000000000 ) ) ;
#5703 = ORIENTED_EDGE ( 'NONE', *, *, #4390, .T. ) ;
#5704 = LINE ( 'NONE', #1877, #1151 ) ;
#5705 = CARTESIAN_POINT ( 'NONE',  ( 222.2500000000002842, 68.47999999999801446, -152.4000000000000341 ) ) ;
#5706 = VERTEX_POINT ( 'NONE', #5148 ) ;
#5707 = EDGE_CURVE ( 'NONE', #4347, #689, #151, .T. ) ;
#5708 = ORIENTED_EDGE ( 'NONE', *, *, #6021, .T. ) ;
#5709 = DIRECTION ( 'NONE',  ( -0.000000000000000000, 1.000000000000000000, -0.000000000000000000 ) ) ;
#5710 = AXIS2_PLACEMENT_3D ( 'NONE', #655, #5385, #4905 ) ;
#5711 = AXIS2_PLACEMENT_3D ( 'NONE', #6042, #4584, #5909 ) ;
#5712 = VERTEX_POINT ( 'NONE', #5015 ) ;
#5713 = FACE_OUTER_BOUND ( 'NONE', #3550, .T. ) ;
#5714 = ORIENTED_EDGE ( 'NONE', *, *, #2751, .F. ) ;
#5715 = VECTOR ( 'NONE', #1908, 1000.000000000000000 ) ;
#5716 = VERTEX_POINT ( 'NONE', #2727 ) ;
#5717 = ADVANCED_FACE ( 'NONE', ( #5487 ), #6060, .T. ) ;
#5718 = CARTESIAN_POINT ( 'NONE',  ( -11.65000000000000746, -3.000000000000000000, -128.3500000000000227 ) ) ;
#5719 = CARTESIAN_POINT ( 'NONE',  ( 219.2500000000006253, 162.0999999999999943, -152.4000000000000341 ) ) ;
#5720 = ORIENTED_EDGE ( 'NONE', *, *, #5147, .T. ) ;
#5721 = ORIENTED_EDGE ( 'NONE', *, *, #5852, .F. ) ;
#5722 = FACE_OUTER_BOUND ( 'NONE', #5379, .T. ) ;
#5723 = VECTOR ( 'NONE', #1150, 1000.000000000000000 ) ;
#5724 = CARTESIAN_POINT ( 'NONE',  ( 222.2500000000006253, 162.0999999999999943, 152.4000000000000341 ) ) ;
#5725 = CARTESIAN_POINT ( 'NONE',  ( 11.65000000000003588, -3.000000000000000000, -133.3500000000000227 ) ) ;
#5726 = DIRECTION ( 'NONE',  ( -3.424500384408255577E-15, 1.000000000000000000, -3.179398763478275099E-31 ) ) ;
#5727 = VECTOR ( 'NONE', #5515, 1000.000000000000000 ) ;
#5728 = LINE ( 'NONE', #4772, #1018 ) ;
#5729 = CARTESIAN_POINT ( 'NONE',  ( 201.7499999999999716, 0.000000000000000000, 140.3750000000000284 ) ) ;
#5730 = EDGE_CURVE ( 'NONE', #6127, #4868, #4162, .T. ) ;
#5731 = DIRECTION ( 'NONE',  ( 3.424500384408255577E-15, 1.000000000000000000, -0.000000000000000000 ) ) ;
#5732 = CARTESIAN_POINT ( 'NONE',  ( 222.2500000000006253, 159.5300000000000011, -52.03670000000001750 ) ) ;
#5733 = DIRECTION ( 'NONE',  ( -9.106159978880874930E-17, 0.000000000000000000, -1.000000000000000000 ) ) ;
#5734 = DIRECTION ( 'NONE',  ( -0.000000000000000000, 1.000000000000000000, -0.000000000000000000 ) ) ;
#5735 = DIRECTION ( 'NONE',  ( -9.106159978880874930E-17, 0.000000000000000000, -1.000000000000000000 ) ) ;
#5736 = VERTEX_POINT ( 'NONE', #4540 ) ;
#5737 = ADVANCED_FACE ( 'NONE', ( #3099 ), #4021, .F. ) ;
#5738 = AXIS2_PLACEMENT_3D ( 'NONE', #5637, #291, #3137 ) ;
#5739 = LINE ( 'NONE', #1783, #1422 ) ;
#5740 = ADVANCED_FACE ( 'NONE', ( #5518 ), #6093, .T. ) ;
#5741 = EDGE_LOOP ( 'NONE', ( #175, #308, #5451, #4222 ) ) ;
#5742 = DIRECTION ( 'NONE',  ( -9.106159978880874930E-17, 3.118404834816063268E-31, -1.000000000000000000 ) ) ;
#5743 = VECTOR ( 'NONE', #1780, 1000.000000000000000 ) ;
#5744 = EDGE_CURVE ( 'NONE', #822, #3803, #5051, .T. ) ;
#5745 = ORIENTED_EDGE ( 'NONE', *, *, #1254, .F. ) ;
#5746 = DIRECTION ( 'NONE',  ( 0.000000000000000000, 1.000000000000000000, 0.000000000000000000 ) ) ;
#5747 = ORIENTED_EDGE ( 'NONE', *, *, #1695, .F. ) ;
#5748 = DIRECTION ( 'NONE',  ( 1.000000000000000000, 3.424500384408255577E-15, 0.000000000000000000 ) ) ;
#5749 = EDGE_LOOP ( 'NONE', ( #1942, #2738, #4628, #559 ) ) ;
#5750 = VECTOR ( 'NONE', #1117, 1000.000000000000000 ) ;
#5751 = LINE ( 'NONE', #6184, #2400 ) ;
#5752 = ADVANCED_FACE ( 'NONE', ( #283 ), #2242, .F. ) ;
#5753 = CARTESIAN_POINT ( 'NONE',  ( -16.64999999999999147, -3.000000000000000000, 2.069240301493527100E-15 ) ) ;
#5754 = DIRECTION ( 'NONE',  ( -0.000000000000000000, -0.000000000000000000, -1.000000000000000000 ) ) ;
#5755 = AXIS2_PLACEMENT_3D ( 'NONE', #4231, #5282, #934 ) ;
#5756 = AXIS2_PLACEMENT_3D ( 'NONE', #6016, #2626, #1619 ) ;
#5757 = FACE_OUTER_BOUND ( 'NONE', #41, .T. ) ;
#5758 = DIRECTION ( 'NONE',  ( 0.000000000000000000, -1.000000000000000000, 0.000000000000000000 ) ) ;
#5759 = DIRECTION ( 'NONE',  ( -1.000000000000000000, 0.000000000000000000, 0.000000000000000000 ) ) ;
#5760 = VERTEX_POINT ( 'NONE', #1729 ) ;
#5761 = VECTOR ( 'NONE', #1608, 1000.000000000000000 ) ;
#5762 = FACE_OUTER_BOUND ( 'NONE', #5158, .T. ) ;
#5763 = LINE ( 'NONE', #1843, #5492 ) ;
#5764 = DIRECTION ( 'NONE',  ( 1.000000000000000000, 0.000000000000000000, -0.000000000000000000 ) ) ;
#5765 = EDGE_LOOP ( 'NONE', ( #5645, #4956, #3245, #4276 ) ) ;
#5766 = CARTESIAN_POINT ( 'NONE',  ( -222.2500000000006537, 138.0500000000015177, -133.3499999999999943 ) ) ;
#5767 = PRODUCT_CONTEXT ( 'NONE', #3838, 'mechanical' ) ;
#5768 = VERTEX_POINT ( 'NONE', #4086 ) ;
#5769 = VECTOR ( 'NONE', #6187, 1000.000000000000000 ) ;
#5770 = FACE_OUTER_BOUND ( 'NONE', #5177, .T. ) ;
#5771 = ADVANCED_FACE ( 'NONE', ( #4570 ), #213, .F. ) ;
#5772 = CARTESIAN_POINT ( 'NONE',  ( -219.2500000000001137, 22.55000000000147864, -128.3500000000000227 ) ) ;
#5773 = VERTEX_POINT ( 'NONE', #4765 ) ;
#5774 = EDGE_CURVE ( 'NONE', #6113, #403, #346, .T. ) ;
#5775 = VECTOR ( 'NONE', #2904, 1000.000000000000000 ) ;
#5776 = DIRECTION ( 'NONE',  ( 0.000000000000000000, 1.000000000000000000, -0.000000000000000000 ) ) ;
#5777 = ORIENTED_EDGE ( 'NONE', *, *, #1216, .T. ) ;
#5778 = FACE_OUTER_BOUND ( 'NONE', #4216, .T. ) ;
#5779 = DIRECTION ( 'NONE',  ( -1.000000000000000000, -3.424500384408255577E-15, -0.000000000000000000 ) ) ;
#5780 = PLANE ( 'NONE',  #3332 ) ;
#5781 = CIRCLE ( 'NONE', #4158, 1.500000000000001332 ) ;
#5782 = VECTOR ( 'NONE', #1335, 1000.000000000000000 ) ;
#5783 = DIRECTION ( 'NONE',  ( -1.000000000000000000, 3.491481338843133355E-15, -2.612746562781517964E-15 ) ) ;
#5784 = DIRECTION ( 'NONE',  ( 1.000000000000000000, 0.000000000000000000, -0.000000000000000000 ) ) ;
#5785 = CARTESIAN_POINT ( 'NONE',  ( -219.2500000000004263, 117.0299999999980116, 0.000000000000000000 ) ) ;
#5786 = PLANE ( 'NONE',  #5023 ) ;
#5787 = VERTEX_POINT ( 'NONE', #1828 ) ;
#5788 = AXIS2_PLACEMENT_3D ( 'NONE', #1886, #5742, #4661 ) ;
#5789 = DIRECTION ( 'NONE',  ( 1.000000000000000000, -3.424500384408256366E-15, -9.106159978880876162E-17 ) ) ;
#5790 = LINE ( 'NONE', #1447, #3729 ) ;
#5791 = LINE ( 'NONE', #2429, #3298 ) ;
#5792 = FACE_BOUND ( 'NONE', #9, .T. ) ;
#5793 = ADVANCED_FACE ( 'NONE', ( #2390 ), #316, .F. ) ;
#5794 = LINE ( 'NONE', #1420, #745 ) ;
#5795 = ORIENTED_EDGE ( 'NONE', *, *, #413, .F. ) ;
#5796 = CARTESIAN_POINT ( 'NONE',  ( -11.64999999999997904, -10.00000000000000000, 127.9000000000000483 ) ) ;
#5797 = ORIENTED_EDGE ( 'NONE', *, *, #4613, .F. ) ;
#5798 = DIRECTION ( 'NONE',  ( 0.000000000000000000, 1.000000000000000000, 0.000000000000000000 ) ) ;
#5799 = ORIENTED_EDGE ( 'NONE', *, *, #4424, .F. ) ;
#5800 = EDGE_CURVE ( 'NONE', #525, #5418, #5751, .T. ) ;
#5801 = LINE ( 'NONE', #3404, #3486 ) ;
#5802 = VERTEX_POINT ( 'NONE', #1376 ) ;
#5803 = DIRECTION ( 'NONE',  ( 1.000000000000000000, 0.000000000000000000, -9.106159978880874930E-17 ) ) ;
#5804 = ORIENTED_EDGE ( 'NONE', *, *, #2696, .F. ) ;
#5805 = DIRECTION ( 'NONE',  ( 1.000000000000000000, 5.225493125563035928E-15, 0.000000000000000000 ) ) ;
#5806 = EDGE_CURVE ( 'NONE', #4873, #5008, #4701, .T. ) ;
#5807 = CARTESIAN_POINT ( 'NONE',  ( -227.6485571369686056, 93.61999999999801503, 147.8300000000000409 ) ) ;
#5808 = CARTESIAN_POINT ( 'NONE',  ( 215.7500000000000568, 3.499999999999987566, -152.4000000000000341 ) ) ;
#5809 = DIRECTION ( 'NONE',  ( 3.424500384408255577E-15, -1.000000000000000000, 3.179398763478275099E-31 ) ) ;
#5810 = EDGE_CURVE ( 'NONE', #5203, #144, #5275, .T. ) ;
#5811 = CARTESIAN_POINT ( 'NONE',  ( 201.7500000000000284, 0.000000000000000000, -139.9250000000000114 ) ) ;
#5812 = CARTESIAN_POINT ( 'NONE',  ( 222.2500000000008242, 153.6499999999996078, 143.8999999999999773 ) ) ;
#5813 = CARTESIAN_POINT ( 'NONE',  ( 222.2500000000007105, 145.4999999999967599, 114.6800000000000779 ) ) ;
#5814 = CARTESIAN_POINT ( 'NONE',  ( -222.2500000000005400, 145.4999999999952536, 91.68000000000007788 ) ) ;
#5815 = AXIS2_PLACEMENT_3D ( 'NONE', #4789, #5273, #5803 ) ;
#5816 = DIRECTION ( 'NONE',  ( -3.424500384408255577E-15, -1.000000000000000000, 0.000000000000000000 ) ) ;
#5817 = DIRECTION ( 'NONE',  ( -1.000000000000000000, 3.424500384408255971E-15, 9.106159978880874930E-17 ) ) ;
#5818 = LINE ( 'NONE', #1004, #1190 ) ;
#5819 = ORIENTED_EDGE ( 'NONE', *, *, #3848, .F. ) ;
#5820 = ORIENTED_EDGE ( 'NONE', *, *, #3374, .T. ) ;
#5821 = EDGE_CURVE ( 'NONE', #4171, #3088, #3317, .T. ) ;
#5822 = CARTESIAN_POINT ( 'NONE',  ( 222.2500000000003411, 93.61999999999801503, -149.3300000000000409 ) ) ;
#5823 = ORIENTED_EDGE ( 'NONE', *, *, #131, .T. ) ;
#5824 = CARTESIAN_POINT ( 'NONE',  ( 222.2500000000007105, 143.8999999999967940, 114.6800000000000779 ) ) ;
#5825 = ORIENTED_EDGE ( 'NONE', *, *, #6276, .F. ) ;
#5826 = ORIENTED_EDGE ( 'NONE', *, *, #1881, .T. ) ;
#5827 = CARTESIAN_POINT ( 'NONE',  ( 24.67999999998769667, -3.000000000000000000, 28.40000011181486173 ) ) ;
#5828 = ORIENTED_EDGE ( 'NONE', *, *, #527, .T. ) ;
#5829 = AXIS2_PLACEMENT_3D ( 'NONE', #1080, #4917, #5840 ) ;
#5830 = LINE ( 'NONE', #2471, #755 ) ;
#5831 = VECTOR ( 'NONE', #4718, 1000.000000000000000 ) ;
#5832 = ORIENTED_EDGE ( 'NONE', *, *, #5323, .F. ) ;
#5833 = ADVANCED_FACE ( 'NONE', ( #5722 ), #3283, .T. ) ;
#5834 = DIRECTION ( 'NONE',  ( 9.106159978880874930E-17, -3.118404834816063268E-31, 1.000000000000000000 ) ) ;
#5835 = VECTOR ( 'NONE', #1296, 1000.000000000000000 ) ;
#5836 = DIRECTION ( 'NONE',  ( 0.000000000000000000, 0.000000000000000000, -1.000000000000000000 ) ) ;
#5837 = DIRECTION ( 'NONE',  ( 0.000000000000000000, 1.000000000000000000, 0.000000000000000000 ) ) ;
#5838 = VECTOR ( 'NONE', #4393, 1000.000000000000000 ) ;
#5839 = EDGE_CURVE ( 'NONE', #5290, #3701, #3829, .T. ) ;
#5840 = DIRECTION ( 'NONE',  ( -5.551115123125777969E-15, 1.000000000000000000, 0.000000000000000000 ) ) ;
#5841 = EDGE_CURVE ( 'NONE', #4426, #4937, #930, .T. ) ;
#5842 = CIRCLE ( 'NONE', #4230, 12.50000000000001066 ) ;
#5843 = FACE_BOUND ( 'NONE', #4843, .T. ) ;
#5844 = CARTESIAN_POINT ( 'NONE',  ( -222.2500000000000284, -7.715696544512643717E-13, 147.8300000000000409 ) ) ;
#5845 = EDGE_CURVE ( 'NONE', #4621, #6133, #3225, .T. ) ;
#5846 = PLANE ( 'NONE',  #4635 ) ;
#5847 = DIRECTION ( 'NONE',  ( -1.000000000000000000, -3.424500384408255577E-15, -0.000000000000000000 ) ) ;
#5848 = ADVANCED_FACE ( 'NONE', ( #4223 ), #439, .T. ) ;
#5849 = DIRECTION ( 'NONE',  ( -1.000000000000000000, 5.225493125563035928E-15, 0.000000000000000000 ) ) ;
#5850 = ORIENTED_EDGE ( 'NONE', *, *, #4565, .F. ) ;
#5851 = DIRECTION ( 'NONE',  ( -3.491481338843133355E-15, 1.000000000000000000, -3.179398763478275537E-31 ) ) ;
#5852 = EDGE_CURVE ( 'NONE', #136, #5221, #1435, .T. ) ;
#5853 = EDGE_CURVE ( 'NONE', #719, #1062, #1893, .T. ) ;
#5854 = ORIENTED_EDGE ( 'NONE', *, *, #5006, .F. ) ;
#5855 = AXIS2_PLACEMENT_3D ( 'NONE', #4671, #3228, #3705 ) ;
#5856 = CARTESIAN_POINT ( 'NONE',  ( -201.7500000000000284, 0.000000000000000000, -139.9250000000000114 ) ) ;
#5857 = ORIENTED_EDGE ( 'NONE', *, *, #3743, .T. ) ;
#5858 = CARTESIAN_POINT ( 'NONE',  ( -219.2500000000003126, 93.61999999999801503, -149.3300000000000409 ) ) ;
#5859 = ADVANCED_FACE ( 'NONE', ( #6155 ), #3733, .F. ) ;
#5860 = VERTEX_POINT ( 'NONE', #5212 ) ;
#5861 = AXIS2_PLACEMENT_3D ( 'NONE', #5814, #30, #1991 ) ;
#5862 = DIRECTION ( 'NONE',  ( 0.000000000000000000, -0.000000000000000000, 1.000000000000000000 ) ) ;
#5863 = VECTOR ( 'NONE', #5951, 1000.000000000000000 ) ;
#5864 = CARTESIAN_POINT ( 'NONE',  ( -219.2500000000005969, 162.1000000000000227, -104.3300000000000409 ) ) ;
#5865 = CARTESIAN_POINT ( 'NONE',  ( 0.000000000000000000, -3.000000000000000000, -133.3500000000000227 ) ) ;
#5866 = ORIENTED_EDGE ( 'NONE', *, *, #5160, .F. ) ;
#5867 = VECTOR ( 'NONE', #285, 1000.000000000000000 ) ;
#5868 = FACE_BOUND ( 'NONE', #532, .T. ) ;
#5869 = EDGE_CURVE ( 'NONE', #126, #5221, #864, .T. ) ;
#5870 = DIRECTION ( 'NONE',  ( 1.000000000000000000, 0.000000000000000000, 0.000000000000000000 ) ) ;
#5871 = DIRECTION ( 'NONE',  ( 0.000000000000000000, 0.000000000000000000, 1.000000000000000000 ) ) ;
#5872 = PLANE ( 'NONE',  #3187 ) ;
#5873 = VERTEX_POINT ( 'NONE', #901 ) ;
#5874 = AXIS2_PLACEMENT_3D ( 'NONE', #33, #1635, #160 ) ;
#5875 = DIRECTION ( 'NONE',  ( -5.551115123125777969E-15, -1.000000000000000000, 0.000000000000000000 ) ) ;
#5876 = ORIENTED_EDGE ( 'NONE', *, *, #63, .F. ) ;
#5877 = DIRECTION ( 'NONE',  ( 3.424500384408256366E-15, 1.000000000000000000, -3.783043954833576280E-31 ) ) ;
#5878 = ORIENTED_EDGE ( 'NONE', *, *, #275, .F. ) ;
#5879 = EDGE_CURVE ( 'NONE', #3239, #1875, #2827, .T. ) ;
#5880 = LINE ( 'NONE', #6236, #2868 ) ;
#5881 = ORIENTED_EDGE ( 'NONE', *, *, #3246, .T. ) ;
#5882 = DIRECTION ( 'NONE',  ( -1.000000000000000000, 3.424500384408255971E-15, 9.106159978880874930E-17 ) ) ;
#5883 = ORIENTED_EDGE ( 'NONE', *, *, #1298, .F. ) ;
#5884 = CARTESIAN_POINT ( 'NONE',  ( -219.2500000000005400, 143.0500000000015177, 87.78673658738196650 ) ) ;
#5885 = ORIENTED_EDGE ( 'NONE', *, *, #2665, .F. ) ;
#5886 = ORIENTED_EDGE ( 'NONE', *, *, #3322, .T. ) ;
#5887 = ORIENTED_EDGE ( 'NONE', *, *, #725, .F. ) ;
#5888 = VERTEX_POINT ( 'NONE', #4284 ) ;
#5889 = ADVANCED_FACE ( 'NONE', ( #6215 ), #2127, .T. ) ;
#5890 = DIRECTION ( 'NONE',  ( 0.000000000000000000, -0.000000000000000000, 1.000000000000000000 ) ) ;
#5892 = VERTEX_POINT ( 'NONE', #4972 ) ;
#5891 = LINE ( 'NONE', #1928, #1269 ) ;
#5893 = VECTOR ( 'NONE', #3853, 1000.000000000000000 ) ;
#5894 = AXIS2_PLACEMENT_3D ( 'NONE', #4488, #2126, #4002 ) ;
#5895 = LINE ( 'NONE', #5865, #3993 ) ;
#5896 = PRESENTATION_STYLE_ASSIGNMENT (( #4024 ) ) ;
#5897 = VECTOR ( 'NONE', #1390, 1000.000000000000000 ) ;
#5898 = FACE_OUTER_BOUND ( 'NONE', #4329, .T. ) ;
#5899 = DIRECTION ( 'NONE',  ( -9.106159978880874930E-17, 4.023182828007574966E-31, -1.000000000000000000 ) ) ;
#5900 = DIRECTION ( 'NONE',  ( 1.295503547756091292E-45, -3.783043954833576718E-31, -1.000000000000000000 ) ) ;
#5901 = LINE ( 'NONE', #96, #3941 ) ;
#5902 = EDGE_CURVE ( 'NONE', #2556, #3049, #4003, .T. ) ;
#5903 = ORIENTED_EDGE ( 'NONE', *, *, #2627, .F. ) ;
#5904 = CIRCLE ( 'NONE', #5756, 4.600000000003018563 ) ;
#5905 = CARTESIAN_POINT ( 'NONE',  ( -222.2500000000013927, 79.55000000000150351, 137.9000000000000909 ) ) ;
#5906 = CARTESIAN_POINT ( 'NONE',  ( -222.2500000000006253, 159.5300000000000011, 50.53659999999998576 ) ) ;
#5907 = ORIENTED_EDGE ( 'NONE', *, *, #2749, .F. ) ;
#5908 = AXIS2_PLACEMENT_3D ( 'NONE', #350, #3768, #1896 ) ;
#5909 = DIRECTION ( 'NONE',  ( 0.000000000000000000, 0.000000000000000000, 1.000000000000000000 ) ) ;
#5910 = ADVANCED_FACE ( 'NONE', ( #1169 ), #4071, .F. ) ;
#5911 = EDGE_LOOP ( 'NONE', ( #821, #448, #3031, #5820 ) ) ;
#5912 = ORIENTED_EDGE ( 'NONE', *, *, #4089, .F. ) ;
#5913 = VECTOR ( 'NONE', #6066, 1000.000000000000000 ) ;
#5914 = CARTESIAN_POINT ( 'NONE',  ( -219.2500000000000284, -7.610952104347350095E-13, 0.000000000000000000 ) ) ;
#5915 = DIRECTION ( 'NONE',  ( 0.000000000000000000, 0.000000000000000000, 1.000000000000000000 ) ) ;
#5916 = ORIENTED_EDGE ( 'NONE', *, *, #2971, .F. ) ;
#5917 = EDGE_CURVE ( 'NONE', #5448, #1972, #3694, .T. ) ;
#5918 = DIRECTION ( 'NONE',  ( 0.000000000000000000, 0.000000000000000000, 1.000000000000000000 ) ) ;
#5919 = ORIENTED_EDGE ( 'NONE', *, *, #4523, .F. ) ;
#5920 = ORIENTED_EDGE ( 'NONE', *, *, #2330, .T. ) ;
#5921 = ADVANCED_FACE ( 'NONE', ( #5035 ), #3515, .F. ) ;
#5922 = ORIENTED_EDGE ( 'NONE', *, *, #455, .F. ) ;
#5923 = VERTEX_POINT ( 'NONE', #5945 ) ;
#5924 = EDGE_LOOP ( 'NONE', ( #1989, #2149, #564, #6088 ) ) ;
#5925 = VECTOR ( 'NONE', #3202, 1000.000000000000000 ) ;
#5926 = DIRECTION ( 'NONE',  ( 0.000000000000000000, -1.000000000000000000, 0.000000000000000000 ) ) ;
#5927 = DIRECTION ( 'NONE',  ( 1.104699526990205168E-16, -0.000000000000000000, 1.000000000000000000 ) ) ;
#5928 = VECTOR ( 'NONE', #2484, 1000.000000000000000 ) ;
#5929 = CARTESIAN_POINT ( 'NONE',  ( -215.7500000000000284, -3.000000000000014655, 152.4000000000000341 ) ) ;
#5930 = DIRECTION ( 'NONE',  ( -1.000000000000000000, -3.424500384408255577E-15, -0.000000000000000000 ) ) ;
#5931 = EDGE_CURVE ( 'NONE', #2994, #1580, #5329, .T. ) ;
#5932 = AXIS2_PLACEMENT_3D ( 'NONE', #1152, #186, #2203 ) ;
#5933 = DIRECTION ( 'NONE',  ( -0.000000000000000000, 1.000000000000000000, -0.000000000000000000 ) ) ;
#5934 = CARTESIAN_POINT ( 'NONE',  ( -222.2500000000006253, 159.5300000000000011, -129.4700000000000273 ) ) ;
#5935 = CARTESIAN_POINT ( 'NONE',  ( -222.2500000000006253, 159.5300000000000011, 102.8299999999999841 ) ) ;
#5936 = FACE_OUTER_BOUND ( 'NONE', #4566, .T. ) ;
#5937 = AXIS2_PLACEMENT_3D ( 'NONE', #507, #4380, #1497 ) ;
#5938 = VERTEX_POINT ( 'NONE', #2618 ) ;
#5939 = LINE ( 'NONE', #3018, #1401 ) ;
#5940 = FACE_OUTER_BOUND ( 'NONE', #4672, .T. ) ;
#5941 = AXIS2_PLACEMENT_3D ( 'NONE', #3046, #2576, #4509 ) ;
#5942 = VECTOR ( 'NONE', #5258, 1000.000000000000000 ) ;
#5943 = ORIENTED_EDGE ( 'NONE', *, *, #155, .F. ) ;
#5944 = CARTESIAN_POINT ( 'NONE',  ( -222.2500000000005400, 142.1699999999980264, -152.4000000000000341 ) ) ;
#5945 = CARTESIAN_POINT ( 'NONE',  ( 222.2500000000001421, 27.54999999999996518, -133.3500000000000512 ) ) ;
#5946 = ORIENTED_EDGE ( 'NONE', *, *, #4558, .T. ) ;
#5947 = ORIENTED_EDGE ( 'NONE', *, *, #661, .T. ) ;
#5948 = ORIENTED_EDGE ( 'NONE', *, *, #569, .T. ) ;
#5949 = ORIENTED_EDGE ( 'NONE', *, *, #1784, .F. ) ;
#5950 = VECTOR ( 'NONE', #5933, 1000.000000000000000 ) ;
#5951 = DIRECTION ( 'NONE',  ( -1.000000000000000000, 0.000000000000000000, 9.106159978880874930E-17 ) ) ;
#5952 = EDGE_CURVE ( 'NONE', #5513, #4013, #4554, .T. ) ;
#5953 = LINE ( 'NONE', #5040, #6107 ) ;
#5954 = EDGE_LOOP ( 'NONE', ( #4494, #2528, #3163, #3490 ) ) ;
#5955 = LINE ( 'NONE', #4942, #5112 ) ;
#5956 = EDGE_LOOP ( 'NONE', ( #5000, #3526 ) ) ;
#5957 = EDGE_CURVE ( 'NONE', #736, #2753, #1287, .T. ) ;
#5958 = VERTEX_POINT ( 'NONE', #3580 ) ;
#5959 = VERTEX_POINT ( 'NONE', #5976 ) ;
#5960 = EDGE_LOOP ( 'NONE', ( #1934, #1554, #5272, #1746 ) ) ;
#5961 = AXIS2_PLACEMENT_3D ( 'NONE', #1468, #2972, #1527 ) ;
#5962 = CARTESIAN_POINT ( 'NONE',  ( 222.2500000000008242, 152.0999999999996248, -143.9000000000000341 ) ) ;
#5964 = ORIENTED_EDGE ( 'NONE', *, *, #1984, .F. ) ;
#5963 = CARTESIAN_POINT ( 'NONE',  ( -227.6485571369686056, 142.1699999999980264, -147.8300000000000409 ) ) ;
#5965 = PLANE ( 'NONE',  #2896 ) ;
#5966 = CYLINDRICAL_SURFACE ( 'NONE', #4849, 1.700000000000000178 ) ;
#5967 = FACE_OUTER_BOUND ( 'NONE', #829, .T. ) ;
#5968 = DIRECTION ( 'NONE',  ( 0.000000000000000000, 0.000000000000000000, -1.000000000000000000 ) ) ;
#5969 = ORIENTED_EDGE ( 'NONE', *, *, #3966, .T. ) ;
#5970 = CARTESIAN_POINT ( 'NONE',  ( -222.2500000000000853, 19.92999999999800309, 0.000000000000000000 ) ) ;
#5971 = ADVANCED_FACE ( 'NONE', ( #1138 ), #2445, .T. ) ;
#5972 = DIRECTION ( 'NONE',  ( 0.000000000000000000, -1.000000000000000000, 0.000000000000000000 ) ) ;
#5973 = AXIS2_PLACEMENT_3D ( 'NONE', #290, #1255, #2672 ) ;
#5974 = VERTEX_POINT ( 'NONE', #2555 ) ;
#5975 = CARTESIAN_POINT ( 'NONE',  ( -201.7500000000000284, 0.000000000000000000, -138.3750000000000284 ) ) ;
#5976 = CARTESIAN_POINT ( 'NONE',  ( 222.2500000000001705, 27.54999999999996518, 127.9000000000000483 ) ) ;
#5977 = ORIENTED_EDGE ( 'NONE', *, *, #1173, .F. ) ;
#5978 = ORIENTED_EDGE ( 'NONE', *, *, #6056, .T. ) ;
#5979 = VERTEX_POINT ( 'NONE', #5538 ) ;
#5980 = CARTESIAN_POINT ( 'NONE',  ( -219.2500000000001137, 27.55000000000147864, 122.9000000000000767 ) ) ;
#5981 = CARTESIAN_POINT ( 'NONE',  ( -196.7000000000000171, -3.000000000000000000, -128.3500000000000227 ) ) ;
#5982 = VERTEX_POINT ( 'NONE', #3546 ) ;
#5983 = FACE_OUTER_BOUND ( 'NONE', #5011, .T. ) ;
#5984 = LINE ( 'NONE', #276, #3524 ) ;
#5985 = ADVANCED_FACE ( 'NONE', ( #5002 ), #651, .F. ) ;
#5986 = VERTEX_POINT ( 'NONE', #5440 ) ;
#5987 = CARTESIAN_POINT ( 'NONE',  ( -227.6485571369686056, 68.47999999999801446, -147.8300000000000409 ) ) ;
#5988 = PLANE ( 'NONE',  #2970 ) ;
#5989 = CARTESIAN_POINT ( 'NONE',  ( 216.9384294077728725, 159.5300000000000296, 50.53659999999997154 ) ) ;
#5990 = VERTEX_POINT ( 'NONE', #2884 ) ;
#5991 = EDGE_CURVE ( 'NONE', #4190, #3223, #4522, .T. ) ;
#5992 = DIRECTION ( 'NONE',  ( 4.440892098500622217E-15, -1.000000000000000000, 0.000000000000000000 ) ) ;
#5993 = PLANE ( 'NONE',  #1006 ) ;
#5994 = EDGE_CURVE ( 'NONE', #5888, #894, #474, .T. ) ;
#5995 = ORIENTED_EDGE ( 'NONE', *, *, #6243, .F. ) ;
#5996 = AXIS2_PLACEMENT_3D ( 'NONE', #4710, #5702, #1355 ) ;
#5997 = VECTOR ( 'NONE', #983, 1000.000000000000000 ) ;
#5998 = MECHANICAL_DESIGN_GEOMETRIC_PRESENTATION_REPRESENTATION (  '', ( #3154 ), #1549 ) ;
#5999 = LINE ( 'NONE', #1127, #680 ) ;
#6000 = DIRECTION ( 'NONE',  ( 5.551115123125777969E-15, 1.000000000000000000, 0.000000000000000000 ) ) ;
#6001 = DIRECTION ( 'NONE',  ( -1.000000000000000000, 0.000000000000000000, 0.000000000000000000 ) ) ;
#6002 = EDGE_LOOP ( 'NONE', ( #658, #5496 ) ) ;
#6003 = AXIS2_PLACEMENT_3D ( 'NONE', #2775, #3295, #1325 ) ;
#6004 = DIRECTION ( 'NONE',  ( 0.000000000000000000, -0.000000000000000000, -1.000000000000000000 ) ) ;
#6005 = LINE ( 'NONE', #1675, #1970 ) ;
#6006 = ORIENTED_EDGE ( 'NONE', *, *, #295, .T. ) ;
#6007 = DIRECTION ( 'NONE',  ( -3.491481338843133355E-15, 1.000000000000000000, -3.179398763478275537E-31 ) ) ;
#6008 = DIRECTION ( 'NONE',  ( 1.242786967863980845E-16, 0.000000000000000000, 1.000000000000000000 ) ) ;
#6009 = VERTEX_POINT ( 'NONE', #2419 ) ;
#6010 = EDGE_CURVE ( 'NONE', #281, #6059, #4350, .T. ) ;
#6011 = VECTOR ( 'NONE', #657, 1000.000000000000000 ) ;
#6012 = CARTESIAN_POINT ( 'NONE',  ( 218.4302213278078852, 159.5300000000000296, -52.03670000000001750 ) ) ;
#6013 = DIRECTION ( 'NONE',  ( 1.000000000000000000, -3.424500384408256366E-15, -9.106159978880876162E-17 ) ) ;
#6014 = EDGE_LOOP ( 'NONE', ( #2496, #3907, #720, #3157 ) ) ;
#6015 = VECTOR ( 'NONE', #4770, 1000.000000000000000 ) ;
#6016 = CARTESIAN_POINT ( 'NONE',  ( 222.2500000000005684, 145.4999999999967599, 91.68000000000007788 ) ) ;
#6017 = ORIENTED_EDGE ( 'NONE', *, *, #5707, .F. ) ;
#6018 = DIRECTION ( 'NONE',  ( 0.000000000000000000, 1.000000000000000000, 0.000000000000000000 ) ) ;
#6019 = ORIENTED_EDGE ( 'NONE', *, *, #1149, .T. ) ;
#6020 = CARTESIAN_POINT ( 'NONE',  ( -219.2500000000000284, -7.610952104347350095E-13, 102.8299999999999841 ) ) ;
#6021 = EDGE_CURVE ( 'NONE', #1170, #5413, #2199, .T. ) ;
#6022 = CARTESIAN_POINT ( 'NONE',  ( 219.2500000000003979, 93.61999999999801503, -1.996525575369634947E-14 ) ) ;
#6023 = PLANE ( 'NONE',  #2038 ) ;
#6024 = LINE ( 'NONE', #1627, #780 ) ;
#6025 = CIRCLE ( 'NONE', #5738, 1.700000000000003508 ) ;
#6026 =( NAMED_UNIT ( * ) SI_UNIT ( $, .STERADIAN. ) SOLID_ANGLE_UNIT ( ) );
#6027 = FACE_OUTER_BOUND ( 'NONE', #693, .T. ) ;
#6028 = VERTEX_POINT ( 'NONE', #1101 ) ;
#6029 = EDGE_CURVE ( 'NONE', #2097, #3026, #3022, .T. ) ;
#6030 = CARTESIAN_POINT ( 'NONE',  ( -222.2500000000006537, 138.0500000000015177, -133.3499999999999943 ) ) ;
#6031 = CARTESIAN_POINT ( 'NONE',  ( -206.2392352261680628, 145.4999999999953104, 91.68000000000007788 ) ) ;
#6032 = VECTOR ( 'NONE', #2089, 1000.000000000000000 ) ;
#6033 = DIRECTION ( 'NONE',  ( 1.000000000000000000, 0.000000000000000000, 0.000000000000000000 ) ) ;
#6034 = ORIENTED_EDGE ( 'NONE', *, *, #1026, .T. ) ;
#6035 = ADVANCED_FACE ( 'NONE', ( #3112 ), #5570, .F. ) ;
#6036 = ORIENTED_EDGE ( 'NONE', *, *, #5052, .F. ) ;
#6037 = DIRECTION ( 'NONE',  ( 9.106159978880874930E-17, 0.000000000000000000, 1.000000000000000000 ) ) ;
#6038 = DIRECTION ( 'NONE',  ( 3.424500384408255577E-15, -1.000000000000000000, 0.000000000000000000 ) ) ;
#6039 = EDGE_CURVE ( 'NONE', #3134, #4391, #1204, .T. ) ;
#6040 = AXIS2_PLACEMENT_3D ( 'NONE', #4697, #5175, #1244 ) ;
#6041 = ORIENTED_EDGE ( 'NONE', *, *, #2099, .T. ) ;
#6042 = CARTESIAN_POINT ( 'NONE',  ( -40.70000000000000995, -10.00000000000000000, -128.3500000000000227 ) ) ;
#6043 = DIRECTION ( 'NONE',  ( -1.000000000000000000, -3.424500384408255971E-15, -0.000000000000000000 ) ) ;
#6044 = ORIENTED_EDGE ( 'NONE', *, *, #2420, .T. ) ;
#6045 = FACE_BOUND ( 'NONE', #4311, .T. ) ;
#6046 = VECTOR ( 'NONE', #1389, 1000.000000000000000 ) ;
#6047 = VECTOR ( 'NONE', #1292, 1000.000000000000000 ) ;
#6048 = PLANE ( 'NONE',  #4883 ) ;
#6049 = ORIENTED_EDGE ( 'NONE', *, *, #5821, .F. ) ;
#6050 = VECTOR ( 'NONE', #304, 1000.000000000000000 ) ;
#6051 = DIRECTION ( 'NONE',  ( 0.000000000000000000, -1.000000000000000000, 0.000000000000000000 ) ) ;
#6052 = ORIENTED_EDGE ( 'NONE', *, *, #428, .T. ) ;
#6053 = VECTOR ( 'NONE', #3384, 1000.000000000000000 ) ;
#6054 = ORIENTED_EDGE ( 'NONE', *, *, #5521, .T. ) ;
#6055 = VECTOR ( 'NONE', #130, 1000.000000000000000 ) ;
#6056 = EDGE_CURVE ( 'NONE', #5787, #4366, #1715, .T. ) ;
#6057 = DIRECTION ( 'NONE',  ( -0.000000000000000000, -0.000000000000000000, -1.000000000000000000 ) ) ;
#6059 = VERTEX_POINT ( 'NONE', #2261 ) ;
#6058 = CARTESIAN_POINT ( 'NONE',  ( 35.70000000000003837, -10.00000000000000000, -128.3500000000000227 ) ) ;
#6060 = PLANE ( 'NONE',  #4217 ) ;
#6061 = ORIENTED_EDGE ( 'NONE', *, *, #3077, .T. ) ;
#6062 = LINE ( 'NONE', #5087, #5278 ) ;
#6063 = LINE ( 'NONE', #1220, #2424 ) ;
#6064 = ORIENTED_EDGE ( 'NONE', *, *, #4904, .F. ) ;
#6065 = DIRECTION ( 'NONE',  ( -1.000000000000000000, 0.000000000000000000, 9.106159978880874930E-17 ) ) ;
#6066 = DIRECTION ( 'NONE',  ( 1.000000000000000000, -0.000000000000000000, -0.000000000000000000 ) ) ;
#6067 = CARTESIAN_POINT ( 'NONE',  ( -219.2500000000000284, -7.610952104347350095E-13, 50.53659999999997865 ) ) ;
#6068 = DIRECTION ( 'NONE',  ( 1.000000000000000000, -3.424500384408256366E-15, -9.106159978880876162E-17 ) ) ;
#6069 = ORIENTED_EDGE ( 'NONE', *, *, #1513, .T. ) ;
#6070 = EDGE_CURVE ( 'NONE', #1363, #3121, #1816, .T. ) ;
#6071 = CARTESIAN_POINT ( 'NONE',  ( -222.2500000000005969, 162.0999999999999943, 0.000000000000000000 ) ) ;
#6072 = AXIS2_PLACEMENT_3D ( 'NONE', #5682, #6143, #2816 ) ;
#6073 = CARTESIAN_POINT ( 'NONE',  ( 222.2500000000002842, 68.47999999999801446, -149.3300000000000409 ) ) ;
#6074 = ORIENTED_EDGE ( 'NONE', *, *, #1977, .F. ) ;
#6075 = ORIENTED_EDGE ( 'NONE', *, *, #1867, .T. ) ;
#6076 = DIRECTION ( 'NONE',  ( 5.551115123125777969E-15, 1.000000000000000000, 0.000000000000000000 ) ) ;
#6077 = CARTESIAN_POINT ( 'NONE',  ( 11.65000000000003588, -10.00000000000000000, -133.3500000000000227 ) ) ;
#6078 = ORIENTED_EDGE ( 'NONE', *, *, #5172, .T. ) ;
#6079 = VECTOR ( 'NONE', #3735, 1000.000000000000000 ) ;
#6080 = CARTESIAN_POINT ( 'NONE',  ( 227.6485571369686056, 117.0299999999980116, 152.4000000000000341 ) ) ;
#6081 = DIRECTION ( 'NONE',  ( -1.000000000000000000, -3.424500384408255971E-15, 0.000000000000000000 ) ) ;
#6082 = CARTESIAN_POINT ( 'NONE',  ( -219.2500000000005400, 143.0500000000015177, 122.9000000000000909 ) ) ;
#6083 = ADVANCED_FACE ( 'NONE', ( #6170 ), #789, .T. ) ;
#6084 = DIRECTION ( 'NONE',  ( 0.000000000000000000, 0.000000000000000000, 1.000000000000000000 ) ) ;
#6085 = VERTEX_POINT ( 'NONE', #2189 ) ;
#6086 = CARTESIAN_POINT ( 'NONE',  ( 222.2500000000008242, 152.0999999999996248, -143.9000000000000341 ) ) ;
#6087 = AXIS2_PLACEMENT_3D ( 'NONE', #5401, #1056, #2982 ) ;
#6088 = ORIENTED_EDGE ( 'NONE', *, *, #5521, .F. ) ;
#6089 = DIRECTION ( 'NONE',  ( 5.551115123125777969E-15, 1.000000000000000000, 0.000000000000000000 ) ) ;
#6090 = LINE ( 'NONE', #4632, #6118 ) ;
#6091 = ORIENTED_EDGE ( 'NONE', *, *, #2023, .F. ) ;
#6092 = LINE ( 'NONE', #2141, #5575 ) ;
#6093 = PLANE ( 'NONE',  #1688 ) ;
#6094 = EDGE_CURVE ( 'NONE', #136, #3727, #2778, .T. ) ;
#6095 = LINE ( 'NONE', #5595, #3629 ) ;
#6096 = DIRECTION ( 'NONE',  ( 3.516543516912260664E-15, 1.000000000000000000, 2.511816797794471762E-16 ) ) ;
#6097 = ORIENTED_EDGE ( 'NONE', *, *, #5800, .T. ) ;
#6098 = LINE ( 'NONE', #2770, #4812 ) ;
#6099 = CARTESIAN_POINT ( 'NONE',  ( 219.2500000000006253, 162.0999999999999943, 152.4000000000000341 ) ) ;
#6100 = CARTESIAN_POINT ( 'NONE',  ( 222.2500000000006253, 162.0999999999999943, 102.8299999999999841 ) ) ;
#6101 = ORIENTED_EDGE ( 'NONE', *, *, #1414, .T. ) ;
#6102 = CARTESIAN_POINT ( 'NONE',  ( -219.2500000000004832, 117.0299999999980116, 147.8300000000000409 ) ) ;
#6103 = CARTESIAN_POINT ( 'NONE',  ( 222.2500000000001705, 45.06999999999802498, -149.3300000000000409 ) ) ;
#6104 = EDGE_LOOP ( 'NONE', ( #3781, #2705, #6168, #4263 ) ) ;
#6105 = EDGE_CURVE ( 'NONE', #5473, #1230, #3386, .T. ) ;
#6106 = LINE ( 'NONE', #1779, #5199 ) ;
#6107 = VECTOR ( 'NONE', #2591, 1000.000000000000000 ) ;
#6108 = DIRECTION ( 'NONE',  ( 0.000000000000000000, 0.000000000000000000, -1.000000000000000000 ) ) ;
#6109 = VECTOR ( 'NONE', #4553, 1000.000000000000000 ) ;
#6110 = ORIENTED_EDGE ( 'NONE', *, *, #5042, .T. ) ;
#6111 = CARTESIAN_POINT ( 'NONE',  ( 222.2500000000005969, 19.92999999999800309, -152.4000000000000341 ) ) ;
#6112 = DIRECTION ( 'NONE',  ( -0.000000000000000000, 1.000000000000000000, -0.000000000000000000 ) ) ;
#6113 = VERTEX_POINT ( 'NONE', #4177 ) ;
#6114 = EDGE_CURVE ( 'NONE', #1297, #4366, #3683, .T. ) ;
#6115 = DIRECTION ( 'NONE',  ( 3.491481338843133355E-15, 1.000000000000000000, -3.179398763478275537E-31 ) ) ;
#6116 = VERTEX_POINT ( 'NONE', #361 ) ;
#6117 = ADVANCED_FACE ( 'NONE', ( #1264 ), #4143, .F. ) ;
#6118 = VECTOR ( 'NONE', #4220, 1000.000000000000000 ) ;
#6119 = DIRECTION ( 'NONE',  ( 1.000000000000000000, 5.225493125563035928E-15, 0.000000000000000000 ) ) ;
#6121 = ORIENTED_EDGE ( 'NONE', *, *, #3774, .T. ) ;
#6120 = DIRECTION ( 'NONE',  ( 0.000000000000000000, 0.000000000000000000, 1.000000000000000000 ) ) ;
#6122 = EDGE_CURVE ( 'NONE', #5621, #344, #753, .T. ) ;
#6123 = EDGE_CURVE ( 'NONE', #4618, #224, #2747, .T. ) ;
#6124 = DIRECTION ( 'NONE',  ( 0.000000000000000000, -1.000000000000000000, -0.000000000000000000 ) ) ;
#6125 = DIRECTION ( 'NONE',  ( 1.000000000000000000, -3.424500384408255971E-15, -9.106159978880874930E-17 ) ) ;
#6126 = DIRECTION ( 'NONE',  ( 7.266278493485550047E-15, 1.000000000000000000, -0.000000000000000000 ) ) ;
#6127 = VERTEX_POINT ( 'NONE', #722 ) ;
#6128 = CARTESIAN_POINT ( 'NONE',  ( -219.2500000000000284, 93.61999999999801503, 152.4000000000000341 ) ) ;
#6129 = EDGE_CURVE ( 'NONE', #1650, #4081, #2803, .T. ) ;
#6130 = DIRECTION ( 'NONE',  ( -9.106159978880874930E-17, 4.758417636991925366E-31, -1.000000000000000000 ) ) ;
#6131 = UNCERTAINTY_MEASURE_WITH_UNIT (LENGTH_MEASURE( 1.000000000000000082E-05 ), #4507, 'distance_accuracy_value', 'NONE');
#6132 = DIRECTION ( 'NONE',  ( -0.000000000000000000, 1.000000000000000000, -0.000000000000000000 ) ) ;
#6133 = VERTEX_POINT ( 'NONE', #4103 ) ;
#6134 = DIRECTION ( 'NONE',  ( 1.000000000000000000, 0.000000000000000000, 0.000000000000000000 ) ) ;
#6135 = CARTESIAN_POINT ( 'NONE',  ( 222.2500000000006253, 162.0999999999999943, -2.023844055306279887E-14 ) ) ;
#6136 = AXIS2_PLACEMENT_3D ( 'NONE', #811, #2736, #6033 ) ;
#6137 = CIRCLE ( 'NONE', #665, 5.000000000000004441 ) ;
#6138 = CARTESIAN_POINT ( 'NONE',  ( -222.2500000000006537, 138.0500000000015177, 122.9000000000000909 ) ) ;
#6139 = DIRECTION ( 'NONE',  ( 0.000000000000000000, 0.000000000000000000, 1.000000000000000000 ) ) ;
#6140 = ORIENTED_EDGE ( 'NONE', *, *, #3363, .T. ) ;
#6141 = AXIS2_PLACEMENT_3D ( 'NONE', #2915, #4854, #1982 ) ;
#6142 = ORIENTED_EDGE ( 'NONE', *, *, #2887, .F. ) ;
#6143 = DIRECTION ( 'NONE',  ( -1.000000000000000000, -3.424500384408255971E-15, 0.000000000000000000 ) ) ;
#6144 = CARTESIAN_POINT ( 'NONE',  ( -24.68344801572538216, -10.00000000000000000, 26.70000011181539890 ) ) ;
#6145 = ORIENTED_EDGE ( 'NONE', *, *, #2749, .T. ) ;
#6146 = LINE ( 'NONE', #921, #3846 ) ;
#6147 = VECTOR ( 'NONE', #5113, 1000.000000000000000 ) ;
#6148 = EDGE_LOOP ( 'NONE', ( #908, #3085, #206, #2003 ) ) ;
#6149 = VECTOR ( 'NONE', #5315, 1000.000000000000000 ) ;
#6150 = EDGE_CURVE ( 'NONE', #3025, #5089, #982, .T. ) ;
#6151 = LINE ( 'NONE', #3155, #6147 ) ;
#6152 = FACE_OUTER_BOUND ( 'NONE', #1226, .T. ) ;
#6153 = ADVANCED_FACE ( 'NONE', ( #3238 ), #2682, .F. ) ;
#6154 = VECTOR ( 'NONE', #618, 1000.000000000000000 ) ;
#6155 = FACE_OUTER_BOUND ( 'NONE', #306, .T. ) ;
#6156 = LINE ( 'NONE', #3196, #1427 ) ;
#6157 = DIRECTION ( 'NONE',  ( 4.370956789862825094E-15, 1.000000000000000000, 0.000000000000000000 ) ) ;
#6158 = CARTESIAN_POINT ( 'NONE',  ( 219.2500000000000284, 3.499999999999975131, -152.4000000000000341 ) ) ;
#6159 = EDGE_CURVE ( 'NONE', #1488, #5888, #4620, .T. ) ;
#6160 = CARTESIAN_POINT ( 'NONE',  ( -216.9384294077728725, 159.5300000000000296, 25.39659999999998519 ) ) ;
#6161 = DIRECTION ( 'NONE',  ( 0.000000000000000000, 0.000000000000000000, 1.000000000000000000 ) ) ;
#6162 = EDGE_LOOP ( 'NONE', ( #3566, #3572, #5703, #5354 ) ) ;
#6163 = EDGE_LOOP ( 'NONE', ( #4754, #639, #5530, #5907 ) ) ;
#6164 = CARTESIAN_POINT ( 'NONE',  ( 206.2392352261595363, 145.4999999999968168, 114.6800000000000779 ) ) ;
#6165 = AXIS2_PLACEMENT_3D ( 'NONE', #1895, #1440, #1019 ) ;
#6166 = LINE ( 'NONE', #5224, #4069 ) ;
#6167 = CARTESIAN_POINT ( 'NONE',  ( 219.2500000000000568, -7.610952104347351105E-13, 102.8299999999999841 ) ) ;
#6168 = ORIENTED_EDGE ( 'NONE', *, *, #3822, .T. ) ;
#6169 = FACE_OUTER_BOUND ( 'NONE', #653, .T. ) ;
#6170 = FACE_OUTER_BOUND ( 'NONE', #3648, .T. ) ;
#6171 = ORIENTED_EDGE ( 'NONE', *, *, #729, .T. ) ;
#6172 = EDGE_CURVE ( 'NONE', #1943, #1650, #5608, .T. ) ;
#6173 = VECTOR ( 'NONE', #4126, 1000.000000000000000 ) ;
#6174 = CARTESIAN_POINT ( 'NONE',  ( 201.7499999999999716, -3.000000000000014655, 140.3750000000000284 ) ) ;
#6175 = ORIENTED_EDGE ( 'NONE', *, *, #6123, .F. ) ;
#6176 = DIRECTION ( 'NONE',  ( 1.000000000000000000, -3.424500384408255971E-15, -9.106159978880874930E-17 ) ) ;
#6177 = VECTOR ( 'NONE', #3707, 1000.000000000000000 ) ;
#6178 = EDGE_LOOP ( 'NONE', ( #1868, #2587, #4762, #3557 ) ) ;
#6179 = CARTESIAN_POINT ( 'NONE',  ( -226.7516488450830252, 19.92999999999800309, 147.8300000000000409 ) ) ;
#6180 = CARTESIAN_POINT ( 'NONE',  ( -222.2500000000004263, 117.0299999999980116, 0.000000000000000000 ) ) ;
#6181 = VECTOR ( 'NONE', #3307, 1000.000000000000000 ) ;
#6182 = ORIENTED_EDGE ( 'NONE', *, *, #4337, .T. ) ;
#6183 = EDGE_CURVE ( 'NONE', #4594, #3647, #5334, .T. ) ;
#6184 = CARTESIAN_POINT ( 'NONE',  ( -219.2500000000005969, 159.5300000000000296, 0.000000000000000000 ) ) ;
#6185 = ORIENTED_EDGE ( 'NONE', *, *, #1470, .T. ) ;
#6186 = PLANE ( 'NONE',  #2251 ) ;
#6187 = DIRECTION ( 'NONE',  ( 1.000000000000000000, -3.424500384408256366E-15, -9.106159978880876162E-17 ) ) ;
#6188 = CARTESIAN_POINT ( 'NONE',  ( -219.2500000000000284, -7.610952104347350095E-13, -104.3300000000000409 ) ) ;
#6189 = DIRECTION ( 'NONE',  ( 0.000000000000000000, 0.000000000000000000, 1.000000000000000000 ) ) ;
#6190 = ADVANCED_FACE ( 'NONE', ( #5346 ), #3392, .F. ) ;
#6191 = LINE ( 'NONE', #4356, #3185 ) ;
#6192 = ORIENTED_EDGE ( 'NONE', *, *, #2578, .F. ) ;
#6193 = ORIENTED_EDGE ( 'NONE', *, *, #3739, .T. ) ;
#6194 = EDGE_CURVE ( 'NONE', #4, #1648, #1995, .T. ) ;
#6195 = DIRECTION ( 'NONE',  ( 0.000000000000000000, -1.000000000000000000, 0.000000000000000000 ) ) ;
#6196 = CARTESIAN_POINT ( 'NONE',  ( -35.70000000000000995, 0.000000000000000000, -128.3500000000000227 ) ) ;
#6197 = DIRECTION ( 'NONE',  ( -1.000000000000000000, -3.424500384408255577E-15, -0.000000000000000000 ) ) ;
#6198 = ORIENTED_EDGE ( 'NONE', *, *, #3442, .F. ) ;
#6199 = EDGE_CURVE ( 'NONE', #704, #5008, #5818, .T. ) ;
#6200 = CARTESIAN_POINT ( 'NONE',  ( -11.64999999999997904, -10.00000000000000000, 127.9000000000000483 ) ) ;
#6201 = DIRECTION ( 'NONE',  ( 0.000000000000000000, 1.000000000000000000, 0.000000000000000000 ) ) ;
#6202 = EDGE_LOOP ( 'NONE', ( #1103, #2558, #5819, #708, #4790, #2788, #3372, #516, #3103, #948, #6145, #2488, #2748, #5854, #767, #391, #5235, #4970, #3220, #1108, #2964, #4118, #5491, #2215, #2161, #1341, #1880, #4575, #3665, #1919, #872, #5592, #3969, #4660, #5825, #5912, #3836, #246, #1326, #3075, #369, #5174, #3376, #5549 ) ) ;
#6203 = DIRECTION ( 'NONE',  ( 0.000000000000000000, 0.000000000000000000, -1.000000000000000000 ) ) ;
#6204 = CIRCLE ( 'NONE', #5392, 1.599999999999990319 ) ;
#6205 = VECTOR ( 'NONE', #39, 1000.000000000000000 ) ;
#6206 = ORIENTED_EDGE ( 'NONE', *, *, #2275, .F. ) ;
#6207 = EDGE_CURVE ( 'NONE', #689, #4253, #4866, .T. ) ;
#6208 = CARTESIAN_POINT ( 'NONE',  ( 219.2500000000006253, 162.0999999999999943, 152.4000000000000341 ) ) ;
#6209 = EDGE_LOOP ( 'NONE', ( #1705, #1074, #5721, #278 ) ) ;
#6210 = CIRCLE ( 'NONE', #5204, 5.000000000000000888 ) ;
#6211 = DIRECTION ( 'NONE',  ( -3.424500384408255577E-15, -1.000000000000000000, 0.000000000000000000 ) ) ;
#6212 = ORIENTED_EDGE ( 'NONE', *, *, #6263, .F. ) ;
#6213 = FACE_BOUND ( 'NONE', #1570, .T. ) ;
#6214 = VERTEX_POINT ( 'NONE', #3844 ) ;
#6215 = FACE_OUTER_BOUND ( 'NONE', #3310, .T. ) ;
#6216 = AXIS2_PLACEMENT_3D ( 'NONE', #6240, #1405, #5386 ) ;
#6217 = LINE ( 'NONE', #5753, #1219 ) ;
#6218 = EDGE_CURVE ( 'NONE', #355, #4873, #518, .T. ) ;
#6219 = CARTESIAN_POINT ( 'NONE',  ( 219.2500000000002558, 138.0500000000000114, -133.3500000000000227 ) ) ;
#6220 = DIRECTION ( 'NONE',  ( 0.000000000000000000, 0.000000000000000000, -1.000000000000000000 ) ) ;
#6221 = VECTOR ( 'NONE', #2888, 1000.000000000000000 ) ;
#6222 = CARTESIAN_POINT ( 'NONE',  ( 222.2500000000002842, 68.47999999999801446, -2.023844055306277047E-14 ) ) ;
#6223 = DIRECTION ( 'NONE',  ( -0.000000000000000000, 1.000000000000000000, -0.000000000000000000 ) ) ;
#6224 = ORIENTED_EDGE ( 'NONE', *, *, #6150, .F. ) ;
#6225 = DIRECTION ( 'NONE',  ( -0.000000000000000000, 1.000000000000000000, -0.000000000000000000 ) ) ;
#6226 = EDGE_CURVE ( 'NONE', #2325, #6113, #1478, .T. ) ;
#6227 = CARTESIAN_POINT ( 'NONE',  ( 222.2500000000005969, 68.47999999999801446, -152.4000000000000341 ) ) ;
#6228 = DIRECTION ( 'NONE',  ( -9.106159978880874930E-17, 6.616789441278093419E-31, -1.000000000000000000 ) ) ;
#6229 = ORIENTED_EDGE ( 'NONE', *, *, #4451, .F. ) ;
#6230 = EDGE_CURVE ( 'NONE', #6085, #5382, #34, .T. ) ;
#6231 = CARTESIAN_POINT ( 'NONE',  ( 191.7000000000000455, -3.000000000000000000, -128.3500000000000227 ) ) ;
#6232 = ORIENTED_EDGE ( 'NONE', *, *, #1035, .F. ) ;
#6233 = CIRCLE ( 'NONE', #5932, 5.000000000000004441 ) ;
#6234 = CARTESIAN_POINT ( 'NONE',  ( -24.68344801572538216, 0.000000000000000000, 28.40000011181540174 ) ) ;
#6235 = EDGE_LOOP ( 'NONE', ( #614, #2165, #4463, #2402 ) ) ;
#6236 = CARTESIAN_POINT ( 'NONE',  ( -219.2500000000000284, 3.499999999999975131, -152.4000000000000341 ) ) ;
#6237 = AXIS2_PLACEMENT_3D ( 'NONE', #1845, #2288, #3749 ) ;
#6238 = ORIENTED_EDGE ( 'NONE', *, *, #1216, .F. ) ;
#6239 = DIRECTION ( 'NONE',  ( -1.000000000000000000, 3.491481338843133355E-15, 9.106159978880874930E-17 ) ) ;
#6240 = CARTESIAN_POINT ( 'NONE',  ( -215.7500000000000284, 3.499999999999987566, 152.4000000000000341 ) ) ;
#6241 = VECTOR ( 'NONE', #3369, 1000.000000000000000 ) ;
#6242 = CARTESIAN_POINT ( 'NONE',  ( -222.2500000000006253, 162.0999999999999943, -129.4700000000000273 ) ) ;
#6243 = EDGE_CURVE ( 'NONE', #4315, #5121, #1391, .T. ) ;
#6244 = PLANE ( 'NONE',  #3124 ) ;
#6245 = CARTESIAN_POINT ( 'NONE',  ( 24.67999999998790628, 0.000000000000000000, 56.90000011181492567 ) ) ;
#6246 = VECTOR ( 'NONE', #5871, 1000.000000000000000 ) ;
#6247 = VECTOR ( 'NONE', #4236, 1000.000000000000000 ) ;
#6248 = DIRECTION ( 'NONE',  ( -1.000000000000000000, -7.266278493485551625E-15, 0.000000000000000000 ) ) ;
#6249 = LINE ( 'NONE', #5668, #3936 ) ;
#6250 = LINE ( 'NONE', #3709, #871 ) ;
#6251 = AXIS2_PLACEMENT_3D ( 'NONE', #1445, #3356, #968 ) ;
#6252 = DIRECTION ( 'NONE',  ( 0.000000000000000000, -1.000000000000000000, 0.000000000000000000 ) ) ;
#6253 = CARTESIAN_POINT ( 'NONE',  ( -219.2500000000005400, 145.4999999999952536, 91.68000000000007788 ) ) ;
#6254 = FACE_OUTER_BOUND ( 'NONE', #5954, .T. ) ;
#6255 = DIRECTION ( 'NONE',  ( 1.000000000000000000, -3.424500384408255971E-15, -9.106159978880874930E-17 ) ) ;
#6256 = DIRECTION ( 'NONE',  ( 0.000000000000000000, 0.000000000000000000, 1.000000000000000000 ) ) ;
#6257 = EDGE_CURVE ( 'NONE', #617, #1721, #468, .T. ) ;
#6258 = ORIENTED_EDGE ( 'NONE', *, *, #790, .T. ) ;
#6259 = VECTOR ( 'NONE', #5019, 1000.000000000000000 ) ;
#6260 = LINE ( 'NONE', #4844, #82 ) ;
#6261 = VERTEX_POINT ( 'NONE', #5705 ) ;
#6262 = DIRECTION ( 'NONE',  ( 0.000000000000000000, 1.000000000000000000, 0.000000000000000000 ) ) ;
#6263 = EDGE_CURVE ( 'NONE', #2190, #5959, #5317, .T. ) ;
#6264 = ORIENTED_EDGE ( 'NONE', *, *, #2069, .T. ) ;
#6265 = EDGE_CURVE ( 'NONE', #2065, #1613, #973, .T. ) ;
#6266 = DIRECTION ( 'NONE',  ( 0.000000000000000000, 0.000000000000000000, -1.000000000000000000 ) ) ;
#6267 = ORIENTED_EDGE ( 'NONE', *, *, #1112, .T. ) ;
#6268 = CARTESIAN_POINT ( 'NONE',  ( 222.2500000000003695, 68.47999999999801446, 152.4000000000000341 ) ) ;
#6269 = ORIENTED_EDGE ( 'NONE', *, *, #1662, .F. ) ;
#6270 = CARTESIAN_POINT ( 'NONE',  ( 222.2500000000005400, 138.0499999999999829, -128.3500000000000512 ) ) ;
#6271 = CARTESIAN_POINT ( 'NONE',  ( 222.2500000000002842, 68.47999999999801446, -2.023844055306277047E-14 ) ) ;
#6272 = CIRCLE ( 'NONE', #5468, 4.600000000000020961 ) ;
#6273 = DIRECTION ( 'NONE',  ( -1.000000000000000000, 0.000000000000000000, -0.000000000000000000 ) ) ;
#6274 = DIRECTION ( 'NONE',  ( 0.000000000000000000, 0.000000000000000000, -1.000000000000000000 ) ) ;
#6275 = LINE ( 'NONE', #5185, #1798 ) ;
#6276 = EDGE_CURVE ( 'NONE', #825, #1297, #3268, .T. ) ;
#6277 = LINE ( 'NONE', #4294, #6053 ) ;
ENDSEC;
END-ISO-10303-21;
