ISO-10303-21;
HEADER;
FILE_DESCRIPTION (( 'STEP AP214' ),
    '1' );
FILE_NAME ('Chassis_Front_Plate.STEP',
    '2026-07-14T15:03:57',
    ( '' ),
    ( '' ),
    'SwSTEP 2.0',
    'SolidWorks 2025',
    '' );
FILE_SCHEMA (( 'AUTOMOTIVE_DESIGN' ));
ENDSEC;

DATA;
#1 = DIRECTION ( 'NONE',  ( 0.000000000000000000, 0.000000000000000000, 1.000000000000000000 ) ) ;
#2 = CARTESIAN_POINT ( 'NONE',  ( 174.0049999999996828, -4.762500000000000178, -75.96750000000035641 ) ) ;
#3 = ORIENTED_EDGE ( 'NONE', *, *, #78, .T. ) ;
#4 = CARTESIAN_POINT ( 'NONE',  ( -12.50000000000001066, -29.96330603869648357, 82.71249999999999147 ) ) ;
#5 = ORIENTED_EDGE ( 'NONE', *, *, #785, .F. ) ;
#6 = VECTOR ( 'NONE', #2059, 1000.000000000000000 ) ;
#7 = DIRECTION ( 'NONE',  ( -0.000000000000000000, 1.000000000000000000, -0.000000000000000000 ) ) ;
#8 = VERTEX_POINT ( 'NONE', #1714 ) ;
#9 = EDGE_LOOP ( 'NONE', ( #1642, #2330, #48, #27, #439, #1101, #1988, #2970, #2159, #3312, #973, #727, #879, #2926, #772, #408, #702, #112, #1171, #3103, #1821, #764, #360, #3387, #564, #2082, #982, #2216, #2898, #1999, #3212, #2492, #2659, #2445, #2003, #3624, #34, #1426, #2592, #467, #1489, #846, #2337, #1899, #401, #2512, #2384, #2040, #2580, #2079, #3156, #2990, #2818, #3053, #258, #1975, #2749, #1195, #3531, #3236, #3575, #1636, #790, #910, #958, #3591, #158, #3427, #1453, #2207 ) ) ;
#10 = EDGE_CURVE ( 'NONE', #370, #2837, #2523, .T. ) ;
#11 = CARTESIAN_POINT ( 'NONE',  ( -215.5750000000000171, -4.762500000000000178, -75.96750000000035641 ) ) ;
#12 = DIRECTION ( 'NONE',  ( 0.000000000000000000, 1.000000000000000000, -0.000000000000000000 ) ) ;
#13 = ORIENTED_EDGE ( 'NONE', *, *, #3378, .F. ) ;
#14 = AXIS2_PLACEMENT_3D ( 'NONE', #1485, #1464, #312 ) ;
#15 = LINE ( 'NONE', #2032, #57 ) ;
#16 = VERTEX_POINT ( 'NONE', #824 ) ;
#17 = LINE ( 'NONE', #1170, #2231 ) ;
#18 = AXIS2_PLACEMENT_3D ( 'NONE', #698, #2457, #2380 ) ;
#19 = UNCERTAINTY_MEASURE_WITH_UNIT (LENGTH_MEASURE( 1.000000000000000082E-05 ), #346, 'distance_accuracy_value', 'NONE');
#20 =( GEOMETRIC_REPRESENTATION_CONTEXT ( 3 ) GLOBAL_UNCERTAINTY_ASSIGNED_CONTEXT ( ( #19 ) ) GLOBAL_UNIT_ASSIGNED_CONTEXT ( ( #346, #2611, #2298 ) ) REPRESENTATION_CONTEXT ( 'NONE', 'WORKASPACE' ) );
#21 = ADVANCED_FACE ( 'NONE', ( #3106 ), #515, .F. ) ;
#22 = LINE ( 'NONE', #2267, #1065 ) ;
#23 = DIRECTION ( 'NONE',  ( 0.000000000000000000, 1.000000000000000000, 0.000000000000000000 ) ) ;
#24 = ORIENTED_EDGE ( 'NONE', *, *, #2149, .F. ) ;
#25 = DIRECTION ( 'NONE',  ( 0.000000000000000000, 1.000000000000000000, 0.000000000000000000 ) ) ;
#26 = LINE ( 'NONE', #542, #2869 ) ;
#27 = ORIENTED_EDGE ( 'NONE', *, *, #2318, .F. ) ;
#28 = EDGE_LOOP ( 'NONE', ( #2743, #2661, #554, #742 ) ) ;
#29 = CARTESIAN_POINT ( 'NONE',  ( -174.0050000000003365, -4.762500000000000178, -79.21249999999999147 ) ) ;
#30 = DIRECTION ( 'NONE',  ( 0.000000000000000000, 0.000000000000000000, 1.000000000000000000 ) ) ;
#31 = VERTEX_POINT ( 'NONE', #1173 ) ;
#32 = CARTESIAN_POINT ( 'NONE',  ( 80.78749999999998010, -4.762499999999999289, 85.88749999999998863 ) ) ;
#33 = DIRECTION ( 'NONE',  ( 0.000000000000000000, 0.000000000000000000, 1.000000000000000000 ) ) ;
#34 = ORIENTED_EDGE ( 'NONE', *, *, #2193, .T. ) ;
#35 = CARTESIAN_POINT ( 'NONE',  ( -85.27082999999998947, -4.762500000000000178, -58.49999999999998579 ) ) ;
#36 = DIRECTION ( 'NONE',  ( 0.000000000000000000, 0.000000000000000000, 1.000000000000000000 ) ) ;
#37 = ORIENTED_EDGE ( 'NONE', *, *, #785, .T. ) ;
#38 = VECTOR ( 'NONE', #1470, 1000.000000000000000 ) ;
#39 = CARTESIAN_POINT ( 'NONE',  ( -70.90832999999996389, 0.000000000000000000, -58.97187499999999005 ) ) ;
#40 = EDGE_LOOP ( 'NONE', ( #1654, #3396, #2928, #3274 ) ) ;
#41 = EDGE_CURVE ( 'NONE', #882, #3169, #1998, .T. ) ;
#42 = CARTESIAN_POINT ( 'NONE',  ( -70.90833000000007758, -4.762500000000006395, 54.10937500000046185 ) ) ;
#43 = VECTOR ( 'NONE', #3267, 1000.000000000000000 ) ;
#44 = FACE_OUTER_BOUND ( 'NONE', #1265, .T. ) ;
#45 = ADVANCED_FACE ( 'NONE', ( #1607 ), #2506, .F. ) ;
#46 = EDGE_CURVE ( 'NONE', #2280, #3128, #1421, .T. ) ;
#47 = ORIENTED_EDGE ( 'NONE', *, *, #1081, .T. ) ;
#48 = ORIENTED_EDGE ( 'NONE', *, *, #789, .T. ) ;
#49 = DIRECTION ( 'NONE',  ( 1.000000000000000000, -0.000000000000000000, 0.000000000000000000 ) ) ;
#50 = VECTOR ( 'NONE', #3230, 1000.000000000000000 ) ;
#51 = CARTESIAN_POINT ( 'NONE',  ( 199.0749999999999886, -4.762500000000006395, 85.88749999999998863 ) ) ;
#52 = FACE_OUTER_BOUND ( 'NONE', #2817, .T. ) ;
#53 = ORIENTED_EDGE ( 'NONE', *, *, #3337, .T. ) ;
#54 = LINE ( 'NONE', #653, #794 ) ;
#55 = ORIENTED_EDGE ( 'NONE', *, *, #1661, .F. ) ;
#56 = LINE ( 'NONE', #2581, #255 ) ;
#57 = VECTOR ( 'NONE', #878, 1000.000000000000000 ) ;
#58 = PLANE ( 'NONE',  #1806 ) ;
#59 = EDGE_LOOP ( 'NONE', ( #676, #2116, #1610, #1239 ) ) ;
#60 = CARTESIAN_POINT ( 'NONE',  ( 83.60839999999997474, -4.762500000000000178, 61.99999999999998579 ) ) ;
#61 = CARTESIAN_POINT ( 'NONE',  ( 70.90839999999995769, -4.762500000000000178, -15.94062499999997584 ) ) ;
#62 = VERTEX_POINT ( 'NONE', #2541 ) ;
#63 = ADVANCED_FACE ( 'NONE', ( #1151 ), #247, .F. ) ;
#64 = DIRECTION ( 'NONE',  ( 0.000000000000000000, 0.000000000000000000, -1.000000000000000000 ) ) ;
#65 = CYLINDRICAL_SURFACE ( 'NONE', #571, 1.662500000000004308 ) ;
#66 = EDGE_LOOP ( 'NONE', ( #1398, #2024, #2524, #1149 ) ) ;
#67 = EDGE_CURVE ( 'NONE', #679, #2067, #3605, .T. ) ;
#68 = ORIENTED_EDGE ( 'NONE', *, *, #2560, .T. ) ;
#69 = APPLICATION_PROTOCOL_DEFINITION ( 'draft international standard', 'automotive_design', 1998, #2417 ) ;
#70 = CARTESIAN_POINT ( 'NONE',  ( 70.90839999999984400, -4.762500000000006395, 54.10937500000049027 ) ) ;
#71 = EDGE_CURVE ( 'NONE', #345, #3060, #1730, .T. ) ;
#72 = EDGE_CURVE ( 'NONE', #2144, #1979, #297, .T. ) ;
#73 = FACE_BOUND ( 'NONE', #793, .T. ) ;
#74 = EDGE_CURVE ( 'NONE', #3057, #2014, #80, .T. ) ;
#75 = EDGE_CURVE ( 'NONE', #62, #3410, #921, .T. ) ;
#76 = VERTEX_POINT ( 'NONE', #1765 ) ;
#77 = VERTEX_POINT ( 'NONE', #3447 ) ;
#78 = EDGE_CURVE ( 'NONE', #660, #3329, #2904, .T. ) ;
#79 = CIRCLE ( 'NONE', #2095, 2.549999999999989608 ) ;
#80 = LINE ( 'NONE', #906, #3313 ) ;
#81 = LINE ( 'NONE', #3484, #775 ) ;
#82 = VERTEX_POINT ( 'NONE', #595 ) ;
#83 = VECTOR ( 'NONE', #25, 1000.000000000000000 ) ;
#84 = EDGE_CURVE ( 'NONE', #652, #2296, #3464, .T. ) ;
#85 = DIRECTION ( 'NONE',  ( 1.000000000000000000, -0.000000000000000000, -0.000000000000000000 ) ) ;
#86 = ORIENTED_EDGE ( 'NONE', *, *, #1947, .T. ) ;
#87 = EDGE_CURVE ( 'NONE', #3114, #2784, #3415, .T. ) ;
#88 = DIRECTION ( 'NONE',  ( 0.000000000000000000, 1.000000000000000000, 0.000000000000000000 ) ) ;
#89 = FACE_BOUND ( 'NONE', #491, .T. ) ;
#90 = DIRECTION ( 'NONE',  ( -0.000000000000000000, 1.000000000000000000, -0.000000000000000000 ) ) ;
#91 = ORIENTED_EDGE ( 'NONE', *, *, #1588, .T. ) ;
#92 = CARTESIAN_POINT ( 'NONE',  ( -198.3624999999999829, -4.762500000000000178, -60.16249999999999432 ) ) ;
#93 = CARTESIAN_POINT ( 'NONE',  ( 85.27089999999999748, -4.762500000000000178, 61.99999999999998579 ) ) ;
#94 = AXIS2_PLACEMENT_3D ( 'NONE', #2901, #3195, #1556 ) ;
#95 = AXIS2_PLACEMENT_3D ( 'NONE', #2671, #2689, #2709 ) ;
#96 = DIRECTION ( 'NONE',  ( -1.000000000000000000, 0.000000000000000000, 0.000000000000000000 ) ) ;
#97 = ADVANCED_FACE ( 'NONE', ( #1506 ), #58, .T. ) ;
#98 = ORIENTED_EDGE ( 'NONE', *, *, #2081, .F. ) ;
#99 = CARTESIAN_POINT ( 'NONE',  ( 219.0749999999999886, 0.000000000000000000, 62.88750000000000995 ) ) ;
#100 = ORIENTED_EDGE ( 'NONE', *, *, #622, .F. ) ;
#101 = CARTESIAN_POINT ( 'NONE',  ( 83.60839999999997474, 0.000000000000000000, -58.49999999999998579 ) ) ;
#102 = VECTOR ( 'NONE', #993, 1000.000000000000000 ) ;
#103 = DIRECTION ( 'NONE',  ( -1.000000000000000000, 0.000000000000000000, 0.000000000000000000 ) ) ;
#104 = DIRECTION ( 'NONE',  ( -0.000000000000000000, -0.000000000000000000, -1.000000000000000000 ) ) ;
#105 = ORIENTED_EDGE ( 'NONE', *, *, #1007, .T. ) ;
#106 = CIRCLE ( 'NONE', #1782, 2.600000000000004974 ) ;
#107 = VERTEX_POINT ( 'NONE', #1206 ) ;
#108 = FACE_OUTER_BOUND ( 'NONE', #387, .T. ) ;
#109 = PLANE ( 'NONE',  #1484 ) ;
#110 = ORIENTED_EDGE ( 'NONE', *, *, #291, .F. ) ;
#111 = CARTESIAN_POINT ( 'NONE',  ( 80.71749999999963165, -10.00000000000000000, -79.21249999999999147 ) ) ;
#112 = ORIENTED_EDGE ( 'NONE', *, *, #843, .T. ) ;
#113 = ORIENTED_EDGE ( 'NONE', *, *, #2504, .T. ) ;
#114 = FACE_OUTER_BOUND ( 'NONE', #2867, .T. ) ;
#115 = VECTOR ( 'NONE', #1919, 1000.000000000000000 ) ;
#116 = CARTESIAN_POINT ( 'NONE',  ( -70.90832999999996389, -4.762500000000000178, -56.42187500000000000 ) ) ;
#117 = ORIENTED_EDGE ( 'NONE', *, *, #3097, .F. ) ;
#118 = DIRECTION ( 'NONE',  ( 0.000000000000000000, 0.000000000000000000, 1.000000000000000000 ) ) ;
#119 = VERTEX_POINT ( 'NONE', #1224 ) ;
#120 = VERTEX_POINT ( 'NONE', #675 ) ;
#121 = EDGE_CURVE ( 'NONE', #1731, #896, #3149, .T. ) ;
#122 = PLANE ( 'NONE',  #2012 ) ;
#123 = VERTEX_POINT ( 'NONE', #116 ) ;
#124 = AXIS2_PLACEMENT_3D ( 'NONE', #678, #3224, #697 ) ;
#125 = ADVANCED_FACE ( 'NONE', ( #3429 ), #2341, .F. ) ;
#126 = ORIENTED_EDGE ( 'NONE', *, *, #531, .F. ) ;
#127 = CARTESIAN_POINT ( 'NONE',  ( 70.90839999999995769, 0.000000000000000000, -58.97187499999996874 ) ) ;
#128 = FACE_OUTER_BOUND ( 'NONE', #1683, .T. ) ;
#129 = ORIENTED_EDGE ( 'NONE', *, *, #2048, .T. ) ;
#130 = EDGE_CURVE ( 'NONE', #31, #120, #2925, .T. ) ;
#131 = CARTESIAN_POINT ( 'NONE',  ( 219.0749999999999886, -29.96330603869647291, 14.33750000000001634 ) ) ;
#132 = ORIENTED_EDGE ( 'NONE', *, *, #2081, .T. ) ;
#133 = CARTESIAN_POINT ( 'NONE',  ( 70.90839999999984400, 0.000000000000000000, 51.50937500000048175 ) ) ;
#134 = DIRECTION ( 'NONE',  ( 0.000000000000000000, 0.000000000000000000, 1.000000000000000000 ) ) ;
#135 = CARTESIAN_POINT ( 'NONE',  ( 200.0249999999999773, -4.762500000000000178, -58.49999999999997158 ) ) ;
#136 = VERTEX_POINT ( 'NONE', #398 ) ;
#137 = VECTOR ( 'NONE', #1961, 1000.000000000000000 ) ;
#138 = DIRECTION ( 'NONE',  ( -1.000000000000000000, -0.000000000000000000, -0.000000000000000000 ) ) ;
#139 = PLANE ( 'NONE',  #3563 ) ;
#140 = DIRECTION ( 'NONE',  ( 1.000000000000000000, -0.000000000000000000, -0.000000000000000000 ) ) ;
#141 = VECTOR ( 'NONE', #1522, 1000.000000000000000 ) ;
#142 = EDGE_CURVE ( 'NONE', #1154, #2176, #2308, .T. ) ;
#143 = DIRECTION ( 'NONE',  ( 1.000000000000000000, 0.000000000000000000, 0.000000000000000000 ) ) ;
#144 = LINE ( 'NONE', #3266, #1912 ) ;
#145 = VECTOR ( 'NONE', #842, 1000.000000000000000 ) ;
#146 = LINE ( 'NONE', #1025, #3350 ) ;
#147 = ORIENTED_EDGE ( 'NONE', *, *, #2478, .F. ) ;
#148 = VECTOR ( 'NONE', #3319, 1000.000000000000000 ) ;
#149 = DIRECTION ( 'NONE',  ( 0.000000000000000000, 0.000000000000000000, -1.000000000000000000 ) ) ;
#150 = ORIENTED_EDGE ( 'NONE', *, *, #121, .F. ) ;
#151 = CARTESIAN_POINT ( 'NONE',  ( 198.3625000000000114, 0.000000000000000000, 63.66249999999999432 ) ) ;
#152 = CARTESIAN_POINT ( 'NONE',  ( 174.0750000000000171, -29.96330603869648357, 85.88749999999998863 ) ) ;
#153 = CARTESIAN_POINT ( 'NONE',  ( 12.49999999999999112, -4.762499999999999289, 85.88749999999998863 ) ) ;
#154 = AXIS2_PLACEMENT_3D ( 'NONE', #2275, #3115, #1970 ) ;
#155 = CARTESIAN_POINT ( 'NONE',  ( -215.5750000000000171, -4.762500000000000178, -75.96750000000035641 ) ) ;
#156 = PLANE ( 'NONE',  #2169 ) ;
#157 = FACE_OUTER_BOUND ( 'NONE', #3562, .T. ) ;
#158 = ORIENTED_EDGE ( 'NONE', *, *, #1127, .F. ) ;
#159 = CARTESIAN_POINT ( 'NONE',  ( -70.90833000000007758, 0.000000000000000000, 54.10937500000046185 ) ) ;
#160 = CARTESIAN_POINT ( 'NONE',  ( -105.7875000000000085, -4.762499999999999289, 82.71249999999999147 ) ) ;
#161 = EDGE_LOOP ( 'NONE', ( #2036, #1925, #628, #2696 ) ) ;
#162 = CARTESIAN_POINT ( 'NONE',  ( -12.50000000000001066, -29.96330603869648357, 85.88749999999998863 ) ) ;
#163 = ORIENTED_EDGE ( 'NONE', *, *, #677, .T. ) ;
#164 = EDGE_CURVE ( 'NONE', #2128, #2608, #3402, .T. ) ;
#165 = VECTOR ( 'NONE', #335, 1000.000000000000000 ) ;
#166 = EDGE_CURVE ( 'NONE', #1323, #2650, #2723, .T. ) ;
#167 = CARTESIAN_POINT ( 'NONE',  ( 222.2500000000000000, -29.96330603869647291, -10.66249999999999076 ) ) ;
#168 = VERTEX_POINT ( 'NONE', #466 ) ;
#169 = DIRECTION ( 'NONE',  ( 0.000000000000000000, 0.000000000000000000, -1.000000000000000000 ) ) ;
#170 = DIRECTION ( 'NONE',  ( 1.000000000000000000, 0.000000000000000000, 0.000000000000000000 ) ) ;
#171 = CARTESIAN_POINT ( 'NONE',  ( -199.1450000000003229, -10.00000000000000000, -75.96750000000035641 ) ) ;
#172 = CIRCLE ( 'NONE', #2301, 1.662500000000011191 ) ;
#173 = VECTOR ( 'NONE', #3594, 1000.000000000000000 ) ;
#174 = ORIENTED_EDGE ( 'NONE', *, *, #2083, .F. ) ;
#175 = ORIENTED_EDGE ( 'NONE', *, *, #3045, .T. ) ;
#176 = LINE ( 'NONE', #1368, #2088 ) ;
#177 = CARTESIAN_POINT ( 'NONE',  ( 105.8574999999996464, -4.762500000000000178, -79.21249999999999147 ) ) ;
#178 = EDGE_CURVE ( 'NONE', #119, #107, #395, .T. ) ;
#179 = ORIENTED_EDGE ( 'NONE', *, *, #487, .T. ) ;
#180 = DIRECTION ( 'NONE',  ( 0.000000000000000000, 1.000000000000000000, -0.000000000000000000 ) ) ;
#181 = VECTOR ( 'NONE', #2566, 1000.000000000000000 ) ;
#182 = DIRECTION ( 'NONE',  ( 0.000000000000000000, 0.000000000000000000, 1.000000000000000000 ) ) ;
#183 = DIRECTION ( 'NONE',  ( 0.000000000000000000, 0.000000000000000000, -1.000000000000000000 ) ) ;
#184 = ADVANCED_FACE ( 'NONE', ( #3222 ), #3261, .F. ) ;
#185 = ORIENTED_EDGE ( 'NONE', *, *, #1781, .F. ) ;
#186 = VECTOR ( 'NONE', #3488, 1000.000000000000000 ) ;
#187 = FACE_OUTER_BOUND ( 'NONE', #822, .T. ) ;
#188 = CARTESIAN_POINT ( 'NONE',  ( 219.0749999999999886, 0.000000000000000000, 62.88750000000000995 ) ) ;
#189 = ADVANCED_FACE ( 'NONE', ( #2105 ), #756, .F. ) ;
#190 = LINE ( 'NONE', #2656, #737 ) ;
#191 = FACE_OUTER_BOUND ( 'NONE', #1051, .T. ) ;
#192 = VECTOR ( 'NONE', #1820, 1000.000000000000000 ) ;
#193 = ORIENTED_EDGE ( 'NONE', *, *, #2433, .T. ) ;
#194 = FACE_OUTER_BOUND ( 'NONE', #2799, .T. ) ;
#195 = VERTEX_POINT ( 'NONE', #1036 ) ;
#196 = CARTESIAN_POINT ( 'NONE',  ( 174.0049999999996828, -10.00000000000000000, -75.96750000000035641 ) ) ;
#197 = ORIENTED_EDGE ( 'NONE', *, *, #74, .T. ) ;
#198 = VECTOR ( 'NONE', #1778, 1000.000000000000000 ) ;
#199 = AXIS2_PLACEMENT_3D ( 'NONE', #2190, #3309, #1353 ) ;
#200 = CARTESIAN_POINT ( 'NONE',  ( 219.0749999999999886, -4.762499999999999289, 14.33750000000001634 ) ) ;
#201 = ORIENTED_EDGE ( 'NONE', *, *, #406, .F. ) ;
#202 = ADVANCED_FACE ( 'NONE', ( #191 ), #696, .T. ) ;
#203 = AXIS2_PLACEMENT_3D ( 'NONE', #437, #1264, #3452 ) ;
#204 = AXIS2_PLACEMENT_3D ( 'NONE', #2466, #1664, #3586 ) ;
#205 = DIRECTION ( 'NONE',  ( 0.000000000000000000, 0.000000000000000000, 1.000000000000000000 ) ) ;
#206 = ORIENTED_EDGE ( 'NONE', *, *, #1514, .T. ) ;
#207 = CARTESIAN_POINT ( 'NONE',  ( -215.5749999999999886, -4.762500000000000178, 82.71249999999999147 ) ) ;
#208 = PLANE ( 'NONE',  #1252 ) ;
#209 = ADVANCED_FACE ( 'NONE', ( #2741 ), #1903, .F. ) ;
#210 = CARTESIAN_POINT ( 'NONE',  ( -219.0749999999999886, 0.000000000000000000, -79.21249999999999147 ) ) ;
#211 = ORIENTED_EDGE ( 'NONE', *, *, #1649, .F. ) ;
#212 = EDGE_CURVE ( 'NONE', #513, #1680, #1234, .T. ) ;
#213 = DIRECTION ( 'NONE',  ( -0.000000000000000000, 1.000000000000000000, -0.000000000000000000 ) ) ;
#214 = EDGE_LOOP ( 'NONE', ( #2027, #611, #1463, #2929 ) ) ;
#215 = CARTESIAN_POINT ( 'NONE',  ( -219.0749999999999886, -4.762500000000000178, -79.21249999999999147 ) ) ;
#216 = DIRECTION ( 'NONE',  ( 0.000000000000000000, 1.000000000000000000, 0.000000000000000000 ) ) ;
#217 = ORIENTED_EDGE ( 'NONE', *, *, #3393, .F. ) ;
#218 = PLANE ( 'NONE',  #343 ) ;
#219 = EDGE_LOOP ( 'NONE', ( #1538, #688, #2311, #2632, #1308, #3565, #855, #3491 ) ) ;
#220 = EDGE_CURVE ( 'NONE', #1835, #2608, #1838, .T. ) ;
#221 = DIRECTION ( 'NONE',  ( 0.000000000000000000, 0.000000000000000000, -1.000000000000000000 ) ) ;
#222 = DIRECTION ( 'NONE',  ( 1.000000000000000000, 0.000000000000000000, -0.000000000000000000 ) ) ;
#223 = PLANE ( 'NONE',  #582 ) ;
#224 = VECTOR ( 'NONE', #619, 1000.000000000000000 ) ;
#225 = CARTESIAN_POINT ( 'NONE',  ( -80.78750000000000853, -29.96330603869648357, 85.88749999999998863 ) ) ;
#226 = DIRECTION ( 'NONE',  ( -4.276668045551928593E-15, 0.000000000000000000, 1.000000000000000000 ) ) ;
#227 =( LENGTH_UNIT ( ) NAMED_UNIT ( * ) SI_UNIT ( .MILLI., .METRE. ) );
#228 = VECTOR ( 'NONE', #3074, 1000.000000000000000 ) ;
#229 = ADVANCED_FACE ( 'NONE', ( #2416 ), #1635, .F. ) ;
#230 = CARTESIAN_POINT ( 'NONE',  ( 56.54589999999996763, -4.762500000000000178, 61.99999999999998579 ) ) ;
#231 = EDGE_LOOP ( 'NONE', ( #1528, #2126 ) ) ;
#232 = ADVANCED_FACE ( 'NONE', ( #1564 ), #139, .T. ) ;
#233 = ADVANCED_FACE ( 'NONE', ( #1852 ), #156, .T. ) ;
#234 = FACE_OUTER_BOUND ( 'NONE', #3094, .T. ) ;
#235 = ORIENTED_EDGE ( 'NONE', *, *, #2057, .T. ) ;
#236 = EDGE_CURVE ( 'NONE', #2164, #3031, #1350, .T. ) ;
#237 = CARTESIAN_POINT ( 'NONE',  ( -70.90833000000007758, -4.762500000000006395, 51.50937500000045333 ) ) ;
#238 = DIRECTION ( 'NONE',  ( 1.000000000000000000, -0.000000000000000000, 8.741913579725650188E-15 ) ) ;
#239 = EDGE_LOOP ( 'NONE', ( #2853, #1497, #1472, #298, #942, #132, #1134, #1876, #1174, #3282, #2458, #1601, #3038, #1347, #2789, #3556, #100, #1690, #920, #163, #365, #3370, #1161, #2101, #1897, #422, #2735, #548, #2293, #2470, #2876, #577, #2324, #806, #1847, #2936, #2349, #37, #2952, #1197, #3395, #1080, #197, #1645, #2849, #1380, #635, #3599, #1312, #2599, #2343, #3356, #2619, #2896, #1915, #2143, #2289, #2556, #3012, #2664, #2507, #690, #394, #402, #311, #893, #2118, #1911, #3460, #211 ) ) ;
#240 = EDGE_CURVE ( 'NONE', #77, #3603, #2538, .T. ) ;
#241 = ORIENTED_EDGE ( 'NONE', *, *, #75, .F. ) ;
#242 = DIRECTION ( 'NONE',  ( 0.000000000000000000, 0.000000000000000000, -1.000000000000000000 ) ) ;
#243 = CARTESIAN_POINT ( 'NONE',  ( -174.0749999999999886, 0.000000000000000000, 82.71249999999999147 ) ) ;
#244 = PLANE ( 'NONE',  #3379 ) ;
#245 = DIRECTION ( 'NONE',  ( 0.000000000000000000, 1.000000000000000000, 0.000000000000000000 ) ) ;
#246 = LINE ( 'NONE', #2745, #1813 ) ;
#247 = PLANE ( 'NONE',  #1628 ) ;
#248 = ORIENTED_EDGE ( 'NONE', *, *, #521, .F. ) ;
#249 = CARTESIAN_POINT ( 'NONE',  ( -219.0749999999999886, -29.96330603869647291, 14.33750000000001634 ) ) ;
#250 = CARTESIAN_POINT ( 'NONE',  ( 199.1449999999996692, 0.000000000000000000, -79.21249999999999147 ) ) ;
#251 = ORIENTED_EDGE ( 'NONE', *, *, #3495, .T. ) ;
#252 = PLANE ( 'NONE',  #2602 ) ;
#253 = CARTESIAN_POINT ( 'NONE',  ( -219.0749999999999886, -4.762500000000000178, -79.21249999999999147 ) ) ;
#254 = ORIENTED_EDGE ( 'NONE', *, *, #3596, .T. ) ;
#255 = VECTOR ( 'NONE', #3446, 1000.000000000000000 ) ;
#256 = LINE ( 'NONE', #2644, #2401 ) ;
#257 = EDGE_CURVE ( 'NONE', #2087, #2144, #3637, .T. ) ;
#258 = ORIENTED_EDGE ( 'NONE', *, *, #2342, .F. ) ;
#259 = FACE_OUTER_BOUND ( 'NONE', #3639, .T. ) ;
#260 = DIRECTION ( 'NONE',  ( 1.000000000000000000, 0.000000000000000000, 0.000000000000000000 ) ) ;
#261 = DIRECTION ( 'NONE',  ( 0.000000000000000000, 0.000000000000000000, -1.000000000000000000 ) ) ;
#262 = EDGE_CURVE ( 'NONE', #3050, #1955, #2774, .T. ) ;
#263 = ORIENTED_EDGE ( 'NONE', *, *, #1013, .T. ) ;
#264 = EDGE_CURVE ( 'NONE', #3549, #3609, #1148, .T. ) ;
#265 = ORIENTED_EDGE ( 'NONE', *, *, #1016, .T. ) ;
#266 = ORIENTED_EDGE ( 'NONE', *, *, #2673, .F. ) ;
#267 = DIRECTION ( 'NONE',  ( -8.741913579725650188E-15, 0.000000000000000000, -1.000000000000000000 ) ) ;
#268 = ORIENTED_EDGE ( 'NONE', *, *, #435, .T. ) ;
#269 = VECTOR ( 'NONE', #2370, 1000.000000000000000 ) ;
#270 = CARTESIAN_POINT ( 'NONE',  ( 70.90839999999995769, -4.762500000000000178, -18.49062499999996945 ) ) ;
#271 = DIRECTION ( 'NONE',  ( 0.000000000000000000, 1.000000000000000000, 0.000000000000000000 ) ) ;
#272 = VERTEX_POINT ( 'NONE', #1379 ) ;
#273 = CARTESIAN_POINT ( 'NONE',  ( -83.60832999999998094, -4.762500000000000178, -58.49999999999998579 ) ) ;
#274 = ORIENTED_EDGE ( 'NONE', *, *, #1120, .T. ) ;
#275 = DIRECTION ( 'NONE',  ( 4.276668045551928593E-15, 0.000000000000000000, 1.000000000000000000 ) ) ;
#276 = PLANE ( 'NONE',  #546 ) ;
#277 = CARTESIAN_POINT ( 'NONE',  ( -70.90832999999996389, -4.762500000000000178, -61.52187499999998010 ) ) ;
#278 = DIRECTION ( 'NONE',  ( 1.000000000000000000, 0.000000000000000000, 0.000000000000000000 ) ) ;
#279 = VERTEX_POINT ( 'NONE', #2261 ) ;
#280 = DIRECTION ( 'NONE',  ( 0.000000000000000000, -0.000000000000000000, 1.000000000000000000 ) ) ;
#281 = ORIENTED_EDGE ( 'NONE', *, *, #2623, .T. ) ;
#282 = LINE ( 'NONE', #925, #1200 ) ;
#283 = ORIENTED_EDGE ( 'NONE', *, *, #2478, .T. ) ;
#284 = ADVANCED_FACE ( 'NONE', ( #1960 ), #3340, .T. ) ;
#285 = CARTESIAN_POINT ( 'NONE',  ( 199.0749999999998749, 0.000000000000000000, 82.71249999999999147 ) ) ;
#286 = CARTESIAN_POINT ( 'NONE',  ( -198.3624999999999829, -4.762500000000000178, -58.49999999999998579 ) ) ;
#287 = LINE ( 'NONE', #1455, #807 ) ;
#288 = ORIENTED_EDGE ( 'NONE', *, *, #240, .T. ) ;
#289 = DIRECTION ( 'NONE',  ( 0.000000000000000000, 0.000000000000000000, -1.000000000000000000 ) ) ;
#290 = CARTESIAN_POINT ( 'NONE',  ( 80.78749999999998010, -29.96330603869648357, 85.88749999999998863 ) ) ;
#291 = EDGE_CURVE ( 'NONE', #1383, #3398, #2469, .T. ) ;
#292 = CARTESIAN_POINT ( 'NONE',  ( -222.2500000000000000, -29.96330603869647291, -10.66249999999999076 ) ) ;
#293 = ORIENTED_EDGE ( 'NONE', *, *, #2488, .F. ) ;
#294 = CARTESIAN_POINT ( 'NONE',  ( -219.0749999999999886, -4.762500000000000178, -79.21249999999999147 ) ) ;
#295 = DIRECTION ( 'NONE',  ( 0.000000000000000000, 1.000000000000000000, 0.000000000000000000 ) ) ;
#296 = VECTOR ( 'NONE', #1717, 1000.000000000000000 ) ;
#297 = LINE ( 'NONE', #2582, #1442 ) ;
#298 = ORIENTED_EDGE ( 'NONE', *, *, #503, .T. ) ;
#299 = AXIS2_PLACEMENT_3D ( 'NONE', #249, #1385, #3592 ) ;
#300 = LINE ( 'NONE', #2604, #1144 ) ;
#301 = DIRECTION ( 'NONE',  ( 0.000000000000000000, 1.000000000000000000, -0.000000000000000000 ) ) ;
#302 = VECTOR ( 'NONE', #2992, 1000.000000000000000 ) ;
#303 = ORIENTED_EDGE ( 'NONE', *, *, #3316, .T. ) ;
#304 = CARTESIAN_POINT ( 'NONE',  ( 198.3624999999999829, -4.762500000000000178, -60.16249999999999432 ) ) ;
#305 = ORIENTED_EDGE ( 'NONE', *, *, #2812, .T. ) ;
#306 = VECTOR ( 'NONE', #378, 1000.000000000000000 ) ;
#307 = VERTEX_POINT ( 'NONE', #1107 ) ;
#308 = FACE_OUTER_BOUND ( 'NONE', #3345, .T. ) ;
#309 = VECTOR ( 'NONE', #1349, 1000.000000000000000 ) ;
#310 = DIRECTION ( 'NONE',  ( 0.000000000000000000, 1.000000000000000000, 0.000000000000000000 ) ) ;
#311 = ORIENTED_EDGE ( 'NONE', *, *, #46, .F. ) ;
#312 = DIRECTION ( 'NONE',  ( -1.000000000000000000, 0.000000000000000000, -0.000000000000000000 ) ) ;
#313 = CYLINDRICAL_SURFACE ( 'NONE', #3047, 1.662499999999997424 ) ;
#314 = CIRCLE ( 'NONE', #2738, 3.499999999999989342 ) ;
#315 = PRODUCT_DEFINITION_CONTEXT ( 'detailed design', #1488, 'design' ) ;
#316 = ORIENTED_EDGE ( 'NONE', *, *, #130, .T. ) ;
#317 = EDGE_CURVE ( 'NONE', #2192, #1413, #2222, .T. ) ;
#318 = CIRCLE ( 'NONE', #1581, 1.662500000000011191 ) ;
#319 = FACE_OUTER_BOUND ( 'NONE', #3228, .T. ) ;
#320 = ORIENTED_EDGE ( 'NONE', *, *, #1514, .F. ) ;
#321 = CARTESIAN_POINT ( 'NONE',  ( 222.2500000000000000, -29.96330603869647291, 14.33750000000001634 ) ) ;
#322 = LINE ( 'NONE', #2605, #296 ) ;
#323 = ORIENTED_EDGE ( 'NONE', *, *, #142, .F. ) ;
#324 = DIRECTION ( 'NONE',  ( 0.000000000000000000, 0.000000000000000000, -1.000000000000000000 ) ) ;
#325 = FACE_OUTER_BOUND ( 'NONE', #584, .T. ) ;
#326 = ORIENTED_EDGE ( 'NONE', *, *, #1888, .F. ) ;
#327 = VECTOR ( 'NONE', #2684, 1000.000000000000000 ) ;
#328 = ORIENTED_EDGE ( 'NONE', *, *, #3597, .F. ) ;
#329 = DIRECTION ( 'NONE',  ( -1.000000000000000000, -0.000000000000000000, -0.000000000000000000 ) ) ;
#330 = EDGE_CURVE ( 'NONE', #1694, #2701, #1728, .T. ) ;
#331 = LINE ( 'NONE', #1184, #1048 ) ;
#332 = MANIFOLD_SOLID_BREP ( 'Cut-Extrude6', #2378 ) ;
#333 = FACE_BOUND ( 'NONE', #3015, .T. ) ;
#334 = EDGE_LOOP ( 'NONE', ( #2017, #2859, #2395, #388 ) ) ;
#335 = DIRECTION ( 'NONE',  ( -0.000000000000000000, 1.000000000000000000, -0.000000000000000000 ) ) ;
#336 = ORIENTED_EDGE ( 'NONE', *, *, #2965, .F. ) ;
#337 = CIRCLE ( 'NONE', #639, 2.549999999999989608 ) ;
#338 = CARTESIAN_POINT ( 'NONE',  ( 80.78749999999998010, -29.96330603869648357, 82.71249999999999147 ) ) ;
#339 = ORIENTED_EDGE ( 'NONE', *, *, #1143, .F. ) ;
#340 = EDGE_CURVE ( 'NONE', #168, #1177, #786, .T. ) ;
#341 = ADVANCED_FACE ( 'NONE', ( #1238 ), #313, .F. ) ;
#342 = FACE_OUTER_BOUND ( 'NONE', #3380, .T. ) ;
#343 = AXIS2_PLACEMENT_3D ( 'NONE', #2196, #238, #1373 ) ;
#344 = DIRECTION ( 'NONE',  ( 1.000000000000000000, 0.000000000000000000, 0.000000000000000000 ) ) ;
#345 = VERTEX_POINT ( 'NONE', #935 ) ;
#346 =( LENGTH_UNIT ( ) NAMED_UNIT ( * ) SI_UNIT ( .MILLI., .METRE. ) );
#347 = DIRECTION ( 'NONE',  ( 0.000000000000000000, 1.000000000000000000, 0.000000000000000000 ) ) ;
#348 = VECTOR ( 'NONE', #1895, 1000.000000000000000 ) ;
#349 = FACE_BOUND ( 'NONE', #2527, .T. ) ;
#350 = EDGE_CURVE ( 'NONE', #2793, #2411, #1950, .T. ) ;
#351 = LINE ( 'NONE', #2302, #3442 ) ;
#352 = VERTEX_POINT ( 'NONE', #1799 ) ;
#353 = CARTESIAN_POINT ( 'NONE',  ( -219.0749999999999886, -4.762500000000000178, -79.21249999999999147 ) ) ;
#354 = LINE ( 'NONE', #2825, #2706 ) ;
#355 = EDGE_CURVE ( 'NONE', #1284, #1154, #1486, .T. ) ;
#356 = CARTESIAN_POINT ( 'NONE',  ( 70.90839999999995769, -4.762500000000000178, -58.97187499999996874 ) ) ;
#357 = VECTOR ( 'NONE', #420, 1000.000000000000000 ) ;
#358 = DIRECTION ( 'NONE',  ( 0.000000000000000000, 0.000000000000000000, 1.000000000000000000 ) ) ;
#359 = CARTESIAN_POINT ( 'NONE',  ( -105.7875000000000085, -4.762499999999999289, 85.88749999999998863 ) ) ;
#360 = ORIENTED_EDGE ( 'NONE', *, *, #1418, .T. ) ;
#361 = VECTOR ( 'NONE', #3051, 1000.000000000000000 ) ;
#362 = DIRECTION ( 'NONE',  ( -1.000000000000000000, 0.000000000000000000, -6.135636606928902682E-17 ) ) ;
#363 = DIRECTION ( 'NONE',  ( 0.000000000000000000, 0.000000000000000000, 1.000000000000000000 ) ) ;
#364 = ORIENTED_EDGE ( 'NONE', *, *, #2031, .T. ) ;
#365 = ORIENTED_EDGE ( 'NONE', *, *, #3291, .F. ) ;
#366 = CARTESIAN_POINT ( 'NONE',  ( -12.57000000000033069, -4.762500000000000178, -79.21249999999999147 ) ) ;
#367 = PLANE ( 'NONE',  #818 ) ;
#368 = EDGE_CURVE ( 'NONE', #2426, #1320, #3414, .T. ) ;
#369 = LINE ( 'NONE', #2117, #1109 ) ;
#370 = VERTEX_POINT ( 'NONE', #919 ) ;
#371 = CARTESIAN_POINT ( 'NONE',  ( -198.3624999999999545, 0.000000000000000000, 63.66249999999998010 ) ) ;
#372 = DIRECTION ( 'NONE',  ( 1.000000000000000000, 0.000000000000000000, 0.000000000000000000 ) ) ;
#373 = AXIS2_PLACEMENT_3D ( 'NONE', #2670, #975, #226 ) ;
#374 = EDGE_CURVE ( 'NONE', #82, #3086, #904, .T. ) ;
#375 = EDGE_LOOP ( 'NONE', ( #2779, #1729 ) ) ;
#376 = VECTOR ( 'NONE', #1977, 1000.000000000000000 ) ;
#377 = CARTESIAN_POINT ( 'NONE',  ( -80.71750000000032799, -4.762500000000000178, 79.21249999999999147 ) ) ;
#378 = DIRECTION ( 'NONE',  ( 2.303367271006550024E-16, 0.000000000000000000, 1.000000000000000000 ) ) ;
#379 = ORIENTED_EDGE ( 'NONE', *, *, #1155, .T. ) ;
#380 = DIRECTION ( 'NONE',  ( -0.000000000000000000, 0.000000000000000000, 1.000000000000000000 ) ) ;
#381 = ORIENTED_EDGE ( 'NONE', *, *, #3378, .T. ) ;
#382 = AXIS2_PLACEMENT_3D ( 'NONE', #237, #2181, #774 ) ;
#383 = ADVANCED_FACE ( 'NONE', ( #1762 ), #953, .F. ) ;
#384 = VECTOR ( 'NONE', #88, 1000.000000000000000 ) ;
#385 = CARTESIAN_POINT ( 'NONE',  ( -222.2500000000000000, -29.96330603869647291, -34.21249999999997726 ) ) ;
#386 = LINE ( 'NONE', #2094, #1139 ) ;
#387 = EDGE_LOOP ( 'NONE', ( #2905, #1890, #1519, #2714 ) ) ;
#388 = ORIENTED_EDGE ( 'NONE', *, *, #396, .T. ) ;
#389 = CARTESIAN_POINT ( 'NONE',  ( -219.0749999999999886, -4.762500000000000178, -79.21249999999999147 ) ) ;
#390 = CARTESIAN_POINT ( 'NONE',  ( 70.90839999999995769, -4.762500000000000178, -21.04062499999996305 ) ) ;
#391 = EDGE_LOOP ( 'NONE', ( #2521, #2254, #1325, #604 ) ) ;
#392 = CARTESIAN_POINT ( 'NONE',  ( -83.60832999999998094, 0.000000000000000000, -58.49999999999998579 ) ) ;
#393 = CARTESIAN_POINT ( 'NONE',  ( -12.50000000000001066, -4.762499999999999289, 85.88749999999998863 ) ) ;
#394 = ORIENTED_EDGE ( 'NONE', *, *, #2677, .F. ) ;
#395 = CIRCLE ( 'NONE', #1059, 1.662499999999997424 ) ;
#396 = EDGE_CURVE ( 'NONE', #3302, #3315, #354, .T. ) ;
#397 = DIRECTION ( 'NONE',  ( 0.000000000000000000, 0.000000000000000000, 1.000000000000000000 ) ) ;
#398 = CARTESIAN_POINT ( 'NONE',  ( 174.0049999999996260, 0.000000000000000000, -75.96750000000035641 ) ) ;
#399 = EDGE_LOOP ( 'NONE', ( #694, #2074, #2947, #1286 ) ) ;
#400 = FACE_OUTER_BOUND ( 'NONE', #1845, .T. ) ;
#401 = ORIENTED_EDGE ( 'NONE', *, *, #3555, .T. ) ;
#402 = ORIENTED_EDGE ( 'NONE', *, *, #3326, .F. ) ;
#403 = VECTOR ( 'NONE', #482, 1000.000000000000000 ) ;
#404 = CARTESIAN_POINT ( 'NONE',  ( -219.0749999999999886, -4.762499999999999289, -59.21249999999998437 ) ) ;
#405 = ORIENTED_EDGE ( 'NONE', *, *, #2759, .T. ) ;
#406 = EDGE_CURVE ( 'NONE', #581, #1095, #2282, .T. ) ;
#407 = AXIS2_PLACEMENT_3D ( 'NONE', #3418, #2005, #2312 ) ;
#408 = ORIENTED_EDGE ( 'NONE', *, *, #1701, .T. ) ;
#409 = DIRECTION ( 'NONE',  ( 1.000000000000000000, 0.000000000000000000, 0.000000000000000000 ) ) ;
#410 = DIRECTION ( 'NONE',  ( -1.000000000000000000, -0.000000000000000000, -0.000000000000000000 ) ) ;
#411 = EDGE_LOOP ( 'NONE', ( #2781, #2430, #424, #1032 ) ) ;
#412 = LINE ( 'NONE', #111, #2982 ) ;
#413 = EDGE_LOOP ( 'NONE', ( #248, #3066, #1718, #428 ) ) ;
#414 = LINE ( 'NONE', #1559, #599 ) ;
#415 = DIRECTION ( 'NONE',  ( 0.000000000000000000, 0.000000000000000000, 1.000000000000000000 ) ) ;
#416 = ORIENTED_EDGE ( 'NONE', *, *, #3337, .F. ) ;
#417 = EDGE_CURVE ( 'NONE', #2889, #1810, #2868, .T. ) ;
#418 = PLANE ( 'NONE',  #916 ) ;
#419 = DIRECTION ( 'NONE',  ( 1.000000000000000000, 0.000000000000000000, -2.185478394931412547E-15 ) ) ;
#420 = DIRECTION ( 'NONE',  ( -0.000000000000000000, 1.000000000000000000, -0.000000000000000000 ) ) ;
#421 = DIRECTION ( 'NONE',  ( -0.000000000000000000, 0.000000000000000000, 1.000000000000000000 ) ) ;
#422 = ORIENTED_EDGE ( 'NONE', *, *, #2030, .F. ) ;
#423 = CARTESIAN_POINT ( 'NONE',  ( -105.8575000000003570, 0.000000000000000000, -79.21249999999999147 ) ) ;
#424 = ORIENTED_EDGE ( 'NONE', *, *, #2456, .F. ) ;
#425 = DIRECTION ( 'NONE',  ( -1.000000000000000000, -0.000000000000000000, -0.000000000000000000 ) ) ;
#426 = LINE ( 'NONE', #3494, #3514 ) ;
#427 = ORIENTED_EDGE ( 'NONE', *, *, #3291, .T. ) ;
#428 = ORIENTED_EDGE ( 'NONE', *, *, #988, .F. ) ;
#429 = DIRECTION ( 'NONE',  ( 1.000000000000000000, 0.000000000000000000, -0.000000000000000000 ) ) ;
#430 = LINE ( 'NONE', #2924, #2966 ) ;
#431 = DIRECTION ( 'NONE',  ( 0.000000000000000000, 0.000000000000000000, 1.000000000000000000 ) ) ;
#432 = FACE_OUTER_BOUND ( 'NONE', #3307, .T. ) ;
#433 = AXIS2_PLACEMENT_3D ( 'NONE', #1057, #497, #2806 ) ;
#434 = CARTESIAN_POINT ( 'NONE',  ( -219.0749999999999886, -29.96330603869647291, -59.21249999999998437 ) ) ;
#435 = EDGE_CURVE ( 'NONE', #1893, #1670, #1487, .T. ) ;
#436 = ORIENTED_EDGE ( 'NONE', *, *, #1389, .F. ) ;
#437 = CARTESIAN_POINT ( 'NONE',  ( 219.0749999999999886, -4.762500000000000178, -79.21249999999999147 ) ) ;
#438 = CARTESIAN_POINT ( 'NONE',  ( -174.0750000000000171, -29.96330603869648357, 85.88749999999998863 ) ) ;
#439 = ORIENTED_EDGE ( 'NONE', *, *, #1687, .F. ) ;
#440 = VECTOR ( 'NONE', #3078, 1000.000000000000000 ) ;
#441 = DIRECTION ( 'NONE',  ( 0.000000000000000000, 0.000000000000000000, -1.000000000000000000 ) ) ;
#442 = LINE ( 'NONE', #459, #2123 ) ;
#443 = CARTESIAN_POINT ( 'NONE',  ( -85.27082999999998947, -4.762500000000000178, -60.16249999999999432 ) ) ;
#444 = VERTEX_POINT ( 'NONE', #2558 ) ;
#445 = CARTESIAN_POINT ( 'NONE',  ( -80.71750000000034220, -10.00000000000000000, -79.21249999999999147 ) ) ;
#446 = LINE ( 'NONE', #3552, #3174 ) ;
#447 = VECTOR ( 'NONE', #1272, 1000.000000000000000 ) ;
#448 = CARTESIAN_POINT ( 'NONE',  ( -12.57000000000034490, -4.762500000000000178, -75.96750000000035641 ) ) ;
#449 = DIRECTION ( 'NONE',  ( -0.000000000000000000, 1.000000000000000000, -0.000000000000000000 ) ) ;
#450 = EDGE_CURVE ( 'NONE', #1061, #345, #17, .T. ) ;
#451 = CARTESIAN_POINT ( 'NONE',  ( -219.0750000000000171, 0.000000000000000000, 79.21249999999999147 ) ) ;
#452 = CARTESIAN_POINT ( 'NONE',  ( 219.0749999999999886, -4.762499999999999289, 14.33750000000001634 ) ) ;
#453 = DIRECTION ( 'NONE',  ( -0.000000000000000000, -0.000000000000000000, 1.000000000000000000 ) ) ;
#454 = ORIENTED_EDGE ( 'NONE', *, *, #1468, .F. ) ;
#455 = ADVANCED_FACE ( 'NONE', ( #2323 ), #992, .F. ) ;
#456 = VECTOR ( 'NONE', #2013, 1000.000000000000000 ) ;
#457 = CARTESIAN_POINT ( 'NONE',  ( 70.90839999999995769, -4.762500000000000178, -58.97187499999996874 ) ) ;
#458 = EDGE_CURVE ( 'NONE', #563, #1478, #2373, .T. ) ;
#459 = CARTESIAN_POINT ( 'NONE',  ( -222.2500000000000000, 0.000000000000000000, -59.21249999999998437 ) ) ;
#460 = EDGE_LOOP ( 'NONE', ( #3044, #2179, #2712, #2464 ) ) ;
#461 = CARTESIAN_POINT ( 'NONE',  ( 12.56999999999965745, 0.000000000000000000, -79.21249999999999147 ) ) ;
#462 = VERTEX_POINT ( 'NONE', #2120 ) ;
#463 = PLANE ( 'NONE',  #977 ) ;
#464 = EDGE_CURVE ( 'NONE', #2033, #2862, #3239, .T. ) ;
#465 = CARTESIAN_POINT ( 'NONE',  ( -219.0749999999999886, 0.000000000000000000, -79.21249999999999147 ) ) ;
#466 = CARTESIAN_POINT ( 'NONE',  ( -12.57000000000033069, 0.000000000000000000, -79.21249999999999147 ) ) ;
#467 = ORIENTED_EDGE ( 'NONE', *, *, #2320, .T. ) ;
#468 = EDGE_CURVE ( 'NONE', #1061, #2006, #2973, .T. ) ;
#469 = DIRECTION ( 'NONE',  ( 0.000000000000000000, 0.000000000000000000, 1.000000000000000000 ) ) ;
#470 = CARTESIAN_POINT ( 'NONE',  ( 222.2500000000000000, -29.96330603869647291, -59.21249999999998437 ) ) ;
#471 = ADVANCED_FACE ( 'NONE', ( #2133 ), #3258, .F. ) ;
#472 = DIRECTION ( 'NONE',  ( -0.000000000000000000, 1.000000000000000000, -0.000000000000000000 ) ) ;
#473 = ORIENTED_EDGE ( 'NONE', *, *, #1781, .T. ) ;
#474 = CARTESIAN_POINT ( 'NONE',  ( 58.20839999999996905, -4.762500000000000178, -58.49999999999998579 ) ) ;
#475 = VECTOR ( 'NONE', #2107, 1000.000000000000000 ) ;
#476 = CARTESIAN_POINT ( 'NONE',  ( 174.0750000000000171, -4.762499999999999289, 85.88749999999998863 ) ) ;
#477 = ORIENTED_EDGE ( 'NONE', *, *, #2436, .F. ) ;
#478 = DIRECTION ( 'NONE',  ( 0.000000000000000000, 0.000000000000000000, 1.000000000000000000 ) ) ;
#479 = VECTOR ( 'NONE', #3295, 1000.000000000000000 ) ;
#480 = CARTESIAN_POINT ( 'NONE',  ( 12.49999999999999112, 0.000000000000000000, 85.88749999999998863 ) ) ;
#481 = CARTESIAN_POINT ( 'NONE',  ( -105.7875000000000085, -29.96330603869648357, 85.88749999999998863 ) ) ;
#482 = DIRECTION ( 'NONE',  ( 0.000000000000000000, 1.000000000000000000, 0.000000000000000000 ) ) ;
#483 = EDGE_CURVE ( 'NONE', #3329, #2061, #3219, .T. ) ;
#484 = CARTESIAN_POINT ( 'NONE',  ( -198.3624999999999545, -4.762500000000000178, 61.99999999999998579 ) ) ;
#485 = VECTOR ( 'NONE', #1492, 1000.000000000000000 ) ;
#486 = VERTEX_POINT ( 'NONE', #710 ) ;
#487 = EDGE_CURVE ( 'NONE', #2573, #462, #783, .T. ) ;
#488 = VERTEX_POINT ( 'NONE', #1848 ) ;
#489 = CARTESIAN_POINT ( 'NONE',  ( 199.1449999999996692, -4.762500000000000178, -79.21249999999999147 ) ) ;
#490 = LINE ( 'NONE', #1693, #1617 ) ;
#491 = EDGE_LOOP ( 'NONE', ( #1336, #851, #1074, #1436, #2224, #3265, #2328, #1620 ) ) ;
#492 = VECTOR ( 'NONE', #3426, 1000.000000000000000 ) ;
#493 = CIRCLE ( 'NONE', #3085, 2.600000000000004974 ) ;
#494 = EDGE_CURVE ( 'NONE', #1169, #1495, #3289, .T. ) ;
#495 = FACE_OUTER_BOUND ( 'NONE', #708, .T. ) ;
#496 = DIRECTION ( 'NONE',  ( 8.741913579725650188E-15, -0.000000000000000000, -1.000000000000000000 ) ) ;
#497 = DIRECTION ( 'NONE',  ( -0.000000000000000000, 1.000000000000000000, -0.000000000000000000 ) ) ;
#498 = SURFACE_STYLE_FILL_AREA ( #3589 ) ;
#499 = VERTEX_POINT ( 'NONE', #2719 ) ;
#500 = EDGE_CURVE ( 'NONE', #1721, #3114, #2168, .T. ) ;
#501 = LINE ( 'NONE', #2540, #145 ) ;
#502 = ORIENTED_EDGE ( 'NONE', *, *, #2988, .F. ) ;
#503 = EDGE_CURVE ( 'NONE', #2389, #669, #414, .T. ) ;
#504 = EDGE_LOOP ( 'NONE', ( #3216, #583, #2148, #979 ) ) ;
#505 = CARTESIAN_POINT ( 'NONE',  ( -215.5749999999999886, -4.762500000000000178, 82.71249999999999147 ) ) ;
#506 = DIRECTION ( 'NONE',  ( 1.727525453254912148E-16, 0.000000000000000000, 1.000000000000000000 ) ) ;
#507 = ORIENTED_EDGE ( 'NONE', *, *, #1135, .F. ) ;
#508 = DIRECTION ( 'NONE',  ( -1.000000000000000000, -0.000000000000000000, -0.000000000000000000 ) ) ;
#509 = CIRCLE ( 'NONE', #2591, 1.662500000000011191 ) ;
#510 = DIRECTION ( 'NONE',  ( 0.000000000000000000, 0.000000000000000000, 1.000000000000000000 ) ) ;
#511 = DIRECTION ( 'NONE',  ( 0.000000000000000000, 0.000000000000000000, 1.000000000000000000 ) ) ;
#512 = VECTOR ( 'NONE', #1570, 1000.000000000000000 ) ;
#513 = VERTEX_POINT ( 'NONE', #2667 ) ;
#514 = DIRECTION ( 'NONE',  ( -0.000000000000000000, 1.000000000000000000, -0.000000000000000000 ) ) ;
#515 = CYLINDRICAL_SURFACE ( 'NONE', #2841, 2.549999999999989608 ) ;
#516 = EDGE_LOOP ( 'NONE', ( #1882, #638, #2746, #217 ) ) ;
#517 = VECTOR ( 'NONE', #1269, 1000.000000000000000 ) ;
#518 = CARTESIAN_POINT ( 'NONE',  ( 85.27089999999999748, -4.762500000000000178, 63.66249999999999432 ) ) ;
#519 = DIRECTION ( 'NONE',  ( 4.276668045551928593E-15, -0.000000000000000000, 1.000000000000000000 ) ) ;
#520 = ORIENTED_EDGE ( 'NONE', *, *, #3210, .F. ) ;
#521 = EDGE_CURVE ( 'NONE', #16, #1158, #750, .T. ) ;
#522 = ADVANCED_FACE ( 'NONE', ( #730 ), #2150, .F. ) ;
#523 = CARTESIAN_POINT ( 'NONE',  ( -58.20832999999998236, -4.762500000000000178, -58.49999999999998579 ) ) ;
#524 = ORIENTED_EDGE ( 'NONE', *, *, #2115, .F. ) ;
#525 = CYLINDRICAL_SURFACE ( 'NONE', #3034, 2.549999999999993161 ) ;
#526 = CIRCLE ( 'NONE', #1083, 2.549999999999993161 ) ;
#527 = VERTEX_POINT ( 'NONE', #1033 ) ;
#528 = CARTESIAN_POINT ( 'NONE',  ( 215.5750000000000171, -4.762500000000000178, 79.21249999999999147 ) ) ;
#529 = DIRECTION ( 'NONE',  ( 1.000000000000000000, 0.000000000000000000, -0.000000000000000000 ) ) ;
#530 = LINE ( 'NONE', #243, #761 ) ;
#531 = EDGE_CURVE ( 'NONE', #3465, #527, #1734, .T. ) ;
#532 = CARTESIAN_POINT ( 'NONE',  ( -219.0749999999999886, 0.000000000000000000, -79.21249999999999147 ) ) ;
#533 = CARTESIAN_POINT ( 'NONE',  ( -222.2500000000000000, -4.762499999999999289, 37.88750000000000284 ) ) ;
#534 = CARTESIAN_POINT ( 'NONE',  ( -199.1450000000002660, -10.00000000000000000, -79.21249999999999147 ) ) ;
#535 = ORIENTED_EDGE ( 'NONE', *, *, #3272, .F. ) ;
#536 = EDGE_CURVE ( 'NONE', #2836, #2762, #2467, .T. ) ;
#537 = FACE_OUTER_BOUND ( 'NONE', #2637, .T. ) ;
#538 = CIRCLE ( 'NONE', #2734, 2.549999999999993161 ) ;
#539 = DIRECTION ( 'NONE',  ( 1.000000000000000000, 0.000000000000000000, -0.000000000000000000 ) ) ;
#540 = ORIENTED_EDGE ( 'NONE', *, *, #3087, .F. ) ;
#541 = CIRCLE ( 'NONE', #3541, 2.549999999999993161 ) ;
#542 = CARTESIAN_POINT ( 'NONE',  ( -219.0749999999999886, 0.000000000000000000, -79.21249999999999147 ) ) ;
#543 = DIRECTION ( 'NONE',  ( -0.000000000000000000, -0.000000000000000000, -1.000000000000000000 ) ) ;
#544 = FACE_BOUND ( 'NONE', #1797, .T. ) ;
#545 = VECTOR ( 'NONE', #3111, 1000.000000000000000 ) ;
#546 = AXIS2_PLACEMENT_3D ( 'NONE', #481, #2534, #529 ) ;
#547 = CARTESIAN_POINT ( 'NONE',  ( 198.3624999999999829, 0.000000000000000000, -60.16249999999999432 ) ) ;
#548 = ORIENTED_EDGE ( 'NONE', *, *, #1972, .T. ) ;
#549 = DIRECTION ( 'NONE',  ( -0.000000000000000000, 0.000000000000000000, 1.000000000000000000 ) ) ;
#550 = CARTESIAN_POINT ( 'NONE',  ( -219.0750000000000171, -4.762500000000000178, 79.21249999999999147 ) ) ;
#551 = EDGE_CURVE ( 'NONE', #3376, #1248, #1901, .T. ) ;
#552 = LINE ( 'NONE', #597, #2174 ) ;
#553 = LINE ( 'NONE', #61, #2775 ) ;
#554 = ORIENTED_EDGE ( 'NONE', *, *, #368, .F. ) ;
#555 = AXIS2_PLACEMENT_3D ( 'NONE', #1629, #221, #814 ) ;
#556 = CARTESIAN_POINT ( 'NONE',  ( -219.0749999999999886, 0.000000000000000000, 37.88750000000000284 ) ) ;
#557 = DIRECTION ( 'NONE',  ( 8.741913579725650188E-15, -0.000000000000000000, 1.000000000000000000 ) ) ;
#558 = VERTEX_POINT ( 'NONE', #2756 ) ;
#559 = ADVANCED_FACE ( 'NONE', ( #495 ), #223, .T. ) ;
#560 = VECTOR ( 'NONE', #3084, 1000.000000000000000 ) ;
#561 = DIRECTION ( 'NONE',  ( 1.151683635503274765E-16, 0.000000000000000000, 1.000000000000000000 ) ) ;
#562 = EDGE_CURVE ( 'NONE', #621, #62, #3024, .T. ) ;
#563 = VERTEX_POINT ( 'NONE', #2736 ) ;
#564 = ORIENTED_EDGE ( 'NONE', *, *, #1135, .T. ) ;
#565 = LINE ( 'NONE', #1414, #3324 ) ;
#566 = DIRECTION ( 'NONE',  ( -0.000000000000000000, 0.000000000000000000, -1.000000000000000000 ) ) ;
#567 = ORIENTED_EDGE ( 'NONE', *, *, #3518, .F. ) ;
#568 = VECTOR ( 'NONE', #2786, 1000.000000000000000 ) ;
#569 = PLANE ( 'NONE',  #14 ) ;
#570 = DIRECTION ( 'NONE',  ( 1.000000000000000000, 0.000000000000000000, 0.000000000000000000 ) ) ;
#571 = AXIS2_PLACEMENT_3D ( 'NONE', #1755, #912, #3113 ) ;
#572 = DIRECTION ( 'NONE',  ( 0.000000000000000000, 0.000000000000000000, -1.000000000000000000 ) ) ;
#573 = DIRECTION ( 'NONE',  ( -0.000000000000000000, 1.000000000000000000, -0.000000000000000000 ) ) ;
#574 = ORIENTED_EDGE ( 'NONE', *, *, #615, .T. ) ;
#575 = LINE ( 'NONE', #321, #38 ) ;
#576 = CARTESIAN_POINT ( 'NONE',  ( 219.0749999999999886, -4.762500000000000178, 79.21249999999999147 ) ) ;
#577 = ORIENTED_EDGE ( 'NONE', *, *, #686, .T. ) ;
#578 = CARTESIAN_POINT ( 'NONE',  ( 58.20839999999996905, 0.000000000000000000, -58.49999999999998579 ) ) ;
#579 = VECTOR ( 'NONE', #1128, 1000.000000000000000 ) ;
#580 = FACE_OUTER_BOUND ( 'NONE', #2983, .T. ) ;
#581 = VERTEX_POINT ( 'NONE', #3569 ) ;
#582 = AXIS2_PLACEMENT_3D ( 'NONE', #2486, #781, #1415 ) ;
#583 = ORIENTED_EDGE ( 'NONE', *, *, #1288, .T. ) ;
#584 = EDGE_LOOP ( 'NONE', ( #746, #723, #535, #1501 ) ) ;
#585 = CARTESIAN_POINT ( 'NONE',  ( 219.0749999999999886, 0.000000000000000000, -10.66249999999999076 ) ) ;
#586 = LINE ( 'NONE', #1480, #384 ) ;
#587 = CARTESIAN_POINT ( 'NONE',  ( -200.0249999999999773, -4.762500000000000178, -58.49999999999997158 ) ) ;
#588 = ORIENTED_EDGE ( 'NONE', *, *, #1081, .F. ) ;
#589 = EDGE_CURVE ( 'NONE', #3209, #444, #2499, .T. ) ;
#590 = ORIENTED_EDGE ( 'NONE', *, *, #551, .T. ) ;
#591 = CARTESIAN_POINT ( 'NONE',  ( 56.54589999999996053, 0.000000000000000000, -58.49999999999998579 ) ) ;
#592 = VECTOR ( 'NONE', #845, 1000.000000000000000 ) ;
#593 = ADVANCED_FACE ( 'NONE', ( #3079 ), #208, .T. ) ;
#594 = CARTESIAN_POINT ( 'NONE',  ( 219.0749999999999886, -4.762499999999999289, 62.88750000000000995 ) ) ;
#595 = CARTESIAN_POINT ( 'NONE',  ( -105.8575000000003428, 0.000000000000000000, -75.96750000000035641 ) ) ;
#596 = VERTEX_POINT ( 'NONE', #1103 ) ;
#597 = CARTESIAN_POINT ( 'NONE',  ( -215.5749999999999886, -4.762500000000000178, 82.71249999999999147 ) ) ;
#598 = DIRECTION ( 'NONE',  ( -0.000000000000000000, 1.000000000000000000, -0.000000000000000000 ) ) ;
#599 = VECTOR ( 'NONE', #3512, 1000.000000000000000 ) ;
#600 = VERTEX_POINT ( 'NONE', #1070 ) ;
#601 = ADVANCED_FACE ( 'NONE', ( #1087 ), #1705, .F. ) ;
#602 = DIRECTION ( 'NONE',  ( -0.000000000000000000, -0.000000000000000000, -1.000000000000000000 ) ) ;
#603 = PLANE ( 'NONE',  #3112 ) ;
#604 = ORIENTED_EDGE ( 'NONE', *, *, #1592, .T. ) ;
#605 = ORIENTED_EDGE ( 'NONE', *, *, #3204, .F. ) ;
#606 = DIRECTION ( 'NONE',  ( 0.000000000000000000, 1.000000000000000000, -0.000000000000000000 ) ) ;
#607 = CARTESIAN_POINT ( 'NONE',  ( -215.5750000000000171, 0.000000000000000000, 79.21249999999999147 ) ) ;
#608 = AXIS2_PLACEMENT_3D ( 'NONE', #2616, #612, #3104 ) ;
#609 = ADVANCED_FACE ( 'NONE', ( #3004 ), #1141, .T. ) ;
#610 = LINE ( 'NONE', #2598, #1119 ) ;
#611 = ORIENTED_EDGE ( 'NONE', *, *, #3593, .T. ) ;
#612 = DIRECTION ( 'NONE',  ( -1.000000000000000000, 0.000000000000000000, -1.710667218220771437E-14 ) ) ;
#613 = CARTESIAN_POINT ( 'NONE',  ( -222.2500000000000000, -29.96330603869647291, 14.33750000000001634 ) ) ;
#614 = VERTEX_POINT ( 'NONE', #2220 ) ;
#615 = EDGE_CURVE ( 'NONE', #815, #2014, #2255, .T. ) ;
#616 = ADVANCED_FACE ( 'NONE', ( #817 ), #276, .T. ) ;
#617 = AXIS2_PLACEMENT_3D ( 'NONE', #856, #1989, #3099 ) ;
#618 = EDGE_LOOP ( 'NONE', ( #2490, #1412, #936, #1833 ) ) ;
#619 = DIRECTION ( 'NONE',  ( -0.000000000000000000, -0.000000000000000000, 1.000000000000000000 ) ) ;
#620 = LINE ( 'NONE', #2288, #2085 ) ;
#621 = VERTEX_POINT ( 'NONE', #1123 ) ;
#622 = EDGE_CURVE ( 'NONE', #1323, #1986, #331, .T. ) ;
#623 = EDGE_CURVE ( 'NONE', #1383, #1879, #2630, .T. ) ;
#624 = CYLINDRICAL_SURFACE ( 'NONE', #1046, 3.499999999999989342 ) ;
#625 = CARTESIAN_POINT ( 'NONE',  ( 85.27089999999999748, -4.762500000000000178, 63.66249999999999432 ) ) ;
#626 = ORIENTED_EDGE ( 'NONE', *, *, #3097, .T. ) ;
#627 = AXIS2_PLACEMENT_3D ( 'NONE', #167, #1346, #2217 ) ;
#628 = ORIENTED_EDGE ( 'NONE', *, *, #2569, .T. ) ;
#629 = DIRECTION ( 'NONE',  ( 0.000000000000000000, -0.000000000000000000, 1.000000000000000000 ) ) ;
#630 = EDGE_CURVE ( 'NONE', #3487, #352, #2299, .T. ) ;
#631 = DIRECTION ( 'NONE',  ( 0.000000000000000000, 1.000000000000000000, 0.000000000000000000 ) ) ;
#632 = ORIENTED_EDGE ( 'NONE', *, *, #1261, .F. ) ;
#633 = DIRECTION ( 'NONE',  ( -0.000000000000000000, 0.000000000000000000, 1.000000000000000000 ) ) ;
#634 = DIRECTION ( 'NONE',  ( -0.000000000000000000, 0.000000000000000000, 1.000000000000000000 ) ) ;
#635 = ORIENTED_EDGE ( 'NONE', *, *, #521, .T. ) ;
#636 = CARTESIAN_POINT ( 'NONE',  ( 105.7874999999999801, 0.000000000000000000, 85.88749999999998863 ) ) ;
#637 = DIRECTION ( 'NONE',  ( -0.000000000000000000, 0.000000000000000000, 1.000000000000000000 ) ) ;
#638 = ORIENTED_EDGE ( 'NONE', *, *, #1968, .T. ) ;
#639 = AXIS2_PLACEMENT_3D ( 'NONE', #2873, #1494, #1613 ) ;
#640 = DIRECTION ( 'NONE',  ( 0.000000000000000000, 0.000000000000000000, 1.000000000000000000 ) ) ;
#641 = ORIENTED_EDGE ( 'NONE', *, *, #2439, .T. ) ;
#642 = DIRECTION ( 'NONE',  ( 0.000000000000000000, 1.000000000000000000, 0.000000000000000000 ) ) ;
#643 = AXIS2_PLACEMENT_3D ( 'NONE', #3434, #2588, #1790 ) ;
#644 = VERTEX_POINT ( 'NONE', #1773 ) ;
#645 = EDGE_CURVE ( 'NONE', #3153, #2305, #648, .T. ) ;
#646 = ORIENTED_EDGE ( 'NONE', *, *, #1909, .F. ) ;
#647 = EDGE_CURVE ( 'NONE', #77, #2932, #586, .T. ) ;
#648 = LINE ( 'NONE', #11, #1987 ) ;
#649 = VECTOR ( 'NONE', #3271, 1000.000000000000000 ) ;
#650 = LINE ( 'NONE', #1812, #2122 ) ;
#651 = CARTESIAN_POINT ( 'NONE',  ( 219.0749999999999886, 0.000000000000000000, 37.88750000000000284 ) ) ;
#652 = VERTEX_POINT ( 'NONE', #876 ) ;
#653 = CARTESIAN_POINT ( 'NONE',  ( 105.8574999999996464, -10.00000000000000000, -79.21249999999999147 ) ) ;
#654 = DIRECTION ( 'NONE',  ( -0.000000000000000000, 1.000000000000000000, -0.000000000000000000 ) ) ;
#655 = ADVANCED_FACE ( 'NONE', ( #308 ), #1794, .T. ) ;
#656 = DIRECTION ( 'NONE',  ( -8.741913579725650188E-15, 0.000000000000000000, -1.000000000000000000 ) ) ;
#657 = VECTOR ( 'NONE', #1339, 1000.000000000000000 ) ;
#658 = CARTESIAN_POINT ( 'NONE',  ( 70.90839999999984400, -4.762500000000006395, 48.90937500000048033 ) ) ;
#659 = CARTESIAN_POINT ( 'NONE',  ( -222.2500000000000000, -4.762499999999999289, -59.21249999999998437 ) ) ;
#660 = VERTEX_POINT ( 'NONE', #366 ) ;
#661 = VECTOR ( 'NONE', #3626, 1000.000000000000000 ) ;
#662 = PLANE ( 'NONE',  #203 ) ;
#663 = CARTESIAN_POINT ( 'NONE',  ( 222.2500000000000000, -4.762499999999999289, -10.66249999999999076 ) ) ;
#664 = ORIENTED_EDGE ( 'NONE', *, *, #262, .T. ) ;
#665 = EDGE_LOOP ( 'NONE', ( #1444, #1424, #1652, #3172 ) ) ;
#666 = AXIS2_PLACEMENT_3D ( 'NONE', #3165, #637, #939 ) ;
#667 = LINE ( 'NONE', #2114, #3353 ) ;
#668 = FACE_BOUND ( 'NONE', #219, .T. ) ;
#669 = VERTEX_POINT ( 'NONE', #29 ) ;
#670 = CARTESIAN_POINT ( 'NONE',  ( -70.90832999999996389, 0.000000000000000000, -15.94062500000000426 ) ) ;
#671 =( NAMED_UNIT ( * ) SI_UNIT ( $, .STERADIAN. ) SOLID_ANGLE_UNIT ( ) );
#672 = VECTOR ( 'NONE', #3043, 1000.000000000000000 ) ;
#673 = CIRCLE ( 'NONE', #1756, 1.662500000000011191 ) ;
#674 = CARTESIAN_POINT ( 'NONE',  ( 174.0750000000000171, 0.000000000000000000, 85.88749999999998863 ) ) ;
#675 = CARTESIAN_POINT ( 'NONE',  ( 105.8574999999996464, 0.000000000000000000, -75.96750000000035641 ) ) ;
#676 = ORIENTED_EDGE ( 'NONE', *, *, #2888, .T. ) ;
#677 = EDGE_CURVE ( 'NONE', #2426, #1226, #1199, .T. ) ;
#678 = CARTESIAN_POINT ( 'NONE',  ( 198.3625000000000114, -4.762500000000000178, 61.99999999999998579 ) ) ;
#679 = VERTEX_POINT ( 'NONE', #70 ) ;
#680 = VECTOR ( 'NONE', #3544, 1000.000000000000000 ) ;
#681 = VECTOR ( 'NONE', #508, 1000.000000000000000 ) ;
#682 = CARTESIAN_POINT ( 'NONE',  ( 83.60839999999997474, -4.762500000000000178, -58.49999999999998579 ) ) ;
#683 = DIRECTION ( 'NONE',  ( 0.000000000000000000, 1.000000000000000000, 0.000000000000000000 ) ) ;
#684 = ORIENTED_EDGE ( 'NONE', *, *, #1271, .T. ) ;
#685 = PLANE ( 'NONE',  #3058 ) ;
#686 = EDGE_CURVE ( 'NONE', #1140, #3537, #1432, .T. ) ;
#687 = FACE_OUTER_BOUND ( 'NONE', #1023, .T. ) ;
#688 = ORIENTED_EDGE ( 'NONE', *, *, #178, .T. ) ;
#689 = DIRECTION ( 'NONE',  ( -1.000000000000000000, -0.000000000000000000, -0.000000000000000000 ) ) ;
#690 = ORIENTED_EDGE ( 'NONE', *, *, #1788, .F. ) ;
#691 = CARTESIAN_POINT ( 'NONE',  ( -219.0749999999999886, -29.96330603869647291, -34.21249999999997726 ) ) ;
#692 = CARTESIAN_POINT ( 'NONE',  ( 85.27089999999999748, -4.762500000000000178, 61.99999999999998579 ) ) ;
#693 = DIRECTION ( 'NONE',  ( -1.000000000000000000, 0.000000000000000000, 2.303367271006550024E-16 ) ) ;
#694 = ORIENTED_EDGE ( 'NONE', *, *, #2106, .F. ) ;
#695 = DIRECTION ( 'NONE',  ( 1.000000000000000000, -0.000000000000000000, 0.000000000000000000 ) ) ;
#696 = PLANE ( 'NONE',  #3445 ) ;
#697 = DIRECTION ( 'NONE',  ( 0.000000000000000000, 0.000000000000000000, 1.000000000000000000 ) ) ;
#698 = CARTESIAN_POINT ( 'NONE',  ( 70.90839999999995769, 0.000000000000000000, -18.49062499999996945 ) ) ;
#699 = EDGE_LOOP ( 'NONE', ( #889, #55, #3334, #3419 ) ) ;
#700 = AXIS2_PLACEMENT_3D ( 'NONE', #225, #804, #261 ) ;
#701 = FACE_OUTER_BOUND ( 'NONE', #2593, .T. ) ;
#702 = ORIENTED_EDGE ( 'NONE', *, *, #1735, .T. ) ;
#703 = VECTOR ( 'NONE', #3352, 1000.000000000000000 ) ;
#704 = EDGE_LOOP ( 'NONE', ( #105, #725, #1741, #2113 ) ) ;
#705 = CARTESIAN_POINT ( 'NONE',  ( 174.0750000000000171, -29.96330603869648357, 85.88749999999998863 ) ) ;
#706 = VERTEX_POINT ( 'NONE', #2317 ) ;
#707 = DIRECTION ( 'NONE',  ( -0.000000000000000000, 0.000000000000000000, 1.000000000000000000 ) ) ;
#708 = EDGE_LOOP ( 'NONE', ( #339, #1944, #1917, #1278 ) ) ;
#709 = CARTESIAN_POINT ( 'NONE',  ( -85.27082999999997526, 0.000000000000000000, 61.99999999999998579 ) ) ;
#710 = CARTESIAN_POINT ( 'NONE',  ( 222.2500000000000000, -4.762499999999999289, -10.66249999999999076 ) ) ;
#711 = EDGE_CURVE ( 'NONE', #2280, #3315, #2594, .T. ) ;
#712 = PRODUCT_DEFINITION_SHAPE ( 'NONE', 'NONE',  #3473 ) ;
#713 = EDGE_CURVE ( 'NONE', #3537, #1733, #1164, .T. ) ;
#714 = DIRECTION ( 'NONE',  ( 0.000000000000000000, 1.000000000000000000, 0.000000000000000000 ) ) ;
#715 = DIRECTION ( 'NONE',  ( 8.741913579725650188E-15, 0.000000000000000000, -1.000000000000000000 ) ) ;
#716 = ADVANCED_FACE ( 'NONE', ( #2551 ), #2278, .F. ) ;
#717 = CARTESIAN_POINT ( 'NONE',  ( -219.0749999999999886, -4.762499999999999289, -10.66249999999999076 ) ) ;
#718 = CARTESIAN_POINT ( 'NONE',  ( 58.20839999999996905, 0.000000000000000000, -58.49999999999998579 ) ) ;
#719 = ORIENTED_EDGE ( 'NONE', *, *, #1233, .F. ) ;
#720 = CARTESIAN_POINT ( 'NONE',  ( -219.0749999999999886, -4.762500000000000178, -79.21249999999999147 ) ) ;
#721 = CARTESIAN_POINT ( 'NONE',  ( 58.20839999999997616, -4.762500000000000178, 61.99999999999998579 ) ) ;
#722 = EDGE_LOOP ( 'NONE', ( #3349, #2730, #3163, #1829 ) ) ;
#723 = ORIENTED_EDGE ( 'NONE', *, *, #3268, .T. ) ;
#724 = CARTESIAN_POINT ( 'NONE',  ( -219.0749999999999886, -4.762500000000000178, -79.21249999999999147 ) ) ;
#725 = ORIENTED_EDGE ( 'NONE', *, *, #2425, .F. ) ;
#726 = LINE ( 'NONE', #443, #3617 ) ;
#727 = ORIENTED_EDGE ( 'NONE', *, *, #1896, .F. ) ;
#728 = CYLINDRICAL_SURFACE ( 'NONE', #3269, 2.549999999999993161 ) ;
#729 = ADVANCED_FACE ( 'NONE', ( #3141 ), #931, .F. ) ;
#730 = FACE_OUTER_BOUND ( 'NONE', #1493, .T. ) ;
#731 = EDGE_CURVE ( 'NONE', #3477, #1935, #1028, .T. ) ;
#732 = CARTESIAN_POINT ( 'NONE',  ( -222.2500000000000000, 0.000000000000000000, -10.66249999999999076 ) ) ;
#733 = ADVANCED_FACE ( 'NONE', ( #966 ), #1552, .F. ) ;
#734 = EDGE_CURVE ( 'NONE', #136, #1320, #1531, .T. ) ;
#735 = CARTESIAN_POINT ( 'NONE',  ( -174.0749999999999886, 0.000000000000000000, 82.71249999999999147 ) ) ;
#736 = EDGE_CURVE ( 'NONE', #3383, #2549, #2241, .T. ) ;
#737 = VECTOR ( 'NONE', #2089, 1000.000000000000000 ) ;
#738 = EDGE_CURVE ( 'NONE', #3609, #120, #3214, .T. ) ;
#739 = DIRECTION ( 'NONE',  ( 0.000000000000000000, 0.000000000000000000, -1.000000000000000000 ) ) ;
#740 = DIRECTION ( 'NONE',  ( 1.000000000000000000, 0.000000000000000000, 0.000000000000000000 ) ) ;
#741 = FACE_OUTER_BOUND ( 'NONE', #504, .T. ) ;
#742 = ORIENTED_EDGE ( 'NONE', *, *, #3133, .F. ) ;
#743 = ADVANCED_FACE ( 'NONE', ( #2663 ), #1877, .F. ) ;
#744 = DIRECTION ( 'NONE',  ( 0.000000000000000000, 0.000000000000000000, 1.000000000000000000 ) ) ;
#745 = DIRECTION ( 'NONE',  ( -0.000000000000000000, -0.000000000000000000, -1.000000000000000000 ) ) ;
#746 = ORIENTED_EDGE ( 'NONE', *, *, #562, .F. ) ;
#747 = DIRECTION ( 'NONE',  ( 1.000000000000000000, 0.000000000000000000, -0.000000000000000000 ) ) ;
#748 = ORIENTED_EDGE ( 'NONE', *, *, #2575, .F. ) ;
#749 = DIRECTION ( 'NONE',  ( 0.000000000000000000, 1.000000000000000000, 0.000000000000000000 ) ) ;
#750 = LINE ( 'NONE', #393, #1747 ) ;
#751 = EDGE_CURVE ( 'NONE', #2162, #2762, #2648, .T. ) ;
#752 = FACE_OUTER_BOUND ( 'NONE', #874, .T. ) ;
#753 = AXIS2_PLACEMENT_3D ( 'NONE', #765, #478, #747 ) ;
#754 = EDGE_CURVE ( 'NONE', #1456, #279, #667, .T. ) ;
#755 = LINE ( 'NONE', #465, #849 ) ;
#756 = CYLINDRICAL_SURFACE ( 'NONE', #2805, 2.600000000000004974 ) ;
#757 = VERTEX_POINT ( 'NONE', #2968 ) ;
#758 = AXIS2_PLACEMENT_3D ( 'NONE', #457, #3554, #3502 ) ;
#759 = CARTESIAN_POINT ( 'NONE',  ( -215.5750000000000171, -4.762500000000000178, 79.21249999999999147 ) ) ;
#760 = DIRECTION ( 'NONE',  ( -0.000000000000000000, 0.000000000000000000, 1.000000000000000000 ) ) ;
#761 = VECTOR ( 'NONE', #496, 1000.000000000000000 ) ;
#762 = ADVANCED_FACE ( 'NONE', ( #108 ), #685, .T. ) ;
#763 = DIRECTION ( 'NONE',  ( 0.000000000000000000, 0.000000000000000000, 1.000000000000000000 ) ) ;
#764 = ORIENTED_EDGE ( 'NONE', *, *, #1196, .T. ) ;
#765 = CARTESIAN_POINT ( 'NONE',  ( 219.0749999999999886, -29.96330603869647291, 62.88750000000000995 ) ) ;
#766 = ORIENTED_EDGE ( 'NONE', *, *, #3326, .T. ) ;
#767 = LINE ( 'NONE', #1900, #440 ) ;
#768 = LINE ( 'NONE', #1834, #403 ) ;
#769 = DIRECTION ( 'NONE',  ( 1.000000000000000000, 0.000000000000000000, 0.000000000000000000 ) ) ;
#770 = CARTESIAN_POINT ( 'NONE',  ( 105.8574999999996464, -10.00000000000000000, -79.21249999999999147 ) ) ;
#771 = DIRECTION ( 'NONE',  ( 1.000000000000000000, -0.000000000000000000, 0.000000000000000000 ) ) ;
#772 = ORIENTED_EDGE ( 'NONE', *, *, #1143, .T. ) ;
#773 = VERTEX_POINT ( 'NONE', #2387 ) ;
#774 = DIRECTION ( 'NONE',  ( 0.000000000000000000, 0.000000000000000000, 1.000000000000000000 ) ) ;
#775 = VECTOR ( 'NONE', #2621, 1000.000000000000000 ) ;
#776 = LINE ( 'NONE', #2732, #228 ) ;
#777 = ORIENTED_EDGE ( 'NONE', *, *, #927, .F. ) ;
#778 = FACE_OUTER_BOUND ( 'NONE', #1273, .T. ) ;
#779 = ORIENTED_EDGE ( 'NONE', *, *, #1928, .F. ) ;
#780 = CARTESIAN_POINT ( 'NONE',  ( -219.0749999999999886, -4.762500000000000178, -79.21249999999999147 ) ) ;
#781 = DIRECTION ( 'NONE',  ( -1.000000000000000000, 0.000000000000000000, 0.000000000000000000 ) ) ;
#782 = EDGE_CURVE ( 'NONE', #444, #2131, #1250, .T. ) ;
#783 = CIRCLE ( 'NONE', #2835, 2.549999999999993161 ) ;
#784 = CARTESIAN_POINT ( 'NONE',  ( 219.0749999999999886, -4.762499999999999289, -34.21249999999997726 ) ) ;
#785 = EDGE_CURVE ( 'NONE', #1576, #1721, #1309, .T. ) ;
#786 = LINE ( 'NONE', #1438, #1779 ) ;
#787 = VECTOR ( 'NONE', #1318, 1000.000000000000000 ) ;
#788 = LINE ( 'NONE', #1906, #1982 ) ;
#789 = EDGE_CURVE ( 'NONE', #279, #2498, #1573, .T. ) ;
#790 = ORIENTED_EDGE ( 'NONE', *, *, #340, .F. ) ;
#791 = CARTESIAN_POINT ( 'NONE',  ( -12.50000000000001066, -4.762499999999999289, 82.71249999999999147 ) ) ;
#792 = CARTESIAN_POINT ( 'NONE',  ( -219.0749999999999886, -29.96330603869647291, 62.88750000000000995 ) ) ;
#793 = EDGE_LOOP ( 'NONE', ( #684, #283 ) ) ;
#794 = VECTOR ( 'NONE', #2053, 1000.000000000000000 ) ;
#795 = VECTOR ( 'NONE', #514, 1000.000000000000000 ) ;
#796 = FACE_OUTER_BOUND ( 'NONE', #214, .T. ) ;
#797 = FACE_OUTER_BOUND ( 'NONE', #334, .T. ) ;
#798 = ORIENTED_EDGE ( 'NONE', *, *, #2539, .T. ) ;
#799 = AXIS2_PLACEMENT_3D ( 'NONE', #3218, #991, #3511 ) ;
#800 = DIRECTION ( 'NONE',  ( -0.000000000000000000, 1.000000000000000000, -0.000000000000000000 ) ) ;
#801 = EDGE_CURVE ( 'NONE', #3318, #773, #3493, .T. ) ;
#802 = DIRECTION ( 'NONE',  ( 1.000000000000000000, 0.000000000000000000, -0.000000000000000000 ) ) ;
#803 = CARTESIAN_POINT ( 'NONE',  ( 219.0749999999999886, -29.96330603869647291, 37.88750000000000284 ) ) ;
#804 = DIRECTION ( 'NONE',  ( 1.000000000000000000, -0.000000000000000000, 0.000000000000000000 ) ) ;
#805 = CARTESIAN_POINT ( 'NONE',  ( 219.0749999999999886, 0.000000000000000000, -59.21249999999999858 ) ) ;
#806 = ORIENTED_EDGE ( 'NONE', *, *, #236, .F. ) ;
#807 = VECTOR ( 'NONE', #1427, 1000.000000000000000 ) ;
#808 = ORIENTED_EDGE ( 'NONE', *, *, #417, .F. ) ;
#809 = ORIENTED_EDGE ( 'NONE', *, *, #2964, .F. ) ;
#810 = CARTESIAN_POINT ( 'NONE',  ( -219.0749999999999886, 0.000000000000000000, -79.21249999999999147 ) ) ;
#811 = DIRECTION ( 'NONE',  ( 0.000000000000000000, 0.000000000000000000, 1.000000000000000000 ) ) ;
#812 = ORIENTED_EDGE ( 'NONE', *, *, #2346, .F. ) ;
#813 = CARTESIAN_POINT ( 'NONE',  ( 222.2500000000000000, 0.000000000000000000, 62.88750000000000995 ) ) ;
#814 = DIRECTION ( 'NONE',  ( -1.000000000000000000, 0.000000000000000000, -0.000000000000000000 ) ) ;
#815 = VERTEX_POINT ( 'NONE', #2406 ) ;
#816 = FACE_OUTER_BOUND ( 'NONE', #1740, .T. ) ;
#817 = FACE_OUTER_BOUND ( 'NONE', #2066, .T. ) ;
#818 = AXIS2_PLACEMENT_3D ( 'NONE', #2865, #1500, #3422 ) ;
#819 = MECHANICAL_DESIGN_GEOMETRIC_PRESENTATION_REPRESENTATION (  '', ( #3581 ), #1303 ) ;
#820 = CARTESIAN_POINT ( 'NONE',  ( 219.0749999999999886, -29.96330603869647291, 14.33750000000001634 ) ) ;
#821 = VECTOR ( 'NONE', #829, 1000.000000000000000 ) ;
#822 = EDGE_LOOP ( 'NONE', ( #1310, #2363, #933, #2559 ) ) ;
#823 = EDGE_CURVE ( 'NONE', #614, #3092, #3299, .T. ) ;
#824 = CARTESIAN_POINT ( 'NONE',  ( -12.50000000000001066, -4.762499999999999289, 85.88749999999998863 ) ) ;
#825 = AXIS2_PLACEMENT_3D ( 'NONE', #3411, #2864, #898 ) ;
#826 = CARTESIAN_POINT ( 'NONE',  ( -174.0050000000003365, -10.00000000000000000, -79.21249999999999147 ) ) ;
#827 = ORIENTED_EDGE ( 'NONE', *, *, #3048, .T. ) ;
#828 = DIRECTION ( 'NONE',  ( 1.000000000000000000, 0.000000000000000000, -0.000000000000000000 ) ) ;
#829 = DIRECTION ( 'NONE',  ( 1.000000000000000000, 0.000000000000000000, 0.000000000000000000 ) ) ;
#830 = EDGE_LOOP ( 'NONE', ( #2096, #2567, #1457, #873, #2360, #2776, #2112, #1045 ) ) ;
#831 = DIRECTION ( 'NONE',  ( 0.000000000000000000, 1.000000000000000000, -0.000000000000000000 ) ) ;
#832 = AXIS2_PLACEMENT_3D ( 'NONE', #1406, #1044, #2475 ) ;
#833 = ORIENTED_EDGE ( 'NONE', *, *, #1196, .F. ) ;
#834 = CARTESIAN_POINT ( 'NONE',  ( 174.0750000000000171, -4.762499999999999289, 85.88749999999998863 ) ) ;
#835 = CARTESIAN_POINT ( 'NONE',  ( -219.0749999999999886, 0.000000000000000000, 62.88750000000000995 ) ) ;
#836 = DIRECTION ( 'NONE',  ( 0.000000000000000000, 0.000000000000000000, 1.000000000000000000 ) ) ;
#837 = VECTOR ( 'NONE', #3013, 1000.000000000000000 ) ;
#838 = ADVANCED_FACE ( 'NONE', ( #1951 ), #252, .T. ) ;
#839 = DIRECTION ( 'NONE',  ( -0.000000000000000000, 1.000000000000000000, -0.000000000000000000 ) ) ;
#840 = CARTESIAN_POINT ( 'NONE',  ( -105.7875000000000085, -4.762499999999999289, 85.88749999999998863 ) ) ;
#841 = ORIENTED_EDGE ( 'NONE', *, *, #2683, .F. ) ;
#842 = DIRECTION ( 'NONE',  ( 1.000000000000000000, 0.000000000000000000, 0.000000000000000000 ) ) ;
#843 = EDGE_CURVE ( 'NONE', #2701, #2754, #1328, .T. ) ;
#844 = LINE ( 'NONE', #3416, #661 ) ;
#845 = DIRECTION ( 'NONE',  ( 1.000000000000000000, 0.000000000000000000, 0.000000000000000000 ) ) ;
#846 = ORIENTED_EDGE ( 'NONE', *, *, #2456, .T. ) ;
#847 = EDGE_CURVE ( 'NONE', #1267, #77, #3055, .T. ) ;
#848 = DIRECTION ( 'NONE',  ( -0.000000000000000000, 1.000000000000000000, -0.000000000000000000 ) ) ;
#849 = VECTOR ( 'NONE', #1614, 1000.000000000000000 ) ;
#850 = CARTESIAN_POINT ( 'NONE',  ( -215.5749999999999886, 0.000000000000000000, 82.71249999999999147 ) ) ;
#851 = ORIENTED_EDGE ( 'NONE', *, *, #2531, .T. ) ;
#852 = CIRCLE ( 'NONE', #199, 2.600000000000004974 ) ;
#853 = DIRECTION ( 'NONE',  ( 0.000000000000000000, 0.000000000000000000, -1.000000000000000000 ) ) ;
#854 = ORIENTED_EDGE ( 'NONE', *, *, #330, .T. ) ;
#855 = ORIENTED_EDGE ( 'NONE', *, *, #3518, .T. ) ;
#856 = CARTESIAN_POINT ( 'NONE',  ( 0.000000000000000000, 0.000000000000000000, 0.000000000000000000 ) ) ;
#857 = DIRECTION ( 'NONE',  ( 0.000000000000000000, 0.000000000000000000, 1.000000000000000000 ) ) ;
#858 = CARTESIAN_POINT ( 'NONE',  ( 219.0749999999999886, -4.762500000000000178, -79.21249999999999147 ) ) ;
#859 = VECTOR ( 'NONE', #2570, 1000.000000000000000 ) ;
#860 = VECTOR ( 'NONE', #566, 1000.000000000000000 ) ;
#861 = ORIENTED_EDGE ( 'NONE', *, *, #2691, .F. ) ;
#862 = CARTESIAN_POINT ( 'NONE',  ( 56.54589999999996053, -4.762500000000000178, -60.16249999999998721 ) ) ;
#863 = DIRECTION ( 'NONE',  ( 1.000000000000000000, 0.000000000000000000, -0.000000000000000000 ) ) ;
#864 = ADVANCED_FACE ( 'NONE', ( #2510 ), #2233, .T. ) ;
#865 = PLANE ( 'NONE',  #1388 ) ;
#866 = DIRECTION ( 'NONE',  ( -1.000000000000000000, 0.000000000000000000, -0.000000000000000000 ) ) ;
#867 = PLANE ( 'NONE',  #880 ) ;
#868 = VERTEX_POINT ( 'NONE', #3073 ) ;
#869 = LINE ( 'NONE', #1194, #545 ) ;
#870 = LINE ( 'NONE', #625, #2766 ) ;
#871 = LINE ( 'NONE', #385, #1770 ) ;
#872 = ADVANCED_FACE ( 'NONE', ( #537 ), #1344, .F. ) ;
#873 = ORIENTED_EDGE ( 'NONE', *, *, #2855, .F. ) ;
#874 = EDGE_LOOP ( 'NONE', ( #1611, #1011, #1249, #3375 ) ) ;
#875 = CARTESIAN_POINT ( 'NONE',  ( 56.54589999999998184, -4.762500000000000178, 63.66249999999999432 ) ) ;
#876 = CARTESIAN_POINT ( 'NONE',  ( 70.90839999999984400, -4.762500000000006395, 48.90937500000048033 ) ) ;
#877 = PLANE ( 'NONE',  #3403 ) ;
#878 = DIRECTION ( 'NONE',  ( 0.000000000000000000, 0.000000000000000000, -1.000000000000000000 ) ) ;
#879 = ORIENTED_EDGE ( 'NONE', *, *, #1120, .F. ) ;
#880 = AXIS2_PLACEMENT_3D ( 'NONE', #826, #2850, #2000 ) ;
#881 = DIRECTION ( 'NONE',  ( 0.000000000000000000, 1.000000000000000000, 0.000000000000000000 ) ) ;
#882 = VERTEX_POINT ( 'NONE', #3035 ) ;
#883 = EDGE_CURVE ( 'NONE', #3537, #3031, #1697, .T. ) ;
#884 = AXIS2_PLACEMENT_3D ( 'NONE', #2423, #2910, #2111 ) ;
#885 = CARTESIAN_POINT ( 'NONE',  ( 199.0749999999999886, -29.96330603869648357, 85.88749999999998863 ) ) ;
#886 = CARTESIAN_POINT ( 'NONE',  ( 12.56999999999965745, 0.000000000000000000, -79.21249999999999147 ) ) ;
#887 = EDGE_LOOP ( 'NONE', ( #303, #1855, #3107, #1937 ) ) ;
#888 = DIRECTION ( 'NONE',  ( -0.000000000000000000, 0.000000000000000000, 1.000000000000000000 ) ) ;
#889 = ORIENTED_EDGE ( 'NONE', *, *, #494, .T. ) ;
#890 = DIRECTION ( 'NONE',  ( -0.000000000000000000, 0.000000000000000000, -1.000000000000000000 ) ) ;
#891 = VECTOR ( 'NONE', #2501, 1000.000000000000000 ) ;
#892 = LINE ( 'NONE', #1475, #1067 ) ;
#893 = ORIENTED_EDGE ( 'NONE', *, *, #1098, .F. ) ;
#894 = EDGE_CURVE ( 'NONE', #1585, #1935, #1049, .T. ) ;
#895 = LINE ( 'NONE', #273, #3610 ) ;
#896 = VERTEX_POINT ( 'NONE', #3284 ) ;
#897 = EDGE_LOOP ( 'NONE', ( #5, #235, #3390, #1711 ) ) ;
#898 = DIRECTION ( 'NONE',  ( 0.000000000000000000, 0.000000000000000000, 1.000000000000000000 ) ) ;
#899 = ADVANCED_FACE ( 'NONE', ( #1625 ), #2462, .F. ) ;
#900 = CARTESIAN_POINT ( 'NONE',  ( -199.1450000000003229, 0.000000000000000000, -75.96750000000035641 ) ) ;
#901 = EDGE_CURVE ( 'NONE', #669, #488, #2750, .T. ) ;
#902 = ADVANCED_FACE ( 'NONE', ( #2495 ), #2479, .T. ) ;
#903 = EDGE_LOOP ( 'NONE', ( #2303, #3201, #987, #1330 ) ) ;
#904 = LINE ( 'NONE', #2054, #2878 ) ;
#905 = DIRECTION ( 'NONE',  ( 0.000000000000000000, 0.000000000000000000, 1.000000000000000000 ) ) ;
#906 = CARTESIAN_POINT ( 'NONE',  ( 80.78749999999998010, -4.762499999999999289, 85.88749999999998863 ) ) ;
#907 = ORIENTED_EDGE ( 'NONE', *, *, #2439, .F. ) ;
#908 = DIRECTION ( 'NONE',  ( -1.151683635503274765E-16, -0.000000000000000000, -1.000000000000000000 ) ) ;
#909 = CARTESIAN_POINT ( 'NONE',  ( 105.7874999999998948, 0.000000000000000000, 82.71249999999999147 ) ) ;
#910 = ORIENTED_EDGE ( 'NONE', *, *, #3087, .T. ) ;
#911 = LINE ( 'NONE', #2875, #3547 ) ;
#912 = DIRECTION ( 'NONE',  ( -0.000000000000000000, 1.000000000000000000, -0.000000000000000000 ) ) ;
#913 = CARTESIAN_POINT ( 'NONE',  ( -222.2500000000000000, -4.762499999999999289, 62.88750000000000995 ) ) ;
#914 = CARTESIAN_POINT ( 'NONE',  ( 222.2500000000000000, -4.762499999999999289, 37.88750000000000284 ) ) ;
#915 = CARTESIAN_POINT ( 'NONE',  ( -85.27082999999998947, 0.000000000000000000, -60.16249999999999432 ) ) ;
#916 = AXIS2_PLACEMENT_3D ( 'NONE', #1580, #2137, #397 ) ;
#917 = DIRECTION ( 'NONE',  ( 0.000000000000000000, 0.000000000000000000, -1.000000000000000000 ) ) ;
#918 = EDGE_LOOP ( 'NONE', ( #3065, #288, #2367, #274 ) ) ;
#919 = CARTESIAN_POINT ( 'NONE',  ( -219.0750000000000171, -4.762500000000000178, 79.21249999999999147 ) ) ;
#920 = ORIENTED_EDGE ( 'NONE', *, *, #3133, .T. ) ;
#921 = LINE ( 'NONE', #2639, #3200 ) ;
#922 = ADVANCED_FACE ( 'NONE', ( #796 ), #1933, .F. ) ;
#923 = ORIENTED_EDGE ( 'NONE', *, *, #883, .F. ) ;
#924 = PLANE ( 'NONE',  #2294 ) ;
#925 = CARTESIAN_POINT ( 'NONE',  ( 80.71749999999964587, -10.00000000000000000, -75.96750000000035641 ) ) ;
#926 = ORIENTED_EDGE ( 'NONE', *, *, #2007, .T. ) ;
#927 = EDGE_CURVE ( 'NONE', #1733, #3595, #911, .T. ) ;
#928 = DIRECTION ( 'NONE',  ( 1.727525453254912394E-16, 0.000000000000000000, 1.000000000000000000 ) ) ;
#929 = VECTOR ( 'NONE', #2843, 1000.000000000000000 ) ;
#930 = ADVANCED_FACE ( 'NONE', ( #342 ), #624, .T. ) ;
#931 = PLANE ( 'NONE',  #2890 ) ;
#932 = FACE_OUTER_BOUND ( 'NONE', #699, .T. ) ;
#933 = ORIENTED_EDGE ( 'NONE', *, *, #2918, .F. ) ;
#934 = LINE ( 'NONE', #2557, #1156 ) ;
#935 = CARTESIAN_POINT ( 'NONE',  ( 105.7874999999999801, -4.762500000000006395, 85.88749999999998863 ) ) ;
#936 = ORIENTED_EDGE ( 'NONE', *, *, #3449, .T. ) ;
#937 = CIRCLE ( 'NONE', #3500, 3.499999999999989342 ) ;
#938 = DIRECTION ( 'NONE',  ( 1.000000000000000000, 0.000000000000000000, -8.741913579725650188E-15 ) ) ;
#939 = DIRECTION ( 'NONE',  ( 1.000000000000000000, 0.000000000000000000, 0.000000000000000000 ) ) ;
#940 = VERTEX_POINT ( 'NONE', #2587 ) ;
#941 = CARTESIAN_POINT ( 'NONE',  ( -56.54582999999995963, -4.762500000000000178, 63.66249999999999432 ) ) ;
#942 = ORIENTED_EDGE ( 'NONE', *, *, #1218, .F. ) ;
#943 = LINE ( 'NONE', #1808, #3574 ) ;
#944 = EDGE_LOOP ( 'NONE', ( #3471, #808, #2634, #2923 ) ) ;
#945 = ORIENTED_EDGE ( 'NONE', *, *, #2721, .F. ) ;
#946 = DIRECTION ( 'NONE',  ( 0.000000000000000000, 0.000000000000000000, -1.000000000000000000 ) ) ;
#947 = DIRECTION ( 'NONE',  ( 1.000000000000000000, 0.000000000000000000, 0.000000000000000000 ) ) ;
#948 = VERTEX_POINT ( 'NONE', #1789 ) ;
#949 = EDGE_CURVE ( 'NONE', #195, #1284, #1771, .T. ) ;
#950 = CARTESIAN_POINT ( 'NONE',  ( -222.2500000000000000, -29.96330603869647291, -59.21249999999998437 ) ) ;
#951 = ORIENTED_EDGE ( 'NONE', *, *, #3596, .F. ) ;
#952 = DIRECTION ( 'NONE',  ( 0.000000000000000000, 1.000000000000000000, -0.000000000000000000 ) ) ;
#953 = PLANE ( 'NONE',  #1775 ) ;
#954 = ORIENTED_EDGE ( 'NONE', *, *, #220, .F. ) ;
#955 = DIRECTION ( 'NONE',  ( 0.000000000000000000, 0.000000000000000000, 1.000000000000000000 ) ) ;
#956 = VECTOR ( 'NONE', #3360, 1000.000000000000000 ) ;
#957 = ORIENTED_EDGE ( 'NONE', *, *, #1676, .T. ) ;
#958 = ORIENTED_EDGE ( 'NONE', *, *, #3593, .F. ) ;
#959 = EDGE_CURVE ( 'NONE', #1969, #558, #2740, .T. ) ;
#960 = VECTOR ( 'NONE', #3327, 1000.000000000000000 ) ;
#961 = CARTESIAN_POINT ( 'NONE',  ( -80.78750000000000853, 0.000000000000000000, 85.88749999999998863 ) ) ;
#962 = LINE ( 'NONE', #2382, #186 ) ;
#963 = CARTESIAN_POINT ( 'NONE',  ( 80.78749999999998010, -4.762499999999999289, 82.71249999999999147 ) ) ;
#964 = VERTEX_POINT ( 'NONE', #556 ) ;
#965 = AXIS2_PLACEMENT_3D ( 'NONE', #3543, #280, #1092 ) ;
#966 = FACE_OUTER_BOUND ( 'NONE', #3119, .T. ) ;
#967 = CARTESIAN_POINT ( 'NONE',  ( -215.5750000000000171, 0.000000000000000000, 79.21249999999999147 ) ) ;
#968 = LINE ( 'NONE', #131, #447 ) ;
#969 = ORIENTED_EDGE ( 'NONE', *, *, #847, .T. ) ;
#970 = CARTESIAN_POINT ( 'NONE',  ( 58.20839999999996905, -4.762500000000000178, -58.49999999999998579 ) ) ;
#971 = CARTESIAN_POINT ( 'NONE',  ( -215.5749999999999886, -4.762500000000000178, 82.71249999999999147 ) ) ;
#972 = CIRCLE ( 'NONE', #3598, 2.600000000000004974 ) ;
#973 = ORIENTED_EDGE ( 'NONE', *, *, #3263, .T. ) ;
#974 = CIRCLE ( 'NONE', #2568, 2.549999999999989608 ) ;
#975 = DIRECTION ( 'NONE',  ( -1.000000000000000000, 0.000000000000000000, -4.276668045551928593E-15 ) ) ;
#976 = CARTESIAN_POINT ( 'NONE',  ( -105.7875000000000085, -29.96330603869648357, 85.88749999999998863 ) ) ;
#977 = AXIS2_PLACEMENT_3D ( 'NONE', #207, #2771, #802 ) ;
#978 = LINE ( 'NONE', #1300, #2390 ) ;
#979 = ORIENTED_EDGE ( 'NONE', *, *, #2193, .F. ) ;
#980 = FACE_OUTER_BOUND ( 'NONE', #1251, .T. ) ;
#981 = CARTESIAN_POINT ( 'NONE',  ( 174.0750000000000171, -4.762499999999999289, 82.71249999999999147 ) ) ;
#982 = ORIENTED_EDGE ( 'NONE', *, *, #1020, .T. ) ;
#983 = EDGE_CURVE ( 'NONE', #3057, #1677, #1211, .T. ) ;
#984 = ORIENTED_EDGE ( 'NONE', *, *, #1669, .T. ) ;
#985 = DIRECTION ( 'NONE',  ( 0.000000000000000000, 1.000000000000000000, 0.000000000000000000 ) ) ;
#986 = CARTESIAN_POINT ( 'NONE',  ( -199.0749999999999886, -4.762499999999999289, 82.71249999999999147 ) ) ;
#987 = ORIENTED_EDGE ( 'NONE', *, *, #3555, .F. ) ;
#988 = EDGE_CURVE ( 'NONE', #1158, #3252, #2064, .T. ) ;
#989 = DIRECTION ( 'NONE',  ( -0.000000000000000000, 1.000000000000000000, -0.000000000000000000 ) ) ;
#990 = ORIENTED_EDGE ( 'NONE', *, *, #2888, .F. ) ;
#991 = DIRECTION ( 'NONE',  ( -0.000000000000000000, 1.000000000000000000, -0.000000000000000000 ) ) ;
#992 = CYLINDRICAL_SURFACE ( 'NONE', #1602, 1.662500000000011191 ) ;
#993 = DIRECTION ( 'NONE',  ( -1.000000000000000000, 0.000000000000000000, 0.000000000000000000 ) ) ;
#994 = CARTESIAN_POINT ( 'NONE',  ( -174.0750000000000171, -4.762500000000006395, 85.88749999999998863 ) ) ;
#995 = DIRECTION ( 'NONE',  ( 1.000000000000000000, -0.000000000000000000, 8.741913579725650188E-15 ) ) ;
#996 = ADVANCED_FACE ( 'NONE', ( #2528 ), #3171, .F. ) ;
#997 = CARTESIAN_POINT ( 'NONE',  ( 199.0749999999999886, 0.000000000000000000, 85.88749999999998863 ) ) ;
#998 = VERTEX_POINT ( 'NONE', #1474 ) ;
#999 = VECTOR ( 'NONE', #947, 1000.000000000000000 ) ;
#1000 = AXIS2_PLACEMENT_3D ( 'NONE', #591, #1749, #1465 ) ;
#1001 = CARTESIAN_POINT ( 'NONE',  ( -198.3624999999999829, -4.762500000000000178, -60.16250000000000142 ) ) ;
#1002 = CARTESIAN_POINT ( 'NONE',  ( -80.78750000000000853, -29.96330603869648357, 85.88749999999998863 ) ) ;
#1003 = ORIENTED_EDGE ( 'NONE', *, *, #2063, .F. ) ;
#1004 = CIRCLE ( 'NONE', #3407, 1.662500000000011191 ) ;
#1005 = ORIENTED_EDGE ( 'NONE', *, *, #2944, .F. ) ;
#1006 = CARTESIAN_POINT ( 'NONE',  ( -58.20832999999996105, -4.762500000000000178, 61.99999999999998579 ) ) ;
#1007 = EDGE_CURVE ( 'NONE', #1198, #3529, #3088, .T. ) ;
#1008 = PLANE ( 'NONE',  #2075 ) ;
#1009 = ORIENTED_EDGE ( 'NONE', *, *, #3268, .F. ) ;
#1010 = DIRECTION ( 'NONE',  ( -0.000000000000000000, -0.000000000000000000, -1.000000000000000000 ) ) ;
#1011 = ORIENTED_EDGE ( 'NONE', *, *, #71, .T. ) ;
#1013 = EDGE_CURVE ( 'NONE', #527, #1131, #2332, .T. ) ;
#1012 = VECTOR ( 'NONE', #1390, 1000.000000000000000 ) ;
#1014 = DIRECTION ( 'NONE',  ( 0.000000000000000000, 1.000000000000000000, 0.000000000000000000 ) ) ;
#1015 = DIRECTION ( 'NONE',  ( 0.000000000000000000, 0.000000000000000000, -1.000000000000000000 ) ) ;
#1016 = EDGE_CURVE ( 'NONE', #513, #3383, #869, .T. ) ;
#1017 = PLANE ( 'NONE',  #2813 ) ;
#1018 = DIRECTION ( 'NONE',  ( -0.000000000000000000, 0.000000000000000000, -1.000000000000000000 ) ) ;
#1019 = LINE ( 'NONE', #99, #2897 ) ;
#1020 = EDGE_CURVE ( 'NONE', #1419, #3487, #1719, .T. ) ;
#1021 = AXIS2_PLACEMENT_3D ( 'NONE', #3579, #2748, #1356 ) ;
#1022 = DIRECTION ( 'NONE',  ( -2.303367271006550024E-16, 0.000000000000000000, -1.000000000000000000 ) ) ;
#1023 = EDGE_LOOP ( 'NONE', ( #990, #1557, #3071, #1374 ) ) ;
#1024 = DIRECTION ( 'NONE',  ( 0.000000000000000000, 0.000000000000000000, 1.000000000000000000 ) ) ;
#1025 = CARTESIAN_POINT ( 'NONE',  ( 80.78749999999998010, 0.000000000000000000, 85.88749999999998863 ) ) ;
#1026 = VERTEX_POINT ( 'NONE', #285 ) ;
#1027 = EDGE_LOOP ( 'NONE', ( #1209, #2473, #2400, #436 ) ) ;
#1028 = LINE ( 'NONE', #1811, #649 ) ;
#1029 = CARTESIAN_POINT ( 'NONE',  ( 56.54589999999996763, -4.762500000000000178, 63.66249999999999432 ) ) ;
#1030 = ORIENTED_EDGE ( 'NONE', *, *, #2098, .T. ) ;
#1031 = CARTESIAN_POINT ( 'NONE',  ( 174.0049999999996828, 0.000000000000000000, -79.21249999999999147 ) ) ;
#1032 = ORIENTED_EDGE ( 'NONE', *, *, #2031, .F. ) ;
#1033 = CARTESIAN_POINT ( 'NONE',  ( -70.90833000000007758, -4.762500000000006395, 54.10937500000046185 ) ) ;
#1034 = CARTESIAN_POINT ( 'NONE',  ( 174.0750000000000171, -29.96330603869648357, 85.88749999999998863 ) ) ;
#1035 = CARTESIAN_POINT ( 'NONE',  ( -219.0749999999999886, 0.000000000000000000, 14.33750000000001634 ) ) ;
#1036 = CARTESIAN_POINT ( 'NONE',  ( 83.60839999999997474, -4.762500000000000178, -58.49999999999998579 ) ) ;
#1037 = VECTOR ( 'NONE', #2037, 1000.000000000000000 ) ;
#1038 = ORIENTED_EDGE ( 'NONE', *, *, #1295, .F. ) ;
#1039 = VECTOR ( 'NONE', #2093, 1000.000000000000000 ) ;
#1040 = EDGE_CURVE ( 'NONE', #2052, #2793, #2004, .T. ) ;
#1041 = CARTESIAN_POINT ( 'NONE',  ( 200.0249999999999773, 0.000000000000000000, -58.49999999999997158 ) ) ;
#1042 = ORIENTED_EDGE ( 'NONE', *, *, #1997, .F. ) ;
#1043 = LINE ( 'NONE', #2459, #479 ) ;
#1044 = DIRECTION ( 'NONE',  ( 0.000000000000000000, 0.000000000000000000, -1.000000000000000000 ) ) ;
#1045 = ORIENTED_EDGE ( 'NONE', *, *, #2672, .F. ) ;
#1046 = AXIS2_PLACEMENT_3D ( 'NONE', #1425, #1409, #3630 ) ;
#1047 = ADVANCED_FACE ( 'NONE', ( #2675 ), #662, .T. ) ;
#1048 = VECTOR ( 'NONE', #2046, 1000.000000000000000 ) ;
#1049 = LINE ( 'NONE', #1359, #1983 ) ;
#1050 = CARTESIAN_POINT ( 'NONE',  ( -105.8575000000003570, 0.000000000000000000, -79.21249999999999147 ) ) ;
#1051 = EDGE_LOOP ( 'NONE', ( #3157, #2104, #3341, #605 ) ) ;
#1052 = ADVANCED_FACE ( 'NONE', ( #2694 ), #1584, .T. ) ;
#1053 = DIRECTION ( 'NONE',  ( 0.000000000000000000, 1.000000000000000000, 0.000000000000000000 ) ) ;
#1054 = DIRECTION ( 'NONE',  ( -2.454254642771561073E-16, 0.000000000000000000, 1.000000000000000000 ) ) ;
#1055 = DIRECTION ( 'NONE',  ( 0.000000000000000000, 1.000000000000000000, 0.000000000000000000 ) ) ;
#1056 = VECTOR ( 'NONE', #1053, 1000.000000000000000 ) ;
#1057 = CARTESIAN_POINT ( 'NONE',  ( -56.54582999999997384, -4.762500000000000178, -58.49999999999998579 ) ) ;
#1058 = CARTESIAN_POINT ( 'NONE',  ( 12.56999999999965745, -10.00000000000000000, -79.21249999999999147 ) ) ;
#1059 = AXIS2_PLACEMENT_3D ( 'NONE', #484, #3246, #431 ) ;
#1060 = CARTESIAN_POINT ( 'NONE',  ( -12.57000000000034490, -10.00000000000000000, -75.96750000000035641 ) ) ;
#1061 = VERTEX_POINT ( 'NONE', #1807 ) ;
#1062 = DIRECTION ( 'NONE',  ( -0.000000000000000000, 1.000000000000000000, -0.000000000000000000 ) ) ;
#1063 = DIRECTION ( 'NONE',  ( 0.000000000000000000, 1.000000000000000000, 0.000000000000000000 ) ) ;
#1064 = ORIENTED_EDGE ( 'NONE', *, *, #1735, .F. ) ;
#1065 = VECTOR ( 'NONE', #908, 1000.000000000000000 ) ;
#1066 = CARTESIAN_POINT ( 'NONE',  ( -219.0749999999999886, -4.762500000000000178, -79.21249999999999147 ) ) ;
#1067 = VECTOR ( 'NONE', #85, 1000.000000000000000 ) ;
#1068 = DIRECTION ( 'NONE',  ( 0.000000000000000000, 0.000000000000000000, 1.000000000000000000 ) ) ;
#1069 = DIRECTION ( 'NONE',  ( 0.000000000000000000, 1.000000000000000000, 0.000000000000000000 ) ) ;
#1070 = CARTESIAN_POINT ( 'NONE',  ( -222.2500000000000000, -4.762499999999999289, -59.21249999999998437 ) ) ;
#1071 = LINE ( 'NONE', #3377, #3290 ) ;
#1072 = ADVANCED_FACE ( 'NONE', ( #701 ), #2909, .F. ) ;
#1073 = COLOUR_RGB ( '',0.7921568627450980005, 0.8196078431372548767, 0.9333333333333333481 ) ;
#1074 = ORIENTED_EDGE ( 'NONE', *, *, #949, .T. ) ;
#1075 = VECTOR ( 'NONE', #543, 1000.000000000000000 ) ;
#1076 = DIRECTION ( 'NONE',  ( 1.000000000000000000, 0.000000000000000000, 0.000000000000000000 ) ) ;
#1077 = ORIENTED_EDGE ( 'NONE', *, *, #1687, .T. ) ;
#1078 = DIRECTION ( 'NONE',  ( -1.151683635503275012E-16, 0.000000000000000000, -1.000000000000000000 ) ) ;
#1079 = LINE ( 'NONE', #2764, #3527 ) ;
#1080 = ORIENTED_EDGE ( 'NONE', *, *, #3338, .T. ) ;
#1081 = EDGE_CURVE ( 'NONE', #1979, #1586, #3250, .T. ) ;
#1082 = DIRECTION ( 'NONE',  ( 0.000000000000000000, 0.000000000000000000, 1.000000000000000000 ) ) ;
#1083 = AXIS2_PLACEMENT_3D ( 'NONE', #3608, #1063, #2229 ) ;
#1084 = LINE ( 'NONE', #3000, #3294 ) ;
#1085 = CARTESIAN_POINT ( 'NONE',  ( 219.0749999999999886, -4.762500000000000178, -79.21249999999999147 ) ) ;
#1086 = FACE_OUTER_BOUND ( 'NONE', #3435, .T. ) ;
#1087 = FACE_OUTER_BOUND ( 'NONE', #3122, .T. ) ;
#1088 = AXIS2_PLACEMENT_3D ( 'NONE', #1884, #1537, #134 ) ;
#1089 = PLANE ( 'NONE',  #700 ) ;
#1090 = LINE ( 'NONE', #532, #2447 ) ;
#1091 = CARTESIAN_POINT ( 'NONE',  ( -56.54582999999997384, -4.762500000000000178, -60.16249999999998721 ) ) ;
#1092 = DIRECTION ( 'NONE',  ( 1.000000000000000000, 0.000000000000000000, -0.000000000000000000 ) ) ;
#1093 = ORIENTED_EDGE ( 'NONE', *, *, #2796, .T. ) ;
#1094 = FACE_OUTER_BOUND ( 'NONE', #1561, .T. ) ;
#1095 = VERTEX_POINT ( 'NONE', #2110 ) ;
#1096 = VECTOR ( 'NONE', #3306, 1000.000000000000000 ) ;
#1097 = ORIENTED_EDGE ( 'NONE', *, *, #736, .T. ) ;
#1098 = EDGE_CURVE ( 'NONE', #3481, #2280, #2961, .T. ) ;
#1099 = VECTOR ( 'NONE', #3238, 1000.000000000000000 ) ;
#1100 = CARTESIAN_POINT ( 'NONE',  ( 70.90839999999995769, -4.762500000000000178, -18.49062499999996945 ) ) ;
#1101 = ORIENTED_EDGE ( 'NONE', *, *, #3524, .F. ) ;
#1102 = ADVANCED_FACE ( 'NONE', ( #980 ), #1526, .F. ) ;
#1103 = CARTESIAN_POINT ( 'NONE',  ( -85.27082999999998947, -4.762500000000000178, -60.16249999999999432 ) ) ;
#1104 = CARTESIAN_POINT ( 'NONE',  ( 174.0750000000000171, 0.000000000000000000, 82.71249999999999147 ) ) ;
#1105 = EDGE_CURVE ( 'NONE', #2862, #757, #1826, .T. ) ;
#1106 = DIRECTION ( 'NONE',  ( -1.000000000000000000, 0.000000000000000000, -0.000000000000000000 ) ) ;
#1107 = CARTESIAN_POINT ( 'NONE',  ( 198.3625000000000114, -4.762500000000000178, 63.66249999999999432 ) ) ;
#1108 = EDGE_LOOP ( 'NONE', ( #2026, #110, #3606, #1507 ) ) ;
#1109 = VECTOR ( 'NONE', #2633, 1000.000000000000000 ) ;
#1110 = DIRECTION ( 'NONE',  ( -0.000000000000000000, 1.000000000000000000, -0.000000000000000000 ) ) ;
#1111 = CARTESIAN_POINT ( 'NONE',  ( 70.90839999999984400, -4.762500000000006395, 54.10937500000049027 ) ) ;
#1112 = ORIENTED_EDGE ( 'NONE', *, *, #983, .T. ) ;
#1113 = CARTESIAN_POINT ( 'NONE',  ( 219.0749999999999886, -4.762500000000000178, -79.21249999999999147 ) ) ;
#1114 = CARTESIAN_POINT ( 'NONE',  ( 105.7875000000000085, -29.96330603869648357, 82.71249999999999147 ) ) ;
#1115 = ORIENTED_EDGE ( 'NONE', *, *, #84, .T. ) ;
#1116 = DIRECTION ( 'NONE',  ( 0.000000000000000000, 0.000000000000000000, 1.000000000000000000 ) ) ;
#1117 = DIRECTION ( 'NONE',  ( 0.000000000000000000, 0.000000000000000000, 1.000000000000000000 ) ) ;
#1118 = EDGE_LOOP ( 'NONE', ( #2716, #1213, #646, #1691 ) ) ;
#1119 = VECTOR ( 'NONE', #631, 1000.000000000000000 ) ;
#1120 = EDGE_CURVE ( 'NONE', #1248, #2932, #962, .T. ) ;
#1121 = CARTESIAN_POINT ( 'NONE',  ( -58.20832999999996105, 0.000000000000000000, 61.99999999999998579 ) ) ;
#1122 = DIRECTION ( 'NONE',  ( -0.000000000000000000, 1.000000000000000000, -0.000000000000000000 ) ) ;
#1123 = CARTESIAN_POINT ( 'NONE',  ( 219.0749999999999886, -4.762499999999999289, -59.21249999999998437 ) ) ;
#1124 = VECTOR ( 'NONE', #295, 1000.000000000000000 ) ;
#1125 = VECTOR ( 'NONE', #267, 1000.000000000000000 ) ;
#1126 = DIRECTION ( 'NONE',  ( 0.000000000000000000, 0.000000000000000000, 1.000000000000000000 ) ) ;
#1127 = EDGE_CURVE ( 'NONE', #1670, #82, #1841, .T. ) ;
#1128 = DIRECTION ( 'NONE',  ( 0.000000000000000000, 1.000000000000000000, 0.000000000000000000 ) ) ;
#1129 = VECTOR ( 'NONE', #1305, 1000.000000000000000 ) ;
#1130 = EDGE_CURVE ( 'NONE', #1677, #3060, #144, .T. ) ;
#1131 = VERTEX_POINT ( 'NONE', #159 ) ;
#1132 = CARTESIAN_POINT ( 'NONE',  ( -198.3624999999999545, -4.762500000000000178, 63.66249999999998010 ) ) ;
#1133 = DIRECTION ( 'NONE',  ( 0.000000000000000000, 1.000000000000000000, 0.000000000000000000 ) ) ;
#1134 = ORIENTED_EDGE ( 'NONE', *, *, #2956, .T. ) ;
#1135 = EDGE_CURVE ( 'NONE', #2998, #3252, #1304, .T. ) ;
#1136 = VERTEX_POINT ( 'NONE', #1509 ) ;
#1137 = EDGE_CURVE ( 'NONE', #2305, #1835, #2625, .T. ) ;
#1138 = DIRECTION ( 'NONE',  ( 0.000000000000000000, 1.000000000000000000, 0.000000000000000000 ) ) ;
#1139 = VECTOR ( 'NONE', #104, 1000.000000000000000 ) ;
#1140 = VERTEX_POINT ( 'NONE', #1655 ) ;
#1141 = PLANE ( 'NONE',  #1555 ) ;
#1142 = CARTESIAN_POINT ( 'NONE',  ( 219.0749999999999886, -4.762500000000000178, -79.21249999999999147 ) ) ;
#1143 = EDGE_CURVE ( 'NONE', #3376, #2837, #3538, .T. ) ;
#1144 = VECTOR ( 'NONE', #2811, 1000.000000000000000 ) ;
#1145 = LINE ( 'NONE', #2258, #269 ) ;
#1146 = ORIENTED_EDGE ( 'NONE', *, *, #3237, .T. ) ;
#1147 = DIRECTION ( 'NONE',  ( -1.000000000000000000, -0.000000000000000000, -0.000000000000000000 ) ) ;
#1148 = LINE ( 'NONE', #1710, #1352 ) ;
#1149 = ORIENTED_EDGE ( 'NONE', *, *, #71, .F. ) ;
#1150 = VECTOR ( 'NONE', #573, 1000.000000000000000 ) ;
#1151 = FACE_OUTER_BOUND ( 'NONE', #1772, .T. ) ;
#1152 = DIRECTION ( 'NONE',  ( 1.000000000000000000, 0.000000000000000000, 0.000000000000000000 ) ) ;
#1153 = LINE ( 'NONE', #3389, #2609 ) ;
#1154 = VERTEX_POINT ( 'NONE', #518 ) ;
#1155 = EDGE_CURVE ( 'NONE', #1783, #2836, #176, .T. ) ;
#1156 = VECTOR ( 'NONE', #278, 1000.000000000000000 ) ;
#1157 = DIRECTION ( 'NONE',  ( -0.000000000000000000, 0.000000000000000000, -1.000000000000000000 ) ) ;
#1158 = VERTEX_POINT ( 'NONE', #791 ) ;
#1159 = VECTOR ( 'NONE', #1262, 1000.000000000000000 ) ;
#1160 = LINE ( 'NONE', #1525, #2695 ) ;
#1161 = ORIENTED_EDGE ( 'NONE', *, *, #562, .T. ) ;
#1162 = ORIENTED_EDGE ( 'NONE', *, *, #894, .T. ) ;
#1163 = FACE_OUTER_BOUND ( 'NONE', #3523, .T. ) ;
#1164 = LINE ( 'NONE', #3158, #2127 ) ;
#1165 = CARTESIAN_POINT ( 'NONE',  ( -105.7875000000000085, 0.000000000000000000, 82.71249999999999147 ) ) ;
#1166 = VECTOR ( 'NONE', #1450, 1000.000000000000000 ) ;
#1167 = VECTOR ( 'NONE', #329, 1000.000000000000000 ) ;
#1168 = LINE ( 'NONE', #2866, #2221 ) ;
#1169 = VERTEX_POINT ( 'NONE', #1908 ) ;
#1170 = CARTESIAN_POINT ( 'NONE',  ( 105.7874999999999801, -4.762499999999999289, 85.88749999999998863 ) ) ;
#1171 = ORIENTED_EDGE ( 'NONE', *, *, #2186, .T. ) ;
#1172 = CARTESIAN_POINT ( 'NONE',  ( 222.2500000000000000, 0.000000000000000000, -59.21249999999998437 ) ) ;
#1173 = CARTESIAN_POINT ( 'NONE',  ( 105.8574999999996464, -4.762500000000000178, -75.96750000000035641 ) ) ;
#1174 = ORIENTED_EDGE ( 'NONE', *, *, #78, .F. ) ;
#1175 = CARTESIAN_POINT ( 'NONE',  ( 80.78749999999998010, 0.000000000000000000, 82.71249999999999147 ) ) ;
#1176 = DIRECTION ( 'NONE',  ( 0.000000000000000000, 0.000000000000000000, 1.000000000000000000 ) ) ;
#1177 = VERTEX_POINT ( 'NONE', #1355 ) ;
#1178 = DIRECTION ( 'NONE',  ( 0.000000000000000000, -0.000000000000000000, 1.000000000000000000 ) ) ;
#1179 = ORIENTED_EDGE ( 'NONE', *, *, #74, .F. ) ;
#1180 = EDGE_CURVE ( 'NONE', #3010, #1800, #2440, .T. ) ;
#1181 = DIRECTION ( 'NONE',  ( 0.000000000000000000, 0.000000000000000000, 1.000000000000000000 ) ) ;
#1182 = ORIENTED_EDGE ( 'NONE', *, *, #2138, .F. ) ;
#1183 = EDGE_LOOP ( 'NONE', ( #1245, #1229 ) ) ;
#1184 = CARTESIAN_POINT ( 'NONE',  ( -219.0749999999999886, -4.762500000000000178, -79.21249999999999147 ) ) ;
#1185 = ADVANCED_FACE ( 'NONE', ( #1675 ), #3560, .F. ) ;
#1186 = CARTESIAN_POINT ( 'NONE',  ( 174.0049999999996828, -4.762500000000000178, 79.21249999999999147 ) ) ;
#1187 = ORIENTED_EDGE ( 'NONE', *, *, #1295, .T. ) ;
#1188 = VECTOR ( 'NONE', #3100, 1000.000000000000000 ) ;
#1189 = EDGE_LOOP ( 'NONE', ( #1146, #3325 ) ) ;
#1190 = ORIENTED_EDGE ( 'NONE', *, *, #3458, .T. ) ;
#1191 = LINE ( 'NONE', #3151, #224 ) ;
#1192 = CARTESIAN_POINT ( 'NONE',  ( 12.56999999999965745, 0.000000000000000000, -75.96750000000035641 ) ) ;
#1193 = ORIENTED_EDGE ( 'NONE', *, *, #1764, .T. ) ;
#1194 = CARTESIAN_POINT ( 'NONE',  ( 70.90839999999995769, -4.762500000000000178, -56.42187499999997868 ) ) ;
#1195 = ORIENTED_EDGE ( 'NONE', *, *, #738, .F. ) ;
#1196 = EDGE_CURVE ( 'NONE', #1586, #1842, #1043, .T. ) ;
#1197 = ORIENTED_EDGE ( 'NONE', *, *, #468, .F. ) ;
#1198 = VERTEX_POINT ( 'NONE', #2160 ) ;
#1199 = LINE ( 'NONE', #1513, #860 ) ;
#1200 = VECTOR ( 'NONE', #598, 1000.000000000000000 ) ;
#1201 = VERTEX_POINT ( 'NONE', #3346 ) ;
#1202 = LINE ( 'NONE', #3399, #492 ) ;
#1203 = ADVANCED_FACE ( 'NONE', ( #1094 ), #2474, .F. ) ;
#1204 = ORIENTED_EDGE ( 'NONE', *, *, #1768, .T. ) ;
#1205 = DIRECTION ( 'NONE',  ( 0.000000000000000000, 1.000000000000000000, -0.000000000000000000 ) ) ;
#1206 = CARTESIAN_POINT ( 'NONE',  ( -198.3624999999999545, -4.762500000000000178, 63.66249999999998010 ) ) ;
#1207 = EDGE_LOOP ( 'NONE', ( #2907, #1535, #3036, #2765 ) ) ;
#1208 = CARTESIAN_POINT ( 'NONE',  ( 174.0049999999996828, -4.762500000000000178, -79.21249999999999147 ) ) ;
#1209 = ORIENTED_EDGE ( 'NONE', *, *, #3297, .F. ) ;
#1210 = EDGE_CURVE ( 'NONE', #2389, #499, #2177, .T. ) ;
#1211 = LINE ( 'NONE', #2023, #3211 ) ;
#1212 = LINE ( 'NONE', #1985, #1662 ) ;
#1213 = ORIENTED_EDGE ( 'NONE', *, *, #3462, .F. ) ;
#1214 = EDGE_LOOP ( 'NONE', ( #2481, #185, #263, #3510 ) ) ;
#1215 = PRODUCT_CONTEXT ( 'NONE', #2417, 'mechanical' ) ;
#1216 = DIRECTION ( 'NONE',  ( 1.000000000000000000, -0.000000000000000000, 0.000000000000000000 ) ) ;
#1217 = VECTOR ( 'NONE', #1536, 1000.000000000000000 ) ;
#1218 = EDGE_CURVE ( 'NONE', #1893, #669, #1621, .T. ) ;
#1219 = DIRECTION ( 'NONE',  ( 0.000000000000000000, 1.000000000000000000, 0.000000000000000000 ) ) ;
#1220 = EDGE_LOOP ( 'NONE', ( #3454, #3463, #1593, #1639 ) ) ;
#1221 = DIRECTION ( 'NONE',  ( 0.000000000000000000, 1.000000000000000000, -0.000000000000000000 ) ) ;
#1222 = EDGE_LOOP ( 'NONE', ( #841, #3546, #1544, #2210 ) ) ;
#1223 = DIRECTION ( 'NONE',  ( -0.000000000000000000, -0.000000000000000000, -1.000000000000000000 ) ) ;
#1224 = CARTESIAN_POINT ( 'NONE',  ( -200.0249999999999488, -4.762500000000000178, 61.99999999999998579 ) ) ;
#1225 = VERTEX_POINT ( 'NONE', #1929 ) ;
#1226 = VERTEX_POINT ( 'NONE', #489 ) ;
#1227 = CARTESIAN_POINT ( 'NONE',  ( 12.56999999999966455, -4.762500000000000178, 79.21249999999999147 ) ) ;
#1228 = CARTESIAN_POINT ( 'NONE',  ( 105.8574999999996606, -4.762500000000000178, 79.21249999999999147 ) ) ;
#1229 = ORIENTED_EDGE ( 'NONE', *, *, #2988, .T. ) ;
#1230 = AXIS2_PLACEMENT_3D ( 'NONE', #3021, #2483, #1375 ) ;
#1231 = CARTESIAN_POINT ( 'NONE',  ( 219.0749999999999886, -4.762500000000000178, -79.21249999999999147 ) ) ;
#1232 = DIRECTION ( 'NONE',  ( -0.000000000000000000, 1.000000000000000000, -0.000000000000000000 ) ) ;
#1233 = EDGE_CURVE ( 'NONE', #3408, #1585, #2899, .T. ) ;
#1234 = CIRCLE ( 'NONE', #758, 2.549999999999989608 ) ;
#1235 = CARTESIAN_POINT ( 'NONE',  ( -56.54582999999995963, -4.762500000000000178, 63.66249999999999432 ) ) ;
#1236 = ORIENTED_EDGE ( 'NONE', *, *, #2342, .T. ) ;
#1237 = DIRECTION ( 'NONE',  ( -0.000000000000000000, 1.000000000000000000, -0.000000000000000000 ) ) ;
#1238 = FACE_OUTER_BOUND ( 'NONE', #1207, .T. ) ;
#1239 = ORIENTED_EDGE ( 'NONE', *, *, #2596, .F. ) ;
#1240 = EDGE_CURVE ( 'NONE', #998, #1800, #2997, .T. ) ;
#1241 = VECTOR ( 'NONE', #2993, 1000.000000000000000 ) ;
#1242 = DIRECTION ( 'NONE',  ( -1.000000000000000000, 0.000000000000000000, 0.000000000000000000 ) ) ;
#1243 = ORIENTED_EDGE ( 'NONE', *, *, #2539, .F. ) ;
#1244 = EDGE_CURVE ( 'NONE', #62, #3613, #2228, .T. ) ;
#1245 = ORIENTED_EDGE ( 'NONE', *, *, #212, .T. ) ;
#1246 = DIRECTION ( 'NONE',  ( 0.000000000000000000, 1.000000000000000000, 0.000000000000000000 ) ) ;
#1247 = DIRECTION ( 'NONE',  ( 6.135636606928902682E-17, 0.000000000000000000, -1.000000000000000000 ) ) ;
#1248 = VERTEX_POINT ( 'NONE', #2981 ) ;
#1249 = ORIENTED_EDGE ( 'NONE', *, *, #1130, .F. ) ;
#1250 = LINE ( 'NONE', #1830, #1787 ) ;
#1251 = EDGE_LOOP ( 'NONE', ( #1162, #2606, #567, #3412 ) ) ;
#1252 = AXIS2_PLACEMENT_3D ( 'NONE', #2772, #260, #2239 ) ;
#1253 = EDGE_LOOP ( 'NONE', ( #2726, #3175, #2967, #2615 ) ) ;
#1254 = CARTESIAN_POINT ( 'NONE',  ( 70.90839999999995769, 0.000000000000000000, -56.42187499999997868 ) ) ;
#1255 = DIRECTION ( 'NONE',  ( 0.000000000000000000, 0.000000000000000000, 1.000000000000000000 ) ) ;
#1256 = EDGE_CURVE ( 'NONE', #2283, #1586, #2729, .T. ) ;
#1257 = PLANE ( 'NONE',  #373 ) ;
#1258 = CIRCLE ( 'NONE', #1739, 2.549999999999989608 ) ;
#1259 = DIRECTION ( 'NONE',  ( -0.000000000000000000, 0.000000000000000000, -1.000000000000000000 ) ) ;
#1260 = VERTEX_POINT ( 'NONE', #1175 ) ;
#1261 = EDGE_CURVE ( 'NONE', #1879, #2578, #844, .T. ) ;
#1262 = DIRECTION ( 'NONE',  ( 0.000000000000000000, 1.000000000000000000, 0.000000000000000000 ) ) ;
#1263 = VECTOR ( 'NONE', #1578, 1000.000000000000000 ) ;
#1264 = DIRECTION ( 'NONE',  ( 1.000000000000000000, 0.000000000000000000, 0.000000000000000000 ) ) ;
#1265 = EDGE_LOOP ( 'NONE', ( #1524, #1859, #2247, #3019 ) ) ;
#1266 = EDGE_CURVE ( 'NONE', #499, #488, #300, .T. ) ;
#1267 = VERTEX_POINT ( 'NONE', #1445 ) ;
#1268 = VECTOR ( 'NONE', #3270, 1000.000000000000000 ) ;
#1269 = DIRECTION ( 'NONE',  ( -1.000000000000000000, 0.000000000000000000, 0.000000000000000000 ) ) ;
#1270 = EDGE_LOOP ( 'NONE', ( #454, #3226, #2963, #2658 ) ) ;
#1271 = EDGE_CURVE ( 'NONE', #123, #2421, #2651, .T. ) ;
#1272 = DIRECTION ( 'NONE',  ( 0.000000000000000000, 1.000000000000000000, 0.000000000000000000 ) ) ;
#1273 = EDGE_LOOP ( 'NONE', ( #3296, #812, #2610, #1703 ) ) ;
#1274 = CARTESIAN_POINT ( 'NONE',  ( -70.90832999999996389, -4.762500000000000178, -18.49062499999999787 ) ) ;
#1275 = CARTESIAN_POINT ( 'NONE',  ( 70.90839999999995769, 0.000000000000000000, -18.49062499999996945 ) ) ;
#1276 = CARTESIAN_POINT ( 'NONE',  ( 199.1449999999996692, -10.00000000000000000, -79.21249999999999147 ) ) ;
#1277 = AXIS2_PLACEMENT_3D ( 'NONE', #3063, #1922, #1106 ) ;
#1278 = ORIENTED_EDGE ( 'NONE', *, *, #10, .T. ) ;
#1279 = CIRCLE ( 'NONE', #3321, 2.600000000000004974 ) ;
#1280 = LINE ( 'NONE', #2943, #2847 ) ;
#1281 = CARTESIAN_POINT ( 'NONE',  ( 105.7874999999999801, -29.96330603869648357, 85.88749999999998863 ) ) ;
#1282 = CARTESIAN_POINT ( 'NONE',  ( 174.0049999999996828, -10.00000000000000000, -79.21249999999999147 ) ) ;
#1283 = VECTOR ( 'NONE', #3397, 1000.000000000000000 ) ;
#1284 = VERTEX_POINT ( 'NONE', #60 ) ;
#1285 = CARTESIAN_POINT ( 'NONE',  ( -105.7875000000000085, -29.96330603869648357, 82.71249999999999147 ) ) ;
#1286 = ORIENTED_EDGE ( 'NONE', *, *, #1947, .F. ) ;
#1287 = ADVANCED_FACE ( 'NONE', ( #3129 ), #2542, .F. ) ;
#1288 = EDGE_CURVE ( 'NONE', #948, #1964, #552, .T. ) ;
#1289 = ORIENTED_EDGE ( 'NONE', *, *, #801, .T. ) ;
#1290 = CARTESIAN_POINT ( 'NONE',  ( -215.5749999999999886, -4.762500000000000178, 82.71249999999999147 ) ) ;
#1291 = EDGE_CURVE ( 'NONE', #2784, #1026, #1752, .T. ) ;
#1292 = VECTOR ( 'NONE', #3636, 1000.000000000000000 ) ;
#1293 = LINE ( 'NONE', #950, #2345 ) ;
#1294 = VERTEX_POINT ( 'NONE', #2565 ) ;
#1295 = EDGE_CURVE ( 'NONE', #3169, #3408, #22, .T. ) ;
#1296 = EDGE_CURVE ( 'NONE', #644, #279, #2287, .T. ) ;
#1297 = CARTESIAN_POINT ( 'NONE',  ( 12.49999999999999112, -29.96330603869648357, 85.88749999999998863 ) ) ;
#1298 = CARTESIAN_POINT ( 'NONE',  ( -12.57000000000034490, -10.00000000000000000, -75.96750000000035641 ) ) ;
#1299 = ADVANCED_FACE ( 'NONE', ( #3388 ), #867, .F. ) ;
#1300 = CARTESIAN_POINT ( 'NONE',  ( -215.5750000000000171, -4.762500000000000178, -75.96750000000035641 ) ) ;
#1301 = AXIS2_PLACEMENT_3D ( 'NONE', #93, #2016, #33 ) ;
#1302 = VECTOR ( 'NONE', #2434, 1000.000000000000000 ) ;
#1303 =( GEOMETRIC_REPRESENTATION_CONTEXT ( 3 ) GLOBAL_UNCERTAINTY_ASSIGNED_CONTEXT ( ( #1439 ) ) GLOBAL_UNIT_ASSIGNED_CONTEXT ( ( #227, #3619, #671 ) ) REPRESENTATION_CONTEXT ( 'NONE', 'WORKASPACE' ) );
#1304 = LINE ( 'NONE', #2422, #1624 ) ;
#1305 = DIRECTION ( 'NONE',  ( 0.000000000000000000, 1.000000000000000000, 0.000000000000000000 ) ) ;
#1306 = ORIENTED_EDGE ( 'NONE', *, *, #3121, .F. ) ;
#1307 = VECTOR ( 'NONE', #557, 1000.000000000000000 ) ;
#1308 = ORIENTED_EDGE ( 'NONE', *, *, #2063, .T. ) ;
#1309 = LINE ( 'NONE', #3475, #517 ) ;
#1310 = ORIENTED_EDGE ( 'NONE', *, *, #2369, .T. ) ;
#1311 = DIRECTION ( 'NONE',  ( 0.000000000000000000, 0.000000000000000000, 1.000000000000000000 ) ) ;
#1312 = ORIENTED_EDGE ( 'NONE', *, *, #2106, .T. ) ;
#1313 = AXIS2_PLACEMENT_3D ( 'NONE', #127, #180, #1843 ) ;
#1314 = LINE ( 'NONE', #970, #2561 ) ;
#1315 = CARTESIAN_POINT ( 'NONE',  ( -56.54582999999995963, 0.000000000000000000, 63.66249999999999432 ) ) ;
#1316 = EDGE_CURVE ( 'NONE', #3010, #3203, #575, .T. ) ;
#1317 = CARTESIAN_POINT ( 'NONE',  ( 70.90839999999995769, -4.762500000000000178, -18.49062499999996945 ) ) ;
#1318 = DIRECTION ( 'NONE',  ( -0.000000000000000000, -0.000000000000000000, -1.000000000000000000 ) ) ;
#1319 = EDGE_CURVE ( 'NONE', #3252, #1419, #1191, .T. ) ;
#1320 = VERTEX_POINT ( 'NONE', #1767 ) ;
#1321 = VECTOR ( 'NONE', #888, 1000.000000000000000 ) ;
#1322 = DIRECTION ( 'NONE',  ( -1.710667218220771437E-14, 0.000000000000000000, 1.000000000000000000 ) ) ;
#1323 = VERTEX_POINT ( 'NONE', #1208 ) ;
#1324 = LINE ( 'NONE', #663, #1545 ) ;
#1325 = ORIENTED_EDGE ( 'NONE', *, *, #1681, .F. ) ;
#1326 = EDGE_CURVE ( 'NONE', #2653, #2309, #337, .T. ) ;
#1327 = AXIS2_PLACEMENT_3D ( 'NONE', #1001, #1247, #362 ) ;
#1328 = LINE ( 'NONE', #2767, #1012 ) ;
#1329 = DIRECTION ( 'NONE',  ( 0.000000000000000000, 0.000000000000000000, 1.000000000000000000 ) ) ;
#1330 = ORIENTED_EDGE ( 'NONE', *, *, #1316, .F. ) ;
#1331 = EDGE_LOOP ( 'NONE', ( #117, #2902, #179, #2893 ) ) ;
#1332 = PLANE ( 'NONE',  #3213 ) ;
#1333 = DIRECTION ( 'NONE',  ( 0.000000000000000000, 1.000000000000000000, -0.000000000000000000 ) ) ;
#1334 = LINE ( 'NONE', #1634, #1335 ) ;
#1335 = VECTOR ( 'NONE', #769, 1000.000000000000000 ) ;
#1336 = ORIENTED_EDGE ( 'NONE', *, *, #1261, .T. ) ;
#1337 = AXIS2_PLACEMENT_3D ( 'NONE', #3264, #739, #1618 ) ;
#1338 = PLANE ( 'NONE',  #1454 ) ;
#1339 = DIRECTION ( 'NONE',  ( 0.000000000000000000, 1.000000000000000000, 0.000000000000000000 ) ) ;
#1340 = ORIENTED_EDGE ( 'NONE', *, *, #3187, .F. ) ;
#1341 = AXIS2_PLACEMENT_3D ( 'NONE', #3582, #1082, #2195 ) ;
#1342 = CIRCLE ( 'NONE', #2857, 3.499999999999989342 ) ;
#1343 = VECTOR ( 'NONE', #1460, 1000.000000000000000 ) ;
#1344 = PLANE ( 'NONE',  #1643 ) ;
#1345 = EDGE_CURVE ( 'NONE', #1267, #964, #446, .T. ) ;
#1346 = DIRECTION ( 'NONE',  ( 1.000000000000000000, 0.000000000000000000, 0.000000000000000000 ) ) ;
#1347 = ORIENTED_EDGE ( 'NONE', *, *, #3631, .T. ) ;
#1348 = DIRECTION ( 'NONE',  ( 1.000000000000000000, -0.000000000000000000, 0.000000000000000000 ) ) ;
#1349 = DIRECTION ( 'NONE',  ( 0.000000000000000000, 0.000000000000000000, 1.000000000000000000 ) ) ;
#1350 = LINE ( 'NONE', #1417, #560 ) ;
#1351 = ADVANCED_FACE ( 'NONE', ( #3513 ), #1017, .F. ) ;
#1352 = VECTOR ( 'NONE', #1689, 1000.000000000000000 ) ;
#1353 = DIRECTION ( 'NONE',  ( 0.000000000000000000, 0.000000000000000000, 1.000000000000000000 ) ) ;
#1354 = ORIENTED_EDGE ( 'NONE', *, *, #1598, .F. ) ;
#1355 = CARTESIAN_POINT ( 'NONE',  ( -12.57000000000033069, 0.000000000000000000, -75.96750000000035641 ) ) ;
#1356 = DIRECTION ( 'NONE',  ( 0.000000000000000000, 0.000000000000000000, 1.000000000000000000 ) ) ;
#1357 = ORIENTED_EDGE ( 'NONE', *, *, #2916, .T. ) ;
#1358 = AXIS2_PLACEMENT_3D ( 'NONE', #2821, #1364, #1126 ) ;
#1359 = CARTESIAN_POINT ( 'NONE',  ( -198.3624999999999829, 0.000000000000000000, -60.16250000000000142 ) ) ;
#1360 = CARTESIAN_POINT ( 'NONE',  ( 70.90839999999984400, -4.762500000000006395, 51.50937500000048175 ) ) ;
#1361 = ORIENTED_EDGE ( 'NONE', *, *, #789, .F. ) ;
#1362 = VECTOR ( 'NONE', #3611, 1000.000000000000000 ) ;
#1363 = ORIENTED_EDGE ( 'NONE', *, *, #949, .F. ) ;
#1364 = DIRECTION ( 'NONE',  ( 0.000000000000000000, 1.000000000000000000, 0.000000000000000000 ) ) ;
#1365 = LINE ( 'NONE', #2172, #672 ) ;
#1366 = CARTESIAN_POINT ( 'NONE',  ( -70.90832999999996389, -4.762500000000000178, -15.94062500000000426 ) ) ;
#1367 = VERTEX_POINT ( 'NONE', #188 ) ;
#1368 = CARTESIAN_POINT ( 'NONE',  ( -58.20832999999997526, -4.762500000000000178, -58.49999999999998579 ) ) ;
#1369 = ADVANCED_FACE ( 'NONE', ( #2134 ), #2737, .F. ) ;
#1370 = ORIENTED_EDGE ( 'NONE', *, *, #677, .F. ) ;
#1371 = EDGE_CURVE ( 'NONE', #3031, #1367, #768, .T. ) ;
#1372 = EDGE_CURVE ( 'NONE', #2640, #486, #3259, .T. ) ;
#1373 = DIRECTION ( 'NONE',  ( 8.741913579725650188E-15, 0.000000000000000000, -1.000000000000000000 ) ) ;
#1374 = ORIENTED_EDGE ( 'NONE', *, *, #754, .F. ) ;
#1375 = DIRECTION ( 'NONE',  ( 0.000000000000000000, 0.000000000000000000, 1.000000000000000000 ) ) ;
#1376 = ORIENTED_EDGE ( 'NONE', *, *, #317, .F. ) ;
#1377 = EDGE_CURVE ( 'NONE', #563, #1383, #3005, .T. ) ;
#1378 = LINE ( 'NONE', #2187, #1096 ) ;
#1379 = CARTESIAN_POINT ( 'NONE',  ( 219.0749999999999886, -4.762499999999999289, -34.21249999999997726 ) ) ;
#1380 = ORIENTED_EDGE ( 'NONE', *, *, #3297, .T. ) ;
#1381 = LINE ( 'NONE', #534, #795 ) ;
#1382 = DIRECTION ( 'NONE',  ( 0.000000000000000000, 0.000000000000000000, -1.000000000000000000 ) ) ;
#1383 = VERTEX_POINT ( 'NONE', #3431 ) ;
#1384 = ADVANCED_FACE ( 'NONE', ( #1633 ), #924, .F. ) ;
#1385 = DIRECTION ( 'NONE',  ( 0.000000000000000000, 0.000000000000000000, -1.000000000000000000 ) ) ;
#1386 = PLANE ( 'NONE',  #2135 ) ;
#1387 = ORIENTED_EDGE ( 'NONE', *, *, #1792, .T. ) ;
#1388 = AXIS2_PLACEMENT_3D ( 'NONE', #3105, #572, #2284 ) ;
#1389 = EDGE_CURVE ( 'NONE', #16, #1419, #2668, .T. ) ;
#1390 = DIRECTION ( 'NONE',  ( 0.000000000000000000, 0.000000000000000000, 1.000000000000000000 ) ) ;
#1391 = CARTESIAN_POINT ( 'NONE',  ( -70.90833000000007758, -4.762500000000006395, 51.50937500000045333 ) ) ;
#1392 = ORIENTED_EDGE ( 'NONE', *, *, #3183, .F. ) ;
#1393 = ADVANCED_FACE ( 'NONE', ( #2103 ), #2940, .T. ) ;
#1394 = EDGE_CURVE ( 'NONE', #815, #868, #2151, .T. ) ;
#1395 = EDGE_CURVE ( 'NONE', #3092, #2874, #2975, .T. ) ;
#1396 = CARTESIAN_POINT ( 'NONE',  ( -199.0749999999999886, 0.000000000000000000, 85.88749999999998863 ) ) ;
#1397 = EDGE_CURVE ( 'NONE', #2006, #1413, #3241, .T. ) ;
#1398 = ORIENTED_EDGE ( 'NONE', *, *, #450, .F. ) ;
#1399 = CYLINDRICAL_SURFACE ( 'NONE', #2272, 2.549999999999989608 ) ;
#1400 = CARTESIAN_POINT ( 'NONE',  ( 200.0250000000000057, 0.000000000000000000, 61.99999999999998579 ) ) ;
#1401 = ADVANCED_FACE ( 'NONE', ( #752 ), #1886, .T. ) ;
#1402 = PLANE ( 'NONE',  #2908 ) ;
#1403 = AXIS2_PLACEMENT_3D ( 'NONE', #1235, #707, #3459 ) ;
#1404 = CARTESIAN_POINT ( 'NONE',  ( -222.2500000000000000, 0.000000000000000000, 37.88750000000000284 ) ) ;
#1405 = ORIENTED_EDGE ( 'NONE', *, *, #2138, .T. ) ;
#1406 = CARTESIAN_POINT ( 'NONE',  ( 85.27089999999998327, -4.762500000000000178, -60.16249999999999432 ) ) ;
#1407 = ORIENTED_EDGE ( 'NONE', *, *, #959, .F. ) ;
#1408 = EDGE_CURVE ( 'NONE', #1616, #2283, #530, .T. ) ;
#1409 = DIRECTION ( 'NONE',  ( 0.000000000000000000, 1.000000000000000000, 0.000000000000000000 ) ) ;
#1410 = EDGE_LOOP ( 'NONE', ( #1766, #1828, #954, #2262 ) ) ;
#1411 = LINE ( 'NONE', #961, #1039 ) ;
#1412 = ORIENTED_EDGE ( 'NONE', *, *, #2325, .T. ) ;
#1413 = VERTEX_POINT ( 'NONE', #1104 ) ;
#1414 = CARTESIAN_POINT ( 'NONE',  ( 80.71750000000027114, -4.762500000000000178, 79.21249999999872671 ) ) ;
#1415 = DIRECTION ( 'NONE',  ( 0.000000000000000000, 0.000000000000000000, 1.000000000000000000 ) ) ;
#1416 = CARTESIAN_POINT ( 'NONE',  ( 198.3624999999999829, -4.762500000000000178, -60.16249999999999432 ) ) ;
#1417 = CARTESIAN_POINT ( 'NONE',  ( 219.0749999999999886, -4.762500000000000178, -79.21249999999999147 ) ) ;
#1418 = EDGE_CURVE ( 'NONE', #1842, #1294, #2256, .T. ) ;
#1419 = VERTEX_POINT ( 'NONE', #2757 ) ;
#1420 = DIRECTION ( 'NONE',  ( 1.000000000000000000, 0.000000000000000000, 0.000000000000000000 ) ) ;
#1421 = LINE ( 'NONE', #1672, #3016 ) ;
#1422 = ORIENTED_EDGE ( 'NONE', *, *, #3622, .F. ) ;
#1423 = DIRECTION ( 'NONE',  ( 0.000000000000000000, 1.000000000000000000, 0.000000000000000000 ) ) ;
#1424 = ORIENTED_EDGE ( 'NONE', *, *, #1155, .F. ) ;
#1425 = CARTESIAN_POINT ( 'NONE',  ( -215.5750000000000171, -4.762500000000000178, 79.21249999999999147 ) ) ;
#1426 = ORIENTED_EDGE ( 'NONE', *, *, #2655, .T. ) ;
#1427 = DIRECTION ( 'NONE',  ( 1.000000000000000000, -0.000000000000000000, 0.000000000000000000 ) ) ;
#1428 = VECTOR ( 'NONE', #3539, 1000.000000000000000 ) ;
#1429 = ORIENTED_EDGE ( 'NONE', *, *, #500, .T. ) ;
#1430 = ORIENTED_EDGE ( 'NONE', *, *, #2933, .F. ) ;
#1431 = CARTESIAN_POINT ( 'NONE',  ( 222.2500000000000000, 0.000000000000000000, 37.88750000000000284 ) ) ;
#1432 = LINE ( 'NONE', #914, #2915 ) ;
#1433 = DIRECTION ( 'NONE',  ( 0.000000000000000000, 0.000000000000000000, 1.000000000000000000 ) ) ;
#1434 = VECTOR ( 'NONE', #2894, 1000.000000000000000 ) ;
#1435 = CARTESIAN_POINT ( 'NONE',  ( -174.0050000000003649, -4.762500000000000178, -75.96750000000035641 ) ) ;
#1436 = ORIENTED_EDGE ( 'NONE', *, *, #355, .T. ) ;
#1437 = CARTESIAN_POINT ( 'NONE',  ( -174.0749999999999886, -29.96330603869648357, 82.71249999999999147 ) ) ;
#1438 = CARTESIAN_POINT ( 'NONE',  ( -12.57000000000033069, 0.000000000000000000, -79.21249999999999147 ) ) ;
#1439 = UNCERTAINTY_MEASURE_WITH_UNIT (LENGTH_MEASURE( 1.000000000000000082E-05 ), #227, 'distance_accuracy_value', 'NONE');
#1440 = VERTEX_POINT ( 'NONE', #1142 ) ;
#1441 = CARTESIAN_POINT ( 'NONE',  ( 105.8574999999996464, 0.000000000000000000, -79.21249999999999147 ) ) ;
#1442 = VECTOR ( 'NONE', #1540, 1000.000000000000000 ) ;
#1443 = CARTESIAN_POINT ( 'NONE',  ( -219.0749999999999886, -29.96330603869647291, 62.88750000000000995 ) ) ;
#1444 = ORIENTED_EDGE ( 'NONE', *, *, #3478, .T. ) ;
#1445 = CARTESIAN_POINT ( 'NONE',  ( -219.0749999999999886, -4.762499999999999289, 37.88750000000000284 ) ) ;
#1446 = ADVANCED_FACE ( 'NONE', ( #3041 ), #1089, .T. ) ;
#1447 = LINE ( 'NONE', #2246, #181 ) ;
#1448 = EDGE_LOOP ( 'NONE', ( #2685, #150, #3287, #3199, #719, #1038, #1515, #2496 ) ) ;
#1449 = EDGE_CURVE ( 'NONE', #3166, #370, #1071, .T. ) ;
#1450 = DIRECTION ( 'NONE',  ( 1.000000000000000000, 0.000000000000000000, 0.000000000000000000 ) ) ;
#1451 = VECTOR ( 'NONE', #633, 1000.000000000000000 ) ;
#1452 = DIRECTION ( 'NONE',  ( 0.000000000000000000, 1.000000000000000000, 0.000000000000000000 ) ) ;
#1453 = ORIENTED_EDGE ( 'NONE', *, *, #1266, .F. ) ;
#1454 = AXIS2_PLACEMENT_3D ( 'NONE', #1060, #421, #143 ) ;
#1455 = CARTESIAN_POINT ( 'NONE',  ( -219.0749999999999886, -4.762499999999999289, 14.33750000000001634 ) ) ;
#1456 = VERTEX_POINT ( 'NONE', #2500 ) ;
#1457 = ORIENTED_EDGE ( 'NONE', *, *, #2752, .F. ) ;
#1458 = LINE ( 'NONE', #585, #1167 ) ;
#1459 = EDGE_CURVE ( 'NONE', #1964, #940, #2184, .T. ) ;
#1460 = DIRECTION ( 'NONE',  ( 0.000000000000000000, 1.000000000000000000, 0.000000000000000000 ) ) ;
#1461 = CARTESIAN_POINT ( 'NONE',  ( -56.54582999999997384, 0.000000000000000000, -60.16249999999998721 ) ) ;
#1462 = VECTOR ( 'NONE', #3532, 1000.000000000000000 ) ;
#1463 = ORIENTED_EDGE ( 'NONE', *, *, #483, .F. ) ;
#1464 = DIRECTION ( 'NONE',  ( 0.000000000000000000, 0.000000000000000000, -1.000000000000000000 ) ) ;
#1465 = DIRECTION ( 'NONE',  ( 0.000000000000000000, 0.000000000000000000, 1.000000000000000000 ) ) ;
#1466 = ORIENTED_EDGE ( 'NONE', *, *, #1291, .F. ) ;
#1467 = CARTESIAN_POINT ( 'NONE',  ( -219.0749999999999886, -4.762499999999999289, 14.33750000000001634 ) ) ;
#1468 = EDGE_CURVE ( 'NONE', #3410, #272, #3601, .T. ) ;
#1469 = ORIENTED_EDGE ( 'NONE', *, *, #330, .F. ) ;
#1470 = DIRECTION ( 'NONE',  ( 0.000000000000000000, 1.000000000000000000, 0.000000000000000000 ) ) ;
#1471 = DIRECTION ( 'NONE',  ( 0.000000000000000000, 0.000000000000000000, -1.000000000000000000 ) ) ;
#1472 = ORIENTED_EDGE ( 'NONE', *, *, #1805, .T. ) ;
#1473 = CIRCLE ( 'NONE', #3162, 1.662500000000011191 ) ;
#1474 = CARTESIAN_POINT ( 'NONE',  ( 219.0749999999999886, -4.762499999999999289, 37.88750000000000284 ) ) ;
#1475 = CARTESIAN_POINT ( 'NONE',  ( -219.0749999999999886, 0.000000000000000000, 37.88750000000000284 ) ) ;
#1476 = ORIENTED_EDGE ( 'NONE', *, *, #2815, .T. ) ;
#1477 = EDGE_LOOP ( 'NONE', ( #2807, #2810, #1361, #1981 ) ) ;
#1478 = VERTEX_POINT ( 'NONE', #1400 ) ;
#1479 = DIRECTION ( 'NONE',  ( -1.000000000000000000, 0.000000000000000000, 4.276668045551928593E-15 ) ) ;
#1480 = CARTESIAN_POINT ( 'NONE',  ( -222.2500000000000000, -29.96330603869647291, 37.88750000000000284 ) ) ;
#1481 = FACE_BOUND ( 'NONE', #1189, .T. ) ;
#1482 = LINE ( 'NONE', #2536, #929 ) ;
#1483 = EDGE_LOOP ( 'NONE', ( #2156, #2230, #2717, #3585 ) ) ;
#1484 = AXIS2_PLACEMENT_3D ( 'NONE', #705, #2986, #2097 ) ;
#1485 = CARTESIAN_POINT ( 'NONE',  ( -219.0749999999999886, -4.762500000000000178, -79.21249999999999147 ) ) ;
#1486 = CIRCLE ( 'NONE', #1301, 1.662500000000011191 ) ;
#1487 = LINE ( 'NONE', #2617, #3342 ) ;
#1488 = APPLICATION_CONTEXT ( 'automotive_design' ) ;
#1489 = ORIENTED_EDGE ( 'NONE', *, *, #927, .T. ) ;
#1490 = VECTOR ( 'NONE', #2388, 1000.000000000000000 ) ;
#1491 = DIRECTION ( 'NONE',  ( 0.000000000000000000, 0.000000000000000000, -1.000000000000000000 ) ) ;
#1492 = DIRECTION ( 'NONE',  ( -0.000000000000000000, 1.000000000000000000, -0.000000000000000000 ) ) ;
#1493 = EDGE_LOOP ( 'NONE', ( #1931, #328, #2276, #3496 ) ) ;
#1494 = DIRECTION ( 'NONE',  ( 0.000000000000000000, 1.000000000000000000, 0.000000000000000000 ) ) ;
#1495 = VERTEX_POINT ( 'NONE', #2518 ) ;
#1496 = VECTOR ( 'NONE', #985, 1000.000000000000000 ) ;
#1497 = ORIENTED_EDGE ( 'NONE', *, *, #2596, .T. ) ;
#1498 = ADVANCED_FACE ( 'NONE', ( #3616 ), #1723, .T. ) ;
#1499 = CARTESIAN_POINT ( 'NONE',  ( -222.2500000000000000, -29.96330603869647291, 37.88750000000000284 ) ) ;
#1500 = DIRECTION ( 'NONE',  ( -1.000000000000000000, 0.000000000000000000, 0.000000000000000000 ) ) ;
#1501 = ORIENTED_EDGE ( 'NONE', *, *, #1244, .F. ) ;
#1502 = LINE ( 'NONE', #353, #2385 ) ;
#1503 = CARTESIAN_POINT ( 'NONE',  ( -56.54582999999997384, -4.762500000000000178, -60.16249999999998721 ) ) ;
#1504 = ORIENTED_EDGE ( 'NONE', *, *, #589, .F. ) ;
#1505 = LINE ( 'NONE', #1172, #2626 ) ;
#1506 = FACE_OUTER_BOUND ( 'NONE', #1623, .T. ) ;
#1507 = ORIENTED_EDGE ( 'NONE', *, *, #458, .T. ) ;
#1508 = EDGE_CURVE ( 'NONE', #107, #3392, #1991, .T. ) ;
#1509 = CARTESIAN_POINT ( 'NONE',  ( -70.90833000000007758, 0.000000000000000000, 48.90937500000045191 ) ) ;
#1510 = CARTESIAN_POINT ( 'NONE',  ( -58.20832999999998236, -4.762500000000000178, -58.49999999999998579 ) ) ;
#1511 = ORIENTED_EDGE ( 'NONE', *, *, #751, .F. ) ;
#1512 = AXIS2_PLACEMENT_3D ( 'NONE', #2688, #695, #2957 ) ;
#1513 = CARTESIAN_POINT ( 'NONE',  ( 199.1449999999996407, -4.762500000000000178, 79.21249999999999147 ) ) ;
#1514 = EDGE_CURVE ( 'NONE', #76, #3366, #3570, .T. ) ;
#1515 = ORIENTED_EDGE ( 'NONE', *, *, #3458, .F. ) ;
#1516 = AXIS2_PLACEMENT_3D ( 'NONE', #3536, #2692, #1022 ) ;
#1517 = ADVANCED_FACE ( 'NONE', ( #2240, #3025, #3359, #544, #1706, #2487, #2802, #2203, #2900, #349 ), #2552, .T. ) ;
#1518 = DIRECTION ( 'NONE',  ( 0.000000000000000000, 0.000000000000000000, -1.000000000000000000 ) ) ;
#1519 = ORIENTED_EDGE ( 'NONE', *, *, #435, .F. ) ;
#1520 = CARTESIAN_POINT ( 'NONE',  ( -199.0749999999999886, -29.96330603869648357, 85.88749999999998863 ) ) ;
#1521 = VECTOR ( 'NONE', #3117, 1000.000000000000000 ) ;
#1522 = DIRECTION ( 'NONE',  ( -0.000000000000000000, 0.000000000000000000, -1.000000000000000000 ) ) ;
#1523 = DIRECTION ( 'NONE',  ( 1.000000000000000000, 0.000000000000000000, 0.000000000000000000 ) ) ;
#1524 = ORIENTED_EDGE ( 'NONE', *, *, #1233, .T. ) ;
#1525 = CARTESIAN_POINT ( 'NONE',  ( 174.0049999999996828, -10.00000000000000000, -75.96750000000035641 ) ) ;
#1526 = PLANE ( 'NONE',  #1327 ) ;
#1527 = LINE ( 'NONE', #3208, #2831 ) ;
#1528 = ORIENTED_EDGE ( 'NONE', *, *, #2171, .F. ) ;
#1529 = CIRCLE ( 'NONE', #94, 2.549999999999989608 ) ;
#1530 = EDGE_CURVE ( 'NONE', #8, #882, #1658, .T. ) ;
#1531 = LINE ( 'NONE', #1587, #1958 ) ;
#1532 = CARTESIAN_POINT ( 'NONE',  ( -219.0749999999999886, 0.000000000000000000, -79.21249999999999147 ) ) ;
#1533 = AXIS2_PLACEMENT_3D ( 'NONE', #1599, #3517, #1018 ) ;
#1534 = LINE ( 'NONE', #2336, #1591 ) ;
#1535 = ORIENTED_EDGE ( 'NONE', *, *, #1508, .F. ) ;
#1536 = DIRECTION ( 'NONE',  ( -1.000000000000000000, -0.000000000000000000, -0.000000000000000000 ) ) ;
#1537 = DIRECTION ( 'NONE',  ( -0.000000000000000000, 1.000000000000000000, -0.000000000000000000 ) ) ;
#1538 = ORIENTED_EDGE ( 'NONE', *, *, #1681, .T. ) ;
#1539 = VECTOR ( 'NONE', #1648, 1000.000000000000000 ) ;
#1540 = DIRECTION ( 'NONE',  ( 0.000000000000000000, 0.000000000000000000, -1.000000000000000000 ) ) ;
#1541 = ADVANCED_FACE ( 'NONE', ( #2882 ), #367, .T. ) ;
#1542 = ORIENTED_EDGE ( 'NONE', *, *, #2812, .F. ) ;
#1543 = DIRECTION ( 'NONE',  ( -1.000000000000000000, 0.000000000000000000, 0.000000000000000000 ) ) ;
#1544 = ORIENTED_EDGE ( 'NONE', *, *, #1098, .T. ) ;
#1545 = VECTOR ( 'NONE', #2713, 1000.000000000000000 ) ;
#1546 = LINE ( 'NONE', #434, #1159 ) ;
#1547 = DIRECTION ( 'NONE',  ( 1.000000000000000000, 0.000000000000000000, 0.000000000000000000 ) ) ;
#1548 = DIRECTION ( 'NONE',  ( -0.000000000000000000, -0.000000000000000000, -1.000000000000000000 ) ) ;
#1549 = ORIENTED_EDGE ( 'NONE', *, *, #2083, .T. ) ;
#1550 = ADVANCED_FACE ( 'NONE', ( #2319, #2612, #73, #333, #2300, #1481, #2631, #89, #668, #3437 ), #877, .F. ) ;
#1551 = ORIENTED_EDGE ( 'NONE', *, *, #2933, .T. ) ;
#1552 = CYLINDRICAL_SURFACE ( 'NONE', #3519, 2.549999999999989608 ) ;
#1553 = DIRECTION ( 'NONE',  ( -1.000000000000000000, 0.000000000000000000, -0.000000000000000000 ) ) ;
#1554 = ORIENTED_EDGE ( 'NONE', *, *, #2379, .F. ) ;
#1555 = AXIS2_PLACEMENT_3D ( 'NONE', #803, #242, #3600 ) ;
#1556 = DIRECTION ( 'NONE',  ( 0.000000000000000000, 0.000000000000000000, 1.000000000000000000 ) ) ;
#1557 = ORIENTED_EDGE ( 'NONE', *, *, #3515, .T. ) ;
#1558 = DIRECTION ( 'NONE',  ( -1.151683635503274765E-16, -0.000000000000000000, -1.000000000000000000 ) ) ;
#1559 = CARTESIAN_POINT ( 'NONE',  ( -174.0050000000016723, -4.762500000000000178, 79.21250000000034674 ) ) ;
#1560 = DIRECTION ( 'NONE',  ( 2.185478394931412547E-15, -0.000000000000000000, 1.000000000000000000 ) ) ;
#1561 = EDGE_LOOP ( 'NONE', ( #1187, #945, #1003, #3479 ) ) ;
#1562 = CARTESIAN_POINT ( 'NONE',  ( -70.90832999999996389, 0.000000000000000000, -18.49062499999999787 ) ) ;
#1563 = VECTOR ( 'NONE', #1992, 1000.000000000000000 ) ;
#1564 = FACE_OUTER_BOUND ( 'NONE', #66, .T. ) ;
#1565 = EDGE_CURVE ( 'NONE', #123, #2309, #650, .T. ) ;
#1566 = CARTESIAN_POINT ( 'NONE',  ( -219.0749999999999886, 0.000000000000000000, -59.21249999999998437 ) ) ;
#1567 = CARTESIAN_POINT ( 'NONE',  ( -199.0749999999999886, -4.762499999999999289, 85.88749999999998863 ) ) ;
#1568 = EDGE_LOOP ( 'NONE', ( #854, #1064, #2484, #1816 ) ) ;
#1569 = EDGE_CURVE ( 'NONE', #2889, #1783, #509, .T. ) ;
#1570 = DIRECTION ( 'NONE',  ( -0.000000000000000000, 1.000000000000000000, -0.000000000000000000 ) ) ;
#1571 = EDGE_LOOP ( 'NONE', ( #126, #1387, #2386, #2572 ) ) ;
#1572 = EDGE_LOOP ( 'NONE', ( #2259, #1511, #3160, #379 ) ) ;
#1573 = LINE ( 'NONE', #2427, #50 ) ;
#1574 = CARTESIAN_POINT ( 'NONE',  ( 219.0749999999999886, -4.762500000000000178, -79.21249999999999147 ) ) ;
#1575 = PLANE ( 'NONE',  #1403 ) ;
#1576 = VERTEX_POINT ( 'NONE', #51 ) ;
#1577 = FACE_OUTER_BOUND ( 'NONE', #1862, .T. ) ;
#1578 = DIRECTION ( 'NONE',  ( 1.000000000000000000, 0.000000000000000000, 0.000000000000000000 ) ) ;
#1579 = VECTOR ( 'NONE', #749, 1000.000000000000000 ) ;
#1580 = CARTESIAN_POINT ( 'NONE',  ( -105.7875000000000085, -29.96330603869648357, 85.88749999999998863 ) ) ;
#1581 = AXIS2_PLACEMENT_3D ( 'NONE', #709, #952, #169 ) ;
#1582 = CARTESIAN_POINT ( 'NONE',  ( 70.90839999999995769, 0.000000000000000000, -58.97187499999996874 ) ) ;
#1583 = ORIENTED_EDGE ( 'NONE', *, *, #3478, .F. ) ;
#1584 = PLANE ( 'NONE',  #2271 ) ;
#1585 = VERTEX_POINT ( 'NONE', #915 ) ;
#1586 = VERTEX_POINT ( 'NONE', #1165 ) ;
#1587 = CARTESIAN_POINT ( 'NONE',  ( 174.0049999999996828, 0.000000000000000000, -75.96750000000035641 ) ) ;
#1588 = EDGE_CURVE ( 'NONE', #2693, #1158, #2279, .T. ) ;
#1589 = PLANE ( 'NONE',  #1606 ) ;
#1590 = EDGE_LOOP ( 'NONE', ( #113, #1042, #477, #2861 ) ) ;
#1591 = VECTOR ( 'NONE', #90, 1000.000000000000000 ) ;
#1592 = EDGE_CURVE ( 'NONE', #3540, #1731, #3118, .T. ) ;
#1593 = ORIENTED_EDGE ( 'NONE', *, *, #901, .F. ) ;
#1594 = CARTESIAN_POINT ( 'NONE',  ( -219.0749999999999886, 0.000000000000000000, -34.21249999999997726 ) ) ;
#1595 = CARTESIAN_POINT ( 'NONE',  ( -56.54582999999995963, -4.762500000000000178, 61.99999999999998579 ) ) ;
#1596 = DIRECTION ( 'NONE',  ( 1.000000000000000000, 0.000000000000000000, 0.000000000000000000 ) ) ;
#1597 = CARTESIAN_POINT ( 'NONE',  ( -83.60832999999998094, 0.000000000000000000, 61.99999999999998579 ) ) ;
#1598 = EDGE_CURVE ( 'NONE', #2411, #1810, #2840, .T. ) ;
#1599 = CARTESIAN_POINT ( 'NONE',  ( 12.56999999999965745, -10.00000000000000000, -79.21249999999999147 ) ) ;
#1600 = VECTOR ( 'NONE', #689, 1000.000000000000000 ) ;
#1601 = ORIENTED_EDGE ( 'NONE', *, *, #1137, .T. ) ;
#1602 = AXIS2_PLACEMENT_3D ( 'NONE', #692, #2450, #1255 ) ;
#1603 = VERTEX_POINT ( 'NONE', #900 ) ;
#1604 = CARTESIAN_POINT ( 'NONE',  ( 70.90839999999995769, -4.762500000000000178, -15.94062499999997584 ) ) ;
#1605 = VERTEX_POINT ( 'NONE', #2029 ) ;
#1606 = AXIS2_PLACEMENT_3D ( 'NONE', #162, #2145, #539 ) ;
#1607 = FACE_OUTER_BOUND ( 'NONE', #3150, .T. ) ;
#1608 = DIRECTION ( 'NONE',  ( -1.000000000000000000, 0.000000000000000000, -0.000000000000000000 ) ) ;
#1609 = LINE ( 'NONE', #1532, #2180 ) ;
#1610 = ORIENTED_EDGE ( 'NONE', *, *, #2409, .F. ) ;
#1611 = ORIENTED_EDGE ( 'NONE', *, *, #3338, .F. ) ;
#1612 = DIRECTION ( 'NONE',  ( -0.000000000000000000, 1.000000000000000000, -0.000000000000000000 ) ) ;
#1613 = DIRECTION ( 'NONE',  ( 0.000000000000000000, 0.000000000000000000, 1.000000000000000000 ) ) ;
#1614 = DIRECTION ( 'NONE',  ( -1.000000000000000000, -0.000000000000000000, -0.000000000000000000 ) ) ;
#1615 = DIRECTION ( 'NONE',  ( 1.000000000000000000, 0.000000000000000000, -0.000000000000000000 ) ) ;
#1616 = VERTEX_POINT ( 'NONE', #3215 ) ;
#1617 = VECTOR ( 'NONE', #472, 1000.000000000000000 ) ;
#1618 = DIRECTION ( 'NONE',  ( -1.000000000000000000, 0.000000000000000000, -0.000000000000000000 ) ) ;
#1619 = ADVANCED_FACE ( 'NONE', ( #128 ), #109, .T. ) ;
#1620 = ORIENTED_EDGE ( 'NONE', *, *, #623, .T. ) ;
#1621 = LINE ( 'NONE', #215, #837 ) ;
#1622 = LINE ( 'NONE', #792, #657 ) ;
#1623 = EDGE_LOOP ( 'NONE', ( #1179, #1112, #2189, #1182 ) ) ;
#1624 = VECTOR ( 'NONE', #740, 1000.000000000000000 ) ;
#1625 = FACE_OUTER_BOUND ( 'NONE', #1214, .T. ) ;
#1626 = LINE ( 'NONE', #253, #1362 ) ;
#1627 = EDGE_LOOP ( 'NONE', ( #2253, #3425, #1904, #427 ) ) ;
#1628 = AXIS2_PLACEMENT_3D ( 'NONE', #1443, #1382, #866 ) ;
#1629 = CARTESIAN_POINT ( 'NONE',  ( -219.0749999999999886, -4.762500000000000178, -79.21249999999999147 ) ) ;
#1630 = ADVANCED_FACE ( 'NONE', ( #687 ), #2935, .T. ) ;
#1631 = ORIENTED_EDGE ( 'NONE', *, *, #531, .T. ) ;
#1632 = DIRECTION ( 'NONE',  ( 0.000000000000000000, 1.000000000000000000, 0.000000000000000000 ) ) ;
#1633 = FACE_OUTER_BOUND ( 'NONE', #2934, .T. ) ;
#1634 = CARTESIAN_POINT ( 'NONE',  ( -215.5749999999999886, -4.762500000000000178, 82.71249999999999147 ) ) ;
#1635 = CYLINDRICAL_SURFACE ( 'NONE', #95, 2.549999999999993161 ) ;
#1636 = ORIENTED_EDGE ( 'NONE', *, *, #2939, .F. ) ;
#1637 = CIRCLE ( 'NONE', #2099, 1.662500000000011191 ) ;
#1638 = CARTESIAN_POINT ( 'NONE',  ( -80.71750000000034220, -10.00000000000000000, -75.96750000000035641 ) ) ;
#1639 = ORIENTED_EDGE ( 'NONE', *, *, #503, .F. ) ;
#1640 = DIRECTION ( 'NONE',  ( 1.000000000000000000, 0.000000000000000000, -1.151683635503275012E-16 ) ) ;
#1641 = DIRECTION ( 'NONE',  ( 0.000000000000000000, 1.000000000000000000, 0.000000000000000000 ) ) ;
#1642 = ORIENTED_EDGE ( 'NONE', *, *, #2832, .F. ) ;
#1643 = AXIS2_PLACEMENT_3D ( 'NONE', #474, #2731, #2443 ) ;
#1644 = AXIS2_PLACEMENT_3D ( 'NONE', #1704, #1479, #275 ) ;
#1645 = ORIENTED_EDGE ( 'NONE', *, *, #615, .F. ) ;
#1646 = ORIENTED_EDGE ( 'NONE', *, *, #1945, .F. ) ;
#1647 = CARTESIAN_POINT ( 'NONE',  ( -219.0749999999999886, 0.000000000000000000, -34.21249999999997726 ) ) ;
#1648 = DIRECTION ( 'NONE',  ( -1.000000000000000000, 0.000000000000000000, 0.000000000000000000 ) ) ;
#1649 = EDGE_CURVE ( 'NONE', #644, #2404, #1878, .T. ) ;
#1650 = LINE ( 'NONE', #1798, #198 ) ;
#1651 = SURFACE_STYLE_USAGE ( .BOTH. , #2205 ) ;
#1652 = ORIENTED_EDGE ( 'NONE', *, *, #1569, .F. ) ;
#1653 = FACE_OUTER_BOUND ( 'NONE', #2070, .T. ) ;
#1654 = ORIENTED_EDGE ( 'NONE', *, *, #1180, .F. ) ;
#1655 = CARTESIAN_POINT ( 'NONE',  ( 222.2500000000000000, -4.762499999999999289, 37.88750000000000284 ) ) ;
#1656 = CYLINDRICAL_SURFACE ( 'NONE', #3064, 3.499999999999989342 ) ;
#1657 = ORIENTED_EDGE ( 'NONE', *, *, #843, .F. ) ;
#1658 = CIRCLE ( 'NONE', #2232, 1.662500000000011191 ) ;
#1659 = CARTESIAN_POINT ( 'NONE',  ( -174.0749999999999886, -4.762499999999999289, 82.71249999999999147 ) ) ;
#1660 = EDGE_LOOP ( 'NONE', ( #2601, #3196, #2173, #1831 ) ) ;
#1661 = EDGE_CURVE ( 'NONE', #3625, #1495, #3232, .T. ) ;
#1662 = VECTOR ( 'NONE', #1737, 1000.000000000000000 ) ;
#1663 = LINE ( 'NONE', #2497, #1056 ) ;
#1664 = DIRECTION ( 'NONE',  ( 0.000000000000000000, 1.000000000000000000, -0.000000000000000000 ) ) ;
#1665 = DIRECTION ( 'NONE',  ( 1.000000000000000000, -0.000000000000000000, 0.000000000000000000 ) ) ;
#1666 = VECTOR ( 'NONE', #3526, 1000.000000000000000 ) ;
#1667 = DIRECTION ( 'NONE',  ( -1.000000000000000000, -0.000000000000000000, -0.000000000000000000 ) ) ;
#1668 = DIRECTION ( 'NONE',  ( -1.000000000000000000, 0.000000000000000000, 0.000000000000000000 ) ) ;
#1669 = EDGE_CURVE ( 'NONE', #621, #1440, #2700, .T. ) ;
#1670 = VERTEX_POINT ( 'NONE', #1050 ) ;
#1671 = CARTESIAN_POINT ( 'NONE',  ( 219.0749999999999886, 0.000000000000000000, 14.33750000000001634 ) ) ;
#1672 = CARTESIAN_POINT ( 'NONE',  ( -219.0749999999999886, -4.762499999999999289, -10.66249999999999076 ) ) ;
#1673 = ORIENTED_EDGE ( 'NONE', *, *, #1701, .F. ) ;
#1674 = EDGE_CURVE ( 'NONE', #2650, #2996, #1609, .T. ) ;
#1675 = FACE_OUTER_BOUND ( 'NONE', #3433, .T. ) ;
#1676 = EDGE_CURVE ( 'NONE', #8, #1715, #1861, .T. ) ;
#1677 = VERTEX_POINT ( 'NONE', #2950 ) ;
#1678 = AXIS2_PLACEMENT_3D ( 'NONE', #292, #1725, #917 ) ;
#1679 = DIRECTION ( 'NONE',  ( 0.000000000000000000, 1.000000000000000000, 0.000000000000000000 ) ) ;
#1680 = VERTEX_POINT ( 'NONE', #2969 ) ;
#1681 = EDGE_CURVE ( 'NONE', #3540, #119, #426, .T. ) ;
#1682 = PLANE ( 'NONE',  #627 ) ;
#1683 = EDGE_LOOP ( 'NONE', ( #1422, #1429, #520, #3451 ) ) ;
#1684 = DIRECTION ( 'NONE',  ( 0.000000000000000000, 1.000000000000000000, 0.000000000000000000 ) ) ;
#1685 = CARTESIAN_POINT ( 'NONE',  ( 219.0749999999999886, 0.000000000000000000, -79.21249999999999147 ) ) ;
#1686 = DIRECTION ( 'NONE',  ( 1.000000000000000000, 0.000000000000000000, 0.000000000000000000 ) ) ;
#1687 = EDGE_CURVE ( 'NONE', #1201, #2778, #442, .T. ) ;
#1688 = FACE_OUTER_BOUND ( 'NONE', #2880, .T. ) ;
#1689 = DIRECTION ( 'NONE',  ( 4.276668045551928593E-15, 0.000000000000000000, 1.000000000000000000 ) ) ;
#1690 = ORIENTED_EDGE ( 'NONE', *, *, #2403, .T. ) ;
#1691 = ORIENTED_EDGE ( 'NONE', *, *, #142, .T. ) ;
#1692 = ORIENTED_EDGE ( 'NONE', *, *, #406, .T. ) ;
#1693 = CARTESIAN_POINT ( 'NONE',  ( -70.90832999999996389, -4.762500000000000178, -61.52187499999998010 ) ) ;
#1694 = VERTEX_POINT ( 'NONE', #986 ) ;
#1695 = AXIS2_PLACEMENT_3D ( 'NONE', #2579, #3461, #3257 ) ;
#1696 = AXIS2_PLACEMENT_3D ( 'NONE', #270, #2856, #64 ) ;
#1697 = LINE ( 'NONE', #2794, #680 ) ;
#1698 = CARTESIAN_POINT ( 'NONE',  ( -70.90832999999996389, -4.762500000000000178, -21.04062499999999147 ) ) ;
#1699 = ORIENTED_EDGE ( 'NONE', *, *, #2265, .F. ) ;
#1700 = FACE_OUTER_BOUND ( 'NONE', #944, .T. ) ;
#1701 = EDGE_CURVE ( 'NONE', #2837, #773, #3177, .T. ) ;
#1702 = ORIENTED_EDGE ( 'NONE', *, *, #1786, .F. ) ;
#1703 = ORIENTED_EDGE ( 'NONE', *, *, #291, .T. ) ;
#1704 = CARTESIAN_POINT ( 'NONE',  ( 80.71749999999963165, -10.00000000000000000, -79.21249999999999147 ) ) ;
#1705 = CYLINDRICAL_SURFACE ( 'NONE', #2022, 2.600000000000004974 ) ;
#1706 = FACE_BOUND ( 'NONE', #375, .T. ) ;
#1707 = ADVANCED_FACE ( 'NONE', ( #3507 ), #1008, .T. ) ;
#1708 = CARTESIAN_POINT ( 'NONE',  ( 219.0749999999999886, -29.96330603869647291, -10.66249999999999076 ) ) ;
#1709 = LINE ( 'NONE', #3322, #1809 ) ;
#1710 = CARTESIAN_POINT ( 'NONE',  ( 80.71749999999963165, 0.000000000000000000, -79.21249999999999147 ) ) ;
#1711 = ORIENTED_EDGE ( 'NONE', *, *, #500, .F. ) ;
#1712 = CIRCLE ( 'NONE', #2165, 1.662500000000011191 ) ;
#1713 = ADVANCED_FACE ( 'NONE', ( #3545 ), #1589, .T. ) ;
#1714 = CARTESIAN_POINT ( 'NONE',  ( -85.27082999999998947, -4.762500000000000178, 63.66250000000000853 ) ) ;
#1715 = VERTEX_POINT ( 'NONE', #2463 ) ;
#1716 = CARTESIAN_POINT ( 'NONE',  ( 199.0749999999999886, 0.000000000000000000, 85.88749999999998863 ) ) ;
#1717 = DIRECTION ( 'NONE',  ( -0.000000000000000000, 1.000000000000000000, -0.000000000000000000 ) ) ;
#1718 = ORIENTED_EDGE ( 'NONE', *, *, #1319, .F. ) ;
#1719 = LINE ( 'NONE', #2816, #1166 ) ;
#1720 = AXIS2_PLACEMENT_3D ( 'NONE', #290, #836, #1940 ) ;
#1721 = VERTEX_POINT ( 'NONE', #476 ) ;
#1722 = ORIENTED_EDGE ( 'NONE', *, *, #67, .F. ) ;
#1723 = PLANE ( 'NONE',  #2761 ) ;
#1724 = CIRCLE ( 'NONE', #1839, 2.600000000000004974 ) ;
#1725 = DIRECTION ( 'NONE',  ( 1.000000000000000000, -0.000000000000000000, 0.000000000000000000 ) ) ;
#1726 = ORIENTED_EDGE ( 'NONE', *, *, #212, .F. ) ;
#1727 = FACE_OUTER_BOUND ( 'NONE', #3443, .T. ) ;
#1728 = LINE ( 'NONE', #2188, #579 ) ;
#1729 = ORIENTED_EDGE ( 'NONE', *, *, #2815, .F. ) ;
#1730 = LINE ( 'NONE', #2227, #137 ) ;
#1731 = VERTEX_POINT ( 'NONE', #3583 ) ;
#1732 = DIRECTION ( 'NONE',  ( 0.000000000000000000, 1.000000000000000000, 0.000000000000000000 ) ) ;
#1733 = VERTEX_POINT ( 'NONE', #813 ) ;
#1734 = CIRCLE ( 'NONE', #3298, 2.600000000000004974 ) ;
#1735 = EDGE_CURVE ( 'NONE', #773, #2701, #2215, .T. ) ;
#1736 = DIRECTION ( 'NONE',  ( -1.151683635503274765E-16, -0.000000000000000000, -1.000000000000000000 ) ) ;
#1737 = DIRECTION ( 'NONE',  ( -0.000000000000000000, 1.000000000000000000, -0.000000000000000000 ) ) ;
#1738 = ORIENTED_EDGE ( 'NONE', *, *, #1244, .T. ) ;
#1739 = AXIS2_PLACEMENT_3D ( 'NONE', #39, #2526, #3627 ) ;
#1740 = EDGE_LOOP ( 'NONE', ( #2199, #3505, #3068, #1376 ) ) ;
#1741 = ORIENTED_EDGE ( 'NONE', *, *, #2531, .F. ) ;
#1742 = CARTESIAN_POINT ( 'NONE',  ( 222.2500000000000000, 0.000000000000000000, -59.21249999999998437 ) ) ;
#1743 = DIRECTION ( 'NONE',  ( -0.000000000000000000, 1.000000000000000000, -0.000000000000000000 ) ) ;
#1744 = EDGE_CURVE ( 'NONE', #679, #652, #1724, .T. ) ;
#1745 = CARTESIAN_POINT ( 'NONE',  ( -219.0749999999999886, -4.762499999999999289, -59.21249999999998437 ) ) ;
#1746 = EDGE_LOOP ( 'NONE', ( #1750, #3467, #3455, #1077 ) ) ;
#1747 = VECTOR ( 'NONE', #1015, 1000.000000000000000 ) ;
#1748 = DIRECTION ( 'NONE',  ( -1.000000000000000000, -0.000000000000000000, -0.000000000000000000 ) ) ;
#1749 = DIRECTION ( 'NONE',  ( 0.000000000000000000, 1.000000000000000000, 0.000000000000000000 ) ) ;
#1750 = ORIENTED_EDGE ( 'NONE', *, *, #2569, .F. ) ;
#1751 = CARTESIAN_POINT ( 'NONE',  ( 80.78749999999998010, -4.762499999999999289, 85.88749999999998863 ) ) ;
#1752 = LINE ( 'NONE', #1716, #1125 ) ;
#1753 = ORIENTED_EDGE ( 'NONE', *, *, #236, .T. ) ;
#1754 = AXIS2_PLACEMENT_3D ( 'NONE', #885, #938, #656 ) ;
#1755 = CARTESIAN_POINT ( 'NONE',  ( -85.27082999999998947, -4.762500000000000178, -58.49999999999998579 ) ) ;
#1756 = AXIS2_PLACEMENT_3D ( 'NONE', #2252, #831, #853 ) ;
#1757 = CARTESIAN_POINT ( 'NONE',  ( -12.57000000000099682, -4.762500000000000178, 79.21250000000087255 ) ) ;
#1758 = DIRECTION ( 'NONE',  ( 0.000000000000000000, 0.000000000000000000, -1.000000000000000000 ) ) ;
#1759 = LINE ( 'NONE', #1416, #1563 ) ;
#1760 = ORIENTED_EDGE ( 'NONE', *, *, #3354, .T. ) ;
#1761 = CARTESIAN_POINT ( 'NONE',  ( 56.54589999999996763, -4.762500000000000178, 61.99999999999998579 ) ) ;
#1762 = FACE_OUTER_BOUND ( 'NONE', #3499, .T. ) ;
#1763 = EDGE_LOOP ( 'NONE', ( #316, #2449, #1791, #326 ) ) ;
#1764 = EDGE_CURVE ( 'NONE', #2971, #3405, #776, .T. ) ;
#1765 = CARTESIAN_POINT ( 'NONE',  ( 58.20839999999996905, -4.762500000000000178, -58.49999999999998579 ) ) ;
#1766 = ORIENTED_EDGE ( 'NONE', *, *, #3438, .T. ) ;
#1767 = CARTESIAN_POINT ( 'NONE',  ( 199.1449999999996692, 0.000000000000000000, -75.96750000000035641 ) ) ;
#1768 = EDGE_CURVE ( 'NONE', #1783, #2162, #2795, .T. ) ;
#1769 = VERTEX_POINT ( 'NONE', #2529 ) ;
#1770 = VECTOR ( 'NONE', #1246, 1000.000000000000000 ) ;
#1771 = LINE ( 'NONE', #3391, #859 ) ;
#1772 = EDGE_LOOP ( 'NONE', ( #2060, #68, #3420, #590 ) ) ;
#1773 = CARTESIAN_POINT ( 'NONE',  ( -219.0749999999999886, -4.762500000000000178, -79.21249999999999147 ) ) ;
#1774 = LINE ( 'NONE', #1708, #1292 ) ;
#1775 = AXIS2_PLACEMENT_3D ( 'NONE', #2034, #634, #2887 ) ;
#1776 = VERTEX_POINT ( 'NONE', #3374 ) ;
#1777 = VECTOR ( 'NONE', #1743, 1000.000000000000000 ) ;
#1778 = DIRECTION ( 'NONE',  ( -1.000000000000000000, -0.000000000000000000, -0.000000000000000000 ) ) ;
#1779 = VECTOR ( 'NONE', #3441, 1000.000000000000000 ) ;
#1780 = CARTESIAN_POINT ( 'NONE',  ( -198.3624999999999545, -4.762500000000000178, 61.99999999999998579 ) ) ;
#1781 = EDGE_CURVE ( 'NONE', #527, #3465, #106, .T. ) ;
#1782 = AXIS2_PLACEMENT_3D ( 'NONE', #1391, #2768, #2783 ) ;
#1783 = VERTEX_POINT ( 'NONE', #3632 ) ;
#1784 = CARTESIAN_POINT ( 'NONE',  ( -58.20832999999996105, -4.762500000000000178, 61.99999999999998579 ) ) ;
#1785 = EDGE_LOOP ( 'NONE', ( #1190, #2790, #3075, #957 ) ) ;
#1786 = EDGE_CURVE ( 'NONE', #307, #563, #172, .T. ) ;
#1787 = VECTOR ( 'NONE', #425, 1000.000000000000000 ) ;
#1788 = EDGE_CURVE ( 'NONE', #3050, #1267, #1626, .T. ) ;
#1789 = CARTESIAN_POINT ( 'NONE',  ( 199.0749999999999602, -4.762499999999999289, 82.71249999999999147 ) ) ;
#1790 = DIRECTION ( 'NONE',  ( 0.000000000000000000, 0.000000000000000000, 1.000000000000000000 ) ) ;
#1791 = ORIENTED_EDGE ( 'NONE', *, *, #3316, .F. ) ;
#1792 = EDGE_CURVE ( 'NONE', #3465, #1136, #2480, .T. ) ;
#1793 = ORIENTED_EDGE ( 'NONE', *, *, #3170, .F. ) ;
#1794 = PLANE ( 'NONE',  #2454 ) ;
#1795 = EDGE_CURVE ( 'NONE', #352, #1260, #2250, .T. ) ;
#1796 = AXIS2_PLACEMENT_3D ( 'NONE', #2329, #301, #1471 ) ;
#1797 = EDGE_LOOP ( 'NONE', ( #1542, #2942 ) ) ;
#1798 = CARTESIAN_POINT ( 'NONE',  ( 219.0749999999999886, 0.000000000000000000, -59.21249999999998437 ) ) ;
#1799 = CARTESIAN_POINT ( 'NONE',  ( 12.49999999999992717, 0.000000000000000000, 82.71249999999999147 ) ) ;
#1800 = VERTEX_POINT ( 'NONE', #200 ) ;
#1801 = AXIS2_PLACEMENT_3D ( 'NONE', #3607, #1891, #3032 ) ;
#1802 = LINE ( 'NONE', #377, #141 ) ;
#1803 = DIRECTION ( 'NONE',  ( 0.000000000000000000, 1.000000000000000000, 0.000000000000000000 ) ) ;
#1804 = VERTEX_POINT ( 'NONE', #1698 ) ;
#1805 = EDGE_CURVE ( 'NONE', #2798, #2389, #1084, .T. ) ;
#1806 = AXIS2_PLACEMENT_3D ( 'NONE', #3127, #96, #36 ) ;
#1807 = CARTESIAN_POINT ( 'NONE',  ( 105.7875000000000085, -4.762499999999999289, 82.71249999999999147 ) ) ;
#1808 = CARTESIAN_POINT ( 'NONE',  ( 219.0749999999999886, 0.000000000000000000, -79.21249999999999147 ) ) ;
#1809 = VECTOR ( 'NONE', #3553, 1000.000000000000000 ) ;
#1810 = VERTEX_POINT ( 'NONE', #1914 ) ;
#1811 = CARTESIAN_POINT ( 'NONE',  ( -198.3624999999999829, -4.762500000000000178, -60.16249999999999432 ) ) ;
#1812 = CARTESIAN_POINT ( 'NONE',  ( -70.90832999999996389, -4.762500000000000178, -56.42187500000000000 ) ) ;
#1813 = VECTOR ( 'NONE', #1076, 1000.000000000000000 ) ;
#1814 = ADVANCED_FACE ( 'NONE', ( #3018 ), #218, .T. ) ;
#1815 = DIRECTION ( 'NONE',  ( -0.000000000000000000, 1.000000000000000000, -0.000000000000000000 ) ) ;
#1816 = ORIENTED_EDGE ( 'NONE', *, *, #2960, .T. ) ;
#1817 = DIRECTION ( 'NONE',  ( 0.000000000000000000, 0.000000000000000000, 1.000000000000000000 ) ) ;
#1818 = AXIS2_PLACEMENT_3D ( 'NONE', #2249, #3372, #324 ) ;
#1819 = CARTESIAN_POINT ( 'NONE',  ( -219.0749999999999886, -4.762499999999999289, 62.88750000000000995 ) ) ;
#1820 = DIRECTION ( 'NONE',  ( -0.000000000000000000, 1.000000000000000000, -0.000000000000000000 ) ) ;
#1821 = ORIENTED_EDGE ( 'NONE', *, *, #1256, .T. ) ;
#1822 = CARTESIAN_POINT ( 'NONE',  ( 58.20839999999997616, -4.762500000000000178, 61.99999999999998579 ) ) ;
#1823 = EDGE_LOOP ( 'NONE', ( #923, #2920, #3448, #2407 ) ) ;
#1824 = DIRECTION ( 'NONE',  ( 1.000000000000000000, -0.000000000000000000, 0.000000000000000000 ) ) ;
#1825 = ORIENTED_EDGE ( 'NONE', *, *, #536, .F. ) ;
#1826 = LINE ( 'NONE', #3469, #3194 ) ;
#1827 = CARTESIAN_POINT ( 'NONE',  ( 219.0749999999999886, 0.000000000000000000, -10.66249999999999076 ) ) ;
#1828 = ORIENTED_EDGE ( 'NONE', *, *, #164, .T. ) ;
#1829 = ORIENTED_EDGE ( 'NONE', *, *, #731, .T. ) ;
#1830 = CARTESIAN_POINT ( 'NONE',  ( -219.0749999999999886, 0.000000000000000000, -79.21249999999999147 ) ) ;
#1831 = ORIENTED_EDGE ( 'NONE', *, *, #1345, .T. ) ;
#1832 = DIRECTION ( 'NONE',  ( 0.000000000000000000, 0.000000000000000000, 1.000000000000000000 ) ) ;
#1833 = ORIENTED_EDGE ( 'NONE', *, *, #3524, .T. ) ;
#1834 = CARTESIAN_POINT ( 'NONE',  ( 219.0749999999999886, -29.96330603869647291, 62.88750000000000995 ) ) ;
#1835 = VERTEX_POINT ( 'NONE', #3314 ) ;
#1836 = ADVANCED_FACE ( 'NONE', ( #797 ), #1934, .F. ) ;
#1837 = AXIS2_PLACEMENT_3D ( 'NONE', #3069, #1423, #1962 ) ;
#1838 = LINE ( 'NONE', #1058, #3283 ) ;
#1839 = AXIS2_PLACEMENT_3D ( 'NONE', #1360, #1679, #3056 ) ;
#1840 = DIRECTION ( 'NONE',  ( -2.303367271006550024E-16, -0.000000000000000000, -1.000000000000000000 ) ) ;
#1841 = LINE ( 'NONE', #423, #3476 ) ;
#1842 = VERTEX_POINT ( 'NONE', #2607 ) ;
#1843 = DIRECTION ( 'NONE',  ( 0.000000000000000000, 0.000000000000000000, -1.000000000000000000 ) ) ;
#1844 = DIRECTION ( 'NONE',  ( -0.000000000000000000, 1.000000000000000000, -0.000000000000000000 ) ) ;
#1845 = EDGE_LOOP ( 'NONE', ( #2980, #1236, #2903, #2124 ) ) ;
#1846 = LINE ( 'NONE', #2951, #327 ) ;
#1847 = ORIENTED_EDGE ( 'NONE', *, *, #3571, .F. ) ;
#1848 = CARTESIAN_POINT ( 'NONE',  ( -174.0050000000003365, 0.000000000000000000, -79.21249999999999147 ) ) ;
#1849 = DIRECTION ( 'NONE',  ( -0.000000000000000000, 0.000000000000000000, 1.000000000000000000 ) ) ;
#1850 = ADVANCED_FACE ( 'NONE', ( #44 ), #65, .F. ) ;
#1851 = LINE ( 'NONE', #155, #3317 ) ;
#1852 = FACE_OUTER_BOUND ( 'NONE', #2666, .T. ) ;
#1853 = DIRECTION ( 'NONE',  ( -1.000000000000000000, 0.000000000000000000, 0.000000000000000000 ) ) ;
#1854 = DIRECTION ( 'NONE',  ( 0.000000000000000000, 1.000000000000000000, 0.000000000000000000 ) ) ;
#1855 = ORIENTED_EDGE ( 'NONE', *, *, #1674, .F. ) ;
#1856 = DIRECTION ( 'NONE',  ( -1.000000000000000000, 0.000000000000000000, 1.151683635503275012E-16 ) ) ;
#1857 = CARTESIAN_POINT ( 'NONE',  ( 215.5749999999999886, -4.762500000000000178, 82.71249999999997726 ) ) ;
#1858 = VERTEX_POINT ( 'NONE', #2627 ) ;
#1859 = ORIENTED_EDGE ( 'NONE', *, *, #2583, .F. ) ;
#1860 = DIRECTION ( 'NONE',  ( 1.000000000000000000, 0.000000000000000000, 0.000000000000000000 ) ) ;
#1861 = LINE ( 'NONE', #2129, #1490 ) ;
#1862 = EDGE_LOOP ( 'NONE', ( #524, #2674, #1193, #1549 ) ) ;
#1863 = EDGE_CURVE ( 'NONE', #3477, #3540, #1004, .T. ) ;
#1864 = LINE ( 'NONE', #3509, #2525 ) ;
#1865 = ORIENTED_EDGE ( 'NONE', *, *, #823, .F. ) ;
#1866 = LINE ( 'NONE', #2972, #1217 ) ;
#1867 = CARTESIAN_POINT ( 'NONE',  ( -12.50000000000001066, -29.96330603869648357, 85.88749999999998863 ) ) ;
#1868 = VECTOR ( 'NONE', #2827, 1000.000000000000000 ) ;
#1869 = FACE_OUTER_BOUND ( 'NONE', #1746, .T. ) ;
#1870 = CARTESIAN_POINT ( 'NONE',  ( 219.0749999999999886, -4.762500000000000178, 79.21249999999999147 ) ) ;
#1871 = FACE_OUTER_BOUND ( 'NONE', #1571, .T. ) ;
#1872 = ADVANCED_FACE ( 'NONE', ( #580 ), #2546, .F. ) ;
#1873 = DIRECTION ( 'NONE',  ( 0.000000000000000000, 1.000000000000000000, 0.000000000000000000 ) ) ;
#1874 = CARTESIAN_POINT ( 'NONE',  ( 219.0749999999999886, -29.96330603869647291, -34.21249999999997726 ) ) ;
#1875 = ORIENTED_EDGE ( 'NONE', *, *, #1326, .T. ) ;
#1876 = ORIENTED_EDGE ( 'NONE', *, *, #3067, .T. ) ;
#1877 = CYLINDRICAL_SURFACE ( 'NONE', #3182, 1.662500000000011191 ) ;
#1878 = LINE ( 'NONE', #3285, #2879 ) ;
#1879 = VERTEX_POINT ( 'NONE', #304 ) ;
#1880 = AXIS2_PLACEMENT_3D ( 'NONE', #2051, #310, #30 ) ;
#1881 = CARTESIAN_POINT ( 'NONE',  ( 215.5750000000000171, 0.000000000000000000, 79.21249999999999147 ) ) ;
#1882 = ORIENTED_EDGE ( 'NONE', *, *, #1395, .F. ) ;
#1883 = DIRECTION ( 'NONE',  ( -0.000000000000000000, -0.000000000000000000, -1.000000000000000000 ) ) ;
#1884 = CARTESIAN_POINT ( 'NONE',  ( 70.90839999999995769, -4.762500000000000178, -18.49062499999996945 ) ) ;
#1885 = AXIS2_PLACEMENT_3D ( 'NONE', #820, #3323, #863 ) ;
#1886 = PLANE ( 'NONE',  #1720 ) ;
#1887 = DIRECTION ( 'NONE',  ( 0.000000000000000000, 0.000000000000000000, -1.000000000000000000 ) ) ;
#1888 = EDGE_CURVE ( 'NONE', #31, #1986, #2043, .T. ) ;
#1889 = DIRECTION ( 'NONE',  ( -0.000000000000000000, 1.000000000000000000, -0.000000000000000000 ) ) ;
#1890 = ORIENTED_EDGE ( 'NONE', *, *, #3244, .F. ) ;
#1891 = DIRECTION ( 'NONE',  ( 0.000000000000000000, 1.000000000000000000, -0.000000000000000000 ) ) ;
#1892 = FACE_OUTER_BOUND ( 'NONE', #2461, .T. ) ;
#1893 = VERTEX_POINT ( 'NONE', #3453 ) ;
#1894 = ADVANCED_FACE ( 'NONE', ( #325 ), #3155, .T. ) ;
#1895 = DIRECTION ( 'NONE',  ( -1.000000000000000000, 0.000000000000000000, 0.000000000000000000 ) ) ;
#1896 = EDGE_CURVE ( 'NONE', #2932, #964, #892, .T. ) ;
#1897 = ORIENTED_EDGE ( 'NONE', *, *, #1468, .T. ) ;
#1898 = FACE_OUTER_BOUND ( 'NONE', #3256, .T. ) ;
#1899 = ORIENTED_EDGE ( 'NONE', *, *, #2948, .T. ) ;
#1900 = CARTESIAN_POINT ( 'NONE',  ( -80.71750000000034220, 0.000000000000000000, -79.21249999999999147 ) ) ;
#1901 = LINE ( 'NONE', #835, #2185 ) ;
#1902 = CARTESIAN_POINT ( 'NONE',  ( 219.0749999999999886, -4.762499999999999289, -10.66249999999999076 ) ) ;
#1903 = PLANE ( 'NONE',  #1533 ) ;
#1904 = ORIENTED_EDGE ( 'NONE', *, *, #3072, .F. ) ;
#1905 = CIRCLE ( 'NONE', #1021, 1.662499999999997424 ) ;
#1906 = CARTESIAN_POINT ( 'NONE',  ( -215.5750000000000171, -4.762500000000000178, -75.96750000000035641 ) ) ;
#1907 = ORIENTED_EDGE ( 'NONE', *, *, #3602, .F. ) ;
#1908 = CARTESIAN_POINT ( 'NONE',  ( -56.54582999999996673, 0.000000000000000000, 63.66249999999999432 ) ) ;
#1909 = EDGE_CURVE ( 'NONE', #1154, #307, #870, .T. ) ;
#1910 = LINE ( 'NONE', #1114, #3305 ) ;
#1911 = ORIENTED_EDGE ( 'NONE', *, *, #2314, .F. ) ;
#1912 = VECTOR ( 'NONE', #2125, 1000.000000000000000 ) ;
#1913 = CARTESIAN_POINT ( 'NONE',  ( -174.0050000000003365, -10.00000000000000000, -79.21249999999999147 ) ) ;
#1914 = CARTESIAN_POINT ( 'NONE',  ( -56.54582999999997384, 0.000000000000000000, -60.16249999999998721 ) ) ;
#1915 = ORIENTED_EDGE ( 'NONE', *, *, #2379, .T. ) ;
#1916 = EDGE_CURVE ( 'NONE', #119, #896, #1212, .T. ) ;
#1917 = ORIENTED_EDGE ( 'NONE', *, *, #1449, .T. ) ;
#1918 = CARTESIAN_POINT ( 'NONE',  ( 222.2500000000000000, 0.000000000000000000, -10.66249999999999076 ) ) ;
#1919 = DIRECTION ( 'NONE',  ( 1.727525453254912148E-16, 0.000000000000000000, 1.000000000000000000 ) ) ;
#1920 = DIRECTION ( 'NONE',  ( 1.000000000000000000, 0.000000000000000000, 0.000000000000000000 ) ) ;
#1921 = ADVANCED_FACE ( 'NONE', ( #3135 ), #603, .F. ) ;
#1922 = DIRECTION ( 'NONE',  ( 0.000000000000000000, 0.000000000000000000, -1.000000000000000000 ) ) ;
#1923 = FILL_AREA_STYLE_COLOUR ( '', #1073 ) ;
#1924 = VECTOR ( 'NONE', #881, 1000.000000000000000 ) ;
#1925 = ORIENTED_EDGE ( 'NONE', *, *, #1938, .T. ) ;
#1926 = VECTOR ( 'NONE', #1322, 1000.000000000000000 ) ;
#1927 = CARTESIAN_POINT ( 'NONE',  ( 85.27089999999998327, -4.762500000000000178, -60.16249999999999432 ) ) ;
#1928 = EDGE_CURVE ( 'NONE', #948, #1576, #2348, .T. ) ;
#1929 = CARTESIAN_POINT ( 'NONE',  ( 222.2500000000000000, 0.000000000000000000, -10.66249999999999076 ) ) ;
#1930 = DIRECTION ( 'NONE',  ( 0.000000000000000000, 1.000000000000000000, 0.000000000000000000 ) ) ;
#1931 = ORIENTED_EDGE ( 'NONE', *, *, #2782, .T. ) ;
#1932 = VECTOR ( 'NONE', #1883, 1000.000000000000000 ) ;
#1933 = PLANE ( 'NONE',  #2452 ) ;
#1934 = PLANE ( 'NONE',  #407 ) ;
#1935 = VERTEX_POINT ( 'NONE', #2065 ) ;
#1936 = FACE_OUTER_BOUND ( 'NONE', #3124, .T. ) ;
#1937 = ORIENTED_EDGE ( 'NONE', *, *, #622, .T. ) ;
#1938 = EDGE_CURVE ( 'NONE', #2404, #600, #2833, .T. ) ;
#1939 = CARTESIAN_POINT ( 'NONE',  ( 222.2500000000000000, -4.762499999999999289, 62.88750000000000995 ) ) ;
#1940 = DIRECTION ( 'NONE',  ( 1.000000000000000000, 0.000000000000000000, -0.000000000000000000 ) ) ;
#1941 = VECTOR ( 'NONE', #561, 1000.000000000000000 ) ;
#1942 = EDGE_CURVE ( 'NONE', #272, #2862, #2660, .T. ) ;
#1943 = EDGE_CURVE ( 'NONE', #1260, #1677, #146, .T. ) ;
#1944 = ORIENTED_EDGE ( 'NONE', *, *, #2069, .F. ) ;
#1945 = EDGE_CURVE ( 'NONE', #2297, #2052, #2383, .T. ) ;
#1946 = CARTESIAN_POINT ( 'NONE',  ( -83.60832999999998094, -4.762500000000000178, -58.49999999999998579 ) ) ;
#1947 = EDGE_CURVE ( 'NONE', #2087, #1294, #3506, .T. ) ;
#1948 = EDGE_CURVE ( 'NONE', #120, #2996, #3251, .T. ) ;
#1949 = AXIS2_PLACEMENT_3D ( 'NONE', #1034, #415, #429 ) ;
#1950 = CIRCLE ( 'NONE', #1000, 1.662500000000004308 ) ;
#1951 = FACE_OUTER_BOUND ( 'NONE', #1568, .T. ) ;
#1952 = CARTESIAN_POINT ( 'NONE',  ( -215.5749999999999886, 0.000000000000000000, 82.71249999999999147 ) ) ;
#1953 = VERTEX_POINT ( 'NONE', #3188 ) ;
#1954 = VECTOR ( 'NONE', #3300, 1000.000000000000000 ) ;
#1955 = VERTEX_POINT ( 'NONE', #2946 ) ;
#1956 = CARTESIAN_POINT ( 'NONE',  ( -215.5749999999999886, -4.762500000000000178, 82.71249999999999147 ) ) ;
#1957 = CARTESIAN_POINT ( 'NONE',  ( 219.0749999999999886, -4.762499999999999289, -59.21249999999998437 ) ) ;
#1958 = VECTOR ( 'NONE', #409, 1000.000000000000000 ) ;
#1959 = CARTESIAN_POINT ( 'NONE',  ( -70.90832999999996389, 0.000000000000000000, -21.04062499999999147 ) ) ;
#1960 = FACE_OUTER_BOUND ( 'NONE', #40, .T. ) ;
#1961 = DIRECTION ( 'NONE',  ( 0.000000000000000000, 1.000000000000000000, 0.000000000000000000 ) ) ;
#1962 = DIRECTION ( 'NONE',  ( 0.000000000000000000, 0.000000000000000000, 1.000000000000000000 ) ) ;
#1963 = LINE ( 'NONE', #2852, #1321 ) ;
#1964 = VERTEX_POINT ( 'NONE', #1857 ) ;
#1965 = VECTOR ( 'NONE', #1803, 1000.000000000000000 ) ;
#1966 = ADVANCED_FACE ( 'NONE', ( #741 ), #122, .T. ) ;
#1967 = DIRECTION ( 'NONE',  ( -1.000000000000000000, 0.000000000000000000, -0.000000000000000000 ) ) ;
#1968 = EDGE_CURVE ( 'NONE', #3092, #1616, #2962, .T. ) ;
#1969 = VERTEX_POINT ( 'NONE', #1604 ) ;
#1970 = DIRECTION ( 'NONE',  ( -1.000000000000000000, 0.000000000000000000, -0.000000000000000000 ) ) ;
#1971 = ORIENTED_EDGE ( 'NONE', *, *, #220, .T. ) ;
#1972 = EDGE_CURVE ( 'NONE', #486, #3010, #1324, .T. ) ;
#1973 = CARTESIAN_POINT ( 'NONE',  ( 199.1449999999996692, -4.762500000000000178, -75.96750000000035641 ) ) ;
#1974 = PLANE ( 'NONE',  #1277 ) ;
#1975 = ORIENTED_EDGE ( 'NONE', *, *, #1674, .T. ) ;
#1976 = VECTOR ( 'NONE', #2891, 1000.000000000000000 ) ;
#1977 = DIRECTION ( 'NONE',  ( 1.000000000000000000, 0.000000000000000000, 0.000000000000000000 ) ) ;
#1978 = ORIENTED_EDGE ( 'NONE', *, *, #2994, .F. ) ;
#1979 = VERTEX_POINT ( 'NONE', #160 ) ;
#1980 = PLANE ( 'NONE',  #3472 ) ;
#1981 = ORIENTED_EDGE ( 'NONE', *, *, #1296, .F. ) ;
#1982 = VECTOR ( 'NONE', #771, 1000.000000000000000 ) ;
#1983 = VECTOR ( 'NONE', #2163, 1000.000000000000000 ) ;
#1984 = CARTESIAN_POINT ( 'NONE',  ( -80.71750000000034220, -10.00000000000000000, -79.21249999999999147 ) ) ;
#1985 = CARTESIAN_POINT ( 'NONE',  ( -200.0249999999999488, -4.762500000000000178, 61.99999999999998579 ) ) ;
#1986 = VERTEX_POINT ( 'NONE', #177 ) ;
#1987 = VECTOR ( 'NONE', #49, 1000.000000000000000 ) ;
#1988 = ORIENTED_EDGE ( 'NONE', *, *, #2683, .T. ) ;
#1989 = DIRECTION ( 'NONE',  ( 0.000000000000000000, 0.000000000000000000, 1.000000000000000000 ) ) ;
#1990 = CARTESIAN_POINT ( 'NONE',  ( -219.0749999999999886, -29.96330603869647291, -10.66249999999999076 ) ) ;
#1991 = LINE ( 'NONE', #3080, #1188 ) ;
#1992 = DIRECTION ( 'NONE',  ( -0.000000000000000000, 1.000000000000000000, -0.000000000000000000 ) ) ;
#1993 = ORIENTED_EDGE ( 'NONE', *, *, #2916, .F. ) ;
#1994 = LINE ( 'NONE', #1437, #1924 ) ;
#1995 = CARTESIAN_POINT ( 'NONE',  ( 200.0249999999999773, -4.762500000000000178, -58.49999999999997158 ) ) ;
#1996 = ORIENTED_EDGE ( 'NONE', *, *, #3631, .F. ) ;
#1997 = EDGE_CURVE ( 'NONE', #1605, #2455, #943, .T. ) ;
#1998 = LINE ( 'NONE', #2809, #1268 ) ;
#1999 = ORIENTED_EDGE ( 'NONE', *, *, #1943, .T. ) ;
#2000 = DIRECTION ( 'NONE',  ( 8.553336091103857185E-15, 0.000000000000000000, -1.000000000000000000 ) ) ;
#2001 = VECTOR ( 'NONE', #3362, 1000.000000000000000 ) ;
#2002 = DIRECTION ( 'NONE',  ( -0.000000000000000000, 1.000000000000000000, -0.000000000000000000 ) ) ;
#2003 = ORIENTED_EDGE ( 'NONE', *, *, #87, .T. ) ;
#2004 = LINE ( 'NONE', #578, #2629 ) ;
#2005 = DIRECTION ( 'NONE',  ( 0.000000000000000000, -0.000000000000000000, 1.000000000000000000 ) ) ;
#2006 = VERTEX_POINT ( 'NONE', #981 ) ;
#2007 = EDGE_CURVE ( 'NONE', #3430, #1478, #2597, .T. ) ;
#2008 = AXIS2_PLACEMENT_3D ( 'NONE', #607, #3159, #629 ) ;
#2009 = ORIENTED_EDGE ( 'NONE', *, *, #2270, .F. ) ;
#2010 = DIRECTION ( 'NONE',  ( 4.276668045551928593E-15, -0.000000000000000000, 1.000000000000000000 ) ) ;
#2011 = CARTESIAN_POINT ( 'NONE',  ( -56.54582999999997384, -4.762500000000000178, -58.49999999999998579 ) ) ;
#2012 = AXIS2_PLACEMENT_3D ( 'NONE', #2142, #3522, #3490 ) ;
#2013 = DIRECTION ( 'NONE',  ( 8.741913579725650188E-15, 0.000000000000000000, -1.000000000000000000 ) ) ;
#2014 = VERTEX_POINT ( 'NONE', #963 ) ;
#2015 = FACE_OUTER_BOUND ( 'NONE', #516, .T. ) ;
#2016 = DIRECTION ( 'NONE',  ( 0.000000000000000000, 1.000000000000000000, 0.000000000000000000 ) ) ;
#2017 = ORIENTED_EDGE ( 'NONE', *, *, #711, .F. ) ;
#2018 = LINE ( 'NONE', #3126, #3081 ) ;
#2019 = DIRECTION ( 'NONE',  ( 1.000000000000000000, 0.000000000000000000, 0.000000000000000000 ) ) ;
#2020 = DIRECTION ( 'NONE',  ( -0.000000000000000000, 1.000000000000000000, -0.000000000000000000 ) ) ;
#2021 = ORIENTED_EDGE ( 'NONE', *, *, #1127, .T. ) ;
#2022 = AXIS2_PLACEMENT_3D ( 'NONE', #2517, #2201, #3320 ) ;
#2023 = CARTESIAN_POINT ( 'NONE',  ( 80.78749999999998010, -29.96330603869648357, 85.88749999999998863 ) ) ;
#2024 = ORIENTED_EDGE ( 'NONE', *, *, #2035, .T. ) ;
#2025 = DIRECTION ( 'NONE',  ( 1.000000000000000000, -0.000000000000000000, 0.000000000000000000 ) ) ;
#2026 = ORIENTED_EDGE ( 'NONE', *, *, #2855, .T. ) ;
#2027 = ORIENTED_EDGE ( 'NONE', *, *, #2944, .T. ) ;
#2028 = DIRECTION ( 'NONE',  ( -0.000000000000000000, 1.000000000000000000, -0.000000000000000000 ) ) ;
#2029 = CARTESIAN_POINT ( 'NONE',  ( 219.0749999999999886, 0.000000000000000000, 37.88750000000000284 ) ) ;
#2030 = EDGE_CURVE ( 'NONE', #2640, #272, #386, .T. ) ;
#2031 = EDGE_CURVE ( 'NONE', #1140, #3595, #1527, .T. ) ;
#2032 = CARTESIAN_POINT ( 'NONE',  ( -199.0749999999999886, -4.762499999999999289, 82.71249999999999147 ) ) ;
#2033 = VERTEX_POINT ( 'NONE', #1827 ) ;
#2034 = CARTESIAN_POINT ( 'NONE',  ( -105.8575000000003428, -10.00000000000000000, -75.96750000000035641 ) ) ;
#2035 = EDGE_CURVE ( 'NONE', #1061, #2192, #1910, .T. ) ;
#2036 = ORIENTED_EDGE ( 'NONE', *, *, #2797, .F. ) ;
#2037 = DIRECTION ( 'NONE',  ( -1.000000000000000000, -0.000000000000000000, -0.000000000000000000 ) ) ;
#2038 = CARTESIAN_POINT ( 'NONE',  ( -219.0749999999999886, -4.762500000000000178, -79.21249999999999147 ) ) ;
#2039 = DIRECTION ( 'NONE',  ( 1.000000000000000000, 0.000000000000000000, -0.000000000000000000 ) ) ;
#2040 = ORIENTED_EDGE ( 'NONE', *, *, #1105, .T. ) ;
#2041 = ADVANCED_FACE ( 'NONE', ( #2460 ), #1386, .F. ) ;
#2042 = AXIS2_PLACEMENT_3D ( 'NONE', #230, #2491, #2226 ) ;
#2043 = LINE ( 'NONE', #1228, #3629 ) ;
#2044 = ORIENTED_EDGE ( 'NONE', *, *, #3462, .T. ) ;
#2045 = DIRECTION ( 'NONE',  ( 0.000000000000000000, 0.000000000000000000, -1.000000000000000000 ) ) ;
#2046 = DIRECTION ( 'NONE',  ( -1.000000000000000000, -0.000000000000000000, -0.000000000000000000 ) ) ;
#2047 = CARTESIAN_POINT ( 'NONE',  ( -215.5749999999999886, -4.762500000000000178, 82.71249999999999147 ) ) ;
#2048 = EDGE_CURVE ( 'NONE', #2421, #2653, #490, .T. ) ;
#2049 = VECTOR ( 'NONE', #2045, 1000.000000000000000 ) ;
#2050 = ADVANCED_FACE ( 'NONE', ( #234 ), #2212, .F. ) ;
#2051 = CARTESIAN_POINT ( 'NONE',  ( -198.3624999999999829, 0.000000000000000000, -58.49999999999998579 ) ) ;
#2052 = VERTEX_POINT ( 'NONE', #3311 ) ;
#2053 = DIRECTION ( 'NONE',  ( -0.000000000000000000, 1.000000000000000000, -0.000000000000000000 ) ) ;
#2054 = CARTESIAN_POINT ( 'NONE',  ( -105.8575000000003428, 0.000000000000000000, -75.96750000000035641 ) ) ;
#2055 = ORIENTED_EDGE ( 'NONE', *, *, #67, .T. ) ;
#2056 = EDGE_CURVE ( 'NONE', #896, #3392, #1905, .T. ) ;
#2057 = EDGE_CURVE ( 'NONE', #1576, #2784, #1079, .T. ) ;
#2058 = FACE_OUTER_BOUND ( 'NONE', #1660, .T. ) ;
#2059 = DIRECTION ( 'NONE',  ( -1.000000000000000000, -0.000000000000000000, -0.000000000000000000 ) ) ;
#2060 = ORIENTED_EDGE ( 'NONE', *, *, #2446, .F. ) ;
#2061 = VERTEX_POINT ( 'NONE', #3328 ) ;
#2062 = AXIS2_PLACEMENT_3D ( 'NONE', #2652, #1219, #1832 ) ;
#2063 = EDGE_CURVE ( 'NONE', #882, #2938, #2161, .T. ) ;
#2064 = LINE ( 'NONE', #4, #83 ) ;
#2065 = CARTESIAN_POINT ( 'NONE',  ( -198.3624999999999829, 0.000000000000000000, -60.16249999999999432 ) ) ;
#2066 = EDGE_LOOP ( 'NONE', ( #2315, #86, #2584, #2009 ) ) ;
#2067 = VERTEX_POINT ( 'NONE', #2508 ) ;
#2068 = VECTOR ( 'NONE', #3082, 1000.000000000000000 ) ;
#2069 = EDGE_CURVE ( 'NONE', #3166, #3376, #1622, .T. ) ;
#2070 = EDGE_LOOP ( 'NONE', ( #3138, #1646, #416, #2682 ) ) ;
#2071 = CARTESIAN_POINT ( 'NONE',  ( -222.2500000000000000, -4.762499999999999289, -10.66249999999999076 ) ) ;
#2072 = CARTESIAN_POINT ( 'NONE',  ( 199.1449999999996692, -10.00000000000000000, -75.96750000000035641 ) ) ;
#2073 = ADVANCED_FACE ( 'NONE', ( #1892 ), #1656, .T. ) ;
#2074 = ORIENTED_EDGE ( 'NONE', *, *, #3187, .T. ) ;
#2075 = AXIS2_PLACEMENT_3D ( 'NONE', #3528, #1329, #2366 ) ;
#2076 = LINE ( 'NONE', #2326, #1037 ) ;
#2077 = ORIENTED_EDGE ( 'NONE', *, *, #1569, .T. ) ;
#2078 = LINE ( 'NONE', #659, #2665 ) ;
#2079 = ORIENTED_EDGE ( 'NONE', *, *, #3272, .T. ) ;
#2080 = DIRECTION ( 'NONE',  ( 1.151683635503275012E-16, 0.000000000000000000, 1.000000000000000000 ) ) ;
#2081 = EDGE_CURVE ( 'NONE', #1893, #3331, #3561, .T. ) ;
#2082 = ORIENTED_EDGE ( 'NONE', *, *, #1319, .T. ) ;
#2083 = EDGE_CURVE ( 'NONE', #3405, #3243, #526, .T. ) ;
#2084 = DIRECTION ( 'NONE',  ( -0.000000000000000000, 1.000000000000000000, -0.000000000000000000 ) ) ;
#2085 = VECTOR ( 'NONE', #3404, 1000.000000000000000 ) ;
#2086 = DIRECTION ( 'NONE',  ( 0.000000000000000000, 1.000000000000000000, 0.000000000000000000 ) ) ;
#2087 = VERTEX_POINT ( 'NONE', #2178 ) ;
#2088 = VECTOR ( 'NONE', #1062, 1000.000000000000000 ) ;
#2089 = DIRECTION ( 'NONE',  ( 0.000000000000000000, 1.000000000000000000, 0.000000000000000000 ) ) ;
#2090 = LINE ( 'NONE', #3202, #2720 ) ;
#2091 = ORIENTED_EDGE ( 'NONE', *, *, #2225, .F. ) ;
#2092 = VECTOR ( 'NONE', #2376, 1000.000000000000000 ) ;
#2093 = DIRECTION ( 'NONE',  ( 0.000000000000000000, 0.000000000000000000, -1.000000000000000000 ) ) ;
#2094 = CARTESIAN_POINT ( 'NONE',  ( 219.0749999999999886, -4.762500000000000178, -79.21249999999999147 ) ) ;
#2095 = AXIS2_PLACEMENT_3D ( 'NONE', #356, #2871, #1491 ) ;
#2096 = ORIENTED_EDGE ( 'NONE', *, *, #1007, .F. ) ;
#2097 = DIRECTION ( 'NONE',  ( 0.000000000000000000, 0.000000000000000000, 1.000000000000000000 ) ) ;
#2098 = EDGE_CURVE ( 'NONE', #1320, #2131, #2792, .T. ) ;
#2099 = AXIS2_PLACEMENT_3D ( 'NONE', #3355, #3206, #2532 ) ;
#2100 = CARTESIAN_POINT ( 'NONE',  ( 85.27089999999998327, -4.762500000000000178, -58.49999999999998579 ) ) ;
#2101 = ORIENTED_EDGE ( 'NONE', *, *, #75, .T. ) ;
#2102 = FACE_OUTER_BOUND ( 'NONE', #1785, .T. ) ;
#2103 = FACE_OUTER_BOUND ( 'NONE', #897, .T. ) ;
#2104 = ORIENTED_EDGE ( 'NONE', *, *, #2595, .T. ) ;
#2105 = FACE_OUTER_BOUND ( 'NONE', #2530, .T. ) ;
#2106 = EDGE_CURVE ( 'NONE', #2693, #2087, #1963, .T. ) ;
#2107 = DIRECTION ( 'NONE',  ( 0.000000000000000000, 1.000000000000000000, 0.000000000000000000 ) ) ;
#2108 = CARTESIAN_POINT ( 'NONE',  ( -199.1450000000003229, -4.762500000000000178, -75.96750000000035641 ) ) ;
#2109 = EDGE_LOOP ( 'NONE', ( #1971, #1793, #3098, #1760 ) ) ;
#2110 = CARTESIAN_POINT ( 'NONE',  ( -222.2500000000000000, 0.000000000000000000, 14.33750000000001634 ) ) ;
#2111 = DIRECTION ( 'NONE',  ( 0.000000000000000000, 0.000000000000000000, 1.000000000000000000 ) ) ;
#2112 = ORIENTED_EDGE ( 'NONE', *, *, #2623, .F. ) ;
#2113 = ORIENTED_EDGE ( 'NONE', *, *, #2965, .T. ) ;
#2114 = CARTESIAN_POINT ( 'NONE',  ( -219.0749999999999886, 0.000000000000000000, -79.21249999999999147 ) ) ;
#2115 = EDGE_CURVE ( 'NONE', #1804, #3243, #322, .T. ) ;
#2116 = ORIENTED_EDGE ( 'NONE', *, *, #2832, .T. ) ;
#2117 = CARTESIAN_POINT ( 'NONE',  ( 222.2500000000000000, -29.96330603869647291, -34.21249999999997726 ) ) ;
#2118 = ORIENTED_EDGE ( 'NONE', *, *, #2325, .F. ) ;
#2119 = LINE ( 'NONE', #691, #3154 ) ;
#2120 = CARTESIAN_POINT ( 'NONE',  ( 70.90839999999995769, 0.000000000000000000, -15.94062499999997584 ) ) ;
#2121 = DIRECTION ( 'NONE',  ( 1.000000000000000000, 0.000000000000000000, -0.000000000000000000 ) ) ;
#2122 = VECTOR ( 'NONE', #1232, 1000.000000000000000 ) ;
#2123 = VECTOR ( 'NONE', #2444, 1000.000000000000000 ) ;
#2124 = ORIENTED_EDGE ( 'NONE', *, *, #2403, .F. ) ;
#2125 = DIRECTION ( 'NONE',  ( 1.000000000000000000, 0.000000000000000000, 0.000000000000000000 ) ) ;
#2126 = ORIENTED_EDGE ( 'NONE', *, *, #1326, .F. ) ;
#2127 = VECTOR ( 'NONE', #347, 1000.000000000000000 ) ;
#2128 = VERTEX_POINT ( 'NONE', #1192 ) ;
#2129 = CARTESIAN_POINT ( 'NONE',  ( -85.27082999999997526, -4.762500000000000178, 63.66249999999999432 ) ) ;
#2130 = CARTESIAN_POINT ( 'NONE',  ( 85.27089999999998327, -4.762500000000000178, -60.16249999999999432 ) ) ;
#2131 = VERTEX_POINT ( 'NONE', #2310 ) ;
#2132 = LINE ( 'NONE', #2431, #1462 ) ;
#2133 = FACE_OUTER_BOUND ( 'NONE', #1331, .T. ) ;
#2134 = FACE_OUTER_BOUND ( 'NONE', #391, .T. ) ;
#2135 = AXIS2_PLACEMENT_3D ( 'NONE', #196, #760, #3014 ) ;
#2136 = EDGE_CURVE ( 'NONE', #1969, #462, #553, .T. ) ;
#2137 = DIRECTION ( 'NONE',  ( -1.000000000000000000, 0.000000000000000000, 0.000000000000000000 ) ) ;
#2138 = EDGE_CURVE ( 'NONE', #2014, #1260, #3130, .T. ) ;
#2139 = DIRECTION ( 'NONE',  ( 0.000000000000000000, 0.000000000000000000, 1.000000000000000000 ) ) ;
#2140 = ORIENTED_EDGE ( 'NONE', *, *, #2265, .T. ) ;
#2141 = DIRECTION ( 'NONE',  ( 4.276668045551928593E-15, 0.000000000000000000, 1.000000000000000000 ) ) ;
#2142 = CARTESIAN_POINT ( 'NONE',  ( -215.5749999999999886, -4.762500000000000178, 82.71249999999999147 ) ) ;
#2143 = ORIENTED_EDGE ( 'NONE', *, *, #2960, .F. ) ;
#2144 = VERTEX_POINT ( 'NONE', #359 ) ;
#2145 = DIRECTION ( 'NONE',  ( 0.000000000000000000, 0.000000000000000000, 1.000000000000000000 ) ) ;
#2146 = ORIENTED_EDGE ( 'NONE', *, *, #1271, .F. ) ;
#2147 = DIRECTION ( 'NONE',  ( -1.710667218220771437E-14, 0.000000000000000000, 1.000000000000000000 ) ) ;
#2148 = ORIENTED_EDGE ( 'NONE', *, *, #1459, .T. ) ;
#2149 = EDGE_CURVE ( 'NONE', #1495, #2052, #2368, .T. ) ;
#2150 = CYLINDRICAL_SURFACE ( 'NONE', #3123, 1.662500000000011191 ) ;
#2151 = LINE ( 'NONE', #153, #3343 ) ;
#2152 = DIRECTION ( 'NONE',  ( -1.000000000000000000, 0.000000000000000000, 0.000000000000000000 ) ) ;
#2153 = VECTOR ( 'NONE', #848, 1000.000000000000000 ) ;
#2154 = CARTESIAN_POINT ( 'NONE',  ( 222.2500000000000000, -29.96330603869647291, 37.88750000000000284 ) ) ;
#2155 = EDGE_CURVE ( 'NONE', #1858, #3609, #282, .T. ) ;
#2156 = ORIENTED_EDGE ( 'NONE', *, *, #2202, .F. ) ;
#2157 = ADVANCED_FACE ( 'NONE', ( #3168 ), #1980, .T. ) ;
#2158 = CARTESIAN_POINT ( 'NONE',  ( -70.90833000000007758, -4.762500000000006395, 51.50937500000045333 ) ) ;
#2159 = ORIENTED_EDGE ( 'NONE', *, *, #3167, .F. ) ;
#2160 = CARTESIAN_POINT ( 'NONE',  ( 85.27089999999998327, 0.000000000000000000, -60.16249999999999432 ) ) ;
#2161 = LINE ( 'NONE', #3033, #1428 ) ;
#2162 = VERTEX_POINT ( 'NONE', #1784 ) ;
#2163 = DIRECTION ( 'NONE',  ( -1.000000000000000000, -0.000000000000000000, -6.135636606928901449E-17 ) ) ;
#2164 = VERTEX_POINT ( 'NONE', #576 ) ;
#2165 = AXIS2_PLACEMENT_3D ( 'NONE', #2100, #3178, #1518 ) ;
#2166 = CARTESIAN_POINT ( 'NONE',  ( 85.27089999999999748, 0.000000000000000000, 61.99999999999998579 ) ) ;
#2167 = ORIENTED_EDGE ( 'NONE', *, *, #2782, .F. ) ;
#2168 = LINE ( 'NONE', #152, #3308 ) ;
#2169 = AXIS2_PLACEMENT_3D ( 'NONE', #2154, #2437, #3278 ) ;
#2170 = CARTESIAN_POINT ( 'NONE',  ( -200.0249999999999773, -4.762500000000000178, -58.49999999999997158 ) ) ;
#2171 = EDGE_CURVE ( 'NONE', #2309, #2653, #1258, .T. ) ;
#2172 = CARTESIAN_POINT ( 'NONE',  ( 174.0750000000000171, 0.000000000000000000, 85.88749999999998863 ) ) ;
#2173 = ORIENTED_EDGE ( 'NONE', *, *, #1788, .T. ) ;
#2174 = VECTOR ( 'NONE', #1152, 1000.000000000000000 ) ;
#2175 = LINE ( 'NONE', #3486, #1926 ) ;
#2176 = VERTEX_POINT ( 'NONE', #2543 ) ;
#2177 = LINE ( 'NONE', #3280, #960 ) ;
#2178 = CARTESIAN_POINT ( 'NONE',  ( -80.78750000000000853, -4.762500000000006395, 85.88749999999998863 ) ) ;
#2179 = ORIENTED_EDGE ( 'NONE', *, *, #2223, .T. ) ;
#2180 = VECTOR ( 'NONE', #410, 1000.000000000000000 ) ;
#2181 = DIRECTION ( 'NONE',  ( -0.000000000000000000, 1.000000000000000000, -0.000000000000000000 ) ) ;
#2182 = LINE ( 'NONE', #101, #1941 ) ;
#2183 = VERTEX_POINT ( 'NONE', #2 ) ;
#2184 = LINE ( 'NONE', #3304, #568 ) ;
#2185 = VECTOR ( 'NONE', #3615, 1000.000000000000000 ) ;
#2186 = EDGE_CURVE ( 'NONE', #2754, #1616, #1447, .T. ) ;
#2187 = CARTESIAN_POINT ( 'NONE',  ( 219.0749999999999886, -29.96330603869647291, -59.21249999999998437 ) ) ;
#2188 = CARTESIAN_POINT ( 'NONE',  ( -199.0749999999999886, -29.96330603869648357, 82.71249999999999147 ) ) ;
#2189 = ORIENTED_EDGE ( 'NONE', *, *, #1943, .F. ) ;
#2190 = CARTESIAN_POINT ( 'NONE',  ( -70.90833000000007758, 0.000000000000000000, 51.50937500000045333 ) ) ;
#2191 = ORIENTED_EDGE ( 'NONE', *, *, #1968, .F. ) ;
#2192 = VERTEX_POINT ( 'NONE', #909 ) ;
#2193 = EDGE_CURVE ( 'NONE', #1026, #940, #3152, .T. ) ;
#2194 = VECTOR ( 'NONE', #2954, 1000.000000000000000 ) ;
#2195 = DIRECTION ( 'NONE',  ( 1.000000000000000000, 0.000000000000000000, -0.000000000000000000 ) ) ;
#2196 = CARTESIAN_POINT ( 'NONE',  ( -174.0749999999999886, -29.96330603869648357, 82.71249999999999147 ) ) ;
#2197 = EDGE_CURVE ( 'NONE', #1284, #1769, #1153, .T. ) ;
#2198 = LINE ( 'NONE', #3059, #3101 ) ;
#2199 = ORIENTED_EDGE ( 'NONE', *, *, #2035, .F. ) ;
#2200 = CARTESIAN_POINT ( 'NONE',  ( -56.54582999999997384, 0.000000000000000000, -58.49999999999998579 ) ) ;
#2201 = DIRECTION ( 'NONE',  ( -0.000000000000000000, 1.000000000000000000, -0.000000000000000000 ) ) ;
#2202 = EDGE_CURVE ( 'NONE', #1804, #2971, #3190, .T. ) ;
#2203 = FACE_BOUND ( 'NONE', #830, .T. ) ;
#2204 = CARTESIAN_POINT ( 'NONE',  ( -105.8575000000003570, -10.00000000000000000, -79.21249999999999147 ) ) ;
#2205 = SURFACE_SIDE_STYLE ('',( #498 ) ) ;
#2206 = VECTOR ( 'NONE', #2976, 1000.000000000000000 ) ;
#2207 = ORIENTED_EDGE ( 'NONE', *, *, #2223, .F. ) ;
#2208 = VECTOR ( 'NONE', #1110, 1000.000000000000000 ) ;
#2209 = LINE ( 'NONE', #1927, #2269 ) ;
#2210 = ORIENTED_EDGE ( 'NONE', *, *, #711, .T. ) ;
#2211 = CARTESIAN_POINT ( 'NONE',  ( -83.60832999999999515, -4.762500000000000178, -58.49999999999998579 ) ) ;
#2212 = PLANE ( 'NONE',  #832 ) ;
#2213 = ORIENTED_EDGE ( 'NONE', *, *, #645, .F. ) ;
#2214 = CIRCLE ( 'NONE', #204, 1.662500000000011191 ) ;
#2215 = LINE ( 'NONE', #1952, #1954 ) ;
#2216 = ORIENTED_EDGE ( 'NONE', *, *, #630, .T. ) ;
#2217 = DIRECTION ( 'NONE',  ( 0.000000000000000000, 0.000000000000000000, -1.000000000000000000 ) ) ;
#2218 = ORIENTED_EDGE ( 'NONE', *, *, #2494, .T. ) ;
#2219 = CARTESIAN_POINT ( 'NONE',  ( -219.0749999999999886, -4.762499999999999289, -34.21249999999997726 ) ) ;
#2220 = CARTESIAN_POINT ( 'NONE',  ( -174.0749999999999886, -4.762499999999999289, 82.71249999999999147 ) ) ;
#2221 = VECTOR ( 'NONE', #839, 1000.000000000000000 ) ;
#2222 = LINE ( 'NONE', #3573, #2482 ) ;
#2223 = EDGE_CURVE ( 'NONE', #1603, #499, #620, .T. ) ;
#2224 = ORIENTED_EDGE ( 'NONE', *, *, #1909, .T. ) ;
#2225 = EDGE_CURVE ( 'NONE', #2164, #2392, #2690, .T. ) ;
#2226 = DIRECTION ( 'NONE',  ( 0.000000000000000000, 0.000000000000000000, 1.000000000000000000 ) ) ;
#2227 = CARTESIAN_POINT ( 'NONE',  ( 105.7874999999999801, -29.96330603869648357, 85.88749999999998863 ) ) ;
#2228 = LINE ( 'NONE', #470, #2375 ) ;
#2229 = DIRECTION ( 'NONE',  ( 0.000000000000000000, 0.000000000000000000, 1.000000000000000000 ) ) ;
#2230 = ORIENTED_EDGE ( 'NONE', *, *, #2115, .T. ) ;
#2231 = VECTOR ( 'NONE', #2600, 1000.000000000000000 ) ;
#2232 = AXIS2_PLACEMENT_3D ( 'NONE', #2335, #12, #1758 ) ;
#2233 = PLANE ( 'NONE',  #2424 ) ;
#2234 = ADVANCED_FACE ( 'NONE', ( #157 ), #3247, .F. ) ;
#2235 = CARTESIAN_POINT ( 'NONE',  ( -70.90833000000007758, -4.762500000000006395, 48.90937500000045191 ) ) ;
#2236 = CARTESIAN_POINT ( 'NONE',  ( -222.2500000000000000, 0.000000000000000000, -59.21249999999998437 ) ) ;
#2237 = ORIENTED_EDGE ( 'NONE', *, *, #959, .T. ) ;
#2238 = DIRECTION ( 'NONE',  ( -1.000000000000000000, 0.000000000000000000, 0.000000000000000000 ) ) ;
#2239 = DIRECTION ( 'NONE',  ( 0.000000000000000000, 0.000000000000000000, -1.000000000000000000 ) ) ;
#2240 = FACE_BOUND ( 'NONE', #2544, .T. ) ;
#2241 = CIRCLE ( 'NONE', #1313, 2.549999999999989608 ) ;
#2242 = CARTESIAN_POINT ( 'NONE',  ( -219.0749999999999886, -4.762500000000000178, -79.21249999999999147 ) ) ;
#2243 = EDGE_LOOP ( 'NONE', ( #174, #1392 ) ) ;
#2244 = CARTESIAN_POINT ( 'NONE',  ( 70.90839999999995769, -4.762500000000000178, -58.97187499999996874 ) ) ;
#2245 = ORIENTED_EDGE ( 'NONE', *, *, #1565, .T. ) ;
#2246 = CARTESIAN_POINT ( 'NONE',  ( -199.0749999999999886, 0.000000000000000000, 85.88749999999998863 ) ) ;
#2247 = ORIENTED_EDGE ( 'NONE', *, *, #3042, .F. ) ;
#2248 = VECTOR ( 'NONE', #140, 1000.000000000000000 ) ;
#2249 = CARTESIAN_POINT ( 'NONE',  ( 85.27089999999998327, 0.000000000000000000, -58.49999999999998579 ) ) ;
#2250 = LINE ( 'NONE', #850, #821 ) ;
#2251 = VECTOR ( 'NONE', #2747, 1000.000000000000000 ) ;
#2252 = CARTESIAN_POINT ( 'NONE',  ( -56.54582999999995963, 0.000000000000000000, 61.99999999999998579 ) ) ;
#2253 = ORIENTED_EDGE ( 'NONE', *, *, #2673, .T. ) ;
#2254 = ORIENTED_EDGE ( 'NONE', *, *, #1916, .F. ) ;
#2255 = LINE ( 'NONE', #3358, #3548 ) ;
#2256 = LINE ( 'NONE', #3635, #2937 ) ;
#2257 = VECTOR ( 'NONE', #2285, 1000.000000000000000 ) ;
#2258 = CARTESIAN_POINT ( 'NONE',  ( -222.2500000000000000, -29.96330603869647291, 62.88750000000000995 ) ) ;
#2259 = ORIENTED_EDGE ( 'NONE', *, *, #536, .T. ) ;
#2260 = DIRECTION ( 'NONE',  ( -1.000000000000000000, 0.000000000000000000, 0.000000000000000000 ) ) ;
#2261 = CARTESIAN_POINT ( 'NONE',  ( -219.0749999999999886, 0.000000000000000000, -79.21249999999999147 ) ) ;
#2262 = ORIENTED_EDGE ( 'NONE', *, *, #1137, .F. ) ;
#2263 = VECTOR ( 'NONE', #2260, 1000.000000000000000 ) ;
#2264 = LINE ( 'NONE', #3365, #2854 ) ;
#2265 = EDGE_CURVE ( 'NONE', #3153, #1177, #2906, .T. ) ;
#2266 = EDGE_LOOP ( 'NONE', ( #241, #1738, #3192, #2268 ) ) ;
#2267 = CARTESIAN_POINT ( 'NONE',  ( -83.60832999999999515, 0.000000000000000000, -58.49999999999998579 ) ) ;
#2268 = ORIENTED_EDGE ( 'NONE', *, *, #2535, .F. ) ;
#2269 = VECTOR ( 'NONE', #213, 1000.000000000000000 ) ;
#2270 = EDGE_CURVE ( 'NONE', #2144, #1842, #3262, .T. ) ;
#2271 = AXIS2_PLACEMENT_3D ( 'NONE', #720, #103, #1024 ) ;
#2272 = AXIS2_PLACEMENT_3D ( 'NONE', #2515, #1122, #2718 ) ;
#2273 = DIRECTION ( 'NONE',  ( -1.000000000000000000, 0.000000000000000000, -0.000000000000000000 ) ) ;
#2274 = ORIENTED_EDGE ( 'NONE', *, *, #3400, .F. ) ;
#2275 = CARTESIAN_POINT ( 'NONE',  ( -56.54582999999997384, -4.762500000000000178, -60.16249999999998721 ) ) ;
#2276 = ORIENTED_EDGE ( 'NONE', *, *, #3495, .F. ) ;
#2277 = ORIENTED_EDGE ( 'NONE', *, *, #1371, .T. ) ;
#2278 = CYLINDRICAL_SURFACE ( 'NONE', #825, 1.662500000000011191 ) ;
#2279 = LINE ( 'NONE', #2047, #999 ) ;
#2280 = VERTEX_POINT ( 'NONE', #717 ) ;
#2281 = LINE ( 'NONE', #2071, #1451 ) ;
#2282 = LINE ( 'NONE', #613, #1124 ) ;
#2283 = VERTEX_POINT ( 'NONE', #735 ) ;
#2284 = DIRECTION ( 'NONE',  ( -1.000000000000000000, 0.000000000000000000, -0.000000000000000000 ) ) ;
#2285 = DIRECTION ( 'NONE',  ( -0.000000000000000000, 1.000000000000000000, -0.000000000000000000 ) ) ;
#2286 = ORIENTED_EDGE ( 'NONE', *, *, #647, .T. ) ;
#2287 = LINE ( 'NONE', #2038, #2707 ) ;
#2288 = CARTESIAN_POINT ( 'NONE',  ( -199.1450000000003229, 0.000000000000000000, -75.96750000000035641 ) ) ;
#2289 = ORIENTED_EDGE ( 'NONE', *, *, #2796, .F. ) ;
#2290 = ADVANCED_FACE ( 'NONE', ( #432 ), #2377, .T. ) ;
#2291 = DIRECTION ( 'NONE',  ( 1.000000000000000000, 0.000000000000000000, -0.000000000000000000 ) ) ;
#2292 = DIRECTION ( 'NONE',  ( 0.000000000000000000, 0.000000000000000000, -1.000000000000000000 ) ) ;
#2293 = ORIENTED_EDGE ( 'NONE', *, *, #1180, .T. ) ;
#2294 = AXIS2_PLACEMENT_3D ( 'NONE', #1276, #2121, #2394 ) ;
#2295 = CARTESIAN_POINT ( 'NONE',  ( -80.78750000000000853, -4.762499999999999289, 82.71249999999999147 ) ) ;
#2296 = VERTEX_POINT ( 'NONE', #2978 ) ;
#2297 = VERTEX_POINT ( 'NONE', #1822 ) ;
#2298 =( NAMED_UNIT ( * ) SI_UNIT ( $, .STERADIAN. ) SOLID_ANGLE_UNIT ( ) );
#2299 = LINE ( 'NONE', #3436, #1521 ) ;
#2300 = FACE_BOUND ( 'NONE', #1183, .T. ) ;
#2301 = AXIS2_PLACEMENT_3D ( 'NONE', #2511, #271, #1117 ) ;
#2302 = CARTESIAN_POINT ( 'NONE',  ( 199.0749999999999602, -29.96330603869648357, 82.71249999999999147 ) ) ;
#2303 = ORIENTED_EDGE ( 'NONE', *, *, #1972, .F. ) ;
#2304 = CARTESIAN_POINT ( 'NONE',  ( -222.2500000000000000, 0.000000000000000000, -10.66249999999999076 ) ) ;
#2305 = VERTEX_POINT ( 'NONE', #3520 ) ;
#2306 = EDGE_CURVE ( 'NONE', #486, #1225, #81, .T. ) ;
#2307 = CARTESIAN_POINT ( 'NONE',  ( -80.78750000000006537, 0.000000000000000000, 82.71249999999999147 ) ) ;
#2308 = LINE ( 'NONE', #2657, #2257 ) ;
#2309 = VERTEX_POINT ( 'NONE', #3450 ) ;
#2310 = CARTESIAN_POINT ( 'NONE',  ( 199.1449999999996692, 0.000000000000000000, -79.21249999999999147 ) ) ;
#2311 = ORIENTED_EDGE ( 'NONE', *, *, #2918, .T. ) ;
#2312 = DIRECTION ( 'NONE',  ( 1.000000000000000000, 0.000000000000000000, -0.000000000000000000 ) ) ;
#2313 = VERTEX_POINT ( 'NONE', #941 ) ;
#2314 = EDGE_CURVE ( 'NONE', #600, #1776, #2078, .T. ) ;
#2315 = ORIENTED_EDGE ( 'NONE', *, *, #257, .F. ) ;
#2316 = ORIENTED_EDGE ( 'NONE', *, *, #2655, .F. ) ;
#2317 = CARTESIAN_POINT ( 'NONE',  ( 80.71749999999963165, -4.762500000000000178, -79.21249999999999147 ) ) ;
#2318 = EDGE_CURVE ( 'NONE', #2778, #2498, #2641, .T. ) ;
#2319 = FACE_BOUND ( 'NONE', #2493, .T. ) ;
#2320 = EDGE_CURVE ( 'NONE', #1367, #1733, #1019, .T. ) ;
#2321 = PLANE ( 'NONE',  #1678 ) ;
#2322 = ORIENTED_EDGE ( 'NONE', *, *, #2595, .F. ) ;
#2323 = FACE_OUTER_BOUND ( 'NONE', #2913, .T. ) ;
#2324 = ORIENTED_EDGE ( 'NONE', *, *, #883, .T. ) ;
#2325 = EDGE_CURVE ( 'NONE', #1776, #3481, #2090, .T. ) ;
#2326 = CARTESIAN_POINT ( 'NONE',  ( 85.27089999999998327, 0.000000000000000000, -60.16249999999999432 ) ) ;
#2327 = CARTESIAN_POINT ( 'NONE',  ( 174.0750000000000171, 0.000000000000000000, 85.88749999999998863 ) ) ;
#2328 = ORIENTED_EDGE ( 'NONE', *, *, #1377, .T. ) ;
#2329 = CARTESIAN_POINT ( 'NONE',  ( 56.54589999999996763, 0.000000000000000000, 61.99999999999998579 ) ) ;
#2330 = ORIENTED_EDGE ( 'NONE', *, *, #754, .T. ) ;
#2331 = ADVANCED_FACE ( 'NONE', ( #400 ), #2959, .F. ) ;
#2332 = LINE ( 'NONE', #42, #2153 ) ;
#2333 = VECTOR ( 'NONE', #2152, 1000.000000000000000 ) ;
#2334 = ORIENTED_EDGE ( 'NONE', *, *, #3400, .T. ) ;
#2335 = CARTESIAN_POINT ( 'NONE',  ( -85.27082999999997526, -4.762500000000000178, 61.99999999999998579 ) ) ;
#2336 = CARTESIAN_POINT ( 'NONE',  ( -12.57000000000033069, -10.00000000000000000, -79.21249999999999147 ) ) ;
#2337 = ORIENTED_EDGE ( 'NONE', *, *, #1997, .T. ) ;
#2338 = LINE ( 'NONE', #32, #2263 ) ;
#2339 = ORIENTED_EDGE ( 'NONE', *, *, #3240, .T. ) ;
#2340 = PLANE ( 'NONE',  #1754 ) ;
#2341 = PLANE ( 'NONE',  #666 ) ;
#2342 = EDGE_CURVE ( 'NONE', #2650, #136, #2398, .T. ) ;
#2343 = ORIENTED_EDGE ( 'NONE', *, *, #72, .T. ) ;
#2344 = ORIENTED_EDGE ( 'NONE', *, *, #264, .T. ) ;
#2345 = VECTOR ( 'NONE', #2086, 1000.000000000000000 ) ;
#2346 = EDGE_CURVE ( 'NONE', #1879, #3255, #1759, .T. ) ;
#2347 = DIRECTION ( 'NONE',  ( -0.000000000000000000, 0.000000000000000000, -1.000000000000000000 ) ) ;
#2348 = LINE ( 'NONE', #3095, #1307 ) ;
#2349 = ORIENTED_EDGE ( 'NONE', *, *, #1928, .T. ) ;
#2350 = ADVANCED_FACE ( 'NONE', ( #52 ), #2321, .F. ) ;
#2351 = ORIENTED_EDGE ( 'NONE', *, *, #84, .F. ) ;
#2352 = DIRECTION ( 'NONE',  ( 0.000000000000000000, 1.000000000000000000, 0.000000000000000000 ) ) ;
#2353 = CARTESIAN_POINT ( 'NONE',  ( -219.0749999999999886, 0.000000000000000000, -59.21249999999998437 ) ) ;
#2354 = ORIENTED_EDGE ( 'NONE', *, *, #3371, .F. ) ;
#2355 = DIRECTION ( 'NONE',  ( 0.000000000000000000, 1.000000000000000000, 0.000000000000000000 ) ) ;
#2356 = EDGE_LOOP ( 'NONE', ( #1340, #91, #3186, #507 ) ) ;
#2357 = DIRECTION ( 'NONE',  ( 0.000000000000000000, 1.000000000000000000, 0.000000000000000000 ) ) ;
#2358 = EDGE_LOOP ( 'NONE', ( #3116, #2274 ) ) ;
#2359 = DIRECTION ( 'NONE',  ( 0.000000000000000000, 0.000000000000000000, 1.000000000000000000 ) ) ;
#2360 = ORIENTED_EDGE ( 'NONE', *, *, #2007, .F. ) ;
#2361 = DIRECTION ( 'NONE',  ( -0.000000000000000000, 1.000000000000000000, -0.000000000000000000 ) ) ;
#2362 = DIRECTION ( 'NONE',  ( 0.000000000000000000, 1.000000000000000000, 0.000000000000000000 ) ) ;
#2363 = ORIENTED_EDGE ( 'NONE', *, *, #1676, .F. ) ;
#2364 = ORIENTED_EDGE ( 'NONE', *, *, #458, .F. ) ;
#2365 = CARTESIAN_POINT ( 'NONE',  ( 80.71749999999964587, 0.000000000000000000, -75.96750000000035641 ) ) ;
#2366 = DIRECTION ( 'NONE',  ( 1.000000000000000000, 0.000000000000000000, -0.000000000000000000 ) ) ;
#2367 = ORIENTED_EDGE ( 'NONE', *, *, #2446, .T. ) ;
#2368 = CIRCLE ( 'NONE', #1796, 1.662500000000011191 ) ;
#2369 = EDGE_CURVE ( 'NONE', #3392, #1715, #2804, .T. ) ;
#2370 = DIRECTION ( 'NONE',  ( 0.000000000000000000, 1.000000000000000000, 0.000000000000000000 ) ) ;
#2371 = ORIENTED_EDGE ( 'NONE', *, *, #3371, .T. ) ;
#2372 = CARTESIAN_POINT ( 'NONE',  ( -219.0749999999999886, 0.000000000000000000, 62.88750000000000995 ) ) ;
#2373 = LINE ( 'NONE', #2922, #3173 ) ;
#2374 = ORIENTED_EDGE ( 'NONE', *, *, #374, .T. ) ;
#2375 = VECTOR ( 'NONE', #1873, 1000.000000000000000 ) ;
#2376 = DIRECTION ( 'NONE',  ( -0.000000000000000000, 1.000000000000000000, -0.000000000000000000 ) ) ;
#2377 = PLANE ( 'NONE',  #2435 ) ;
#2378 = CLOSED_SHELL ( 'NONE', ( #2877, #601, #733, #471, #21, #229, #838, #1707, #902, #3534, #3557, #3249, #1052, #3022, #559, #2590, #1498, #1047, #1630, #762, #3335, #3223, #2585, #864, #655, #2073, #1966, #930, #1550, #1517, #522, #1921, #3231, #2698, #1287, #872, #2974, #2553, #341, #1369, #716, #1102, #1850, #1203, #3444, #3587, #743, #2050, #2586, #2846, #2234, #125, #455, #1072, #2331, #1384, #2041, #3620, #184, #2958, #3191, #209, #2881, #3248, #922, #383, #3332, #1299, #1351, #609, #233, #2647, #2851, #2618, #284, #1894, #593, #2157, #729, #63, #45, #2350, #1185, #1836, #996, #3076, #3070, #3409, #3578, #2613, #1872, #1619, #3062, #1393, #97, #232, #1401, #1541, #202, #1713, #3125, #1446, #616, #2290, #1814, #3373, #189, #899 ) ) ;
#2379 = EDGE_CURVE ( 'NONE', #2874, #1694, #15, .T. ) ;
#2380 = DIRECTION ( 'NONE',  ( 0.000000000000000000, 0.000000000000000000, -1.000000000000000000 ) ) ;
#2381 = ORIENTED_EDGE ( 'NONE', *, *, #2956, .F. ) ;
#2382 = CARTESIAN_POINT ( 'NONE',  ( -222.2500000000000000, 0.000000000000000000, 37.88750000000000284 ) ) ;
#2383 = LINE ( 'NONE', #721, #512 ) ;
#2384 = ORIENTED_EDGE ( 'NONE', *, *, #464, .T. ) ;
#2385 = VECTOR ( 'NONE', #1147, 1000.000000000000000 ) ;
#2386 = ORIENTED_EDGE ( 'NONE', *, *, #2488, .T. ) ;
#2387 = CARTESIAN_POINT ( 'NONE',  ( -215.5749999999999886, 0.000000000000000000, 82.71249999999999147 ) ) ;
#2388 = DIRECTION ( 'NONE',  ( -0.000000000000000000, 1.000000000000000000, -0.000000000000000000 ) ) ;
#2389 = VERTEX_POINT ( 'NONE', #1435 ) ;
#2390 = VECTOR ( 'NONE', #1824, 1000.000000000000000 ) ;
#2391 = CARTESIAN_POINT ( 'NONE',  ( 219.0749999999999886, 0.000000000000000000, 14.33750000000001634 ) ) ;
#2392 = VERTEX_POINT ( 'NONE', #2555 ) ;
#2393 = CARTESIAN_POINT ( 'NONE',  ( 222.2500000000000000, -4.762499999999999289, -34.21249999999997726 ) ) ;
#2394 = DIRECTION ( 'NONE',  ( -0.000000000000000000, 0.000000000000000000, -1.000000000000000000 ) ) ;
#2395 = ORIENTED_EDGE ( 'NONE', *, *, #3121, .T. ) ;
#2396 = AXIS2_PLACEMENT_3D ( 'NONE', #1956, #2755, #222 ) ;
#2397 = CARTESIAN_POINT ( 'NONE',  ( 70.90839999999984400, -4.762500000000006395, 51.50937500000048175 ) ) ;
#2398 = LINE ( 'NONE', #3503, #2545 ) ;
#2399 = LINE ( 'NONE', #1041, #3026 ) ;
#2400 = ORIENTED_EDGE ( 'NONE', *, *, #1020, .F. ) ;
#2401 = VECTOR ( 'NONE', #7, 1000.000000000000000 ) ;
#2402 = EDGE_LOOP ( 'NONE', ( #1204, #251, #827, #53, #381, #206, #3634, #2077 ) ) ;
#2403 = EDGE_CURVE ( 'NONE', #1323, #2183, #3424, .T. ) ;
#2404 = VERTEX_POINT ( 'NONE', #1745 ) ;
#2405 = APPLICATION_PROTOCOL_DEFINITION ( 'draft international standard', 'automotive_design', 1998, #1488 ) ;
#2406 = CARTESIAN_POINT ( 'NONE',  ( 12.49999999999998401, -4.762499999999999289, 82.71249999999999147 ) ) ;
#2407 = ORIENTED_EDGE ( 'NONE', *, *, #1371, .F. ) ;
#2408 = EDGE_CURVE ( 'NONE', #3060, #2192, #2884, .T. ) ;
#2409 = EDGE_CURVE ( 'NONE', #2798, #1603, #1168, .T. ) ;
#2410 = CARTESIAN_POINT ( 'NONE',  ( 70.90839999999995769, 0.000000000000000000, -21.04062499999996305 ) ) ;
#2411 = VERTEX_POINT ( 'NONE', #2577 ) ;
#2412 = CARTESIAN_POINT ( 'NONE',  ( 12.56999999999965745, -10.00000000000000000, -75.96750000000035641 ) ) ;
#2413 = DIRECTION ( 'NONE',  ( 0.000000000000000000, 1.000000000000000000, 0.000000000000000000 ) ) ;
#2414 = AXIS2_PLACEMENT_3D ( 'NONE', #724, #149, #1553 ) ;
#2415 = PRESENTATION_LAYER_ASSIGNMENT (  '', '', ( #3581 ) ) ;
#2416 = FACE_OUTER_BOUND ( 'NONE', #1483, .T. ) ;
#2417 = APPLICATION_CONTEXT ( 'automotive_design' ) ;
#2418 = CARTESIAN_POINT ( 'NONE',  ( -199.0749999999999886, -29.96330603869648357, 82.71249999999999147 ) ) ;
#2419 = VECTOR ( 'NONE', #1844, 1000.000000000000000 ) ;
#2420 = PLANE ( 'NONE',  #1337 ) ;
#2421 = VERTEX_POINT ( 'NONE', #277 ) ;
#2422 = CARTESIAN_POINT ( 'NONE',  ( -215.5749999999999886, 0.000000000000000000, 82.71249999999999147 ) ) ;
#2423 = CARTESIAN_POINT ( 'NONE',  ( 198.3625000000000114, 0.000000000000000000, 61.99999999999998579 ) ) ;
#2424 = AXIS2_PLACEMENT_3D ( 'NONE', #1066, #2999, #1967 ) ;
#2425 = EDGE_CURVE ( 'NONE', #195, #3529, #1482, .T. ) ;
#2426 = VERTEX_POINT ( 'NONE', #1973 ) ;
#2427 = CARTESIAN_POINT ( 'NONE',  ( -219.0749999999999886, 0.000000000000000000, -79.21249999999999147 ) ) ;
#2428 = ORIENTED_EDGE ( 'NONE', *, *, #1896, .T. ) ;
#2429 = EDGE_CURVE ( 'NONE', #1935, #1731, #3281, .T. ) ;
#2430 = ORIENTED_EDGE ( 'NONE', *, *, #2436, .T. ) ;
#2431 = CARTESIAN_POINT ( 'NONE',  ( 198.3625000000000114, -4.762500000000000178, 63.66249999999999432 ) ) ;
#2432 = DIRECTION ( 'NONE',  ( 0.000000000000000000, 0.000000000000000000, 1.000000000000000000 ) ) ;
#2433 = EDGE_CURVE ( 'NONE', #948, #1026, #351, .T. ) ;
#2434 = DIRECTION ( 'NONE',  ( -2.303367271006550024E-16, -0.000000000000000000, -1.000000000000000000 ) ) ;
#2435 = AXIS2_PLACEMENT_3D ( 'NONE', #2418, #1853, #2359 ) ;
#2436 = EDGE_CURVE ( 'NONE', #998, #1605, #610, .T. ) ;
#2437 = DIRECTION ( 'NONE',  ( 1.000000000000000000, 0.000000000000000000, 0.000000000000000000 ) ) ;
#2438 = VECTOR ( 'NONE', #2763, 1000.000000000000000 ) ;
#2439 = EDGE_CURVE ( 'NONE', #2640, #2033, #1774, .T. ) ;
#2440 = LINE ( 'NONE', #452, #2438 ) ;
#2441 = ORIENTED_EDGE ( 'NONE', *, *, #2030, .T. ) ;
#2442 = DIRECTION ( 'NONE',  ( -0.000000000000000000, 1.000000000000000000, -0.000000000000000000 ) ) ;
#2443 = DIRECTION ( 'NONE',  ( -1.151683635503275012E-16, 0.000000000000000000, -1.000000000000000000 ) ) ;
#2444 = DIRECTION ( 'NONE',  ( 0.000000000000000000, -0.000000000000000000, -1.000000000000000000 ) ) ;
#2445 = ORIENTED_EDGE ( 'NONE', *, *, #3210, .T. ) ;
#2446 = EDGE_CURVE ( 'NONE', #3603, #1248, #1145, .T. ) ;
#2447 = VECTOR ( 'NONE', #1667, 1000.000000000000000 ) ;
#2448 = CYLINDRICAL_SURFACE ( 'NONE', #1230, 1.662500000000011191 ) ;
#2449 = ORIENTED_EDGE ( 'NONE', *, *, #1948, .T. ) ;
#2450 = DIRECTION ( 'NONE',  ( -0.000000000000000000, 1.000000000000000000, -0.000000000000000000 ) ) ;
#2451 = AXIS2_PLACEMENT_3D ( 'NONE', #2777, #549, #1420 ) ;
#2452 = AXIS2_PLACEMENT_3D ( 'NONE', #1984, #3406, #890 ) ;
#2453 = DIRECTION ( 'NONE',  ( -2.185478394931412547E-15, 0.000000000000000000, -1.000000000000000000 ) ) ;
#2454 = AXIS2_PLACEMENT_3D ( 'NONE', #1231, #2820, #3421 ) ;
#2455 = VERTEX_POINT ( 'NONE', #2391 ) ;
#2456 = EDGE_CURVE ( 'NONE', #3595, #1605, #2919, .T. ) ;
#2457 = DIRECTION ( 'NONE',  ( 0.000000000000000000, 1.000000000000000000, -0.000000000000000000 ) ) ;
#2458 = ORIENTED_EDGE ( 'NONE', *, *, #645, .T. ) ;
#2459 = CARTESIAN_POINT ( 'NONE',  ( -105.7875000000000085, 0.000000000000000000, 85.88749999999998863 ) ) ;
#2460 = FACE_OUTER_BOUND ( 'NONE', #28, .T. ) ;
#2461 = EDGE_LOOP ( 'NONE', ( #2316, #2870, #2892, #2823 ) ) ;
#2462 = CYLINDRICAL_SURFACE ( 'NONE', #382, 2.600000000000004974 ) ;
#2463 = CARTESIAN_POINT ( 'NONE',  ( -85.27082999999997526, 0.000000000000000000, 63.66249999999999432 ) ) ;
#2464 = ORIENTED_EDGE ( 'NONE', *, *, #1805, .F. ) ;
#2465 = CARTESIAN_POINT ( 'NONE',  ( -70.90832999999996389, 0.000000000000000000, -61.52187499999998010 ) ) ;
#2466 = CARTESIAN_POINT ( 'NONE',  ( -56.54582999999995963, -4.762500000000000178, 61.99999999999998579 ) ) ;
#2467 = LINE ( 'NONE', #3303, #115 ) ;
#2468 = VECTOR ( 'NONE', #1668, 1000.000000000000000 ) ;
#2469 = LINE ( 'NONE', #1995, #891 ) ;
#2470 = ORIENTED_EDGE ( 'NONE', *, *, #1240, .F. ) ;
#2471 = VECTOR ( 'NONE', #1348, 1000.000000000000000 ) ;
#2472 = DIRECTION ( 'NONE',  ( 0.000000000000000000, 1.000000000000000000, 0.000000000000000000 ) ) ;
#2473 = ORIENTED_EDGE ( 'NONE', *, *, #3204, .T. ) ;
#2474 = PLANE ( 'NONE',  #3009 ) ;
#2475 = DIRECTION ( 'NONE',  ( -1.000000000000000000, 0.000000000000000000, -0.000000000000000000 ) ) ;
#2476 = EDGE_LOOP ( 'NONE', ( #2819, #2844, #833, #588 ) ) ;
#2477 = AXIS2_PLACEMENT_3D ( 'NONE', #967, #2681, #182 ) ;
#2478 = EDGE_CURVE ( 'NONE', #2421, #123, #1529, .T. ) ;
#2479 = PLANE ( 'NONE',  #1341 ) ;
#2480 = LINE ( 'NONE', #2235, #703 ) ;
#2481 = ORIENTED_EDGE ( 'NONE', *, *, #1792, .F. ) ;
#2482 = VECTOR ( 'NONE', #570, 1000.000000000000000 ) ;
#2483 = DIRECTION ( 'NONE',  ( -0.000000000000000000, 1.000000000000000000, -0.000000000000000000 ) ) ;
#2484 = ORIENTED_EDGE ( 'NONE', *, *, #801, .F. ) ;
#2485 = LINE ( 'NONE', #780, #681 ) ;
#2486 = CARTESIAN_POINT ( 'NONE',  ( -219.0749999999999886, -4.762500000000000178, -79.21249999999999147 ) ) ;
#2487 = FACE_BOUND ( 'NONE', #2243, .T. ) ;
#2488 = EDGE_CURVE ( 'NONE', #1136, #1131, #2803, .T. ) ;
#2489 = FACE_OUTER_BOUND ( 'NONE', #2109, .T. ) ;
#2490 = ORIENTED_EDGE ( 'NONE', *, *, #2697, .F. ) ;
#2491 = DIRECTION ( 'NONE',  ( -0.000000000000000000, 1.000000000000000000, -0.000000000000000000 ) ) ;
#2492 = ORIENTED_EDGE ( 'NONE', *, *, #2408, .T. ) ;
#2493 = EDGE_LOOP ( 'NONE', ( #473, #1631 ) ) ;
#2494 = EDGE_CURVE ( 'NONE', #706, #3549, #412, .T. ) ;
#2495 = FACE_OUTER_BOUND ( 'NONE', #2356, .T. ) ;
#2496 = ORIENTED_EDGE ( 'NONE', *, *, #2369, .F. ) ;
#2497 = CARTESIAN_POINT ( 'NONE',  ( 12.49999999999998401, -29.96330603869648357, 82.71249999999999147 ) ) ;
#2498 = VERTEX_POINT ( 'NONE', #2353 ) ;
#2499 = LINE ( 'NONE', #1685, #1075 ) ;
#2500 = CARTESIAN_POINT ( 'NONE',  ( -199.1450000000002660, 0.000000000000000000, -79.21249999999999147 ) ) ;
#2501 = DIRECTION ( 'NONE',  ( -0.000000000000000000, 1.000000000000000000, -0.000000000000000000 ) ) ;
#2502 = VECTOR ( 'NONE', #1748, 1000.000000000000000 ) ;
#2503 = ORIENTED_EDGE ( 'NONE', *, *, #483, .T. ) ;
#2504 = EDGE_CURVE ( 'NONE', #1800, #2455, #968, .T. ) ;
#2505 = DIRECTION ( 'NONE',  ( 1.000000000000000000, 0.000000000000000000, 2.454254642771560580E-16 ) ) ;
#2506 = PLANE ( 'NONE',  #965 ) ;
#2507 = ORIENTED_EDGE ( 'NONE', *, *, #847, .F. ) ;
#2508 = CARTESIAN_POINT ( 'NONE',  ( 70.90839999999984400, 0.000000000000000000, 54.10937500000049027 ) ) ;
#2509 = ORIENTED_EDGE ( 'NONE', *, *, #10, .F. ) ;
#2510 = FACE_OUTER_BOUND ( 'NONE', #1627, .T. ) ;
#2511 = CARTESIAN_POINT ( 'NONE',  ( 198.3625000000000114, -4.762500000000000178, 61.99999999999998579 ) ) ;
#2512 = ORIENTED_EDGE ( 'NONE', *, *, #3602, .T. ) ;
#2513 = DIRECTION ( 'NONE',  ( 0.000000000000000000, 0.000000000000000000, 1.000000000000000000 ) ) ;
#2514 = ORIENTED_EDGE ( 'NONE', *, *, #2136, .T. ) ;
#2515 = CARTESIAN_POINT ( 'NONE',  ( 70.90839999999995769, -4.762500000000000178, -58.97187499999996874 ) ) ;
#2516 = EDGE_CURVE ( 'NONE', #558, #2573, #3439, .T. ) ;
#2517 = CARTESIAN_POINT ( 'NONE',  ( 70.90839999999984400, -4.762500000000006395, 51.50937500000048175 ) ) ;
#2518 = CARTESIAN_POINT ( 'NONE',  ( 56.54589999999996763, 0.000000000000000000, 63.66249999999999432 ) ) ;
#2519 = VECTOR ( 'NONE', #989, 1000.000000000000000 ) ;
#2520 = FACE_OUTER_BOUND ( 'NONE', #1477, .T. ) ;
#2521 = ORIENTED_EDGE ( 'NONE', *, *, #121, .T. ) ;
#2522 = CARTESIAN_POINT ( 'NONE',  ( 70.90839999999984400, -4.762500000000006395, 51.50937500000048175 ) ) ;
#2523 = LINE ( 'NONE', #550, #2554 ) ;
#2524 = ORIENTED_EDGE ( 'NONE', *, *, #2408, .F. ) ;
#2525 = VECTOR ( 'NONE', #1010, 1000.000000000000000 ) ;
#2526 = DIRECTION ( 'NONE',  ( 0.000000000000000000, 1.000000000000000000, 0.000000000000000000 ) ) ;
#2527 = EDGE_LOOP ( 'NONE', ( #2167, #1825, #1583, #1354, #3525, #2830, #24, #2751 ) ) ;
#2528 = FACE_OUTER_BOUND ( 'NONE', #161, .T. ) ;
#2529 = CARTESIAN_POINT ( 'NONE',  ( 83.60839999999998895, 0.000000000000000000, 61.99999999999998579 ) ) ;
#2530 = EDGE_LOOP ( 'NONE', ( #2351, #3139, #2055, #405 ) ) ;
#2531 = EDGE_CURVE ( 'NONE', #2578, #195, #1712, .T. ) ;
#2532 = DIRECTION ( 'NONE',  ( 0.000000000000000000, 0.000000000000000000, -1.000000000000000000 ) ) ;
#2533 = LINE ( 'NONE', #2550, #1283 ) ;
#2534 = DIRECTION ( 'NONE',  ( 0.000000000000000000, 0.000000000000000000, 1.000000000000000000 ) ) ;
#2535 = EDGE_CURVE ( 'NONE', #3410, #757, #369, .T. ) ;
#2536 = CARTESIAN_POINT ( 'NONE',  ( 83.60839999999997474, -4.762500000000000178, -58.49999999999998579 ) ) ;
#2537 = FACE_OUTER_BOUND ( 'NONE', #59, .T. ) ;
#2538 = LINE ( 'NONE', #533, #2001 ) ;
#2539 = EDGE_CURVE ( 'NONE', #660, #168, #1534, .T. ) ;
#2540 = CARTESIAN_POINT ( 'NONE',  ( -12.57000000000034490, 0.000000000000000000, -75.96750000000035641 ) ) ;
#2541 = CARTESIAN_POINT ( 'NONE',  ( 222.2500000000000000, -4.762499999999999289, -59.21249999999998437 ) ) ;
#2542 = CYLINDRICAL_SURFACE ( 'NONE', #3508, 1.662500000000004308 ) ;
#2543 = CARTESIAN_POINT ( 'NONE',  ( 85.27089999999999748, 0.000000000000000000, 63.66249999999999432 ) ) ;
#2544 = EDGE_LOOP ( 'NONE', ( #809, #293 ) ) ;
#2545 = VECTOR ( 'NONE', #2822, 1000.000000000000000 ) ;
#2546 = CYLINDRICAL_SURFACE ( 'NONE', #643, 2.549999999999989608 ) ;
#2547 = AXIS2_PLACEMENT_3D ( 'NONE', #682, #1856, #2080 ) ;
#2548 = PLANE ( 'NONE',  #154 ) ;
#2549 = VERTEX_POINT ( 'NONE', #3235 ) ;
#2550 = CARTESIAN_POINT ( 'NONE',  ( -56.54582999999995963, -4.762500000000000178, 63.66249999999999432 ) ) ;
#2551 = FACE_OUTER_BOUND ( 'NONE', #722, .T. ) ;
#2552 = PLANE ( 'NONE',  #2008 ) ;
#2553 = ADVANCED_FACE ( 'NONE', ( #932 ), #1575, .F. ) ;
#2554 = VECTOR ( 'NONE', #1133, 1000.000000000000000 ) ;
#2555 = CARTESIAN_POINT ( 'NONE',  ( 219.0749999999999886, 0.000000000000000000, 79.21249999999999147 ) ) ;
#2556 = ORIENTED_EDGE ( 'NONE', *, *, #1449, .F. ) ;
#2557 = CARTESIAN_POINT ( 'NONE',  ( 85.27089999999999748, 0.000000000000000000, 63.66249999999999432 ) ) ;
#2558 = CARTESIAN_POINT ( 'NONE',  ( 219.0749999999999886, 0.000000000000000000, -79.21249999999999147 ) ) ;
#2559 = ORIENTED_EDGE ( 'NONE', *, *, #1508, .T. ) ;
#2560 = EDGE_CURVE ( 'NONE', #3603, #3166, #1846, .T. ) ;
#2561 = VECTOR ( 'NONE', #1558, 1000.000000000000000 ) ;
#2562 = CARTESIAN_POINT ( 'NONE',  ( 222.2500000000000000, -4.762499999999999289, 14.33750000000001634 ) ) ;
#2563 = DIRECTION ( 'NONE',  ( -1.000000000000000000, 0.000000000000000000, 0.000000000000000000 ) ) ;
#2564 = ORIENTED_EDGE ( 'NONE', *, *, #340, .T. ) ;
#2565 = CARTESIAN_POINT ( 'NONE',  ( -80.78750000000000853, 0.000000000000000000, 85.88749999999998863 ) ) ;
#2566 = DIRECTION ( 'NONE',  ( 1.000000000000000000, 0.000000000000000000, 0.000000000000000000 ) ) ;
#2567 = ORIENTED_EDGE ( 'NONE', *, *, #3045, .F. ) ;
#2568 = AXIS2_PLACEMENT_3D ( 'NONE', #1582, #2995, #3558 ) ;
#2569 = EDGE_CURVE ( 'NONE', #600, #2778, #1293, .T. ) ;
#2570 = DIRECTION ( 'NONE',  ( 1.151683635503274765E-16, 0.000000000000000000, 1.000000000000000000 ) ) ;
#2571 = AXIS2_PLACEMENT_3D ( 'NONE', #2200, #1069, #3061 ) ;
#2572 = ORIENTED_EDGE ( 'NONE', *, *, #1013, .F. ) ;
#2573 = VERTEX_POINT ( 'NONE', #2410 ) ;
#2574 = CARTESIAN_POINT ( 'NONE',  ( -105.8575000000003428, -10.00000000000000000, -75.96750000000035641 ) ) ;
#2575 = EDGE_CURVE ( 'NONE', #2392, #1367, #1864, .T. ) ;
#2576 = DIRECTION ( 'NONE',  ( -1.000000000000000000, -0.000000000000000000, -0.000000000000000000 ) ) ;
#2577 = CARTESIAN_POINT ( 'NONE',  ( 56.54589999999996053, 0.000000000000000000, -60.16249999999998721 ) ) ;
#2578 = VERTEX_POINT ( 'NONE', #2130 ) ;
#2579 = CARTESIAN_POINT ( 'NONE',  ( -199.0749999999999886, -29.96330603869648357, 85.88749999999998863 ) ) ;
#2580 = ORIENTED_EDGE ( 'NONE', *, *, #3011, .T. ) ;
#2581 = CARTESIAN_POINT ( 'NONE',  ( 70.90839999999995769, -4.762500000000000178, -61.52187499999995168 ) ) ;
#2582 = CARTESIAN_POINT ( 'NONE',  ( -105.7875000000000085, -4.762499999999999289, 85.88749999999998863 ) ) ;
#2583 = EDGE_CURVE ( 'NONE', #596, #1585, #726, .T. ) ;
#2584 = ORIENTED_EDGE ( 'NONE', *, *, #1418, .F. ) ;
#2585 = ADVANCED_FACE ( 'NONE', ( #2753 ), #2769, .T. ) ;
#2586 = ADVANCED_FACE ( 'NONE', ( #778 ), #2448, .F. ) ;
#2587 = CARTESIAN_POINT ( 'NONE',  ( 215.5749999999999886, 0.000000000000000000, 82.71249999999997726 ) ) ;
#2588 = DIRECTION ( 'NONE',  ( -0.000000000000000000, 1.000000000000000000, -0.000000000000000000 ) ) ;
#2589 = ORIENTED_EDGE ( 'NONE', *, *, #1256, .F. ) ;
#2590 = ADVANCED_FACE ( 'NONE', ( #1898 ), #3301, .T. ) ;
#2591 = AXIS2_PLACEMENT_3D ( 'NONE', #2011, #2352, #1433 ) ;
#2592 = ORIENTED_EDGE ( 'NONE', *, *, #2575, .T. ) ;
#2593 = EDGE_LOOP ( 'NONE', ( #3577, #2834, #1363, #3521 ) ) ;
#2594 = LINE ( 'NONE', #1990, #1343 ) ;
#2595 = EDGE_CURVE ( 'NONE', #815, #352, #1663, .T. ) ;
#2596 = EDGE_CURVE ( 'NONE', #3474, #2798, #2198, .T. ) ;
#2597 = CIRCLE ( 'NONE', #884, 1.662500000000011191 ) ;
#2598 = CARTESIAN_POINT ( 'NONE',  ( 219.0749999999999886, -29.96330603869647291, 37.88750000000000284 ) ) ;
#2599 = ORIENTED_EDGE ( 'NONE', *, *, #257, .T. ) ;
#2600 = DIRECTION ( 'NONE',  ( -8.741913579725650188E-15, 0.000000000000000000, 1.000000000000000000 ) ) ;
#2601 = ORIENTED_EDGE ( 'NONE', *, *, #3263, .F. ) ;
#2602 = AXIS2_PLACEMENT_3D ( 'NONE', #505, #1116, #828 ) ;
#2603 = DIRECTION ( 'NONE',  ( 0.000000000000000000, 0.000000000000000000, -1.000000000000000000 ) ) ;
#2604 = CARTESIAN_POINT ( 'NONE',  ( -174.0050000000003365, 0.000000000000000000, -79.21249999999999147 ) ) ;
#2605 = CARTESIAN_POINT ( 'NONE',  ( -70.90832999999996389, -4.762500000000000178, -21.04062499999999147 ) ) ;
#2606 = ORIENTED_EDGE ( 'NONE', *, *, #731, .F. ) ;
#2607 = CARTESIAN_POINT ( 'NONE',  ( -105.7875000000000085, 0.000000000000000000, 85.88749999999998863 ) ) ;
#2608 = VERTEX_POINT ( 'NONE', #461 ) ;
#2609 = VECTOR ( 'NONE', #2002, 1000.000000000000000 ) ;
#2610 = ORIENTED_EDGE ( 'NONE', *, *, #623, .F. ) ;
#2611 =( NAMED_UNIT ( * ) PLANE_ANGLE_UNIT ( ) SI_UNIT ( $, .RADIAN. ) );
#2612 = FACE_BOUND ( 'NONE', #3559, .T. ) ;
#2613 = ADVANCED_FACE ( 'NONE', ( #1936 ), #525, .F. ) ;
#2614 = CARTESIAN_POINT ( 'NONE',  ( -198.3624999999999545, 0.000000000000000000, 63.66249999999998010 ) ) ;
#2615 = ORIENTED_EDGE ( 'NONE', *, *, #2842, .F. ) ;
#2616 = CARTESIAN_POINT ( 'NONE',  ( -199.1450000000002660, -10.00000000000000000, -79.21249999999999147 ) ) ;
#2617 = CARTESIAN_POINT ( 'NONE',  ( -105.8575000000003570, -10.00000000000000000, -79.21249999999999147 ) ) ;
#2618 = ADVANCED_FACE ( 'NONE', ( #3002 ), #1682, .T. ) ;
#2619 = ORIENTED_EDGE ( 'NONE', *, *, #823, .T. ) ;
#2620 = DIRECTION ( 'NONE',  ( 0.000000000000000000, 0.000000000000000000, -1.000000000000000000 ) ) ;
#2621 = DIRECTION ( 'NONE',  ( 0.000000000000000000, 1.000000000000000000, 0.000000000000000000 ) ) ;
#2622 = ORIENTED_EDGE ( 'NONE', *, *, #2048, .F. ) ;
#2623 = EDGE_CURVE ( 'NONE', #1769, #2176, #1473, .T. ) ;
#2624 = AXIS2_PLACEMENT_3D ( 'NONE', #3184, #1242, #905 ) ;
#2625 = LINE ( 'NONE', #1227, #3368 ) ;
#2626 = VECTOR ( 'NONE', #1223, 1000.000000000000000 ) ;
#2627 = CARTESIAN_POINT ( 'NONE',  ( 80.71749999999964587, -4.762500000000000178, -75.96750000000035641 ) ) ;
#2628 = ORIENTED_EDGE ( 'NONE', *, *, #2985, .F. ) ;
#2629 = VECTOR ( 'NONE', #1736, 1000.000000000000000 ) ;
#2630 = CIRCLE ( 'NONE', #3090, 1.662500000000011191 ) ;
#2631 = FACE_OUTER_BOUND ( 'NONE', #239, .T. ) ;
#2632 = ORIENTED_EDGE ( 'NONE', *, *, #1530, .T. ) ;
#2633 = DIRECTION ( 'NONE',  ( 0.000000000000000000, 1.000000000000000000, 0.000000000000000000 ) ) ;
#2634 = ORIENTED_EDGE ( 'NONE', *, *, #3423, .F. ) ;
#2635 = CARTESIAN_POINT ( 'NONE',  ( -199.1450000000002660, -4.762500000000000178, -79.21249999999999147 ) ) ;
#2636 = DIRECTION ( 'NONE',  ( 0.000000000000000000, 0.000000000000000000, 1.000000000000000000 ) ) ;
#2637 = EDGE_LOOP ( 'NONE', ( #3001, #1993, #13, #3220 ) ) ;
#2638 = CARTESIAN_POINT ( 'NONE',  ( -56.54582999999995963, -4.762500000000000178, 63.66249999999999432 ) ) ;
#2639 = CARTESIAN_POINT ( 'NONE',  ( 222.2500000000000000, -4.762499999999999289, -59.21249999999998437 ) ) ;
#2640 = VERTEX_POINT ( 'NONE', #3273 ) ;
#2641 = LINE ( 'NONE', #1566, #2248 ) ;
#2642 = ORIENTED_EDGE ( 'NONE', *, *, #1345, .F. ) ;
#2643 = AXIS2_PLACEMENT_3D ( 'NONE', #1085, #2989, #183 ) ;
#2644 = CARTESIAN_POINT ( 'NONE',  ( 199.1449999999996692, -10.00000000000000000, -79.21249999999999147 ) ) ;
#2645 = DIRECTION ( 'NONE',  ( -0.000000000000000000, -0.000000000000000000, -1.000000000000000000 ) ) ;
#2646 = ORIENTED_EDGE ( 'NONE', *, *, #464, .F. ) ;
#2647 = ADVANCED_FACE ( 'NONE', ( #3530 ), #3286, .T. ) ;
#2648 = LINE ( 'NONE', #1006, #1666 ) ;
#2649 = DIRECTION ( 'NONE',  ( 2.303367271006550024E-16, 0.000000000000000000, 1.000000000000000000 ) ) ;
#2650 = VERTEX_POINT ( 'NONE', #1031 ) ;
#2651 = CIRCLE ( 'NONE', #1837, 2.549999999999989608 ) ;
#2652 = CARTESIAN_POINT ( 'NONE',  ( -70.90833000000007758, 0.000000000000000000, 51.50937500000045333 ) ) ;
#2653 = VERTEX_POINT ( 'NONE', #2465 ) ;
#2654 = AXIS2_PLACEMENT_3D ( 'NONE', #2895, #2292, #2273 ) ;
#2655 = EDGE_CURVE ( 'NONE', #940, #2392, #937, .T. ) ;
#2656 = CARTESIAN_POINT ( 'NONE',  ( -80.78750000000000853, -29.96330603869648357, 82.71249999999999147 ) ) ;
#2657 = CARTESIAN_POINT ( 'NONE',  ( 85.27089999999999748, -4.762500000000000178, 63.66249999999999432 ) ) ;
#2658 = ORIENTED_EDGE ( 'NONE', *, *, #1942, .F. ) ;
#2659 = ORIENTED_EDGE ( 'NONE', *, *, #317, .T. ) ;
#2660 = LINE ( 'NONE', #1874, #43 ) ;
#2661 = ORIENTED_EDGE ( 'NONE', *, *, #734, .T. ) ;
#2662 = VECTOR ( 'NONE', #1665, 1000.000000000000000 ) ;
#2663 = FACE_OUTER_BOUND ( 'NONE', #704, .T. ) ;
#2664 = ORIENTED_EDGE ( 'NONE', *, *, #240, .F. ) ;
#2665 = VECTOR ( 'NONE', #380, 1000.000000000000000 ) ;
#2666 = EDGE_LOOP ( 'NONE', ( #3189, #364, #777, #3144 ) ) ;
#2667 = CARTESIAN_POINT ( 'NONE',  ( 70.90839999999995769, -4.762500000000000178, -56.42187499999997868 ) ) ;
#2668 = LINE ( 'NONE', #1867, #1241 ) ;
#2669 = VECTOR ( 'NONE', #170, 1000.000000000000000 ) ;
#2670 = CARTESIAN_POINT ( 'NONE',  ( -12.57000000000033069, -10.00000000000000000, -79.21249999999999147 ) ) ;
#2671 = CARTESIAN_POINT ( 'NONE',  ( -70.90832999999996389, -4.762500000000000178, -18.49062499999999787 ) ) ;
#2672 = EDGE_CURVE ( 'NONE', #3529, #1769, #2182, .T. ) ;
#2673 = EDGE_CURVE ( 'NONE', #1226, #2131, #256, .T. ) ;
#2674 = ORIENTED_EDGE ( 'NONE', *, *, #3237, .F. ) ;
#2675 = FACE_OUTER_BOUND ( 'NONE', #1590, .T. ) ;
#2676 = DIRECTION ( 'NONE',  ( -1.000000000000000000, 0.000000000000000000, 0.000000000000000000 ) ) ;
#2677 = EDGE_CURVE ( 'NONE', #581, #3050, #287, .T. ) ;
#2678 = CIRCLE ( 'NONE', #3205, 2.549999999999993161 ) ;
#2679 = ORIENTED_EDGE ( 'NONE', *, *, #2677, .T. ) ;
#2680 = CARTESIAN_POINT ( 'NONE',  ( -70.90832999999996389, -4.762500000000000178, -58.97187499999999005 ) ) ;
#2681 = DIRECTION ( 'NONE',  ( 0.000000000000000000, 1.000000000000000000, 0.000000000000000000 ) ) ;
#2682 = ORIENTED_EDGE ( 'NONE', *, *, #1661, .T. ) ;
#2683 = EDGE_CURVE ( 'NONE', #3417, #3315, #26, .T. ) ;
#2684 = DIRECTION ( 'NONE',  ( 1.000000000000000000, -0.000000000000000000, 0.000000000000000000 ) ) ;
#2685 = ORIENTED_EDGE ( 'NONE', *, *, #2056, .F. ) ;
#2686 = DIRECTION ( 'NONE',  ( 0.000000000000000000, 0.000000000000000000, -1.000000000000000000 ) ) ;
#2687 = PRODUCT ( 'Chassis_Front_Plate', 'Chassis_Front_Plate', '', ( #1215 ) ) ;
#2688 = CARTESIAN_POINT ( 'NONE',  ( -222.2500000000000000, -29.96330603869647291, -59.21249999999998437 ) ) ;
#2689 = DIRECTION ( 'NONE',  ( -0.000000000000000000, 1.000000000000000000, -0.000000000000000000 ) ) ;
#2690 = LINE ( 'NONE', #1870, #1965 ) ;
#2691 = EDGE_CURVE ( 'NONE', #660, #3153, #3137, .T. ) ;
#2692 = DIRECTION ( 'NONE',  ( 1.000000000000000000, 0.000000000000000000, -2.303367271006550024E-16 ) ) ;
#2693 = VERTEX_POINT ( 'NONE', #2295 ) ;
#2694 = FACE_OUTER_BOUND ( 'NONE', #1222, .T. ) ;
#2695 = VECTOR ( 'NONE', #2361, 1000.000000000000000 ) ;
#2696 = ORIENTED_EDGE ( 'NONE', *, *, #2318, .T. ) ;
#2697 = EDGE_CURVE ( 'NONE', #1776, #1201, #871, .T. ) ;
#2698 = ADVANCED_FACE ( 'NONE', ( #1700 ), #2548, .F. ) ;
#2699 = CARTESIAN_POINT ( 'NONE',  ( 85.27089999999998327, -4.762500000000000178, -58.49999999999998579 ) ) ;
#2700 = LINE ( 'NONE', #1574, #2941 ) ;
#2701 = VERTEX_POINT ( 'NONE', #3612 ) ;
#2702 = EDGE_LOOP ( 'NONE', ( #3580, #2646, #907, #2441 ) ) ;
#2703 = LINE ( 'NONE', #2412, #1099 ) ;
#2704 = EDGE_CURVE ( 'NONE', #2183, #136, #1160, .T. ) ;
#2705 = CARTESIAN_POINT ( 'NONE',  ( 174.0750000000000171, -29.96330603869648357, 82.71249999999999147 ) ) ;
#2706 = VECTOR ( 'NONE', #3146, 1000.000000000000000 ) ;
#2707 = VECTOR ( 'NONE', #1732, 1000.000000000000000 ) ;
#2708 = LINE ( 'NONE', #1035, #2333 ) ;
#2709 = DIRECTION ( 'NONE',  ( 0.000000000000000000, 0.000000000000000000, 1.000000000000000000 ) ) ;
#2710 = VECTOR ( 'NONE', #2362, 1000.000000000000000 ) ;
#2711 = CARTESIAN_POINT ( 'NONE',  ( 219.0749999999999886, 0.000000000000000000, -34.21249999999997726 ) ) ;
#2712 = ORIENTED_EDGE ( 'NONE', *, *, #1210, .F. ) ;
#2713 = DIRECTION ( 'NONE',  ( 0.000000000000000000, 0.000000000000000000, 1.000000000000000000 ) ) ;
#2714 = ORIENTED_EDGE ( 'NONE', *, *, #1218, .T. ) ;
#2715 = VECTOR ( 'NONE', #1860, 1000.000000000000000 ) ;
#2716 = ORIENTED_EDGE ( 'NONE', *, *, #3347, .T. ) ;
#2717 = ORIENTED_EDGE ( 'NONE', *, *, #3183, .T. ) ;
#2718 = DIRECTION ( 'NONE',  ( 0.000000000000000000, 0.000000000000000000, 1.000000000000000000 ) ) ;
#2719 = CARTESIAN_POINT ( 'NONE',  ( -174.0050000000003649, 0.000000000000000000, -75.96750000000035641 ) ) ;
#2720 = VECTOR ( 'NONE', #2927, 1000.000000000000000 ) ;
#2721 = EDGE_CURVE ( 'NONE', #2938, #3408, #895, .T. ) ;
#2722 = DIRECTION ( 'NONE',  ( 0.000000000000000000, 1.000000000000000000, 0.000000000000000000 ) ) ;
#2723 = LINE ( 'NONE', #3293, #2092 ) ;
#2724 = EDGE_CURVE ( 'NONE', #998, #1140, #3468, .T. ) ;
#2725 = VECTOR ( 'NONE', #2019, 1000.000000000000000 ) ;
#2726 = ORIENTED_EDGE ( 'NONE', *, *, #2155, .T. ) ;
#2727 = PLANE ( 'NONE',  #1516 ) ;
#2728 = EDGE_LOOP ( 'NONE', ( #3030, #2628, #320, #1357 ) ) ;
#2729 = LINE ( 'NONE', #2828, #2725 ) ;
#2730 = ORIENTED_EDGE ( 'NONE', *, *, #1592, .F. ) ;
#2731 = DIRECTION ( 'NONE',  ( 1.000000000000000000, 0.000000000000000000, -1.151683635503275012E-16 ) ) ;
#2732 = CARTESIAN_POINT ( 'NONE',  ( -70.90832999999996389, -4.762500000000000178, -15.94062500000000426 ) ) ;
#2733 = ORIENTED_EDGE ( 'NONE', *, *, #1408, .F. ) ;
#2734 = AXIS2_PLACEMENT_3D ( 'NONE', #3083, #3588, #511 ) ;
#2735 = ORIENTED_EDGE ( 'NONE', *, *, #1372, .T. ) ;
#2736 = CARTESIAN_POINT ( 'NONE',  ( 200.0250000000000057, -4.762500000000000178, 61.99999999999998579 ) ) ;
#2737 = PLANE ( 'NONE',  #3108 ) ;
#2738 = AXIS2_PLACEMENT_3D ( 'NONE', #759, #1854, #2139 ) ;
#2739 = DIRECTION ( 'NONE',  ( -1.000000000000000000, 0.000000000000000000, 0.000000000000000000 ) ) ;
#2740 = CIRCLE ( 'NONE', #1696, 2.549999999999993161 ) ;
#2741 = FACE_OUTER_BOUND ( 'NONE', #1410, .T. ) ;
#2742 = VECTOR ( 'NONE', #2028, 1000.000000000000000 ) ;
#2743 = ORIENTED_EDGE ( 'NONE', *, *, #2704, .T. ) ;
#2744 = EDGE_CURVE ( 'NONE', #1294, #2998, #1411, .T. ) ;
#2745 = CARTESIAN_POINT ( 'NONE',  ( -215.5749999999999886, -4.762500000000000178, 82.71249999999999147 ) ) ;
#2746 = ORIENTED_EDGE ( 'NONE', *, *, #2186, .F. ) ;
#2747 = DIRECTION ( 'NONE',  ( -0.000000000000000000, -0.000000000000000000, -1.000000000000000000 ) ) ;
#2748 = DIRECTION ( 'NONE',  ( 0.000000000000000000, 1.000000000000000000, 0.000000000000000000 ) ) ;
#2749 = ORIENTED_EDGE ( 'NONE', *, *, #1948, .F. ) ;
#2750 = LINE ( 'NONE', #1913, #3384 ) ;
#2751 = ORIENTED_EDGE ( 'NONE', *, *, #494, .F. ) ;
#2752 = EDGE_CURVE ( 'NONE', #3398, #3255, #1637, .T. ) ;
#2753 = FACE_OUTER_BOUND ( 'NONE', #887, .T. ) ;
#2754 = VERTEX_POINT ( 'NONE', #1396 ) ;
#2755 = DIRECTION ( 'NONE',  ( 0.000000000000000000, 0.000000000000000000, 1.000000000000000000 ) ) ;
#2756 = CARTESIAN_POINT ( 'NONE',  ( 70.90839999999995769, -4.762500000000000178, -21.04062499999996305 ) ) ;
#2757 = CARTESIAN_POINT ( 'NONE',  ( -12.50000000000001066, 0.000000000000000000, 85.88749999999998863 ) ) ;
#2758 = PRESENTATION_STYLE_ASSIGNMENT (( #1651 ) ) ;
#2759 = EDGE_CURVE ( 'NONE', #2067, #2296, #493, .T. ) ;
#2760 = ORIENTED_EDGE ( 'NONE', *, *, #3072, .T. ) ;
#2761 = AXIS2_PLACEMENT_3D ( 'NONE', #858, #1920, #2773 ) ;
#2762 = VERTEX_POINT ( 'NONE', #1121 ) ;
#2763 = DIRECTION ( 'NONE',  ( -1.000000000000000000, 0.000000000000000000, 0.000000000000000000 ) ) ;
#2764 = CARTESIAN_POINT ( 'NONE',  ( 199.0749999999999886, -29.96330603869648357, 85.88749999999998863 ) ) ;
#2765 = ORIENTED_EDGE ( 'NONE', *, *, #1916, .T. ) ;
#2766 = VECTOR ( 'NONE', #344, 1000.000000000000000 ) ;
#2767 = CARTESIAN_POINT ( 'NONE',  ( -199.0749999999999886, 0.000000000000000000, 82.71249999999999147 ) ) ;
#2768 = DIRECTION ( 'NONE',  ( 0.000000000000000000, 1.000000000000000000, 0.000000000000000000 ) ) ;
#2769 = PLANE ( 'NONE',  #555 ) ;
#2770 = ORIENTED_EDGE ( 'NONE', *, *, #2057, .F. ) ;
#2771 = DIRECTION ( 'NONE',  ( 0.000000000000000000, 0.000000000000000000, 1.000000000000000000 ) ) ;
#2772 = CARTESIAN_POINT ( 'NONE',  ( 222.2500000000000000, -29.96330603869647291, -59.21249999999998437 ) ) ;
#2773 = DIRECTION ( 'NONE',  ( 0.000000000000000000, 0.000000000000000000, -1.000000000000000000 ) ) ;
#2774 = LINE ( 'NONE', #3028, #2930 ) ;
#2775 = VECTOR ( 'NONE', #2020, 1000.000000000000000 ) ;
#2776 = ORIENTED_EDGE ( 'NONE', *, *, #3347, .F. ) ;
#2777 = CARTESIAN_POINT ( 'NONE',  ( 80.71749999999964587, -10.00000000000000000, -75.96750000000035641 ) ) ;
#2778 = VERTEX_POINT ( 'NONE', #2236 ) ;
#2779 = ORIENTED_EDGE ( 'NONE', *, *, #736, .F. ) ;
#2780 = CARTESIAN_POINT ( 'NONE',  ( 215.5750000000000171, -4.762500000000000178, 79.21249999999999147 ) ) ;
#2781 = ORIENTED_EDGE ( 'NONE', *, *, #2724, .F. ) ;
#2782 = EDGE_CURVE ( 'NONE', #2762, #1169, #673, .T. ) ;
#2783 = DIRECTION ( 'NONE',  ( 0.000000000000000000, 0.000000000000000000, 1.000000000000000000 ) ) ;
#2784 = VERTEX_POINT ( 'NONE', #997 ) ;
#2785 = DIRECTION ( 'NONE',  ( 0.000000000000000000, 0.000000000000000000, 1.000000000000000000 ) ) ;
#2786 = DIRECTION ( 'NONE',  ( 0.000000000000000000, 1.000000000000000000, 0.000000000000000000 ) ) ;
#2787 = DIRECTION ( 'NONE',  ( 4.276668045551928593E-15, 0.000000000000000000, 1.000000000000000000 ) ) ;
#2788 = DIRECTION ( 'NONE',  ( -0.000000000000000000, 1.000000000000000000, -0.000000000000000000 ) ) ;
#2789 = ORIENTED_EDGE ( 'NONE', *, *, #2842, .T. ) ;
#2790 = ORIENTED_EDGE ( 'NONE', *, *, #41, .F. ) ;
#2791 = DIRECTION ( 'NONE',  ( -0.000000000000000000, 1.000000000000000000, -0.000000000000000000 ) ) ;
#2792 = LINE ( 'NONE', #250, #3006 ) ;
#2793 = VERTEX_POINT ( 'NONE', #718 ) ;
#2794 = CARTESIAN_POINT ( 'NONE',  ( 219.0749999999999886, -4.762499999999999289, 62.88750000000000995 ) ) ;
#2795 = LINE ( 'NONE', #523, #3242 ) ;
#2796 = EDGE_CURVE ( 'NONE', #370, #3318, #314, .T. ) ;
#2797 = EDGE_CURVE ( 'NONE', #2404, #2498, #1546, .T. ) ;
#2798 = VERTEX_POINT ( 'NONE', #2108 ) ;
#2799 = EDGE_LOOP ( 'NONE', ( #2140, #2814, #2911, #2213 ) ) ;
#2800 = LINE ( 'NONE', #2574, #2742 ) ;
#2801 = DIRECTION ( 'NONE',  ( 1.000000000000000000, 0.000000000000000000, 0.000000000000000000 ) ) ;
#2802 = FACE_OUTER_BOUND ( 'NONE', #9, .T. ) ;
#2803 = CIRCLE ( 'NONE', #2062, 2.600000000000004974 ) ;
#2804 = LINE ( 'NONE', #2614, #956 ) ;
#2805 = AXIS2_PLACEMENT_3D ( 'NONE', #2397, #449, #2977 ) ;
#2806 = DIRECTION ( 'NONE',  ( 0.000000000000000000, 0.000000000000000000, 1.000000000000000000 ) ) ;
#2807 = ORIENTED_EDGE ( 'NONE', *, *, #1649, .T. ) ;
#2808 = FACE_OUTER_BOUND ( 'NONE', #1253, .T. ) ;
#2809 = CARTESIAN_POINT ( 'NONE',  ( -83.60832999999998094, -4.762500000000000178, 61.99999999999998579 ) ) ;
#2810 = ORIENTED_EDGE ( 'NONE', *, *, #2797, .T. ) ;
#2811 = DIRECTION ( 'NONE',  ( 8.553336091103857185E-15, -0.000000000000000000, -1.000000000000000000 ) ) ;
#2812 = EDGE_CURVE ( 'NONE', #462, #2573, #3207, .T. ) ;
#2813 = AXIS2_PLACEMENT_3D ( 'NONE', #171, #1849, #1596 ) ;
#2814 = ORIENTED_EDGE ( 'NONE', *, *, #2939, .T. ) ;
#2815 = EDGE_CURVE ( 'NONE', #2549, #3383, #974, .T. ) ;
#2816 = CARTESIAN_POINT ( 'NONE',  ( -12.50000000000001066, 0.000000000000000000, 85.88749999999998863 ) ) ;
#2817 = EDGE_LOOP ( 'NONE', ( #1306, #766, #1692, #3179 ) ) ;
#2818 = ORIENTED_EDGE ( 'NONE', *, *, #2098, .F. ) ;
#2819 = ORIENTED_EDGE ( 'NONE', *, *, #72, .F. ) ;
#2820 = DIRECTION ( 'NONE',  ( 1.000000000000000000, 0.000000000000000000, 0.000000000000000000 ) ) ;
#2821 = CARTESIAN_POINT ( 'NONE',  ( 56.54589999999996053, -4.762500000000000178, -58.49999999999998579 ) ) ;
#2822 = DIRECTION ( 'NONE',  ( 0.000000000000000000, 0.000000000000000000, 1.000000000000000000 ) ) ;
#2823 = ORIENTED_EDGE ( 'NONE', *, *, #2225, .T. ) ;
#2824 = DIRECTION ( 'NONE',  ( 0.000000000000000000, 0.000000000000000000, -1.000000000000000000 ) ) ;
#2825 = CARTESIAN_POINT ( 'NONE',  ( -219.0749999999999886, 0.000000000000000000, -10.66249999999999076 ) ) ;
#2826 = PRODUCT_RELATED_PRODUCT_CATEGORY ( 'part', '', ( #2687 ) ) ;
#2827 = DIRECTION ( 'NONE',  ( 1.000000000000000000, 0.000000000000000000, 0.000000000000000000 ) ) ;
#2828 = CARTESIAN_POINT ( 'NONE',  ( -215.5749999999999886, 0.000000000000000000, 82.71249999999999147 ) ) ;
#2829 = CARTESIAN_POINT ( 'NONE',  ( 219.0749999999999886, -29.96330603869647291, -34.21249999999997726 ) ) ;
#2830 = ORIENTED_EDGE ( 'NONE', *, *, #1040, .F. ) ;
#2831 = VECTOR ( 'NONE', #683, 1000.000000000000000 ) ;
#2832 = EDGE_CURVE ( 'NONE', #1456, #1603, #2175, .T. ) ;
#2833 = LINE ( 'NONE', #404, #2883 ) ;
#2834 = ORIENTED_EDGE ( 'NONE', *, *, #2197, .F. ) ;
#2835 = AXIS2_PLACEMENT_3D ( 'NONE', #1275, #1333, #2686 ) ;
#2836 = VERTEX_POINT ( 'NONE', #2945 ) ;
#2837 = VERTEX_POINT ( 'NONE', #451 ) ;
#2838 = CARTESIAN_POINT ( 'NONE',  ( 80.71749999999960323, 0.000000000000000000, -75.96750000000035641 ) ) ;
#2839 = CARTESIAN_POINT ( 'NONE',  ( 198.3624999999999829, -4.762500000000000178, -58.49999999999998579 ) ) ;
#2840 = LINE ( 'NONE', #1461, #3046 ) ;
#2841 = AXIS2_PLACEMENT_3D ( 'NONE', #2244, #2442, #3091 ) ;
#2842 = EDGE_CURVE ( 'NONE', #1858, #31, #978, .T. ) ;
#2843 = DIRECTION ( 'NONE',  ( -0.000000000000000000, 1.000000000000000000, -0.000000000000000000 ) ) ;
#2844 = ORIENTED_EDGE ( 'NONE', *, *, #2270, .T. ) ;
#2845 = PLANE ( 'NONE',  #1695 ) ;
#2846 = ADVANCED_FACE ( 'NONE', ( #3504 ), #2727, .F. ) ;
#2847 = VECTOR ( 'NONE', #138, 1000.000000000000000 ) ;
#2848 = CARTESIAN_POINT ( 'NONE',  ( -200.0249999999999773, 0.000000000000000000, -58.49999999999997158 ) ) ;
#2849 = ORIENTED_EDGE ( 'NONE', *, *, #1394, .T. ) ;
#2850 = DIRECTION ( 'NONE',  ( 1.000000000000000000, 0.000000000000000000, 8.553336091103857185E-15 ) ) ;
#2851 = ADVANCED_FACE ( 'NONE', ( #3225 ), #2420, .T. ) ;
#2852 = CARTESIAN_POINT ( 'NONE',  ( -80.78750000000000853, -4.762499999999999289, 85.88749999999998863 ) ) ;
#2853 = ORIENTED_EDGE ( 'NONE', *, *, #3515, .F. ) ;
#2854 = VECTOR ( 'NONE', #2788, 1000.000000000000000 ) ;
#2855 = EDGE_CURVE ( 'NONE', #1478, #3398, #2399, .T. ) ;
#2856 = DIRECTION ( 'NONE',  ( 0.000000000000000000, 1.000000000000000000, -0.000000000000000000 ) ) ;
#2857 = AXIS2_PLACEMENT_3D ( 'NONE', #528, #1684, #2785 ) ;
#2858 = DIRECTION ( 'NONE',  ( -1.000000000000000000, 0.000000000000000000, 1.727525453254912394E-16 ) ) ;
#2859 = ORIENTED_EDGE ( 'NONE', *, *, #46, .T. ) ;
#2860 = DIRECTION ( 'NONE',  ( -4.276668045551928593E-15, 0.000000000000000000, 1.000000000000000000 ) ) ;
#2861 = ORIENTED_EDGE ( 'NONE', *, *, #1240, .T. ) ;
#2862 = VERTEX_POINT ( 'NONE', #2711 ) ;
#2863 = PLANE ( 'NONE',  #1644 ) ;
#2864 = DIRECTION ( 'NONE',  ( -0.000000000000000000, 1.000000000000000000, -0.000000000000000000 ) ) ;
#2865 = CARTESIAN_POINT ( 'NONE',  ( -12.50000000000001066, -29.96330603869648357, 85.88749999999998863 ) ) ;
#2866 = CARTESIAN_POINT ( 'NONE',  ( -199.1450000000003229, -10.00000000000000000, -75.96750000000035641 ) ) ;
#2867 = EDGE_LOOP ( 'NONE', ( #798, #2564, #1699, #861 ) ) ;
#2868 = LINE ( 'NONE', #1503, #165 ) ;
#2869 = VECTOR ( 'NONE', #1181, 1000.000000000000000 ) ;
#2870 = ORIENTED_EDGE ( 'NONE', *, *, #1459, .F. ) ;
#2871 = DIRECTION ( 'NONE',  ( 0.000000000000000000, 1.000000000000000000, -0.000000000000000000 ) ) ;
#2872 = CARTESIAN_POINT ( 'NONE',  ( -219.0749999999999886, -4.762500000000000178, -79.21249999999999147 ) ) ;
#2873 = CARTESIAN_POINT ( 'NONE',  ( -70.90832999999996389, 0.000000000000000000, -58.97187499999999005 ) ) ;
#2874 = VERTEX_POINT ( 'NONE', #1567 ) ;
#2875 = CARTESIAN_POINT ( 'NONE',  ( 222.2500000000000000, 0.000000000000000000, 37.88750000000000284 ) ) ;
#2876 = ORIENTED_EDGE ( 'NONE', *, *, #2724, .T. ) ;
#2877 = ADVANCED_FACE ( 'NONE', ( #1871 ), #2979, .F. ) ;
#2878 = VECTOR ( 'NONE', #372, 1000.000000000000000 ) ;
#2879 = VECTOR ( 'NONE', #763, 1000.000000000000000 ) ;
#2880 = EDGE_LOOP ( 'NONE', ( #268, #2021, #951, #98 ) ) ;
#2881 = ADVANCED_FACE ( 'NONE', ( #194 ), #1338, .F. ) ;
#2882 = FACE_OUTER_BOUND ( 'NONE', #413, .T. ) ;
#2883 = VECTOR ( 'NONE', #2676, 1000.000000000000000 ) ;
#2884 = LINE ( 'NONE', #3120, #456 ) ;
#2885 = ORIENTED_EDGE ( 'NONE', *, *, #2994, .T. ) ;
#2886 = CARTESIAN_POINT ( 'NONE',  ( -80.71750000000034220, -4.762500000000000178, -79.21249999999999147 ) ) ;
#2887 = DIRECTION ( 'NONE',  ( 1.000000000000000000, 0.000000000000000000, 0.000000000000000000 ) ) ;
#2888 = EDGE_CURVE ( 'NONE', #3474, #1456, #1381, .T. ) ;
#2889 = VERTEX_POINT ( 'NONE', #1091 ) ;
#2890 = AXIS2_PLACEMENT_3D ( 'NONE', #1499, #1216, #946 ) ;
#2891 = DIRECTION ( 'NONE',  ( -0.000000000000000000, 1.000000000000000000, -0.000000000000000000 ) ) ;
#2892 = ORIENTED_EDGE ( 'NONE', *, *, #3571, .T. ) ;
#2893 = ORIENTED_EDGE ( 'NONE', *, *, #2136, .F. ) ;
#2894 = DIRECTION ( 'NONE',  ( 0.000000000000000000, 1.000000000000000000, 0.000000000000000000 ) ) ;
#2895 = CARTESIAN_POINT ( 'NONE',  ( 219.0749999999999886, -29.96330603869647291, -59.21249999999998437 ) ) ;
#2896 = ORIENTED_EDGE ( 'NONE', *, *, #1395, .T. ) ;
#2897 = VECTOR ( 'NONE', #3466, 1000.000000000000000 ) ;
#2898 = ORIENTED_EDGE ( 'NONE', *, *, #1795, .T. ) ;
#2899 = CIRCLE ( 'NONE', #1801, 1.662500000000004308 ) ;
#2900 = FACE_BOUND ( 'NONE', #1448, .T. ) ;
#2901 = CARTESIAN_POINT ( 'NONE',  ( -70.90832999999996389, -4.762500000000000178, -58.97187499999999005 ) ) ;
#2902 = ORIENTED_EDGE ( 'NONE', *, *, #2516, .T. ) ;
#2903 = ORIENTED_EDGE ( 'NONE', *, *, #2704, .F. ) ;
#2904 = LINE ( 'NONE', #2872, #6 ) ;
#2905 = ORIENTED_EDGE ( 'NONE', *, *, #901, .T. ) ;
#2906 = LINE ( 'NONE', #1298, #357 ) ;
#2907 = ORIENTED_EDGE ( 'NONE', *, *, #2056, .T. ) ;
#2908 = AXIS2_PLACEMENT_3D ( 'NONE', #2204, #3618, #2787 ) ;
#2909 = PLANE ( 'NONE',  #2547 ) ;
#2910 = DIRECTION ( 'NONE',  ( 0.000000000000000000, 1.000000000000000000, 0.000000000000000000 ) ) ;
#2911 = ORIENTED_EDGE ( 'NONE', *, *, #3438, .F. ) ;
#2912 = AXIS2_PLACEMENT_3D ( 'NONE', #3134, #1178, #2291 ) ;
#2913 = EDGE_LOOP ( 'NONE', ( #281, #323, #3217, #3364 ) ) ;
#2914 = DIRECTION ( 'NONE',  ( -1.000000000000000000, -0.000000000000000000, -0.000000000000000000 ) ) ;
#2915 = VECTOR ( 'NONE', #857, 1000.000000000000000 ) ;
#2916 = EDGE_CURVE ( 'NONE', #76, #2793, #2264, .T. ) ;
#2917 = DIRECTION ( 'NONE',  ( 0.000000000000000000, -0.000000000000000000, 1.000000000000000000 ) ) ;
#2918 = EDGE_CURVE ( 'NONE', #107, #8, #3049, .T. ) ;
#2919 = LINE ( 'NONE', #651, #1600 ) ;
#2920 = ORIENTED_EDGE ( 'NONE', *, *, #713, .T. ) ;
#2921 = LINE ( 'NONE', #1520, #1579 ) ;
#2922 = CARTESIAN_POINT ( 'NONE',  ( 200.0250000000000057, -4.762500000000000178, 61.99999999999998579 ) ) ;
#2923 = ORIENTED_EDGE ( 'NONE', *, *, #2985, .T. ) ;
#2924 = CARTESIAN_POINT ( 'NONE',  ( -222.2500000000000000, -29.96330603869647291, -10.66249999999999076 ) ) ;
#2925 = LINE ( 'NONE', #3185, #192 ) ;
#2926 = ORIENTED_EDGE ( 'NONE', *, *, #551, .F. ) ;
#2927 = DIRECTION ( 'NONE',  ( 1.000000000000000000, -0.000000000000000000, 0.000000000000000000 ) ) ;
#2928 = ORIENTED_EDGE ( 'NONE', *, *, #2948, .F. ) ;
#2929 = ORIENTED_EDGE ( 'NONE', *, *, #3067, .F. ) ;
#2930 = VECTOR ( 'NONE', #245, 1000.000000000000000 ) ;
#2931 = CARTESIAN_POINT ( 'NONE',  ( -219.0749999999999886, -4.762500000000000178, -79.21249999999999147 ) ) ;
#2932 = VERTEX_POINT ( 'NONE', #1404 ) ;
#2933 = EDGE_CURVE ( 'NONE', #652, #679, #1279, .T. ) ;
#2934 = EDGE_LOOP ( 'NONE', ( #2987, #1030, #266, #1370 ) ) ;
#2935 = PLANE ( 'NONE',  #2414 ) ;
#2936 = ORIENTED_EDGE ( 'NONE', *, *, #1288, .F. ) ;
#2937 = VECTOR ( 'NONE', #1686, 1000.000000000000000 ) ;
#2938 = VERTEX_POINT ( 'NONE', #1946 ) ;
#2939 = EDGE_CURVE ( 'NONE', #1177, #2128, #501, .T. ) ;
#2940 = PLANE ( 'NONE',  #1949 ) ;
#2941 = VECTOR ( 'NONE', #745, 1000.000000000000000 ) ;
#2942 = ORIENTED_EDGE ( 'NONE', *, *, #487, .F. ) ;
#2943 = CARTESIAN_POINT ( 'NONE',  ( -219.0749999999999886, 0.000000000000000000, -79.21249999999999147 ) ) ;
#2944 = EDGE_CURVE ( 'NONE', #1953, #3086, #3640, .T. ) ;
#2945 = CARTESIAN_POINT ( 'NONE',  ( -58.20832999999997526, 0.000000000000000000, -58.49999999999998579 ) ) ;
#2946 = CARTESIAN_POINT ( 'NONE',  ( -219.0749999999999886, 0.000000000000000000, 14.33750000000001634 ) ) ;
#2947 = ORIENTED_EDGE ( 'NONE', *, *, #2744, .F. ) ;
#2948 = EDGE_CURVE ( 'NONE', #2455, #3203, #3576, .T. ) ;
#2949 = ORIENTED_EDGE ( 'NONE', *, *, #1372, .F. ) ;
#2950 = CARTESIAN_POINT ( 'NONE',  ( 80.78749999999998010, 0.000000000000000000, 85.88749999999998863 ) ) ;
#2951 = CARTESIAN_POINT ( 'NONE',  ( -219.0749999999999886, -4.762499999999999289, 62.88750000000000995 ) ) ;
#2952 = ORIENTED_EDGE ( 'NONE', *, *, #3622, .T. ) ;
#2953 = DIRECTION ( 'NONE',  ( 0.000000000000000000, 0.000000000000000000, 1.000000000000000000 ) ) ;
#2954 = DIRECTION ( 'NONE',  ( -0.000000000000000000, -0.000000000000000000, -1.000000000000000000 ) ) ;
#2955 = DIRECTION ( 'NONE',  ( 2.303367271006550024E-16, 0.000000000000000000, 1.000000000000000000 ) ) ;
#2956 = EDGE_CURVE ( 'NONE', #3331, #1953, #788, .T. ) ;
#2957 = DIRECTION ( 'NONE',  ( 0.000000000000000000, 0.000000000000000000, -1.000000000000000000 ) ) ;
#2958 = ADVANCED_FACE ( 'NONE', ( #2808 ), #3089, .F. ) ;
#2959 = PLANE ( 'NONE',  #3132 ) ;
#2960 = EDGE_CURVE ( 'NONE', #3318, #1694, #246, .T. ) ;
#2961 = LINE ( 'NONE', #2931, #3641 ) ;
#2962 = LINE ( 'NONE', #438, #1129 ) ;
#2963 = ORIENTED_EDGE ( 'NONE', *, *, #1105, .F. ) ;
#2964 = EDGE_CURVE ( 'NONE', #1131, #1136, #852, .T. ) ;
#2965 = EDGE_CURVE ( 'NONE', #2578, #1198, #2209, .T. ) ;
#2966 = VECTOR ( 'NONE', #714, 1000.000000000000000 ) ;
#2967 = ORIENTED_EDGE ( 'NONE', *, *, #130, .F. ) ;
#2968 = CARTESIAN_POINT ( 'NONE',  ( 222.2500000000000000, 0.000000000000000000, -34.21249999999997726 ) ) ;
#2969 = CARTESIAN_POINT ( 'NONE',  ( 70.90839999999995769, -4.762500000000000178, -61.52187499999995168 ) ) ;
#2970 = ORIENTED_EDGE ( 'NONE', *, *, #396, .F. ) ;
#2971 = VERTEX_POINT ( 'NONE', #1366 ) ;
#2972 = CARTESIAN_POINT ( 'NONE',  ( -56.54582999999997384, -4.762500000000000178, -60.16249999999998721 ) ) ;
#2973 = LINE ( 'NONE', #971, #2669 ) ;
#2974 = ADVANCED_FACE ( 'NONE', ( #1653 ), #3604, .F. ) ;
#2975 = LINE ( 'NONE', #3498, #102 ) ;
#2976 = DIRECTION ( 'NONE',  ( 0.000000000000000000, -0.000000000000000000, -1.000000000000000000 ) ) ;
#2977 = DIRECTION ( 'NONE',  ( 0.000000000000000000, 0.000000000000000000, 1.000000000000000000 ) ) ;
#2978 = CARTESIAN_POINT ( 'NONE',  ( 70.90839999999984400, 0.000000000000000000, 48.90937500000048033 ) ) ;
#2979 = CYLINDRICAL_SURFACE ( 'NONE', #3542, 2.600000000000004974 ) ;
#2980 = ORIENTED_EDGE ( 'NONE', *, *, #166, .T. ) ;
#2981 = CARTESIAN_POINT ( 'NONE',  ( -222.2500000000000000, 0.000000000000000000, 62.88750000000000995 ) ) ;
#2982 = VECTOR ( 'NONE', #1815, 1000.000000000000000 ) ;
#2983 = EDGE_LOOP ( 'NONE', ( #2622, #2146, #2245, #3628 ) ) ;
#2984 = DIRECTION ( 'NONE',  ( 0.000000000000000000, 0.000000000000000000, 1.000000000000000000 ) ) ;
#2985 = EDGE_CURVE ( 'NONE', #3366, #2411, #3344, .T. ) ;
#2986 = DIRECTION ( 'NONE',  ( -1.000000000000000000, 0.000000000000000000, 0.000000000000000000 ) ) ;
#2987 = ORIENTED_EDGE ( 'NONE', *, *, #368, .T. ) ;
#2988 = EDGE_CURVE ( 'NONE', #1680, #513, #79, .T. ) ;
#2989 = DIRECTION ( 'NONE',  ( 1.000000000000000000, 0.000000000000000000, 0.000000000000000000 ) ) ;
#2990 = ORIENTED_EDGE ( 'NONE', *, *, #782, .T. ) ;
#2991 = LINE ( 'NONE', #1918, #1932 ) ;
#2992 = DIRECTION ( 'NONE',  ( -0.000000000000000000, 1.000000000000000000, -0.000000000000000000 ) ) ;
#2993 = DIRECTION ( 'NONE',  ( 0.000000000000000000, 1.000000000000000000, 0.000000000000000000 ) ) ;
#2994 = EDGE_CURVE ( 'NONE', #1680, #2549, #56, .T. ) ;
#2995 = DIRECTION ( 'NONE',  ( 0.000000000000000000, 1.000000000000000000, -0.000000000000000000 ) ) ;
#2996 = VERTEX_POINT ( 'NONE', #1441 ) ;
#2997 = LINE ( 'NONE', #1113, #2251 ) ;
#2998 = VERTEX_POINT ( 'NONE', #2307 ) ;
#2999 = DIRECTION ( 'NONE',  ( 0.000000000000000000, 0.000000000000000000, -1.000000000000000000 ) ) ;
#3000 = CARTESIAN_POINT ( 'NONE',  ( -215.5750000000000171, -4.762500000000000178, -75.96750000000035641 ) ) ;
#3001 = ORIENTED_EDGE ( 'NONE', *, *, #1040, .T. ) ;
#3002 = FACE_OUTER_BOUND ( 'NONE', #903, .T. ) ;
#3003 = LINE ( 'NONE', #1647, #3492 ) ;
#3004 = FACE_OUTER_BOUND ( 'NONE', #411, .T. ) ;
#3005 = LINE ( 'NONE', #135, #1302 ) ;
#3006 = VECTOR ( 'NONE', #3348, 1000.000000000000000 ) ;
#3007 = CARTESIAN_POINT ( 'NONE',  ( 222.2500000000000000, 0.000000000000000000, 14.33750000000001634 ) ) ;
#3008 = DIRECTION ( 'NONE',  ( -0.000000000000000000, 1.000000000000000000, -0.000000000000000000 ) ) ;
#3009 = AXIS2_PLACEMENT_3D ( 'NONE', #2211, #1640, #1078 ) ;
#3010 = VERTEX_POINT ( 'NONE', #2562 ) ;
#3011 = EDGE_CURVE ( 'NONE', #757, #3613, #1505, .T. ) ;
#3012 = ORIENTED_EDGE ( 'NONE', *, *, #2560, .F. ) ;
#3013 = DIRECTION ( 'NONE',  ( -1.000000000000000000, -0.000000000000000000, -0.000000000000000000 ) ) ;
#3014 = DIRECTION ( 'NONE',  ( 1.000000000000000000, 0.000000000000000000, 0.000000000000000000 ) ) ;
#3015 = EDGE_LOOP ( 'NONE', ( #2237, #626 ) ) ;
#3016 = VECTOR ( 'NONE', #2563, 1000.000000000000000 ) ;
#3017 = DIRECTION ( 'NONE',  ( -0.000000000000000000, 1.000000000000000000, -0.000000000000000000 ) ) ;
#3018 = FACE_OUTER_BOUND ( 'NONE', #3253, .T. ) ;
#3019 = ORIENTED_EDGE ( 'NONE', *, *, #2721, .T. ) ;
#3020 = AXIS2_PLACEMENT_3D ( 'NONE', #35, #1205, #2603 ) ;
#3021 = CARTESIAN_POINT ( 'NONE',  ( 198.3624999999999829, -4.762500000000000178, -58.49999999999998579 ) ) ;
#3022 = ADVANCED_FACE ( 'NONE', ( #2058 ), #3401, .T. ) ;
#3023 = LINE ( 'NONE', #3614, #148 ) ;
#3024 = LINE ( 'NONE', #1957, #2662 ) ;
#3025 = FACE_BOUND ( 'NONE', #2358, .T. ) ;
#3026 = VECTOR ( 'NONE', #1840, 1000.000000000000000 ) ;
#3027 = LINE ( 'NONE', #210, #309 ) ;
#3028 = CARTESIAN_POINT ( 'NONE',  ( -219.0749999999999886, -29.96330603869647291, 14.33750000000001634 ) ) ;
#3029 = CIRCLE ( 'NONE', #2571, 1.662500000000011191 ) ;
#3030 = ORIENTED_EDGE ( 'NONE', *, *, #350, .T. ) ;
#3031 = VERTEX_POINT ( 'NONE', #594 ) ;
#3032 = DIRECTION ( 'NONE',  ( 0.000000000000000000, 0.000000000000000000, -1.000000000000000000 ) ) ;
#3033 = CARTESIAN_POINT ( 'NONE',  ( -83.60832999999999515, -4.762500000000000178, -58.49999999999998579 ) ) ;
#3034 = AXIS2_PLACEMENT_3D ( 'NONE', #1100, #3037, #205 ) ;
#3035 = CARTESIAN_POINT ( 'NONE',  ( -83.60832999999998094, -4.762500000000000178, 61.99999999999998579 ) ) ;
#3036 = ORIENTED_EDGE ( 'NONE', *, *, #178, .F. ) ;
#3037 = DIRECTION ( 'NONE',  ( -0.000000000000000000, 1.000000000000000000, -0.000000000000000000 ) ) ;
#3038 = ORIENTED_EDGE ( 'NONE', *, *, #3354, .F. ) ;
#3039 = CARTESIAN_POINT ( 'NONE',  ( -200.0249999999999773, -4.762500000000000178, -58.49999999999997158 ) ) ;
#3040 = DIRECTION ( 'NONE',  ( 0.000000000000000000, 0.000000000000000000, 1.000000000000000000 ) ) ;
#3041 = FACE_OUTER_BOUND ( 'NONE', #399, .T. ) ;
#3042 = EDGE_CURVE ( 'NONE', #2938, #596, #3428, .T. ) ;
#3043 = DIRECTION ( 'NONE',  ( -0.000000000000000000, -0.000000000000000000, 1.000000000000000000 ) ) ;
#3044 = ORIENTED_EDGE ( 'NONE', *, *, #2409, .T. ) ;
#3045 = EDGE_CURVE ( 'NONE', #3255, #1198, #2076, .T. ) ;
#3046 = VECTOR ( 'NONE', #2576, 1000.000000000000000 ) ;
#3047 = AXIS2_PLACEMENT_3D ( 'NONE', #1780, #654, #2636 ) ;
#3048 = EDGE_CURVE ( 'NONE', #2313, #3625, #3164, .T. ) ;
#3049 = LINE ( 'NONE', #1132, #3382 ) ;
#3050 = VERTEX_POINT ( 'NONE', #1467 ) ;
#3051 = DIRECTION ( 'NONE',  ( 0.000000000000000000, 0.000000000000000000, 1.000000000000000000 ) ) ;
#3052 = CARTESIAN_POINT ( 'NONE',  ( -105.8574999999996749, -4.762500000000000178, 79.21249999999952252 ) ) ;
#3053 = ORIENTED_EDGE ( 'NONE', *, *, #734, .F. ) ;
#3054 = VECTOR ( 'NONE', #2645, 1000.000000000000000 ) ;
#3055 = LINE ( 'NONE', #3351, #348 ) ;
#3056 = DIRECTION ( 'NONE',  ( 0.000000000000000000, 0.000000000000000000, 1.000000000000000000 ) ) ;
#3057 = VERTEX_POINT ( 'NONE', #1751 ) ;
#3058 = AXIS2_PLACEMENT_3D ( 'NONE', #389, #441, #1608 ) ;
#3059 = CARTESIAN_POINT ( 'NONE',  ( -199.1450000000029945, -4.762500000000000178, 79.21250000000027569 ) ) ;
#3060 = VERTEX_POINT ( 'NONE', #636 ) ;
#3061 = DIRECTION ( 'NONE',  ( 0.000000000000000000, 0.000000000000000000, 1.000000000000000000 ) ) ;
#3062 = ADVANCED_FACE ( 'NONE', ( #319 ), #2340, .T. ) ;
#3063 = CARTESIAN_POINT ( 'NONE',  ( -219.0749999999999886, -4.762500000000000178, -79.21249999999999147 ) ) ;
#3064 = AXIS2_PLACEMENT_3D ( 'NONE', #2780, #1641, #811 ) ;
#3065 = ORIENTED_EDGE ( 'NONE', *, *, #647, .F. ) ;
#3066 = ORIENTED_EDGE ( 'NONE', *, *, #1389, .T. ) ;
#3067 = EDGE_CURVE ( 'NONE', #1953, #3329, #1802, .T. ) ;
#3068 = ORIENTED_EDGE ( 'NONE', *, *, #1397, .T. ) ;
#3069 = CARTESIAN_POINT ( 'NONE',  ( -70.90832999999996389, -4.762500000000000178, -58.97187499999999005 ) ) ;
#3070 = ADVANCED_FACE ( 'NONE', ( #3386 ), #865, .F. ) ;
#3071 = ORIENTED_EDGE ( 'NONE', *, *, #1296, .T. ) ;
#3072 = EDGE_CURVE ( 'NONE', #1440, #444, #2018, .T. ) ;
#3073 = CARTESIAN_POINT ( 'NONE',  ( 12.49999999999999112, -4.762500000000006395, 85.88749999999998863 ) ) ;
#3074 = DIRECTION ( 'NONE',  ( -0.000000000000000000, 1.000000000000000000, -0.000000000000000000 ) ) ;
#3075 = ORIENTED_EDGE ( 'NONE', *, *, #1530, .F. ) ;
#3076 = ADVANCED_FACE ( 'NONE', ( #1869 ), #3501, .F. ) ;
#3077 = ORIENTED_EDGE ( 'NONE', *, *, #1565, .F. ) ;
#3078 = DIRECTION ( 'NONE',  ( -0.000000000000000000, -0.000000000000000000, -1.000000000000000000 ) ) ;
#3079 = FACE_OUTER_BOUND ( 'NONE', #2266, .T. ) ;
#3080 = CARTESIAN_POINT ( 'NONE',  ( -198.3624999999999545, -4.762500000000000178, 63.66249999999998010 ) ) ;
#3081 = VECTOR ( 'NONE', #2357, 1000.000000000000000 ) ;
#3082 = DIRECTION ( 'NONE',  ( 0.000000000000000000, -0.000000000000000000, 1.000000000000000000 ) ) ;
#3083 = CARTESIAN_POINT ( 'NONE',  ( -70.90832999999996389, -4.762500000000000178, -18.49062499999999787 ) ) ;
#3084 = DIRECTION ( 'NONE',  ( -0.000000000000000000, -0.000000000000000000, -1.000000000000000000 ) ) ;
#3085 = AXIS2_PLACEMENT_3D ( 'NONE', #3633, #1138, #2513 ) ;
#3086 = VERTEX_POINT ( 'NONE', #3245 ) ;
#3087 = EDGE_CURVE ( 'NONE', #168, #2061, #1280, .T. ) ;
#3088 = CIRCLE ( 'NONE', #1818, 1.662500000000011191 ) ;
#3089 = PLANE ( 'NONE',  #2451 ) ;
#3090 = AXIS2_PLACEMENT_3D ( 'NONE', #2839, #606, #289 ) ;
#3091 = DIRECTION ( 'NONE',  ( 0.000000000000000000, 0.000000000000000000, 1.000000000000000000 ) ) ;
#3092 = VERTEX_POINT ( 'NONE', #994 ) ;
#3093 = CARTESIAN_POINT ( 'NONE',  ( 56.54589999999996053, -4.762500000000000178, -58.49999999999998579 ) ) ;
#3094 = EDGE_LOOP ( 'NONE', ( #175, #336, #632, #3233 ) ) ;
#3095 = CARTESIAN_POINT ( 'NONE',  ( 199.0749999999999886, -4.762499999999999289, 85.88749999999998863 ) ) ;
#3096 = DIRECTION ( 'NONE',  ( -0.000000000000000000, 1.000000000000000000, -0.000000000000000000 ) ) ;
#3097 = EDGE_CURVE ( 'NONE', #558, #1969, #2678, .T. ) ;
#3098 = ORIENTED_EDGE ( 'NONE', *, *, #2494, .F. ) ;
#3099 = DIRECTION ( 'NONE',  ( 1.000000000000000000, 0.000000000000000000, 0.000000000000000000 ) ) ;
#3100 = DIRECTION ( 'NONE',  ( -0.000000000000000000, 1.000000000000000000, -0.000000000000000000 ) ) ;
#3101 = VECTOR ( 'NONE', #2147, 1000.000000000000000 ) ;
#3102 = AXIS2_PLACEMENT_3D ( 'NONE', #770, #1615, #1259 ) ;
#3103 = ORIENTED_EDGE ( 'NONE', *, *, #1408, .T. ) ;
#3104 = DIRECTION ( 'NONE',  ( -1.710667218220771437E-14, 0.000000000000000000, 1.000000000000000000 ) ) ;
#3105 = CARTESIAN_POINT ( 'NONE',  ( -219.0749999999999886, -29.96330603869647291, -34.21249999999997726 ) ) ;
#3106 = FACE_OUTER_BOUND ( 'NONE', #3590, .T. ) ;
#3107 = ORIENTED_EDGE ( 'NONE', *, *, #166, .F. ) ;
#3108 = AXIS2_PLACEMENT_3D ( 'NONE', #2170, #693, #2955 ) ;
#3109 = CARTESIAN_POINT ( 'NONE',  ( -70.90832999999996389, -4.762500000000000178, -18.49062499999999787 ) ) ;
#3110 = EDGE_LOOP ( 'NONE', ( #2354, #2339, #47, #2589 ) ) ;
#3111 = DIRECTION ( 'NONE',  ( -0.000000000000000000, 1.000000000000000000, -0.000000000000000000 ) ) ;
#3112 = AXIS2_PLACEMENT_3D ( 'NONE', #1510, #2858, #928 ) ;
#3113 = DIRECTION ( 'NONE',  ( 0.000000000000000000, 0.000000000000000000, 1.000000000000000000 ) ) ;
#3114 = VERTEX_POINT ( 'NONE', #674 ) ;
#3115 = DIRECTION ( 'NONE',  ( 0.000000000000000000, 0.000000000000000000, -1.000000000000000000 ) ) ;
#3116 = ORIENTED_EDGE ( 'NONE', *, *, #2759, .F. ) ;
#3117 = DIRECTION ( 'NONE',  ( -2.185478394931412547E-15, 0.000000000000000000, -1.000000000000000000 ) ) ;
#3118 = LINE ( 'NONE', #587, #1777 ) ;
#3119 = EDGE_LOOP ( 'NONE', ( #147, #129, #1875, #3077 ) ) ;
#3120 = CARTESIAN_POINT ( 'NONE',  ( 105.7874999999999801, 0.000000000000000000, 85.88749999999998863 ) ) ;
#3121 = EDGE_CURVE ( 'NONE', #3128, #3302, #430, .T. ) ;
#3122 = EDGE_LOOP ( 'NONE', ( #1430, #1115, #2334, #1722 ) ) ;
#3123 = AXIS2_PLACEMENT_3D ( 'NONE', #1595, #1612, #2432 ) ;
#3124 = EDGE_LOOP ( 'NONE', ( #3279, #1407, #2514, #305 ) ) ;
#3125 = ADVANCED_FACE ( 'NONE', ( #3277 ), #418, .T. ) ;
#3126 = CARTESIAN_POINT ( 'NONE',  ( 219.0749999999999886, -4.762500000000000178, -79.21249999999999147 ) ) ;
#3127 = CARTESIAN_POINT ( 'NONE',  ( 80.78749999999998010, -29.96330603869648357, 85.88749999999998863 ) ) ;
#3128 = VERTEX_POINT ( 'NONE', #3483 ) ;
#3129 = FACE_OUTER_BOUND ( 'NONE', #2728, .T. ) ;
#3130 = LINE ( 'NONE', #338, #3363 ) ;
#3131 = ORIENTED_EDGE ( 'NONE', *, *, #1795, .F. ) ;
#3132 = AXIS2_PLACEMENT_3D ( 'NONE', #1282, #1543, #118 ) ;
#3133 = EDGE_CURVE ( 'NONE', #2183, #2426, #1851, .T. ) ;
#3134 = CARTESIAN_POINT ( 'NONE',  ( -219.0749999999999886, -29.96330603869647291, -59.21249999999998437 ) ) ;
#3135 = FACE_OUTER_BOUND ( 'NONE', #1572, .T. ) ;
#3136 = ADVANCED_BREP_SHAPE_REPRESENTATION ( 'Chassis_Front_Plate', ( #332, #617 ), #20 ) ;
#3137 = LINE ( 'NONE', #1757, #3330 ) ;
#3138 = ORIENTED_EDGE ( 'NONE', *, *, #2149, .T. ) ;
#3139 = ORIENTED_EDGE ( 'NONE', *, *, #1744, .F. ) ;
#3140 = LINE ( 'NONE', #834, #2049 ) ;
#3141 = FACE_OUTER_BOUND ( 'NONE', #918, .T. ) ;
#3142 = EDGE_CURVE ( 'NONE', #1955, #1095, #2708, .T. ) ;
#3143 = DIRECTION ( 'NONE',  ( 0.000000000000000000, 1.000000000000000000, 0.000000000000000000 ) ) ;
#3144 = ORIENTED_EDGE ( 'NONE', *, *, #713, .F. ) ;
#3145 = CARTESIAN_POINT ( 'NONE',  ( -219.0749999999999886, 0.000000000000000000, -10.66249999999999076 ) ) ;
#3146 = DIRECTION ( 'NONE',  ( 1.000000000000000000, -0.000000000000000000, -0.000000000000000000 ) ) ;
#3147 = AXIS2_PLACEMENT_3D ( 'NONE', #1761, #1221, #2824 ) ;
#3148 = CARTESIAN_POINT ( 'NONE',  ( 56.54589999999996053, -4.762500000000000178, -60.16249999999998721 ) ) ;
#3149 = LINE ( 'NONE', #2848, #306 ) ;
#3150 = EDGE_LOOP ( 'NONE', ( #2642, #969, #2286, #2428 ) ) ;
#3151 = CARTESIAN_POINT ( 'NONE',  ( -12.50000000000001066, 0.000000000000000000, 85.88749999999998863 ) ) ;
#3152 = LINE ( 'NONE', #3369, #592 ) ;
#3153 = VERTEX_POINT ( 'NONE', #448 ) ;
#3154 = VECTOR ( 'NONE', #1014, 1000.000000000000000 ) ;
#3155 = PLANE ( 'NONE',  #2654 ) ;
#3156 = ORIENTED_EDGE ( 'NONE', *, *, #589, .T. ) ;
#3157 = ORIENTED_EDGE ( 'NONE', *, *, #1394, .F. ) ;
#3158 = CARTESIAN_POINT ( 'NONE',  ( 222.2500000000000000, -29.96330603869647291, 62.88750000000000995 ) ) ;
#3159 = DIRECTION ( 'NONE',  ( 0.000000000000000000, 1.000000000000000000, 0.000000000000000000 ) ) ;
#3160 = ORIENTED_EDGE ( 'NONE', *, *, #1768, .F. ) ;
#3161 = CARTESIAN_POINT ( 'NONE',  ( -215.5749999999999886, -4.762500000000000178, 82.71249999999999147 ) ) ;
#3162 = AXIS2_PLACEMENT_3D ( 'NONE', #2166, #3333, #1311 ) ;
#3163 = ORIENTED_EDGE ( 'NONE', *, *, #1863, .F. ) ;
#3164 = LINE ( 'NONE', #2638, #1868 ) ;
#3165 = CARTESIAN_POINT ( 'NONE',  ( 85.27089999999999748, -4.762500000000000178, 63.66249999999999432 ) ) ;
#3166 = VERTEX_POINT ( 'NONE', #1819 ) ;
#3167 = EDGE_CURVE ( 'NONE', #1095, #3302, #3260, .T. ) ;
#3168 = FACE_OUTER_BOUND ( 'NONE', #1270, .T. ) ;
#3169 = VERTEX_POINT ( 'NONE', #1597 ) ;
#3170 = EDGE_CURVE ( 'NONE', #3549, #2608, #755, .T. ) ;
#3171 = PLANE ( 'NONE',  #2912 ) ;
#3172 = ORIENTED_EDGE ( 'NONE', *, *, #417, .T. ) ;
#3173 = VECTOR ( 'NONE', #3480, 1000.000000000000000 ) ;
#3174 = VECTOR ( 'NONE', #1055, 1000.000000000000000 ) ;
#3175 = ORIENTED_EDGE ( 'NONE', *, *, #738, .T. ) ;
#3176 = DIRECTION ( 'NONE',  ( 0.000000000000000000, 1.000000000000000000, 0.000000000000000000 ) ) ;
#3177 = CIRCLE ( 'NONE', #2477, 3.499999999999989342 ) ;
#3178 = DIRECTION ( 'NONE',  ( 0.000000000000000000, 1.000000000000000000, -0.000000000000000000 ) ) ;
#3179 = ORIENTED_EDGE ( 'NONE', *, *, #3167, .T. ) ;
#3180 = PLANE ( 'NONE',  #608 ) ;
#3181 = DIRECTION ( 'NONE',  ( -0.000000000000000000, 1.000000000000000000, -0.000000000000000000 ) ) ;
#3182 = AXIS2_PLACEMENT_3D ( 'NONE', #2699, #3193, #2984 ) ;
#3183 = EDGE_CURVE ( 'NONE', #3243, #3405, #541, .T. ) ;
#3184 = CARTESIAN_POINT ( 'NONE',  ( -219.0749999999999886, -4.762500000000000178, -79.21249999999999147 ) ) ;
#3185 = CARTESIAN_POINT ( 'NONE',  ( 105.8574999999996464, -10.00000000000000000, -75.96750000000035641 ) ) ;
#3186 = ORIENTED_EDGE ( 'NONE', *, *, #988, .T. ) ;
#3187 = EDGE_CURVE ( 'NONE', #2693, #2998, #190, .T. ) ;
#3188 = CARTESIAN_POINT ( 'NONE',  ( -80.71750000000034220, -4.762500000000000178, -75.96750000000035641 ) ) ;
#3189 = ORIENTED_EDGE ( 'NONE', *, *, #686, .F. ) ;
#3190 = CIRCLE ( 'NONE', #3254, 2.549999999999993161 ) ;
#3191 = ADVANCED_FACE ( 'NONE', ( #114 ), #1257, .F. ) ;
#3192 = ORIENTED_EDGE ( 'NONE', *, *, #3011, .F. ) ;
#3193 = DIRECTION ( 'NONE',  ( -0.000000000000000000, 1.000000000000000000, -0.000000000000000000 ) ) ;
#3194 = VECTOR ( 'NONE', #1547, 1000.000000000000000 ) ;
#3195 = DIRECTION ( 'NONE',  ( 0.000000000000000000, 1.000000000000000000, 0.000000000000000000 ) ) ;
#3196 = ORIENTED_EDGE ( 'NONE', *, *, #262, .F. ) ;
#3197 = CARTESIAN_POINT ( 'NONE',  ( 200.0249999999999773, 0.000000000000000000, -58.49999999999997158 ) ) ;
#3198 = DIRECTION ( 'NONE',  ( -0.000000000000000000, 1.000000000000000000, -0.000000000000000000 ) ) ;
#3199 = ORIENTED_EDGE ( 'NONE', *, *, #894, .F. ) ;
#3200 = VECTOR ( 'NONE', #358, 1000.000000000000000 ) ;
#3201 = ORIENTED_EDGE ( 'NONE', *, *, #2306, .T. ) ;
#3202 = CARTESIAN_POINT ( 'NONE',  ( -219.0749999999999886, -4.762499999999999289, -34.21249999999997726 ) ) ;
#3203 = VERTEX_POINT ( 'NONE', #3007 ) ;
#3204 = EDGE_CURVE ( 'NONE', #868, #3487, #1709, .T. ) ;
#3205 = AXIS2_PLACEMENT_3D ( 'NONE', #1317, #3221, #1887 ) ;
#3206 = DIRECTION ( 'NONE',  ( 0.000000000000000000, 1.000000000000000000, -0.000000000000000000 ) ) ;
#3207 = CIRCLE ( 'NONE', #18, 2.549999999999993161 ) ;
#3208 = CARTESIAN_POINT ( 'NONE',  ( 222.2500000000000000, -29.96330603869647291, 37.88750000000000284 ) ) ;
#3209 = VERTEX_POINT ( 'NONE', #805 ) ;
#3210 = EDGE_CURVE ( 'NONE', #1413, #3114, #1365, .T. ) ;
#3211 = VECTOR ( 'NONE', #642, 1000.000000000000000 ) ;
#3212 = ORIENTED_EDGE ( 'NONE', *, *, #1130, .T. ) ;
#3213 = AXIS2_PLACEMENT_3D ( 'NONE', #3550, #1054, #3288 ) ;
#3214 = LINE ( 'NONE', #2365, #2715 ) ;
#3215 = CARTESIAN_POINT ( 'NONE',  ( -174.0750000000000171, 0.000000000000000000, 85.88749999999998863 ) ) ;
#3216 = ORIENTED_EDGE ( 'NONE', *, *, #2433, .F. ) ;
#3217 = ORIENTED_EDGE ( 'NONE', *, *, #355, .F. ) ;
#3218 = CARTESIAN_POINT ( 'NONE',  ( -85.27082999999997526, -4.762500000000000178, 61.99999999999998579 ) ) ;
#3219 = LINE ( 'NONE', #445, #302 ) ;
#3220 = ORIENTED_EDGE ( 'NONE', *, *, #1945, .T. ) ;
#3221 = DIRECTION ( 'NONE',  ( 0.000000000000000000, 1.000000000000000000, -0.000000000000000000 ) ) ;
#3222 = FACE_OUTER_BOUND ( 'NONE', #1763, .T. ) ;
#3223 = ADVANCED_FACE ( 'NONE', ( #2489 ), #1974, .T. ) ;
#3224 = DIRECTION ( 'NONE',  ( -0.000000000000000000, 1.000000000000000000, -0.000000000000000000 ) ) ;
#3225 = FACE_OUTER_BOUND ( 'NONE', #3310, .T. ) ;
#3226 = ORIENTED_EDGE ( 'NONE', *, *, #2535, .T. ) ;
#3227 = DIRECTION ( 'NONE',  ( 0.000000000000000000, 0.000000000000000000, 1.000000000000000000 ) ) ;
#3228 = EDGE_LOOP ( 'NONE', ( #779, #193, #1466, #2770 ) ) ;
#3229 = SHAPE_DEFINITION_REPRESENTATION ( #712, #3136 ) ;
#3230 = DIRECTION ( 'NONE',  ( 0.000000000000000000, 0.000000000000000000, 1.000000000000000000 ) ) ;
#3231 = ADVANCED_FACE ( 'NONE', ( #3292 ), #3339, .F. ) ;
#3232 = LINE ( 'NONE', #1029, #2419 ) ;
#3233 = ORIENTED_EDGE ( 'NONE', *, *, #2346, .T. ) ;
#3234 = VECTOR ( 'NONE', #3276, 1000.000000000000000 ) ;
#3235 = CARTESIAN_POINT ( 'NONE',  ( 70.90839999999995769, 0.000000000000000000, -61.52187499999995168 ) ) ;
#3236 = ORIENTED_EDGE ( 'NONE', *, *, #3170, .T. ) ;
#3237 = EDGE_CURVE ( 'NONE', #2971, #1804, #538, .T. ) ;
#3238 = DIRECTION ( 'NONE',  ( -0.000000000000000000, 1.000000000000000000, -0.000000000000000000 ) ) ;
#3239 = LINE ( 'NONE', #3533, #2194 ) ;
#3240 = EDGE_CURVE ( 'NONE', #614, #1979, #1334, .T. ) ;
#3241 = LINE ( 'NONE', #2705, #3234 ) ;
#3242 = VECTOR ( 'NONE', #506, 1000.000000000000000 ) ;
#3243 = VERTEX_POINT ( 'NONE', #1959 ) ;
#3244 = EDGE_CURVE ( 'NONE', #1670, #488, #1090, .T. ) ;
#3245 = CARTESIAN_POINT ( 'NONE',  ( -80.71750000000034220, 0.000000000000000000, -75.96750000000035641 ) ) ;
#3246 = DIRECTION ( 'NONE',  ( 0.000000000000000000, 1.000000000000000000, 0.000000000000000000 ) ) ;
#3247 = CYLINDRICAL_SURFACE ( 'NONE', #124, 1.662500000000011191 ) ;
#3248 = ADVANCED_FACE ( 'NONE', ( #1688 ), #1402, .F. ) ;
#3249 = ADVANCED_FACE ( 'NONE', ( #2520 ), #244, .T. ) ;
#3250 = LINE ( 'NONE', #1285, #1434 ) ;
#3251 = LINE ( 'NONE', #3470, #3054 ) ;
#3252 = VERTEX_POINT ( 'NONE', #3361 ) ;
#3253 = EDGE_LOOP ( 'NONE', ( #1865, #2371, #2733, #2191 ) ) ;
#3254 = AXIS2_PLACEMENT_3D ( 'NONE', #3109, #23, #1176 ) ;
#3255 = VERTEX_POINT ( 'NONE', #547 ) ;
#3256 = EDGE_LOOP ( 'NONE', ( #1009, #984, #2760, #1504 ) ) ;
#3257 = DIRECTION ( 'NONE',  ( 1.000000000000000000, 0.000000000000000000, -0.000000000000000000 ) ) ;
#3258 = CYLINDRICAL_SURFACE ( 'NONE', #1088, 2.549999999999993161 ) ;
#3259 = LINE ( 'NONE', #1902, #2471 ) ;
#3260 = LINE ( 'NONE', #732, #2206 ) ;
#3261 = PLANE ( 'NONE',  #3102 ) ;
#3262 = LINE ( 'NONE', #976, #475 ) ;
#3263 = EDGE_CURVE ( 'NONE', #1955, #964, #3027, .T. ) ;
#3264 = CARTESIAN_POINT ( 'NONE',  ( 219.0749999999999886, -29.96330603869647291, -10.66249999999999076 ) ) ;
#3265 = ORIENTED_EDGE ( 'NONE', *, *, #1786, .T. ) ;
#3266 = CARTESIAN_POINT ( 'NONE',  ( 80.78749999999998010, 0.000000000000000000, 85.88749999999998863 ) ) ;
#3267 = DIRECTION ( 'NONE',  ( 0.000000000000000000, 1.000000000000000000, 0.000000000000000000 ) ) ;
#3268 = EDGE_CURVE ( 'NONE', #621, #3209, #1378, .T. ) ;
#3269 = AXIS2_PLACEMENT_3D ( 'NONE', #1274, #1237, #1817 ) ;
#3270 = DIRECTION ( 'NONE',  ( -0.000000000000000000, 1.000000000000000000, -0.000000000000000000 ) ) ;
#3271 = DIRECTION ( 'NONE',  ( -0.000000000000000000, 1.000000000000000000, -0.000000000000000000 ) ) ;
#3272 = EDGE_CURVE ( 'NONE', #3613, #3209, #1650, .T. ) ;
#3273 = CARTESIAN_POINT ( 'NONE',  ( 219.0749999999999886, -4.762499999999999289, -10.66249999999999076 ) ) ;
#3274 = ORIENTED_EDGE ( 'NONE', *, *, #2504, .F. ) ;
#3275 = CARTESIAN_POINT ( 'NONE',  ( -70.90833000000007758, -4.762500000000006395, 48.90937500000045191 ) ) ;
#3276 = DIRECTION ( 'NONE',  ( 0.000000000000000000, 1.000000000000000000, 0.000000000000000000 ) ) ;
#3277 = FACE_OUTER_BOUND ( 'NONE', #2476, .T. ) ;
#3278 = DIRECTION ( 'NONE',  ( 0.000000000000000000, 0.000000000000000000, -1.000000000000000000 ) ) ;
#3279 = ORIENTED_EDGE ( 'NONE', *, *, #2516, .F. ) ;
#3280 = CARTESIAN_POINT ( 'NONE',  ( -174.0050000000003649, -10.00000000000000000, -75.96750000000035641 ) ) ;
#3281 = CIRCLE ( 'NONE', #1880, 1.662500000000011191 ) ;
#3282 = ORIENTED_EDGE ( 'NONE', *, *, #2691, .T. ) ;
#3283 = VECTOR ( 'NONE', #3008, 1000.000000000000000 ) ;
#3284 = CARTESIAN_POINT ( 'NONE',  ( -200.0249999999999488, 0.000000000000000000, 61.99999999999998579 ) ) ;
#3285 = CARTESIAN_POINT ( 'NONE',  ( -219.0749999999999886, -4.762500000000000178, -79.21249999999999147 ) ) ;
#3286 = PLANE ( 'NONE',  #753 ) ;
#3287 = ORIENTED_EDGE ( 'NONE', *, *, #2429, .F. ) ;
#3288 = DIRECTION ( 'NONE',  ( 1.000000000000000000, 0.000000000000000000, 2.454254642771561073E-16 ) ) ;
#3289 = LINE ( 'NONE', #1315, #1263 ) ;
#3290 = VECTOR ( 'NONE', #510, 1000.000000000000000 ) ;
#3291 = EDGE_CURVE ( 'NONE', #1440, #1226, #1502, .T. ) ;
#3292 = FACE_OUTER_BOUND ( 'NONE', #665, .T. ) ;
#3293 = CARTESIAN_POINT ( 'NONE',  ( 174.0049999999996828, -10.00000000000000000, -79.21249999999999147 ) ) ;
#3294 = VECTOR ( 'NONE', #3564, 1000.000000000000000 ) ;
#3295 = DIRECTION ( 'NONE',  ( -0.000000000000000000, -0.000000000000000000, 1.000000000000000000 ) ) ;
#3296 = ORIENTED_EDGE ( 'NONE', *, *, #2752, .T. ) ;
#3297 = EDGE_CURVE ( 'NONE', #868, #16, #1202, .T. ) ;
#3298 = AXIS2_PLACEMENT_3D ( 'NONE', #3551, #1632, #3040 ) ;
#3299 = LINE ( 'NONE', #1659, #173 ) ;
#3300 = DIRECTION ( 'NONE',  ( 1.000000000000000000, 0.000000000000000000, 0.000000000000000000 ) ) ;
#3301 = PLANE ( 'NONE',  #2643 ) ;
#3302 = VERTEX_POINT ( 'NONE', #2304 ) ;
#3303 = CARTESIAN_POINT ( 'NONE',  ( -58.20832999999998236, 0.000000000000000000, -58.49999999999998579 ) ) ;
#3304 = CARTESIAN_POINT ( 'NONE',  ( 215.5749999999999886, -4.762500000000000178, 82.71249999999997726 ) ) ;
#3305 = VECTOR ( 'NONE', #216, 1000.000000000000000 ) ;
#3306 = DIRECTION ( 'NONE',  ( 0.000000000000000000, 1.000000000000000000, 0.000000000000000000 ) ) ;
#3307 = EDGE_LOOP ( 'NONE', ( #1554, #3584, #1657, #1469 ) ) ;
#3308 = VECTOR ( 'NONE', #2413, 1000.000000000000000 ) ;
#3309 = DIRECTION ( 'NONE',  ( 0.000000000000000000, 1.000000000000000000, 0.000000000000000000 ) ) ;
#3310 = EDGE_LOOP ( 'NONE', ( #2949, #641, #1907, #3535 ) ) ;
#3311 = CARTESIAN_POINT ( 'NONE',  ( 58.20839999999997616, 0.000000000000000000, 61.99999999999998579 ) ) ;
#3312 = ORIENTED_EDGE ( 'NONE', *, *, #3142, .F. ) ;
#3313 = VECTOR ( 'NONE', #2620, 1000.000000000000000 ) ;
#3314 = CARTESIAN_POINT ( 'NONE',  ( 12.56999999999965745, -4.762500000000000178, -79.21249999999999147 ) ) ;
#3315 = VERTEX_POINT ( 'NONE', #3145 ) ;
#3316 = EDGE_CURVE ( 'NONE', #1986, #2996, #54, .T. ) ;
#3317 = VECTOR ( 'NONE', #3516, 1000.000000000000000 ) ;
#3318 = VERTEX_POINT ( 'NONE', #3161 ) ;
#3319 = DIRECTION ( 'NONE',  ( -1.000000000000000000, -0.000000000000000000, -6.135636606928901449E-17 ) ) ;
#3320 = DIRECTION ( 'NONE',  ( 0.000000000000000000, 0.000000000000000000, 1.000000000000000000 ) ) ;
#3321 = AXIS2_PLACEMENT_3D ( 'NONE', #2522, #2472, #3623 ) ;
#3322 = CARTESIAN_POINT ( 'NONE',  ( 12.49999999999999112, -29.96330603869648357, 85.88749999999998863 ) ) ;
#3323 = DIRECTION ( 'NONE',  ( 0.000000000000000000, 0.000000000000000000, 1.000000000000000000 ) ) ;
#3324 = VECTOR ( 'NONE', #2010, 1000.000000000000000 ) ;
#3325 = ORIENTED_EDGE ( 'NONE', *, *, #2202, .T. ) ;
#3326 = EDGE_CURVE ( 'NONE', #3128, #581, #2281, .T. ) ;
#3327 = DIRECTION ( 'NONE',  ( -0.000000000000000000, 1.000000000000000000, -0.000000000000000000 ) ) ;
#3328 = CARTESIAN_POINT ( 'NONE',  ( -80.71750000000034220, 0.000000000000000000, -79.21249999999999147 ) ) ;
#3329 = VERTEX_POINT ( 'NONE', #2886 ) ;
#3330 = VECTOR ( 'NONE', #2860, 1000.000000000000000 ) ;
#3331 = VERTEX_POINT ( 'NONE', #3413 ) ;
#3332 = ADVANCED_FACE ( 'NONE', ( #2537 ), #3180, .F. ) ;
#3333 = DIRECTION ( 'NONE',  ( 0.000000000000000000, 1.000000000000000000, 0.000000000000000000 ) ) ;
#3334 = ORIENTED_EDGE ( 'NONE', *, *, #3048, .F. ) ;
#3335 = ADVANCED_FACE ( 'NONE', ( #1727 ), #569, .T. ) ;
#3336 = CARTESIAN_POINT ( 'NONE',  ( 80.71749999999963165, 0.000000000000000000, -79.21249999999999147 ) ) ;
#3337 = EDGE_CURVE ( 'NONE', #3625, #2297, #3485, .T. ) ;
#3338 = EDGE_CURVE ( 'NONE', #345, #3057, #2338, .T. ) ;
#3339 = CYLINDRICAL_SURFACE ( 'NONE', #433, 1.662500000000011191 ) ;
#3340 = PLANE ( 'NONE',  #1885 ) ;
#3341 = ORIENTED_EDGE ( 'NONE', *, *, #630, .F. ) ;
#3342 = VECTOR ( 'NONE', #3198, 1000.000000000000000 ) ;
#3343 = VECTOR ( 'NONE', #1560, 1000.000000000000000 ) ;
#3344 = LINE ( 'NONE', #3148, #1976 ) ;
#3345 = EDGE_LOOP ( 'NONE', ( #2277, #748, #2091, #1753 ) ) ;
#3346 = CARTESIAN_POINT ( 'NONE',  ( -222.2500000000000000, 0.000000000000000000, -34.21249999999997726 ) ) ;
#3347 = EDGE_CURVE ( 'NONE', #2176, #3430, #934, .T. ) ;
#3348 = DIRECTION ( 'NONE',  ( -0.000000000000000000, -0.000000000000000000, -1.000000000000000000 ) ) ;
#3349 = ORIENTED_EDGE ( 'NONE', *, *, #2429, .T. ) ;
#3350 = VECTOR ( 'NONE', #453, 1000.000000000000000 ) ;
#3351 = CARTESIAN_POINT ( 'NONE',  ( -219.0749999999999886, -4.762499999999999289, 37.88750000000000284 ) ) ;
#3352 = DIRECTION ( 'NONE',  ( -0.000000000000000000, 1.000000000000000000, -0.000000000000000000 ) ) ;
#3353 = VECTOR ( 'NONE', #2914, 1000.000000000000000 ) ;
#3354 = EDGE_CURVE ( 'NONE', #706, #1835, #3381, .T. ) ;
#3355 = CARTESIAN_POINT ( 'NONE',  ( 198.3624999999999829, 0.000000000000000000, -58.49999999999998579 ) ) ;
#3356 = ORIENTED_EDGE ( 'NONE', *, *, #3240, .F. ) ;
#3357 = CARTESIAN_POINT ( 'NONE',  ( 83.60839999999996053, 0.000000000000000000, -58.49999999999997158 ) ) ;
#3358 = CARTESIAN_POINT ( 'NONE',  ( -215.5749999999999886, -4.762500000000000178, 82.71249999999999147 ) ) ;
#3359 = FACE_BOUND ( 'NONE', #231, .T. ) ;
#3360 = DIRECTION ( 'NONE',  ( 1.000000000000000000, 0.000000000000000000, 2.454254642771560580E-16 ) ) ;
#3361 = CARTESIAN_POINT ( 'NONE',  ( -12.50000000000001066, 0.000000000000000000, 82.71249999999999147 ) ) ;
#3362 = DIRECTION ( 'NONE',  ( -0.000000000000000000, 0.000000000000000000, 1.000000000000000000 ) ) ;
#3363 = VECTOR ( 'NONE', #3432, 1000.000000000000000 ) ;
#3364 = ORIENTED_EDGE ( 'NONE', *, *, #2197, .T. ) ;
#3365 = CARTESIAN_POINT ( 'NONE',  ( 58.20839999999996905, -4.762500000000000178, -58.49999999999998579 ) ) ;
#3366 = VERTEX_POINT ( 'NONE', #862 ) ;
#3367 = ORIENTED_EDGE ( 'NONE', *, *, #1016, .F. ) ;
#3368 = VECTOR ( 'NONE', #2347, 1000.000000000000000 ) ;
#3369 = CARTESIAN_POINT ( 'NONE',  ( -215.5749999999999886, 0.000000000000000000, 82.71249999999999147 ) ) ;
#3370 = ORIENTED_EDGE ( 'NONE', *, *, #1669, .F. ) ;
#3371 = EDGE_CURVE ( 'NONE', #614, #2283, #1994, .T. ) ;
#3372 = DIRECTION ( 'NONE',  ( 0.000000000000000000, 1.000000000000000000, -0.000000000000000000 ) ) ;
#3373 = ADVANCED_FACE ( 'NONE', ( #2015 ), #2845, .T. ) ;
#3374 = CARTESIAN_POINT ( 'NONE',  ( -222.2500000000000000, -4.762499999999999289, -34.21249999999997726 ) ) ;
#3375 = ORIENTED_EDGE ( 'NONE', *, *, #983, .F. ) ;
#3376 = VERTEX_POINT ( 'NONE', #2372 ) ;
#3377 = CARTESIAN_POINT ( 'NONE',  ( -219.0749999999999886, -4.762500000000000178, -79.21249999999999147 ) ) ;
#3378 = EDGE_CURVE ( 'NONE', #2297, #76, #1314, .T. ) ;
#3379 = AXIS2_PLACEMENT_3D ( 'NONE', #2242, #2739, #3572 ) ;
#3380 = EDGE_LOOP ( 'NONE', ( #1673, #2509, #1093, #1289 ) ) ;
#3381 = LINE ( 'NONE', #294, #2502 ) ;
#3382 = VECTOR ( 'NONE', #2505, 1000.000000000000000 ) ;
#3383 = VERTEX_POINT ( 'NONE', #1254 ) ;
#3384 = VECTOR ( 'NONE', #3017, 1000.000000000000000 ) ;
#3385 = PRODUCT_DEFINITION_FORMATION_WITH_SPECIFIED_SOURCE ( 'ANY', '', #2687, .NOT_KNOWN. ) ;
#3386 = FACE_OUTER_BOUND ( 'NONE', #618, .T. ) ;
#3387 = ORIENTED_EDGE ( 'NONE', *, *, #2744, .T. ) ;
#3388 = FACE_OUTER_BOUND ( 'NONE', #1220, .T. ) ;
#3389 = CARTESIAN_POINT ( 'NONE',  ( 83.60839999999998895, -4.762500000000000178, 61.99999999999998579 ) ) ;
#3390 = ORIENTED_EDGE ( 'NONE', *, *, #87, .F. ) ;
#3391 = CARTESIAN_POINT ( 'NONE',  ( 83.60839999999997474, -4.762500000000000178, -58.49999999999998579 ) ) ;
#3392 = VERTEX_POINT ( 'NONE', #371 ) ;
#3393 = EDGE_CURVE ( 'NONE', #2874, #2754, #2921, .T. ) ;
#3394 = CARTESIAN_POINT ( 'NONE',  ( 219.0749999999999886, -4.762499999999999289, 37.88750000000000284 ) ) ;
#3395 = ORIENTED_EDGE ( 'NONE', *, *, #450, .T. ) ;
#3396 = ORIENTED_EDGE ( 'NONE', *, *, #1316, .T. ) ;
#3397 = DIRECTION ( 'NONE',  ( -0.000000000000000000, 1.000000000000000000, -0.000000000000000000 ) ) ;
#3398 = VERTEX_POINT ( 'NONE', #3197 ) ;
#3399 = CARTESIAN_POINT ( 'NONE',  ( -12.50000000000001066, -4.762499999999999289, 85.88749999999998863 ) ) ;
#3400 = EDGE_CURVE ( 'NONE', #2296, #2067, #972, .T. ) ;
#3401 = PLANE ( 'NONE',  #2624 ) ;
#3402 = LINE ( 'NONE', #886, #787 ) ;
#3403 = AXIS2_PLACEMENT_3D ( 'NONE', #3456, #3176, #2917 ) ;
#3404 = DIRECTION ( 'NONE',  ( 1.000000000000000000, 0.000000000000000000, 0.000000000000000000 ) ) ;
#3405 = VERTEX_POINT ( 'NONE', #670 ) ;
#3406 = DIRECTION ( 'NONE',  ( 1.000000000000000000, 0.000000000000000000, -0.000000000000000000 ) ) ;
#3407 = AXIS2_PLACEMENT_3D ( 'NONE', #286, #1452, #363 ) ;
#3408 = VERTEX_POINT ( 'NONE', #392 ) ;
#3409 = ADVANCED_FACE ( 'NONE', ( #1577 ), #728, .F. ) ;
#3410 = VERTEX_POINT ( 'NONE', #2393 ) ;
#3411 = CARTESIAN_POINT ( 'NONE',  ( -198.3624999999999829, -4.762500000000000178, -58.49999999999998579 ) ) ;
#3412 = ORIENTED_EDGE ( 'NONE', *, *, #2583, .T. ) ;
#3413 = CARTESIAN_POINT ( 'NONE',  ( -105.8575000000003428, -4.762500000000000178, -75.96750000000035641 ) ) ;
#3414 = LINE ( 'NONE', #2072, #3621 ) ;
#3415 = LINE ( 'NONE', #2327, #3482 ) ;
#3416 = CARTESIAN_POINT ( 'NONE',  ( 85.27089999999998327, -4.762500000000000178, -60.16249999999999432 ) ) ;
#3417 = VERTEX_POINT ( 'NONE', #1594 ) ;
#3418 = CARTESIAN_POINT ( 'NONE',  ( -219.0749999999999886, -29.96330603869647291, -10.66249999999999076 ) ) ;
#3419 = ORIENTED_EDGE ( 'NONE', *, *, #3597, .T. ) ;
#3420 = ORIENTED_EDGE ( 'NONE', *, *, #2069, .T. ) ;
#3421 = DIRECTION ( 'NONE',  ( 0.000000000000000000, 0.000000000000000000, -1.000000000000000000 ) ) ;
#3422 = DIRECTION ( 'NONE',  ( 0.000000000000000000, 0.000000000000000000, 1.000000000000000000 ) ) ;
#3423 = EDGE_CURVE ( 'NONE', #3366, #2889, #1866, .T. ) ;
#3424 = LINE ( 'NONE', #1186, #2068 ) ;
#3425 = ORIENTED_EDGE ( 'NONE', *, *, #782, .F. ) ;
#3426 = DIRECTION ( 'NONE',  ( -1.000000000000000000, 0.000000000000000000, 0.000000000000000000 ) ) ;
#3427 = ORIENTED_EDGE ( 'NONE', *, *, #3244, .T. ) ;
#3428 = CIRCLE ( 'NONE', #3020, 1.662500000000004308 ) ;
#3429 = FACE_OUTER_BOUND ( 'NONE', #1118, .T. ) ;
#3430 = VERTEX_POINT ( 'NONE', #151 ) ;
#3431 = CARTESIAN_POINT ( 'NONE',  ( 200.0249999999999773, -4.762500000000000178, -58.49999999999997158 ) ) ;
#3432 = DIRECTION ( 'NONE',  ( 0.000000000000000000, 1.000000000000000000, 0.000000000000000000 ) ) ;
#3433 = EDGE_LOOP ( 'NONE', ( #201, #2679, #664, #3567 ) ) ;
#3434 = CARTESIAN_POINT ( 'NONE',  ( -70.90832999999996389, -4.762500000000000178, -58.97187499999999005 ) ) ;
#3435 = EDGE_LOOP ( 'NONE', ( #2322, #574, #1405, #3131 ) ) ;
#3436 = CARTESIAN_POINT ( 'NONE',  ( 12.49999999999999112, 0.000000000000000000, 85.88749999999998863 ) ) ;
#3437 = FACE_BOUND ( 'NONE', #2402, .T. ) ;
#3438 = EDGE_CURVE ( 'NONE', #2305, #2128, #2703, .T. ) ;
#3439 = LINE ( 'NONE', #390, #2519 ) ;
#3440 = ORIENTED_EDGE ( 'NONE', *, *, #1744, .T. ) ;
#3441 = DIRECTION ( 'NONE',  ( -4.276668045551928593E-15, 0.000000000000000000, 1.000000000000000000 ) ) ;
#3442 = VECTOR ( 'NONE', #3143, 1000.000000000000000 ) ;
#3443 = EDGE_LOOP ( 'NONE', ( #2503, #540, #1243, #3 ) ) ;
#3444 = ADVANCED_FACE ( 'NONE', ( #2102 ), #3497, .F. ) ;
#3445 = AXIS2_PLACEMENT_3D ( 'NONE', #1297, #419, #2453 ) ;
#3446 = DIRECTION ( 'NONE',  ( -0.000000000000000000, 1.000000000000000000, -0.000000000000000000 ) ) ;
#3447 = CARTESIAN_POINT ( 'NONE',  ( -222.2500000000000000, -4.762499999999999289, 37.88750000000000284 ) ) ;
#3448 = ORIENTED_EDGE ( 'NONE', *, *, #2320, .F. ) ;
#3449 = EDGE_CURVE ( 'NONE', #3481, #3417, #2119, .T. ) ;
#3450 = CARTESIAN_POINT ( 'NONE',  ( -70.90832999999996389, 0.000000000000000000, -56.42187500000000000 ) ) ;
#3451 = ORIENTED_EDGE ( 'NONE', *, *, #1397, .F. ) ;
#3452 = DIRECTION ( 'NONE',  ( 0.000000000000000000, 0.000000000000000000, -1.000000000000000000 ) ) ;
#3453 = CARTESIAN_POINT ( 'NONE',  ( -105.8575000000003570, -4.762500000000000178, -79.21249999999999147 ) ) ;
#3454 = ORIENTED_EDGE ( 'NONE', *, *, #1210, .T. ) ;
#3455 = ORIENTED_EDGE ( 'NONE', *, *, #2697, .T. ) ;
#3456 = CARTESIAN_POINT ( 'NONE',  ( -215.5750000000000171, -4.762500000000000178, 79.21249999999999147 ) ) ;
#3457 = ORIENTED_EDGE ( 'NONE', *, *, #2155, .F. ) ;
#3458 = EDGE_CURVE ( 'NONE', #1715, #3169, #318, .T. ) ;
#3459 = DIRECTION ( 'NONE',  ( 1.000000000000000000, 0.000000000000000000, 0.000000000000000000 ) ) ;
#3460 = ORIENTED_EDGE ( 'NONE', *, *, #1938, .F. ) ;
#3461 = DIRECTION ( 'NONE',  ( 0.000000000000000000, 0.000000000000000000, 1.000000000000000000 ) ) ;
#3462 = EDGE_CURVE ( 'NONE', #307, #3430, #2132, .T. ) ;
#3463 = ORIENTED_EDGE ( 'NONE', *, *, #1266, .T. ) ;
#3464 = LINE ( 'NONE', #658, #485 ) ;
#3465 = VERTEX_POINT ( 'NONE', #3275 ) ;
#3466 = DIRECTION ( 'NONE',  ( 1.000000000000000000, 0.000000000000000000, 0.000000000000000000 ) ) ;
#3467 = ORIENTED_EDGE ( 'NONE', *, *, #2314, .T. ) ;
#3468 = LINE ( 'NONE', #3394, #3489 ) ;
#3469 = CARTESIAN_POINT ( 'NONE',  ( 219.0749999999999886, 0.000000000000000000, -34.21249999999997726 ) ) ;
#3470 = CARTESIAN_POINT ( 'NONE',  ( 105.8574999999996464, 0.000000000000000000, -79.21249999999999147 ) ) ;
#3471 = ORIENTED_EDGE ( 'NONE', *, *, #1598, .T. ) ;
#3472 = AXIS2_PLACEMENT_3D ( 'NONE', #2829, #640, #2039 ) ;
#3473 = PRODUCT_DEFINITION ( 'UNKNOWN', '', #3385, #315 ) ;
#3474 = VERTEX_POINT ( 'NONE', #2635 ) ;
#3475 = CARTESIAN_POINT ( 'NONE',  ( 174.0750000000000171, -4.762499999999999289, 85.88749999999998863 ) ) ;
#3476 = VECTOR ( 'NONE', #2141, 1000.000000000000000 ) ;
#3477 = VERTEX_POINT ( 'NONE', #92 ) ;
#3478 = EDGE_CURVE ( 'NONE', #1810, #2836, #3029, .T. ) ;
#3479 = ORIENTED_EDGE ( 'NONE', *, *, #41, .T. ) ;
#3480 = DIRECTION ( 'NONE',  ( -0.000000000000000000, 1.000000000000000000, -0.000000000000000000 ) ) ;
#3481 = VERTEX_POINT ( 'NONE', #2219 ) ;
#3482 = VECTOR ( 'NONE', #1523, 1000.000000000000000 ) ;
#3483 = CARTESIAN_POINT ( 'NONE',  ( -222.2500000000000000, -4.762499999999999289, -10.66249999999999076 ) ) ;
#3484 = CARTESIAN_POINT ( 'NONE',  ( 222.2500000000000000, -29.96330603869647291, -10.66249999999999076 ) ) ;
#3485 = CIRCLE ( 'NONE', #3147, 1.662500000000011191 ) ;
#3486 = CARTESIAN_POINT ( 'NONE',  ( -199.1450000000002660, 0.000000000000000000, -79.21249999999999147 ) ) ;
#3487 = VERTEX_POINT ( 'NONE', #480 ) ;
#3488 = DIRECTION ( 'NONE',  ( 0.000000000000000000, -0.000000000000000000, -1.000000000000000000 ) ) ;
#3489 = VECTOR ( 'NONE', #2025, 1000.000000000000000 ) ;
#3490 = DIRECTION ( 'NONE',  ( 1.000000000000000000, 0.000000000000000000, -0.000000000000000000 ) ) ;
#3491 = ORIENTED_EDGE ( 'NONE', *, *, #1863, .T. ) ;
#3492 = VECTOR ( 'NONE', #2238, 1000.000000000000000 ) ;
#3493 = LINE ( 'NONE', #1290, #1496 ) ;
#3494 = CARTESIAN_POINT ( 'NONE',  ( -200.0249999999999773, -4.762500000000000178, -58.49999999999997158 ) ) ;
#3495 = EDGE_CURVE ( 'NONE', #2162, #2313, #2214, .T. ) ;
#3496 = ORIENTED_EDGE ( 'NONE', *, *, #751, .T. ) ;
#3497 = CYLINDRICAL_SURFACE ( 'NONE', #799, 1.662500000000011191 ) ;
#3498 = CARTESIAN_POINT ( 'NONE',  ( -199.0749999999999886, -4.762499999999999289, 85.88749999999998863 ) ) ;
#3499 = EDGE_LOOP ( 'NONE', ( #254, #2374, #1005, #2381 ) ) ;
#3500 = AXIS2_PLACEMENT_3D ( 'NONE', #1881, #3566, #1068 ) ;
#3501 = PLANE ( 'NONE',  #1512 ) ;
#3502 = DIRECTION ( 'NONE',  ( 0.000000000000000000, 0.000000000000000000, -1.000000000000000000 ) ) ;
#3503 = CARTESIAN_POINT ( 'NONE',  ( 174.0049999999996828, 0.000000000000000000, -79.21249999999999147 ) ) ;
#3504 = FACE_OUTER_BOUND ( 'NONE', #1108, .T. ) ;
#3505 = ORIENTED_EDGE ( 'NONE', *, *, #468, .T. ) ;
#3506 = LINE ( 'NONE', #1002, #2710 ) ;
#3507 = FACE_OUTER_BOUND ( 'NONE', #3110, .T. ) ;
#3508 = AXIS2_PLACEMENT_3D ( 'NONE', #3093, #2791, #1 ) ;
#3509 = CARTESIAN_POINT ( 'NONE',  ( 219.0749999999999886, 0.000000000000000000, -79.21249999999999147 ) ) ;
#3510 = ORIENTED_EDGE ( 'NONE', *, *, #2964, .T. ) ;
#3511 = DIRECTION ( 'NONE',  ( 0.000000000000000000, 0.000000000000000000, 1.000000000000000000 ) ) ;
#3512 = DIRECTION ( 'NONE',  ( 8.553336091103857185E-15, 0.000000000000000000, -1.000000000000000000 ) ) ;
#3513 = FACE_OUTER_BOUND ( 'NONE', #460, .T. ) ;
#3514 = VECTOR ( 'NONE', #2649, 1000.000000000000000 ) ;
#3515 = EDGE_CURVE ( 'NONE', #3474, #644, #2485, .T. ) ;
#3516 = DIRECTION ( 'NONE',  ( 1.000000000000000000, -0.000000000000000000, 0.000000000000000000 ) ) ;
#3517 = DIRECTION ( 'NONE',  ( 1.000000000000000000, 0.000000000000000000, -0.000000000000000000 ) ) ;
#3518 = EDGE_CURVE ( 'NONE', #596, #3477, #3023, .T. ) ;
#3519 = AXIS2_PLACEMENT_3D ( 'NONE', #2680, #2084, #744 ) ;
#3520 = CARTESIAN_POINT ( 'NONE',  ( 12.56999999999965745, -4.762500000000000178, -75.96750000000035641 ) ) ;
#3521 = ORIENTED_EDGE ( 'NONE', *, *, #2425, .T. ) ;
#3522 = DIRECTION ( 'NONE',  ( 0.000000000000000000, 0.000000000000000000, 1.000000000000000000 ) ) ;
#3523 = EDGE_LOOP ( 'NONE', ( #2218, #2344, #3457, #1996 ) ) ;
#3524 = EDGE_CURVE ( 'NONE', #3417, #1201, #3003, .T. ) ;
#3525 = ORIENTED_EDGE ( 'NONE', *, *, #350, .F. ) ;
#3526 = DIRECTION ( 'NONE',  ( -0.000000000000000000, 1.000000000000000000, -0.000000000000000000 ) ) ;
#3527 = VECTOR ( 'NONE', #1930, 1000.000000000000000 ) ;
#3528 = CARTESIAN_POINT ( 'NONE',  ( -215.5749999999999886, -4.762500000000000178, 82.71249999999999147 ) ) ;
#3529 = VERTEX_POINT ( 'NONE', #3357 ) ;
#3530 = FACE_OUTER_BOUND ( 'NONE', #1823, .T. ) ;
#3531 = ORIENTED_EDGE ( 'NONE', *, *, #264, .F. ) ;
#3532 = DIRECTION ( 'NONE',  ( -0.000000000000000000, 1.000000000000000000, -0.000000000000000000 ) ) ;
#3533 = CARTESIAN_POINT ( 'NONE',  ( 219.0749999999999886, 0.000000000000000000, -79.21249999999999147 ) ) ;
#3534 = ADVANCED_FACE ( 'NONE', ( #1086 ), #463, .T. ) ;
#3535 = ORIENTED_EDGE ( 'NONE', *, *, #2306, .F. ) ;
#3536 = CARTESIAN_POINT ( 'NONE',  ( 200.0249999999999773, -4.762500000000000178, -58.49999999999997158 ) ) ;
#3537 = VERTEX_POINT ( 'NONE', #1939 ) ;
#3538 = LINE ( 'NONE', #810, #361 ) ;
#3539 = DIRECTION ( 'NONE',  ( -1.151683635503274765E-16, -0.000000000000000000, -1.000000000000000000 ) ) ;
#3540 = VERTEX_POINT ( 'NONE', #3039 ) ;
#3541 = AXIS2_PLACEMENT_3D ( 'NONE', #1562, #2722, #955 ) ;
#3542 = AXIS2_PLACEMENT_3D ( 'NONE', #2158, #1889, #469 ) ;
#3543 = CARTESIAN_POINT ( 'NONE',  ( -219.0749999999999886, -29.96330603869647291, 37.88750000000000284 ) ) ;
#3544 = DIRECTION ( 'NONE',  ( -1.000000000000000000, 0.000000000000000000, 0.000000000000000000 ) ) ;
#3545 = FACE_OUTER_BOUND ( 'NONE', #1027, .T. ) ;
#3546 = ORIENTED_EDGE ( 'NONE', *, *, #3449, .F. ) ;
#3547 = VECTOR ( 'NONE', #602, 1000.000000000000000 ) ;
#3548 = VECTOR ( 'NONE', #2801, 1000.000000000000000 ) ;
#3549 = VERTEX_POINT ( 'NONE', #3336 ) ;
#3550 = CARTESIAN_POINT ( 'NONE',  ( -198.3624999999999545, -4.762500000000000178, 63.66249999999998010 ) ) ;
#3551 = CARTESIAN_POINT ( 'NONE',  ( -70.90833000000007758, -4.762500000000006395, 51.50937500000045333 ) ) ;
#3552 = CARTESIAN_POINT ( 'NONE',  ( -219.0749999999999886, -29.96330603869647291, 37.88750000000000284 ) ) ;
#3553 = DIRECTION ( 'NONE',  ( 0.000000000000000000, 1.000000000000000000, 0.000000000000000000 ) ) ;
#3554 = DIRECTION ( 'NONE',  ( 0.000000000000000000, 1.000000000000000000, -0.000000000000000000 ) ) ;
#3555 = EDGE_CURVE ( 'NONE', #3203, #1225, #2991, .T. ) ;
#3556 = ORIENTED_EDGE ( 'NONE', *, *, #1888, .T. ) ;
#3557 = ADVANCED_FACE ( 'NONE', ( #816 ), #3568, .T. ) ;
#3558 = DIRECTION ( 'NONE',  ( 0.000000000000000000, 0.000000000000000000, -1.000000000000000000 ) ) ;
#3559 = EDGE_LOOP ( 'NONE', ( #3440, #1551 ) ) ;
#3560 = PLANE ( 'NONE',  #299 ) ;
#3561 = LINE ( 'NONE', #3052, #3638 ) ;
#3562 = EDGE_LOOP ( 'NONE', ( #926, #2364, #1702, #2044 ) ) ;
#3563 = AXIS2_PLACEMENT_3D ( 'NONE', #1281, #995, #715 ) ;
#3564 = DIRECTION ( 'NONE',  ( 1.000000000000000000, -0.000000000000000000, 0.000000000000000000 ) ) ;
#3565 = ORIENTED_EDGE ( 'NONE', *, *, #3042, .T. ) ;
#3566 = DIRECTION ( 'NONE',  ( 0.000000000000000000, 1.000000000000000000, 0.000000000000000000 ) ) ;
#3567 = ORIENTED_EDGE ( 'NONE', *, *, #3142, .T. ) ;
#3568 = PLANE ( 'NONE',  #2396 ) ;
#3569 = CARTESIAN_POINT ( 'NONE',  ( -222.2500000000000000, -4.762499999999999289, 14.33750000000001634 ) ) ;
#3570 = CIRCLE ( 'NONE', #1358, 1.662500000000004308 ) ;
#3571 = EDGE_CURVE ( 'NONE', #1964, #2164, #1342, .T. ) ;
#3572 = DIRECTION ( 'NONE',  ( 0.000000000000000000, 0.000000000000000000, 1.000000000000000000 ) ) ;
#3573 = CARTESIAN_POINT ( 'NONE',  ( -215.5749999999999886, 0.000000000000000000, 82.71249999999999147 ) ) ;
#3574 = VECTOR ( 'NONE', #1548, 1000.000000000000000 ) ;
#3575 = ORIENTED_EDGE ( 'NONE', *, *, #164, .F. ) ;
#3576 = LINE ( 'NONE', #1671, #376 ) ;
#3577 = ORIENTED_EDGE ( 'NONE', *, *, #2672, .T. ) ;
#3578 = ADVANCED_FACE ( 'NONE', ( #259 ), #1399, .F. ) ;
#3579 = CARTESIAN_POINT ( 'NONE',  ( -198.3624999999999545, 0.000000000000000000, 61.99999999999998579 ) ) ;
#3580 = ORIENTED_EDGE ( 'NONE', *, *, #1942, .T. ) ;
#3581 = STYLED_ITEM ( 'NONE', ( #2758 ), #332 ) ;
#3582 = CARTESIAN_POINT ( 'NONE',  ( -215.5749999999999886, -4.762500000000000178, 82.71249999999999147 ) ) ;
#3583 = CARTESIAN_POINT ( 'NONE',  ( -200.0249999999999773, 0.000000000000000000, -58.49999999999997158 ) ) ;
#3584 = ORIENTED_EDGE ( 'NONE', *, *, #3393, .T. ) ;
#3585 = ORIENTED_EDGE ( 'NONE', *, *, #1764, .F. ) ;
#3586 = DIRECTION ( 'NONE',  ( 0.000000000000000000, 0.000000000000000000, -1.000000000000000000 ) ) ;
#3587 = ADVANCED_FACE ( 'NONE', ( #187 ), #1332, .F. ) ;
#3588 = DIRECTION ( 'NONE',  ( 0.000000000000000000, 1.000000000000000000, 0.000000000000000000 ) ) ;
#3589 = FILL_AREA_STYLE ('',( #1923 ) ) ;
#3590 = EDGE_LOOP ( 'NONE', ( #502, #2885, #1476, #3367 ) ) ;
#3591 = ORIENTED_EDGE ( 'NONE', *, *, #374, .F. ) ;
#3592 = DIRECTION ( 'NONE',  ( -1.000000000000000000, 0.000000000000000000, -0.000000000000000000 ) ) ;
#3593 = EDGE_CURVE ( 'NONE', #3086, #2061, #767, .T. ) ;
#3594 = DIRECTION ( 'NONE',  ( -8.741913579725650188E-15, 0.000000000000000000, 1.000000000000000000 ) ) ;
#3595 = VERTEX_POINT ( 'NONE', #1431 ) ;
#3596 = EDGE_CURVE ( 'NONE', #3331, #82, #2800, .T. ) ;
#3597 = EDGE_CURVE ( 'NONE', #2313, #1169, #2533, .T. ) ;
#3598 = AXIS2_PLACEMENT_3D ( 'NONE', #133, #2355, #2953 ) ;
#3599 = ORIENTED_EDGE ( 'NONE', *, *, #1588, .F. ) ;
#3600 = DIRECTION ( 'NONE',  ( -1.000000000000000000, 0.000000000000000000, -0.000000000000000000 ) ) ;
#3601 = LINE ( 'NONE', #784, #1539 ) ;
#3602 = EDGE_CURVE ( 'NONE', #1225, #2033, #1458, .T. ) ;
#3603 = VERTEX_POINT ( 'NONE', #913 ) ;
#3604 = CYLINDRICAL_SURFACE ( 'NONE', #2042, 1.662500000000011191 ) ;
#3605 = LINE ( 'NONE', #1111, #1150 ) ;
#3606 = ORIENTED_EDGE ( 'NONE', *, *, #1377, .F. ) ;
#3607 = CARTESIAN_POINT ( 'NONE',  ( -85.27082999999998947, 0.000000000000000000, -58.49999999999998579 ) ) ;
#3608 = CARTESIAN_POINT ( 'NONE',  ( -70.90832999999996389, 0.000000000000000000, -18.49062499999999787 ) ) ;
#3609 = VERTEX_POINT ( 'NONE', #2838 ) ;
#3610 = VECTOR ( 'NONE', #3096, 1000.000000000000000 ) ;
#3611 = DIRECTION ( 'NONE',  ( 0.000000000000000000, 0.000000000000000000, 1.000000000000000000 ) ) ;
#3612 = CARTESIAN_POINT ( 'NONE',  ( -199.0749999999999886, 0.000000000000000000, 82.71249999999999147 ) ) ;
#3613 = VERTEX_POINT ( 'NONE', #1742 ) ;
#3614 = CARTESIAN_POINT ( 'NONE',  ( -198.3624999999999829, -4.762500000000000178, -60.16250000000000142 ) ) ;
#3615 = DIRECTION ( 'NONE',  ( -1.000000000000000000, 0.000000000000000000, 0.000000000000000000 ) ) ;
#3616 = FACE_OUTER_BOUND ( 'NONE', #2702, .T. ) ;
#3617 = VECTOR ( 'NONE', #800, 1000.000000000000000 ) ;
#3618 = DIRECTION ( 'NONE',  ( -1.000000000000000000, 0.000000000000000000, 4.276668045551928593E-15 ) ) ;
#3619 =( NAMED_UNIT ( * ) PLANE_ANGLE_UNIT ( ) SI_UNIT ( $, .RADIAN. ) );
#3620 = ADVANCED_FACE ( 'NONE', ( #1163 ), #2863, .F. ) ;
#3621 = VECTOR ( 'NONE', #3181, 1000.000000000000000 ) ;
#3622 = EDGE_CURVE ( 'NONE', #1721, #2006, #3140, .T. ) ;
#3623 = DIRECTION ( 'NONE',  ( 0.000000000000000000, 0.000000000000000000, 1.000000000000000000 ) ) ;
#3624 = ORIENTED_EDGE ( 'NONE', *, *, #1291, .T. ) ;
#3625 = VERTEX_POINT ( 'NONE', #875 ) ;
#3626 = DIRECTION ( 'NONE',  ( -1.000000000000000000, -0.000000000000000000, -0.000000000000000000 ) ) ;
#3627 = DIRECTION ( 'NONE',  ( 0.000000000000000000, 0.000000000000000000, 1.000000000000000000 ) ) ;
#3628 = ORIENTED_EDGE ( 'NONE', *, *, #2171, .T. ) ;
#3629 = VECTOR ( 'NONE', #1157, 1000.000000000000000 ) ;
#3630 = DIRECTION ( 'NONE',  ( 0.000000000000000000, 0.000000000000000000, 1.000000000000000000 ) ) ;
#3631 = EDGE_CURVE ( 'NONE', #706, #1858, #565, .T. ) ;
#3632 = CARTESIAN_POINT ( 'NONE',  ( -58.20832999999997526, -4.762500000000000178, -58.49999999999998579 ) ) ;
#3633 = CARTESIAN_POINT ( 'NONE',  ( 70.90839999999984400, 0.000000000000000000, 51.50937500000048175 ) ) ;
#3634 = ORIENTED_EDGE ( 'NONE', *, *, #3423, .T. ) ;
#3635 = CARTESIAN_POINT ( 'NONE',  ( -105.7875000000000085, 0.000000000000000000, 85.88749999999998863 ) ) ;
#3636 = DIRECTION ( 'NONE',  ( 0.000000000000000000, 1.000000000000000000, 0.000000000000000000 ) ) ;
#3637 = LINE ( 'NONE', #840, #2468 ) ;
#3638 = VECTOR ( 'NONE', #519, 1000.000000000000000 ) ;
#3639 = EDGE_LOOP ( 'NONE', ( #1978, #1726, #265, #1097 ) ) ;
#3640 = LINE ( 'NONE', #1638, #2208 ) ;
#3641 = VECTOR ( 'NONE', #3227, 1000.000000000000000 ) ;
ENDSEC;
END-ISO-10303-21;
