ISO-10303-21;
HEADER;
FILE_DESCRIPTION (( 'STEP AP214' ),
    '1' );
FILE_NAME ('Flange_Ring_cutout.STEP',
    '2026-07-14T22:53:22',
    ( '' ),
    ( '' ),
    'SwSTEP 2.0',
    'SolidWorks 2025',
    '' );
FILE_SCHEMA (( 'AUTOMOTIVE_DESIGN' ));
ENDSEC;

DATA;
#1 = EDGE_LOOP ( 'NONE', ( #1488, #909, #471, #1900 ) ) ;
#2 = CYLINDRICAL_SURFACE ( 'NONE', #1499, 2.249999999999998668 ) ;
#3 = VERTEX_POINT ( 'NONE', #1151 ) ;
#4 = CYLINDRICAL_SURFACE ( 'NONE', #1757, 2.249999999999998668 ) ;
#5 = CARTESIAN_POINT ( 'NONE',  ( -45.87549542071381126, 13.04368198447019545, -18.62336482254290360 ) ) ;
#6 = DIRECTION ( 'NONE',  ( 0.000000000000000000, 0.000000000000000000, 1.000000000000000000 ) ) ;
#7 = FACE_OUTER_BOUND ( 'NONE', #571, .T. ) ;
#8 = ORIENTED_EDGE ( 'NONE', *, *, #1125, .F. ) ;
#9 = CARTESIAN_POINT ( 'NONE',  ( -44.57085004325351463, 13.07628486939578316, 2.163663010357942174 ) ) ;
#10 = ORIENTED_EDGE ( 'NONE', *, *, #1594, .T. ) ;
#11 = ADVANCED_FACE ( 'NONE', ( #1782 ), #845, .F. ) ;
#12 = VECTOR ( 'NONE', #924, 1000.000000000000000 ) ;
#13 = CARTESIAN_POINT ( 'NONE',  ( -45.06177210790355758, 13.59872525245450525, -1.050062389705679111 ) ) ;
#14 = VECTOR ( 'NONE', #1531, 1000.000000000000000 ) ;
#15 = CARTESIAN_POINT ( 'NONE',  ( -7.147060721024445229E-13, 12.69999999999999929, -43.74999999999989342 ) ) ;
#16 = AXIS2_PLACEMENT_3D ( 'NONE', #1737, #231, #1283 ) ;
#17 = LINE ( 'NONE', #1221, #149 ) ;
#18 = AXIS2_PLACEMENT_3D ( 'NONE', #1364, #779, #317 ) ;
#19 = AXIS2_PLACEMENT_3D ( 'NONE', #1407, #1897, #518 ) ;
#20 = DIRECTION ( 'NONE',  ( -1.000000000000000000, 0.000000000000000000, -0.000000000000000000 ) ) ;
#21 = ADVANCED_FACE ( 'NONE', ( #739 ), #1915, .F. ) ;
#22 = ORIENTED_EDGE ( 'NONE', *, *, #738, .T. ) ;
#23 = CARTESIAN_POINT ( 'NONE',  ( -84.74999999999995737, 2.773864751887414215, 17.77999999999999758 ) ) ;
#24 = VERTEX_POINT ( 'NONE', #1458 ) ;
#25 = EDGE_CURVE ( 'NONE', #1028, #1373, #861, .T. ) ;
#26 = EDGE_CURVE ( 'NONE', #245, #515, #1177, .T. ) ;
#27 = CARTESIAN_POINT ( 'NONE',  ( -84.15439431936152914, 1.320633069042912444, 0.000000000000000000 ) ) ;
#28 = CARTESIAN_POINT ( 'NONE',  ( -29.34493141924223281, 12.69999999999999929, -31.59493141924114212 ) ) ;
#29 = PLANE ( 'NONE',  #1005 ) ;
#30 = DIRECTION ( 'NONE',  ( 0.000000000000000000, 0.000000000000000000, -1.000000000000000000 ) ) ;
#31 = EDGE_LOOP ( 'NONE', ( #528, #1025 ) ) ;
#32 = DIRECTION ( 'NONE',  ( -0.000000000000000000, -0.000000000000000000, 1.000000000000000000 ) ) ;
#33 = ORIENTED_EDGE ( 'NONE', *, *, #1056, .F. ) ;
#34 = CARTESIAN_POINT ( 'NONE',  ( -45.25018806885786660, 13.92793630421784812, 0.2125076711843516264 ) ) ;
#35 = ORIENTED_EDGE ( 'NONE', *, *, #773, .F. ) ;
#36 = DIRECTION ( 'NONE',  ( -0.000000000000000000, -1.000000000000000000, -0.000000000000000000 ) ) ;
#37 = CARTESIAN_POINT ( 'NONE',  ( 5.970153145843347150E-15, 12.69999999999999929, 48.75000000000000000 ) ) ;
#38 = ORIENTED_EDGE ( 'NONE', *, *, #1553, .T. ) ;
#39 = CARTESIAN_POINT ( 'NONE',  ( -44.89099999327618917, 13.36819544899554302, -1.615396142019138281 ) ) ;
#40 = ORIENTED_EDGE ( 'NONE', *, *, #648, .T. ) ;
#41 = FACE_BOUND ( 'NONE', #333, .T. ) ;
#42 = EDGE_LOOP ( 'NONE', ( #958, #497, #1580, #1442, #1968, #1312 ) ) ;
#43 = AXIS2_PLACEMENT_3D ( 'NONE', #1416, #36, #456 ) ;
#44 = DIRECTION ( 'NONE',  ( 0.000000000000000000, 0.000000000000000000, -1.000000000000000000 ) ) ;
#45 = DIRECTION ( 'NONE',  ( -0.000000000000000000, -0.000000000000000000, 1.000000000000000000 ) ) ;
#46 = AXIS2_PLACEMENT_3D ( 'NONE', #1812, #1802, #883 ) ;
#47 = AXIS2_PLACEMENT_3D ( 'NONE', #1327, #412, #1020 ) ;
#48 = CIRCLE ( 'NONE', #1308, 2.250000000000002220 ) ;
#49 = CIRCLE ( 'NONE', #406, 48.75000000000000000 ) ;
#50 = EDGE_CURVE ( 'NONE', #91, #420, #999, .T. ) ;
#51 = ORIENTED_EDGE ( 'NONE', *, *, #223, .T. ) ;
#52 = CIRCLE ( 'NONE', #1086, 2.249999999999998668 ) ;
#53 = ORIENTED_EDGE ( 'NONE', *, *, #493, .F. ) ;
#54 = LINE ( 'NONE', #1146, #1821 ) ;
#55 = EDGE_LOOP ( 'NONE', ( #125, #1196, #1455, #1776 ) ) ;
#56 = EDGE_CURVE ( 'NONE', #1579, #93, #1816, .T. ) ;
#57 = DIRECTION ( 'NONE',  ( 0.000000000000000000, -1.000000000000000000, 0.000000000000000000 ) ) ;
#58 = CYLINDRICAL_SURFACE ( 'NONE', #1114, 2.000000000000001776 ) ;
#59 = EDGE_LOOP ( 'NONE', ( #374, #745, #1762, #229 ) ) ;
#60 = DIRECTION ( 'NONE',  ( 1.000000000000000000, 0.000000000000000000, 0.000000000000000000 ) ) ;
#61 = VERTEX_POINT ( 'NONE', #1855 ) ;
#62 = DIRECTION ( 'NONE',  ( 4.856618655403135597E-16, -1.000000000000000000, 0.000000000000000000 ) ) ;
#63 = CARTESIAN_POINT ( 'NONE',  ( -84.74999999999997158, -44.55899652763844898, -17.78000000000000114 ) ) ;
#64 = EDGE_LOOP ( 'NONE', ( #1242, #872 ) ) ;
#65 = CARTESIAN_POINT ( 'NONE',  ( 7.147060721024445229E-13, 12.69999999999999929, 41.50000000000004263 ) ) ;
#66 = LINE ( 'NONE', #697, #660 ) ;
#67 = EDGE_CURVE ( 'NONE', #1875, #1514, #1144, .T. ) ;
#68 = ORIENTED_EDGE ( 'NONE', *, *, #312, .T. ) ;
#69 = DIRECTION ( 'NONE',  ( -0.000000000000000000, -1.000000000000000000, -0.000000000000000000 ) ) ;
#70 = ORIENTED_EDGE ( 'NONE', *, *, #681, .T. ) ;
#71 = FACE_BOUND ( 'NONE', #1582, .T. ) ;
#72 = EDGE_CURVE ( 'NONE', #1521, #1365, #788, .T. ) ;
#73 = DIRECTION ( 'NONE',  ( 0.000000000000000000, -1.000000000000000000, 0.000000000000000000 ) ) ;
#74 = EDGE_CURVE ( 'NONE', #1668, #1122, #165, .T. ) ;
#75 = ORIENTED_EDGE ( 'NONE', *, *, #1836, .T. ) ;
#76 = DIRECTION ( 'NONE',  ( -0.8217464086295926950, 0.5698533494719203452, -0.000000000000000000 ) ) ;
#77 = DIRECTION ( 'NONE',  ( -0.000000000000000000, -1.000000000000000000, -0.000000000000000000 ) ) ;
#78 = AXIS2_PLACEMENT_3D ( 'NONE', #427, #1333, #880 ) ;
#79 = VECTOR ( 'NONE', #807, 1000.000000000000000 ) ;
#80 = VECTOR ( 'NONE', #1695, 1000.000000000000000 ) ;
#81 = UNCERTAINTY_MEASURE_WITH_UNIT (LENGTH_MEASURE( 1.000000000000000082E-05 ), #344, 'distance_accuracy_value', 'NONE');
#82 = CARTESIAN_POINT ( 'NONE',  ( -48.74999999999997868, 31.49362826643473667, -69.36828039361154197 ) ) ;
#83 = ADVANCED_FACE ( 'NONE', ( #586 ), #1211, .F. ) ;
#84 = DIRECTION ( 'NONE',  ( 1.000000000000000000, 0.000000000000000000, 0.000000000000000000 ) ) ;
#85 = CIRCLE ( 'NONE', #1982, 2.500000000000002220 ) ;
#86 = ORIENTED_EDGE ( 'NONE', *, *, #1331, .F. ) ;
#87 = DIRECTION ( 'NONE',  ( 0.000000000000000000, 0.000000000000000000, 1.000000000000000000 ) ) ;
#88 = ORIENTED_EDGE ( 'NONE', *, *, #1594, .F. ) ;
#89 = DIRECTION ( 'NONE',  ( -0.000000000000000000, -0.000000000000000000, 1.000000000000000000 ) ) ;
#90 = CARTESIAN_POINT ( 'NONE',  ( -84.74999999999997158, 1.733665469929631442, -17.78000000000000114 ) ) ;
#91 = VERTEX_POINT ( 'NONE', #614 ) ;
#92 = CARTESIAN_POINT ( 'NONE',  ( 4.225031457058369711E-15, 0.000000000000000000, 34.50000000000000711 ) ) ;
#93 = VERTEX_POINT ( 'NONE', #1229 ) ;
#94 = FACE_BOUND ( 'NONE', #814, .T. ) ;
#95 = ORIENTED_EDGE ( 'NONE', *, *, #981, .F. ) ;
#96 = LINE ( 'NONE', #716, #371 ) ;
#97 = CARTESIAN_POINT ( 'NONE',  ( -86.25000000000000000, 31.49563306904290627, -69.36828039361154197 ) ) ;
#98 = CARTESIAN_POINT ( 'NONE',  ( -41.49999999999996447, 12.69999999999999929, 2.250000000000793587 ) ) ;
#99 = EDGE_CURVE ( 'NONE', #1935, #1715, #974, .T. ) ;
#100 = ORIENTED_EDGE ( 'NONE', *, *, #714, .F. ) ;
#101 = CYLINDRICAL_SURFACE ( 'NONE', #153, 5.000000000000000888 ) ;
#102 = ORIENTED_EDGE ( 'NONE', *, *, #233, .T. ) ;
#103 = CARTESIAN_POINT ( 'NONE',  ( 0.000000000000000000, 12.69999999999999929, -48.75000000000000000 ) ) ;
#104 = CARTESIAN_POINT ( 'NONE',  ( -41.49999999999996447, 12.69999999999999929, 7.910339050454240351E-13 ) ) ;
#105 = ORIENTED_EDGE ( 'NONE', *, *, #252, .T. ) ;
#106 = APPLICATION_CONTEXT ( 'automotive_design' ) ;
#107 = EDGE_CURVE ( 'NONE', #196, #1874, #905, .T. ) ;
#108 = CARTESIAN_POINT ( 'NONE',  ( 41.49999999999996447, 0.000000000000000000, 2.249999999999364064 ) ) ;
#109 = DIRECTION ( 'NONE',  ( 0.000000000000000000, 0.000000000000000000, 1.000000000000000000 ) ) ;
#110 = DIRECTION ( 'NONE',  ( 0.000000000000000000, 1.000000000000000000, 0.000000000000000000 ) ) ;
#111 = ORIENTED_EDGE ( 'NONE', *, *, #1420, .F. ) ;
#112 = EDGE_CURVE ( 'NONE', #778, #169, #1845, .T. ) ;
#113 = CIRCLE ( 'NONE', #470, 2.250000000000002220 ) ;
#114 = AXIS2_PLACEMENT_3D ( 'NONE', #314, #135, #1095 ) ;
#115 = VERTEX_POINT ( 'NONE', #1665 ) ;
#116 = LINE ( 'NONE', #1970, #1878 ) ;
#117 = AXIS2_PLACEMENT_3D ( 'NONE', #283, #939, #1406 ) ;
#118 = AXIS2_PLACEMENT_3D ( 'NONE', #1734, #1895, #354 ) ;
#119 = DIRECTION ( 'NONE',  ( -0.000000000000000000, 0.000000000000000000, 1.000000000000000000 ) ) ;
#120 = ORIENTED_EDGE ( 'NONE', *, *, #618, .T. ) ;
#121 = AXIS2_PLACEMENT_3D ( 'NONE', #159, #1035, #770 ) ;
#122 = DIRECTION ( 'NONE',  ( -0.000000000000000000, -1.000000000000000000, -0.000000000000000000 ) ) ;
#123 = LINE ( 'NONE', #1842, #1629 ) ;
#124 = CARTESIAN_POINT ( 'NONE',  ( -86.25000000000000000, 31.49563306904290627, -12.84999999999999964 ) ) ;
#125 = ORIENTED_EDGE ( 'NONE', *, *, #1553, .F. ) ;
#126 = ORIENTED_EDGE ( 'NONE', *, *, #1550, .T. ) ;
#127 = DIRECTION ( 'NONE',  ( -0.000000000000000000, 0.000000000000000000, 1.000000000000000000 ) ) ;
#128 = DIRECTION ( 'NONE',  ( -1.000000000000000000, -1.698295246838290135E-16, 0.000000000000000000 ) ) ;
#129 = EDGE_CURVE ( 'NONE', #1169, #1874, #1946, .T. ) ;
#130 = CARTESIAN_POINT ( 'NONE',  ( -29.34493141924122028, 0.000000000000000000, 29.34493141924230741 ) ) ;
#131 = ORIENTED_EDGE ( 'NONE', *, *, #693, .T. ) ;
#132 = DIRECTION ( 'NONE',  ( 0.000000000000000000, 0.000000000000000000, -1.000000000000000000 ) ) ;
#133 = CARTESIAN_POINT ( 'NONE',  ( -86.24999999999998579, 2.773864751887404001, 12.84999999999999964 ) ) ;
#134 = DIRECTION ( 'NONE',  ( 0.000000000000000000, 0.000000000000000000, -1.000000000000000000 ) ) ;
#135 = DIRECTION ( 'NONE',  ( 0.000000000000000000, 1.000000000000000000, 0.000000000000000000 ) ) ;
#136 = EDGE_CURVE ( 'NONE', #115, #1028, #285, .T. ) ;
#137 = ORIENTED_EDGE ( 'NONE', *, *, #107, .T. ) ;
#138 = LINE ( 'NONE', #1224, #1920 ) ;
#139 = ORIENTED_EDGE ( 'NONE', *, *, #1857, .F. ) ;
#140 = ADVANCED_FACE ( 'NONE', ( #7 ), #624, .F. ) ;
#141 = EDGE_CURVE ( 'NONE', #1214, #1365, #1703, .T. ) ;
#142 = CARTESIAN_POINT ( 'NONE',  ( -45.39200480260812753, 14.12167953042750845, -0.2149824583206128292 ) ) ;
#143 =( BOUNDED_CURVE ( )  B_SPLINE_CURVE ( 3, ( #554, #867, #1166, #1476 ),
 .UNSPECIFIED., .F., .T. ) 
 B_SPLINE_CURVE_WITH_KNOTS ( ( 4, 4 ),
 ( -8.881784197001252323E-16, 1.570796326794896558 ),
 .UNSPECIFIED. ) 
 CURVE ( )  GEOMETRIC_REPRESENTATION_ITEM ( )  RATIONAL_B_SPLINE_CURVE ( ( 1.000000000000000000, 0.8047378541243648264, 0.8047378541243648264, 1.000000000000000000 ) ) 
 REPRESENTATION_ITEM ( '' )  );
#144 = CARTESIAN_POINT ( 'NONE',  ( -7.144305265726363625E-13, 12.69999999999999929, -39.24999999999988631 ) ) ;
#145 = CARTESIAN_POINT ( 'NONE',  ( -45.39200480260813464, 28.13563306904285355, -69.36828039361154197 ) ) ;
#146 = EDGE_CURVE ( 'NONE', #202, #987, #1494, .T. ) ;
#147 = EDGE_LOOP ( 'NONE', ( #1363, #1449, #1346, #801 ) ) ;
#148 = DIRECTION ( 'NONE',  ( -0.000000000000000000, 0.000000000000000000, 1.000000000000000000 ) ) ;
#149 = VECTOR ( 'NONE', #157, 1000.000000000000114 ) ;
#150 = EDGE_LOOP ( 'NONE', ( #1334, #1708, #1096, #205, #1808, #303 ) ) ;
#151 = VECTOR ( 'NONE', #781, 1000.000000000000114 ) ;
#152 = VECTOR ( 'NONE', #1792, 1000.000000000000000 ) ;
#153 = AXIS2_PLACEMENT_3D ( 'NONE', #1471, #1795, #1618 ) ;
#154 = VECTOR ( 'NONE', #1142, 1000.000000000000000 ) ;
#155 = CARTESIAN_POINT ( 'NONE',  ( -45.08016927820388986, 13.61922993927439585, 0.8587785984732489997 ) ) ;
#156 = FACE_OUTER_BOUND ( 'NONE', #881, .T. ) ;
#157 = DIRECTION ( 'NONE',  ( -0.5773502691896243988, 0.5773502691896303940, -0.5773502691896224004 ) ) ;
#158 = DIRECTION ( 'NONE',  ( -1.000000000000000000, 0.000000000000000000, 0.000000000000000000 ) ) ;
#159 = CARTESIAN_POINT ( 'NONE',  ( 0.000000000000000000, 0.000000000000000000, 0.000000000000000000 ) ) ;
#160 = ORIENTED_EDGE ( 'NONE', *, *, #1633, .F. ) ;
#161 = VERTEX_POINT ( 'NONE', #1966 ) ;
#162 = CARTESIAN_POINT ( 'NONE',  ( -45.39200480260814885, 14.08140416793893301, 1.217710075062841346 ) ) ;
#163 = DIRECTION ( 'NONE',  ( 0.000000000000000000, 0.000000000000000000, 1.000000000000000000 ) ) ;
#164 = CARTESIAN_POINT ( 'NONE',  ( -45.39200480260814174, 14.69999999999999751, 17.77999999999999758 ) ) ;
#165 = LINE ( 'NONE', #145, #80 ) ;
#166 = EDGE_CURVE ( 'NONE', #1979, #1646, #593, .T. ) ;
#167 = ORIENTED_EDGE ( 'NONE', *, *, #1063, .F. ) ;
#168 = CARTESIAN_POINT ( 'NONE',  ( 0.000000000000000000, -44.55899652763844898, -17.78000000000000114 ) ) ;
#169 = VERTEX_POINT ( 'NONE', #1827 ) ;
#170 = ORIENTED_EDGE ( 'NONE', *, *, #606, .F. ) ;
#171 = EDGE_CURVE ( 'NONE', #1122, #1742, #447, .T. ) ;
#172 = FACE_BOUND ( 'NONE', #982, .T. ) ;
#173 = FACE_OUTER_BOUND ( 'NONE', #1203, .T. ) ;
#174 = DIRECTION ( 'NONE',  ( 0.000000000000000000, 0.000000000000000000, 1.000000000000000000 ) ) ;
#175 = ORIENTED_EDGE ( 'NONE', *, *, #701, .F. ) ;
#176 = CARTESIAN_POINT ( 'NONE',  ( -7.144305265726363625E-13, 12.69999999999999929, -39.24999999999988631 ) ) ;
#177 = EDGE_CURVE ( 'NONE', #1745, #1521, #294, .T. ) ;
#178 = ORIENTED_EDGE ( 'NONE', *, *, #475, .T. ) ;
#179 = VECTOR ( 'NONE', #1172, 1000.000000000000000 ) ;
#180 = CIRCLE ( 'NONE', #435, 2.500000000000002220 ) ;
#181 = CARTESIAN_POINT ( 'NONE',  ( -45.08009451950135116, 13.61914580248071793, -0.8594901098208191925 ) ) ;
#182 = CIRCLE ( 'NONE', #1267, 2.250000000000001776 ) ;
#183 = CARTESIAN_POINT ( 'NONE',  ( -76.24999999999998579, 15.62063306904291160, 17.77999999999999758 ) ) ;
#184 = CIRCLE ( 'NONE', #1661, 34.50000000000000711 ) ;
#185 = DIRECTION ( 'NONE',  ( 0.000000000000000000, -1.000000000000000000, 0.000000000000000000 ) ) ;
#186 = AXIS2_PLACEMENT_3D ( 'NONE', #1215, #1419, #1254 ) ;
#187 = CIRCLE ( 'NONE', #1085, 2.249999999999998668 ) ;
#188 = CARTESIAN_POINT ( 'NONE',  ( -86.25000000000000000, -44.55899652763844898, -16.27999999999999758 ) ) ;
#189 = ORIENTED_EDGE ( 'NONE', *, *, #1478, .F. ) ;
#190 = CARTESIAN_POINT ( 'NONE',  ( -76.24999999999998579, 15.62063306904291160, -48.75000000000000711 ) ) ;
#191 = VERTEX_POINT ( 'NONE', #1987 ) ;
#192 = DIRECTION ( 'NONE',  ( -0.000000000000000000, 0.000000000000000000, 1.000000000000000000 ) ) ;
#193 = DIRECTION ( 'NONE',  ( -0.000000000000000000, 1.000000000000000000, -0.000000000000000000 ) ) ;
#194 = ORIENTED_EDGE ( 'NONE', *, *, #1962, .F. ) ;
#195 =( NAMED_UNIT ( * ) PLANE_ANGLE_UNIT ( ) SI_UNIT ( $, .RADIAN. ) );
#196 = VERTEX_POINT ( 'NONE', #301 ) ;
#197 = CARTESIAN_POINT ( 'NONE',  ( -29.34493141924122028, 0.000000000000000000, 29.34493141924230741 ) ) ;
#198 = ORIENTED_EDGE ( 'NONE', *, *, #798, .T. ) ;
#199 = EDGE_CURVE ( 'NONE', #207, #1768, #816, .T. ) ;
#200 = FACE_BOUND ( 'NONE', #64, .T. ) ;
#201 = DIRECTION ( 'NONE',  ( 0.000000000000000000, -1.000000000000000000, 0.000000000000000000 ) ) ;
#202 = VERTEX_POINT ( 'NONE', #513 ) ;
#203 = CARTESIAN_POINT ( 'NONE',  ( -44.13300261863501817, 12.83359244011870892, -2.679987993166795590 ) ) ;
#204 = EDGE_CURVE ( 'NONE', #1932, #987, #652, .T. ) ;
#205 = ORIENTED_EDGE ( 'NONE', *, *, #1155, .F. ) ;
#206 = CARTESIAN_POINT ( 'NONE',  ( -45.21268656062376579, 13.85044206865506489, -0.5375244587939851382 ) ) ;
#207 = VERTEX_POINT ( 'NONE', #350 ) ;
#208 = AXIS2_PLACEMENT_3D ( 'NONE', #1389, #1094, #340 ) ;
#209 = AXIS2_PLACEMENT_3D ( 'NONE', #1160, #1774, #391 ) ;
#210 = DIRECTION ( 'NONE',  ( -1.000000000000000000, -1.850371707708593577E-16, -0.000000000000000000 ) ) ;
#211 = DIRECTION ( 'NONE',  ( 0.000000000000000000, -1.000000000000000000, 0.000000000000000000 ) ) ;
#212 = AXIS2_PLACEMENT_3D ( 'NONE', #641, #1850, #464 ) ;
#213 = AXIS2_PLACEMENT_3D ( 'NONE', #1639, #685, #555 ) ;
#214 = CIRCLE ( 'NONE', #1759, 2.500000000000002220 ) ;
#215 = CIRCLE ( 'NONE', #1341, 5.000000000000000888 ) ;
#216 = ORIENTED_EDGE ( 'NONE', *, *, #228, .T. ) ;
#217 = CARTESIAN_POINT ( 'NONE',  ( -45.04678476554359889, 13.57674434153781817, -1.217710075061259722 ) ) ;
#218 = PRODUCT_DEFINITION ( 'UNKNOWN', '', #1628, #1914 ) ;
#219 = ORIENTED_EDGE ( 'NONE', *, *, #587, .T. ) ;
#220 = CARTESIAN_POINT ( 'NONE',  ( -48.50421312382406569, 14.58627834132890477, 17.77999999999999758 ) ) ;
#221 = CARTESIAN_POINT ( 'NONE',  ( -45.11070544049497499, 13.67091226433421802, 1.031530391767312871 ) ) ;
#222 = ORIENTED_EDGE ( 'NONE', *, *, #56, .F. ) ;
#223 = EDGE_CURVE ( 'NONE', #1061, #1421, #182, .T. ) ;
#224 = DIRECTION ( 'NONE',  ( 0.000000000000000000, 0.000000000000000000, -1.000000000000000000 ) ) ;
#225 = CARTESIAN_POINT ( 'NONE',  ( -41.49999999999996447, 12.69999999999999929, 2.250000000000793587 ) ) ;
#226 = ORIENTED_EDGE ( 'NONE', *, *, #791, .T. ) ;
#227 = CARTESIAN_POINT ( 'NONE',  ( -44.68402304658068402, 12.69999999999999929, 19.77999999999999758 ) ) ;
#228 = EDGE_CURVE ( 'NONE', #61, #995, #1409, .T. ) ;
#229 = ORIENTED_EDGE ( 'NONE', *, *, #1570, .T. ) ;
#230 = DIRECTION ( 'NONE',  ( 0.000000000000000000, 1.000000000000000000, 0.000000000000000000 ) ) ;
#231 = DIRECTION ( 'NONE',  ( 0.000000000000000000, -1.000000000000000000, 0.000000000000000000 ) ) ;
#232 = ORIENTED_EDGE ( 'NONE', *, *, #1248, .T. ) ;
#233 = EDGE_CURVE ( 'NONE', #1571, #1963, #645, .T. ) ;
#234 = DIRECTION ( 'NONE',  ( 0.000000000000000000, 0.000000000000000000, -1.000000000000000000 ) ) ;
#235 = CARTESIAN_POINT ( 'NONE',  ( 0.000000000000000000, 0.000000000000000000, 0.000000000000000000 ) ) ;
#236 = ORIENTED_EDGE ( 'NONE', *, *, #1586, .F. ) ;
#237 = DIRECTION ( 'NONE',  ( 0.000000000000000000, 0.000000000000000000, -1.000000000000000000 ) ) ;
#238 = ORIENTED_EDGE ( 'NONE', *, *, #1869, .T. ) ;
#239 = DIRECTION ( 'NONE',  ( 0.7071067811865439090, -0.7071067811865512365, 0.000000000000000000 ) ) ;
#240 = ORIENTED_EDGE ( 'NONE', *, *, #1188, .F. ) ;
#241 = LINE ( 'NONE', #651, #1852 ) ;
#242 = CARTESIAN_POINT ( 'NONE',  ( -47.96022142643359132, 14.24219503225434202, -17.81935724818874789 ) ) ;
#243 = AXIS2_PLACEMENT_3D ( 'NONE', #1473, #1505, #1491 ) ;
#244 = AXIS2_PLACEMENT_3D ( 'NONE', #1889, #976, #802 ) ;
#245 = VERTEX_POINT ( 'NONE', #1111 ) ;
#246 = CARTESIAN_POINT ( 'NONE',  ( 41.49999999999996447, 0.000000000000000000, -6.383782391594650107E-13 ) ) ;
#247 = VECTOR ( 'NONE', #69, 1000.000000000000000 ) ;
#248 = VERTEX_POINT ( 'NONE', #944 ) ;
#249 = AXIS2_PLACEMENT_3D ( 'NONE', #1319, #868, #262 ) ;
#250 = FACE_OUTER_BOUND ( 'NONE', #1165, .T. ) ;
#251 = ORIENTED_EDGE ( 'NONE', *, *, #615, .T. ) ;
#252 = EDGE_CURVE ( 'NONE', #454, #1163, #1558, .T. ) ;
#253 = CARTESIAN_POINT ( 'NONE',  ( -86.25000000000000000, 2.773864751887414215, 0.000000000000000000 ) ) ;
#254 = CYLINDRICAL_SURFACE ( 'NONE', #1522, 2.500000000000002220 ) ;
#255 = VERTEX_POINT ( 'NONE', #1264 ) ;
#256 = DIRECTION ( 'NONE',  ( 0.000000000000000000, 0.000000000000000000, -1.000000000000000000 ) ) ;
#257 = EDGE_CURVE ( 'NONE', #1106, #702, #832, .T. ) ;
#258 = ORIENTED_EDGE ( 'NONE', *, *, #1056, .T. ) ;
#259 = DIRECTION ( 'NONE',  ( -0.000000000000000000, -1.000000000000000000, -0.000000000000000000 ) ) ;
#260 = ORIENTED_EDGE ( 'NONE', *, *, #493, .T. ) ;
#261 = LINE ( 'NONE', #1485, #1622 ) ;
#262 = DIRECTION ( 'NONE',  ( 0.000000000000000000, 0.000000000000000000, -1.000000000000000000 ) ) ;
#263 = EDGE_CURVE ( 'NONE', #191, #1519, #1873, .T. ) ;
#264 = DIRECTION ( 'NONE',  ( 1.000000000000000000, 0.000000000000000000, 0.000000000000000000 ) ) ;
#265 = ORIENTED_EDGE ( 'NONE', *, *, #1869, .F. ) ;
#266 = CARTESIAN_POINT ( 'NONE',  ( 29.34493141924122028, 12.69999999999999929, -31.59493141924215465 ) ) ;
#267 = ORIENTED_EDGE ( 'NONE', *, *, #817, .F. ) ;
#268 = CARTESIAN_POINT ( 'NONE',  ( -1.266157730738332297E-14, 29.99563306904288851, 17.77999999999999758 ) ) ;
#269 = VERTEX_POINT ( 'NONE', #1578 ) ;
#270 = PLANE ( 'NONE',  #631 ) ;
#271 = CARTESIAN_POINT ( 'NONE',  ( -86.25000000000000000, 31.49563306904290627, 16.27999999999999758 ) ) ;
#272 = EDGE_LOOP ( 'NONE', ( #1351, #993, #386, #1451 ) ) ;
#273 = DIRECTION ( 'NONE',  ( 0.000000000000000000, 0.000000000000000000, -1.000000000000000000 ) ) ;
#274 = VECTOR ( 'NONE', #76, 1000.000000000000000 ) ;
#275 = ORIENTED_EDGE ( 'NONE', *, *, #1836, .F. ) ;
#276 = CARTESIAN_POINT ( 'NONE',  ( 29.34493141924122028, 12.69999999999999929, -31.59493141924215465 ) ) ;
#277 = CYLINDRICAL_SURFACE ( 'NONE', #373, 2.500000000000002220 ) ;
#278 = AXIS2_PLACEMENT_3D ( 'NONE', #1444, #192, #1770 ) ;
#279 = CIRCLE ( 'NONE', #1272, 2.250000000000001776 ) ;
#280 = DIRECTION ( 'NONE',  ( 0.000000000000000000, 0.000000000000000000, -1.000000000000000000 ) ) ;
#281 = VERTEX_POINT ( 'NONE', #675 ) ;
#282 = AXIS2_PLACEMENT_3D ( 'NONE', #1200, #315, #1806 ) ;
#283 = CARTESIAN_POINT ( 'NONE',  ( -7.147060721024445229E-13, 12.69999999999999929, -41.49999999999989342 ) ) ;
#284 = DIRECTION ( 'NONE',  ( 0.000000000000000000, 0.000000000000000000, 1.000000000000000000 ) ) ;
#285 = LINE ( 'NONE', #467, #1784 ) ;
#286 = ORIENTED_EDGE ( 'NONE', *, *, #1962, .T. ) ;
#287 = DIRECTION ( 'NONE',  ( -0.000000000000000000, -1.000000000000000000, -0.000000000000000000 ) ) ;
#288 = ADVANCED_FACE ( 'NONE', ( #797 ), #1278, .F. ) ;
#289 = EDGE_LOOP ( 'NONE', ( #1067, #903, #1840, #1988 ) ) ;
#290 = LINE ( 'NONE', #1507, #1722 ) ;
#291 = CARTESIAN_POINT ( 'NONE',  ( -44.81359369141820537, 12.69999999999999929, 19.60723914021665237 ) ) ;
#292 = EDGE_CURVE ( 'NONE', #1668, #462, #1417, .T. ) ;
#293 = DIRECTION ( 'NONE',  ( 0.000000000000000000, -1.000000000000000000, 0.000000000000000000 ) ) ;
#294 = LINE ( 'NONE', #1518, #1913 ) ;
#295 = ORIENTED_EDGE ( 'NONE', *, *, #1287, .T. ) ;
#296 = CARTESIAN_POINT ( 'NONE',  ( 41.49999999999996447, 12.69999999999999929, -2.250000000000640821 ) ) ;
#297 = ORIENTED_EDGE ( 'NONE', *, *, #773, .T. ) ;
#298 = CARTESIAN_POINT ( 'NONE',  ( -45.39200480260813464, 14.10980561147701451, -0.8381554483552741130 ) ) ;
#299 = CARTESIAN_POINT ( 'NONE',  ( -59.24999999999998579, 15.62063306904291338, 17.77999999999999758 ) ) ;
#300 = CARTESIAN_POINT ( 'NONE',  ( -45.39200480260814174, 14.69999999999999751, 17.77999999999999758 ) ) ;
#301 = CARTESIAN_POINT ( 'NONE',  ( 4.225031457058369711E-15, 12.69999999999999929, 34.50000000000000711 ) ) ;
#302 =( NAMED_UNIT ( * ) SI_UNIT ( $, .STERADIAN. ) SOLID_ANGLE_UNIT ( ) );
#303 = ORIENTED_EDGE ( 'NONE', *, *, #648, .F. ) ;
#304 = AXIS2_PLACEMENT_3D ( 'NONE', #408, #259, #551 ) ;
#305 = AXIS2_PLACEMENT_3D ( 'NONE', #769, #325, #1046 ) ;
#306 = DIRECTION ( 'NONE',  ( 1.000000000000000000, 0.000000000000000000, 0.000000000000000000 ) ) ;
#307 = EDGE_LOOP ( 'NONE', ( #105, #1202 ) ) ;
#308 = AXIS2_PLACEMENT_3D ( 'NONE', #1310, #1772, #368 ) ;
#309 = CARTESIAN_POINT ( 'NONE',  ( -45.39200480260813464, 14.10984717811233402, 0.8374143702366675379 ) ) ;
#310 = ADVANCED_FACE ( 'NONE', ( #492 ), #1866, .T. ) ;
#311 = DIRECTION ( 'NONE',  ( 0.000000000000000000, 0.000000000000000000, -1.000000000000000000 ) ) ;
#312 = EDGE_CURVE ( 'NONE', #676, #1061, #1721, .T. ) ;
#313 = CARTESIAN_POINT ( 'NONE',  ( -86.25000000000000000, 2.773864751887414215, -0.000000000000000000 ) ) ;
#314 = CARTESIAN_POINT ( 'NONE',  ( 0.000000000000000000, 0.000000000000000000, 0.000000000000000000 ) ) ;
#315 = DIRECTION ( 'NONE',  ( 0.000000000000000000, 1.000000000000000000, 0.000000000000000000 ) ) ;
#316 = ORIENTED_EDGE ( 'NONE', *, *, #1188, .T. ) ;
#317 = DIRECTION ( 'NONE',  ( 0.000000000000000000, 0.000000000000000000, -1.000000000000000000 ) ) ;
#318 = ADVANCED_FACE ( 'NONE', ( #804 ), #58, .F. ) ;
#319 = ORIENTED_EDGE ( 'NONE', *, *, #673, .T. ) ;
#320 = CARTESIAN_POINT ( 'NONE',  ( -48.74999999999997868, 31.49362826643473667, -12.84999999999999964 ) ) ;
#321 = CARTESIAN_POINT ( 'NONE',  ( -44.15527671666620790, 0.000000000000000000, -20.66093023255814032 ) ) ;
#322 = DIRECTION ( 'NONE',  ( -1.000000000000000000, -1.698295246838290135E-16, 0.000000000000000000 ) ) ;
#323 = ADVANCED_BREP_SHAPE_REPRESENTATION ( 'Flange_Ring_cutout', ( #1704, #121 ), #1532 ) ;
#324 = EDGE_CURVE ( 'NONE', #61, #1281, #1105, .T. ) ;
#325 = DIRECTION ( 'NONE',  ( -0.000000000000000000, -1.000000000000000000, -0.000000000000000000 ) ) ;
#326 = VERTEX_POINT ( 'NONE', #37 ) ;
#327 = CARTESIAN_POINT ( 'NONE',  ( 29.34493141924223281, 0.000000000000000000, 31.59493141924129489 ) ) ;
#328 = ORIENTED_EDGE ( 'NONE', *, *, #199, .T. ) ;
#329 = CARTESIAN_POINT ( 'NONE',  ( -45.39200480260814174, 14.69999998262928997, -1.014844784117401311 ) ) ;
#330 = CARTESIAN_POINT ( 'NONE',  ( 0.000000000000000000, 12.69999999999999929, 0.000000000000000000 ) ) ;
#331 = CARTESIAN_POINT ( 'NONE',  ( -43.39200480260813464, 12.69999999999999929, 19.77999999999999758 ) ) ;
#332 = LINE ( 'NONE', #1009, #152 ) ;
#333 = EDGE_LOOP ( 'NONE', ( #961, #1870 ) ) ;
#334 = FACE_OUTER_BOUND ( 'NONE', #1472, .T. ) ;
#335 = ORIENTED_EDGE ( 'NONE', *, *, #1217, .T. ) ;
#336 = VECTOR ( 'NONE', #478, 1000.000000000000000 ) ;
#337 = CIRCLE ( 'NONE', #730, 3.750000000000006217 ) ;
#338 = CARTESIAN_POINT ( 'NONE',  ( -45.39200480260814174, 14.67451673406745094, -0.4069265393900758365 ) ) ;
#339 = AXIS2_PLACEMENT_3D ( 'NONE', #426, #1037, #450 ) ;
#340 = DIRECTION ( 'NONE',  ( 0.000000000000000000, 0.000000000000000000, 1.000000000000000000 ) ) ;
#341 = AXIS2_PLACEMENT_3D ( 'NONE', #1925, #1159, #1773 ) ;
#342 = CARTESIAN_POINT ( 'NONE',  ( -45.39200480260814885, 14.69999999999999751, 1.014629571871499492 ) ) ;
#343 = ORIENTED_EDGE ( 'NONE', *, *, #678, .F. ) ;
#344 =( LENGTH_UNIT ( ) NAMED_UNIT ( * ) SI_UNIT ( .MILLI., .METRE. ) );
#345 = ORIENTED_EDGE ( 'NONE', *, *, #502, .T. ) ;
#346 = EDGE_CURVE ( 'NONE', #1519, #255, #370, .T. ) ;
#347 = FACE_OUTER_BOUND ( 'NONE', #147, .T. ) ;
#348 = EDGE_LOOP ( 'NONE', ( #189, #35, #1393, #1728 ) ) ;
#349 = LINE ( 'NONE', #1577, #1691 ) ;
#350 = CARTESIAN_POINT ( 'NONE',  ( 29.34493141924223281, 0.000000000000000000, 27.09493141924129844 ) ) ;
#351 = EDGE_CURVE ( 'NONE', #3, #1829, #332, .T. ) ;
#352 = DIRECTION ( 'NONE',  ( -0.7071067811865512365, -0.7071067811865439090, 0.000000000000000000 ) ) ;
#353 = EDGE_LOOP ( 'NONE', ( #1601, #977 ) ) ;
#354 = DIRECTION ( 'NONE',  ( 1.000000000000000000, 0.000000000000000000, 0.000000000000000000 ) ) ;
#355 = ORIENTED_EDGE ( 'NONE', *, *, #817, .T. ) ;
#356 = CARTESIAN_POINT ( 'NONE',  ( -86.25000000000000000, 2.773864751887414215, -16.27999999999999758 ) ) ;
#357 = ORIENTED_EDGE ( 'NONE', *, *, #1298, .F. ) ;
#358 = PLANE ( 'NONE',  #1463 ) ;
#359 = CARTESIAN_POINT ( 'NONE',  ( 0.000000000000000000, 12.69999999999999929, 0.000000000000000000 ) ) ;
#360 = ORIENTED_EDGE ( 'NONE', *, *, #966, .F. ) ;
#361 = DIRECTION ( 'NONE',  ( -0.000000000000000000, 0.000000000000000000, 1.000000000000000000 ) ) ;
#362 = ORIENTED_EDGE ( 'NONE', *, *, #171, .T. ) ;
#363 = CARTESIAN_POINT ( 'NONE',  ( -56.74999999999997868, 15.62063306904291338, -48.75000000000000711 ) ) ;
#364 = DIRECTION ( 'NONE',  ( 0.000000000000000000, -0.000000000000000000, 1.000000000000000000 ) ) ;
#365 = EDGE_LOOP ( 'NONE', ( #480, #1461 ) ) ;
#366 = AXIS2_PLACEMENT_3D ( 'NONE', #1012, #1479, #869 ) ;
#367 = CLOSED_SHELL ( 'NONE', ( #519, #1801, #410, #1986, #140, #1069, #707, #1362, #1576, #1201, #11, #1382, #996, #1098, #310, #415, #583, #1325, #1924, #1392, #318, #1696, #744, #1102, #709, #851, #83, #1566, #1887, #1497, #521, #21, #735, #559, #1623, #1600, #1509, #1381, #288, #761, #1173, #1749, #732, #553, #862, #1441, #970, #383, #1891, #766, #1814, #1018, #468, #393, #811, #1415 ) ) ;
#368 = DIRECTION ( 'NONE',  ( 0.000000000000000000, 0.000000000000000000, -1.000000000000000000 ) ) ;
#369 = EDGE_CURVE ( 'NONE', #115, #91, #66, .T. ) ;
#370 = LINE ( 'NONE', #1599, #1466 ) ;
#371 = VECTOR ( 'NONE', #1326, 1000.000000000000000 ) ;
#372 = AXIS2_PLACEMENT_3D ( 'NONE', #190, #32, #1161 ) ;
#373 = AXIS2_PLACEMENT_3D ( 'NONE', #1038, #734, #1016 ) ;
#374 = ORIENTED_EDGE ( 'NONE', *, *, #112, .F. ) ;
#375 = CARTESIAN_POINT ( 'NONE',  ( -43.39200480260813464, 14.69999999999999929, -69.36828039361154197 ) ) ;
#376 = ORIENTED_EDGE ( 'NONE', *, *, #1686, .F. ) ;
#377 = CYLINDRICAL_SURFACE ( 'NONE', #1245, 2.250000000000001776 ) ;
#378 = EDGE_CURVE ( 'NONE', #864, #683, #859, .T. ) ;
#379 = DIRECTION ( 'NONE',  ( 0.7071067811865442421, -0.000000000000000000, 0.7071067811865507924 ) ) ;
#380 = ORIENTED_EDGE ( 'NONE', *, *, #1076, .F. ) ;
#381 = DIRECTION ( 'NONE',  ( 0.000000000000000000, 0.000000000000000000, -1.000000000000000000 ) ) ;
#382 = DIRECTION ( 'NONE',  ( -0.000000000000000000, -1.000000000000000000, -0.000000000000000000 ) ) ;
#383 = ADVANCED_FACE ( 'NONE', ( #1448 ), #390, .T. ) ;
#384 = ORIENTED_EDGE ( 'NONE', *, *, #1265, .F. ) ;
#385 = CARTESIAN_POINT ( 'NONE',  ( -48.75200480260815539, 31.49563306904291338, -12.84999999999999964 ) ) ;
#386 = ORIENTED_EDGE ( 'NONE', *, *, #714, .T. ) ;
#387 = CARTESIAN_POINT ( 'NONE',  ( -47.96162448521643995, 14.24463880691448203, 17.82913706736384540 ) ) ;
#388 = VERTEX_POINT ( 'NONE', #90 ) ;
#389 = FACE_OUTER_BOUND ( 'NONE', #272, .T. ) ;
#390 = PLANE ( 'NONE',  #213 ) ;
#391 = DIRECTION ( 'NONE',  ( 0.000000000000000000, 0.000000000000000000, -1.000000000000000000 ) ) ;
#392 = DIRECTION ( 'NONE',  ( 0.000000000000000000, 0.000000000000000000, 1.000000000000000000 ) ) ;
#393 = ADVANCED_FACE ( 'NONE', ( #547 ), #563, .F. ) ;
#394 = ORIENTED_EDGE ( 'NONE', *, *, #618, .F. ) ;
#395 = CARTESIAN_POINT ( 'NONE',  ( -61.74999999999998579, 15.62063306904291338, 17.77999999999999758 ) ) ;
#396 = ORIENTED_EDGE ( 'NONE', *, *, #1426, .F. ) ;
#397 = LINE ( 'NONE', #1941, #818 ) ;
#398 = CARTESIAN_POINT ( 'NONE',  ( -84.15439431936152914, 1.320633069042912444, -12.84999999999999964 ) ) ;
#399 = AXIS2_PLACEMENT_3D ( 'NONE', #1136, #534, #44 ) ;
#400 = AXIS2_PLACEMENT_3D ( 'NONE', #749, #1379, #1390 ) ;
#401 = DIRECTION ( 'NONE',  ( -0.000000000000000000, -0.000000000000000000, 1.000000000000000000 ) ) ;
#402 = VECTOR ( 'NONE', #1055, 1000.000000000000000 ) ;
#403 = ORIENTED_EDGE ( 'NONE', *, *, #1736, .F. ) ;
#404 = CARTESIAN_POINT ( 'NONE',  ( 0.000000000000000000, 0.000000000000000000, -17.78000000000000114 ) ) ;
#405 = AXIS2_PLACEMENT_3D ( 'NONE', #1299, #1170, #1927 ) ;
#406 = AXIS2_PLACEMENT_3D ( 'NONE', #235, #1486, #109 ) ;
#407 = VERTEX_POINT ( 'NONE', #875 ) ;
#408 = CARTESIAN_POINT ( 'NONE',  ( -48.68402304658068402, 12.69999999999999929, -22.78000000000000114 ) ) ;
#409 = EDGE_CURVE ( 'NONE', #1651, #1124, #49, .T. ) ;
#410 = ADVANCED_FACE ( 'NONE', ( #1781 ), #708, .F. ) ;
#411 = ORIENTED_EDGE ( 'NONE', *, *, #1426, .T. ) ;
#412 = DIRECTION ( 'NONE',  ( 0.000000000000000000, -1.000000000000000000, 0.000000000000000000 ) ) ;
#413 = FACE_BOUND ( 'NONE', #1015, .T. ) ;
#414 = ORIENTED_EDGE ( 'NONE', *, *, #369, .F. ) ;
#415 = ADVANCED_FACE ( 'NONE', ( #1764 ), #726, .F. ) ;
#416 = DIRECTION ( 'NONE',  ( 0.000000000000000000, -1.000000000000000000, 0.000000000000000000 ) ) ;
#417 = ORIENTED_EDGE ( 'NONE', *, *, #1140, .F. ) ;
#418 = DIRECTION ( 'NONE',  ( -1.698295246838290135E-16, 1.000000000000000000, 0.000000000000000000 ) ) ;
#419 = CYLINDRICAL_SURFACE ( 'NONE', #1209, 2.249999999999998668 ) ;
#420 = VERTEX_POINT ( 'NONE', #398 ) ;
#421 = DIRECTION ( 'NONE',  ( 1.000000000000000000, 0.000000000000000000, 0.000000000000000000 ) ) ;
#422 = CARTESIAN_POINT ( 'NONE',  ( 0.000000000000000000, 0.000000000000000000, 0.000000000000000000 ) ) ;
#423 = ORIENTED_EDGE ( 'NONE', *, *, #1276, .F. ) ;
#424 = DIRECTION ( 'NONE',  ( 0.000000000000000000, -1.000000000000000000, 0.000000000000000000 ) ) ;
#425 = EDGE_LOOP ( 'NONE', ( #1632, #1937 ) ) ;
#426 = CARTESIAN_POINT ( 'NONE',  ( 29.34493141924122028, 0.000000000000000000, -29.34493141924215465 ) ) ;
#427 = CARTESIAN_POINT ( 'NONE',  ( -43.39200480260813464, 14.69999999999999929, -1.217710075061261943 ) ) ;
#428 = CARTESIAN_POINT ( 'NONE',  ( -84.74999999999997158, 29.99563306904288851, -17.78000000000000114 ) ) ;
#429 = ORIENTED_EDGE ( 'NONE', *, *, #768, .T. ) ;
#430 = DIRECTION ( 'NONE',  ( 1.000000000000000000, -0.000000000000000000, 0.000000000000000000 ) ) ;
#431 = FACE_BOUND ( 'NONE', #628, .T. ) ;
#432 = EDGE_CURVE ( 'NONE', #191, #918, #1477, .T. ) ;
#433 = CARTESIAN_POINT ( 'NONE',  ( 29.34493141924122028, 12.69999999999999929, -29.34493141924215465 ) ) ;
#434 = AXIS2_PLACEMENT_3D ( 'NONE', #422, #1058, #576 ) ;
#435 = AXIS2_PLACEMENT_3D ( 'NONE', #896, #119, #1961 ) ;
#436 = AXIS2_PLACEMENT_3D ( 'NONE', #433, #1080, #777 ) ;
#437 = EDGE_LOOP ( 'NONE', ( #731, #1894, #1990, #1971 ) ) ;
#438 = FACE_OUTER_BOUND ( 'NONE', #1589, .T. ) ;
#439 = VECTOR ( 'NONE', #991, 1000.000000000000000 ) ;
#440 = AXIS2_PLACEMENT_3D ( 'NONE', #846, #392, #1775 ) ;
#441 = AXIS2_PLACEMENT_3D ( 'NONE', #1630, #1311, #421 ) ;
#442 = ORIENTED_EDGE ( 'NONE', *, *, #1210, .T. ) ;
#443 = EDGE_CURVE ( 'NONE', #901, #515, #575, .T. ) ;
#444 = DIRECTION ( 'NONE',  ( 0.000000000000000000, 1.000000000000000000, 0.000000000000000000 ) ) ;
#445 = CARTESIAN_POINT ( 'NONE',  ( -78.74999999999998579, 15.62063306904291160, -48.75000000000000711 ) ) ;
#446 = FACE_BOUND ( 'NONE', #1724, .T. ) ;
#447 = LINE ( 'NONE', #1059, #1659 ) ;
#448 = LINE ( 'NONE', #1212, #1183 ) ;
#449 = ORIENTED_EDGE ( 'NONE', *, *, #1736, .T. ) ;
#450 = DIRECTION ( 'NONE',  ( 0.000000000000000000, 0.000000000000000000, -1.000000000000000000 ) ) ;
#451 = DIRECTION ( 'NONE',  ( 0.000000000000000000, 0.000000000000000000, -1.000000000000000000 ) ) ;
#452 = ORIENTED_EDGE ( 'NONE', *, *, #532, .F. ) ;
#453 = CARTESIAN_POINT ( 'NONE',  ( -45.39200480260814885, 14.12044192311130608, 0.4267714321878290917 ) ) ;
#454 = VERTEX_POINT ( 'NONE', #717 ) ;
#455 = DIRECTION ( 'NONE',  ( -0.000000000000000000, -1.000000000000000000, -0.000000000000000000 ) ) ;
#456 = DIRECTION ( 'NONE',  ( 0.000000000000000000, 0.000000000000000000, -1.000000000000000000 ) ) ;
#457 = DIRECTION ( 'NONE',  ( -0.000000000000000000, -1.000000000000000000, -0.000000000000000000 ) ) ;
#458 = CARTESIAN_POINT ( 'NONE',  ( 29.34493141924223281, 12.69999999999999929, 29.34493141924129489 ) ) ;
#459 = ORIENTED_EDGE ( 'NONE', *, *, #25, .F. ) ;
#460 = DIRECTION ( 'NONE',  ( 0.000000000000000000, 0.000000000000000000, -1.000000000000000000 ) ) ;
#461 = EDGE_CURVE ( 'NONE', #515, #245, #1825, .T. ) ;
#462 = VERTEX_POINT ( 'NONE', #1179 ) ;
#463 = EDGE_CURVE ( 'NONE', #1890, #1758, #1934, .T. ) ;
#464 = DIRECTION ( 'NONE',  ( 0.000000000000000000, -1.000000000000000000, -5.421010862427522170E-16 ) ) ;
#465 = CYLINDRICAL_SURFACE ( 'NONE', #505, 2.249999999999998668 ) ;
#466 = CARTESIAN_POINT ( 'NONE',  ( -61.74999999999998579, 15.62063306904291338, 12.84999999999999964 ) ) ;
#467 = CARTESIAN_POINT ( 'NONE',  ( -48.74999999999997868, 0.000000000000000000, 12.84999999999999964 ) ) ;
#468 = ADVANCED_FACE ( 'NONE', ( #834 ), #1911, .F. ) ;
#469 = VERTEX_POINT ( 'NONE', #1608 ) ;
#470 = AXIS2_PLACEMENT_3D ( 'NONE', #635, #1711, #1702 ) ;
#471 = ORIENTED_EDGE ( 'NONE', *, *, #1738, .T. ) ;
#472 = CIRCLE ( 'NONE', #308, 2.249999999999998668 ) ;
#473 = CIRCLE ( 'NONE', #1664, 2.500000000000002220 ) ;
#474 = AXIS2_PLACEMENT_3D ( 'NONE', #1516, #747, #1227 ) ;
#475 = EDGE_CURVE ( 'NONE', #454, #207, #843, .T. ) ;
#476 = FACE_OUTER_BOUND ( 'NONE', #437, .T. ) ;
#477 = CARTESIAN_POINT ( 'NONE',  ( -29.34493141924223281, 12.69999999999999929, -29.34493141924114212 ) ) ;
#478 = DIRECTION ( 'NONE',  ( 4.856618655403135597E-16, -1.000000000000000000, 0.000000000000000000 ) ) ;
#479 = CARTESIAN_POINT ( 'NONE',  ( -29.34493141924122028, 12.69999999999999929, 31.59493141924230741 ) ) ;
#480 = ORIENTED_EDGE ( 'NONE', *, *, #67, .T. ) ;
#481 = PRESENTATION_STYLE_ASSIGNMENT (( #1725 ) ) ;
#482 = CARTESIAN_POINT ( 'NONE',  ( 7.147060721024445229E-13, 12.69999999999999929, 39.25000000000004263 ) ) ;
#483 = ORIENTED_EDGE ( 'NONE', *, *, #1843, .F. ) ;
#484 = CARTESIAN_POINT ( 'NONE',  ( -45.24372823594301707, 12.79693680520660060, 19.14567434983346672 ) ) ;
#485 = DIRECTION ( 'NONE',  ( 0.000000000000000000, 0.000000000000000000, -1.000000000000000000 ) ) ;
#486 = DIRECTION ( 'NONE',  ( -0.000000000000000000, -1.000000000000000000, -0.000000000000000000 ) ) ;
#487 = ORIENTED_EDGE ( 'NONE', *, *, #1503, .T. ) ;
#488 = LINE ( 'NONE', #1107, #1340 ) ;
#489 = ORIENTED_EDGE ( 'NONE', *, *, #1387, .F. ) ;
#490 = CARTESIAN_POINT ( 'NONE',  ( -56.74999999999997868, 15.62063306904291338, -12.84999999999999964 ) ) ;
#491 = CARTESIAN_POINT ( 'NONE',  ( -1.266157730738332612E-14, 29.99563306904290272, -17.78000000000000114 ) ) ;
#492 = FACE_OUTER_BOUND ( 'NONE', #573, .T. ) ;
#493 = EDGE_CURVE ( 'NONE', #93, #705, #1213, .T. ) ;
#494 = EDGE_CURVE ( 'NONE', #1579, #1890, #1220, .T. ) ;
#495 = ORIENTED_EDGE ( 'NONE', *, *, #1650, .T. ) ;
#496 =( NAMED_UNIT ( * ) SI_UNIT ( $, .STERADIAN. ) SOLID_ANGLE_UNIT ( ) );
#497 = ORIENTED_EDGE ( 'NONE', *, *, #1048, .T. ) ;
#498 = AXIS2_PLACEMENT_3D ( 'NONE', #514, #352, #1903 ) ;
#499 = VECTOR ( 'NONE', #1939, 1000.000000000000000 ) ;
#500 = CARTESIAN_POINT ( 'NONE',  ( -7.144305265726363625E-13, 0.000000000000000000, -39.24999999999988631 ) ) ;
#501 = EDGE_LOOP ( 'NONE', ( #799, #1054 ) ) ;
#502 = EDGE_CURVE ( 'NONE', #326, #161, #538, .T. ) ;
#503 = COLOUR_RGB ( '',0.7921568627450980005, 0.8196078431372548767, 0.9333333333333333481 ) ;
#504 = FACE_BOUND ( 'NONE', #353, .T. ) ;
#505 = AXIS2_PLACEMENT_3D ( 'NONE', #477, #1832, #311 ) ;
#506 = CARTESIAN_POINT ( 'NONE',  ( -45.39200480260815596, 14.69093478664325225, 0.8117840288627887757 ) ) ;
#507 = ORIENTED_EDGE ( 'NONE', *, *, #1248, .F. ) ;
#508 = CARTESIAN_POINT ( 'NONE',  ( -43.59874300179931339, 12.69999999999999751, -3.116907701991457724 ) ) ;
#509 = ORIENTED_EDGE ( 'NONE', *, *, #1633, .T. ) ;
#510 = CARTESIAN_POINT ( 'NONE',  ( 29.34493141924122028, 12.69999999999999929, -27.09493141924215820 ) ) ;
#511 = ORIENTED_EDGE ( 'NONE', *, *, #587, .F. ) ;
#512 = DIRECTION ( 'NONE',  ( 0.000000000000000000, 0.000000000000000000, 1.000000000000000000 ) ) ;
#513 = CARTESIAN_POINT ( 'NONE',  ( -78.74999999999998579, 15.62063306904291160, 17.77999999999999758 ) ) ;
#514 = CARTESIAN_POINT ( 'NONE',  ( -45.39200480260813464, 28.13563306904285355, -69.36828039361154197 ) ) ;
#515 = VERTEX_POINT ( 'NONE', #904 ) ;
#516 = DIRECTION ( 'NONE',  ( -0.000000000000000000, -0.000000000000000000, 1.000000000000000000 ) ) ;
#517 = ORIENTED_EDGE ( 'NONE', *, *, #1539, .F. ) ;
#518 = DIRECTION ( 'NONE',  ( 0.000000000000000000, 0.000000000000000000, 1.000000000000000000 ) ) ;
#519 = ADVANCED_FACE ( 'NONE', ( #1508 ), #1984, .F. ) ;
#520 = DIRECTION ( 'NONE',  ( 0.000000000000000000, -1.000000000000000000, 0.000000000000000000 ) ) ;
#521 = ADVANCED_FACE ( 'NONE', ( #156 ), #1648, .F. ) ;
#522 = ORIENTED_EDGE ( 'NONE', *, *, #378, .F. ) ;
#523 = DIRECTION ( 'NONE',  ( 0.000000000000000000, 0.000000000000000000, -1.000000000000000000 ) ) ;
#524 = CARTESIAN_POINT ( 'NONE',  ( -48.68402304658069113, -44.55899652763844898, 17.77999999999999758 ) ) ;
#525 = VERTEX_POINT ( 'NONE', #1824 ) ;
#526 = EDGE_CURVE ( 'NONE', #1735, #1421, #1670, .T. ) ;
#527 = PLANE ( 'NONE',  #951 ) ;
#528 = ORIENTED_EDGE ( 'NONE', *, *, #1807, .F. ) ;
#529 = FACE_OUTER_BOUND ( 'NONE', #1013, .T. ) ;
#530 = PLANE ( 'NONE',  #757 ) ;
#531 = ORIENTED_EDGE ( 'NONE', *, *, #1331, .T. ) ;
#532 = EDGE_CURVE ( 'NONE', #780, #202, #1377, .T. ) ;
#533 = VECTOR ( 'NONE', #1071, 1000.000000000000000 ) ;
#534 = DIRECTION ( 'NONE',  ( 0.000000000000000000, -1.000000000000000000, 0.000000000000000000 ) ) ;
#535 = DIRECTION ( 'NONE',  ( -0.000000000000000000, 0.000000000000000000, 1.000000000000000000 ) ) ;
#536 = AXIS2_PLACEMENT_3D ( 'NONE', #911, #1089, #1523 ) ;
#537 = VECTOR ( 'NONE', #287, 1000.000000000000000 ) ;
#538 = CIRCLE ( 'NONE', #1500, 48.75000000000000000 ) ;
#539 = VERTEX_POINT ( 'NONE', #1994 ) ;
#540 = CARTESIAN_POINT ( 'NONE',  ( -45.39200480260814174, 1.000044370343296546E-14, 17.77999999999999758 ) ) ;
#541 = AXIS2_PLACEMENT_3D ( 'NONE', #906, #1817, #1682 ) ;
#542 = EDGE_LOOP ( 'NONE', ( #357, #1193, #1307, #560 ) ) ;
#543 = CARTESIAN_POINT ( 'NONE',  ( -46.20944859889698364, 13.21354147410129620, 18.41847532769895679 ) ) ;
#544 = FACE_OUTER_BOUND ( 'NONE', #1175, .T. ) ;
#545 = VERTEX_POINT ( 'NONE', #612 ) ;
#546 = CYLINDRICAL_SURFACE ( 'NONE', #945, 48.75000000000000000 ) ;
#547 = FACE_OUTER_BOUND ( 'NONE', #1, .T. ) ;
#548 = ORIENTED_EDGE ( 'NONE', *, *, #1864, .T. ) ;
#549 = DIRECTION ( 'NONE',  ( -0.6348860389589413566, 0.4402720012334034316, -0.6348860389589295883 ) ) ;
#550 = EDGE_LOOP ( 'NONE', ( #1329, #812, #495, #509 ) ) ;
#551 = DIRECTION ( 'NONE',  ( 0.000000000000000000, 0.000000000000000000, -1.000000000000000000 ) ) ;
#552 = ORIENTED_EDGE ( 'NONE', *, *, #129, .T. ) ;
#553 = ADVANCED_FACE ( 'NONE', ( #1057 ), #1388, .F. ) ;
#554 = CARTESIAN_POINT ( 'NONE',  ( -45.39200480260814174, 14.69999999999999929, -17.78000000000000469 ) ) ;
#555 = DIRECTION ( 'NONE',  ( 0.000000000000000000, -1.000000000000000000, 0.000000000000000000 ) ) ;
#556 = PLANE ( 'NONE',  #498 ) ;
#557 = DIRECTION ( 'NONE',  ( -0.000000000000000000, -1.000000000000000000, -0.000000000000000000 ) ) ;
#558 = CARTESIAN_POINT ( 'NONE',  ( -59.24999999999998579, 15.62063306904291338, 12.84999999999999964 ) ) ;
#559 = ADVANCED_FACE ( 'NONE', ( #1537 ), #465, .F. ) ;
#560 = ORIENTED_EDGE ( 'NONE', *, *, #1930, .T. ) ;
#561 = CARTESIAN_POINT ( 'NONE',  ( 29.34493141924223281, 12.69999999999999929, 31.59493141924129489 ) ) ;
#562 = ORIENTED_EDGE ( 'NONE', *, *, #902, .F. ) ;
#563 = CYLINDRICAL_SURFACE ( 'NONE', #249, 3.750000000000006217 ) ;
#564 = CIRCLE ( 'NONE', #1040, 34.50000000000000711 ) ;
#565 = AXIS2_PLACEMENT_3D ( 'NONE', #1192, #1805, #1502 ) ;
#566 = CIRCLE ( 'NONE', #117, 2.250000000000001776 ) ;
#567 = ORIENTED_EDGE ( 'NONE', *, *, #141, .T. ) ;
#568 = LINE ( 'NONE', #1152, #662 ) ;
#569 = AXIS2_PLACEMENT_3D ( 'NONE', #589, #751, #460 ) ;
#570 = VECTOR ( 'NONE', #1612, 1000.000000000000000 ) ;
#571 = EDGE_LOOP ( 'NONE', ( #33, #736, #1551, #1258 ) ) ;
#572 = LINE ( 'NONE', #561, #1912 ) ;
#573 = EDGE_LOOP ( 'NONE', ( #194, #893, #897, #1943 ) ) ;
#574 = CARTESIAN_POINT ( 'NONE',  ( -78.74999999999998579, 15.62063306904291160, -48.75000000000000711 ) ) ;
#575 = LINE ( 'NONE', #225, #698 ) ;
#576 = DIRECTION ( 'NONE',  ( 0.000000000000000000, -0.000000000000000000, 1.000000000000000000 ) ) ;
#577 = EDGE_LOOP ( 'NONE', ( #1620, #198, #758, #969 ) ) ;
#578 = CARTESIAN_POINT ( 'NONE',  ( -73.74999999999998579, 15.62063306904291160, -17.78000000000000114 ) ) ;
#579 = ORIENTED_EDGE ( 'NONE', *, *, #351, .T. ) ;
#580 = FACE_OUTER_BOUND ( 'NONE', #289, .T. ) ;
#581 = CARTESIAN_POINT ( 'NONE',  ( -45.39200480260814174, 14.69999999999999751, 17.77999999999999758 ) ) ;
#582 = ORIENTED_EDGE ( 'NONE', *, *, #166, .T. ) ;
#583 = ADVANCED_FACE ( 'NONE', ( #1235 ), #270, .F. ) ;
#584 = DIRECTION ( 'NONE',  ( 0.000000000000000000, 1.000000000000000000, 0.000000000000000000 ) ) ;
#585 = DIRECTION ( 'NONE',  ( -0.8217464086295926950, 0.5698533494719203452, -0.000000000000000000 ) ) ;
#586 = FACE_OUTER_BOUND ( 'NONE', #971, .T. ) ;
#587 = EDGE_CURVE ( 'NONE', #1685, #1490, #123, .T. ) ;
#588 = ORIENTED_EDGE ( 'NONE', *, *, #1207, .F. ) ;
#589 = CARTESIAN_POINT ( 'NONE',  ( -86.25000000000000000, -44.55899652763844898, 0.000000000000000000 ) ) ;
#590 = ORIENTED_EDGE ( 'NONE', *, *, #1276, .T. ) ;
#591 = CARTESIAN_POINT ( 'NONE',  ( -44.15527671666621501, 12.69999999999999929, -20.66093023255814387 ) ) ;
#592 = CARTESIAN_POINT ( 'NONE',  ( -59.24999999999998579, 15.62063306904291338, -48.75000000000000711 ) ) ;
#593 = LINE ( 'NONE', #1510, #1428 ) ;
#594 = AXIS2_PLACEMENT_3D ( 'NONE', #1208, #1985, #1348 ) ;
#595 = CIRCLE ( 'NONE', #917, 2.250000000000001776 ) ;
#596 = VECTOR ( 'NONE', #1121, 1000.000000000000000 ) ;
#597 = EDGE_LOOP ( 'NONE', ( #10, #38 ) ) ;
#598 = CARTESIAN_POINT ( 'NONE',  ( -76.24999999999998579, 15.62063306904291160, -17.78000000000000114 ) ) ;
#599 = PRESENTATION_LAYER_ASSIGNMENT (  '', '', ( #1624 ) ) ;
#600 = AXIS2_PLACEMENT_3D ( 'NONE', #1149, #989, #857 ) ;
#601 = ORIENTED_EDGE ( 'NONE', *, *, #992, .F. ) ;
#602 = CARTESIAN_POINT ( 'NONE',  ( -45.39200480260814174, 14.66767226736474861, 0.2015034514766276819 ) ) ;
#603 = DIRECTION ( 'NONE',  ( -0.000000000000000000, -0.000000000000000000, 1.000000000000000000 ) ) ;
#604 = LINE ( 'NONE', #876, #1658 ) ;
#605 = CARTESIAN_POINT ( 'NONE',  ( 29.34493141924223281, 0.000000000000000000, 29.34493141924129489 ) ) ;
#606 = EDGE_CURVE ( 'NONE', #763, #1324, #923, .T. ) ;
#607 = ORIENTED_EDGE ( 'NONE', *, *, #129, .F. ) ;
#608 = DIRECTION ( 'NONE',  ( 1.000000000000000000, 0.000000000000000000, 0.000000000000000000 ) ) ;
#609 = ORIENTED_EDGE ( 'NONE', *, *, #768, .F. ) ;
#610 = FACE_OUTER_BOUND ( 'NONE', #1186, .T. ) ;
#611 = EDGE_CURVE ( 'NONE', #462, #1579, #1358, .T. ) ;
#612 = CARTESIAN_POINT ( 'NONE',  ( 0.000000000000000000, 12.69999999999999929, -34.50000000000000711 ) ) ;
#613 = CYLINDRICAL_SURFACE ( 'NONE', #885, 34.50000000000000711 ) ;
#614 = CARTESIAN_POINT ( 'NONE',  ( -48.74999999999997868, 1.320633069042912444, -12.84999999999999964 ) ) ;
#615 = EDGE_CURVE ( 'NONE', #545, #196, #1625, .T. ) ;
#616 = ORIENTED_EDGE ( 'NONE', *, *, #1687, .T. ) ;
#617 = DIRECTION ( 'NONE',  ( 1.000000000000000000, 0.000000000000000000, 0.000000000000000000 ) ) ;
#618 = EDGE_CURVE ( 'NONE', #733, #248, #760, .T. ) ;
#619 = CARTESIAN_POINT ( 'NONE',  ( -45.39200480260813464, 28.13563306904285355, 12.84999999999999964 ) ) ;
#620 = ORIENTED_EDGE ( 'NONE', *, *, #981, .T. ) ;
#621 = DIRECTION ( 'NONE',  ( -0.000000000000000000, -0.000000000000000000, -1.000000000000000000 ) ) ;
#622 = DIRECTION ( 'NONE',  ( 1.000000000000000000, 0.000000000000000000, 0.000000000000000000 ) ) ;
#623 = CARTESIAN_POINT ( 'NONE',  ( 29.34493141924122028, 0.000000000000000000, -29.34493141924215465 ) ) ;
#624 = CYLINDRICAL_SURFACE ( 'NONE', #1689, 2.250000000000002220 ) ;
#625 = EDGE_LOOP ( 'NONE', ( #1573, #601, #1385, #1739 ) ) ;
#626 = VECTOR ( 'NONE', #1353, 1000.000000000000000 ) ;
#627 = CARTESIAN_POINT ( 'NONE',  ( 29.34493141924223281, 12.69999999999999929, 29.34493141924129489 ) ) ;
#628 = EDGE_LOOP ( 'NONE', ( #1652, #417 ) ) ;
#629 = CIRCLE ( 'NONE', #1270, 2.249999999999998668 ) ;
#630 = CIRCLE ( 'NONE', #440, 2.500000000000002220 ) ;
#631 = AXIS2_PLACEMENT_3D ( 'NONE', #1498, #430, #913 ) ;
#632 = CARTESIAN_POINT ( 'NONE',  ( -48.75200480260815539, 31.49563306904291338, -16.28000000000000114 ) ) ;
#633 = FACE_BOUND ( 'NONE', #1699, .T. ) ;
#634 = PRODUCT_RELATED_PRODUCT_CATEGORY ( 'part', '', ( #1234 ) ) ;
#635 = CARTESIAN_POINT ( 'NONE',  ( -41.49999999999996447, 12.69999999999999929, 7.910339050454240351E-13 ) ) ;
#636 = CARTESIAN_POINT ( 'NONE',  ( -7.147060721024445229E-13, 0.000000000000000000, -41.49999999999989342 ) ) ;
#637 = VERTEX_POINT ( 'NONE', #133 ) ;
#638 = CARTESIAN_POINT ( 'NONE',  ( -43.39200480260813464, 12.69999999999999929, -3.237717996815433708 ) ) ;
#639 = FACE_OUTER_BOUND ( 'NONE', #577, .T. ) ;
#640 = ORIENTED_EDGE ( 'NONE', *, *, #204, .F. ) ;
#641 = CARTESIAN_POINT ( 'NONE',  ( -43.39200480260813464, 14.69999999999999929, 1.217710075062845121 ) ) ;
#642 = EDGE_CURVE ( 'NONE', #1829, #1281, #1744, .T. ) ;
#643 = EDGE_CURVE ( 'NONE', #91, #1373, #829, .T. ) ;
#644 = CARTESIAN_POINT ( 'NONE',  ( 0.000000000000000000, 12.69999999999999929, 0.000000000000000000 ) ) ;
#645 = LINE ( 'NONE', #1257, #1367 ) ;
#646 = ORIENTED_EDGE ( 'NONE', *, *, #351, .F. ) ;
#647 = CARTESIAN_POINT ( 'NONE',  ( -44.29122867389030915, 12.90634284807154231, -2.513947277044751516 ) ) ;
#648 = EDGE_CURVE ( 'NONE', #525, #637, #1907, .T. ) ;
#649 = ORIENTED_EDGE ( 'NONE', *, *, #1119, .F. ) ;
#650 = CARTESIAN_POINT ( 'NONE',  ( 0.000000000000000000, 12.69999999999999929, 0.000000000000000000 ) ) ;
#651 = CARTESIAN_POINT ( 'NONE',  ( -86.24999999999998579, 1.320633069042912444, 12.84999999999999964 ) ) ;
#652 = LINE ( 'NONE', #1425, #1006 ) ;
#653 = ORIENTED_EDGE ( 'NONE', *, *, #257, .T. ) ;
#654 = SURFACE_SIDE_STYLE ('',( #800 ) ) ;
#655 = ORIENTED_EDGE ( 'NONE', *, *, #935, .F. ) ;
#656 = AXIS2_PLACEMENT_3D ( 'NONE', #1483, #418, #128 ) ;
#657 = VECTOR ( 'NONE', #486, 1000.000000000000000 ) ;
#658 = CIRCLE ( 'NONE', #1881, 2.500000000000002220 ) ;
#659 = DIRECTION ( 'NONE',  ( 0.000000000000000000, 0.000000000000000000, 1.000000000000000000 ) ) ;
#660 = VECTOR ( 'NONE', #1167, 1000.000000000000000 ) ;
#661 = ORIENTED_EDGE ( 'NONE', *, *, #1411, .F. ) ;
#662 = VECTOR ( 'NONE', #1767, 1000.000000000000114 ) ;
#663 = VECTOR ( 'NONE', #62, 1000.000000000000000 ) ;
#664 = CARTESIAN_POINT ( 'NONE',  ( -45.39200480260814174, 14.69999999999999929, 1.217710075062845121 ) ) ;
#665 = CARTESIAN_POINT ( 'NONE',  ( -45.39200480260814174, 14.69093278698167815, -0.8117386011146007219 ) ) ;
#666 = EDGE_LOOP ( 'NONE', ( #1423, #649, #1022, #423, #297 ) ) ;
#667 = LINE ( 'NONE', #23, #1116 ) ;
#668 = EDGE_CURVE ( 'NONE', #1395, #248, #1462, .T. ) ;
#669 = ORIENTED_EDGE ( 'NONE', *, *, #233, .F. ) ;
#670 = CARTESIAN_POINT ( 'NONE',  ( -44.95157001986818557, 12.72193429637960804, 19.44642148450893515 ) ) ;
#671 = DIRECTION ( 'NONE',  ( 1.000000000000000000, 1.698295246838290135E-16, 0.000000000000000000 ) ) ;
#672 = ORIENTED_EDGE ( 'NONE', *, *, #1586, .T. ) ;
#673 = EDGE_CURVE ( 'NONE', #987, #202, #1952, .T. ) ;
#674 = FACE_OUTER_BOUND ( 'NONE', #1830, .T. ) ;
#675 = CARTESIAN_POINT ( 'NONE',  ( -41.49999999999996447, 12.69999999999999929, -2.249999999999211298 ) ) ;
#676 = VERTEX_POINT ( 'NONE', #15 ) ;
#677 = DIRECTION ( 'NONE',  ( 2.203128887327391041E-16, 1.000000000000000000, 0.000000000000000000 ) ) ;
#678 = EDGE_CURVE ( 'NONE', #525, #1231, #994, .T. ) ;
#679 = ORIENTED_EDGE ( 'NONE', *, *, #681, .F. ) ;
#680 = CARTESIAN_POINT ( 'NONE',  ( -47.25109181812432979, 13.80600317915291875, 17.97598322281298522 ) ) ;
#681 = EDGE_CURVE ( 'NONE', #1294, #1668, #1101, .T. ) ;
#682 = DIRECTION ( 'NONE',  ( 0.000000000000000000, 0.000000000000000000, -1.000000000000000000 ) ) ;
#683 = VERTEX_POINT ( 'NONE', #28 ) ;
#684 = LINE ( 'NONE', #591, #975 ) ;
#685 = DIRECTION ( 'NONE',  ( -0.7071067811865410224, 0.000000000000000000, 0.7071067811865541231 ) ) ;
#686 = ORIENTED_EDGE ( 'NONE', *, *, #841, .T. ) ;
#687 = DIRECTION ( 'NONE',  ( 0.000000000000000000, -1.000000000000000000, 0.000000000000000000 ) ) ;
#688 = EDGE_LOOP ( 'NONE', ( #1609, #1771, #672, #1036 ) ) ;
#689 = CARTESIAN_POINT ( 'NONE',  ( -45.39200480260813464, 28.13563306904285355, -17.78000000000000469 ) ) ;
#690 = CARTESIAN_POINT ( 'NONE',  ( -45.22632877142131491, 13.87778919609028705, -0.4341783024744036990 ) ) ;
#691 = VERTEX_POINT ( 'NONE', #848 ) ;
#692 = CIRCLE ( 'NONE', #594, 48.75000000000000000 ) ;
#693 = EDGE_CURVE ( 'NONE', #785, #771, #187, .T. ) ;
#694 = AXIS2_PLACEMENT_3D ( 'NONE', #65, #1901, #523 ) ;
#695 = VECTOR ( 'NONE', #1996, 1000.000000000000000 ) ;
#696 = CARTESIAN_POINT ( 'NONE',  ( -82.24999999999995737, 0.000000000000000000, 0.000000000000000000 ) ) ;
#697 = CARTESIAN_POINT ( 'NONE',  ( -48.74999999999997868, 1.320633069042912444, -9.375000000000000000 ) ) ;
#698 = VECTOR ( 'NONE', #382, 1000.000000000000000 ) ;
#699 = EDGE_LOOP ( 'NONE', ( #522, #126, #131, #741 ) ) ;
#700 = CARTESIAN_POINT ( 'NONE',  ( -73.74999999999998579, 15.62063306904291160, 12.84999999999999964 ) ) ;
#701 = EDGE_CURVE ( 'NONE', #1651, #61, #215, .T. ) ;
#702 = VERTEX_POINT ( 'NONE', #1302 ) ;
#703 = FACE_BOUND ( 'NONE', #1867, .T. ) ;
#704 = DIRECTION ( 'NONE',  ( 0.000000000000000000, 0.000000000000000000, -1.000000000000000000 ) ) ;
#705 = VERTEX_POINT ( 'NONE', #321 ) ;
#706 = CARTESIAN_POINT ( 'NONE',  ( -41.49999999999996447, 12.69999999999999929, -2.249999999999211298 ) ) ;
#707 = ADVANCED_FACE ( 'NONE', ( #529 ), #377, .F. ) ;
#708 = CYLINDRICAL_SURFACE ( 'NONE', #441, 2.500000000000002220 ) ;
#709 = ADVANCED_FACE ( 'NONE', ( #1545, #1592, #703, #1604, #795, #1452, #71, #172, #633, #1250 ), #1710, .T. ) ;
#710 = ORIENTED_EDGE ( 'NONE', *, *, #25, .T. ) ;
#711 = DIRECTION ( 'NONE',  ( 0.000000000000000000, -1.000000000000000000, 0.000000000000000000 ) ) ;
#712 = ORIENTED_EDGE ( 'NONE', *, *, #1930, .F. ) ;
#713 = FACE_OUTER_BOUND ( 'NONE', #150, .T. ) ;
#714 = EDGE_CURVE ( 'NONE', #1124, #24, #1854, .T. ) ;
#715 = ORIENTED_EDGE ( 'NONE', *, *, #1024, .F. ) ;
#716 = CARTESIAN_POINT ( 'NONE',  ( -92.81214699852966987, 7.324491815868693578, -9.717853001470388108 ) ) ;
#717 = CARTESIAN_POINT ( 'NONE',  ( 29.34493141924223281, 12.69999999999999929, 27.09493141924129844 ) ) ;
#718 = DIRECTION ( 'NONE',  ( 1.000000000000000000, 1.698295246838290135E-16, 0.000000000000000000 ) ) ;
#719 = ORIENTED_EDGE ( 'NONE', *, *, #849, .T. ) ;
#720 = DIRECTION ( 'NONE',  ( 0.000000000000000000, 0.000000000000000000, -1.000000000000000000 ) ) ;
#721 = VERTEX_POINT ( 'NONE', #1132 ) ;
#722 = CARTESIAN_POINT ( 'NONE',  ( -29.34493141924223281, 0.000000000000000000, -31.59493141924114212 ) ) ;
#723 = FACE_OUTER_BOUND ( 'NONE', #59, .T. ) ;
#724 = ORIENTED_EDGE ( 'NONE', *, *, #825, .F. ) ;
#725 = PLANE ( 'NONE',  #46 ) ;
#726 = PLANE ( 'NONE',  #1011 ) ;
#727 = AXIS2_PLACEMENT_3D ( 'NONE', #967, #224, #1456 ) ;
#728 = APPLICATION_CONTEXT ( 'automotive_design' ) ;
#729 = CARTESIAN_POINT ( 'NONE',  ( -84.74999999999995737, 1.733665469929625225, 17.77999999999999758 ) ) ;
#730 = AXIS2_PLACEMENT_3D ( 'NONE', #1424, #1892, #512 ) ;
#731 = ORIENTED_EDGE ( 'NONE', *, *, #1528, .F. ) ;
#732 = ADVANCED_FACE ( 'NONE', ( #250 ), #277, .F. ) ;
#733 = VERTEX_POINT ( 'NONE', #395 ) ;
#734 = DIRECTION ( 'NONE',  ( -0.000000000000000000, -0.000000000000000000, 1.000000000000000000 ) ) ;
#735 = ADVANCED_FACE ( 'NONE', ( #1187 ), #1345, .F. ) ;
#736 = ORIENTED_EDGE ( 'NONE', *, *, #443, .T. ) ;
#737 = CARTESIAN_POINT ( 'NONE',  ( 41.49999999999996447, 12.69999999999999929, 2.249999999999364064 ) ) ;
#738 = EDGE_CURVE ( 'NONE', #1429, #1890, #1404, .T. ) ;
#739 = FACE_OUTER_BOUND ( 'NONE', #550, .T. ) ;
#740 = LINE ( 'NONE', #1511, #1726 ) ;
#741 = ORIENTED_EDGE ( 'NONE', *, *, #1210, .F. ) ;
#742 = DIRECTION ( 'NONE',  ( 0.000000000000000000, 1.000000000000000000, 0.000000000000000000 ) ) ;
#743 = PLANE ( 'NONE',  #1460 ) ;
#744 = ADVANCED_FACE ( 'NONE', ( #580 ), #1797, .T. ) ;
#745 = ORIENTED_EDGE ( 'NONE', *, *, #1446, .F. ) ;
#746 = DIRECTION ( 'NONE',  ( -0.000000000000000000, -1.000000000000000000, -0.000000000000000000 ) ) ;
#747 = DIRECTION ( 'NONE',  ( -0.000000000000000000, -0.000000000000000000, 1.000000000000000000 ) ) ;
#748 = FACE_BOUND ( 'NONE', #1354, .T. ) ;
#749 = CARTESIAN_POINT ( 'NONE',  ( 7.147060721024445229E-13, 12.69999999999999929, 41.50000000000004263 ) ) ;
#750 = ORIENTED_EDGE ( 'NONE', *, *, #1864, .F. ) ;
#751 = DIRECTION ( 'NONE',  ( 1.000000000000000000, -0.000000000000000000, 0.000000000000000000 ) ) ;
#752 = EDGE_LOOP ( 'NONE', ( #487, #70, #1847, #1766, #835, #548, #1614, #616 ) ) ;
#753 = CARTESIAN_POINT ( 'NONE',  ( -45.11458854653798767, 13.65144858991615173, 0.2211920232007553722 ) ) ;
#754 = CARTESIAN_POINT ( 'NONE',  ( -44.81359171807797992, 12.69999999999999218, -19.60724177133690915 ) ) ;
#755 = DIRECTION ( 'NONE',  ( -0.000000000000000000, -0.000000000000000000, 1.000000000000000000 ) ) ;
#756 = AXIS2_PLACEMENT_3D ( 'NONE', #1568, #1251, #776 ) ;
#757 = AXIS2_PLACEMENT_3D ( 'NONE', #1454, #1414, #364 ) ;
#758 = ORIENTED_EDGE ( 'NONE', *, *, #1140, .T. ) ;
#759 = DIRECTION ( 'NONE',  ( 1.000000000000000000, 0.000000000000000000, 0.000000000000000000 ) ) ;
#760 = CIRCLE ( 'NONE', #1883, 2.500000000000002220 ) ;
#761 = ADVANCED_FACE ( 'NONE', ( #1960, #94, #713 ), #743, .F. ) ;
#762 = VECTOR ( 'NONE', #1068, 1000.000000000000000 ) ;
#763 = VERTEX_POINT ( 'NONE', #1002 ) ;
#764 = CARTESIAN_POINT ( 'NONE',  ( -45.39200480260814174, 14.69091887930230556, 0.8114419911638561800 ) ) ;
#765 = CARTESIAN_POINT ( 'NONE',  ( 29.34493141924223281, 12.69999999999999929, 29.34493141924129489 ) ) ;
#766 = ADVANCED_FACE ( 'NONE', ( #1644 ), #1621, .F. ) ;
#767 = CARTESIAN_POINT ( 'NONE',  ( -86.24999999999998579, -4.188833590285203365E-14, -12.84999999999999964 ) ) ;
#768 = EDGE_CURVE ( 'NONE', #1742, #407, #873, .T. ) ;
#769 = CARTESIAN_POINT ( 'NONE',  ( 0.000000000000000000, 12.69999999999999929, 0.000000000000000000 ) ) ;
#770 = DIRECTION ( 'NONE',  ( 1.000000000000000000, 0.000000000000000000, 0.000000000000000000 ) ) ;
#771 = VERTEX_POINT ( 'NONE', #722 ) ;
#772 = ORIENTED_EDGE ( 'NONE', *, *, #1714, .T. ) ;
#773 = EDGE_CURVE ( 'NONE', #702, #1432, #1719, .T. ) ;
#774 = CARTESIAN_POINT ( 'NONE',  ( -45.39200480260814174, 14.69999999999999929, 1.217710075062841568 ) ) ;
#775 = DIRECTION ( 'NONE',  ( -0.000000000000000000, -1.000000000000000000, -0.000000000000000000 ) ) ;
#776 = DIRECTION ( 'NONE',  ( 1.000000000000000000, 0.000000000000000000, 0.000000000000000000 ) ) ;
#777 = DIRECTION ( 'NONE',  ( 0.000000000000000000, 0.000000000000000000, -1.000000000000000000 ) ) ;
#778 = VERTEX_POINT ( 'NONE', #865 ) ;
#779 = DIRECTION ( 'NONE',  ( -0.000000000000000000, -1.000000000000000000, -0.000000000000000000 ) ) ;
#780 = VERTEX_POINT ( 'NONE', #1948 ) ;
#781 = DIRECTION ( 'NONE',  ( 0.5773502691896240657, -0.5773502691896299499, -0.5773502691896233996 ) ) ;
#782 = CARTESIAN_POINT ( 'NONE',  ( -45.87551521468961369, 13.04369109963496420, 18.62335090366446977 ) ) ;
#783 = DIRECTION ( 'NONE',  ( 0.000000000000000000, -1.000000000000000000, 0.000000000000000000 ) ) ;
#784 = CARTESIAN_POINT ( 'NONE',  ( -45.39200480260814174, 14.66769776664386171, -0.2030162095470046113 ) ) ;
#785 = VERTEX_POINT ( 'NONE', #1323 ) ;
#786 = LINE ( 'NONE', #1561, #1951 ) ;
#787 = CIRCLE ( 'NONE', #1081, 2.249999999999998668 ) ;
#788 = CIRCLE ( 'NONE', #1400, 2.500000000000002220 ) ;
#789 = EDGE_CURVE ( 'NONE', #161, #24, #1938, .T. ) ;
#790 = ORIENTED_EDGE ( 'NONE', *, *, #107, .F. ) ;
#791 = EDGE_CURVE ( 'NONE', #1514, #1856, #116, .T. ) ;
#792 = AXIS2_PLACEMENT_3D ( 'NONE', #1513, #127, #608 ) ;
#793 = AXIS2_PLACEMENT_3D ( 'NONE', #330, #941, #1554 ) ;
#794 = LINE ( 'NONE', #27, #1431 ) ;
#795 = FACE_BOUND ( 'NONE', #307, .T. ) ;
#796 = FACE_OUTER_BOUND ( 'NONE', #542, .T. ) ;
#797 = FACE_OUTER_BOUND ( 'NONE', #1928, .T. ) ;
#798 = EDGE_CURVE ( 'NONE', #1163, #1768, #572, .T. ) ;
#799 = ORIENTED_EDGE ( 'NONE', *, *, #966, .T. ) ;
#800 = SURFACE_STYLE_FILL_AREA ( #1259 ) ;
#801 = ORIENTED_EDGE ( 'NONE', *, *, #369, .T. ) ;
#802 = DIRECTION ( 'NONE',  ( 0.000000000000000000, 0.000000000000000000, -1.000000000000000000 ) ) ;
#803 = CARTESIAN_POINT ( 'NONE',  ( -44.56357767786195723, 12.69999999999999396, 18.60842712474618565 ) ) ;
#804 = FACE_OUTER_BOUND ( 'NONE', #666, .T. ) ;
#805 = ORIENTED_EDGE ( 'NONE', *, *, #1032, .T. ) ;
#806 = ORIENTED_EDGE ( 'NONE', *, *, #642, .T. ) ;
#807 = DIRECTION ( 'NONE',  ( -0.000000000000000000, -1.000000000000000000, -0.000000000000000000 ) ) ;
#808 = ORIENTED_EDGE ( 'NONE', *, *, #74, .T. ) ;
#809 = FACE_OUTER_BOUND ( 'NONE', #1482, .T. ) ;
#810 = CARTESIAN_POINT ( 'NONE',  ( -45.39200480260814174, 14.69999999999999929, 1.217710075062845121 ) ) ;
#811 = ADVANCED_FACE ( 'NONE', ( #1777 ), #556, .F. ) ;
#812 = ORIENTED_EDGE ( 'NONE', *, *, #67, .F. ) ;
#813 = CARTESIAN_POINT ( 'NONE',  ( -44.68499174704128052, 13.16739610295172191, -1.991033204476447160 ) ) ;
#814 = EDGE_LOOP ( 'NONE', ( #1271, #1548 ) ) ;
#815 = VECTOR ( 'NONE', #1501, 1000.000000000000000 ) ;
#816 = CIRCLE ( 'NONE', #1044, 2.249999999999998668 ) ;
#817 = EDGE_CURVE ( 'NONE', #1874, #1169, #564, .T. ) ;
#818 = VECTOR ( 'NONE', #89, 1000.000000000000000 ) ;
#819 = FACE_OUTER_BOUND ( 'NONE', #688, .T. ) ;
#820 = EDGE_LOOP ( 'NONE', ( #1436, #102, #772, #1565 ) ) ;
#821 = CIRCLE ( 'NONE', #118, 2.500000000000002220 ) ;
#822 = VECTOR ( 'NONE', #77, 1000.000000000000000 ) ;
#823 = CARTESIAN_POINT ( 'NONE',  ( -29.34493141924223281, 0.000000000000000000, -29.34493141924114212 ) ) ;
#824 = DIRECTION ( 'NONE',  ( -0.000000000000000000, -1.000000000000000000, -0.000000000000000000 ) ) ;
#825 = EDGE_CURVE ( 'NONE', #1603, #388, #1631, .T. ) ;
#826 = ORIENTED_EDGE ( 'NONE', *, *, #1240, .T. ) ;
#827 = CARTESIAN_POINT ( 'NONE',  ( -61.74999999999998579, 15.62063306904291338, -17.78000000000000114 ) ) ;
#828 = ORIENTED_EDGE ( 'NONE', *, *, #1991, .F. ) ;
#829 = LINE ( 'NONE', #1769, #891 ) ;
#830 = CARTESIAN_POINT ( 'NONE',  ( 7.147060721024445229E-13, 12.69999999999999929, 41.50000000000004263 ) ) ;
#831 = ORIENTED_EDGE ( 'NONE', *, *, #1564, .F. ) ;
#832 = B_SPLINE_CURVE_WITH_KNOTS ( 'NONE', 3,
 ( #810, #342, #506, #1880, #980, #784, #1557, #665, #1252, #1741 ),
 .UNSPECIFIED., .F., .F.,
 ( 4, 2, 2, 2, 4 ),
 ( 0.000000000000000000, 0.0006090369719419226439, 0.001218073943883845288, 0.001827110915825767932, 0.002436147887767690576 ),
 .UNSPECIFIED. ) ;
#833 = CARTESIAN_POINT ( 'NONE',  ( 29.34493141924223281, 12.69999999999999929, 31.59493141924129489 ) ) ;
#834 = FACE_OUTER_BOUND ( 'NONE', #1189, .T. ) ;
#835 = ORIENTED_EDGE ( 'NONE', *, *, #56, .T. ) ;
#836 = DIRECTION ( 'NONE',  ( -0.000000000000000000, 0.000000000000000000, 1.000000000000000000 ) ) ;
#837 = EDGE_LOOP ( 'NONE', ( #1065, #669, #879, #1134, #1657, #679, #1262, #1288, #938, #459 ) ) ;
#838 = CARTESIAN_POINT ( 'NONE',  ( -48.32227233923676124, 14.47120674412091823, 17.78980562653637776 ) ) ;
#839 = CARTESIAN_POINT ( 'NONE',  ( 41.49999999999996447, 0.000000000000000000, -2.250000000000640821 ) ) ;
#840 = ORIENTED_EDGE ( 'NONE', *, *, #1570, .F. ) ;
#841 = EDGE_CURVE ( 'NONE', #1490, #1324, #1427, .T. ) ;
#842 = DIRECTION ( 'NONE',  ( -0.000000000000000000, -1.000000000000000000, -0.000000000000000000 ) ) ;
#843 = LINE ( 'NONE', #1457, #822 ) ;
#844 = UNCERTAINTY_MEASURE_WITH_UNIT (LENGTH_MEASURE( 1.000000000000000082E-05 ), #1072, 'distance_accuracy_value', 'NONE');
#845 = CYLINDRICAL_SURFACE ( 'NONE', #565, 2.250000000000002220 ) ;
#846 = CARTESIAN_POINT ( 'NONE',  ( -59.24999999999998579, 15.62063306904291338, 17.77999999999999758 ) ) ;
#847 = ORIENTED_EDGE ( 'NONE', *, *, #526, .F. ) ;
#848 = CARTESIAN_POINT ( 'NONE',  ( 7.147060721024445229E-13, 0.000000000000000000, 39.25000000000004263 ) ) ;
#849 = EDGE_CURVE ( 'NONE', #469, #326, #692, .T. ) ;
#850 = DIRECTION ( 'NONE',  ( 0.000000000000000000, 0.000000000000000000, -1.000000000000000000 ) ) ;
#851 = ADVANCED_FACE ( 'NONE', ( #1649, #1965, #1804, #748, #1359, #431, #1826, #1974, #446, #413 ), #1640, .F. ) ;
#852 = ORIENTED_EDGE ( 'NONE', *, *, #1743, .F. ) ;
#853 = CIRCLE ( 'NONE', #366, 2.250000000000001776 ) ;
#854 = VECTOR ( 'NONE', #1662, 1000.000000000000000 ) ;
#855 = AXIS2_PLACEMENT_3D ( 'NONE', #1034, #557, #990 ) ;
#856 = DIRECTION ( 'NONE',  ( 0.000000000000000000, 0.000000000000000000, -1.000000000000000000 ) ) ;
#857 = DIRECTION ( 'NONE',  ( 0.000000000000000000, 0.000000000000000000, 1.000000000000000000 ) ) ;
#858 = VECTOR ( 'NONE', #1634, 1000.000000000000000 ) ;
#859 = CIRCLE ( 'NONE', #47, 2.249999999999998668 ) ;
#860 = VECTOR ( 'NONE', #1813, 1000.000000000000000 ) ;
#861 = LINE ( 'NONE', #82, #1754 ) ;
#862 = ADVANCED_FACE ( 'NONE', ( #1671 ), #254, .F. ) ;
#863 = CARTESIAN_POINT ( 'NONE',  ( 29.34493141924122028, 0.000000000000000000, -27.09493141924215820 ) ) ;
#864 = VERTEX_POINT ( 'NONE', #1370 ) ;
#865 = CARTESIAN_POINT ( 'NONE',  ( -29.34493141924122028, 12.69999999999999929, 31.59493141924230741 ) ) ;
#866 = ORIENTED_EDGE ( 'NONE', *, *, #1293, .F. ) ;
#867 = CARTESIAN_POINT ( 'NONE',  ( -45.39200480260814174, 13.52842712474618558, -17.78000000000000114 ) ) ;
#868 = DIRECTION ( 'NONE',  ( 0.000000000000000000, -1.000000000000000000, 0.000000000000000000 ) ) ;
#869 = DIRECTION ( 'NONE',  ( 0.000000000000000000, 0.000000000000000000, -1.000000000000000000 ) ) ;
#870 = EDGE_LOOP ( 'NONE', ( #874, #646, #167, #831 ) ) ;
#871 = CARTESIAN_POINT ( 'NONE',  ( -44.68402304658068402, 12.69999999999999929, -19.77999999999999758 ) ) ;
#872 = ORIENTED_EDGE ( 'NONE', *, *, #935, .T. ) ;
#873 = LINE ( 'NONE', #268, #179 ) ;
#874 = ORIENTED_EDGE ( 'NONE', *, *, #642, .F. ) ;
#875 = CARTESIAN_POINT ( 'NONE',  ( -84.74999999999995737, 29.99563306904287785, 17.77999999999999758 ) ) ;
#876 = CARTESIAN_POINT ( 'NONE',  ( -5.348888393731845670E-15, 31.49563306904292048, 16.27999999999999048 ) ) ;
#877 = ORIENTED_EDGE ( 'NONE', *, *, #1950, .T. ) ;
#878 = LINE ( 'NONE', #1642, #439 ) ;
#879 = ORIENTED_EDGE ( 'NONE', *, *, #1030, .F. ) ;
#880 = DIRECTION ( 'NONE',  ( -1.000000000000000000, 0.000000000000000000, 0.000000000000000000 ) ) ;
#881 = EDGE_LOOP ( 'NONE', ( #1317, #1533, #178, #328 ) ) ;
#882 = EDGE_CURVE ( 'NONE', #1231, #1571, #604, .T. ) ;
#883 = DIRECTION ( 'NONE',  ( -1.000000000000000000, -1.698295246838290135E-16, 0.000000000000000000 ) ) ;
#884 = CARTESIAN_POINT ( 'NONE',  ( 0.000000000000000000, 12.69999999999999929, 0.000000000000000000 ) ) ;
#885 = AXIS2_PLACEMENT_3D ( 'NONE', #644, #914, #1256 ) ;
#886 = CARTESIAN_POINT ( 'NONE',  ( -44.15527671666621501, 12.69999999999999929, 20.66093023255814032 ) ) ;
#887 = AXIS2_PLACEMENT_3D ( 'NONE', #197, #73, #682 ) ;
#888 = ORIENTED_EDGE ( 'NONE', *, *, #1686, .T. ) ;
#889 = CYLINDRICAL_SURFACE ( 'NONE', #541, 2.500000000000002220 ) ;
#890 = CIRCLE ( 'NONE', #1403, 2.249999999999998668 ) ;
#891 = VECTOR ( 'NONE', #1092, 1000.000000000000000 ) ;
#892 = EDGE_CURVE ( 'NONE', #676, #1735, #853, .T. ) ;
#893 = ORIENTED_EDGE ( 'NONE', *, *, #789, .T. ) ;
#894 = CARTESIAN_POINT ( 'NONE',  ( -45.39200480260813464, 28.13563306904285355, -17.78000000000000469 ) ) ;
#895 = DIRECTION ( 'NONE',  ( 0.000000000000000000, 0.000000000000000000, -1.000000000000000000 ) ) ;
#896 = CARTESIAN_POINT ( 'NONE',  ( -59.24999999999998579, 15.62063306904291338, -17.78000000000000114 ) ) ;
#897 = ORIENTED_EDGE ( 'NONE', *, *, #1024, .T. ) ;
#898 = LINE ( 'NONE', #1972, #402 ) ;
#899 = DIRECTION ( 'NONE',  ( 1.000000000000000000, 0.000000000000000000, 0.000000000000000000 ) ) ;
#900 = CARTESIAN_POINT ( 'NONE',  ( -41.49999999999996447, 12.69999999999999929, 7.910339050454240351E-13 ) ) ;
#901 = VERTEX_POINT ( 'NONE', #98 ) ;
#902 = EDGE_CURVE ( 'NONE', #269, #1231, #1487, .T. ) ;
#903 = ORIENTED_EDGE ( 'NONE', *, *, #1780, .T. ) ;
#904 = CARTESIAN_POINT ( 'NONE',  ( -41.49999999999996447, 0.000000000000000000, 2.250000000000793587 ) ) ;
#905 = LINE ( 'NONE', #1975, #695 ) ;
#906 = CARTESIAN_POINT ( 'NONE',  ( -76.24999999999998579, 15.62063306904291160, -48.75000000000000711 ) ) ;
#907 = VERTEX_POINT ( 'NONE', #729 ) ;
#908 = CARTESIAN_POINT ( 'NONE',  ( -43.59828878405501484, 12.70000000000000284, 3.117173130345507470 ) ) ;
#909 = ORIENTED_EDGE ( 'NONE', *, *, #1150, .F. ) ;
#910 = EDGE_CURVE ( 'NONE', #469, #1651, #1033, .T. ) ;
#911 = CARTESIAN_POINT ( 'NONE',  ( -45.39200480260814174, 1.000044370343296546E-14, -69.36828039361154197 ) ) ;
#912 = EDGE_LOOP ( 'NONE', ( #483, #394 ) ) ;
#913 = DIRECTION ( 'NONE',  ( 0.000000000000000000, 0.000000000000000000, -1.000000000000000000 ) ) ;
#914 = DIRECTION ( 'NONE',  ( -0.000000000000000000, -1.000000000000000000, -0.000000000000000000 ) ) ;
#915 = DIRECTION ( 'NONE',  ( -1.000000000000000000, 0.000000000000000000, 0.000000000000000000 ) ) ;
#916 = AXIS2_PLACEMENT_3D ( 'NONE', #1865, #1070, #1538 ) ;
#917 = AXIS2_PLACEMENT_3D ( 'NONE', #1910, #1879, #856 ) ;
#918 = VERTEX_POINT ( 'NONE', #124 ) ;
#919 = AXIS2_PLACEMENT_3D ( 'NONE', #168, #1534, #617 ) ;
#920 = VECTOR ( 'NONE', #1964, 1000.000000000000000 ) ;
#921 = ORIENTED_EDGE ( 'NONE', *, *, #443, .F. ) ;
#922 = CARTESIAN_POINT ( 'NONE',  ( -45.39200480260814174, 14.69999998298516353, 1.014829040575868424 ) ) ;
#923 = LINE ( 'NONE', #737, #920 ) ;
#924 = DIRECTION ( 'NONE',  ( 0.000000000000000000, 0.000000000000000000, 1.000000000000000000 ) ) ;
#925 = DIRECTION ( 'NONE',  ( 0.000000000000000000, 0.000000000000000000, -1.000000000000000000 ) ) ;
#926 = ORIENTED_EDGE ( 'NONE', *, *, #902, .T. ) ;
#927 = CARTESIAN_POINT ( 'NONE',  ( -44.68888462285187302, 13.17084688963431027, 1.984541006479290992 ) ) ;
#928 = PRODUCT_DEFINITION_SHAPE ( 'NONE', 'NONE',  #218 ) ;
#929 = CARTESIAN_POINT ( 'NONE',  ( -59.24999999999998579, 15.62063306904291338, -17.78000000000000114 ) ) ;
#930 = ORIENTED_EDGE ( 'NONE', *, *, #346, .F. ) ;
#931 = CARTESIAN_POINT ( 'NONE',  ( -29.34493141924122028, 12.69999999999999929, 29.34493141924230741 ) ) ;
#932 = DIRECTION ( 'NONE',  ( 1.000000000000000000, 0.000000000000000000, 0.000000000000000000 ) ) ;
#933 = CARTESIAN_POINT ( 'NONE',  ( 0.000000000000000000, 0.000000000000000000, 0.000000000000000000 ) ) ;
#934 = CARTESIAN_POINT ( 'NONE',  ( -56.74999999999997868, 15.62063306904291338, -48.75000000000000711 ) ) ;
#935 = EDGE_CURVE ( 'NONE', #721, #1646, #1945, .T. ) ;
#936 = EDGE_LOOP ( 'NONE', ( #1641, #258 ) ) ;
#937 = DIRECTION ( 'NONE',  ( -1.000000000000000000, -1.850371707708593577E-16, 0.000000000000000000 ) ) ;
#938 = ORIENTED_EDGE ( 'NONE', *, *, #1048, .F. ) ;
#939 = DIRECTION ( 'NONE',  ( 0.000000000000000000, -1.000000000000000000, 0.000000000000000000 ) ) ;
#940 = EDGE_CURVE ( 'NONE', #1715, #1935, #1366, .T. ) ;
#941 = DIRECTION ( 'NONE',  ( 0.000000000000000000, 1.000000000000000000, 0.000000000000000000 ) ) ;
#942 = CARTESIAN_POINT ( 'NONE',  ( -29.34493141924223281, 12.69999999999999929, -29.34493141924114212 ) ) ;
#943 = B_SPLINE_CURVE_WITH_KNOTS ( 'NONE', 3,
 ( #1674, #1052, #1374, #927, #9, #1838, #1977, #1520, #908, #1809 ),
 .UNSPECIFIED., .F., .F.,
 ( 4, 2, 2, 2, 4 ),
 ( 2.611104600503255956E-18, 0.0007019410678043429578, 0.001403882135608683964, 0.002105823203413024862, 0.002807764271217365760 ),
 .UNSPECIFIED. ) ;
#944 = CARTESIAN_POINT ( 'NONE',  ( -56.74999999999997868, 15.62063306904291338, 17.77999999999999758 ) ) ;
#945 = AXIS2_PLACEMENT_3D ( 'NONE', #1128, #997, #381 ) ;
#946 = ORIENTED_EDGE ( 'NONE', *, *, #324, .T. ) ;
#947 = CYLINDRICAL_SURFACE ( 'NONE', #372, 2.500000000000002220 ) ;
#948 = CIRCLE ( 'NONE', #212, 2.000000000000000000 ) ;
#949 = AXIS2_PLACEMENT_3D ( 'NONE', #1129, #1286, #1732 ) ;
#950 = ORIENTED_EDGE ( 'NONE', *, *, #738, .F. ) ;
#951 = AXIS2_PLACEMENT_3D ( 'NONE', #1459, #1610, #1330 ) ;
#952 = PLANE ( 'NONE',  #1113 ) ;
#953 = LINE ( 'NONE', #1546, #1266 ) ;
#954 = DIRECTION ( 'NONE',  ( -0.000000000000000000, 0.000000000000000000, 1.000000000000000000 ) ) ;
#955 = EDGE_LOOP ( 'NONE', ( #507, #95, #1697, #1811 ) ) ;
#956 = EDGE_LOOP ( 'NONE', ( #384, #376, #582, #655 ) ) ;
#957 = CARTESIAN_POINT ( 'NONE',  ( -45.11047991234207899, 13.67058001631426301, -1.032187280325058687 ) ) ;
#958 = ORIENTED_EDGE ( 'NONE', *, *, #643, .T. ) ;
#959 = FACE_OUTER_BOUND ( 'NONE', #42, .T. ) ;
#960 = CARTESIAN_POINT ( 'NONE',  ( 0.000000000000000000, 0.000000000000000000, 17.77999999999999758 ) ) ;
#961 = ORIENTED_EDGE ( 'NONE', *, *, #673, .F. ) ;
#962 = CARTESIAN_POINT ( 'NONE',  ( -76.24999999999998579, 15.62063306904291160, -48.75000000000000711 ) ) ;
#963 = ORIENTED_EDGE ( 'NONE', *, *, #1750, .F. ) ;
#964 = CARTESIAN_POINT ( 'NONE',  ( -61.74999999999998579, 15.62063306904291338, -12.84999999999999964 ) ) ;
#965 = EDGE_LOOP ( 'NONE', ( #847, #1953, #68, #51 ) ) ;
#966 = EDGE_CURVE ( 'NONE', #683, #864, #787, .T. ) ;
#967 = CARTESIAN_POINT ( 'NONE',  ( -76.24999999999998579, 15.62063306904291160, -12.84999999999999964 ) ) ;
#968 = DIRECTION ( 'NONE',  ( 0.000000000000000000, 0.000000000000000000, -1.000000000000000000 ) ) ;
#969 = ORIENTED_EDGE ( 'NONE', *, *, #475, .F. ) ;
#970 = ADVANCED_FACE ( 'NONE', ( #796 ), #29, .T. ) ;
#971 = EDGE_LOOP ( 'NONE', ( #790, #1541, #1597, #267 ) ) ;
#972 = CARTESIAN_POINT ( 'NONE',  ( -29.34493141924223281, 0.000000000000000000, -29.34493141924114212 ) ) ;
#973 = VECTOR ( 'NONE', #1295, 1000.000000000000000 ) ;
#974 = CIRCLE ( 'NONE', #400, 2.250000000000001776 ) ;
#975 = VECTOR ( 'NONE', #444, 1000.000000000000000 ) ;
#976 = DIRECTION ( 'NONE',  ( 0.000000000000000000, -1.000000000000000000, 0.000000000000000000 ) ) ;
#977 = ORIENTED_EDGE ( 'NONE', *, *, #72, .T. ) ;
#978 = CIRCLE ( 'NONE', #186, 2.250000000000002220 ) ;
#979 = LINE ( 'NONE', #1751, #1143 ) ;
#980 = CARTESIAN_POINT ( 'NONE',  ( -45.39200480260814885, 14.66770027646473729, 0.2031447317839390754 ) ) ;
#981 = EDGE_CURVE ( 'NONE', #1395, #1051, #1493, .T. ) ;
#982 = EDGE_LOOP ( 'NONE', ( #1141, #1506 ) ) ;
#983 = LINE ( 'NONE', #540, #1559 ) ;
#984 = ORIENTED_EDGE ( 'NONE', *, *, #1032, .F. ) ;
#985 = DIRECTION ( 'NONE',  ( 0.000000000000000000, 0.000000000000000000, -1.000000000000000000 ) ) ;
#986 = CARTESIAN_POINT ( 'NONE',  ( -45.16127711718606008, 13.75509799542556166, 0.8367238779690805428 ) ) ;
#987 = VERTEX_POINT ( 'NONE', #1833 ) ;
#988 = LINE ( 'NONE', #1615, #973 ) ;
#989 = DIRECTION ( 'NONE',  ( -1.000000000000000000, 0.000000000000000000, -0.000000000000000000 ) ) ;
#990 = DIRECTION ( 'NONE',  ( 0.000000000000000000, 0.000000000000000000, -1.000000000000000000 ) ) ;
#991 = DIRECTION ( 'NONE',  ( -0.000000000000000000, -1.000000000000000000, -0.000000000000000000 ) ) ;
#992 = EDGE_CURVE ( 'NONE', #918, #255, #1844, .T. ) ;
#993 = ORIENTED_EDGE ( 'NONE', *, *, #1411, .T. ) ;
#994 = LINE ( 'NONE', #1863, #570 ) ;
#995 = VERTEX_POINT ( 'NONE', #1853 ) ;
#996 = ADVANCED_FACE ( 'NONE', ( #173 ), #613, .F. ) ;
#997 = DIRECTION ( 'NONE',  ( -0.000000000000000000, -1.000000000000000000, -0.000000000000000000 ) ) ;
#998 = CARTESIAN_POINT ( 'NONE',  ( -48.68402304658068402, 14.69999999999999751, -17.78000000000000114 ) ) ;
#999 = LINE ( 'NONE', #1617, #1304 ) ;
#1000 = LINE ( 'NONE', #404, #858 ) ;
#1001 = ORIENTED_EDGE ( 'NONE', *, *, #701, .T. ) ;
#1002 = CARTESIAN_POINT ( 'NONE',  ( 41.49999999999996447, 12.69999999999999929, 2.249999999999364064 ) ) ;
#1003 = DIRECTION ( 'NONE',  ( -1.000000000000000000, 0.000000000000000000, 0.000000000000000000 ) ) ;
#1004 = EDGE_LOOP ( 'NONE', ( #1401, #360, #442, #316 ) ) ;
#1005 = AXIS2_PLACEMENT_3D ( 'NONE', #491, #1556, #322 ) ;
#1006 = VECTOR ( 'NONE', #45, 1000.000000000000000 ) ;
#1007 = CIRCLE ( 'NONE', #1178, 5.000000000000000888 ) ;
#1008 = CARTESIAN_POINT ( 'NONE',  ( -56.74999999999997868, 15.62063306904291338, -17.78000000000000114 ) ) ;
#1009 = CARTESIAN_POINT ( 'NONE',  ( -48.68402304658069113, 12.69999999999999929, 19.77999999999999758 ) ) ;
#1010 = VECTOR ( 'NONE', #937, 1000.000000000000000 ) ;
#1011 = AXIS2_PLACEMENT_3D ( 'NONE', #253, #1339, #535 ) ;
#1012 = CARTESIAN_POINT ( 'NONE',  ( -7.147060721024445229E-13, 12.69999999999999929, -41.49999999999989342 ) ) ;
#1013 = EDGE_LOOP ( 'NONE', ( #1247, #1705, #411, #1467 ) ) ;
#1014 = LINE ( 'NONE', #1602, #1562 ) ;
#1015 = EDGE_LOOP ( 'NONE', ( #1993, #1088 ) ) ;
#1016 = DIRECTION ( 'NONE',  ( 1.000000000000000000, 0.000000000000000000, 0.000000000000000000 ) ) ;
#1017 = VERTEX_POINT ( 'NONE', #164 ) ;
#1018 = ADVANCED_FACE ( 'NONE', ( #1397 ), #1995, .F. ) ;
#1019 = LINE ( 'NONE', #706, #1241 ) ;
#1020 = DIRECTION ( 'NONE',  ( 0.000000000000000000, 0.000000000000000000, -1.000000000000000000 ) ) ;
#1021 = CARTESIAN_POINT ( 'NONE',  ( 41.49999999999996447, 0.000000000000000000, -6.383782391594650107E-13 ) ) ;
#1022 = ORIENTED_EDGE ( 'NONE', *, *, #1287, .F. ) ;
#1023 = CARTESIAN_POINT ( 'NONE',  ( 7.147060721024445229E-13, 0.000000000000000000, 41.50000000000004263 ) ) ;
#1024 = EDGE_CURVE ( 'NONE', #24, #705, #1819, .T. ) ;
#1025 = ORIENTED_EDGE ( 'NONE', *, *, #1162, .F. ) ;
#1026 = DIRECTION ( 'NONE',  ( -0.000000000000000000, -1.000000000000000000, -0.000000000000000000 ) ) ;
#1027 = CARTESIAN_POINT ( 'NONE',  ( -29.34493141924122028, 12.69999999999999929, 29.34493141924230741 ) ) ;
#1028 = VERTEX_POINT ( 'NONE', #1103 ) ;
#1029 = DIRECTION ( 'NONE',  ( -1.000000000000000000, -1.698295246838290135E-16, -0.000000000000000000 ) ) ;
#1030 = EDGE_CURVE ( 'NONE', #1742, #1571, #17, .T. ) ;
#1031 = DIRECTION ( 'NONE',  ( 1.000000000000000000, -0.000000000000000000, -0.000000000000000000 ) ) ;
#1032 = EDGE_CURVE ( 'NONE', #1856, #1940, #1335, .T. ) ;
#1033 = LINE ( 'NONE', #886, #815 ) ;
#1034 = CARTESIAN_POINT ( 'NONE',  ( 29.34493141924122028, 12.69999999999999929, -29.34493141924215465 ) ) ;
#1035 = DIRECTION ( 'NONE',  ( 0.000000000000000000, 0.000000000000000000, 1.000000000000000000 ) ) ;
#1036 = ORIENTED_EDGE ( 'NONE', *, *, #1807, .T. ) ;
#1037 = DIRECTION ( 'NONE',  ( 0.000000000000000000, -1.000000000000000000, 0.000000000000000000 ) ) ;
#1038 = CARTESIAN_POINT ( 'NONE',  ( -59.24999999999998579, 15.62063306904291338, -48.75000000000000711 ) ) ;
#1039 = ORIENTED_EDGE ( 'NONE', *, *, #166, .F. ) ;
#1040 = AXIS2_PLACEMENT_3D ( 'NONE', #1957, #1328, #1793 ) ;
#1041 = CARTESIAN_POINT ( 'NONE',  ( -48.68402304658069113, 12.69999999999999929, 22.77999999999999758 ) ) ;
#1042 = CARTESIAN_POINT ( 'NONE',  ( 0.000000000000000000, 14.69999999999999751, -17.78000000000000114 ) ) ;
#1043 = AXIS2_PLACEMENT_3D ( 'NONE', #1763, #842, #234 ) ;
#1044 = AXIS2_PLACEMENT_3D ( 'NONE', #605, #1222, #1834 ) ;
#1045 = AXIS2_PLACEMENT_3D ( 'NONE', #1899, #520, #1645 ) ;
#1046 = DIRECTION ( 'NONE',  ( 0.000000000000000000, 0.000000000000000000, -1.000000000000000000 ) ) ;
#1047 =( NAMED_UNIT ( * ) PLANE_ANGLE_UNIT ( ) SI_UNIT ( $, .RADIAN. ) );
#1048 = EDGE_CURVE ( 'NONE', #1373, #1818, #953, .T. ) ;
#1049 = VECTOR ( 'NONE', #1087, 1000.000000000000000 ) ;
#1050 = VECTOR ( 'NONE', #775, 1000.000000000000000 ) ;
#1051 = VERTEX_POINT ( 'NONE', #466 ) ;
#1052 = CARTESIAN_POINT ( 'NONE',  ( -44.97725718794109895, 13.47431633111891003, 1.420220802432109020 ) ) ;
#1053 = FACE_OUTER_BOUND ( 'NONE', #752, .T. ) ;
#1054 = ORIENTED_EDGE ( 'NONE', *, *, #378, .T. ) ;
#1055 = DIRECTION ( 'NONE',  ( -0.000000000000000000, -1.000000000000000000, -0.000000000000000000 ) ) ;
#1056 = EDGE_CURVE ( 'NONE', #901, #281, #113, .T. ) ;
#1057 = FACE_OUTER_BOUND ( 'NONE', #1322, .T. ) ;
#1058 = DIRECTION ( 'NONE',  ( 0.000000000000000000, 1.000000000000000000, 0.000000000000000000 ) ) ;
#1059 = CARTESIAN_POINT ( 'NONE',  ( 13.65131239703634947, -30.90768413060224162, 17.77999999999999758 ) ) ;
#1060 = DIRECTION ( 'NONE',  ( 0.8217464086295926950, -0.5698533494719203452, -0.000000000000000000 ) ) ;
#1061 = VERTEX_POINT ( 'NONE', #1236 ) ;
#1062 = CARTESIAN_POINT ( 'NONE',  ( -78.74999999999998579, 15.62063306904291160, -17.78000000000000114 ) ) ;
#1063 = EDGE_CURVE ( 'NONE', #1017, #3, #1655, .T. ) ;
#1064 = LINE ( 'NONE', #619, #1049 ) ;
#1065 = ORIENTED_EDGE ( 'NONE', *, *, #1584, .F. ) ;
#1066 = CARTESIAN_POINT ( 'NONE',  ( -45.39200480260814174, 14.67443257712381843, 0.4047612038526737788 ) ) ;
#1067 = ORIENTED_EDGE ( 'NONE', *, *, #1182, .F. ) ;
#1068 = DIRECTION ( 'NONE',  ( -1.000000000000000000, 0.000000000000000000, -0.000000000000000000 ) ) ;
#1069 = ADVANCED_FACE ( 'NONE', ( #1110 ), #1079, .F. ) ;
#1070 = DIRECTION ( 'NONE',  ( 0.000000000000000000, -1.000000000000000000, 0.000000000000000000 ) ) ;
#1071 = DIRECTION ( 'NONE',  ( -0.000000000000000000, -1.000000000000000000, -0.000000000000000000 ) ) ;
#1072 =( LENGTH_UNIT ( ) NAMED_UNIT ( * ) SI_UNIT ( .MILLI., .METRE. ) );
#1073 = ORIENTED_EDGE ( 'NONE', *, *, #292, .F. ) ;
#1074 = CARTESIAN_POINT ( 'NONE',  ( -48.68402304658068402, 14.69999999999999751, -17.78000000000000114 ) ) ;
#1075 = ORIENTED_EDGE ( 'NONE', *, *, #324, .F. ) ;
#1076 = EDGE_CURVE ( 'NONE', #637, #269, #1692, .T. ) ;
#1077 = CARTESIAN_POINT ( 'NONE',  ( -45.10652988739399660, 13.64524666415108989, -0.4473406855766682289 ) ) ;
#1078 = CARTESIAN_POINT ( 'NONE',  ( -46.20942240476672680, 13.21352795224441756, -18.41849060695797391 ) ) ;
#1079 = CYLINDRICAL_SURFACE ( 'NONE', #43, 2.249999999999998668 ) ;
#1080 = DIRECTION ( 'NONE',  ( 0.000000000000000000, -1.000000000000000000, 0.000000000000000000 ) ) ;
#1081 = AXIS2_PLACEMENT_3D ( 'NONE', #942, #783, #485 ) ;
#1082 = VECTOR ( 'NONE', #1893, 1000.000000000000000 ) ;
#1083 = ORIENTED_EDGE ( 'NONE', *, *, #1626, .F. ) ;
#1084 = CARTESIAN_POINT ( 'NONE',  ( -82.24999999999995737, 0.000000000000000000, -17.78000000000000114 ) ) ;
#1085 = AXIS2_PLACEMENT_3D ( 'NONE', #972, #1291, #1396 ) ;
#1086 = AXIS2_PLACEMENT_3D ( 'NONE', #458, #424, #273 ) ;
#1087 = DIRECTION ( 'NONE',  ( 0.7071067811865439090, -0.7071067811865512365, 0.000000000000000000 ) ) ;
#1088 = ORIENTED_EDGE ( 'NONE', *, *, #461, .F. ) ;
#1089 = DIRECTION ( 'NONE',  ( 1.000000000000000000, -2.203128887327390795E-16, 0.000000000000000000 ) ) ;
#1090 = ORIENTED_EDGE ( 'NONE', *, *, #1240, .F. ) ;
#1091 = EDGE_CURVE ( 'NONE', #763, #1685, #1176, .T. ) ;
#1092 = DIRECTION ( 'NONE',  ( 0.000000000000000000, 1.000000000000000000, 0.000000000000000000 ) ) ;
#1093 = EDGE_CURVE ( 'NONE', #1646, #721, #1587, .T. ) ;
#1094 = DIRECTION ( 'NONE',  ( -1.000000000000000000, 0.000000000000000000, -0.000000000000000000 ) ) ;
#1095 = DIRECTION ( 'NONE',  ( 0.000000000000000000, 0.000000000000000000, 1.000000000000000000 ) ) ;
#1096 = ORIENTED_EDGE ( 'NONE', *, *, #136, .F. ) ;
#1097 = CARTESIAN_POINT ( 'NONE',  ( -43.39200480260813464, 12.69999999999999929, -19.77999999999999758 ) ) ;
#1098 = ADVANCED_FACE ( 'NONE', ( #389 ), #1437, .T. ) ;
#1099 = ORIENTED_EDGE ( 'NONE', *, *, #1150, .T. ) ;
#1100 = CARTESIAN_POINT ( 'NONE',  ( -45.04275504716946443, 13.57083055740922894, -1.217710075061260167 ) ) ;
#1101 = LINE ( 'NONE', #689, #1694 ) ;
#1102 = ADVANCED_FACE ( 'NONE', ( #809 ), #546, .T. ) ;
#1103 = CARTESIAN_POINT ( 'NONE',  ( -48.74999999999997868, 31.49362826643473667, 12.84999999999999964 ) ) ;
#1104 = EDGE_CURVE ( 'NONE', #545, #1169, #988, .T. ) ;
#1105 = LINE ( 'NONE', #524, #1464 ) ;
#1106 = VERTEX_POINT ( 'NONE', #664 ) ;
#1107 = CARTESIAN_POINT ( 'NONE',  ( -5.843414506347758497, -52.98538357822811662, 17.77999999999999758 ) ) ;
#1108 = ORIENTED_EDGE ( 'NONE', *, *, #1030, .T. ) ;
#1109 = CARTESIAN_POINT ( 'NONE',  ( -45.39200480260814174, 14.69095406273206805, -0.8122198625387241355 ) ) ;
#1110 = FACE_OUTER_BOUND ( 'NONE', #699, .T. ) ;
#1111 = CARTESIAN_POINT ( 'NONE',  ( -41.49999999999996447, 0.000000000000000000, -2.249999999999211298 ) ) ;
#1112 = ORIENTED_EDGE ( 'NONE', *, *, #1093, .F. ) ;
#1113 = AXIS2_PLACEMENT_3D ( 'NONE', #63, #379, #1729 ) ;
#1114 = AXIS2_PLACEMENT_3D ( 'NONE', #1902, #954, #1569 ) ;
#1115 = ORIENTED_EDGE ( 'NONE', *, *, #177, .F. ) ;
#1116 = VECTOR ( 'NONE', #1280, 1000.000000000000000 ) ;
#1117 = CARTESIAN_POINT ( 'NONE',  ( -44.15527671666620790, 12.69999999999999929, -20.66093023255814032 ) ) ;
#1118 = ORIENTED_EDGE ( 'NONE', *, *, #136, .T. ) ;
#1119 = EDGE_CURVE ( 'NONE', #1758, #1405, #979, .T. ) ;
#1120 = CARTESIAN_POINT ( 'NONE',  ( 0.000000000000000000, 0.000000000000000000, -12.84999999999999964 ) ) ;
#1121 = DIRECTION ( 'NONE',  ( 0.000000000000000000, -1.000000000000000000, 0.000000000000000000 ) ) ;
#1122 = VERTEX_POINT ( 'NONE', #1148 ) ;
#1123 = CARTESIAN_POINT ( 'NONE',  ( 7.149816176322526833E-13, 12.69999999999999929, 43.75000000000004263 ) ) ;
#1124 = VERTEX_POINT ( 'NONE', #1158 ) ;
#1125 = EDGE_CURVE ( 'NONE', #1919, #637, #1583, .T. ) ;
#1126 = CARTESIAN_POINT ( 'NONE',  ( -45.16042024129086485, 13.75364217695296531, -0.8400713196527185289 ) ) ;
#1127 = ORIENTED_EDGE ( 'NONE', *, *, #1713, .F. ) ;
#1128 = CARTESIAN_POINT ( 'NONE',  ( 0.000000000000000000, 12.69999999999999929, 0.000000000000000000 ) ) ;
#1129 = CARTESIAN_POINT ( 'NONE',  ( -48.74999999999997868, 0.000000000000000000, 9.375000000000000000 ) ) ;
#1130 = ORIENTED_EDGE ( 'NONE', *, *, #1453, .F. ) ;
#1131 = ORIENTED_EDGE ( 'NONE', *, *, #72, .F. ) ;
#1132 = CARTESIAN_POINT ( 'NONE',  ( -78.74999999999998579, 15.62063306904291160, -12.84999999999999964 ) ) ;
#1133 = CARTESIAN_POINT ( 'NONE',  ( -45.04678476554359889, 13.57674434153781817, -1.217710075061259722 ) ) ;
#1134 = ORIENTED_EDGE ( 'NONE', *, *, #171, .F. ) ;
#1135 = EDGE_CURVE ( 'NONE', #995, #1603, #1277, .T. ) ;
#1136 = CARTESIAN_POINT ( 'NONE',  ( 41.49999999999996447, 12.69999999999999929, -6.383782391594650107E-13 ) ) ;
#1137 = CARTESIAN_POINT ( 'NONE',  ( -45.39200480260814174, 1.000044370343296546E-14, -17.78000000000000469 ) ) ;
#1138 = EDGE_LOOP ( 'NONE', ( #1216, #1796, #75, #511 ) ) ;
#1139 = FACE_OUTER_BOUND ( 'NONE', #1837, .T. ) ;
#1140 = EDGE_CURVE ( 'NONE', #1768, #207, #472, .T. ) ;
#1141 = ORIENTED_EDGE ( 'NONE', *, *, #1446, .T. ) ;
#1142 = DIRECTION ( 'NONE',  ( -0.000000000000000000, -0.000000000000000000, 1.000000000000000000 ) ) ;
#1143 = VECTOR ( 'NONE', #1598, 1000.000000000000000 ) ;
#1144 = CIRCLE ( 'NONE', #436, 2.249999999999998668 ) ;
#1145 = CIRCLE ( 'NONE', #244, 2.249999999999998668 ) ;
#1146 = CARTESIAN_POINT ( 'NONE',  ( -45.39200480260813464, 29.99563306904289561, -17.78000000000000114 ) ) ;
#1147 = EDGE_LOOP ( 'NONE', ( #552, #355 ) ) ;
#1148 = CARTESIAN_POINT ( 'NONE',  ( -45.39200480260813464, 28.13563306904285355, 17.77999999999999758 ) ) ;
#1149 = CARTESIAN_POINT ( 'NONE',  ( 0.000000000000000000, 14.69999999999999751, -19.77999999999999758 ) ) ;
#1150 = EDGE_CURVE ( 'NONE', #1405, #539, #337, .T. ) ;
#1151 = CARTESIAN_POINT ( 'NONE',  ( -43.39200480260813464, 12.69999999999999929, 19.77999999999999758 ) ) ;
#1152 = CARTESIAN_POINT ( 'NONE',  ( -59.89845680110602899, 5.144089870148888188, -42.63154319889372346 ) ) ;
#1153 = ORIENTED_EDGE ( 'NONE', *, *, #1265, .T. ) ;
#1154 = CARTESIAN_POINT ( 'NONE',  ( -47.78297989803807155, 14.13317264667382389, 17.85850749063768816 ) ) ;
#1155 = EDGE_CURVE ( 'NONE', #1919, #115, #241, .T. ) ;
#1156 = PLANE ( 'NONE',  #278 ) ;
#1157 = ORIENTED_EDGE ( 'NONE', *, *, #615, .F. ) ;
#1158 = CARTESIAN_POINT ( 'NONE',  ( 5.970153145843347150E-15, 0.000000000000000000, 48.75000000000000000 ) ) ;
#1159 = DIRECTION ( 'NONE',  ( 0.000000000000000000, 1.000000000000000000, 0.000000000000000000 ) ) ;
#1160 = CARTESIAN_POINT ( 'NONE',  ( -41.49999999999996447, 0.000000000000000000, 7.910339050454240351E-13 ) ) ;
#1161 = DIRECTION ( 'NONE',  ( 1.000000000000000000, 0.000000000000000000, 0.000000000000000000 ) ) ;
#1162 = EDGE_CURVE ( 'NONE', #1820, #691, #595, .T. ) ;
#1163 = VERTEX_POINT ( 'NONE', #833 ) ;
#1164 = DIRECTION ( 'NONE',  ( -0.000000000000000000, -1.000000000000000000, -0.000000000000000000 ) ) ;
#1165 = EDGE_LOOP ( 'NONE', ( #1115, #88, #567, #1131 ) ) ;
#1166 = CARTESIAN_POINT ( 'NONE',  ( -44.56357767786195723, 12.69999999999999751, -18.60842712474618921 ) ) ;
#1167 = DIRECTION ( 'NONE',  ( 0.000000000000000000, 0.000000000000000000, -1.000000000000000000 ) ) ;
#1168 =( BOUNDED_SURFACE ( )  B_SPLINE_SURFACE ( 3, 2, ( 
 ( #1100, #1831, #1677 ),
 ( #13, #1688, #329 ),
 ( #181, #298, #1109 ),
 ( #1077, #1718, #338 ),
 ( #1515, #142, #1700 ),
 ( #753, #1983, #602 ),
 ( #1218, #453, #1066 ),
 ( #155, #309, #764 ),
 ( #1376, #1992, #922 ),
 ( #1536, #162, #774 ) ),
 .UNSPECIFIED., .F., .F., .F. ) 
 B_SPLINE_SURFACE_WITH_KNOTS ( ( 4, 2, 2, 2, 4 ),
 ( 3, 3 ),
 ( 0.003651765113192981856, 0.004257099887827448144, 0.004862434662461914865, 0.005467769437096380719, 0.006073104211730847440 ),
 ( 0.6122619096343385747, 1.000000000000000000 ),
 .UNSPECIFIED. ) 
 GEOMETRIC_REPRESENTATION_ITEM ( )  RATIONAL_B_SPLINE_SURFACE ( (
 ( 0.8609359026268728066, 0.8864341426562201143, 1.000000000000000000),
 ( 0.8686694019945834233, 0.8927496583252654272, 1.000000000000000000),
 ( 0.8759701556881134277, 0.8987117748465187628, 1.000000000000000000),
 ( 0.8865673403462845936, 0.9073659018560693568, 1.000000000000000000),
 ( 0.8897335229293015235, 0.9099515457881799385, 1.000000000000000000),
 ( 0.8897606504804127514, 0.9099736993393680029, 1.000000000000000000),
 ( 0.8866141235608668847, 0.9074041070864178327, 1.000000000000000000),
 ( 0.8760002574928948960, 0.8987363573040485498, 1.000000000000000000),
 ( 0.8686701352294854406, 0.8927502571171308521, 1.000000000000000000),
 ( 0.8609359026268728066, 0.8864341426562201143, 1.000000000000000000) ) ) 
 REPRESENTATION_ITEM ( '' )  SURFACE ( )  );
#1169 = VERTEX_POINT ( 'NONE', #1468 ) ;
#1170 = DIRECTION ( 'NONE',  ( -0.000000000000000000, -1.000000000000000000, -0.000000000000000000 ) ) ;
#1171 = EDGE_LOOP ( 'NONE', ( #1073, #808, #265, #335, #653, #590 ) ) ;
#1172 = DIRECTION ( 'NONE',  ( -1.000000000000000000, -1.698295246838290135E-16, 0.000000000000000000 ) ) ;
#1173 = ADVANCED_FACE ( 'NONE', ( #504, #200, #959 ), #358, .F. ) ;
#1174 = LINE ( 'NONE', #581, #1787 ) ;
#1175 = EDGE_LOOP ( 'NONE', ( #866, #1733, #712, #1470 ) ) ;
#1176 = CIRCLE ( 'NONE', #399, 2.250000000000002220 ) ;
#1177 = CIRCLE ( 'NONE', #209, 2.250000000000002220 ) ;
#1178 = AXIS2_PLACEMENT_3D ( 'NONE', #1041, #122, #1197 ) ;
#1179 = CARTESIAN_POINT ( 'NONE',  ( -45.39200480260814174, 14.69999999999999929, -17.78000000000000469 ) ) ;
#1180 = MECHANICAL_DESIGN_GEOMETRIC_PRESENTATION_REPRESENTATION (  '', ( #1624 ), #1882 ) ;
#1181 = VECTOR ( 'NONE', #1955, 1000.000000000000000 ) ;
#1182 = EDGE_CURVE ( 'NONE', #1818, #918, #349, .T. ) ;
#1183 = VECTOR ( 'NONE', #1060, 1000.000000000000000 ) ;
#1184 = ORIENTED_EDGE ( 'NONE', *, *, #1337, .T. ) ;
#1185 = FACE_OUTER_BOUND ( 'NONE', #1637, .T. ) ;
#1186 = EDGE_LOOP ( 'NONE', ( #1673, #226, #805, #1543 ) ) ;
#1187 = FACE_OUTER_BOUND ( 'NONE', #965, .T. ) ;
#1188 = EDGE_CURVE ( 'NONE', #771, #785, #629, .T. ) ;
#1189 = EDGE_LOOP ( 'NONE', ( #295, #1794, #1947, #1279 ) ) ;
#1190 = CARTESIAN_POINT ( 'NONE',  ( -45.39200480260814174, 14.69999999999999929, -17.78000000000000469 ) ) ;
#1191 = DIRECTION ( 'NONE',  ( 0.000000000000000000, -1.000000000000000000, 0.000000000000000000 ) ) ;
#1192 = CARTESIAN_POINT ( 'NONE',  ( 41.49999999999996447, 12.69999999999999929, -6.383782391594650107E-13 ) ) ;
#1193 = ORIENTED_EDGE ( 'NONE', *, *, #1356, .T. ) ;
#1194 = DIRECTION ( 'NONE',  ( -0.000000000000000000, 0.000000000000000000, 1.000000000000000000 ) ) ;
#1195 = DIRECTION ( 'NONE',  ( 1.000000000000000000, -0.000000000000000000, 0.000000000000000000 ) ) ;
#1196 = ORIENTED_EDGE ( 'NONE', *, *, #177, .T. ) ;
#1197 = DIRECTION ( 'NONE',  ( -8.326672684688672475E-15, 0.000000000000000000, 1.000000000000000000 ) ) ;
#1198 = DIRECTION ( 'NONE',  ( 0.000000000000000000, 0.000000000000000000, -1.000000000000000000 ) ) ;
#1199 = CARTESIAN_POINT ( 'NONE',  ( -48.68402304658068402, 0.000000000000000000, -17.78000000000000114 ) ) ;
#1200 = CARTESIAN_POINT ( 'NONE',  ( 0.000000000000000000, 12.69999999999999929, 0.000000000000000000 ) ) ;
#1201 = ADVANCED_FACE ( 'NONE', ( #674 ), #1285, .F. ) ;
#1202 = ORIENTED_EDGE ( 'NONE', *, *, #1956, .T. ) ;
#1203 = EDGE_LOOP ( 'NONE', ( #251, #137, #607, #1301 ) ) ;
#1204 = AXIS2_PLACEMENT_3D ( 'NONE', #1872, #1529, #1378 ) ;
#1205 = CARTESIAN_POINT ( 'NONE',  ( -45.24371908904668516, 12.79693403528201223, -19.14568318926372825 ) ) ;
#1206 = CIRCLE ( 'NONE', #1723, 2.249999999999998668 ) ;
#1207 = EDGE_CURVE ( 'NONE', #705, #1429, #684, .T. ) ;
#1208 = CARTESIAN_POINT ( 'NONE',  ( 0.000000000000000000, 12.69999999999999929, 0.000000000000000000 ) ) ;
#1209 = AXIS2_PLACEMENT_3D ( 'NONE', #1027, #1656, #280 ) ;
#1210 = EDGE_CURVE ( 'NONE', #683, #771, #898, .T. ) ;
#1211 = CYLINDRICAL_SURFACE ( 'NONE', #305, 34.50000000000000711 ) ;
#1212 = CARTESIAN_POINT ( 'NONE',  ( -86.25000000000000000, 2.773864751887414215, -12.84999999999999964 ) ) ;
#1213 = CIRCLE ( 'NONE', #341, 5.000000000000000888 ) ;
#1214 = VERTEX_POINT ( 'NONE', #1008 ) ;
#1215 = CARTESIAN_POINT ( 'NONE',  ( 41.49999999999996447, 12.69999999999999929, -6.383782391594650107E-13 ) ) ;
#1216 = ORIENTED_EDGE ( 'NONE', *, *, #1091, .F. ) ;
#1217 = EDGE_CURVE ( 'NONE', #1017, #1106, #290, .T. ) ;
#1218 = CARTESIAN_POINT ( 'NONE',  ( -45.10664642222485554, 13.64535144964802704, 0.4450719498740730029 ) ) ;
#1219 = CARTESIAN_POINT ( 'NONE',  ( -46.90190513028547059, 13.59707735102331583, -18.09273339199917530 ) ) ;
#1220 = B_SPLINE_CURVE_WITH_KNOTS ( 'NONE', 3,
 ( #998, #1616, #242, #1469, #1219, #1078, #5, #1679, #1205, #1368, #754, #1851 ),
 .UNSPECIFIED., .F., .F.,
 ( 4, 2, 2, 2, 2, 4 ),
 ( -1.414214283915672286E-05, 0.001269419252660029113, 0.002552980648159214935, 0.003836542043658400757, 0.004478322741407996486, 0.005120103439157592216 ),
 .UNSPECIFIED. ) ;
#1221 = CARTESIAN_POINT ( 'NONE',  ( -31.50133653507218057, 14.24496480150675559, 33.53066826753590846 ) ) ;
#1222 = DIRECTION ( 'NONE',  ( 0.000000000000000000, -1.000000000000000000, 0.000000000000000000 ) ) ;
#1223 = ORIENTED_EDGE ( 'NONE', *, *, #26, .T. ) ;
#1224 = CARTESIAN_POINT ( 'NONE',  ( -84.74999999999997158, -44.55899652763844898, -17.78000000000000114 ) ) ;
#1225 = ORIENTED_EDGE ( 'NONE', *, *, #409, .T. ) ;
#1226 = CARTESIAN_POINT ( 'NONE',  ( 29.34493141924122028, 12.69999999999999929, -29.34493141924215465 ) ) ;
#1227 = DIRECTION ( 'NONE',  ( 1.000000000000000000, 0.000000000000000000, 0.000000000000000000 ) ) ;
#1228 = DIRECTION ( 'NONE',  ( 0.000000000000000000, 0.000000000000000000, -1.000000000000000000 ) ) ;
#1229 = CARTESIAN_POINT ( 'NONE',  ( -48.68402304658068402, 0.000000000000000000, -17.78000000000000114 ) ) ;
#1230 = ORIENTED_EDGE ( 'NONE', *, *, #1898, .T. ) ;
#1231 = VERTEX_POINT ( 'NONE', #1954 ) ;
#1232 = EDGE_CURVE ( 'NONE', #281, #245, #1019, .T. ) ;
#1233 = DIRECTION ( 'NONE',  ( 0.000000000000000000, 0.000000000000000000, -1.000000000000000000 ) ) ;
#1234 = PRODUCT ( 'Flange_Ring_cutout', 'Flange_Ring_cutout', '', ( #1343 ) ) ;
#1235 = FACE_OUTER_BOUND ( 'NONE', #625, .T. ) ;
#1236 = CARTESIAN_POINT ( 'NONE',  ( -7.147060721024445229E-13, 0.000000000000000000, -43.74999999999989342 ) ) ;
#1237 = DIRECTION ( 'NONE',  ( 0.000000000000000000, 0.000000000000000000, -1.000000000000000000 ) ) ;
#1238 = AXIS2_PLACEMENT_3D ( 'NONE', #1021, #293, #134 ) ;
#1239 = AXIS2_PLACEMENT_3D ( 'NONE', #1372, #174, #1349 ) ;
#1240 = EDGE_CURVE ( 'NONE', #1231, #407, #1338, .T. ) ;
#1241 = VECTOR ( 'NONE', #746, 1000.000000000000000 ) ;
#1242 = ORIENTED_EDGE ( 'NONE', *, *, #1093, .T. ) ;
#1243 = CARTESIAN_POINT ( 'NONE',  ( -44.56600871719423651, 13.07287850549373509, -2.170363786971578612 ) ) ;
#1244 = CIRCLE ( 'NONE', #792, 2.500000000000002220 ) ;
#1245 = AXIS2_PLACEMENT_3D ( 'NONE', #1282, #1443, #985 ) ;
#1246 = DIRECTION ( 'NONE',  ( -0.000000000000000000, -1.000000000000000000, -0.000000000000000000 ) ) ;
#1247 = ORIENTED_EDGE ( 'NONE', *, *, #1337, .F. ) ;
#1248 = EDGE_CURVE ( 'NONE', #1051, #733, #397, .T. ) ;
#1249 = FACE_OUTER_BOUND ( 'NONE', #348, .T. ) ;
#1250 = FACE_BOUND ( 'NONE', #936, .T. ) ;
#1251 = DIRECTION ( 'NONE',  ( -0.000000000000000000, 0.000000000000000000, 1.000000000000000000 ) ) ;
#1252 = CARTESIAN_POINT ( 'NONE',  ( -45.39200480260814885, 14.69999999999999929, -1.014601471574283043 ) ) ;
#1253 = ORIENTED_EDGE ( 'NONE', *, *, #1135, .T. ) ;
#1254 = DIRECTION ( 'NONE',  ( 0.000000000000000000, 0.000000000000000000, -1.000000000000000000 ) ) ;
#1255 = ORIENTED_EDGE ( 'NONE', *, *, #910, .T. ) ;
#1256 = DIRECTION ( 'NONE',  ( 0.000000000000000000, 0.000000000000000000, -1.000000000000000000 ) ) ;
#1257 = CARTESIAN_POINT ( 'NONE',  ( -48.75200480260815539, 31.49563306904291338, -69.36828039361154197 ) ) ;
#1258 = ORIENTED_EDGE ( 'NONE', *, *, #1232, .F. ) ;
#1259 = FILL_AREA_STYLE ('',( #1430 ) ) ;
#1260 = ORIENTED_EDGE ( 'NONE', *, *, #1355, .T. ) ;
#1261 = CARTESIAN_POINT ( 'NONE',  ( -45.04678476554359889, 13.57674434153781817, 1.217710075062844899 ) ) ;
#1262 = ORIENTED_EDGE ( 'NONE', *, *, #1356, .F. ) ;
#1263 = CARTESIAN_POINT ( 'NONE',  ( -86.25000000000000000, 2.773864751887414215, 12.84999999999999964 ) ) ;
#1264 = CARTESIAN_POINT ( 'NONE',  ( -86.24999999999998579, 2.773864751887404001, -12.84999999999999964 ) ) ;
#1265 = EDGE_CURVE ( 'NONE', #1635, #721, #1357, .T. ) ;
#1266 = VECTOR ( 'NONE', #1680, 1000.000000000000000 ) ;
#1267 = AXIS2_PLACEMENT_3D ( 'NONE', #636, #201, #1398 ) ;
#1268 = ORIENTED_EDGE ( 'NONE', *, *, #1135, .F. ) ;
#1269 = LINE ( 'NONE', #1572, #1010 ) ;
#1270 = AXIS2_PLACEMENT_3D ( 'NONE', #823, #57, #1447 ) ;
#1271 = ORIENTED_EDGE ( 'NONE', *, *, #1743, .T. ) ;
#1272 = AXIS2_PLACEMENT_3D ( 'NONE', #1023, #711, #237 ) ;
#1273 = AXIS2_PLACEMENT_3D ( 'NONE', #183, #1760, #932 ) ;
#1274 = DIRECTION ( 'NONE',  ( 0.000000000000000000, 1.000000000000000000, 0.000000000000000000 ) ) ;
#1275 = ORIENTED_EDGE ( 'NONE', *, *, #228, .F. ) ;
#1276 = EDGE_CURVE ( 'NONE', #702, #462, #1933, .T. ) ;
#1277 = LINE ( 'NONE', #696, #1399 ) ;
#1278 = PLANE ( 'NONE',  #949 ) ;
#1279 = ORIENTED_EDGE ( 'NONE', *, *, #611, .F. ) ;
#1280 = DIRECTION ( 'NONE',  ( 0.000000000000000000, -1.000000000000000000, 0.000000000000000000 ) ) ;
#1281 = VERTEX_POINT ( 'NONE', #1669 ) ;
#1282 = CARTESIAN_POINT ( 'NONE',  ( -7.147060721024445229E-13, 12.69999999999999929, -41.49999999999989342 ) ) ;
#1283 = DIRECTION ( 'NONE',  ( 0.000000000000000000, 0.000000000000000000, -1.000000000000000000 ) ) ;
#1284 = EDGE_LOOP ( 'NONE', ( #40, #1748, #926, #343 ) ) ;
#1285 = CYLINDRICAL_SURFACE ( 'NONE', #694, 2.250000000000001776 ) ;
#1286 = DIRECTION ( 'NONE',  ( 1.000000000000000000, 0.000000000000000000, 0.000000000000000000 ) ) ;
#1287 = EDGE_CURVE ( 'NONE', #462, #1758, #143, .T. ) ;
#1288 = ORIENTED_EDGE ( 'NONE', *, *, #1780, .F. ) ;
#1289 = CARTESIAN_POINT ( 'NONE',  ( 7.149816176322526833E-13, 0.000000000000000000, 43.75000000000004263 ) ) ;
#1290 = ORIENTED_EDGE ( 'NONE', *, *, #882, .F. ) ;
#1291 = DIRECTION ( 'NONE',  ( 0.000000000000000000, -1.000000000000000000, 0.000000000000000000 ) ) ;
#1292 = CARTESIAN_POINT ( 'NONE',  ( -45.23096517190819554, 13.88442940991749630, 0.4300649518403175664 ) ) ;
#1293 = EDGE_CURVE ( 'NONE', #1519, #388, #96, .T. ) ;
#1294 = VERTEX_POINT ( 'NONE', #1791 ) ;
#1295 = DIRECTION ( 'NONE',  ( -0.000000000000000000, -1.000000000000000000, -0.000000000000000000 ) ) ;
#1296 = CARTESIAN_POINT ( 'NONE',  ( 0.000000000000000000, 12.69999999999999929, -19.77999999999999758 ) ) ;
#1297 = EDGE_LOOP ( 'NONE', ( #53, #222, #1525, #950, #588 ) ) ;
#1298 = EDGE_CURVE ( 'NONE', #1375, #191, #261, .T. ) ;
#1299 = CARTESIAN_POINT ( 'NONE',  ( 41.49999999999996447, 12.69999999999999929, -6.383782391594650107E-13 ) ) ;
#1300 = AXIS2_PLACEMENT_3D ( 'NONE', #933, #1408, #6 ) ;
#1301 = ORIENTED_EDGE ( 'NONE', *, *, #1104, .F. ) ;
#1302 = CARTESIAN_POINT ( 'NONE',  ( -45.39200480260814174, 14.69999999999999929, -1.217710075061263053 ) ) ;
#1303 = VECTOR ( 'NONE', #1638, 999.9999999999998863 ) ;
#1304 = VECTOR ( 'NONE', #915, 1000.000000000000000 ) ;
#1305 = CIRCLE ( 'NONE', #1369, 2.250000000000002220 ) ;
#1306 = LINE ( 'NONE', #1876, #79 ) ;
#1307 = ORIENTED_EDGE ( 'NONE', *, *, #1503, .F. ) ;
#1308 = AXIS2_PLACEMENT_3D ( 'NONE', #246, #416, #720 ) ;
#1309 = AXIS2_PLACEMENT_3D ( 'NONE', #1810, #1026, #895 ) ;
#1310 = CARTESIAN_POINT ( 'NONE',  ( 29.34493141924223281, 0.000000000000000000, 29.34493141924129489 ) ) ;
#1311 = DIRECTION ( 'NONE',  ( -0.000000000000000000, -0.000000000000000000, 1.000000000000000000 ) ) ;
#1312 = ORIENTED_EDGE ( 'NONE', *, *, #50, .F. ) ;
#1313 = CARTESIAN_POINT ( 'NONE',  ( 7.147060721024445229E-13, 12.69999999999999929, 39.25000000000004263 ) ) ;
#1314 = ORIENTED_EDGE ( 'NONE', *, *, #1660, .F. ) ;
#1315 = CARTESIAN_POINT ( 'NONE',  ( -46.90194221554154552, 13.59709887817502505, 18.09271890368599500 ) ) ;
#1316 = LINE ( 'NONE', #1474, #499 ) ;
#1317 = ORIENTED_EDGE ( 'NONE', *, *, #798, .F. ) ;
#1318 = DIRECTION ( 'NONE',  ( 0.000000000000000000, 0.000000000000000000, -1.000000000000000000 ) ) ;
#1319 = CARTESIAN_POINT ( 'NONE',  ( -41.49999999999996447, 31.49563306904291338, 7.910339050454240351E-13 ) ) ;
#1320 = EDGE_LOOP ( 'NONE', ( #1799, #1001, #216, #1253, #750, #260, #715, #100 ) ) ;
#1321 = FACE_OUTER_BOUND ( 'NONE', #1896, .T. ) ;
#1322 = EDGE_LOOP ( 'NONE', ( #452, #852, #1909, #319 ) ) ;
#1323 = CARTESIAN_POINT ( 'NONE',  ( -29.34493141924223281, 0.000000000000000000, -27.09493141924114568 ) ) ;
#1324 = VERTEX_POINT ( 'NONE', #108 ) ;
#1325 = ADVANCED_FACE ( 'NONE', ( #1647 ), #725, .T. ) ;
#1326 = DIRECTION ( 'NONE',  ( 0.6348860389589391362, -0.4402720012334018218, -0.6348860389589331410 ) ) ;
#1327 = CARTESIAN_POINT ( 'NONE',  ( -29.34493141924223281, 12.69999999999999929, -29.34493141924114212 ) ) ;
#1328 = DIRECTION ( 'NONE',  ( 0.000000000000000000, 1.000000000000000000, 0.000000000000000000 ) ) ;
#1329 = ORIENTED_EDGE ( 'NONE', *, *, #791, .F. ) ;
#1330 = DIRECTION ( 'NONE',  ( -1.000000000000000000, -1.698295246838290135E-16, 0.000000000000000000 ) ) ;
#1331 = EDGE_CURVE ( 'NONE', #1829, #469, #1007, .T. ) ;
#1332 = ORIENTED_EDGE ( 'NONE', *, *, #849, .F. ) ;
#1333 = DIRECTION ( 'NONE',  ( -0.000000000000000000, -0.000000000000000000, 1.000000000000000000 ) ) ;
#1334 = ORIENTED_EDGE ( 'NONE', *, *, #1714, .F. ) ;
#1335 = CIRCLE ( 'NONE', #1978, 2.249999999999998668 ) ;
#1336 = CIRCLE ( 'NONE', #887, 2.249999999999998668 ) ;
#1337 = EDGE_CURVE ( 'NONE', #1735, #676, #566, .T. ) ;
#1338 = LINE ( 'NONE', #1496, #1303 ) ;
#1339 = DIRECTION ( 'NONE',  ( 0.5698533494719203452, 0.8217464086295926950, 0.000000000000000000 ) ) ;
#1340 = VECTOR ( 'NONE', #1716, 1000.000000000000000 ) ;
#1341 = AXIS2_PLACEMENT_3D ( 'NONE', #1701, #230, #87 ) ;
#1342 = ORIENTED_EDGE ( 'NONE', *, *, #1898, .F. ) ;
#1343 = PRODUCT_CONTEXT ( 'NONE', #106, 'mechanical' ) ;
#1344 = EDGE_LOOP ( 'NONE', ( #1260, #828, #930, #1383, #724, #1268, #1418, #1484, #380, #8 ) ) ;
#1345 = CYLINDRICAL_SURFACE ( 'NONE', #1309, 2.250000000000001776 ) ;
#1346 = ORIENTED_EDGE ( 'NONE', *, *, #1155, .T. ) ;
#1347 = DIRECTION ( 'NONE',  ( 0.000000000000000000, 1.000000000000000000, 0.000000000000000000 ) ) ;
#1348 = DIRECTION ( 'NONE',  ( 0.000000000000000000, 0.000000000000000000, 1.000000000000000000 ) ) ;
#1349 = DIRECTION ( 'NONE',  ( 1.000000000000000000, 0.000000000000000000, 0.000000000000000000 ) ) ;
#1350 = DIRECTION ( 'NONE',  ( -0.000000000000000000, -0.000000000000000000, 1.000000000000000000 ) ) ;
#1351 = ORIENTED_EDGE ( 'NONE', *, *, #502, .F. ) ;
#1352 = FACE_OUTER_BOUND ( 'NONE', #1284, .T. ) ;
#1353 = DIRECTION ( 'NONE',  ( -0.000000000000000000, -1.000000000000000000, -0.000000000000000000 ) ) ;
#1354 = EDGE_LOOP ( 'NONE', ( #1976, #275 ) ) ;
#1355 = EDGE_CURVE ( 'NONE', #1919, #420, #794, .T. ) ;
#1356 = EDGE_CURVE ( 'NONE', #1375, #1294, #1871, .T. ) ;
#1357 = LINE ( 'NONE', #574, #854 ) ;
#1358 = LINE ( 'NONE', #1042, #762 ) ;
#1359 = FACE_BOUND ( 'NONE', #31, .T. ) ;
#1360 = DIRECTION ( 'NONE',  ( -0.000000000000000000, -0.000000000000000000, 1.000000000000000000 ) ) ;
#1361 = FACE_OUTER_BOUND ( 'NONE', #1958, .T. ) ;
#1362 = ADVANCED_FACE ( 'NONE', ( #610 ), #1386, .F. ) ;
#1363 = ORIENTED_EDGE ( 'NONE', *, *, #50, .T. ) ;
#1364 = CARTESIAN_POINT ( 'NONE',  ( -41.49999999999996447, 12.69999999999999929, 7.910339050454240351E-13 ) ) ;
#1365 = VERTEX_POINT ( 'NONE', #490 ) ;
#1366 = CIRCLE ( 'NONE', #916, 2.250000000000001776 ) ;
#1367 = VECTOR ( 'NONE', #1752, 1000.000000000000000 ) ;
#1368 = CARTESIAN_POINT ( 'NONE',  ( -44.95156581820714337, 12.72193363949772760, -19.44642638608560148 ) ) ;
#1369 = AXIS2_PLACEMENT_3D ( 'NONE', #104, #1798, #704 ) ;
#1370 = CARTESIAN_POINT ( 'NONE',  ( -29.34493141924223281, 12.69999999999999929, -27.09493141924114568 ) ) ;
#1371 = CIRCLE ( 'NONE', #339, 2.249999999999998668 ) ;
#1372 = CARTESIAN_POINT ( 'NONE',  ( -76.24999999999998579, 15.62063306904291160, 17.77999999999999758 ) ) ;
#1373 = VERTEX_POINT ( 'NONE', #320 ) ;
#1374 = CARTESIAN_POINT ( 'NONE',  ( -44.89212370442410105, 13.36964298644650917, 1.612725927782697966 ) ) ;
#1375 = VERTEX_POINT ( 'NONE', #632 ) ;
#1376 = CARTESIAN_POINT ( 'NONE',  ( -45.06177022166366442, 13.59872102479728184, 1.050064492559243945 ) ) ;
#1377 = LINE ( 'NONE', #445, #860 ) ;
#1378 = DIRECTION ( 'NONE',  ( -1.000000000000000000, 0.000000000000000000, 0.000000000000000000 ) ) ;
#1379 = DIRECTION ( 'NONE',  ( 0.000000000000000000, -1.000000000000000000, 0.000000000000000000 ) ) ;
#1380 = SHAPE_DEFINITION_REPRESENTATION ( #928, #323 ) ;
#1381 = ADVANCED_FACE ( 'NONE', ( #1552 ), #1394, .T. ) ;
#1382 = ADVANCED_FACE ( 'NONE', ( #476 ), #4, .F. ) ;
#1383 = ORIENTED_EDGE ( 'NONE', *, *, #1293, .T. ) ;
#1384 = CARTESIAN_POINT ( 'NONE',  ( -29.34493141924122028, 0.000000000000000000, 27.09493141924231097 ) ) ;
#1385 = ORIENTED_EDGE ( 'NONE', *, *, #432, .F. ) ;
#1386 = CYLINDRICAL_SURFACE ( 'NONE', #1495, 2.249999999999998668 ) ;
#1387 = EDGE_CURVE ( 'NONE', #1106, #1512, #948, .T. ) ;
#1388 = CYLINDRICAL_SURFACE ( 'NONE', #474, 2.500000000000002220 ) ;
#1389 = CARTESIAN_POINT ( 'NONE',  ( 0.000000000000000000, 14.69999999999999751, 19.77999999999999758 ) ) ;
#1390 = DIRECTION ( 'NONE',  ( 0.000000000000000000, 0.000000000000000000, -1.000000000000000000 ) ) ;
#1391 = ORIENTED_EDGE ( 'NONE', *, *, #1091, .T. ) ;
#1392 = ADVANCED_FACE ( 'NONE', ( #1249 ), #1168, .F. ) ;
#1393 = ORIENTED_EDGE ( 'NONE', *, *, #257, .F. ) ;
#1394 = PLANE ( 'NONE',  #536 ) ;
#1395 = VERTEX_POINT ( 'NONE', #1581 ) ;
#1396 = DIRECTION ( 'NONE',  ( 0.000000000000000000, 0.000000000000000000, -1.000000000000000000 ) ) ;
#1397 = FACE_OUTER_BOUND ( 'NONE', #870, .T. ) ;
#1398 = DIRECTION ( 'NONE',  ( 0.000000000000000000, 0.000000000000000000, -1.000000000000000000 ) ) ;
#1399 = VECTOR ( 'NONE', #1923, 1000.000000000000000 ) ;
#1400 = AXIS2_PLACEMENT_3D ( 'NONE', #1540, #925, #158 ) ;
#1401 = ORIENTED_EDGE ( 'NONE', *, *, #1550, .F. ) ;
#1402 = DIRECTION ( 'NONE',  ( 0.000000000000000000, 0.000000000000000000, -1.000000000000000000 ) ) ;
#1403 = AXIS2_PLACEMENT_3D ( 'NONE', #1450, #687, #256 ) ;
#1404 = CIRCLE ( 'NONE', #243, 5.000000000000000888 ) ;
#1405 = VERTEX_POINT ( 'NONE', #1747 ) ;
#1406 = DIRECTION ( 'NONE',  ( 0.000000000000000000, 0.000000000000000000, -1.000000000000000000 ) ) ;
#1407 = CARTESIAN_POINT ( 'NONE',  ( 0.000000000000000000, 0.000000000000000000, 0.000000000000000000 ) ) ;
#1408 = DIRECTION ( 'NONE',  ( 0.000000000000000000, 1.000000000000000000, 0.000000000000000000 ) ) ;
#1409 = LINE ( 'NONE', #960, #1524 ) ;
#1410 = ORIENTED_EDGE ( 'NONE', *, *, #668, .F. ) ;
#1411 = EDGE_CURVE ( 'NONE', #326, #1124, #1306, .T. ) ;
#1412 = DIRECTION ( 'NONE',  ( 1.000000000000000000, 0.000000000000000000, 0.000000000000000000 ) ) ;
#1413 = ORIENTED_EDGE ( 'NONE', *, *, #1950, .F. ) ;
#1414 = DIRECTION ( 'NONE',  ( 0.000000000000000000, 1.000000000000000000, 0.000000000000000000 ) ) ;
#1415 = ADVANCED_FACE ( 'NONE', ( #347 ), #530, .T. ) ;
#1416 = CARTESIAN_POINT ( 'NONE',  ( -29.34493141924223281, 12.69999999999999929, -29.34493141924114212 ) ) ;
#1417 = LINE ( 'NONE', #1137, #1082 ) ;
#1418 = ORIENTED_EDGE ( 'NONE', *, *, #1800, .F. ) ;
#1419 = DIRECTION ( 'NONE',  ( 0.000000000000000000, -1.000000000000000000, 0.000000000000000000 ) ) ;
#1420 = EDGE_CURVE ( 'NONE', #169, #1643, #1336, .T. ) ;
#1421 = VERTEX_POINT ( 'NONE', #500 ) ;
#1422 = CYLINDRICAL_SURFACE ( 'NONE', #1917, 2.250000000000001776 ) ;
#1423 = ORIENTED_EDGE ( 'NONE', *, *, #1738, .F. ) ;
#1424 = CARTESIAN_POINT ( 'NONE',  ( -41.49999999999996447, 12.69999999999999929, 7.910339050454240351E-13 ) ) ;
#1425 = CARTESIAN_POINT ( 'NONE',  ( -73.74999999999998579, 15.62063306904291160, -48.75000000000000711 ) ) ;
#1426 = EDGE_CURVE ( 'NONE', #1421, #1061, #1980, .T. ) ;
#1427 = CIRCLE ( 'NONE', #1238, 2.250000000000002220 ) ;
#1428 = VECTOR ( 'NONE', #1360, 1000.000000000000000 ) ;
#1429 = VERTEX_POINT ( 'NONE', #1117 ) ;
#1430 = FILL_AREA_STYLE_COLOUR ( '', #503 ) ;
#1431 = VECTOR ( 'NONE', #621, 1000.000000000000000 ) ;
#1432 = VERTEX_POINT ( 'NONE', #1133 ) ;
#1433 = AXIS2_PLACEMENT_3D ( 'NONE', #929, #1848, #306 ) ;
#1434 = AXIS2_PLACEMENT_3D ( 'NONE', #765, #1690, #1198 ) ;
#1435 = CARTESIAN_POINT ( 'NONE',  ( -45.24507126764607534, 13.91660657297409109, -0.2201774541450759459 ) ) ;
#1436 = ORIENTED_EDGE ( 'NONE', *, *, #882, .T. ) ;
#1437 = CYLINDRICAL_SURFACE ( 'NONE', #1043, 48.75000000000000000 ) ;
#1438 = CARTESIAN_POINT ( 'NONE',  ( -7.147060721024445229E-13, 12.69999999999999929, -43.74999999999989342 ) ) ;
#1439 = ORIENTED_EDGE ( 'NONE', *, *, #643, .F. ) ;
#1440 = FACE_OUTER_BOUND ( 'NONE', #956, .T. ) ;
#1441 = ADVANCED_FACE ( 'NONE', ( #544 ), #952, .F. ) ;
#1442 = ORIENTED_EDGE ( 'NONE', *, *, #992, .T. ) ;
#1443 = DIRECTION ( 'NONE',  ( -0.000000000000000000, -1.000000000000000000, -0.000000000000000000 ) ) ;
#1444 = CARTESIAN_POINT ( 'NONE',  ( 0.000000000000000000, -44.55899652763844898, 17.77999999999999758 ) ) ;
#1445 = ORIENTED_EDGE ( 'NONE', *, *, #1800, .T. ) ;
#1446 = EDGE_CURVE ( 'NONE', #1785, #778, #1145, .T. ) ;
#1447 = DIRECTION ( 'NONE',  ( 0.000000000000000000, 0.000000000000000000, -1.000000000000000000 ) ) ;
#1448 = FACE_OUTER_BOUND ( 'NONE', #1860, .T. ) ;
#1449 = ORIENTED_EDGE ( 'NONE', *, *, #1355, .F. ) ;
#1450 = CARTESIAN_POINT ( 'NONE',  ( 29.34493141924122028, 12.69999999999999929, -29.34493141924215465 ) ) ;
#1451 = ORIENTED_EDGE ( 'NONE', *, *, #789, .F. ) ;
#1452 = FACE_BOUND ( 'NONE', #425, .T. ) ;
#1453 = EDGE_CURVE ( 'NONE', #196, #545, #184, .T. ) ;
#1454 = CARTESIAN_POINT ( 'NONE',  ( 0.000000000000000000, 1.320633069042912444, 0.000000000000000000 ) ) ;
#1455 = ORIENTED_EDGE ( 'NONE', *, *, #1555, .F. ) ;
#1456 = DIRECTION ( 'NONE',  ( -1.000000000000000000, 0.000000000000000000, 0.000000000000000000 ) ) ;
#1457 = CARTESIAN_POINT ( 'NONE',  ( 29.34493141924223281, 12.69999999999999929, 27.09493141924129844 ) ) ;
#1458 = CARTESIAN_POINT ( 'NONE',  ( 0.000000000000000000, 0.000000000000000000, -48.75000000000000000 ) ) ;
#1459 = CARTESIAN_POINT ( 'NONE',  ( -1.266157730738332297E-14, 29.99563306904288851, 17.77999999999999758 ) ) ;
#1460 = AXIS2_PLACEMENT_3D ( 'NONE', #1654, #1194, #1636 ) ;
#1461 = ORIENTED_EDGE ( 'NONE', *, *, #1839, .T. ) ;
#1462 = LINE ( 'NONE', #363, #154 ) ;
#1463 = AXIS2_PLACEMENT_3D ( 'NONE', #1120, #1740, #1731 ) ;
#1464 = VECTOR ( 'NONE', #193, 1000.000000000000000 ) ;
#1465 = CARTESIAN_POINT ( 'NONE',  ( -48.75200480260815539, 31.49563306904291338, 16.27999999999999048 ) ) ;
#1466 = VECTOR ( 'NONE', #1712, 1000.000000000000000 ) ;
#1467 = ORIENTED_EDGE ( 'NONE', *, *, #312, .F. ) ;
#1468 = CARTESIAN_POINT ( 'NONE',  ( 0.000000000000000000, 0.000000000000000000, -34.50000000000000711 ) ) ;
#1469 = CARTESIAN_POINT ( 'NONE',  ( -47.25104910959002069, 13.80597749000353147, -17.97599635800194307 ) ) ;
#1470 = ORIENTED_EDGE ( 'NONE', *, *, #1687, .F. ) ;
#1471 = CARTESIAN_POINT ( 'NONE',  ( -48.68402304658069113, 12.69999999999999929, 22.77999999999999758 ) ) ;
#1472 = EDGE_LOOP ( 'NONE', ( #963, #1535, #1606, #640 ) ) ;
#1473 = CARTESIAN_POINT ( 'NONE',  ( -48.68402304658068402, 12.69999999999999929, -22.78000000000000114 ) ) ;
#1474 = CARTESIAN_POINT ( 'NONE',  ( -29.34493141924223281, 12.69999999999999929, -27.09493141924114568 ) ) ;
#1475 = ORIENTED_EDGE ( 'NONE', *, *, #892, .T. ) ;
#1476 = CARTESIAN_POINT ( 'NONE',  ( -43.39200480260813464, 12.69999999999999929, -19.77999999999999758 ) ) ;
#1477 = LINE ( 'NONE', #97, #1181 ) ;
#1478 = EDGE_CURVE ( 'NONE', #1432, #1512, #1593, .T. ) ;
#1479 = DIRECTION ( 'NONE',  ( 0.000000000000000000, -1.000000000000000000, 0.000000000000000000 ) ) ;
#1480 = ORIENTED_EDGE ( 'NONE', *, *, #463, .T. ) ;
#1481 = DIRECTION ( 'NONE',  ( 1.000000000000000000, 0.000000000000000000, 0.000000000000000000 ) ) ;
#1482 = EDGE_LOOP ( 'NONE', ( #661, #1332, #1255, #1225 ) ) ;
#1483 = CARTESIAN_POINT ( 'NONE',  ( -5.348888393731845670E-15, 31.49563306904292048, -69.36828039361154197 ) ) ;
#1484 = ORIENTED_EDGE ( 'NONE', *, *, #1857, .T. ) ;
#1485 = CARTESIAN_POINT ( 'NONE',  ( -86.25000000000000000, 31.49563306904290627, -16.28000000000000114 ) ) ;
#1486 = DIRECTION ( 'NONE',  ( 0.000000000000000000, 1.000000000000000000, 0.000000000000000000 ) ) ;
#1487 = LINE ( 'NONE', #271, #1619 ) ;
#1488 = ORIENTED_EDGE ( 'NONE', *, *, #1626, .T. ) ;
#1489 = LINE ( 'NONE', #1944, #247 ) ;
#1490 = VERTEX_POINT ( 'NONE', #839 ) ;
#1491 = DIRECTION ( 'NONE',  ( -5.551115123125781913E-15, 0.000000000000000000, 1.000000000000000000 ) ) ;
#1492 = ORIENTED_EDGE ( 'NONE', *, *, #1713, .T. ) ;
#1493 = CIRCLE ( 'NONE', #756, 2.500000000000002220 ) ;
#1494 = CIRCLE ( 'NONE', #1239, 2.500000000000002220 ) ;
#1495 = AXIS2_PLACEMENT_3D ( 'NONE', #1226, #1861, #1233 ) ;
#1496 = CARTESIAN_POINT ( 'NONE',  ( -60.89845680110594373, 6.144089870148965460, 41.63154319889357424 ) ) ;
#1497 = ADVANCED_FACE ( 'NONE', ( #819 ), #1422, .F. ) ;
#1498 = CARTESIAN_POINT ( 'NONE',  ( -86.25000000000000000, -44.55899652763844898, 0.000000000000000000 ) ) ;
#1499 = AXIS2_PLACEMENT_3D ( 'NONE', #627, #1246, #451 ) ;
#1500 = AXIS2_PLACEMENT_3D ( 'NONE', #884, #1347, #163 ) ;
#1501 = DIRECTION ( 'NONE',  ( -0.000000000000000000, -1.000000000000000000, -0.000000000000000000 ) ) ;
#1502 = DIRECTION ( 'NONE',  ( 0.000000000000000000, 0.000000000000000000, -1.000000000000000000 ) ) ;
#1503 = EDGE_CURVE ( 'NONE', #1560, #1294, #54, .T. ) ;
#1504 = ORIENTED_EDGE ( 'NONE', *, *, #1217, .F. ) ;
#1505 = DIRECTION ( 'NONE',  ( -0.000000000000000000, -1.000000000000000000, -0.000000000000000000 ) ) ;
#1506 = ORIENTED_EDGE ( 'NONE', *, *, #1528, .T. ) ;
#1507 = CARTESIAN_POINT ( 'NONE',  ( -45.39200480260814174, 14.69999999999999929, -17.78000000000000469 ) ) ;
#1508 = FACE_OUTER_BOUND ( 'NONE', #1849, .T. ) ;
#1509 = ADVANCED_FACE ( 'NONE', ( #1761, #41, #1605 ), #1156, .T. ) ;
#1510 = CARTESIAN_POINT ( 'NONE',  ( -73.74999999999998579, 15.62063306904291160, -48.75000000000000711 ) ) ;
#1511 = CARTESIAN_POINT ( 'NONE',  ( -43.39200480260813464, 12.69999999999999929, 17.77999999999999048 ) ) ;
#1512 = VERTEX_POINT ( 'NONE', #1261 ) ;
#1513 = CARTESIAN_POINT ( 'NONE',  ( -76.24999999999998579, 15.62063306904291160, -17.78000000000000114 ) ) ;
#1514 = VERTEX_POINT ( 'NONE', #510 ) ;
#1515 = CARTESIAN_POINT ( 'NONE',  ( -45.11452078844389746, 13.65139267971051495, -0.2242198444923168277 ) ) ;
#1516 = CARTESIAN_POINT ( 'NONE',  ( -76.24999999999998579, 15.62063306904291160, -48.75000000000000711 ) ) ;
#1517 = CARTESIAN_POINT ( 'NONE',  ( -59.24999999999998579, 15.62063306904291338, -48.75000000000000711 ) ) ;
#1518 = CARTESIAN_POINT ( 'NONE',  ( -61.74999999999998579, 15.62063306904291338, -48.75000000000000711 ) ) ;
#1519 = VERTEX_POINT ( 'NONE', #356 ) ;
#1520 = CARTESIAN_POINT ( 'NONE',  ( -43.79174571902167656, 12.73201900067777004, 2.977133565119004288 ) ) ;
#1521 = VERTEX_POINT ( 'NONE', #964 ) ;
#1522 = AXIS2_PLACEMENT_3D ( 'NONE', #1517, #401, #264 ) ;
#1523 = DIRECTION ( 'NONE',  ( 2.203128887327390795E-16, 1.000000000000000000, 0.000000000000000000 ) ) ;
#1524 = VECTOR ( 'NONE', #20, 1000.000000000000000 ) ;
#1525 = ORIENTED_EDGE ( 'NONE', *, *, #494, .T. ) ;
#1526 = CARTESIAN_POINT ( 'NONE',  ( 0.000000000000000000, 12.69999999999999929, 0.000000000000000000 ) ) ;
#1527 = CIRCLE ( 'NONE', #1045, 2.249999999999998668 ) ;
#1528 = EDGE_CURVE ( 'NONE', #778, #1785, #1527, .T. ) ;
#1529 = DIRECTION ( 'NONE',  ( 0.000000000000000000, 0.000000000000000000, -1.000000000000000000 ) ) ;
#1530 = VECTOR ( 'NONE', #1031, 1000.000000000000000 ) ;
#1531 = DIRECTION ( 'NONE',  ( -0.000000000000000000, -1.000000000000000000, -0.000000000000000000 ) ) ;
#1532 =( GEOMETRIC_REPRESENTATION_CONTEXT ( 3 ) GLOBAL_UNCERTAINTY_ASSIGNED_CONTEXT ( ( #844 ) ) GLOBAL_UNIT_ASSIGNED_CONTEXT ( ( #1072, #1047, #302 ) ) REPRESENTATION_CONTEXT ( 'NONE', 'WORKASPACE' ) );
#1533 = ORIENTED_EDGE ( 'NONE', *, *, #252, .F. ) ;
#1534 = DIRECTION ( 'NONE',  ( -0.000000000000000000, 0.000000000000000000, 1.000000000000000000 ) ) ;
#1535 = ORIENTED_EDGE ( 'NONE', *, *, #532, .T. ) ;
#1536 = CARTESIAN_POINT ( 'NONE',  ( -45.04275504716946443, 13.57083055740922894, 1.217710075062841790 ) ) ;
#1537 = FACE_OUTER_BOUND ( 'NONE', #1004, .T. ) ;
#1538 = DIRECTION ( 'NONE',  ( 0.000000000000000000, 0.000000000000000000, -1.000000000000000000 ) ) ;
#1539 = EDGE_CURVE ( 'NONE', #281, #901, #1305, .T. ) ;
#1540 = CARTESIAN_POINT ( 'NONE',  ( -59.24999999999998579, 15.62063306904291338, -12.84999999999999964 ) ) ;
#1541 = ORIENTED_EDGE ( 'NONE', *, *, #1453, .T. ) ;
#1542 = FACE_BOUND ( 'NONE', #597, .T. ) ;
#1543 = ORIENTED_EDGE ( 'NONE', *, *, #1650, .F. ) ;
#1544 = CARTESIAN_POINT ( 'NONE',  ( -31.50133653507219833, 14.24496480150679112, -33.53066826753592977 ) ) ;
#1545 = FACE_OUTER_BOUND ( 'NONE', #1730, .T. ) ;
#1546 = CARTESIAN_POINT ( 'NONE',  ( -45.39200480260813464, 28.13563306904285355, -12.84999999999999964 ) ) ;
#1547 = DIRECTION ( 'NONE',  ( -0.000000000000000000, -0.000000000000000000, 1.000000000000000000 ) ) ;
#1548 = ORIENTED_EDGE ( 'NONE', *, *, #1750, .T. ) ;
#1549 = CARTESIAN_POINT ( 'NONE',  ( -76.24999999999998579, 15.62063306904291160, 12.84999999999999964 ) ) ;
#1550 = EDGE_CURVE ( 'NONE', #864, #785, #1316, .T. ) ;
#1551 = ORIENTED_EDGE ( 'NONE', *, *, #461, .T. ) ;
#1552 = FACE_OUTER_BOUND ( 'NONE', #1171, .T. ) ;
#1553 = EDGE_CURVE ( 'NONE', #1745, #1214, #180, .T. ) ;
#1554 = DIRECTION ( 'NONE',  ( 0.000000000000000000, -0.000000000000000000, 1.000000000000000000 ) ) ;
#1555 = EDGE_CURVE ( 'NONE', #1365, #1521, #658, .T. ) ;
#1556 = DIRECTION ( 'NONE',  ( -1.200876085496229763E-16, 0.7071067811865434649, -0.7071067811865515695 ) ) ;
#1557 = CARTESIAN_POINT ( 'NONE',  ( -45.39200480260814885, 14.67447959403858704, -0.4059672966359762492 ) ) ;
#1558 = CIRCLE ( 'NONE', #1822, 2.249999999999998668 ) ;
#1559 = VECTOR ( 'NONE', #677, 1000.000000000000000 ) ;
#1560 = VERTEX_POINT ( 'NONE', #428 ) ;
#1561 = CARTESIAN_POINT ( 'NONE',  ( -48.75200480260815539, 31.49563306904291338, -69.36828039361154197 ) ) ;
#1562 = VECTOR ( 'NONE', #549, 1000.000000000000114 ) ;
#1563 = AXIS2_PLACEMENT_3D ( 'NONE', #1526, #584, #1663 ) ;
#1564 = EDGE_CURVE ( 'NONE', #1281, #1017, #1174, .T. ) ;
#1565 = ORIENTED_EDGE ( 'NONE', *, *, #678, .T. ) ;
#1566 = ADVANCED_FACE ( 'NONE', ( #723 ), #419, .F. ) ;
#1567 = DIRECTION ( 'NONE',  ( -0.000000000000000000, -1.000000000000000000, -0.000000000000000000 ) ) ;
#1568 = CARTESIAN_POINT ( 'NONE',  ( -59.24999999999998579, 15.62063306904291338, 12.84999999999999964 ) ) ;
#1569 = DIRECTION ( 'NONE',  ( 1.000000000000000000, 0.000000000000000000, 0.000000000000000000 ) ) ;
#1570 = EDGE_CURVE ( 'NONE', #1643, #169, #1206, .T. ) ;
#1571 = VERTEX_POINT ( 'NONE', #1465 ) ;
#1572 = CARTESIAN_POINT ( 'NONE',  ( -5.827862834732820190E-15, 31.49563306904292048, 12.84999999999999964 ) ) ;
#1573 = ORIENTED_EDGE ( 'NONE', *, *, #346, .T. ) ;
#1574 = CARTESIAN_POINT ( 'NONE',  ( -45.04678476554359889, 13.57674434153781817, -1.217710075061259722 ) ) ;
#1575 = EDGE_LOOP ( 'NONE', ( #609, #1108, #1290, #826 ) ) ;
#1576 = ADVANCED_FACE ( 'NONE', ( #639 ), #2, .F. ) ;
#1577 = CARTESIAN_POINT ( 'NONE',  ( -5.827862834732820190E-15, 31.49563306904292048, -12.84999999999999964 ) ) ;
#1578 = CARTESIAN_POINT ( 'NONE',  ( -86.25000000000000000, 2.773864751887414215, 16.27999999999999758 ) ) ;
#1579 = VERTEX_POINT ( 'NONE', #1074 ) ;
#1580 = ORIENTED_EDGE ( 'NONE', *, *, #1182, .T. ) ;
#1581 = CARTESIAN_POINT ( 'NONE',  ( -56.74999999999997868, 15.62063306904291338, 12.84999999999999964 ) ) ;
#1582 = EDGE_LOOP ( 'NONE', ( #1492, #1391 ) ) ;
#1583 = LINE ( 'NONE', #1263, #274 ) ;
#1584 = EDGE_CURVE ( 'NONE', #1963, #1028, #1064, .T. ) ;
#1585 = CARTESIAN_POINT ( 'NONE',  ( 29.34493141924223281, 12.69999999999999929, 29.34493141924129489 ) ) ;
#1586 = EDGE_CURVE ( 'NONE', #1935, #691, #1859, .T. ) ;
#1587 = CIRCLE ( 'NONE', #727, 2.500000000000002220 ) ;
#1588 = VECTOR ( 'NONE', #1547, 1000.000000000000000 ) ;
#1589 = EDGE_LOOP ( 'NONE', ( #921, #517, #1678, #1223 ) ) ;
#1590 = CARTESIAN_POINT ( 'NONE',  ( -44.97720940060079897, 13.47424593082081401, -1.420359991071582062 ) ) ;
#1591 = ORIENTED_EDGE ( 'NONE', *, *, #1862, .T. ) ;
#1592 = FACE_BOUND ( 'NONE', #501, .T. ) ;
#1593 = B_SPLINE_CURVE_WITH_KNOTS ( 'NONE', 3,
 ( #1574, #957, #1126, #206, #690, #1435, #1596, #34, #1292, #986, #221, #1922 ),
 .UNSPECIFIED., .F., .F.,
 ( 4, 2, 2, 2, 2, 4 ),
 ( 2.168404344971008868E-18, 0.0006433686965771636367, 0.0009650530448657416603, 0.001286737393154319901, 0.001930106089731475948, 0.002573474786308632429 ),
 .UNSPECIFIED. ) ;
#1594 = EDGE_CURVE ( 'NONE', #1214, #1745, #1693, .T. ) ;
#1595 = CIRCLE ( 'NONE', #282, 48.75000000000000000 ) ;
#1596 = CARTESIAN_POINT ( 'NONE',  ( -45.24990379650625272, 13.92731841827938233, -0.1111936710274928769 ) ) ;
#1597 = ORIENTED_EDGE ( 'NONE', *, *, #1104, .T. ) ;
#1598 = DIRECTION ( 'NONE',  ( -0.000000000000000000, -0.000000000000000000, 1.000000000000000000 ) ) ;
#1599 = CARTESIAN_POINT ( 'NONE',  ( -86.25000000000000000, 2.773864751887414215, -0.000000000000000000 ) ) ;
#1600 = ADVANCED_FACE ( 'NONE', ( #1542, #1675, #1053 ), #1707, .F. ) ;
#1601 = ORIENTED_EDGE ( 'NONE', *, *, #1555, .T. ) ;
#1602 = CARTESIAN_POINT ( 'NONE',  ( -92.81214699852965566, 7.324491815868683808, 9.717853001470455609 ) ) ;
#1603 = VERTEX_POINT ( 'NONE', #1084 ) ;
#1604 = FACE_BOUND ( 'NONE', #365, .T. ) ;
#1605 = FACE_OUTER_BOUND ( 'NONE', #1884, .T. ) ;
#1606 = ORIENTED_EDGE ( 'NONE', *, *, #146, .T. ) ;
#1607 = DIRECTION ( 'NONE',  ( 1.000000000000000000, 0.000000000000000000, 0.000000000000000000 ) ) ;
#1608 = CARTESIAN_POINT ( 'NONE',  ( -44.15527671666621501, 12.69999999999999929, 20.66093023255814032 ) ) ;
#1609 = ORIENTED_EDGE ( 'NONE', *, *, #1862, .F. ) ;
#1610 = DIRECTION ( 'NONE',  ( 1.200876085496228284E-16, -0.7071067811865426878, -0.7071067811865524577 ) ) ;
#1611 = ORIENTED_EDGE ( 'NONE', *, *, #693, .F. ) ;
#1612 = DIRECTION ( 'NONE',  ( 0.000000000000000000, 0.000000000000000000, 1.000000000000000000 ) ) ;
#1613 = DIRECTION ( 'NONE',  ( 0.000000000000000000, -1.000000000000000000, 0.000000000000000000 ) ) ;
#1614 = ORIENTED_EDGE ( 'NONE', *, *, #825, .T. ) ;
#1615 = CARTESIAN_POINT ( 'NONE',  ( 0.000000000000000000, 12.69999999999999929, -34.50000000000000711 ) ) ;
#1616 = CARTESIAN_POINT ( 'NONE',  ( -48.32242029334038591, 14.47130258301588945, -17.78000000000000469 ) ) ;
#1617 = CARTESIAN_POINT ( 'NONE',  ( -48.74999999999997868, 1.320633069042912444, -12.84999999999999964 ) ) ;
#1618 = DIRECTION ( 'NONE',  ( 0.000000000000000000, 0.000000000000000000, -1.000000000000000000 ) ) ;
#1619 = VECTOR ( 'NONE', #110, 1000.000000000000000 ) ;
#1620 = ORIENTED_EDGE ( 'NONE', *, *, #1956, .F. ) ;
#1621 = CYLINDRICAL_SURFACE ( 'NONE', #304, 5.000000000000000888 ) ;
#1622 = VECTOR ( 'NONE', #1029, 1000.000000000000000 ) ;
#1623 = ADVANCED_FACE ( 'NONE', ( #438 ), #1698, .F. ) ;
#1624 = STYLED_ITEM ( 'NONE', ( #481 ), #1704 ) ;
#1625 = CIRCLE ( 'NONE', #1563, 34.50000000000000711 ) ;
#1626 = EDGE_CURVE ( 'NONE', #1512, #539, #943, .T. ) ;
#1627 = ORIENTED_EDGE ( 'NONE', *, *, #910, .F. ) ;
#1628 = PRODUCT_DEFINITION_FORMATION_WITH_SPECIFIED_SOURCE ( 'ANY', '', #1234, .NOT_KNOWN. ) ;
#1629 = VECTOR ( 'NONE', #455, 1000.000000000000000 ) ;
#1630 = CARTESIAN_POINT ( 'NONE',  ( -59.24999999999998579, 15.62063306904291338, -48.75000000000000711 ) ) ;
#1631 = LINE ( 'NONE', #1815, #1753 ) ;
#1632 = ORIENTED_EDGE ( 'NONE', *, *, #99, .T. ) ;
#1633 = EDGE_CURVE ( 'NONE', #1940, #1856, #1371, .T. ) ;
#1634 = DIRECTION ( 'NONE',  ( -1.000000000000000000, 0.000000000000000000, -0.000000000000000000 ) ) ;
#1635 = VERTEX_POINT ( 'NONE', #1062 ) ;
#1636 = DIRECTION ( 'NONE',  ( 1.000000000000000000, 0.000000000000000000, 0.000000000000000000 ) ) ;
#1637 = EDGE_LOOP ( 'NONE', ( #175, #1627, #86, #806, #1075 ) ) ;
#1638 = DIRECTION ( 'NONE',  ( 0.5773502691896302830, -0.5773502691896275074, 0.5773502691896196248 ) ) ;
#1639 = CARTESIAN_POINT ( 'NONE',  ( -86.25000000000000000, -44.55899652763844898, 16.27999999999999758 ) ) ;
#1640 = PLANE ( 'NONE',  #434 ) ;
#1641 = ORIENTED_EDGE ( 'NONE', *, *, #1539, .T. ) ;
#1642 = CARTESIAN_POINT ( 'NONE',  ( 7.149816176322526833E-13, 12.69999999999999929, 43.75000000000004263 ) ) ;
#1643 = VERTEX_POINT ( 'NONE', #1384 ) ;
#1644 = FACE_OUTER_BOUND ( 'NONE', #1297, .T. ) ;
#1645 = DIRECTION ( 'NONE',  ( 0.000000000000000000, 0.000000000000000000, -1.000000000000000000 ) ) ;
#1646 = VERTEX_POINT ( 'NONE', #1667 ) ;
#1647 = FACE_OUTER_BOUND ( 'NONE', #820, .T. ) ;
#1648 = CYLINDRICAL_SURFACE ( 'NONE', #1434, 2.249999999999998668 ) ;
#1649 = FACE_OUTER_BOUND ( 'NONE', #1320, .T. ) ;
#1650 = EDGE_CURVE ( 'NONE', #1875, #1940, #1653, .T. ) ;
#1651 = VERTEX_POINT ( 'NONE', #1989 ) ;
#1652 = ORIENTED_EDGE ( 'NONE', *, *, #199, .F. ) ;
#1653 = LINE ( 'NONE', #276, #537 ) ;
#1654 = CARTESIAN_POINT ( 'NONE',  ( 0.000000000000000000, 0.000000000000000000, 12.84999999999999964 ) ) ;
#1655 =( BOUNDED_CURVE ( )  B_SPLINE_CURVE ( 3, ( #300, #1720, #803, #331 ),
 .UNSPECIFIED., .F., .T. ) 
 B_SPLINE_CURVE_WITH_KNOTS ( ( 4, 4 ),
 ( 0.000000000000000000, 1.570796326794897446 ),
 .UNSPECIFIED. ) 
 CURVE ( )  GEOMETRIC_REPRESENTATION_ITEM ( )  RATIONAL_B_SPLINE_CURVE ( ( 1.000000000000000000, 0.8047378541243648264, 0.8047378541243648264, 1.000000000000000000 ) ) 
 REPRESENTATION_ITEM ( '' )  );
#1656 = DIRECTION ( 'NONE',  ( -0.000000000000000000, -1.000000000000000000, -0.000000000000000000 ) ) ;
#1657 = ORIENTED_EDGE ( 'NONE', *, *, #74, .F. ) ;
#1658 = VECTOR ( 'NONE', #718, 1000.000000000000000 ) ;
#1659 = VECTOR ( 'NONE', #1672, 1000.000000000000000 ) ;
#1660 = EDGE_CURVE ( 'NONE', #1635, #1979, #473, .T. ) ;
#1661 = AXIS2_PLACEMENT_3D ( 'NONE', #650, #1274, #659 ) ;
#1662 = DIRECTION ( 'NONE',  ( -0.000000000000000000, -0.000000000000000000, 1.000000000000000000 ) ) ;
#1663 = DIRECTION ( 'NONE',  ( 0.000000000000000000, 0.000000000000000000, 1.000000000000000000 ) ) ;
#1664 = AXIS2_PLACEMENT_3D ( 'NONE', #598, #148, #759 ) ;
#1665 = CARTESIAN_POINT ( 'NONE',  ( -48.74999999999997868, 1.320633069042912444, 12.84999999999999964 ) ) ;
#1666 = ORIENTED_EDGE ( 'NONE', *, *, #1162, .T. ) ;
#1667 = CARTESIAN_POINT ( 'NONE',  ( -73.74999999999998579, 15.62063306904291160, -12.84999999999999964 ) ) ;
#1668 = VERTEX_POINT ( 'NONE', #894 ) ;
#1669 = CARTESIAN_POINT ( 'NONE',  ( -48.68402304658069113, 14.69999999999999751, 17.77999999999999758 ) ) ;
#1670 = LINE ( 'NONE', #144, #1050 ) ;
#1671 = FACE_OUTER_BOUND ( 'NONE', #955, .T. ) ;
#1672 = DIRECTION ( 'NONE',  ( -0.7071067811865439090, 0.7071067811865512365, -0.000000000000000000 ) ) ;
#1673 = ORIENTED_EDGE ( 'NONE', *, *, #1839, .F. ) ;
#1674 = CARTESIAN_POINT ( 'NONE',  ( -45.04678476554359889, 13.57674434153781817, 1.217710075062844899 ) ) ;
#1675 = FACE_BOUND ( 'NONE', #1959, .T. ) ;
#1676 = EDGE_LOOP ( 'NONE', ( #840, #111 ) ) ;
#1677 = CARTESIAN_POINT ( 'NONE',  ( -45.39200480260814174, 14.69999999999999929, -1.217710075061259722 ) ) ;
#1678 = ORIENTED_EDGE ( 'NONE', *, *, #1232, .T. ) ;
#1679 = CARTESIAN_POINT ( 'NONE',  ( -45.39931566954962960, 12.85084362677625336, -19.00481016328840411 ) ) ;
#1680 = DIRECTION ( 'NONE',  ( -0.7071067811865439090, 0.7071067811865512365, -0.000000000000000000 ) ) ;
#1681 = DIRECTION ( 'NONE',  ( 0.000000000000000000, 1.000000000000000000, -0.000000000000000000 ) ) ;
#1682 = DIRECTION ( 'NONE',  ( 1.000000000000000000, 0.000000000000000000, 0.000000000000000000 ) ) ;
#1683 = ORIENTED_EDGE ( 'NONE', *, *, #1119, .T. ) ;
#1684 = DIRECTION ( 'NONE',  ( -0.000000000000000000, -1.000000000000000000, -0.000000000000000000 ) ) ;
#1685 = VERTEX_POINT ( 'NONE', #296 ) ;
#1686 = EDGE_CURVE ( 'NONE', #1979, #1635, #1244, .T. ) ;
#1687 = EDGE_CURVE ( 'NONE', #388, #1560, #138, .T. ) ;
#1688 = CARTESIAN_POINT ( 'NONE',  ( -45.39200480260921466, 14.09995783298499106, -1.034570526902174770 ) ) ;
#1689 = AXIS2_PLACEMENT_3D ( 'NONE', #900, #457, #1237 ) ;
#1690 = DIRECTION ( 'NONE',  ( -0.000000000000000000, -1.000000000000000000, -0.000000000000000000 ) ) ;
#1691 = VECTOR ( 'NONE', #210, 1000.000000000000000 ) ;
#1692 = LINE ( 'NONE', #313, #12 ) ;
#1693 = CIRCLE ( 'NONE', #1433, 2.500000000000002220 ) ;
#1694 = VECTOR ( 'NONE', #239, 1000.000000000000000 ) ;
#1695 = DIRECTION ( 'NONE',  ( -0.000000000000000000, 0.000000000000000000, 1.000000000000000000 ) ) ;
#1696 = ADVANCED_FACE ( 'NONE', ( #1352 ), #1969, .F. ) ;
#1697 = ORIENTED_EDGE ( 'NONE', *, *, #668, .T. ) ;
#1698 = CYLINDRICAL_SURFACE ( 'NONE', #18, 2.250000000000002220 ) ;
#1699 = EDGE_LOOP ( 'NONE', ( #1157, #1130 ) ) ;
#1700 = CARTESIAN_POINT ( 'NONE',  ( -45.39200480260814174, 14.66772595742530250, -0.2042555338149810995 ) ) ;
#1701 = CARTESIAN_POINT ( 'NONE',  ( -48.68402304658069113, 0.000000000000000000, 22.77999999999999758 ) ) ;
#1702 = DIRECTION ( 'NONE',  ( 0.000000000000000000, 0.000000000000000000, -1.000000000000000000 ) ) ;
#1703 = LINE ( 'NONE', #934, #1588 ) ;
#1704 = MANIFOLD_SOLID_BREP ( 'Cut-Extrude23', #367 ) ;
#1705 = ORIENTED_EDGE ( 'NONE', *, *, #526, .T. ) ;
#1706 = CYLINDRICAL_SURFACE ( 'NONE', #1823, 2.500000000000002220 ) ;
#1707 = PLANE ( 'NONE',  #919 ) ;
#1708 = ORIENTED_EDGE ( 'NONE', *, *, #1584, .T. ) ;
#1709 = DIRECTION ( 'NONE',  ( 0.000000000000000000, 0.000000000000000000, -1.000000000000000000 ) ) ;
#1710 = PLANE ( 'NONE',  #793 ) ;
#1711 = DIRECTION ( 'NONE',  ( 0.000000000000000000, -1.000000000000000000, 0.000000000000000000 ) ) ;
#1712 = DIRECTION ( 'NONE',  ( 0.000000000000000000, 0.000000000000000000, 1.000000000000000000 ) ) ;
#1713 = EDGE_CURVE ( 'NONE', #1685, #763, #978, .T. ) ;
#1714 = EDGE_CURVE ( 'NONE', #1963, #525, #1269, .T. ) ;
#1715 = VERTEX_POINT ( 'NONE', #1123 ) ;
#1716 = DIRECTION ( 'NONE',  ( 0.8217464086295926950, -0.5698533494719203452, 0.000000000000000000 ) ) ;
#1717 = ORIENTED_EDGE ( 'NONE', *, *, #1564, .T. ) ;
#1718 = CARTESIAN_POINT ( 'NONE',  ( -45.39200480260813464, 14.12040670936958442, -0.4289917662893277250 ) ) ;
#1719 = CIRCLE ( 'NONE', #78, 2.000000000000001776 ) ;
#1720 = CARTESIAN_POINT ( 'NONE',  ( -45.39200480260814174, 13.52842712474618558, 17.77999999999999758 ) ) ;
#1721 = LINE ( 'NONE', #1438, #657 ) ;
#1722 = VECTOR ( 'NONE', #132, 1000.000000000000000 ) ;
#1723 = AXIS2_PLACEMENT_3D ( 'NONE', #130, #1613, #850 ) ;
#1724 = EDGE_LOOP ( 'NONE', ( #240, #1611 ) ) ;
#1725 = SURFACE_STYLE_USAGE ( .BOTH. , #654 ) ;
#1726 = VECTOR ( 'NONE', #1350, 1000.000000000000000 ) ;
#1727 = AXIS2_PLACEMENT_3D ( 'NONE', #592, #603, #622 ) ;
#1728 = ORIENTED_EDGE ( 'NONE', *, *, #1387, .T. ) ;
#1729 = DIRECTION ( 'NONE',  ( 0.000000000000000000, 1.000000000000000000, 0.000000000000000000 ) ) ;
#1730 = EDGE_LOOP ( 'NONE', ( #1683, #1099, #877, #579, #531, #719, #345, #286, #22, #1480 ) ) ;
#1731 = DIRECTION ( 'NONE',  ( 1.000000000000000000, 0.000000000000000000, 0.000000000000000000 ) ) ;
#1732 = DIRECTION ( 'NONE',  ( 0.000000000000000000, 0.000000000000000000, -1.000000000000000000 ) ) ;
#1733 = ORIENTED_EDGE ( 'NONE', *, *, #263, .F. ) ;
#1734 = CARTESIAN_POINT ( 'NONE',  ( -76.24999999999998579, 15.62063306904291160, 12.84999999999999964 ) ) ;
#1735 = VERTEX_POINT ( 'NONE', #176 ) ;
#1736 = EDGE_CURVE ( 'NONE', #407, #907, #667, .T. ) ;
#1737 = CARTESIAN_POINT ( 'NONE',  ( -7.147060721024445229E-13, 0.000000000000000000, -41.49999999999989342 ) ) ;
#1738 = EDGE_CURVE ( 'NONE', #1405, #1432, #1765, .T. ) ;
#1739 = ORIENTED_EDGE ( 'NONE', *, *, #263, .T. ) ;
#1740 = DIRECTION ( 'NONE',  ( 0.000000000000000000, 0.000000000000000000, -1.000000000000000000 ) ) ;
#1741 = CARTESIAN_POINT ( 'NONE',  ( -45.39200480260814174, 14.69999999999999929, -1.217710075061263053 ) ) ;
#1742 = VERTEX_POINT ( 'NONE', #1885 ) ;
#1743 = EDGE_CURVE ( 'NONE', #1932, #780, #821, .T. ) ;
#1744 = B_SPLINE_CURVE_WITH_KNOTS ( 'NONE', 3,
 ( #1973, #291, #670, #484, #1921, #782, #543, #1315, #680, #1154, #387, #838, #220, #1746 ),
 .UNSPECIFIED., .F., .F.,
 ( 4, 2, 2, 2, 2, 2, 4 ),
 ( 0.000000000000000000, 0.0006382613885084210655, 0.001276522777016842131, 0.002553045554033690333, 0.003829568331050538753, 0.004467829719558955373, 0.005106091108067371993 ),
 .UNSPECIFIED. ) ;
#1745 = VERTEX_POINT ( 'NONE', #827 ) ;
#1746 = CARTESIAN_POINT ( 'NONE',  ( -48.68402304658069113, 14.69999999999999751, 17.77999999999999758 ) ) ;
#1747 = CARTESIAN_POINT ( 'NONE',  ( -43.39200480260813464, 12.69999999999999929, -3.237717996815433708 ) ) ;
#1748 = ORIENTED_EDGE ( 'NONE', *, *, #1076, .T. ) ;
#1749 = ADVANCED_FACE ( 'NONE', ( #1440 ), #1706, .F. ) ;
#1750 = EDGE_CURVE ( 'NONE', #780, #1932, #214, .T. ) ;
#1751 = CARTESIAN_POINT ( 'NONE',  ( -43.39200480260813464, 12.69999999999999929, 17.77999999999999048 ) ) ;
#1752 = DIRECTION ( 'NONE',  ( 0.000000000000000000, 0.000000000000000000, -1.000000000000000000 ) ) ;
#1753 = VECTOR ( 'NONE', #585, 1000.000000000000000 ) ;
#1754 = VECTOR ( 'NONE', #1926, 1000.000000000000000 ) ;
#1755 = EDGE_LOOP ( 'NONE', ( #620, #1230 ) ) ;
#1756 = CYLINDRICAL_SURFACE ( 'NONE', #1886, 2.000000000000001776 ) ;
#1757 = AXIS2_PLACEMENT_3D ( 'NONE', #931, #1841, #1709 ) ;
#1758 = VERTEX_POINT ( 'NONE', #1097 ) ;
#1759 = AXIS2_PLACEMENT_3D ( 'NONE', #1549, #361, #60 ) ;
#1760 = DIRECTION ( 'NONE',  ( 0.000000000000000000, 0.000000000000000000, 1.000000000000000000 ) ) ;
#1761 = FACE_BOUND ( 'NONE', #912, .T. ) ;
#1762 = ORIENTED_EDGE ( 'NONE', *, *, #1918, .T. ) ;
#1763 = CARTESIAN_POINT ( 'NONE',  ( 0.000000000000000000, 12.69999999999999929, 0.000000000000000000 ) ) ;
#1764 = FACE_OUTER_BOUND ( 'NONE', #1344, .T. ) ;
#1765 = B_SPLINE_CURVE_WITH_KNOTS ( 'NONE', 3,
 ( #638, #508, #1858, #203, #647, #1243, #813, #39, #1590, #217 ),
 .UNSPECIFIED., .F., .F.,
 ( 4, 2, 2, 2, 4 ),
 ( 0.000000000000000000, 0.0007025150324985402275, 0.001405030064997080455, 0.002107545097495620683, 0.002810060129994160910 ),
 .UNSPECIFIED. ) ;
#1766 = ORIENTED_EDGE ( 'NONE', *, *, #611, .T. ) ;
#1767 = DIRECTION ( 'NONE',  ( -0.5773502691896270633, 0.5773502691896283956, 0.5773502691896217343 ) ) ;
#1768 = VERTEX_POINT ( 'NONE', #327 ) ;
#1769 = CARTESIAN_POINT ( 'NONE',  ( -48.74999999999997868, 0.000000000000000000, -12.84999999999999964 ) ) ;
#1770 = DIRECTION ( 'NONE',  ( 1.000000000000000000, 0.000000000000000000, 0.000000000000000000 ) ) ;
#1771 = ORIENTED_EDGE ( 'NONE', *, *, #99, .F. ) ;
#1772 = DIRECTION ( 'NONE',  ( 0.000000000000000000, -1.000000000000000000, 0.000000000000000000 ) ) ;
#1773 = DIRECTION ( 'NONE',  ( 0.000000000000000000, 0.000000000000000000, 1.000000000000000000 ) ) ;
#1774 = DIRECTION ( 'NONE',  ( 0.000000000000000000, -1.000000000000000000, 0.000000000000000000 ) ) ;
#1775 = DIRECTION ( 'NONE',  ( 1.000000000000000000, 0.000000000000000000, 0.000000000000000000 ) ) ;
#1776 = ORIENTED_EDGE ( 'NONE', *, *, #141, .F. ) ;
#1777 = FACE_OUTER_BOUND ( 'NONE', #837, .T. ) ;
#1778 = DIRECTION ( 'NONE',  ( 0.000000000000000000, 0.000000000000000000, -1.000000000000000000 ) ) ;
#1779 = ORIENTED_EDGE ( 'NONE', *, *, #1660, .T. ) ;
#1780 = EDGE_CURVE ( 'NONE', #1818, #1375, #786, .T. ) ;
#1781 = FACE_OUTER_BOUND ( 'NONE', #55, .T. ) ;
#1782 = FACE_OUTER_BOUND ( 'NONE', #1138, .T. ) ;
#1783 = CARTESIAN_POINT ( 'NONE',  ( -84.15439431936152914, 1.320633069042912444, 12.84999999999999964 ) ) ;
#1784 = VECTOR ( 'NONE', #1681, 1000.000000000000000 ) ;
#1785 = VERTEX_POINT ( 'NONE', #1868 ) ;
#1786 = DIRECTION ( 'NONE',  ( -0.000000000000000000, -1.000000000000000000, -0.000000000000000000 ) ) ;
#1787 = VECTOR ( 'NONE', #1195, 1000.000000000000000 ) ;
#1788 = VECTOR ( 'NONE', #1684, 1000.000000000000000 ) ;
#1789 = AXIS2_PLACEMENT_3D ( 'NONE', #1942, #1191, #1803 ) ;
#1790 = ORIENTED_EDGE ( 'NONE', *, *, #223, .F. ) ;
#1791 = CARTESIAN_POINT ( 'NONE',  ( -47.25200480260815539, 29.99563306904289561, -17.78000000000000114 ) ) ;
#1792 = DIRECTION ( 'NONE',  ( -1.000000000000000000, 0.000000000000000000, -0.000000000000000000 ) ) ;
#1793 = DIRECTION ( 'NONE',  ( 0.000000000000000000, 0.000000000000000000, 1.000000000000000000 ) ) ;
#1794 = ORIENTED_EDGE ( 'NONE', *, *, #463, .F. ) ;
#1795 = DIRECTION ( 'NONE',  ( -0.000000000000000000, -1.000000000000000000, -0.000000000000000000 ) ) ;
#1796 = ORIENTED_EDGE ( 'NONE', *, *, #606, .T. ) ;
#1797 = PLANE ( 'NONE',  #656 ) ;
#1798 = DIRECTION ( 'NONE',  ( 0.000000000000000000, -1.000000000000000000, 0.000000000000000000 ) ) ;
#1799 = ORIENTED_EDGE ( 'NONE', *, *, #409, .F. ) ;
#1800 = EDGE_CURVE ( 'NONE', #907, #995, #488, .T. ) ;
#1801 = ADVANCED_FACE ( 'NONE', ( #334 ), #947, .F. ) ;
#1802 = DIRECTION ( 'NONE',  ( -1.698295246838290135E-16, 1.000000000000000000, 0.000000000000000000 ) ) ;
#1803 = DIRECTION ( 'NONE',  ( 0.000000000000000000, 0.000000000000000000, -1.000000000000000000 ) ) ;
#1804 = FACE_BOUND ( 'NONE', #1676, .T. ) ;
#1805 = DIRECTION ( 'NONE',  ( -0.000000000000000000, -1.000000000000000000, -0.000000000000000000 ) ) ;
#1806 = DIRECTION ( 'NONE',  ( 0.000000000000000000, 0.000000000000000000, 1.000000000000000000 ) ) ;
#1807 = EDGE_CURVE ( 'NONE', #691, #1820, #279, .T. ) ;
#1808 = ORIENTED_EDGE ( 'NONE', *, *, #1125, .T. ) ;
#1809 = CARTESIAN_POINT ( 'NONE',  ( -43.39200480260813464, 12.69999999999999929, 3.237717996817015997 ) ) ;
#1810 = CARTESIAN_POINT ( 'NONE',  ( -7.147060721024445229E-13, 12.69999999999999929, -41.49999999999989342 ) ) ;
#1811 = ORIENTED_EDGE ( 'NONE', *, *, #1843, .T. ) ;
#1812 = CARTESIAN_POINT ( 'NONE',  ( -5.348888393731845670E-15, 31.49563306904292048, -69.36828039361154197 ) ) ;
#1813 = DIRECTION ( 'NONE',  ( -0.000000000000000000, -0.000000000000000000, 1.000000000000000000 ) ) ;
#1814 = ADVANCED_FACE ( 'NONE', ( #1185 ), #101, .F. ) ;
#1815 = CARTESIAN_POINT ( 'NONE',  ( -86.25000000000000000, 2.773864751887414215, -17.78000000000000114 ) ) ;
#1816 = LINE ( 'NONE', #1199, #14 ) ;
#1817 = DIRECTION ( 'NONE',  ( -0.000000000000000000, -0.000000000000000000, 1.000000000000000000 ) ) ;
#1818 = VERTEX_POINT ( 'NONE', #385 ) ;
#1819 = CIRCLE ( 'NONE', #1300, 48.75000000000000000 ) ;
#1820 = VERTEX_POINT ( 'NONE', #1289 ) ;
#1821 = VECTOR ( 'NONE', #671, 1000.000000000000000 ) ;
#1822 = AXIS2_PLACEMENT_3D ( 'NONE', #1585, #211, #30 ) ;
#1823 = AXIS2_PLACEMENT_3D ( 'NONE', #962, #516, #1412 ) ;
#1824 = CARTESIAN_POINT ( 'NONE',  ( -86.25000000000000000, 31.49563306904290627, 12.84999999999999964 ) ) ;
#1825 = CIRCLE ( 'NONE', #1789, 2.250000000000002220 ) ;
#1826 = FACE_BOUND ( 'NONE', #1906, .T. ) ;
#1827 = CARTESIAN_POINT ( 'NONE',  ( -29.34493141924122028, 0.000000000000000000, 31.59493141924230741 ) ) ;
#1828 = APPLICATION_PROTOCOL_DEFINITION ( 'draft international standard', 'automotive_design', 1998, #106 ) ;
#1829 = VERTEX_POINT ( 'NONE', #227 ) ;
#1830 = EDGE_LOOP ( 'NONE', ( #1888, #1591, #1666, #236 ) ) ;
#1831 = CARTESIAN_POINT ( 'NONE',  ( -45.39200480260814885, 14.08140416793893301, -1.217710075061259722 ) ) ;
#1832 = DIRECTION ( 'NONE',  ( -0.000000000000000000, -1.000000000000000000, -0.000000000000000000 ) ) ;
#1833 = CARTESIAN_POINT ( 'NONE',  ( -73.74999999999998579, 15.62063306904291160, 17.77999999999999758 ) ) ;
#1834 = DIRECTION ( 'NONE',  ( 0.000000000000000000, 0.000000000000000000, -1.000000000000000000 ) ) ;
#1835 = CARTESIAN_POINT ( 'NONE',  ( 29.34493141924122028, 0.000000000000000000, -31.59493141924215465 ) ) ;
#1836 = EDGE_CURVE ( 'NONE', #1324, #1490, #48, .T. ) ;
#1837 = EDGE_LOOP ( 'NONE', ( #1083, #489, #1504, #1877, #1413 ) ) ;
#1838 = CARTESIAN_POINT ( 'NONE',  ( -44.29479884728802119, 12.90804859451048792, 2.510110956459768783 ) ) ;
#1839 = EDGE_CURVE ( 'NONE', #1514, #1875, #890, .T. ) ;
#1840 = ORIENTED_EDGE ( 'NONE', *, *, #1298, .T. ) ;
#1841 = DIRECTION ( 'NONE',  ( -0.000000000000000000, -1.000000000000000000, -0.000000000000000000 ) ) ;
#1842 = CARTESIAN_POINT ( 'NONE',  ( 41.49999999999996447, 12.69999999999999929, -2.250000000000640821 ) ) ;
#1843 = EDGE_CURVE ( 'NONE', #248, #733, #630, .T. ) ;
#1844 = LINE ( 'NONE', #767, #336 ) ;
#1845 = LINE ( 'NONE', #479, #533 ) ;
#1846 = APPLICATION_PROTOCOL_DEFINITION ( 'draft international standard', 'automotive_design', 1998, #728 ) ;
#1847 = ORIENTED_EDGE ( 'NONE', *, *, #292, .T. ) ;
#1848 = DIRECTION ( 'NONE',  ( -0.000000000000000000, 0.000000000000000000, 1.000000000000000000 ) ) ;
#1849 = EDGE_LOOP ( 'NONE', ( #1342, #232, #120, #1410 ) ) ;
#1850 = DIRECTION ( 'NONE',  ( 0.000000000000000000, -5.421010862427521184E-16, 1.000000000000000000 ) ) ;
#1851 = CARTESIAN_POINT ( 'NONE',  ( -44.68402304658068402, 12.69999999999999929, -19.77999999999999758 ) ) ;
#1852 = VECTOR ( 'NONE', #1607, 1000.000000000000000 ) ;
#1853 = CARTESIAN_POINT ( 'NONE',  ( -82.24999999999995737, 0.000000000000000000, 17.77999999999999758 ) ) ;
#1854 = CIRCLE ( 'NONE', #19, 48.75000000000000000 ) ;
#1855 = CARTESIAN_POINT ( 'NONE',  ( -48.68402304658069113, 0.000000000000000000, 17.77999999999999758 ) ) ;
#1856 = VERTEX_POINT ( 'NONE', #863 ) ;
#1857 = EDGE_CURVE ( 'NONE', #907, #269, #1014, .T. ) ;
#1858 = CARTESIAN_POINT ( 'NONE',  ( -43.78700136161996426, 12.73110877362220350, -2.980715217058668820 ) ) ;
#1859 = LINE ( 'NONE', #482, #1788 ) ;
#1860 = EDGE_LOOP ( 'NONE', ( #139, #403, #1090, #562 ) ) ;
#1861 = DIRECTION ( 'NONE',  ( -0.000000000000000000, -1.000000000000000000, -0.000000000000000000 ) ) ;
#1862 = EDGE_CURVE ( 'NONE', #1715, #1820, #878, .T. ) ;
#1863 = CARTESIAN_POINT ( 'NONE',  ( -86.25000000000000000, 31.49563306904290627, -69.36828039361154197 ) ) ;
#1864 = EDGE_CURVE ( 'NONE', #93, #1603, #1000, .T. ) ;
#1865 = CARTESIAN_POINT ( 'NONE',  ( 7.147060721024445229E-13, 12.69999999999999929, 41.50000000000004263 ) ) ;
#1866 = CYLINDRICAL_SURFACE ( 'NONE', #1981, 48.75000000000000000 ) ;
#1867 = EDGE_LOOP ( 'NONE', ( #1475, #1184 ) ) ;
#1868 = CARTESIAN_POINT ( 'NONE',  ( -29.34493141924122028, 12.69999999999999929, 27.09493141924231097 ) ) ;
#1869 = EDGE_CURVE ( 'NONE', #1017, #1122, #983, .T. ) ;
#1870 = ORIENTED_EDGE ( 'NONE', *, *, #146, .F. ) ;
#1871 = LINE ( 'NONE', #1544, #151 ) ;
#1872 = CARTESIAN_POINT ( 'NONE',  ( -76.24999999999998579, 15.62063306904291160, -12.84999999999999964 ) ) ;
#1873 = LINE ( 'NONE', #188, #596 ) ;
#1874 = VERTEX_POINT ( 'NONE', #92 ) ;
#1875 = VERTEX_POINT ( 'NONE', #266 ) ;
#1876 = CARTESIAN_POINT ( 'NONE',  ( 5.970153145843347150E-15, 12.69999999999999929, 48.75000000000000000 ) ) ;
#1877 = ORIENTED_EDGE ( 'NONE', *, *, #1063, .T. ) ;
#1878 = VECTOR ( 'NONE', #1164, 1000.000000000000000 ) ;
#1879 = DIRECTION ( 'NONE',  ( 0.000000000000000000, -1.000000000000000000, 0.000000000000000000 ) ) ;
#1880 = CARTESIAN_POINT ( 'NONE',  ( -45.39200480260813464, 14.67448276718958056, 0.4060494404079960096 ) ) ;
#1881 = AXIS2_PLACEMENT_3D ( 'NONE', #1931, #1778, #1003 ) ;
#1882 =( GEOMETRIC_REPRESENTATION_CONTEXT ( 3 ) GLOBAL_UNCERTAINTY_ASSIGNED_CONTEXT ( ( #81 ) ) GLOBAL_UNIT_ASSIGNED_CONTEXT ( ( #344, #195, #496 ) ) REPRESENTATION_CONTEXT ( 'NONE', 'WORKASPACE' ) );
#1883 = AXIS2_PLACEMENT_3D ( 'NONE', #299, #284, #899 ) ;
#1884 = EDGE_LOOP ( 'NONE', ( #238, #362, #429, #449, #1445, #1275, #946, #1717 ) ) ;
#1885 = CARTESIAN_POINT ( 'NONE',  ( -47.25200480260814118, 29.99563306904288496, 17.77999999999999758 ) ) ;
#1886 = AXIS2_PLACEMENT_3D ( 'NONE', #375, #836, #1481 ) ;
#1887 = ADVANCED_FACE ( 'NONE', ( #1321 ), #1905, .F. ) ;
#1888 = ORIENTED_EDGE ( 'NONE', *, *, #940, .F. ) ;
#1889 = CARTESIAN_POINT ( 'NONE',  ( -29.34493141924122028, 12.69999999999999929, 29.34493141924230741 ) ) ;
#1890 = VERTEX_POINT ( 'NONE', #871 ) ;
#1891 = ADVANCED_FACE ( 'NONE', ( #1936 ), #527, .F. ) ;
#1892 = DIRECTION ( 'NONE',  ( 0.000000000000000000, 1.000000000000000000, 0.000000000000000000 ) ) ;
#1893 = DIRECTION ( 'NONE',  ( -2.203128887327390795E-16, -1.000000000000000000, 0.000000000000000000 ) ) ;
#1894 = ORIENTED_EDGE ( 'NONE', *, *, #112, .T. ) ;
#1895 = DIRECTION ( 'NONE',  ( -0.000000000000000000, 0.000000000000000000, 1.000000000000000000 ) ) ;
#1896 = EDGE_LOOP ( 'NONE', ( #170, #1127, #219, #686 ) ) ;
#1897 = DIRECTION ( 'NONE',  ( 0.000000000000000000, 1.000000000000000000, 0.000000000000000000 ) ) ;
#1898 = EDGE_CURVE ( 'NONE', #1051, #1395, #85, .T. ) ;
#1899 = CARTESIAN_POINT ( 'NONE',  ( -29.34493141924122028, 12.69999999999999929, 29.34493141924230741 ) ) ;
#1900 = ORIENTED_EDGE ( 'NONE', *, *, #1478, .T. ) ;
#1901 = DIRECTION ( 'NONE',  ( -0.000000000000000000, -1.000000000000000000, -0.000000000000000000 ) ) ;
#1902 = CARTESIAN_POINT ( 'NONE',  ( -43.39200480260813464, 14.69999999999999929, -69.36828039361154197 ) ) ;
#1903 = DIRECTION ( 'NONE',  ( 0.000000000000000000, 0.000000000000000000, 1.000000000000000000 ) ) ;
#1904 = EDGE_LOOP ( 'NONE', ( #1790, #396 ) ) ;
#1905 = CYLINDRICAL_SURFACE ( 'NONE', #405, 2.250000000000002220 ) ;
#1906 = EDGE_LOOP ( 'NONE', ( #160, #984 ) ) ;
#1907 = LINE ( 'NONE', #1929, #663 ) ;
#1908 = DIRECTION ( 'NONE',  ( 0.000000000000000000, 0.000000000000000000, -1.000000000000000000 ) ) ;
#1909 = ORIENTED_EDGE ( 'NONE', *, *, #204, .T. ) ;
#1910 = CARTESIAN_POINT ( 'NONE',  ( 7.147060721024445229E-13, 0.000000000000000000, 41.50000000000004263 ) ) ;
#1911 = CYLINDRICAL_SURFACE ( 'NONE', #600, 2.000000000000001776 ) ;
#1912 = VECTOR ( 'NONE', #1786, 1000.000000000000000 ) ;
#1913 = VECTOR ( 'NONE', #755, 1000.000000000000000 ) ;
#1914 = PRODUCT_DEFINITION_CONTEXT ( 'detailed design', #728, 'design' ) ;
#1915 = CYLINDRICAL_SURFACE ( 'NONE', #855, 2.249999999999998668 ) ;
#1916 = DIRECTION ( 'NONE',  ( -0.000000000000000000, 0.000000000000000000, 1.000000000000000000 ) ) ;
#1917 = AXIS2_PLACEMENT_3D ( 'NONE', #830, #1567, #1908 ) ;
#1918 = EDGE_CURVE ( 'NONE', #1785, #1643, #1489, .T. ) ;
#1919 = VERTEX_POINT ( 'NONE', #1783 ) ;
#1920 = VECTOR ( 'NONE', #742, 1000.000000000000000 ) ;
#1921 = CARTESIAN_POINT ( 'NONE',  ( -45.39932752933297877, 12.85084788006405532, 19.00479969446152140 ) ) ;
#1922 = CARTESIAN_POINT ( 'NONE',  ( -45.04678476554359889, 13.57674434153781817, 1.217710075062844899 ) ) ;
#1923 = DIRECTION ( 'NONE',  ( 0.000000000000000000, 0.000000000000000000, -1.000000000000000000 ) ) ;
#1924 = ADVANCED_FACE ( 'NONE', ( #1139 ), #1756, .F. ) ;
#1925 = CARTESIAN_POINT ( 'NONE',  ( -48.68402304658068402, 0.000000000000000000, -22.78000000000000114 ) ) ;
#1926 = DIRECTION ( 'NONE',  ( -0.000000000000000000, -0.000000000000000000, -1.000000000000000000 ) ) ;
#1927 = DIRECTION ( 'NONE',  ( 0.000000000000000000, 0.000000000000000000, -1.000000000000000000 ) ) ;
#1928 = EDGE_LOOP ( 'NONE', ( #414, #1118, #710, #1439 ) ) ;
#1929 = CARTESIAN_POINT ( 'NONE',  ( -86.24999999999998579, -4.188833590285203365E-14, 12.84999999999999964 ) ) ;
#1930 = EDGE_CURVE ( 'NONE', #1560, #191, #568, .T. ) ;
#1931 = CARTESIAN_POINT ( 'NONE',  ( -59.24999999999998579, 15.62063306904291338, -12.84999999999999964 ) ) ;
#1932 = VERTEX_POINT ( 'NONE', #700 ) ;
#1933 = LINE ( 'NONE', #1190, #1949 ) ;
#1934 = LINE ( 'NONE', #1296, #1530 ) ;
#1935 = VERTEX_POINT ( 'NONE', #1313 ) ;
#1936 = FACE_OUTER_BOUND ( 'NONE', #1575, .T. ) ;
#1937 = ORIENTED_EDGE ( 'NONE', *, *, #940, .T. ) ;
#1938 = LINE ( 'NONE', #103, #626 ) ;
#1939 = DIRECTION ( 'NONE',  ( -0.000000000000000000, -1.000000000000000000, -0.000000000000000000 ) ) ;
#1940 = VERTEX_POINT ( 'NONE', #1835 ) ;
#1941 = CARTESIAN_POINT ( 'NONE',  ( -61.74999999999998579, 15.62063306904291338, -48.75000000000000711 ) ) ;
#1942 = CARTESIAN_POINT ( 'NONE',  ( -41.49999999999996447, 0.000000000000000000, 7.910339050454240351E-13 ) ) ;
#1943 = ORIENTED_EDGE ( 'NONE', *, *, #1207, .T. ) ;
#1944 = CARTESIAN_POINT ( 'NONE',  ( -29.34493141924122028, 12.69999999999999929, 27.09493141924231097 ) ) ;
#1945 = CIRCLE ( 'NONE', #1204, 2.500000000000002220 ) ;
#1946 = CIRCLE ( 'NONE', #114, 34.50000000000000711 ) ;
#1947 = ORIENTED_EDGE ( 'NONE', *, *, #494, .F. ) ;
#1948 = CARTESIAN_POINT ( 'NONE',  ( -78.74999999999998579, 15.62063306904291160, 12.84999999999999964 ) ) ;
#1949 = VECTOR ( 'NONE', #1318, 1000.000000000000000 ) ;
#1950 = EDGE_CURVE ( 'NONE', #539, #3, #740, .T. ) ;
#1951 = VECTOR ( 'NONE', #1402, 1000.000000000000000 ) ;
#1952 = CIRCLE ( 'NONE', #1273, 2.500000000000002220 ) ;
#1953 = ORIENTED_EDGE ( 'NONE', *, *, #892, .F. ) ;
#1954 = CARTESIAN_POINT ( 'NONE',  ( -86.25000000000000000, 31.49563306904290627, 16.27999999999999048 ) ) ;
#1955 = DIRECTION ( 'NONE',  ( 0.000000000000000000, 0.000000000000000000, 1.000000000000000000 ) ) ;
#1956 = EDGE_CURVE ( 'NONE', #1163, #454, #52, .T. ) ;
#1957 = CARTESIAN_POINT ( 'NONE',  ( 0.000000000000000000, 0.000000000000000000, 0.000000000000000000 ) ) ;
#1958 = EDGE_LOOP ( 'NONE', ( #1314, #1153, #1112, #1039 ) ) ;
#1959 = EDGE_LOOP ( 'NONE', ( #888, #1779 ) ) ;
#1960 = FACE_BOUND ( 'NONE', #1755, .T. ) ;
#1961 = DIRECTION ( 'NONE',  ( 1.000000000000000000, 0.000000000000000000, 0.000000000000000000 ) ) ;
#1962 = EDGE_CURVE ( 'NONE', #161, #1429, #1595, .T. ) ;
#1963 = VERTEX_POINT ( 'NONE', #1967 ) ;
#1964 = DIRECTION ( 'NONE',  ( -0.000000000000000000, -1.000000000000000000, -0.000000000000000000 ) ) ;
#1965 = FACE_BOUND ( 'NONE', #1147, .T. ) ;
#1966 = CARTESIAN_POINT ( 'NONE',  ( 0.000000000000000000, 12.69999999999999929, -48.75000000000000000 ) ) ;
#1967 = CARTESIAN_POINT ( 'NONE',  ( -48.75200480260815539, 31.49563306904291338, 12.84999999999999964 ) ) ;
#1968 = ORIENTED_EDGE ( 'NONE', *, *, #1991, .T. ) ;
#1969 = PLANE ( 'NONE',  #569 ) ;
#1970 = CARTESIAN_POINT ( 'NONE',  ( 29.34493141924122028, 12.69999999999999929, -27.09493141924215820 ) ) ;
#1971 = ORIENTED_EDGE ( 'NONE', *, *, #1918, .F. ) ;
#1972 = CARTESIAN_POINT ( 'NONE',  ( -29.34493141924223281, 12.69999999999999929, -31.59493141924114212 ) ) ;
#1973 = CARTESIAN_POINT ( 'NONE',  ( -44.68402304658068402, 12.69999999999999929, 19.77999999999999758 ) ) ;
#1974 = FACE_BOUND ( 'NONE', #1904, .T. ) ;
#1975 = CARTESIAN_POINT ( 'NONE',  ( 4.225031457058369711E-15, 12.69999999999999929, 34.50000000000000711 ) ) ;
#1976 = ORIENTED_EDGE ( 'NONE', *, *, #841, .F. ) ;
#1977 = CARTESIAN_POINT ( 'NONE',  ( -44.13846481723162185, 12.83572012280431629, 2.674682432260460097 ) ) ;
#1978 = AXIS2_PLACEMENT_3D ( 'NONE', #623, #185, #1228 ) ;
#1979 = VERTEX_POINT ( 'NONE', #578 ) ;
#1980 = CIRCLE ( 'NONE', #16, 2.250000000000001776 ) ;
#1981 = AXIS2_PLACEMENT_3D ( 'NONE', #359, #824, #968 ) ;
#1982 = AXIS2_PLACEMENT_3D ( 'NONE', #558, #1916, #84 ) ;
#1983 = CARTESIAN_POINT ( 'NONE',  ( -45.39200480260814174, 14.12169466344420066, 0.2120806803207596625 ) ) ;
#1984 = CYLINDRICAL_SURFACE ( 'NONE', #1727, 2.500000000000002220 ) ;
#1985 = DIRECTION ( 'NONE',  ( 0.000000000000000000, 1.000000000000000000, 0.000000000000000000 ) ) ;
#1986 = ADVANCED_FACE ( 'NONE', ( #1361 ), #889, .F. ) ;
#1987 = CARTESIAN_POINT ( 'NONE',  ( -86.25000000000000000, 31.49563306904290627, -16.28000000000000114 ) ) ;
#1988 = ORIENTED_EDGE ( 'NONE', *, *, #432, .T. ) ;
#1989 = CARTESIAN_POINT ( 'NONE',  ( -44.15527671666621501, 0.000000000000000000, 20.66093023255814032 ) ) ;
#1990 = ORIENTED_EDGE ( 'NONE', *, *, #1420, .T. ) ;
#1991 = EDGE_CURVE ( 'NONE', #255, #420, #448, .T. ) ;
#1992 = CARTESIAN_POINT ( 'NONE',  ( -45.39200480260813464, 14.09995413754981897, 1.034564136530258027 ) ) ;
#1993 = ORIENTED_EDGE ( 'NONE', *, *, #26, .F. ) ;
#1994 = CARTESIAN_POINT ( 'NONE',  ( -43.39200480260813464, 12.69999999999999929, 3.237717996817015997 ) ) ;
#1995 = CYLINDRICAL_SURFACE ( 'NONE', #208, 2.000000000000001776 ) ;
#1996 = DIRECTION ( 'NONE',  ( -0.000000000000000000, -1.000000000000000000, -0.000000000000000000 ) ) ;
ENDSEC;
END-ISO-10303-21;
