ISO-10303-21;
HEADER;
FILE_DESCRIPTION (( 'STEP AP214' ),
    '1' );
FILE_NAME ('Flange_Ring_Block.STEP',
    '2026-08-19T03:44:45',
    ( '' ),
    ( '' ),
    'SwSTEP 2.0',
    'SolidWorks 2025',
    '' );
FILE_SCHEMA (( 'AUTOMOTIVE_DESIGN' ));
ENDSEC;

DATA;
#1 = ORIENTED_EDGE ( 'NONE', *, *, #441, .F. ) ;
#2 = AXIS2_PLACEMENT_3D ( 'NONE', #197, #292, #521 ) ;
#3 = VECTOR ( 'NONE', #1314, 1000.000000000000000 ) ;
#4 = DIRECTION ( 'NONE',  ( -1.200876085496229763E-16, 0.7071067811865434649, -0.7071067811865515695 ) ) ;
#5 = CARTESIAN_POINT ( 'NONE',  ( -45.39200480260813464, 28.13563306904285355, -12.84999999999999964 ) ) ;
#6 = ORIENTED_EDGE ( 'NONE', *, *, #871, .T. ) ;
#7 = ORIENTED_EDGE ( 'NONE', *, *, #535, .F. ) ;
#8 = CARTESIAN_POINT ( 'NONE',  ( 0.000000000000000000, 0.000000000000000000, 9.375000000000000000 ) ) ;
#9 = ORIENTED_EDGE ( 'NONE', *, *, #174, .T. ) ;
#10 = CARTESIAN_POINT ( 'NONE',  ( -31.50133653507218057, 14.24496480150675559, 33.53066826753590846 ) ) ;
#11 = ORIENTED_EDGE ( 'NONE', *, *, #298, .F. ) ;
#12 = ORIENTED_EDGE ( 'NONE', *, *, #1021, .T. ) ;
#13 = CARTESIAN_POINT ( 'NONE',  ( -48.74999999999997868, 1.320633069042912444, 10.97499999999999964 ) ) ;
#14 = EDGE_CURVE ( 'NONE', #328, #932, #97, .T. ) ;
#15 = ORIENTED_EDGE ( 'NONE', *, *, #108, .T. ) ;
#16 = DIRECTION ( 'NONE',  ( -1.000000000000000000, -1.850371707708594316E-16, 0.000000000000000000 ) ) ;
#17 = VERTEX_POINT ( 'NONE', #875 ) ;
#18 = FACE_OUTER_BOUND ( 'NONE', #779, .T. ) ;
#19 = ORIENTED_EDGE ( 'NONE', *, *, #76, .F. ) ;
#20 = AXIS2_PLACEMENT_3D ( 'NONE', #437, #1285, #860 ) ;
#21 = CARTESIAN_POINT ( 'NONE',  ( -84.74999999999997158, 1.733665469929631442, -17.78000000000000114 ) ) ;
#22 = VECTOR ( 'NONE', #1190, 1000.000000000000000 ) ;
#23 = ORIENTED_EDGE ( 'NONE', *, *, #347, .T. ) ;
#24 = ADVANCED_FACE ( 'NONE', ( #751 ), #124, .T. ) ;
#25 = CARTESIAN_POINT ( 'NONE',  ( -84.15439431936152914, 1.320633069042912444, -10.97499999999999964 ) ) ;
#26 = PRODUCT ( 'Flange_Ring_Block', 'Flange_Ring_Block', '', ( #198 ) ) ;
#27 = DIRECTION ( 'NONE',  ( 1.000000000000000000, -0.000000000000000000, -0.000000000000000000 ) ) ;
#28 = CARTESIAN_POINT ( 'NONE',  ( -86.24999999999998579, 2.920633069042912755, -9.375000000000000000 ) ) ;
#29 = ORIENTED_EDGE ( 'NONE', *, *, #1331, .T. ) ;
#30 = CARTESIAN_POINT ( 'NONE',  ( -59.24999999999998579, 15.62063306904291338, -48.75000000000000711 ) ) ;
#31 = VERTEX_POINT ( 'NONE', #555 ) ;
#32 = CARTESIAN_POINT ( 'NONE',  ( -85.00019682114161412, 1.907168505729419872, 9.461584590956791274 ) ) ;
#33 = LINE ( 'NONE', #1327, #341 ) ;
#34 = ADVANCED_FACE ( 'NONE', ( #975 ), #1087, .F. ) ;
#35 = VERTEX_POINT ( 'NONE', #866 ) ;
#36 = LINE ( 'NONE', #1084, #813 ) ;
#37 = EDGE_LOOP ( 'NONE', ( #635, #915, #625, #991 ) ) ;
#38 = CARTESIAN_POINT ( 'NONE',  ( -61.74999999999998579, 15.62063306904291338, 9.375000000000001776 ) ) ;
#39 = CARTESIAN_POINT ( 'NONE',  ( -59.24999999999998579, 15.62063306904291338, -9.375000000000001776 ) ) ;
#40 = CYLINDRICAL_SURFACE ( 'NONE', #146, 2.500000000000002220 ) ;
#41 = ORIENTED_EDGE ( 'NONE', *, *, #390, .F. ) ;
#42 = EDGE_CURVE ( 'NONE', #1032, #566, #641, .T. ) ;
#43 = DIRECTION ( 'NONE',  ( 1.000000000000000000, 0.000000000000000000, 0.000000000000000000 ) ) ;
#44 = AXIS2_PLACEMENT_3D ( 'NONE', #1242, #1023, #1367 ) ;
#45 = AXIS2_PLACEMENT_3D ( 'NONE', #338, #1295, #1071 ) ;
#46 = CARTESIAN_POINT ( 'NONE',  ( -48.74999999999997868, 1.320633069042912444, -10.97499999999999964 ) ) ;
#47 = AXIS2_PLACEMENT_3D ( 'NONE', #531, #1088, #93 ) ;
#48 = VECTOR ( 'NONE', #1194, 1000.000000000000114 ) ;
#49 = CARTESIAN_POINT ( 'NONE',  ( -5.263179665159090884E-15, 28.17063306904291764, 7.375000000000000000 ) ) ;
#50 = DIRECTION ( 'NONE',  ( 0.000000000000000000, 0.000000000000000000, -1.000000000000000000 ) ) ;
#51 = ORIENTED_EDGE ( 'NONE', *, *, #407, .F. ) ;
#52 = FACE_OUTER_BOUND ( 'NONE', #832, .T. ) ;
#53 = DIRECTION ( 'NONE',  ( -0.000000000000000000, -0.000000000000000000, 1.000000000000000000 ) ) ;
#54 = LINE ( 'NONE', #490, #1346 ) ;
#55 = CARTESIAN_POINT ( 'NONE',  ( -76.24999999999998579, 15.62063306904291160, 17.77999999999999758 ) ) ;
#56 = ORIENTED_EDGE ( 'NONE', *, *, #673, .T. ) ;
#57 = CARTESIAN_POINT ( 'NONE',  ( -82.24999999999995737, 0.000000000000000000, 0.000000000000000000 ) ) ;
#58 = LINE ( 'NONE', #835, #1149 ) ;
#59 = EDGE_CURVE ( 'NONE', #1095, #1197, #1068, .T. ) ;
#60 = DIRECTION ( 'NONE',  ( -0.7071067811865439090, 0.7071067811865512365, -0.000000000000000000 ) ) ;
#61 = ADVANCED_BREP_SHAPE_REPRESENTATION ( 'Flange_Ring_Block', ( #219, #884 ), #712 ) ;
#62 = ORIENTED_EDGE ( 'NONE', *, *, #180, .T. ) ;
#63 = ORIENTED_EDGE ( 'NONE', *, *, #784, .F. ) ;
#64 = LINE ( 'NONE', #57, #412 ) ;
#65 = CARTESIAN_POINT ( 'NONE',  ( -48.74999999999997868, 0.000000000000000000, 9.375000000000000000 ) ) ;
#66 = AXIS2_PLACEMENT_3D ( 'NONE', #411, #277, #829 ) ;
#67 = EDGE_CURVE ( 'NONE', #1155, #70, #789, .T. ) ;
#68 = CARTESIAN_POINT ( 'NONE',  ( -84.74999999999997158, -44.55899652763844898, -17.78000000000000114 ) ) ;
#69 = VECTOR ( 'NONE', #312, 1000.000000000000000 ) ;
#70 = VERTEX_POINT ( 'NONE', #348 ) ;
#71 = ORIENTED_EDGE ( 'NONE', *, *, #120, .T. ) ;
#72 = CARTESIAN_POINT ( 'NONE',  ( -5.843414506347758497, -52.98538357822811662, 17.77999999999999758 ) ) ;
#73 = DIRECTION ( 'NONE',  ( -0.000000000000000000, -0.000000000000000000, 1.000000000000000000 ) ) ;
#74 = DIRECTION ( 'NONE',  ( 0.6348860389589391362, -0.4402720012334018218, -0.6348860389589331410 ) ) ;
#75 = ORIENTED_EDGE ( 'NONE', *, *, #223, .F. ) ;
#76 = EDGE_CURVE ( 'NONE', #122, #86, #849, .T. ) ;
#77 = ORIENTED_EDGE ( 'NONE', *, *, #399, .F. ) ;
#78 = CARTESIAN_POINT ( 'NONE',  ( -47.25200480260815539, 29.99563306904289561, -17.78000000000000114 ) ) ;
#79 = PLANE ( 'NONE',  #206 ) ;
#80 = LINE ( 'NONE', #176, #723 ) ;
#81 = ORIENTED_EDGE ( 'NONE', *, *, #479, .T. ) ;
#82 = EDGE_CURVE ( 'NONE', #1118, #914, #1062, .T. ) ;
#83 = ORIENTED_EDGE ( 'NONE', *, *, #1294, .F. ) ;
#84 = DIRECTION ( 'NONE',  ( 0.000000000000000000, 0.000000000000000000, -1.000000000000000000 ) ) ;
#85 = CARTESIAN_POINT ( 'NONE',  ( 0.000000000000000000, 0.000000000000000000, 0.000000000000000000 ) ) ;
#86 = VERTEX_POINT ( 'NONE', #856 ) ;
#87 = DIRECTION ( 'NONE',  ( -1.000000000000000000, -1.850371707708594316E-16, -0.000000000000000000 ) ) ;
#88 = VECTOR ( 'NONE', #27, 1000.000000000000000 ) ;
#89 = AXIS2_PLACEMENT_3D ( 'NONE', #967, #749, #1380 ) ;
#90 = VERTEX_POINT ( 'NONE', #1286 ) ;
#91 = AXIS2_PLACEMENT_3D ( 'NONE', #173, #704, #1152 ) ;
#92 = ORIENTED_EDGE ( 'NONE', *, *, #533, .F. ) ;
#93 = DIRECTION ( 'NONE',  ( 1.000000000000000000, 0.000000000000000000, 0.000000000000000000 ) ) ;
#94 = EDGE_CURVE ( 'NONE', #304, #1230, #1054, .T. ) ;
#95 = DIRECTION ( 'NONE',  ( 0.000000000000000000, -0.000000000000000000, 1.000000000000000000 ) ) ;
#96 = CARTESIAN_POINT ( 'NONE',  ( -85.00019682114161412, 1.907168505729419872, 12.76341540904320837 ) ) ;
#97 = LINE ( 'NONE', #634, #227 ) ;
#98 = ORIENTED_EDGE ( 'NONE', *, *, #559, .T. ) ;
#99 = CYLINDRICAL_SURFACE ( 'NONE', #544, 2.500000000000002220 ) ;
#100 = CARTESIAN_POINT ( 'NONE',  ( -1.266157730738332612E-14, 29.99563306904290272, -17.78000000000000114 ) ) ;
#101 = EDGE_CURVE ( 'NONE', #187, #1351, #163, .T. ) ;
#102 = CARTESIAN_POINT ( 'NONE',  ( -48.74999999999997868, 31.49362826643473667, -12.84999999999999964 ) ) ;
#103 = PRODUCT_DEFINITION_SHAPE ( 'NONE', 'NONE',  #824 ) ;
#104 = ORIENTED_EDGE ( 'NONE', *, *, #885, .T. ) ;
#105 = VERTEX_POINT ( 'NONE', #263 ) ;
#106 = CARTESIAN_POINT ( 'NONE',  ( -48.75200480260815539, 31.49563306904291338, 16.27999999999999048 ) ) ;
#107 = DIRECTION ( 'NONE',  ( 4.856618655403135597E-16, -1.000000000000000000, 0.000000000000000000 ) ) ;
#108 = EDGE_CURVE ( 'NONE', #657, #105, #1002, .T. ) ;
#109 = DIRECTION ( 'NONE',  ( -1.850371707708592837E-16, 1.000000000000000000, 0.000000000000000000 ) ) ;
#110 = AXIS2_PLACEMENT_3D ( 'NONE', #445, #1199, #1173 ) ;
#111 = VECTOR ( 'NONE', #843, 1000.000000000000000 ) ;
#112 = ORIENTED_EDGE ( 'NONE', *, *, #995, .F. ) ;
#113 = AXIS2_PLACEMENT_3D ( 'NONE', #1297, #745, #636 ) ;
#114 = CIRCLE ( 'NONE', #113, 2.500000000000002220 ) ;
#115 = CARTESIAN_POINT ( 'NONE',  ( -5.348888393731845670E-15, 31.49563306904292048, -69.36828039361154197 ) ) ;
#116 = ORIENTED_EDGE ( 'NONE', *, *, #639, .F. ) ;
#117 = DIRECTION ( 'NONE',  ( 1.000000000000000000, 0.000000000000000000, 0.000000000000000000 ) ) ;
#118 = ORIENTED_EDGE ( 'NONE', *, *, #865, .F. ) ;
#119 = VERTEX_POINT ( 'NONE', #1103 ) ;
#120 = EDGE_CURVE ( 'NONE', #1053, #328, #698, .T. ) ;
#121 = CARTESIAN_POINT ( 'NONE',  ( -59.24999999999998579, 15.62063306904291338, -48.75000000000000711 ) ) ;
#122 = VERTEX_POINT ( 'NONE', #466 ) ;
#123 = FACE_OUTER_BOUND ( 'NONE', #1073, .T. ) ;
#124 = CYLINDRICAL_SURFACE ( 'NONE', #364, 2.000000000000001776 ) ;
#125 = DIRECTION ( 'NONE',  ( 0.000000000000000000, 0.000000000000000000, -1.000000000000000000 ) ) ;
#126 = EDGE_LOOP ( 'NONE', ( #804, #1046, #791, #116 ) ) ;
#127 = EDGE_CURVE ( 'NONE', #566, #496, #584, .T. ) ;
#128 = CARTESIAN_POINT ( 'NONE',  ( -84.15439431936148651, 1.320633069042912444, -12.12036579747921650 ) ) ;
#129 = ORIENTED_EDGE ( 'NONE', *, *, #435, .F. ) ;
#130 = CARTESIAN_POINT ( 'NONE',  ( -84.15439431936152914, 1.320633069042912444, 10.97499999999999964 ) ) ;
#131 = DIRECTION ( 'NONE',  ( -1.000000000000000000, 0.000000000000000000, -0.000000000000000000 ) ) ;
#132 =( BOUNDED_CURVE ( )  B_SPLINE_CURVE ( 3, ( #974, #96, #534, #960 ),
 .UNSPECIFIED., .F., .T. ) 
 B_SPLINE_CURVE_WITH_KNOTS ( ( 4, 4 ),
 ( 4.804248311043433084, 6.283185307179586232 ),
 .UNSPECIFIED. ) 
 CURVE ( )  GEOMETRIC_REPRESENTATION_ITEM ( )  RATIONAL_B_SPLINE_CURVE ( ( 1.000000000000000000, 0.8258845598225592610, 0.8258845598225592610, 1.000000000000000000 ) ) 
 REPRESENTATION_ITEM ( '' )  );
#133 = CARTESIAN_POINT ( 'NONE',  ( 0.000000000000000000, 0.000000000000000000, 12.84999999999999964 ) ) ;
#134 = ORIENTED_EDGE ( 'NONE', *, *, #441, .T. ) ;
#135 = CIRCLE ( 'NONE', #680, 2.500000000000002220 ) ;
#136 = DIRECTION ( 'NONE',  ( 1.000000000000000000, -0.000000000000000000, 0.000000000000000000 ) ) ;
#137 = EDGE_CURVE ( 'NONE', #1280, #672, #693, .T. ) ;
#138 = AXIS2_PLACEMENT_3D ( 'NONE', #638, #643, #222 ) ;
#139 = ORIENTED_EDGE ( 'NONE', *, *, #42, .F. ) ;
#140 = FACE_OUTER_BOUND ( 'NONE', #798, .T. ) ;
#141 = ADVANCED_FACE ( 'NONE', ( #268 ), #142, .F. ) ;
#142 = CYLINDRICAL_SURFACE ( 'NONE', #296, 2.500000000000002220 ) ;
#143 = CARTESIAN_POINT ( 'NONE',  ( -59.24999999999998579, 15.62063306904291338, -17.78000000000000114 ) ) ;
#144 = ORIENTED_EDGE ( 'NONE', *, *, #893, .F. ) ;
#145 = DIRECTION ( 'NONE',  ( 1.000000000000000000, 0.000000000000000000, 0.000000000000000000 ) ) ;
#146 = AXIS2_PLACEMENT_3D ( 'NONE', #485, #907, #1335 ) ;
#147 = ORIENTED_EDGE ( 'NONE', *, *, #331, .F. ) ;
#148 = CARTESIAN_POINT ( 'NONE',  ( -84.15439431936152914, 1.320633069042912444, -10.10463420252078315 ) ) ;
#149 = EDGE_CURVE ( 'NONE', #710, #668, #33, .T. ) ;
#150 = CARTESIAN_POINT ( 'NONE',  ( -76.24999999999998579, 15.62063306904291160, -17.78000000000000114 ) ) ;
#151 = DIRECTION ( 'NONE',  ( 0.000000000000000000, 1.000000000000000000, -0.000000000000000000 ) ) ;
#152 = ORIENTED_EDGE ( 'NONE', *, *, #323, .T. ) ;
#153 = CARTESIAN_POINT ( 'NONE',  ( -45.39200480260813464, 0.000000000000000000, -17.78000000000000469 ) ) ;
#154 = CARTESIAN_POINT ( 'NONE',  ( -86.25000000000000000, 2.773864751887414215, -12.84325423617178608 ) ) ;
#155 = CARTESIAN_POINT ( 'NONE',  ( -45.39200480260813464, 28.13563306904285355, 12.84999999999999964 ) ) ;
#156 = CARTESIAN_POINT ( 'NONE',  ( -4.842539900377994549E-15, 26.17063306904291764, -9.375000000000000000 ) ) ;
#157 = ADVANCED_FACE ( 'NONE', ( #802 ), #578, .F. ) ;
#158 = VERTEX_POINT ( 'NONE', #1310 ) ;
#159 = DIRECTION ( 'NONE',  ( -0.7071067811865410224, 0.000000000000000000, 0.7071067811865541231 ) ) ;
#160 = CIRCLE ( 'NONE', #342, 2.500000000000002220 ) ;
#161 = LINE ( 'NONE', #46, #565 ) ;
#162 = AXIS2_PLACEMENT_3D ( 'NONE', #1050, #847, #216 ) ;
#163 = LINE ( 'NONE', #1115, #629 ) ;
#164 = DIRECTION ( 'NONE',  ( 0.000000000000000000, 0.000000000000000000, -1.000000000000000000 ) ) ;
#165 = ORIENTED_EDGE ( 'NONE', *, *, #1039, .F. ) ;
#166 = EDGE_CURVE ( 'NONE', #811, #329, #670, .T. ) ;
#167 = PLANE ( 'NONE',  #480 ) ;
#168 = DIRECTION ( 'NONE',  ( -0.000000000000000000, 0.000000000000000000, 1.000000000000000000 ) ) ;
#169 = CIRCLE ( 'NONE', #756, 2.000000000000000000 ) ;
#170 = DIRECTION ( 'NONE',  ( 1.000000000000000000, 0.000000000000000000, 0.000000000000000000 ) ) ;
#171 = EDGE_LOOP ( 'NONE', ( #265, #619, #129, #371, #830, #104 ) ) ;
#172 = ORIENTED_EDGE ( 'NONE', *, *, #1338, .F. ) ;
#173 = CARTESIAN_POINT ( 'NONE',  ( 0.000000000000000000, 1.320633069042912444, 0.000000000000000000 ) ) ;
#174 = EDGE_CURVE ( 'NONE', #329, #86, #408, .T. ) ;
#175 = DIRECTION ( 'NONE',  ( 0.000000000000000000, 0.000000000000000000, 1.000000000000000000 ) ) ;
#176 = CARTESIAN_POINT ( 'NONE',  ( -78.74999999999998579, 15.62063306904291160, -48.75000000000000711 ) ) ;
#177 = VERTEX_POINT ( 'NONE', #1017 ) ;
#178 = ORIENTED_EDGE ( 'NONE', *, *, #1209, .F. ) ;
#179 = FACE_OUTER_BOUND ( 'NONE', #863, .T. ) ;
#180 = EDGE_CURVE ( 'NONE', #1040, #566, #54, .T. ) ;
#181 = CARTESIAN_POINT ( 'NONE',  ( -48.75200480260815539, 31.49563306904291338, -69.36828039361154197 ) ) ;
#182 = CIRCLE ( 'NONE', #518, 2.500000000000002220 ) ;
#183 = EDGE_CURVE ( 'NONE', #258, #35, #890, .T. ) ;
#184 = CARTESIAN_POINT ( 'NONE',  ( -61.74999999999998579, 15.62063306904291338, 12.84999999999999964 ) ) ;
#185 = VECTOR ( 'NONE', #685, 1000.000000000000000 ) ;
#186 = AXIS2_PLACEMENT_3D ( 'NONE', #711, #725, #189 ) ;
#187 = VERTEX_POINT ( 'NONE', #687 ) ;
#188 = ORIENTED_EDGE ( 'NONE', *, *, #709, .F. ) ;
#189 = DIRECTION ( 'NONE',  ( 0.000000000000000000, 0.000000000000000000, -1.000000000000000000 ) ) ;
#190 = CARTESIAN_POINT ( 'NONE',  ( -47.25200480260814118, 29.99563306904288496, 17.77999999999999758 ) ) ;
#191 = LINE ( 'NONE', #618, #831 ) ;
#192 = EDGE_CURVE ( 'NONE', #119, #870, #1317, .T. ) ;
#193 = EDGE_LOOP ( 'NONE', ( #545, #1112 ) ) ;
#194 = ORIENTED_EDGE ( 'NONE', *, *, #270, .T. ) ;
#195 = CARTESIAN_POINT ( 'NONE',  ( -73.74999999999998579, 15.62063306904291160, -17.78000000000000114 ) ) ;
#196 = DIRECTION ( 'NONE',  ( 1.000000000000000000, 0.000000000000000000, 0.000000000000000000 ) ) ;
#197 = CARTESIAN_POINT ( 'NONE',  ( -86.25000000000000000, 2.920633069042912755, -11.25000000000000000 ) ) ;
#198 = PRODUCT_CONTEXT ( 'NONE', #1128, 'mechanical' ) ;
#199 = ORIENTED_EDGE ( 'NONE', *, *, #127, .F. ) ;
#200 = EDGE_CURVE ( 'NONE', #657, #177, #381, .T. ) ;
#201 = ORIENTED_EDGE ( 'NONE', *, *, #217, .F. ) ;
#202 = DIRECTION ( 'NONE',  ( -0.000000000000000000, 0.000000000000000000, 1.000000000000000000 ) ) ;
#203 = CARTESIAN_POINT ( 'NONE',  ( -45.39200480260813464, 28.13563306904285355, 17.77999999999999758 ) ) ;
#204 = DIRECTION ( 'NONE',  ( 1.000000000000000000, 1.698295246838290135E-16, 0.000000000000000000 ) ) ;
#205 = AXIS2_PLACEMENT_3D ( 'NONE', #39, #1122, #1334 ) ;
#206 = AXIS2_PLACEMENT_3D ( 'NONE', #275, #395, #705 ) ;
#207 = ORIENTED_EDGE ( 'NONE', *, *, #1227, .F. ) ;
#208 = CIRCLE ( 'NONE', #703, 1.600000000000000755 ) ;
#209 = ORIENTED_EDGE ( 'NONE', *, *, #984, .F. ) ;
#210 = CARTESIAN_POINT ( 'NONE',  ( -78.74999999999998579, 15.62063306904291160, 12.84999999999999964 ) ) ;
#211 = EDGE_CURVE ( 'NONE', #732, #1280, #182, .T. ) ;
#212 = CARTESIAN_POINT ( 'NONE',  ( -48.74999999999997868, 0.000000000000000000, -9.375000000000000000 ) ) ;
#213 = PLANE ( 'NONE',  #1235 ) ;
#214 = ORIENTED_EDGE ( 'NONE', *, *, #857, .F. ) ;
#215 = ORIENTED_EDGE ( 'NONE', *, *, #1288, .F. ) ;
#216 = DIRECTION ( 'NONE',  ( 0.000000000000000000, 0.000000000000000000, -1.000000000000000000 ) ) ;
#217 = EDGE_CURVE ( 'NONE', #596, #601, #1216, .T. ) ;
#218 = DIRECTION ( 'NONE',  ( 0.000000000000000000, 0.000000000000000000, -1.000000000000000000 ) ) ;
#219 = MANIFOLD_SOLID_BREP ( 'Cut-Extrude23', #1031 ) ;
#220 = ORIENTED_EDGE ( 'NONE', *, *, #517, .T. ) ;
#221 = ORIENTED_EDGE ( 'NONE', *, *, #1184, .F. ) ;
#222 = DIRECTION ( 'NONE',  ( 0.000000000000000000, 0.000000000000000000, -1.000000000000000000 ) ) ;
#223 = EDGE_CURVE ( 'NONE', #70, #1155, #250, .T. ) ;
#224 = DIRECTION ( 'NONE',  ( -1.000000000000000000, 0.000000000000000000, 0.000000000000000000 ) ) ;
#225 = EDGE_CURVE ( 'NONE', #90, #35, #1368, .T. ) ;
#226 = EDGE_LOOP ( 'NONE', ( #551, #758, #165, #438, #15 ) ) ;
#227 = VECTOR ( 'NONE', #1387, 1000.000000000000000 ) ;
#228 = EDGE_LOOP ( 'NONE', ( #139, #244, #41, #62 ) ) ;
#229 = VECTOR ( 'NONE', #1384, 1000.000000000000000 ) ;
#230 = AXIS2_PLACEMENT_3D ( 'NONE', #235, #1262, #125 ) ;
#231 = LINE ( 'NONE', #842, #750 ) ;
#232 = ORIENTED_EDGE ( 'NONE', *, *, #399, .T. ) ;
#233 = CARTESIAN_POINT ( 'NONE',  ( -86.25000000000000000, 26.17063306904289988, -9.375000000000000000 ) ) ;
#234 = VERTEX_POINT ( 'NONE', #1045 ) ;
#235 = CARTESIAN_POINT ( 'NONE',  ( -48.74999999999997868, 2.920633069042912755, 11.25000000000000000 ) ) ;
#236 = ADVANCED_FACE ( 'NONE', ( #495 ), #599, .F. ) ;
#237 = ORIENTED_EDGE ( 'NONE', *, *, #459, .T. ) ;
#238 = LINE ( 'NONE', #793, #322 ) ;
#239 = ORIENTED_EDGE ( 'NONE', *, *, #639, .T. ) ;
#240 = FACE_OUTER_BOUND ( 'NONE', #949, .T. ) ;
#241 = CARTESIAN_POINT ( 'NONE',  ( -5.348888393731845670E-15, 31.49563306904292048, 16.27999999999999048 ) ) ;
#242 = DIRECTION ( 'NONE',  ( 1.000000000000000000, 0.000000000000000000, 0.000000000000000000 ) ) ;
#243 = EDGE_CURVE ( 'NONE', #744, #31, #1154, .T. ) ;
#244 = ORIENTED_EDGE ( 'NONE', *, *, #533, .T. ) ;
#245 = CARTESIAN_POINT ( 'NONE',  ( -5.827862834732820190E-15, 31.49563306904292048, -12.84999999999999964 ) ) ;
#246 = ORIENTED_EDGE ( 'NONE', *, *, #1021, .F. ) ;
#247 = LINE ( 'NONE', #1109, #1124 ) ;
#248 = CARTESIAN_POINT ( 'NONE',  ( -61.74999999999998579, 15.62063306904291338, -48.75000000000000711 ) ) ;
#249 = VERTEX_POINT ( 'NONE', #1131 ) ;
#250 = CIRCLE ( 'NONE', #1098, 2.500000000000002220 ) ;
#251 = LINE ( 'NONE', #344, #923 ) ;
#252 = ADVANCED_FACE ( 'NONE', ( #935 ), #816, .F. ) ;
#253 = CIRCLE ( 'NONE', #900, 2.500000000000002220 ) ;
#254 = ORIENTED_EDGE ( 'NONE', *, *, #479, .F. ) ;
#255 = CARTESIAN_POINT ( 'NONE',  ( -86.25000000000000000, 2.773864751887414215, 9.381745763828215345 ) ) ;
#256 = DIRECTION ( 'NONE',  ( -1.000000000000000000, -1.850371707708594316E-16, 0.000000000000000000 ) ) ;
#257 =( NAMED_UNIT ( * ) SI_UNIT ( $, .STERADIAN. ) SOLID_ANGLE_UNIT ( ) );
#258 = VERTEX_POINT ( 'NONE', #184 ) ;
#259 = CARTESIAN_POINT ( 'NONE',  ( -86.24999999999998579, 2.920633069042912755, 9.375000000000000000 ) ) ;
#260 = AXIS2_PLACEMENT_3D ( 'NONE', #891, #1132, #362 ) ;
#261 = EDGE_CURVE ( 'NONE', #17, #1165, #1052, .T. ) ;
#262 = CARTESIAN_POINT ( 'NONE',  ( -48.74999999999997868, 2.920633069042912755, -12.84999999999999964 ) ) ;
#263 = CARTESIAN_POINT ( 'NONE',  ( -48.74999999999997868, 31.49362826643473667, 12.84999999999999964 ) ) ;
#264 = CARTESIAN_POINT ( 'NONE',  ( -48.74999999999997868, 26.17063306904290698, -9.375000000000000000 ) ) ;
#265 = ORIENTED_EDGE ( 'NONE', *, *, #101, .T. ) ;
#266 = FACE_OUTER_BOUND ( 'NONE', #1272, .T. ) ;
#267 = CARTESIAN_POINT ( 'NONE',  ( -86.24999999999998579, -4.188833590285203365E-14, 9.375000000000000000 ) ) ;
#268 = FACE_OUTER_BOUND ( 'NONE', #1245, .T. ) ;
#269 = CARTESIAN_POINT ( 'NONE',  ( -61.74999999999998579, 15.62063306904291338, -17.78000000000000114 ) ) ;
#270 = EDGE_CURVE ( 'NONE', #86, #1167, #714, .T. ) ;
#271 = ORIENTED_EDGE ( 'NONE', *, *, #1202, .T. ) ;
#272 = DIRECTION ( 'NONE',  ( 0.000000000000000000, 0.000000000000000000, -1.000000000000000000 ) ) ;
#273 = PRESENTATION_LAYER_ASSIGNMENT (  '', '', ( #1146 ) ) ;
#274 = VECTOR ( 'NONE', #512, 1000.000000000000000 ) ;
#275 = CARTESIAN_POINT ( 'NONE',  ( -5.348888393731845670E-15, 31.49563306904292048, -69.36828039361154197 ) ) ;
#276 = AXIS2_PLACEMENT_3D ( 'NONE', #289, #1043, #1365 ) ;
#277 = DIRECTION ( 'NONE',  ( -0.000000000000000000, -0.000000000000000000, 1.000000000000000000 ) ) ;
#278 = LINE ( 'NONE', #797, #1333 ) ;
#279 = VERTEX_POINT ( 'NONE', #1139 ) ;
#280 = EDGE_CURVE ( 'NONE', #234, #932, #191, .T. ) ;
#281 = ORIENTED_EDGE ( 'NONE', *, *, #1184, .T. ) ;
#282 = CARTESIAN_POINT ( 'NONE',  ( -86.24999999999998579, -4.188833590285203365E-14, 12.84999999999999964 ) ) ;
#283 = DIRECTION ( 'NONE',  ( 0.000000000000000000, 0.000000000000000000, -1.000000000000000000 ) ) ;
#284 = CIRCLE ( 'NONE', #861, 2.000000000000000000 ) ;
#285 = PRODUCT_DEFINITION_FORMATION_WITH_SPECIFIED_SOURCE ( 'ANY', '', #26, .NOT_KNOWN. ) ;
#286 = CARTESIAN_POINT ( 'NONE',  ( -73.74999999999998579, 15.62063306904291160, -48.75000000000000711 ) ) ;
#287 = ORIENTED_EDGE ( 'NONE', *, *, #818, .T. ) ;
#288 = ORIENTED_EDGE ( 'NONE', *, *, #961, .F. ) ;
#289 = CARTESIAN_POINT ( 'NONE',  ( -59.24999999999998579, 15.62063306904291338, -48.75000000000000711 ) ) ;
#290 = EDGE_CURVE ( 'NONE', #70, #1026, #80, .T. ) ;
#291 = FACE_BOUND ( 'NONE', #434, .T. ) ;
#292 = DIRECTION ( 'NONE',  ( 1.000000000000000000, -0.000000000000000000, 0.000000000000000000 ) ) ;
#293 = ORIENTED_EDGE ( 'NONE', *, *, #865, .T. ) ;
#294 = ORIENTED_EDGE ( 'NONE', *, *, #14, .F. ) ;
#295 = DIRECTION ( 'NONE',  ( 0.000000000000000000, -0.000000000000000000, 1.000000000000000000 ) ) ;
#296 = AXIS2_PLACEMENT_3D ( 'NONE', #781, #897, #1206 ) ;
#297 = DIRECTION ( 'NONE',  ( -0.000000000000000000, -0.000000000000000000, 1.000000000000000000 ) ) ;
#298 = EDGE_CURVE ( 'NONE', #932, #1040, #604, .T. ) ;
#299 = VECTOR ( 'NONE', #472, 1000.000000000000000 ) ;
#300 = DIRECTION ( 'NONE',  ( 1.000000000000000000, 0.000000000000000000, 0.000000000000000000 ) ) ;
#301 = AXIS2_PLACEMENT_3D ( 'NONE', #1119, #493, #295 ) ;
#302 = VECTOR ( 'NONE', #782, 1000.000000000000000 ) ;
#303 = ORIENTED_EDGE ( 'NONE', *, *, #488, .T. ) ;
#304 = VERTEX_POINT ( 'NONE', #838 ) ;
#305 = FACE_BOUND ( 'NONE', #812, .T. ) ;
#306 = CARTESIAN_POINT ( 'NONE',  ( -73.74999999999998579, 15.62063306904291160, 9.375000000000001776 ) ) ;
#307 = DIRECTION ( 'NONE',  ( -0.000000000000000000, -0.000000000000000000, 1.000000000000000000 ) ) ;
#308 = ORIENTED_EDGE ( 'NONE', *, *, #666, .T. ) ;
#309 = ORIENTED_EDGE ( 'NONE', *, *, #407, .T. ) ;
#310 = CARTESIAN_POINT ( 'NONE',  ( -45.39200480260814174, 1.000044370343296546E-14, -69.36828039361154197 ) ) ;
#311 = DIRECTION ( 'NONE',  ( 0.000000000000000000, 0.000000000000000000, -1.000000000000000000 ) ) ;
#312 = DIRECTION ( 'NONE',  ( -0.000000000000000000, -0.000000000000000000, -1.000000000000000000 ) ) ;
#313 = ORIENTED_EDGE ( 'NONE', *, *, #930, .F. ) ;
#314 = ADVANCED_FACE ( 'NONE', ( #926 ), #1265, .F. ) ;
#315 = ORIENTED_EDGE ( 'NONE', *, *, #1202, .F. ) ;
#316 = LINE ( 'NONE', #1056, #1059 ) ;
#317 = FACE_OUTER_BOUND ( 'NONE', #524, .T. ) ;
#318 = CYLINDRICAL_SURFACE ( 'NONE', #20, 2.500000000000002220 ) ;
#319 = VECTOR ( 'NONE', #767, 1000.000000000000000 ) ;
#320 = VECTOR ( 'NONE', #1060, 999.9999999999998863 ) ;
#321 = ORIENTED_EDGE ( 'NONE', *, *, #765, .T. ) ;
#322 = VECTOR ( 'NONE', #667, 1000.000000000000000 ) ;
#323 = EDGE_CURVE ( 'NONE', #613, #596, #651, .T. ) ;
#324 = ORIENTED_EDGE ( 'NONE', *, *, #570, .T. ) ;
#325 = LINE ( 'NONE', #212, #1078 ) ;
#326 = LINE ( 'NONE', #848, #1033 ) ;
#327 =( BOUNDED_CURVE ( )  B_SPLINE_CURVE ( 3, ( #130, #561, #32, #255 ),
 .UNSPECIFIED., .F., .T. ) 
 B_SPLINE_CURVE_WITH_KNOTS ( ( 4, 4 ),
 ( 0.000000000000000000, 1.478936996136153148 ),
 .UNSPECIFIED. ) 
 CURVE ( )  GEOMETRIC_REPRESENTATION_ITEM ( )  RATIONAL_B_SPLINE_CURVE ( ( 1.000000000000000000, 0.8258845598225592610, 0.8258845598225592610, 1.000000000000000000 ) ) 
 REPRESENTATION_ITEM ( '' )  );
#328 = VERTEX_POINT ( 'NONE', #1233 ) ;
#329 = VERTEX_POINT ( 'NONE', #706 ) ;
#330 = DIRECTION ( 'NONE',  ( 0.000000000000000000, 0.000000000000000000, -1.000000000000000000 ) ) ;
#331 = EDGE_CURVE ( 'NONE', #496, #596, #326, .T. ) ;
#332 = VERTEX_POINT ( 'NONE', #233 ) ;
#333 = DIRECTION ( 'NONE',  ( -1.850371707708594316E-16, 1.000000000000000000, 0.000000000000000000 ) ) ;
#334 = DIRECTION ( 'NONE',  ( 0.7071067811865439090, -0.7071067811865512365, 0.000000000000000000 ) ) ;
#335 = VERTEX_POINT ( 'NONE', #102 ) ;
#336 = LINE ( 'NONE', #429, #320 ) ;
#337 = ADVANCED_FACE ( 'NONE', ( #1086 ), #318, .F. ) ;
#338 = CARTESIAN_POINT ( 'NONE',  ( -86.25000000000000000, 2.920633069042912755, 11.25000000000000000 ) ) ;
#339 = CARTESIAN_POINT ( 'NONE',  ( -48.74999999999997868, 0.000000000000000000, 9.375000000000000000 ) ) ;
#340 = CARTESIAN_POINT ( 'NONE',  ( -92.81214699852965566, 7.324491815868683808, 9.717853001470455609 ) ) ;
#341 = VECTOR ( 'NONE', #256, 1000.000000000000000 ) ;
#342 = AXIS2_PLACEMENT_3D ( 'NONE', #507, #387, #1028 ) ;
#343 = ORIENTED_EDGE ( 'NONE', *, *, #961, .T. ) ;
#344 = CARTESIAN_POINT ( 'NONE',  ( -56.74999999999997868, 15.62063306904291338, -48.75000000000000711 ) ) ;
#345 = VERTEX_POINT ( 'NONE', #539 ) ;
#346 = CARTESIAN_POINT ( 'NONE',  ( -85.00019682114165676, 1.907168505729419872, -9.461584590956789498 ) ) ;
#347 = EDGE_CURVE ( 'NONE', #258, #1267, #873, .T. ) ;
#348 = CARTESIAN_POINT ( 'NONE',  ( -78.74999999999998579, 15.62063306904291160, -17.78000000000000114 ) ) ;
#349 = FACE_OUTER_BOUND ( 'NONE', #659, .T. ) ;
#350 = ORIENTED_EDGE ( 'NONE', *, *, #517, .F. ) ;
#351 = CARTESIAN_POINT ( 'NONE',  ( -86.25000000000000000, -44.55899652763844898, 0.000000000000000000 ) ) ;
#352 = ORIENTED_EDGE ( 'NONE', *, *, #1294, .T. ) ;
#353 = LINE ( 'NONE', #360, #185 ) ;
#354 = DIRECTION ( 'NONE',  ( 1.000000000000000000, 0.000000000000000000, 0.000000000000000000 ) ) ;
#355 = LINE ( 'NONE', #1341, #439 ) ;
#356 = ORIENTED_EDGE ( 'NONE', *, *, #1312, .F. ) ;
#357 = EDGE_CURVE ( 'NONE', #335, #970, #1290, .T. ) ;
#358 = CARTESIAN_POINT ( 'NONE',  ( -84.15439431936152914, 1.320633069042912444, 0.000000000000000000 ) ) ;
#359 = ORIENTED_EDGE ( 'NONE', *, *, #82, .F. ) ;
#360 = CARTESIAN_POINT ( 'NONE',  ( -86.25000000000000000, 31.49563306904290627, 16.27999999999999758 ) ) ;
#361 = DIRECTION ( 'NONE',  ( 1.000000000000000000, 1.698295246838290135E-16, 0.000000000000000000 ) ) ;
#362 = DIRECTION ( 'NONE',  ( 1.000000000000000000, 0.000000000000000000, 0.000000000000000000 ) ) ;
#363 = ORIENTED_EDGE ( 'NONE', *, *, #850, .T. ) ;
#364 = AXIS2_PLACEMENT_3D ( 'NONE', #1382, #1081, #109 ) ;
#365 = VECTOR ( 'NONE', #73, 1000.000000000000000 ) ;
#366 = DIRECTION ( 'NONE',  ( -0.000000000000000000, -0.000000000000000000, 1.000000000000000000 ) ) ;
#367 = AXIS2_PLACEMENT_3D ( 'NONE', #538, #1289, #330 ) ;
#368 = DIRECTION ( 'NONE',  ( 0.000000000000000000, 0.000000000000000000, -1.000000000000000000 ) ) ;
#369 = CARTESIAN_POINT ( 'NONE',  ( -86.25000000000000000, -44.55899652763844898, 0.000000000000000000 ) ) ;
#370 = DIRECTION ( 'NONE',  ( 0.000000000000000000, 0.000000000000000000, -1.000000000000000000 ) ) ;
#371 = ORIENTED_EDGE ( 'NONE', *, *, #1117, .T. ) ;
#372 = CARTESIAN_POINT ( 'NONE',  ( -86.25000000000000000, 2.773864751887414215, -0.000000000000000000 ) ) ;
#373 = DIRECTION ( 'NONE',  ( 1.000000000000000000, 0.000000000000000000, 0.000000000000000000 ) ) ;
#374 = ADVANCED_FACE ( 'NONE', ( #662, #955, #1276 ), #423, .F. ) ;
#375 = DIRECTION ( 'NONE',  ( 0.000000000000000000, 0.000000000000000000, -1.000000000000000000 ) ) ;
#376 = CARTESIAN_POINT ( 'NONE',  ( -84.74999999999995737, 1.733665469929625225, 17.77999999999999758 ) ) ;
#377 = ORIENTED_EDGE ( 'NONE', *, *, #261, .T. ) ;
#378 = FACE_OUTER_BOUND ( 'NONE', #684, .T. ) ;
#379 = CARTESIAN_POINT ( 'NONE',  ( -78.74999999999998579, 15.62063306904291160, -48.75000000000000711 ) ) ;
#380 = ADVANCED_FACE ( 'NONE', ( #1172 ), #547, .T. ) ;
#381 = LINE ( 'NONE', #677, #431 ) ;
#382 = DIRECTION ( 'NONE',  ( 1.000000000000000000, 0.000000000000000000, 0.000000000000000000 ) ) ;
#383 = ORIENTED_EDGE ( 'NONE', *, *, #626, .F. ) ;
#384 = ORIENTED_EDGE ( 'NONE', *, *, #928, .T. ) ;
#385 = CYLINDRICAL_SURFACE ( 'NONE', #276, 2.500000000000002220 ) ;
#386 = VECTOR ( 'NONE', #53, 1000.000000000000000 ) ;
#387 = DIRECTION ( 'NONE',  ( -0.000000000000000000, 0.000000000000000000, 1.000000000000000000 ) ) ;
#388 = CIRCLE ( 'NONE', #138, 1.600000000000000755 ) ;
#389 = CARTESIAN_POINT ( 'NONE',  ( -84.15439431936152914, 1.320633069042912444, 0.000000000000000000 ) ) ;
#390 = EDGE_CURVE ( 'NONE', #1040, #1095, #1164, .T. ) ;
#391 = ORIENTED_EDGE ( 'NONE', *, *, #270, .F. ) ;
#392 = ADVANCED_FACE ( 'NONE', ( #123 ), #213, .F. ) ;
#393 = ORIENTED_EDGE ( 'NONE', *, *, #620, .F. ) ;
#394 = CARTESIAN_POINT ( 'NONE',  ( -78.74999999999998579, 15.62063306904291160, -12.84999999999999964 ) ) ;
#395 = DIRECTION ( 'NONE',  ( -1.698295246838290135E-16, 1.000000000000000000, 0.000000000000000000 ) ) ;
#396 = CIRCLE ( 'NONE', #1244, 1.600000000000000755 ) ;
#397 = DIRECTION ( 'NONE',  ( 1.000000000000000000, 0.000000000000000000, 0.000000000000000000 ) ) ;
#398 = ORIENTED_EDGE ( 'NONE', *, *, #1312, .T. ) ;
#399 = EDGE_CURVE ( 'NONE', #957, #1306, #132, .T. ) ;
#400 = ORIENTED_EDGE ( 'NONE', *, *, #559, .F. ) ;
#401 = DIRECTION ( 'NONE',  ( 0.000000000000000000, 0.000000000000000000, 1.000000000000000000 ) ) ;
#402 = DIRECTION ( 'NONE',  ( -1.000000000000000000, 0.000000000000000000, 0.000000000000000000 ) ) ;
#403 = CARTESIAN_POINT ( 'NONE',  ( -59.24999999999998579, 15.62063306904291338, 17.77999999999999758 ) ) ;
#404 = ORIENTED_EDGE ( 'NONE', *, *, #765, .F. ) ;
#405 = ORIENTED_EDGE ( 'NONE', *, *, #918, .T. ) ;
#406 = CARTESIAN_POINT ( 'NONE',  ( -84.15439431936152914, 1.320633069042912444, 10.97499999999999964 ) ) ;
#407 = EDGE_CURVE ( 'NONE', #158, #845, #135, .T. ) ;
#408 = CIRCLE ( 'NONE', #919, 2.000000000000000000 ) ;
#409 = DIRECTION ( 'NONE',  ( 1.000000000000000000, 0.000000000000000000, 0.000000000000000000 ) ) ;
#410 = CIRCLE ( 'NONE', #1325, 2.500000000000002220 ) ;
#411 = CARTESIAN_POINT ( 'NONE',  ( -76.24999999999998579, 15.62063306904291160, -48.75000000000000711 ) ) ;
#412 = VECTOR ( 'NONE', #272, 1000.000000000000000 ) ;
#413 = VECTOR ( 'NONE', #1305, 1000.000000000000000 ) ;
#414 = ORIENTED_EDGE ( 'NONE', *, *, #424, .F. ) ;
#415 = VERTEX_POINT ( 'NONE', #1067 ) ;
#416 = DIRECTION ( 'NONE',  ( -0.000000000000000000, -0.000000000000000000, 1.000000000000000000 ) ) ;
#417 = DIRECTION ( 'NONE',  ( 0.000000000000000000, 1.000000000000000000, 0.000000000000000000 ) ) ;
#418 = EDGE_CURVE ( 'NONE', #1197, #1053, #741, .T. ) ;
#419 = ORIENTED_EDGE ( 'NONE', *, *, #1320, .F. ) ;
#420 = ORIENTED_EDGE ( 'NONE', *, *, #1331, .F. ) ;
#421 = DIRECTION ( 'NONE',  ( 1.000000000000000000, 0.000000000000000000, 0.000000000000000000 ) ) ;
#422 = CARTESIAN_POINT ( 'NONE',  ( -59.24999999999998579, 15.62063306904291338, 9.375000000000001776 ) ) ;
#423 = PLANE ( 'NONE',  #541 ) ;
#424 = EDGE_CURVE ( 'NONE', #715, #870, #653, .T. ) ;
#425 = DIRECTION ( 'NONE',  ( -0.000000000000000000, 0.000000000000000000, 1.000000000000000000 ) ) ;
#426 = ORIENTED_EDGE ( 'NONE', *, *, #14, .T. ) ;
#427 = LINE ( 'NONE', #340, #48 ) ;
#428 = UNCERTAINTY_MEASURE_WITH_UNIT (LENGTH_MEASURE( 1.000000000000000082E-05 ), #721, 'distance_accuracy_value', 'NONE');
#429 = CARTESIAN_POINT ( 'NONE',  ( -60.89845680110594373, 6.144089870148965460, 41.63154319889357424 ) ) ;
#430 = DIRECTION ( 'NONE',  ( -0.7071067811865439090, 0.7071067811865512365, -0.000000000000000000 ) ) ;
#431 = VECTOR ( 'NONE', #1093, 1000.000000000000000 ) ;
#432 = AXIS2_PLACEMENT_3D ( 'NONE', #872, #368, #889 ) ;
#433 = DIRECTION ( 'NONE',  ( 0.000000000000000000, 0.000000000000000000, -1.000000000000000000 ) ) ;
#434 = EDGE_LOOP ( 'NONE', ( #188, #548 ) ) ;
#435 = EDGE_CURVE ( 'NONE', #858, #505, #1386, .T. ) ;
#436 = LINE ( 'NONE', #864, #22 ) ;
#437 = CARTESIAN_POINT ( 'NONE',  ( -59.24999999999998579, 15.62063306904291338, -48.75000000000000711 ) ) ;
#438 = ORIENTED_EDGE ( 'NONE', *, *, #200, .F. ) ;
#439 = VECTOR ( 'NONE', #1229, 1000.000000000000000 ) ;
#440 = ORIENTED_EDGE ( 'NONE', *, *, #1278, .T. ) ;
#441 = EDGE_CURVE ( 'NONE', #249, #957, #1282, .T. ) ;
#442 = FACE_BOUND ( 'NONE', #1133, .T. ) ;
#443 = EDGE_LOOP ( 'NONE', ( #449, #440, #515, #343 ) ) ;
#444 = DIRECTION ( 'NONE',  ( -0.5773502691896243988, 0.5773502691896303940, -0.5773502691896224004 ) ) ;
#445 = CARTESIAN_POINT ( 'NONE',  ( -86.25000000000000000, 2.773864751887414215, 0.000000000000000000 ) ) ;
#446 = EDGE_LOOP ( 'NONE', ( #982, #363, #98, #1204, #1140, #6, #777, #1181 ) ) ;
#447 = CARTESIAN_POINT ( 'NONE',  ( -84.74999999999997158, -44.55899652763844898, -17.78000000000000114 ) ) ;
#448 = EDGE_CURVE ( 'NONE', #716, #980, #1189, .T. ) ;
#449 = ORIENTED_EDGE ( 'NONE', *, *, #82, .T. ) ;
#450 = DIRECTION ( 'NONE',  ( 0.000000000000000000, 0.000000000000000000, 1.000000000000000000 ) ) ;
#451 = ORIENTED_EDGE ( 'NONE', *, *, #1278, .F. ) ;
#452 = LINE ( 'NONE', #516, #1080 ) ;
#453 = VECTOR ( 'NONE', #297, 1000.000000000000000 ) ;
#454 = ORIENTED_EDGE ( 'NONE', *, *, #784, .T. ) ;
#455 = CIRCLE ( 'NONE', #729, 2.500000000000002220 ) ;
#456 = PLANE ( 'NONE',  #1102 ) ;
#457 = ORIENTED_EDGE ( 'NONE', *, *, #211, .T. ) ;
#458 = DIRECTION ( 'NONE',  ( -0.000000000000000000, 0.000000000000000000, 1.000000000000000000 ) ) ;
#459 = EDGE_CURVE ( 'NONE', #105, #335, #645, .T. ) ;
#460 = FILL_AREA_STYLE_COLOUR ( '', #1188 ) ;
#461 = CARTESIAN_POINT ( 'NONE',  ( -45.39200480260813464, 28.13563306904285355, -17.78000000000000469 ) ) ;
#462 = ORIENTED_EDGE ( 'NONE', *, *, #588, .T. ) ;
#463 = DIRECTION ( 'NONE',  ( 0.000000000000000000, 1.000000000000000000, 0.000000000000000000 ) ) ;
#464 = EDGE_LOOP ( 'NONE', ( #1291, #134, #12, #81, #1258 ) ) ;
#465 = DIRECTION ( 'NONE',  ( -0.000000000000000000, -0.000000000000000000, 1.000000000000000000 ) ) ;
#466 = CARTESIAN_POINT ( 'NONE',  ( -48.74999999999997868, 2.920633069042912755, 9.375000000000000000 ) ) ;
#467 =( NAMED_UNIT ( * ) PLANE_ANGLE_UNIT ( ) SI_UNIT ( $, .RADIAN. ) );
#468 = EDGE_CURVE ( 'NONE', #980, #716, #410, .T. ) ;
#469 = ORIENTED_EDGE ( 'NONE', *, *, #290, .T. ) ;
#470 = DIRECTION ( 'NONE',  ( 0.000000000000000000, 0.000000000000000000, -1.000000000000000000 ) ) ;
#471 = EDGE_LOOP ( 'NONE', ( #1358, #606, #708, #892 ) ) ;
#472 = DIRECTION ( 'NONE',  ( -1.000000000000000000, -0.000000000000000000, -0.000000000000000000 ) ) ;
#473 = DIRECTION ( 'NONE',  ( 0.000000000000000000, 0.000000000000000000, 1.000000000000000000 ) ) ;
#474 = LINE ( 'NONE', #156, #482 ) ;
#475 = EDGE_CURVE ( 'NONE', #862, #744, #646, .T. ) ;
#476 = VECTOR ( 'NONE', #502, 1000.000000000000000 ) ;
#477 = ORIENTED_EDGE ( 'NONE', *, *, #637, .F. ) ;
#478 = VECTOR ( 'NONE', #1316, 1000.000000000000000 ) ;
#479 = EDGE_CURVE ( 'NONE', #1048, #119, #353, .T. ) ;
#480 = AXIS2_PLACEMENT_3D ( 'NONE', #805, #924, #1231 ) ;
#481 = DIRECTION ( 'NONE',  ( 0.000000000000000000, 0.000000000000000000, 1.000000000000000000 ) ) ;
#482 = VECTOR ( 'NONE', #1207, 1000.000000000000000 ) ;
#483 = CARTESIAN_POINT ( 'NONE',  ( -48.74999999999997868, 2.920633069042912755, -10.97499999999999964 ) ) ;
#484 = DIRECTION ( 'NONE',  ( 1.000000000000000000, 0.000000000000000000, 0.000000000000000000 ) ) ;
#485 = CARTESIAN_POINT ( 'NONE',  ( -76.24999999999998579, 15.62063306904291160, -48.75000000000000711 ) ) ;
#486 = ORIENTED_EDGE ( 'NONE', *, *, #637, .T. ) ;
#487 = FACE_OUTER_BOUND ( 'NONE', #937, .T. ) ;
#488 = EDGE_CURVE ( 'NONE', #1099, #1266, #1323, .T. ) ;
#489 = CARTESIAN_POINT ( 'NONE',  ( -48.74999999999997868, 28.17063306904291053, -7.375000000000000000 ) ) ;
#490 = CARTESIAN_POINT ( 'NONE',  ( -59.89845680110602899, 5.144089870148888188, -42.63154319889372346 ) ) ;
#491 = DIRECTION ( 'NONE',  ( -1.000000000000000000, -0.000000000000000000, -0.000000000000000000 ) ) ;
#492 = ORIENTED_EDGE ( 'NONE', *, *, #580, .T. ) ;
#493 = DIRECTION ( 'NONE',  ( 0.000000000000000000, 1.000000000000000000, 0.000000000000000000 ) ) ;
#494 = PLANE ( 'NONE',  #1369 ) ;
#495 = FACE_OUTER_BOUND ( 'NONE', #939, .T. ) ;
#496 = VERTEX_POINT ( 'NONE', #772 ) ;
#497 = ORIENTED_EDGE ( 'NONE', *, *, #809, .F. ) ;
#498 = CYLINDRICAL_SURFACE ( 'NONE', #1151, 1.600000000000000755 ) ;
#499 = AXIS2_PLACEMENT_3D ( 'NONE', #735, #1354, #397 ) ;
#500 = CARTESIAN_POINT ( 'NONE',  ( -59.24999999999998579, 15.62063306904291338, -9.375000000000001776 ) ) ;
#501 = AXIS2_PLACEMENT_3D ( 'NONE', #8, #1385, #1163 ) ;
#502 = DIRECTION ( 'NONE',  ( 0.000000000000000000, 1.000000000000000000, 0.000000000000000000 ) ) ;
#503 = ADVANCED_FACE ( 'NONE', ( #240 ), #1001, .T. ) ;
#504 = EDGE_LOOP ( 'NONE', ( #51, #215 ) ) ;
#505 = VERTEX_POINT ( 'NONE', #880 ) ;
#506 = LINE ( 'NONE', #591, #1035 ) ;
#507 = CARTESIAN_POINT ( 'NONE',  ( -59.24999999999998579, 15.62063306904291338, 12.84999999999999964 ) ) ;
#508 = DIRECTION ( 'NONE',  ( -0.000000000000000000, -0.000000000000000000, 1.000000000000000000 ) ) ;
#509 = ORIENTED_EDGE ( 'NONE', *, *, #1388, .F. ) ;
#510 = ORIENTED_EDGE ( 'NONE', *, *, #709, .T. ) ;
#511 = LINE ( 'NONE', #940, #1283 ) ;
#512 = DIRECTION ( 'NONE',  ( -0.000000000000000000, -0.000000000000000000, 1.000000000000000000 ) ) ;
#513 =( NAMED_UNIT ( * ) PLANE_ANGLE_UNIT ( ) SI_UNIT ( $, .RADIAN. ) );
#514 = VERTEX_POINT ( 'NONE', #38 ) ;
#515 = ORIENTED_EDGE ( 'NONE', *, *, #928, .F. ) ;
#516 = CARTESIAN_POINT ( 'NONE',  ( -48.75200480260815539, 31.49563306904291338, -69.36828039361154197 ) ) ;
#517 = EDGE_CURVE ( 'NONE', #1155, #415, #247, .T. ) ;
#518 = AXIS2_PLACEMENT_3D ( 'NONE', #562, #989, #354 ) ;
#519 = LINE ( 'NONE', #1171, #1301 ) ;
#520 = VECTOR ( 'NONE', #806, 1000.000000000000000 ) ;
#521 = DIRECTION ( 'NONE',  ( 0.000000000000000000, 0.000000000000000000, -1.000000000000000000 ) ) ;
#522 = AXIS2_PLACEMENT_3D ( 'NONE', #351, #778, #1203 ) ;
#523 = ORIENTED_EDGE ( 'NONE', *, *, #448, .T. ) ;
#524 = EDGE_LOOP ( 'NONE', ( #963, #462, #973, #194 ) ) ;
#525 = DIRECTION ( 'NONE',  ( 2.203128887327390795E-16, 1.000000000000000000, 0.000000000000000000 ) ) ;
#526 = FACE_BOUND ( 'NONE', #1180, .T. ) ;
#527 = EDGE_CURVE ( 'NONE', #1167, #1004, #905, .T. ) ;
#528 = DIRECTION ( 'NONE',  ( -0.7071067811865512365, -0.7071067811865439090, 0.000000000000000000 ) ) ;
#529 = ORIENTED_EDGE ( 'NONE', *, *, #280, .F. ) ;
#530 = EDGE_LOOP ( 'NONE', ( #879, #1161, #888, #477 ) ) ;
#531 = CARTESIAN_POINT ( 'NONE',  ( 0.000000000000000000, -44.55899652763844898, 17.77999999999999758 ) ) ;
#532 = DIRECTION ( 'NONE',  ( 0.000000000000000000, 1.000000000000000000, 0.000000000000000000 ) ) ;
#533 = EDGE_CURVE ( 'NONE', #1032, #1095, #780, .T. ) ;
#534 = CARTESIAN_POINT ( 'NONE',  ( -84.15439431936148651, 1.320633069042912444, 12.12036579747921650 ) ) ;
#535 = EDGE_CURVE ( 'NONE', #744, #1099, #161, .T. ) ;
#536 = CARTESIAN_POINT ( 'NONE',  ( -45.39200480260813464, 28.13563306904285355, -17.78000000000000469 ) ) ;
#537 = ORIENTED_EDGE ( 'NONE', *, *, #850, .F. ) ;
#538 = CARTESIAN_POINT ( 'NONE',  ( -86.25000000000000000, 26.17063306904289988, 7.375000000000000000 ) ) ;
#539 = CARTESIAN_POINT ( 'NONE',  ( -56.74999999999997868, 15.62063306904291338, -12.84999999999999964 ) ) ;
#540 = VECTOR ( 'NONE', #433, 1000.000000000000000 ) ;
#541 = AXIS2_PLACEMENT_3D ( 'NONE', #755, #640, #117 ) ;
#542 = CARTESIAN_POINT ( 'NONE',  ( -76.24999999999998579, 15.62063306904291160, -17.78000000000000114 ) ) ;
#543 = EDGE_CURVE ( 'NONE', #986, #249, #1220, .T. ) ;
#544 = AXIS2_PLACEMENT_3D ( 'NONE', #841, #1378, #421 ) ;
#545 = ORIENTED_EDGE ( 'NONE', *, *, #995, .T. ) ;
#546 = CARTESIAN_POINT ( 'NONE',  ( 0.000000000000000000, 2.920633069042912755, 11.25000000000000000 ) ) ;
#547 = PLANE ( 'NONE',  #790 ) ;
#548 = ORIENTED_EDGE ( 'NONE', *, *, #94, .F. ) ;
#549 = AXIS2_PLACEMENT_3D ( 'NONE', #579, #370, #1009 ) ;
#550 = ADVANCED_FACE ( 'NONE', ( #140 ), #593, .F. ) ;
#551 = ORIENTED_EDGE ( 'NONE', *, *, #1281, .F. ) ;
#552 = FACE_OUTER_BOUND ( 'NONE', #1089, .T. ) ;
#553 = ORIENTED_EDGE ( 'NONE', *, *, #448, .F. ) ;
#554 = CARTESIAN_POINT ( 'NONE',  ( -45.39200480260813464, 28.13563306904285355, -69.36828039361154197 ) ) ;
#555 = CARTESIAN_POINT ( 'NONE',  ( -84.15439431936152914, 1.320633069042912444, -11.25000000000000000 ) ) ;
#556 = PLANE ( 'NONE',  #47 ) ;
#557 = ORIENTED_EDGE ( 'NONE', *, *, #1338, .T. ) ;
#558 = FACE_OUTER_BOUND ( 'NONE', #648, .T. ) ;
#559 = EDGE_CURVE ( 'NONE', #862, #279, #1332, .T. ) ;
#560 = EDGE_LOOP ( 'NONE', ( #867, #844, #1126, #569 ) ) ;
#561 = CARTESIAN_POINT ( 'NONE',  ( -84.15439431936148651, 1.320633069042912444, 10.10463420252078315 ) ) ;
#562 = CARTESIAN_POINT ( 'NONE',  ( -59.24999999999998579, 15.62063306904291338, -17.78000000000000114 ) ) ;
#563 = DIRECTION ( 'NONE',  ( -0.000000000000000000, 0.000000000000000000, 1.000000000000000000 ) ) ;
#564 = VECTOR ( 'NONE', #796, 1000.000000000000000 ) ;
#565 = VECTOR ( 'NONE', #676, 1000.000000000000000 ) ;
#566 = VERTEX_POINT ( 'NONE', #994 ) ;
#567 = AXIS2_PLACEMENT_3D ( 'NONE', #1020, #159, #1352 ) ;
#568 = CARTESIAN_POINT ( 'NONE',  ( -86.25000000000000000, 2.773864751887414215, -12.84325423617178608 ) ) ;
#569 = ORIENTED_EDGE ( 'NONE', *, *, #611, .T. ) ;
#570 = EDGE_CURVE ( 'NONE', #345, #672, #1010, .T. ) ;
#571 = DIRECTION ( 'NONE',  ( -1.000000000000000000, -1.850371707708594316E-16, 0.000000000000000000 ) ) ;
#572 = CARTESIAN_POINT ( 'NONE',  ( -48.74999999999997868, 26.17063306904290698, 7.375000000000000000 ) ) ;
#573 = LINE ( 'NONE', #997, #689 ) ;
#574 = ORIENTED_EDGE ( 'NONE', *, *, #1066, .F. ) ;
#575 = DIRECTION ( 'NONE',  ( 1.000000000000000000, 0.000000000000000000, 0.000000000000000000 ) ) ;
#576 = ORIENTED_EDGE ( 'NONE', *, *, #730, .T. ) ;
#577 = DIRECTION ( 'NONE',  ( 1.850371707708592837E-16, -1.000000000000000000, 0.000000000000000000 ) ) ;
#578 = PLANE ( 'NONE',  #985 ) ;
#579 = CARTESIAN_POINT ( 'NONE',  ( -76.24999999999998579, 15.62063306904291160, -9.375000000000001776 ) ) ;
#580 = EDGE_CURVE ( 'NONE', #1051, #279, #327, .T. ) ;
#581 = ORIENTED_EDGE ( 'NONE', *, *, #893, .T. ) ;
#582 = DIRECTION ( 'NONE',  ( -0.000000000000000000, 0.000000000000000000, 1.000000000000000000 ) ) ;
#583 = LINE ( 'NONE', #379, #274 ) ;
#584 = LINE ( 'NONE', #906, #810 ) ;
#585 = DIRECTION ( 'NONE',  ( -1.000000000000000000, 0.000000000000000000, -0.000000000000000000 ) ) ;
#586 = VECTOR ( 'NONE', #807, 1000.000000000000000 ) ;
#587 = ORIENTED_EDGE ( 'NONE', *, *, #938, .F. ) ;
#588 = EDGE_CURVE ( 'NONE', #1004, #122, #1092, .T. ) ;
#589 = AXIS2_PLACEMENT_3D ( 'NONE', #734, #719, #815 ) ;
#590 = AXIS2_PLACEMENT_3D ( 'NONE', #422, #754, #859 ) ;
#591 = CARTESIAN_POINT ( 'NONE',  ( -45.39200480260814174, 1.000044370343296546E-14, 17.77999999999999758 ) ) ;
#592 = AXIS2_PLACEMENT_3D ( 'NONE', #1373, #416, #242 ) ;
#593 = CYLINDRICAL_SURFACE ( 'NONE', #654, 1.600000000000000755 ) ;
#594 = DIRECTION ( 'NONE',  ( 1.000000000000000000, -0.000000000000000000, 0.000000000000000000 ) ) ;
#595 = DIRECTION ( 'NONE',  ( -0.000000000000000000, 0.000000000000000000, 1.000000000000000000 ) ) ;
#596 = VERTEX_POINT ( 'NONE', #795 ) ;
#597 = PLANE ( 'NONE',  #567 ) ;
#598 = DIRECTION ( 'NONE',  ( 1.000000000000000000, 0.000000000000000000, 0.000000000000000000 ) ) ;
#599 = PLANE ( 'NONE',  #44 ) ;
#600 = EDGE_LOOP ( 'NONE', ( #324, #877 ) ) ;
#601 = VERTEX_POINT ( 'NONE', #262 ) ;
#602 = LINE ( 'NONE', #72, #792 ) ;
#603 = CARTESIAN_POINT ( 'NONE',  ( -61.74999999999998579, 15.62063306904291338, -48.75000000000000711 ) ) ;
#604 = LINE ( 'NONE', #68, #476 ) ;
#605 = ORIENTED_EDGE ( 'NONE', *, *, #357, .F. ) ;
#606 = ORIENTED_EDGE ( 'NONE', *, *, #166, .T. ) ;
#607 = CARTESIAN_POINT ( 'NONE',  ( -48.74999999999997868, 1.320633069042912444, -10.97499999999999964 ) ) ;
#608 = CIRCLE ( 'NONE', #589, 2.500000000000002220 ) ;
#609 = FACE_OUTER_BOUND ( 'NONE', #1042, .T. ) ;
#610 = AXIS2_PLACEMENT_3D ( 'NONE', #30, #366, #145 ) ;
#611 = EDGE_CURVE ( 'NONE', #177, #119, #691, .T. ) ;
#612 =( NAMED_UNIT ( * ) SI_UNIT ( $, .STERADIAN. ) SOLID_ANGLE_UNIT ( ) );
#613 = VERTEX_POINT ( 'NONE', #154 ) ;
#614 = EDGE_LOOP ( 'NONE', ( #886, #665 ) ) ;
#615 = DIRECTION ( 'NONE',  ( 4.856618655403135597E-16, -1.000000000000000000, 0.000000000000000000 ) ) ;
#616 = CARTESIAN_POINT ( 'NONE',  ( -76.24999999999998579, 15.62063306904291160, -48.75000000000000711 ) ) ;
#617 = CIRCLE ( 'NONE', #776, 2.500000000000002220 ) ;
#618 = CARTESIAN_POINT ( 'NONE',  ( -92.81214699852966987, 7.324491815868693578, -9.717853001470388108 ) ) ;
#619 = ORIENTED_EDGE ( 'NONE', *, *, #1108, .T. ) ;
#620 = EDGE_CURVE ( 'NONE', #845, #980, #583, .T. ) ;
#621 = ORIENTED_EDGE ( 'NONE', *, *, #357, .T. ) ;
#622 = CARTESIAN_POINT ( 'NONE',  ( -56.74999999999997868, 15.62063306904291338, 12.84999999999999964 ) ) ;
#623 = LINE ( 'NONE', #603, #386 ) ;
#624 = SURFACE_STYLE_FILL_AREA ( #882 ) ;
#625 = ORIENTED_EDGE ( 'NONE', *, *, #435, .T. ) ;
#626 = EDGE_CURVE ( 'NONE', #1208, #17, #608, .T. ) ;
#627 = ORIENTED_EDGE ( 'NONE', *, *, #1166, .F. ) ;
#628 = DIRECTION ( 'NONE',  ( -1.000000000000000000, 0.000000000000000000, 0.000000000000000000 ) ) ;
#629 = VECTOR ( 'NONE', #788, 1000.000000000000000 ) ;
#630 = DIRECTION ( 'NONE',  ( -0.000000000000000000, -0.000000000000000000, -1.000000000000000000 ) ) ;
#631 = AXIS2_PLACEMENT_3D ( 'NONE', #500, #925, #402 ) ;
#632 = CARTESIAN_POINT ( 'NONE',  ( -45.39200480260814174, 1.000044370343296546E-14, -17.78000000000000469 ) ) ;
#633 = CIRCLE ( 'NONE', #590, 2.500000000000002220 ) ;
#634 = CARTESIAN_POINT ( 'NONE',  ( -86.25000000000000000, 2.773864751887414215, -17.78000000000000114 ) ) ;
#635 = ORIENTED_EDGE ( 'NONE', *, *, #120, .F. ) ;
#636 = DIRECTION ( 'NONE',  ( 1.000000000000000000, 0.000000000000000000, 0.000000000000000000 ) ) ;
#637 = EDGE_CURVE ( 'NONE', #1267, #90, #1037, .T. ) ;
#638 = CARTESIAN_POINT ( 'NONE',  ( -48.74999999999997868, 2.920633069042912755, 10.97499999999999964 ) ) ;
#639 = EDGE_CURVE ( 'NONE', #732, #345, #58, .T. ) ;
#640 = DIRECTION ( 'NONE',  ( -0.000000000000000000, 0.000000000000000000, 1.000000000000000000 ) ) ;
#641 = LINE ( 'NONE', #663, #1147 ) ;
#642 = VERTEX_POINT ( 'NONE', #941 ) ;
#643 = DIRECTION ( 'NONE',  ( -1.000000000000000000, -0.000000000000000000, -0.000000000000000000 ) ) ;
#644 = ADVANCED_FACE ( 'NONE', ( #291, #728, #1345 ), #494, .T. ) ;
#645 = LINE ( 'NONE', #1079, #69 ) ;
#646 =( BOUNDED_CURVE ( )  B_SPLINE_CURVE ( 3, ( #1309, #346, #148, #25 ),
 .UNSPECIFIED., .F., .T. ) 
 B_SPLINE_CURVE_WITH_KNOTS ( ( 4, 4 ),
 ( 1.662655657453640190, 3.141592653589793116 ),
 .UNSPECIFIED. ) 
 CURVE ( )  GEOMETRIC_REPRESENTATION_ITEM ( )  RATIONAL_B_SPLINE_CURVE ( ( 1.000000000000000000, 0.8258845598225593720, 0.8258845598225593720, 1.000000000000000000 ) ) 
 REPRESENTATION_ITEM ( '' )  );
#647 = ORIENTED_EDGE ( 'NONE', *, *, #108, .F. ) ;
#648 = EDGE_LOOP ( 'NONE', ( #510, #576, #1193, #920 ) ) ;
#649 = UNCERTAINTY_MEASURE_WITH_UNIT (LENGTH_MEASURE( 1.000000000000000082E-05 ), #1024, 'distance_accuracy_value', 'NONE');
#650 = FACE_OUTER_BOUND ( 'NONE', #688, .T. ) ;
#651 = CIRCLE ( 'NONE', #2, 1.600000000000000755 ) ;
#652 = ORIENTED_EDGE ( 'NONE', *, *, #683, .F. ) ;
#653 = LINE ( 'NONE', #10, #1257 ) ;
#654 = AXIS2_PLACEMENT_3D ( 'NONE', #1100, #1016, #896 ) ;
#655 = ADVANCED_FACE ( 'NONE', ( #1153 ), #1143, .F. ) ;
#656 = VECTOR ( 'NONE', #1065, 1000.000000000000000 ) ;
#657 = VERTEX_POINT ( 'NONE', #828 ) ;
#658 = CIRCLE ( 'NONE', #549, 2.500000000000002220 ) ;
#659 = EDGE_LOOP ( 'NONE', ( #1376, #1298, #239, #313 ) ) ;
#660 = FACE_OUTER_BOUND ( 'NONE', #978, .T. ) ;
#661 = ORIENTED_EDGE ( 'NONE', *, *, #183, .F. ) ;
#662 = FACE_OUTER_BOUND ( 'NONE', #998, .T. ) ;
#663 = CARTESIAN_POINT ( 'NONE',  ( -86.25000000000000000, 31.49563306904290627, -16.28000000000000114 ) ) ;
#664 = DIRECTION ( 'NONE',  ( 1.000000000000000000, -2.203128887327390795E-16, 0.000000000000000000 ) ) ;
#665 = ORIENTED_EDGE ( 'NONE', *, *, #1014, .F. ) ;
#666 = EDGE_CURVE ( 'NONE', #1267, #258, #160, .T. ) ;
#667 = DIRECTION ( 'NONE',  ( 1.000000000000000000, -0.000000000000000000, 0.000000000000000000 ) ) ;
#668 = VERTEX_POINT ( 'NONE', #1339 ) ;
#669 = DIRECTION ( 'NONE',  ( -1.000000000000000000, -0.000000000000000000, -0.000000000000000000 ) ) ;
#670 = LINE ( 'NONE', #49, #586 ) ;
#671 = FACE_BOUND ( 'NONE', #193, .T. ) ;
#672 = VERTEX_POINT ( 'NONE', #1241 ) ;
#673 = EDGE_CURVE ( 'NONE', #158, #716, #917, .T. ) ;
#674 = DIRECTION ( 'NONE',  ( 0.7071067811865442421, -0.000000000000000000, 0.7071067811865507924 ) ) ;
#675 = EDGE_LOOP ( 'NONE', ( #950, #1364, #220, #356 ) ) ;
#676 = DIRECTION ( 'NONE',  ( 1.000000000000000000, -0.000000000000000000, 0.000000000000000000 ) ) ;
#677 = CARTESIAN_POINT ( 'NONE',  ( -5.827862834732820190E-15, 31.49563306904292048, 12.84999999999999964 ) ) ;
#678 = CARTESIAN_POINT ( 'NONE',  ( -76.24999999999998579, 15.62063306904291160, -12.84999999999999964 ) ) ;
#679 = VECTOR ( 'NONE', #1361, 1000.000000000000000 ) ;
#680 = AXIS2_PLACEMENT_3D ( 'NONE', #1061, #218, #224 ) ;
#681 = ORIENTED_EDGE ( 'NONE', *, *, #1281, .T. ) ;
#682 = LINE ( 'NONE', #358, #3 ) ;
#683 = EDGE_CURVE ( 'NONE', #970, #1032, #1044, .T. ) ;
#684 = EDGE_LOOP ( 'NONE', ( #537, #1034, #839, #7, #1212 ) ) ;
#685 = DIRECTION ( 'NONE',  ( 0.000000000000000000, 1.000000000000000000, 0.000000000000000000 ) ) ;
#686 = ADVANCED_FACE ( 'NONE', ( #609 ), #934, .F. ) ;
#687 = CARTESIAN_POINT ( 'NONE',  ( -84.74999999999995737, 29.99563306904287785, 17.77999999999999758 ) ) ;
#688 = EDGE_LOOP ( 'NONE', ( #1, #901, #207, #288, #77 ) ) ;
#689 = VECTOR ( 'NONE', #803, 1000.000000000000000 ) ;
#690 = CARTESIAN_POINT ( 'NONE',  ( -48.75200480260815539, 31.49563306904291338, -12.84999999999999964 ) ) ;
#691 = LINE ( 'NONE', #1006, #1076 ) ;
#692 = ADVANCED_FACE ( 'NONE', ( #1353 ), #79, .T. ) ;
#693 = LINE ( 'NONE', #1222, #700 ) ;
#694 = DIRECTION ( 'NONE',  ( 1.000000000000000000, 0.000000000000000000, 0.000000000000000000 ) ) ;
#695 = ORIENTED_EDGE ( 'NONE', *, *, #885, .F. ) ;
#696 = PLANE ( 'NONE',  #91 ) ;
#697 = CARTESIAN_POINT ( 'NONE',  ( -0.000000000000000000, 2.920633069042912755, 12.84999999999999964 ) ) ;
#698 = LINE ( 'NONE', #1008, #943 ) ;
#699 = CARTESIAN_POINT ( 'NONE',  ( -48.74999999999997868, 26.17063306904290698, -7.375000000000000000 ) ) ;
#700 = VECTOR ( 'NONE', #1228, 1000.000000000000000 ) ;
#701 = ORIENTED_EDGE ( 'NONE', *, *, #67, .T. ) ;
#702 = AXIS2_PLACEMENT_3D ( 'NONE', #65, #1360, #283 ) ;
#703 = AXIS2_PLACEMENT_3D ( 'NONE', #1096, #136, #1218 ) ;
#704 = DIRECTION ( 'NONE',  ( 0.000000000000000000, 1.000000000000000000, 0.000000000000000000 ) ) ;
#705 = DIRECTION ( 'NONE',  ( -1.000000000000000000, -1.698295246838290135E-16, 0.000000000000000000 ) ) ;
#706 = CARTESIAN_POINT ( 'NONE',  ( -48.74999999999997868, 28.17063306904291053, 7.375000000000001776 ) ) ;
#707 = CARTESIAN_POINT ( 'NONE',  ( -48.74999999999997868, 1.320633069042912444, -11.25000000000000000 ) ) ;
#708 = ORIENTED_EDGE ( 'NONE', *, *, #857, .T. ) ;
#709 = EDGE_CURVE ( 'NONE', #1230, #304, #1057, .T. ) ;
#710 = VERTEX_POINT ( 'NONE', #489 ) ;
#711 = CARTESIAN_POINT ( 'NONE',  ( -86.25000000000000000, -44.55899652763844898, 0.000000000000000000 ) ) ;
#712 =( GEOMETRIC_REPRESENTATION_CONTEXT ( 3 ) GLOBAL_UNCERTAINTY_ASSIGNED_CONTEXT ( ( #649 ) ) GLOBAL_UNIT_ASSIGNED_CONTEXT ( ( #1024, #467, #257 ) ) REPRESENTATION_CONTEXT ( 'NONE', 'WORKASPACE' ) );
#713 = CYLINDRICAL_SURFACE ( 'NONE', #1169, 2.500000000000002220 ) ;
#714 = LINE ( 'NONE', #1038, #1322 ) ;
#715 = VERTEX_POINT ( 'NONE', #190 ) ;
#716 = VERTEX_POINT ( 'NONE', #306 ) ;
#717 = PLANE ( 'NONE',  #301 ) ;
#718 = ADVANCED_FACE ( 'NONE', ( #1130 ), #713, .F. ) ;
#719 = DIRECTION ( 'NONE',  ( -0.000000000000000000, 0.000000000000000000, 1.000000000000000000 ) ) ;
#720 = APPLICATION_CONTEXT ( 'automotive_design' ) ;
#721 =( LENGTH_UNIT ( ) NAMED_UNIT ( * ) SI_UNIT ( .MILLI., .METRE. ) );
#722 = ORIENTED_EDGE ( 'NONE', *, *, #217, .T. ) ;
#723 = VECTOR ( 'NONE', #508, 1000.000000000000000 ) ;
#724 = ORIENTED_EDGE ( 'NONE', *, *, #683, .T. ) ;
#725 = DIRECTION ( 'NONE',  ( 1.000000000000000000, -0.000000000000000000, 0.000000000000000000 ) ) ;
#726 = AXIS2_PLACEMENT_3D ( 'NONE', #1226, #571, #577 ) ;
#727 = VECTOR ( 'NONE', #430, 1000.000000000000000 ) ;
#728 = FACE_BOUND ( 'NONE', #504, .T. ) ;
#729 = AXIS2_PLACEMENT_3D ( 'NONE', #1200, #852, #628 ) ;
#730 = EDGE_CURVE ( 'NONE', #304, #514, #623, .T. ) ;
#731 = ORIENTED_EDGE ( 'NONE', *, *, #59, .T. ) ;
#732 = VERTEX_POINT ( 'NONE', #1249 ) ;
#733 = PLANE ( 'NONE',  #837 ) ;
#734 = CARTESIAN_POINT ( 'NONE',  ( -76.24999999999998579, 15.62063306904291160, 12.84999999999999964 ) ) ;
#735 = CARTESIAN_POINT ( 'NONE',  ( -59.24999999999998579, 15.62063306904291338, -48.75000000000000711 ) ) ;
#736 = EDGE_CURVE ( 'NONE', #1085, #514, #1347, .T. ) ;
#737 = ORIENTED_EDGE ( 'NONE', *, *, #418, .T. ) ;
#738 = ORIENTED_EDGE ( 'NONE', *, *, #101, .F. ) ;
#739 = CARTESIAN_POINT ( 'NONE',  ( -73.74999999999998579, 15.62063306904291160, 17.77999999999999758 ) ) ;
#740 = CARTESIAN_POINT ( 'NONE',  ( -86.24999999999998579, 28.17063306904290343, -9.375000000000000000 ) ) ;
#741 = LINE ( 'NONE', #632, #111 ) ;
#742 = SHAPE_DEFINITION_REPRESENTATION ( #103, #61 ) ;
#743 = ORIENTED_EDGE ( 'NONE', *, *, #323, .F. ) ;
#744 = VERTEX_POINT ( 'NONE', #1284 ) ;
#745 = DIRECTION ( 'NONE',  ( 0.000000000000000000, 0.000000000000000000, 1.000000000000000000 ) ) ;
#746 = VECTOR ( 'NONE', #334, 1000.000000000000000 ) ;
#747 = DIRECTION ( 'NONE',  ( -1.000000000000000000, -1.698295246838290135E-16, 0.000000000000000000 ) ) ;
#748 = VECTOR ( 'NONE', #1324, 1000.000000000000000 ) ;
#749 = DIRECTION ( 'NONE',  ( -0.000000000000000000, 0.000000000000000000, 1.000000000000000000 ) ) ;
#750 = VECTOR ( 'NONE', #311, 1000.000000000000000 ) ;
#751 = FACE_OUTER_BOUND ( 'NONE', #976, .T. ) ;
#752 = ORIENTED_EDGE ( 'NONE', *, *, #1303, .F. ) ;
#753 = ADVANCED_FACE ( 'NONE', ( #1269 ), #959, .F. ) ;
#754 = DIRECTION ( 'NONE',  ( -0.000000000000000000, 0.000000000000000000, 1.000000000000000000 ) ) ;
#755 = CARTESIAN_POINT ( 'NONE',  ( 0.000000000000000000, -44.55899652763844898, -17.78000000000000114 ) ) ;
#756 = AXIS2_PLACEMENT_3D ( 'NONE', #1003, #585, #1234 ) ;
#757 = ORIENTED_EDGE ( 'NONE', *, *, #390, .T. ) ;
#758 = ORIENTED_EDGE ( 'NONE', *, *, #543, .T. ) ;
#759 = DIRECTION ( 'NONE',  ( 1.000000000000000000, -0.000000000000000000, 0.000000000000000000 ) ) ;
#760 = CARTESIAN_POINT ( 'NONE',  ( -45.39200480260813464, 29.99563306904289561, -17.78000000000000114 ) ) ;
#761 = ORIENTED_EDGE ( 'NONE', *, *, #243, .T. ) ;
#762 = EDGE_LOOP ( 'NONE', ( #271, #398 ) ) ;
#763 = PLANE ( 'NONE',  #1237 ) ;
#764 = CARTESIAN_POINT ( 'NONE',  ( -76.24999999999998579, 15.62063306904291160, 9.375000000000001776 ) ) ;
#765 = EDGE_CURVE ( 'NONE', #119, #187, #336, .T. ) ;
#766 = AXIS2_PLACEMENT_3D ( 'NONE', #115, #972, #1293 ) ;
#767 = DIRECTION ( 'NONE',  ( 0.000000000000000000, 1.000000000000000000, -0.000000000000000000 ) ) ;
#768 = CARTESIAN_POINT ( 'NONE',  ( -86.25000000000000000, 26.17063306904289988, 9.375000000000000000 ) ) ;
#769 = EDGE_LOOP ( 'NONE', ( #457, #969 ) ) ;
#770 = LINE ( 'NONE', #153, #855 ) ;
#771 = ORIENTED_EDGE ( 'NONE', *, *, #736, .F. ) ;
#772 = CARTESIAN_POINT ( 'NONE',  ( -86.25000000000000000, 31.49563306904290627, -12.84999999999999964 ) ) ;
#773 = ORIENTED_EDGE ( 'NONE', *, *, #620, .T. ) ;
#774 = CYLINDRICAL_SURFACE ( 'NONE', #592, 2.500000000000002220 ) ;
#775 = EDGE_CURVE ( 'NONE', #668, #811, #1374, .T. ) ;
#776 = AXIS2_PLACEMENT_3D ( 'NONE', #678, #913, #883 ) ;
#777 = ORIENTED_EDGE ( 'NONE', *, *, #775, .F. ) ;
#778 = DIRECTION ( 'NONE',  ( 1.000000000000000000, -0.000000000000000000, 0.000000000000000000 ) ) ;
#779 = EDGE_LOOP ( 'NONE', ( #393, #1063, #56, #523 ) ) ;
#780 = LINE ( 'NONE', #787, #899 ) ;
#781 = CARTESIAN_POINT ( 'NONE',  ( -76.24999999999998579, 15.62063306904291160, -48.75000000000000711 ) ) ;
#782 = DIRECTION ( 'NONE',  ( -1.000000000000000000, 0.000000000000000000, -0.000000000000000000 ) ) ;
#783 = ORIENTED_EDGE ( 'NONE', *, *, #580, .F. ) ;
#784 = EDGE_CURVE ( 'NONE', #1266, #1313, #325, .T. ) ;
#785 = CARTESIAN_POINT ( 'NONE',  ( -48.74999999999997868, 2.920633069042912755, 12.84999999999999964 ) ) ;
#786 = EDGE_LOOP ( 'NONE', ( #1239, #738, #404, #254 ) ) ;
#787 = CARTESIAN_POINT ( 'NONE',  ( -31.50133653507219833, 14.24496480150679112, -33.53066826753592977 ) ) ;
#788 = DIRECTION ( 'NONE',  ( 0.000000000000000000, -1.000000000000000000, 0.000000000000000000 ) ) ;
#789 = CIRCLE ( 'NONE', #1007, 2.500000000000002220 ) ;
#790 = AXIS2_PLACEMENT_3D ( 'NONE', #1270, #333, #16 ) ;
#791 = ORIENTED_EDGE ( 'NONE', *, *, #570, .F. ) ;
#792 = VECTOR ( 'NONE', #1036, 1000.000000000000000 ) ;
#793 = CARTESIAN_POINT ( 'NONE',  ( 0.000000000000000000, 1.320633069042912444, 11.25000000000000000 ) ) ;
#794 = ADVANCED_FACE ( 'NONE', ( #526, #442, #317 ), #965, .T. ) ;
#795 = CARTESIAN_POINT ( 'NONE',  ( -86.24999999999998579, 2.920633069042912755, -12.84999999999999964 ) ) ;
#796 = DIRECTION ( 'NONE',  ( 0.7071067811865439090, -0.7071067811865512365, 0.000000000000000000 ) ) ;
#797 = CARTESIAN_POINT ( 'NONE',  ( 13.65131239703634947, -30.90768413060224162, 17.77999999999999758 ) ) ;
#798 = EDGE_LOOP ( 'NONE', ( #118, #1343, #209, #783, #451 ) ) ;
#799 = CARTESIAN_POINT ( 'NONE',  ( -84.15439431936152914, 1.320633069042912444, -11.25000000000000000 ) ) ;
#800 = ADVANCED_FACE ( 'NONE', ( #1070 ), #763, .T. ) ;
#801 = CARTESIAN_POINT ( 'NONE',  ( -76.24999999999998579, 15.62063306904291160, 9.375000000000001776 ) ) ;
#802 = FACE_OUTER_BOUND ( 'NONE', #464, .T. ) ;
#803 = DIRECTION ( 'NONE',  ( -1.000000000000000000, 0.000000000000000000, 0.000000000000000000 ) ) ;
#804 = ORIENTED_EDGE ( 'NONE', *, *, #1357, .F. ) ;
#805 = CARTESIAN_POINT ( 'NONE',  ( 0.000000000000000000, 0.000000000000000000, -12.84999999999999964 ) ) ;
#806 = DIRECTION ( 'NONE',  ( 0.000000000000000000, 0.000000000000000000, -1.000000000000000000 ) ) ;
#807 = DIRECTION ( 'NONE',  ( 1.000000000000000000, 1.850371707708594316E-16, 0.000000000000000000 ) ) ;
#808 = DIRECTION ( 'NONE',  ( 1.000000000000000000, 0.000000000000000000, 0.000000000000000000 ) ) ;
#809 = EDGE_CURVE ( 'NONE', #566, #234, #436, .T. ) ;
#810 = VECTOR ( 'NONE', #473, 1000.000000000000000 ) ;
#811 = VERTEX_POINT ( 'NONE', #853 ) ;
#812 = EDGE_LOOP ( 'NONE', ( #308, #23 ) ) ;
#813 = VECTOR ( 'NONE', #1005, 1000.000000000000000 ) ;
#814 = DIRECTION ( 'NONE',  ( -1.000000000000000000, 0.000000000000000000, 0.000000000000000000 ) ) ;
#815 = DIRECTION ( 'NONE',  ( 1.000000000000000000, 0.000000000000000000, 0.000000000000000000 ) ) ;
#816 = CYLINDRICAL_SURFACE ( 'NONE', #66, 2.500000000000002220 ) ;
#817 = ORIENTED_EDGE ( 'NONE', *, *, #166, .F. ) ;
#818 = EDGE_CURVE ( 'NONE', #1099, #1336, #231, .T. ) ;
#819 = EDGE_LOOP ( 'NONE', ( #823, #722, #1187, #621, #1019 ) ) ;
#820 = CARTESIAN_POINT ( 'NONE',  ( -56.74999999999997868, 15.62063306904291338, 9.375000000000001776 ) ) ;
#821 = DIRECTION ( 'NONE',  ( -0.000000000000000000, -0.000000000000000000, 1.000000000000000000 ) ) ;
#822 = SURFACE_SIDE_STYLE ('',( #624 ) ) ;
#823 = ORIENTED_EDGE ( 'NONE', *, *, #331, .T. ) ;
#824 = PRODUCT_DEFINITION ( 'UNKNOWN', '', #285, #1182 ) ;
#825 = ORIENTED_EDGE ( 'NONE', *, *, #666, .F. ) ;
#826 = PLANE ( 'NONE',  #186 ) ;
#827 = EDGE_CURVE ( 'NONE', #514, #1085, #633, .T. ) ;
#828 = CARTESIAN_POINT ( 'NONE',  ( -48.75200480260815539, 31.49563306904291338, 12.84999999999999964 ) ) ;
#829 = DIRECTION ( 'NONE',  ( 1.000000000000000000, 0.000000000000000000, 0.000000000000000000 ) ) ;
#830 = ORIENTED_EDGE ( 'NONE', *, *, #1303, .T. ) ;
#831 = VECTOR ( 'NONE', #74, 1000.000000000000000 ) ;
#832 = EDGE_LOOP ( 'NONE', ( #1356, #152, #147, #199, #1383 ) ) ;
#833 = FACE_BOUND ( 'NONE', #762, .T. ) ;
#834 = VECTOR ( 'NONE', #450, 1000.000000000000000 ) ;
#835 = CARTESIAN_POINT ( 'NONE',  ( -56.74999999999997868, 15.62063306904291338, -48.75000000000000711 ) ) ;
#836 = ADVANCED_FACE ( 'NONE', ( #650 ), #1177, .F. ) ;
#837 = AXIS2_PLACEMENT_3D ( 'NONE', #133, #563, #990 ) ;
#838 = CARTESIAN_POINT ( 'NONE',  ( -61.74999999999998579, 15.62063306904291338, -9.375000000000001776 ) ) ;
#839 = ORIENTED_EDGE ( 'NONE', *, *, #488, .F. ) ;
#840 = VERTEX_POINT ( 'NONE', #203 ) ;
#841 = CARTESIAN_POINT ( 'NONE',  ( -76.24999999999998579, 15.62063306904291160, -48.75000000000000711 ) ) ;
#842 = CARTESIAN_POINT ( 'NONE',  ( -48.74999999999997868, 1.320633069042912444, -9.375000000000000000 ) ) ;
#843 = DIRECTION ( 'NONE',  ( -2.203128887327390795E-16, -1.000000000000000000, 0.000000000000000000 ) ) ;
#844 = ORIENTED_EDGE ( 'NONE', *, *, #1236, .T. ) ;
#845 = VERTEX_POINT ( 'NONE', #1379 ) ;
#846 = FACE_BOUND ( 'NONE', #614, .T. ) ;
#847 = DIRECTION ( 'NONE',  ( 1.000000000000000000, -0.000000000000000000, 0.000000000000000000 ) ) ;
#848 = CARTESIAN_POINT ( 'NONE',  ( -86.24999999999998579, -4.188833590285203365E-14, -12.84999999999999964 ) ) ;
#849 = LINE ( 'NONE', #339, #319 ) ;
#850 = EDGE_CURVE ( 'NONE', #1160, #862, #1125, .T. ) ;
#851 = ORIENTED_EDGE ( 'NONE', *, *, #225, .T. ) ;
#852 = DIRECTION ( 'NONE',  ( 0.000000000000000000, 0.000000000000000000, -1.000000000000000000 ) ) ;
#853 = CARTESIAN_POINT ( 'NONE',  ( -86.24999999999998579, 28.17063306904290343, 7.375000000000001776 ) ) ;
#854 = CARTESIAN_POINT ( 'NONE',  ( 0.000000000000000000, 0.000000000000000000, 17.77999999999999758 ) ) ;
#855 = VECTOR ( 'NONE', #868, 1000.000000000000000 ) ;
#856 = CARTESIAN_POINT ( 'NONE',  ( -48.74999999999997868, 26.17063306904290698, 9.375000000000000000 ) ) ;
#857 = EDGE_CURVE ( 'NONE', #329, #710, #519, .T. ) ;
#858 = VERTEX_POINT ( 'NONE', #948 ) ;
#859 = DIRECTION ( 'NONE',  ( 1.000000000000000000, 0.000000000000000000, 0.000000000000000000 ) ) ;
#860 = DIRECTION ( 'NONE',  ( 1.000000000000000000, 0.000000000000000000, 0.000000000000000000 ) ) ;
#861 = AXIS2_PLACEMENT_3D ( 'NONE', #699, #382, #164 ) ;
#862 = VERTEX_POINT ( 'NONE', #1275 ) ;
#863 = EDGE_LOOP ( 'NONE', ( #1350, #1201, #405, #951 ) ) ;
#864 = CARTESIAN_POINT ( 'NONE',  ( -86.25000000000000000, -44.55899652763844898, -16.27999999999999758 ) ) ;
#865 = EDGE_CURVE ( 'NONE', #122, #914, #388, .T. ) ;
#866 = CARTESIAN_POINT ( 'NONE',  ( -61.74999999999998579, 15.62063306904291338, 17.77999999999999758 ) ) ;
#867 = ORIENTED_EDGE ( 'NONE', *, *, #192, .T. ) ;
#868 = DIRECTION ( 'NONE',  ( 0.000000000000000000, 0.000000000000000000, 1.000000000000000000 ) ) ;
#869 = VECTOR ( 'NONE', #361, 1000.000000000000000 ) ;
#870 = VERTEX_POINT ( 'NONE', #106 ) ;
#871 = EDGE_CURVE ( 'NONE', #1167, #811, #1371, .T. ) ;
#872 = CARTESIAN_POINT ( 'NONE',  ( -59.24999999999998579, 15.62063306904291338, -12.84999999999999964 ) ) ;
#873 = CIRCLE ( 'NONE', #89, 2.500000000000002220 ) ;
#874 = VECTOR ( 'NONE', #615, 1000.000000000000000 ) ;
#875 = CARTESIAN_POINT ( 'NONE',  ( -73.74999999999998579, 15.62063306904291160, 12.84999999999999964 ) ) ;
#876 = LINE ( 'NONE', #1268, #413 ) ;
#877 = ORIENTED_EDGE ( 'NONE', *, *, #930, .T. ) ;
#878 = FACE_OUTER_BOUND ( 'NONE', #446, .T. ) ;
#879 = ORIENTED_EDGE ( 'NONE', *, *, #347, .F. ) ;
#880 = CARTESIAN_POINT ( 'NONE',  ( -82.24999999999995737, 0.000000000000000000, 17.77999999999999758 ) ) ;
#881 = ADVANCED_FACE ( 'NONE', ( #1183 ), #1077, .T. ) ;
#882 = FILL_AREA_STYLE ('',( #460 ) ) ;
#883 = DIRECTION ( 'NONE',  ( -1.000000000000000000, 0.000000000000000000, 0.000000000000000000 ) ) ;
#884 = AXIS2_PLACEMENT_3D ( 'NONE', #936, #1243, #1030 ) ;
#885 = EDGE_CURVE ( 'NONE', #715, #187, #36, .T. ) ;
#886 = ORIENTED_EDGE ( 'NONE', *, *, #225, .F. ) ;
#887 = PLANE ( 'NONE',  #522 ) ;
#888 = ORIENTED_EDGE ( 'NONE', *, *, #1014, .T. ) ;
#889 = DIRECTION ( 'NONE',  ( -1.000000000000000000, 0.000000000000000000, 0.000000000000000000 ) ) ;
#890 = LINE ( 'NONE', #248, #1121 ) ;
#891 = CARTESIAN_POINT ( 'NONE',  ( -76.24999999999998579, 15.62063306904291160, -48.75000000000000711 ) ) ;
#892 = ORIENTED_EDGE ( 'NONE', *, *, #149, .T. ) ;
#893 = EDGE_CURVE ( 'NONE', #31, #613, #895, .T. ) ;
#894 = CYLINDRICAL_SURFACE ( 'NONE', #1011, 2.500000000000002220 ) ;
#895 =( BOUNDED_CURVE ( )  B_SPLINE_CURVE ( 3, ( #799, #128, #983, #568 ),
 .UNSPECIFIED., .F., .T. ) 
 B_SPLINE_CURVE_WITH_KNOTS ( ( 4, 4 ),
 ( 3.141592653589793116, 4.620529649725946264 ),
 .UNSPECIFIED. ) 
 CURVE ( )  GEOMETRIC_REPRESENTATION_ITEM ( )  RATIONAL_B_SPLINE_CURVE ( ( 1.000000000000000000, 0.8258845598225592610, 0.8258845598225592610, 1.000000000000000000 ) ) 
 REPRESENTATION_ITEM ( '' )  );
#896 = DIRECTION ( 'NONE',  ( 0.000000000000000000, 0.000000000000000000, -1.000000000000000000 ) ) ;
#897 = DIRECTION ( 'NONE',  ( -0.000000000000000000, -0.000000000000000000, 1.000000000000000000 ) ) ;
#898 = LINE ( 'NONE', #1116, #302 ) ;
#899 = VECTOR ( 'NONE', #1205, 1000.000000000000114 ) ;
#900 = AXIS2_PLACEMENT_3D ( 'NONE', #1090, #470, #1307 ) ;
#901 = ORIENTED_EDGE ( 'NONE', *, *, #543, .F. ) ;
#902 = CIRCLE ( 'NONE', #1349, 2.500000000000002220 ) ;
#903 = EDGE_CURVE ( 'NONE', #970, #496, #1225, .T. ) ;
#904 = DIRECTION ( 'NONE',  ( 1.000000000000000000, 0.000000000000000000, 0.000000000000000000 ) ) ;
#905 = LINE ( 'NONE', #267, #478 ) ;
#906 = CARTESIAN_POINT ( 'NONE',  ( -86.25000000000000000, 31.49563306904290627, -69.36828039361154197 ) ) ;
#907 = DIRECTION ( 'NONE',  ( -0.000000000000000000, -0.000000000000000000, 1.000000000000000000 ) ) ;
#908 = ORIENTED_EDGE ( 'NONE', *, *, #818, .F. ) ;
#909 = FACE_OUTER_BOUND ( 'NONE', #819, .T. ) ;
#910 = CARTESIAN_POINT ( 'NONE',  ( -59.24999999999998579, 15.62063306904291338, 9.375000000000001776 ) ) ;
#911 = ADVANCED_FACE ( 'NONE', ( #660 ), #1210, .F. ) ;
#912 = DIRECTION ( 'NONE',  ( -0.5773502691896270633, 0.5773502691896283956, 0.5773502691896217343 ) ) ;
#913 = DIRECTION ( 'NONE',  ( 0.000000000000000000, 0.000000000000000000, -1.000000000000000000 ) ) ;
#914 = VERTEX_POINT ( 'NONE', #13 ) ;
#915 = ORIENTED_EDGE ( 'NONE', *, *, #938, .T. ) ;
#916 = LINE ( 'NONE', #282, #874 ) ;
#917 = LINE ( 'NONE', #1255, #453 ) ;
#918 = EDGE_CURVE ( 'NONE', #1230, #1085, #251, .T. ) ;
#919 = AXIS2_PLACEMENT_3D ( 'NONE', #572, #484, #996 ) ;
#920 = ORIENTED_EDGE ( 'NONE', *, *, #918, .F. ) ;
#921 = AXIS2_PLACEMENT_3D ( 'NONE', #910, #168, #598 ) ;
#922 = ORIENTED_EDGE ( 'NONE', *, *, #127, .T. ) ;
#923 = VECTOR ( 'NONE', #1300, 1000.000000000000000 ) ;
#924 = DIRECTION ( 'NONE',  ( 0.000000000000000000, 0.000000000000000000, -1.000000000000000000 ) ) ;
#925 = DIRECTION ( 'NONE',  ( 0.000000000000000000, 0.000000000000000000, -1.000000000000000000 ) ) ;
#926 = FACE_OUTER_BOUND ( 'NONE', #126, .T. ) ;
#927 = APPLICATION_PROTOCOL_DEFINITION ( 'draft international standard', 'automotive_design', 1998, #1128 ) ;
#928 = EDGE_CURVE ( 'NONE', #1306, #1051, #682, .T. ) ;
#929 = ORIENTED_EDGE ( 'NONE', *, *, #243, .F. ) ;
#930 = EDGE_CURVE ( 'NONE', #672, #345, #253, .T. ) ;
#931 = AXIS2_PLACEMENT_3D ( 'NONE', #143, #595, #808 ) ;
#932 = VERTEX_POINT ( 'NONE', #21 ) ;
#933 = CARTESIAN_POINT ( 'NONE',  ( -48.74999999999997868, 1.320633069042912444, 11.25000000000000000 ) ) ;
#934 = PLANE ( 'NONE',  #702 ) ;
#935 = FACE_OUTER_BOUND ( 'NONE', #675, .T. ) ;
#936 = CARTESIAN_POINT ( 'NONE',  ( 0.000000000000000000, 0.000000000000000000, 0.000000000000000000 ) ) ;
#937 = EDGE_LOOP ( 'NONE', ( #1150, #281, #1260, #587 ) ) ;
#938 = EDGE_CURVE ( 'NONE', #1053, #858, #770, .T. ) ;
#939 = EDGE_LOOP ( 'NONE', ( #695, #1091, #1377, #321 ) ) ;
#940 = CARTESIAN_POINT ( 'NONE',  ( -48.74999999999997868, 0.000000000000000000, -12.84999999999999964 ) ) ;
#941 = CARTESIAN_POINT ( 'NONE',  ( -78.74999999999998579, 15.62063306904291160, 17.77999999999999758 ) ) ;
#942 = EDGE_LOOP ( 'NONE', ( #1195, #724, #1069, #922 ) ) ;
#943 = VECTOR ( 'NONE', #131, 1000.000000000000000 ) ;
#944 = ORIENTED_EDGE ( 'NONE', *, *, #1082, .F. ) ;
#945 = LINE ( 'NONE', #1162, #1326 ) ;
#946 = AXIS2_PLACEMENT_3D ( 'NONE', #1022, #1138, #175 ) ;
#947 = VECTOR ( 'NONE', #992, 1000.000000000000000 ) ;
#948 = CARTESIAN_POINT ( 'NONE',  ( -45.39200480260813464, 0.000000000000000000, 17.77999999999999758 ) ) ;
#949 = EDGE_LOOP ( 'NONE', ( #83, #1074, #419, #1107 ) ) ;
#950 = ORIENTED_EDGE ( 'NONE', *, *, #290, .F. ) ;
#951 = ORIENTED_EDGE ( 'NONE', *, *, #736, .T. ) ;
#952 = DIRECTION ( 'NONE',  ( 4.856618655403135597E-16, -1.000000000000000000, 0.000000000000000000 ) ) ;
#953 = DIRECTION ( 'NONE',  ( 0.000000000000000000, 0.000000000000000000, -1.000000000000000000 ) ) ;
#954 = ADVANCED_FACE ( 'NONE', ( #558 ), #894, .F. ) ;
#955 = FACE_BOUND ( 'NONE', #1372, .T. ) ;
#956 = ORIENTED_EDGE ( 'NONE', *, *, #535, .T. ) ;
#957 = VERTEX_POINT ( 'NONE', #1106 ) ;
#958 = CARTESIAN_POINT ( 'NONE',  ( -84.15439431936152914, 2.920633069042912755, -9.375000000000000000 ) ) ;
#959 = PLANE ( 'NONE',  #1101 ) ;
#960 = CARTESIAN_POINT ( 'NONE',  ( -84.15439431936152914, 1.320633069042912444, 11.25000000000000000 ) ) ;
#961 = EDGE_CURVE ( 'NONE', #1306, #1118, #238, .T. ) ;
#962 = CARTESIAN_POINT ( 'NONE',  ( -48.74999999999997868, 1.320633069042912444, 12.84999999999999964 ) ) ;
#963 = ORIENTED_EDGE ( 'NONE', *, *, #527, .T. ) ;
#964 = MECHANICAL_DESIGN_GEOMETRIC_PRESENTATION_REPRESENTATION (  '', ( #1146 ), #1075 ) ;
#965 = PLANE ( 'NONE',  #501 ) ;
#966 = AXIS2_PLACEMENT_3D ( 'NONE', #764, #979, #1192 ) ;
#967 = CARTESIAN_POINT ( 'NONE',  ( -59.24999999999998579, 15.62063306904291338, 12.84999999999999964 ) ) ;
#968 = AXIS2_PLACEMENT_3D ( 'NONE', #999, #582, #43 ) ;
#969 = ORIENTED_EDGE ( 'NONE', *, *, #1357, .T. ) ;
#970 = VERTEX_POINT ( 'NONE', #690 ) ;
#971 = ADVANCED_FACE ( 'NONE', ( #552 ), #456, .F. ) ;
#972 = DIRECTION ( 'NONE',  ( -1.698295246838290135E-16, 1.000000000000000000, 0.000000000000000000 ) ) ;
#973 = ORIENTED_EDGE ( 'NONE', *, *, #76, .T. ) ;
#974 = CARTESIAN_POINT ( 'NONE',  ( -86.25000000000000000, 2.773864751887414215, 12.84325423617178608 ) ) ;
#975 = FACE_OUTER_BOUND ( 'NONE', #1141, .T. ) ;
#976 = EDGE_LOOP ( 'NONE', ( #1342, #391, #1105, #817 ) ) ;
#977 = ADVANCED_FACE ( 'NONE', ( #878 ), #887, .F. ) ;
#978 = EDGE_LOOP ( 'NONE', ( #661, #825, #486, #851 ) ) ;
#979 = DIRECTION ( 'NONE',  ( -0.000000000000000000, 0.000000000000000000, 1.000000000000000000 ) ) ;
#980 = VERTEX_POINT ( 'NONE', #1321 ) ;
#981 = PLANE ( 'NONE',  #1259 ) ;
#982 = ORIENTED_EDGE ( 'NONE', *, *, #1166, .T. ) ;
#983 = CARTESIAN_POINT ( 'NONE',  ( -85.00019682114161412, 1.907168505729419428, -12.76341540904320837 ) ) ;
#984 = EDGE_CURVE ( 'NONE', #279, #1004, #208, .T. ) ;
#985 = AXIS2_PLACEMENT_3D ( 'NONE', #369, #594, #375 ) ;
#986 = VERTEX_POINT ( 'NONE', #785 ) ;
#987 = VECTOR ( 'NONE', #1179, 1000.000000000000000 ) ;
#988 = CIRCLE ( 'NONE', #968, 2.500000000000002220 ) ;
#989 = DIRECTION ( 'NONE',  ( -0.000000000000000000, 0.000000000000000000, 1.000000000000000000 ) ) ;
#990 = DIRECTION ( 'NONE',  ( 1.000000000000000000, 0.000000000000000000, 0.000000000000000000 ) ) ;
#991 = ORIENTED_EDGE ( 'NONE', *, *, #1066, .T. ) ;
#992 = DIRECTION ( 'NONE',  ( -1.000000000000000000, -1.850371707708593577E-16, -0.000000000000000000 ) ) ;
#993 = ORIENTED_EDGE ( 'NONE', *, *, #1221, .T. ) ;
#994 = CARTESIAN_POINT ( 'NONE',  ( -86.25000000000000000, 31.49563306904290627, -16.28000000000000114 ) ) ;
#995 = EDGE_CURVE ( 'NONE', #17, #1208, #988, .T. ) ;
#996 = DIRECTION ( 'NONE',  ( 0.000000000000000000, 0.000000000000000000, -1.000000000000000000 ) ) ;
#997 = CARTESIAN_POINT ( 'NONE',  ( 0.000000000000000000, 1.320633069042912444, -11.25000000000000000 ) ) ;
#998 = EDGE_LOOP ( 'NONE', ( #1186, #757, #731, #737, #71, #426 ) ) ;
#999 = CARTESIAN_POINT ( 'NONE',  ( -76.24999999999998579, 15.62063306904291160, 12.84999999999999964 ) ) ;
#1000 = ORIENTED_EDGE ( 'NONE', *, *, #280, .T. ) ;
#1001 = CYLINDRICAL_SURFACE ( 'NONE', #726, 2.000000000000001776 ) ;
#1002 = LINE ( 'NONE', #155, #564 ) ;
#1003 = CARTESIAN_POINT ( 'NONE',  ( -86.25000000000000000, 26.17063306904289988, -7.375000000000000000 ) ) ;
#1004 = VERTEX_POINT ( 'NONE', #259 ) ;
#1005 = DIRECTION ( 'NONE',  ( -1.000000000000000000, -1.698295246838290135E-16, 0.000000000000000000 ) ) ;
#1006 = CARTESIAN_POINT ( 'NONE',  ( -86.25000000000000000, 31.49563306904290627, -69.36828039361154197 ) ) ;
#1007 = AXIS2_PLACEMENT_3D ( 'NONE', #542, #425, #1304 ) ;
#1008 = CARTESIAN_POINT ( 'NONE',  ( 0.000000000000000000, 0.000000000000000000, -17.78000000000000114 ) ) ;
#1009 = DIRECTION ( 'NONE',  ( -1.000000000000000000, 0.000000000000000000, 0.000000000000000000 ) ) ;
#1010 = CIRCLE ( 'NONE', #432, 2.500000000000002220 ) ;
#1011 = AXIS2_PLACEMENT_3D ( 'NONE', #121, #1196, #575 ) ;
#1012 = ORIENTED_EDGE ( 'NONE', *, *, #1246, .T. ) ;
#1013 = CIRCLE ( 'NONE', #230, 1.600000000000000755 ) ;
#1014 = EDGE_CURVE ( 'NONE', #35, #90, #902, .T. ) ;
#1015 = DIRECTION ( 'NONE',  ( 2.203128887327391041E-16, 1.000000000000000000, 0.000000000000000000 ) ) ;
#1016 = DIRECTION ( 'NONE',  ( 1.000000000000000000, -0.000000000000000000, 0.000000000000000000 ) ) ;
#1017 = CARTESIAN_POINT ( 'NONE',  ( -86.25000000000000000, 31.49563306904290627, 12.84999999999999964 ) ) ;
#1018 = FACE_OUTER_BOUND ( 'NONE', #1319, .T. ) ;
#1019 = ORIENTED_EDGE ( 'NONE', *, *, #903, .T. ) ;
#1020 = CARTESIAN_POINT ( 'NONE',  ( -86.25000000000000000, -44.55899652763844898, 16.27999999999999758 ) ) ;
#1021 = EDGE_CURVE ( 'NONE', #957, #1048, #1330, .T. ) ;
#1022 = CARTESIAN_POINT ( 'NONE',  ( 0.000000000000000000, 2.920633069042912755, -11.25000000000000000 ) ) ;
#1023 = DIRECTION ( 'NONE',  ( 1.200876085496228284E-16, -0.7071067811865426878, -0.7071067811865524577 ) ) ;
#1024 =( LENGTH_UNIT ( ) NAMED_UNIT ( * ) SI_UNIT ( .MILLI., .METRE. ) );
#1025 = ORIENTED_EDGE ( 'NONE', *, *, #223, .T. ) ;
#1026 = VERTEX_POINT ( 'NONE', #394 ) ;
#1027 = FACE_OUTER_BOUND ( 'NONE', #443, .T. ) ;
#1028 = DIRECTION ( 'NONE',  ( 1.000000000000000000, 0.000000000000000000, 0.000000000000000000 ) ) ;
#1029 = ADVANCED_FACE ( 'NONE', ( #1129, #833, #909 ), #167, .F. ) ;
#1030 = DIRECTION ( 'NONE',  ( 1.000000000000000000, 0.000000000000000000, 0.000000000000000000 ) ) ;
#1031 = CLOSED_SHELL ( 'NONE', ( #337, #1375, #954, #141, #314, #1348, #977, #1137, #881, #157, #794, #644, #692, #753, #374, #1178, #1144, #686, #1264, #1029, #34, #252, #1254, #1175, #1097, #718, #911, #971, #800, #1058, #236, #380, #24, #503, #392, #1047, #1072, #655, #1127, #550, #836 ) ) ;
#1032 = VERTEX_POINT ( 'NONE', #1240 ) ;
#1033 = VECTOR ( 'NONE', #107, 1000.000000000000000 ) ;
#1034 = ORIENTED_EDGE ( 'NONE', *, *, #1219, .F. ) ;
#1035 = VECTOR ( 'NONE', #1015, 1000.000000000000000 ) ;
#1036 = DIRECTION ( 'NONE',  ( 0.8217464086295926950, -0.5698533494719203452, 0.000000000000000000 ) ) ;
#1037 = LINE ( 'NONE', #1232, #365 ) ;
#1038 = CARTESIAN_POINT ( 'NONE',  ( -4.842539900377994549E-15, 26.17063306904291764, 9.375000000000000000 ) ) ;
#1039 = EDGE_CURVE ( 'NONE', #177, #249, #916, .T. ) ;
#1040 = VERTEX_POINT ( 'NONE', #1136 ) ;
#1041 = CIRCLE ( 'NONE', #1134, 2.500000000000002220 ) ;
#1042 = EDGE_LOOP ( 'NONE', ( #944, #557, #908, #303, #454, #352, #214, #9, #19, #293, #359, #1362, #681, #237 ) ) ;
#1043 = DIRECTION ( 'NONE',  ( -0.000000000000000000, -0.000000000000000000, 1.000000000000000000 ) ) ;
#1044 = LINE ( 'NONE', #181, #520 ) ;
#1045 = CARTESIAN_POINT ( 'NONE',  ( -86.25000000000000000, 2.773864751887414215, -16.27999999999999758 ) ) ;
#1046 = ORIENTED_EDGE ( 'NONE', *, *, #137, .T. ) ;
#1047 = ADVANCED_FACE ( 'NONE', ( #1027 ), #696, .T. ) ;
#1048 = VERTEX_POINT ( 'NONE', #1248 ) ;
#1049 = CARTESIAN_POINT ( 'NONE',  ( -56.74999999999997868, 15.62063306904291338, -9.375000000000001776 ) ) ;
#1050 = CARTESIAN_POINT ( 'NONE',  ( -86.25000000000000000, 2.920633069042912755, -10.97499999999999964 ) ) ;
#1051 = VERTEX_POINT ( 'NONE', #406 ) ;
#1052 = LINE ( 'NONE', #286, #1211 ) ;
#1053 = VERTEX_POINT ( 'NONE', #1359 ) ;
#1054 = CIRCLE ( 'NONE', #205, 2.500000000000002220 ) ;
#1055 = ORIENTED_EDGE ( 'NONE', *, *, #827, .F. ) ;
#1056 = CARTESIAN_POINT ( 'NONE',  ( -86.24999999999998579, -4.188833590285203365E-14, -9.375000000000000000 ) ) ;
#1057 = CIRCLE ( 'NONE', #631, 2.500000000000002220 ) ;
#1058 = ADVANCED_FACE ( 'NONE', ( #1253 ), #597, .T. ) ;
#1059 = VECTOR ( 'NONE', #952, 1000.000000000000000 ) ;
#1060 = DIRECTION ( 'NONE',  ( 0.5773502691896302830, -0.5773502691896275074, 0.5773502691896196248 ) ) ;
#1061 = CARTESIAN_POINT ( 'NONE',  ( -76.24999999999998579, 15.62063306904291160, -9.375000000000001776 ) ) ;
#1062 = LINE ( 'NONE', #962, #540 ) ;
#1063 = ORIENTED_EDGE ( 'NONE', *, *, #1288, .T. ) ;
#1064 = LINE ( 'NONE', #958, #229 ) ;
#1065 = DIRECTION ( 'NONE',  ( 0.000000000000000000, 0.000000000000000000, 1.000000000000000000 ) ) ;
#1066 = EDGE_CURVE ( 'NONE', #505, #328, #64, .T. ) ;
#1067 = CARTESIAN_POINT ( 'NONE',  ( -73.74999999999998579, 15.62063306904291160, -12.84999999999999964 ) ) ;
#1068 = LINE ( 'NONE', #536, #746 ) ;
#1069 = ORIENTED_EDGE ( 'NONE', *, *, #42, .T. ) ;
#1070 = FACE_OUTER_BOUND ( 'NONE', #228, .T. ) ;
#1071 = DIRECTION ( 'NONE',  ( 0.000000000000000000, 0.000000000000000000, -1.000000000000000000 ) ) ;
#1072 = ADVANCED_FACE ( 'NONE', ( #266 ), #717, .T. ) ;
#1073 = EDGE_LOOP ( 'NONE', ( #647, #1315, #414, #752, #221, #1273, #92, #652, #605, #1252 ) ) ;
#1074 = ORIENTED_EDGE ( 'NONE', *, *, #1271, .F. ) ;
#1075 =( GEOMETRIC_REPRESENTATION_CONTEXT ( 3 ) GLOBAL_UNCERTAINTY_ASSIGNED_CONTEXT ( ( #428 ) ) GLOBAL_UNIT_ASSIGNED_CONTEXT ( ( #721, #513, #612 ) ) REPRESENTATION_CONTEXT ( 'NONE', 'WORKASPACE' ) );
#1076 = VECTOR ( 'NONE', #1114, 1000.000000000000000 ) ;
#1077 = PLANE ( 'NONE',  #766 ) ;
#1078 = VECTOR ( 'NONE', #417, 1000.000000000000000 ) ;
#1079 = CARTESIAN_POINT ( 'NONE',  ( -48.74999999999997868, 31.49362826643473667, -69.36828039361154197 ) ) ;
#1080 = VECTOR ( 'NONE', #84, 1000.000000000000000 ) ;
#1081 = DIRECTION ( 'NONE',  ( 1.000000000000000000, 1.850371707708594316E-16, 0.000000000000000000 ) ) ;
#1082 = EDGE_CURVE ( 'NONE', #601, #335, #511, .T. ) ;
#1083 = EDGE_LOOP ( 'NONE', ( #63, #1287, #627, #1370 ) ) ;
#1084 = CARTESIAN_POINT ( 'NONE',  ( -1.266157730738332297E-14, 29.99563306904288851, 17.77999999999999758 ) ) ;
#1085 = VERTEX_POINT ( 'NONE', #820 ) ;
#1086 = FACE_OUTER_BOUND ( 'NONE', #530, .T. ) ;
#1087 = PLANE ( 'NONE',  #110 ) ;
#1088 = DIRECTION ( 'NONE',  ( -0.000000000000000000, 0.000000000000000000, 1.000000000000000000 ) ) ;
#1089 = EDGE_LOOP ( 'NONE', ( #529, #497, #1238, #11 ) ) ;
#1090 = CARTESIAN_POINT ( 'NONE',  ( -59.24999999999998579, 15.62063306904291338, -12.84999999999999964 ) ) ;
#1091 = ORIENTED_EDGE ( 'NONE', *, *, #424, .T. ) ;
#1092 = LINE ( 'NONE', #1213, #748 ) ;
#1093 = DIRECTION ( 'NONE',  ( -1.000000000000000000, -1.850371707708593577E-16, 0.000000000000000000 ) ) ;
#1094 = FACE_OUTER_BOUND ( 'NONE', #226, .T. ) ;
#1095 = VERTEX_POINT ( 'NONE', #78 ) ;
#1096 = CARTESIAN_POINT ( 'NONE',  ( -86.25000000000000000, 2.920633069042912755, 10.97499999999999964 ) ) ;
#1097 = ADVANCED_FACE ( 'NONE', ( #179 ), #385, .F. ) ;
#1098 = AXIS2_PLACEMENT_3D ( 'NONE', #150, #1145, #170 ) ;
#1099 = VERTEX_POINT ( 'NONE', #607 ) ;
#1100 = CARTESIAN_POINT ( 'NONE',  ( 0.000000000000000000, 2.920633069042912755, 10.97499999999999964 ) ) ;
#1101 = AXIS2_PLACEMENT_3D ( 'NONE', #85, #532, #95 ) ;
#1102 = AXIS2_PLACEMENT_3D ( 'NONE', #447, #674, #463 ) ;
#1103 = CARTESIAN_POINT ( 'NONE',  ( -86.25000000000000000, 31.49563306904290627, 16.27999999999999048 ) ) ;
#1104 = DIRECTION ( 'NONE',  ( 0.000000000000000000, 0.000000000000000000, 1.000000000000000000 ) ) ;
#1105 = ORIENTED_EDGE ( 'NONE', *, *, #174, .F. ) ;
#1106 = CARTESIAN_POINT ( 'NONE',  ( -86.25000000000000000, 2.773864751887414215, 12.84325423617178608 ) ) ;
#1107 = ORIENTED_EDGE ( 'NONE', *, *, #149, .F. ) ;
#1108 = EDGE_CURVE ( 'NONE', #1351, #505, #602, .T. ) ;
#1109 = CARTESIAN_POINT ( 'NONE',  ( -73.74999999999998579, 15.62063306904291160, -48.75000000000000711 ) ) ;
#1110 = CARTESIAN_POINT ( 'NONE',  ( 0.000000000000000000, 2.920633069042912755, -12.84999999999999964 ) ) ;
#1111 = CYLINDRICAL_SURFACE ( 'NONE', #260, 2.500000000000002220 ) ;
#1112 = ORIENTED_EDGE ( 'NONE', *, *, #626, .T. ) ;
#1113 = CARTESIAN_POINT ( 'NONE',  ( -59.24999999999998579, 15.62063306904291338, 17.77999999999999758 ) ) ;
#1114 = DIRECTION ( 'NONE',  ( 0.000000000000000000, 0.000000000000000000, 1.000000000000000000 ) ) ;
#1115 = CARTESIAN_POINT ( 'NONE',  ( -84.74999999999995737, 2.773864751887414215, 17.77999999999999758 ) ) ;
#1116 = CARTESIAN_POINT ( 'NONE',  ( -84.15439431936152914, 1.320633069042912444, 10.97499999999999964 ) ) ;
#1117 = EDGE_CURVE ( 'NONE', #858, #840, #506, .T. ) ;
#1118 = VERTEX_POINT ( 'NONE', #933 ) ;
#1119 = CARTESIAN_POINT ( 'NONE',  ( 0.000000000000000000, 1.320633069042912444, 0.000000000000000000 ) ) ;
#1120 = DIRECTION ( 'NONE',  ( 0.000000000000000000, 0.000000000000000000, -1.000000000000000000 ) ) ;
#1121 = VECTOR ( 'NONE', #1340, 1000.000000000000000 ) ;
#1122 = DIRECTION ( 'NONE',  ( 0.000000000000000000, 0.000000000000000000, -1.000000000000000000 ) ) ;
#1123 = CARTESIAN_POINT ( 'NONE',  ( -48.74999999999997868, 2.920633069042912755, -11.25000000000000000 ) ) ;
#1124 = VECTOR ( 'NONE', #465, 1000.000000000000000 ) ;
#1125 = CIRCLE ( 'NONE', #162, 1.600000000000000755 ) ;
#1126 = ORIENTED_EDGE ( 'NONE', *, *, #200, .T. ) ;
#1127 = ADVANCED_FACE ( 'NONE', ( #378 ), #498, .F. ) ;
#1128 = APPLICATION_CONTEXT ( 'automotive_design' ) ;
#1129 = FACE_BOUND ( 'NONE', #600, .T. ) ;
#1130 = FACE_OUTER_BOUND ( 'NONE', #1277, .T. ) ;
#1131 = CARTESIAN_POINT ( 'NONE',  ( -86.24999999999998579, 2.920633069042912755, 12.84999999999999964 ) ) ;
#1132 = DIRECTION ( 'NONE',  ( -0.000000000000000000, -0.000000000000000000, 1.000000000000000000 ) ) ;
#1133 = EDGE_LOOP ( 'NONE', ( #553, #1308 ) ) ;
#1134 = AXIS2_PLACEMENT_3D ( 'NONE', #55, #1104, #694 ) ;
#1135 = ORIENTED_EDGE ( 'NONE', *, *, #1108, .F. ) ;
#1136 = CARTESIAN_POINT ( 'NONE',  ( -84.74999999999997158, 29.99563306904288851, -17.78000000000000114 ) ) ;
#1137 = ADVANCED_FACE ( 'NONE', ( #52 ), #826, .F. ) ;
#1138 = DIRECTION ( 'NONE',  ( -1.000000000000000000, 0.000000000000000000, 0.000000000000000000 ) ) ;
#1139 = CARTESIAN_POINT ( 'NONE',  ( -86.25000000000000000, 2.773864751887414215, 9.381745763828215345 ) ) ;
#1140 = ORIENTED_EDGE ( 'NONE', *, *, #527, .F. ) ;
#1141 = EDGE_LOOP ( 'NONE', ( #400, #1156, #761, #581, #509, #1000, #294, #574, #1135, #993, #246, #232, #384, #492 ) ) ;
#1142 = DIRECTION ( 'NONE',  ( 0.000000000000000000, 0.000000000000000000, 1.000000000000000000 ) ) ;
#1143 = CYLINDRICAL_SURFACE ( 'NONE', #946, 1.600000000000000755 ) ;
#1144 = ADVANCED_FACE ( 'NONE', ( #487 ), #981, .T. ) ;
#1145 = DIRECTION ( 'NONE',  ( -0.000000000000000000, 0.000000000000000000, 1.000000000000000000 ) ) ;
#1146 = STYLED_ITEM ( 'NONE', ( #1256 ), #219 ) ;
#1147 = VECTOR ( 'NONE', #1296, 1000.000000000000000 ) ;
#1148 = EDGE_LOOP ( 'NONE', ( #172, #201, #743, #144, #1302 ) ) ;
#1149 = VECTOR ( 'NONE', #1158, 1000.000000000000000 ) ;
#1150 = ORIENTED_EDGE ( 'NONE', *, *, #418, .F. ) ;
#1151 = AXIS2_PLACEMENT_3D ( 'NONE', #1344, #814, #401 ) ;
#1152 = DIRECTION ( 'NONE',  ( 0.000000000000000000, -0.000000000000000000, 1.000000000000000000 ) ) ;
#1153 = FACE_OUTER_BOUND ( 'NONE', #1148, .T. ) ;
#1154 = LINE ( 'NONE', #389, #679 ) ;
#1155 = VERTEX_POINT ( 'NONE', #195 ) ;
#1156 = ORIENTED_EDGE ( 'NONE', *, *, #475, .T. ) ;
#1157 = CARTESIAN_POINT ( 'NONE',  ( -48.74999999999997868, 2.920633069042912755, -9.375000000000000000 ) ) ;
#1158 = DIRECTION ( 'NONE',  ( -0.000000000000000000, -0.000000000000000000, 1.000000000000000000 ) ) ;
#1159 = SURFACE_STYLE_USAGE ( .BOTH. , #822 ) ;
#1160 = VERTEX_POINT ( 'NONE', #28 ) ;
#1161 = ORIENTED_EDGE ( 'NONE', *, *, #183, .T. ) ;
#1162 = CARTESIAN_POINT ( 'NONE',  ( -45.39200480260813464, 28.13563306904285355, -69.36828039361154197 ) ) ;
#1163 = DIRECTION ( 'NONE',  ( 1.000000000000000000, 0.000000000000000000, 0.000000000000000000 ) ) ;
#1164 = LINE ( 'NONE', #760, #1214 ) ;
#1165 = VERTEX_POINT ( 'NONE', #739 ) ;
#1166 = EDGE_CURVE ( 'NONE', #332, #1160, #316, .T. ) ;
#1167 = VERTEX_POINT ( 'NONE', #768 ) ;
#1168 = FACE_OUTER_BOUND ( 'NONE', #171, .T. ) ;
#1169 = AXIS2_PLACEMENT_3D ( 'NONE', #616, #821, #196 ) ;
#1170 = VECTOR ( 'NONE', #1142, 1000.000000000000000 ) ;
#1171 = CARTESIAN_POINT ( 'NONE',  ( -48.74999999999997868, 28.17063306904291053, -9.375000000000000000 ) ) ;
#1172 = FACE_OUTER_BOUND ( 'NONE', #471, .T. ) ;
#1173 = DIRECTION ( 'NONE',  ( -0.000000000000000000, 0.000000000000000000, 1.000000000000000000 ) ) ;
#1174 = ORIENTED_EDGE ( 'NONE', *, *, #1381, .T. ) ;
#1175 = ADVANCED_FACE ( 'NONE', ( #18 ), #99, .F. ) ;
#1176 = CIRCLE ( 'NONE', #931, 2.500000000000002220 ) ;
#1177 = CYLINDRICAL_SURFACE ( 'NONE', #1215, 1.600000000000000755 ) ;
#1178 = ADVANCED_FACE ( 'NONE', ( #1168, #846, #1274 ), #556, .T. ) ;
#1179 = DIRECTION ( 'NONE',  ( -1.000000000000000000, 0.000000000000000000, -0.000000000000000000 ) ) ;
#1180 = EDGE_LOOP ( 'NONE', ( #771, #1055 ) ) ;
#1181 = ORIENTED_EDGE ( 'NONE', *, *, #1320, .T. ) ;
#1182 = PRODUCT_DEFINITION_CONTEXT ( 'detailed design', #720, 'design' ) ;
#1183 = FACE_OUTER_BOUND ( 'NONE', #560, .T. ) ;
#1184 = EDGE_CURVE ( 'NONE', #1197, #840, #945, .T. ) ;
#1185 = DIRECTION ( 'NONE',  ( 0.000000000000000000, 0.000000000000000000, 1.000000000000000000 ) ) ;
#1186 = ORIENTED_EDGE ( 'NONE', *, *, #298, .T. ) ;
#1187 = ORIENTED_EDGE ( 'NONE', *, *, #1082, .T. ) ;
#1188 = COLOUR_RGB ( '',0.7921568627450980005, 0.8196078431372548767, 0.9333333333333333481 ) ;
#1189 = CIRCLE ( 'NONE', #966, 2.500000000000002220 ) ;
#1190 = DIRECTION ( 'NONE',  ( 0.000000000000000000, -1.000000000000000000, 0.000000000000000000 ) ) ;
#1191 = ORIENTED_EDGE ( 'NONE', *, *, #673, .F. ) ;
#1192 = DIRECTION ( 'NONE',  ( 1.000000000000000000, 0.000000000000000000, 0.000000000000000000 ) ) ;
#1193 = ORIENTED_EDGE ( 'NONE', *, *, #827, .T. ) ;
#1194 = DIRECTION ( 'NONE',  ( -0.6348860389589413566, 0.4402720012334034316, -0.6348860389589295883 ) ) ;
#1195 = ORIENTED_EDGE ( 'NONE', *, *, #903, .F. ) ;
#1196 = DIRECTION ( 'NONE',  ( -0.000000000000000000, -0.000000000000000000, 1.000000000000000000 ) ) ;
#1197 = VERTEX_POINT ( 'NONE', #461 ) ;
#1198 = CARTESIAN_POINT ( 'NONE',  ( -86.25000000000000000, 2.773864751887414215, -0.000000000000000000 ) ) ;
#1199 = DIRECTION ( 'NONE',  ( 0.5698533494719203452, 0.8217464086295926950, 0.000000000000000000 ) ) ;
#1200 = CARTESIAN_POINT ( 'NONE',  ( -76.24999999999998579, 15.62063306904291160, -12.84999999999999964 ) ) ;
#1201 = ORIENTED_EDGE ( 'NONE', *, *, #94, .T. ) ;
#1202 = EDGE_CURVE ( 'NONE', #415, #1026, #455, .T. ) ;
#1203 = DIRECTION ( 'NONE',  ( 0.000000000000000000, 0.000000000000000000, -1.000000000000000000 ) ) ;
#1204 = ORIENTED_EDGE ( 'NONE', *, *, #984, .T. ) ;
#1205 = DIRECTION ( 'NONE',  ( 0.5773502691896240657, -0.5773502691896299499, -0.5773502691896233996 ) ) ;
#1206 = DIRECTION ( 'NONE',  ( 1.000000000000000000, 0.000000000000000000, 0.000000000000000000 ) ) ;
#1207 = DIRECTION ( 'NONE',  ( 1.000000000000000000, 1.850371707708594316E-16, -0.000000000000000000 ) ) ;
#1208 = VERTEX_POINT ( 'NONE', #210 ) ;
#1209 = EDGE_CURVE ( 'NONE', #1165, #642, #114, .T. ) ;
#1210 = CYLINDRICAL_SURFACE ( 'NONE', #610, 2.500000000000002220 ) ;
#1211 = VECTOR ( 'NONE', #307, 1000.000000000000000 ) ;
#1212 = ORIENTED_EDGE ( 'NONE', *, *, #475, .F. ) ;
#1213 = CARTESIAN_POINT ( 'NONE',  ( -48.74999999999997868, 2.920633069042912755, 9.375000000000000000 ) ) ;
#1214 = VECTOR ( 'NONE', #204, 1000.000000000000000 ) ;
#1215 = AXIS2_PLACEMENT_3D ( 'NONE', #546, #759, #953 ) ;
#1216 = LINE ( 'NONE', #1110, #88 ) ;
#1217 = EDGE_LOOP ( 'NONE', ( #178, #420 ) ) ;
#1218 = DIRECTION ( 'NONE',  ( 0.000000000000000000, 0.000000000000000000, -1.000000000000000000 ) ) ;
#1219 = EDGE_CURVE ( 'NONE', #1266, #1160, #1064, .T. ) ;
#1220 = LINE ( 'NONE', #697, #299 ) ;
#1221 = EDGE_CURVE ( 'NONE', #1351, #1048, #427, .T. ) ;
#1222 = CARTESIAN_POINT ( 'NONE',  ( -61.74999999999998579, 15.62063306904291338, -48.75000000000000711 ) ) ;
#1223 = CARTESIAN_POINT ( 'NONE',  ( -84.15439431936152914, 1.320633069042912444, 11.25000000000000000 ) ) ;
#1224 = ORIENTED_EDGE ( 'NONE', *, *, #1209, .T. ) ;
#1225 = LINE ( 'NONE', #245, #947 ) ;
#1226 = CARTESIAN_POINT ( 'NONE',  ( -4.893105323617371775E-15, 26.17063306904291764, -7.375000000000000000 ) ) ;
#1227 = EDGE_CURVE ( 'NONE', #1118, #986, #1013, .T. ) ;
#1228 = DIRECTION ( 'NONE',  ( -0.000000000000000000, -0.000000000000000000, 1.000000000000000000 ) ) ;
#1229 = DIRECTION ( 'NONE',  ( 0.000000000000000000, 0.000000000000000000, 1.000000000000000000 ) ) ;
#1230 = VERTEX_POINT ( 'NONE', #1049 ) ;
#1231 = DIRECTION ( 'NONE',  ( 1.000000000000000000, 0.000000000000000000, 0.000000000000000000 ) ) ;
#1232 = CARTESIAN_POINT ( 'NONE',  ( -56.74999999999997868, 15.62063306904291338, -48.75000000000000711 ) ) ;
#1233 = CARTESIAN_POINT ( 'NONE',  ( -82.24999999999995737, 0.000000000000000000, -17.78000000000000114 ) ) ;
#1234 = DIRECTION ( 'NONE',  ( 0.000000000000000000, 0.000000000000000000, -1.000000000000000000 ) ) ;
#1235 = AXIS2_PLACEMENT_3D ( 'NONE', #554, #528, #1185 ) ;
#1236 = EDGE_CURVE ( 'NONE', #870, #657, #452, .T. ) ;
#1237 = AXIS2_PLACEMENT_3D ( 'NONE', #100, #4, #747 ) ;
#1238 = ORIENTED_EDGE ( 'NONE', *, *, #180, .F. ) ;
#1239 = ORIENTED_EDGE ( 'NONE', *, *, #1221, .F. ) ;
#1240 = CARTESIAN_POINT ( 'NONE',  ( -48.75200480260815539, 31.49563306904291338, -16.28000000000000114 ) ) ;
#1241 = CARTESIAN_POINT ( 'NONE',  ( -61.74999999999998579, 15.62063306904291338, -12.84999999999999964 ) ) ;
#1242 = CARTESIAN_POINT ( 'NONE',  ( -1.266157730738332297E-14, 29.99563306904288851, 17.77999999999999758 ) ) ;
#1243 = DIRECTION ( 'NONE',  ( 0.000000000000000000, 0.000000000000000000, 1.000000000000000000 ) ) ;
#1244 = AXIS2_PLACEMENT_3D ( 'NONE', #1123, #491, #50 ) ;
#1245 = EDGE_LOOP ( 'NONE', ( #309, #773, #1247, #1191 ) ) ;
#1246 = EDGE_CURVE ( 'NONE', #1208, #642, #876, .T. ) ;
#1247 = ORIENTED_EDGE ( 'NONE', *, *, #468, .T. ) ;
#1248 = CARTESIAN_POINT ( 'NONE',  ( -86.25000000000000000, 2.773864751887414215, 16.27999999999999758 ) ) ;
#1249 = CARTESIAN_POINT ( 'NONE',  ( -56.74999999999997868, 15.62063306904291338, -17.78000000000000114 ) ) ;
#1250 = DIRECTION ( 'NONE',  ( 0.000000000000000000, 0.000000000000000000, 1.000000000000000000 ) ) ;
#1251 = ORIENTED_EDGE ( 'NONE', *, *, #1246, .F. ) ;
#1252 = ORIENTED_EDGE ( 'NONE', *, *, #459, .F. ) ;
#1253 = FACE_OUTER_BOUND ( 'NONE', #786, .T. ) ;
#1254 = ADVANCED_FACE ( 'NONE', ( #349 ), #774, .F. ) ;
#1255 = CARTESIAN_POINT ( 'NONE',  ( -73.74999999999998579, 15.62063306904291160, -48.75000000000000711 ) ) ;
#1256 = PRESENTATION_STYLE_ASSIGNMENT (( #1159 ) ) ;
#1257 = VECTOR ( 'NONE', #444, 1000.000000000000114 ) ;
#1258 = ORIENTED_EDGE ( 'NONE', *, *, #611, .F. ) ;
#1259 = AXIS2_PLACEMENT_3D ( 'NONE', #310, #664, #525 ) ;
#1260 = ORIENTED_EDGE ( 'NONE', *, *, #1117, .F. ) ;
#1261 = VECTOR ( 'NONE', #151, 1000.000000000000000 ) ;
#1262 = DIRECTION ( 'NONE',  ( -1.000000000000000000, -0.000000000000000000, -0.000000000000000000 ) ) ;
#1263 = DIRECTION ( 'NONE',  ( 0.000000000000000000, 0.000000000000000000, -1.000000000000000000 ) ) ;
#1264 = ADVANCED_FACE ( 'NONE', ( #305, #671, #1094 ), #733, .F. ) ;
#1265 = CYLINDRICAL_SURFACE ( 'NONE', #499, 2.500000000000002220 ) ;
#1266 = VERTEX_POINT ( 'NONE', #1157 ) ;
#1267 = VERTEX_POINT ( 'NONE', #622 ) ;
#1268 = CARTESIAN_POINT ( 'NONE',  ( -78.74999999999998579, 15.62063306904291160, -48.75000000000000711 ) ) ;
#1269 = FACE_OUTER_BOUND ( 'NONE', #37, .T. ) ;
#1270 = CARTESIAN_POINT ( 'NONE',  ( -5.263179665159090884E-15, 28.17063306904291764, 0.000000000000000000 ) ) ;
#1271 = EDGE_CURVE ( 'NONE', #332, #1313, #474, .T. ) ;
#1272 = EDGE_LOOP ( 'NONE', ( #287, #1174, #929, #956 ) ) ;
#1273 = ORIENTED_EDGE ( 'NONE', *, *, #59, .F. ) ;
#1274 = FACE_BOUND ( 'NONE', #1217, .T. ) ;
#1275 = CARTESIAN_POINT ( 'NONE',  ( -86.25000000000000000, 2.773864751887414215, -9.381745763828215345 ) ) ;
#1276 = FACE_BOUND ( 'NONE', #769, .T. ) ;
#1277 = EDGE_LOOP ( 'NONE', ( #1251, #112, #377, #1224 ) ) ;
#1278 = EDGE_CURVE ( 'NONE', #914, #1051, #898, .T. ) ;
#1279 = AXIS2_PLACEMENT_3D ( 'NONE', #403, #1250, #300 ) ;
#1280 = VERTEX_POINT ( 'NONE', #269 ) ;
#1281 = EDGE_CURVE ( 'NONE', #986, #105, #1328, .T. ) ;
#1282 = CIRCLE ( 'NONE', #45, 1.600000000000000755 ) ;
#1283 = VECTOR ( 'NONE', #1337, 1000.000000000000000 ) ;
#1284 = CARTESIAN_POINT ( 'NONE',  ( -84.15439431936152914, 1.320633069042912444, -10.97499999999999964 ) ) ;
#1285 = DIRECTION ( 'NONE',  ( -0.000000000000000000, -0.000000000000000000, 1.000000000000000000 ) ) ;
#1286 = CARTESIAN_POINT ( 'NONE',  ( -56.74999999999997868, 15.62063306904291338, 17.77999999999999758 ) ) ;
#1287 = ORIENTED_EDGE ( 'NONE', *, *, #1219, .T. ) ;
#1288 = EDGE_CURVE ( 'NONE', #845, #158, #658, .T. ) ;
#1289 = DIRECTION ( 'NONE',  ( -1.000000000000000000, 0.000000000000000000, -0.000000000000000000 ) ) ;
#1290 = LINE ( 'NONE', #5, #727 ) ;
#1291 = ORIENTED_EDGE ( 'NONE', *, *, #1039, .T. ) ;
#1292 = EDGE_LOOP ( 'NONE', ( #75, #469, #315, #350 ) ) ;
#1293 = DIRECTION ( 'NONE',  ( -1.000000000000000000, -1.698295246838290135E-16, 0.000000000000000000 ) ) ;
#1294 = EDGE_CURVE ( 'NONE', #1313, #710, #284, .T. ) ;
#1295 = DIRECTION ( 'NONE',  ( 1.000000000000000000, -0.000000000000000000, 0.000000000000000000 ) ) ;
#1296 = DIRECTION ( 'NONE',  ( -1.000000000000000000, -1.698295246838290135E-16, -0.000000000000000000 ) ) ;
#1297 = CARTESIAN_POINT ( 'NONE',  ( -76.24999999999998579, 15.62063306904291160, 17.77999999999999758 ) ) ;
#1298 = ORIENTED_EDGE ( 'NONE', *, *, #211, .F. ) ;
#1299 = AXIS2_PLACEMENT_3D ( 'NONE', #483, #669, #1120 ) ;
#1300 = DIRECTION ( 'NONE',  ( -0.000000000000000000, -0.000000000000000000, 1.000000000000000000 ) ) ;
#1301 = VECTOR ( 'NONE', #630, 1000.000000000000000 ) ;
#1302 = ORIENTED_EDGE ( 'NONE', *, *, #1381, .F. ) ;
#1303 = EDGE_CURVE ( 'NONE', #840, #715, #278, .T. ) ;
#1304 = DIRECTION ( 'NONE',  ( 1.000000000000000000, 0.000000000000000000, 0.000000000000000000 ) ) ;
#1305 = DIRECTION ( 'NONE',  ( -0.000000000000000000, -0.000000000000000000, 1.000000000000000000 ) ) ;
#1306 = VERTEX_POINT ( 'NONE', #1223 ) ;
#1307 = DIRECTION ( 'NONE',  ( -1.000000000000000000, 0.000000000000000000, 0.000000000000000000 ) ) ;
#1308 = ORIENTED_EDGE ( 'NONE', *, *, #468, .F. ) ;
#1309 = CARTESIAN_POINT ( 'NONE',  ( -86.25000000000000000, 2.773864751887414215, -9.381745763828215345 ) ) ;
#1310 = CARTESIAN_POINT ( 'NONE',  ( -73.74999999999998579, 15.62063306904291160, -9.375000000000001776 ) ) ;
#1311 = FACE_OUTER_BOUND ( 'NONE', #1292, .T. ) ;
#1312 = EDGE_CURVE ( 'NONE', #1026, #415, #617, .T. ) ;
#1313 = VERTEX_POINT ( 'NONE', #264 ) ;
#1314 = DIRECTION ( 'NONE',  ( -0.000000000000000000, -0.000000000000000000, -1.000000000000000000 ) ) ;
#1315 = ORIENTED_EDGE ( 'NONE', *, *, #1236, .F. ) ;
#1316 = DIRECTION ( 'NONE',  ( 4.856618655403135597E-16, -1.000000000000000000, 0.000000000000000000 ) ) ;
#1317 = LINE ( 'NONE', #241, #869 ) ;
#1318 = CARTESIAN_POINT ( 'NONE',  ( -48.74999999999997868, 0.000000000000000000, 12.84999999999999964 ) ) ;
#1319 = EDGE_LOOP ( 'NONE', ( #383, #1012, #29, #1329 ) ) ;
#1320 = EDGE_CURVE ( 'NONE', #668, #332, #169, .T. ) ;
#1321 = CARTESIAN_POINT ( 'NONE',  ( -78.74999999999998579, 15.62063306904291160, 9.375000000000001776 ) ) ;
#1322 = VECTOR ( 'NONE', #87, 1000.000000000000000 ) ;
#1323 = CIRCLE ( 'NONE', #1299, 1.600000000000000755 ) ;
#1324 = DIRECTION ( 'NONE',  ( 1.000000000000000000, -0.000000000000000000, 0.000000000000000000 ) ) ;
#1325 = AXIS2_PLACEMENT_3D ( 'NONE', #801, #458, #373 ) ;
#1326 = VECTOR ( 'NONE', #202, 1000.000000000000000 ) ;
#1327 = CARTESIAN_POINT ( 'NONE',  ( -5.263179665159090884E-15, 28.17063306904291764, -7.375000000000000000 ) ) ;
#1328 = LINE ( 'NONE', #1318, #1261 ) ;
#1329 = ORIENTED_EDGE ( 'NONE', *, *, #261, .F. ) ;
#1330 = LINE ( 'NONE', #372, #1170 ) ;
#1331 = EDGE_CURVE ( 'NONE', #642, #1165, #1041, .T. ) ;
#1332 = LINE ( 'NONE', #1198, #834 ) ;
#1333 = VECTOR ( 'NONE', #60, 1000.000000000000000 ) ;
#1334 = DIRECTION ( 'NONE',  ( -1.000000000000000000, 0.000000000000000000, 0.000000000000000000 ) ) ;
#1335 = DIRECTION ( 'NONE',  ( 1.000000000000000000, 0.000000000000000000, 0.000000000000000000 ) ) ;
#1336 = VERTEX_POINT ( 'NONE', #707 ) ;
#1337 = DIRECTION ( 'NONE',  ( 0.000000000000000000, 1.000000000000000000, 0.000000000000000000 ) ) ;
#1338 = EDGE_CURVE ( 'NONE', #601, #1336, #396, .T. ) ;
#1339 = CARTESIAN_POINT ( 'NONE',  ( -86.24999999999998579, 28.17063306904290343, -7.375000000000000000 ) ) ;
#1340 = DIRECTION ( 'NONE',  ( -0.000000000000000000, -0.000000000000000000, 1.000000000000000000 ) ) ;
#1341 = CARTESIAN_POINT ( 'NONE',  ( -86.25000000000000000, 2.773864751887414215, -0.000000000000000000 ) ) ;
#1342 = ORIENTED_EDGE ( 'NONE', *, *, #871, .F. ) ;
#1343 = ORIENTED_EDGE ( 'NONE', *, *, #588, .F. ) ;
#1344 = CARTESIAN_POINT ( 'NONE',  ( 0.000000000000000000, 2.920633069042912755, -10.97499999999999964 ) ) ;
#1345 = FACE_OUTER_BOUND ( 'NONE', #1083, .T. ) ;
#1346 = VECTOR ( 'NONE', #912, 1000.000000000000114 ) ;
#1347 = CIRCLE ( 'NONE', #921, 2.500000000000002220 ) ;
#1348 = ADVANCED_FACE ( 'NONE', ( #1311 ), #40, .F. ) ;
#1349 = AXIS2_PLACEMENT_3D ( 'NONE', #1113, #481, #904 ) ;
#1350 = ORIENTED_EDGE ( 'NONE', *, *, #730, .F. ) ;
#1351 = VERTEX_POINT ( 'NONE', #376 ) ;
#1352 = DIRECTION ( 'NONE',  ( 0.000000000000000000, -1.000000000000000000, 0.000000000000000000 ) ) ;
#1353 = FACE_OUTER_BOUND ( 'NONE', #942, .T. ) ;
#1354 = DIRECTION ( 'NONE',  ( -0.000000000000000000, -0.000000000000000000, 1.000000000000000000 ) ) ;
#1355 = APPLICATION_PROTOCOL_DEFINITION ( 'draft international standard', 'automotive_design', 1998, #720 ) ;
#1356 = ORIENTED_EDGE ( 'NONE', *, *, #1388, .T. ) ;
#1357 = EDGE_CURVE ( 'NONE', #1280, #732, #1176, .T. ) ;
#1358 = ORIENTED_EDGE ( 'NONE', *, *, #775, .T. ) ;
#1359 = CARTESIAN_POINT ( 'NONE',  ( -45.39200480260813464, 0.000000000000000000, -17.78000000000000469 ) ) ;
#1360 = DIRECTION ( 'NONE',  ( 1.000000000000000000, 0.000000000000000000, 0.000000000000000000 ) ) ;
#1361 = DIRECTION ( 'NONE',  ( -0.000000000000000000, -0.000000000000000000, -1.000000000000000000 ) ) ;
#1362 = ORIENTED_EDGE ( 'NONE', *, *, #1227, .T. ) ;
#1363 = PRODUCT_RELATED_PRODUCT_CATEGORY ( 'part', '', ( #26 ) ) ;
#1364 = ORIENTED_EDGE ( 'NONE', *, *, #67, .F. ) ;
#1365 = DIRECTION ( 'NONE',  ( 1.000000000000000000, 0.000000000000000000, 0.000000000000000000 ) ) ;
#1366 = CARTESIAN_POINT ( 'NONE',  ( 0.000000000000000000, 0.000000000000000000, -9.375000000000000000 ) ) ;
#1367 = DIRECTION ( 'NONE',  ( -1.000000000000000000, -1.698295246838290135E-16, 0.000000000000000000 ) ) ;
#1368 = CIRCLE ( 'NONE', #1279, 2.500000000000002220 ) ;
#1369 = AXIS2_PLACEMENT_3D ( 'NONE', #1366, #1263, #409 ) ;
#1370 = ORIENTED_EDGE ( 'NONE', *, *, #1271, .T. ) ;
#1371 = CIRCLE ( 'NONE', #367, 2.000000000000000000 ) ;
#1372 = EDGE_LOOP ( 'NONE', ( #701, #1025 ) ) ;
#1373 = CARTESIAN_POINT ( 'NONE',  ( -59.24999999999998579, 15.62063306904291338, -48.75000000000000711 ) ) ;
#1374 = LINE ( 'NONE', #740, #656 ) ;
#1375 = ADVANCED_FACE ( 'NONE', ( #1018 ), #1111, .F. ) ;
#1376 = ORIENTED_EDGE ( 'NONE', *, *, #137, .F. ) ;
#1377 = ORIENTED_EDGE ( 'NONE', *, *, #192, .F. ) ;
#1378 = DIRECTION ( 'NONE',  ( -0.000000000000000000, -0.000000000000000000, 1.000000000000000000 ) ) ;
#1379 = CARTESIAN_POINT ( 'NONE',  ( -78.74999999999998579, 15.62063306904291160, -9.375000000000001776 ) ) ;
#1380 = DIRECTION ( 'NONE',  ( 1.000000000000000000, 0.000000000000000000, 0.000000000000000000 ) ) ;
#1381 = EDGE_CURVE ( 'NONE', #1336, #31, #573, .T. ) ;
#1382 = CARTESIAN_POINT ( 'NONE',  ( -4.893105323617371775E-15, 26.17063306904291764, 7.375000000000000000 ) ) ;
#1383 = ORIENTED_EDGE ( 'NONE', *, *, #809, .T. ) ;
#1384 = DIRECTION ( 'NONE',  ( -1.000000000000000000, -0.000000000000000000, -0.000000000000000000 ) ) ;
#1385 = DIRECTION ( 'NONE',  ( -0.000000000000000000, 0.000000000000000000, 1.000000000000000000 ) ) ;
#1386 = LINE ( 'NONE', #854, #987 ) ;
#1387 = DIRECTION ( 'NONE',  ( -0.8217464086295926950, 0.5698533494719203452, -0.000000000000000000 ) ) ;
#1388 = EDGE_CURVE ( 'NONE', #234, #613, #355, .T. ) ;
ENDSEC;
END-ISO-10303-21;
