ISO-10303-21;
HEADER;
FILE_DESCRIPTION (( 'STEP AP214' ),
    '1' );
FILE_NAME ('Front_Flange.STEP',
    '2026-06-26T01:00:12',
    ( '' ),
    ( '' ),
    'SwSTEP 2.0',
    'SolidWorks 2025',
    '' );
FILE_SCHEMA (( 'AUTOMOTIVE_DESIGN' ));
ENDSEC;

DATA;
#1 = CIRCLE ( 'NONE', #827, 17.00000000000000000 ) ;
#2 = DIRECTION ( 'NONE',  ( 1.000000000000000000, 3.491481338843133355E-15, 0.000000000000000000 ) ) ;
#3 = AXIS2_PLACEMENT_3D ( 'NONE', #712, #1350, #1051 ) ;
#4 = DIRECTION ( 'NONE',  ( -1.000000000000000000, -3.469446951953612611E-15, -0.000000000000000000 ) ) ;
#5 = ORIENTED_EDGE ( 'NONE', *, *, #225, .T. ) ;
#6 = ORIENTED_EDGE ( 'NONE', *, *, #640, .T. ) ;
#7 = DIRECTION ( 'NONE',  ( 3.469446951953612611E-15, 1.000000000000000000, -0.000000000000000000 ) ) ;
#8 = DIRECTION ( 'NONE',  ( 0.000000000000000000, 0.000000000000000000, 1.000000000000000000 ) ) ;
#9 = FACE_OUTER_BOUND ( 'NONE', #782, .T. ) ;
#10 = CIRCLE ( 'NONE', #921, 2.019299999999996320 ) ;
#11 = CARTESIAN_POINT ( 'NONE',  ( -30.60000000000000142, -3.000000000000000000, 35.00000000000000000 ) ) ;
#12 = ORIENTED_EDGE ( 'NONE', *, *, #414, .F. ) ;
#13 = ORIENTED_EDGE ( 'NONE', *, *, #960, .T. ) ;
#14 = CARTESIAN_POINT ( 'NONE',  ( 8.408008496030992196E-11, 7.000000000000000000, 27.41929999999659273 ) ) ;
#15 = EDGE_CURVE ( 'NONE', #612, #904, #1318, .T. ) ;
#16 = LINE ( 'NONE', #132, #940 ) ;
#17 = ORIENTED_EDGE ( 'NONE', *, *, #280, .F. ) ;
#18 = CARTESIAN_POINT ( 'NONE',  ( 8.407983766738177600E-11, -3.000000000000000000, 25.39999999999659153 ) ) ;
#19 = CARTESIAN_POINT ( 'NONE',  ( -30.60000000000004405, 12.69999999933126844, -12.70000000000347207 ) ) ;
#20 = VECTOR ( 'NONE', #1301, 1000.000000000000000 ) ;
#21 = EDGE_CURVE ( 'NONE', #703, #57, #10, .T. ) ;
#22 = PLANE ( 'NONE',  #1211 ) ;
#23 = AXIS2_PLACEMENT_3D ( 'NONE', #1125, #371, #705 ) ;
#24 = ORIENTED_EDGE ( 'NONE', *, *, #49, .T. ) ;
#25 = PLANE ( 'NONE',  #992 ) ;
#26 = LINE ( 'NONE', #1202, #1259 ) ;
#27 = AXIS2_PLACEMENT_3D ( 'NONE', #1155, #1140, #620 ) ;
#28 = LINE ( 'NONE', #566, #537 ) ;
#29 = EDGE_LOOP ( 'NONE', ( #954, #265, #796, #683 ) ) ;
#30 = EDGE_CURVE ( 'NONE', #1377, #1038, #267, .T. ) ;
#31 = CYLINDRICAL_SURFACE ( 'NONE', #352, 2.019300000000001649 ) ;
#32 = CARTESIAN_POINT ( 'NONE',  ( -30.60000000000011156, 32.00000000000001421, -35.00000000000000000 ) ) ;
#33 = CARTESIAN_POINT ( 'NONE',  ( 30.60000000000000853, 1.999999999999991340, -35.00000000000000000 ) ) ;
#34 = CARTESIAN_POINT ( 'NONE',  ( -28.60000000000000853, 0.000000000000000000, -35.00000000000000000 ) ) ;
#35 = ORIENTED_EDGE ( 'NONE', *, *, #1085, .F. ) ;
#36 = EDGE_CURVE ( 'NONE', #1090, #237, #1339, .T. ) ;
#37 = CARTESIAN_POINT ( 'NONE',  ( 30.60000000000000142, 0.000000000000000000, 35.00000000000000000 ) ) ;
#38 = EDGE_LOOP ( 'NONE', ( #24, #1002, #561, #991 ) ) ;
#39 = CYLINDRICAL_SURFACE ( 'NONE', #1009, 2.019300000000001649 ) ;
#40 = ORIENTED_EDGE ( 'NONE', *, *, #1069, .F. ) ;
#41 = CIRCLE ( 'NONE', #1367, 2.000000000000001776 ) ;
#42 = CARTESIAN_POINT ( 'NONE',  ( 8.407983766738177600E-11, 7.000000000000000000, 23.38069999999659032 ) ) ;
#43 = AXIS2_PLACEMENT_3D ( 'NONE', #767, #1194, #226 ) ;
#44 = CIRCLE ( 'NONE', #1321, 2.019299999999996320 ) ;
#45 = ORIENTED_EDGE ( 'NONE', *, *, #1243, .T. ) ;
#46 = AXIS2_PLACEMENT_3D ( 'NONE', #936, #288, #604 ) ;
#47 = CARTESIAN_POINT ( 'NONE',  ( -17.96051224205285735, -3.000000000000000000, -17.96051224214184217 ) ) ;
#48 = DIRECTION ( 'NONE',  ( 0.000000000000000000, -1.000000000000000000, 0.000000000000000000 ) ) ;
#49 = EDGE_CURVE ( 'NONE', #146, #1276, #1149, .T. ) ;
#50 = LINE ( 'NONE', #454, #965 ) ;
#51 = ORIENTED_EDGE ( 'NONE', *, *, #883, .T. ) ;
#52 = DIRECTION ( 'NONE',  ( -3.469446951953612611E-15, 1.000000000000000000, -0.000000000000000000 ) ) ;
#53 = EDGE_LOOP ( 'NONE', ( #801, #573 ) ) ;
#54 = ADVANCED_FACE ( 'NONE', ( #797 ), #571, .F. ) ;
#55 = DIRECTION ( 'NONE',  ( -0.000000000000000000, -1.000000000000000000, -0.000000000000000000 ) ) ;
#56 = ORIENTED_EDGE ( 'NONE', *, *, #1191, .T. ) ;
#57 = VERTEX_POINT ( 'NONE', #1237 ) ;
#58 = CARTESIAN_POINT ( 'NONE',  ( -33.60000000000000853, 1.999999999999984457, 35.00000000000000000 ) ) ;
#59 = CARTESIAN_POINT ( 'NONE',  ( 28.60000000000000853, -3.000000000000003553, -35.00000000000000000 ) ) ;
#60 = CARTESIAN_POINT ( 'NONE',  ( -28.60000000000000853, 2.000000000000001776, 35.00000000000000000 ) ) ;
#61 = EDGE_CURVE ( 'NONE', #118, #1040, #1289, .T. ) ;
#62 = FACE_BOUND ( 'NONE', #379, .T. ) ;
#63 = AXIS2_PLACEMENT_3D ( 'NONE', #277, #730, #96 ) ;
#64 = EDGE_LOOP ( 'NONE', ( #603, #391, #521, #1110 ) ) ;
#65 = AXIS2_PLACEMENT_3D ( 'NONE', #695, #1120, #468 ) ;
#66 = ORIENTED_EDGE ( 'NONE', *, *, #800, .T. ) ;
#67 = VECTOR ( 'NONE', #721, 1000.000000000000000 ) ;
#68 = DIRECTION ( 'NONE',  ( 3.436286784483356316E-15, -1.000000000000000000, 0.000000000000000000 ) ) ;
#69 = DIRECTION ( 'NONE',  ( 1.000000000000000000, 0.000000000000000000, 0.000000000000000000 ) ) ;
#70 = DIRECTION ( 'NONE',  ( 3.436286784483347244E-15, -1.000000000000000000, 0.000000000000000000 ) ) ;
#71 = CARTESIAN_POINT ( 'NONE',  ( 30.60000000000004761, 12.69999999933147983, -12.70000000000347207 ) ) ;
#72 = ORIENTED_EDGE ( 'NONE', *, *, #529, .F. ) ;
#73 = ORIENTED_EDGE ( 'NONE', *, *, #706, .T. ) ;
#74 = AXIS2_PLACEMENT_3D ( 'NONE', #997, #1119, #1107 ) ;
#75 = CARTESIAN_POINT ( 'NONE',  ( 8.407983766738177600E-11, 0.000000000000000000, 23.38069999999659032 ) ) ;
#76 = FACE_OUTER_BOUND ( 'NONE', #224, .T. ) ;
#77 = DIRECTION ( 'NONE',  ( -1.000000000000000000, 3.469446951953612611E-15, 0.000000000000000000 ) ) ;
#78 = ORIENTED_EDGE ( 'NONE', *, *, #574, .T. ) ;
#79 = ORIENTED_EDGE ( 'NONE', *, *, #927, .T. ) ;
#80 = EDGE_CURVE ( 'NONE', #628, #1377, #693, .T. ) ;
#81 = CARTESIAN_POINT ( 'NONE',  ( -33.60000000000011511, 32.00000000000000000, 35.00000000000000000 ) ) ;
#82 = CARTESIAN_POINT ( 'NONE',  ( -30.60000000000000142, 0.000000000000000000, -35.00000000000000000 ) ) ;
#83 = DIRECTION ( 'NONE',  ( 3.469446951953612611E-15, 1.000000000000000000, -0.000000000000000000 ) ) ;
#84 = DIRECTION ( 'NONE',  ( 0.000000000000000000, 0.000000000000000000, 1.000000000000000000 ) ) ;
#85 = FACE_BOUND ( 'NONE', #776, .T. ) ;
#86 = DIRECTION ( 'NONE',  ( 0.000000000000000000, -0.000000000000000000, 1.000000000000000000 ) ) ;
#87 = ORIENTED_EDGE ( 'NONE', *, *, #1251, .F. ) ;
#88 = VECTOR ( 'NONE', #405, 1000.000000000000000 ) ;
#89 = ORIENTED_EDGE ( 'NONE', *, *, #621, .T. ) ;
#90 = CIRCLE ( 'NONE', #138, 17.00000000000000000 ) ;
#91 = CYLINDRICAL_SURFACE ( 'NONE', #1088, 2.019300000000001649 ) ;
#92 = ADVANCED_FACE ( 'NONE', ( #913 ), #168, .F. ) ;
#93 = CARTESIAN_POINT ( 'NONE',  ( -30.60000000000000142, 0.000000000000000000, 35.00000000000000000 ) ) ;
#94 = DIRECTION ( 'NONE',  ( -1.000000000000000000, -3.469446951953612611E-15, -0.000000000000000000 ) ) ;
#95 = EDGE_CURVE ( 'NONE', #386, #255, #1173, .T. ) ;
#96 = DIRECTION ( 'NONE',  ( -1.000000000000000000, 0.000000000000000000, -0.000000000000000000 ) ) ;
#97 = ORIENTED_EDGE ( 'NONE', *, *, #204, .T. ) ;
#98 = DIRECTION ( 'NONE',  ( -0.000000000000000000, -1.000000000000000000, -0.000000000000000000 ) ) ;
#99 = UNCERTAINTY_MEASURE_WITH_UNIT (LENGTH_MEASURE( 1.000000000000000082E-05 ), #1101, 'distance_accuracy_value', 'NONE');
#100 = CYLINDRICAL_SURFACE ( 'NONE', #1213, 2.019300000000001649 ) ;
#101 = EDGE_CURVE ( 'NONE', #995, #148, #1043, .T. ) ;
#102 = CARTESIAN_POINT ( 'NONE',  ( 8.554809243761678983E-11, 0.000000000000000000, -25.40000000000346603 ) ) ;
#103 = EDGE_LOOP ( 'NONE', ( #272, #79 ) ) ;
#104 = VERTEX_POINT ( 'NONE', #33 ) ;
#105 = PRODUCT_DEFINITION_SHAPE ( 'NONE', 'NONE',  #351 ) ;
#106 = CARTESIAN_POINT ( 'NONE',  ( 33.60000000000016485, 14.71929999933159472, 12.69999999999652829 ) ) ;
#107 = LINE ( 'NONE', #315, #672 ) ;
#108 = CARTESIAN_POINT ( 'NONE',  ( 30.60000000000011156, 32.00000000000001421, 35.00000000000000000 ) ) ;
#109 = ORIENTED_EDGE ( 'NONE', *, *, #294, .F. ) ;
#110 = ORIENTED_EDGE ( 'NONE', *, *, #1026, .F. ) ;
#111 = CARTESIAN_POINT ( 'NONE',  ( 33.60000000000000142, -1.166395207463099311E-13, 0.000000000000000000 ) ) ;
#112 =( NAMED_UNIT ( * ) SI_UNIT ( $, .STERADIAN. ) SOLID_ANGLE_UNIT ( ) );
#113 = COLOUR_RGB ( '',0.7921568627450980005, 0.8196078431372548767, 0.9333333333333333481 ) ;
#114 = VECTOR ( 'NONE', #254, 1000.000000000000000 ) ;
#115 = CARTESIAN_POINT ( 'NONE',  ( -30.60000000000004405, 12.69999999933131996, -3.469446951953614189E-12 ) ) ;
#116 = CIRCLE ( 'NONE', #1348, 2.019300000000001649 ) ;
#117 = CARTESIAN_POINT ( 'NONE',  ( 2.081899558550500280E-15, -3.000000000000000000, -17.00000000000000000 ) ) ;
#118 = VERTEX_POINT ( 'NONE', #1223 ) ;
#119 = ORIENTED_EDGE ( 'NONE', *, *, #1069, .T. ) ;
#120 = EDGE_CURVE ( 'NONE', #1192, #310, #543, .T. ) ;
#121 = CARTESIAN_POINT ( 'NONE',  ( 28.60000000000000853, -3.469446951953614189E-15, -35.00000000000000000 ) ) ;
#122 =( NAMED_UNIT ( * ) PLANE_ANGLE_UNIT ( ) SI_UNIT ( $, .RADIAN. ) );
#123 = AXIS2_PLACEMENT_3D ( 'NONE', #366, #674, #565 ) ;
#124 = AXIS2_PLACEMENT_3D ( 'NONE', #1351, #793, #472 ) ;
#125 = DIRECTION ( 'NONE',  ( -3.436286784483347244E-15, 1.000000000000000000, 0.000000000000000000 ) ) ;
#126 = CARTESIAN_POINT ( 'NONE',  ( 17.96051224222357945, -3.000000000000000000, 19.97981224213491913 ) ) ;
#127 = ORIENTED_EDGE ( 'NONE', *, *, #1287, .F. ) ;
#128 =( NAMED_UNIT ( * ) PLANE_ANGLE_UNIT ( ) SI_UNIT ( $, .RADIAN. ) );
#129 = DIRECTION ( 'NONE',  ( -1.000000000000000000, -3.469446951953612611E-15, 0.000000000000000000 ) ) ;
#130 = EDGE_CURVE ( 'NONE', #433, #959, #293, .T. ) ;
#131 = CARTESIAN_POINT ( 'NONE',  ( 17.96051224222357945, 0.000000000000000000, 17.96051224213491793 ) ) ;
#132 = CARTESIAN_POINT ( 'NONE',  ( 30.60000000000000853, 1.999999999999994893, 35.00000000000000000 ) ) ;
#133 = ORIENTED_EDGE ( 'NONE', *, *, #456, .T. ) ;
#134 = FACE_OUTER_BOUND ( 'NONE', #839, .T. ) ;
#135 = ORIENTED_EDGE ( 'NONE', *, *, #294, .T. ) ;
#136 = VECTOR ( 'NONE', #994, 1000.000000000000000 ) ;
#137 = DIRECTION ( 'NONE',  ( 0.000000000000000000, 0.000000000000000000, -1.000000000000000000 ) ) ;
#138 = AXIS2_PLACEMENT_3D ( 'NONE', #341, #250, #560 ) ;
#139 = EDGE_CURVE ( 'NONE', #237, #349, #1196, .T. ) ;
#140 = PLANE ( 'NONE',  #740 ) ;
#141 = CIRCLE ( 'NONE', #914, 2.019299999999996320 ) ;
#142 = EDGE_LOOP ( 'NONE', ( #110, #1303, #1056, #901 ) ) ;
#143 = DIRECTION ( 'NONE',  ( 0.000000000000000000, 0.000000000000000000, -1.000000000000000000 ) ) ;
#144 = FACE_BOUND ( 'NONE', #505, .T. ) ;
#145 = EDGE_CURVE ( 'NONE', #1040, #118, #164, .T. ) ;
#146 = VERTEX_POINT ( 'NONE', #75 ) ;
#147 = FACE_OUTER_BOUND ( 'NONE', #38, .T. ) ;
#148 = VERTEX_POINT ( 'NONE', #307 ) ;
#149 = CARTESIAN_POINT ( 'NONE',  ( 17.96051224222357945, 7.000000000000000000, 17.96051224213491793 ) ) ;
#150 = ORIENTED_EDGE ( 'NONE', *, *, #699, .T. ) ;
#151 = ADVANCED_FACE ( 'NONE', ( #957 ), #949, .F. ) ;
#152 = DIRECTION ( 'NONE',  ( -1.000000000000000000, -3.469446951953612611E-15, 6.123233995736766036E-17 ) ) ;
#153 = VECTOR ( 'NONE', #1293, 1000.000000000000000 ) ;
#154 = CARTESIAN_POINT ( 'NONE',  ( 17.96051224222357945, 7.000000000000000000, 15.94121224213491672 ) ) ;
#155 = VECTOR ( 'NONE', #1290, 1000.000000000000000 ) ;
#156 = VECTOR ( 'NONE', #578, 1000.000000000000000 ) ;
#157 = ORIENTED_EDGE ( 'NONE', *, *, #217, .F. ) ;
#158 = VERTEX_POINT ( 'NONE', #929 ) ;
#159 = EDGE_CURVE ( 'NONE', #582, #514, #937, .T. ) ;
#160 = FACE_OUTER_BOUND ( 'NONE', #755, .T. ) ;
#161 = DIRECTION ( 'NONE',  ( 0.000000000000000000, -1.000000000000000000, 0.000000000000000000 ) ) ;
#162 = CARTESIAN_POINT ( 'NONE',  ( 33.60000000000016485, 14.71929999933159472, 12.69999999999652829 ) ) ;
#163 = PRODUCT_DEFINITION_CONTEXT ( 'detailed design', #515, 'design' ) ;
#164 = CIRCLE ( 'NONE', #452, 2.019299999999996320 ) ;
#165 = ORIENTED_EDGE ( 'NONE', *, *, #1162, .F. ) ;
#166 = ORIENTED_EDGE ( 'NONE', *, *, #1216, .F. ) ;
#167 = CARTESIAN_POINT ( 'NONE',  ( -28.60000000000000853, 2.000000000000001776, 35.00000000000000000 ) ) ;
#168 = CYLINDRICAL_SURFACE ( 'NONE', #74, 2.000000000000001776 ) ;
#169 = CARTESIAN_POINT ( 'NONE',  ( -30.60000000000000142, -1.061650767297805437E-13, 0.000000000000000000 ) ) ;
#170 = CYLINDRICAL_SURFACE ( 'NONE', #691, 5.000000000000004441 ) ;
#171 = ORIENTED_EDGE ( 'NONE', *, *, #732, .F. ) ;
#172 = VERTEX_POINT ( 'NONE', #1052 ) ;
#173 = CYLINDRICAL_SURFACE ( 'NONE', #46, 2.019299999999996320 ) ;
#174 = DIRECTION ( 'NONE',  ( 3.436286784483347244E-15, -1.000000000000000000, 0.000000000000000000 ) ) ;
#175 = DIRECTION ( 'NONE',  ( 0.000000000000000000, 0.000000000000000000, -1.000000000000000000 ) ) ;
#176 = EDGE_CURVE ( 'NONE', #917, #1075, #1388, .T. ) ;
#177 = CARTESIAN_POINT ( 'NONE',  ( 33.60000000000017195, 12.69999999933149049, -12.70000000000347207 ) ) ;
#178 = MECHANICAL_DESIGN_GEOMETRIC_PRESENTATION_REPRESENTATION (  '', ( #485 ), #669 ) ;
#179 = ORIENTED_EDGE ( 'NONE', *, *, #899, .T. ) ;
#180 = CIRCLE ( 'NONE', #487, 2.019299999999996320 ) ;
#181 = ORIENTED_EDGE ( 'NONE', *, *, #456, .F. ) ;
#182 = CIRCLE ( 'NONE', #3, 17.00000000000000000 ) ;
#183 = DIRECTION ( 'NONE',  ( -0.000000000000000000, -1.000000000000000000, -0.000000000000000000 ) ) ;
#184 = DIRECTION ( 'NONE',  ( 0.000000000000000000, 0.000000000000000000, -1.000000000000000000 ) ) ;
#185 = ORIENTED_EDGE ( 'NONE', *, *, #1180, .F. ) ;
#186 = ADVANCED_FACE ( 'NONE', ( #195 ), #91, .F. ) ;
#187 = ORIENTED_EDGE ( 'NONE', *, *, #49, .F. ) ;
#188 = FACE_OUTER_BOUND ( 'NONE', #428, .T. ) ;
#189 = FACE_BOUND ( 'NONE', #710, .T. ) ;
#190 = DIRECTION ( 'NONE',  ( 0.000000000000000000, 1.000000000000000000, 0.000000000000000000 ) ) ;
#191 = VERTEX_POINT ( 'NONE', #811 ) ;
#192 = EDGE_LOOP ( 'NONE', ( #743, #263, #1206, #119 ) ) ;
#193 = EDGE_CURVE ( 'NONE', #978, #704, #896, .T. ) ;
#194 = SURFACE_SIDE_STYLE ('',( #726 ) ) ;
#195 = FACE_OUTER_BOUND ( 'NONE', #1313, .T. ) ;
#196 = LINE ( 'NONE', #1373, #88 ) ;
#197 = CARTESIAN_POINT ( 'NONE',  ( -33.60000000000004405, 12.69999999933136614, 12.69999999999652829 ) ) ;
#198 = DIRECTION ( 'NONE',  ( 3.436286784483356316E-15, -1.000000000000000000, 0.000000000000000000 ) ) ;
#199 = ORIENTED_EDGE ( 'NONE', *, *, #422, .F. ) ;
#200 = VECTOR ( 'NONE', #644, 1000.000000000000000 ) ;
#201 = VECTOR ( 'NONE', #222, 1000.000000000000000 ) ;
#202 = AXIS2_PLACEMENT_3D ( 'NONE', #746, #653, #1070 ) ;
#203 = CARTESIAN_POINT ( 'NONE',  ( 33.60000000000017906, 10.68069999933160119, 12.69999999999652829 ) ) ;
#204 = EDGE_CURVE ( 'NONE', #1384, #1038, #597, .T. ) ;
#205 = CARTESIAN_POINT ( 'NONE',  ( 28.60000000000000853, -3.469446951953614189E-15, 35.00000000000000000 ) ) ;
#206 = DIRECTION ( 'NONE',  ( 1.000000000000000000, 0.000000000000000000, 0.000000000000000000 ) ) ;
#207 = ORIENTED_EDGE ( 'NONE', *, *, #80, .T. ) ;
#208 = ORIENTED_EDGE ( 'NONE', *, *, #734, .F. ) ;
#209 = AXIS2_PLACEMENT_3D ( 'NONE', #343, #777, #238 ) ;
#210 = CARTESIAN_POINT ( 'NONE',  ( 33.60000000000017195, 12.69999999933159884, 12.69999999999652829 ) ) ;
#211 = CARTESIAN_POINT ( 'NONE',  ( -33.60000000000011511, 32.00000000000000000, -35.00000000000000000 ) ) ;
#212 = ORIENTED_EDGE ( 'NONE', *, *, #176, .F. ) ;
#213 = ORIENTED_EDGE ( 'NONE', *, *, #975, .F. ) ;
#214 = DIRECTION ( 'NONE',  ( -3.469446951953612611E-15, 1.000000000000000000, -0.000000000000000000 ) ) ;
#215 = DIRECTION ( 'NONE',  ( -1.000000000000000000, -3.469446951953612611E-15, -0.000000000000000000 ) ) ;
#216 = VERTEX_POINT ( 'NONE', #820 ) ;
#217 = EDGE_CURVE ( 'NONE', #704, #978, #1241, .T. ) ;
#218 = ORIENTED_EDGE ( 'NONE', *, *, #906, .T. ) ;
#219 = CIRCLE ( 'NONE', #1185, 2.019299999999996320 ) ;
#220 = AXIS2_PLACEMENT_3D ( 'NONE', #102, #958, #1390 ) ;
#221 = DIRECTION ( 'NONE',  ( -0.000000000000000000, -1.000000000000000000, -0.000000000000000000 ) ) ;
#222 = DIRECTION ( 'NONE',  ( 0.000000000000000000, -1.000000000000000000, 0.000000000000000000 ) ) ;
#223 = DIRECTION ( 'NONE',  ( 0.000000000000000000, 0.000000000000000000, 1.000000000000000000 ) ) ;
#224 = EDGE_LOOP ( 'NONE', ( #97, #945, #179, #961 ) ) ;
#225 = EDGE_CURVE ( 'NONE', #925, #689, #812, .T. ) ;
#226 = DIRECTION ( 'NONE',  ( -3.436286784483356316E-15, 1.000000000000000000, 0.000000000000000000 ) ) ;
#227 = AXIS2_PLACEMENT_3D ( 'NONE', #1190, #48, #898 ) ;
#228 = DIRECTION ( 'NONE',  ( -1.000000000000000000, -3.469446951953612611E-15, 0.000000000000000000 ) ) ;
#229 = ORIENTED_EDGE ( 'NONE', *, *, #1302, .T. ) ;
#230 = FACE_BOUND ( 'NONE', #1093, .T. ) ;
#231 = EDGE_CURVE ( 'NONE', #1090, #1344, #269, .T. ) ;
#232 = CARTESIAN_POINT ( 'NONE',  ( 30.60000000000011156, 32.00000000000001421, 35.00000000000000000 ) ) ;
#233 = ORIENTED_EDGE ( 'NONE', *, *, #474, .F. ) ;
#234 = ADVANCED_FACE ( 'NONE', ( #1007, #256, #688, #230, #662, #134 ), #25, .T. ) ;
#235 = DIRECTION ( 'NONE',  ( -3.436286784483356316E-15, 1.000000000000000000, 0.000000000000000000 ) ) ;
#236 = DIRECTION ( 'NONE',  ( 0.000000000000000000, 0.000000000000000000, 1.000000000000000000 ) ) ;
#237 = VERTEX_POINT ( 'NONE', #668 ) ;
#238 = DIRECTION ( 'NONE',  ( 3.436286784483347244E-15, -1.000000000000000000, 0.000000000000000000 ) ) ;
#239 = CARTESIAN_POINT ( 'NONE',  ( 33.60000000000000853, 1.999999999999980904, 35.00000000000000000 ) ) ;
#240 = VECTOR ( 'NONE', #435, 1000.000000000000000 ) ;
#241 = LINE ( 'NONE', #564, #469 ) ;
#242 = EDGE_CURVE ( 'NONE', #1344, #1090, #1171, .T. ) ;
#243 = AXIS2_PLACEMENT_3D ( 'NONE', #71, #77, #503 ) ;
#244 = DIRECTION ( 'NONE',  ( -1.000000000000000000, 0.000000000000000000, 0.000000000000000000 ) ) ;
#245 = AXIS2_PLACEMENT_3D ( 'NONE', #149, #557, #996 ) ;
#246 = ORIENTED_EDGE ( 'NONE', *, *, #780, .F. ) ;
#247 = FACE_OUTER_BOUND ( 'NONE', #552, .T. ) ;
#248 = EDGE_LOOP ( 'NONE', ( #649, #832 ) ) ;
#249 = AXIS2_PLACEMENT_3D ( 'NONE', #300, #950, #84 ) ;
#250 = DIRECTION ( 'NONE',  ( 0.000000000000000000, 1.000000000000000000, 0.000000000000000000 ) ) ;
#251 = VERTEX_POINT ( 'NONE', #326 ) ;
#252 = ORIENTED_EDGE ( 'NONE', *, *, #30, .T. ) ;
#253 = CARTESIAN_POINT ( 'NONE',  ( 33.60000000000017195, 12.69999999933159884, 12.69999999999652829 ) ) ;
#254 = DIRECTION ( 'NONE',  ( -0.000000000000000000, -1.000000000000000000, -0.000000000000000000 ) ) ;
#255 = VERTEX_POINT ( 'NONE', #1279 ) ;
#256 = FACE_BOUND ( 'NONE', #882, .T. ) ;
#257 = ADVANCED_FACE ( 'NONE', ( #657 ), #756, .F. ) ;
#258 = CARTESIAN_POINT ( 'NONE',  ( -30.60000000000005116, 14.71929999933132294, -3.469199659025462176E-12 ) ) ;
#259 = CARTESIAN_POINT ( 'NONE',  ( -33.60000000000000853, 1.999999999999984457, 0.000000000000000000 ) ) ;
#260 = CARTESIAN_POINT ( 'NONE',  ( 30.60000000000000142, -1.061650767297805437E-13, 0.000000000000000000 ) ) ;
#261 = VECTOR ( 'NONE', #1327, 1000.000000000000000 ) ;
#262 = AXIS2_PLACEMENT_3D ( 'NONE', #471, #365, #1227 ) ;
#263 = ORIENTED_EDGE ( 'NONE', *, *, #526, .T. ) ;
#264 = ADVANCED_FACE ( 'NONE', ( #461 ), #1158, .F. ) ;
#265 = ORIENTED_EDGE ( 'NONE', *, *, #290, .T. ) ;
#266 = DIRECTION ( 'NONE',  ( 0.000000000000000000, 1.000000000000000000, 0.000000000000000000 ) ) ;
#267 = LINE ( 'NONE', #259, #813 ) ;
#268 = DIRECTION ( 'NONE',  ( 1.000000000000000000, 0.000000000000000000, 0.000000000000000000 ) ) ;
#269 = CIRCLE ( 'NONE', #27, 2.019300000000001649 ) ;
#270 = DIRECTION ( 'NONE',  ( 3.436286784483356316E-15, -1.000000000000000000, 0.000000000000000000 ) ) ;
#271 = EDGE_LOOP ( 'NONE', ( #1084, #818, #918, #893 ) ) ;
#272 = ORIENTED_EDGE ( 'NONE', *, *, #982, .T. ) ;
#273 = LINE ( 'NONE', #1022, #1118 ) ;
#274 = ADVANCED_FACE ( 'NONE', ( #1340 ), #1358, .T. ) ;
#275 = CARTESIAN_POINT ( 'NONE',  ( 0.000000000000000000, -3.000000000000000000, 17.00000000000000000 ) ) ;
#276 = DIRECTION ( 'NONE',  ( -0.000000000000000000, -0.000000000000000000, 1.000000000000000000 ) ) ;
#277 = CARTESIAN_POINT ( 'NONE',  ( -30.60000000000000142, -3.000000000000000000, -35.00000000000000000 ) ) ;
#278 = ORIENTED_EDGE ( 'NONE', *, *, #1010, .T. ) ;
#279 = EDGE_LOOP ( 'NONE', ( #332, #677 ) ) ;
#280 = EDGE_CURVE ( 'NONE', #349, #237, #605, .T. ) ;
#281 = CARTESIAN_POINT ( 'NONE',  ( 33.60000000000016485, 14.71929999933159472, 12.69999999999652829 ) ) ;
#282 = FACE_OUTER_BOUND ( 'NONE', #296, .T. ) ;
#283 = AXIS2_PLACEMENT_3D ( 'NONE', #548, #1304, #873 ) ;
#284 = EDGE_LOOP ( 'NONE', ( #865, #1175 ) ) ;
#285 = AXIS2_PLACEMENT_3D ( 'NONE', #1027, #1046, #831 ) ;
#286 = ORIENTED_EDGE ( 'NONE', *, *, #724, .F. ) ;
#287 = AXIS2_PLACEMENT_3D ( 'NONE', #1186, #94, #976 ) ;
#288 = DIRECTION ( 'NONE',  ( -1.000000000000000000, -3.469446951953612611E-15, -0.000000000000000000 ) ) ;
#289 = CYLINDRICAL_SURFACE ( 'NONE', #1369, 2.019300000000001649 ) ;
#290 = EDGE_CURVE ( 'NONE', #1066, #1020, #858, .T. ) ;
#291 = DIRECTION ( 'NONE',  ( 3.436286784483356316E-15, -1.000000000000000000, 0.000000000000000000 ) ) ;
#292 = VERTEX_POINT ( 'NONE', #275 ) ;
#293 = CIRCLE ( 'NONE', #227, 2.019300000000001649 ) ;
#294 = EDGE_CURVE ( 'NONE', #413, #433, #707, .T. ) ;
#295 = AXIS2_PLACEMENT_3D ( 'NONE', #253, #466, #1215 ) ;
#296 = EDGE_LOOP ( 'NONE', ( #1221, #363, #602, #541 ) ) ;
#297 = CARTESIAN_POINT ( 'NONE',  ( -17.96051224205285735, 0.000000000000000000, -17.96051224214184217 ) ) ;
#298 = FILL_AREA_STYLE ('',( #531 ) ) ;
#299 = DIRECTION ( 'NONE',  ( 3.436286784483347244E-15, -1.000000000000000000, 0.000000000000000000 ) ) ;
#300 = CARTESIAN_POINT ( 'NONE',  ( 17.96051224222357945, 0.000000000000000000, 17.96051224213491793 ) ) ;
#301 = CARTESIAN_POINT ( 'NONE',  ( -30.60000000000000142, 0.000000000000000000, -35.00000000000000000 ) ) ;
#302 = DIRECTION ( 'NONE',  ( -1.000000000000000000, -3.469446951953611033E-15, 0.000000000000000000 ) ) ;
#303 = VERTEX_POINT ( 'NONE', #1034 ) ;
#304 = ORIENTED_EDGE ( 'NONE', *, *, #95, .T. ) ;
#305 = EDGE_CURVE ( 'NONE', #731, #833, #196, .T. ) ;
#306 = FACE_OUTER_BOUND ( 'NONE', #1248, .T. ) ;
#307 = CARTESIAN_POINT ( 'NONE',  ( 8.407983766738177600E-11, -3.000000000000000000, 23.38069999999659032 ) ) ;
#308 = CARTESIAN_POINT ( 'NONE',  ( -28.60000000000000853, -2.999999999999999112, -35.00000000000000000 ) ) ;
#309 = DIRECTION ( 'NONE',  ( -0.000000000000000000, -0.000000000000000000, -1.000000000000000000 ) ) ;
#310 = VERTEX_POINT ( 'NONE', #1061 ) ;
#311 = AXIS2_PLACEMENT_3D ( 'NONE', #81, #970, #1393 ) ;
#312 = ORIENTED_EDGE ( 'NONE', *, *, #322, .T. ) ;
#313 = VECTOR ( 'NONE', #540, 1000.000000000000000 ) ;
#314 = CARTESIAN_POINT ( 'NONE',  ( -28.60000000000000853, 0.000000000000000000, 35.00000000000000000 ) ) ;
#315 = CARTESIAN_POINT ( 'NONE',  ( -30.60000000000000853, 1.999999999999994893, -35.00000000000000000 ) ) ;
#316 = CYLINDRICAL_SURFACE ( 'NONE', #555, 5.000000000000004441 ) ;
#317 = EDGE_LOOP ( 'NONE', ( #1176, #725, #1366, #89 ) ) ;
#318 = EDGE_LOOP ( 'NONE', ( #185, #567, #973, #66 ) ) ;
#319 = AXIS2_PLACEMENT_3D ( 'NONE', #345, #1204, #884 ) ;
#320 = LINE ( 'NONE', #403, #848 ) ;
#321 = FACE_OUTER_BOUND ( 'NONE', #513, .T. ) ;
#322 = EDGE_CURVE ( 'NONE', #434, #172, #728, .T. ) ;
#323 = DIRECTION ( 'NONE',  ( 0.000000000000000000, 0.000000000000000000, -1.000000000000000000 ) ) ;
#324 = ORIENTED_EDGE ( 'NONE', *, *, #242, .F. ) ;
#325 = ORIENTED_EDGE ( 'NONE', *, *, #1026, .T. ) ;
#326 = CARTESIAN_POINT ( 'NONE',  ( -30.60000000000005116, 14.71929999933126609, -12.70000000000347207 ) ) ;
#327 = DIRECTION ( 'NONE',  ( 0.000000000000000000, 0.000000000000000000, 1.000000000000000000 ) ) ;
#328 = DIRECTION ( 'NONE',  ( 1.000000000000000000, 3.469446951953612611E-15, -0.000000000000000000 ) ) ;
#329 = ADVANCED_FACE ( 'NONE', ( #922 ), #606, .F. ) ;
#330 = CARTESIAN_POINT ( 'NONE',  ( -17.96051224205285735, 0.000000000000000000, -17.96051224214184217 ) ) ;
#331 = ORIENTED_EDGE ( 'NONE', *, *, #15, .T. ) ;
#332 = ORIENTED_EDGE ( 'NONE', *, *, #621, .F. ) ;
#333 = DIRECTION ( 'NONE',  ( -1.000000000000000000, 0.000000000000000000, -0.000000000000000000 ) ) ;
#334 = VECTOR ( 'NONE', #4, 1000.000000000000000 ) ;
#335 = VECTOR ( 'NONE', #1102, 1000.000000000000000 ) ;
#336 = DIRECTION ( 'NONE',  ( -3.469446951953612611E-15, -1.000000000000000000, -0.000000000000000000 ) ) ;
#337 = EDGE_CURVE ( 'NONE', #434, #346, #1363, .T. ) ;
#338 = ORIENTED_EDGE ( 'NONE', *, *, #868, .T. ) ;
#339 = EDGE_CURVE ( 'NONE', #104, #191, #1273, .T. ) ;
#340 = DIRECTION ( 'NONE',  ( 0.000000000000000000, -1.000000000000000000, 0.000000000000000000 ) ) ;
#341 = CARTESIAN_POINT ( 'NONE',  ( 0.000000000000000000, -3.000000000000000000, 0.000000000000000000 ) ) ;
#342 = ORIENTED_EDGE ( 'NONE', *, *, #120, .T. ) ;
#343 = CARTESIAN_POINT ( 'NONE',  ( 33.60000000000017195, 12.69999999933154200, -3.469446951953614189E-12 ) ) ;
#344 = ADVANCED_FACE ( 'NONE', ( #1067 ), #854, .F. ) ;
#345 = CARTESIAN_POINT ( 'NONE',  ( 33.60000000000017195, 12.69999999933159884, 12.69999999999652829 ) ) ;
#346 = VERTEX_POINT ( 'NONE', #1073 ) ;
#347 = LINE ( 'NONE', #359, #716 ) ;
#348 = DIRECTION ( 'NONE',  ( 0.000000000000000000, 0.000000000000000000, 1.000000000000000000 ) ) ;
#349 = VERTEX_POINT ( 'NONE', #1286 ) ;
#350 = DIRECTION ( 'NONE',  ( 0.000000000000000000, 0.000000000000000000, 1.000000000000000000 ) ) ;
#351 = PRODUCT_DEFINITION ( 'UNKNOWN', '', #766, #163 ) ;
#352 = AXIS2_PLACEMENT_3D ( 'NONE', #670, #442, #1001 ) ;
#353 = DIRECTION ( 'NONE',  ( 1.000000000000000000, -3.491481338843133355E-15, 0.000000000000000000 ) ) ;
#354 = ORIENTED_EDGE ( 'NONE', *, *, #1234, .T. ) ;
#355 = CIRCLE ( 'NONE', #692, 2.019299999999996320 ) ;
#356 = CARTESIAN_POINT ( 'NONE',  ( 28.60000000000000853, 1.999999999999998224, -35.00000000000000000 ) ) ;
#357 = ORIENTED_EDGE ( 'NONE', *, *, #690, .T. ) ;
#358 = ORIENTED_EDGE ( 'NONE', *, *, #1085, .T. ) ;
#359 = CARTESIAN_POINT ( 'NONE',  ( 33.60000000000011511, 32.00000000000000000, -35.00000000000000000 ) ) ;
#360 = CARTESIAN_POINT ( 'NONE',  ( -30.60000000000000853, 1.999999999999994893, 35.00000000000000000 ) ) ;
#361 = ADVANCED_FACE ( 'NONE', ( #306 ), #1050, .F. ) ;
#362 = DIRECTION ( 'NONE',  ( 3.436286784483356316E-15, -1.000000000000000000, 0.000000000000000000 ) ) ;
#363 = ORIENTED_EDGE ( 'NONE', *, *, #952, .T. ) ;
#364 = ORIENTED_EDGE ( 'NONE', *, *, #407, .F. ) ;
#365 = DIRECTION ( 'NONE',  ( 0.000000000000000000, 0.000000000000000000, 1.000000000000000000 ) ) ;
#366 = CARTESIAN_POINT ( 'NONE',  ( 30.60000000000004761, 12.69999999933153312, -3.469446951953614189E-12 ) ) ;
#367 = LINE ( 'NONE', #475, #984 ) ;
#368 = EDGE_CURVE ( 'NONE', #909, #118, #1184, .T. ) ;
#369 = ORIENTED_EDGE ( 'NONE', *, *, #1287, .T. ) ;
#370 = ORIENTED_EDGE ( 'NONE', *, *, #464, .F. ) ;
#371 = DIRECTION ( 'NONE',  ( 0.000000000000000000, -1.000000000000000000, 0.000000000000000000 ) ) ;
#372 = DIRECTION ( 'NONE',  ( -1.000000000000000000, -3.469446951953612611E-15, -0.000000000000000000 ) ) ;
#373 = VECTOR ( 'NONE', #7, 1000.000000000000000 ) ;
#374 = LINE ( 'NONE', #301, #650 ) ;
#375 = AXIS2_PLACEMENT_3D ( 'NONE', #1128, #708, #1364 ) ;
#376 = FACE_OUTER_BOUND ( 'NONE', #1242, .T. ) ;
#377 = ORIENTED_EDGE ( 'NONE', *, *, #529, .T. ) ;
#378 = EDGE_CURVE ( 'NONE', #1066, #741, #320, .T. ) ;
#379 = EDGE_LOOP ( 'NONE', ( #181, #934 ) ) ;
#380 = ADVANCED_FACE ( 'NONE', ( #639 ), #1380, .F. ) ;
#381 = CARTESIAN_POINT ( 'NONE',  ( 8.407983766738177600E-11, -3.000000000000000000, 25.39999999999659153 ) ) ;
#382 = DIRECTION ( 'NONE',  ( 1.000000000000000000, 0.000000000000000000, -0.000000000000000000 ) ) ;
#383 = CARTESIAN_POINT ( 'NONE',  ( -17.96051224205285735, 7.000000000000000000, -19.97981224214184337 ) ) ;
#384 = DIRECTION ( 'NONE',  ( 0.000000000000000000, -9.912705577010325549E-17, -1.000000000000000000 ) ) ;
#385 = ORIENTED_EDGE ( 'NONE', *, *, #474, .T. ) ;
#386 = VERTEX_POINT ( 'NONE', #847 ) ;
#387 = ADVANCED_FACE ( 'NONE', ( #842 ), #516, .F. ) ;
#388 = CARTESIAN_POINT ( 'NONE',  ( 0.000000000000000000, -3.000000000000000000, 0.000000000000000000 ) ) ;
#389 = DIRECTION ( 'NONE',  ( 1.000000000000000000, 0.000000000000000000, 0.000000000000000000 ) ) ;
#390 = PLANE ( 'NONE',  #647 ) ;
#391 = ORIENTED_EDGE ( 'NONE', *, *, #414, .T. ) ;
#392 = EDGE_LOOP ( 'NONE', ( #1006, #72, #150, #1148 ) ) ;
#393 = CARTESIAN_POINT ( 'NONE',  ( -28.60000000000000853, -3.000000000000000000, 35.00000000000000000 ) ) ;
#394 = CARTESIAN_POINT ( 'NONE',  ( -28.60000000000000853, 0.000000000000000000, 35.00000000000000000 ) ) ;
#395 = DIRECTION ( 'NONE',  ( -1.000000000000000000, -0.000000000000000000, -0.000000000000000000 ) ) ;
#396 = PRESENTATION_LAYER_ASSIGNMENT (  '', '', ( #485 ) ) ;
#397 = FACE_BOUND ( 'NONE', #795, .T. ) ;
#398 = VECTOR ( 'NONE', #418, 1000.000000000000000 ) ;
#399 = EDGE_LOOP ( 'NONE', ( #1015, #563, #1028, #78 ) ) ;
#400 = CIRCLE ( 'NONE', #1033, 2.019299999999996320 ) ;
#401 = EDGE_LOOP ( 'NONE', ( #642, #1153 ) ) ;
#402 = CIRCLE ( 'NONE', #765, 2.019300000000001649 ) ;
#403 = CARTESIAN_POINT ( 'NONE',  ( 17.96051224222357945, 7.000000000000000000, 19.97981224213491913 ) ) ;
#404 = FACE_OUTER_BOUND ( 'NONE', #317, .T. ) ;
#405 = DIRECTION ( 'NONE',  ( -0.000000000000000000, -0.000000000000000000, -1.000000000000000000 ) ) ;
#406 = DIRECTION ( 'NONE',  ( -0.000000000000000000, -0.000000000000000000, 1.000000000000000000 ) ) ;
#407 = EDGE_CURVE ( 'NONE', #703, #946, #1163, .T. ) ;
#408 = FACE_BOUND ( 'NONE', #401, .T. ) ;
#409 = EDGE_LOOP ( 'NONE', ( #165, #583, #218, #133 ) ) ;
#410 = CARTESIAN_POINT ( 'NONE',  ( 30.60000000000011156, 32.00000000000001421, -35.00000000000000000 ) ) ;
#411 = CARTESIAN_POINT ( 'NONE',  ( 8.554809243761678983E-11, 7.000000000000000000, -25.40000000000346603 ) ) ;
#412 = DIRECTION ( 'NONE',  ( -1.000000000000000000, -3.469446951953612611E-15, -0.000000000000000000 ) ) ;
#413 = VERTEX_POINT ( 'NONE', #631 ) ;
#414 = EDGE_CURVE ( 'NONE', #104, #917, #416, .T. ) ;
#415 = ORIENTED_EDGE ( 'NONE', *, *, #675, .T. ) ;
#416 = LINE ( 'NONE', #506, #200 ) ;
#417 = DIRECTION ( 'NONE',  ( -3.436286784483347244E-15, 1.000000000000000000, 0.000000000000000000 ) ) ;
#418 = DIRECTION ( 'NONE',  ( -1.000000000000000000, -3.469446951953612611E-15, -0.000000000000000000 ) ) ;
#419 = ORIENTED_EDGE ( 'NONE', *, *, #664, .T. ) ;
#420 = VECTOR ( 'NONE', #69, 1000.000000000000000 ) ;
#421 = AXIS2_PLACEMENT_3D ( 'NONE', #177, #412, #270 ) ;
#422 = EDGE_CURVE ( 'NONE', #292, #530, #956, .T. ) ;
#423 = AXIS2_PLACEMENT_3D ( 'NONE', #169, #915, #1179 ) ;
#424 = DIRECTION ( 'NONE',  ( -1.000000000000000000, -3.469446951953612611E-15, -0.000000000000000000 ) ) ;
#425 = DIRECTION ( 'NONE',  ( 0.000000000000000000, 0.000000000000000000, -1.000000000000000000 ) ) ;
#426 = CARTESIAN_POINT ( 'NONE',  ( -33.60000000000005116, 14.71929999933131228, -3.469199659025462176E-12 ) ) ;
#427 = ORIENTED_EDGE ( 'NONE', *, *, #664, .F. ) ;
#428 = EDGE_LOOP ( 'NONE', ( #888, #723, #547, #364 ) ) ;
#429 = PLANE ( 'NONE',  #738 ) ;
#430 = EDGE_CURVE ( 'NONE', #628, #1183, #1387, .T. ) ;
#431 = CARTESIAN_POINT ( 'NONE',  ( -30.60000000000004405, 12.69999999933131996, -3.469446951953614189E-12 ) ) ;
#432 = PLANE ( 'NONE',  #1030 ) ;
#433 = VERTEX_POINT ( 'NONE', #1265 ) ;
#434 = VERTEX_POINT ( 'NONE', #314 ) ;
#435 = DIRECTION ( 'NONE',  ( -1.000000000000000000, -3.469446951953612611E-15, -0.000000000000000000 ) ) ;
#436 = FACE_OUTER_BOUND ( 'NONE', #1167, .T. ) ;
#437 = ADVANCED_FACE ( 'NONE', ( #539, #1156, #935, #744 ), #429, .F. ) ;
#438 = CARTESIAN_POINT ( 'NONE',  ( 33.60000000000016485, 14.71929999933148814, -12.70000000000347207 ) ) ;
#439 = MANIFOLD_SOLID_BREP ( 'Cut-Extrude2', #611 ) ;
#440 = VERTEX_POINT ( 'NONE', #562 ) ;
#441 = VECTOR ( 'NONE', #214, 1000.000000000000000 ) ;
#442 = DIRECTION ( 'NONE',  ( -0.000000000000000000, -1.000000000000000000, -0.000000000000000000 ) ) ;
#443 = AXIS2_PLACEMENT_3D ( 'NONE', #592, #406, #268 ) ;
#444 = CIRCLE ( 'NONE', #23, 2.019300000000001649 ) ;
#445 = CYLINDRICAL_SURFACE ( 'NONE', #245, 2.019300000000001649 ) ;
#446 = DIRECTION ( 'NONE',  ( -1.000000000000000000, 3.469446951953612611E-15, 0.000000000000000000 ) ) ;
#447 = EDGE_CURVE ( 'NONE', #612, #1099, #1078, .T. ) ;
#448 = ORIENTED_EDGE ( 'NONE', *, *, #690, .F. ) ;
#449 = CARTESIAN_POINT ( 'NONE',  ( 0.000000000000000000, 0.000000000000000000, 0.000000000000000000 ) ) ;
#450 = DIRECTION ( 'NONE',  ( 0.000000000000000000, 0.000000000000000000, -1.000000000000000000 ) ) ;
#451 = ORIENTED_EDGE ( 'NONE', *, *, #800, .F. ) ;
#452 = AXIS2_PLACEMENT_3D ( 'NONE', #886, #786, #835 ) ;
#453 = DIRECTION ( 'NONE',  ( -0.000000000000000000, -0.000000000000000000, -1.000000000000000000 ) ) ;
#454 = CARTESIAN_POINT ( 'NONE',  ( 2.081899558550500280E-15, -3.000000000000000000, -17.00000000000000000 ) ) ;
#455 = ORIENTED_EDGE ( 'NONE', *, *, #1039, .T. ) ;
#456 = EDGE_CURVE ( 'NONE', #148, #995, #938, .T. ) ;
#457 =( NAMED_UNIT ( * ) SI_UNIT ( $, .STERADIAN. ) SOLID_ANGLE_UNIT ( ) );
#458 = PLANE ( 'NONE',  #538 ) ;
#459 = DIRECTION ( 'NONE',  ( 0.000000000000000000, -1.000000000000000000, 0.000000000000000000 ) ) ;
#460 = VERTEX_POINT ( 'NONE', #658 ) ;
#461 = FACE_OUTER_BOUND ( 'NONE', #698, .T. ) ;
#462 = DIRECTION ( 'NONE',  ( 0.000000000000000000, 0.000000000000000000, -1.000000000000000000 ) ) ;
#463 = ORIENTED_EDGE ( 'NONE', *, *, #1091, .T. ) ;
#464 = EDGE_CURVE ( 'NONE', #470, #595, #545, .T. ) ;
#465 = DIRECTION ( 'NONE',  ( 0.000000000000000000, 0.000000000000000000, -1.000000000000000000 ) ) ;
#466 = DIRECTION ( 'NONE',  ( -1.000000000000000000, -3.469446951953612611E-15, -0.000000000000000000 ) ) ;
#467 = VECTOR ( 'NONE', #183, 1000.000000000000000 ) ;
#468 = DIRECTION ( 'NONE',  ( 0.000000000000000000, 0.000000000000000000, -1.000000000000000000 ) ) ;
#469 = VECTOR ( 'NONE', #673, 1000.000000000000000 ) ;
#470 = VERTEX_POINT ( 'NONE', #232 ) ;
#471 = CARTESIAN_POINT ( 'NONE',  ( 28.60000000000000853, 1.999999999999998224, 35.00000000000000000 ) ) ;
#472 = DIRECTION ( 'NONE',  ( 3.436286784483356316E-15, -1.000000000000000000, 0.000000000000000000 ) ) ;
#473 = AXIS2_PLACEMENT_3D ( 'NONE', #1245, #1133, #174 ) ;
#474 = EDGE_CURVE ( 'NONE', #440, #460, #678, .T. ) ;
#475 = CARTESIAN_POINT ( 'NONE',  ( 33.60000000000017906, 10.68069999933160119, 12.69999999999652829 ) ) ;
#476 = ORIENTED_EDGE ( 'NONE', *, *, #778, .T. ) ;
#477 = DIRECTION ( 'NONE',  ( 0.000000000000000000, 0.000000000000000000, -1.000000000000000000 ) ) ;
#478 = ORIENTED_EDGE ( 'NONE', *, *, #1024, .F. ) ;
#479 = ADVANCED_FACE ( 'NONE', ( #147 ), #31, .F. ) ;
#480 = CARTESIAN_POINT ( 'NONE',  ( -33.60000000000003695, 10.68069999933130809, -3.469446951953614189E-12 ) ) ;
#481 = EDGE_CURVE ( 'NONE', #741, #498, #910, .T. ) ;
#482 = EDGE_LOOP ( 'NONE', ( #1263, #17 ) ) ;
#483 = ORIENTED_EDGE ( 'NONE', *, *, #1261, .F. ) ;
#484 = DIRECTION ( 'NONE',  ( 0.000000000000000000, 0.000000000000000000, -1.000000000000000000 ) ) ;
#485 = STYLED_ITEM ( 'NONE', ( #1057 ), #439 ) ;
#486 = CARTESIAN_POINT ( 'NONE',  ( 28.60000000000000853, -3.469446951953614189E-15, -35.00000000000000000 ) ) ;
#487 = AXIS2_PLACEMENT_3D ( 'NONE', #769, #228, #660 ) ;
#488 = PLANE ( 'NONE',  #63 ) ;
#489 = ORIENTED_EDGE ( 'NONE', *, *, #840, .T. ) ;
#490 = ADVANCED_FACE ( 'NONE', ( #986 ), #779, .F. ) ;
#491 = VERTEX_POINT ( 'NONE', #239 ) ;
#492 = DIRECTION ( 'NONE',  ( 0.000000000000000000, 0.000000000000000000, 1.000000000000000000 ) ) ;
#493 = CARTESIAN_POINT ( 'NONE',  ( -33.60000000000000142, -1.047444401652940007E-14, -35.00000000000000000 ) ) ;
#494 = DIRECTION ( 'NONE',  ( -1.000000000000000000, -3.469446951953612611E-15, 6.123233995736766036E-17 ) ) ;
#495 = DIRECTION ( 'NONE',  ( 1.000000000000000000, 3.469446951953612611E-15, -0.000000000000000000 ) ) ;
#496 = AXIS2_PLACEMENT_3D ( 'NONE', #1068, #524, #382 ) ;
#497 = LINE ( 'NONE', #511, #802 ) ;
#498 = VERTEX_POINT ( 'NONE', #1300 ) ;
#499 = ORIENTED_EDGE ( 'NONE', *, *, #145, .T. ) ;
#500 = CARTESIAN_POINT ( 'NONE',  ( 33.60000000000017195, 12.69999999933149049, -12.70000000000347207 ) ) ;
#501 = DIRECTION ( 'NONE',  ( -1.000000000000000000, 3.469446951953612611E-15, 0.000000000000000000 ) ) ;
#502 = CARTESIAN_POINT ( 'NONE',  ( 17.96051224222357945, 7.000000000000000000, 17.96051224213491793 ) ) ;
#503 = DIRECTION ( 'NONE',  ( -3.436286784483356316E-15, -1.000000000000000000, 0.000000000000000000 ) ) ;
#504 = EDGE_LOOP ( 'NONE', ( #972, #864, #370, #286 ) ) ;
#505 = EDGE_LOOP ( 'NONE', ( #859, #588 ) ) ;
#506 = CARTESIAN_POINT ( 'NONE',  ( 30.60000000000000853, 1.999999999999988010, -35.00000000000000000 ) ) ;
#507 = DIRECTION ( 'NONE',  ( -1.000000000000000000, -3.469446951953612611E-15, -0.000000000000000000 ) ) ;
#508 = EDGE_CURVE ( 'NONE', #1072, #172, #1314, .T. ) ;
#509 = PLANE ( 'NONE',  #423 ) ;
#510 = AXIS2_PLACEMENT_3D ( 'NONE', #210, #735, #757 ) ;
#511 = CARTESIAN_POINT ( 'NONE',  ( 30.60000000000000853, 1.999999999999994893, 35.00000000000000000 ) ) ;
#512 = CIRCLE ( 'NONE', #220, 2.019300000000001649 ) ;
#513 = EDGE_LOOP ( 'NONE', ( #324, #1230, #1122, #1182 ) ) ;
#514 = VERTEX_POINT ( 'NONE', #907 ) ;
#515 = APPLICATION_CONTEXT ( 'automotive_design' ) ;
#516 = PLANE ( 'NONE',  #783 ) ;
#517 = CARTESIAN_POINT ( 'NONE',  ( 8.554809243761678983E-11, 7.000000000000000000, -27.41930000000346723 ) ) ;
#518 = ADVANCED_FACE ( 'NONE', ( #376 ), #652, .F. ) ;
#519 = DIRECTION ( 'NONE',  ( 0.000000000000000000, 0.000000000000000000, 1.000000000000000000 ) ) ;
#520 = CARTESIAN_POINT ( 'NONE',  ( 28.60000000000000853, -3.000000000000003553, -35.00000000000000000 ) ) ;
#521 = ORIENTED_EDGE ( 'NONE', *, *, #1096, .T. ) ;
#522 = ORIENTED_EDGE ( 'NONE', *, *, #120, .F. ) ;
#523 = DIRECTION ( 'NONE',  ( -1.000000000000000000, -3.469446951953612611E-15, -0.000000000000000000 ) ) ;
#524 = DIRECTION ( 'NONE',  ( 0.000000000000000000, 0.000000000000000000, 1.000000000000000000 ) ) ;
#525 = CYLINDRICAL_SURFACE ( 'NONE', #287, 2.019300000000001649 ) ;
#526 = EDGE_CURVE ( 'NONE', #57, #703, #1320, .T. ) ;
#527 = CARTESIAN_POINT ( 'NONE',  ( -17.96051224205285735, 7.000000000000000000, -15.94121224214184096 ) ) ;
#528 = ORIENTED_EDGE ( 'NONE', *, *, #305, .F. ) ;
#529 = EDGE_CURVE ( 'NONE', #955, #1384, #1281, .T. ) ;
#530 = VERTEX_POINT ( 'NONE', #979 ) ;
#531 = FILL_AREA_STYLE_COLOUR ( '', #113 ) ;
#532 = CARTESIAN_POINT ( 'NONE',  ( -33.60000000000011511, 32.00000000000000000, -35.00000000000000000 ) ) ;
#533 = FACE_OUTER_BOUND ( 'NONE', #392, .T. ) ;
#534 = ORIENTED_EDGE ( 'NONE', *, *, #526, .F. ) ;
#535 = VECTOR ( 'NONE', #350, 1000.000000000000000 ) ;
#536 = ADVANCED_FACE ( 'NONE', ( #282 ), #488, .T. ) ;
#537 = VECTOR ( 'NONE', #999, 1000.000000000000000 ) ;
#538 = AXIS2_PLACEMENT_3D ( 'NONE', #1317, #1111, #353 ) ;
#539 = FACE_BOUND ( 'NONE', #1169, .T. ) ;
#540 = DIRECTION ( 'NONE',  ( 3.439160614977205254E-31, 9.912705577010325549E-17, 1.000000000000000000 ) ) ;
#541 = ORIENTED_EDGE ( 'NONE', *, *, #699, .F. ) ;
#542 = ORIENTED_EDGE ( 'NONE', *, *, #447, .F. ) ;
#543 = CIRCLE ( 'NONE', #1355, 2.019300000000001649 ) ;
#544 = ADVANCED_FACE ( 'NONE', ( #1064 ), #1376, .F. ) ;
#545 = LINE ( 'NONE', #37, #136 ) ;
#546 = DIRECTION ( 'NONE',  ( 0.000000000000000000, 0.000000000000000000, 1.000000000000000000 ) ) ;
#547 = ORIENTED_EDGE ( 'NONE', *, *, #787, .T. ) ;
#548 = CARTESIAN_POINT ( 'NONE',  ( -28.60000000000000853, 2.000000000000001776, -35.00000000000000000 ) ) ;
#549 = DIRECTION ( 'NONE',  ( 0.000000000000000000, 1.000000000000000000, 0.000000000000000000 ) ) ;
#550 = EDGE_CURVE ( 'NONE', #595, #104, #497, .T. ) ;
#551 = DIRECTION ( 'NONE',  ( 1.000000000000000000, 0.000000000000000000, -0.000000000000000000 ) ) ;
#552 = EDGE_LOOP ( 'NONE', ( #773, #684, #87, #45 ) ) ;
#553 = AXIS2_PLACEMENT_3D ( 'NONE', #947, #98, #860 ) ;
#554 = DIRECTION ( 'NONE',  ( 0.000000000000000000, 0.000000000000000000, -1.000000000000000000 ) ) ;
#555 = AXIS2_PLACEMENT_3D ( 'NONE', #1080, #309, #856 ) ;
#556 = CIRCLE ( 'NONE', #629, 2.019300000000001649 ) ;
#557 = DIRECTION ( 'NONE',  ( -0.000000000000000000, -1.000000000000000000, -0.000000000000000000 ) ) ;
#558 = AXIS2_PLACEMENT_3D ( 'NONE', #1079, #8, #751 ) ;
#559 = APPLICATION_CONTEXT ( 'automotive_design' ) ;
#560 = DIRECTION ( 'NONE',  ( 0.000000000000000000, 0.000000000000000000, 1.000000000000000000 ) ) ;
#561 = ORIENTED_EDGE ( 'NONE', *, *, #101, .T. ) ;
#562 = CARTESIAN_POINT ( 'NONE',  ( 33.60000000000017906, 10.68069999933149461, -12.70000000000347207 ) ) ;
#563 = ORIENTED_EDGE ( 'NONE', *, *, #1271, .T. ) ;
#564 = CARTESIAN_POINT ( 'NONE',  ( 8.554833973054493578E-11, 7.000000000000000000, -23.38070000000346482 ) ) ;
#565 = DIRECTION ( 'NONE',  ( -3.436286784483347244E-15, -1.000000000000000000, 0.000000000000000000 ) ) ;
#566 = CARTESIAN_POINT ( 'NONE',  ( 28.60000000000000853, -3.469446951953614189E-15, -35.00000000000000000 ) ) ;
#567 = ORIENTED_EDGE ( 'NONE', *, *, #322, .F. ) ;
#568 = ADVANCED_FACE ( 'NONE', ( #408, #62, #932, #916, #722, #601 ), #390, .F. ) ;
#569 = DIRECTION ( 'NONE',  ( 0.000000000000000000, -1.000000000000000000, 0.000000000000000000 ) ) ;
#570 = ORIENTED_EDGE ( 'NONE', *, *, #591, .F. ) ;
#571 = CYLINDRICAL_SURFACE ( 'NONE', #295, 2.019299999999996320 ) ;
#572 = CARTESIAN_POINT ( 'NONE',  ( 33.60000000000000853, 1.999999999999977573, -35.00000000000000000 ) ) ;
#573 = ORIENTED_EDGE ( 'NONE', *, *, #1333, .F. ) ;
#574 = EDGE_CURVE ( 'NONE', #104, #1072, #41, .T. ) ;
#575 = ORIENTED_EDGE ( 'NONE', *, *, #899, .F. ) ;
#576 = AXIS2_PLACEMENT_3D ( 'NONE', #18, #1094, #450 ) ;
#577 = AXIS2_PLACEMENT_3D ( 'NONE', #1268, #1359, #836 ) ;
#578 = DIRECTION ( 'NONE',  ( -0.000000000000000000, -0.000000000000000000, 1.000000000000000000 ) ) ;
#579 = CARTESIAN_POINT ( 'NONE',  ( -17.96051224205285735, -3.000000000000000000, -17.96051224214184217 ) ) ;
#580 = VECTOR ( 'NONE', #633, 1000.000000000000000 ) ;
#581 = CARTESIAN_POINT ( 'NONE',  ( -33.60000000000005116, 14.71929999933136202, 12.69999999999652829 ) ) ;
#582 = VERTEX_POINT ( 'NONE', #838 ) ;
#583 = ORIENTED_EDGE ( 'NONE', *, *, #1207, .T. ) ;
#584 = DIRECTION ( 'NONE',  ( -1.000000000000000000, -3.469446951953611033E-15, 0.000000000000000000 ) ) ;
#585 = DIRECTION ( 'NONE',  ( 0.000000000000000000, 0.000000000000000000, -1.000000000000000000 ) ) ;
#586 = ADVANCED_FACE ( 'NONE', ( #944 ), #170, .T. ) ;
#587 = LINE ( 'NONE', #154, #114 ) ;
#588 = ORIENTED_EDGE ( 'NONE', *, *, #61, .F. ) ;
#589 = EDGE_LOOP ( 'NONE', ( #1152, #463, #754, #789 ) ) ;
#590 = DIRECTION ( 'NONE',  ( -3.436286784483356316E-15, 1.000000000000000000, 0.000000000000000000 ) ) ;
#591 = EDGE_CURVE ( 'NONE', #661, #909, #219, .T. ) ;
#592 = CARTESIAN_POINT ( 'NONE',  ( -28.60000000000000853, 2.000000000000001776, 35.00000000000000000 ) ) ;
#593 = DIRECTION ( 'NONE',  ( -1.000000000000000000, 0.000000000000000000, 0.000000000000000000 ) ) ;
#594 = ORIENTED_EDGE ( 'NONE', *, *, #821, .T. ) ;
#595 = VERTEX_POINT ( 'NONE', #1159 ) ;
#596 = LINE ( 'NONE', #82, #651 ) ;
#597 = LINE ( 'NONE', #1032, #1220 ) ;
#598 = FACE_OUTER_BOUND ( 'NONE', #1328, .T. ) ;
#599 = AXIS2_PLACEMENT_3D ( 'NONE', #798, #236, #244 ) ;
#600 = VECTOR ( 'NONE', #477, 1000.000000000000000 ) ;
#601 = FACE_OUTER_BOUND ( 'NONE', #968, .T. ) ;
#602 = ORIENTED_EDGE ( 'NONE', *, *, #447, .T. ) ;
#603 = ORIENTED_EDGE ( 'NONE', *, *, #574, .F. ) ;
#604 = DIRECTION ( 'NONE',  ( 3.436286784483356316E-15, -1.000000000000000000, 0.000000000000000000 ) ) ;
#605 = CIRCLE ( 'NONE', #679, 2.019300000000001649 ) ;
#606 = CYLINDRICAL_SURFACE ( 'NONE', #1210, 2.019299999999996320 ) ;
#607 = CARTESIAN_POINT ( 'NONE',  ( -28.60000000000000853, 0.000000000000000000, 35.00000000000000000 ) ) ;
#608 = DIRECTION ( 'NONE',  ( 0.000000000000000000, 1.000000000000000000, 0.000000000000000000 ) ) ;
#609 = PLANE ( 'NONE',  #285 ) ;
#610 = ORIENTED_EDGE ( 'NONE', *, *, #919, .T. ) ;
#611 = CLOSED_SHELL ( 'NONE', ( #1326, #980, #329, #54, #1109, #634, #1017, #479, #1172, #1135, #264, #568, #234, #536, #274, #1316, #745, #518, #586, #1382, #380, #990, #656, #1076, #1127, #772, #875, #715, #92, #490, #387, #437, #939, #1225, #344, #1231, #862, #1193, #544, #186, #361, #1345, #151, #257 ) ) ;
#612 = VERTEX_POINT ( 'NONE', #520 ) ;
#613 = EDGE_CURVE ( 'NONE', #1099, #1038, #761, .T. ) ;
#614 = DIRECTION ( 'NONE',  ( -0.000000000000000000, -1.000000000000000000, -0.000000000000000000 ) ) ;
#615 = CARTESIAN_POINT ( 'NONE',  ( 33.60000000000016485, 14.71929999933148814, -12.70000000000347207 ) ) ;
#616 = FACE_BOUND ( 'NONE', #1115, .T. ) ;
#617 = CARTESIAN_POINT ( 'NONE',  ( -28.60000000000000853, 2.000000000000001776, 35.00000000000000000 ) ) ;
#618 = ORIENTED_EDGE ( 'NONE', *, *, #1295, .T. ) ;
#619 = ORIENTED_EDGE ( 'NONE', *, *, #176, .T. ) ;
#620 = DIRECTION ( 'NONE',  ( 3.436286784483347244E-15, -1.000000000000000000, 0.000000000000000000 ) ) ;
#621 = EDGE_CURVE ( 'NONE', #255, #386, #1142, .T. ) ;
#622 = SURFACE_STYLE_USAGE ( .BOTH. , #194 ) ;
#623 = CARTESIAN_POINT ( 'NONE',  ( 33.60000000000017195, 12.69999999933154200, -3.469446951953614189E-12 ) ) ;
#624 = DIRECTION ( 'NONE',  ( -1.000000000000000000, -3.469446951953612611E-15, -0.000000000000000000 ) ) ;
#625 = VECTOR ( 'NONE', #523, 1000.000000000000000 ) ;
#626 = DIRECTION ( 'NONE',  ( -1.000000000000000000, -3.469446951953612611E-15, 0.000000000000000000 ) ) ;
#627 = CIRCLE ( 'NONE', #243, 2.019299999999996320 ) ;
#628 = VERTEX_POINT ( 'NONE', #1253 ) ;
#629 = AXIS2_PLACEMENT_3D ( 'NONE', #431, #328, #417 ) ;
#630 = ORIENTED_EDGE ( 'NONE', *, *, #878, .T. ) ;
#631 = CARTESIAN_POINT ( 'NONE',  ( 8.554809243761678983E-11, 0.000000000000000000, -27.41930000000346723 ) ) ;
#632 = PRODUCT_RELATED_PRODUCT_CATEGORY ( 'part', '', ( #1168 ) ) ;
#633 = DIRECTION ( 'NONE',  ( -0.000000000000000000, -1.000000000000000000, -0.000000000000000000 ) ) ;
#634 = ADVANCED_FACE ( 'NONE', ( #1383 ), #1146, .F. ) ;
#635 = CARTESIAN_POINT ( 'NONE',  ( -28.60000000000000853, 0.000000000000000000, -35.00000000000000000 ) ) ;
#636 = ORIENTED_EDGE ( 'NONE', *, *, #1278, .T. ) ;
#637 = AXIS2_PLACEMENT_3D ( 'NONE', #1143, #1267, #299 ) ;
#638 = ORIENTED_EDGE ( 'NONE', *, *, #508, .F. ) ;
#639 = FACE_OUTER_BOUND ( 'NONE', #926, .T. ) ;
#640 = EDGE_CURVE ( 'NONE', #959, #433, #1232, .T. ) ;
#641 = DIRECTION ( 'NONE',  ( -1.000000000000000000, 0.000000000000000000, -0.000000000000000000 ) ) ;
#642 = ORIENTED_EDGE ( 'NONE', *, *, #1385, .F. ) ;
#643 = ORIENTED_EDGE ( 'NONE', *, *, #1243, .F. ) ;
#644 = DIRECTION ( 'NONE',  ( 1.000000000000000000, -3.469446951953612611E-15, 6.123233995736766036E-17 ) ) ;
#645 = CARTESIAN_POINT ( 'NONE',  ( 0.000000000000000000, -3.000000000000000000, 0.000000000000000000 ) ) ;
#646 = EDGE_LOOP ( 'NONE', ( #1000, #246, #610, #1105 ) ) ;
#647 = AXIS2_PLACEMENT_3D ( 'NONE', #1353, #190, #86 ) ;
#648 = AXIS2_PLACEMENT_3D ( 'NONE', #709, #1262, #291 ) ;
#649 = ORIENTED_EDGE ( 'NONE', *, *, #231, .T. ) ;
#650 = VECTOR ( 'NONE', #395, 1000.000000000000000 ) ;
#651 = VECTOR ( 'NONE', #1338, 1000.000000000000000 ) ;
#652 = PLANE ( 'NONE',  #889 ) ;
#653 = DIRECTION ( 'NONE',  ( -1.000000000000000000, 3.469446951953612611E-15, 0.000000000000000000 ) ) ;
#654 = CARTESIAN_POINT ( 'NONE',  ( -17.96051224205285735, 0.000000000000000000, -19.97981224214184337 ) ) ;
#655 = ORIENTED_EDGE ( 'NONE', *, *, #130, .T. ) ;
#656 = ADVANCED_FACE ( 'NONE', ( #397, #702, #1129, #1054 ), #609, .F. ) ;
#657 = FACE_OUTER_BOUND ( 'NONE', #192, .T. ) ;
#658 = CARTESIAN_POINT ( 'NONE',  ( 30.60000000000004050, 10.68069999933148395, -12.70000000000347207 ) ) ;
#659 = CARTESIAN_POINT ( 'NONE',  ( 8.408008496030992196E-11, 0.000000000000000000, 27.41929999999659273 ) ) ;
#660 = DIRECTION ( 'NONE',  ( 3.436286784483356316E-15, -1.000000000000000000, 0.000000000000000000 ) ) ;
#661 = VERTEX_POINT ( 'NONE', #1037 ) ;
#662 = FACE_BOUND ( 'NONE', #53, .T. ) ;
#663 = CARTESIAN_POINT ( 'NONE',  ( 17.96051224222357945, -3.000000000000000000, 17.96051224213491793 ) ) ;
#664 = EDGE_CURVE ( 'NONE', #460, #514, #627, .T. ) ;
#665 = CARTESIAN_POINT ( 'NONE',  ( 8.554809243761678983E-11, 0.000000000000000000, -25.40000000000346603 ) ) ;
#666 = DIRECTION ( 'NONE',  ( 1.000000000000000000, 3.491481338843133355E-15, -0.000000000000000000 ) ) ;
#667 = ORIENTED_EDGE ( 'NONE', *, *, #840, .F. ) ;
#668 = CARTESIAN_POINT ( 'NONE',  ( 30.60000000000004050, 10.68069999933153014, -3.469446951953614189E-12 ) ) ;
#669 =( GEOMETRIC_REPRESENTATION_CONTEXT ( 3 ) GLOBAL_UNCERTAINTY_ASSIGNED_CONTEXT ( ( #99 ) ) GLOBAL_UNIT_ASSIGNED_CONTEXT ( ( #1101, #128, #457 ) ) REPRESENTATION_CONTEXT ( 'NONE', 'WORKASPACE' ) );
#670 = CARTESIAN_POINT ( 'NONE',  ( 8.407983766738177600E-11, 7.000000000000000000, 25.39999999999659153 ) ) ;
#671 = ORIENTED_EDGE ( 'NONE', *, *, #1278, .F. ) ;
#672 = VECTOR ( 'NONE', #519, 1000.000000000000000 ) ;
#673 = DIRECTION ( 'NONE',  ( -0.000000000000000000, -1.000000000000000000, -0.000000000000000000 ) ) ;
#674 = DIRECTION ( 'NONE',  ( -1.000000000000000000, 3.469446951953612611E-15, 0.000000000000000000 ) ) ;
#675 = EDGE_CURVE ( 'NONE', #925, #310, #863, .T. ) ;
#676 = CARTESIAN_POINT ( 'NONE',  ( 28.60000000000000853, -2.999999999999999112, 35.00000000000000000 ) ) ;
#677 = ORIENTED_EDGE ( 'NONE', *, *, #95, .F. ) ;
#678 = LINE ( 'NONE', #1201, #240 ) ;
#679 = AXIS2_PLACEMENT_3D ( 'NONE', #843, #501, #814 ) ;
#680 = CARTESIAN_POINT ( 'NONE',  ( 8.407983766738177600E-11, 0.000000000000000000, 25.39999999999659153 ) ) ;
#681 = CARTESIAN_POINT ( 'NONE',  ( 8.407983766738177600E-11, 0.000000000000000000, 25.39999999999659153 ) ) ;
#682 = CARTESIAN_POINT ( 'NONE',  ( 33.60000000000011511, 32.00000000000000000, 35.00000000000000000 ) ) ;
#683 = ORIENTED_EDGE ( 'NONE', *, *, #1385, .T. ) ;
#684 = ORIENTED_EDGE ( 'NONE', *, *, #919, .F. ) ;
#685 = DIRECTION ( 'NONE',  ( 0.000000000000000000, 1.000000000000000000, 0.000000000000000000 ) ) ;
#686 = PLANE ( 'NONE',  #829 ) ;
#687 = ORIENTED_EDGE ( 'NONE', *, *, #1124, .T. ) ;
#688 = FACE_BOUND ( 'NONE', #284, .T. ) ;
#689 = VERTEX_POINT ( 'NONE', #654 ) ;
#690 = EDGE_CURVE ( 'NONE', #748, #292, #1116, .T. ) ;
#691 = AXIS2_PLACEMENT_3D ( 'NONE', #617, #1239, #302 ) ;
#692 = AXIS2_PLACEMENT_3D ( 'NONE', #1104, #1018, #362 ) ;
#693 = LINE ( 'NONE', #360, #1329 ) ;
#694 = CIRCLE ( 'NONE', #262, 2.000000000000001776 ) ;
#695 = CARTESIAN_POINT ( 'NONE',  ( 8.407983766738177600E-11, 7.000000000000000000, 25.39999999999659153 ) ) ;
#696 = UNCERTAINTY_MEASURE_WITH_UNIT (LENGTH_MEASURE( 1.000000000000000082E-05 ), #928, 'distance_accuracy_value', 'NONE');
#697 = ORIENTED_EDGE ( 'NONE', *, *, #139, .T. ) ;
#698 = EDGE_LOOP ( 'NONE', ( #448, #489, #719, #199 ) ) ;
#699 = EDGE_CURVE ( 'NONE', #955, #1099, #1275, .T. ) ;
#700 = CARTESIAN_POINT ( 'NONE',  ( -30.60000000000000853, 1.999999999999994893, -35.00000000000000000 ) ) ;
#701 = FACE_OUTER_BOUND ( 'NONE', #1240, .T. ) ;
#702 = FACE_BOUND ( 'NONE', #790, .T. ) ;
#703 = VERTEX_POINT ( 'NONE', #1197 ) ;
#704 = VERTEX_POINT ( 'NONE', #426 ) ;
#705 = DIRECTION ( 'NONE',  ( 0.000000000000000000, 0.000000000000000000, -1.000000000000000000 ) ) ;
#706 = EDGE_CURVE ( 'NONE', #689, #925, #784, .T. ) ;
#707 = LINE ( 'NONE', #517, #1042 ) ;
#708 = DIRECTION ( 'NONE',  ( -1.000000000000000000, -3.469446951953612611E-15, 0.000000000000000000 ) ) ;
#709 = CARTESIAN_POINT ( 'NONE',  ( 33.60000000000017195, 12.69999999933149049, -12.70000000000347207 ) ) ;
#710 = EDGE_LOOP ( 'NONE', ( #1285, #534 ) ) ;
#711 = EDGE_LOOP ( 'NONE', ( #522, #483 ) ) ;
#712 = CARTESIAN_POINT ( 'NONE',  ( 0.000000000000000000, 0.000000000000000000, 0.000000000000000000 ) ) ;
#713 = DIRECTION ( 'NONE',  ( -1.000000000000000000, -3.469446951953612611E-15, 0.000000000000000000 ) ) ;
#714 = CIRCLE ( 'NONE', #1187, 2.019299999999996320 ) ;
#715 = ADVANCED_FACE ( 'NONE', ( #1297 ), #316, .T. ) ;
#716 = VECTOR ( 'NONE', #1208, 1000.000000000000000 ) ;
#717 = DIRECTION ( 'NONE',  ( 0.000000000000000000, -1.000000000000000000, 0.000000000000000000 ) ) ;
#718 = ORIENTED_EDGE ( 'NONE', *, *, #430, .F. ) ;
#719 = ORIENTED_EDGE ( 'NONE', *, *, #1333, .T. ) ;
#720 = DIRECTION ( 'NONE',  ( -0.000000000000000000, -0.000000000000000000, 1.000000000000000000 ) ) ;
#721 = DIRECTION ( 'NONE',  ( -1.000000000000000000, -3.469446951953612611E-15, -0.000000000000000000 ) ) ;
#722 = FACE_BOUND ( 'NONE', #1219, .T. ) ;
#723 = ORIENTED_EDGE ( 'NONE', *, *, #1059, .T. ) ;
#724 = EDGE_CURVE ( 'NONE', #191, #470, #1188, .T. ) ;
#725 = ORIENTED_EDGE ( 'NONE', *, *, #969, .T. ) ;
#726 = SURFACE_STYLE_FILL_AREA ( #298 ) ;
#727 = CARTESIAN_POINT ( 'NONE',  ( 33.60000000000011511, 32.00000000000000000, -35.00000000000000000 ) ) ;
#728 = LINE ( 'NONE', #93, #420 ) ;
#729 = CARTESIAN_POINT ( 'NONE',  ( -33.60000000000000853, 1.999999999999984457, -35.00000000000000000 ) ) ;
#730 = DIRECTION ( 'NONE',  ( 0.000000000000000000, 0.000000000000000000, -1.000000000000000000 ) ) ;
#731 = VERTEX_POINT ( 'NONE', #1092 ) ;
#732 = EDGE_CURVE ( 'NONE', #595, #491, #16, .T. ) ;
#733 = ORIENTED_EDGE ( 'NONE', *, *, #1261, .T. ) ;
#734 = EDGE_CURVE ( 'NONE', #1344, #349, #849, .T. ) ;
#735 = DIRECTION ( 'NONE',  ( -1.000000000000000000, -3.469446951953612611E-15, -0.000000000000000000 ) ) ;
#736 = DIRECTION ( 'NONE',  ( 3.436286784483347244E-15, -1.000000000000000000, 0.000000000000000000 ) ) ;
#737 = CARTESIAN_POINT ( 'NONE',  ( -17.96051224205285735, 7.000000000000000000, -17.96051224214184217 ) ) ;
#738 = AXIS2_PLACEMENT_3D ( 'NONE', #111, #1170, #1371 ) ;
#739 = DIRECTION ( 'NONE',  ( 0.000000000000000000, 1.000000000000000000, 0.000000000000000000 ) ) ;
#740 = AXIS2_PLACEMENT_3D ( 'NONE', #260, #446, #1307 ) ;
#741 = VERTEX_POINT ( 'NONE', #126 ) ;
#742 = AXIS2_PLACEMENT_3D ( 'NONE', #131, #549, #981 ) ;
#743 = ORIENTED_EDGE ( 'NONE', *, *, #1059, .F. ) ;
#744 = FACE_OUTER_BOUND ( 'NONE', #826, .T. ) ;
#745 = ADVANCED_FACE ( 'NONE', ( #533 ), #432, .T. ) ;
#746 = CARTESIAN_POINT ( 'NONE',  ( 30.60000000000004761, 12.69999999933147983, -12.70000000000347207 ) ) ;
#747 = CARTESIAN_POINT ( 'NONE',  ( 33.60000000000000853, 1.999999999999980904, -1.982541115402161992E-16 ) ) ;
#748 = VERTEX_POINT ( 'NONE', #117 ) ;
#749 = ORIENTED_EDGE ( 'NONE', *, *, #378, .T. ) ;
#750 = DIRECTION ( 'NONE',  ( 1.000000000000000000, 0.000000000000000000, -0.000000000000000000 ) ) ;
#751 = DIRECTION ( 'NONE',  ( 1.000000000000000000, 0.000000000000000000, 0.000000000000000000 ) ) ;
#752 = CARTESIAN_POINT ( 'NONE',  ( 28.60000000000000853, 1.999999999999998224, -35.00000000000000000 ) ) ;
#753 = FACE_OUTER_BOUND ( 'NONE', #1065, .T. ) ;
#754 = ORIENTED_EDGE ( 'NONE', *, *, #794, .T. ) ;
#755 = EDGE_LOOP ( 'NONE', ( #455, #377, #687, #13 ) ) ;
#756 = CYLINDRICAL_SURFACE ( 'NONE', #319, 2.019299999999996320 ) ;
#757 = DIRECTION ( 'NONE',  ( 3.436286784483356316E-15, -1.000000000000000000, 0.000000000000000000 ) ) ;
#758 = DIRECTION ( 'NONE',  ( -1.000000000000000000, 0.000000000000000000, 0.000000000000000000 ) ) ;
#759 = DIRECTION ( 'NONE',  ( 0.000000000000000000, 1.000000000000000000, 0.000000000000000000 ) ) ;
#760 = ORIENTED_EDGE ( 'NONE', *, *, #982, .F. ) ;
#761 = CIRCLE ( 'NONE', #1114, 5.000000000000000888 ) ;
#762 = EDGE_CURVE ( 'NONE', #917, #491, #1074, .T. ) ;
#763 = AXIS2_PLACEMENT_3D ( 'NONE', #1247, #717, #184 ) ;
#764 = ORIENTED_EDGE ( 'NONE', *, *, #1234, .F. ) ;
#765 = AXIS2_PLACEMENT_3D ( 'NONE', #680, #685, #1214 ) ;
#766 = PRODUCT_DEFINITION_FORMATION_WITH_SPECIFIED_SOURCE ( 'ANY', '', #1168, .NOT_KNOWN. ) ;
#767 = CARTESIAN_POINT ( 'NONE',  ( -30.60000000000004405, 12.69999999933137680, 12.69999999999652829 ) ) ;
#768 = PLANE ( 'NONE',  #1011 ) ;
#769 = CARTESIAN_POINT ( 'NONE',  ( -33.60000000000004405, 12.69999999933136614, 12.69999999999652829 ) ) ;
#770 = ORIENTED_EDGE ( 'NONE', *, *, #159, .F. ) ;
#771 = VECTOR ( 'NONE', #83, 1000.000000000000000 ) ;
#772 = ADVANCED_FACE ( 'NONE', ( #753 ), #22, .T. ) ;
#773 = ORIENTED_EDGE ( 'NONE', *, *, #724, .T. ) ;
#774 = DIRECTION ( 'NONE',  ( 1.000000000000000000, 3.469446951953612611E-15, -0.000000000000000000 ) ) ;
#775 = FACE_OUTER_BOUND ( 'NONE', #64, .T. ) ;
#776 = EDGE_LOOP ( 'NONE', ( #127, #799 ) ) ;
#777 = DIRECTION ( 'NONE',  ( -1.000000000000000000, -3.469446951953612611E-15, 0.000000000000000000 ) ) ;
#778 = EDGE_CURVE ( 'NONE', #251, #386, #1174, .T. ) ;
#779 = PLANE ( 'NONE',  #1256 ) ;
#780 = EDGE_CURVE ( 'NONE', #216, #491, #1071, .T. ) ;
#781 = CARTESIAN_POINT ( 'NONE',  ( 0.000000000000000000, 0.000000000000000000, 0.000000000000000000 ) ) ;
#782 = EDGE_LOOP ( 'NONE', ( #1226, #575, #528, #354 ) ) ;
#783 = AXIS2_PLACEMENT_3D ( 'NONE', #1177, #327, #750 ) ;
#784 = CIRCLE ( 'NONE', #1098, 2.019300000000001649 ) ;
#785 = CIRCLE ( 'NONE', #375, 2.019299999999996320 ) ;
#786 = DIRECTION ( 'NONE',  ( -1.000000000000000000, 3.469446951953612611E-15, 0.000000000000000000 ) ) ;
#787 = EDGE_CURVE ( 'NONE', #853, #946, #180, .T. ) ;
#788 = CARTESIAN_POINT ( 'NONE',  ( -30.60000000000003695, 10.68069999933127256, -12.70000000000347207 ) ) ;
#789 = ORIENTED_EDGE ( 'NONE', *, *, #193, .T. ) ;
#790 = EDGE_LOOP ( 'NONE', ( #1212, #157 ) ) ;
#791 = AXIS2_PLACEMENT_3D ( 'NONE', #381, #161, #585 ) ;
#792 = CARTESIAN_POINT ( 'NONE',  ( 33.60000000000011511, 32.00000000000000000, 35.00000000000000000 ) ) ;
#793 = DIRECTION ( 'NONE',  ( -1.000000000000000000, -3.469446951953612611E-15, 0.000000000000000000 ) ) ;
#794 = EDGE_CURVE ( 'NONE', #1019, #978, #983, .T. ) ;
#795 = EDGE_LOOP ( 'NONE', ( #40, #1138 ) ) ;
#796 = ORIENTED_EDGE ( 'NONE', *, *, #846, .T. ) ;
#797 = FACE_OUTER_BOUND ( 'NONE', #142, .T. ) ;
#798 = CARTESIAN_POINT ( 'NONE',  ( 28.60000000000000853, 1.999999999999998224, 35.00000000000000000 ) ) ;
#799 = ORIENTED_EDGE ( 'NONE', *, *, #969, .F. ) ;
#800 = EDGE_CURVE ( 'NONE', #346, #904, #971, .T. ) ;
#801 = ORIENTED_EDGE ( 'NONE', *, *, #878, .F. ) ;
#802 = VECTOR ( 'NONE', #384, 1000.000000000000000 ) ;
#803 = VECTOR ( 'NONE', #215, 1000.000000000000000 ) ;
#804 = FACE_OUTER_BOUND ( 'NONE', #1270, .T. ) ;
#805 = DIRECTION ( 'NONE',  ( 0.000000000000000000, 1.000000000000000000, 0.000000000000000000 ) ) ;
#806 = VECTOR ( 'NONE', #1035, 1000.000000000000000 ) ;
#807 = CARTESIAN_POINT ( 'NONE',  ( 17.96051224222357945, 0.000000000000000000, 15.94121224213491672 ) ) ;
#808 = ORIENTED_EDGE ( 'NONE', *, *, #130, .F. ) ;
#809 = ORIENTED_EDGE ( 'NONE', *, *, #960, .F. ) ;
#810 = CARTESIAN_POINT ( 'NONE',  ( 2.081899558550500280E-15, 0.000000000000000000, -17.00000000000000000 ) ) ;
#811 = CARTESIAN_POINT ( 'NONE',  ( 30.60000000000011156, 32.00000000000001421, -35.00000000000000000 ) ) ;
#812 = CIRCLE ( 'NONE', #1306, 2.019300000000001649 ) ;
#813 = VECTOR ( 'NONE', #484, 1000.000000000000000 ) ;
#814 = DIRECTION ( 'NONE',  ( -3.436286784483347244E-15, -1.000000000000000000, 0.000000000000000000 ) ) ;
#815 = DIRECTION ( 'NONE',  ( -3.436286784483356316E-15, 1.000000000000000000, 0.000000000000000000 ) ) ;
#816 = CARTESIAN_POINT ( 'NONE',  ( 28.60000000000000853, 1.999999999999998224, -35.00000000000000000 ) ) ;
#817 = ORIENTED_EDGE ( 'NONE', *, *, #1048, .F. ) ;
#818 = ORIENTED_EDGE ( 'NONE', *, *, #1096, .F. ) ;
#819 = LINE ( 'NONE', #393, #600 ) ;
#820 = CARTESIAN_POINT ( 'NONE',  ( 33.60000000000011511, 32.00000000000000000, 35.00000000000000000 ) ) ;
#821 = EDGE_CURVE ( 'NONE', #158, #413, #512, .T. ) ;
#822 = DIRECTION ( 'NONE',  ( -1.000000000000000000, -3.469446951953612611E-15, -0.000000000000000000 ) ) ;
#823 = LINE ( 'NONE', #1252, #67 ) ;
#824 = DIRECTION ( 'NONE',  ( 0.000000000000000000, 0.000000000000000000, -1.000000000000000000 ) ) ;
#825 = ORIENTED_EDGE ( 'NONE', *, *, #675, .F. ) ;
#826 = EDGE_LOOP ( 'NONE', ( #1330, #619, #1292, #1130 ) ) ;
#827 = AXIS2_PLACEMENT_3D ( 'NONE', #781, #1319, #1224 ) ;
#828 = CARTESIAN_POINT ( 'NONE',  ( 30.60000000000004050, 10.68069999933159231, 12.69999999999652829 ) ) ;
#829 = AXIS2_PLACEMENT_3D ( 'NONE', #356, #348, #1014 ) ;
#830 = AXIS2_PLACEMENT_3D ( 'NONE', #60, #276, #389 ) ;
#831 = DIRECTION ( 'NONE',  ( -3.469446951953612611E-15, 1.000000000000000000, 0.000000000000000000 ) ) ;
#832 = ORIENTED_EDGE ( 'NONE', *, *, #242, .T. ) ;
#833 = VERTEX_POINT ( 'NONE', #211 ) ;
#834 = DIRECTION ( 'NONE',  ( 0.000000000000000000, 1.000000000000000000, 0.000000000000000000 ) ) ;
#835 = DIRECTION ( 'NONE',  ( -3.436286784483356316E-15, -1.000000000000000000, 0.000000000000000000 ) ) ;
#836 = DIRECTION ( 'NONE',  ( 1.000000000000000000, 0.000000000000000000, -0.000000000000000000 ) ) ;
#837 = ADVANCED_BREP_SHAPE_REPRESENTATION ( 'Front_Flange', ( #439, #558 ), #1349 ) ;
#838 = CARTESIAN_POINT ( 'NONE',  ( 33.60000000000016485, 14.71929999933148814, -12.70000000000347207 ) ) ;
#839 = EDGE_LOOP ( 'NONE', ( #312, #638, #278, #1386 ) ) ;
#840 = EDGE_CURVE ( 'NONE', #748, #1299, #50, .T. ) ;
#841 = ORIENTED_EDGE ( 'NONE', *, *, #1191, .F. ) ;
#842 = FACE_OUTER_BOUND ( 'NONE', #1228, .T. ) ;
#843 = CARTESIAN_POINT ( 'NONE',  ( 30.60000000000004761, 12.69999999933153312, -3.469446951953614189E-12 ) ) ;
#844 = CARTESIAN_POINT ( 'NONE',  ( -28.60000000000000853, 2.000000000000001776, -35.00000000000000000 ) ) ;
#845 = ORIENTED_EDGE ( 'NONE', *, *, #1124, .F. ) ;
#846 = EDGE_CURVE ( 'NONE', #1020, #498, #587, .T. ) ;
#847 = CARTESIAN_POINT ( 'NONE',  ( -33.60000000000005116, 14.71929999933125544, -12.70000000000347207 ) ) ;
#848 = VECTOR ( 'NONE', #614, 1000.000000000000000 ) ;
#849 = LINE ( 'NONE', #1089, #334 ) ;
#850 = AXIS2_PLACEMENT_3D ( 'NONE', #645, #739, #546 ) ;
#851 = ORIENTED_EDGE ( 'NONE', *, *, #1207, .F. ) ;
#852 = CIRCLE ( 'NONE', #742, 2.019300000000001649 ) ;
#853 = VERTEX_POINT ( 'NONE', #581 ) ;
#854 = CYLINDRICAL_SURFACE ( 'NONE', #553, 2.019300000000001649 ) ;
#855 = LINE ( 'NONE', #14, #580 ) ;
#856 = DIRECTION ( 'NONE',  ( 1.000000000000000000, -3.469446951953611033E-15, 0.000000000000000000 ) ) ;
#857 = EDGE_LOOP ( 'NONE', ( #671, #1055 ) ) ;
#858 = CIRCLE ( 'NONE', #249, 2.019300000000001649 ) ;
#859 = ORIENTED_EDGE ( 'NONE', *, *, #145, .F. ) ;
#860 = DIRECTION ( 'NONE',  ( 0.000000000000000000, 0.000000000000000000, -1.000000000000000000 ) ) ;
#861 = FACE_OUTER_BOUND ( 'NONE', #1337, .T. ) ;
#862 = ADVANCED_FACE ( 'NONE', ( #881 ), #887, .F. ) ;
#863 = LINE ( 'NONE', #527, #20 ) ;
#864 = ORIENTED_EDGE ( 'NONE', *, *, #550, .F. ) ;
#865 = ORIENTED_EDGE ( 'NONE', *, *, #706, .F. ) ;
#866 = DIRECTION ( 'NONE',  ( 0.000000000000000000, 0.000000000000000000, -1.000000000000000000 ) ) ;
#867 = DIRECTION ( 'NONE',  ( -0.000000000000000000, -1.000000000000000000, -0.000000000000000000 ) ) ;
#868 = EDGE_CURVE ( 'NONE', #904, #491, #1346, .T. ) ;
#869 = CARTESIAN_POINT ( 'NONE',  ( 33.60000000000000142, -1.047444401652940007E-14, 35.00000000000000000 ) ) ;
#870 = VECTOR ( 'NONE', #666, 1000.000000000000000 ) ;
#871 = ORIENTED_EDGE ( 'NONE', *, *, #231, .F. ) ;
#872 = AXIS2_PLACEMENT_3D ( 'NONE', #115, #1062, #125 ) ;
#873 = DIRECTION ( 'NONE',  ( 1.000000000000000000, 0.000000000000000000, 0.000000000000000000 ) ) ;
#874 = DIRECTION ( 'NONE',  ( -1.000000000000000000, -3.469446951953612611E-15, -0.000000000000000000 ) ) ;
#875 = ADVANCED_FACE ( 'NONE', ( #775 ), #686, .F. ) ;
#876 = EDGE_LOOP ( 'NONE', ( #808, #1322 ) ) ;
#877 = DIRECTION ( 'NONE',  ( 0.000000000000000000, 1.000000000000000000, 0.000000000000000000 ) ) ;
#878 = EDGE_CURVE ( 'NONE', #530, #1299, #1, .T. ) ;
#879 = CARTESIAN_POINT ( 'NONE',  ( -30.60000000000000142, -3.000000000000000000, -35.00000000000000000 ) ) ;
#880 = DIRECTION ( 'NONE',  ( -1.000000000000000000, -3.469446951953612611E-15, -0.000000000000000000 ) ) ;
#881 = FACE_OUTER_BOUND ( 'NONE', #409, .T. ) ;
#882 = EDGE_LOOP ( 'NONE', ( #187, #851 ) ) ;
#883 = EDGE_CURVE ( 'NONE', #661, #1040, #367, .T. ) ;
#884 = DIRECTION ( 'NONE',  ( 3.436286784483356316E-15, -1.000000000000000000, 0.000000000000000000 ) ) ;
#885 = CARTESIAN_POINT ( 'NONE',  ( 33.60000000000000142, -1.047444401652940007E-14, 35.00000000000000000 ) ) ;
#886 = CARTESIAN_POINT ( 'NONE',  ( 30.60000000000004761, 12.69999999933158819, 12.69999999999652829 ) ) ;
#887 = CYLINDRICAL_SURFACE ( 'NONE', #65, 2.019300000000001649 ) ;
#888 = ORIENTED_EDGE ( 'NONE', *, *, #21, .T. ) ;
#889 = AXIS2_PLACEMENT_3D ( 'NONE', #1086, #866, #333 ) ;
#890 = ORIENTED_EDGE ( 'NONE', *, *, #1335, .F. ) ;
#891 = AXIS2_PLACEMENT_3D ( 'NONE', #931, #1352, #70 ) ;
#892 = CARTESIAN_POINT ( 'NONE',  ( -33.60000000000011511, 32.00000000000000000, 35.00000000000000000 ) ) ;
#893 = ORIENTED_EDGE ( 'NONE', *, *, #868, .F. ) ;
#894 = DIRECTION ( 'NONE',  ( -1.000000000000000000, 3.491481338843133355E-15, -0.000000000000000000 ) ) ;
#895 = EDGE_LOOP ( 'NONE', ( #427, #1361 ) ) ;
#896 = CIRCLE ( 'NONE', #473, 2.019300000000001649 ) ;
#897 = VERTEX_POINT ( 'NONE', #788 ) ;
#898 = DIRECTION ( 'NONE',  ( 0.000000000000000000, 0.000000000000000000, -1.000000000000000000 ) ) ;
#899 = EDGE_CURVE ( 'NONE', #833, #303, #1334, .T. ) ;
#900 = LINE ( 'NONE', #682, #1060 ) ;
#901 = ORIENTED_EDGE ( 'NONE', *, *, #883, .F. ) ;
#902 = CARTESIAN_POINT ( 'NONE',  ( 0.000000000000000000, -3.000000000000000000, 0.000000000000000000 ) ) ;
#903 = ORIENTED_EDGE ( 'NONE', *, *, #368, .F. ) ;
#904 = VERTEX_POINT ( 'NONE', #676 ) ;
#905 = DIRECTION ( 'NONE',  ( -1.000000000000000000, -3.469446951953612611E-15, 0.000000000000000000 ) ) ;
#906 = EDGE_CURVE ( 'NONE', #146, #148, #1217, .T. ) ;
#907 = CARTESIAN_POINT ( 'NONE',  ( 30.60000000000005471, 14.71929999933147748, -12.70000000000347207 ) ) ;
#908 = ORIENTED_EDGE ( 'NONE', *, *, #159, .T. ) ;
#909 = VERTEX_POINT ( 'NONE', #162 ) ;
#910 = CIRCLE ( 'NONE', #1141, 2.019300000000001649 ) ;
#911 = VECTOR ( 'NONE', #336, 1000.000000000000000 ) ;
#912 = DIRECTION ( 'NONE',  ( 0.000000000000000000, 1.000000000000000000, 0.000000000000000000 ) ) ;
#913 = FACE_OUTER_BOUND ( 'NONE', #399, .T. ) ;
#914 = AXIS2_PLACEMENT_3D ( 'NONE', #19, #774, #235 ) ;
#915 = DIRECTION ( 'NONE',  ( 1.000000000000000000, 3.469446951953612611E-15, -0.000000000000000000 ) ) ;
#916 = FACE_BOUND ( 'NONE', #876, .T. ) ;
#917 = VERTEX_POINT ( 'NONE', #572 ) ;
#918 = ORIENTED_EDGE ( 'NONE', *, *, #762, .T. ) ;
#919 = EDGE_CURVE ( 'NONE', #216, #470, #900, .T. ) ;
#920 = DIRECTION ( 'NONE',  ( 3.469446951953612611E-15, -1.000000000000000000, -0.000000000000000000 ) ) ;
#921 = AXIS2_PLACEMENT_3D ( 'NONE', #1332, #1016, #590 ) ;
#922 = FACE_OUTER_BOUND ( 'NONE', #1117, .T. ) ;
#923 = DIRECTION ( 'NONE',  ( 3.436286784483356316E-15, -1.000000000000000000, 0.000000000000000000 ) ) ;
#924 = DIRECTION ( 'NONE',  ( -1.000000000000000000, -3.469446951953612611E-15, 0.000000000000000000 ) ) ;
#925 = VERTEX_POINT ( 'NONE', #1097 ) ;
#926 = EDGE_LOOP ( 'NONE', ( #1082, #966, #764, #1233 ) ) ;
#927 = EDGE_CURVE ( 'NONE', #582, #440, #355, .T. ) ;
#928 =( LENGTH_UNIT ( ) NAMED_UNIT ( * ) SI_UNIT ( .MILLI., .METRE. ) );
#929 = CARTESIAN_POINT ( 'NONE',  ( 8.554833973054493578E-11, 0.000000000000000000, -23.38070000000346482 ) ) ;
#930 = DIRECTION ( 'NONE',  ( 3.436286784483356316E-15, -1.000000000000000000, 0.000000000000000000 ) ) ;
#931 = CARTESIAN_POINT ( 'NONE',  ( 33.60000000000017195, 12.69999999933154200, -3.469446951953614189E-12 ) ) ;
#932 = FACE_BOUND ( 'NONE', #711, .T. ) ;
#933 = ORIENTED_EDGE ( 'NONE', *, *, #481, .T. ) ;
#934 = ORIENTED_EDGE ( 'NONE', *, *, #101, .F. ) ;
#935 = FACE_BOUND ( 'NONE', #103, .T. ) ;
#936 = CARTESIAN_POINT ( 'NONE',  ( 33.60000000000017195, 12.69999999933159884, 12.69999999999652829 ) ) ;
#937 = LINE ( 'NONE', #615, #1379 ) ;
#938 = CIRCLE ( 'NONE', #576, 2.019300000000001649 ) ;
#939 = ADVANCED_FACE ( 'NONE', ( #144, #1209, #1229, #989 ), #140, .T. ) ;
#940 = VECTOR ( 'NONE', #977, 1000.000000000000000 ) ;
#941 = CARTESIAN_POINT ( 'NONE',  ( -30.60000000000004405, 12.69999999933126844, -12.70000000000347207 ) ) ;
#942 = EDGE_CURVE ( 'NONE', #292, #748, #90, .T. ) ;
#943 = CIRCLE ( 'NONE', #1063, 2.019300000000001649 ) ;
#944 = FACE_OUTER_BOUND ( 'NONE', #1199, .T. ) ;
#945 = ORIENTED_EDGE ( 'NONE', *, *, #1392, .F. ) ;
#946 = VERTEX_POINT ( 'NONE', #1312 ) ;
#947 = CARTESIAN_POINT ( 'NONE',  ( 8.554809243761678983E-11, 7.000000000000000000, -25.40000000000346603 ) ) ;
#948 = APPLICATION_PROTOCOL_DEFINITION ( 'draft international standard', 'automotive_design', 1998, #559 ) ;
#949 = CYLINDRICAL_SURFACE ( 'NONE', #637, 2.019300000000001649 ) ;
#950 = DIRECTION ( 'NONE',  ( 0.000000000000000000, 1.000000000000000000, 0.000000000000000000 ) ) ;
#951 = DIRECTION ( 'NONE',  ( 0.000000000000000000, 0.000000000000000000, -1.000000000000000000 ) ) ;
#952 = EDGE_CURVE ( 'NONE', #1072, #612, #28, .T. ) ;
#953 = CARTESIAN_POINT ( 'NONE',  ( -33.60000000000004405, 12.69999999933125778, -12.70000000000347207 ) ) ;
#954 = ORIENTED_EDGE ( 'NONE', *, *, #378, .F. ) ;
#955 = VERTEX_POINT ( 'NONE', #34 ) ;
#956 = LINE ( 'NONE', #962, #1343 ) ;
#957 = FACE_OUTER_BOUND ( 'NONE', #589, .T. ) ;
#958 = DIRECTION ( 'NONE',  ( 0.000000000000000000, 1.000000000000000000, 0.000000000000000000 ) ) ;
#959 = VERTEX_POINT ( 'NONE', #1108 ) ;
#960 = EDGE_CURVE ( 'NONE', #628, #434, #1081, .T. ) ;
#961 = ORIENTED_EDGE ( 'NONE', *, *, #1335, .T. ) ;
#962 = CARTESIAN_POINT ( 'NONE',  ( 0.000000000000000000, -3.000000000000000000, 17.00000000000000000 ) ) ;
#963 = VECTOR ( 'NONE', #1342, 1000.000000000000000 ) ;
#964 = DIRECTION ( 'NONE',  ( 0.000000000000000000, 0.000000000000000000, 1.000000000000000000 ) ) ;
#965 = VECTOR ( 'NONE', #1113, 1000.000000000000000 ) ;
#966 = ORIENTED_EDGE ( 'NONE', *, *, #430, .T. ) ;
#967 = VECTOR ( 'NONE', #453, 1000.000000000000000 ) ;
#968 = EDGE_LOOP ( 'NONE', ( #331, #451, #229, #542 ) ) ;
#969 = EDGE_CURVE ( 'NONE', #251, #897, #44, .T. ) ;
#970 = DIRECTION ( 'NONE',  ( 0.000000000000000000, 0.000000000000000000, -1.000000000000000000 ) ) ;
#971 = LINE ( 'NONE', #11, #1282 ) ;
#972 = ORIENTED_EDGE ( 'NONE', *, *, #339, .F. ) ;
#973 = ORIENTED_EDGE ( 'NONE', *, *, #337, .T. ) ;
#974 = SHAPE_DEFINITION_REPRESENTATION ( #105, #837 ) ;
#975 = EDGE_CURVE ( 'NONE', #689, #1192, #1053, .T. ) ;
#976 = DIRECTION ( 'NONE',  ( 3.436286784483347244E-15, -1.000000000000000000, 0.000000000000000000 ) ) ;
#977 = DIRECTION ( 'NONE',  ( 1.000000000000000000, -3.469446951953612611E-15, 6.123233995736766036E-17 ) ) ;
#978 = VERTEX_POINT ( 'NONE', #480 ) ;
#979 = CARTESIAN_POINT ( 'NONE',  ( 0.000000000000000000, 0.000000000000000000, 17.00000000000000000 ) ) ;
#980 = ADVANCED_FACE ( 'NONE', ( #1045 ), #1238, .F. ) ;
#981 = DIRECTION ( 'NONE',  ( 0.000000000000000000, 0.000000000000000000, 1.000000000000000000 ) ) ;
#982 = EDGE_CURVE ( 'NONE', #440, #582, #714, .T. ) ;
#983 = LINE ( 'NONE', #1166, #803 ) ;
#984 = VECTOR ( 'NONE', #874, 1000.000000000000000 ) ;
#985 = CIRCLE ( 'NONE', #202, 2.019299999999996320 ) ;
#986 = FACE_OUTER_BOUND ( 'NONE', #646, .T. ) ;
#987 = EDGE_LOOP ( 'NONE', ( #1139, #1147, #1103, #1049 ) ) ;
#988 = CARTESIAN_POINT ( 'NONE',  ( -17.96051224205285735, 7.000000000000000000, -17.96051224214184217 ) ) ;
#989 = FACE_OUTER_BOUND ( 'NONE', #504, .T. ) ;
#990 = ADVANCED_FACE ( 'NONE', ( #76 ), #1246, .F. ) ;
#991 = ORIENTED_EDGE ( 'NONE', *, *, #906, .F. ) ;
#992 = AXIS2_PLACEMENT_3D ( 'NONE', #449, #877, #1309 ) ;
#993 = AXIS2_PLACEMENT_3D ( 'NONE', #1126, #1004, #1112 ) ;
#994 = DIRECTION ( 'NONE',  ( -3.469446951953612611E-15, -1.000000000000000000, -0.000000000000000000 ) ) ;
#995 = VERTEX_POINT ( 'NONE', #1145 ) ;
#996 = DIRECTION ( 'NONE',  ( 0.000000000000000000, 0.000000000000000000, -1.000000000000000000 ) ) ;
#997 = CARTESIAN_POINT ( 'NONE',  ( 28.60000000000000853, 1.999999999999998224, -35.00000000000000000 ) ) ;
#998 = DIRECTION ( 'NONE',  ( 0.000000000000000000, 0.000000000000000000, 1.000000000000000000 ) ) ;
#999 = DIRECTION ( 'NONE',  ( 0.000000000000000000, -1.000000000000000000, 0.000000000000000000 ) ) ;
#1000 = ORIENTED_EDGE ( 'NONE', *, *, #732, .T. ) ;
#1001 = DIRECTION ( 'NONE',  ( 0.000000000000000000, 0.000000000000000000, -1.000000000000000000 ) ) ;
#1002 = ORIENTED_EDGE ( 'NONE', *, *, #1162, .T. ) ;
#1003 = FACE_OUTER_BOUND ( 'NONE', #1029, .T. ) ;
#1004 = DIRECTION ( 'NONE',  ( -1.000000000000000000, 3.469446951953612611E-15, 0.000000000000000000 ) ) ;
#1005 = CARTESIAN_POINT ( 'NONE',  ( -33.60000000000011511, 32.00000000000000000, -35.00000000000000000 ) ) ;
#1006 = ORIENTED_EDGE ( 'NONE', *, *, #204, .F. ) ;
#1007 = FACE_BOUND ( 'NONE', #857, .T. ) ;
#1008 = CIRCLE ( 'NONE', #830, 5.000000000000000888 ) ;
#1009 = AXIS2_PLACEMENT_3D ( 'NONE', #988, #1106, #465 ) ;
#1010 = EDGE_CURVE ( 'NONE', #1072, #955, #374, .T. ) ;
#1011 = AXIS2_PLACEMENT_3D ( 'NONE', #532, #1389, #2 ) ;
#1012 = LINE ( 'NONE', #32, #967 ) ;
#1013 = EDGE_LOOP ( 'NONE', ( #770, #760, #385, #419 ) ) ;
#1014 = DIRECTION ( 'NONE',  ( 1.000000000000000000, 0.000000000000000000, -0.000000000000000000 ) ) ;
#1015 = ORIENTED_EDGE ( 'NONE', *, *, #508, .T. ) ;
#1016 = DIRECTION ( 'NONE',  ( 1.000000000000000000, 3.469446951953612611E-15, -0.000000000000000000 ) ) ;
#1017 = ADVANCED_FACE ( 'NONE', ( #598 ), #289, .F. ) ;
#1018 = DIRECTION ( 'NONE',  ( -1.000000000000000000, -3.469446951953612611E-15, 0.000000000000000000 ) ) ;
#1019 = VERTEX_POINT ( 'NONE', #1025 ) ;
#1020 = VERTEX_POINT ( 'NONE', #807 ) ;
#1021 = DIRECTION ( 'NONE',  ( 0.000000000000000000, 1.000000000000000000, 0.000000000000000000 ) ) ;
#1022 = CARTESIAN_POINT ( 'NONE',  ( -33.60000000000011511, 32.00000000000000000, 35.00000000000000000 ) ) ;
#1023 = CARTESIAN_POINT ( 'NONE',  ( 33.60000000000017906, 10.68069999933154079, -3.469446951953614189E-12 ) ) ;
#1024 = EDGE_CURVE ( 'NONE', #1377, #346, #1008, .T. ) ;
#1025 = CARTESIAN_POINT ( 'NONE',  ( -30.60000000000003695, 10.68069999933131875, -3.469446951953614189E-12 ) ) ;
#1026 = EDGE_CURVE ( 'NONE', #909, #661, #785, .T. ) ;
#1027 = CARTESIAN_POINT ( 'NONE',  ( -33.60000000000000142, -1.166395207463099311E-13, 0.000000000000000000 ) ) ;
#1028 = ORIENTED_EDGE ( 'NONE', *, *, #550, .T. ) ;
#1029 = EDGE_LOOP ( 'NONE', ( #825, #5, #1291, #342 ) ) ;
#1030 = AXIS2_PLACEMENT_3D ( 'NONE', #844, #323, #641 ) ;
#1031 = CYLINDRICAL_SURFACE ( 'NONE', #1235, 2.000000000000001776 ) ;
#1032 = CARTESIAN_POINT ( 'NONE',  ( -30.60000000000000853, 1.999999999999994893, -35.00000000000000000 ) ) ;
#1033 = AXIS2_PLACEMENT_3D ( 'NONE', #197, #905, #1260 ) ;
#1034 = CARTESIAN_POINT ( 'NONE',  ( -30.60000000000011156, 32.00000000000001421, -35.00000000000000000 ) ) ;
#1035 = DIRECTION ( 'NONE',  ( 0.000000000000000000, 0.000000000000000000, -1.000000000000000000 ) ) ;
#1036 = VECTOR ( 'NONE', #920, 1000.000000000000000 ) ;
#1037 = CARTESIAN_POINT ( 'NONE',  ( 33.60000000000017906, 10.68069999933160119, 12.69999999999652829 ) ) ;
#1038 = VERTEX_POINT ( 'NONE', #729 ) ;
#1039 = EDGE_CURVE ( 'NONE', #434, #955, #1375, .T. ) ;
#1040 = VERTEX_POINT ( 'NONE', #828 ) ;
#1041 = CARTESIAN_POINT ( 'NONE',  ( 33.60000000000016485, 14.71929999933154498, -3.469199659025462176E-12 ) ) ;
#1042 = VECTOR ( 'NONE', #1134, 1000.000000000000000 ) ;
#1043 = CIRCLE ( 'NONE', #791, 2.019300000000001649 ) ;
#1044 = CARTESIAN_POINT ( 'NONE',  ( 33.60000000000017195, 12.69999999933149049, -12.70000000000347207 ) ) ;
#1045 = FACE_OUTER_BOUND ( 'NONE', #1161, .T. ) ;
#1046 = DIRECTION ( 'NONE',  ( 1.000000000000000000, 3.469446951953612611E-15, -0.000000000000000000 ) ) ;
#1047 = ORIENTED_EDGE ( 'NONE', *, *, #339, .T. ) ;
#1048 = EDGE_CURVE ( 'NONE', #897, #255, #823, .T. ) ;
#1049 = ORIENTED_EDGE ( 'NONE', *, *, #1392, .T. ) ;
#1050 = CYLINDRICAL_SURFACE ( 'NONE', #510, 2.019299999999996320 ) ;
#1051 = DIRECTION ( 'NONE',  ( 0.000000000000000000, 0.000000000000000000, 1.000000000000000000 ) ) ;
#1052 = CARTESIAN_POINT ( 'NONE',  ( 28.60000000000000853, -3.469446951953614189E-15, 35.00000000000000000 ) ) ;
#1053 = LINE ( 'NONE', #383, #467 ) ;
#1054 = FACE_OUTER_BOUND ( 'NONE', #987, .T. ) ;
#1055 = ORIENTED_EDGE ( 'NONE', *, *, #290, .F. ) ;
#1056 = ORIENTED_EDGE ( 'NONE', *, *, #61, .T. ) ;
#1057 = PRESENTATION_STYLE_ASSIGNMENT (( #622 ) ) ;
#1058 = VECTOR ( 'NONE', #424, 1000.000000000000000 ) ;
#1059 = EDGE_CURVE ( 'NONE', #57, #853, #1157, .T. ) ;
#1060 = VECTOR ( 'NONE', #894, 1000.000000000000000 ) ;
#1061 = CARTESIAN_POINT ( 'NONE',  ( -17.96051224205285735, -3.000000000000000000, -15.94121224214184096 ) ) ;
#1062 = DIRECTION ( 'NONE',  ( 1.000000000000000000, 3.469446951953612611E-15, -0.000000000000000000 ) ) ;
#1063 = AXIS2_PLACEMENT_3D ( 'NONE', #665, #266, #1372 ) ;
#1064 = FACE_OUTER_BOUND ( 'NONE', #1013, .T. ) ;
#1065 = EDGE_LOOP ( 'NONE', ( #171, #1077, #1249, #338 ) ) ;
#1066 = VERTEX_POINT ( 'NONE', #1150 ) ;
#1067 = FACE_OUTER_BOUND ( 'NONE', #1354, .T. ) ;
#1068 = CARTESIAN_POINT ( 'NONE',  ( -30.60000000000000142, -3.000000000000000000, 35.00000000000000000 ) ) ;
#1069 = EDGE_CURVE ( 'NONE', #946, #853, #400, .T. ) ;
#1070 = DIRECTION ( 'NONE',  ( -3.436286784483356316E-15, -1.000000000000000000, 0.000000000000000000 ) ) ;
#1071 = LINE ( 'NONE', #869, #911 ) ;
#1072 = VERTEX_POINT ( 'NONE', #486 ) ;
#1073 = CARTESIAN_POINT ( 'NONE',  ( -28.60000000000000853, -3.000000000000000000, 35.00000000000000000 ) ) ;
#1074 = LINE ( 'NONE', #747, #313 ) ;
#1075 = VERTEX_POINT ( 'NONE', #1341 ) ;
#1076 = ADVANCED_FACE ( 'NONE', ( #189, #616, #85, #701 ), #509, .T. ) ;
#1077 = ORIENTED_EDGE ( 'NONE', *, *, #1271, .F. ) ;
#1078 = LINE ( 'NONE', #879, #963 ) ;
#1079 = CARTESIAN_POINT ( 'NONE',  ( 0.000000000000000000, 0.000000000000000000, 0.000000000000000000 ) ) ;
#1080 = CARTESIAN_POINT ( 'NONE',  ( 28.60000000000000853, 1.999999999999998224, -35.00000000000000000 ) ) ;
#1081 = CIRCLE ( 'NONE', #443, 2.000000000000001776 ) ;
#1082 = ORIENTED_EDGE ( 'NONE', *, *, #80, .F. ) ;
#1083 = AXIS2_PLACEMENT_3D ( 'NONE', #388, #912, #1357 ) ;
#1084 = ORIENTED_EDGE ( 'NONE', *, *, #15, .F. ) ;
#1085 = EDGE_CURVE ( 'NONE', #1019, #1378, #1370, .T. ) ;
#1086 = CARTESIAN_POINT ( 'NONE',  ( -28.60000000000000853, 2.000000000000001776, 35.00000000000000000 ) ) ;
#1087 = DIRECTION ( 'NONE',  ( -0.000000000000000000, -0.000000000000000000, -1.000000000000000000 ) ) ;
#1088 = AXIS2_PLACEMENT_3D ( 'NONE', #623, #1274, #736 ) ;
#1089 = CARTESIAN_POINT ( 'NONE',  ( 33.60000000000016485, 14.71929999933154498, -3.469199659025462176E-12 ) ) ;
#1090 = VERTEX_POINT ( 'NONE', #1296 ) ;
#1091 = EDGE_CURVE ( 'NONE', #1378, #1019, #556, .T. ) ;
#1092 = CARTESIAN_POINT ( 'NONE',  ( -33.60000000000011511, 32.00000000000000000, 35.00000000000000000 ) ) ;
#1093 = EDGE_LOOP ( 'NONE', ( #1347, #1308 ) ) ;
#1094 = DIRECTION ( 'NONE',  ( 0.000000000000000000, -1.000000000000000000, 0.000000000000000000 ) ) ;
#1095 = LINE ( 'NONE', #792, #156 ) ;
#1096 = EDGE_CURVE ( 'NONE', #917, #612, #1100, .T. ) ;
#1097 = CARTESIAN_POINT ( 'NONE',  ( -17.96051224205285735, 0.000000000000000000, -15.94121224214184096 ) ) ;
#1098 = AXIS2_PLACEMENT_3D ( 'NONE', #330, #759, #964 ) ;
#1099 = VERTEX_POINT ( 'NONE', #308 ) ;
#1100 = CIRCLE ( 'NONE', #1189, 5.000000000000000888 ) ;
#1101 =( LENGTH_UNIT ( ) NAMED_UNIT ( * ) SI_UNIT ( .MILLI., .METRE. ) );
#1102 = DIRECTION ( 'NONE',  ( 0.000000000000000000, -1.000000000000000000, 0.000000000000000000 ) ) ;
#1103 = ORIENTED_EDGE ( 'NONE', *, *, #305, .T. ) ;
#1104 = CARTESIAN_POINT ( 'NONE',  ( 33.60000000000017195, 12.69999999933149049, -12.70000000000347207 ) ) ;
#1105 = ORIENTED_EDGE ( 'NONE', *, *, #464, .T. ) ;
#1106 = DIRECTION ( 'NONE',  ( -0.000000000000000000, -1.000000000000000000, -0.000000000000000000 ) ) ;
#1107 = DIRECTION ( 'NONE',  ( 1.000000000000000000, -3.469446951953611033E-15, 0.000000000000000000 ) ) ;
#1108 = CARTESIAN_POINT ( 'NONE',  ( 8.554833973054493578E-11, -3.000000000000000000, -23.38070000000346482 ) ) ;
#1109 = ADVANCED_FACE ( 'NONE', ( #321 ), #525, .F. ) ;
#1110 = ORIENTED_EDGE ( 'NONE', *, *, #952, .F. ) ;
#1111 = DIRECTION ( 'NONE',  ( -3.491481338843133355E-15, -1.000000000000000000, 0.000000000000000000 ) ) ;
#1112 = DIRECTION ( 'NONE',  ( -3.436286784483356316E-15, -1.000000000000000000, 0.000000000000000000 ) ) ;
#1113 = DIRECTION ( 'NONE',  ( 0.000000000000000000, 1.000000000000000000, 0.000000000000000000 ) ) ;
#1114 = AXIS2_PLACEMENT_3D ( 'NONE', #1360, #824, #1269 ) ;
#1115 = EDGE_LOOP ( 'NONE', ( #35, #1315 ) ) ;
#1116 = CIRCLE ( 'NONE', #850, 17.00000000000000000 ) ;
#1117 = EDGE_LOOP ( 'NONE', ( #369, #476, #304, #817 ) ) ;
#1118 = VECTOR ( 'NONE', #52, 1000.000000000000000 ) ;
#1119 = DIRECTION ( 'NONE',  ( -0.000000000000000000, -0.000000000000000000, -1.000000000000000000 ) ) ;
#1120 = DIRECTION ( 'NONE',  ( -0.000000000000000000, -1.000000000000000000, -0.000000000000000000 ) ) ;
#1121 = ORIENTED_EDGE ( 'NONE', *, *, #613, .F. ) ;
#1122 = ORIENTED_EDGE ( 'NONE', *, *, #280, .T. ) ;
#1123 = VECTOR ( 'NONE', #372, 1000.000000000000000 ) ;
#1124 = EDGE_CURVE ( 'NONE', #1384, #628, #107, .T. ) ;
#1125 = CARTESIAN_POINT ( 'NONE',  ( 17.96051224222357945, -3.000000000000000000, 17.96051224213491793 ) ) ;
#1126 = CARTESIAN_POINT ( 'NONE',  ( 30.60000000000004761, 12.69999999933158819, 12.69999999999652829 ) ) ;
#1127 = ADVANCED_FACE ( 'NONE', ( #9 ), #768, .F. ) ;
#1128 = CARTESIAN_POINT ( 'NONE',  ( 33.60000000000017195, 12.69999999933159884, 12.69999999999652829 ) ) ;
#1129 = FACE_BOUND ( 'NONE', #279, .T. ) ;
#1130 = ORIENTED_EDGE ( 'NONE', *, *, #780, .T. ) ;
#1131 = ORIENTED_EDGE ( 'NONE', *, *, #1200, .T. ) ;
#1132 = LINE ( 'NONE', #493, #1036 ) ;
#1133 = DIRECTION ( 'NONE',  ( -1.000000000000000000, -3.469446951953612611E-15, 0.000000000000000000 ) ) ;
#1134 = DIRECTION ( 'NONE',  ( -0.000000000000000000, -1.000000000000000000, -0.000000000000000000 ) ) ;
#1135 = ADVANCED_FACE ( 'NONE', ( #861 ), #1195, .F. ) ;
#1136 = CARTESIAN_POINT ( 'NONE',  ( 33.60000000000017195, 12.69999999933149049, -12.70000000000347207 ) ) ;
#1137 = DIRECTION ( 'NONE',  ( 3.436286784483356316E-15, -1.000000000000000000, 0.000000000000000000 ) ) ;
#1138 = ORIENTED_EDGE ( 'NONE', *, *, #787, .F. ) ;
#1139 = ORIENTED_EDGE ( 'NONE', *, *, #30, .F. ) ;
#1140 = DIRECTION ( 'NONE',  ( -1.000000000000000000, -3.469446951953612611E-15, 0.000000000000000000 ) ) ;
#1141 = AXIS2_PLACEMENT_3D ( 'NONE', #663, #569, #554 ) ;
#1142 = CIRCLE ( 'NONE', #1257, 2.019299999999996320 ) ;
#1143 = CARTESIAN_POINT ( 'NONE',  ( 33.60000000000017195, 12.69999999933154200, -3.469446951953614189E-12 ) ) ;
#1144 = AXIS2_PLACEMENT_3D ( 'NONE', #411, #221, #425 ) ;
#1145 = CARTESIAN_POINT ( 'NONE',  ( 8.408008496030992196E-11, -3.000000000000000000, 27.41929999999659273 ) ) ;
#1146 = CYLINDRICAL_SURFACE ( 'NONE', #421, 2.019299999999996320 ) ;
#1147 = ORIENTED_EDGE ( 'NONE', *, *, #1374, .T. ) ;
#1148 = ORIENTED_EDGE ( 'NONE', *, *, #613, .T. ) ;
#1149 = CIRCLE ( 'NONE', #1381, 2.019300000000001649 ) ;
#1150 = CARTESIAN_POINT ( 'NONE',  ( 17.96051224222357945, 0.000000000000000000, 19.97981224213491913 ) ) ;
#1151 = DIRECTION ( 'NONE',  ( -0.000000000000000000, -0.000000000000000000, -1.000000000000000000 ) ) ;
#1152 = ORIENTED_EDGE ( 'NONE', *, *, #1200, .F. ) ;
#1153 = ORIENTED_EDGE ( 'NONE', *, *, #481, .F. ) ;
#1154 = EDGE_CURVE ( 'NONE', #514, #460, #985, .T. ) ;
#1155 = CARTESIAN_POINT ( 'NONE',  ( 33.60000000000017195, 12.69999999933154200, -3.469446951953614189E-12 ) ) ;
#1156 = FACE_BOUND ( 'NONE', #248, .T. ) ;
#1157 = LINE ( 'NONE', #281, #1323 ) ;
#1158 = CYLINDRICAL_SURFACE ( 'NONE', #1288, 17.00000000000000000 ) ;
#1159 = CARTESIAN_POINT ( 'NONE',  ( 30.60000000000000853, 1.999999999999991340, 35.00000000000000000 ) ) ;
#1160 = ORIENTED_EDGE ( 'NONE', *, *, #1302, .F. ) ;
#1161 = EDGE_LOOP ( 'NONE', ( #358, #1131, #1298, #1391 ) ) ;
#1162 = EDGE_CURVE ( 'NONE', #1276, #995, #855, .T. ) ;
#1163 = LINE ( 'NONE', #203, #1058 ) ;
#1164 = LINE ( 'NONE', #205, #335 ) ;
#1165 = VECTOR ( 'NONE', #1324, 1000.000000000000000 ) ;
#1166 = CARTESIAN_POINT ( 'NONE',  ( 33.60000000000017906, 10.68069999933154079, -3.469446951953614189E-12 ) ) ;
#1167 = EDGE_LOOP ( 'NONE', ( #73, #415, #733, #213 ) ) ;
#1168 = PRODUCT ( 'Front_Flange', 'Front_Flange', '', ( #1266 ) ) ;
#1169 = EDGE_LOOP ( 'NONE', ( #1368, #325 ) ) ;
#1170 = DIRECTION ( 'NONE',  ( -1.000000000000000000, 3.469446951953612611E-15, 0.000000000000000000 ) ) ;
#1171 = CIRCLE ( 'NONE', #209, 2.019300000000001649 ) ;
#1172 = ADVANCED_FACE ( 'NONE', ( #436 ), #100, .F. ) ;
#1173 = CIRCLE ( 'NONE', #124, 2.019299999999996320 ) ;
#1174 = LINE ( 'NONE', #438, #398 ) ;
#1175 = ORIENTED_EDGE ( 'NONE', *, *, #225, .F. ) ;
#1176 = ORIENTED_EDGE ( 'NONE', *, *, #778, .F. ) ;
#1177 = CARTESIAN_POINT ( 'NONE',  ( 33.60000000000011511, 32.00000000000000000, -35.00000000000000000 ) ) ;
#1178 = APPLICATION_PROTOCOL_DEFINITION ( 'draft international standard', 'automotive_design', 1998, #515 ) ;
#1179 = DIRECTION ( 'NONE',  ( -3.469446951953612611E-15, 1.000000000000000000, 0.000000000000000000 ) ) ;
#1180 = EDGE_CURVE ( 'NONE', #172, #904, #1164, .T. ) ;
#1181 = DIRECTION ( 'NONE',  ( 0.000000000000000000, 0.000000000000000000, 1.000000000000000000 ) ) ;
#1182 = ORIENTED_EDGE ( 'NONE', *, *, #36, .F. ) ;
#1183 = VERTEX_POINT ( 'NONE', #1311 ) ;
#1184 = LINE ( 'NONE', #106, #625 ) ;
#1185 = AXIS2_PLACEMENT_3D ( 'NONE', #1365, #924, #198 ) ;
#1186 = CARTESIAN_POINT ( 'NONE',  ( 33.60000000000017195, 12.69999999933154200, -3.469446951953614189E-12 ) ) ;
#1187 = AXIS2_PLACEMENT_3D ( 'NONE', #1136, #713, #923 ) ;
#1188 = LINE ( 'NONE', #108, #155 ) ;
#1189 = AXIS2_PLACEMENT_3D ( 'NONE', #752, #1087, #758 ) ;
#1190 = CARTESIAN_POINT ( 'NONE',  ( 8.554809243761678983E-11, -3.000000000000000000, -25.40000000000346603 ) ) ;
#1191 = EDGE_CURVE ( 'NONE', #158, #959, #241, .T. ) ;
#1192 = VERTEX_POINT ( 'NONE', #1331 ) ;
#1193 = ADVANCED_FACE ( 'NONE', ( #1222 ), #445, .F. ) ;
#1194 = DIRECTION ( 'NONE',  ( 1.000000000000000000, 3.469446951953612611E-15, -0.000000000000000000 ) ) ;
#1195 = CYLINDRICAL_SURFACE ( 'NONE', #1144, 2.019300000000001649 ) ;
#1196 = CIRCLE ( 'NONE', #123, 2.019300000000001649 ) ;
#1197 = CARTESIAN_POINT ( 'NONE',  ( -30.60000000000003695, 10.68069999933137915, 12.69999999999652829 ) ) ;
#1198 = VECTOR ( 'NONE', #1325, 1000.000000000000000 ) ;
#1199 = EDGE_LOOP ( 'NONE', ( #1160, #478, #252, #1121 ) ) ;
#1200 = EDGE_CURVE ( 'NONE', #1378, #704, #26, .T. ) ;
#1201 = CARTESIAN_POINT ( 'NONE',  ( 33.60000000000017906, 10.68069999933149461, -12.70000000000347207 ) ) ;
#1202 = CARTESIAN_POINT ( 'NONE',  ( 33.60000000000016485, 14.71929999933154498, -3.469199659025462176E-12 ) ) ;
#1203 = ORIENTED_EDGE ( 'NONE', *, *, #337, .F. ) ;
#1204 = DIRECTION ( 'NONE',  ( -1.000000000000000000, -3.469446951953612611E-15, -0.000000000000000000 ) ) ;
#1205 = DIRECTION ( 'NONE',  ( -1.000000000000000000, 0.000000000000000000, -0.000000000000000000 ) ) ;
#1206 = ORIENTED_EDGE ( 'NONE', *, *, #407, .T. ) ;
#1207 = EDGE_CURVE ( 'NONE', #1276, #146, #402, .T. ) ;
#1208 = DIRECTION ( 'NONE',  ( -1.000000000000000000, 3.491481338843133355E-15, -0.000000000000000000 ) ) ;
#1209 = FACE_BOUND ( 'NONE', #482, .T. ) ;
#1210 = AXIS2_PLACEMENT_3D ( 'NONE', #1044, #822, #930 ) ;
#1211 = AXIS2_PLACEMENT_3D ( 'NONE', #1284, #1181, #551 ) ;
#1212 = ORIENTED_EDGE ( 'NONE', *, *, #193, .F. ) ;
#1213 = AXIS2_PLACEMENT_3D ( 'NONE', #737, #867, #951 ) ;
#1214 = DIRECTION ( 'NONE',  ( 0.000000000000000000, 0.000000000000000000, 1.000000000000000000 ) ) ;
#1215 = DIRECTION ( 'NONE',  ( 3.436286784483356316E-15, -1.000000000000000000, 0.000000000000000000 ) ) ;
#1216 = EDGE_CURVE ( 'NONE', #1183, #303, #1012, .T. ) ;
#1217 = LINE ( 'NONE', #42, #261 ) ;
#1218 = AXIS2_PLACEMENT_3D ( 'NONE', #1250, #129, #1294 ) ;
#1219 = EDGE_LOOP ( 'NONE', ( #1272, #357 ) ) ;
#1220 = VECTOR ( 'NONE', #494, 1000.000000000000000 ) ;
#1221 = ORIENTED_EDGE ( 'NONE', *, *, #1010, .F. ) ;
#1222 = FACE_OUTER_BOUND ( 'NONE', #29, .T. ) ;
#1223 = CARTESIAN_POINT ( 'NONE',  ( 30.60000000000005471, 14.71929999933158406, 12.69999999999652829 ) ) ;
#1224 = DIRECTION ( 'NONE',  ( 0.000000000000000000, 0.000000000000000000, 1.000000000000000000 ) ) ;
#1225 = ADVANCED_FACE ( 'NONE', ( #247 ), #458, .F. ) ;
#1226 = ORIENTED_EDGE ( 'NONE', *, *, #1216, .T. ) ;
#1227 = DIRECTION ( 'NONE',  ( -1.000000000000000000, 0.000000000000000000, 0.000000000000000000 ) ) ;
#1228 = EDGE_LOOP ( 'NONE', ( #12, #1047, #643, #212 ) ) ;
#1229 = FACE_BOUND ( 'NONE', #895, .T. ) ;
#1230 = ORIENTED_EDGE ( 'NONE', *, *, #734, .T. ) ;
#1231 = ADVANCED_FACE ( 'NONE', ( #1003 ), #39, .F. ) ;
#1232 = CIRCLE ( 'NONE', #763, 2.019300000000001649 ) ;
#1233 = ORIENTED_EDGE ( 'NONE', *, *, #1374, .F. ) ;
#1234 = EDGE_CURVE ( 'NONE', #731, #1183, #1305, .T. ) ;
#1235 = AXIS2_PLACEMENT_3D ( 'NONE', #167, #720, #584 ) ;
#1236 = DIRECTION ( 'NONE',  ( -1.000000000000000000, -3.469446951953612611E-15, -0.000000000000000000 ) ) ;
#1237 = CARTESIAN_POINT ( 'NONE',  ( -30.60000000000005116, 14.71929999933137267, 12.69999999999652829 ) ) ;
#1238 = CYLINDRICAL_SURFACE ( 'NONE', #891, 2.019300000000001649 ) ;
#1239 = DIRECTION ( 'NONE',  ( -0.000000000000000000, -0.000000000000000000, 1.000000000000000000 ) ) ;
#1240 = EDGE_LOOP ( 'NONE', ( #718, #845, #890, #166 ) ) ;
#1241 = CIRCLE ( 'NONE', #1218, 2.019300000000001649 ) ;
#1242 = EDGE_LOOP ( 'NONE', ( #809, #207, #1362, #1203 ) ) ;
#1243 = EDGE_CURVE ( 'NONE', #1075, #191, #347, .T. ) ;
#1244 = CYLINDRICAL_SURFACE ( 'NONE', #1283, 2.019299999999996320 ) ;
#1245 = CARTESIAN_POINT ( 'NONE',  ( -33.60000000000004405, 12.69999999933131107, -3.469446951953614189E-12 ) ) ;
#1246 = PLANE ( 'NONE',  #577 ) ;
#1247 = CARTESIAN_POINT ( 'NONE',  ( 8.554809243761678983E-11, -3.000000000000000000, -25.40000000000346603 ) ) ;
#1248 = EDGE_LOOP ( 'NONE', ( #903, #570, #51, #499 ) ) ;
#1249 = ORIENTED_EDGE ( 'NONE', *, *, #1180, .T. ) ;
#1250 = CARTESIAN_POINT ( 'NONE',  ( -33.60000000000004405, 12.69999999933131107, -3.469446951953614189E-12 ) ) ;
#1251 = EDGE_CURVE ( 'NONE', #1075, #216, #1095, .T. ) ;
#1252 = CARTESIAN_POINT ( 'NONE',  ( 33.60000000000017906, 10.68069999933149461, -12.70000000000347207 ) ) ;
#1253 = CARTESIAN_POINT ( 'NONE',  ( -30.60000000000000853, 1.999999999999994893, 35.00000000000000000 ) ) ;
#1254 = ORIENTED_EDGE ( 'NONE', *, *, #846, .F. ) ;
#1255 = ORIENTED_EDGE ( 'NONE', *, *, #927, .F. ) ;
#1256 = AXIS2_PLACEMENT_3D ( 'NONE', #885, #462, #1205 ) ;
#1257 = AXIS2_PLACEMENT_3D ( 'NONE', #953, #626, #1137 ) ;
#1258 = CYLINDRICAL_SURFACE ( 'NONE', #1083, 17.00000000000000000 ) ;
#1259 = VECTOR ( 'NONE', #880, 1000.000000000000000 ) ;
#1260 = DIRECTION ( 'NONE',  ( 3.436286784483356316E-15, -1.000000000000000000, 0.000000000000000000 ) ) ;
#1261 = EDGE_CURVE ( 'NONE', #310, #1192, #116, .T. ) ;
#1262 = DIRECTION ( 'NONE',  ( -1.000000000000000000, -3.469446951953612611E-15, -0.000000000000000000 ) ) ;
#1263 = ORIENTED_EDGE ( 'NONE', *, *, #139, .F. ) ;
#1264 = ORIENTED_EDGE ( 'NONE', *, *, #1154, .T. ) ;
#1265 = CARTESIAN_POINT ( 'NONE',  ( 8.554809243761678983E-11, -3.000000000000000000, -27.41930000000346723 ) ) ;
#1266 = PRODUCT_CONTEXT ( 'NONE', #559, 'mechanical' ) ;
#1267 = DIRECTION ( 'NONE',  ( -1.000000000000000000, -3.469446951953612611E-15, -0.000000000000000000 ) ) ;
#1268 = CARTESIAN_POINT ( 'NONE',  ( -33.60000000000000142, -1.047444401652940007E-14, -35.00000000000000000 ) ) ;
#1269 = DIRECTION ( 'NONE',  ( 1.000000000000000000, 0.000000000000000000, 0.000000000000000000 ) ) ;
#1270 = EDGE_LOOP ( 'NONE', ( #667, #1310, #1277, #630 ) ) ;
#1271 = EDGE_CURVE ( 'NONE', #172, #595, #694, .T. ) ;
#1272 = ORIENTED_EDGE ( 'NONE', *, *, #942, .T. ) ;
#1273 = LINE ( 'NONE', #410, #373 ) ;
#1274 = DIRECTION ( 'NONE',  ( -1.000000000000000000, -3.469446951953612611E-15, -0.000000000000000000 ) ) ;
#1275 = LINE ( 'NONE', #635, #201 ) ;
#1276 = VERTEX_POINT ( 'NONE', #659 ) ;
#1277 = ORIENTED_EDGE ( 'NONE', *, *, #422, .T. ) ;
#1278 = EDGE_CURVE ( 'NONE', #1020, #1066, #852, .T. ) ;
#1279 = CARTESIAN_POINT ( 'NONE',  ( -33.60000000000003695, 10.68069999933126191, -12.70000000000347207 ) ) ;
#1280 = CARTESIAN_POINT ( 'NONE',  ( -30.60000000000011156, 32.00000000000001421, 35.00000000000000000 ) ) ;
#1281 = CIRCLE ( 'NONE', #283, 2.000000000000001776 ) ;
#1282 = VECTOR ( 'NONE', #206, 1000.000000000000000 ) ;
#1283 = AXIS2_PLACEMENT_3D ( 'NONE', #500, #1236, #68 ) ;
#1284 = CARTESIAN_POINT ( 'NONE',  ( 28.60000000000000853, 1.999999999999998224, 35.00000000000000000 ) ) ;
#1285 = ORIENTED_EDGE ( 'NONE', *, *, #21, .F. ) ;
#1286 = CARTESIAN_POINT ( 'NONE',  ( 30.60000000000005471, 14.71929999933153432, -3.469199659025462176E-12 ) ) ;
#1287 = EDGE_CURVE ( 'NONE', #897, #251, #141, .T. ) ;
#1288 = AXIS2_PLACEMENT_3D ( 'NONE', #902, #608, #998 ) ;
#1289 = CIRCLE ( 'NONE', #993, 2.019299999999996320 ) ;
#1290 = DIRECTION ( 'NONE',  ( -0.000000000000000000, -0.000000000000000000, 1.000000000000000000 ) ) ;
#1291 = ORIENTED_EDGE ( 'NONE', *, *, #975, .T. ) ;
#1292 = ORIENTED_EDGE ( 'NONE', *, *, #1251, .T. ) ;
#1293 = DIRECTION ( 'NONE',  ( 0.000000000000000000, -1.000000000000000000, 0.000000000000000000 ) ) ;
#1294 = DIRECTION ( 'NONE',  ( 3.436286784483347244E-15, -1.000000000000000000, 0.000000000000000000 ) ) ;
#1295 = EDGE_CURVE ( 'NONE', #413, #158, #943, .T. ) ;
#1296 = CARTESIAN_POINT ( 'NONE',  ( 33.60000000000017906, 10.68069999933154079, -3.469446951953614189E-12 ) ) ;
#1297 = FACE_OUTER_BOUND ( 'NONE', #271, .T. ) ;
#1298 = ORIENTED_EDGE ( 'NONE', *, *, #217, .T. ) ;
#1299 = VERTEX_POINT ( 'NONE', #810 ) ;
#1300 = CARTESIAN_POINT ( 'NONE',  ( 17.96051224222357945, -3.000000000000000000, 15.94121224213491672 ) ) ;
#1301 = DIRECTION ( 'NONE',  ( -0.000000000000000000, -1.000000000000000000, -0.000000000000000000 ) ) ;
#1302 = EDGE_CURVE ( 'NONE', #346, #1099, #819, .T. ) ;
#1303 = ORIENTED_EDGE ( 'NONE', *, *, #368, .T. ) ;
#1304 = DIRECTION ( 'NONE',  ( 0.000000000000000000, 0.000000000000000000, -1.000000000000000000 ) ) ;
#1305 = LINE ( 'NONE', #892, #1165 ) ;
#1306 = AXIS2_PLACEMENT_3D ( 'NONE', #297, #1021, #492 ) ;
#1307 = DIRECTION ( 'NONE',  ( -3.469446951953612611E-15, -1.000000000000000000, 0.000000000000000000 ) ) ;
#1308 = ORIENTED_EDGE ( 'NONE', *, *, #821, .F. ) ;
#1309 = DIRECTION ( 'NONE',  ( 0.000000000000000000, -0.000000000000000000, 1.000000000000000000 ) ) ;
#1310 = ORIENTED_EDGE ( 'NONE', *, *, #942, .F. ) ;
#1311 = CARTESIAN_POINT ( 'NONE',  ( -30.60000000000011156, 32.00000000000001421, 35.00000000000000000 ) ) ;
#1312 = CARTESIAN_POINT ( 'NONE',  ( -33.60000000000003695, 10.68069999933137026, 12.69999999999652829 ) ) ;
#1313 = EDGE_LOOP ( 'NONE', ( #208, #871, #1336, #697 ) ) ;
#1314 = LINE ( 'NONE', #121, #535 ) ;
#1315 = ORIENTED_EDGE ( 'NONE', *, *, #1091, .F. ) ;
#1316 = ADVANCED_FACE ( 'NONE', ( #804 ), #1258, .F. ) ;
#1317 = CARTESIAN_POINT ( 'NONE',  ( 33.60000000000011511, 32.00000000000000000, 35.00000000000000000 ) ) ;
#1318 = LINE ( 'NONE', #59, #1198 ) ;
#1319 = DIRECTION ( 'NONE',  ( 0.000000000000000000, 1.000000000000000000, 0.000000000000000000 ) ) ;
#1320 = CIRCLE ( 'NONE', #43, 2.019299999999996320 ) ;
#1321 = AXIS2_PLACEMENT_3D ( 'NONE', #941, #495, #815 ) ;
#1322 = ORIENTED_EDGE ( 'NONE', *, *, #640, .F. ) ;
#1323 = VECTOR ( 'NONE', #624, 1000.000000000000000 ) ;
#1324 = DIRECTION ( 'NONE',  ( 1.000000000000000000, 3.491481338843133355E-15, -0.000000000000000000 ) ) ;
#1325 = DIRECTION ( 'NONE',  ( 0.000000000000000000, 0.000000000000000000, 1.000000000000000000 ) ) ;
#1326 = ADVANCED_FACE ( 'NONE', ( #188 ), #173, .F. ) ;
#1327 = DIRECTION ( 'NONE',  ( -0.000000000000000000, -1.000000000000000000, -0.000000000000000000 ) ) ;
#1328 = EDGE_LOOP ( 'NONE', ( #636, #749, #933, #1254 ) ) ;
#1329 = VECTOR ( 'NONE', #152, 1000.000000000000000 ) ;
#1330 = ORIENTED_EDGE ( 'NONE', *, *, #762, .F. ) ;
#1331 = CARTESIAN_POINT ( 'NONE',  ( -17.96051224205285735, -3.000000000000000000, -19.97981224214184337 ) ) ;
#1332 = CARTESIAN_POINT ( 'NONE',  ( -30.60000000000004405, 12.69999999933137680, 12.69999999999652829 ) ) ;
#1333 = EDGE_CURVE ( 'NONE', #1299, #530, #182, .T. ) ;
#1334 = LINE ( 'NONE', #1005, #870 ) ;
#1335 = EDGE_CURVE ( 'NONE', #303, #1384, #596, .T. ) ;
#1336 = ORIENTED_EDGE ( 'NONE', *, *, #36, .T. ) ;
#1337 = EDGE_LOOP ( 'NONE', ( #618, #56, #6, #109 ) ) ;
#1338 = DIRECTION ( 'NONE',  ( 3.469446951953612611E-15, -1.000000000000000000, -0.000000000000000000 ) ) ;
#1339 = LINE ( 'NONE', #1023, #1123 ) ;
#1340 = FACE_OUTER_BOUND ( 'NONE', #318, .T. ) ;
#1341 = CARTESIAN_POINT ( 'NONE',  ( 33.60000000000011511, 32.00000000000000000, -35.00000000000000000 ) ) ;
#1342 = DIRECTION ( 'NONE',  ( -1.000000000000000000, -0.000000000000000000, -0.000000000000000000 ) ) ;
#1343 = VECTOR ( 'NONE', #834, 1000.000000000000000 ) ;
#1344 = VERTEX_POINT ( 'NONE', #1041 ) ;
#1345 = ADVANCED_FACE ( 'NONE', ( #404 ), #1244, .F. ) ;
#1346 = CIRCLE ( 'NONE', #599, 5.000000000000000888 ) ;
#1347 = ORIENTED_EDGE ( 'NONE', *, *, #1295, .F. ) ;
#1348 = AXIS2_PLACEMENT_3D ( 'NONE', #47, #340, #137 ) ;
#1349 =( GEOMETRIC_REPRESENTATION_CONTEXT ( 3 ) GLOBAL_UNCERTAINTY_ASSIGNED_CONTEXT ( ( #696 ) ) GLOBAL_UNIT_ASSIGNED_CONTEXT ( ( #928, #122, #112 ) ) REPRESENTATION_CONTEXT ( 'NONE', 'WORKASPACE' ) );
#1350 = DIRECTION ( 'NONE',  ( 0.000000000000000000, 1.000000000000000000, 0.000000000000000000 ) ) ;
#1351 = CARTESIAN_POINT ( 'NONE',  ( -33.60000000000004405, 12.69999999933125778, -12.70000000000347207 ) ) ;
#1352 = DIRECTION ( 'NONE',  ( -1.000000000000000000, -3.469446951953612611E-15, -0.000000000000000000 ) ) ;
#1353 = CARTESIAN_POINT ( 'NONE',  ( 0.000000000000000000, -3.000000000000000000, 0.000000000000000000 ) ) ;
#1354 = EDGE_LOOP ( 'NONE', ( #841, #594, #135, #655 ) ) ;
#1355 = AXIS2_PLACEMENT_3D ( 'NONE', #579, #459, #143 ) ;
#1356 = EDGE_LOOP ( 'NONE', ( #1255, #908, #1264, #233 ) ) ;
#1357 = DIRECTION ( 'NONE',  ( 0.000000000000000000, 0.000000000000000000, 1.000000000000000000 ) ) ;
#1358 = PLANE ( 'NONE',  #496 ) ;
#1359 = DIRECTION ( 'NONE',  ( 0.000000000000000000, 0.000000000000000000, 1.000000000000000000 ) ) ;
#1360 = CARTESIAN_POINT ( 'NONE',  ( -28.60000000000000853, 2.000000000000001776, -35.00000000000000000 ) ) ;
#1361 = ORIENTED_EDGE ( 'NONE', *, *, #1154, .F. ) ;
#1362 = ORIENTED_EDGE ( 'NONE', *, *, #1024, .T. ) ;
#1363 = LINE ( 'NONE', #394, #153 ) ;
#1364 = DIRECTION ( 'NONE',  ( 3.436286784483356316E-15, -1.000000000000000000, 0.000000000000000000 ) ) ;
#1365 = CARTESIAN_POINT ( 'NONE',  ( 33.60000000000017195, 12.69999999933159884, 12.69999999999652829 ) ) ;
#1366 = ORIENTED_EDGE ( 'NONE', *, *, #1048, .T. ) ;
#1367 = AXIS2_PLACEMENT_3D ( 'NONE', #816, #1151, #593 ) ;
#1368 = ORIENTED_EDGE ( 'NONE', *, *, #591, .T. ) ;
#1369 = AXIS2_PLACEMENT_3D ( 'NONE', #502, #55, #175 ) ;
#1370 = CIRCLE ( 'NONE', #872, 2.019300000000001649 ) ;
#1371 = DIRECTION ( 'NONE',  ( -3.469446951953612611E-15, -1.000000000000000000, 0.000000000000000000 ) ) ;
#1372 = DIRECTION ( 'NONE',  ( 0.000000000000000000, 0.000000000000000000, 1.000000000000000000 ) ) ;
#1373 = CARTESIAN_POINT ( 'NONE',  ( -33.60000000000011511, 32.00000000000000000, -35.00000000000000000 ) ) ;
#1374 = EDGE_CURVE ( 'NONE', #1377, #731, #273, .T. ) ;
#1375 = LINE ( 'NONE', #607, #806 ) ;
#1376 = CYLINDRICAL_SURFACE ( 'NONE', #648, 2.019299999999996320 ) ;
#1377 = VERTEX_POINT ( 'NONE', #58 ) ;
#1378 = VERTEX_POINT ( 'NONE', #258 ) ;
#1379 = VECTOR ( 'NONE', #507, 1000.000000000000000 ) ;
#1380 = PLANE ( 'NONE',  #311 ) ;
#1381 = AXIS2_PLACEMENT_3D ( 'NONE', #681, #805, #223 ) ;
#1382 = ADVANCED_FACE ( 'NONE', ( #160 ), #1031, .F. ) ;
#1383 = FACE_OUTER_BOUND ( 'NONE', #1356, .T. ) ;
#1384 = VERTEX_POINT ( 'NONE', #700 ) ;
#1385 = EDGE_CURVE ( 'NONE', #498, #741, #444, .T. ) ;
#1386 = ORIENTED_EDGE ( 'NONE', *, *, #1039, .F. ) ;
#1387 = LINE ( 'NONE', #1280, #441 ) ;
#1388 = LINE ( 'NONE', #727, #771 ) ;
#1389 = DIRECTION ( 'NONE',  ( 3.491481338843133355E-15, -1.000000000000000000, 0.000000000000000000 ) ) ;
#1390 = DIRECTION ( 'NONE',  ( 0.000000000000000000, 0.000000000000000000, 1.000000000000000000 ) ) ;
#1391 = ORIENTED_EDGE ( 'NONE', *, *, #794, .F. ) ;
#1392 = EDGE_CURVE ( 'NONE', #833, #1038, #1132, .T. ) ;
#1393 = DIRECTION ( 'NONE',  ( -1.000000000000000000, 0.000000000000000000, -0.000000000000000000 ) ) ;
ENDSEC;
END-ISO-10303-21;
