ISO-10303-21;
HEADER;
FILE_DESCRIPTION (( 'STEP AP214' ),
    '1' );
FILE_NAME ('Hub_Plate2.STEP',
    '2026-07-14T15:09:55',
    ( '' ),
    ( '' ),
    'SwSTEP 2.0',
    'SolidWorks 2025',
    '' );
FILE_SCHEMA (( 'AUTOMOTIVE_DESIGN' ));
ENDSEC;

DATA;
#1 = ORIENTED_EDGE ( 'NONE', *, *, #1463, .F. ) ;
#2 = PLANE ( 'NONE',  #1105 ) ;
#3 = DIRECTION ( 'NONE',  ( 1.000000000000000000, 0.000000000000000000, 0.000000000000000000 ) ) ;
#4 = EDGE_LOOP ( 'NONE', ( #71, #868, #68, #264 ) ) ;
#5 = AXIS2_PLACEMENT_3D ( 'NONE', #660, #1142, #64 ) ;
#6 = DIRECTION ( 'NONE',  ( 0.1736481776669236976, -1.189554516704284187E-16, -0.9848077530122092416 ) ) ;
#7 = LINE ( 'NONE', #1198, #869 ) ;
#8 = VECTOR ( 'NONE', #312, 1000.000000000000000 ) ;
#9 = ORIENTED_EDGE ( 'NONE', *, *, #1300, .F. ) ;
#10 = CARTESIAN_POINT ( 'NONE',  ( -17.69999999999999929, 88.12999999999999545, -4.762500000000000178 ) ) ;
#11 = ORIENTED_EDGE ( 'NONE', *, *, #747, .T. ) ;
#12 = LINE ( 'NONE', #1350, #641 ) ;
#13 = CARTESIAN_POINT ( 'NONE',  ( 66.56092322074294998, 90.62999999999999545, 5.565042299885066157 ) ) ;
#14 = CARTESIAN_POINT ( 'NONE',  ( 17.69999999999999929, 83.12999999999999545, -4.762500000000000178 ) ) ;
#15 = CARTESIAN_POINT ( 'NONE',  ( -79.77072468949211270, 128.8699999999996919, -7.169560195059896834 ) ) ;
#16 = ORIENTED_EDGE ( 'NONE', *, *, #997, .F. ) ;
#17 = EDGE_CURVE ( 'NONE', #1526, #564, #475, .T. ) ;
#18 = ORIENTED_EDGE ( 'NONE', *, *, #1210, .T. ) ;
#19 = EDGE_CURVE ( 'NONE', #128, #536, #836, .T. ) ;
#20 = DIRECTION ( 'NONE',  ( 0.1736481776669236976, -1.189554516704284187E-16, -0.9848077530122092416 ) ) ;
#21 = EDGE_LOOP ( 'NONE', ( #251, #1429, #1176, #557 ) ) ;
#22 = DIRECTION ( 'NONE',  ( 0.000000000000000000, 0.000000000000000000, 1.000000000000000000 ) ) ;
#23 = DIRECTION ( 'NONE',  ( -0.1736481776669236976, -4.743804257628411434E-17, -0.9848077530122092416 ) ) ;
#24 = ORIENTED_EDGE ( 'NONE', *, *, #1222, .T. ) ;
#25 = CARTESIAN_POINT ( 'NONE',  ( 35.82699944613870713, 88.13000000000000966, -4.690146923720647010 ) ) ;
#26 = VECTOR ( 'NONE', #43, 1000.000000000000000 ) ;
#27 = DIRECTION ( 'NONE',  ( -0.000000000000000000, 1.000000000000000000, -8.672601103247718607E-16 ) ) ;
#28 = DIRECTION ( 'NONE',  ( 0.9848077530122091305, 0.000000000000000000, 0.1736481776669241417 ) ) ;
#29 = DIRECTION ( 'NONE',  ( 0.6963642403200200892, -0.7071067811865473507, 0.1227878039689681428 ) ) ;
#30 = CARTESIAN_POINT ( 'NONE',  ( 69.12883326768171344, 88.86223304703362658, 1.181864886086838373 ) ) ;
#31 = CARTESIAN_POINT ( 'NONE',  ( 12.69999999999999751, 83.12999999999999545, 0.000000000000000000 ) ) ;
#32 = CIRCLE ( 'NONE', #1270, 2.499999999999994671 ) ;
#33 = DIRECTION ( 'NONE',  ( -0.1736481776669236976, 1.189554516704284187E-16, 0.9848077530122092416 ) ) ;
#34 = DIRECTION ( 'NONE',  ( 1.000000000000000000, 0.000000000000000000, 0.000000000000000000 ) ) ;
#35 = ORIENTED_EDGE ( 'NONE', *, *, #350, .T. ) ;
#36 = CARTESIAN_POINT ( 'NONE',  ( -93.42184141246129059, 114.5655339059327673, 5.465377664581807515 ) ) ;
#37 = EDGE_CURVE ( 'NONE', #1349, #767, #1187, .T. ) ;
#38 = DIRECTION ( 'NONE',  ( 0.000000000000000000, 0.000000000000000000, 1.000000000000000000 ) ) ;
#39 = EDGE_LOOP ( 'NONE', ( #123, #671, #1470, #1100, #35, #1306, #1302, #82 ) ) ;
#40 = FACE_BOUND ( 'NONE', #844, .T. ) ;
#41 = CIRCLE ( 'NONE', #425, 2.574999999999996181 ) ;
#42 = CARTESIAN_POINT ( 'NONE',  ( 3.139382069614242449E-15, 114.7749999999999915, -4.762500000000000178 ) ) ;
#43 = DIRECTION ( 'NONE',  ( 1.000000000000000000, 8.021842663476575998E-16, 0.000000000000000000 ) ) ;
#44 = AXIS2_PLACEMENT_3D ( 'NONE', #885, #403, #911 ) ;
#45 = CIRCLE ( 'NONE', #1155, 2.499999999999994227 ) ;
#46 = ORIENTED_EDGE ( 'NONE', *, *, #743, .F. ) ;
#47 = FACE_OUTER_BOUND ( 'NONE', #1566, .T. ) ;
#48 = DIRECTION ( 'NONE',  ( -7.639429598048256351E-17, 1.000000000000000000, 0.000000000000000000 ) ) ;
#49 = AXIS2_PLACEMENT_3D ( 'NONE', #59, #910, #546 ) ;
#50 = ADVANCED_FACE ( 'NONE', ( #1473 ), #1329, .F. ) ;
#51 = DIRECTION ( 'NONE',  ( -0.1736481776669236976, 0.000000000000000000, -0.9848077530122092416 ) ) ;
#52 = ORIENTED_EDGE ( 'NONE', *, *, #511, .T. ) ;
#53 = EDGE_LOOP ( 'NONE', ( #544, #288, #1224, #1146 ) ) ;
#54 = CARTESIAN_POINT ( 'NONE',  ( 91.87373318459214033, 112.7977669529663416, 10.02837365405757986 ) ) ;
#55 = CARTESIAN_POINT ( 'NONE',  ( -17.69999999999999929, 83.12999999999999545, 0.000000000000000000 ) ) ;
#56 = EDGE_LOOP ( 'NONE', ( #1445, #414, #1378, #335 ) ) ;
#57 = DIRECTION ( 'NONE',  ( 1.000000000000000000, 7.639429598048256351E-17, -0.000000000000000000 ) ) ;
#58 = DIRECTION ( 'NONE',  ( -0.1736481776669237254, -2.371902128814209106E-17, 0.9848077530122092416 ) ) ;
#59 = CARTESIAN_POINT ( 'NONE',  ( 7.700000000000006395, -7.700000000000004619, -4.762500000000000178 ) ) ;
#60 = PRODUCT_DEFINITION_CONTEXT ( 'detailed design', #592, 'design' ) ;
#61 = VERTEX_POINT ( 'NONE', #615 ) ;
#62 = DIRECTION ( 'NONE',  ( 0.000000000000000000, 0.000000000000000000, 1.000000000000000000 ) ) ;
#63 = ORIENTED_EDGE ( 'NONE', *, *, #388, .T. ) ;
#64 = DIRECTION ( 'NONE',  ( 0.000000000000000000, -0.000000000000000000, -1.000000000000000000 ) ) ;
#65 = ADVANCED_FACE ( 'NONE', ( #1452, #1338, #739 ), #1219, .F. ) ;
#66 = CARTESIAN_POINT ( 'NONE',  ( 92.59484196632260478, 114.5655339059326963, 10.15552458830245186 ) ) ;
#67 = ADVANCED_FACE ( 'NONE', ( #298 ), #285, .T. ) ;
#68 = ORIENTED_EDGE ( 'NONE', *, *, #420, .T. ) ;
#69 = PRESENTATION_LAYER_ASSIGNMENT (  '', '', ( #1561 ) ) ;
#70 = CARTESIAN_POINT ( 'NONE',  ( -92.59484196632259057, 138.9299999999999784, 10.15552458830245364 ) ) ;
#71 = ORIENTED_EDGE ( 'NONE', *, *, #1121, .F. ) ;
#72 = DIRECTION ( 'NONE',  ( 0.1736481776669233645, 0.000000000000000000, -0.9848077530122092416 ) ) ;
#73 = DIRECTION ( 'NONE',  ( 0.000000000000000000, 0.000000000000000000, 1.000000000000000000 ) ) ;
#74 = ORIENTED_EDGE ( 'NONE', *, *, #1331, .T. ) ;
#75 = CARTESIAN_POINT ( 'NONE',  ( -7.699999999999970868, -12.70000000000000284, 0.000000000000000000 ) ) ;
#76 = AXIS2_PLACEMENT_3D ( 'NONE', #732, #1211, #129 ) ;
#77 = EDGE_LOOP ( 'NONE', ( #52, #476, #209, #967 ) ) ;
#78 = DIRECTION ( 'NONE',  ( 0.9848077530122092416, 0.000000000000000000, -0.1736481776669236698 ) ) ;
#79 = AXIS2_PLACEMENT_3D ( 'NONE', #1344, #914, #1137 ) ;
#80 = ORIENTED_EDGE ( 'NONE', *, *, #1071, .T. ) ;
#81 = DIRECTION ( 'NONE',  ( 0.000000000000000000, 0.000000000000000000, 1.000000000000000000 ) ) ;
#82 = ORIENTED_EDGE ( 'NONE', *, *, #773, .T. ) ;
#83 = DIRECTION ( 'NONE',  ( 0.9848077530122090195, 0.000000000000000000, -0.1736481776669244470 ) ) ;
#84 = ADVANCED_FACE ( 'NONE', ( #1491 ), #769, .T. ) ;
#85 = EDGE_CURVE ( 'NONE', #834, #992, #424, .T. ) ;
#86 = ORIENTED_EDGE ( 'NONE', *, *, #695, .F. ) ;
#87 = DIRECTION ( 'NONE',  ( 0.1736481776669235588, 4.743804257628410201E-17, 0.9848077530122092416 ) ) ;
#88 = CYLINDRICAL_SURFACE ( 'NONE', #1129, 14.28750000000000320 ) ;
#89 = DIRECTION ( 'NONE',  ( 0.000000000000000000, -1.000000000000000000, 8.672601103247718607E-16 ) ) ;
#90 = CIRCLE ( 'NONE', #1454, 2.574999999999996181 ) ;
#91 = AXIS2_PLACEMENT_3D ( 'NONE', #1180, #604, #1083 ) ;
#92 = VERTEX_POINT ( 'NONE', #880 ) ;
#93 = ORIENTED_EDGE ( 'NONE', *, *, #927, .T. ) ;
#94 = DIRECTION ( 'NONE',  ( 0.000000000000000000, 7.588525965342043194E-16, -1.000000000000000000 ) ) ;
#95 = ORIENTED_EDGE ( 'NONE', *, *, #85, .F. ) ;
#96 = CARTESIAN_POINT ( 'NONE',  ( -17.69999999999999929, 88.12999999999999545, 0.000000000000000000 ) ) ;
#97 = CIRCLE ( 'NONE', #985, 2.574999999999996181 ) ;
#98 = LINE ( 'NONE', #584, #787 ) ;
#99 = ORIENTED_EDGE ( 'NONE', *, *, #826, .T. ) ;
#100 = ADVANCED_FACE ( 'NONE', ( #149 ), #778, .T. ) ;
#101 = AXIS2_PLACEMENT_3D ( 'NONE', #1099, #1469, #392 ) ;
#102 = ADVANCED_FACE ( 'NONE', ( #1261, #40, #1509 ), #524, .T. ) ;
#103 = ORIENTED_EDGE ( 'NONE', *, *, #531, .T. ) ;
#104 = DIRECTION ( 'NONE',  ( 0.000000000000000000, 0.000000000000000000, 1.000000000000000000 ) ) ;
#105 = VERTEX_POINT ( 'NONE', #1000 ) ;
#106 = CARTESIAN_POINT ( 'NONE',  ( -55.22439144566278202, 128.8699999999996919, -11.49774102340797732 ) ) ;
#107 = DIRECTION ( 'NONE',  ( 0.000000000000000000, 0.000000000000000000, 1.000000000000000000 ) ) ;
#108 = ORIENTED_EDGE ( 'NONE', *, *, #677, .T. ) ;
#109 = VERTEX_POINT ( 'NONE', #314 ) ;
#110 = FACE_OUTER_BOUND ( 'NONE', #986, .T. ) ;
#111 = CLOSED_SHELL ( 'NONE', ( #305, #1167, #1036, #1521, #879, #1009, #102, #112, #549, #925, #65, #1275, #1506, #84, #1357, #1354, #1111, #100, #67, #552, #1258, #857, #545, #884, #907, #859, #200, #50, #1421, #333, #1557, #971, #1377, #226, #947, #303, #560, #934, #215, #1069, #151, #1510, #665, #243, #409, #1374, #1284, #461, #225, #1321 ) ) ;
#112 = ADVANCED_FACE ( 'NONE', ( #667, #533, #1366 ), #1018, .F. ) ;
#113 = VERTEX_POINT ( 'NONE', #1253 ) ;
#114 = EDGE_CURVE ( 'NONE', #783, #644, #1478, .T. ) ;
#115 = DIRECTION ( 'NONE',  ( -0.1736481776669235033, 1.185951064407101687E-16, 0.9848077530122092416 ) ) ;
#116 = DIRECTION ( 'NONE',  ( 1.000000000000000000, 0.000000000000000000, 0.000000000000000000 ) ) ;
#117 = DIRECTION ( 'NONE',  ( 0.9848077530122092416, 0.000000000000000000, -0.1736481776669236698 ) ) ;
#118 = AXIS2_PLACEMENT_3D ( 'NONE', #296, #57, #48 ) ;
#119 = DIRECTION ( 'NONE',  ( 0.000000000000000000, 0.000000000000000000, 1.000000000000000000 ) ) ;
#120 = ORIENTED_EDGE ( 'NONE', *, *, #1444, .F. ) ;
#121 = VECTOR ( 'NONE', #1326, 1000.000000000000000 ) ;
#122 = AXIS2_PLACEMENT_3D ( 'NONE', #579, #1291, #342 ) ;
#123 = ORIENTED_EDGE ( 'NONE', *, *, #722, .F. ) ;
#124 = CARTESIAN_POINT ( 'NONE',  ( 92.59484196632257635, 88.12999999999996703, 10.15552458830245186 ) ) ;
#125 = EDGE_CURVE ( 'NONE', #367, #843, #638, .T. ) ;
#126 = CARTESIAN_POINT ( 'NONE',  ( -50.11244194313885458, 128.8699999999996919, 2.664731258965538085 ) ) ;
#127 = CARTESIAN_POINT ( 'NONE',  ( -93.42184141246130480, 138.9299999999999784, 5.465377664581807515 ) ) ;
#128 = VERTEX_POINT ( 'NONE', #184 ) ;
#129 = DIRECTION ( 'NONE',  ( 0.1736481776669221155, 0.000000000000000000, -0.9848077530122095746 ) ) ;
#130 = DIRECTION ( 'NONE',  ( 0.1736481776669237254, 5.887846720064160881E-17, -0.9848077530122092416 ) ) ;
#131 = CARTESIAN_POINT ( 'NONE',  ( -35.82699944613871423, 138.9300000000000068, -4.690146923720646122 ) ) ;
#132 = DIRECTION ( 'NONE',  ( 0.1736481776669236976, -1.189554516704284187E-16, -0.9848077530122092416 ) ) ;
#133 = VECTOR ( 'NONE', #765, 1000.000000000000000 ) ;
#134 = CYLINDRICAL_SURFACE ( 'NONE', #1386, 4.049999999999999822 ) ;
#135 = VERTEX_POINT ( 'NONE', #401 ) ;
#136 = EDGE_CURVE ( 'NONE', #1503, #367, #1499, .T. ) ;
#137 = CARTESIAN_POINT ( 'NONE',  ( -93.42184141246127638, 88.12999999999999545, 5.465377664581807515 ) ) ;
#138 = VECTOR ( 'NONE', #369, 1000.000000000000000 ) ;
#139 = FACE_OUTER_BOUND ( 'NONE', #1310, .T. ) ;
#140 = DIRECTION ( 'NONE',  ( 0.000000000000000000, -1.000000000000000000, -7.588525965342043194E-16 ) ) ;
#141 = DIRECTION ( 'NONE',  ( 1.000000000000000000, 0.000000000000000000, 0.000000000000000000 ) ) ;
#142 = DIRECTION ( 'NONE',  ( 0.1736481776669237254, -2.371902128814209106E-17, 0.9848077530122093526 ) ) ;
#143 = AXIS2_PLACEMENT_3D ( 'NONE', #594, #1534, #220 ) ;
#144 = ORIENTED_EDGE ( 'NONE', *, *, #1229, .T. ) ;
#145 = CARTESIAN_POINT ( 'NONE',  ( 12.69999999999999929, 83.12999999999999545, -4.762500000000000178 ) ) ;
#146 = CARTESIAN_POINT ( 'NONE',  ( 35.17231902828199708, 88.12999999999998124, 0.03038449397558228016 ) ) ;
#147 = DIRECTION ( 'NONE',  ( 1.365923996832131609E-16, -1.000000000000000000, 3.414809992080329023E-17 ) ) ;
#148 = CARTESIAN_POINT ( 'NONE',  ( 17.69999999999999929, 88.12999999999999545, -4.762500000000000178 ) ) ;
#149 = FACE_OUTER_BOUND ( 'NONE', #764, .T. ) ;
#150 = PLANE ( 'NONE',  #599 ) ;
#151 = ADVANCED_FACE ( 'NONE', ( #323, #1325, #204 ), #674, .T. ) ;
#152 = EDGE_CURVE ( 'NONE', #644, #605, #938, .T. ) ;
#153 = DIRECTION ( 'NONE',  ( 0.000000000000000000, 0.000000000000000000, 1.000000000000000000 ) ) ;
#154 = CARTESIAN_POINT ( 'NONE',  ( 17.69999999999999929, 83.12999999999999545, 0.000000000000000000 ) ) ;
#155 = FILL_AREA_STYLE_COLOUR ( '', #1177 ) ;
#156 = CARTESIAN_POINT ( 'NONE',  ( 55.22439144566278202, 128.8699999999996919, -11.49774102340798265 ) ) ;
#157 = EDGE_LOOP ( 'NONE', ( #529, #203, #99, #221 ) ) ;
#158 = VECTOR ( 'NONE', #933, 1000.000000000000000 ) ;
#159 = DIRECTION ( 'NONE',  ( 0.1736481776669235866, 5.957586117229870901E-17, 0.9848077530122093526 ) ) ;
#160 = DIRECTION ( 'NONE',  ( -0.6963642403200195341, 0.7071067811865477948, 0.1227878039689681011 ) ) ;
#161 = EDGE_CURVE ( 'NONE', #405, #1126, #7, .T. ) ;
#162 = ORIENTED_EDGE ( 'NONE', *, *, #1260, .F. ) ;
#163 = DIRECTION ( 'NONE',  ( -0.1736481776669236976, 1.185951064407103167E-16, 0.9848077530122092416 ) ) ;
#164 = DIRECTION ( 'NONE',  ( -0.9848077530122092416, 8.071035252634246144E-16, -0.1736481776669236976 ) ) ;
#165 = ORIENTED_EDGE ( 'NONE', *, *, #1471, .F. ) ;
#166 = ORIENTED_EDGE ( 'NONE', *, *, #1301, .F. ) ;
#167 = CARTESIAN_POINT ( 'NONE',  ( -50.15263151764991534, 128.8699999999996919, -12.39202913839263154 ) ) ;
#168 = VECTOR ( 'NONE', #1505, 1000.000000000000114 ) ;
#169 = CARTESIAN_POINT ( 'NONE',  ( 35.17231902828201129, 88.13000000000000966, 0.03038449397558531592 ) ) ;
#170 = CARTESIAN_POINT ( 'NONE',  ( 14.28750000000000675, 114.7749999999999915, -4.762500000000000178 ) ) ;
#171 = CIRCLE ( 'NONE', #301, 14.28750000000000320 ) ;
#172 = ORIENTED_EDGE ( 'NONE', *, *, #1569, .F. ) ;
#173 = LINE ( 'NONE', #1024, #168 ) ;
#174 = DIRECTION ( 'NONE',  ( -0.9848077530122091305, 0.000000000000000000, -0.1736481776669239474 ) ) ;
#175 = ORIENTED_EDGE ( 'NONE', *, *, #1519, .T. ) ;
#176 = CARTESIAN_POINT ( 'NONE',  ( 34.82502267294820086, 138.9300000000000068, 4.380176776841437913E-14 ) ) ;
#177 = VECTOR ( 'NONE', #749, 1000.000000000000000 ) ;
#178 = EDGE_LOOP ( 'NONE', ( #80, #292 ) ) ;
#179 = DIRECTION ( 'NONE',  ( 1.000000000000000000, 0.000000000000000000, 0.000000000000000000 ) ) ;
#180 = VECTOR ( 'NONE', #58, 1000.000000000000000 ) ;
#181 = EDGE_CURVE ( 'NONE', #482, #922, #1351, .T. ) ;
#182 = EDGE_LOOP ( 'NONE', ( #1149, #752, #1109, #1285 ) ) ;
#183 = EDGE_CURVE ( 'NONE', #256, #1415, #210, .T. ) ;
#184 = CARTESIAN_POINT ( 'NONE',  ( -34.82502267294813691, 88.12999999999999545, 4.423544863740858091E-14 ) ) ;
#185 = VECTOR ( 'NONE', #1536, 1000.000000000000000 ) ;
#186 = VERTEX_POINT ( 'NONE', #611 ) ;
#187 = VECTOR ( 'NONE', #756, 1000.000000000000114 ) ;
#188 =( NAMED_UNIT ( * ) PLANE_ANGLE_UNIT ( ) SI_UNIT ( $, .RADIAN. ) );
#189 = CARTESIAN_POINT ( 'NONE',  ( -4.049999999999999822, 4.959819536546778628E-16, -4.762500000000000178 ) ) ;
#190 = DIRECTION ( 'NONE',  ( 0.000000000000000000, 0.000000000000000000, 1.000000000000000000 ) ) ;
#191 = DIRECTION ( 'NONE',  ( 0.9848077530122092416, 0.000000000000000000, -0.1736481776669236698 ) ) ;
#192 = VECTOR ( 'NONE', #366, 999.9999999999998863 ) ;
#193 = VERTEX_POINT ( 'NONE', #1171 ) ;
#194 = CIRCLE ( 'NONE', #804, 5.000000000000004441 ) ;
#195 = DIRECTION ( 'NONE',  ( -5.463695987328529395E-16, 1.000000000000000000, -0.000000000000000000 ) ) ;
#196 = VECTOR ( 'NONE', #1494, 1000.000000000000000 ) ;
#197 =( LENGTH_UNIT ( ) NAMED_UNIT ( * ) SI_UNIT ( .MILLI., .METRE. ) );
#198 = DIRECTION ( 'NONE',  ( 0.9848077530122092416, 0.000000000000000000, 0.1736481776669236698 ) ) ;
#199 = DIRECTION ( 'NONE',  ( 0.000000000000000000, 0.000000000000000000, 1.000000000000000000 ) ) ;
#200 = ADVANCED_FACE ( 'NONE', ( #817 ), #1157, .T. ) ;
#201 = CARTESIAN_POINT ( 'NONE',  ( 93.42184141246133322, 136.4299999999999784, 5.465377664581805739 ) ) ;
#202 = APPLICATION_PROTOCOL_DEFINITION ( 'draft international standard', 'automotive_design', 1998, #1050 ) ;
#203 = ORIENTED_EDGE ( 'NONE', *, *, #988, .T. ) ;
#204 = FACE_OUTER_BOUND ( 'NONE', #1144, .T. ) ;
#205 = CIRCLE ( 'NONE', #958, 5.000000000000000000 ) ;
#206 = ORIENTED_EDGE ( 'NONE', *, *, #480, .T. ) ;
#207 = CYLINDRICAL_SURFACE ( 'NONE', #791, 4.999999999999999112 ) ;
#208 = AXIS2_PLACEMENT_3D ( 'NONE', #953, #1283, #237 ) ;
#209 = ORIENTED_EDGE ( 'NONE', *, *, #1238, .F. ) ;
#210 = LINE ( 'NONE', #189, #1026 ) ;
#211 = ORIENTED_EDGE ( 'NONE', *, *, #1405, .F. ) ;
#212 = CARTESIAN_POINT ( 'NONE',  ( 3.139382069614242449E-15, 114.7749999999999915, -4.762500000000000178 ) ) ;
#213 = FACE_OUTER_BOUND ( 'NONE', #4, .T. ) ;
#214 = AXIS2_PLACEMENT_3D ( 'NONE', #704, #829, #94 ) ;
#215 = ADVANCED_FACE ( 'NONE', ( #1086 ), #1082, .F. ) ;
#216 = CARTESIAN_POINT ( 'NONE',  ( 0.000000000000000000, 0.000000000000000000, 0.000000000000000000 ) ) ;
#217 = ORIENTED_EDGE ( 'NONE', *, *, #779, .F. ) ;
#218 = VECTOR ( 'NONE', #653, 1000.000000000000114 ) ;
#219 = EDGE_LOOP ( 'NONE', ( #568, #1402, #578, #1271, #86, #681, #768, #686, #1539, #408, #235, #9 ) ) ;
#220 = DIRECTION ( 'NONE',  ( 1.000000000000000000, 0.000000000000000000, 0.000000000000000000 ) ) ;
#221 = ORIENTED_EDGE ( 'NONE', *, *, #114, .F. ) ;
#222 = CARTESIAN_POINT ( 'NONE',  ( -79.73053511498105195, 128.8699999999996919, 7.887200202298274121 ) ) ;
#223 = VECTOR ( 'NONE', #984, 1000.000000000000114 ) ;
#224 = ORIENTED_EDGE ( 'NONE', *, *, #779, .T. ) ;
#225 = ADVANCED_FACE ( 'NONE', ( #1295 ), #1570, .F. ) ;
#226 = ADVANCED_FACE ( 'NONE', ( #1532 ), #447, .T. ) ;
#227 = ORIENTED_EDGE ( 'NONE', *, *, #1541, .F. ) ;
#228 = DIRECTION ( 'NONE',  ( 0.9848077530122092416, 0.000000000000000000, -0.1736481776669236698 ) ) ;
#229 = VECTOR ( 'NONE', #1279, 1000.000000000000000 ) ;
#230 = CARTESIAN_POINT ( 'NONE',  ( 0.000000000000000000, 0.000000000000000000, 0.000000000000000000 ) ) ;
#231 = LINE ( 'NONE', #127, #121 ) ;
#232 = ORIENTED_EDGE ( 'NONE', *, *, #398, .F. ) ;
#233 = FACE_OUTER_BOUND ( 'NONE', #56, .T. ) ;
#234 = CYLINDRICAL_SURFACE ( 'NONE', #399, 2.574999999999996181 ) ;
#235 = ORIENTED_EDGE ( 'NONE', *, *, #927, .F. ) ;
#236 = DIRECTION ( 'NONE',  ( 1.000000000000000000, 0.000000000000000000, 0.000000000000000000 ) ) ;
#237 = DIRECTION ( 'NONE',  ( 0.9848077530122092416, 0.000000000000000000, -0.1736481776669237531 ) ) ;
#238 = MECHANICAL_DESIGN_GEOMETRIC_PRESENTATION_REPRESENTATION (  '', ( #1561 ), #1076 ) ;
#239 = DIRECTION ( 'NONE',  ( 0.1736481776669236976, -7.850462293418880764E-17, 0.9848077530122092416 ) ) ;
#240 = ORIENTED_EDGE ( 'NONE', *, *, #835, .T. ) ;
#241 = AXIS2_PLACEMENT_3D ( 'NONE', #542, #1245, #1481 ) ;
#242 = CIRCLE ( 'NONE', #471, 2.574999999999996181 ) ;
#243 = ADVANCED_FACE ( 'NONE', ( #339 ), #332, .T. ) ;
#244 = ORIENTED_EDGE ( 'NONE', *, *, #181, .F. ) ;
#245 = CARTESIAN_POINT ( 'NONE',  ( 50.11244194313885458, 128.8699999999996919, 2.664731258965533200 ) ) ;
#246 = AXIS2_PLACEMENT_3D ( 'NONE', #1244, #307, #410 ) ;
#247 = CARTESIAN_POINT ( 'NONE',  ( -67.38792266688160737, 90.62999999999999545, 0.8748953761644127081 ) ) ;
#248 = ORIENTED_EDGE ( 'NONE', *, *, #945, .F. ) ;
#249 = LINE ( 'NONE', #146, #177 ) ;
#250 = EDGE_CURVE ( 'NONE', #135, #261, #1540, .T. ) ;
#251 = ORIENTED_EDGE ( 'NONE', *, *, #500, .F. ) ;
#252 = EDGE_CURVE ( 'NONE', #393, #908, #1123, .T. ) ;
#253 = DIRECTION ( 'NONE',  ( 0.000000000000000000, 0.000000000000000000, 1.000000000000000000 ) ) ;
#254 = CARTESIAN_POINT ( 'NONE',  ( -12.69999999999999929, 83.12999999999999545, 0.000000000000000000 ) ) ;
#255 = ORIENTED_EDGE ( 'NONE', *, *, #680, .F. ) ;
#256 = VERTEX_POINT ( 'NONE', #620 ) ;
#257 = CARTESIAN_POINT ( 'NONE',  ( 34.82502267294817955, 88.13000000000000966, 1.999999999999916733 ) ) ;
#258 = VECTOR ( 'NONE', #1336, 1000.000000000000000 ) ;
#259 = LINE ( 'NONE', #972, #400 ) ;
#260 = CARTESIAN_POINT ( 'NONE',  ( -7.699999999999970868, -12.70000000000000284, -4.762500000000000178 ) ) ;
#261 = VERTEX_POINT ( 'NONE', #394 ) ;
#262 = CARTESIAN_POINT ( 'NONE',  ( 52.68851148165634868, 128.8699999999996919, -11.94488508090030976 ) ) ;
#263 = LINE ( 'NONE', #742, #900 ) ;
#264 = ORIENTED_EDGE ( 'NONE', *, *, #445, .T. ) ;
#265 = CARTESIAN_POINT ( 'NONE',  ( 90.13282258379206269, 114.5655339059326963, 9.721404144135140868 ) ) ;
#266 = DIRECTION ( 'NONE',  ( 0.9848077530122092416, 0.000000000000000000, 0.1736481776669236698 ) ) ;
#267 = CIRCLE ( 'NONE', #746, 5.000000000000004441 ) ;
#268 = DIRECTION ( 'NONE',  ( -7.639429598048256351E-17, 1.000000000000000000, -0.000000000000000000 ) ) ;
#269 = LINE ( 'NONE', #260, #1265 ) ;
#270 = DIRECTION ( 'NONE',  ( 0.000000000000000000, -1.000000000000000000, 8.672601103247718607E-16 ) ) ;
#271 = DIRECTION ( 'NONE',  ( -0.9848077530122092416, -0.000000000000000000, 0.1736481776669237531 ) ) ;
#272 = EDGE_CURVE ( 'NONE', #1549, #367, #267, .T. ) ;
#273 = LINE ( 'NONE', #1488, #1548 ) ;
#274 = VERTEX_POINT ( 'NONE', #36 ) ;
#275 = EDGE_CURVE ( 'NONE', #819, #1164, #892, .T. ) ;
#276 = VECTOR ( 'NONE', #1231, 1000.000000000000000 ) ;
#277 = ORIENTED_EDGE ( 'NONE', *, *, #997, .T. ) ;
#278 = LINE ( 'NONE', #490, #449 ) ;
#279 = CIRCLE ( 'NONE', #1412, 4.049999999999999822 ) ;
#280 = CARTESIAN_POINT ( 'NONE',  ( -12.69999999999999929, 83.12999999999999545, -4.762500000000000178 ) ) ;
#281 = CARTESIAN_POINT ( 'NONE',  ( 34.82502267294817955, 88.13000000000000966, 1.999999999999916733 ) ) ;
#282 = DIRECTION ( 'NONE',  ( 0.000000000000000000, -1.000000000000000000, 8.672601103247718607E-16 ) ) ;
#283 = CARTESIAN_POINT ( 'NONE',  ( -80.55753456111978039, 128.8699999999996919, 3.197053278577626223 ) ) ;
#284 = EDGE_CURVE ( 'NONE', #421, #1070, #406, .T. ) ;
#285 = PLANE ( 'NONE',  #5 ) ;
#286 = PLANE ( 'NONE',  #926 ) ;
#287 = DIRECTION ( 'NONE',  ( -1.348714954913359875E-16, 1.000000000000000000, -2.438836726410615165E-17 ) ) ;
#288 = ORIENTED_EDGE ( 'NONE', *, *, #1406, .T. ) ;
#289 = CARTESIAN_POINT ( 'NONE',  ( 93.42184141246133322, 138.9299999999999784, 5.465377664581805739 ) ) ;
#290 = CIRCLE ( 'NONE', #79, 2.574999999999996181 ) ;
#291 = CARTESIAN_POINT ( 'NONE',  ( -93.42184141246130480, 136.4299999999999784, 5.465377664581807515 ) ) ;
#292 = ORIENTED_EDGE ( 'NONE', *, *, #389, .T. ) ;
#293 = DIRECTION ( 'NONE',  ( 0.000000000000000000, 0.000000000000000000, 1.000000000000000000 ) ) ;
#294 = ORIENTED_EDGE ( 'NONE', *, *, #1519, .F. ) ;
#295 = DIRECTION ( 'NONE',  ( 0.000000000000000000, 0.000000000000000000, 1.000000000000000000 ) ) ;
#296 = CARTESIAN_POINT ( 'NONE',  ( 12.69999999999999929, 83.12999999999999545, -4.762500000000000178 ) ) ;
#297 = ORIENTED_EDGE ( 'NONE', *, *, #1406, .F. ) ;
#298 = FACE_OUTER_BOUND ( 'NONE', #1140, .T. ) ;
#299 = FACE_OUTER_BOUND ( 'NONE', #798, .T. ) ;
#300 = DIRECTION ( 'NONE',  ( 0.000000000000000000, 0.000000000000000000, 1.000000000000000000 ) ) ;
#301 = AXIS2_PLACEMENT_3D ( 'NONE', #42, #526, #1492 ) ;
#302 = EDGE_LOOP ( 'NONE', ( #1523, #347, #624, #1304 ) ) ;
#303 = ADVANCED_FACE ( 'NONE', ( #866 ), #1334, .T. ) ;
#304 = FACE_OUTER_BOUND ( 'NONE', #1274, .T. ) ;
#305 = ADVANCED_FACE ( 'NONE', ( #47 ), #750, .F. ) ;
#306 = ORIENTED_EDGE ( 'NONE', *, *, #586, .T. ) ;
#307 = DIRECTION ( 'NONE',  ( -0.000000000000000000, 0.000000000000000000, -1.000000000000000000 ) ) ;
#308 = LINE ( 'NONE', #1367, #450 ) ;
#309 = DIRECTION ( 'NONE',  ( 1.000000000000000000, 0.000000000000000000, 0.000000000000000000 ) ) ;
#310 = VECTOR ( 'NONE', #528, 1000.000000000000227 ) ;
#311 = ORIENTED_EDGE ( 'NONE', *, *, #567, .T. ) ;
#312 = DIRECTION ( 'NONE',  ( -0.9848077530122092416, 7.118842188568966408E-16, -0.1736481776669237254 ) ) ;
#313 = VECTOR ( 'NONE', #38, 1000.000000000000000 ) ;
#314 = CARTESIAN_POINT ( 'NONE',  ( 90.95982202993081955, 138.9299999999999784, 5.031257220414497411 ) ) ;
#315 = VECTOR ( 'NONE', #195, 1000.000000000000000 ) ;
#316 = EDGE_CURVE ( 'NONE', #1438, #819, #1248, .T. ) ;
#317 = LINE ( 'NONE', #442, #1565 ) ;
#318 = VERTEX_POINT ( 'NONE', #1006 ) ;
#319 = DIRECTION ( 'NONE',  ( 0.9848077530122091305, 0.000000000000000000, -0.1736481776669241417 ) ) ;
#320 = DIRECTION ( 'NONE',  ( 1.000000000000000000, 0.000000000000000000, 0.000000000000000000 ) ) ;
#321 = VECTOR ( 'NONE', #498, 1000.000000000000114 ) ;
#322 = PRODUCT_DEFINITION_SHAPE ( 'NONE', 'NONE',  #890 ) ;
#323 = FACE_BOUND ( 'NONE', #353, .T. ) ;
#324 = EDGE_CURVE ( 'NONE', #883, #1438, #513, .T. ) ;
#325 = EDGE_LOOP ( 'NONE', ( #631, #1427, #373, #1370 ) ) ;
#326 = CARTESIAN_POINT ( 'NONE',  ( 34.82502267294820086, 88.13000000000000966, -4.762500000000000178 ) ) ;
#327 = ORIENTED_EDGE ( 'NONE', *, *, #161, .F. ) ;
#328 = AXIS2_PLACEMENT_3D ( 'NONE', #1074, #190, #362 ) ;
#329 = CARTESIAN_POINT ( 'NONE',  ( -90.13282258379206269, 114.5655339059327673, 9.721404144135144421 ) ) ;
#330 = CIRCLE ( 'NONE', #877, 2.499999999999994227 ) ;
#331 = ORIENTED_EDGE ( 'NONE', *, *, #712, .T. ) ;
#332 = CYLINDRICAL_SURFACE ( 'NONE', #1507, 2.499999999999994227 ) ;
#333 = ADVANCED_FACE ( 'NONE', ( #1016 ), #874, .T. ) ;
#334 = DIRECTION ( 'NONE',  ( -1.000000000000000000, 0.000000000000000000, 0.000000000000000000 ) ) ;
#335 = ORIENTED_EDGE ( 'NONE', *, *, #896, .F. ) ;
#336 = CARTESIAN_POINT ( 'NONE',  ( -52.68851148165634868, 128.8699999999996919, -11.94488508090030443 ) ) ;
#337 = CIRCLE ( 'NONE', #1343, 2.499999999999994671 ) ;
#338 = EDGE_LOOP ( 'NONE', ( #1192, #485, #1046, #1477 ) ) ;
#339 = FACE_OUTER_BOUND ( 'NONE', #1263, .T. ) ;
#340 = AXIS2_PLACEMENT_3D ( 'NONE', #554, #1023, #1032 ) ;
#341 = ORIENTED_EDGE ( 'NONE', *, *, #939, .T. ) ;
#342 = DIRECTION ( 'NONE',  ( 0.9848077530122091305, 0.000000000000000000, 0.1736481776669240862 ) ) ;
#343 = CARTESIAN_POINT ( 'NONE',  ( -90.95982202993079113, 136.4299999999999784, 5.031257220414498299 ) ) ;
#344 = CARTESIAN_POINT ( 'NONE',  ( 90.95982202993081955, 136.4299999999999784, 5.031257220414497411 ) ) ;
#345 = ORIENTED_EDGE ( 'NONE', *, *, #812, .T. ) ;
#346 = ORIENTED_EDGE ( 'NONE', *, *, #136, .T. ) ;
#347 = ORIENTED_EDGE ( 'NONE', *, *, #685, .T. ) ;
#348 = DIRECTION ( 'NONE',  ( 0.9848077530122091305, 0.000000000000000000, -0.1736481776669241417 ) ) ;
#349 = AXIS2_PLACEMENT_3D ( 'NONE', #965, #851, #1335 ) ;
#350 = EDGE_CURVE ( 'NONE', #929, #109, #1486, .T. ) ;
#351 = EDGE_CURVE ( 'NONE', #1495, #731, #763, .T. ) ;
#352 = CARTESIAN_POINT ( 'NONE',  ( 69.12883326768174186, 88.86223304703364079, 1.181864886086845701 ) ) ;
#353 = EDGE_LOOP ( 'NONE', ( #1178, #1013 ) ) ;
#354 = DIRECTION ( 'NONE',  ( 0.1736481776669236976, -1.189554516704284187E-16, -0.9848077530122092416 ) ) ;
#355 = ORIENTED_EDGE ( 'NONE', *, *, #416, .F. ) ;
#356 = DIRECTION ( 'NONE',  ( 1.000000000000000000, 0.000000000000000000, 0.000000000000000000 ) ) ;
#357 = CARTESIAN_POINT ( 'NONE',  ( -92.59484196632259057, 136.4299999999999784, 10.15552458830245364 ) ) ;
#358 = FACE_OUTER_BOUND ( 'NONE', #428, .T. ) ;
#359 = DIRECTION ( 'NONE',  ( -0.1736481776669236976, -4.743804257628410201E-17, -0.9848077530122092416 ) ) ;
#360 = EDGE_LOOP ( 'NONE', ( #721, #1493, #813, #789 ) ) ;
#361 = DIRECTION ( 'NONE',  ( 0.000000000000000000, 8.672601103247718607E-16, 1.000000000000000000 ) ) ;
#362 = DIRECTION ( 'NONE',  ( 1.000000000000000000, 0.000000000000000000, 0.000000000000000000 ) ) ;
#363 = EDGE_CURVE ( 'NONE', #735, #1185, #1441, .T. ) ;
#364 = ORIENTED_EDGE ( 'NONE', *, *, #532, .F. ) ;
#365 = EDGE_CURVE ( 'NONE', #193, #614, #290, .T. ) ;
#366 = DIRECTION ( 'NONE',  ( -0.1736481776669235866, -4.743804257628410201E-17, -0.9848077530122093526 ) ) ;
#367 = VERTEX_POINT ( 'NONE', #899 ) ;
#368 = CARTESIAN_POINT ( 'NONE',  ( 34.82502267294817955, 88.13000000000000966, 1.999999999999916733 ) ) ;
#369 = DIRECTION ( 'NONE',  ( 0.000000000000000000, 0.000000000000000000, 1.000000000000000000 ) ) ;
#370 = CARTESIAN_POINT ( 'NONE',  ( -12.69999999999999929, 83.12999999999999545, -4.762500000000000178 ) ) ;
#371 = VECTOR ( 'NONE', #1223, 1000.000000000000000 ) ;
#372 = DIRECTION ( 'NONE',  ( 0.9848077530122092416, 4.745894792379309624E-16, -0.1736481776669237254 ) ) ;
#373 = ORIENTED_EDGE ( 'NONE', *, *, #114, .T. ) ;
#374 = VECTOR ( 'NONE', #548, 1000.000000000000000 ) ;
#375 = ORIENTED_EDGE ( 'NONE', *, *, #722, .T. ) ;
#376 = LINE ( 'NONE', #853, #276 ) ;
#377 = LINE ( 'NONE', #1262, #374 ) ;
#378 = ORIENTED_EDGE ( 'NONE', *, *, #395, .T. ) ;
#379 = ORIENTED_EDGE ( 'NONE', *, *, #1159, .F. ) ;
#380 = DIRECTION ( 'NONE',  ( 0.9848077530122092416, 0.000000000000000000, 0.1736481776669233090 ) ) ;
#381 = EDGE_CURVE ( 'NONE', #1508, #421, #205, .T. ) ;
#382 = FACE_OUTER_BOUND ( 'NONE', #53, .T. ) ;
#383 = ORIENTED_EDGE ( 'NONE', *, *, #1131, .T. ) ;
#384 = AXIS2_PLACEMENT_3D ( 'NONE', #281, #1113, #755 ) ;
#385 = ORIENTED_EDGE ( 'NONE', *, *, #1236, .T. ) ;
#386 = AXIS2_PLACEMENT_3D ( 'NONE', #915, #1404, #320 ) ;
#387 = DIRECTION ( 'NONE',  ( 0.1736481776669236976, 5.887846720064164579E-17, -0.9848077530122092416 ) ) ;
#388 = EDGE_CURVE ( 'NONE', #666, #1323, #1403, .T. ) ;
#389 = EDGE_CURVE ( 'NONE', #1166, #783, #886, .T. ) ;
#390 = DIRECTION ( 'NONE',  ( 0.9848077530122092416, 0.000000000000000000, -0.1736481776669237531 ) ) ;
#391 = AXIS2_PLACEMENT_3D ( 'NONE', #468, #1428, #1292 ) ;
#392 = DIRECTION ( 'NONE',  ( 1.000000000000000000, 0.000000000000000000, 0.000000000000000000 ) ) ;
#393 = VERTEX_POINT ( 'NONE', #906 ) ;
#394 = CARTESIAN_POINT ( 'NONE',  ( -90.13282258379206269, 138.9299999999999784, 9.721404144135144421 ) ) ;
#395 = EDGE_CURVE ( 'NONE', #735, #1346, #1387, .T. ) ;
#396 = CARTESIAN_POINT ( 'NONE',  ( 67.38792266688166421, 90.62999999999999545, 0.8748953761644143734 ) ) ;
#397 = ORIENTED_EDGE ( 'NONE', *, *, #1161, .F. ) ;
#398 = EDGE_CURVE ( 'NONE', #1558, #650, #1504, .T. ) ;
#399 = AXIS2_PLACEMENT_3D ( 'NONE', #501, #748, #871 ) ;
#400 = VECTOR ( 'NONE', #1455, 1000.000000000000000 ) ;
#401 = CARTESIAN_POINT ( 'NONE',  ( -90.95982202993077692, 138.9299999999999784, 5.031257220414498299 ) ) ;
#402 = CIRCLE ( 'NONE', #928, 2.574999999999996181 ) ;
#403 = DIRECTION ( 'NONE',  ( -0.1736481776669236976, 1.189554516704284187E-16, 0.9848077530122092416 ) ) ;
#404 = CARTESIAN_POINT ( 'NONE',  ( -47.57656197913241414, 128.8699999999996919, 2.217587201473211422 ) ) ;
#405 = VERTEX_POINT ( 'NONE', #75 ) ;
#406 = LINE ( 'NONE', #1467, #419 ) ;
#407 =( NAMED_UNIT ( * ) PLANE_ANGLE_UNIT ( ) SI_UNIT ( $, .RADIAN. ) );
#408 = ORIENTED_EDGE ( 'NONE', *, *, #512, .F. ) ;
#409 = ADVANCED_FACE ( 'NONE', ( #304 ), #782, .T. ) ;
#410 = DIRECTION ( 'NONE',  ( -1.000000000000000000, 0.000000000000000000, 0.000000000000000000 ) ) ;
#411 = EDGE_LOOP ( 'NONE', ( #702, #74 ) ) ;
#412 = CARTESIAN_POINT ( 'NONE',  ( -93.42184141246127638, 88.12999999999999545, 5.465377664581807515 ) ) ;
#413 = AXIS2_PLACEMENT_3D ( 'NONE', #1107, #29, #1097 ) ;
#414 = ORIENTED_EDGE ( 'NONE', *, *, #668, .F. ) ;
#415 = CARTESIAN_POINT ( 'NONE',  ( 17.69999999999999929, 88.12999999999999545, -4.762500000000000178 ) ) ;
#416 = EDGE_CURVE ( 'NONE', #256, #1315, #688, .T. ) ;
#417 = DIRECTION ( 'NONE',  ( -1.000000000000000000, 0.000000000000000000, 0.000000000000000000 ) ) ;
#418 = LINE ( 'NONE', #1517, #310 ) ;
#419 = VECTOR ( 'NONE', #741, 1000.000000000000000 ) ;
#420 = EDGE_CURVE ( 'NONE', #1164, #1230, #1152, .T. ) ;
#421 = VERTEX_POINT ( 'NONE', #775 ) ;
#422 = SHAPE_DEFINITION_REPRESENTATION ( #322, #491 ) ;
#423 = EDGE_LOOP ( 'NONE', ( #1075, #863, #162, #460 ) ) ;
#424 = LINE ( 'NONE', #1382, #1158 ) ;
#425 = AXIS2_PLACEMENT_3D ( 'NONE', #245, #1001, #266 ) ;
#426 = CARTESIAN_POINT ( 'NONE',  ( 8.250502102314758446, 10.28919670230741445, -12.46219968893182894 ) ) ;
#427 = DIRECTION ( 'NONE',  ( -1.000000000000000000, -0.000000000000000000, -0.000000000000000000 ) ) ;
#428 = EDGE_LOOP ( 'NONE', ( #1408, #1299, #341, #622 ) ) ;
#429 = ORIENTED_EDGE ( 'NONE', *, *, #812, .F. ) ;
#430 = DIRECTION ( 'NONE',  ( 0.000000000000000000, -0.000000000000000000, 1.000000000000000000 ) ) ;
#431 = CARTESIAN_POINT ( 'NONE',  ( 52.68851148165634868, 128.8699999999996919, -11.94488508090030976 ) ) ;
#432 = ORIENTED_EDGE ( 'NONE', *, *, #759, .T. ) ;
#433 = DIRECTION ( 'NONE',  ( -0.000000000000000000, 1.000000000000000000, -8.672601103247718607E-16 ) ) ;
#434 = AXIS2_PLACEMENT_3D ( 'NONE', #609, #6, #518 ) ;
#435 = ORIENTED_EDGE ( 'NONE', *, *, #648, .F. ) ;
#436 = EDGE_CURVE ( 'NONE', #1425, #318, #1218, .T. ) ;
#437 = DIRECTION ( 'NONE',  ( 0.1736481776669236421, -1.185951064407102920E-16, -0.9848077530122092416 ) ) ;
#438 = EDGE_CURVE ( 'NONE', #1533, #1062, #672, .T. ) ;
#439 = ORIENTED_EDGE ( 'NONE', *, *, #1222, .F. ) ;
#440 = CIRCLE ( 'NONE', #715, 2.574999999999996181 ) ;
#441 = ORIENTED_EDGE ( 'NONE', *, *, #1138, .F. ) ;
#442 = CARTESIAN_POINT ( 'NONE',  ( -34.82502267294813691, 138.9300000000000068, 0.000000000000000000 ) ) ;
#443 = DIRECTION ( 'NONE',  ( 0.9848077530122092416, 0.000000000000000000, 0.1736481776669235866 ) ) ;
#444 = PRODUCT_CONTEXT ( 'NONE', #1050, 'mechanical' ) ;
#445 = EDGE_CURVE ( 'NONE', #1230, #493, #1520, .T. ) ;
#446 = ORIENTED_EDGE ( 'NONE', *, *, #1542, .F. ) ;
#447 = PLANE ( 'NONE',  #623 ) ;
#448 = ORIENTED_EDGE ( 'NONE', *, *, #363, .F. ) ;
#449 = VECTOR ( 'NONE', #1358, 1000.000000000000000 ) ;
#450 = VECTOR ( 'NONE', #153, 1000.000000000000000 ) ;
#451 = LINE ( 'NONE', #1072, #1190 ) ;
#452 = ORIENTED_EDGE ( 'NONE', *, *, #827, .F. ) ;
#453 = VERTEX_POINT ( 'NONE', #921 ) ;
#454 = CIRCLE ( 'NONE', #1459, 2.499999999999994227 ) ;
#455 = FACE_OUTER_BOUND ( 'NONE', #465, .T. ) ;
#456 = VERTEX_POINT ( 'NONE', #201 ) ;
#457 = ORIENTED_EDGE ( 'NONE', *, *, #252, .T. ) ;
#458 = CARTESIAN_POINT ( 'NONE',  ( 78.02165459711333995, 128.8699999999996919, 2.749909221085290678 ) ) ;
#459 = EDGE_CURVE ( 'NONE', #1533, #1202, #32, .T. ) ;
#460 = ORIENTED_EDGE ( 'NONE', *, *, #1091, .F. ) ;
#461 = ADVANCED_FACE ( 'NONE', ( #687 ), #566, .F. ) ;
#462 = PLANE ( 'NONE',  #391 ) ;
#463 = AXIS2_PLACEMENT_3D ( 'NONE', #1115, #282, #628 ) ;
#464 = CARTESIAN_POINT ( 'NONE',  ( -35.17231902828199708, 88.12999999999999545, 0.03038449397562521456 ) ) ;
#465 = EDGE_LOOP ( 'NONE', ( #1465, #165, #1163, #1193 ) ) ;
#466 = ORIENTED_EDGE ( 'NONE', *, *, #1106, .F. ) ;
#467 = FACE_OUTER_BOUND ( 'NONE', #1547, .T. ) ;
#468 = CARTESIAN_POINT ( 'NONE',  ( -34.99999999999997868, 88.12999999999999545, -4.762500000000000178 ) ) ;
#469 = AXIS2_PLACEMENT_3D ( 'NONE', #230, #22, #503 ) ;
#470 = VECTOR ( 'NONE', #1497, 1000.000000000000000 ) ;
#471 = AXIS2_PLACEMENT_3D ( 'NONE', #1078, #1048, #228 ) ;
#472 = DIRECTION ( 'NONE',  ( 1.000000000000000000, 0.000000000000000000, 0.000000000000000000 ) ) ;
#473 = FACE_OUTER_BOUND ( 'NONE', #182, .T. ) ;
#474 = ORIENTED_EDGE ( 'NONE', *, *, #1301, .T. ) ;
#475 = LINE ( 'NONE', #1322, #321 ) ;
#476 = ORIENTED_EDGE ( 'NONE', *, *, #668, .T. ) ;
#477 = FACE_OUTER_BOUND ( 'NONE', #898, .T. ) ;
#478 = CARTESIAN_POINT ( 'NONE',  ( 79.77072468949211270, 128.8699999999996919, -7.169560195059902163 ) ) ;
#479 = DIRECTION ( 'NONE',  ( 0.000000000000000000, 0.000000000000000000, -1.000000000000000000 ) ) ;
#480 = EDGE_CURVE ( 'NONE', #1202, #937, #1188, .T. ) ;
#481 = FACE_OUTER_BOUND ( 'NONE', #559, .T. ) ;
#482 = VERTEX_POINT ( 'NONE', #1049 ) ;
#483 = FACE_OUTER_BOUND ( 'NONE', #555, .T. ) ;
#484 = CARTESIAN_POINT ( 'NONE',  ( 77.19465515097462571, 128.8699999999996919, 7.440056144805938132 ) ) ;
#485 = ORIENTED_EDGE ( 'NONE', *, *, #275, .F. ) ;
#486 = CARTESIAN_POINT ( 'NONE',  ( -35.82699944613871423, 138.9300000000000068, -4.690146923720646122 ) ) ;
#487 = DIRECTION ( 'NONE',  ( -8.271775445982333492E-16, -1.000000000000000000, -2.506318769380087913E-17 ) ) ;
#488 = LINE ( 'NONE', #730, #573 ) ;
#489 = ORIENTED_EDGE ( 'NONE', *, *, #1138, .T. ) ;
#490 = CARTESIAN_POINT ( 'NONE',  ( 92.59484196632261899, 138.9299999999999784, 10.15552458830245186 ) ) ;
#491 = ADVANCED_BREP_SHAPE_REPRESENTATION ( 'Hub_Plate2', ( #1093, #386 ), #1314 ) ;
#492 = CARTESIAN_POINT ( 'NONE',  ( -74.65877518696818527, 128.8699999999996919, 6.992912087313618130 ) ) ;
#493 = VERTEX_POINT ( 'NONE', #96 ) ;
#494 = DIRECTION ( 'NONE',  ( 3.469446951953628388E-15, -8.672601103247721565E-16, -1.000000000000000000 ) ) ;
#495 = CARTESIAN_POINT ( 'NONE',  ( -35.17231902828199708, 88.12999999999999545, 0.03038449397558401488 ) ) ;
#496 = DIRECTION ( 'NONE',  ( 0.1736481776669236976, -2.371902128814208798E-17, 0.9848077530122092416 ) ) ;
#497 = ORIENTED_EDGE ( 'NONE', *, *, #1569, .T. ) ;
#498 = DIRECTION ( 'NONE',  ( 0.1736481776669236976, -2.371902128814208798E-17, 0.9848077530122092416 ) ) ;
#499 = DIRECTION ( 'NONE',  ( 0.000000000000000000, 4.671735211684786097E-17, 1.000000000000000000 ) ) ;
#500 = EDGE_CURVE ( 'NONE', #318, #580, #718, .T. ) ;
#501 = CARTESIAN_POINT ( 'NONE',  ( 79.77072468949211270, 128.8699999999996919, -7.169560195059902163 ) ) ;
#502 = ORIENTED_EDGE ( 'NONE', *, *, #1131, .F. ) ;
#503 = DIRECTION ( 'NONE',  ( 1.000000000000000000, 0.000000000000000000, 0.000000000000000000 ) ) ;
#504 = CARTESIAN_POINT ( 'NONE',  ( 4.049999999999999822, 0.000000000000000000, 0.000000000000000000 ) ) ;
#505 = ORIENTED_EDGE ( 'NONE', *, *, #736, .T. ) ;
#506 = CIRCLE ( 'NONE', #858, 1.999999999999911626 ) ;
#507 = DIRECTION ( 'NONE',  ( 0.9848077530122091305, 0.000000000000000000, 0.1736481776669238086 ) ) ;
#508 = DIRECTION ( 'NONE',  ( 1.000000000000000000, 0.000000000000000000, 0.000000000000000000 ) ) ;
#509 = AXIS2_PLACEMENT_3D ( 'NONE', #744, #1133, #51 ) ;
#510 = CARTESIAN_POINT ( 'NONE',  ( -78.02165459711333995, 128.8699999999996919, 2.749909221085297784 ) ) ;
#511 = EDGE_CURVE ( 'NONE', #796, #767, #815, .T. ) ;
#512 = EDGE_CURVE ( 'NONE', #393, #186, #589, .T. ) ;
#513 = LINE ( 'NONE', #1364, #1021 ) ;
#514 = PRESENTATION_STYLE_ASSIGNMENT (( #889 ) ) ;
#515 = FACE_OUTER_BOUND ( 'NONE', #521, .T. ) ;
#516 = ORIENTED_EDGE ( 'NONE', *, *, #995, .T. ) ;
#517 = DIRECTION ( 'NONE',  ( 0.000000000000000000, 7.588525965342043194E-16, -1.000000000000000000 ) ) ;
#518 = DIRECTION ( 'NONE',  ( 0.9848077530122092416, 0.000000000000000000, 0.1736481776669235866 ) ) ;
#519 = ORIENTED_EDGE ( 'NONE', *, *, #284, .T. ) ;
#520 = FILL_AREA_STYLE ('',( #155 ) ) ;
#521 = EDGE_LOOP ( 'NONE', ( #540, #441, #448, #1385 ) ) ;
#522 = VECTOR ( 'NONE', #496, 1000.000000000000114 ) ;
#523 = CIRCLE ( 'NONE', #652, 4.049999999999999822 ) ;
#524 = PLANE ( 'NONE',  #527 ) ;
#525 = AXIS2_PLACEMENT_3D ( 'NONE', #55, #1426, #334 ) ;
#526 = DIRECTION ( 'NONE',  ( 0.000000000000000000, 0.000000000000000000, 1.000000000000000000 ) ) ;
#527 = AXIS2_PLACEMENT_3D ( 'NONE', #643, #902, #1389 ) ;
#528 = DIRECTION ( 'NONE',  ( -0.6963642403200195341, 0.7071067811865476838, 0.1227878039689681150 ) ) ;
#529 = ORIENTED_EDGE ( 'NONE', *, *, #389, .F. ) ;
#530 = DIRECTION ( 'NONE',  ( -0.1736481776669237254, -2.371902128814209106E-17, 0.9848077530122092416 ) ) ;
#531 = EDGE_CURVE ( 'NONE', #1558, #735, #451, .T. ) ;
#532 = EDGE_CURVE ( 'NONE', #692, #1332, #440, .T. ) ;
#533 = FACE_BOUND ( 'NONE', #550, .T. ) ;
#534 = FACE_OUTER_BOUND ( 'NONE', #1217, .T. ) ;
#535 = DIRECTION ( 'NONE',  ( 0.6963642403200196451, 0.7071067811865476838, 0.1227878039689680317 ) ) ;
#536 = VERTEX_POINT ( 'NONE', #1553 ) ;
#537 = PLANE ( 'NONE',  #118 ) ;
#538 = AXIS2_PLACEMENT_3D ( 'NONE', #1530, #790, #443 ) ;
#539 = LINE ( 'NONE', #1514, #1396 ) ;
#540 = ORIENTED_EDGE ( 'NONE', *, *, #820, .F. ) ;
#541 = DIRECTION ( 'NONE',  ( 0.000000000000000000, 1.000000000000000000, 0.000000000000000000 ) ) ;
#542 = CARTESIAN_POINT ( 'NONE',  ( -79.77072468949211270, 128.8699999999996919, -7.169560195059896834 ) ) ;
#543 = AXIS2_PLACEMENT_3D ( 'NONE', #996, #270, #1130 ) ;
#544 = ORIENTED_EDGE ( 'NONE', *, *, #1395, .F. ) ;
#545 = ADVANCED_FACE ( 'NONE', ( #1307 ), #598, .F. ) ;
#546 = DIRECTION ( 'NONE',  ( 1.000000000000000000, 0.000000000000000000, 0.000000000000000000 ) ) ;
#547 = AXIS2_PLACEMENT_3D ( 'NONE', #14, #978, #861 ) ;
#548 = DIRECTION ( 'NONE',  ( -8.195543980992789655E-16, -1.000000000000000000, -0.000000000000000000 ) ) ;
#549 = ADVANCED_FACE ( 'NONE', ( #213 ), #462, .T. ) ;
#550 = EDGE_LOOP ( 'NONE', ( #211, #1173 ) ) ;
#551 = CARTESIAN_POINT ( 'NONE',  ( 74.65877518696818527, 128.8699999999996919, 6.992912087313611913 ) ) ;
#552 = ADVANCED_FACE ( 'NONE', ( #477 ), #207, .T. ) ;
#553 = ORIENTED_EDGE ( 'NONE', *, *, #1122, .T. ) ;
#554 = CARTESIAN_POINT ( 'NONE',  ( -50.93944138927756882, 128.8699999999996919, -2.025415664755109368 ) ) ;
#555 = EDGE_LOOP ( 'NONE', ( #383, #1201, #1437, #1288 ) ) ;
#556 = DIRECTION ( 'NONE',  ( 0.000000000000000000, 0.000000000000000000, 1.000000000000000000 ) ) ;
#557 = ORIENTED_EDGE ( 'NONE', *, *, #968, .F. ) ;
#558 = CARTESIAN_POINT ( 'NONE',  ( -34.82502267294814402, 138.9300000000000068, 1.999999999999991784 ) ) ;
#559 = EDGE_LOOP ( 'NONE', ( #949, #1090, #1337, #379 ) ) ;
#560 = ADVANCED_FACE ( 'NONE', ( #952 ), #693, .F. ) ;
#561 = DIRECTION ( 'NONE',  ( -0.9848077530122092416, 7.118842188568966408E-16, -0.1736481776669237254 ) ) ;
#562 = AXIS2_PLACEMENT_3D ( 'NONE', #737, #253, #1215 ) ;
#563 = CARTESIAN_POINT ( 'NONE',  ( 34.82502267294817955, 138.9300000000000068, 1.999999999999955369 ) ) ;
#564 = VERTEX_POINT ( 'NONE', #222 ) ;
#565 = ORIENTED_EDGE ( 'NONE', *, *, #161, .T. ) ;
#566 = CYLINDRICAL_SURFACE ( 'NONE', #1528, 2.574999999999996181 ) ;
#567 = EDGE_CURVE ( 'NONE', #105, #135, #1401, .T. ) ;
#568 = ORIENTED_EDGE ( 'NONE', *, *, #420, .F. ) ;
#569 = VERTEX_POINT ( 'NONE', #825 ) ;
#570 = CARTESIAN_POINT ( 'NONE',  ( 50.11244194313885458, 128.8699999999996919, 2.664731258965533200 ) ) ;
#571 = CIRCLE ( 'NONE', #803, 2.499999999999994227 ) ;
#572 = ORIENTED_EDGE ( 'NONE', *, *, #1210, .F. ) ;
#573 = VECTOR ( 'NONE', #119, 1000.000000000000000 ) ;
#574 = DIRECTION ( 'NONE',  ( -0.1736481776669253907, 0.000000000000000000, -0.9848077530122090195 ) ) ;
#575 = ORIENTED_EDGE ( 'NONE', *, *, #512, .T. ) ;
#576 = EDGE_CURVE ( 'NONE', #666, #751, #12, .T. ) ;
#577 = EDGE_CURVE ( 'NONE', #128, #1164, #1475, .T. ) ;
#578 = ORIENTED_EDGE ( 'NONE', *, *, #388, .F. ) ;
#579 = CARTESIAN_POINT ( 'NONE',  ( 67.38792266688166421, 90.62999999999999545, 0.8748953761644194804 ) ) ;
#580 = VERTEX_POINT ( 'NONE', #882 ) ;
#581 = CIRCLE ( 'NONE', #659, 1.999999999999991784 ) ;
#582 = CARTESIAN_POINT ( 'NONE',  ( 50.15263151764991534, 128.8699999999996919, -12.39202913839263687 ) ) ;
#583 = AXIS2_PLACEMENT_3D ( 'NONE', #1089, #678, #73 ) ;
#584 = CARTESIAN_POINT ( 'NONE',  ( 82.30660465349855315, 128.8699999999996919, -6.722416137567575056 ) ) ;
#585 = ORIENTED_EDGE ( 'NONE', *, *, #1027, .F. ) ;
#586 = EDGE_CURVE ( 'NONE', #1323, #61, #1114, .T. ) ;
#587 = ORIENTED_EDGE ( 'NONE', *, *, #19, .F. ) ;
#588 = CARTESIAN_POINT ( 'NONE',  ( -69.12883326768168502, 88.86223304703366921, 1.181864886086837041 ) ) ;
#589 = CIRCLE ( 'NONE', #1472, 4.999999999999999112 ) ;
#590 = EDGE_LOOP ( 'NONE', ( #1037, #1515, #516, #901 ) ) ;
#591 = CARTESIAN_POINT ( 'NONE',  ( 17.69999999999999929, 88.12999999999999545, -4.762500000000000178 ) ) ;
#592 = APPLICATION_CONTEXT ( 'automotive_design' ) ;
#593 = CARTESIAN_POINT ( 'NONE',  ( -34.82502267294813691, 88.12999999999998124, 4.423544863740858091E-14 ) ) ;
#594 = CARTESIAN_POINT ( 'NONE',  ( -17.69999999999999929, 83.12999999999999545, -4.762500000000000178 ) ) ;
#595 = EDGE_CURVE ( 'NONE', #1185, #1349, #1482, .T. ) ;
#596 = CARTESIAN_POINT ( 'NONE',  ( -34.82502267294812270, 88.12999999999998124, -4.762499999999955769 ) ) ;
#597 = ORIENTED_EDGE ( 'NONE', *, *, #632, .T. ) ;
#598 = CYLINDRICAL_SURFACE ( 'NONE', #1045, 4.049999999999999822 ) ;
#599 = AXIS2_PLACEMENT_3D ( 'NONE', #1330, #1348, #1474 ) ;
#600 = EDGE_CURVE ( 'NONE', #109, #456, #454, .T. ) ;
#601 = AXIS2_PLACEMENT_3D ( 'NONE', #591, #1562, #1436 ) ;
#602 = VECTOR ( 'NONE', #655, 1000.000000000000000 ) ;
#603 = CARTESIAN_POINT ( 'NONE',  ( -34.82502267294814402, 88.12999999999999545, 2.000000000000035971 ) ) ;
#604 = DIRECTION ( 'NONE',  ( -4.879732227651856816E-16, -1.000000000000000000, 3.438178208255865655E-17 ) ) ;
#605 = VERTEX_POINT ( 'NONE', #1361 ) ;
#606 = CARTESIAN_POINT ( 'NONE',  ( 35.99931847442076105, 138.9300000000000068, -4.659762429745061496 ) ) ;
#607 = DIRECTION ( 'NONE',  ( -0.000000000000000000, 1.000000000000000000, 7.588525965342043194E-16 ) ) ;
#608 = ORIENTED_EDGE ( 'NONE', *, *, #272, .F. ) ;
#609 = CARTESIAN_POINT ( 'NONE',  ( 50.93944138927756882, 128.8699999999996919, -2.025415664755114697 ) ) ;
#610 = EDGE_CURVE ( 'NONE', #751, #650, #1183, .T. ) ;
#611 = CARTESIAN_POINT ( 'NONE',  ( -7.699999999999970868, -12.70000000000000284, -4.762500000000000178 ) ) ;
#612 = CARTESIAN_POINT ( 'NONE',  ( -68.30183382154297078, 88.86223304703364079, 5.872011809807484717 ) ) ;
#613 = LINE ( 'NONE', #795, #850 ) ;
#614 = VERTEX_POINT ( 'NONE', #856 ) ;
#615 = CARTESIAN_POINT ( 'NONE',  ( -35.99931847442072552, 138.9300000000000068, -4.659762429745064161 ) ) ;
#616 = DIRECTION ( 'NONE',  ( -0.9848077530122091305, 0.000000000000000000, -0.1736481776669241417 ) ) ;
#617 = AXIS2_PLACEMENT_3D ( 'NONE', #262, #530, #380 ) ;
#618 = CARTESIAN_POINT ( 'NONE',  ( -91.87373318459215454, 112.7977669529664269, 10.02837365405757453 ) ) ;
#619 = EDGE_LOOP ( 'NONE', ( #918, #1162, #1004, #920 ) ) ;
#620 = CARTESIAN_POINT ( 'NONE',  ( -4.049999999999999822, 4.959819536546778628E-16, -4.762500000000000178 ) ) ;
#621 = CARTESIAN_POINT ( 'NONE',  ( 0.000000000000000000, 0.000000000000000000, -4.762500000000000178 ) ) ;
#622 = ORIENTED_EDGE ( 'NONE', *, *, #759, .F. ) ;
#623 = AXIS2_PLACEMENT_3D ( 'NONE', #923, #1413, #361 ) ;
#624 = ORIENTED_EDGE ( 'NONE', *, *, #324, .T. ) ;
#625 = DIRECTION ( 'NONE',  ( 0.1736481776669236976, -2.371902128814208798E-17, 0.9848077530122092416 ) ) ;
#626 = CARTESIAN_POINT ( 'NONE',  ( 35.17231902828203971, 138.9300000000000068, 0.03038449397558574960 ) ) ;
#627 = VERTEX_POINT ( 'NONE', #1342 ) ;
#628 = DIRECTION ( 'NONE',  ( -0.1736481776669233090, 0.000000000000000000, -0.9848077530122093526 ) ) ;
#629 = CYLINDRICAL_SURFACE ( 'NONE', #1480, 2.574999999999996181 ) ;
#630 = CARTESIAN_POINT ( 'NONE',  ( -12.69999999999999929, 83.12999999999999545, 0.000000000000000000 ) ) ;
#631 = ORIENTED_EDGE ( 'NONE', *, *, #988, .F. ) ;
#632 = EDGE_CURVE ( 'NONE', #843, #1346, #506, .T. ) ;
#633 = DIRECTION ( 'NONE',  ( -0.1736481776669236976, 1.189554516704284187E-16, 0.9848077530122092416 ) ) ;
#634 = PLANE ( 'NONE',  #942 ) ;
#635 = EDGE_CURVE ( 'NONE', #819, #61, #1240, .T. ) ;
#636 = DIRECTION ( 'NONE',  ( -0.1736481776669236976, -4.743804257628410201E-17, -0.9848077530122092416 ) ) ;
#637 = DIRECTION ( 'NONE',  ( 0.9848077530122090195, 0.000000000000000000, -0.1736481776669244470 ) ) ;
#638 = LINE ( 'NONE', #785, #956 ) ;
#639 = FACE_OUTER_BOUND ( 'NONE', #983, .T. ) ;
#640 = CARTESIAN_POINT ( 'NONE',  ( 35.99931847442072552, 88.13000000000000966, -4.659762429745064161 ) ) ;
#641 = VECTOR ( 'NONE', #994, 1000.000000000000000 ) ;
#642 = CARTESIAN_POINT ( 'NONE',  ( 93.42184141246129059, 88.12999999999996703, 5.465377664581805739 ) ) ;
#643 = CARTESIAN_POINT ( 'NONE',  ( -17.69999999999999929, 83.12999999999999545, -4.762500000000000178 ) ) ;
#644 = VERTEX_POINT ( 'NONE', #404 ) ;
#645 = CARTESIAN_POINT ( 'NONE',  ( -12.70000000000000639, -7.699999999999968203, -4.762500000000000178 ) ) ;
#646 = EDGE_CURVE ( 'NONE', #186, #1508, #269, .T. ) ;
#647 = FACE_OUTER_BOUND ( 'NONE', #1461, .T. ) ;
#648 = EDGE_CURVE ( 'NONE', #318, #1425, #1393, .T. ) ;
#649 = CARTESIAN_POINT ( 'NONE',  ( 7.699999999999969980, -12.70000000000000284, -4.762500000000000178 ) ) ;
#650 = VERTEX_POINT ( 'NONE', #640 ) ;
#651 = CIRCLE ( 'NONE', #349, 2.574999999999996181 ) ;
#652 = AXIS2_PLACEMENT_3D ( 'NONE', #216, #107, #701 ) ;
#653 = DIRECTION ( 'NONE',  ( 0.1736481776669236976, -2.371902128814208798E-17, 0.9848077530122092416 ) ) ;
#654 = DIRECTION ( 'NONE',  ( 0.9848077530122092416, 0.000000000000000000, 0.1736481776669236976 ) ) ;
#655 = DIRECTION ( 'NONE',  ( 1.040834085586130326E-14, 7.588525965342043194E-16, -1.000000000000000000 ) ) ;
#656 = ORIENTED_EDGE ( 'NONE', *, *, #595, .F. ) ;
#657 = LINE ( 'NONE', #1153, #180 ) ;
#658 = ORIENTED_EDGE ( 'NONE', *, *, #835, .F. ) ;
#659 = AXIS2_PLACEMENT_3D ( 'NONE', #558, #433, #1127 ) ;
#660 = CARTESIAN_POINT ( 'NONE',  ( -7.699999999999970868, -12.70000000000000284, -4.762500000000000178 ) ) ;
#661 = DIRECTION ( 'NONE',  ( -1.000000000000000000, 7.639429598048256351E-17, 0.000000000000000000 ) ) ;
#662 = AXIS2_PLACEMENT_3D ( 'NONE', #15, #1450, #979 ) ;
#663 = ORIENTED_EDGE ( 'NONE', *, *, #436, .T. ) ;
#664 = CARTESIAN_POINT ( 'NONE',  ( -34.99999999999997868, 88.12999999999999545, -4.762500000000000178 ) ) ;
#665 = ADVANCED_FACE ( 'NONE', ( #963 ), #1104, .F. ) ;
#666 = VERTEX_POINT ( 'NONE', #1003 ) ;
#667 = FACE_BOUND ( 'NONE', #1563, .T. ) ;
#668 = EDGE_CURVE ( 'NONE', #767, #1170, #848, .T. ) ;
#669 = CARTESIAN_POINT ( 'NONE',  ( -34.82502267294813691, 138.9300000000000352, -4.762500000000000178 ) ) ;
#670 = CARTESIAN_POINT ( 'NONE',  ( -34.99999999999999289, 138.9300000000000068, 0.000000000000000000 ) ) ;
#671 = ORIENTED_EDGE ( 'NONE', *, *, #820, .T. ) ;
#672 = LINE ( 'NONE', #70, #315 ) ;
#673 = ORIENTED_EDGE ( 'NONE', *, *, #1044, .T. ) ;
#674 = PLANE ( 'NONE',  #208 ) ;
#675 = VECTOR ( 'NONE', #359, 1000.000000000000000 ) ;
#676 = CIRCLE ( 'NONE', #1054, 4.999999999999999112 ) ;
#677 = EDGE_CURVE ( 'NONE', #1346, #650, #249, .T. ) ;
#678 = DIRECTION ( 'NONE',  ( -0.000000000000000000, 1.000000000000000000, 7.588525965342043194E-16 ) ) ;
#679 = LINE ( 'NONE', #1042, #1281 ) ;
#680 = EDGE_CURVE ( 'NONE', #992, #92, #1059, .T. ) ;
#681 = ORIENTED_EDGE ( 'NONE', *, *, #1030, .F. ) ;
#682 = ORIENTED_EDGE ( 'NONE', *, *, #316, .T. ) ;
#683 = ORIENTED_EDGE ( 'NONE', *, *, #792, .F. ) ;
#684 = DIRECTION ( 'NONE',  ( 1.000000000000000000, 0.000000000000000000, 0.000000000000000000 ) ) ;
#685 = EDGE_CURVE ( 'NONE', #536, #883, #581, .T. ) ;
#686 = ORIENTED_EDGE ( 'NONE', *, *, #381, .F. ) ;
#687 = FACE_OUTER_BOUND ( 'NONE', #325, .T. ) ;
#688 = CIRCLE ( 'NONE', #1092, 4.049999999999999822 ) ;
#689 = ORIENTED_EDGE ( 'NONE', *, *, #1490, .F. ) ;
#690 = DIRECTION ( 'NONE',  ( -0.1736481776669237254, -2.371902128814209106E-17, 0.9848077530122092416 ) ) ;
#691 = CARTESIAN_POINT ( 'NONE',  ( -12.69999999999999929, 83.12999999999999545, -4.762500000000000178 ) ) ;
#692 = VERTEX_POINT ( 'NONE', #551 ) ;
#693 = CYLINDRICAL_SURFACE ( 'NONE', #916, 1.999999999999992895 ) ;
#694 = EDGE_CURVE ( 'NONE', #453, #536, #1035, .T. ) ;
#695 = EDGE_CURVE ( 'NONE', #1503, #751, #912, .T. ) ;
#696 = ORIENTED_EDGE ( 'NONE', *, *, #945, .T. ) ;
#697 = EDGE_LOOP ( 'NONE', ( #656, #489, #375, #1555 ) ) ;
#698 = LINE ( 'NONE', #691, #943 ) ;
#699 = AXIS2_PLACEMENT_3D ( 'NONE', #603, #1571, #479 ) ;
#700 = CARTESIAN_POINT ( 'NONE',  ( 0.000000000000000000, 0.000000000000000000, -4.762500000000000178 ) ) ;
#701 = DIRECTION ( 'NONE',  ( 1.000000000000000000, 0.000000000000000000, 0.000000000000000000 ) ) ;
#702 = ORIENTED_EDGE ( 'NONE', *, *, #181, .T. ) ;
#703 = ORIENTED_EDGE ( 'NONE', *, *, #905, .F. ) ;
#704 = CARTESIAN_POINT ( 'NONE',  ( 34.82502267294817955, 138.9300000000000068, 1.999999999999955369 ) ) ;
#705 = ORIENTED_EDGE ( 'NONE', *, *, #459, .F. ) ;
#706 = AXIS2_PLACEMENT_3D ( 'NONE', #1029, #1160, #1277 ) ;
#707 = PRODUCT_DEFINITION_FORMATION_WITH_SPECIFIED_SOURCE ( 'ANY', '', #800, .NOT_KNOWN. ) ;
#708 = CARTESIAN_POINT ( 'NONE',  ( -50.93944138927756882, 128.8699999999996919, -2.025415664755109368 ) ) ;
#709 = DIRECTION ( 'NONE',  ( 8.195543980992787683E-16, 1.000000000000000000, 6.829619984160655581E-17 ) ) ;
#710 = EDGE_LOOP ( 'NONE', ( #1015, #682, #1511, #1207 ) ) ;
#711 = EDGE_CURVE ( 'NONE', #564, #1235, #97, .T. ) ;
#712 = EDGE_CURVE ( 'NONE', #992, #1202, #418, .T. ) ;
#713 = EDGE_LOOP ( 'NONE', ( #172, #1181, #1095, #364 ) ) ;
#714 = CARTESIAN_POINT ( 'NONE',  ( 92.70073263073086878, 112.7977669529663416, 5.338226730336919523 ) ) ;
#715 = AXIS2_PLACEMENT_3D ( 'NONE', #840, #1568, #1324 ) ;
#716 = CARTESIAN_POINT ( 'NONE',  ( -53.47532135328400216, 128.8699999999996919, -1.578271607262780929 ) ) ;
#717 = ORIENTED_EDGE ( 'NONE', *, *, #1027, .T. ) ;
#718 = LINE ( 'NONE', #582, #1064 ) ;
#719 = PLANE ( 'NONE',  #1512 ) ;
#720 = CARTESIAN_POINT ( 'NONE',  ( -4.049999999999999822, 4.959819536546778628E-16, 0.000000000000000000 ) ) ;
#721 = ORIENTED_EDGE ( 'NONE', *, *, #677, .F. ) ;
#722 = EDGE_CURVE ( 'NONE', #1414, #801, #679, .T. ) ;
#723 = CARTESIAN_POINT ( 'NONE',  ( 68.30183382154301341, 88.86223304703362658, 5.872011809807499816 ) ) ;
#724 = ORIENTED_EDGE ( 'NONE', *, *, #1405, .T. ) ;
#725 = DIRECTION ( 'NONE',  ( 0.000000000000000000, 0.000000000000000000, 1.000000000000000000 ) ) ;
#726 = AXIS2_PLACEMENT_3D ( 'NONE', #837, #981, #508 ) ;
#727 = VECTOR ( 'NONE', #300, 1000.000000000000000 ) ;
#728 = DIRECTION ( 'NONE',  ( 0.1736481776669237809, 4.743804257628412666E-17, 0.9848077530122093526 ) ) ;
#729 = LINE ( 'NONE', #106, #522 ) ;
#730 = CARTESIAN_POINT ( 'NONE',  ( -14.28749999999999964, 114.7749999999999915, -4.762500000000000178 ) ) ;
#731 = VERTEX_POINT ( 'NONE', #1150 ) ;
#732 = CARTESIAN_POINT ( 'NONE',  ( 34.82502267294817955, 138.9300000000000068, 1.999999999999955369 ) ) ;
#733 = CYLINDRICAL_SURFACE ( 'NONE', #1233, 2.499999999999994227 ) ;
#734 = DIRECTION ( 'NONE',  ( 0.9848077530122092416, 0.000000000000000000, 0.1736481776669233090 ) ) ;
#735 = VERTEX_POINT ( 'NONE', #1527 ) ;
#736 = EDGE_CURVE ( 'NONE', #1315, #256, #279, .T. ) ;
#737 = CARTESIAN_POINT ( 'NONE',  ( 3.139382069614242449E-15, 114.7749999999999915, 0.000000000000000000 ) ) ;
#738 = FACE_OUTER_BOUND ( 'NONE', #1056, .T. ) ;
#739 = FACE_OUTER_BOUND ( 'NONE', #39, .T. ) ;
#740 = DIRECTION ( 'NONE',  ( 0.000000000000000000, 0.000000000000000000, -1.000000000000000000 ) ) ;
#741 = DIRECTION ( 'NONE',  ( 0.000000000000000000, 0.000000000000000000, 1.000000000000000000 ) ) ;
#742 = CARTESIAN_POINT ( 'NONE',  ( 35.99931847442065447, -2.965932321833934241E-14, -4.659762429745066825 ) ) ;
#743 = EDGE_CURVE ( 'NONE', #1508, #1126, #788, .T. ) ;
#744 = CARTESIAN_POINT ( 'NONE',  ( -93.42184141246130480, 138.9299999999999784, 5.465377664581807515 ) ) ;
#745 = ORIENTED_EDGE ( 'NONE', *, *, #1260, .T. ) ;
#746 = AXIS2_PLACEMENT_3D ( 'NONE', #154, #1352, #141 ) ;
#747 = EDGE_CURVE ( 'NONE', #536, #1323, #317, .T. ) ;
#748 = DIRECTION ( 'NONE',  ( -0.1736481776669237254, -2.371902128814209106E-17, 0.9848077530122092416 ) ) ;
#749 = DIRECTION ( 'NONE',  ( 0.1736481776669236976, -1.189554516704284187E-16, -0.9848077530122092416 ) ) ;
#750 = CYLINDRICAL_SURFACE ( 'NONE', #617, 2.574999999999996181 ) ;
#751 = VERTEX_POINT ( 'NONE', #326 ) ;
#752 = ORIENTED_EDGE ( 'NONE', *, *, #125, .F. ) ;
#753 = CARTESIAN_POINT ( 'NONE',  ( -14.28749999999999964, 114.7749999999999915, -4.762500000000000178 ) ) ;
#754 = FACE_OUTER_BOUND ( 'NONE', #1278, .T. ) ;
#755 = DIRECTION ( 'NONE',  ( 0.000000000000000000, 0.000000000000000000, 1.000000000000000000 ) ) ;
#756 = DIRECTION ( 'NONE',  ( 0.1736481776669236421, 4.743804257628408968E-17, 0.9848077530122092416 ) ) ;
#757 = SURFACE_SIDE_STYLE ('',( #1124 ) ) ;
#758 = AXIS2_PLACEMENT_3D ( 'NONE', #265, #633, #507 ) ;
#759 = EDGE_CURVE ( 'NONE', #482, #1495, #772, .T. ) ;
#760 = CARTESIAN_POINT ( 'NONE',  ( 1.055379136246520355, -7.229739092140483919E-16, -5.985352508198968025 ) ) ;
#761 = ORIENTED_EDGE ( 'NONE', *, *, #711, .F. ) ;
#762 = DIRECTION ( 'NONE',  ( 0.000000000000000000, 0.000000000000000000, 1.000000000000000000 ) ) ;
#763 = CIRCLE ( 'NONE', #562, 14.28750000000000320 ) ;
#764 = EDGE_LOOP ( 'NONE', ( #294, #46, #852, #519 ) ) ;
#765 = DIRECTION ( 'NONE',  ( 0.9848077530122092416, -4.745894792379310610E-16, 0.1736481776669236976 ) ) ;
#766 = DIRECTION ( 'NONE',  ( -0.1736481776669237254, -2.371902128814209106E-17, 0.9848077530122092416 ) ) ;
#767 = VERTEX_POINT ( 'NONE', #66 ) ;
#768 = ORIENTED_EDGE ( 'NONE', *, *, #1141, .F. ) ;
#769 = PLANE ( 'NONE',  #1397 ) ;
#770 = UNCERTAINTY_MEASURE_WITH_UNIT (LENGTH_MEASURE( 1.000000000000000082E-05 ), #197, 'distance_accuracy_value', 'NONE');
#771 = DIRECTION ( 'NONE',  ( -0.000000000000000000, -0.000000000000000000, -1.000000000000000000 ) ) ;
#772 = LINE ( 'NONE', #170, #727 ) ;
#773 = EDGE_CURVE ( 'NONE', #1170, #801, #330, .T. ) ;
#774 = ORIENTED_EDGE ( 'NONE', *, *, #1209, .T. ) ;
#775 = CARTESIAN_POINT ( 'NONE',  ( 12.70000000000000639, -7.699999999999968203, -4.762500000000000178 ) ) ;
#776 = AXIS2_PLACEMENT_3D ( 'NONE', #25, #1453, #1237 ) ;
#777 = AXIS2_PLACEMENT_3D ( 'NONE', #484, #20, #734 ) ;
#778 = CYLINDRICAL_SURFACE ( 'NONE', #49, 5.000000000000000000 ) ;
#779 = EDGE_CURVE ( 'NONE', #453, #843, #1014, .T. ) ;
#780 = CARTESIAN_POINT ( 'NONE',  ( -48.40356142527113548, 128.8699999999996919, -2.472559722247436476 ) ) ;
#781 = ORIENTED_EDGE ( 'NONE', *, *, #792, .T. ) ;
#782 = CYLINDRICAL_SURFACE ( 'NONE', #1169, 2.499999999999994227 ) ;
#783 = VERTEX_POINT ( 'NONE', #780 ) ;
#784 = VECTOR ( 'NONE', #287, 1000.000000000000000 ) ;
#785 = CARTESIAN_POINT ( 'NONE',  ( 17.69999999999999929, 88.12999999999999545, 0.000000000000000000 ) ) ;
#786 = DIRECTION ( 'NONE',  ( -0.1736481776669237254, -2.371902128814209106E-17, 0.9848077530122092416 ) ) ;
#787 = VECTOR ( 'NONE', #1554, 1000.000000000000000 ) ;
#788 = LINE ( 'NONE', #1135, #805 ) ;
#789 = ORIENTED_EDGE ( 'NONE', *, *, #610, .T. ) ;
#790 = DIRECTION ( 'NONE',  ( 0.1736481776669236976, -1.189554516704284187E-16, -0.9848077530122092416 ) ) ;
#791 = AXIS2_PLACEMENT_3D ( 'NONE', #1081, #725, #1422 ) ;
#792 = EDGE_CURVE ( 'NONE', #453, #666, #1255, .T. ) ;
#793 = EDGE_CURVE ( 'NONE', #493, #1518, #1080, .T. ) ;
#794 = DIRECTION ( 'NONE',  ( 1.000000000000000000, 0.000000000000000000, 0.000000000000000000 ) ) ;
#795 = CARTESIAN_POINT ( 'NONE',  ( -93.42184141246129059, 114.5655339059327673, 5.465377664581803074 ) ) ;
#796 = VERTEX_POINT ( 'NONE', #1418 ) ;
#797 = DIRECTION ( 'NONE',  ( 0.1736481776669237809, 4.743804257628412666E-17, 0.9848077530122093526 ) ) ;
#798 = EDGE_LOOP ( 'NONE', ( #1, #658, #93, #457 ) ) ;
#799 = CARTESIAN_POINT ( 'NONE',  ( -17.69999999999999929, 88.12999999999999545, -4.762500000000000178 ) ) ;
#800 = PRODUCT ( 'Hub_Plate2', 'Hub_Plate2', '', ( #444 ) ) ;
#801 = VERTEX_POINT ( 'NONE', #714 ) ;
#802 = DIRECTION ( 'NONE',  ( 0.000000000000000000, 0.000000000000000000, 1.000000000000000000 ) ) ;
#803 = AXIS2_PLACEMENT_3D ( 'NONE', #247, #1567, #950 ) ;
#804 = AXIS2_PLACEMENT_3D ( 'NONE', #1028, #771, #417 ) ;
#805 = VECTOR ( 'NONE', #293, 1000.000000000000000 ) ;
#806 = DIRECTION ( 'NONE',  ( 0.9848077530122091305, 0.000000000000000000, 0.1736481776669241417 ) ) ;
#807 = ORIENTED_EDGE ( 'NONE', *, *, #416, .T. ) ;
#808 = DIRECTION ( 'NONE',  ( 1.000000000000000000, 0.000000000000000000, 0.000000000000000000 ) ) ;
#809 = ORIENTED_EDGE ( 'NONE', *, *, #1541, .T. ) ;
#810 = EDGE_LOOP ( 'NONE', ( #913, #277 ) ) ;
#811 = DIRECTION ( 'NONE',  ( -0.1736481776669237809, -4.743804257628412666E-17, -0.9848077530122093526 ) ) ;
#812 = EDGE_CURVE ( 'NONE', #937, #274, #45, .T. ) ;
#813 = ORIENTED_EDGE ( 'NONE', *, *, #846, .T. ) ;
#814 = EDGE_CURVE ( 'NONE', #614, #193, #402, .T. ) ;
#815 = LINE ( 'NONE', #124, #185 ) ;
#816 = VECTOR ( 'NONE', #1513, 1000.000000000000000 ) ;
#817 = FACE_OUTER_BOUND ( 'NONE', #590, .T. ) ;
#818 = CARTESIAN_POINT ( 'NONE',  ( 34.82502267294820086, 88.13000000000000966, 5.204170427930421283E-15 ) ) ;
#819 = VERTEX_POINT ( 'NONE', #1298 ) ;
#820 = EDGE_CURVE ( 'NONE', #1414, #1558, #1484, .T. ) ;
#821 = EDGE_LOOP ( 'NONE', ( #24, #1134 ) ) ;
#822 = DIRECTION ( 'NONE',  ( 0.9848077530122092416, 0.000000000000000000, 0.1736481776669236698 ) ) ;
#823 = CIRCLE ( 'NONE', #699, 1.999999999999991784 ) ;
#824 = ORIENTED_EDGE ( 'NONE', *, *, #743, .T. ) ;
#825 = CARTESIAN_POINT ( 'NONE',  ( 35.17231902828201129, 138.9300000000000068, 0.03038449397562391352 ) ) ;
#826 = EDGE_CURVE ( 'NONE', #605, #644, #242, .T. ) ;
#827 = EDGE_CURVE ( 'NONE', #1252, #580, #1010, .T. ) ;
#828 = CARTESIAN_POINT ( 'NONE',  ( 35.17231902828199708, 88.12999999999998124, 0.03038449397558228016 ) ) ;
#829 = DIRECTION ( 'NONE',  ( 0.000000000000000000, -1.000000000000000000, -7.588525965342043194E-16 ) ) ;
#830 = ORIENTED_EDGE ( 'NONE', *, *, #1184, .F. ) ;
#831 = DIRECTION ( 'NONE',  ( 0.9848077530122092416, 0.000000000000000000, -0.1736481776669233090 ) ) ;
#832 = FACE_BOUND ( 'NONE', #178, .T. ) ;
#833 = DIRECTION ( 'NONE',  ( 0.9848077530122091305, 0.000000000000000000, 0.1736481776669241417 ) ) ;
#834 = VERTEX_POINT ( 'NONE', #588 ) ;
#835 = EDGE_CURVE ( 'NONE', #991, #1518, #698, .T. ) ;
#836 = LINE ( 'NONE', #593, #1197 ) ;
#837 = CARTESIAN_POINT ( 'NONE',  ( 3.139382069614242449E-15, 114.7749999999999915, 0.000000000000000000 ) ) ;
#838 = VECTOR ( 'NONE', #494, 1000.000000000000000 ) ;
#839 = ORIENTED_EDGE ( 'NONE', *, *, #793, .F. ) ;
#840 = CARTESIAN_POINT ( 'NONE',  ( 77.19465515097462571, 128.8699999999996919, 7.440056144805938132 ) ) ;
#841 = CARTESIAN_POINT ( 'NONE',  ( 93.42184141246133322, 136.4299999999999784, 5.465377664581806627 ) ) ;
#842 = CARTESIAN_POINT ( 'NONE',  ( -90.95982202993079113, 136.4299999999999784, 5.031257220414496523 ) ) ;
#843 = VERTEX_POINT ( 'NONE', #1061 ) ;
#844 = EDGE_LOOP ( 'NONE', ( #505, #807 ) ) ;
#845 = CARTESIAN_POINT ( 'NONE',  ( 91.87373318459209770, 112.7977669529663274, 10.02837365405757986 ) ) ;
#846 = EDGE_CURVE ( 'NONE', #843, #751, #1439, .T. ) ;
#847 = CARTESIAN_POINT ( 'NONE',  ( -7.700000000000006395, -7.700000000000004619, 0.000000000000000000 ) ) ;
#848 = LINE ( 'NONE', #1333, #1311 ) ;
#849 = VECTOR ( 'NONE', #271, 1000.000000000000114 ) ;
#850 = VECTOR ( 'NONE', #239, 1000.000000000000000 ) ;
#851 = DIRECTION ( 'NONE',  ( 0.1736481776669237809, 4.743804257628412666E-17, 0.9848077530122093526 ) ) ;
#852 = ORIENTED_EDGE ( 'NONE', *, *, #381, .T. ) ;
#853 = CARTESIAN_POINT ( 'NONE',  ( -12.69999999999999929, 83.12999999999999545, -4.762500000000000178 ) ) ;
#854 = DIRECTION ( 'NONE',  ( 0.000000000000000000, 0.000000000000000000, 1.000000000000000000 ) ) ;
#855 = ORIENTED_EDGE ( 'NONE', *, *, #1433, .T. ) ;
#856 = CARTESIAN_POINT ( 'NONE',  ( 75.48577463310689950, 128.8699999999996919, 2.302765163592965791 ) ) ;
#857 = ADVANCED_FACE ( 'NONE', ( #110 ), #1068, .F. ) ;
#858 = AXIS2_PLACEMENT_3D ( 'NONE', #368, #140, #762 ) ;
#859 = ADVANCED_FACE ( 'NONE', ( #467 ), #1172, .F. ) ;
#860 = DIRECTION ( 'NONE',  ( 0.9848077530122091305, 0.000000000000000000, 0.1736481776669241417 ) ) ;
#861 = DIRECTION ( 'NONE',  ( 1.000000000000000000, 0.000000000000000000, 0.000000000000000000 ) ) ;
#862 = AXIS2_PLACEMENT_3D ( 'NONE', #396, #1394, #174 ) ;
#863 = ORIENTED_EDGE ( 'NONE', *, *, #1560, .F. ) ;
#864 = CARTESIAN_POINT ( 'NONE',  ( -12.70000000000000639, -7.699999999999968203, 0.000000000000000000 ) ) ;
#865 = CARTESIAN_POINT ( 'NONE',  ( -35.99931847442069710, -4.968925916814105568E-15, -4.659762429745064161 ) ) ;
#866 = FACE_OUTER_BOUND ( 'NONE', #338, .T. ) ;
#867 = CYLINDRICAL_SURFACE ( 'NONE', #662, 2.574999999999996181 ) ;
#868 = ORIENTED_EDGE ( 'NONE', *, *, #577, .T. ) ;
#869 = VECTOR ( 'NONE', #116, 1000.000000000000000 ) ;
#870 = LINE ( 'NONE', #845, #1451 ) ;
#871 = DIRECTION ( 'NONE',  ( 0.9848077530122092416, 0.000000000000000000, 0.1736481776669236698 ) ) ;
#872 = DIRECTION ( 'NONE',  ( -0.000000000000000000, 1.000000000000000000, -8.672601103247718607E-16 ) ) ;
#873 = VECTOR ( 'NONE', #163, 1000.000000000000000 ) ;
#874 = PLANE ( 'NONE',  #413 ) ;
#875 = CARTESIAN_POINT ( 'NONE',  ( -34.99999999999997868, 88.12999999999999545, 0.000000000000000000 ) ) ;
#876 = AXIS2_PLACEMENT_3D ( 'NONE', #760, #1375, #654 ) ;
#877 = AXIS2_PLACEMENT_3D ( 'NONE', #1145, #1020, #806 ) ;
#878 = ORIENTED_EDGE ( 'NONE', *, *, #1435, .F. ) ;
#879 = ADVANCED_FACE ( 'NONE', ( #358 ), #1286, .F. ) ;
#880 = CARTESIAN_POINT ( 'NONE',  ( -66.56092322074289314, 88.12999999999999545, 5.565042299885061716 ) ) ;
#881 = CARTESIAN_POINT ( 'NONE',  ( -67.38792266688159316, 88.12999999999999545, 0.8748953761644143734 ) ) ;
#882 = CARTESIAN_POINT ( 'NONE',  ( 47.57656197913241414, 128.8699999999996919, 2.217587201473206093 ) ) ;
#883 = VERTEX_POINT ( 'NONE', #1165 ) ;
#884 = ADVANCED_FACE ( 'NONE', ( #1055 ), #88, .F. ) ;
#885 = CARTESIAN_POINT ( 'NONE',  ( 90.13282258379210532, 136.4299999999999784, 9.721404144135142644 ) ) ;
#886 = CIRCLE ( 'NONE', #340, 2.574999999999996181 ) ;
#887 = ORIENTED_EDGE ( 'NONE', *, *, #436, .F. ) ;
#888 = CARTESIAN_POINT ( 'NONE',  ( 0.000000000000000000, 0.000000000000000000, -4.762500000000000178 ) ) ;
#889 = SURFACE_STYLE_USAGE ( .BOTH. , #757 ) ;
#890 = PRODUCT_DEFINITION ( 'UNKNOWN', '', #707, #60 ) ;
#891 = ORIENTED_EDGE ( 'NONE', *, *, #365, .F. ) ;
#892 = CIRCLE ( 'NONE', #543, 6.762499999999992184 ) ;
#893 = CARTESIAN_POINT ( 'NONE',  ( 1.882378582385244581, -1.287783103637931290E-15, -10.67549943191961681 ) ) ;
#894 = UNCERTAINTY_MEASURE_WITH_UNIT (LENGTH_MEASURE( 1.000000000000000082E-05 ), #1007, 'distance_accuracy_value', 'NONE');
#895 = CARTESIAN_POINT ( 'NONE',  ( 4.049999999999999822, 0.000000000000000000, -4.762500000000000178 ) ) ;
#896 = EDGE_CURVE ( 'NONE', #801, #1349, #870, .T. ) ;
#897 = CARTESIAN_POINT ( 'NONE',  ( 0.000000000000000000, 0.000000000000000000, -4.762500000000000178 ) ) ;
#898 = EDGE_LOOP ( 'NONE', ( #572, #1282, #575, #385 ) ) ;
#899 = CARTESIAN_POINT ( 'NONE',  ( 17.69999999999999929, 88.12999999999999545, 0.000000000000000000 ) ) ;
#900 = VECTOR ( 'NONE', #487, 1000.000000000000000 ) ;
#901 = ORIENTED_EDGE ( 'NONE', *, *, #610, .F. ) ;
#902 = DIRECTION ( 'NONE',  ( -0.000000000000000000, 0.000000000000000000, -1.000000000000000000 ) ) ;
#903 = DIRECTION ( 'NONE',  ( 0.9848077530122092416, 0.000000000000000000, 0.1736481776669233090 ) ) ;
#904 = VERTEX_POINT ( 'NONE', #1479 ) ;
#905 = EDGE_CURVE ( 'NONE', #569, #627, #278, .T. ) ;
#906 = CARTESIAN_POINT ( 'NONE',  ( -12.70000000000000639, -7.699999999999968203, -4.762500000000000178 ) ) ;
#907 = ADVANCED_FACE ( 'NONE', ( #1446 ), #2, .T. ) ;
#908 = VERTEX_POINT ( 'NONE', #864 ) ;
#909 = AXIS2_PLACEMENT_3D ( 'NONE', #1085, #872, #740 ) ;
#910 = DIRECTION ( 'NONE',  ( 0.000000000000000000, 0.000000000000000000, 1.000000000000000000 ) ) ;
#911 = DIRECTION ( 'NONE',  ( 0.9848077530122091305, 0.000000000000000000, 0.1736481776669238086 ) ) ;
#912 = LINE ( 'NONE', #1384, #26 ) ;
#913 = ORIENTED_EDGE ( 'NONE', *, *, #1189, .T. ) ;
#914 = DIRECTION ( 'NONE',  ( 0.1736481776669236976, -1.189554516704284187E-16, -0.9848077530122092416 ) ) ;
#915 = CARTESIAN_POINT ( 'NONE',  ( 0.000000000000000000, 0.000000000000000000, 0.000000000000000000 ) ) ;
#916 = AXIS2_PLACEMENT_3D ( 'NONE', #1174, #89, #574 ) ;
#917 = ORIENTED_EDGE ( 'NONE', *, *, #125, .T. ) ;
#918 = ORIENTED_EDGE ( 'NONE', *, *, #1229, .F. ) ;
#919 = DIRECTION ( 'NONE',  ( 3.469446951953628388E-15, 0.000000000000000000, -1.000000000000000000 ) ) ;
#920 = ORIENTED_EDGE ( 'NONE', *, *, #1161, .T. ) ;
#921 = CARTESIAN_POINT ( 'NONE',  ( 34.82502267294820086, 138.9300000000000068, 4.380176776841437913E-14 ) ) ;
#922 = VERTEX_POINT ( 'NONE', #753 ) ;
#923 = CARTESIAN_POINT ( 'NONE',  ( -34.82502267294814402, 138.9300000000000068, 1.999999999999991784 ) ) ;
#924 = CIRCLE ( 'NONE', #469, 4.049999999999999822 ) ;
#925 = ADVANCED_FACE ( 'NONE', ( #639 ), #1221, .F. ) ;
#926 = AXIS2_PLACEMENT_3D ( 'NONE', #280, #661, #1390 ) ;
#927 = EDGE_CURVE ( 'NONE', #991, #393, #376, .T. ) ;
#928 = AXIS2_PLACEMENT_3D ( 'NONE', #458, #936, #1305 ) ;
#929 = VERTEX_POINT ( 'NONE', #606 ) ;
#930 = ORIENTED_EDGE ( 'NONE', *, *, #968, .T. ) ;
#931 = DIRECTION ( 'NONE',  ( -0.000000000000000000, 1.000000000000000000, 7.588525965342043194E-16 ) ) ;
#932 = EDGE_LOOP ( 'NONE', ( #466, #761 ) ) ;
#933 = DIRECTION ( 'NONE',  ( -0.1736481776669236976, 6.938893903907228378E-17, -0.9848077530122092416 ) ) ;
#934 = ADVANCED_FACE ( 'NONE', ( #483 ), #634, .F. ) ;
#935 = DIRECTION ( 'NONE',  ( -0.1736481776669236976, 1.185951064407103413E-16, 0.9848077530122093526 ) ) ;
#936 = DIRECTION ( 'NONE',  ( 0.1736481776669236976, -1.189554516704284187E-16, -0.9848077530122092416 ) ) ;
#937 = VERTEX_POINT ( 'NONE', #1119 ) ;
#938 = CIRCLE ( 'NONE', #1225, 2.574999999999996181 ) ;
#939 = EDGE_CURVE ( 'NONE', #731, #1495, #975, .T. ) ;
#940 = DIRECTION ( 'NONE',  ( 0.1736481776669236976, 4.743804257628410817E-17, 0.9848077530122093526 ) ) ;
#941 = ORIENTED_EDGE ( 'NONE', *, *, #395, .F. ) ;
#942 = AXIS2_PLACEMENT_3D ( 'NONE', #137, #1110, #499 ) ;
#943 = VECTOR ( 'NONE', #81, 1000.000000000000000 ) ;
#944 = ORIENTED_EDGE ( 'NONE', *, *, #500, .T. ) ;
#945 = EDGE_CURVE ( 'NONE', #113, #1235, #1101, .T. ) ;
#946 = CARTESIAN_POINT ( 'NONE',  ( -52.68851148165634868, 128.8699999999996919, -11.94488508090030443 ) ) ;
#947 = ADVANCED_FACE ( 'NONE', ( #993 ), #150, .F. ) ;
#948 = CYLINDRICAL_SURFACE ( 'NONE', #1204, 2.499999999999994227 ) ;
#949 = ORIENTED_EDGE ( 'NONE', *, *, #905, .T. ) ;
#950 = DIRECTION ( 'NONE',  ( 0.9848077530122091305, 0.000000000000000000, -0.1736481776669241694 ) ) ;
#951 = EDGE_LOOP ( 'NONE', ( #166, #1416, #331, #206 ) ) ;
#952 = FACE_OUTER_BOUND ( 'NONE', #302, .T. ) ;
#953 = CARTESIAN_POINT ( 'NONE',  ( -1.055379136246521909, -2.883135375910183759E-16, -5.985352508198975130 ) ) ;
#954 = DIRECTION ( 'NONE',  ( 0.1736481776669237531, 4.743804257628413283E-17, 0.9848077530122092416 ) ) ;
#955 = AXIS2_PLACEMENT_3D ( 'NONE', #893, #33, #1267 ) ;
#956 = VECTOR ( 'NONE', #1118, 1000.000000000000000 ) ;
#957 = EDGE_LOOP ( 'NONE', ( #553, #1066, #474, #345, #1398, #311, #144, #1312 ) ) ;
#958 = AXIS2_PLACEMENT_3D ( 'NONE', #1147, #295, #808 ) ;
#959 = EDGE_LOOP ( 'NONE', ( #1531, #1457, #809, #724 ) ) ;
#960 = CARTESIAN_POINT ( 'NONE',  ( -77.23484472548568647, 128.8699999999996919, -7.616704252552224830 ) ) ;
#961 = CARTESIAN_POINT ( 'NONE',  ( -35.17231902828200418, 138.9300000000000068, 0.03038449397558228016 ) ) ;
#962 = ORIENTED_EDGE ( 'NONE', *, *, #37, .T. ) ;
#963 = FACE_OUTER_BOUND ( 'NONE', #951, .T. ) ;
#964 = DIRECTION ( 'NONE',  ( 0.000000000000000000, 0.000000000000000000, 1.000000000000000000 ) ) ;
#965 = CARTESIAN_POINT ( 'NONE',  ( -78.02165459711333995, 128.8699999999996919, 2.749909221085297784 ) ) ;
#966 = CARTESIAN_POINT ( 'NONE',  ( 14.28750000000000675, 114.7749999999999915, 0.000000000000000000 ) ) ;
#967 = ORIENTED_EDGE ( 'NONE', *, *, #1091, .T. ) ;
#968 = EDGE_CURVE ( 'NONE', #580, #1252, #41, .T. ) ;
#969 = ORIENTED_EDGE ( 'NONE', *, *, #17, .T. ) ;
#970 = DIRECTION ( 'NONE',  ( 0.000000000000000000, -1.000000000000000000, -7.588525965342043194E-16 ) ) ;
#971 = ADVANCED_FACE ( 'NONE', ( #233 ), #733, .T. ) ;
#972 = CARTESIAN_POINT ( 'NONE',  ( -7.699999999999970868, -12.70000000000000284, -4.762500000000000178 ) ) ;
#973 = ORIENTED_EDGE ( 'NONE', *, *, #1189, .F. ) ;
#974 = CARTESIAN_POINT ( 'NONE',  ( 90.95982202993081955, 136.4299999999999784, 5.031257220414497411 ) ) ;
#975 = CIRCLE ( 'NONE', #726, 14.28750000000000320 ) ;
#976 = CIRCLE ( 'NONE', #44, 2.499999999999994227 ) ;
#977 = DIRECTION ( 'NONE',  ( -0.1736481776669236976, 1.189554516704284187E-16, 0.9848077530122092416 ) ) ;
#978 = DIRECTION ( 'NONE',  ( -0.000000000000000000, -0.000000000000000000, -1.000000000000000000 ) ) ;
#979 = DIRECTION ( 'NONE',  ( 0.9848077530122092416, 0.000000000000000000, -0.1736481776669236698 ) ) ;
#980 = ORIENTED_EDGE ( 'NONE', *, *, #17, .F. ) ;
#981 = DIRECTION ( 'NONE',  ( 0.000000000000000000, 0.000000000000000000, 1.000000000000000000 ) ) ;
#982 = DIRECTION ( 'NONE',  ( 0.9848077530122092416, 4.745894792379309624E-16, -0.1736481776669237254 ) ) ;
#983 = EDGE_LOOP ( 'NONE', ( #232, #103, #378, #108 ) ) ;
#984 = DIRECTION ( 'NONE',  ( 0.6963642403200196451, 0.7071067811865476838, 0.1227878039689681150 ) ) ;
#985 = AXIS2_PLACEMENT_3D ( 'NONE', #1376, #797, #191 ) ;
#986 = EDGE_LOOP ( 'NONE', ( #839, #1058, #1243, #240 ) ) ;
#987 = FACE_BOUND ( 'NONE', #810, .T. ) ;
#988 = EDGE_CURVE ( 'NONE', #1166, #605, #729, .T. ) ;
#989 = VECTOR ( 'NONE', #709, 1000.000000000000000 ) ;
#990 = DIRECTION ( 'NONE',  ( -0.1736481776669236976, 0.000000000000000000, 0.9848077530122092416 ) ) ;
#991 = VERTEX_POINT ( 'NONE', #370 ) ;
#992 = VERTEX_POINT ( 'NONE', #612 ) ;
#993 = FACE_OUTER_BOUND ( 'NONE', #710, .T. ) ;
#994 = DIRECTION ( 'NONE',  ( 0.000000000000000000, -1.000000000000000000, -7.588525965342043194E-16 ) ) ;
#995 = EDGE_CURVE ( 'NONE', #929, #650, #263, .T. ) ;
#996 = CARTESIAN_POINT ( 'NONE',  ( -34.82502267294814402, 88.12999999999999545, 2.000000000000035971 ) ) ;
#997 = EDGE_CURVE ( 'NONE', #1526, #113, #651, .T. ) ;
#998 = CARTESIAN_POINT ( 'NONE',  ( -92.59484196632257635, 114.5655339059327673, 10.15552458830245364 ) ) ;
#999 = ORIENTED_EDGE ( 'NONE', *, *, #1419, .F. ) ;
#1000 = CARTESIAN_POINT ( 'NONE',  ( -93.42184141246130480, 136.4299999999999784, 5.465377664581807515 ) ) ;
#1001 = DIRECTION ( 'NONE',  ( 0.1736481776669236976, -1.189554516704284187E-16, -0.9848077530122092416 ) ) ;
#1002 = FACE_OUTER_BOUND ( 'NONE', #21, .T. ) ;
#1003 = CARTESIAN_POINT ( 'NONE',  ( 34.82502267294825060, 138.9300000000000068, -4.762499999999955769 ) ) ;
#1004 = ORIENTED_EDGE ( 'NONE', *, *, #1542, .T. ) ;
#1005 = AXIS2_PLACEMENT_3D ( 'NONE', #708, #1199, #117 ) ;
#1006 = CARTESIAN_POINT ( 'NONE',  ( 48.40356142527113548, 128.8699999999996919, -2.472559722247440028 ) ) ;
#1007 =( LENGTH_UNIT ( ) NAMED_UNIT ( * ) SI_UNIT ( .MILLI., .METRE. ) );
#1008 = CIRCLE ( 'NONE', #1483, 6.762499999999912248 ) ;
#1009 = ADVANCED_FACE ( 'NONE', ( #738 ), #134, .F. ) ;
#1010 = CIRCLE ( 'NONE', #1205, 2.574999999999996181 ) ;
#1011 = ORIENTED_EDGE ( 'NONE', *, *, #646, .T. ) ;
#1012 = CARTESIAN_POINT ( 'NONE',  ( 52.64832190714528792, 128.8699999999996919, 3.111875316457859864 ) ) ;
#1013 = ORIENTED_EDGE ( 'NONE', *, *, #826, .F. ) ;
#1014 = LINE ( 'NONE', #1269, #196 ) ;
#1015 = ORIENTED_EDGE ( 'NONE', *, *, #1088, .F. ) ;
#1016 = FACE_OUTER_BOUND ( 'NONE', #697, .T. ) ;
#1017 = ORIENTED_EDGE ( 'NONE', *, *, #480, .F. ) ;
#1018 = PLANE ( 'NONE',  #246 ) ;
#1019 = CYLINDRICAL_SURFACE ( 'NONE', #328, 5.000000000000004441 ) ;
#1020 = DIRECTION ( 'NONE',  ( 0.1736481776669236976, -1.189554516704284187E-16, -0.9848077530122092416 ) ) ;
#1021 = VECTOR ( 'NONE', #147, 1000.000000000000000 ) ;
#1022 = ORIENTED_EDGE ( 'NONE', *, *, #284, .F. ) ;
#1023 = DIRECTION ( 'NONE',  ( 0.1736481776669237809, 4.743804257628412666E-17, 0.9848077530122093526 ) ) ;
#1024 = CARTESIAN_POINT ( 'NONE',  ( -92.59484196632256214, 88.12999999999999545, 10.15552458830245364 ) ) ;
#1025 = ORIENTED_EDGE ( 'NONE', *, *, #438, .F. ) ;
#1026 = VECTOR ( 'NONE', #556, 1000.000000000000000 ) ;
#1027 = EDGE_CURVE ( 'NONE', #1070, #1549, #1073, .T. ) ;
#1028 = CARTESIAN_POINT ( 'NONE',  ( -17.69999999999999929, 83.12999999999999545, -4.762500000000000178 ) ) ;
#1029 = CARTESIAN_POINT ( 'NONE',  ( -66.56092322074287893, 90.62999999999999545, 5.565042299885060828 ) ) ;
#1030 = EDGE_CURVE ( 'NONE', #904, #1503, #1537, .T. ) ;
#1031 = ORIENTED_EDGE ( 'NONE', *, *, #793, .T. ) ;
#1032 = DIRECTION ( 'NONE',  ( 0.9848077530122092416, 0.000000000000000000, -0.1736481776669236698 ) ) ;
#1033 = ORIENTED_EDGE ( 'NONE', *, *, #511, .F. ) ;
#1034 = FACE_BOUND ( 'NONE', #1214, .T. ) ;
#1035 = LINE ( 'NONE', #670, #1546 ) ;
#1036 = ADVANCED_FACE ( 'NONE', ( #1227 ), #629, .F. ) ;
#1037 = ORIENTED_EDGE ( 'NONE', *, *, #576, .F. ) ;
#1038 = DIRECTION ( 'NONE',  ( 0.1736481776669236976, -7.850462293418880764E-17, 0.9848077530122092416 ) ) ;
#1039 = DIRECTION ( 'NONE',  ( 4.756169282969990770E-16, -1.000000000000000000, -3.569424609271317804E-17 ) ) ;
#1040 = LINE ( 'NONE', #828, #989 ) ;
#1041 = ORIENTED_EDGE ( 'NONE', *, *, #324, .F. ) ;
#1042 = CARTESIAN_POINT ( 'NONE',  ( -8.250502102314730024, 10.28919670230738248, -12.46219968893181651 ) ) ;
#1043 = ORIENTED_EDGE ( 'NONE', *, *, #712, .F. ) ;
#1044 = EDGE_CURVE ( 'NONE', #1415, #1485, #924, .T. ) ;
#1045 = AXIS2_PLACEMENT_3D ( 'NONE', #700, #1559, #236 ) ;
#1046 = ORIENTED_EDGE ( 'NONE', *, *, #635, .T. ) ;
#1047 = ORIENTED_EDGE ( 'NONE', *, *, #814, .F. ) ;
#1048 = DIRECTION ( 'NONE',  ( 0.1736481776669237809, 4.743804257628412666E-17, 0.9848077530122093526 ) ) ;
#1049 = CARTESIAN_POINT ( 'NONE',  ( 14.28750000000000675, 114.7749999999999915, -4.762500000000000178 ) ) ;
#1050 = APPLICATION_CONTEXT ( 'automotive_design' ) ;
#1051 = ORIENTED_EDGE ( 'NONE', *, *, #1175, .F. ) ;
#1052 = DIRECTION ( 'NONE',  ( 0.9848077530122091305, 0.000000000000000000, -0.1736481776669238086 ) ) ;
#1053 = CIRCLE ( 'NONE', #1430, 2.574999999999996181 ) ;
#1054 = AXIS2_PLACEMENT_3D ( 'NONE', #847, #1084, #3 ) ;
#1055 = FACE_OUTER_BOUND ( 'NONE', #1431, .T. ) ;
#1056 = EDGE_LOOP ( 'NONE', ( #355, #1297, #673, #227 ) ) ;
#1057 = DIRECTION ( 'NONE',  ( 0.1736481776669237254, -2.371902128814209106E-17, 0.9848077530122093526 ) ) ;
#1058 = ORIENTED_EDGE ( 'NONE', *, *, #445, .F. ) ;
#1059 = CIRCLE ( 'NONE', #706, 2.499999999999994227 ) ;
#1060 = ORIENTED_EDGE ( 'NONE', *, *, #747, .F. ) ;
#1061 = CARTESIAN_POINT ( 'NONE',  ( 34.82502267294820086, 88.13000000000000966, 5.204170427930421283E-15 ) ) ;
#1062 = VERTEX_POINT ( 'NONE', #357 ) ;
#1063 = CARTESIAN_POINT ( 'NONE',  ( -7.700000000000006395, -7.700000000000004619, -4.762500000000000178 ) ) ;
#1064 = VECTOR ( 'NONE', #1196, 1000.000000000000000 ) ;
#1065 = PLANE ( 'NONE',  #601 ) ;
#1066 = ORIENTED_EDGE ( 'NONE', *, *, #1184, .T. ) ;
#1067 = ORIENTED_EDGE ( 'NONE', *, *, #351, .T. ) ;
#1068 = CYLINDRICAL_SURFACE ( 'NONE', #143, 5.000000000000002665 ) ;
#1069 = ADVANCED_FACE ( 'NONE', ( #832, #987, #1317 ), #719, .F. ) ;
#1070 = VERTEX_POINT ( 'NONE', #1308 ) ;
#1071 = EDGE_CURVE ( 'NONE', #783, #1166, #1154, .T. ) ;
#1072 = CARTESIAN_POINT ( 'NONE',  ( 66.56092322074293577, 88.12999999999998124, 5.565042299885074151 ) ) ;
#1073 = LINE ( 'NONE', #1434, #1303 ) ;
#1074 = CARTESIAN_POINT ( 'NONE',  ( 17.69999999999999929, 83.12999999999999545, -4.762500000000000178 ) ) ;
#1075 = ORIENTED_EDGE ( 'NONE', *, *, #600, .F. ) ;
#1076 =( GEOMETRIC_REPRESENTATION_CONTEXT ( 3 ) GLOBAL_UNCERTAINTY_ASSIGNED_CONTEXT ( ( #894 ) ) GLOBAL_UNIT_ASSIGNED_CONTEXT ( ( #1007, #407, #1249 ) ) REPRESENTATION_CONTEXT ( 'NONE', 'WORKASPACE' ) );
#1077 = DIRECTION ( 'NONE',  ( -0.000000000000000000, 1.000000000000000000, -8.672601103247718607E-16 ) ) ;
#1078 = CARTESIAN_POINT ( 'NONE',  ( -50.11244194313885458, 128.8699999999996919, 2.664731258965538085 ) ) ;
#1079 = VECTOR ( 'NONE', #160, 1000.000000000000114 ) ;
#1080 = CIRCLE ( 'NONE', #525, 5.000000000000004441 ) ;
#1081 = CARTESIAN_POINT ( 'NONE',  ( -7.700000000000006395, -7.700000000000004619, -4.762500000000000178 ) ) ;
#1082 = PLANE ( 'NONE',  #1556 ) ;
#1083 = DIRECTION ( 'NONE',  ( 1.000000000000000000, -4.879732227651856816E-16, 0.000000000000000000 ) ) ;
#1084 = DIRECTION ( 'NONE',  ( 0.000000000000000000, 0.000000000000000000, 1.000000000000000000 ) ) ;
#1085 = CARTESIAN_POINT ( 'NONE',  ( -34.82502267294814402, 138.9300000000000068, 1.999999999999991784 ) ) ;
#1086 = FACE_OUTER_BOUND ( 'NONE', #619, .T. ) ;
#1087 = DIRECTION ( 'NONE',  ( 0.000000000000000000, 0.000000000000000000, 1.000000000000000000 ) ) ;
#1088 = EDGE_CURVE ( 'NONE', #1438, #128, #823, .T. ) ;
#1089 = CARTESIAN_POINT ( 'NONE',  ( 34.82502267294817955, 138.9300000000000068, 1.999999999999955369 ) ) ;
#1090 = ORIENTED_EDGE ( 'NONE', *, *, #1560, .T. ) ;
#1091 = EDGE_CURVE ( 'NONE', #456, #796, #1442, .T. ) ;
#1092 = AXIS2_PLACEMENT_3D ( 'NONE', #888, #62, #179 ) ;
#1093 = MANIFOLD_SOLID_BREP ( 'Mirror1', #111 ) ;
#1094 = DIRECTION ( 'NONE',  ( 0.9848077530122092416, 0.000000000000000000, -0.1736481776669236698 ) ) ;
#1095 = ORIENTED_EDGE ( 'NONE', *, *, #1435, .T. ) ;
#1096 = AXIS2_PLACEMENT_3D ( 'NONE', #1407, #802, #794 ) ;
#1097 = DIRECTION ( 'NONE',  ( 0.7124982932086689758, 0.7016738431598640302, 0.000000000000000000 ) ) ;
#1098 = DIRECTION ( 'NONE',  ( -7.639429598048256351E-17, 1.000000000000000000, -0.000000000000000000 ) ) ;
#1099 = CARTESIAN_POINT ( 'NONE',  ( 7.700000000000006395, -7.700000000000004619, 0.000000000000000000 ) ) ;
#1100 = ORIENTED_EDGE ( 'NONE', *, *, #995, .F. ) ;
#1101 = LINE ( 'NONE', #960, #1328 ) ;
#1102 = LINE ( 'NONE', #961, #675 ) ;
#1103 = ORIENTED_EDGE ( 'NONE', *, *, #1159, .T. ) ;
#1104 = PLANE ( 'NONE',  #1339 ) ;
#1105 = AXIS2_PLACEMENT_3D ( 'NONE', #257, #970, #517 ) ;
#1106 = EDGE_CURVE ( 'NONE', #1235, #564, #1053, .T. ) ;
#1107 = CARTESIAN_POINT ( 'NONE',  ( -7.341019771784218051, 10.28919670230738426, -17.62013029533326147 ) ) ;
#1108 = DIRECTION ( 'NONE',  ( 0.9848077530122092416, 0.000000000000000000, -0.1736481776669233090 ) ) ;
#1109 = ORIENTED_EDGE ( 'NONE', *, *, #136, .F. ) ;
#1110 = DIRECTION ( 'NONE',  ( -8.237529645457675324E-18, 1.000000000000000000, -4.671735211684786097E-17 ) ) ;
#1111 = ADVANCED_FACE ( 'NONE', ( #647 ), #537, .T. ) ;
#1112 = LINE ( 'NONE', #145, #1359 ) ;
#1113 = DIRECTION ( 'NONE',  ( 0.000000000000000000, -1.000000000000000000, -7.588525965342043194E-16 ) ) ;
#1114 = CIRCLE ( 'NONE', #909, 6.762499999999992184 ) ;
#1115 = CARTESIAN_POINT ( 'NONE',  ( -34.82502267294814402, 88.12999999999998124, 2.000000000000035971 ) ) ;
#1116 = DIRECTION ( 'NONE',  ( 0.1736481776669237809, 4.743804257628412666E-17, 0.9848077530122093526 ) ) ;
#1117 = FACE_OUTER_BOUND ( 'NONE', #77, .T. ) ;
#1118 = DIRECTION ( 'NONE',  ( 1.000000000000000000, 8.021842663476575998E-16, 0.000000000000000000 ) ) ;
#1119 = CARTESIAN_POINT ( 'NONE',  ( -92.70073263073084036, 112.7977669529664269, 5.338226730336921300 ) ) ;
#1120 = CARTESIAN_POINT ( 'NONE',  ( 7.341019771784245584, 10.28919670230741445, -17.62013029533327568 ) ) ;
#1121 = EDGE_CURVE ( 'NONE', #128, #493, #1388, .T. ) ;
#1122 = EDGE_CURVE ( 'NONE', #819, #1294, #1353, .T. ) ;
#1123 = LINE ( 'NONE', #645, #138 ) ;
#1124 = SURFACE_STYLE_FILL_AREA ( #520 ) ;
#1125 = CARTESIAN_POINT ( 'NONE',  ( 4.049999999999999822, 0.000000000000000000, -4.762500000000000178 ) ) ;
#1126 = VERTEX_POINT ( 'NONE', #1259 ) ;
#1127 = DIRECTION ( 'NONE',  ( 0.000000000000000000, 0.000000000000000000, -1.000000000000000000 ) ) ;
#1128 = ORIENTED_EDGE ( 'NONE', *, *, #939, .F. ) ;
#1129 = AXIS2_PLACEMENT_3D ( 'NONE', #1544, #104, #34 ) ;
#1130 = DIRECTION ( 'NONE',  ( 0.000000000000000000, 0.000000000000000000, -1.000000000000000000 ) ) ;
#1131 = EDGE_CURVE ( 'NONE', #1438, #92, #173, .T. ) ;
#1132 = AXIS2_PLACEMENT_3D ( 'NONE', #431, #786, #903 ) ;
#1133 = DIRECTION ( 'NONE',  ( 0.9848077530122092416, 5.380690168422833392E-16, -0.1736481776669236976 ) ) ;
#1134 = ORIENTED_EDGE ( 'NONE', *, *, #532, .T. ) ;
#1135 = CARTESIAN_POINT ( 'NONE',  ( 7.699999999999969980, -12.70000000000000284, -4.762500000000000178 ) ) ;
#1136 = EDGE_LOOP ( 'NONE', ( #397, #1290, #11, #306 ) ) ;
#1137 = DIRECTION ( 'NONE',  ( 0.9848077530122092416, 0.000000000000000000, 0.1736481776669236698 ) ) ;
#1138 = EDGE_CURVE ( 'NONE', #1185, #1414, #1234, .T. ) ;
#1139 = AXIS2_PLACEMENT_3D ( 'NONE', #642, #164, #990 ) ;
#1140 = EDGE_LOOP ( 'NONE', ( #327, #1502, #1011, #824 ) ) ;
#1141 = EDGE_CURVE ( 'NONE', #421, #904, #1112, .T. ) ;
#1142 = DIRECTION ( 'NONE',  ( 0.000000000000000000, -1.000000000000000000, 0.000000000000000000 ) ) ;
#1143 = CYLINDRICAL_SURFACE ( 'NONE', #241, 2.574999999999996181 ) ;
#1144 = EDGE_LOOP ( 'NONE', ( #1043, #1247, #502, #1041, #446, #1368, #1025, #1529 ) ) ;
#1145 = CARTESIAN_POINT ( 'NONE',  ( 90.95982202993079113, 114.5655339059326963, 5.031257220414493858 ) ) ;
#1146 = ORIENTED_EDGE ( 'NONE', *, *, #1471, .T. ) ;
#1147 = CARTESIAN_POINT ( 'NONE',  ( 7.700000000000006395, -7.700000000000004619, -4.762500000000000178 ) ) ;
#1148 = APPLICATION_PROTOCOL_DEFINITION ( 'draft international standard', 'automotive_design', 1998, #592 ) ;
#1149 = ORIENTED_EDGE ( 'NONE', *, *, #846, .F. ) ;
#1150 = CARTESIAN_POINT ( 'NONE',  ( -14.28749999999999964, 114.7749999999999915, 0.000000000000000000 ) ) ;
#1151 = ORIENTED_EDGE ( 'NONE', *, *, #1121, .T. ) ;
#1152 = LINE ( 'NONE', #664, #816 ) ;
#1153 = CARTESIAN_POINT ( 'NONE',  ( 77.23484472548568647, 128.8699999999996919, -7.616704252552230159 ) ) ;
#1154 = CIRCLE ( 'NONE', #1005, 2.574999999999996181 ) ;
#1155 = AXIS2_PLACEMENT_3D ( 'NONE', #1313, #811, #1550 ) ;
#1156 = ORIENTED_EDGE ( 'NONE', *, *, #272, .T. ) ;
#1157 = CYLINDRICAL_SURFACE ( 'NONE', #1296, 6.762499999999910472 ) ;
#1158 = VECTOR ( 'NONE', #159, 999.9999999999998863 ) ;
#1159 = EDGE_CURVE ( 'NONE', #569, #929, #1340, .T. ) ;
#1160 = DIRECTION ( 'NONE',  ( 0.1736481776669237809, 4.743804257628412666E-17, 0.9848077530122093526 ) ) ;
#1161 = EDGE_CURVE ( 'NONE', #883, #61, #1102, .T. ) ;
#1162 = ORIENTED_EDGE ( 'NONE', *, *, #250, .T. ) ;
#1163 = ORIENTED_EDGE ( 'NONE', *, *, #1466, .F. ) ;
#1164 = VERTEX_POINT ( 'NONE', #1447 ) ;
#1165 = CARTESIAN_POINT ( 'NONE',  ( -35.17231902828199708, 138.9300000000000068, 0.03038449397558097911 ) ) ;
#1166 = VERTEX_POINT ( 'NONE', #716 ) ;
#1167 = ADVANCED_FACE ( 'NONE', ( #139 ), #234, .F. ) ;
#1168 = CARTESIAN_POINT ( 'NONE',  ( 34.99999999999998579, 88.13000000000000966, 0.000000000000000000 ) ) ;
#1169 = AXIS2_PLACEMENT_3D ( 'NONE', #1264, #1038, #319 ) ;
#1170 = VERTEX_POINT ( 'NONE', #1460 ) ;
#1171 = CARTESIAN_POINT ( 'NONE',  ( 80.55753456111978039, 128.8699999999996919, 3.197053278577619562 ) ) ;
#1172 = PLANE ( 'NONE',  #214 ) ;
#1173 = ORIENTED_EDGE ( 'NONE', *, *, #1044, .F. ) ;
#1174 = CARTESIAN_POINT ( 'NONE',  ( -34.82502267294814402, 88.12999999999998124, 2.000000000000035971 ) ) ;
#1175 = EDGE_CURVE ( 'NONE', #92, #1294, #1232, .T. ) ;
#1176 = ORIENTED_EDGE ( 'NONE', *, *, #1490, .T. ) ;
#1177 = COLOUR_RGB ( '',0.7921568627450980005, 0.8196078431372548767, 0.9333333333333333481 ) ;
#1178 = ORIENTED_EDGE ( 'NONE', *, *, #152, .F. ) ;
#1179 = ORIENTED_EDGE ( 'NONE', *, *, #351, .F. ) ;
#1180 = CARTESIAN_POINT ( 'NONE',  ( 93.42184141246133322, 138.9299999999999784, 5.465377664581805739 ) ) ;
#1181 = ORIENTED_EDGE ( 'NONE', *, *, #814, .T. ) ;
#1182 = EDGE_CURVE ( 'NONE', #1164, #1323, #1360, .T. ) ;
#1183 = CIRCLE ( 'NONE', #384, 6.762499999999912248 ) ;
#1184 = EDGE_CURVE ( 'NONE', #1294, #834, #571, .T. ) ;
#1185 = VERTEX_POINT ( 'NONE', #723 ) ;
#1186 = DIRECTION ( 'NONE',  ( 1.040834085586130326E-14, 0.000000000000000000, -1.000000000000000000 ) ) ;
#1187 = CIRCLE ( 'NONE', #758, 2.499999999999994227 ) ;
#1188 = LINE ( 'NONE', #1316, #158 ) ;
#1189 = EDGE_CURVE ( 'NONE', #113, #1526, #90, .T. ) ;
#1190 = VECTOR ( 'NONE', #115, 1000.000000000000114 ) ;
#1191 = LINE ( 'NONE', #630, #258 ) ;
#1192 = ORIENTED_EDGE ( 'NONE', *, *, #1182, .F. ) ;
#1193 = ORIENTED_EDGE ( 'NONE', *, *, #250, .F. ) ;
#1194 = CARTESIAN_POINT ( 'NONE',  ( -67.38792266688160737, 88.12999999999999545, 0.8748953761644213678 ) ) ;
#1195 = ORIENTED_EDGE ( 'NONE', *, *, #1106, .T. ) ;
#1196 = DIRECTION ( 'NONE',  ( -0.1736481776669237254, -2.371902128814209106E-17, 0.9848077530122092416 ) ) ;
#1197 = VECTOR ( 'NONE', #1077, 1000.000000000000000 ) ;
#1198 = CARTESIAN_POINT ( 'NONE',  ( -7.699999999999970868, -12.70000000000000284, 0.000000000000000000 ) ) ;
#1199 = DIRECTION ( 'NONE',  ( 0.1736481776669237809, 4.743804257628412666E-17, 0.9848077530122093526 ) ) ;
#1200 = PLANE ( 'NONE',  #91 ) ;
#1201 = ORIENTED_EDGE ( 'NONE', *, *, #1175, .T. ) ;
#1202 = VERTEX_POINT ( 'NONE', #618 ) ;
#1203 = DIRECTION ( 'NONE',  ( -0.1736481776669237254, -6.938893903907225912E-17, 0.9848077530122092416 ) ) ;
#1204 = AXIS2_PLACEMENT_3D ( 'NONE', #842, #940, #1319 ) ;
#1205 = AXIS2_PLACEMENT_3D ( 'NONE', #570, #354, #822 ) ;
#1206 = CARTESIAN_POINT ( 'NONE',  ( 34.82502267294817955, 138.9300000000000068, 1.999999999999955369 ) ) ;
#1207 = ORIENTED_EDGE ( 'NONE', *, *, #577, .F. ) ;
#1208 = DIRECTION ( 'NONE',  ( 0.000000000000000000, 0.000000000000000000, 1.000000000000000000 ) ) ;
#1209 = EDGE_CURVE ( 'NONE', #929, #666, #1008, .T. ) ;
#1210 = EDGE_CURVE ( 'NONE', #908, #405, #676, .T. ) ;
#1211 = DIRECTION ( 'NONE',  ( -0.000000000000000000, 1.000000000000000000, 7.588525965342043194E-16 ) ) ;
#1212 = CARTESIAN_POINT ( 'NONE',  ( 91.86930436046129955, 114.5655339059326963, -0.1266733859869341450 ) ) ;
#1213 = LINE ( 'NONE', #131, #1564 ) ;
#1214 = EDGE_LOOP ( 'NONE', ( #1448, #930 ) ) ;
#1215 = DIRECTION ( 'NONE',  ( 1.000000000000000000, 0.000000000000000000, 0.000000000000000000 ) ) ;
#1216 = DIRECTION ( 'NONE',  ( 0.1736481776669237809, 4.743804257628412666E-17, 0.9848077530122093526 ) ) ;
#1217 = EDGE_LOOP ( 'NONE', ( #608, #1535, #1320, #346 ) ) ;
#1218 = CIRCLE ( 'NONE', #538, 2.574999999999996181 ) ;
#1219 = PLANE ( 'NONE',  #955 ) ;
#1220 = PRODUCT_RELATED_PRODUCT_CATEGORY ( 'part', '', ( #800 ) ) ;
#1221 = PLANE ( 'NONE',  #776 ) ;
#1222 = EDGE_CURVE ( 'NONE', #1332, #692, #1411, .T. ) ;
#1223 = DIRECTION ( 'NONE',  ( 0.1736481776669236976, -1.189554516704284187E-16, -0.9848077530122092416 ) ) ;
#1224 = ORIENTED_EDGE ( 'NONE', *, *, #438, .T. ) ;
#1225 = AXIS2_PLACEMENT_3D ( 'NONE', #126, #728, #78 ) ;
#1226 = CARTESIAN_POINT ( 'NONE',  ( -90.95982202993080534, 138.9299999999999784, 5.031257220414494746 ) ) ;
#1227 = FACE_OUTER_BOUND ( 'NONE', #157, .T. ) ;
#1228 = FACE_OUTER_BOUND ( 'NONE', #1356, .T. ) ;
#1229 = EDGE_CURVE ( 'NONE', #135, #61, #1213, .T. ) ;
#1230 = VERTEX_POINT ( 'NONE', #10 ) ;
#1231 = DIRECTION ( 'NONE',  ( -7.639429598048256351E-17, -1.000000000000000000, 0.000000000000000000 ) ) ;
#1232 = LINE ( 'NONE', #1194, #192 ) ;
#1233 = AXIS2_PLACEMENT_3D ( 'NONE', #1212, #130, #616 ) ;
#1234 = LINE ( 'NONE', #30, #1362 ) ;
#1235 = VERTEX_POINT ( 'NONE', #492 ) ;
#1236 = EDGE_CURVE ( 'NONE', #186, #405, #259, .T. ) ;
#1237 = DIRECTION ( 'NONE',  ( -1.000000000000000000, 7.216629220909565327E-16, 0.000000000000000000 ) ) ;
#1238 = EDGE_CURVE ( 'NONE', #456, #1170, #377, .T. ) ;
#1239 = FACE_OUTER_BOUND ( 'NONE', #1347, .T. ) ;
#1240 = LINE ( 'NONE', #865, #784 ) ;
#1241 = DIRECTION ( 'NONE',  ( 0.1736481776669235588, -1.208353803292892288E-16, -0.9848077530122093526 ) ) ;
#1242 = CARTESIAN_POINT ( 'NONE',  ( -90.13282258379207690, 136.4299999999999784, 9.721404144135144421 ) ) ;
#1243 = ORIENTED_EDGE ( 'NONE', *, *, #1300, .T. ) ;
#1244 = CARTESIAN_POINT ( 'NONE',  ( -17.69999999999999929, 83.12999999999999545, 0.000000000000000000 ) ) ;
#1245 = DIRECTION ( 'NONE',  ( 0.1736481776669237254, -2.371902128814209106E-17, 0.9848077530122093526 ) ) ;
#1246 = CARTESIAN_POINT ( 'NONE',  ( -34.82502267294813691, 88.12999999999999545, 4.423544863740858091E-14 ) ) ;
#1247 = ORIENTED_EDGE ( 'NONE', *, *, #680, .T. ) ;
#1248 = LINE ( 'NONE', #495, #1423 ) ;
#1249 =( NAMED_UNIT ( * ) SI_UNIT ( $, .STERADIAN. ) SOLID_ANGLE_UNIT ( ) );
#1250 = PLANE ( 'NONE',  #1139 ) ;
#1251 = EDGE_LOOP ( 'NONE', ( #887, #435 ) ) ;
#1252 = VERTEX_POINT ( 'NONE', #1012 ) ;
#1253 = CARTESIAN_POINT ( 'NONE',  ( -75.48577463310689950, 128.8699999999996919, 2.302765163592970676 ) ) ;
#1254 = CARTESIAN_POINT ( 'NONE',  ( 79.73053511498105195, 128.8699999999996919, 7.887200202298267016 ) ) ;
#1255 = LINE ( 'NONE', #176, #602 ) ;
#1256 = ORIENTED_EDGE ( 'NONE', *, *, #1433, .F. ) ;
#1257 = DIRECTION ( 'NONE',  ( -1.000000000000000000, -0.000000000000000000, -0.000000000000000000 ) ) ;
#1258 = ADVANCED_FACE ( 'NONE', ( #299 ), #286, .T. ) ;
#1259 = CARTESIAN_POINT ( 'NONE',  ( 7.699999999999969980, -12.70000000000000284, 0.000000000000000000 ) ) ;
#1260 = EDGE_CURVE ( 'NONE', #796, #627, #976, .T. ) ;
#1261 = FACE_BOUND ( 'NONE', #411, .T. ) ;
#1262 = CARTESIAN_POINT ( 'NONE',  ( 93.42184141246129059, 88.12999999999996703, 5.465377664581805739 ) ) ;
#1263 = EDGE_LOOP ( 'NONE', ( #830, #1051, #255, #95 ) ) ;
#1264 = CARTESIAN_POINT ( 'NONE',  ( -90.95982202993077692, 114.5655339059327673, 5.031257220414493858 ) ) ;
#1265 = VECTOR ( 'NONE', #1369, 1000.000000000000000 ) ;
#1266 = CIRCLE ( 'NONE', #583, 1.999999999999911182 ) ;
#1267 = DIRECTION ( 'NONE',  ( 0.9848077530122092416, 0.000000000000000000, 0.1736481776669236976 ) ) ;
#1268 = CYLINDRICAL_SURFACE ( 'NONE', #1132, 2.574999999999996181 ) ;
#1269 = CARTESIAN_POINT ( 'NONE',  ( 34.82502267294820086, 138.9300000000000068, 4.380176776841437913E-14 ) ) ;
#1270 = AXIS2_PLACEMENT_3D ( 'NONE', #329, #1287, #83 ) ;
#1271 = ORIENTED_EDGE ( 'NONE', *, *, #576, .T. ) ;
#1272 = CARTESIAN_POINT ( 'NONE',  ( 67.38792266688165000, 88.12999999999998124, 0.8748953761644187033 ) ) ;
#1273 = EDGE_CURVE ( 'NONE', #904, #1549, #308, .T. ) ;
#1274 = EDGE_LOOP ( 'NONE', ( #429, #1017, #705, #297 ) ) ;
#1275 = ADVANCED_FACE ( 'NONE', ( #1034, #1383, #1239 ), #1516, .T. ) ;
#1276 = ORIENTED_EDGE ( 'NONE', *, *, #1444, .T. ) ;
#1277 = DIRECTION ( 'NONE',  ( 0.9848077530122091305, 0.000000000000000000, -0.1736481776669241417 ) ) ;
#1278 = EDGE_LOOP ( 'NONE', ( #980, #973, #696, #1195 ) ) ;
#1279 = DIRECTION ( 'NONE',  ( 0.000000000000000000, 0.000000000000000000, 1.000000000000000000 ) ) ;
#1280 = VECTOR ( 'NONE', #27, 1000.000000000000000 ) ;
#1281 = VECTOR ( 'NONE', #535, 1000.000000000000114 ) ;
#1282 = ORIENTED_EDGE ( 'NONE', *, *, #252, .F. ) ;
#1283 = DIRECTION ( 'NONE',  ( 0.1736481776669237531, 4.743804257628413283E-17, 0.9848077530122092416 ) ) ;
#1284 = ADVANCED_FACE ( 'NONE', ( #754 ), #1143, .F. ) ;
#1285 = ORIENTED_EDGE ( 'NONE', *, *, #695, .T. ) ;
#1286 = CYLINDRICAL_SURFACE ( 'NONE', #1410, 14.28750000000000320 ) ;
#1287 = DIRECTION ( 'NONE',  ( 0.1736481776669237809, 4.743804257628412666E-17, 0.9848077530122093526 ) ) ;
#1288 = ORIENTED_EDGE ( 'NONE', *, *, #316, .F. ) ;
#1289 = CARTESIAN_POINT ( 'NONE',  ( -68.29740499741211579, 90.62999999999999545, -4.283035230237052460 ) ) ;
#1290 = ORIENTED_EDGE ( 'NONE', *, *, #685, .F. ) ;
#1291 = DIRECTION ( 'NONE',  ( 0.1736481776669236976, -1.189554516704284187E-16, -0.9848077530122092416 ) ) ;
#1292 = DIRECTION ( 'NONE',  ( 0.000000000000000000, -0.000000000000000000, -1.000000000000000000 ) ) ;
#1293 = VECTOR ( 'NONE', #1257, 1000.000000000000000 ) ;
#1294 = VERTEX_POINT ( 'NONE', #881 ) ;
#1295 = FACE_OUTER_BOUND ( 'NONE', #713, .T. ) ;
#1296 = AXIS2_PLACEMENT_3D ( 'NONE', #563, #931, #72 ) ;
#1297 = ORIENTED_EDGE ( 'NONE', *, *, #183, .T. ) ;
#1298 = CARTESIAN_POINT ( 'NONE',  ( -35.99931847442071842, 88.12999999999999545, -4.659762429745065937 ) ) ;
#1299 = ORIENTED_EDGE ( 'NONE', *, *, #1419, .T. ) ;
#1300 = EDGE_CURVE ( 'NONE', #1230, #991, #194, .T. ) ;
#1301 = EDGE_CURVE ( 'NONE', #834, #937, #1501, .T. ) ;
#1302 = ORIENTED_EDGE ( 'NONE', *, *, #1238, .T. ) ;
#1303 = VECTOR ( 'NONE', #1098, 1000.000000000000000 ) ;
#1304 = ORIENTED_EDGE ( 'NONE', *, *, #1088, .T. ) ;
#1305 = DIRECTION ( 'NONE',  ( 0.9848077530122092416, 0.000000000000000000, 0.1736481776669236698 ) ) ;
#1306 = ORIENTED_EDGE ( 'NONE', *, *, #600, .T. ) ;
#1307 = FACE_OUTER_BOUND ( 'NONE', #959, .T. ) ;
#1308 = CARTESIAN_POINT ( 'NONE',  ( 12.70000000000000639, -7.699999999999968203, 0.000000000000000000 ) ) ;
#1309 = FACE_OUTER_BOUND ( 'NONE', #423, .T. ) ;
#1310 = EDGE_LOOP ( 'NONE', ( #1372, #497, #439, #878 ) ) ;
#1311 = VECTOR ( 'NONE', #387, 1000.000000000000000 ) ;
#1312 = ORIENTED_EDGE ( 'NONE', *, *, #635, .F. ) ;
#1313 = CARTESIAN_POINT ( 'NONE',  ( -90.95982202993077692, 114.5655339059327673, 5.031257220414499187 ) ) ;
#1314 =( GEOMETRIC_REPRESENTATION_CONTEXT ( 3 ) GLOBAL_UNCERTAINTY_ASSIGNED_CONTEXT ( ( #770 ) ) GLOBAL_UNIT_ASSIGNED_CONTEXT ( ( #197, #188, #1380 ) ) REPRESENTATION_CONTEXT ( 'NONE', 'WORKASPACE' ) );
#1315 = VERTEX_POINT ( 'NONE', #895 ) ;
#1316 = CARTESIAN_POINT ( 'NONE',  ( -93.61021496126136299, 112.7977669529664269, 0.1802961239354798628 ) ) ;
#1317 = FACE_OUTER_BOUND ( 'NONE', #957, .T. ) ;
#1318 = AXIS2_PLACEMENT_3D ( 'NONE', #343, #1432, #348 ) ;
#1319 = DIRECTION ( 'NONE',  ( 0.9848077530122091305, 0.000000000000000000, -0.1736481776669241417 ) ) ;
#1320 = ORIENTED_EDGE ( 'NONE', *, *, #1030, .T. ) ;
#1321 = ADVANCED_FACE ( 'NONE', ( #1002 ), #1268, .F. ) ;
#1322 = CARTESIAN_POINT ( 'NONE',  ( -82.30660465349855315, 128.8699999999996919, -6.722416137567569727 ) ) ;
#1323 = VERTEX_POINT ( 'NONE', #669 ) ;
#1324 = DIRECTION ( 'NONE',  ( 0.9848077530122092416, 0.000000000000000000, 0.1736481776669233090 ) ) ;
#1325 = FACE_BOUND ( 'NONE', #932, .T. ) ;
#1326 = DIRECTION ( 'NONE',  ( -5.463695987328529395E-16, 1.000000000000000000, -0.000000000000000000 ) ) ;
#1327 = EDGE_LOOP ( 'NONE', ( #587, #1151, #1031, #1498, #18, #565, #175, #717, #1156, #917, #217, #1543 ) ) ;
#1328 = VECTOR ( 'NONE', #625, 1000.000000000000114 ) ;
#1329 = CYLINDRICAL_SURFACE ( 'NONE', #76, 1.999999999999910960 ) ;
#1330 = CARTESIAN_POINT ( 'NONE',  ( -34.82502267294814402, 88.12999999999999545, 2.000000000000035971 ) ) ;
#1331 = EDGE_CURVE ( 'NONE', #922, #482, #171, .T. ) ;
#1332 = VERTEX_POINT ( 'NONE', #1254 ) ;
#1333 = CARTESIAN_POINT ( 'NONE',  ( 93.42184141246131901, 114.5655339059326963, 5.465377664581806627 ) ) ;
#1334 = CYLINDRICAL_SURFACE ( 'NONE', #463, 6.762499999999993072 ) ;
#1335 = DIRECTION ( 'NONE',  ( 0.9848077530122092416, 0.000000000000000000, -0.1736481776669236698 ) ) ;
#1336 = DIRECTION ( 'NONE',  ( -7.639429598048256351E-17, -1.000000000000000000, 0.000000000000000000 ) ) ;
#1337 = ORIENTED_EDGE ( 'NONE', *, *, #350, .F. ) ;
#1338 = FACE_BOUND ( 'NONE', #1341, .T. ) ;
#1339 = AXIS2_PLACEMENT_3D ( 'NONE', #1120, #1462, #1449 ) ;
#1340 = LINE ( 'NONE', #626, #371 ) ;
#1341 = EDGE_LOOP ( 'NONE', ( #891, #1047 ) ) ;
#1342 = CARTESIAN_POINT ( 'NONE',  ( 90.13282258379210532, 138.9299999999999784, 9.721404144135144421 ) ) ;
#1343 = AXIS2_PLACEMENT_3D ( 'NONE', #1242, #1216, #637 ) ;
#1344 = CARTESIAN_POINT ( 'NONE',  ( 78.02165459711333995, 128.8699999999996919, 2.749909221085290678 ) ) ;
#1345 = LINE ( 'NONE', #156, #1417 ) ;
#1346 = VERTEX_POINT ( 'NONE', #169 ) ;
#1347 = EDGE_LOOP ( 'NONE', ( #941, #1392, #1409, #962, #1033, #745, #703, #120 ) ) ;
#1348 = DIRECTION ( 'NONE',  ( -0.000000000000000000, 1.000000000000000000, -8.672601103247718607E-16 ) ) ;
#1349 = VERTEX_POINT ( 'NONE', #54 ) ;
#1350 = CARTESIAN_POINT ( 'NONE',  ( 34.82502267294825060, 138.9300000000000068, -4.762499999999955769 ) ) ;
#1351 = CIRCLE ( 'NONE', #1096, 14.28750000000000320 ) ;
#1352 = DIRECTION ( 'NONE',  ( -0.000000000000000000, -0.000000000000000000, -1.000000000000000000 ) ) ;
#1353 = LINE ( 'NONE', #412, #849 ) ;
#1354 = ADVANCED_FACE ( 'NONE', ( #534 ), #1019, .F. ) ;
#1355 = LINE ( 'NONE', #1125, #313 ) ;
#1356 = EDGE_LOOP ( 'NONE', ( #16, #969, #1552, #248 ) ) ;
#1357 = ADVANCED_FACE ( 'NONE', ( #473 ), #1065, .T. ) ;
#1358 = DIRECTION ( 'NONE',  ( 0.9848077530122092416, -4.745894792379310610E-16, 0.1736481776669236976 ) ) ;
#1359 = VECTOR ( 'NONE', #268, 1000.000000000000000 ) ;
#1360 = LINE ( 'NONE', #596, #1280 ) ;
#1361 = CARTESIAN_POINT ( 'NONE',  ( -52.64832190714528792, 128.8699999999996919, 3.111875316457866969 ) ) ;
#1362 = VECTOR ( 'NONE', #1241, 999.9999999999998863 ) ;
#1363 = VECTOR ( 'NONE', #1186, 1000.000000000000000 ) ;
#1364 = CARTESIAN_POINT ( 'NONE',  ( -35.17231902828200418, 138.9300000000000068, 0.03038449397558228016 ) ) ;
#1365 = PLANE ( 'NONE',  #509 ) ;
#1366 = FACE_OUTER_BOUND ( 'NONE', #1327, .T. ) ;
#1367 = CARTESIAN_POINT ( 'NONE',  ( 12.69999999999999751, 83.12999999999999545, -4.762500000000000178 ) ) ;
#1368 = ORIENTED_EDGE ( 'NONE', *, *, #1466, .T. ) ;
#1369 = DIRECTION ( 'NONE',  ( 1.000000000000000000, 0.000000000000000000, 0.000000000000000000 ) ) ;
#1370 = ORIENTED_EDGE ( 'NONE', *, *, #152, .T. ) ;
#1371 = CARTESIAN_POINT ( 'NONE',  ( -77.19465515097462571, 128.8699999999996919, 7.440056144805945237 ) ) ;
#1372 = ORIENTED_EDGE ( 'NONE', *, *, #365, .T. ) ;
#1373 = AXIS2_PLACEMENT_3D ( 'NONE', #13, #977, #860 ) ;
#1374 = ADVANCED_FACE ( 'NONE', ( #455 ), #948, .T. ) ;
#1375 = DIRECTION ( 'NONE',  ( -0.1736481776669236976, 1.189554516704284187E-16, 0.9848077530122092416 ) ) ;
#1376 = CARTESIAN_POINT ( 'NONE',  ( -77.19465515097462571, 128.8699999999996919, 7.440056144805945237 ) ) ;
#1377 = ADVANCED_FACE ( 'NONE', ( #1309 ), #1400, .T. ) ;
#1378 = ORIENTED_EDGE ( 'NONE', *, *, #37, .F. ) ;
#1379 = CARTESIAN_POINT ( 'NONE',  ( 35.82699944613870713, 88.13000000000000966, -4.690146923720647010 ) ) ;
#1380 =( NAMED_UNIT ( * ) SI_UNIT ( $, .STERADIAN. ) SOLID_ANGLE_UNIT ( ) );
#1381 = ORIENTED_EDGE ( 'NONE', *, *, #1273, .T. ) ;
#1382 = CARTESIAN_POINT ( 'NONE',  ( -70.03831559821217922, 88.86223304703364079, -3.976065720314629903 ) ) ;
#1383 = FACE_BOUND ( 'NONE', #821, .T. ) ;
#1384 = CARTESIAN_POINT ( 'NONE',  ( 17.69999999999999929, 88.12999999999999545, -4.762500000000000178 ) ) ;
#1385 = ORIENTED_EDGE ( 'NONE', *, *, #531, .F. ) ;
#1386 = AXIS2_PLACEMENT_3D ( 'NONE', #621, #1087, #472 ) ;
#1387 = LINE ( 'NONE', #1168, #8 ) ;
#1388 = LINE ( 'NONE', #875, #470 ) ;
#1389 = DIRECTION ( 'NONE',  ( -1.000000000000000000, 0.000000000000000000, 0.000000000000000000 ) ) ;
#1390 = DIRECTION ( 'NONE',  ( -7.639429598048256351E-17, -1.000000000000000000, 0.000000000000000000 ) ) ;
#1391 = DIRECTION ( 'NONE',  ( 0.000000000000000000, 0.000000000000000000, 1.000000000000000000 ) ) ;
#1392 = ORIENTED_EDGE ( 'NONE', *, *, #363, .T. ) ;
#1393 = CIRCLE ( 'NONE', #434, 2.574999999999996181 ) ;
#1394 = DIRECTION ( 'NONE',  ( 0.1736481776669235311, -1.324728942485246255E-16, -0.9848077530122093526 ) ) ;
#1395 = EDGE_CURVE ( 'NONE', #274, #105, #231, .T. ) ;
#1396 = VECTOR ( 'NONE', #437, 1000.000000000000114 ) ;
#1397 = AXIS2_PLACEMENT_3D ( 'NONE', #1399, #541, #430 ) ;
#1398 = ORIENTED_EDGE ( 'NONE', *, *, #1395, .T. ) ;
#1399 = CARTESIAN_POINT ( 'NONE',  ( -34.99999999999999289, 138.9300000000000068, -4.762500000000000178 ) ) ;
#1400 = CYLINDRICAL_SURFACE ( 'NONE', #1538, 2.499999999999994227 ) ;
#1401 = CIRCLE ( 'NONE', #1318, 2.499999999999994227 ) ;
#1402 = ORIENTED_EDGE ( 'NONE', *, *, #1182, .T. ) ;
#1403 = LINE ( 'NONE', #1496, #1293 ) ;
#1404 = DIRECTION ( 'NONE',  ( 0.000000000000000000, 0.000000000000000000, 1.000000000000000000 ) ) ;
#1405 = EDGE_CURVE ( 'NONE', #1485, #1415, #523, .T. ) ;
#1406 = EDGE_CURVE ( 'NONE', #274, #1533, #613, .T. ) ;
#1407 = CARTESIAN_POINT ( 'NONE',  ( 3.139382069614242449E-15, 114.7749999999999915, -4.762500000000000178 ) ) ;
#1408 = ORIENTED_EDGE ( 'NONE', *, *, #1331, .F. ) ;
#1409 = ORIENTED_EDGE ( 'NONE', *, *, #595, .T. ) ;
#1410 = AXIS2_PLACEMENT_3D ( 'NONE', #212, #199, #684 ) ;
#1411 = CIRCLE ( 'NONE', #777, 2.574999999999996181 ) ;
#1412 = AXIS2_PLACEMENT_3D ( 'NONE', #897, #1391, #309 ) ;
#1413 = DIRECTION ( 'NONE',  ( -0.000000000000000000, 1.000000000000000000, -8.672601103247718607E-16 ) ) ;
#1414 = VERTEX_POINT ( 'NONE', #352 ) ;
#1415 = VERTEX_POINT ( 'NONE', #720 ) ;
#1416 = ORIENTED_EDGE ( 'NONE', *, *, #85, .T. ) ;
#1417 = VECTOR ( 'NONE', #766, 1000.000000000000000 ) ;
#1418 = CARTESIAN_POINT ( 'NONE',  ( 92.59484196632261899, 136.4299999999999784, 10.15552458830245186 ) ) ;
#1419 = EDGE_CURVE ( 'NONE', #922, #731, #488, .T. ) ;
#1420 = EDGE_LOOP ( 'NONE', ( #224, #597, #1276, #855 ) ) ;
#1421 = ADVANCED_FACE ( 'NONE', ( #481 ), #1200, .F. ) ;
#1422 = DIRECTION ( 'NONE',  ( 1.000000000000000000, 0.000000000000000000, 0.000000000000000000 ) ) ;
#1423 = VECTOR ( 'NONE', #636, 1000.000000000000000 ) ;
#1424 = AXIS2_PLACEMENT_3D ( 'NONE', #478, #690, #198 ) ;
#1425 = VERTEX_POINT ( 'NONE', #1525 ) ;
#1426 = DIRECTION ( 'NONE',  ( -0.000000000000000000, -0.000000000000000000, -1.000000000000000000 ) ) ;
#1427 = ORIENTED_EDGE ( 'NONE', *, *, #1071, .F. ) ;
#1428 = DIRECTION ( 'NONE',  ( 0.000000000000000000, -1.000000000000000000, 0.000000000000000000 ) ) ;
#1429 = ORIENTED_EDGE ( 'NONE', *, *, #648, .T. ) ;
#1430 = AXIS2_PLACEMENT_3D ( 'NONE', #1371, #1116, #1487 ) ;
#1431 = EDGE_LOOP ( 'NONE', ( #999, #244, #432, #1067 ) ) ;
#1432 = DIRECTION ( 'NONE',  ( -0.1736481776669237809, -4.743804257628412666E-17, -0.9848077530122093526 ) ) ;
#1433 = EDGE_CURVE ( 'NONE', #569, #453, #1266, .T. ) ;
#1434 = CARTESIAN_POINT ( 'NONE',  ( 12.69999999999999929, 83.12999999999999545, 0.000000000000000000 ) ) ;
#1435 = EDGE_CURVE ( 'NONE', #193, #1332, #98, .T. ) ;
#1436 = DIRECTION ( 'NONE',  ( 1.000000000000000000, 8.021842663476577970E-16, 0.000000000000000000 ) ) ;
#1437 = ORIENTED_EDGE ( 'NONE', *, *, #1122, .F. ) ;
#1438 = VERTEX_POINT ( 'NONE', #464 ) ;
#1439 = LINE ( 'NONE', #818, #1363 ) ;
#1440 = DIRECTION ( 'NONE',  ( 0.1736481776669237809, 4.743804257628412666E-17, 0.9848077530122093526 ) ) ;
#1441 = CIRCLE ( 'NONE', #1373, 2.499999999999994227 ) ;
#1442 = LINE ( 'NONE', #841, #873 ) ;
#1443 = EDGE_LOOP ( 'NONE', ( #1060, #1489, #781, #63 ) ) ;
#1444 = EDGE_CURVE ( 'NONE', #1346, #569, #1040, .T. ) ;
#1445 = ORIENTED_EDGE ( 'NONE', *, *, #773, .F. ) ;
#1446 = FACE_OUTER_BOUND ( 'NONE', #360, .T. ) ;
#1447 = CARTESIAN_POINT ( 'NONE',  ( -34.82502267294812270, 88.12999999999999545, -4.762499999999955769 ) ) ;
#1448 = ORIENTED_EDGE ( 'NONE', *, *, #827, .T. ) ;
#1449 = DIRECTION ( 'NONE',  ( -0.7124982932086689758, 0.7016738431598640302, 0.000000000000000000 ) ) ;
#1450 = DIRECTION ( 'NONE',  ( 0.1736481776669237254, -2.371902128814209106E-17, 0.9848077530122093526 ) ) ;
#1451 = VECTOR ( 'NONE', #1203, 1000.000000000000000 ) ;
#1452 = FACE_BOUND ( 'NONE', #1251, .T. ) ;
#1453 = DIRECTION ( 'NONE',  ( 7.216629220909565327E-16, 1.000000000000000000, 6.824017022221882206E-18 ) ) ;
#1454 = AXIS2_PLACEMENT_3D ( 'NONE', #510, #1440, #1094 ) ;
#1455 = DIRECTION ( 'NONE',  ( 0.000000000000000000, 0.000000000000000000, 1.000000000000000000 ) ) ;
#1456 = CARTESIAN_POINT ( 'NONE',  ( -9.077501548453454916, 10.28919670230738426, -7.772052765211169501 ) ) ;
#1457 = ORIENTED_EDGE ( 'NONE', *, *, #736, .F. ) ;
#1458 = CYLINDRICAL_SURFACE ( 'NONE', #862, 2.499999999999994227 ) ;
#1459 = AXIS2_PLACEMENT_3D ( 'NONE', #974, #132, #28 ) ;
#1460 = CARTESIAN_POINT ( 'NONE',  ( 93.42184141246131901, 114.5655339059326963, 5.465377664581805739 ) ) ;
#1461 = EDGE_LOOP ( 'NONE', ( #585, #1022, #1545, #1381 ) ) ;
#1462 = DIRECTION ( 'NONE',  ( 0.6963642403200200892, 0.7071067811865473507, -0.1227878039689681289 ) ) ;
#1463 = EDGE_CURVE ( 'NONE', #1518, #908, #1191, .T. ) ;
#1464 = CIRCLE ( 'NONE', #101, 5.000000000000000000 ) ;
#1465 = ORIENTED_EDGE ( 'NONE', *, *, #567, .F. ) ;
#1466 = EDGE_CURVE ( 'NONE', #261, #1062, #337, .T. ) ;
#1467 = CARTESIAN_POINT ( 'NONE',  ( 12.70000000000000639, -7.699999999999968203, -4.762500000000000178 ) ) ;
#1468 = CARTESIAN_POINT ( 'NONE',  ( -1.882378582385245913, -5.142372153605715156E-16, -10.67549943191962392 ) ) ;
#1469 = DIRECTION ( 'NONE',  ( 0.000000000000000000, 0.000000000000000000, 1.000000000000000000 ) ) ;
#1470 = ORIENTED_EDGE ( 'NONE', *, *, #398, .T. ) ;
#1471 = EDGE_CURVE ( 'NONE', #1062, #105, #1476, .T. ) ;
#1472 = AXIS2_PLACEMENT_3D ( 'NONE', #1063, #1208, #356 ) ;
#1473 = FACE_OUTER_BOUND ( 'NONE', #1420, .T. ) ;
#1474 = DIRECTION ( 'NONE',  ( 0.000000000000000000, 8.672601103247718607E-16, 1.000000000000000000 ) ) ;
#1475 = LINE ( 'NONE', #1246, #838 ) ;
#1476 = LINE ( 'NONE', #291, #1522 ) ;
#1477 = ORIENTED_EDGE ( 'NONE', *, *, #586, .F. ) ;
#1478 = LINE ( 'NONE', #167, #218 ) ;
#1479 = CARTESIAN_POINT ( 'NONE',  ( 12.69999999999999751, 83.12999999999999545, -4.762500000000000178 ) ) ;
#1480 = AXIS2_PLACEMENT_3D ( 'NONE', #946, #142, #1108 ) ;
#1481 = DIRECTION ( 'NONE',  ( 0.9848077530122092416, 0.000000000000000000, -0.1736481776669236698 ) ) ;
#1482 = LINE ( 'NONE', #1456, #223 ) ;
#1483 = AXIS2_PLACEMENT_3D ( 'NONE', #1206, #607, #854 ) ;
#1484 = CIRCLE ( 'NONE', #122, 2.499999999999994227 ) ;
#1485 = VERTEX_POINT ( 'NONE', #504 ) ;
#1486 = LINE ( 'NONE', #289, #133 ) ;
#1487 = DIRECTION ( 'NONE',  ( 0.9848077530122092416, 0.000000000000000000, -0.1736481776669236698 ) ) ;
#1488 = CARTESIAN_POINT ( 'NONE',  ( -34.99999999999999289, 138.9300000000000068, 8.673617379884035472E-16 ) ) ;
#1489 = ORIENTED_EDGE ( 'NONE', *, *, #694, .F. ) ;
#1490 = EDGE_CURVE ( 'NONE', #1425, #1252, #1345, .T. ) ;
#1491 = FACE_OUTER_BOUND ( 'NONE', #1443, .T. ) ;
#1492 = DIRECTION ( 'NONE',  ( 1.000000000000000000, 0.000000000000000000, 0.000000000000000000 ) ) ;
#1493 = ORIENTED_EDGE ( 'NONE', *, *, #632, .F. ) ;
#1494 = DIRECTION ( 'NONE',  ( 0.000000000000000000, -1.000000000000000000, -7.588525965342043194E-16 ) ) ;
#1495 = VERTEX_POINT ( 'NONE', #966 ) ;
#1496 = CARTESIAN_POINT ( 'NONE',  ( -34.99999999999999289, 138.9300000000000068, -4.762500000000000178 ) ) ;
#1497 = DIRECTION ( 'NONE',  ( 1.000000000000000000, 0.000000000000000000, 0.000000000000000000 ) ) ;
#1498 = ORIENTED_EDGE ( 'NONE', *, *, #1463, .T. ) ;
#1499 = LINE ( 'NONE', #415, #1551 ) ;
#1500 = VECTOR ( 'NONE', #561, 1000.000000000000000 ) ;
#1501 = LINE ( 'NONE', #426, #1079 ) ;
#1502 = ORIENTED_EDGE ( 'NONE', *, *, #1236, .F. ) ;
#1503 = VERTEX_POINT ( 'NONE', #148 ) ;
#1504 = LINE ( 'NONE', #1379, #1500 ) ;
#1505 = DIRECTION ( 'NONE',  ( -0.9848077530122092416, -0.000000000000000000, 0.1736481776669237531 ) ) ;
#1506 = ADVANCED_FACE ( 'NONE', ( #1117 ), #1250, .F. ) ;
#1507 = AXIS2_PLACEMENT_3D ( 'NONE', #1289, #87, #1052 ) ;
#1508 = VERTEX_POINT ( 'NONE', #649 ) ;
#1509 = FACE_OUTER_BOUND ( 'NONE', #219, .T. ) ;
#1510 = ADVANCED_FACE ( 'NONE', ( #382 ), #1365, .F. ) ;
#1511 = ORIENTED_EDGE ( 'NONE', *, *, #275, .T. ) ;
#1512 = AXIS2_PLACEMENT_3D ( 'NONE', #1468, #954, #390 ) ;
#1513 = DIRECTION ( 'NONE',  ( 1.000000000000000000, 0.000000000000000000, 0.000000000000000000 ) ) ;
#1514 = CARTESIAN_POINT ( 'NONE',  ( 90.95982202993081955, 138.9299999999999784, 5.031257220414498299 ) ) ;
#1515 = ORIENTED_EDGE ( 'NONE', *, *, #1209, .F. ) ;
#1516 = PLANE ( 'NONE',  #876 ) ;
#1517 = CARTESIAN_POINT ( 'NONE',  ( 9.077501548453481561, 10.28919670230741445, -7.772052765211182823 ) ) ;
#1518 = VERTEX_POINT ( 'NONE', #254 ) ;
#1519 = EDGE_CURVE ( 'NONE', #1126, #1070, #1464, .T. ) ;
#1520 = LINE ( 'NONE', #799, #229 ) ;
#1521 = ADVANCED_FACE ( 'NONE', ( #1228 ), #867, .F. ) ;
#1522 = VECTOR ( 'NONE', #23, 1000.000000000000000 ) ;
#1523 = ORIENTED_EDGE ( 'NONE', *, *, #19, .T. ) ;
#1524 = DIRECTION ( 'NONE',  ( 1.000000000000000000, 4.756169282969990770E-16, 0.000000000000000000 ) ) ;
#1525 = CARTESIAN_POINT ( 'NONE',  ( 53.47532135328400216, 128.8699999999996919, -1.578271607262786036 ) ) ;
#1526 = VERTEX_POINT ( 'NONE', #283 ) ;
#1527 = CARTESIAN_POINT ( 'NONE',  ( 66.56092322074293577, 88.12999999999998124, 5.565042299885067045 ) ) ;
#1528 = AXIS2_PLACEMENT_3D ( 'NONE', #336, #1057, #831 ) ;
#1529 = ORIENTED_EDGE ( 'NONE', *, *, #459, .T. ) ;
#1530 = CARTESIAN_POINT ( 'NONE',  ( 50.93944138927756882, 128.8699999999996919, -2.025415664755114697 ) ) ;
#1531 = ORIENTED_EDGE ( 'NONE', *, *, #183, .F. ) ;
#1532 = FACE_OUTER_BOUND ( 'NONE', #1136, .T. ) ;
#1533 = VERTEX_POINT ( 'NONE', #998 ) ;
#1534 = DIRECTION ( 'NONE',  ( 0.000000000000000000, 0.000000000000000000, 1.000000000000000000 ) ) ;
#1535 = ORIENTED_EDGE ( 'NONE', *, *, #1273, .F. ) ;
#1536 = DIRECTION ( 'NONE',  ( -8.195543980992789655E-16, -1.000000000000000000, -0.000000000000000000 ) ) ;
#1537 = CIRCLE ( 'NONE', #547, 5.000000000000004441 ) ;
#1538 = AXIS2_PLACEMENT_3D ( 'NONE', #344, #935, #833 ) ;
#1539 = ORIENTED_EDGE ( 'NONE', *, *, #646, .F. ) ;
#1540 = LINE ( 'NONE', #1226, #187 ) ;
#1541 = EDGE_CURVE ( 'NONE', #1315, #1485, #1355, .T. ) ;
#1542 = EDGE_CURVE ( 'NONE', #261, #883, #273, .T. ) ;
#1543 = ORIENTED_EDGE ( 'NONE', *, *, #694, .T. ) ;
#1544 = CARTESIAN_POINT ( 'NONE',  ( 3.139382069614242449E-15, 114.7749999999999915, -4.762500000000000178 ) ) ;
#1545 = ORIENTED_EDGE ( 'NONE', *, *, #1141, .T. ) ;
#1546 = VECTOR ( 'NONE', #427, 1000.000000000000000 ) ;
#1547 = EDGE_LOOP ( 'NONE', ( #1256, #1103, #774, #683 ) ) ;
#1548 = VECTOR ( 'NONE', #372, 1000.000000000000114 ) ;
#1549 = VERTEX_POINT ( 'NONE', #31 ) ;
#1550 = DIRECTION ( 'NONE',  ( 0.9848077530122091305, 0.000000000000000000, -0.1736481776669241417 ) ) ;
#1551 = VECTOR ( 'NONE', #964, 1000.000000000000000 ) ;
#1552 = ORIENTED_EDGE ( 'NONE', *, *, #711, .T. ) ;
#1553 = CARTESIAN_POINT ( 'NONE',  ( -34.82502267294813691, 138.9300000000000068, 0.000000000000000000 ) ) ;
#1554 = DIRECTION ( 'NONE',  ( -0.1736481776669237254, -2.371902128814209106E-17, 0.9848077530122092416 ) ) ;
#1555 = ORIENTED_EDGE ( 'NONE', *, *, #896, .T. ) ;
#1556 = AXIS2_PLACEMENT_3D ( 'NONE', #486, #1039, #1524 ) ;
#1557 = ADVANCED_FACE ( 'NONE', ( #515 ), #1458, .T. ) ;
#1558 = VERTEX_POINT ( 'NONE', #1272 ) ;
#1559 = DIRECTION ( 'NONE',  ( 0.000000000000000000, 0.000000000000000000, 1.000000000000000000 ) ) ;
#1560 = EDGE_CURVE ( 'NONE', #627, #109, #539, .T. ) ;
#1561 = STYLED_ITEM ( 'NONE', ( #514 ), #1093 ) ;
#1562 = DIRECTION ( 'NONE',  ( 8.021842663476577970E-16, -1.000000000000000000, 0.000000000000000000 ) ) ;
#1563 = EDGE_LOOP ( 'NONE', ( #1179, #1128 ) ) ;
#1564 = VECTOR ( 'NONE', #982, 1000.000000000000114 ) ;
#1565 = VECTOR ( 'NONE', #919, 1000.000000000000000 ) ;
#1566 = EDGE_LOOP ( 'NONE', ( #663, #944, #452, #689 ) ) ;
#1567 = DIRECTION ( 'NONE',  ( -0.1736481776669237809, -4.743804257628412666E-17, -0.9848077530122093526 ) ) ;
#1568 = DIRECTION ( 'NONE',  ( 0.1736481776669236976, -1.189554516704284187E-16, -0.9848077530122092416 ) ) ;
#1569 = EDGE_CURVE ( 'NONE', #614, #692, #657, .T. ) ;
#1570 = CYLINDRICAL_SURFACE ( 'NONE', #1424, 2.574999999999996181 ) ;
#1571 = DIRECTION ( 'NONE',  ( 0.000000000000000000, -1.000000000000000000, 8.672601103247718607E-16 ) ) ;
ENDSEC;
END-ISO-10303-21;
