ISO-10303-21;
HEADER;
FILE_DESCRIPTION (( 'STEP AP214' ),
    '1' );
FILE_NAME ('Outer_3D_Printed_Housing.STEP',
    '2026-06-26T06:41:04',
    ( '' ),
    ( '' ),
    'SwSTEP 2.0',
    'SolidWorks 2025',
    '' );
FILE_SCHEMA (( 'AUTOMOTIVE_DESIGN' ));
ENDSEC;

DATA;
#1 = CARTESIAN_POINT ( 'NONE',  ( -12.76522365863574748, 31.39823346897936673, 10.00000000000000000 ) ) ;
#2 = CARTESIAN_POINT ( 'NONE',  ( -20.78261239750450429, -20.00320321577484961, 5.938779364558467222 ) ) ;
#3 = ADVANCED_FACE ( 'NONE', ( #4231 ), #2511, .T. ) ;
#4 = CARTESIAN_POINT ( 'NONE',  ( 0.5100872476019321367, 25.50526008040540304, 1.723929302457169577 ) ) ;
#5 = CARTESIAN_POINT ( 'NONE',  ( -19.63172735706526595, 20.02088459855485070, -0.1000000000000000056 ) ) ;
#6 = CARTESIAN_POINT ( 'NONE',  ( 20.00276690507225297, -18.96442137492464397, 4.264135396834594971 ) ) ;
#7 = CARTESIAN_POINT ( 'NONE',  ( 30.93322163234756417, 8.917601053232903752, 23.01000000000000156 ) ) ;
#8 = DIRECTION ( 'NONE',  ( -0.5734630522039341205, -0.8192314250301607759, 0.000000000000000000 ) ) ;
#9 = CARTESIAN_POINT ( 'NONE',  ( -21.68595216514042789, -20.88296618305576402, 7.601489907454361372 ) ) ;
#10 = LINE ( 'NONE', #5151, #4618 ) ;
#11 = CARTESIAN_POINT ( 'NONE',  ( 0.003909739572848084689, -28.24749035868082814, -0.1000000000000002415 ) ) ;
#12 = CARTESIAN_POINT ( 'NONE',  ( -23.30381725638569890, 9.172013327235653435, 0.9708621399975240207 ) ) ;
#13 = LINE ( 'NONE', #6518, #6398 ) ;
#14 = CARTESIAN_POINT ( 'NONE',  ( 26.91492648410598321, -10.81049747892685531, 5.987567196650091184 ) ) ;
#15 = CARTESIAN_POINT ( 'NONE',  ( 23.33503760919531089, 22.88377805793060205, 10.94374350814671715 ) ) ;
#16 = CARTESIAN_POINT ( 'NONE',  ( -11.60217801964123474, 26.53688632667669722, 7.280336488393566619 ) ) ;
#17 = CARTESIAN_POINT ( 'NONE',  ( -14.45171680589333008, -24.74756330426653506, 5.880372680545566055 ) ) ;
#18 = CARTESIAN_POINT ( 'NONE',  ( 23.00526552846108430, -22.13376655312411145, 10.00000000000000178 ) ) ;
#19 = ORIENTED_EDGE ( 'NONE', *, *, #6141, .F. ) ;
#20 = CARTESIAN_POINT ( 'NONE',  ( -23.32359010413534506, -9.121608129196648207, 0.9709271547018037962 ) ) ;
#21 = CARTESIAN_POINT ( 'NONE',  ( -16.59548979766552890, 31.09195699207326413, 10.00000000000000000 ) ) ;
#22 = CARTESIAN_POINT ( 'NONE',  ( 23.76958497498728207, 11.30454636394613566, 2.610751908877736671 ) ) ;
#23 = CARTESIAN_POINT ( 'NONE',  ( -19.90121564711691349, 19.08280420964997504, 4.265357043698223549 ) ) ;
#24 = CARTESIAN_POINT ( 'NONE',  ( -6.331974447665674077, -26.29814625043315957, 5.267067229714625931 ) ) ;
#25 = CARTESIAN_POINT ( 'NONE',  ( -29.97368944290445469, -11.70444971396805300, 23.01000000000000156 ) ) ;
#26 = CARTESIAN_POINT ( 'NONE',  ( -21.48089186382882332, 23.91740975919912771, 10.00000147248558591 ) ) ;
#27 = CARTESIAN_POINT ( 'NONE',  ( -21.56701105378189354, -12.72400885124132586, 0.8768622150978453433 ) ) ;
#28 = CARTESIAN_POINT ( 'NONE',  ( -29.08701843637198792, -19.97908065691781587, 9.999999999999980460 ) ) ;
#29 = CARTESIAN_POINT ( 'NONE',  ( 32.83791023037782963, 3.654289958807838357, 11.00621810115477750 ) ) ;
#30 = CARTESIAN_POINT ( 'NONE',  ( 22.13330013182191536, 20.29588228501712877, 7.592083090429563086 ) ) ;
#31 = CARTESIAN_POINT ( 'NONE',  ( -25.13283534893130167, -25.62457611022113113, 10.00000000000000000 ) ) ;
#32 = CARTESIAN_POINT ( 'NONE',  ( -23.43886341625716341, -22.74626253909230655, 10.94799620076243940 ) ) ;
#33 = CARTESIAN_POINT ( 'NONE',  ( 2.597196720192405994, 27.15000729735003304, 6.747297832502911596 ) ) ;
#34 = CARTESIAN_POINT ( 'NONE',  ( 18.69215405704856536, -20.99303743242874987, -1.000632497523852266E-05 ) ) ;
#35 = CARTESIAN_POINT ( 'NONE',  ( 21.77755683709978030, -23.61221347116162761, 10.00000003961252659 ) ) ;
#36 = CARTESIAN_POINT ( 'NONE',  ( 20.69094544834228699, -18.11935027583461988, 4.237213936381865942 ) ) ;
#37 = CARTESIAN_POINT ( 'NONE',  ( 30.95546684356545697, -8.795528024520276489, 23.01000000000000156 ) ) ;
#38 = DIRECTION ( 'NONE',  ( 0.000000000000000000, 0.000000000000000000, 1.000000000000000000 ) ) ;
#39 = CARTESIAN_POINT ( 'NONE',  ( -19.92443771001217456, -19.05405636100557132, 4.264041601222398725 ) ) ;
#40 = LINE ( 'NONE', #2051, #6411 ) ;
#41 = CARTESIAN_POINT ( 'NONE',  ( -29.08701843637198792, -19.97908065691781587, 9.999999999999980460 ) ) ;
#42 = CARTESIAN_POINT ( 'NONE',  ( -28.26265152504110034, 10.98891868475088174, 7.654457309053785963 ) ) ;
#43 = CARTESIAN_POINT ( 'NONE',  ( -24.03369999233641252, 14.57660696734825834, -9.659304409156410778E-06 ) ) ;
#44 = CARTESIAN_POINT ( 'NONE',  ( 25.51905463493054071, -10.71358502395302814, 4.311504461882524453 ) ) ;
#45 = CARTESIAN_POINT ( 'NONE',  ( 20.68481502430331176, 20.12025072008326276, 5.938517357235092220 ) ) ;
#46 = CARTESIAN_POINT ( 'NONE',  ( -11.74053960560989474, 26.52339095859221274, 7.294214990344685567 ) ) ;
#47 = CARTESIAN_POINT ( 'NONE',  ( -17.01829043252185869, -18.37543655079127447, 0.9619612680445180919 ) ) ;
#48 = CARTESIAN_POINT ( 'NONE',  ( 17.65476010061746948, -26.63634375662476117, 23.01000000000000156 ) ) ;
#49 = ORIENTED_EDGE ( 'NONE', *, *, #4090, .F. ) ;
#50 = CARTESIAN_POINT ( 'NONE',  ( -23.31413269879222128, -9.145783203413342832, 0.9709113432924237896 ) ) ;
#51 = CARTESIAN_POINT ( 'NONE',  ( -4.145878877919597194, -28.21855595486596613, 9.999999947144782908 ) ) ;
#52 = CARTESIAN_POINT ( 'NONE',  ( 30.37062325343330116, 12.75105945898371829, 10.99879800946058950 ) ) ;
#53 = CARTESIAN_POINT ( 'NONE',  ( -23.45798176301687832, 22.70815928619348867, 10.93739054817141820 ) ) ;
#54 = CARTESIAN_POINT ( 'NONE',  ( -29.12390152598112536, -13.36244669055149181, 23.01000000000000156 ) ) ;
#55 = CARTESIAN_POINT ( 'NONE',  ( -22.51760068813039339, 22.77029905063736592, 10.00000001222751678 ) ) ;
#56 = CARTESIAN_POINT ( 'NONE',  ( -29.56868879693686125, -13.98380280997750624, 10.94425624153664778 ) ) ;
#57 = CARTESIAN_POINT ( 'NONE',  ( 27.06071108203891384, -5.852677482088229688, 4.315899595804211231 ) ) ;
#58 = CARTESIAN_POINT ( 'NONE',  ( 18.31246408724552310, 17.06998431254008253, 0.9168936951478917630 ) ) ;
#59 = CARTESIAN_POINT ( 'NONE',  ( 0.000000000000000000, 0.000000000000000000, -41.00000000000000000 ) ) ;
#60 = CARTESIAN_POINT ( 'NONE',  ( 7.467774176952066689, 24.65735507230670720, 2.060615403840968085 ) ) ;
#61 = CARTESIAN_POINT ( 'NONE',  ( 22.02007408680866263, -23.35068483652566940, 9.999996045628147812 ) ) ;
#62 = CARTESIAN_POINT ( 'NONE',  ( 19.15646286154161260, -16.10814225251866461, 0.8842131740602414691 ) ) ;
#63 = CARTESIAN_POINT ( 'NONE',  ( 23.90542537767851883, 20.89522393292380187, 23.01000000000000156 ) ) ;
#64 = CARTESIAN_POINT ( 'NONE',  ( 20.38377584356991079, 18.38166542775012147, -0.8889690687347079345 ) ) ;
#65 = CARTESIAN_POINT ( 'NONE',  ( -20.80748841304253105, -19.96575994610371296, 5.932664950308105922 ) ) ;
#66 = DIRECTION ( 'NONE',  ( -0.000000000000000000, -0.000000000000000000, -1.000000000000000000 ) ) ;
#67 = CARTESIAN_POINT ( 'NONE',  ( -24.82269191279571174, -11.63557648076832685, -0.8889690687347079345 ) ) ;
#68 = CARTESIAN_POINT ( 'NONE',  ( -29.45164850739849172, 11.57177332081574939, 9.325239765275664894 ) ) ;
#69 = CARTESIAN_POINT ( 'NONE',  ( 28.10000000000000497, 0.000000000000000000, -40.00000000000000000 ) ) ;
#70 = CARTESIAN_POINT ( 'NONE',  ( 27.66039274199099651, -12.26652213847382278, 7.642071041879512805 ) ) ;
#71 = AXIS2_PLACEMENT_3D ( 'NONE', #3367, #4394, #2832 ) ;
#72 = CARTESIAN_POINT ( 'NONE',  ( 23.22913349111964720, 23.03277026497862678, 10.94932194768940903 ) ) ;
#73 = CARTESIAN_POINT ( 'NONE',  ( -11.46872407105663783, 25.60654021937558866, 5.661690745153824977 ) ) ;
#74 = CARTESIAN_POINT ( 'NONE',  ( -19.70285108875799196, -19.32004627220160842, 4.277295008805189980 ) ) ;
#75 = CARTESIAN_POINT ( 'NONE',  ( 18.54205668038303401, -26.16715983015094693, 23.01000000000000156 ) ) ;
#76 = VERTEX_POINT ( 'NONE', #4654 ) ;
#77 = CARTESIAN_POINT ( 'NONE',  ( -25.80291759734968693, -10.03014602829332347, 4.312697333299193581 ) ) ;
#78 = CARTESIAN_POINT ( 'NONE',  ( -1.336893676004205389, -28.23981372682307978, 9.999739041111201487 ) ) ;
#79 = CARTESIAN_POINT ( 'NONE',  ( 25.48696207070404540, 10.78387259749879057, 4.310534891508181587 ) ) ;
#80 = CARTESIAN_POINT ( 'NONE',  ( -19.03743826303359654, 18.14868731451838002, 2.595321601626239705 ) ) ;
#81 = CARTESIAN_POINT ( 'NONE',  ( -11.97277321063228328, -27.42656603798350901, 8.925293751069409254 ) ) ;
#82 = FACE_OUTER_BOUND ( 'NONE', #3079, .T. ) ;
#83 = CARTESIAN_POINT ( 'NONE',  ( -31.69979299282826091, -5.620140031003395542, 23.01000000000000156 ) ) ;
#84 = ORIENTED_EDGE ( 'NONE', *, *, #381, .T. ) ;
#85 = CARTESIAN_POINT ( 'NONE',  ( -28.35657677533331977, -13.52676838096023104, 9.275583157264239986 ) ) ;
#86 = CARTESIAN_POINT ( 'NONE',  ( -18.18840975970055851, -21.38242053424988143, -0.09999999999999979738 ) ) ;
#87 =( NAMED_UNIT ( * ) SI_UNIT ( $, .STERADIAN. ) SOLID_ANGLE_UNIT ( ) );
#88 = CARTESIAN_POINT ( 'NONE',  ( 23.81800869443993562, 20.07051851441548962, 9.241426208686911892 ) ) ;
#89 = CARTESIAN_POINT ( 'NONE',  ( 12.07248373314661727, -27.42048227091880719, 8.934356485679835203 ) ) ;
#90 = CARTESIAN_POINT ( 'NONE',  ( -16.60399911787544269, -31.09222351977709309, 23.01000000000000156 ) ) ;
#91 = CARTESIAN_POINT ( 'NONE',  ( -19.02206623913386707, -18.16742702727967540, 2.597334073162125279 ) ) ;
#92 = CARTESIAN_POINT ( 'NONE',  ( 0.6073836650482475896, 27.71398915148178332, 8.407268825368104714 ) ) ;
#93 = CARTESIAN_POINT ( 'NONE',  ( 22.48527226456197781, -16.91012424419729854, -1.509856971700517696E-05 ) ) ;
#94 = CARTESIAN_POINT ( 'NONE',  ( 20.79007335468756779, -19.99493415084094039, 5.938621494367757769 ) ) ;
#95 = EDGE_CURVE ( 'NONE', #6123, #2650, #3059, .T. ) ;
#96 = CARTESIAN_POINT ( 'NONE',  ( 32.18041163922956116, -0.2249322749101421992, 23.01000000000000156 ) ) ;
#97 = CARTESIAN_POINT ( 'NONE',  ( 26.40303410372946047, 23.81107857231229019, 10.00000000000000178 ) ) ;
#98 = CARTESIAN_POINT ( 'NONE',  ( -22.05286962853006827, -20.39534415377740473, 7.588043951006515186 ) ) ;
#99 = CARTESIAN_POINT ( 'NONE',  ( -30.68087851565457314, 12.05259754625351043, 10.99611036887896809 ) ) ;
#100 = CARTESIAN_POINT ( 'NONE',  ( 24.45679238632331121, -9.844807414547139146, 2.642503848425407753 ) ) ;
#101 = CARTESIAN_POINT ( 'NONE',  ( -3.716208103903765991, 28.26488573829684725, 10.11114405173210251 ) ) ;
#102 = CARTESIAN_POINT ( 'NONE',  ( -18.61500945634981363, -18.61501328305754299, 2.613890299389139749 ) ) ;
#103 = CARTESIAN_POINT ( 'NONE',  ( 29.31340643510933219, -13.05879441538566077, 23.01000000000000156 ) ) ;
#104 = ORIENTED_EDGE ( 'NONE', *, *, #5473, .F. ) ;
#105 = CARTESIAN_POINT ( 'NONE',  ( -28.24783320608148074, -11.02693452118067796, 7.654454584665525196 ) ) ;
#106 = CARTESIAN_POINT ( 'NONE',  ( -11.76559874036621345, -28.02446943511660038, 10.00000005362733191 ) ) ;
#107 = CARTESIAN_POINT ( 'NONE',  ( 29.04761631969811830, 12.45216567853611522, 9.322485351618784222 ) ) ;
#108 = CARTESIAN_POINT ( 'NONE',  ( -20.81577842647959997, 19.95650789378785106, 5.932550568670565738 ) ) ;
#109 = CARTESIAN_POINT ( 'NONE',  ( -10.87531003487376502, -25.71035245738207564, 5.609508581282781847 ) ) ;
#110 = CARTESIAN_POINT ( 'NONE',  ( -23.61282808274129152, -8.548874285757307234, 1.043834168088492165 ) ) ;
#111 = CARTESIAN_POINT ( 'NONE',  ( -23.34686491354442239, -21.66431682292500582, 23.01000000000000156 ) ) ;
#112 = CARTESIAN_POINT ( 'NONE',  ( -30.04772488521869533, -11.51038634207878708, 10.00006866273319872 ) ) ;
#113 = ORIENTED_EDGE ( 'NONE', *, *, #3696, .T. ) ;
#114 = CARTESIAN_POINT ( 'NONE',  ( -28.62972006400803693, -15.31322041959221814, 10.91374347439415438 ) ) ;
#115 = CARTESIAN_POINT ( 'NONE',  ( -25.99742636793476436, 10.66916718625123117, 0.000000000000000000 ) ) ;
#116 = CARTESIAN_POINT ( 'NONE',  ( 24.35631520326849397, 20.26808500350126607, 9.999999833033086816 ) ) ;
#117 = CARTESIAN_POINT ( 'NONE',  ( 22.64053742426897387, 13.30205480652253414, 2.549320418994776460 ) ) ;
#118 = CARTESIAN_POINT ( 'NONE',  ( 19.00252049932881704, -30.14557240529681792, 23.00999999999999801 ) ) ;
#119 = CARTESIAN_POINT ( 'NONE',  ( 2.804174083466689726, 28.26660140382259456, 10.08812214374859728 ) ) ;
#120 = CARTESIAN_POINT ( 'NONE',  ( 27.99773185902279948, -2.777559615860799802, 6.689981983841662119E-05 ) ) ;
#121 = CARTESIAN_POINT ( 'NONE',  ( 28.52113519081869342, -14.26406975196470306, 9.999997695970423095 ) ) ;
#122 = CARTESIAN_POINT ( 'NONE',  ( 20.78207151082738591, -20.00517900199665888, 5.939085527974798495 ) ) ;
#123 = CARTESIAN_POINT ( 'NONE',  ( 11.80062072719393740, 22.16169081871012381, 0.9415846285034435992 ) ) ;
#124 = CARTESIAN_POINT ( 'NONE',  ( 17.70440030454342306, 26.60398539199655232, 9.999999365326045719 ) ) ;
#125 = CARTESIAN_POINT ( 'NONE',  ( -20.88284660044580932, -19.87043051711915354, 5.929590511403244335 ) ) ;
#126 = CARTESIAN_POINT ( 'NONE',  ( -20.16929870412982950, -29.75997968131290250, 10.00000000000001954 ) ) ;
#127 = CARTESIAN_POINT ( 'NONE',  ( -29.87785320870601424, 13.54641078472828575, 10.96071793527823424 ) ) ;
#128 = CARTESIAN_POINT ( 'NONE',  ( 35.16790053485992473, -7.713775115522026660, 23.00999999999999446 ) ) ;
#129 = CARTESIAN_POINT ( 'NONE',  ( 22.58456206565058721, -10.80988018456740285, 0.9379483630819579476 ) ) ;
#130 = CARTESIAN_POINT ( 'NONE',  ( 17.60493842606651071, 17.80710382019613292, 0.9462560711693734916 ) ) ;
#131 = CARTESIAN_POINT ( 'NONE',  ( -21.49675376804815841, -21.14003559798268839, 7.617501067826437655 ) ) ;
#132 = CARTESIAN_POINT ( 'NONE',  ( 29.60675009788538503, 12.52746610878146072, 10.00000000000000178 ) ) ;
#133 = CARTESIAN_POINT ( 'NONE',  ( 20.81990607353148093, 18.77505795236852038, -0.1000000000000000194 ) ) ;
#134 = CARTESIAN_POINT ( 'NONE',  ( -25.75418262504794242, -10.15387497230025815, 4.312581981749326943 ) ) ;
#135 = FACE_OUTER_BOUND ( 'NONE', #2575, .T. ) ;
#136 = CARTESIAN_POINT ( 'NONE',  ( -17.94423753779043196, 17.46091364448010808, 0.9338029853183628104 ) ) ;
#137 = CARTESIAN_POINT ( 'NONE',  ( -9.086134534163734955, -23.27781450914507388, 0.5907018547846424328 ) ) ;
#138 = CARTESIAN_POINT ( 'NONE',  ( -13.44942685261458415, -21.22978177903931396, 1.007935546821224104 ) ) ;
#139 = CARTESIAN_POINT ( 'NONE',  ( -16.14131765225859994, -27.25614457439339589, 10.00000000000000178 ) ) ;
#140 = CARTESIAN_POINT ( 'NONE',  ( -30.08607398378424946, -11.40956090428475811, 10.00001284292959802 ) ) ;
#141 = VERTEX_POINT ( 'NONE', #5699 ) ;
#142 = CARTESIAN_POINT ( 'NONE',  ( -25.94434763042078274, -12.61873548548908452, 5.936111372671160957 ) ) ;
#143 = CARTESIAN_POINT ( 'NONE',  ( -26.73927599499585028, -8.555355155639292164, -0.1000000000000000056 ) ) ;
#144 = CARTESIAN_POINT ( 'NONE',  ( 29.03993699698991193, 13.48831759288954224, 9.999777341173951228 ) ) ;
#145 = CARTESIAN_POINT ( 'NONE',  ( 22.89805020506988242, 19.26323692378409547, 7.569740071246386925 ) ) ;
#146 = CARTESIAN_POINT ( 'NONE',  ( -21.89565832161649794, 12.12902789025258166, 0.8938699546132023999 ) ) ;
#147 = CARTESIAN_POINT ( 'NONE',  ( 12.01813033787657226, -27.42162061293785769, 8.928064454831091012 ) ) ;
#148 = CARTESIAN_POINT ( 'NONE',  ( 9.723976220935865555, 24.04851945464675111, 2.275344981512115616 ) ) ;
#149 = CARTESIAN_POINT ( 'NONE',  ( 15.50942208450729254, 22.65908731233472651, -0.8889690687347059361 ) ) ;
#150 = CARTESIAN_POINT ( 'NONE',  ( 29.87813121776009595, -11.93513787415624705, 10.00000011968922031 ) ) ;
#151 = CARTESIAN_POINT ( 'NONE',  ( 19.04710374871493173, -18.13943014090547479, 2.596404592282924195 ) ) ;
#152 = CARTESIAN_POINT ( 'NONE',  ( -1.432411835941566958, 25.06677203980352076, 0.4886274912773188039 ) ) ;
#153 = CARTESIAN_POINT ( 'NONE',  ( -22.12976441944308803, -20.29242219058677676, 7.585478166650005960 ) ) ;
#154 = CARTESIAN_POINT ( 'NONE',  ( -20.38377584359539796, -18.38166542772047762, -0.8889690687347078235 ) ) ;
#155 = CARTESIAN_POINT ( 'NONE',  ( -23.22693902612682848, 9.364617925409245203, 0.9701058666193026481 ) ) ;
#156 = CARTESIAN_POINT ( 'NONE',  ( 26.11965341949605346, -12.33700250119187736, 5.949810227853975952 ) ) ;
#157 = CARTESIAN_POINT ( 'NONE',  ( 21.64088189959271347, 20.94294195574667583, 7.603591645572572943 ) ) ;
#158 = CARTESIAN_POINT ( 'NONE',  ( -17.45937696780919879, -17.95067594346771145, 0.9505257020844576354 ) ) ;
#159 = CARTESIAN_POINT ( 'NONE',  ( 29.72006627369201937, 12.29649786588524485, 10.00000000000000178 ) ) ;
#160 = EDGE_LOOP ( 'NONE', ( #5529, #6492, #6291, #1595 ) ) ;
#161 = CARTESIAN_POINT ( 'NONE',  ( -31.67702599499761718, -1.454614253222811682, 9.325382502954777664 ) ) ;
#162 = CARTESIAN_POINT ( 'NONE',  ( -16.36118217019361154, -27.17777719505287592, 23.01000000000000156 ) ) ;
#163 = CARTESIAN_POINT ( 'NONE',  ( 31.72453435202791283, -9.045427728980360627, 11.00623381063187622 ) ) ;
#164 = AXIS2_PLACEMENT_3D ( 'NONE', #5463, #1928, #5554 ) ;
#165 = CARTESIAN_POINT ( 'NONE',  ( 13.78565109170263980, 23.72727842757586814, 4.208385420836192381 ) ) ;
#166 = CARTESIAN_POINT ( 'NONE',  ( -18.52360186837800171, 18.71209903336012559, 2.615929484951196038 ) ) ;
#167 = EDGE_CURVE ( 'NONE', #6083, #1685, #3841, .T. ) ;
#168 = CARTESIAN_POINT ( 'NONE',  ( -12.44371933003890085, -28.30705597517047778, 10.57326333911521665 ) ) ;
#169 = CARTESIAN_POINT ( 'NONE',  ( -20.72466773291630915, -14.18170272188640979, 0.9644546394282390578 ) ) ;
#170 = CARTESIAN_POINT ( 'NONE',  ( -20.73204447655055560, -24.65705618182775183, 23.01000000000000156 ) ) ;
#171 = CARTESIAN_POINT ( 'NONE',  ( -30.22530842123298100, 11.03520597570978623, 10.00000000076629547 ) ) ;
#172 = ORIENTED_EDGE ( 'NONE', *, *, #6443, .F. ) ;
#173 = CARTESIAN_POINT ( 'NONE',  ( -23.74327410924532344, -11.35178807897193742, 2.607455991994262146 ) ) ;
#174 = CARTESIAN_POINT ( 'NONE',  ( -29.09254792700011549, 19.97102802898983853, 9.999999999999991118 ) ) ;
#175 = CIRCLE ( 'NONE', #2702, 11.00000000000000000 ) ;
#176 = CARTESIAN_POINT ( 'NONE',  ( 29.07529607158986806, 13.43522077324145947, 9.999958791895478427 ) ) ;
#177 = CARTESIAN_POINT ( 'NONE',  ( 21.69857730070996382, 14.75178951903193614, 2.531854846912910517 ) ) ;
#178 = CARTESIAN_POINT ( 'NONE',  ( -23.64018585742801193, 11.54391209538280805, 2.600157197757873906 ) ) ;
#179 = CARTESIAN_POINT ( 'NONE',  ( 11.54894472513434778, -26.54534367278993301, 7.281238522696134474 ) ) ;
#180 = CARTESIAN_POINT ( 'NONE',  ( 14.04154476419997977, 27.81636584860003225, 23.01000000000000156 ) ) ;
#181 = DIRECTION ( 'NONE',  ( 0.9999999904213665580, 0.0001384097785288448620, 0.000000000000000000 ) ) ;
#182 = CARTESIAN_POINT ( 'NONE',  ( 8.786553704737414705, -26.28343412644272803, -0.8889690687347077125 ) ) ;
#183 = CARTESIAN_POINT ( 'NONE',  ( 10.62315708160980243, 26.63400066963638224, 7.200012255012321560 ) ) ;
#184 = CARTESIAN_POINT ( 'NONE',  ( -21.45578924740755511, -23.93904464013557742, 10.00000027087807730 ) ) ;
#185 = CARTESIAN_POINT ( 'NONE',  ( 18.24292140391188966, -17.14511716446532574, 0.9203316171735793638 ) ) ;
#186 = EDGE_CURVE ( 'NONE', #2916, #6024, #2495, .T. ) ;
#187 = CARTESIAN_POINT ( 'NONE',  ( -25.00722061414064612, 2.487852026073759326, 1.042121578074093557 ) ) ;
#188 = CARTESIAN_POINT ( 'NONE',  ( 33.29331651284274329, 13.67639551295845379, 10.00000000000000533 ) ) ;
#189 = CARTESIAN_POINT ( 'NONE',  ( -22.78829175722427891, -21.49398354160358693, 9.261924193969571562 ) ) ;
#190 = CARTESIAN_POINT ( 'NONE',  ( -24.45910485166096748, 12.43906938592829370, -0.8889690687347078235 ) ) ;
#191 = CARTESIAN_POINT ( 'NONE',  ( -30.29226527444224359, 12.87204240518065212, 10.98512738879727202 ) ) ;
#192 = CARTESIAN_POINT ( 'NONE',  ( -12.75653151897559212, -31.40176592948167666, 15.00000000000000000 ) ) ;
#193 = CARTESIAN_POINT ( 'NONE',  ( 29.65411382664266782, -13.87324700417489431, 10.95688587238734257 ) ) ;
#194 = CARTESIAN_POINT ( 'NONE',  ( 18.16261853697892548, 17.23128193614788373, 0.9241043246379561094 ) ) ;
#195 = CARTESIAN_POINT ( 'NONE',  ( -18.96970610774753396, -18.22658970440805604, 2.599717216572330347 ) ) ;
#196 = CARTESIAN_POINT ( 'NONE',  ( 32.14112580906248695, 1.832597825237288314, 23.01000000000000156 ) ) ;
#197 = EDGE_LOOP ( 'NONE', ( #4380, #3707, #6184, #3844, #4674 ) ) ;
#198 = CARTESIAN_POINT ( 'NONE',  ( -25.06994259767503053, -1.151574888847830103, 0.9709825649144492310 ) ) ;
#199 = CARTESIAN_POINT ( 'NONE',  ( 27.62380872111951291, -8.852541098540752884, 5.988479496524172774 ) ) ;
#200 = CARTESIAN_POINT ( 'NONE',  ( 10.73984285386080195, 24.76616511214437466, 3.985912259271908731 ) ) ;
#201 = CARTESIAN_POINT ( 'NONE',  ( -18.02163406784315569, 21.04097866477064471, 4.315383466742032326 ) ) ;
#202 = CARTESIAN_POINT ( 'NONE',  ( -9.672564901321029751, -24.06482163887977421, 2.271610079117477810 ) ) ;
#203 = DIRECTION ( 'NONE',  ( 1.000000000000000000, 0.000000000000000000, 0.000000000000000000 ) ) ;
#204 = CARTESIAN_POINT ( 'NONE',  ( -29.85461876119119751, 11.99194736172134945, 9.999999993068886539 ) ) ;
#205 = VERTEX_POINT ( 'NONE', #5214 ) ;
#206 = CARTESIAN_POINT ( 'NONE',  ( -27.30470740383401917, -12.82842293906091591, 7.613586453390065678 ) ) ;
#207 = CARTESIAN_POINT ( 'NONE',  ( -34.35653493771057043, 10.98150194049352812, 10.00000000000000000 ) ) ;
#208 = CARTESIAN_POINT ( 'NONE',  ( 26.03633538336844566, 19.01842248825226633, 10.89561949972182120 ) ) ;
#209 = CARTESIAN_POINT ( 'NONE',  ( -25.98973290962085514, 12.54296776709004746, 5.938278306998118872 ) ) ;
#210 = CARTESIAN_POINT ( 'NONE',  ( 12.27145637011831347, -27.41336660262228619, 8.954857892374427308 ) ) ;
#211 = LINE ( 'NONE', #3257, #2591 ) ;
#212 = CARTESIAN_POINT ( 'NONE',  ( 22.93979539898690589, 22.22112878933051050, 9.999999960183043157 ) ) ;
#213 = CARTESIAN_POINT ( 'NONE',  ( 6.332448062224854013, -31.39912382802017987, 9.999999999999987566 ) ) ;
#214 = CARTESIAN_POINT ( 'NONE',  ( 9.207348430970151654, 23.23185836299689910, 0.6037042652317718971 ) ) ;
#215 = CARTESIAN_POINT ( 'NONE',  ( 19.76956771059806783, 18.93324711956214301, 4.009614764370152962 ) ) ;
#216 = VERTEX_POINT ( 'NONE', #3261 ) ;
#217 = CARTESIAN_POINT ( 'NONE',  ( 25.73696654093414438, 10.20374169388834318, 4.315675205573491269 ) ) ;
#218 = CARTESIAN_POINT ( 'NONE',  ( 23.44306417395014108, -22.74279223966814811, 10.94806544221505540 ) ) ;
#219 = CARTESIAN_POINT ( 'NONE',  ( -12.48821070554739876, 28.29869054246497129, 10.56602052353776777 ) ) ;
#220 = CARTESIAN_POINT ( 'NONE',  ( 9.540672309172853360, 23.21817463905151158, 0.8153310838031173624 ) ) ;
#221 = CARTESIAN_POINT ( 'NONE',  ( 25.46854617454245329, 10.10028505468381432, -0.8889690687347078235 ) ) ;
#222 = CARTESIAN_POINT ( 'NONE',  ( -20.05717158709823167, -18.89420449383499445, 4.258315076576816516 ) ) ;
#223 = CARTESIAN_POINT ( 'NONE',  ( 19.91665953217671614, 19.06712809178156220, 4.267637978898568107 ) ) ;
#224 = CARTESIAN_POINT ( 'NONE',  ( -23.18306143596830537, 15.93113122454304431, 0.000000000000000000 ) ) ;
#225 = CARTESIAN_POINT ( 'NONE',  ( -29.07722311704519669, 12.37556091780268552, 9.315215841734309166 ) ) ;
#226 = CARTESIAN_POINT ( 'NONE',  ( -22.31189762786159037, -28.25301886260982798, 23.00999999999999801 ) ) ;
#227 = CARTESIAN_POINT ( 'NONE',  ( -12.47562239769925085, -27.99176170181073431, 10.00000000017471180 ) ) ;
#228 = CARTESIAN_POINT ( 'NONE',  ( 29.71542499051193076, -13.78649496733994972, 10.95908339302131296 ) ) ;
#229 = CARTESIAN_POINT ( 'NONE',  ( 21.65802876651038389, 20.92004501581561726, 7.602694476388782263 ) ) ;
#230 = CARTESIAN_POINT ( 'NONE',  ( -19.01335206457380878, -18.17730064580946348, 2.597735114172455617 ) ) ;
#231 = CARTESIAN_POINT ( 'NONE',  ( 30.01898009286889035, 11.58761536018918648, 10.00000000000000178 ) ) ;
#232 = CARTESIAN_POINT ( 'NONE',  ( 25.51746358261322811, 11.58401317987000390, -0.1000000000000001443 ) ) ;
#233 = CARTESIAN_POINT ( 'NONE',  ( -28.88612290522287296, -3.214882329362423352, 5.983555026646891761 ) ) ;
#234 = CARTESIAN_POINT ( 'NONE',  ( -35.59333996454864746, 6.641131923024465422, 10.00000000000000000 ) ) ;
#235 = CARTESIAN_POINT ( 'NONE',  ( 27.91039791615240517, -7.958143424129617394, 5.988477088248369107 ) ) ;
#236 = CARTESIAN_POINT ( 'NONE',  ( 10.01259535916714682, 22.90795395308076365, 0.6844489375998705771 ) ) ;
#237 = CARTESIAN_POINT ( 'NONE',  ( -19.06356365289506272, 25.24324779785102990, 9.320482948082249308 ) ) ;
#238 = CARTESIAN_POINT ( 'NONE',  ( -9.866899876817699422, -24.00618671636448198, 2.291263434618886041 ) ) ;
#239 = DIRECTION ( 'NONE',  ( 0.000000000000000000, 0.000000000000000000, -1.000000000000000000 ) ) ;
#240 = CARTESIAN_POINT ( 'NONE',  ( 14.27190769062136688, -27.18387953036997473, 9.125797518860883528 ) ) ;
#241 = ORIENTED_EDGE ( 'NONE', *, *, #3018, .F. ) ;
#242 = CARTESIAN_POINT ( 'NONE',  ( -22.59142828770552924, -10.79615438479110168, 0.9389228356232562911 ) ) ;
#243 = CARTESIAN_POINT ( 'NONE',  ( -24.36831744648697651, 14.05132342025543402, 0.000000000000000000 ) ) ;
#244 = CARTESIAN_POINT ( 'NONE',  ( 27.32672403562165897, 12.80340618141550202, 7.621009223214922024 ) ) ;
#245 = CARTESIAN_POINT ( 'NONE',  ( -26.60475576542102161, 13.90721907887878217, 7.583571659384884533 ) ) ;
#246 = CARTESIAN_POINT ( 'NONE',  ( 5.453728344704510178, -27.01806009157682453, 6.873705177975033997 ) ) ;
#247 = CARTESIAN_POINT ( 'NONE',  ( 1.150980053202635744, 28.24485846319033655, 10.00000000000000178 ) ) ;
#248 = CARTESIAN_POINT ( 'NONE',  ( 19.58378229037661100, -29.88578147164133725, 23.00999999999999801 ) ) ;
#249 = CARTESIAN_POINT ( 'NONE',  ( 25.13912183789578592, -25.61876919775735928, 10.00000000000000000 ) ) ;
#250 = CARTESIAN_POINT ( 'NONE',  ( 11.18502731855359578, 26.57930145919599241, 7.244680352342315111 ) ) ;
#251 = CARTESIAN_POINT ( 'NONE',  ( 16.52425773432211287, 27.12675868321337092, 23.01000000000000156 ) ) ;
#252 = CARTESIAN_POINT ( 'NONE',  ( 30.65680092609117935, 9.772957390748347350, 9.999999996319164808 ) ) ;
#253 = CARTESIAN_POINT ( 'NONE',  ( 25.78567176100258962, 10.08126802403731936, 4.315887661829934885 ) ) ;
#254 = CARTESIAN_POINT ( 'NONE',  ( 21.30133432768035462, -21.38984276676183427, 7.626554771649610487 ) ) ;
#255 = CARTESIAN_POINT ( 'NONE',  ( -10.50205731898880046, 24.82082237935314950, 3.961977568082448276 ) ) ;
#256 = CARTESIAN_POINT ( 'NONE',  ( -13.70834867825314340, 21.03534911997184054, 1.010836660960010569 ) ) ;
#257 = CARTESIAN_POINT ( 'NONE',  ( 30.69428644525981298, 17.68434011587394394, 9.999999999999989342 ) ) ;
#258 = CARTESIAN_POINT ( 'NONE',  ( -19.60113537157543817, -17.49445167174622995, 2.571031092154622666 ) ) ;
#259 = CARTESIAN_POINT ( 'NONE',  ( 20.80063817057166631, 19.98036294602712104, 5.937954608223365405 ) ) ;
#260 = CARTESIAN_POINT ( 'NONE',  ( -27.69886776894068348, 5.198913836262417654, -0.09999999999999999167 ) ) ;
#261 = CARTESIAN_POINT ( 'NONE',  ( -27.96048778376629329, 11.68872360079292605, 7.649378267708369705 ) ) ;
#262 = CARTESIAN_POINT ( 'NONE',  ( 12.33416362938359434, -27.99612063743914803, 9.999998018840669189 ) ) ;
#263 = CARTESIAN_POINT ( 'NONE',  ( 26.15116188649948015, -12.28508454368399327, 5.951514842673493177 ) ) ;
#264 = CARTESIAN_POINT ( 'NONE',  ( 19.01693869094036771, 18.17153155254286290, 2.596039017680444427 ) ) ;
#265 = CARTESIAN_POINT ( 'NONE',  ( -19.01771029009064407, -18.17236503365736056, 2.597534944180773575 ) ) ;
#266 = CARTESIAN_POINT ( 'NONE',  ( 32.02445618241111447, -3.291264047741209620, 23.01000000000000156 ) ) ;
#267 = CARTESIAN_POINT ( 'NONE',  ( 27.69743296562830182, 5.206578909824016499, -0.09999999999999989453 ) ) ;
#268 = CARTESIAN_POINT ( 'NONE',  ( -26.32721102385860945, 2.201001215335951056, 2.641867067887316622 ) ) ;
#269 = CARTESIAN_POINT ( 'NONE',  ( -33.54470374673991273, -13.06724341795768041, 23.01000000000000156 ) ) ;
#270 = CARTESIAN_POINT ( 'NONE',  ( 28.35221700973582060, -6.131896576058394110, 5.988485169491936766 ) ) ;
#271 = CARTESIAN_POINT ( 'NONE',  ( 13.86188619458334159, 22.34262309833947313, 2.579306451668307520 ) ) ;
#272 = CARTESIAN_POINT ( 'NONE',  ( -22.91832367925041680, 23.45114836428399130, 10.96387487853337817 ) ) ;
#273 = CARTESIAN_POINT ( 'NONE',  ( -12.52544478676829343, -28.30838170142189014, 10.57979184718951160 ) ) ;
#274 = CARTESIAN_POINT ( 'NONE',  ( 0.000000000000000000, 0.000000000000000000, -43.00000000000000000 ) ) ;
#275 = CARTESIAN_POINT ( 'NONE',  ( 15.94979374191449573, -22.59144257792724275, 4.297636493768079546 ) ) ;
#276 = ORIENTED_EDGE ( 'NONE', *, *, #3343, .T. ) ;
#277 = CARTESIAN_POINT ( 'NONE',  ( -29.73231317242177241, -13.75233503369148913, 10.95007193102017418 ) ) ;
#278 = CARTESIAN_POINT ( 'NONE',  ( 29.37141808926620712, 14.27596202074135334, 10.94731653122788018 ) ) ;
#279 = CARTESIAN_POINT ( 'NONE',  ( -25.17787849251810073, 16.04141810779283261, 7.547089487254575069 ) ) ;
#280 = CARTESIAN_POINT ( 'NONE',  ( -2.597617732481809938, -27.15221519984809362, 6.753908202929621574 ) ) ;
#281 = VECTOR ( 'NONE', #181, 1000.000000000000114 ) ;
#282 = CARTESIAN_POINT ( 'NONE',  ( 16.60399911784941906, 31.09222351979042642, 10.00000000000000000 ) ) ;
#283 = CARTESIAN_POINT ( 'NONE',  ( -6.916006398178087267, 28.17327979081041178, 9.999995400177224880 ) ) ;
#284 = CARTESIAN_POINT ( 'NONE',  ( -8.910761338531665743, -26.65652043850791486, -0.09999999999999999167 ) ) ;
#285 = CARTESIAN_POINT ( 'NONE',  ( 10.34402541264164022, 24.85795352307162887, 3.947115266871636052 ) ) ;
#286 = CARTESIAN_POINT ( 'NONE',  ( 33.54831973008586488, -13.05795708734296312, 9.999999999999998224 ) ) ;
#287 = CARTESIAN_POINT ( 'NONE',  ( 31.42404908527532470, 6.918361877291397732, 10.00000000927546218 ) ) ;
#288 = CARTESIAN_POINT ( 'NONE',  ( 28.26284533479924121, 11.00282668713374612, 7.661069251837055560 ) ) ;
#289 = CARTESIAN_POINT ( 'NONE',  ( 17.79303545682167709, -19.46586598195088413, 2.639141995045303446 ) ) ;
#290 = CARTESIAN_POINT ( 'NONE',  ( -3.444381082821286189, 27.12205019113871529, 6.772099069543728866 ) ) ;
#291 = CARTESIAN_POINT ( 'NONE',  ( -35.43430268803509620, -6.363465852724041305, 23.01000000000000156 ) ) ;
#292 = CARTESIAN_POINT ( 'NONE',  ( 27.55555654973080948, 0.003828261532294533875, -0.8889690687347090448 ) ) ;
#293 = CARTESIAN_POINT ( 'NONE',  ( -23.13144650524580470, -16.88216738570350373, 5.872664067124046205 ) ) ;
#294 = CARTESIAN_POINT ( 'NONE',  ( 23.44392699008843550, 22.73896981213904667, 10.94782830274814778 ) ) ;
#295 = CARTESIAN_POINT ( 'NONE',  ( -27.77551573160499032, -5.221250218333637783, 0.000000000000000000 ) ) ;
#296 = CARTESIAN_POINT ( 'NONE',  ( -26.14767045940746470, 12.28363719279195365, 5.946615994367387081 ) ) ;
#297 = CARTESIAN_POINT ( 'NONE',  ( 12.32048588478036422, -27.99678269989945534, 10.00005034860764042 ) ) ;
#298 = EDGE_CURVE ( 'NONE', #2188, #1374, #858, .T. ) ;
#299 = CARTESIAN_POINT ( 'NONE',  ( 21.61191944392576403, -14.85900406479079905, 2.534527078512146758 ) ) ;
#300 = CARTESIAN_POINT ( 'NONE',  ( 19.86741872957518140, 19.12249553686340420, 4.266707743792935936 ) ) ;
#301 = CARTESIAN_POINT ( 'NONE',  ( 21.68426910665120033, 23.76104440231941339, 23.01000000000000156 ) ) ;
#302 = CARTESIAN_POINT ( 'NONE',  ( 31.76728016152684120, 16.15239761010517228, 10.00000000000000000 ) ) ;
#303 = CARTESIAN_POINT ( 'NONE',  ( -23.72529772819822824, 8.029075352484232653, 0.9709343824243809040 ) ) ;
#304 = CARTESIAN_POINT ( 'NONE',  ( 19.39082950738456290, 20.34935878836425971, -4.262190637121642672E-05 ) ) ;
#305 = CARTESIAN_POINT ( 'NONE',  ( 23.37811704478768604, -8.981049471915847349, 0.9707269494404369148 ) ) ;
#306 = CARTESIAN_POINT ( 'NONE',  ( 13.34417464551417076, 28.30345156206119128, 10.65298017090567306 ) ) ;
#307 = CARTESIAN_POINT ( 'NONE',  ( -15.93030188807643555, 24.05596038708679529, 5.938169874667194037 ) ) ;
#308 = CARTESIAN_POINT ( 'NONE',  ( -12.87661326302332654, -28.31415243029348261, 10.61660926297793317 ) ) ;
#309 = CARTESIAN_POINT ( 'NONE',  ( -15.18808671166966917, -27.58824415688409459, 23.01000000000000156 ) ) ;
#310 = CARTESIAN_POINT ( 'NONE',  ( 18.24845796578331303, -25.74865266799753627, 9.313161132876262016 ) ) ;
#311 = ORIENTED_EDGE ( 'NONE', *, *, #3824, .T. ) ;
#312 = CARTESIAN_POINT ( 'NONE',  ( -23.79950701630616194, -11.24554250890096441, 2.611478968802062095 ) ) ;
#313 = EDGE_CURVE ( 'NONE', #3877, #2059, #539, .T. ) ;
#314 = CARTESIAN_POINT ( 'NONE',  ( 23.74434002107700081, 11.35221254969758853, 2.608952077517450174 ) ) ;
#315 = CARTESIAN_POINT ( 'NONE',  ( -20.06153761189132823, 16.93393460574204212, 2.555536122346734995 ) ) ;
#316 = CARTESIAN_POINT ( 'NONE',  ( 7.462523123607447850, -26.91181289058294013, 6.968704086049646307 ) ) ;
#317 = FACE_OUTER_BOUND ( 'NONE', #1633, .T. ) ;
#318 = CARTESIAN_POINT ( 'NONE',  ( -6.732995353303177666, 28.17706586270310964, 9.999984951483909867 ) ) ;
#319 = CARTESIAN_POINT ( 'NONE',  ( -13.31777419064228951, -24.72353981783455268, -0.09999999999999988065 ) ) ;
#320 = CARTESIAN_POINT ( 'NONE',  ( 12.75615102836568404, 28.30846207052371355, 10.59479256968420557 ) ) ;
#321 = CARTESIAN_POINT ( 'NONE',  ( -22.36794774973343536, -22.95106256929232558, 9.999997269892592300 ) ) ;
#322 = CARTESIAN_POINT ( 'NONE',  ( 31.09409040496774423, -8.341882738047628365, 9.999995111581004181 ) ) ;
#323 = CARTESIAN_POINT ( 'NONE',  ( 24.48714316389778034, 9.770785725715683157, 2.642926583695945020 ) ) ;
#324 = CARTESIAN_POINT ( 'NONE',  ( 21.15479494165597529, -21.56680441417826088, 7.632131345842823933 ) ) ;
#325 = CARTESIAN_POINT ( 'NONE',  ( -11.49341199178966022, 26.54635882412573267, 7.268810524112640614 ) ) ;
#326 = DIRECTION ( 'NONE',  ( 0.000000000000000000, 0.000000000000000000, 1.000000000000000000 ) ) ;
#327 = CARTESIAN_POINT ( 'NONE',  ( -27.32886327521502068, -17.16286644775349401, 10.89223453363592675 ) ) ;
#328 = CARTESIAN_POINT ( 'NONE',  ( 23.50469313194014376, 22.65145973482540498, 10.94583167136516266 ) ) ;
#329 = CARTESIAN_POINT ( 'NONE',  ( -23.80552329055451111, 13.72911487119420748, -0.8889690687347084896 ) ) ;
#330 = CARTESIAN_POINT ( 'NONE',  ( -26.23391906752182479, 12.14251241618053534, 5.952392055058080444 ) ) ;
#331 = CARTESIAN_POINT ( 'NONE',  ( 14.17737766899419860, -27.77942697632951408, 9.999989757697594683 ) ) ;
#332 = CARTESIAN_POINT ( 'NONE',  ( 29.51110497166617819, -14.07565526082325391, 10.95190073458200253 ) ) ;
#333 = CARTESIAN_POINT ( 'NONE',  ( -14.21652442454528575, -27.81178009024835163, 23.01000000000000156 ) ) ;
#334 = CARTESIAN_POINT ( 'NONE',  ( 25.09999999999978826, -0.6227509766405081582, 1.042019039303278882 ) ) ;
#335 = CARTESIAN_POINT ( 'NONE',  ( 19.31088314034094466, 25.72592742698246937, 23.01000000000000156 ) ) ;
#336 = CARTESIAN_POINT ( 'NONE',  ( 24.82269191278393805, 11.63557648079682494, -0.8889690687347078235 ) ) ;
#337 = CARTESIAN_POINT ( 'NONE',  ( -26.07923318333466867, 9.298787351422816982, 4.312696240149350047 ) ) ;
#338 = CARTESIAN_POINT ( 'NONE',  ( 25.87071190355447570, -24.57364245467583785, 10.00000000000000000 ) ) ;
#339 = CARTESIAN_POINT ( 'NONE',  ( 29.43682726272622929, -11.62550359741223538, 9.333401786952414625 ) ) ;
#340 = CARTESIAN_POINT ( 'NONE',  ( 21.88212577725362706, 24.62373331252597453, 10.99136154943156818 ) ) ;
#341 = CARTESIAN_POINT ( 'NONE',  ( -16.71528243049320750, 23.63950482497912731, 5.964699820315502166 ) ) ;
#342 = CARTESIAN_POINT ( 'NONE',  ( -10.38732245666846765, -23.84307246897126120, 2.342368798802753282 ) ) ;
#343 = CARTESIAN_POINT ( 'NONE',  ( 8.828577433655860673, -28.12826004118236511, 23.01000000000000156 ) ) ;
#344 = CARTESIAN_POINT ( 'NONE',  ( 13.48995414175993801, -25.09544687986257117, 5.824515962797260471 ) ) ;
#345 = VERTEX_POINT ( 'NONE', #4818 ) ;
#346 = CARTESIAN_POINT ( 'NONE',  ( -30.51220681302030968, -12.44197068634034231, 10.99344539458624936 ) ) ;
#347 = DIRECTION ( 'NONE',  ( 0.000000000000000000, 0.000000000000000000, 1.000000000000000000 ) ) ;
#348 = CARTESIAN_POINT ( 'NONE',  ( 22.47414921483411376, 11.03417717558972200, 0.9295432062308136567 ) ) ;
#349 = CARTESIAN_POINT ( 'NONE',  ( -19.12623135111439865, 18.04764764712810177, 2.591242798918464096 ) ) ;
#350 = CARTESIAN_POINT ( 'NONE',  ( -0.6305529132720972818, -28.26957240597774401, 10.08810864914863714 ) ) ;
#351 = CARTESIAN_POINT ( 'NONE',  ( -22.88853346870827465, 22.29302942775445828, 23.01000000000000156 ) ) ;
#352 = CARTESIAN_POINT ( 'NONE',  ( 5.290183179613344500, 28.20369828959755054, 10.00000007647523503 ) ) ;
#353 = CARTESIAN_POINT ( 'NONE',  ( 11.60460432932085695, 26.53957900233618261, 7.281428988625075149 ) ) ;
#354 = CARTESIAN_POINT ( 'NONE',  ( -23.34752952824617722, 21.66515953067071365, 23.01000000000000156 ) ) ;
#355 = CARTESIAN_POINT ( 'NONE',  ( 30.69062835301542336, 9.666068475201889498, 9.999999957736891432 ) ) ;
#356 = CARTESIAN_POINT ( 'NONE',  ( 27.00689543643399304, 10.58629163603666079, 5.988454958400896366 ) ) ;
#357 = CARTESIAN_POINT ( 'NONE',  ( 16.66762552074685644, -22.11027386191441124, 4.311492020786698021 ) ) ;
#358 = CARTESIAN_POINT ( 'NONE',  ( -14.03964778591904050, 31.39805707577075111, 23.01000000000000156 ) ) ;
#359 = DIRECTION ( 'NONE',  ( 1.000000000000000000, 0.000000000000000000, 0.000000000000000000 ) ) ;
#360 = CARTESIAN_POINT ( 'NONE',  ( -19.73924867665696681, -17.32898281643266714, 2.565912605592992168 ) ) ;
#361 = CARTESIAN_POINT ( 'NONE',  ( 20.84776612823513631, 19.92079141030142253, 5.936019903504015538 ) ) ;
#362 = CARTESIAN_POINT ( 'NONE',  ( -20.82510257879166815, 18.76929387600103993, -0.1000000000000000056 ) ) ;
#363 = CARTESIAN_POINT ( 'NONE',  ( -24.90176204889491274, 11.89050469727612480, 4.274784539871506972 ) ) ;
#364 = CARTESIAN_POINT ( 'NONE',  ( 19.16976120898665314, -25.77452765591515771, 9.999994981367837710 ) ) ;
#365 = CARTESIAN_POINT ( 'NONE',  ( 24.81835200237176764, -12.04071376789201686, 4.272866079809924500 ) ) ;
#366 = CARTESIAN_POINT ( 'NONE',  ( 3.814305547813523045, -28.22664260379165668, 23.01000000000000156 ) ) ;
#367 = DIRECTION ( 'NONE',  ( -0.000000000000000000, -0.000000000000000000, -1.000000000000000000 ) ) ;
#368 = CARTESIAN_POINT ( 'NONE',  ( 22.67684655344754674, 22.57187771887710426, 23.01000000000000156 ) ) ;
#369 = CARTESIAN_POINT ( 'NONE',  ( 26.12137969278754923, 10.35918995460110992, -0.000000000000000000 ) ) ;
#370 = CARTESIAN_POINT ( 'NONE',  ( -29.17675063819061521, 8.319139376765294358, 7.654450719703640438 ) ) ;
#371 = CARTESIAN_POINT ( 'NONE',  ( 16.59548979763936671, -31.09195699205987751, 10.00000000000000000 ) ) ;
#372 = CARTESIAN_POINT ( 'NONE',  ( 29.59114009427011283, -11.23064237022654055, 9.333654699690011824 ) ) ;
#373 = CARTESIAN_POINT ( 'NONE',  ( 17.45948587364289750, 17.95079777828606993, 0.9507361411991316347 ) ) ;
#374 = CARTESIAN_POINT ( 'NONE',  ( -10.84636028948903785, 22.53898629329409076, 0.7574472049004978835 ) ) ;
#375 = CARTESIAN_POINT ( 'NONE',  ( -9.818785197361943773, -22.98901096888930340, 0.6658335315971702917 ) ) ;
#376 = CARTESIAN_POINT ( 'NONE',  ( -0.1974229669467525428, -28.24613825588014393, 10.00000000000000178 ) ) ;
#377 = CARTESIAN_POINT ( 'NONE',  ( 11.64607156097158303, -24.52216701629516749, 4.068768626320030002 ) ) ;
#378 = ORIENTED_EDGE ( 'NONE', *, *, #6230, .T. ) ;
#379 = CARTESIAN_POINT ( 'NONE',  ( -27.72154011478315283, -12.14443300802011549, 7.638829511497057467 ) ) ;
#380 = CARTESIAN_POINT ( 'NONE',  ( -29.76529173032966824, -12.19129518993542938, 9.999999771184883812 ) ) ;
#381 = EDGE_CURVE ( 'NONE', #1160, #1534, #696, .T. ) ;
#382 = CARTESIAN_POINT ( 'NONE',  ( 27.29206164667775170, 12.85737993761641285, 7.619370249777075443 ) ) ;
#383 = CARTESIAN_POINT ( 'NONE',  ( -24.63189932654050196, 21.01967268970245684, 10.90574107047323338 ) ) ;
#384 = CARTESIAN_POINT ( 'NONE',  ( 8.082878685824079312, -28.27495780928287772, 10.29627148036051665 ) ) ;
#385 = CARTESIAN_POINT ( 'NONE',  ( -5.047201990823660722, 28.21367423557158460, 10.00000000000000178 ) ) ;
#386 = CARTESIAN_POINT ( 'NONE',  ( 5.739099504559118436, 28.19679255617722546, 9.999958103882278238 ) ) ;
#387 = VECTOR ( 'NONE', #5154, 1000.000000000000000 ) ;
#388 = CARTESIAN_POINT ( 'NONE',  ( 10.63539596532069709, 24.79149195045081200, 3.975903333793190164 ) ) ;
#389 = CARTESIAN_POINT ( 'NONE',  ( 3.217269560254020888, 28.23436427629356515, 23.01000000000000156 ) ) ;
#390 = CARTESIAN_POINT ( 'NONE',  ( 31.72002596990849099, -5.403158738297039854, 9.999999989557521118 ) ) ;
#391 = UNCERTAINTY_MEASURE_WITH_UNIT (LENGTH_MEASURE( 1.000000000000000082E-05 ), #3093, 'distance_accuracy_value', 'NONE');
#392 = CARTESIAN_POINT ( 'NONE',  ( 24.37599901634447974, 5.968968680639101798, 0.9706822959851457711 ) ) ;
#393 = CARTESIAN_POINT ( 'NONE',  ( 20.12725335497174939, -20.78249433450190509, 5.965354683533321989 ) ) ;
#394 = AXIS2_PLACEMENT_3D ( 'NONE', #532, #2532, #2564 ) ;
#395 = CARTESIAN_POINT ( 'NONE',  ( -16.59548979766552890, 31.09195699207326413, 10.00000000000000000 ) ) ;
#396 = CARTESIAN_POINT ( 'NONE',  ( -25.13446777021122713, 25.62541785370105529, 23.01000000000000156 ) ) ;
#397 = CARTESIAN_POINT ( 'NONE',  ( -20.72218156389779153, -20.07953500488206444, 5.941763395227585676 ) ) ;
#398 = CARTESIAN_POINT ( 'NONE',  ( -23.81343166052628035, -20.06650662663633611, 9.233113224846530187 ) ) ;
#399 = CARTESIAN_POINT ( 'NONE',  ( 18.19714646077149567, 17.19417301116495267, 0.9222623664892068973 ) ) ;
#400 = CARTESIAN_POINT ( 'NONE',  ( 11.49948577547865369, 25.59104302769982198, -0.1000000000000000056 ) ) ;
#401 = CARTESIAN_POINT ( 'NONE',  ( -28.48584359140112454, 13.33306679636232239, 9.280654148931857250 ) ) ;
#402 = CARTESIAN_POINT ( 'NONE',  ( 8.271852382349337063, -28.14160564647199791, 9.999991272190321467 ) ) ;
#403 = ADVANCED_FACE ( 'NONE', ( #1129 ), #3147, .F. ) ;
#404 = CARTESIAN_POINT ( 'NONE',  ( 24.35428902737007562, -12.83325871942052565, 4.247886669801545168 ) ) ;
#405 = CARTESIAN_POINT ( 'NONE',  ( -11.97995047455987638, -28.01531176859780814, 23.01000000000000156 ) ) ;
#406 = CARTESIAN_POINT ( 'NONE',  ( -16.60399911787544269, -31.09222351977709309, 10.00000000000000000 ) ) ;
#407 = CARTESIAN_POINT ( 'NONE',  ( -8.786553704735199588, 26.28343412644132471, -0.8889690687347079345 ) ) ;
#408 = CARTESIAN_POINT ( 'NONE',  ( -5.454696649572658984, -27.70716974471610428, -0.09999999999999982514 ) ) ;
#409 = CARTESIAN_POINT ( 'NONE',  ( -27.32273159959846254, 9.742130187159673937, 5.983576227473593079 ) ) ;
#410 = CARTESIAN_POINT ( 'NONE',  ( -28.10000000000000853, -8.085188673624156552E-12, -4.966663941230457953E-05 ) ) ;
#411 = CARTESIAN_POINT ( 'NONE',  ( 26.99643040561410601, -10.61248627859514038, 5.988400663371423072 ) ) ;
#412 = CARTESIAN_POINT ( 'NONE',  ( 18.17608329637054609, 19.06659039130663302, 2.625650251222417797 ) ) ;
#413 = CARTESIAN_POINT ( 'NONE',  ( -12.05668075224506275, 24.39757166742542793, 4.099238243859203656 ) ) ;
#414 = CARTESIAN_POINT ( 'NONE',  ( -13.11300295855573061, -22.71898442972512910, 2.540828769673700194 ) ) ;
#415 = CARTESIAN_POINT ( 'NONE',  ( -0.1974229669467525428, -28.24613825588014393, 23.01000000000000156 ) ) ;
#416 = CARTESIAN_POINT ( 'NONE',  ( 12.96199988342102749, -28.31108144879262412, 10.62456725257844603 ) ) ;
#417 = ORIENTED_EDGE ( 'NONE', *, *, #5069, .T. ) ;
#418 = CARTESIAN_POINT ( 'NONE',  ( -30.46257598356537954, -12.54401109742295439, 10.99188985651384876 ) ) ;
#419 = CARTESIAN_POINT ( 'NONE',  ( -23.63786594734801128, -21.26388294684027969, 9.999999225509414558 ) ) ;
#420 = CARTESIAN_POINT ( 'NONE',  ( 25.10733985930228584, 11.53550372747993435, 4.291737808096266704 ) ) ;
#421 = CARTESIAN_POINT ( 'NONE',  ( -20.88169217541913270, 19.87307500261275450, 5.929861269108514854 ) ) ;
#422 = CARTESIAN_POINT ( 'NONE',  ( -6.045860988229201816, -25.64443665804925843, 3.599808413661559570 ) ) ;
#423 = CARTESIAN_POINT ( 'NONE',  ( -12.01649232110839272, 28.01072602906296538, 10.00000000000000178 ) ) ;
#424 = CARTESIAN_POINT ( 'NONE',  ( -10.80178378204482925, 28.06085055225837621, 9.999995139876778794 ) ) ;
#425 = CARTESIAN_POINT ( 'NONE',  ( 9.427361197134175086, 23.14660708642188425, 0.6268280540278238222 ) ) ;
#426 = CARTESIAN_POINT ( 'NONE',  ( -14.32717579298465260, 27.76006594600928779, 23.01000000000000156 ) ) ;
#427 = CARTESIAN_POINT ( 'NONE',  ( 29.73812347574541448, 12.25071013810488907, 9.999998824386382879 ) ) ;
#428 = CARTESIAN_POINT ( 'NONE',  ( 30.25195264284002050, 9.526968172696623327, 9.333653712812465031 ) ) ;
#429 = CARTESIAN_POINT ( 'NONE',  ( 22.87190064680910950, 21.38872279978318858, 9.267580479753329215 ) ) ;
#430 = CARTESIAN_POINT ( 'NONE',  ( 12.75653151894947257, 31.40176592949499934, 23.01000000000000156 ) ) ;
#431 = CARTESIAN_POINT ( 'NONE',  ( 20.21789168898782307, 29.73091665217688728, 10.00000000000000000 ) ) ;
#432 = CARTESIAN_POINT ( 'NONE',  ( -20.65254574408320209, -20.16635603241004659, 5.945061071789776719 ) ) ;
#433 = CARTESIAN_POINT ( 'NONE',  ( 19.94903714246924764, 19.02829792518308238, 4.266235341867233188 ) ) ;
#434 = CARTESIAN_POINT ( 'NONE',  ( -23.41070562110712316, 27.55159601846021289, 10.00000000000001243 ) ) ;
#435 = CARTESIAN_POINT ( 'NONE',  ( 22.96735037096610910, -22.18523891421843075, 9.999962516486419872 ) ) ;
#436 = CARTESIAN_POINT ( 'NONE',  ( 19.12700547157261255, -18.04847234508850207, 2.592738697437619866 ) ) ;
#437 = CARTESIAN_POINT ( 'NONE',  ( 11.83447480300060484, -28.01944925043280676, 23.01000000000000156 ) ) ;
#438 = CARTESIAN_POINT ( 'NONE',  ( 20.94365121947075181, 24.46975418660224832, 10.00000000000000178 ) ) ;
#439 = CARTESIAN_POINT ( 'NONE',  ( 15.84705721725262961, 23.17358821725826346, -0.09999999999999979738 ) ) ;
#440 = CARTESIAN_POINT ( 'NONE',  ( 22.65772636572297216, -15.57199689451832114, -0.8889690687347099329 ) ) ;
#441 = CARTESIAN_POINT ( 'NONE',  ( -31.71691562693700916, 9.043255412521485681, 10.99621069486894065 ) ) ;
#442 = LINE ( 'NONE', #3041, #2694 ) ;
#443 = CARTESIAN_POINT ( 'NONE',  ( 24.56327075798159854, -9.579158106306476128, 2.643312531745976912 ) ) ;
#444 = B_SPLINE_CURVE_WITH_KNOTS ( 'NONE', 3,
 ( #595, #3685, #2695, #4155, #2730, #5249, #4290, #123, #4189, #4256, #759, #220, #1215, #4753, #2237, #3722, #4686, #3166, #1182, #2662, #152, #5771, #2269, #5216, #6271, #5284, #2202, #1645, #2763, #4789, #256, #6307, #4721, #1677, #1742, #625, #5672, #5735, #1779, #2168, #3792, #3759, #657, #1149, #4657, #1252, #5702, #5182, #5806, #1289, #3232, #187, #6199, #3198 ),
 .UNSPECIFIED., .F., .F.,
 ( 4, 2, 2, 2, 2, 2, 2, 2, 2, 2, 2, 2, 2, 2, 2, 2, 2, 2, 2, 2, 2, 2, 2, 2, 2, 2, 4 ),
 ( 0.1544106417005209897, 0.1562727631526680261, 0.1581348846048150625, 0.1618591275091091075, 0.1637212489612561439, 0.1646523096873296621, 0.1655833704134031803, 0.1693076133176972253, 0.1730318562219912981, 0.1748939776741383068, 0.1767560991262853431, 0.1804803420305793882, 0.1823424634827264246, 0.1842045849348734610, 0.1879288278391675060, 0.1897909492913145424, 0.1916530707434615510, 0.1935151921956085874, 0.1953773136477555961, 0.1972394350999026325, 0.1991015565520496411, 0.2028257994563437139, 0.2046879209084907225, 0.2065500423606377589, 0.2084121638127847675, 0.2102742852649318039, 0.2139985281692258490 ),
 .UNSPECIFIED. ) ;
#445 = CARTESIAN_POINT ( 'NONE',  ( 16.82342467978987344, 23.54323359839798968, 5.963665936592933647 ) ) ;
#446 = CARTESIAN_POINT ( 'NONE',  ( -16.66608767704266114, 22.10827787906752917, 4.308291266217040949 ) ) ;
#447 = CARTESIAN_POINT ( 'NONE',  ( -16.41112704411536782, -18.91685091395930485, 0.9692340933215463084 ) ) ;
#448 = CARTESIAN_POINT ( 'NONE',  ( -12.97909463404725550, -27.95512383084756891, 23.01000000000000156 ) ) ;
#449 = CARTESIAN_POINT ( 'NONE',  ( 11.02515712519033642, -24.69520738298382412, 4.015060220840359406 ) ) ;
#450 = VERTEX_POINT ( 'NONE', #2643 ) ;
#451 = CARTESIAN_POINT ( 'NONE',  ( -26.83811729599410256, -10.97989043594366443, 5.981423694517488343 ) ) ;
#452 = CARTESIAN_POINT ( 'NONE',  ( -29.76246067163555509, -12.19745980179458833, 10.00000000033241854 ) ) ;
#453 = CARTESIAN_POINT ( 'NONE',  ( 29.76433580589196737, 13.72135990595252508, 10.96199492923472718 ) ) ;
#454 = CARTESIAN_POINT ( 'NONE',  ( -22.08047671824435554, 16.28928083627323531, 4.202324513594046351 ) ) ;
#455 = CARTESIAN_POINT ( 'NONE',  ( -22.88853346870827465, 22.29302942775445828, 10.00000000000000178 ) ) ;
#456 = CARTESIAN_POINT ( 'NONE',  ( -22.95245912012056522, 22.20499136934796880, 9.999484592233546465 ) ) ;
#457 = CARTESIAN_POINT ( 'NONE',  ( -22.24720417293379882, 23.10709088691792701, 23.01000000000000156 ) ) ;
#458 = CARTESIAN_POINT ( 'NONE',  ( 29.00279589829254689, -0.5440101811248161390, 5.988531141581259654 ) ) ;
#459 = CARTESIAN_POINT ( 'NONE',  ( 21.39058356812283535, 19.22637322730846776, 5.915643712890122252 ) ) ;
#460 = DIRECTION ( 'NONE',  ( -0.000000000000000000, -0.000000000000000000, -1.000000000000000000 ) ) ;
#461 = CARTESIAN_POINT ( 'NONE',  ( -22.51002276005543834, -11.11150226652729422, 1.010797109309812258 ) ) ;
#462 = CARTESIAN_POINT ( 'NONE',  ( -22.55495868407744098, -21.82743297679309791, 9.278494158779915679 ) ) ;
#463 = CARTESIAN_POINT ( 'NONE',  ( 19.05281681140878192, 18.13252472694027873, 2.595907101542859863 ) ) ;
#464 = CARTESIAN_POINT ( 'NONE',  ( -12.75653151897559212, -31.40176592948167666, 23.01000000000000156 ) ) ;
#465 = CARTESIAN_POINT ( 'NONE',  ( 23.20428741284110430, -21.86134631062403955, 9.999999993742836324 ) ) ;
#466 = CARTESIAN_POINT ( 'NONE',  ( 18.29414241757348236, -17.08989170226773524, 0.9179501384287152010 ) ) ;
#467 = ADVANCED_FACE ( 'NONE', ( #135 ), #4099, .F. ) ;
#468 = B_SPLINE_CURVE_WITH_KNOTS ( 'NONE', 3,
 ( #5503, #5010, #884, #483, #4911, #5103, #2089 ),
 .UNSPECIFIED., .F., .F.,
 ( 4, 1, 1, 1, 4 ),
 ( 0.000000000000000000, 0.2500000000000000000, 0.5000000000000000000, 0.7500000000000000000, 1.000000000000000000 ),
 .UNSPECIFIED. ) ;
#469 = CARTESIAN_POINT ( 'NONE',  ( 21.68426910665120033, 23.76104440231941339, 23.01000000000000156 ) ) ;
#470 = CARTESIAN_POINT ( 'NONE',  ( -18.19725486673764436, -17.19429015832395535, 0.9224728680309772777 ) ) ;
#471 = CARTESIAN_POINT ( 'NONE',  ( -16.53421239730789338, 31.10521529711920152, 10.00000000000000000 ) ) ;
#472 = CARTESIAN_POINT ( 'NONE',  ( 21.35359841832743655, -17.30486989354884031, -0.8889690687347061582 ) ) ;
#473 = CARTESIAN_POINT ( 'NONE',  ( -25.74371257014769299, 10.17984969277840968, 4.312497740188859119 ) ) ;
#474 = CARTESIAN_POINT ( 'NONE',  ( 1.169886043702635492, 28.08436187474148937, -7.947760929100847313E-06 ) ) ;
#475 = CARTESIAN_POINT ( 'NONE',  ( 22.98629462259161826, -9.937329786342290916, 0.9628905116402162179 ) ) ;
#476 = CARTESIAN_POINT ( 'NONE',  ( 15.27719288418363952, 21.45471569835582670, 2.622837831692093058 ) ) ;
#477 = CARTESIAN_POINT ( 'NONE',  ( -10.65909002612787582, 24.78431299258122067, 3.977476977424349691 ) ) ;
#478 = CARTESIAN_POINT ( 'NONE',  ( -19.29649102459104171, -21.64496611414191563, 5.984359193861707560 ) ) ;
#479 = CARTESIAN_POINT ( 'NONE',  ( 27.64504063153392011, -15.56505220698586278, 10.00000000000000178 ) ) ;
#480 = CARTESIAN_POINT ( 'NONE',  ( 13.19745887256607197, -28.30754056130027863, 10.64753021428115254 ) ) ;
#481 = ORIENTED_EDGE ( 'NONE', *, *, #991, .F. ) ;
#482 = CARTESIAN_POINT ( 'NONE',  ( -30.25511139024025908, -12.94780842767701046, 10.98398551928951683 ) ) ;
#483 = CARTESIAN_POINT ( 'NONE',  ( -36.20448314073975382, 0.002990514695031193729, 10.00000000000000000 ) ) ;
#484 = EDGE_CURVE ( 'NONE', #5404, #6325, #2425, .T. ) ;
#485 = CARTESIAN_POINT ( 'NONE',  ( 24.99647262548599613, 11.73050473789376014, 4.284070116541759177 ) ) ;
#486 = CARTESIAN_POINT ( 'NONE',  ( -18.16556884975854302, 17.22819704568600585, 0.9241896686767493430 ) ) ;
#487 = CARTESIAN_POINT ( 'NONE',  ( -6.613722356323051166, -24.84393329208011281, 1.990905371095579079 ) ) ;
#488 = CARTESIAN_POINT ( 'NONE',  ( -23.19476646534633346, 21.87463502944357074, 23.01000000000000156 ) ) ;
#489 = CARTESIAN_POINT ( 'NONE',  ( -23.03536708281627554, 22.09241471786464217, 9.999998790013398420 ) ) ;
#490 = CARTESIAN_POINT ( 'NONE',  ( -32.67061578182617154, -14.83999710875012745, 9.999999999999994671 ) ) ;
#491 = CARTESIAN_POINT ( 'NONE',  ( 30.02013113594529159, 11.58220917288242191, 10.00007936707853240 ) ) ;
#492 = CARTESIAN_POINT ( 'NONE',  ( 28.88998323812177560, 3.215311070038588959, 5.988461382846772985 ) ) ;
#493 = CARTESIAN_POINT ( 'NONE',  ( 20.34949731321306032, 18.54095653946635736, 4.249845841342784425 ) ) ;
#494 = CARTESIAN_POINT ( 'NONE',  ( -27.25591930012292963, -7.062015143624570612, -2.628548059702317310E-05 ) ) ;
#495 = CARTESIAN_POINT ( 'NONE',  ( -18.17142265078500785, -17.22167063117895580, 0.9234836878432203244 ) ) ;
#496 = CARTESIAN_POINT ( 'NONE',  ( -1.487197773948756740, 27.71981200586332150, 8.396801885992385195 ) ) ;
#497 = CARTESIAN_POINT ( 'NONE',  ( 11.52425000215549211, 25.64857664258197900, 0.000000000000000000 ) ) ;
#498 = CARTESIAN_POINT ( 'NONE',  ( 25.63614894923336607, -18.46895150989491086, 9.999803603962719833 ) ) ;
#499 = CARTESIAN_POINT ( 'NONE',  ( 20.99702549896895931, -19.73246210050251293, 5.930288273457941628 ) ) ;
#500 = CARTESIAN_POINT ( 'NONE',  ( 18.41385741822990596, 26.27430903004794160, 23.01000000000000156 ) ) ;
#501 = LINE ( 'NONE', #4092, #3131 ) ;
#502 = VECTOR ( 'NONE', #1152, 1000.000000000000114 ) ;
#503 = CARTESIAN_POINT ( 'NONE',  ( -19.05649084541825644, -18.12664841506287061, 2.594205461258601630 ) ) ;
#504 = CARTESIAN_POINT ( 'NONE',  ( -0.003909739586313563421, 28.24749035868016378, -0.1000000000000001305 ) ) ;
#505 = CARTESIAN_POINT ( 'NONE',  ( 11.31106170780615194, -25.13399043824955470, -0.8889690687347078235 ) ) ;
#506 = CARTESIAN_POINT ( 'NONE',  ( -23.26562253258743240, 9.268463212202441071, 0.9706038094005381422 ) ) ;
#507 = CARTESIAN_POINT ( 'NONE',  ( -27.99705837860548030, 2.776409729333728649, 6.726115587252615472E-05 ) ) ;
#508 = EDGE_CURVE ( 'NONE', #816, #1009, #1341, .T. ) ;
#509 = CARTESIAN_POINT ( 'NONE',  ( 25.70638614270540145, -10.27840659258223610, 4.315340383903193633 ) ) ;
#510 = CARTESIAN_POINT ( 'NONE',  ( 21.52833991018574267, 21.09107572919443641, 7.609236665846442094 ) ) ;
#511 = CARTESIAN_POINT ( 'NONE',  ( -10.55442973523231665, 24.80876774274257812, 3.967181406925273990 ) ) ;
#512 = CARTESIAN_POINT ( 'NONE',  ( -13.00230233721070938, -24.08090948958137290, 4.170854504706301924 ) ) ;
#513 = CARTESIAN_POINT ( 'NONE',  ( 20.22044583681554997, -25.03689568835999069, 23.01000000000000156 ) ) ;
#514 = EDGE_LOOP ( 'NONE', ( #3015, #4774, #2458, #616, #113 ) ) ;
#515 = CARTESIAN_POINT ( 'NONE',  ( -27.00328465695071856, -10.58488264774252841, 5.983548607812054776 ) ) ;
#516 = CARTESIAN_POINT ( 'NONE',  ( -25.75039863278409769, -18.30397054896780062, 9.999981032368433276 ) ) ;
#517 = CARTESIAN_POINT ( 'NONE',  ( 25.30188684815237465, 11.16191089342678033, 4.302377247614166400 ) ) ;
#518 = CARTESIAN_POINT ( 'NONE',  ( -18.18309963647714511, 17.20948869029813721, 0.9233703808884838882 ) ) ;
#519 = CARTESIAN_POINT ( 'NONE',  ( -10.66902698068349764, -25.74302961261238920, 5.591648032464027196 ) ) ;
#520 = CARTESIAN_POINT ( 'NONE',  ( -30.58810108439095643, 10.04059723192108855, 23.01000000000000156 ) ) ;
#521 = CARTESIAN_POINT ( 'NONE',  ( -26.47442773660584336, 17.26536113965102714, 9.999934357171655464 ) ) ;
#522 = CARTESIAN_POINT ( 'NONE',  ( -25.84665779322445189, -15.05622011430005003, 7.559046619137461676 ) ) ;
#523 = CARTESIAN_POINT ( 'NONE',  ( -20.87518456890552443, -18.82491954263667822, 0.000000000000000000 ) ) ;
#524 = CARTESIAN_POINT ( 'NONE',  ( 28.27396329172153600, 10.97423583621175069, 7.661069245903055602 ) ) ;
#525 = CARTESIAN_POINT ( 'NONE',  ( 21.78621358542326547, 20.75838609646067212, 7.604400531024752219 ) ) ;
#526 = CARTESIAN_POINT ( 'NONE',  ( -25.86390844517557142, -24.58080303555374968, 10.00000000000000000 ) ) ;
#527 = DIRECTION ( 'NONE',  ( -0.000000000000000000, -0.000000000000000000, -1.000000000000000000 ) ) ;
#528 = CARTESIAN_POINT ( 'NONE',  ( 4.610421222320070456, 27.07565736158498382, 6.815304332598454806 ) ) ;
#529 = CARTESIAN_POINT ( 'NONE',  ( -6.656845150218095419, -27.30905078696336474, -6.952813345800043130E-05 ) ) ;
#530 = CARTESIAN_POINT ( 'NONE',  ( 22.69164369104895940, -22.55153421665765734, 10.00000032787251492 ) ) ;
#531 = CARTESIAN_POINT ( 'NONE',  ( 23.71808381395861787, -20.21097031304346814, 9.244351590080150061 ) ) ;
#532 = CARTESIAN_POINT ( 'NONE',  ( 23.29744425724991075, -9.068025754592854426, 23.01000000000000156 ) ) ;
#533 = CARTESIAN_POINT ( 'NONE',  ( 23.29744425724991075, -9.068025754592854426, 10.00000000000000000 ) ) ;
#534 = CARTESIAN_POINT ( 'NONE',  ( -20.84518319002485143, -19.91810921055285633, 5.931119438750227069 ) ) ;
#535 = DIRECTION ( 'NONE',  ( -0.000000000000000000, -0.000000000000000000, -1.000000000000000000 ) ) ;
#536 = CARTESIAN_POINT ( 'NONE',  ( 27.48468057979463097, -22.26797715765501806, 9.999999999999982236 ) ) ;
#537 = CARTESIAN_POINT ( 'NONE',  ( -30.65938525349272936, 12.10503363313221392, 10.99594005716507183 ) ) ;
#538 = CARTESIAN_POINT ( 'NONE',  ( -0.9351664997687481051, 28.09314914353991455, -0.0002637487453826268874 ) ) ;
#539 = B_SPLINE_CURVE_WITH_KNOTS ( 'NONE', 3,
 ( #6365, #2827, #1283, #4217, #2692, #3328, #4851, #4718, #754, #5312, #6231, #1774, #321, #2758, #2329, #184, #2297, #2199, #3683, #1704, #2725, #3718, #5731, #6302, #5801, #2232, #4784, #3229, #4250, #1247, #1211, #6266, #1737, #789, #2790 ),
 .UNSPECIFIED., .F., .F.,
 ( 4, 2, 2, 2, 1, 1, 2, 2, 2, 2, 2, 2, 2, 2, 2, 1, 2, 2, 4 ),
 ( 0.9579862774241227896, 0.9586427418393712596, 0.9589709740469954946, 0.9590530320989015811, 0.9591350901508075566, 0.9592992062546196186, 0.9606121350851156704, 0.9632379927461079960, 0.9684897080680925363, 0.9698026368985885881, 0.9711155657290847509, 0.9737414233900769656, 0.9789931387120615058, 0.9842448540340460461, 0.9849013184492941830, 0.9855577828645422089, 0.9868707116950383718, 0.9894965693560306974, 1.000000000000000000 ),
 .UNSPECIFIED. ) ;
#540 = CARTESIAN_POINT ( 'NONE',  ( 26.64716572186479837, -11.39364735585842681, 5.979861559549681793 ) ) ;
#541 = CARTESIAN_POINT ( 'NONE',  ( 19.77159304847981147, 19.23618969377231025, 4.271083360401165763 ) ) ;
#542 = CARTESIAN_POINT ( 'NONE',  ( -9.596631316933057931, 23.07882002290995871, 0.6432642909000442222 ) ) ;
#543 = CARTESIAN_POINT ( 'NONE',  ( -18.38703804112780560, -24.12084348482230212, 7.658334969197188258 ) ) ;
#544 = CARTESIAN_POINT ( 'NONE',  ( 29.97592626933818138, -11.70490221231226258, 10.00000000000000178 ) ) ;
#545 = ORIENTED_EDGE ( 'NONE', *, *, #3489, .T. ) ;
#546 = CARTESIAN_POINT ( 'NONE',  ( -23.25683471910627631, -9.290463491105883875, 0.9705406846828535938 ) ) ;
#547 = CARTESIAN_POINT ( 'NONE',  ( -13.15174474894006451, -27.93504062965347501, 9.999999993916985019 ) ) ;
#548 = CARTESIAN_POINT ( 'NONE',  ( 27.83167991407452391, 11.95653219984595417, 7.650868787243403801 ) ) ;
#549 = CARTESIAN_POINT ( 'NONE',  ( -19.10850867150034560, 18.06789138850728094, 2.592046105733864625 ) ) ;
#550 = CARTESIAN_POINT ( 'NONE',  ( -5.751940716754949001, -24.99712853841172944, 1.930832672419271479 ) ) ;
#551 = CARTESIAN_POINT ( 'NONE',  ( -29.65361317545012909, -12.43440666690376695, 10.00000000000000178 ) ) ;
#552 = CARTESIAN_POINT ( 'NONE',  ( -23.26869539563566036, 21.77316389100469962, 9.999999928475844513 ) ) ;
#553 = CARTESIAN_POINT ( 'NONE',  ( -26.00770787835764608, -12.51510236422910438, 5.939379984391252698 ) ) ;
#554 = CARTESIAN_POINT ( 'NONE',  ( -20.38377584359539796, -18.38166542772047762, -0.8889690687347078235 ) ) ;
#555 = CARTESIAN_POINT ( 'NONE',  ( 29.62106978251918221, 12.49292811321580743, 9.999999772620737915 ) ) ;
#556 = CARTESIAN_POINT ( 'NONE',  ( 30.05898638200011064, -4.491828748935684068, 7.661084117082519462 ) ) ;
#557 = CARTESIAN_POINT ( 'NONE',  ( 23.93000030313525883, 22.03939272555612305, 10.93290555937857000 ) ) ;
#558 = CARTESIAN_POINT ( 'NONE',  ( 23.29744425724991075, -9.068025754592854426, 15.00000000000000000 ) ) ;
#559 = CARTESIAN_POINT ( 'NONE',  ( 0.5351260733911166190, 26.05738961817613841, 3.394775357443238217 ) ) ;
#560 = CARTESIAN_POINT ( 'NONE',  ( 17.78106140357343889, 20.90003713204204061, -0.8889690687347084896 ) ) ;
#561 = CARTESIAN_POINT ( 'NONE',  ( 19.35652446595328158, -25.65089035813804941, 9.999999862878144796 ) ) ;
#562 = CARTESIAN_POINT ( 'NONE',  ( 22.19056428154899763, -20.22221558833410171, 7.589794137345364788 ) ) ;
#563 = DIRECTION ( 'NONE',  ( -0.000000000000000000, -0.000000000000000000, -1.000000000000000000 ) ) ;
#564 = CARTESIAN_POINT ( 'NONE',  ( 20.02451275075637227, 25.19259712881801860, 9.999999999936855843 ) ) ;
#565 = CARTESIAN_POINT ( 'NONE',  ( -19.03870196894327549, -18.14682673506673183, 2.595029765071599215 ) ) ;
#566 = CARTESIAN_POINT ( 'NONE',  ( -15.84705721728058414, -23.17358821723919604, -0.1000000000000001998 ) ) ;
#567 = CARTESIAN_POINT ( 'NONE',  ( -27.00269633152514359, 10.58619075402825516, 5.983530064186519226 ) ) ;
#568 = CARTESIAN_POINT ( 'NONE',  ( 35.43430268800933192, 6.363465852941660117, 23.01000000000000156 ) ) ;
#569 = CARTESIAN_POINT ( 'NONE',  ( 26.45138217922767510, -11.77379321501807574, 5.970768569015271865 ) ) ;
#570 = B_SPLINE_SURFACE_WITH_KNOTS ( 'NONE', 3, 1, ( 
 ( #1554, #3559, #5582, #1053 ),
 ( #97, #5612, #3069, #64 ),
 ( #1584, #1083, #2105, #3100 ),
 ( #596, #4127, #6236, #3653 ),
 ( #257, #3793, #2270, #1150 ),
 ( #726, #6272, #5183, #760 ),
 ( #1216, #4722, #1253, #4328 ),
 ( #1708, #1743, #5217, #2764 ),
 ( #1290, #1646, #3301, #4257 ),
 ( #188, #2731, #3199, #3723 ),
 ( #3167, #5318, #2696, #221 ),
 ( #4790, #2169, #795, #3233 ),
 ( #6200, #2798, #3686, #5703 ),
 ( #4291, #691, #5250, #292 ),
 ( #4754, #3760, #5772, #5285 ),
 ( #5419, #4990, #4362, #3030 ),
 ( #4122, #1110, #6008, #5606 ),
 ( #5052, #4590, #1516, #4559 ),
 ( #2043, #6508, #3494, #3554 ),
 ( #3063, #5577, #2072, #4085 ),
 ( #6097, #3583, #1177, #2229 ),
 ( #1281, #652, #2128, #4652 ),
 ( #719, #3259, #3294, #3785 ),
 ( #6159, #2197, #685, #5310 ),
 ( #5276, #4749, #752, #6300 ),
 ( #1736, #2756, #6228, #1143 ),
 ( #249, #4284, #5799, #4215 ),
 ( #4248, #1640, #3161, #3227 ),
 ( #6193, #2624, #1702, #5729 ),
 ( #2163, #5177, #2657, #3716 ),
 ( #4182, #3680, #3194, #1210 ),
 ( #5212, #4716, #5244, #182 ),
 ( #213, #6264, #3752, #1245 ),
 ( #1838, #4917, #4320, #786 ),
 ( #2395, #4882, #3919, #922 ),
 ( #5865, #4458, #284, #6468 ),
 ( #3952, #4354, #5968, #1806 ),
 ( #855, #5342, #319, #6397 ),
 ( #1875, #2959, #5047, #4492 ),
 ( #2039, #4117, #86, #6125 ),
 ( #2588, #6533, #1074, #4554 ),
 ( #1607, #523, #2010, #554 ),
 ( #6002, #6063, #3090, #4525 ),
 ( #28, #4052, #2466, #2992 ),
 ( #6500, #2525, #1543, #5508 ),
 ( #5111, #3549, #585, #5015 ),
 ( #4080, #1974, #5572, #3989 ),
 ( #490, #4021, #6033, #3521 ),
 ( #5538, #1018, #1045, #3057 ),
 ( #2553, #4584, #2068, #6092 ),
 ( #3579, #5602, #2190, #5205 ),
 ( #5140, #5270, #143, #2717 ),
 ( #2750, #618, #4647, #3219 ),
 ( #3122, #1171, #4743, #1695 ),
 ( #5663, #6293, #3612, #1635 ),
 ( #207, #1203, #2154, #2620 ),
 ( #3745, #1105, #2224, #3709 ),
 ( #5235, #115, #1666, #5634 ),
 ( #4242, #5756, #678, #6257 ),
 ( #1730, #746, #3673, #1240 ),
 ( #2684, #2123, #3253, #4776 ),
 ( #3187, #4176, #713, #4147 ),
 ( #4208, #243, #2652, #2257 ),
 ( #174, #4278, #1138, #6153 ),
 ( #4708, #6221, #3643, #3156 ),
 ( #5171, #4676, #6186, #5691 ),
 ( #6014, #1431, #3006, #4900 ),
 ( #5395, #5520, #4407, #905 ),
 ( #3444, #872, #3409, #5917 ),
 ( #471, #2375, #5027, #4504 ),
 ( #6417, #3501, #1956, #5460 ),
 ( #4002, #967, #1276, #407 ),
 ( #2873, #5986, #3968, #999 ),
 ( #2905, #2974, #504, #5492 ),
 ( #3779, #5793, #1892, #3935 ),
 ( #1462, #2412, #3288, #2506 ),
 ( #3901, #4997, #6515, #4934 ),
 ( #1398, #938, #5429, #4440 ),
 ( #1991, #4966, #439, #2447 ),
 ( #6483, #4474, #5645, #1118 ),
 ( #4566, #2633, #2567, #4129 ),
 ( #6135, #3561, #3136, #1617 ) ),
 .UNSPECIFIED., .T., .F., .F.,
 ( 4, 1, 1, 1, 2, 1, 1, 1, 2, 1, 1, 1, 2, 1, 1, 1, 2, 1, 1, 1, 2, 1, 1, 1, 2, 1, 1, 1, 2, 1, 1, 1, 2, 1, 1, 1, 2, 1, 1, 1, 2, 1, 1, 1, 2, 1, 1, 1, 2, 1, 1, 1, 2, 1, 1, 1, 2, 1, 1, 1, 2, 1, 1, 1, 4 ),
 ( 2, 1, 1, 2 ),
 ( 0.000000000000000000, 0.01261542597040505101, 0.02523085194081010202, 0.03784627791121515650, 0.05046170388162020404, 0.05340173371079499909, 0.05634176353996980802, 0.05928179336914461695, 0.06222182319831941200, 0.09209099467415424178, 0.1219601661499890438, 0.1518293376258239014, 0.1816985091016587173, 0.1846385389306878788, 0.1875785687597170681, 0.1905185985887462019, 0.1934586284177753635, 0.2060740543834654603, 0.2186894803491555295, 0.2313049063148456264, 0.2439203322805357232, 0.2610461518343520915, 0.2781719713881684042, 0.2952977909419846614, 0.3124236104958009741, 0.3421918884450868559, 0.3719601663943727932, 0.4017284443436587305, 0.4314967222929445567, 0.4486225417197534648, 0.4657483611465622619, 0.4828741805733711701, 0.5000000000001800782, 0.5126154259705875127, 0.5252308519409949472, 0.5378462779114023817, 0.5504617038818098163, 0.5534017337107747236, 0.5563417635397396310, 0.5592817933687044274, 0.5622218231976694458, 0.5920909946735245510, 0.6219601661493794342, 0.6518293376252345395, 0.6816985091010896447, 0.6846385389302638291, 0.6875785687594380136, 0.6905185985886123090, 0.6934586284177864934, 0.7060740543834689298, 0.7186894803491514772, 0.7313049063148340245, 0.7439203322805165719, 0.7610461518343211162, 0.7781719713881256606, 0.7952977909419300939, 0.8124236104957346383, 0.8421918884449985931, 0.8719601663942624370, 0.9017284443435265029, 0.9314967222927903467, 0.9486225417195925935, 0.9657483611463950623, 0.9828741805731975312, 1.000000000000000000 ),
 ( 0.000000000000000000, 1.000000000000000000, 1.010000000000000009, 1.088896906873470849 ),
 .UNSPECIFIED. ) ;
#571 = CARTESIAN_POINT ( 'NONE',  ( 18.68612929399131772, 18.53750716727963166, 2.609847912381046964 ) ) ;
#572 = CARTESIAN_POINT ( 'NONE',  ( -10.52825057228405292, 24.81482385056138895, 3.964588830059257329 ) ) ;
#573 = CARTESIAN_POINT ( 'NONE',  ( -22.34609429797557567, -22.11337380838845590, 9.289344718776128218 ) ) ;
#574 = CARTESIAN_POINT ( 'NONE',  ( 19.81687199461815396, -25.34085852130520777, 23.01000000000000156 ) ) ;
#575 = ORIENTED_EDGE ( 'NONE', *, *, #2438, .T. ) ;
#576 = CARTESIAN_POINT ( 'NONE',  ( -28.26354099894042449, -10.98664142910035046, 7.654457308066453081 ) ) ;
#577 = CARTESIAN_POINT ( 'NONE',  ( -18.22010919899189929, 26.38006056258736010, 23.01000000000000156 ) ) ;
#578 = CARTESIAN_POINT ( 'NONE',  ( -10.40405188219791022, -28.07797503030714381, 9.999999569467236782 ) ) ;
#579 = CARTESIAN_POINT ( 'NONE',  ( -19.90946727164332941, 19.07282707306791991, 4.264933808628887490 ) ) ;
#580 = CARTESIAN_POINT ( 'NONE',  ( -9.815227593153897701, -24.02185886699776773, 2.286017822928811505 ) ) ;
#581 = CARTESIAN_POINT ( 'NONE',  ( -25.09999999999999076, 9.530032209645910673E-15, 1.042014805379780196 ) ) ;
#582 = CARTESIAN_POINT ( 'NONE',  ( -31.96069472108998966, 3.869305985605116405, 10.00000000000000178 ) ) ;
#583 = CARTESIAN_POINT ( 'NONE',  ( -23.58176383326921055, 21.34294823439509514, 10.00000003068058696 ) ) ;
#584 = CARTESIAN_POINT ( 'NONE',  ( -28.48882520634215254, -13.33106865871726221, 9.280929152645635227 ) ) ;
#585 = CARTESIAN_POINT ( 'NONE',  ( -24.98542985561288532, -12.71440132428005931, -0.1000000000000000056 ) ) ;
#586 =( NAMED_UNIT ( * ) PLANE_ANGLE_UNIT ( ) SI_UNIT ( $, .RADIAN. ) );
#587 = EDGE_CURVE ( 'NONE', #3641, #2952, #3805, .T. ) ;
#588 = CARTESIAN_POINT ( 'NONE',  ( 23.71183023039890259, 13.88526293399056755, 4.221556943932512240 ) ) ;
#589 = CARTESIAN_POINT ( 'NONE',  ( -23.41634280605539331, -27.54249763572890686, 10.00000000000000000 ) ) ;
#590 = DIRECTION ( 'NONE',  ( 0.8190726478477587946, 0.5736898095204947534, -0.000000000000000000 ) ) ;
#591 = CARTESIAN_POINT ( 'NONE',  ( 9.189390392423611331, 25.95847594509167067, 5.463960205892797184 ) ) ;
#592 = CARTESIAN_POINT ( 'NONE',  ( 19.68069774582588138, 20.08175797002186158, -0.000000000000000000 ) ) ;
#593 = CARTESIAN_POINT ( 'NONE',  ( 29.87394662745672846, -11.94498242839900648, 9.999999999185053667 ) ) ;
#594 = CARTESIAN_POINT ( 'NONE',  ( 18.22582208355173705, -17.16349978370930174, 0.9211328658222444066 ) ) ;
#595 = CARTESIAN_POINT ( 'NONE',  ( 18.21957421102405306, 17.26433073041002686, 1.008230375691763436 ) ) ;
#596 = CARTESIAN_POINT ( 'NONE',  ( 29.08701843634585060, 19.97908065693104618, 10.00000000000001243 ) ) ;
#597 = CARTESIAN_POINT ( 'NONE',  ( -18.20153799894576707, -17.18970276034782074, 0.9222705354987397186 ) ) ;
#598 = CARTESIAN_POINT ( 'NONE',  ( -21.34880727711699322, -17.31078032000809586, -0.8889690687347088227 ) ) ;
#599 = CARTESIAN_POINT ( 'NONE',  ( -24.57183280341007503, 9.553877615197054141, 2.641817346902409103 ) ) ;
#600 = ADVANCED_FACE ( 'NONE', ( #5851 ), #3043, .F. ) ;
#601 = CARTESIAN_POINT ( 'NONE',  ( 26.95627657004445155, -10.71175599840895920, 5.988115784339441916 ) ) ;
#602 = AXIS2_PLACEMENT_3D ( 'NONE', #59, #2071, #1515 ) ;
#603 = CARTESIAN_POINT ( 'NONE',  ( -10.71133354248155101, 24.77173968081445565, 3.982514165364274827 ) ) ;
#604 = CARTESIAN_POINT ( 'NONE',  ( -22.23073801174633246, -24.27493149983349596, 10.99530611633207933 ) ) ;
#605 = CARTESIAN_POINT ( 'NONE',  ( 27.64504063153392011, -15.56505220698586278, 23.01000000000000156 ) ) ;
#606 = CARTESIAN_POINT ( 'NONE',  ( 29.08701843634585060, 19.97908065693104618, 10.00000000000001243 ) ) ;
#607 = CARTESIAN_POINT ( 'NONE',  ( -30.67059710985600063, -12.07804434800440951, 10.99605703002808887 ) ) ;
#608 = CARTESIAN_POINT ( 'NONE',  ( -20.73204447655055560, -24.65705618182775183, 23.01000000000000156 ) ) ;
#609 = CARTESIAN_POINT ( 'NONE',  ( -12.97617054889300903, -27.95358147223075918, 9.999999958459701688 ) ) ;
#610 = CARTESIAN_POINT ( 'NONE',  ( 23.19859205235171729, 9.434607971817051464, 0.9695724785427819459 ) ) ;
#611 = CARTESIAN_POINT ( 'NONE',  ( -18.22593116673301594, 17.16361600626130013, 0.9213433405296374001 ) ) ;
#612 = CARTESIAN_POINT ( 'NONE',  ( -9.841140706632675261, -24.01398988902868936, 2.288644595810071181 ) ) ;
#613 = CARTESIAN_POINT ( 'NONE',  ( -23.29493315748926463, -9.074474595732640481, 15.00000000000000000 ) ) ;
#614 = CARTESIAN_POINT ( 'NONE',  ( -24.74971780536770183, -19.72191911852898372, 10.00000000000000178 ) ) ;
#615 = CARTESIAN_POINT ( 'NONE',  ( -30.22042567493187804, -11.05062983182852143, 9.999999917277667905 ) ) ;
#616 = ORIENTED_EDGE ( 'NONE', *, *, #4601, .T. ) ;
#617 = CARTESIAN_POINT ( 'NONE',  ( -23.08374824419153271, -12.55944534512862276, 2.565696568474772565 ) ) ;
#618 = CARTESIAN_POINT ( 'NONE',  ( -27.77551573160499032, -5.221250218333637783, 0.000000000000000000 ) ) ;
#619 = CARTESIAN_POINT ( 'NONE',  ( 25.27113554808665086, 15.90674569539424255, 7.557733585130167242 ) ) ;
#620 = CARTESIAN_POINT ( 'NONE',  ( 10.98598519993325340, -25.69106198255656892, 5.619155069069540431 ) ) ;
#621 = DIRECTION ( 'NONE',  ( 1.000000000000000000, 0.000000000000000000, 0.000000000000000000 ) ) ;
#622 = CARTESIAN_POINT ( 'NONE',  ( 2.381337207173727766, 26.03452019608445767, 3.406245457192957460 ) ) ;
#623 = CARTESIAN_POINT ( 'NONE',  ( 25.95290359050844131, -10.86339628285537451, -3.641266997132247896E-06 ) ) ;
#624 = CARTESIAN_POINT ( 'NONE',  ( 22.55399245428191080, -21.83087868867326264, 9.278746641214119961 ) ) ;
#625 = CARTESIAN_POINT ( 'NONE',  ( -17.59539446438641619, 17.91081309897361251, 1.026933653041939287 ) ) ;
#626 = CARTESIAN_POINT ( 'NONE',  ( 17.54081230451583551, 26.68246378859376478, 9.999999930754510657 ) ) ;
#627 = CARTESIAN_POINT ( 'NONE',  ( -21.97582267800578038, -20.49815252580926028, 7.590725760423437940 ) ) ;
#628 = CARTESIAN_POINT ( 'NONE',  ( 28.10000000000001918, 9.744732893334463490E-14, -4.966663940786375520E-05 ) ) ;
#629 = CARTESIAN_POINT ( 'NONE',  ( -32.99925579440780155, -14.26788245632698171, 10.00000000000000533 ) ) ;
#630 = CARTESIAN_POINT ( 'NONE',  ( -26.34156943442746979, 11.95781742666242309, 5.959298736824942821 ) ) ;
#631 = LINE ( 'NONE', #69, #3647 ) ;
#632 = CARTESIAN_POINT ( 'NONE',  ( 22.55149336845840224, -10.87759874103898383, 0.9352847848456065094 ) ) ;
#633 = CARTESIAN_POINT ( 'NONE',  ( -21.67184618831974774, -22.93986735714988257, 9.314515229614926284 ) ) ;
#634 = CARTESIAN_POINT ( 'NONE',  ( 28.79591963265608712, 13.85536225322776183, 10.00000000000000178 ) ) ;
#635 = CARTESIAN_POINT ( 'NONE',  ( 23.17865050105046265, 15.93754813590694042, 0.000000000000000000 ) ) ;
#636 = CARTESIAN_POINT ( 'NONE',  ( -24.56293306038141822, -9.576744888725469806, 2.641817348040937929 ) ) ;
#637 = CARTESIAN_POINT ( 'NONE',  ( -25.87071190358070183, 24.57364245468912500, 15.00000000000000000 ) ) ;
#638 = CARTESIAN_POINT ( 'NONE',  ( 26.70871583144114325, 11.27336216549632475, 5.982700771383306027 ) ) ;
#639 = CARTESIAN_POINT ( 'NONE',  ( -18.66761768991093717, 18.55902019997061458, 2.610918396644661410 ) ) ;
#640 = CARTESIAN_POINT ( 'NONE',  ( -12.42641359588262162, -28.30689551407127169, 10.57211066956523915 ) ) ;
#641 = CARTESIAN_POINT ( 'NONE',  ( -25.10000000000000497, -0.7946163741646203871, 1.042009402993889333 ) ) ;
#642 = CARTESIAN_POINT ( 'NONE',  ( -32.07018300867111549, 2.823588901353492719, 23.01000000000000156 ) ) ;
#643 = CARTESIAN_POINT ( 'NONE',  ( -30.27877156041542150, 10.88798320445214074, 9.999999977078935842 ) ) ;
#644 = VERTEX_POINT ( 'NONE', #4305 ) ;
#645 = CARTESIAN_POINT ( 'NONE',  ( -23.60319626580325547, -11.61334121898069149, 2.597875436715844977 ) ) ;
#646 = CARTESIAN_POINT ( 'NONE',  ( 28.51033793783081904, 14.28205362873141659, 9.999999803690009514 ) ) ;
#647 = CARTESIAN_POINT ( 'NONE',  ( 22.69648874758598112, 15.41916944251055455, 4.204484766231569637 ) ) ;
#648 = CARTESIAN_POINT ( 'NONE',  ( -27.16336625171489416, 13.04617145161343750, 7.606888826092190747 ) ) ;
#649 = CARTESIAN_POINT ( 'NONE',  ( 10.96037234300898966, -25.69484132369298024, 5.616291895740836537 ) ) ;
#650 = SURFACE_STYLE_USAGE ( .BOTH. , #3465 ) ;
#651 = CARTESIAN_POINT ( 'NONE',  ( 12.21296759551720079, 28.00472040328606127, 9.999999990558265495 ) ) ;
#652 = CARTESIAN_POINT ( 'NONE',  ( 25.05610494630965945, -12.74150535960165875, 0.000000000000000000 ) ) ;
#653 = CARTESIAN_POINT ( 'NONE',  ( 12.18127031258594073, 28.29949587906504860, 10.54613599149490177 ) ) ;
#654 = CARTESIAN_POINT ( 'NONE',  ( -8.682638495333446116, -26.73410808580769782, 0.0003527718169917715314 ) ) ;
#655 = CARTESIAN_POINT ( 'NONE',  ( 29.87538196680053915, -11.94160962912493495, 9.999999999887490887 ) ) ;
#656 = CARTESIAN_POINT ( 'NONE',  ( 22.46931776481801180, -21.94965602084092993, 9.283563389366619845 ) ) ;
#657 = CARTESIAN_POINT ( 'NONE',  ( -22.10105927618646504, 11.96210886446009880, 0.9875749368963245844 ) ) ;
#658 = CARTESIAN_POINT ( 'NONE',  ( -21.16419641220997505, -19.51184871854252378, 5.918723080243021073 ) ) ;
#659 = CARTESIAN_POINT ( 'NONE',  ( 12.76522365864014397, -31.39823346868981346, 10.00000000000000000 ) ) ;
#660 = CARTESIAN_POINT ( 'NONE',  ( -25.44374693057252657, -11.92708293524266594, 0.000000000000000000 ) ) ;
#661 = CARTESIAN_POINT ( 'NONE',  ( -27.86110529655056567, 11.88186164225097130, 7.645213179142379190 ) ) ;
#662 = EDGE_CURVE ( 'NONE', #5303, #3251, #3973, .T. ) ;
#663 = CARTESIAN_POINT ( 'NONE',  ( 24.94667189766504478, -11.81670633254963754, 4.280604962045447159 ) ) ;
#664 = CARTESIAN_POINT ( 'NONE',  ( 23.41293081959998901, 22.77119175557917075, 10.93933664756277047 ) ) ;
#665 = CARTESIAN_POINT ( 'NONE',  ( -19.19719242057113107, -19.88309351787645696, 4.295413002699588922 ) ) ;
#666 = CARTESIAN_POINT ( 'NONE',  ( 32.06615159634031897, 2.856651844438863996, 23.01000000000000156 ) ) ;
#667 = ORIENTED_EDGE ( 'NONE', *, *, #4015, .T. ) ;
#668 = CARTESIAN_POINT ( 'NONE',  ( -27.67910275169505141, 0.5191759017678114763, 4.312744797897895666 ) ) ;
#669 = CARTESIAN_POINT ( 'NONE',  ( 26.13017188860433038, -3.905097686961303882, 2.643327399724805904 ) ) ;
#670 = CARTESIAN_POINT ( 'NONE',  ( 13.11239020650701548, 22.71809392377096515, 2.539330834476921872 ) ) ;
#671 = CARTESIAN_POINT ( 'NONE',  ( -23.06786943938521972, 23.25726855542249893, 10.95764514648534593 ) ) ;
#672 = CARTESIAN_POINT ( 'NONE',  ( -11.24948872877840955, -26.57654730358362372, 7.256209407339086148 ) ) ;
#673 = CARTESIAN_POINT ( 'NONE',  ( -20.26820357231253666, -14.82699464748874973, 0.9649786102542941002 ) ) ;
#674 = CARTESIAN_POINT ( 'NONE',  ( -17.13403372877134956, -26.87017780197366079, 10.00000000000000178 ) ) ;
#675 = CARTESIAN_POINT ( 'NONE',  ( -30.91023336732967408, -8.990228497608454106, 10.00002628918835335 ) ) ;
#676 = ORIENTED_EDGE ( 'NONE', *, *, #3696, .F. ) ;
#677 = CARTESIAN_POINT ( 'NONE',  ( -29.74062096440907510, -13.74100861111481464, 10.95071543434493755 ) ) ;
#678 = CARTESIAN_POINT ( 'NONE',  ( -25.72681399037439220, 11.10956714039611981, -0.1000000000000001166 ) ) ;
#679 = CARTESIAN_POINT ( 'NONE',  ( 26.02624744936209567, 17.91014548210299040, 10.00000174419374765 ) ) ;
#680 = CARTESIAN_POINT ( 'NONE',  ( 28.63635573880225138, 15.31656521194716802, 10.92375609865729658 ) ) ;
#681 = CARTESIAN_POINT ( 'NONE',  ( -26.81524408918209801, 15.78707537309460207, 9.227258734943404761 ) ) ;
#682 = CARTESIAN_POINT ( 'NONE',  ( 11.74265556827884005, -26.52686334817868641, 7.300765528032721718 ) ) ;
#683 = CARTESIAN_POINT ( 'NONE',  ( 12.76863570107982682, 27.97395954380702676, 10.00000000000000178 ) ) ;
#684 = CARTESIAN_POINT ( 'NONE',  ( 17.20147913898998837, -30.78366636629829145, 23.00999999999999801 ) ) ;
#685 = CARTESIAN_POINT ( 'NONE',  ( 23.12396657107269604, -15.89073225647782195, -0.1000000000000002554 ) ) ;
#686 = CARTESIAN_POINT ( 'NONE',  ( 11.41908562931925353, 26.55621069616513452, 7.263421129093337036 ) ) ;
#687 = CARTESIAN_POINT ( 'NONE',  ( 36.20448314077391672, -0.002990514941186069725, 10.00000000000000000 ) ) ;
#688 = CARTESIAN_POINT ( 'NONE',  ( 27.34541649470642355, -16.00064796483751195, 9.999996067786209863 ) ) ;
#689 = CARTESIAN_POINT ( 'NONE',  ( 21.65267792558695348, -20.93723172580614289, 7.610062717616765227 ) ) ;
#690 = CARTESIAN_POINT ( 'NONE',  ( -12.76522365863574748, 31.39823346897936673, 23.01000000000000156 ) ) ;
#691 = CARTESIAN_POINT ( 'NONE',  ( 28.26193951886514810, 0.003911728790224455049, 0.000000000000000000 ) ) ;
#692 = CARTESIAN_POINT ( 'NONE',  ( -20.34779969310931236, -18.53926969584813733, 4.246646682598671951 ) ) ;
#693 = CARTESIAN_POINT ( 'NONE',  ( -30.69428644528599648, -17.68434011586064258, 10.00000000000001243 ) ) ;
#694 = CARTESIAN_POINT ( 'NONE',  ( -28.62221030045674652, 13.13396119453114252, 9.288703839644721683 ) ) ;
#695 = CARTESIAN_POINT ( 'NONE',  ( 29.75398047372162580, -13.73248293925179198, 10.96090293376738423 ) ) ;
#696 = B_SPLINE_CURVE_WITH_KNOTS ( 'NONE', 3,
 ( #3754, #5765, #251, #6333, #1808, #5835, #3990, #925, #4954, #955, #5447, #1449, #1383, #389, #3081, #4493, #3394, #3430, #3488, #2860, #2577, #1064, #3886, #1840, #5102, #2928, #426, #1877, #5413, #4884, #577, #857, #3462, #891, #457, #6003, #2431, #3852, #354, #4983, #5379, #5868, #2397, #1480, #1349, #5509, #4460, #6470, #4919, #1943, #2891, #4425, #5935, #2360, #4389, #6436, #3954, #5479, #1911, #2468, #5971, #3921, #2960, #6400, #6501, #1976, #3112, #6212, #1194, #6115, #3663, #3210, #4698, #1721, #4138, #4106, #1597, #6144, #4668, #4734, #3699, #5747, #5714, #608, #3602, #3736, #1229, #5624, #5682, #2215, #1626, #162, #3634, #1162, #4233, #5653 ),
 .UNSPECIFIED., .F., .F.,
 ( 4, 2, 2, 2, 2, 2, 2, 2, 2, 2, 2, 2, 2, 2, 2, 2, 2, 2, 2, 2, 2, 2, 2, 2, 2, 2, 2, 2, 2, 2, 2, 2, 2, 2, 2, 2, 2, 2, 2, 2, 2, 2, 2, 2, 2, 1, 1, 2, 4 ),
 ( 0.5000000000000000000, 0.5078125000000000000, 0.5156250000000000000, 0.5234375000000000000, 0.5273437500000001110, 0.5312500000000001110, 0.5625000000000002220, 0.5937500000000003331, 0.6250000000000004441, 0.6406250000000004441, 0.6484375000000004441, 0.6523437500000004441, 0.6562500000000004441, 0.6640625000000004441, 0.6718750000000005551, 0.6875000000000006661, 0.7031250000000008882, 0.7109375000000008882, 0.7148437500000008882, 0.7187500000000008882, 0.7500000000000007772, 0.7656250000000006661, 0.7695312500000007772, 0.7734375000000006661, 0.7773437500000006661, 0.7812500000000007772, 0.7968750000000006661, 0.8125000000000006661, 0.8281250000000005551, 0.8437500000000004441, 0.8593750000000004441, 0.8750000000000004441, 0.8906250000000003331, 0.8945312500000004441, 0.8984375000000002220, 0.9023437500000003331, 0.9062500000000004441, 0.9375000000000002220, 0.9531250000000002220, 0.9570312500000002220, 0.9609375000000002220, 0.9687500000000002220, 0.9843750000000002220, 0.9921875000000002220, 0.9960937500000002220, 0.9980468750000002220, 0.9990234375000001110, 0.9995117187500001110, 1.000000000000000000 ),
 .UNSPECIFIED. ) ;
#697 = CARTESIAN_POINT ( 'NONE',  ( 18.15821626766896912, 17.23597147864614243, 0.9243083940405090182 ) ) ;
#698 = CARTESIAN_POINT ( 'NONE',  ( -23.42254850938199695, -22.77038830931666524, 10.94909051562272317 ) ) ;
#699 = CARTESIAN_POINT ( 'NONE',  ( 22.08815637707102297, -11.98704349876782338, 0.9870032344105849065 ) ) ;
#700 = CARTESIAN_POINT ( 'NONE',  ( 32.15682450010766757, -1.251298347430582325, 10.00000000000000178 ) ) ;
#701 = ORIENTED_EDGE ( 'NONE', *, *, #1960, .T. ) ;
#702 = CARTESIAN_POINT ( 'NONE',  ( -29.03419255782864639, -1.333388952342830391, 5.983622528069536983 ) ) ;
#703 = CARTESIAN_POINT ( 'NONE',  ( 29.43609121514904103, -7.370759130574983331, 7.661064056228234165 ) ) ;
#704 = AXIS2_PLACEMENT_3D ( 'NONE', #613, #6148, #1454 ) ;
#705 = CARTESIAN_POINT ( 'NONE',  ( 12.36289421843069647, 23.09356474920245006, 2.499355217285536224 ) ) ;
#706 = CARTESIAN_POINT ( 'NONE',  ( -22.18119209029563166, 22.32319351543758756, 9.288896524115294540 ) ) ;
#707 = CARTESIAN_POINT ( 'NONE',  ( -10.90476604287018247, -25.70564573227421690, 5.612069703780425023 ) ) ;
#708 = CARTESIAN_POINT ( 'NONE',  ( 18.02147910097290051, -17.48233150115813572, 1.014126429191309464 ) ) ;
#709 = DIRECTION ( 'NONE',  ( 0.000000000000000000, 0.000000000000000000, 1.000000000000000000 ) ) ;
#710 = CARTESIAN_POINT ( 'NONE',  ( -31.78315756925315227, 5.018740079971667711, 9.999999993340349391 ) ) ;
#711 = ORIENTED_EDGE ( 'NONE', *, *, #3892, .F. ) ;
#712 = CARTESIAN_POINT ( 'NONE',  ( -28.70184822812511882, -13.02012271693293854, 9.294755015616068761 ) ) ;
#713 = CARTESIAN_POINT ( 'NONE',  ( -24.98894849331824020, 12.70748438135785818, -0.1000000000000000056 ) ) ;
#714 = CARTESIAN_POINT ( 'NONE',  ( 28.07173757036725803, 14.93361991871192451, 9.999999342736854757 ) ) ;
#715 = CARTESIAN_POINT ( 'NONE',  ( 20.77965225985769493, 18.00322756390684731, 4.234830024426790906 ) ) ;
#716 = CARTESIAN_POINT ( 'NONE',  ( -21.61103046004981110, 14.85840021224926666, 2.533031898050609243 ) ) ;
#717 = CARTESIAN_POINT ( 'NONE',  ( 33.54831973008586488, -13.05795708734296312, 9.999999999999998224 ) ) ;
#718 = CARTESIAN_POINT ( 'NONE',  ( 12.63804479673321701, 27.98131861033569479, 10.00000000000275335 ) ) ;
#719 = CARTESIAN_POINT ( 'NONE',  ( 30.69918064211137221, -17.67584265711387914, 9.999999999999984013 ) ) ;
#720 = CARTESIAN_POINT ( 'NONE',  ( 9.650411981272933204, 25.01310874169578469, 3.882274865761216276 ) ) ;
#721 = CARTESIAN_POINT ( 'NONE',  ( 34.35374308357233275, 10.99037196094569246, 10.00000000000000000 ) ) ;
#722 = CARTESIAN_POINT ( 'NONE',  ( 29.17139244401758091, -13.28823614515309082, 10.00000000099946718 ) ) ;
#723 = CARTESIAN_POINT ( 'NONE',  ( 22.61346032397487704, -21.74863100220050427, 9.276614769310912223 ) ) ;
#724 = CARTESIAN_POINT ( 'NONE',  ( -7.755399111506324772, 23.79400750946215126, 0.4486060532654987942 ) ) ;
#725 = CARTESIAN_POINT ( 'NONE',  ( -15.95185891490473828, 31.08079655192687341, 23.01000000000000156 ) ) ;
#726 = CARTESIAN_POINT ( 'NONE',  ( 31.76728016152684120, 16.15239761010517228, 10.00000000000000000 ) ) ;
#727 = CARTESIAN_POINT ( 'NONE',  ( -21.86002604482603573, -20.65219351394927472, 7.594918268405026041 ) ) ;
#728 = DIRECTION ( 'NONE',  ( -1.000000000000000000, 0.000000000000000000, -0.000000000000000000 ) ) ;
#729 = CARTESIAN_POINT ( 'NONE',  ( -26.73927599499585028, -8.555355155639292164, -0.1000000000000000056 ) ) ;
#730 = CARTESIAN_POINT ( 'NONE',  ( -25.13995073058234908, 11.46561798211462957, 4.290175795968711014 ) ) ;
#731 = CARTESIAN_POINT ( 'NONE',  ( -6.804142881739144499, -28.17884746723458989, 9.999427470707738408 ) ) ;
#732 = CARTESIAN_POINT ( 'NONE',  ( 27.27215972985761638, -12.88634859806477095, 7.618269722034733071 ) ) ;
#733 = CARTESIAN_POINT ( 'NONE',  ( 18.16702080628888183, 17.22659239364962147, 0.9239002552354032005 ) ) ;
#734 = CARTESIAN_POINT ( 'NONE',  ( -21.63578349982472915, -20.95801904067853627, 7.610640562368372386 ) ) ;
#735 = CARTESIAN_POINT ( 'NONE',  ( 25.41621229574418095, 18.78202284310208370, 10.00000000000000178 ) ) ;
#736 = CARTESIAN_POINT ( 'NONE',  ( 32.42998570555323568, 15.20623476095577153, 10.00000000000000000 ) ) ;
#737 = CARTESIAN_POINT ( 'NONE',  ( -30.24567184170889078, -9.524991134275019533, 9.325336183596586892 ) ) ;
#738 = CARTESIAN_POINT ( 'NONE',  ( 25.03930128951603606, -0.4696481997806119524, 0.9707744194713987529 ) ) ;
#739 = CARTESIAN_POINT ( 'NONE',  ( 16.66448174141096317, 26.50013191798985090, 9.253677315903669154 ) ) ;
#740 = CARTESIAN_POINT ( 'NONE',  ( -21.43977875602929117, 21.20604477702883983, 7.613591560372066525 ) ) ;
#741 = CARTESIAN_POINT ( 'NONE',  ( -12.04969886460307649, -26.49608689113366822, 7.331396980298196198 ) ) ;
#742 = DIRECTION ( 'NONE',  ( 0.000000000000000000, 0.000000000000000000, 1.000000000000000000 ) ) ;
#743 = CARTESIAN_POINT ( 'NONE',  ( -30.33366576736938214, -10.73368203241711960, 9.999999673136688472 ) ) ;
#744 = VERTEX_POINT ( 'NONE', #1791 ) ;
#745 = CARTESIAN_POINT ( 'NONE',  ( -22.57470185062699386, -10.83054921035975937, 0.9375803139634472094 ) ) ;
#746 = CARTESIAN_POINT ( 'NONE',  ( -25.59150149664085916, 11.60916686126549813, 0.000000000000000000 ) ) ;
#747 = CARTESIAN_POINT ( 'NONE',  ( 23.60424716580959981, 11.61377727436832075, 2.599371375868216649 ) ) ;
#748 = CARTESIAN_POINT ( 'NONE',  ( -28.33474552644095468, 13.55675059607715838, 9.274573331774400131 ) ) ;
#749 = CARTESIAN_POINT ( 'NONE',  ( 6.484389716401486758, -24.90459015268855580, 1.967795799371539589 ) ) ;
#750 = CARTESIAN_POINT ( 'NONE',  ( 11.99580775475948968, 28.01462680829167340, 10.00000000000000178 ) ) ;
#751 = CARTESIAN_POINT ( 'NONE',  ( 12.45658668588810869, 27.99286919077774982, 9.999711217962740761 ) ) ;
#752 = CARTESIAN_POINT ( 'NONE',  ( 21.79783093958215900, -17.66447584811395188, -0.09999999999999982514 ) ) ;
#753 = CARTESIAN_POINT ( 'NONE',  ( 10.26089715228432553, 24.87683514795868689, 3.939286200074009425 ) ) ;
#754 = CARTESIAN_POINT ( 'NONE',  ( -22.77301218035668029, -22.44361363122647290, 9.999999997563199017 ) ) ;
#755 = CARTESIAN_POINT ( 'NONE',  ( 31.28127745223813960, 7.557387372136733283, 10.00000021764417824 ) ) ;
#756 = CARTESIAN_POINT ( 'NONE',  ( 24.56403374251517491, 9.577173514805249255, 2.643312531189190295 ) ) ;
#757 = CARTESIAN_POINT ( 'NONE',  ( 20.27647906049662652, -20.61674878360030050, 5.960709996357457463 ) ) ;
#758 = CARTESIAN_POINT ( 'NONE',  ( -8.193175547787133084, 24.51417253815418817, 2.119344106216286772 ) ) ;
#759 = CARTESIAN_POINT ( 'NONE',  ( 10.11695324523750550, 22.97292577609980313, 0.8513309334192569189 ) ) ;
#760 = CARTESIAN_POINT ( 'NONE',  ( 24.45566053676573759, 12.44583966808779785, -0.8889690687347078235 ) ) ;
#761 = CARTESIAN_POINT ( 'NONE',  ( -19.25120350344903031, -17.90372779570919803, 2.585473179090052476 ) ) ;
#762 = CARTESIAN_POINT ( 'NONE',  ( 23.45405479989154429, 22.72438352205991663, 10.94749283677541385 ) ) ;
#763 = CARTESIAN_POINT ( 'NONE',  ( -23.12396657105798425, 15.89073225649857690, -0.09999999999999992228 ) ) ;
#764 = CARTESIAN_POINT ( 'NONE',  ( -23.93624220873752506, 10.98009948164210847, 2.620355363281571037 ) ) ;
#765 = CARTESIAN_POINT ( 'NONE',  ( -4.311919311146863443, -28.21664974502408541, 9.999997716304681816 ) ) ;
#766 = CARTESIAN_POINT ( 'NONE',  ( 22.59593232527869944, -10.78639906919190672, 0.9388437007884751218 ) ) ;
#767 = CARTESIAN_POINT ( 'NONE',  ( 23.39574392360671595, 22.79627638282000390, 10.94033383813114391 ) ) ;
#768 = CARTESIAN_POINT ( 'NONE',  ( -19.00463561354014530, -18.18717187011366221, 2.598135454155821034 ) ) ;
#769 = CARTESIAN_POINT ( 'NONE',  ( 31.81840579389678325, 4.897098379634871712, 23.01000000000000156 ) ) ;
#770 = CARTESIAN_POINT ( 'NONE',  ( 25.72373767615327367, 11.11668836877121613, -0.09999999999999992228 ) ) ;
#771 = CARTESIAN_POINT ( 'NONE',  ( -30.79998252215004229, -7.541771670741038491, 9.325292638396717848 ) ) ;
#772 = CARTESIAN_POINT ( 'NONE',  ( 25.87071190355447570, -24.57364245467583785, 23.01000000000000156 ) ) ;
#773 = CARTESIAN_POINT ( 'NONE',  ( 29.81591857880073348, -10.63102254293709059, 9.333653731366347017 ) ) ;
#774 = CARTESIAN_POINT ( 'NONE',  ( 14.25625569850881824, 26.06949143658117762, 7.498814895290313309 ) ) ;
#775 = CARTESIAN_POINT ( 'NONE',  ( -22.03328765892383245, 22.50846992932444479, 9.294781666112369223 ) ) ;
#776 = CARTESIAN_POINT ( 'NONE',  ( -12.27132010243296101, -26.46684296177163986, 7.351683559632381737 ) ) ;
#777 = CARTESIAN_POINT ( 'NONE',  ( -16.17110611915199314, -27.24576646244056732, 23.01000000000000156 ) ) ;
#778 = CARTESIAN_POINT ( 'NONE',  ( 14.72607812996814225, -27.07854703669897489, 9.155030157889727960 ) ) ;
#779 = VERTEX_POINT ( 'NONE', #5819 ) ;
#780 = CARTESIAN_POINT ( 'NONE',  ( -28.57693953320027092, -13.20168914565459417, 9.285596685614333268 ) ) ;
#781 = CARTESIAN_POINT ( 'NONE',  ( 23.73167549012990918, 11.37602556295281353, 2.608062822263315539 ) ) ;
#782 = CARTESIAN_POINT ( 'NONE',  ( -26.20164080148921570, 16.67498661600709298, 9.217871523825568403 ) ) ;
#783 = CARTESIAN_POINT ( 'NONE',  ( 4.988732643939344236, -25.77612742990424621, 3.535926300192252292 ) ) ;
#784 = DIRECTION ( 'NONE',  ( 0.7071067811865467956, 0.000000000000000000, 0.7071067811865483499 ) ) ;
#785 = CARTESIAN_POINT ( 'NONE',  ( -0.3108489182389889138, 28.24099213506025663, 9.999984009238788829 ) ) ;
#786 = CARTESIAN_POINT ( 'NONE',  ( 0.003875656049784654156, -28.00122972911778163, -0.8889690687347098219 ) ) ;
#787 = CARTESIAN_POINT ( 'NONE',  ( 10.14998725912879962, 24.90183199418386550, 3.928879245727094460 ) ) ;
#788 = EDGE_CURVE ( 'NONE', #5661, #1565, #1567, .T. ) ;
#789 = CARTESIAN_POINT ( 'NONE',  ( -16.78860467755391284, -27.03063390148194145, 10.00000000000000000 ) ) ;
#790 = CARTESIAN_POINT ( 'NONE',  ( 30.21359444192717447, -11.06765393702050737, 9.999999965007512870 ) ) ;
#791 = CARTESIAN_POINT ( 'NONE',  ( 25.79049020253567548, 10.06899602774643121, 4.315895750766526540 ) ) ;
#792 = CARTESIAN_POINT ( 'NONE',  ( 17.65764747617899388, -17.75422633289840135, 0.9444637071944690376 ) ) ;
#793 = CARTESIAN_POINT ( 'NONE',  ( -9.375700858663003956, 23.16659399435135214, 0.6207630535908260638 ) ) ;
#794 = CARTESIAN_POINT ( 'NONE',  ( -34.29651874282066615, 10.95554921716413688, 23.00999999999999446 ) ) ;
#795 = CARTESIAN_POINT ( 'NONE',  ( 26.73927599502713193, 8.555355155541354506, -0.1000000000000000056 ) ) ;
#796 = CARTESIAN_POINT ( 'NONE',  ( -19.74148335116796815, -15.38161229649812789, 0.8693647143864426940 ) ) ;
#797 = CARTESIAN_POINT ( 'NONE',  ( -26.12137969275304528, -10.35918995468791337, -0.000000000000000000 ) ) ;
#798 = CARTESIAN_POINT ( 'NONE',  ( -24.97315922688861889, 11.76513503192402155, 4.279169964251705593 ) ) ;
#799 = B_SPLINE_CURVE_WITH_KNOTS ( 'NONE', 3,
 ( #6227, #4214, #2161, #3226, #3160, #4181, #1176, #3127, #1244, #6192, #5243, #5211, #1672, #6157, #5275, #2723, #4651, #3679, #3193, #2127, #718, #4748, #1639, #1735, #751, #2755, #3648, #2656, #4781, #2262, #4283, #6299, #3617, #5638, #1109, #5668, #651, #5697, #5833, #2358, #4849, #1909, #5798, #2889, #1874, #2825, #6396, #2788, #6363, #3784, #4353, #386, #3918, #2394, #1280, #352, #854, #3884, #5309, #889, #5411, #4916, #785, #921, #2926, #1837, #3392, #1381, #1347, #4423, #4387, #5902, #318, #283, #6434, #5341, #2858, #5933, #1772, #3361, #4816, #1415, #3427, #5445, #3850, #4952, #424, #5377, #2295, #2429, #4457, #3293, #4319, #4881, #2327, #1805, #3818, #1315, #3325, #824, #5864, #1448, #3547, #1973, #2465, #5967, #2551, #5014, #4491, #1072, #5600, #5045, #1510, #3987, #6499, #6001, #3951, #3519, #984, #3088, #26, #3055, #3461, #3577, #1479, #5507, #55, #4020, #5478, #3487, #2991, #5536, #5077, #2958, #5109, #4582, #2037, #456, #6090, #4050, #1016, #489, #2066, #5570, #954, #3023, #552, #4982, #583, #4078, #6061, #2494, #1573, #1541, #521, #2585, #4524, #6467, #6532, #1043, #2009, #6031, #2523, #4552, #3742, #6122, #3640, #3706, #204, #5753, #2681, #2221, #1200, #6183, #2094, #3670, #2714, #2120, #5202, #1135, #6150, #4114, #5720, #4705, #5660, #171, #5631, #2649, #1604, #643, #3216, #4740, #5232, #3609, #3184, #5688, #2187, #1102, #710, #1692, #6218, #3119, #1237, #3250, #4673, #4239, #4205, #4173, #6254, #675, #1727, #3153, #5137, #5267, #1632, #1168, #743, #4615, #1663, #615, #4144, #2617, #4644, #140, #112, #5168, #2151, #2884, #6527, #2004, #1505, #1011, #5962, #2918, #5997, #1868, #380, #452, #4014, #3422, #6026, #3482, #1904, #2388, #5897, #2490, #4947, #4418, #3017, #5531, #4978, #1443, #3913, #6429, #5928, #3879, #3456, #916, #5039, #6494, #3514, #3387, #516, #1410, #5440, #2518, #3946, #5406, #419, #2423, #1474, #979, #1376, #5472, #2986, #6391, #4452, #6462, #2954, #1937, #949, #2460, #4518, #4486, #1969 ),
 .UNSPECIFIED., .F., .F.,
 ( 4, 2, 2, 2, 1, 2, 2, 2, 2, 1, 1, 2, 2, 1, 1, 2, 2, 2, 1, 2, 2, 1, 1, 1, 1, 2, 2, 1, 2, 2, 2, 1, 1, 2, 2, 1, 2, 2, 2, 2, 2, 2, 2, 1, 2, 2, 2, 2, 1, 2, 2, 1, 2, 1, 2, 2, 2, 2, 1, 2, 2, 1, 2, 2, 2, 1, 2, 2, 1, 2, 2, 2, 2, 2, 2, 1, 1, 1, 1, 2, 2, 2, 2, 2, 2, 1, 1, 1, 2, 2, 2, 2, 2, 2, 2, 2, 2, 2, 2, 2, 2, 1, 1, 2, 2, 2, 2, 1, 2, 2, 1, 1, 1, 2, 2, 2, 1, 2, 2, 1, 2, 2, 2, 2, 1, 2, 2, 1, 2, 2, 2, 1, 1, 1, 2, 2, 2, 2, 1, 2, 2, 2, 2, 2, 2, 2, 2, 2, 2, 2, 1, 2, 2, 2, 2, 2, 2, 2, 1, 1, 1, 2, 2, 1, 1, 2, 4 ),
 ( 0.5000000000000000000, 0.5143120711695072789, 0.5152065756176015254, 0.5156538278416485932, 0.5161010800656957720, 0.5178900889618840431, 0.5214681067542608073, 0.5232571156504491894, 0.5241516200985433249, 0.5250461245466375715, 0.5252697506586611054, 0.5253815637146728168, 0.5254374702426787280, 0.5254933767706846393, 0.5259406289947317070, 0.5263878812187787748, 0.5266115073308023087, 0.5268351334428258426, 0.5272823856668730214, 0.5273382921948789326, 0.5273941987228847328, 0.5275060117788965552, 0.5277296378909199781, 0.5286241423390140026, 0.5304131512352019406, 0.5308604034592488974, 0.5313076556832958541, 0.5322021601313897676, 0.5357801779237656437, 0.5429362135085172847, 0.5572482846780206778, 0.5608263024703965538, 0.5617208069184904673, 0.5621680591425374240, 0.5626153113665843808, 0.5644043202627723188, 0.5715603558475239598, 0.5858724270170271309, 0.5930284626017786609, 0.5966064803941545369, 0.6001844981865303019, 0.6144965693560334730, 0.6216526049407851140, 0.6234416138369729410, 0.6243361182850669655, 0.6252306227331608790, 0.6288086405255366440, 0.6359646761102882850, 0.6395426939026640500, 0.6404371983507580746, 0.6413317027988519881, 0.6431207116950399261, 0.6466987294874156911, 0.6475932339355097156, 0.6480404861595566723, 0.6484877383836036291, 0.6502767472797916781, 0.6538547650721676652, 0.6556437739683556032, 0.6560910261924026710, 0.6563146523044260938, 0.6565382784164496277, 0.6574327828645436522, 0.6717448540340477114, 0.6860569252035517707, 0.6869514296516457952, 0.6873986818756927519, 0.6878459340997397087, 0.6896349429959276467, 0.6932129607883035227, 0.7003689963730551638, 0.7039470141654310398, 0.7075250319578068048, 0.7093140408539948538, 0.7111030497501826808, 0.7119975541982767053, 0.7124448064223236621, 0.7126684325343470849, 0.7127802455903589074, 0.7128361521183647076, 0.7128920586463706188, 0.7137865630944649764, 0.7142338153185121552, 0.7146810675425593340, 0.7149046936545828679, 0.7151283197666065128, 0.7155755719906535806, 0.7164700764387479381, 0.7182590853349364313, 0.7218371031273136396, 0.7289931387120678341, 0.7433052098815762232, 0.7468832276739534315, 0.7504612454663305288, 0.7576172810510846123, 0.7647733166358388068, 0.7683513344282159041, 0.7719293522205930014, 0.7755073700129699876, 0.7772963789091584808, 0.7775200050211821257, 0.7777436311332057706, 0.7781908833572527273, 0.7786381355812997951, 0.7788617616933233290, 0.7790853878053467518, 0.7808743967015348009, 0.7810980228135584458, 0.7812098358695701572, 0.7812657423975760684, 0.7813216489255819797, 0.7817689011496289364, 0.7826634055977226279, 0.7862414233900978378, 0.8005534945595988994, 0.8077095301443493192, 0.8112875479367246401, 0.8121820523848184425, 0.8126293046088652883, 0.8130765568329121340, 0.8148655657290998500, 0.8434897080681009740, 0.8721138504071019870, 0.8864259215766026045, 0.8900039393689778144, 0.8904511915930246602, 0.8906748177050480830, 0.8908984438170715059, 0.8917929482651654194, 0.8935819571613530243, 0.8938055832733764472, 0.8940292093853998701, 0.8944764616094467158, 0.8949237138334936725, 0.8951473399455170954, 0.8953709660575406293, 0.8971599749537283452, 0.8980544794018221477, 0.8982781055138456816, 0.8983899185698573930, 0.8985017316258691045, 0.8989489838499160612, 0.9007379927461041103, 0.9043160105384799863, 0.9047632627625268320, 0.9052105149865738998, 0.9054341410985973226, 0.9056577672106207455, 0.9061050194346678133, 0.9069995238827619488, 0.9078940283308559733, 0.9150500639156079474, 0.9293621350851120066, 0.9365181706698642028, 0.9436742062546161769, 0.9508302418393682620, 0.9526192507355563110, 0.9544082596317444711, 0.9561972685279324091, 0.9566445207519795879, 0.9568681468640030108, 0.9569799599200148332, 0.9570358664480207445, 0.9570917729760267667, 0.9575390252000748337, 0.9577626513120987006, 0.9579862774241227896 ),
 .UNSPECIFIED. ) ;
#800 = CARTESIAN_POINT ( 'NONE',  ( -24.23236588666949132, -26.55859397733202343, 23.01000000000000156 ) ) ;
#801 = CARTESIAN_POINT ( 'NONE',  ( 11.74385097036278758, -28.02253854056643334, 10.00009020407121696 ) ) ;
#802 = CARTESIAN_POINT ( 'NONE',  ( 24.84700093425510659, -11.99100090846642885, 4.274542926269725207 ) ) ;
#803 = CARTESIAN_POINT ( 'NONE',  ( 19.88907099268760703, 19.09654849456623893, 4.265683536470084469 ) ) ;
#804 = CARTESIAN_POINT ( 'NONE',  ( -23.35782060052113351, -22.86433421258719534, 10.95279090916047160 ) ) ;
#805 = CARTESIAN_POINT ( 'NONE',  ( 24.91264067136534521, -3.123856740137859855, 1.042067275489571676 ) ) ;
#806 = LINE ( 'NONE', #4439, #4828 ) ;
#807 = ADVANCED_FACE ( 'NONE', ( #5952 ), #5495, .F. ) ;
#808 = CARTESIAN_POINT ( 'NONE',  ( 25.59150149664225893, -11.60916686126211239, 0.000000000000000000 ) ) ;
#809 = CARTESIAN_POINT ( 'NONE',  ( -32.45738619692891547, -5.754864430861225344, 10.99618380594502653 ) ) ;
#810 = CARTESIAN_POINT ( 'NONE',  ( 25.84505279628607610, -9.928745389177244363, 4.315898097246336107 ) ) ;
#811 = CARTESIAN_POINT ( 'NONE',  ( 11.36356167677010909, 24.60310251701114481, 4.042559836613498270 ) ) ;
#812 = CARTESIAN_POINT ( 'NONE',  ( -16.27170224350988548, 27.89393270863591567, 10.86941988358116085 ) ) ;
#813 = CARTESIAN_POINT ( 'NONE',  ( -13.37823015523526671, -26.29459850546514588, 7.447294541359615216 ) ) ;
#814 = CARTESIAN_POINT ( 'NONE',  ( -20.73204447655055560, -24.65705618182775183, 10.00000000000000178 ) ) ;
#815 = CARTESIAN_POINT ( 'NONE',  ( 13.12767767775509853, -27.35053235162301277, 9.035402534730211599 ) ) ;
#816 = VERTEX_POINT ( 'NONE', #1031 ) ;
#817 = CARTESIAN_POINT ( 'NONE',  ( -22.56364553492644021, -10.85322923960662500, 0.9366899510123223305 ) ) ;
#818 = CIRCLE ( 'NONE', #5872, 26.59999999999999787 ) ;
#819 = CARTESIAN_POINT ( 'NONE',  ( 22.51903813021628054, 10.94377736549571978, 0.9329661328122150765 ) ) ;
#820 = CARTESIAN_POINT ( 'NONE',  ( -20.95690571069884101, 19.77761968161457418, 5.926849459677005605 ) ) ;
#821 = CARTESIAN_POINT ( 'NONE',  ( -4.418769768491562999, -26.48561372745539799, 5.151666292627255395 ) ) ;
#822 = VECTOR ( 'NONE', #3857, 1000.000000000000000 ) ;
#823 = CARTESIAN_POINT ( 'NONE',  ( 16.52425773432178957, 27.12675868321348460, 23.01000000000000156 ) ) ;
#824 = CARTESIAN_POINT ( 'NONE',  ( -13.24090815370399810, 27.92203803131387474, 9.999999995457738322 ) ) ;
#825 = CARTESIAN_POINT ( 'NONE',  ( 28.10000000000001563, -1.387196003936023825, -4.899679504504912664E-05 ) ) ;
#826 = CARTESIAN_POINT ( 'NONE',  ( 31.72585220115948346, -5.368882444207148552, 9.999999996536391933 ) ) ;
#827 = CARTESIAN_POINT ( 'NONE',  ( 25.71709779086214098, 10.25254782805284925, 4.315492501643726442 ) ) ;
#828 = CARTESIAN_POINT ( 'NONE',  ( 22.39939439876578930, -22.04483604204820324, 9.287129462929437196 ) ) ;
#829 = CARTESIAN_POINT ( 'NONE',  ( -8.624435492286995242, 25.25094910544646609, 3.783884989774728869 ) ) ;
#830 = CYLINDRICAL_SURFACE ( 'NONE', #2075, 28.10000000000000497 ) ;
#831 = CARTESIAN_POINT ( 'NONE',  ( -18.71661986243169906, -16.62263137546568714, 0.8997625975074680094 ) ) ;
#832 = CARTESIAN_POINT ( 'NONE',  ( -24.82591191681123277, 11.62870462846471398, -0.8889690687347078235 ) ) ;
#833 = CARTESIAN_POINT ( 'NONE',  ( -22.55164339557049402, 10.87765839281974145, 0.9354952956275227605 ) ) ;
#834 = CARTESIAN_POINT ( 'NONE',  ( 16.09308900021756017, -27.30437056131953355, 9.999664009633717043 ) ) ;
#835 = CARTESIAN_POINT ( 'NONE',  ( 26.60920834387966494, -13.90935756580273974, 7.590176759452042177 ) ) ;
#836 = CARTESIAN_POINT ( 'NONE',  ( 27.64504063153392011, -15.56505220698586278, 23.01000000000000156 ) ) ;
#837 = CARTESIAN_POINT ( 'NONE',  ( 17.47527631811422566, 26.71330878976912260, 23.01000000000000156 ) ) ;
#838 = CARTESIAN_POINT ( 'NONE',  ( 35.58379233108120587, 6.688381059432858322, 9.999999999999989342 ) ) ;
#839 = CARTESIAN_POINT ( 'NONE',  ( -24.68597021590673180, 9.254951962386408937, 2.641817027327409750 ) ) ;
#840 = CARTESIAN_POINT ( 'NONE',  ( 17.81245046726963466, 21.74432247690931064, 6.284010189117415605E-06 ) ) ;
#841 = CARTESIAN_POINT ( 'NONE',  ( 23.29414157377996020, -9.196083410042486861, 0.9706009588745558858 ) ) ;
#842 = CARTESIAN_POINT ( 'NONE',  ( 18.38386160385072898, 24.11671063791656167, 7.651723351381569671 ) ) ;
#843 = CARTESIAN_POINT ( 'NONE',  ( -11.43908492668859012, 24.58183715047734452, 4.048745348807951672 ) ) ;
#844 = CARTESIAN_POINT ( 'NONE',  ( -9.981680429398066323, -23.97150168497312350, 2.302923833752491323 ) ) ;
#845 = CARTESIAN_POINT ( 'NONE',  ( 16.20005953526882081, -19.18209412117821699, 1.043421172798223440 ) ) ;
#846 = CARTESIAN_POINT ( 'NONE',  ( 3.814305547813523045, -28.22664260379165668, 23.01000000000000156 ) ) ;
#847 = CARTESIAN_POINT ( 'NONE',  ( 11.44019200581830731, -24.58356649665021365, 4.051936990736792588 ) ) ;
#848 = EDGE_LOOP ( 'NONE', ( #4696, #5169, #2682, #2852 ) ) ;
#849 = CARTESIAN_POINT ( 'NONE',  ( -28.01754643548112256, -11.56391366256684705, 7.650850400067743529 ) ) ;
#850 = CARTESIAN_POINT ( 'NONE',  ( 24.89155751613272471, 11.91444552704579785, 4.277413633414244742 ) ) ;
#851 = CARTESIAN_POINT ( 'NONE',  ( -23.08407876346611687, 21.08605741032341996, 9.252130266574491557 ) ) ;
#852 = CARTESIAN_POINT ( 'NONE',  ( -2.804787334094565043, -28.26995129456526357, 10.09814230133754975 ) ) ;
#853 = CARTESIAN_POINT ( 'NONE',  ( -29.11927007183251348, 13.37213705440558797, 23.01000000000000156 ) ) ;
#854 = CARTESIAN_POINT ( 'NONE',  ( 5.139591379959508544, 28.20591437946187341, 9.999999451454915089 ) ) ;
#855 = CARTESIAN_POINT ( 'NONE',  ( -16.52592507334468408, -31.10996755904757904, 9.999999999999987566 ) ) ;
#856 = CARTESIAN_POINT ( 'NONE',  ( 9.292000388985282910, 23.19928497010975121, 0.6126865271729488027 ) ) ;
#857 = CARTESIAN_POINT ( 'NONE',  ( -19.98092653190743206, 25.25617607486137928, 23.01000000000000156 ) ) ;
#858 = B_SPLINE_CURVE_WITH_KNOTS ( 'NONE', 3,
 ( #286, #5344, #4285, #687, #4356, #721, #3787 ),
 .UNSPECIFIED., .F., .F.,
 ( 4, 1, 1, 1, 4 ),
 ( 0.000000000000000000, 0.2500000000000000000, 0.5000000000000000000, 0.7500000000000000000, 1.000000000000000000 ),
 .UNSPECIFIED. ) ;
#859 = CARTESIAN_POINT ( 'NONE',  ( 30.11111657872375247, 11.34311693671686427, 10.00000000001386979 ) ) ;
#860 = CARTESIAN_POINT ( 'NONE',  ( 28.24771868649524720, 11.04147802599466743, 7.661057162076584603 ) ) ;
#861 = CARTESIAN_POINT ( 'NONE',  ( 18.99853192121863188, -23.63597518715103263, 7.660180243418613699 ) ) ;
#862 = CARTESIAN_POINT ( 'NONE',  ( -23.29744425696882359, 9.068025755045136194, 10.00000000000000000 ) ) ;
#863 = CARTESIAN_POINT ( 'NONE',  ( 25.86390844503154440, 24.58080303548451440, 10.00000000000000178 ) ) ;
#864 = CARTESIAN_POINT ( 'NONE',  ( -27.97866110350163638, -16.23762591312377879, 10.89927287609239137 ) ) ;
#865 = CARTESIAN_POINT ( 'NONE',  ( 18.24421596179033145, 17.14366682772380912, 0.9200496119457854949 ) ) ;
#866 = CARTESIAN_POINT ( 'NONE',  ( -5.470981014212681792, 27.74222767414704194, 0.000000000000000000 ) ) ;
#867 = CARTESIAN_POINT ( 'NONE',  ( -26.10040515527359162, 12.36149658794391648, 5.944065660111559346 ) ) ;
#868 = CARTESIAN_POINT ( 'NONE',  ( 1.787288556385146832, -28.23650969577277792, 10.00000147407456552 ) ) ;
#869 = CARTESIAN_POINT ( 'NONE',  ( 25.75917829622290967, -15.19395795320552089, 7.563612387362714351 ) ) ;
#870 = CARTESIAN_POINT ( 'NONE',  ( 20.99461947310380339, -24.38688413662643839, 23.01000000000000156 ) ) ;
#871 = CARTESIAN_POINT ( 'NONE',  ( 24.23236588664333624, 26.55859397734526794, 23.01000000000000156 ) ) ;
#872 = CARTESIAN_POINT ( 'NONE',  ( -15.89628403770253939, 23.23440049827420495, 0.000000000000000000 ) ) ;
#873 = CARTESIAN_POINT ( 'NONE',  ( 30.69428644525981298, 17.68434011587394394, 9.999999999999989342 ) ) ;
#874 = CARTESIAN_POINT ( 'NONE',  ( -28.35087984406315442, 10.75994029944203589, 7.654457183073295923 ) ) ;
#875 = CARTESIAN_POINT ( 'NONE',  ( 12.76522365864014397, -31.39823346868981346, 10.00000000000000000 ) ) ;
#876 = EDGE_CURVE ( 'NONE', #6460, #744, #5523, .T. ) ;
#877 = CARTESIAN_POINT ( 'NONE',  ( 28.23723176017328029, -11.06786904261174698, 7.661018530280417238 ) ) ;
#878 = CARTESIAN_POINT ( 'NONE',  ( 20.94578541301513752, 21.80065154075532163, 7.632170096892600952 ) ) ;
#879 = CARTESIAN_POINT ( 'NONE',  ( -11.22047565427842031, 22.35977617658136651, 0.7865873562486045412 ) ) ;
#880 = CARTESIAN_POINT ( 'NONE',  ( -10.18467885185737920, -23.90765236522114989, 2.322787081165217593 ) ) ;
#881 = CARTESIAN_POINT ( 'NONE',  ( 12.22019803106124769, -25.45104684034161835, 5.732169745290778273 ) ) ;
#882 = EDGE_LOOP ( 'NONE', ( #5233, #3944, #5501, #276 ) ) ;
#883 = CARTESIAN_POINT ( 'NONE',  ( -29.14493455761846974, -12.25332372371550171, 9.318548177492942841 ) ) ;
#884 = CARTESIAN_POINT ( 'NONE',  ( -35.59333996454864746, 6.641131923024465422, 10.00000000000000000 ) ) ;
#885 = CARTESIAN_POINT ( 'NONE',  ( 28.47582471315094566, 13.36154311476731671, 9.288454374124937019 ) ) ;
#886 = CARTESIAN_POINT ( 'NONE',  ( -23.66041830772806520, 22.41659186149141547, 10.93090425584696135 ) ) ;
#887 = CARTESIAN_POINT ( 'NONE',  ( 7.755343804009982911, -23.79391688030065666, 0.4483956499439621934 ) ) ;
#888 = CARTESIAN_POINT ( 'NONE',  ( -20.79514700505277602, 24.60182717668899599, 10.00000000000000178 ) ) ;
#889 = CARTESIAN_POINT ( 'NONE',  ( 2.507487178964928454, 28.23418724593538087, 9.999755881604084351 ) ) ;
#890 = CARTESIAN_POINT ( 'NONE',  ( 9.316365685215956205, 23.18984378345775710, 0.6152611629963994355 ) ) ;
#891 = CARTESIAN_POINT ( 'NONE',  ( -21.90095702616434892, 23.49397762621466157, 23.01000000000000156 ) ) ;
#892 = CARTESIAN_POINT ( 'NONE',  ( 32.23242295838989691, -0.2522020807562115330, 10.00002321392563687 ) ) ;
#893 = CARTESIAN_POINT ( 'NONE',  ( 26.98701773278461857, 10.63601228828250811, 5.988359232692489265 ) ) ;
#894 = CARTESIAN_POINT ( 'NONE',  ( 20.63463303285968209, -20.19009828136451645, 5.946190716609088156 ) ) ;
#895 = CARTESIAN_POINT ( 'NONE',  ( -27.75972584268028598, -4.449092023674795726, -9.022736687214106697E-05 ) ) ;
#896 = CARTESIAN_POINT ( 'NONE',  ( 23.41634280602904283, 27.54249763574230769, 23.01000000000000156 ) ) ;
#897 = CARTESIAN_POINT ( 'NONE',  ( -22.58929628531737777, -19.67353339381833877, 7.571496619838538500 ) ) ;
#898 = CARTESIAN_POINT ( 'NONE',  ( 19.93986713174352232, 19.03930923283225241, 4.266636696143478069 ) ) ;
#899 = CARTESIAN_POINT ( 'NONE',  ( 13.34953806074030247, 24.78677177568320644, 0.000000000000000000 ) ) ;
#900 = CARTESIAN_POINT ( 'NONE',  ( -23.79217546915037929, 11.25870855327034903, 2.610732749096842831 ) ) ;
#901 = CARTESIAN_POINT ( 'NONE',  ( 11.49059517703770084, -28.03319380294792040, 10.00000249139709219 ) ) ;
#902 = CARTESIAN_POINT ( 'NONE',  ( 27.42985175061711800, -14.89873036956815078, 9.252363778804362227 ) ) ;
#903 = CARTESIAN_POINT ( 'NONE',  ( 17.65476010061746948, -26.63634375662476117, 23.01000000000000156 ) ) ;
#904 = CARTESIAN_POINT ( 'NONE',  ( 35.59333996457937133, -6.641131923241907486, 23.01000000000000156 ) ) ;
#905 = CARTESIAN_POINT ( 'NONE',  ( -17.78684698605122705, 20.89507718470311914, -0.8889690687347088227 ) ) ;
#906 = CARTESIAN_POINT ( 'NONE',  ( 15.89628403771162191, -23.23440049826818665, 0.000000000000000000 ) ) ;
#907 = CARTESIAN_POINT ( 'NONE',  ( -31.22838857648707389, 10.56791345029834339, 10.99621430642996067 ) ) ;
#908 = CARTESIAN_POINT ( 'NONE',  ( -33.54470374673991273, -13.06724341795768041, 10.00000000000000000 ) ) ;
#909 = CARTESIAN_POINT ( 'NONE',  ( 24.52517179054598984, -9.675821894262378819, 2.643189903962535503 ) ) ;
#910 = CARTESIAN_POINT ( 'NONE',  ( 21.97746422943037814, 22.57513251522700415, 9.296618603120244018 ) ) ;
#911 = CARTESIAN_POINT ( 'NONE',  ( -14.98323297269022980, 25.83685756512216614, 7.540250344943572713 ) ) ;
#912 = CARTESIAN_POINT ( 'NONE',  ( -15.11649254606439463, -25.76591562197816643, 7.549162338964917396 ) ) ;
#913 = CARTESIAN_POINT ( 'NONE',  ( 10.92114805864258464, -24.72219079898760441, 4.005559762698574389 ) ) ;
#914 = ORIENTED_EDGE ( 'NONE', *, *, #2142, .F. ) ;
#915 = CARTESIAN_POINT ( 'NONE',  ( -28.93079109543172933, -12.64141478330314783, 9.308225099116164358 ) ) ;
#916 = CARTESIAN_POINT ( 'NONE',  ( -28.54317543217718622, -14.23410433486186477, 9.999974176505629586 ) ) ;
#917 = CARTESIAN_POINT ( 'NONE',  ( 30.02938961402032447, 13.33926031127321465, 10.98095337430554963 ) ) ;
#918 = CARTESIAN_POINT ( 'NONE',  ( -20.91932613498208582, 19.82537146444460774, 5.928340952841061551 ) ) ;
#919 = CARTESIAN_POINT ( 'NONE',  ( -11.62698229030585928, -27.44125835928725365, 8.900070123170278791 ) ) ;
#920 = CARTESIAN_POINT ( 'NONE',  ( -11.24285963323835347, 28.04405902249363791, 10.00000000000000178 ) ) ;
#921 = CARTESIAN_POINT ( 'NONE',  ( -1.006818900608446032, 28.23950818666855866, 10.00000477097874274 ) ) ;
#922 = CARTESIAN_POINT ( 'NONE',  ( -5.386809432050227109, -27.41863314615242331, -0.8889690687347061582 ) ) ;
#923 =( GEOMETRIC_REPRESENTATION_CONTEXT ( 3 ) GLOBAL_UNCERTAINTY_ASSIGNED_CONTEXT ( ( #391 ) ) GLOBAL_UNIT_ASSIGNED_CONTEXT ( ( #3093, #6066, #5175 ) ) REPRESENTATION_CONTEXT ( 'NONE', 'WORKASPACE' ) );
#924 = CARTESIAN_POINT ( 'NONE',  ( 11.71531993585539233, 26.52878162097923109, 7.292519399824263004 ) ) ;
#925 = CARTESIAN_POINT ( 'NONE',  ( 12.76863570107982682, 27.97395954380702676, 23.01000000000000156 ) ) ;
#926 = CARTESIAN_POINT ( 'NONE',  ( 30.10681603069387791, 11.35452895621471114, 10.00000002506602037 ) ) ;
#927 = CARTESIAN_POINT ( 'NONE',  ( 28.98897010830976129, 9.129293602105592598, 7.661068139067998217 ) ) ;
#928 = CARTESIAN_POINT ( 'NONE',  ( 22.75313601431560073, 21.55327709350359200, 9.271553581520212362 ) ) ;
#929 = CARTESIAN_POINT ( 'NONE',  ( -32.30898993173479994, 15.37611933009668874, 15.00000000000000000 ) ) ;
#930 = CARTESIAN_POINT ( 'NONE',  ( -33.75036447613133817, 12.53886656665093113, 23.01000000000000156 ) ) ;
#931 = CARTESIAN_POINT ( 'NONE',  ( -19.86908922131744148, -19.12427017125328987, 4.269906346043688572 ) ) ;
#932 = CARTESIAN_POINT ( 'NONE',  ( 19.95820271932099388, 19.01728236619052836, 4.265835836327262598 ) ) ;
#933 = CARTESIAN_POINT ( 'NONE',  ( 5.463301196955456795, 27.74374108952880391, 0.000000000000000000 ) ) ;
#934 = CARTESIAN_POINT ( 'NONE',  ( 23.72734906379935893, -21.14271208322461959, 10.00000003270346305 ) ) ;
#935 = CARTESIAN_POINT ( 'NONE',  ( 28.34057428245913002, -13.55929747336483260, 9.282874711667329137 ) ) ;
#936 = CARTESIAN_POINT ( 'NONE',  ( 29.77841633212051420, -12.16989393180813472, 23.01000000000000156 ) ) ;
#937 = CARTESIAN_POINT ( 'NONE',  ( -20.78862712827997683, -19.98957274623802860, 5.933445082304788620 ) ) ;
#938 = CARTESIAN_POINT ( 'NONE',  ( 13.34953806074030247, 24.78677177568320644, 0.000000000000000000 ) ) ;
#939 = CARTESIAN_POINT ( 'NONE',  ( 24.36831744650090315, -14.05132342023136438, 0.000000000000000000 ) ) ;
#940 = CARTESIAN_POINT ( 'NONE',  ( -30.05380941668613914, 4.491055158188060226, 7.654472174373868398 ) ) ;
#941 = CARTESIAN_POINT ( 'NONE',  ( -26.45401909092411685, 9.578621132489358203, 5.763004417268715061E-05 ) ) ;
#942 = CARTESIAN_POINT ( 'NONE',  ( 30.77892472143886238, -11.82413613687869791, 11.00624039285837519 ) ) ;
#943 = CARTESIAN_POINT ( 'NONE',  ( -13.23416452953998323, 26.29785463087670649, 7.425204060448258758 ) ) ;
#944 = CARTESIAN_POINT ( 'NONE',  ( -17.58229505690597350, -23.07638542392028214, 5.985798590649034523 ) ) ;
#945 = CARTESIAN_POINT ( 'NONE',  ( 15.79659470050183856, -27.37883155700389892, 23.01000000000000156 ) ) ;
#946 = CARTESIAN_POINT ( 'NONE',  ( 9.596560626451339004, -23.07871480544068987, 0.6430533875747420636 ) ) ;
#947 = ORIENTED_EDGE ( 'NONE', *, *, #1370, .T. ) ;
#948 = CARTESIAN_POINT ( 'NONE',  ( -30.62723178444392147, -12.18278267869242981, 10.99565411507208168 ) ) ;
#949 = CARTESIAN_POINT ( 'NONE',  ( -22.99973130076389793, -22.13898405620233234, 9.999916398570176668 ) ) ;
#950 = CARTESIAN_POINT ( 'NONE',  ( 28.56722038985811452, 13.22685565923414686, 9.292745001032889363 ) ) ;
#951 = CARTESIAN_POINT ( 'NONE',  ( -21.88434127023979059, 18.57356879609439204, 5.896089174171998515 ) ) ;
#952 = CARTESIAN_POINT ( 'NONE',  ( -6.955607227548125771, -25.52004351770056445, 3.658999325861866492 ) ) ;
#953 = CARTESIAN_POINT ( 'NONE',  ( -2.981190464993240585, 28.23449640052013265, 23.01000000000000156 ) ) ;
#954 = CARTESIAN_POINT ( 'NONE',  ( -23.08415458678305043, 22.02574612549945243, 9.999999995538606967 ) ) ;
#955 = CARTESIAN_POINT ( 'NONE',  ( 11.99580775475948968, 28.01462680829167340, 23.01000000000000156 ) ) ;
#956 = CARTESIAN_POINT ( 'NONE',  ( 32.46518280677720725, 5.756245761579956266, 11.00620692169784220 ) ) ;
#957 = CARTESIAN_POINT ( 'NONE',  ( 23.34577836029453124, 20.72999223927248025, 9.253320381915909110 ) ) ;
#958 = CARTESIAN_POINT ( 'NONE',  ( -26.75857138162529125, -8.762058129462975131, -4.843305632265846757E-07 ) ) ;
#959 = CARTESIAN_POINT ( 'NONE',  ( -9.553462116190068798, -23.21907567470432809, 0.8150022836187830189 ) ) ;
#960 = CARTESIAN_POINT ( 'NONE',  ( -23.42683292882992063, -22.76410899959017442, 10.94883933261242248 ) ) ;
#961 = CARTESIAN_POINT ( 'NONE',  ( 21.72816840227397250, 20.83532025706445978, 7.606601620735505165 ) ) ;
#962 = CARTESIAN_POINT ( 'NONE',  ( -15.85346931321690533, 23.16920211669878071, -0.09999999999999992228 ) ) ;
#963 = CARTESIAN_POINT ( 'NONE',  ( 24.34637018044487888, -19.33098133223575132, 9.230133812817230776 ) ) ;
#964 = CARTESIAN_POINT ( 'NONE',  ( -15.18808671166966917, -27.58824415688409459, 23.01000000000000156 ) ) ;
#965 = CARTESIAN_POINT ( 'NONE',  ( 21.58466925946331116, 12.83539253094618537, 0.9751980501404808876 ) ) ;
#966 = CARTESIAN_POINT ( 'NONE',  ( -23.46897892398555641, -22.68976643194852372, 10.93682136218464684 ) ) ;
#967 = CARTESIAN_POINT ( 'NONE',  ( -8.934818316263228866, 26.70102779097097567, 0.000000000000000000 ) ) ;
#968 = CARTESIAN_POINT ( 'NONE',  ( 18.24597551714256127, -21.43851149066929551, 0.000000000000000000 ) ) ;
#969 = CARTESIAN_POINT ( 'NONE',  ( -26.86872400034548392, 6.728064926593632755, 4.312692137984327267 ) ) ;
#970 = CARTESIAN_POINT ( 'NONE',  ( -27.06919021350532617, 7.573487862323054820, 9.293798209059529758E-05 ) ) ;
#971 = CARTESIAN_POINT ( 'NONE',  ( 25.42841115957154585, -10.90348708016756518, 4.307900992163027354 ) ) ;
#972 = CARTESIAN_POINT ( 'NONE',  ( 19.29396287342193617, 21.64204337472964923, 5.979453417421906281 ) ) ;
#973 = CARTESIAN_POINT ( 'NONE',  ( -12.55367984932954961, 27.39376992955654089, 8.974767597866733837 ) ) ;
#974 = CARTESIAN_POINT ( 'NONE',  ( -19.81670044443325907, -22.95045569097725036, 7.659335543512180600 ) ) ;
#975 = CARTESIAN_POINT ( 'NONE',  ( 30.06528283117130940, -11.46688964729257521, 10.00000000000000178 ) ) ;
#976 = CARTESIAN_POINT ( 'NONE',  ( 10.71239563020006536, -24.77338076499632891, 3.985703010342926511 ) ) ;
#977 = ORIENTED_EDGE ( 'NONE', *, *, #3505, .F. ) ;
#978 = CARTESIAN_POINT ( 'NONE',  ( -22.78692228651074458, -10.38483411550969393, 0.9530889860229395660 ) ) ;
#979 = CARTESIAN_POINT ( 'NONE',  ( -23.27813943579190337, -21.75836137982601315, 9.999999935727428735 ) ) ;
#980 = CARTESIAN_POINT ( 'NONE',  ( 28.55149869047361832, 13.24946418775531853, 9.291573877231879663 ) ) ;
#981 = CARTESIAN_POINT ( 'NONE',  ( -19.91864169185892663, 19.06182265587341718, 4.264529108895890097 ) ) ;
#982 = CARTESIAN_POINT ( 'NONE',  ( -7.945670280492289628, -27.58136111594530959, 8.653990138577551505 ) ) ;
#983 = CARTESIAN_POINT ( 'NONE',  ( -10.72694995011855568, 28.06410773635309397, 23.01000000000000156 ) ) ;
#984 = CARTESIAN_POINT ( 'NONE',  ( -20.78689047419483060, 24.56928395114113073, 10.00000137628673436 ) ) ;
#985 = CARTESIAN_POINT ( 'NONE',  ( 29.97913443581451887, 11.68800574810406445, 10.00020530020402099 ) ) ;
#986 = UNCERTAINTY_MEASURE_WITH_UNIT (LENGTH_MEASURE( 1.000000000000000082E-05 ), #3091, 'distance_accuracy_value', 'NONE');
#987 = CARTESIAN_POINT ( 'NONE',  ( 29.52030132946557828, 7.228469422138692480, 7.661024593060404619 ) ) ;
#988 = CARTESIAN_POINT ( 'NONE',  ( 21.86353225970664127, 20.65574996229023697, 7.601521519528557036 ) ) ;
#989 = CARTESIAN_POINT ( 'NONE',  ( -12.76522365863574748, 31.39823346897936673, 23.01000000000000156 ) ) ;
#990 = CARTESIAN_POINT ( 'NONE',  ( -20.79120589543145314, -19.99227037393393758, 5.938345283079327963 ) ) ;
#991 = EDGE_CURVE ( 'NONE', #1765, #779, #442, .T. ) ;
#992 = CARTESIAN_POINT ( 'NONE',  ( 9.204082102497450180, 25.10629036825378080, 3.841952699348661238 ) ) ;
#993 = CARTESIAN_POINT ( 'NONE',  ( -20.38886346642622627, 18.37602209634293260, -0.8889690687347078235 ) ) ;
#994 = CARTESIAN_POINT ( 'NONE',  ( 24.55308360361545184, -19.99477083036726555, 9.999890556212889692 ) ) ;
#995 = CARTESIAN_POINT ( 'NONE',  ( 25.28514995011994415, -20.09429207885509427, 10.90240076097183675 ) ) ;
#996 = CARTESIAN_POINT ( 'NONE',  ( 28.94099360995885917, 13.63985612652966140, 23.01000000000000156 ) ) ;
#997 = DIRECTION ( 'NONE',  ( -0.5734630522039347866, -0.8192314250301603318, 0.000000000000000000 ) ) ;
#998 = CARTESIAN_POINT ( 'NONE',  ( -19.95652973840725153, -19.01552184125399236, 4.262637272663601706 ) ) ;
#999 = CARTESIAN_POINT ( 'NONE',  ( -5.394399258268659736, 27.41714091730905878, -0.8889690687347066023 ) ) ;
#1000 = CARTESIAN_POINT ( 'NONE',  ( 13.32462088883843165, -24.71985400828796742, -0.09999999999999988065 ) ) ;
#1001 = CARTESIAN_POINT ( 'NONE',  ( -27.01257239218451645, 10.56130546199761433, 5.983565802783162191 ) ) ;
#1002 = CARTESIAN_POINT ( 'NONE',  ( -23.66255327567971278, 15.17194779136279337, 2.659948037580065757E-06 ) ) ;
#1003 = CARTESIAN_POINT ( 'NONE',  ( 23.06900560776906417, -9.747482172927124822, 0.9664223751530512940 ) ) ;
#1004 = CARTESIAN_POINT ( 'NONE',  ( 23.26482154327636920, 22.98332491742386452, 10.94751847768355724 ) ) ;
#1005 = CARTESIAN_POINT ( 'NONE',  ( -10.25788227799865382, 23.88283588889115450, 2.327816515135344932 ) ) ;
#1006 = ADVANCED_FACE ( 'NONE', ( #1434 ), #4005, .F. ) ;
#1007 = CARTESIAN_POINT ( 'NONE',  ( -14.57157979423381988, -23.37751248352843447, 4.252311539546127506 ) ) ;
#1008 = CARTESIAN_POINT ( 'NONE',  ( 21.36631079757916041, -24.03925804530637578, 10.00000000000000178 ) ) ;
#1009 = VERTEX_POINT ( 'NONE', #5063 ) ;
#1010 = CARTESIAN_POINT ( 'NONE',  ( -28.19226630875872530, -11.16573895970580033, 7.654199410930970338 ) ) ;
#1011 = CARTESIAN_POINT ( 'NONE',  ( -29.81835694398231240, -12.07416515870793283, 10.00013394898944341 ) ) ;
#1012 = CARTESIAN_POINT ( 'NONE',  ( 22.60264761200662420, 10.77261583868193462, 0.9396047852684256130 ) ) ;
#1013 = CARTESIAN_POINT ( 'NONE',  ( -22.57932175063201541, 21.78521944992470338, 9.269373640263848912 ) ) ;
#1014 = CARTESIAN_POINT ( 'NONE',  ( -10.62505957289474345, -26.63723693697537342, 7.206566229796607104 ) ) ;
#1015 = CARTESIAN_POINT ( 'NONE',  ( -30.16189489398478685, -11.21050328788377115, 23.01000000000000156 ) ) ;
#1016 = CARTESIAN_POINT ( 'NONE',  ( -23.01741760573850115, 22.11688516880058231, 9.999960633138131882 ) ) ;
#1017 = CARTESIAN_POINT ( 'NONE',  ( -22.16551407766093007, -16.17077983422647591, 4.201707037926735389 ) ) ;
#1018 = CARTESIAN_POINT ( 'NONE',  ( -25.79577250899436791, -11.14788831026111460, 0.000000000000000000 ) ) ;
#1019 = CARTESIAN_POINT ( 'NONE',  ( 27.04745465424605300, 10.48244494203870225, 5.988483663421403591 ) ) ;
#1020 = CARTESIAN_POINT ( 'NONE',  ( 21.24139872251748784, 19.41841941224174306, 5.920964465886173755 ) ) ;
#1021 = CARTESIAN_POINT ( 'NONE',  ( 8.256771344790358569, 23.57835120580685029, 0.5051285932585909411 ) ) ;
#1022 = CARTESIAN_POINT ( 'NONE',  ( 25.13202910401239620, 25.62572720814098659, 10.00000000000000000 ) ) ;
#1023 = CARTESIAN_POINT ( 'NONE',  ( 23.62528447735456893, -22.48025611617875441, 10.94216590603809003 ) ) ;
#1024 = CARTESIAN_POINT ( 'NONE',  ( 30.45953800527539812, 10.38370429862427358, 23.01000000000000156 ) ) ;
#1025 = CARTESIAN_POINT ( 'NONE',  ( 19.53019651126454548, 25.54831674222297977, 9.999905117190186488 ) ) ;
#1026 = VECTOR ( 'NONE', #5242, 1000.000000000000000 ) ;
#1027 = CARTESIAN_POINT ( 'NONE',  ( -22.59021020107713440, -21.76808348386159153, 9.268769068339564043 ) ) ;
#1028 = DIRECTION ( 'NONE',  ( 0.000000000000000000, 0.000000000000000000, 1.000000000000000000 ) ) ;
#1029 = CARTESIAN_POINT ( 'NONE',  ( 23.12396657107269604, -15.89073225647782195, -0.1000000000000002554 ) ) ;
#1030 = CARTESIAN_POINT ( 'NONE',  ( -27.03237861664876007, 10.51057166460630121, 5.983577321669998561 ) ) ;
#1031 = CARTESIAN_POINT ( 'NONE',  ( -33.54470374673991273, -13.06724341795768041, 10.00000000000000000 ) ) ;
#1032 = CARTESIAN_POINT ( 'NONE',  ( 23.26546759261200847, -9.268403144873971655, 0.9703934036886597836 ) ) ;
#1033 = CARTESIAN_POINT ( 'NONE',  ( 19.80650951074828825, 19.19490685173090228, 4.269508872738181360 ) ) ;
#1034 = CARTESIAN_POINT ( 'NONE',  ( -11.57609608002861279, 25.58584484431738915, 5.671552008022945124 ) ) ;
#1035 = CARTESIAN_POINT ( 'NONE',  ( -18.36509146006527260, -25.64395176798306153, 9.312046186228830180 ) ) ;
#1036 = CARTESIAN_POINT ( 'NONE',  ( 29.04615259246122250, -13.48284764605431718, 23.01000000000000156 ) ) ;
#1037 = ORIENTED_EDGE ( 'NONE', *, *, #4382, .F. ) ;
#1038 = CARTESIAN_POINT ( 'NONE',  ( -25.79783883875320072, -10.04319180983621429, 4.312697334362037616 ) ) ;
#1039 = CARTESIAN_POINT ( 'NONE',  ( -10.75579203779881077, -28.06526998305191611, 9.999996001680537816 ) ) ;
#1040 = CARTESIAN_POINT ( 'NONE',  ( 23.80667871766420873, 11.23438597080632562, 2.613405417054392998 ) ) ;
#1041 = CARTESIAN_POINT ( 'NONE',  ( -22.46491212690319728, 21.94507993028417303, 9.275259255974109607 ) ) ;
#1042 = CARTESIAN_POINT ( 'NONE',  ( -32.19264680956695202, -0.3479914747161352295, 23.01000000000000156 ) ) ;
#1043 = CARTESIAN_POINT ( 'NONE',  ( -27.66707298634200285, 15.52963597567148213, 9.999986117811364039 ) ) ;
#1044 = CARTESIAN_POINT ( 'NONE',  ( -26.41576591592186318, -14.20145252715447093, 7.575311732980653190 ) ) ;
#1045 = CARTESIAN_POINT ( 'NONE',  ( -25.72373767614023521, -11.11668836880045674, -0.1000000000000000611 ) ) ;
#1046 = CARTESIAN_POINT ( 'NONE',  ( 31.16415676716053795, 5.525647757013765649, 9.333621348035741505 ) ) ;
#1047 = CARTESIAN_POINT ( 'NONE',  ( 21.01695901323424209, 19.70591926190353504, 5.929303288312732789 ) ) ;
#1048 = CARTESIAN_POINT ( 'NONE',  ( -23.43111117306308699, -22.75782647205402398, 10.94858724702280739 ) ) ;
#1049 = CARTESIAN_POINT ( 'NONE',  ( 8.755810277218133209, 25.19352775482981244, 3.803340484993736226 ) ) ;
#1050 = CARTESIAN_POINT ( 'NONE',  ( -14.96340254322370811, -23.79493921865713091, -1.405006133541277651E-05 ) ) ;
#1051 = CARTESIAN_POINT ( 'NONE',  ( 18.36212852429560272, -17.01594821796203050, 0.9148643837629010234 ) ) ;
#1052 = CARTESIAN_POINT ( 'NONE',  ( 29.60675009788538503, 12.52746610878146072, 23.01000000000000156 ) ) ;
#1053 = CARTESIAN_POINT ( 'NONE',  ( 19.87999239840694443, 18.89374833516149366, -0.8889690687347079345 ) ) ;
#1054 = CARTESIAN_POINT ( 'NONE',  ( -21.67626724761830559, -20.89577603437653508, 7.601865481770718525 ) ) ;
#1055 = CARTESIAN_POINT ( 'NONE',  ( -30.70193189885403839, 12.00001135751959502, 10.99620243534178776 ) ) ;
#1056 = CARTESIAN_POINT ( 'NONE',  ( 24.20825652366048075, -10.41734645542023685, 2.635697851484004151 ) ) ;
#1057 = CARTESIAN_POINT ( 'NONE',  ( 20.50887724241067289, 20.33589819180422609, 5.946397922749607545 ) ) ;
#1058 = CARTESIAN_POINT ( 'NONE',  ( -10.00414804513054534, 23.96268668242128896, 2.302968483995706528 ) ) ;
#1059 = CARTESIAN_POINT ( 'NONE',  ( -19.63224515223586764, -19.40194873908650663, 4.280262862400920021 ) ) ;
#1060 = CARTESIAN_POINT ( 'NONE',  ( 22.85767623820000338, -22.33729882171902048, 10.00000000000000178 ) ) ;
#1061 = EDGE_CURVE ( 'NONE', #5926, #2748, #13, .T. ) ;
#1062 = CARTESIAN_POINT ( 'NONE',  ( 19.87999239840694443, 18.89374833516149366, -0.8889690687347079345 ) ) ;
#1063 = CARTESIAN_POINT ( 'NONE',  ( -23.33310602806469802, -9.097252218321688844, 0.9709373606570341764 ) ) ;
#1064 = CARTESIAN_POINT ( 'NONE',  ( -12.01649232110839272, 28.01072602906296538, 23.01000000000000156 ) ) ;
#1065 = CARTESIAN_POINT ( 'NONE',  ( -12.76522365868443920, 31.39823346870315035, 10.00000000000000178 ) ) ;
#1066 = B_SPLINE_CURVE_WITH_KNOTS ( 'NONE', 1,
 ( #2435, #6474 ),
 .UNSPECIFIED., .F., .F.,
 ( 2, 2 ),
 ( 0.000000000000000000, 0.9999999999925025529 ),
 .UNSPECIFIED. ) ;
#1067 = CARTESIAN_POINT ( 'NONE',  ( 24.26399073164346021, 10.29778760320617081, 2.638207009257560021 ) ) ;
#1068 = CARTESIAN_POINT ( 'NONE',  ( -20.77949270992783326, 20.00247826355734659, 5.934185190222307504 ) ) ;
#1069 = CARTESIAN_POINT ( 'NONE',  ( -10.81638982885460543, -25.71974176014648350, 5.604392246791283227 ) ) ;
#1070 = CARTESIAN_POINT ( 'NONE',  ( -21.96780617060623797, -12.16765881999058863, 0.9860793041025202044 ) ) ;
#1071 = CARTESIAN_POINT ( 'NONE',  ( -27.79724571577421699, -15.35690556980337362, 10.00000000000000178 ) ) ;
#1072 = CARTESIAN_POINT ( 'NONE',  ( -18.88681079348951997, 25.95205784048382824, 9.999994166033877363 ) ) ;
#1073 = CARTESIAN_POINT ( 'NONE',  ( -22.54143302679828764, -10.89854167497837878, 0.9349298253432276606 ) ) ;
#1074 = CARTESIAN_POINT ( 'NONE',  ( -19.62618443227054144, -20.02631827761457828, -0.1000000000000000056 ) ) ;
#1075 = CARTESIAN_POINT ( 'NONE',  ( 28.77560900868878235, 13.88556060906634926, 10.00002794594834299 ) ) ;
#1076 = CARTESIAN_POINT ( 'NONE',  ( 24.78135642913615655, 14.47190421721892584, 5.893606501066681602 ) ) ;
#1077 = CARTESIAN_POINT ( 'NONE',  ( -22.53786954226776373, -21.85144591008813464, 9.279447669889062666 ) ) ;
#1078 = EDGE_CURVE ( 'NONE', #141, #6325, #1959, .T. ) ;
#1079 = CARTESIAN_POINT ( 'NONE',  ( 6.613409669924429579, 24.84334016728731598, 1.989410390534309458 ) ) ;
#1080 = CARTESIAN_POINT ( 'NONE',  ( -0.4633472326567056876, -28.10482611558402866, -0.0004880155204488134495 ) ) ;
#1081 = CARTESIAN_POINT ( 'NONE',  ( 22.65308663983118720, -21.69379125729575719, 9.275218652780937489 ) ) ;
#1082 = CARTESIAN_POINT ( 'NONE',  ( 22.67684655344754674, 22.57187771887710426, 23.01000000000000156 ) ) ;
#1083 = CARTESIAN_POINT ( 'NONE',  ( 21.84923305718498199, 17.71610403973723891, 0.000000000000000000 ) ) ;
#1084 = CARTESIAN_POINT ( 'NONE',  ( -19.91985075907971847, -19.05955901285948073, 4.264243209282946090 ) ) ;
#1085 = CARTESIAN_POINT ( 'NONE',  ( 0.000000000000000000, 0.000000000000000000, -43.00000000000000000 ) ) ;
#1086 = CARTESIAN_POINT ( 'NONE',  ( -15.88985168744740761, -23.23880001391319539, 0.000000000000000000 ) ) ;
#1087 = CARTESIAN_POINT ( 'NONE',  ( -23.29429655592466020, 9.196143444211006823, 0.9708113633979902346 ) ) ;
#1088 = CARTESIAN_POINT ( 'NONE',  ( 36.00023347144842489, -0.5550879461051243524, 23.01000000000000867 ) ) ;
#1089 = CARTESIAN_POINT ( 'NONE',  ( 25.68610012724267122, -10.32701180023919107, 4.315048323545275899 ) ) ;
#1090 = CARTESIAN_POINT ( 'NONE',  ( 21.58051085169463335, 21.02285401805622200, 7.606670429674783129 ) ) ;
#1091 = CARTESIAN_POINT ( 'NONE',  ( -10.35891522439909629, 23.84994616853339977, 2.337387309176202077 ) ) ;
#1092 = CARTESIAN_POINT ( 'NONE',  ( -18.86434569806976569, -18.34423875239707513, 2.604287230356976401 ) ) ;
#1093 = CARTESIAN_POINT ( 'NONE',  ( 23.44982281796642809, -21.52459449751733445, 10.00000000000000178 ) ) ;
#1094 = CARTESIAN_POINT ( 'NONE',  ( 21.84923305718498199, 17.71610403973723891, 0.000000000000000000 ) ) ;
#1095 = CARTESIAN_POINT ( 'NONE',  ( -25.78813404007751231, -10.06807823789377565, 4.312694981123763149 ) ) ;
#1096 = CARTESIAN_POINT ( 'NONE',  ( -0.4067419824159321795, -28.24175223852190442, 9.999759617362309783 ) ) ;
#1097 = CARTESIAN_POINT ( 'NONE',  ( 23.03937341423857887, 9.816916199816398958, 0.9654725528856881178 ) ) ;
#1098 = CARTESIAN_POINT ( 'NONE',  ( -19.07299791613969830, 18.10831382093273945, 2.593675398910181951 ) ) ;
#1099 = CARTESIAN_POINT ( 'NONE',  ( -9.255665916542666238, -23.21317265251185802, 0.6086237257653210886 ) ) ;
#1100 = CARTESIAN_POINT ( 'NONE',  ( -22.68278050332404661, -10.75451759014677044, 1.021771580272953450 ) ) ;
#1101 = CARTESIAN_POINT ( 'NONE',  ( -29.74535966675813015, 12.24188434287500726, 23.01000000000000156 ) ) ;
#1102 = CARTESIAN_POINT ( 'NONE',  ( -31.74025324041898699, 5.288964842418091727, 9.999999940692537947 ) ) ;
#1103 = ORIENTED_EDGE ( 'NONE', *, *, #662, .T. ) ;
#1104 = CARTESIAN_POINT ( 'NONE',  ( -22.63957717127316016, -13.30153887638147481, 2.547825115189737311 ) ) ;
#1105 = CARTESIAN_POINT ( 'NONE',  ( -26.12424631830808508, 10.35195864900205542, 0.000000000000000000 ) ) ;
#1106 = CARTESIAN_POINT ( 'NONE',  ( 28.98317592522996122, 13.57414702053450206, 10.00007342107625341 ) ) ;
#1107 = CARTESIAN_POINT ( 'NONE',  ( 24.69138846829987344, 16.75494589034120807, 7.549811112059484408 ) ) ;
#1108 = CARTESIAN_POINT ( 'NONE',  ( 10.47689932084129794, -24.82837371050537101, 3.962535245004687123 ) ) ;
#1109 = CARTESIAN_POINT ( 'NONE',  ( 12.24721541244149847, 28.00316211429755953, 9.999999999777214654 ) ) ;
#1110 = CARTESIAN_POINT ( 'NONE',  ( 26.12424631828291766, -10.35195864906544472, 0.000000000000000000 ) ) ;
#1111 = CARTESIAN_POINT ( 'NONE',  ( 9.663670890931950197, 25.89317841717815227, 5.501700587596046077 ) ) ;
#1112 = CARTESIAN_POINT ( 'NONE',  ( 16.53495642914562325, -22.76284089118211895, -5.060089992763295951E-05 ) ) ;
#1113 = CARTESIAN_POINT ( 'NONE',  ( 29.93884734524641900, -11.78945086426027622, 10.00019550467882290 ) ) ;
#1114 = CARTESIAN_POINT ( 'NONE',  ( 21.66900962738042224, -20.91527049721086584, 7.609110675606192586 ) ) ;
#1115 = CARTESIAN_POINT ( 'NONE',  ( 32.17987411516231333, 0.2907420762665454128, 23.01000000000000156 ) ) ;
#1116 = FACE_OUTER_BOUND ( 'NONE', #197, .T. ) ;
#1117 = CARTESIAN_POINT ( 'NONE',  ( -20.13009922269385754, -18.80572182276737081, 4.255283476408161292 ) ) ;
#1118 = CARTESIAN_POINT ( 'NONE',  ( 17.78106140357343889, 20.90003713204204061, -0.8889690687347084896 ) ) ;
#1119 = CARTESIAN_POINT ( 'NONE',  ( -25.72402127642595104, 10.22873768754627299, 4.312356291774461781 ) ) ;
#1120 = AXIS2_PLACEMENT_3D ( 'NONE', #2013, #2932, #4529 ) ;
#1121 = DIRECTION ( 'NONE',  ( 0.000000000000000000, 0.000000000000000000, 1.000000000000000000 ) ) ;
#1122 = CARTESIAN_POINT ( 'NONE',  ( 27.30682588334512317, -12.83237591210922446, 7.619896645793408752 ) ) ;
#1123 = CIRCLE ( 'NONE', #5761, 26.59999999999999787 ) ;
#1124 = CARTESIAN_POINT ( 'NONE',  ( 22.27071061027180221, 22.20323586973487195, 9.284443459905032725 ) ) ;
#1125 = CARTESIAN_POINT ( 'NONE',  ( -23.23445703958045172, -23.03831308246446241, 10.95932948103211046 ) ) ;
#1126 = CARTESIAN_POINT ( 'NONE',  ( 32.13276961311071744, -1.762644008301974097, 10.00000000000000178 ) ) ;
#1127 = ORIENTED_EDGE ( 'NONE', *, *, #186, .T. ) ;
#1128 = CARTESIAN_POINT ( 'NONE',  ( -28.21263350992001406, -11.11532729698528144, 7.654323822441752689 ) ) ;
#1129 = FACE_OUTER_BOUND ( 'NONE', #160, .T. ) ;
#1130 = CARTESIAN_POINT ( 'NONE',  ( 30.51954992210834661, 12.44490350043863813, 11.00346706221571580 ) ) ;
#1131 = CARTESIAN_POINT ( 'NONE',  ( -19.72430580907814957, 23.06706245383476883, 7.657316324888681969 ) ) ;
#1132 = CARTESIAN_POINT ( 'NONE',  ( -10.28964702290035049, -24.87215316131710452, 3.945079568444173290 ) ) ;
#1133 = CARTESIAN_POINT ( 'NONE',  ( -24.31451558233682420, -6.280088538032906342, 1.042085577432757315 ) ) ;
#1134 = CARTESIAN_POINT ( 'NONE',  ( -31.64028367071279746, 5.945540057600918971, 23.01000000000000156 ) ) ;
#1135 = CARTESIAN_POINT ( 'NONE',  ( -30.00712402624482777, 11.61552777510608614, 10.00003321092845354 ) ) ;
#1136 = ORIENTED_EDGE ( 'NONE', *, *, #4526, .F. ) ;
#1137 = CARTESIAN_POINT ( 'NONE',  ( -24.65938005719662840, -12.31077823981442521, 4.261016074323789482 ) ) ;
#1138 = CARTESIAN_POINT ( 'NONE',  ( -23.12396657105798425, 15.89073225649857690, -0.09999999999999992228 ) ) ;
#1139 = CARTESIAN_POINT ( 'NONE',  ( 22.95211143500121764, 22.20424611746516419, 10.00015572207876424 ) ) ;
#1140 = CARTESIAN_POINT ( 'NONE',  ( 26.42015434993347256, 14.20363466146364395, 7.581918269712324410 ) ) ;
#1141 = CARTESIAN_POINT ( 'NONE',  ( 12.72748042539715740, -28.30937597335710265, 10.60048116387662631 ) ) ;
#1142 = CARTESIAN_POINT ( 'NONE',  ( 16.26770198998539385, -31.01309791166409369, 23.00999999999999801 ) ) ;
#1143 = CARTESIAN_POINT ( 'NONE',  ( 20.38886346644316205, -18.37602209632795081, -0.8889690687347078235 ) ) ;
#1144 = CARTESIAN_POINT ( 'NONE',  ( 10.87375449441810282, 25.70785677487517518, 5.604641448046561614 ) ) ;
#1145 = EDGE_CURVE ( 'NONE', #3877, #4165, #5978, .T. ) ;
#1146 = CARTESIAN_POINT ( 'NONE',  ( 7.806114693820568995, -27.02958039344473917, 0.0003779425409620627775 ) ) ;
#1147 = CARTESIAN_POINT ( 'NONE',  ( 29.96219836192365804, -11.73089156803050948, 10.00020470726036592 ) ) ;
#1148 = CARTESIAN_POINT ( 'NONE',  ( 19.03820947568792477, -18.14952025971444982, 2.596817555308843950 ) ) ;
#1149 = CARTESIAN_POINT ( 'NONE',  ( -22.90492035999307774, 10.28393605124274757, 1.033427307099753945 ) ) ;
#1150 = CARTESIAN_POINT ( 'NONE',  ( 23.80172189149985584, 13.73570417853037995, -0.8889690687347068243 ) ) ;
#1151 = CARTESIAN_POINT ( 'NONE',  ( -23.64111877958455921, -22.44197945707493247, 10.93130274507047339 ) ) ;
#1152 = DIRECTION ( 'NONE',  ( 0.9999999904213650037, 0.0001384097893520106577, 0.000000000000000000 ) ) ;
#1153 = CARTESIAN_POINT ( 'NONE',  ( -25.79577250899436791, -11.14788831026111460, 0.000000000000000000 ) ) ;
#1154 = CARTESIAN_POINT ( 'NONE',  ( -30.06580556538396110, 13.26478520124274851, 10.97342718014748897 ) ) ;
#1155 = CARTESIAN_POINT ( 'NONE',  ( 26.10388284253555113, -12.36295306490634438, 5.948964761766545095 ) ) ;
#1156 = CARTESIAN_POINT ( 'NONE',  ( 18.12295718336455863, 17.27342981001491751, 0.9259220020142585605 ) ) ;
#1157 = CARTESIAN_POINT ( 'NONE',  ( -19.61578228789988287, -21.33230156241431175, 5.979133134778360059 ) ) ;
#1158 = CARTESIAN_POINT ( 'NONE',  ( 32.17987411516231333, 0.2907420762665454128, 23.01000000000000156 ) ) ;
#1159 = EDGE_CURVE ( 'NONE', #1160, #644, #6077, .T. ) ;
#1160 = VERTEX_POINT ( 'NONE', #2173 ) ;
#1161 = CARTESIAN_POINT ( 'NONE',  ( -25.95888814608935036, -4.603057663904386310, 2.641783870308094695 ) ) ;
#1162 = CARTESIAN_POINT ( 'NONE',  ( -16.20428241195481434, -27.23408151402915323, 23.01000000000000156 ) ) ;
#1163 = CARTESIAN_POINT ( 'NONE',  ( 29.98409774575018005, -10.14688210289053316, 9.333651848353964553 ) ) ;
#1164 = CARTESIAN_POINT ( 'NONE',  ( -17.80177618749728552, 17.60871715401452064, 0.9395882904795599400 ) ) ;
#1165 = CARTESIAN_POINT ( 'NONE',  ( -11.92336625952916052, -27.42868168264590523, 8.921672296094936172 ) ) ;
#1166 = CARTESIAN_POINT ( 'NONE',  ( 4.509249545879195686, -24.69963862008058086, 0.5561687545908478025 ) ) ;
#1167 = CARTESIAN_POINT ( 'NONE',  ( -16.20428241195481434, -27.23408151402915323, 23.01000000000000156 ) ) ;
#1168 = CARTESIAN_POINT ( 'NONE',  ( -30.33935105197506843, -10.71759174837258577, 9.999999910272908465 ) ) ;
#1169 = ORIENTED_EDGE ( 'NONE', *, *, #1078, .T. ) ;
#1170 = CARTESIAN_POINT ( 'NONE',  ( -27.37158314723739494, -12.72465353034488800, 7.617131218618344413 ) ) ;
#1171 = CARTESIAN_POINT ( 'NONE',  ( -28.26193951886556732, -0.003911728882548173164, 0.000000000000000000 ) ) ;
#1172 = CARTESIAN_POINT ( 'NONE',  ( 29.05995837145200866, 13.45797987653609695, 9.999633485424210377 ) ) ;
#1173 = CARTESIAN_POINT ( 'NONE',  ( 26.97888923523263571, 13.34244686777550015, 7.605411921580879309 ) ) ;
#1174 = CARTESIAN_POINT ( 'NONE',  ( -26.57593450895467413, 18.23597658647346975, 10.88737794248009827 ) ) ;
#1175 = CARTESIAN_POINT ( 'NONE',  ( 13.53535663891989849, 27.89705776408501237, 23.01000000000000156 ) ) ;
#1176 = CARTESIAN_POINT ( 'NONE',  ( 14.56704675483069344, 27.70198948137611339, 10.00000000615878548 ) ) ;
#1177 = CARTESIAN_POINT ( 'NONE',  ( 25.37717614308344238, -11.88726697385018660, -0.09999999999999999167 ) ) ;
#1178 = CARTESIAN_POINT ( 'NONE',  ( 9.620140911751532187, 24.07957345411235295, 2.264892064505038771 ) ) ;
#1179 = DIRECTION ( 'NONE',  ( -1.000000000000000000, 0.000000000000000000, 0.000000000000000000 ) ) ;
#1180 = CARTESIAN_POINT ( 'NONE',  ( 29.29226217597309301, -13.09336480117854684, 10.00000252490758790 ) ) ;
#1181 = CARTESIAN_POINT ( 'NONE',  ( 21.66125695611087210, -20.92578263394191751, 7.609615464143874242 ) ) ;
#1182 = CARTESIAN_POINT ( 'NONE',  ( 0.4359908024287607597, 25.10396287272739713, 0.4809725792379943576 ) ) ;
#1183 = CARTESIAN_POINT ( 'NONE',  ( -21.89862492255261373, -20.60084651790261034, 7.593520765744496970 ) ) ;
#1184 = CARTESIAN_POINT ( 'NONE',  ( 21.67006719594379405, 20.91221135372741458, 7.608844305960978716 ) ) ;
#1185 = CARTESIAN_POINT ( 'NONE',  ( -21.84923305720941755, -17.71610403970711189, 0.000000000000000000 ) ) ;
#1186 = CARTESIAN_POINT ( 'NONE',  ( -27.54318813827258694, 12.45001687121021661, 7.628421677681174629 ) ) ;
#1187 = CARTESIAN_POINT ( 'NONE',  ( 35.59128595542820506, -5.525916098759780404, 23.01000000000000156 ) ) ;
#1188 = CARTESIAN_POINT ( 'NONE',  ( 23.89026278959195082, -11.07370013204805304, 2.618946460380335850 ) ) ;
#1189 = CARTESIAN_POINT ( 'NONE',  ( 19.02564839997932111, 18.16165359394175027, 2.595636567496420799 ) ) ;
#1190 = CARTESIAN_POINT ( 'NONE',  ( -17.31234812271341639, -18.09226281257556579, 0.9543375574044777876 ) ) ;
#1191 = CARTESIAN_POINT ( 'NONE',  ( 23.90542537767851883, 20.89522393292380187, 23.01000000000000156 ) ) ;
#1192 = VERTEX_POINT ( 'NONE', #1651 ) ;
#1193 = CARTESIAN_POINT ( 'NONE',  ( -29.85798737745845699, -5.294139462619327219, 7.654423831671304690 ) ) ;
#1194 = CARTESIAN_POINT ( 'NONE',  ( -29.87596360709045484, -11.95037127149663903, 23.01000000000000156 ) ) ;
#1195 = CARTESIAN_POINT ( 'NONE',  ( 28.39884076247325240, -10.64688083141130903, 7.661068932141136045 ) ) ;
#1196 = CARTESIAN_POINT ( 'NONE',  ( 12.42865773731601386, 21.72170424433068092, 0.8658105362094036250 ) ) ;
#1197 = CARTESIAN_POINT ( 'NONE',  ( -19.54108231968489662, 19.50403916121610592, 4.280949371505371914 ) ) ;
#1198 = CARTESIAN_POINT ( 'NONE',  ( -11.42116194550467156, -26.55960988171371895, 7.269967662502269334 ) ) ;
#1199 = CYLINDRICAL_SURFACE ( 'NONE', #4081, 25.10000000000000142 ) ;
#1200 = CARTESIAN_POINT ( 'NONE',  ( -29.95257592979833916, 11.75458027668900485, 10.00000430600618273 ) ) ;
#1201 = ORIENTED_EDGE ( 'NONE', *, *, #4695, .T. ) ;
#1202 = CARTESIAN_POINT ( 'NONE',  ( -22.58573759488488975, -10.80789312480671427, 0.9384742374276742183 ) ) ;
#1203 = CARTESIAN_POINT ( 'NONE',  ( -26.81703822723303077, 8.572047418493982107, -0.000000000000000000 ) ) ;
#1204 = CARTESIAN_POINT ( 'NONE',  ( 24.49567602104717778, 20.07360098742154975, 10.00000043593116672 ) ) ;
#1205 = CARTESIAN_POINT ( 'NONE',  ( 21.68627009401090788, 18.84003080268217545, 5.906467022257966271 ) ) ;
#1206 = CARTESIAN_POINT ( 'NONE',  ( -27.87424375334059690, 16.38479037843812947, 10.89745011884586567 ) ) ;
#1207 = CARTESIAN_POINT ( 'NONE',  ( 12.58133305893979248, -28.30625935423166339, 10.58497201509330132 ) ) ;
#1208 = CARTESIAN_POINT ( 'NONE',  ( 7.349453905361223782, 28.17323124216582642, 23.01000000000000156 ) ) ;
#1209 = CARTESIAN_POINT ( 'NONE',  ( -12.76522365863574748, 31.39823346897936673, 23.01000000000000156 ) ) ;
#1210 = CARTESIAN_POINT ( 'NONE',  ( 11.31106170780615194, -25.13399043824955470, -0.8889690687347078235 ) ) ;
#1211 = CARTESIAN_POINT ( 'NONE',  ( -18.40219758768814629, -26.23868005104539236, 9.999995803080974355 ) ) ;
#1212 = CARTESIAN_POINT ( 'NONE',  ( 28.38962860622284623, -14.46004307017644841, 9.999994108793126557 ) ) ;
#1213 = CARTESIAN_POINT ( 'NONE',  ( 21.69805991416103552, -20.87682479244599065, 7.607981715312448934 ) ) ;
#1214 = CARTESIAN_POINT ( 'NONE',  ( -11.54684942355706845, 26.54191746994238343, 7.274691274686634124 ) ) ;
#1215 = CARTESIAN_POINT ( 'NONE',  ( 9.249110639088685915, 23.33585064664359976, 0.7955544109592230795 ) ) ;
#1216 = CARTESIAN_POINT ( 'NONE',  ( 32.42998570555323568, 15.20623476095577153, 10.00000000000000000 ) ) ;
#1217 = CARTESIAN_POINT ( 'NONE',  ( -19.32168668301807202, -17.82234977590874436, 2.582409907798876691 ) ) ;
#1218 = CARTESIAN_POINT ( 'NONE',  ( -22.65772636570500254, 15.57199689453970493, -0.8889690687347070464 ) ) ;
#1219 = CARTESIAN_POINT ( 'NONE',  ( -30.50155922332928426, 12.46925211178883508, 10.99341727831019355 ) ) ;
#1220 = CARTESIAN_POINT ( 'NONE',  ( 33.54470370833439574, 13.06724351649391203, 23.01000000000000156 ) ) ;
#1221 = CARTESIAN_POINT ( 'NONE',  ( -12.34457597768123449, -27.99846901750964534, 9.999602637466280086 ) ) ;
#1222 = CARTESIAN_POINT ( 'NONE',  ( 24.97544482582964420, -11.76606059089569989, 4.282367904381022328 ) ) ;
#1223 = CARTESIAN_POINT ( 'NONE',  ( 22.52918356284689594, 21.85288917229286554, 9.271381498790958631 ) ) ;
#1224 = CARTESIAN_POINT ( 'NONE',  ( -18.06983919006523820, -17.32932899449369657, 0.9280763699417138302 ) ) ;
#1225 = STYLED_ITEM ( 'NONE', ( #3616 ), #2155 ) ;
#1226 = CARTESIAN_POINT ( 'NONE',  ( 23.60069194727762110, 21.31606833237188781, 23.01000000000000156 ) ) ;
#1227 = CARTESIAN_POINT ( 'NONE',  ( 27.77551573162288534, 5.221250218235985230, 0.000000000000000000 ) ) ;
#1228 = CARTESIAN_POINT ( 'NONE',  ( -28.27463532591486128, -10.95804689813110500, 7.654457294615732543 ) ) ;
#1229 = CARTESIAN_POINT ( 'NONE',  ( -18.09606027352244695, -26.41549810499361328, 23.01000000000000156 ) ) ;
#1230 = CARTESIAN_POINT ( 'NONE',  ( 25.00882636124098823, -2.090863256264466674, 0.9707766773832217089 ) ) ;
#1231 = VECTOR ( 'NONE', #563, 1000.000000000000000 ) ;
#1232 = CARTESIAN_POINT ( 'NONE',  ( 19.12512996855862824, 26.69049425180339696, 10.97343508849318994 ) ) ;
#1233 = CARTESIAN_POINT ( 'NONE',  ( -19.75336227885274454, 19.25873857828596414, 4.272166392796725276 ) ) ;
#1234 = CARTESIAN_POINT ( 'NONE',  ( -11.06923563831403357, -25.68026808690744289, 5.628384346257119475 ) ) ;
#1235 = CARTESIAN_POINT ( 'NONE',  ( 13.72630099190780939, -21.05142814694377407, 1.015510534864787928 ) ) ;
#1236 = CARTESIAN_POINT ( 'NONE',  ( 25.86390844503154440, 24.58080303548451440, 10.00000000000000178 ) ) ;
#1237 = CARTESIAN_POINT ( 'NONE',  ( -31.83181691878931474, 4.701980991916318686, 10.00000003513798497 ) ) ;
#1238 = EDGE_LOOP ( 'NONE', ( #3120, #977 ) ) ;
#1239 = CARTESIAN_POINT ( 'NONE',  ( -29.75720860880664631, -13.71832915956133547, 10.95199524434658933 ) ) ;
#1240 = CARTESIAN_POINT ( 'NONE',  ( -24.96182517926232691, 11.32275985100952909, -0.8889690687347073794 ) ) ;
#1241 = CARTESIAN_POINT ( 'NONE',  ( 29.45312402575558863, 14.16033375403741701, 10.95003439755587138 ) ) ;
#1242 = CARTESIAN_POINT ( 'NONE',  ( -22.56745085267866102, 13.41798190937277369, 2.545596828196964978 ) ) ;
#1243 = CARTESIAN_POINT ( 'NONE',  ( 17.00598576805576556, 26.93280866962996356, 10.00000000000000178 ) ) ;
#1244 = CARTESIAN_POINT ( 'NONE',  ( 14.35805430254865023, 27.74685940226534342, 9.999999685413015982 ) ) ;
#1245 = CARTESIAN_POINT ( 'NONE',  ( 5.394399258265242025, -27.41714091731197200, -0.8889690687347066023 ) ) ;
#1246 = CARTESIAN_POINT ( 'NONE',  ( 10.72645520689101062, 25.73128099131269764, 5.591867994347441417 ) ) ;
#1247 = CARTESIAN_POINT ( 'NONE',  ( -18.64086967750203527, -26.10067288605972280, 9.999999613019502576 ) ) ;
#1248 = CARTESIAN_POINT ( 'NONE',  ( 31.46230458641230499, 6.742737581045929574, 9.999996828216632494 ) ) ;
#1249 = CARTESIAN_POINT ( 'NONE',  ( 23.27589066200376067, 9.242248307135477958, 0.9705090126001162387 ) ) ;
#1250 = CARTESIAN_POINT ( 'NONE',  ( 19.91113708199471333, -19.07459780447101139, 4.268132313129322952 ) ) ;
#1251 = CARTESIAN_POINT ( 'NONE',  ( -11.03828451624610985, 25.68013205159195067, 5.619750867871630362 ) ) ;
#1252 = CARTESIAN_POINT ( 'NONE',  ( -23.60537227598065257, 8.554759475411794156, 1.042292505512633749 ) ) ;
#1253 = CARTESIAN_POINT ( 'NONE',  ( 25.37388454281039074, 11.89429141701201331, -0.1000000000000000056 ) ) ;
#1254 = CARTESIAN_POINT ( 'NONE',  ( -18.22721762611910989, -17.16215889313426146, 0.9210620665292068576 ) ) ;
#1255 = CARTESIAN_POINT ( 'NONE',  ( 19.04382281282187961, 18.14271350568905206, 2.596322710058295957 ) ) ;
#1256 = CARTESIAN_POINT ( 'NONE',  ( -33.29710143776780029, 13.66717793673435644, 9.999999999999998224 ) ) ;
#1257 = CARTESIAN_POINT ( 'NONE',  ( -22.90373700722660644, 10.12723739920597055, 0.9595690988024661028 ) ) ;
#1258 = CARTESIAN_POINT ( 'NONE',  ( -10.25136562912167193, -28.08334668541364820, 9.999999987683558800 ) ) ;
#1259 = CARTESIAN_POINT ( 'NONE',  ( 25.04096000342676476, -11.65148911384815200, 4.286968547429397702 ) ) ;
#1260 = CARTESIAN_POINT ( 'NONE',  ( 20.77573167322540826, 20.00596462275805720, 5.934094948643278578 ) ) ;
#1261 = CARTESIAN_POINT ( 'NONE',  ( -21.53182695686318837, -21.09473701444839833, 7.615839978571512070 ) ) ;
#1262 = CARTESIAN_POINT ( 'NONE',  ( 23.60676500094112384, -8.551122931191660115, 1.042285485603966944 ) ) ;
#1263 = CARTESIAN_POINT ( 'NONE',  ( 31.90415722417747801, -4.303137720307551817, 23.01000000000000156 ) ) ;
#1264 = CARTESIAN_POINT ( 'NONE',  ( 24.98542985559442187, 12.71440132431670555, -0.1000000000000000056 ) ) ;
#1265 = CARTESIAN_POINT ( 'NONE',  ( -28.96364825553612832, 2.421262994022240100, 5.983627042697925447 ) ) ;
#1266 = CARTESIAN_POINT ( 'NONE',  ( 23.41055959958732302, -27.54759671925113196, 10.00000000000000000 ) ) ;
#1267 = CARTESIAN_POINT ( 'NONE',  ( 27.43977704940921569, -4.100673108841908387, 4.315912972082338150 ) ) ;
#1268 = CARTESIAN_POINT ( 'NONE',  ( 9.623332167244759816, 23.06813161787167132, 0.6465700502531777083 ) ) ;
#1269 = CARTESIAN_POINT ( 'NONE',  ( -18.01546821293700518, 17.38701188971290534, 0.9309103327377641346 ) ) ;
#1270 = EDGE_CURVE ( 'NONE', #2916, #2650, #631, .T. ) ;
#1271 = CARTESIAN_POINT ( 'NONE',  ( -9.854095673628796348, -24.01005184589374863, 2.289958412298145785 ) ) ;
#1272 = CARTESIAN_POINT ( 'NONE',  ( -23.18996124337733278, -21.87935639915935937, 23.01000000000000156 ) ) ;
#1273 = CARTESIAN_POINT ( 'NONE',  ( 14.38102167618175642, -28.23566916237723845, 10.75160236590307150 ) ) ;
#1274 = EDGE_LOOP ( 'NONE', ( #1037, #4843, #2641, #3480 ) ) ;
#1275 = CARTESIAN_POINT ( 'NONE',  ( -23.77481982299189411, -11.29220462734489061, 2.609707511769319588 ) ) ;
#1276 = CARTESIAN_POINT ( 'NONE',  ( -8.918140051884574149, 26.65405274097019017, -0.1000000000000000194 ) ) ;
#1277 = CARTESIAN_POINT ( 'NONE',  ( 26.12181125183114716, 12.33506057787855603, 5.950110136648381065 ) ) ;
#1278 = CARTESIAN_POINT ( 'NONE',  ( -24.84474264932066845, 11.99005546161922808, 4.271344689909843950 ) ) ;
#1279 = CARTESIAN_POINT ( 'NONE',  ( 28.10000000000001918, 9.744732893334463490E-14, -4.966663940786375520E-05 ) ) ;
#1280 = CARTESIAN_POINT ( 'NONE',  ( 5.315575706865169892, 28.20332056525175446, 9.999999884480487822 ) ) ;
#1281 = CARTESIAN_POINT ( 'NONE',  ( 31.77175024408904136, -16.14360318659314331, 10.00000000000000000 ) ) ;
#1282 = CARTESIAN_POINT ( 'NONE',  ( 9.134698143875823462, 23.25957644855059314, 0.5960220876736749274 ) ) ;
#1283 = CARTESIAN_POINT ( 'NONE',  ( -22.88562430265157133, -22.29420079308109948, 9.999849297764065170 ) ) ;
#1284 = CARTESIAN_POINT ( 'NONE',  ( 30.14935325411061129, -11.24109436292948239, 10.00000001416463746 ) ) ;
#1285 = CARTESIAN_POINT ( 'NONE',  ( 23.25668010640168504, 9.290402627076160158, 0.9703302817955390402 ) ) ;
#1286 = CARTESIAN_POINT ( 'NONE',  ( 19.82410844659727189, -24.66646731797821346, 9.332727874200301699 ) ) ;
#1287 = EDGE_CURVE ( 'NONE', #5926, #216, #5553, .T. ) ;
#1288 = CARTESIAN_POINT ( 'NONE',  ( -10.42419357440384253, 24.83830814935488718, 3.954039882836391850 ) ) ;
#1289 = CARTESIAN_POINT ( 'NONE',  ( -24.61695200340412626, 4.940105012759079983, 1.041965694112567675 ) ) ;
#1290 = CARTESIAN_POINT ( 'NONE',  ( 32.99925579442663093, 14.26788245625809282, 9.999999999999991118 ) ) ;
#1291 = CARTESIAN_POINT ( 'NONE',  ( -21.97835703283881159, -18.45057412146605813, 5.892888387624789281 ) ) ;
#1292 = CARTESIAN_POINT ( 'NONE',  ( 18.18428914724355749, 17.20792690532933733, 0.9228716605169113851 ) ) ;
#1293 = CARTESIAN_POINT ( 'NONE',  ( -34.35349372681382363, -10.99101208059660983, 10.00000000000000000 ) ) ;
#1294 = CARTESIAN_POINT ( 'NONE',  ( -29.70831843534349659, 13.78345718907969975, 10.94908436483315661 ) ) ;
#1295 = CARTESIAN_POINT ( 'NONE',  ( 0.7494472742985669456, -28.24009734645455438, 9.999911603939722227 ) ) ;
#1296 = CARTESIAN_POINT ( 'NONE',  ( 27.23748321403811445, -12.94031536375791980, 7.616649500294648156 ) ) ;
#1297 = CARTESIAN_POINT ( 'NONE',  ( 22.52489641031379008, 21.85888260026963792, 9.271617490276087281 ) ) ;
#1298 = CARTESIAN_POINT ( 'NONE',  ( -20.76539081484124694, -20.02504419234532662, 5.939640697175619266 ) ) ;
#1299 = CARTESIAN_POINT ( 'NONE',  ( -25.86390844456314753, -24.58080303617732909, 10.00000000000000000 ) ) ;
#1300 = CARTESIAN_POINT ( 'NONE',  ( 32.67061578182535442, 14.83999710872400968, 10.00000000000001421 ) ) ;
#1301 = CARTESIAN_POINT ( 'NONE',  ( -25.81304541213366477, -10.00404264028340151, 4.312697319852180300 ) ) ;
#1302 = CARTESIAN_POINT ( 'NONE',  ( 20.36851580341266654, 19.35803615985177828, 0.000000000000000000 ) ) ;
#1303 = CARTESIAN_POINT ( 'NONE',  ( 30.68825216365124220, -12.05548221501175554, 11.00613342750982149 ) ) ;
#1304 = CARTESIAN_POINT ( 'NONE',  ( 14.58471625795967164, 21.92090869901411310, 2.606503745384498139 ) ) ;
#1305 = CARTESIAN_POINT ( 'NONE',  ( -13.71536144440374017, 20.94508361339643443, 0.9264619649544573177 ) ) ;
#1306 = CARTESIAN_POINT ( 'NONE',  ( -11.17694352948294956, -25.66268750003601795, 5.639080796658721972 ) ) ;
#1307 = CARTESIAN_POINT ( 'NONE',  ( -25.10000000000000142, 3.073863465859856794E-15, -40.00000000000000000 ) ) ;
#1308 = CARTESIAN_POINT ( 'NONE',  ( 12.86660255149081422, -24.10898821579281304, 4.157755167479400882 ) ) ;
#1309 = ORIENTED_EDGE ( 'NONE', *, *, #4169, .T. ) ;
#1310 = CARTESIAN_POINT ( 'NONE',  ( -26.11832729140352782, -12.33360806524149211, 5.945211122486408151 ) ) ;
#1311 = CARTESIAN_POINT ( 'NONE',  ( 28.40023537922912666, 13.47340041605176708, 9.285381971651121447 ) ) ;
#1312 = CARTESIAN_POINT ( 'NONE',  ( -23.66577303169893298, 11.49641400075518050, 2.601865036718976398 ) ) ;
#1313 = CARTESIAN_POINT ( 'NONE',  ( -4.797993159070756519, -27.67310695276834309, 8.491635937019546887 ) ) ;
#1314 = CARTESIAN_POINT ( 'NONE',  ( 25.86390844503154440, 24.58080303548451440, 10.00000000000000178 ) ) ;
#1315 = CARTESIAN_POINT ( 'NONE',  ( -12.94314946237123110, 27.95386547153752588, 9.999999936147915491 ) ) ;
#1316 = CARTESIAN_POINT ( 'NONE',  ( 12.50781868841380629, 28.30265362458556666, 10.56832352217755933 ) ) ;
#1317 = CARTESIAN_POINT ( 'NONE',  ( 21.34792703809288739, 20.58331877121285203, 7.005253184105407982 ) ) ;
#1318 = CARTESIAN_POINT ( 'NONE',  ( 31.36097091485252975, 7.201156688574176457, 10.00000138981664577 ) ) ;
#1319 = CARTESIAN_POINT ( 'NONE',  ( 30.68866585059315710, 12.05469358486615583, 11.00615476657062075 ) ) ;
#1320 = CARTESIAN_POINT ( 'NONE',  ( 16.51794310924096010, -20.54770190335116453, 2.642444850563562042 ) ) ;
#1321 = CARTESIAN_POINT ( 'NONE',  ( -9.301963473967900242, 23.19534130234536207, 0.6130630798355486411 ) ) ;
#1322 = FACE_OUTER_BOUND ( 'NONE', #1664, .T. ) ;
#1323 = CARTESIAN_POINT ( 'NONE',  ( -19.49458853856435070, -15.69981490523726286, 0.8740962624260723013 ) ) ;
#1324 = CARTESIAN_POINT ( 'NONE',  ( -27.08274412944775733, 5.083350570050590989, -0.8889690687347077125 ) ) ;
#1325 = CARTESIAN_POINT ( 'NONE',  ( -29.74685753864782356, 13.72945320533347591, 10.95090388033001538 ) ) ;
#1326 = CARTESIAN_POINT ( 'NONE',  ( 11.62829104964096594, -28.02745722667534523, 10.00002566097777823 ) ) ;
#1327 = CARTESIAN_POINT ( 'NONE',  ( 21.50140200231936660, -12.83355525643248818, 0.8744544643827798502 ) ) ;
#1328 = CARTESIAN_POINT ( 'NONE',  ( 19.91067431993695180, 19.07056018099986261, 4.264647773928027519 ) ) ;
#1329 = CARTESIAN_POINT ( 'NONE',  ( 24.89526267990176933, 25.86330596054984454, 23.01000000000000156 ) ) ;
#1330 = CARTESIAN_POINT ( 'NONE',  ( 25.44374693056031944, 11.92708293526888141, 0.000000000000000000 ) ) ;
#1331 = CARTESIAN_POINT ( 'NONE',  ( -23.59223717068377013, 8.412099442436888452, 0.9709362655007073295 ) ) ;
#1332 = CARTESIAN_POINT ( 'NONE',  ( 23.41055959958732302, -27.54759671925113196, 23.01000000000000156 ) ) ;
#1333 = CARTESIAN_POINT ( 'NONE',  ( 29.44736152986247291, -11.59985920199952503, 9.333491422119152503 ) ) ;
#1334 = CARTESIAN_POINT ( 'NONE',  ( 19.96202790964260743, 24.59418572337566999, 9.328974441886975555 ) ) ;
#1335 = CARTESIAN_POINT ( 'NONE',  ( -14.26895986331287425, 27.17899247870466084, 9.117531995871472006 ) ) ;
#1336 = CARTESIAN_POINT ( 'NONE',  ( -12.58726405842878826, -27.40063884971265651, 8.987017083537716999 ) ) ;
#1337 = CARTESIAN_POINT ( 'NONE',  ( 5.820145631873119285, -28.20165072329528044, 10.00000000000000178 ) ) ;
#1338 = CARTESIAN_POINT ( 'NONE',  ( 11.84772744197019456, -23.30244330366940275, 2.462685498615959201 ) ) ;
#1339 = ORIENTED_EDGE ( 'NONE', *, *, #5181, .F. ) ;
#1340 = CARTESIAN_POINT ( 'NONE',  ( -30.13864465197440268, -13.14202555235213943, 10.97746452202267875 ) ) ;
#1341 = CIRCLE ( 'NONE', #3025, 10.99999999999999822 ) ;
#1342 = CARTESIAN_POINT ( 'NONE',  ( 27.11840787181907686, 13.12705303952294678, 7.611397015413785105 ) ) ;
#1343 = CARTESIAN_POINT ( 'NONE',  ( -23.57944732120901321, 22.53319088123339853, 10.93344099866835784 ) ) ;
#1344 = CARTESIAN_POINT ( 'NONE',  ( 1.186900475733385862, -24.98586590405110641, 0.04104673106854519332 ) ) ;
#1345 = CIRCLE ( 'NONE', #4519, 28.10000000000000497 ) ;
#1346 = CARTESIAN_POINT ( 'NONE',  ( -19.98092653190743206, 25.25617607486137928, 23.01000000000000156 ) ) ;
#1347 = CARTESIAN_POINT ( 'NONE',  ( -4.024885103768732542, 28.22017995144206637, 9.999672338997484644 ) ) ;
#1348 = CARTESIAN_POINT ( 'NONE',  ( 12.52240453417773658, 28.30308859297759483, 10.56990192025767250 ) ) ;
#1349 = CARTESIAN_POINT ( 'NONE',  ( -29.11927007183251348, 13.37213705440558797, 23.01000000000000156 ) ) ;
#1350 = CARTESIAN_POINT ( 'NONE',  ( 30.78219300723547036, 9.371994888835105897, 9.999999815721375640 ) ) ;
#1351 = CARTESIAN_POINT ( 'NONE',  ( 26.92600126675189642, 10.78457268828155691, 5.987767915904157690 ) ) ;
#1352 = CARTESIAN_POINT ( 'NONE',  ( 17.17185364199114872, -20.02818667574090128, 2.645964525367177522 ) ) ;
#1353 = CARTESIAN_POINT ( 'NONE',  ( -10.44964315212328820, 24.83270440205175333, 3.956717286406486345 ) ) ;
#1354 = CARTESIAN_POINT ( 'NONE',  ( -35.59128595530074080, 5.525916099155076644, 23.00999999999999801 ) ) ;
#1355 = EDGE_CURVE ( 'NONE', #4645, #345, #4097, .T. ) ;
#1356 = CARTESIAN_POINT ( 'NONE',  ( -22.16863069986073853, -14.02636648519401597, 2.539092405612118242 ) ) ;
#1357 = CARTESIAN_POINT ( 'NONE',  ( 19.98568612394689836, 18.98422295823408845, 4.264642886163054314 ) ) ;
#1358 = CARTESIAN_POINT ( 'NONE',  ( -32.43419384617015311, 15.19725692414385954, 10.00000000000000000 ) ) ;
#1359 = CARTESIAN_POINT ( 'NONE',  ( -28.55940633971581022, 13.22444753401543416, 9.284031564896826794 ) ) ;
#1360 = CARTESIAN_POINT ( 'NONE',  ( 12.24456613391171622, -28.00040950816322649, 10.00028894614797892 ) ) ;
#1361 = CARTESIAN_POINT ( 'NONE',  ( 26.88993109700941275, -13.47953137685890290, 7.600960335263504675 ) ) ;
#1362 = CARTESIAN_POINT ( 'NONE',  ( 29.43833335613877011, -12.84166104753064452, 23.01000000000000156 ) ) ;
#1363 = FACE_OUTER_BOUND ( 'NONE', #4115, .T. ) ;
#1364 = CARTESIAN_POINT ( 'NONE',  ( 33.29710143778588360, -13.66717793685258187, 10.00000000000000888 ) ) ;
#1365 = CARTESIAN_POINT ( 'NONE',  ( -25.92196336368722953, 9.718317117849069930, 4.312697014690593633 ) ) ;
#1366 = CARTESIAN_POINT ( 'NONE',  ( -35.58897170813880706, -6.670407155416690159, 23.01000000000000156 ) ) ;
#1367 = CARTESIAN_POINT ( 'NONE',  ( 28.22717582817065818, -11.09312684954657335, 7.660980174237168150 ) ) ;
#1368 = CARTESIAN_POINT ( 'NONE',  ( 17.31245686780366810, 18.09238549375552907, 0.9545479889183103861 ) ) ;
#1369 = CARTESIAN_POINT ( 'NONE',  ( -17.38675355544340562, 26.14787323682815057, 9.275938169935574962 ) ) ;
#1370 = EDGE_CURVE ( 'NONE', #6151, #5303, #2638, .T. ) ;
#1371 = CARTESIAN_POINT ( 'NONE',  ( -12.24545750528967680, -27.41790843383786580, 8.953076085848220345 ) ) ;
#1372 = CARTESIAN_POINT ( 'NONE',  ( 11.83447480300060484, -28.01944925043280676, 10.00000000000000178 ) ) ;
#1373 = CARTESIAN_POINT ( 'NONE',  ( 14.39851042947990578, -20.50275550162755067, 0.9520285441866360721 ) ) ;
#1374 = VERTEX_POINT ( 'NONE', #5880 ) ;
#1375 = CARTESIAN_POINT ( 'NONE',  ( -23.90320787409994452, -11.04870873570325074, 2.618795103736066388 ) ) ;
#1376 = CARTESIAN_POINT ( 'NONE',  ( -23.18821457880995496, -21.88155387535520191, 9.999999951359995976 ) ) ;
#1377 = CARTESIAN_POINT ( 'NONE',  ( 27.25738889333458559, 12.91134778133588412, 7.617737954883214258 ) ) ;
#1378 = CARTESIAN_POINT ( 'NONE',  ( -23.40513886042471015, 18.56307473322969415, 7.551219667979442107 ) ) ;
#1379 = CARTESIAN_POINT ( 'NONE',  ( -4.028377437618745560, -25.30351903107495914, 1.810687275066656721 ) ) ;
#1380 = CARTESIAN_POINT ( 'NONE',  ( -8.146051296787636176, 28.14680658293227111, 10.00000000000000178 ) ) ;
#1381 = CARTESIAN_POINT ( 'NONE',  ( -3.082264208326468413, 28.22909675243941052, 9.999764764125277594 ) ) ;
#1382 = CARTESIAN_POINT ( 'NONE',  ( 11.97020130001837224, 27.42222913326912703, 8.917076522434500774 ) ) ;
#1383 = CARTESIAN_POINT ( 'NONE',  ( 7.349453905361223782, 28.17323124216582642, 23.01000000000000156 ) ) ;
#1384 = CARTESIAN_POINT ( 'NONE',  ( 30.17435252616234465, -11.17386866509626131, 9.999999996690727144 ) ) ;
#1385 = CARTESIAN_POINT ( 'NONE',  ( 23.23731742171836245, 9.338471075323123927, 0.9700776807112866384 ) ) ;
#1386 = CARTESIAN_POINT ( 'NONE',  ( 18.52437587900248772, -18.71295669386257998, 2.617425106213527197 ) ) ;
#1387 = CARTESIAN_POINT ( 'NONE',  ( -32.30898993173479994, 15.37611933009668874, 10.00000000000000355 ) ) ;
#1388 = CARTESIAN_POINT ( 'NONE',  ( -35.16790053468753996, 7.713775115951650996, 23.01000000000000512 ) ) ;
#1389 = CARTESIAN_POINT ( 'NONE',  ( -22.26944158113091632, -18.06063901572454711, 5.886228846036369866 ) ) ;
#1390 = CARTESIAN_POINT ( 'NONE',  ( 22.59461921959546160, 21.77261300495555219, 9.277072193082439355 ) ) ;
#1391 = CARTESIAN_POINT ( 'NONE',  ( 16.52592507331916849, 31.10996755906074895, 10.00000000000001954 ) ) ;
#1392 = CARTESIAN_POINT ( 'NONE',  ( -22.52938344147618110, 10.92294819675553974, 0.9337476409965461688 ) ) ;
#1393 = CARTESIAN_POINT ( 'NONE',  ( 17.84448335840191646, -26.54229084672311956, 9.999766036090395716 ) ) ;
#1394 = CARTESIAN_POINT ( 'NONE',  ( 29.55195498994951464, -14.01782668459710912, 10.95329732540727541 ) ) ;
#1395 = CARTESIAN_POINT ( 'NONE',  ( 8.828577433655860673, -28.12826004118236511, 23.01000000000000156 ) ) ;
#1396 = CARTESIAN_POINT ( 'NONE',  ( -23.29744425696882359, 9.068025755045136194, 15.00000000000000000 ) ) ;
#1397 = CARTESIAN_POINT ( 'NONE',  ( -22.55055385340618912, -21.82288623633646196, 9.270191454283505550 ) ) ;
#1398 = CARTESIAN_POINT ( 'NONE',  ( 16.52592507331916849, 31.10996755906074895, 10.00000000000001954 ) ) ;
#1399 = CARTESIAN_POINT ( 'NONE',  ( 16.53421239728159620, -31.10521529710586108, 9.999999999999987566 ) ) ;
#1400 = CARTESIAN_POINT ( 'NONE',  ( -25.36650474547687395, 7.232959834241285968, 2.641810756670263771 ) ) ;
#1401 = CARTESIAN_POINT ( 'NONE',  ( 20.22266126292846522, -29.72711633308959023, 10.00000000000000000 ) ) ;
#1402 = CARTESIAN_POINT ( 'NONE',  ( 30.66675556778832146, -12.10792492149511190, 11.00596302584705555 ) ) ;
#1403 = CARTESIAN_POINT ( 'NONE',  ( 17.87948848658374246, 19.36319416644083802, 2.633153116977310582 ) ) ;
#1404 = CARTESIAN_POINT ( 'NONE',  ( -14.37762495674194341, 28.22985146156208813, 10.74165978458117365 ) ) ;
#1405 = CARTESIAN_POINT ( 'NONE',  ( -13.86252993481716977, -22.34353700234487761, 2.580803623079863662 ) ) ;
#1406 = CARTESIAN_POINT ( 'NONE',  ( -14.21652442454528575, -27.81178009024835163, 23.01000000000000156 ) ) ;
#1407 = CARTESIAN_POINT ( 'NONE',  ( 13.67705076835433076, -26.20240783074025259, 7.463493742090812511 ) ) ;
#1408 = ORIENTED_EDGE ( 'NONE', *, *, #508, .F. ) ;
#1409 = CARTESIAN_POINT ( 'NONE',  ( -25.69457915009884630, -10.30028939116216335, 4.312033740319708208 ) ) ;
#1410 = CARTESIAN_POINT ( 'NONE',  ( -25.20280328347083909, -19.08084726477913406, 10.00001232276300023 ) ) ;
#1411 = CARTESIAN_POINT ( 'NONE',  ( 26.18311426814338461, 12.23429091622728571, 5.953672578096513845 ) ) ;
#1412 = CARTESIAN_POINT ( 'NONE',  ( -21.11986178785435797, 15.56936679122838463, 2.531404159512964380 ) ) ;
#1413 = CARTESIAN_POINT ( 'NONE',  ( 1.250132666612444599, -25.53382032007352365, 1.713722130712143521 ) ) ;
#1414 = CARTESIAN_POINT ( 'NONE',  ( -15.34341917225439111, 27.51558348737520632, 23.01000000000000156 ) ) ;
#1415 = CARTESIAN_POINT ( 'NONE',  ( -9.797711942425761933, 28.09647318599088095, 9.999994589722307481 ) ) ;
#1416 = CARTESIAN_POINT ( 'NONE',  ( 12.35676630875682491, 27.40770688181758175, 8.956163708142115709 ) ) ;
#1417 = B_SPLINE_CURVE_WITH_KNOTS ( 'NONE', 3,
 ( #1065, #4226, #21, #5072, #5130, #2241, #1568 ),
 .UNSPECIFIED., .F., .F.,
 ( 4, 1, 1, 1, 4 ),
 ( 0.000000000000000000, 0.2500000000000000000, 0.5000000000000000000, 0.7500000000000000000, 1.000000000000000000 ),
 .UNSPECIFIED. ) ;
#1418 = CARTESIAN_POINT ( 'NONE',  ( 27.71530720958445215, 1.272894354648758553, 4.315943310237033259 ) ) ;
#1419 = CARTESIAN_POINT ( 'NONE',  ( 22.28710721054961752, 20.08998400312988508, 7.586952431027970789 ) ) ;
#1420 = CARTESIAN_POINT ( 'NONE',  ( -25.76597926071759659, -11.24813380071010016, -1.116946297595333712E-07 ) ) ;
#1421 = CARTESIAN_POINT ( 'NONE',  ( -34.35707658689383948, -10.98181457993661958, 23.00999999999999446 ) ) ;
#1422 = CARTESIAN_POINT ( 'NONE',  ( -18.13167119797741123, -17.26395912062211835, 0.9253117939434178929 ) ) ;
#1423 = CARTESIAN_POINT ( 'NONE',  ( 22.57974774246247307, 21.79317130573573280, 9.277603597838758986 ) ) ;
#1424 = CARTESIAN_POINT ( 'NONE',  ( -13.32462088883218776, 24.71985400829092683, -0.1000000000000000056 ) ) ;
#1425 = CARTESIAN_POINT ( 'NONE',  ( -23.84117108199769675, 11.16613039597104340, 2.614244627381566044 ) ) ;
#1426 = CARTESIAN_POINT ( 'NONE',  ( 12.33362639391690507, -27.99614686663539231, 10.00000000000537526 ) ) ;
#1427 = CARTESIAN_POINT ( 'NONE',  ( 26.82052058493437130, -15.79004198626116739, 9.235573111543615710 ) ) ;
#1428 = CARTESIAN_POINT ( 'NONE',  ( 18.54205668038303401, -26.16715983015094693, 23.01000000000000156 ) ) ;
#1429 = B_SPLINE_CURVE_WITH_KNOTS ( 'NONE', 3,
 ( #628, #4660, #3071, #5614, #6074, #4094, #6105, #6044, #6167, #5091, #2135, #1586 ),
 .UNSPECIFIED., .F., .F.,
 ( 4, 2, 2, 2, 2, 4 ),
 ( 0.06715418760580010860, 0.07251688956274546238, 0.07787959151969083005, 0.08056094249816350694, 0.08324229347663619771, 0.08860499543358155150 ),
 .UNSPECIFIED. ) ;
#1430 = CARTESIAN_POINT ( 'NONE',  ( 36.20448314077391672, -0.002990514941186069725, 10.00000000000000000 ) ) ;
#1431 = CARTESIAN_POINT ( 'NONE',  ( -19.68625601529156910, 20.07630919854708651, 0.000000000000000000 ) ) ;
#1432 = CARTESIAN_POINT ( 'NONE',  ( 24.98894849333186485, -12.70748438133174396, -0.1000000000000000056 ) ) ;
#1433 = CARTESIAN_POINT ( 'NONE',  ( -25.88264590877536975, 9.823199559455632723, 4.312697208325904086 ) ) ;
#1434 = FACE_OUTER_BOUND ( 'NONE', #4276, .T. ) ;
#1435 = CARTESIAN_POINT ( 'NONE',  ( 29.47832237227002139, -11.52268796601294198, 9.333641277893708121 ) ) ;
#1436 = CARTESIAN_POINT ( 'NONE',  ( 18.11034036737401820, 20.93331165996102072, 4.311134094761056801 ) ) ;
#1437 = CARTESIAN_POINT ( 'NONE',  ( -15.86331032385820272, 21.06628810520854600, 2.637429769761548304 ) ) ;
#1438 = CARTESIAN_POINT ( 'NONE',  ( -20.67016496808275861, -23.95715462028361031, 9.331813907105297901 ) ) ;
#1439 = CARTESIAN_POINT ( 'NONE',  ( -26.59999999999999787, 3.349408995668011272E-15, -43.00000000000000000 ) ) ;
#1440 = CARTESIAN_POINT ( 'NONE',  ( 11.25520898093826716, -25.64717334538992333, 5.645946207746095347 ) ) ;
#1441 = ORIENTED_EDGE ( 'NONE', *, *, #1270, .F. ) ;
#1442 = CARTESIAN_POINT ( 'NONE',  ( -29.37760026829928606, -11.75002512726625348, 9.324496718286331642 ) ) ;
#1443 = CARTESIAN_POINT ( 'NONE',  ( -29.05911435306965984, -13.45911433119174383, 9.999534442068027218 ) ) ;
#1444 = CARTESIAN_POINT ( 'NONE',  ( 23.77588919445412685, 11.29262648889670118, 2.611203632780164874 ) ) ;
#1445 = CARTESIAN_POINT ( 'NONE',  ( -19.19703476106652573, 17.96658606311946116, 2.588059888075295412 ) ) ;
#1446 = CARTESIAN_POINT ( 'NONE',  ( -11.56179394243371483, -28.29917999847768328, 10.51496146857474123 ) ) ;
#1447 = CARTESIAN_POINT ( 'NONE',  ( -29.38818346126327441, 12.93088197890824631, 10.00000000000000178 ) ) ;
#1448 = CARTESIAN_POINT ( 'NONE',  ( -13.30127057334189544, 27.91482743177763481, 10.00000002567240109 ) ) ;
#1449 = CARTESIAN_POINT ( 'NONE',  ( 9.415014472410947022, 28.12185581890073038, 23.01000000000000156 ) ) ;
#1450 = CARTESIAN_POINT ( 'NONE',  ( 25.66207353888252030, 6.283850509391578854, 2.643267869925309377 ) ) ;
#1451 = CARTESIAN_POINT ( 'NONE',  ( 24.41599795639992010, 21.34090231388863046, 10.92045787564011583 ) ) ;
#1452 = AXIS2_PLACEMENT_3D ( 'NONE', #533, #1615, #6072 ) ;
#1453 = FILL_AREA_STYLE ('',( #3958 ) ) ;
#1454 = DIRECTION ( 'NONE',  ( -1.000000000000000000, 0.000000000000000000, 0.000000000000000000 ) ) ;
#1455 = CARTESIAN_POINT ( 'NONE',  ( -19.77326453130321582, -19.23797505037169486, 4.274282165008042256 ) ) ;
#1456 = CARTESIAN_POINT ( 'NONE',  ( 19.92610879126102219, 19.05582300483629510, 4.267240113259056500 ) ) ;
#1457 = CARTESIAN_POINT ( 'NONE',  ( -19.20151311006365447, 19.58360164814617832, -0.8889690687347078235 ) ) ;
#1458 = CARTESIAN_POINT ( 'NONE',  ( 23.66577472124739856, -22.42194180153036243, 10.94091057545331758 ) ) ;
#1459 = CARTESIAN_POINT ( 'NONE',  ( 14.82478101927256553, -27.64992082714372756, 23.01000000000000156 ) ) ;
#1460 = CARTESIAN_POINT ( 'NONE',  ( 23.86900109096674072, 7.804937961339841301, 1.042114512794268810 ) ) ;
#1461 = CARTESIAN_POINT ( 'NONE',  ( -22.56542630513558123, -21.80233588411097401, 9.269656214932901150 ) ) ;
#1462 = CARTESIAN_POINT ( 'NONE',  ( 10.59395262055047127, 31.40146660742574980, 9.999999999999998224 ) ) ;
#1463 = CARTESIAN_POINT ( 'NONE',  ( 30.69918064211137221, -17.67584265711387914, 9.999999999999984013 ) ) ;
#1464 = CARTESIAN_POINT ( 'NONE',  ( -28.87715516468124477, 9.254137546813540283, 7.654453127760623588 ) ) ;
#1465 = CARTESIAN_POINT ( 'NONE',  ( -9.790696672925921717, 26.34839655897488697, 4.145102584894123975E-05 ) ) ;
#1466 = CARTESIAN_POINT ( 'NONE',  ( 28.16518276543548183, -11.24401517963345576, 7.660423900152334653 ) ) ;
#1467 = CARTESIAN_POINT ( 'NONE',  ( 20.66592013941992079, 23.95214902502421950, 9.323496913092062854 ) ) ;
#1468 = CARTESIAN_POINT ( 'NONE',  ( -11.14598750877267541, 25.66281810160858257, 5.630539487951762290 ) ) ;
#1469 = CARTESIAN_POINT ( 'NONE',  ( -14.87643781557686218, -27.07951060128776888, 9.169903882670292106 ) ) ;
#1470 = CARTESIAN_POINT ( 'NONE',  ( -12.23071208380745567, -28.00604239417924290, 10.00000000000000178 ) ) ;
#1471 = CARTESIAN_POINT ( 'NONE',  ( 10.27488778465775177, -22.79474366638133986, 0.7076788908069349127 ) ) ;
#1472 = EDGE_LOOP ( 'NONE', ( #2213, #4732, #2289, #5203 ) ) ;
#1473 = CARTESIAN_POINT ( 'NONE',  ( -26.94310057572410955, -10.73380088901686769, 5.983139924699346857 ) ) ;
#1474 = CARTESIAN_POINT ( 'NONE',  ( -23.42138310537326618, -21.56179394359652690, 9.999999977233105852 ) ) ;
#1475 = CARTESIAN_POINT ( 'NONE',  ( 26.16913257117115776, 12.25706599053572532, 5.952677712062464543 ) ) ;
#1476 = CARTESIAN_POINT ( 'NONE',  ( -22.18702387058715431, 20.21877526337253173, 7.583188788710556238 ) ) ;
#1477 = CARTESIAN_POINT ( 'NONE',  ( -8.733553777190712353, -24.33398809608041091, 2.178958194469622356 ) ) ;
#1478 = CARTESIAN_POINT ( 'NONE',  ( -21.90095702616434892, 23.49397762621466157, 23.01000000000000156 ) ) ;
#1479 = CARTESIAN_POINT ( 'NONE',  ( -22.29335072017768837, 23.03965013531765393, 9.999995614794984888 ) ) ;
#1480 = CARTESIAN_POINT ( 'NONE',  ( -28.97366516722793151, 13.58622078215158524, 23.01000000000000156 ) ) ;
#1481 = CARTESIAN_POINT ( 'NONE',  ( 27.03684216490673720, 10.50979755902725721, 5.988483676870436589 ) ) ;
#1482 = CARTESIAN_POINT ( 'NONE',  ( 23.03001717228479350, 21.16921497810501762, 9.262607294621769682 ) ) ;
#1483 = CARTESIAN_POINT ( 'NONE',  ( -28.09999999999986997, -0.4441620691359073891, -4.988111485215678253E-05 ) ) ;
#1484 = CARTESIAN_POINT ( 'NONE',  ( 9.855880899047106070, -23.09235082177971066, 0.8352620950730403893 ) ) ;
#1485 = CARTESIAN_POINT ( 'NONE',  ( -19.91234421451839864, -19.07232990441345777, 4.267846280356754285 ) ) ;
#1486 = CARTESIAN_POINT ( 'NONE',  ( 18.20999579646858635, 17.18041099118685722, 0.9216553698988930732 ) ) ;
#1487 = CARTESIAN_POINT ( 'NONE',  ( -10.60264475412865970, 31.39853279104946182, 10.00000000000000178 ) ) ;
#1488 = CARTESIAN_POINT ( 'NONE',  ( 22.93134620367938936, -22.23437053079958758, 9.999999828916669387 ) ) ;
#1489 = EDGE_CURVE ( 'NONE', #744, #4645, #3665, .T. ) ;
#1490 = CARTESIAN_POINT ( 'NONE',  ( 21.12072030698080738, -15.57001270084342970, 2.532899342949058052 ) ) ;
#1491 = CARTESIAN_POINT ( 'NONE',  ( 24.81532760349088562, 19.62969445926009016, 23.01000000000000156 ) ) ;
#1492 = CARTESIAN_POINT ( 'NONE',  ( 24.57864259626684600, 5.104663589564551351, 1.041944494425572243 ) ) ;
#1493 = CARTESIAN_POINT ( 'NONE',  ( -18.21010426336201249, -17.18052796439555152, 0.9218658704342646004 ) ) ;
#1494 = CARTESIAN_POINT ( 'NONE',  ( 19.20151311007981931, -19.58360164813383619, -0.8889690687347078235 ) ) ;
#1495 = CARTESIAN_POINT ( 'NONE',  ( -24.54324642904506959, 9.626918958540263915, 2.641775659779884045 ) ) ;
#1496 = CARTESIAN_POINT ( 'NONE',  ( 11.31769449142938377, 25.75846350778188665, -0.0001675103711934593253 ) ) ;
#1497 = CARTESIAN_POINT ( 'NONE',  ( 29.39417832558151744, -11.72788612836825273, 9.332948050078931246 ) ) ;
#1498 = CARTESIAN_POINT ( 'NONE',  ( 17.89232735437845179, 17.51487157655488858, 0.9357484949238228378 ) ) ;
#1499 = CARTESIAN_POINT ( 'NONE',  ( -10.86084972145363992, 23.67890749978096565, 2.382788098832648860 ) ) ;
#1500 = CARTESIAN_POINT ( 'NONE',  ( -16.71792948358294595, -18.65018968082519990, 0.9669242558559789646 ) ) ;
#1501 = CARTESIAN_POINT ( 'NONE',  ( 20.99461947310380339, -24.38688413662643839, 10.00000000000000178 ) ) ;
#1502 = CARTESIAN_POINT ( 'NONE',  ( 13.43315861652634169, -28.30237125572916312, 10.67015787734285226 ) ) ;
#1503 = ORIENTED_EDGE ( 'NONE', *, *, #4298, .F. ) ;
#1504 = CARTESIAN_POINT ( 'NONE',  ( -23.30463866849285637, -9.169932796678450515, 0.9708771576125923009 ) ) ;
#1505 = CARTESIAN_POINT ( 'NONE',  ( -29.87525911610655172, -11.94432939254020631, 10.00036076547831065 ) ) ;
#1506 = CARTESIAN_POINT ( 'NONE',  ( 28.57505541108636749, 13.21552943300620697, 9.293324091170497070 ) ) ;
#1507 = CARTESIAN_POINT ( 'NONE',  ( -23.43031748520345303, 22.74847973479846530, 10.93868856624864705 ) ) ;
#1508 = CARTESIAN_POINT ( 'NONE',  ( -9.568624008507025991, -24.09564228134946973, 2.261187595293412400 ) ) ;
#1509 = CARTESIAN_POINT ( 'NONE',  ( -30.13812433285065495, 11.27422519361256192, 10.00000000000000178 ) ) ;
#1510 = CARTESIAN_POINT ( 'NONE',  ( -19.10942301981947011, 25.81247476887689274, 10.00000009822096914 ) ) ;
#1511 = CARTESIAN_POINT ( 'NONE',  ( -21.06229511501189933, -17.64110804988098380, 4.222645584696137711 ) ) ;
#1512 = CARTESIAN_POINT ( 'NONE',  ( 26.39254168423408586, 1.212227013487490179, 2.643357736054093188 ) ) ;
#1513 = CARTESIAN_POINT ( 'NONE',  ( 22.05639659245806783, 20.39883142596075061, 7.594648420130359234 ) ) ;
#1514 = CARTESIAN_POINT ( 'NONE',  ( -23.41055959961339283, 27.54759671926454700, 10.00000000000000000 ) ) ;
#1515 = DIRECTION ( 'NONE',  ( -1.000000000000000000, 0.000000000000000000, -0.000000000000000000 ) ) ;
#1516 = CARTESIAN_POINT ( 'NONE',  ( 25.92442961721672390, -10.63918707879239456, -0.1000000000000000888 ) ) ;
#1517 = CARTESIAN_POINT ( 'NONE',  ( 8.733127012777275766, 24.33331403500362811, 2.177461048018212608 ) ) ;
#1518 = CARTESIAN_POINT ( 'NONE',  ( -8.934818316263228866, 26.70102779097097567, 0.000000000000000000 ) ) ;
#1519 = CARTESIAN_POINT ( 'NONE',  ( 22.90708092967916443, -22.26727493898093613, 9.999999997589791079 ) ) ;
#1520 = PRODUCT_DEFINITION_SHAPE ( 'NONE', 'NONE',  #3618 ) ;
#1521 = CARTESIAN_POINT ( 'NONE',  ( 22.73230965685065996, -21.58409926699913939, 9.272465968868427666 ) ) ;
#1522 = CARTESIAN_POINT ( 'NONE',  ( 29.72006627369201937, 12.29649786588524485, 23.01000000000000156 ) ) ;
#1523 = CARTESIAN_POINT ( 'NONE',  ( 21.61384531141259657, 23.78431005350757843, 9.999835286490400321 ) ) ;
#1524 = CARTESIAN_POINT ( 'NONE',  ( -19.94736470609431578, -19.02653565408621361, 4.263036792903457162 ) ) ;
#1525 = LINE ( 'NONE', #1648, #502 ) ;
#1526 = CARTESIAN_POINT ( 'NONE',  ( 21.85413638156445870, -17.71005506900050008, 0.000000000000000000 ) ) ;
#1527 = CARTESIAN_POINT ( 'NONE',  ( -29.53932298555396230, 11.34793179682757902, 9.325337289712974709 ) ) ;
#1528 = CARTESIAN_POINT ( 'NONE',  ( -22.47988628076529949, 16.91870036488422002, -1.548364565711962074E-05 ) ) ;
#1529 = CARTESIAN_POINT ( 'NONE',  ( 30.07302968006387189, -13.26779774524159983, 10.98343832131222264 ) ) ;
#1530 = CARTESIAN_POINT ( 'NONE',  ( 23.30012470871540486, 22.93365808525823368, 10.94565935340249219 ) ) ;
#1531 = CARTESIAN_POINT ( 'NONE',  ( -13.07647330583093748, 28.30466092803640876, 10.62630932208248069 ) ) ;
#1532 = CARTESIAN_POINT ( 'NONE',  ( -12.36347598229428968, -23.09443185710537705, 2.500853916267537169 ) ) ;
#1533 = CARTESIAN_POINT ( 'NONE',  ( 20.22044583681554997, -25.03689568835999069, 10.00000000000000178 ) ) ;
#1534 = VERTEX_POINT ( 'NONE', #6440 ) ;
#1535 = CARTESIAN_POINT ( 'NONE',  ( -23.32831880680690517, -9.109520592088298230, 0.9709350604064937995 ) ) ;
#1536 = CARTESIAN_POINT ( 'NONE',  ( -12.25774954269556183, -28.00268192411396839, 9.999999999979765519 ) ) ;
#1537 = CARTESIAN_POINT ( 'NONE',  ( 22.59696855127434034, 10.78435568713882198, 0.9391609470985211594 ) ) ;
#1538 = CARTESIAN_POINT ( 'NONE',  ( -23.49847132956600149, 22.64982888530389715, 10.93605860739514490 ) ) ;
#1539 = CARTESIAN_POINT ( 'NONE',  ( -11.12460858218962478, -26.58871717801288881, 7.246266538369792620 ) ) ;
#1540 = CARTESIAN_POINT ( 'NONE',  ( -32.07018300867111549, 2.823588901353492719, 10.00000000000000178 ) ) ;
#1541 = CARTESIAN_POINT ( 'NONE',  ( -25.80209945564130436, 18.23259181893767078, 9.999818093735221680 ) ) ;
#1542 = CARTESIAN_POINT ( 'NONE',  ( -22.51918728130143776, -10.94383815024858464, 0.9331766122751150583 ) ) ;
#1543 = CARTESIAN_POINT ( 'NONE',  ( -24.30112823594496518, -14.02180579184293485, -0.1000000000000001305 ) ) ;
#1544 = CARTESIAN_POINT ( 'NONE',  ( 28.27950598022221129, 10.95993395842799423, 7.661069237322938541 ) ) ;
#1545 = CARTESIAN_POINT ( 'NONE',  ( 19.21673952786479944, 17.94523232104441490, 2.588500632893902864 ) ) ;
#1546 = CONICAL_SURFACE ( 'NONE', #1120, 26.59999999999999787, 0.7853981633974471688 ) ;
#1547 = FACE_OUTER_BOUND ( 'NONE', #3661, .T. ) ;
#1548 = CARTESIAN_POINT ( 'NONE',  ( -1.186908575271598654, 24.98593482792829690, 0.04125714795119873185 ) ) ;
#1549 = CARTESIAN_POINT ( 'NONE',  ( 19.87999239840694443, 18.89374833516149366, -0.8889690687347079345 ) ) ;
#1550 = VECTOR ( 'NONE', #2533, 1000.000000000000000 ) ;
#1551 = CARTESIAN_POINT ( 'NONE',  ( 20.06234681486771265, -16.93467406492918315, 2.557031579245700570 ) ) ;
#1552 = EDGE_CURVE ( 'NONE', #2715, #3048, #818, .T. ) ;
#1553 = CARTESIAN_POINT ( 'NONE',  ( 0.000000000000000000, 0.000000000000000000, -41.00000000000000000 ) ) ;
#1554 = CARTESIAN_POINT ( 'NONE',  ( 25.86390841252855566, 24.58080308188991836, 10.00000000000000178 ) ) ;
#1555 = CARTESIAN_POINT ( 'NONE',  ( -20.81220227182459936, -19.95980540026415540, 5.932470698909394713 ) ) ;
#1556 = FACE_OUTER_BOUND ( 'NONE', #5712, .T. ) ;
#1557 = CARTESIAN_POINT ( 'NONE',  ( -32.42998570557046634, -15.20623476095525639, 10.00000000000000178 ) ) ;
#1558 = CARTESIAN_POINT ( 'NONE',  ( -26.97279069963113329, 10.66072876152659532, 5.983362050409398059 ) ) ;
#1559 = CARTESIAN_POINT ( 'NONE',  ( -22.93941663776087836, -22.22077410771461459, 9.999755243393224191 ) ) ;
#1560 = CARTESIAN_POINT ( 'NONE',  ( 25.14225645164952994, -11.46654785798446774, 4.293374661231220912 ) ) ;
#1561 = CARTESIAN_POINT ( 'NONE',  ( 21.31530296705112093, 21.36105248710056514, 7.618758293598230757 ) ) ;
#1562 = CARTESIAN_POINT ( 'NONE',  ( -11.62984766523299918, 26.53425110982187007, 7.283128464011118020 ) ) ;
#1563 = CARTESIAN_POINT ( 'NONE',  ( -18.68690299978365843, -18.53835697919346970, 2.611343627406576662 ) ) ;
#1564 = CARTESIAN_POINT ( 'NONE',  ( 31.35214059073594584, -7.310119177627769638, 10.00000000000000178 ) ) ;
#1565 = VERTEX_POINT ( 'NONE', #3398 ) ;
#1566 = CARTESIAN_POINT ( 'NONE',  ( -30.72416445578296162, -11.94313668791985350, 10.99621728283370281 ) ) ;
#1567 = B_SPLINE_CURVE_WITH_KNOTS ( 'NONE', 3,
 ( #1302, #4837, #304, #5362, #840, #2345, #4373, #1858, #1496, #5989, #1994, #2450, #3474, #474, #2415, #538, #3971, #3504, #4539, #2945, #6047, #4569, #1465, #2024, #4937, #2053, #4443, #3938, #2509, #4037, #6453, #2481, #1528, #1002, #43, #4969, #5586, #2908, #941, #970, #3535, #3563, #4065, #507, #3447, #410 ),
 .UNSPECIFIED., .F., .F.,
 ( 4, 2, 2, 2, 2, 2, 2, 2, 2, 2, 2, 2, 2, 2, 2, 2, 2, 2, 2, 2, 2, 2, 4 ),
 ( 0.08860499543358155150, 0.09070477151251732373, 0.09280454759145310983, 0.09700409974932465429, 0.1012036519071961987, 0.1054032040650677432, 0.1096027562229392877, 0.1117025323018750599, 0.1138023083808108460, 0.1180018605386823904, 0.1201016366176181627, 0.1222014126965539349, 0.1264009648544254794, 0.1285007409333612793, 0.1306005170122970516, 0.1348000691701685960, 0.1389996213280401682, 0.1410993974069759127, 0.1431991734859117127, 0.1473987256437832571, 0.1494985017227190294, 0.1515982778016548016, 0.1557978299595263738 ),
 .UNSPECIFIED. ) ;
#1568 = CARTESIAN_POINT ( 'NONE',  ( -25.87071190346052063, 24.57364245486083121, 10.00000000000000000 ) ) ;
#1569 = CARTESIAN_POINT ( 'NONE',  ( 28.06834638343125121, 11.46734023426228433, 7.658758446226586969 ) ) ;
#1570 = CARTESIAN_POINT ( 'NONE',  ( -19.96448276102593056, 19.00677077775487689, 4.262518529212648843 ) ) ;
#1571 = CARTESIAN_POINT ( 'NONE',  ( -9.828185739636543516, -24.01792793216363719, 2.287330779321995688 ) ) ;
#1572 = CARTESIAN_POINT ( 'NONE',  ( -29.87596360709045484, -11.95037127149663903, 10.00000000000000178 ) ) ;
#1573 = CARTESIAN_POINT ( 'NONE',  ( -25.25599184081679738, 19.00837203848784540, 9.999774179972297006 ) ) ;
#1574 = CARTESIAN_POINT ( 'NONE',  ( -24.83214449599118367, -12.01299358371806747, 4.270806955366549751 ) ) ;
#1575 = B_SPLINE_SURFACE_WITH_KNOTS ( 'NONE', 3, 1, ( 
 ( #6406, #2436 ),
 ( #3300, #4465 ),
 ( #896, #3333 ),
 ( #4959, #431 ),
 ( #5840, #5349 ),
 ( #6475, #4889 ),
 ( #6338, #1947 ) ),
 .UNSPECIFIED., .F., .F., .F.,
 ( 4, 1, 1, 1, 4 ),
 ( 2, 2 ),
 ( 0.000000000000000000, 0.2500000000000000000, 0.5000000000000000000, 0.7500000000000000000, 1.000000000000000000 ),
 ( 0.000000000000000000, 1.000000000000000000 ),
 .UNSPECIFIED. ) ;
#1576 = CARTESIAN_POINT ( 'NONE',  ( 29.08163441843067432, 13.42563830297049421, 9.999997223305260974 ) ) ;
#1577 = CARTESIAN_POINT ( 'NONE',  ( 24.73998980008024873, 20.87558078420039820, 10.91300923097287523 ) ) ;
#1578 = CARTESIAN_POINT ( 'NONE',  ( -19.03502502417771325, -18.15270154641884659, 2.596732335812474979 ) ) ;
#1579 = CARTESIAN_POINT ( 'NONE',  ( 4.797068445283440674, 27.67014598056517372, 8.483332890159083206 ) ) ;
#1580 = CARTESIAN_POINT ( 'NONE',  ( 3.731984258819660116, -27.88648087560706301, 0.0005007668766220987324 ) ) ;
#1581 = CARTESIAN_POINT ( 'NONE',  ( 23.17402090473833454, -21.90279066912871286, 9.999999999019889785 ) ) ;
#1582 = CARTESIAN_POINT ( 'NONE',  ( 22.69270801989233632, -21.63894942895747775, 9.273829127662336802 ) ) ;
#1583 = CARTESIAN_POINT ( 'NONE',  ( 23.60069194727762110, 21.31606833237188781, 23.01000000000000156 ) ) ;
#1584 = CARTESIAN_POINT ( 'NONE',  ( 27.47851530886736526, 22.27558461057870076, 9.999999999999987566 ) ) ;
#1585 = CARTESIAN_POINT ( 'NONE',  ( -20.79292201509371907, -19.98410573491678832, 5.933227688147876044 ) ) ;
#1586 = CARTESIAN_POINT ( 'NONE',  ( 20.36851580341266654, 19.35803615985177828, 0.000000000000000000 ) ) ;
#1587 = CARTESIAN_POINT ( 'NONE',  ( -13.31777419064228951, -24.72353981783455268, -0.09999999999999988065 ) ) ;
#1588 = CARTESIAN_POINT ( 'NONE',  ( -25.76332957100477472, 10.13092639278453788, 4.312620390047491981 ) ) ;
#1589 = CARTESIAN_POINT ( 'NONE',  ( -19.76948327077756318, -18.93315620111269482, 4.009451256348284254 ) ) ;
#1590 = CARTESIAN_POINT ( 'NONE',  ( 28.05803314310454510, -11.49385506953875868, 7.658734748165194617 ) ) ;
#1591 = CARTESIAN_POINT ( 'NONE',  ( 18.03455995364593178, 17.36672295680708444, 0.9298411265317282348 ) ) ;
#1592 = CARTESIAN_POINT ( 'NONE',  ( -12.26884219101154372, 27.40894847330228856, 8.946634183812452790 ) ) ;
#1593 = CARTESIAN_POINT ( 'NONE',  ( -20.61745391253360538, -20.20956531837092385, 5.946656074916880641 ) ) ;
#1594 = CARTESIAN_POINT ( 'NONE',  ( 17.20060749116663956, -26.84631526389689427, 23.01000000000000156 ) ) ;
#1595 = ORIENTED_EDGE ( 'NONE', *, *, #2231, .T. ) ;
#1596 = CARTESIAN_POINT ( 'NONE',  ( -28.23289025756341175, -11.06487181977085577, 7.654426499555873065 ) ) ;
#1597 = CARTESIAN_POINT ( 'NONE',  ( -24.12951114211556103, -20.58772561536310164, 23.01000000000000156 ) ) ;
#1598 = CARTESIAN_POINT ( 'NONE',  ( -3.969679435641013221, -28.22051222962398853, 9.999996977252127550 ) ) ;
#1599 = CARTESIAN_POINT ( 'NONE',  ( 30.56693715387316956, 12.34180302736751855, 11.00460237007071740 ) ) ;
#1600 = CARTESIAN_POINT ( 'NONE',  ( -19.09076416471774706, 18.08811347520975588, 2.592856991422174850 ) ) ;
#1601 = CARTESIAN_POINT ( 'NONE',  ( -11.95630376498349534, -27.42727217945051521, 8.924085633343995738 ) ) ;
#1602 = CARTESIAN_POINT ( 'NONE',  ( -11.80781992156832239, -22.15808132402667852, 0.9419465316514740172 ) ) ;
#1603 = CARTESIAN_POINT ( 'NONE',  ( -30.13812433285065495, 11.27422519361256192, 23.01000000000000156 ) ) ;
#1604 = CARTESIAN_POINT ( 'NONE',  ( -30.24351239967921501, 10.98526509201136747, 9.999999998764121045 ) ) ;
#1605 = EDGE_LOOP ( 'NONE', ( #4616, #2488, #3154, #3812 ) ) ;
#1606 = CARTESIAN_POINT ( 'NONE',  ( -24.77821876281934976, -14.47018386060949346, 5.888701708325622342 ) ) ;
#1607 = CARTESIAN_POINT ( 'NONE',  ( -26.40303410375559778, -23.81107857229906344, 10.00000000000000000 ) ) ;
#1608 = CARTESIAN_POINT ( 'NONE',  ( 27.66942039790133023, 15.52756032055217261, 10.00000046721678792 ) ) ;
#1609 = CARTESIAN_POINT ( 'NONE',  ( 24.13156841986337042, 19.63030124106211005, 9.235336994946877098 ) ) ;
#1610 = CARTESIAN_POINT ( 'NONE',  ( 12.10088034666825507, -27.41965866825940168, 8.937331178636100049 ) ) ;
#1611 = CARTESIAN_POINT ( 'NONE',  ( -19.90775477939404325, -19.07783130310990316, 4.268048802803153130 ) ) ;
#1612 = CARTESIAN_POINT ( 'NONE',  ( 7.859266626659498378, 25.36800252798187927, 3.726116056283887090 ) ) ;
#1613 = CARTESIAN_POINT ( 'NONE',  ( 27.58049541235858726, -5.559145570882926712, -0.0001234425521036015263 ) ) ;
#1614 = CARTESIAN_POINT ( 'NONE',  ( 23.50380654548468939, -22.65526230387308004, 10.94606293290129884 ) ) ;
#1615 = DIRECTION ( 'NONE',  ( 0.000000000000000000, 0.000000000000000000, 1.000000000000000000 ) ) ;
#1616 = CARTESIAN_POINT ( 'NONE',  ( -20.86402167979565547, -19.89427590651623134, 5.930351386183339457 ) ) ;
#1617 = CARTESIAN_POINT ( 'NONE',  ( 19.87999239840694443, 18.89374833516149366, -0.8889690687347079345 ) ) ;
#1618 = CARTESIAN_POINT ( 'NONE',  ( -20.87518456890552443, -18.82491954263667822, 0.000000000000000000 ) ) ;
#1619 = CARTESIAN_POINT ( 'NONE',  ( -23.28473854814558308, 9.220250033541482537, 0.9707421787321728335 ) ) ;
#1620 = CARTESIAN_POINT ( 'NONE',  ( 23.75564035120593331, -11.33022841604537234, 2.609533461559137901 ) ) ;
#1621 = CARTESIAN_POINT ( 'NONE',  ( 19.55919719641201837, 19.48136789717486295, 4.279851607324637541 ) ) ;
#1622 = CARTESIAN_POINT ( 'NONE',  ( -22.55163888181922260, -23.90287538635432441, 10.98597899587943516 ) ) ;
#1623 = CARTESIAN_POINT ( 'NONE',  ( 29.77841633212051420, -12.16989393180813472, 23.01000000000000156 ) ) ;
#1624 = CARTESIAN_POINT ( 'NONE',  ( 23.11956682169751076, 15.89713281069669826, -0.1000000000000001305 ) ) ;
#1625 = CARTESIAN_POINT ( 'NONE',  ( -30.70224180027744154, -11.99918905120600598, 10.99620276970808064 ) ) ;
#1626 = CARTESIAN_POINT ( 'NONE',  ( -16.57968529456820050, -27.09636169709878573, 23.01000000000000156 ) ) ;
#1627 = CARTESIAN_POINT ( 'NONE',  ( 28.02238745301357881, 11.56584406733948356, 7.657461181237201764 ) ) ;
#1628 = CARTESIAN_POINT ( 'NONE',  ( -20.41946553054123470, 20.44508284439147872, 5.950449392923957248 ) ) ;
#1629 = ADVANCED_FACE ( 'NONE', ( #3994 ), #1546, .T. ) ;
#1630 = CARTESIAN_POINT ( 'NONE',  ( -10.31735986608956601, -24.86586220330969965, 3.947689286358287752 ) ) ;
#1631 = CARTESIAN_POINT ( 'NONE',  ( -24.91045328629765621, -3.179813663408328939, 1.042054097587582273 ) ) ;
#1632 = CARTESIAN_POINT ( 'NONE',  ( -30.34100187209346799, -10.71291654281634464, 10.00000001678241546 ) ) ;
#1633 = EDGE_LOOP ( 'NONE', ( #2386, #84, #2618, #2233, #4347 ) ) ;
#1634 = CARTESIAN_POINT ( 'NONE',  ( -28.43216888670068343, -13.41495695556982071, 9.278605155633162127 ) ) ;
#1635 = CARTESIAN_POINT ( 'NONE',  ( -27.08274412944775733, 5.083350570050590989, -0.8889690687347077125 ) ) ;
#1636 = CARTESIAN_POINT ( 'NONE',  ( 23.03122799535342224, 22.09688065210728780, 10.00061589651385141 ) ) ;
#1637 = CARTESIAN_POINT ( 'NONE',  ( 23.08474620584119563, 12.55992437482235324, 2.567192048363390988 ) ) ;
#1638 = CARTESIAN_POINT ( 'NONE',  ( 12.52586076501445511, -28.30428352208057774, 10.57821931439366558 ) ) ;
#1639 = CARTESIAN_POINT ( 'NONE',  ( 12.61583626422280879, 27.98286444293010433, 9.999994705730012257 ) ) ;
#1640 = CARTESIAN_POINT ( 'NONE',  ( 18.24597551714256127, -21.43851149066929551, 0.000000000000000000 ) ) ;
#1641 = CARTESIAN_POINT ( 'NONE',  ( 11.00728631959820802, 28.29007578792240452, 10.46959902039058754 ) ) ;
#1642 = CARTESIAN_POINT ( 'NONE',  ( 20.16929870410426062, 29.75997968132589122, 9.999999999999978684 ) ) ;
#1643 = CARTESIAN_POINT ( 'NONE',  ( 29.97690867405130888, -11.69358888292460996, 10.00019141875285733 ) ) ;
#1644 = CARTESIAN_POINT ( 'NONE',  ( 22.57381795925129708, -21.80346400038977350, 9.278032206252213143 ) ) ;
#1645 = CARTESIAN_POINT ( 'NONE',  ( -10.45360268040249885, 22.85331007113887836, 0.8746868658086384141 ) ) ;
#1646 = CARTESIAN_POINT ( 'NONE',  ( 25.79577250900746321, 11.14788831023148319, 0.000000000000000000 ) ) ;
#1647 = CARTESIAN_POINT ( 'NONE',  ( -20.00231490492059550, -18.96041456391725788, 4.260656371382966157 ) ) ;
#1648 = CARTESIAN_POINT ( 'NONE',  ( -12.75653151897559212, -31.40176592948167666, 23.01000000000000156 ) ) ;
#1649 = CARTESIAN_POINT ( 'NONE',  ( -32.67061578182617154, -14.83999710875012745, 9.999999999999994671 ) ) ;
#1650 = CARTESIAN_POINT ( 'NONE',  ( -25.68374773781242482, 10.32608881848802440, 4.311847628529730692 ) ) ;
#1651 = CARTESIAN_POINT ( 'NONE',  ( 32.30898993229862981, -15.37611932925286240, 23.01000000000000156 ) ) ;
#1652 = CARTESIAN_POINT ( 'NONE',  ( 24.98854786134906547, -11.74314629548619671, 4.283288032990697047 ) ) ;
#1653 = CARTESIAN_POINT ( 'NONE',  ( 18.14059658024006083, 17.25471460312197891, 0.9251197547561839096 ) ) ;
#1654 = CARTESIAN_POINT ( 'NONE',  ( -19.92074372581996400, -21.00661261361016585, 5.971107962399958780 ) ) ;
#1655 = CARTESIAN_POINT ( 'NONE',  ( 31.81840579389678325, 4.897098379634871712, 10.00000000000000178 ) ) ;
#1656 = VERTEX_POINT ( 'NONE', #1387 ) ;
#1657 = CARTESIAN_POINT ( 'NONE',  ( -32.83002407657058086, -3.653413595748488785, 10.99619498539971829 ) ) ;
#1658 = CARTESIAN_POINT ( 'NONE',  ( 24.09626343306409524, -6.870852379798338738, 0.9707203654941432003 ) ) ;
#1659 = CARTESIAN_POINT ( 'NONE',  ( -19.85902722099609718, 26.29125741396941862, 10.99110722610892843 ) ) ;
#1660 = CARTESIAN_POINT ( 'NONE',  ( -9.183063632429117717, -23.24099602511527607, 0.6009327249975631169 ) ) ;
#1661 = CARTESIAN_POINT ( 'NONE',  ( 0.7832543330947965288, -25.11868179637276199, 0.4788010865964391072 ) ) ;
#1662 = CARTESIAN_POINT ( 'NONE',  ( -18.56476338684147365, -26.15600732291820663, 10.00000000000000178 ) ) ;
#1663 = CARTESIAN_POINT ( 'NONE',  ( -30.27252858497576682, -10.90536090813376902, 9.999999582283805921 ) ) ;
#1664 = EDGE_LOOP ( 'NONE', ( #4043, #1309, #5995, #5689, #5100 ) ) ;
#1665 = CARTESIAN_POINT ( 'NONE',  ( -21.96904761278783980, -12.02292503486890318, 0.8945916924642733914 ) ) ;
#1666 = CARTESIAN_POINT ( 'NONE',  ( -25.92442961723643435, 10.63918707874639935, -0.09999999999999999167 ) ) ;
#1667 = CARTESIAN_POINT ( 'NONE',  ( 24.07559347087669011, 20.65856802906684209, 9.999999543943483005 ) ) ;
#1668 = EDGE_CURVE ( 'NONE', #1565, #6123, #2159, .T. ) ;
#1669 = CARTESIAN_POINT ( 'NONE',  ( 26.30350504357473440, 16.53599556094728840, 9.230010272691268725 ) ) ;
#1670 = CARTESIAN_POINT ( 'NONE',  ( -24.69303007235635761, 14.59934038671658740, 5.886585618793108488 ) ) ;
#1671 = CARTESIAN_POINT ( 'NONE',  ( 11.57660988916450862, -26.54287461554972438, 7.284071893225375405 ) ) ;
#1672 = CARTESIAN_POINT ( 'NONE',  ( 13.28318797742074153, 27.92027318423918203, 9.999999124597165334 ) ) ;
#1673 = CARTESIAN_POINT ( 'NONE',  ( 11.40348357619456721, 26.55776002667872149, 7.262167629221486287 ) ) ;
#1674 = CARTESIAN_POINT ( 'NONE',  ( 5.106415357230812191, -27.66691462845490079, -0.0005857684290209627101 ) ) ;
#1675 = CARTESIAN_POINT ( 'NONE',  ( 30.12403376829070822, -11.30880269328875443, 10.00000375324228763 ) ) ;
#1676 = CARTESIAN_POINT ( 'NONE',  ( 19.92948700017014474, -19.05258546515122120, 4.267322943215538622 ) ) ;
#1677 = CARTESIAN_POINT ( 'NONE',  ( -16.21924793598218173, 19.16598464158497706, 1.043400016712404677 ) ) ;
#1678 = CARTESIAN_POINT ( 'NONE',  ( -22.62985426620624096, -21.71327533717349212, 9.267363068521675018 ) ) ;
#1679 = CARTESIAN_POINT ( 'NONE',  ( -24.30112823594496518, -14.02180579184293485, -0.1000000000000001305 ) ) ;
#1680 = CARTESIAN_POINT ( 'NONE',  ( -26.73859983725130363, 11.20068981579978917, 5.978841169063261241 ) ) ;
#1681 = CARTESIAN_POINT ( 'NONE',  ( 17.47527631811453475, 26.71330878976897694, 15.00000000000000000 ) ) ;
#1682 = CARTESIAN_POINT ( 'NONE',  ( 24.91826769730373670, -11.86654091459449134, 4.278849690628315550 ) ) ;
#1683 = CARTESIAN_POINT ( 'NONE',  ( 23.41722138336356807, 22.76491736550738665, 10.93908645002925795 ) ) ;
#1684 = CARTESIAN_POINT ( 'NONE',  ( 29.60675009788538503, 12.52746610878146072, 23.01000000000000156 ) ) ;
#1685 = VERTEX_POINT ( 'NONE', #5512 ) ;
#1686 = CARTESIAN_POINT ( 'NONE',  ( -27.72228445575969502, -8.730448152199938860, 5.983576209139286561 ) ) ;
#1687 = CARTESIAN_POINT ( 'NONE',  ( 26.08161512742707444, -9.299636978732189974, 4.315897009833451925 ) ) ;
#1688 = CARTESIAN_POINT ( 'NONE',  ( 11.82606270119967817, 26.51670149223641815, 7.303293355842626511 ) ) ;
#1689 = CARTESIAN_POINT ( 'NONE',  ( -20.64408276487106519, 25.69131705818529809, 10.99524349142517998 ) ) ;
#1690 = CARTESIAN_POINT ( 'NONE',  ( -11.37434545764765303, -26.56424811249071283, 7.266207601376413194 ) ) ;
#1691 = CYLINDRICAL_SURFACE ( 'NONE', #3871, 28.10000000000000497 ) ;
#1692 = CARTESIAN_POINT ( 'NONE',  ( -31.79578384513517975, 4.937892215723978850, 9.999999999851571175 ) ) ;
#1693 = ORIENTED_EDGE ( 'NONE', *, *, #2231, .F. ) ;
#1694 = CARTESIAN_POINT ( 'NONE',  ( -29.76546020230178868, -13.70694990529153401, 10.95262439940614918 ) ) ;
#1695 = CARTESIAN_POINT ( 'NONE',  ( -27.55555654973514379, -0.003828261618585417168, -0.8889690687347070464 ) ) ;
#1696 = CARTESIAN_POINT ( 'NONE',  ( 28.61203912301985497, 14.13019644782714757, 9.999999993315501712 ) ) ;
#1697 = CARTESIAN_POINT ( 'NONE',  ( 25.30906498134494598, 13.65404578178318928, 5.910481796430079093 ) ) ;
#1698 = CARTESIAN_POINT ( 'NONE',  ( -24.58695491317601167, 12.43743305014609035, 4.256252571857669587 ) ) ;
#1699 = CARTESIAN_POINT ( 'NONE',  ( 12.55213467684041184, -28.30549660367271159, 10.58183865155936054 ) ) ;
#1700 = CARTESIAN_POINT ( 'NONE',  ( 26.59999999999999787, 0.000000000000000000, -43.00000000000000000 ) ) ;
#1701 = DIRECTION ( 'NONE',  ( 0.000000000000000000, 0.000000000000000000, 1.000000000000000000 ) ) ;
#1702 = CARTESIAN_POINT ( 'NONE',  ( 15.85346931322634312, -23.16920211669283347, -0.1000000000000000194 ) ) ;
#1703 = CARTESIAN_POINT ( 'NONE',  ( 10.20546023104780353, 24.88937824644739649, 3.934074722005663549 ) ) ;
#1704 = CARTESIAN_POINT ( 'NONE',  ( -21.00767152701575213, -24.36399196155197089, 9.999997743361616287 ) ) ;
#1705 = CARTESIAN_POINT ( 'NONE',  ( 19.05599802174194934, -18.12934002209649265, 2.595991629257003552 ) ) ;
#1706 = CARTESIAN_POINT ( 'NONE',  ( -9.953255486782685679, 23.97835585526264879, 2.297880707508579423 ) ) ;
#1707 = CARTESIAN_POINT ( 'NONE',  ( -17.20147913901610792, 30.78366636631162478, 23.00999999999999446 ) ) ;
#1708 = CARTESIAN_POINT ( 'NONE',  ( 32.67061578182535442, 14.83999710872400968, 10.00000000000001421 ) ) ;
#1709 = CARTESIAN_POINT ( 'NONE',  ( -18.58266868445994646, -16.77249749743409879, 0.9053275740265830374 ) ) ;
#1710 = CARTESIAN_POINT ( 'NONE',  ( 21.67434114476723295, 20.90647804883452210, 7.608617784193453915 ) ) ;
#1711 = CARTESIAN_POINT ( 'NONE',  ( -25.52066930016469115, 11.57694897873966156, -0.09999999999999996392 ) ) ;
#1712 = CARTESIAN_POINT ( 'NONE',  ( -23.06915993747124105, 9.747542331898960910, 0.9666327983296857385 ) ) ;
#1713 = CARTESIAN_POINT ( 'NONE',  ( 34.46293131979984281, -10.41958432459289341, 23.01000000000000156 ) ) ;
#1714 = CARTESIAN_POINT ( 'NONE',  ( -8.225139267399574905, -28.14502198837419300, 9.999612794007671113 ) ) ;
#1715 = CARTESIAN_POINT ( 'NONE',  ( 29.63368034894337200, -13.90216338934681239, 10.95616335392873530 ) ) ;
#1716 = CARTESIAN_POINT ( 'NONE',  ( 19.01258042190191233, 18.17646694135254748, 2.596239190569409772 ) ) ;
#1717 = CARTESIAN_POINT ( 'NONE',  ( -21.60131490868772630, -21.00371010921288928, 7.612405157926218635 ) ) ;
#1718 = CARTESIAN_POINT ( 'NONE',  ( 28.94099360995885917, 13.63985612652966140, 23.01000000000000156 ) ) ;
#1719 = CARTESIAN_POINT ( 'NONE',  ( 24.30112823592486748, 14.02180579187809251, -0.09999999999999989453 ) ) ;
#1720 = CARTESIAN_POINT ( 'NONE',  ( -29.49964719488537668, -11.44997122724114291, 9.325337290578669780 ) ) ;
#1721 = CARTESIAN_POINT ( 'NONE',  ( -27.79724571577421699, -15.35690556980337362, 23.01000000000000156 ) ) ;
#1722 = CARTESIAN_POINT ( 'NONE',  ( 24.68707611823990788, -9.255366932651527989, 2.643312210491131964 ) ) ;
#1723 = CARTESIAN_POINT ( 'NONE',  ( 14.57022249477672027, 23.37553445183634082, 4.249112561812013134 ) ) ;
#1724 = CARTESIAN_POINT ( 'NONE',  ( -18.08630931309814116, 17.31256660435041539, 0.9278426205907708280 ) ) ;
#1725 = CARTESIAN_POINT ( 'NONE',  ( -11.28454759925794271, -25.64400346396976360, 5.649473360850795878 ) ) ;
#1726 = CARTESIAN_POINT ( 'NONE',  ( -23.18996124337733278, -21.87935639915935937, 10.00000000000000178 ) ) ;
#1727 = CARTESIAN_POINT ( 'NONE',  ( -30.53865133931338605, -10.13850838676546040, 10.00001328950075319 ) ) ;
#1728 = ORIENTED_EDGE ( 'NONE', *, *, #5845, .T. ) ;
#1729 = CARTESIAN_POINT ( 'NONE',  ( -29.89748569822399915, -13.52488183697471058, 10.96269088035912276 ) ) ;
#1730 = CARTESIAN_POINT ( 'NONE',  ( -32.67472114425775231, 14.83095511384908427, 9.999999999999996447 ) ) ;
#1731 = PRODUCT_CONTEXT ( 'NONE', #6329, 'mechanical' ) ;
#1732 = CARTESIAN_POINT ( 'NONE',  ( 24.71955522973504316, 12.21266222011043290, 4.267360851092496077 ) ) ;
#1733 = CARTESIAN_POINT ( 'NONE',  ( -22.28164099176297341, 11.41973399255765820, 0.9151323605530344851 ) ) ;
#1734 = CARTESIAN_POINT ( 'NONE',  ( 11.73779347269874762, 28.02582944082712046, 10.00000000000000178 ) ) ;
#1735 = CARTESIAN_POINT ( 'NONE',  ( 12.55557883058425617, 27.98697577154025140, 9.999961494989149102 ) ) ;
#1736 = CARTESIAN_POINT ( 'NONE',  ( 26.40962446877689018, -23.80376877741438335, 10.00000000000000000 ) ) ;
#1737 = CARTESIAN_POINT ( 'NONE',  ( -17.44060761778081314, -26.74992821327803938, 9.999916357983485327 ) ) ;
#1738 = ORIENTED_EDGE ( 'NONE', *, *, #4801, .T. ) ;
#1739 = CARTESIAN_POINT ( 'NONE',  ( 24.55935212667527168, 9.589163591114756358, 2.643310291428067504 ) ) ;
#1740 = CARTESIAN_POINT ( 'NONE',  ( 21.67869383364041980, -20.90245586037407577, 7.608733781656884965 ) ) ;
#1741 = CARTESIAN_POINT ( 'NONE',  ( -7.138461010710003052, 26.23825050048446883, 5.297517455823262722 ) ) ;
#1742 = CARTESIAN_POINT ( 'NONE',  ( -16.68875685473684456, 18.75847879939091456, 1.040779801846191344 ) ) ;
#1743 = CARTESIAN_POINT ( 'NONE',  ( 25.58828687171433813, 11.61625064451212275, 0.000000000000000000 ) ) ;
#1744 = CARTESIAN_POINT ( 'NONE',  ( -23.68161909915846763, -22.38370237397474583, 10.93005827273869279 ) ) ;
#1745 = CARTESIAN_POINT ( 'NONE',  ( -27.48468057982098500, 22.26797715766807428, 10.00000000000000711 ) ) ;
#1746 = CARTESIAN_POINT ( 'NONE',  ( -23.88918636707420262, 11.07327590043521148, 2.617450536162024832 ) ) ;
#1747 = CARTESIAN_POINT ( 'NONE',  ( -12.24310617612217733, -28.00334941429248659, 9.999999999731048916 ) ) ;
#1748 = ADVANCED_FACE ( 'NONE', ( #4923 ), #2562, .F. ) ;
#1749 = CARTESIAN_POINT ( 'NONE',  ( 23.71767476381472406, -11.40168187465413929, 2.606863622813392567 ) ) ;
#1750 = CARTESIAN_POINT ( 'NONE',  ( 18.15381248275076942, 17.24065887111494888, 0.9245117605286078399 ) ) ;
#1751 = CARTESIAN_POINT ( 'NONE',  ( -23.40967675647123514, -22.78921653592052721, 10.94984136393043883 ) ) ;
#1752 = CARTESIAN_POINT ( 'NONE',  ( 23.15165305386169337, -9.716070093799599405, 1.041765908850624589 ) ) ;
#1753 = CLOSED_SHELL ( 'NONE', ( #5366, #3124, #3413, #3, #2921, #4678, #3002, #4188, #5083, #5757, #467, #4314, #5867, #2162, #2711, #600, #807, #5953, #3203, #4508, #2838, #4108, #1006, #1748, #403, #4586, #2728, #5740, #5970, #2938, #1629 ) ) ;
#1754 = CARTESIAN_POINT ( 'NONE',  ( 23.14139065698542908, 21.94580046547315888, 23.01000000000000156 ) ) ;
#1755 = CARTESIAN_POINT ( 'NONE',  ( 25.05257688832642771, 12.74844089150273163, -0.000000000000000000 ) ) ;
#1756 = CARTESIAN_POINT ( 'NONE',  ( -27.03854002459663874, -10.49472130527762381, 5.983577315812820707 ) ) ;
#1757 = CARTESIAN_POINT ( 'NONE',  ( 25.87071190355312567, -24.57364245467777764, 10.00000000000000000 ) ) ;
#1758 = CARTESIAN_POINT ( 'NONE',  ( 28.15363465675140375, -7.049719399643180395, 5.988478481946691190 ) ) ;
#1759 = VECTOR ( 'NONE', #4034, 1000.000000000000000 ) ;
#1760 = CARTESIAN_POINT ( 'NONE',  ( 11.15668822218851020, 24.66116479791512006, 4.024783853051226323 ) ) ;
#1761 = CARTESIAN_POINT ( 'NONE',  ( -20.39682554958069005, 22.43031852997731335, 7.649688567394071548 ) ) ;
#1762 = CARTESIAN_POINT ( 'NONE',  ( -10.78831632544285668, -23.70513224995527324, 2.378234408933291189 ) ) ;
#1763 = CARTESIAN_POINT ( 'NONE',  ( -16.26710079638788642, -27.21169072392001809, 10.00000000000000178 ) ) ;
#1764 = CARTESIAN_POINT ( 'NONE',  ( 17.48527488176517863, -24.69373416957855483, 7.641572226868442286 ) ) ;
#1765 = VERTEX_POINT ( 'NONE', #1882 ) ;
#1766 = CARTESIAN_POINT ( 'NONE',  ( -27.32202723640783049, -12.80143709248971717, 7.614409419969627280 ) ) ;
#1767 = EDGE_CURVE ( 'NONE', #1009, #4174, #2401, .T. ) ;
#1768 = CARTESIAN_POINT ( 'NONE',  ( 23.75697653605358539, 11.32838611404500462, 2.609848461072880266 ) ) ;
#1769 = CARTESIAN_POINT ( 'NONE',  ( -28.85130933336805370, 14.99750554426985083, 10.92111063575424090 ) ) ;
#1770 = CARTESIAN_POINT ( 'NONE',  ( 8.193567614619755801, -24.51481563775560701, 2.120839666853539640 ) ) ;
#1771 = CARTESIAN_POINT ( 'NONE',  ( 23.41634280602904283, 27.54249763574230769, 10.00000000000000000 ) ) ;
#1772 = CARTESIAN_POINT ( 'NONE',  ( -8.293524635725480820, 28.14127909758217072, 9.999960669793257040 ) ) ;
#1773 = CARTESIAN_POINT ( 'NONE',  ( 11.85495191775187429, 27.42718767605616748, 8.908632582780043663 ) ) ;
#1774 = CARTESIAN_POINT ( 'NONE',  ( -22.47841555894654419, -22.81783478316171809, 10.00000002575463576 ) ) ;
#1775 = CARTESIAN_POINT ( 'NONE',  ( 30.60315323916589847, 9.939120251388114724, 10.00000000060244787 ) ) ;
#1776 = CARTESIAN_POINT ( 'NONE',  ( 29.48377150508446576, 11.50883508994332338, 9.333651840045108727 ) ) ;
#1777 = CARTESIAN_POINT ( 'NONE',  ( 18.02326311306550366, -21.04292077096892299, 4.318584289498844875 ) ) ;
#1778 = CARTESIAN_POINT ( 'NONE',  ( -9.927776228913758771, 23.98612211259407090, 2.295309602408189154 ) ) ;
#1779 = CARTESIAN_POINT ( 'NONE',  ( -19.27910024451604443, 16.08467521066336303, 0.9788216268071402437 ) ) ;
#1780 = CARTESIAN_POINT ( 'NONE',  ( -18.84888910234193204, -16.47115455750449087, 0.8946967784830962556 ) ) ;
#1781 = CARTESIAN_POINT ( 'NONE',  ( -25.44704760548108169, 11.92003915159506278, -0.000000000000000000 ) ) ;
#1782 = CARTESIAN_POINT ( 'NONE',  ( -23.14926595596682191, 9.556760496060894283, 0.9689620568833818837 ) ) ;
#1783 = CARTESIAN_POINT ( 'NONE',  ( 14.28162689747825809, -27.75932358897260599, 9.999983063237420922 ) ) ;
#1784 = CARTESIAN_POINT ( 'NONE',  ( 24.11389869656100515, -13.22490638076874170, 4.238380724150580647 ) ) ;
#1785 = CARTESIAN_POINT ( 'NONE',  ( 19.87608697087190279, 19.11212291534744523, 4.266299792421139436 ) ) ;
#1786 = CARTESIAN_POINT ( 'NONE',  ( -18.98717540699190209, -18.20688557981427280, 2.598927732220791320 ) ) ;
#1787 = CARTESIAN_POINT ( 'NONE',  ( 24.35855721138421615, -6.181732858316015822, 1.042132018840006280 ) ) ;
#1788 = CARTESIAN_POINT ( 'NONE',  ( 29.22622414184631978, 13.20541583028446553, 23.01000000000000156 ) ) ;
#1789 = CARTESIAN_POINT ( 'NONE',  ( 25.15841318748347888, -10.86356683368072495, -0.8889690687347070464 ) ) ;
#1790 = CARTESIAN_POINT ( 'NONE',  ( -26.46059169068088224, -8.333174254818290549, 4.312696221906860750 ) ) ;
#1791 = CARTESIAN_POINT ( 'NONE',  ( -25.86390844517557142, -24.58080303555374968, 23.01000000000000156 ) ) ;
#1792 = CARTESIAN_POINT ( 'NONE',  ( 23.84884791113217162, -7.642965719845975947, 0.9707227745440943911 ) ) ;
#1793 = CARTESIAN_POINT ( 'NONE',  ( 11.71382559626052888, 22.12311753812690895, 0.8251208860583466587 ) ) ;
#1794 = CARTESIAN_POINT ( 'NONE',  ( -13.67467688381007918, 26.19854987728431439, 7.456915715518336540 ) ) ;
#1795 = CARTESIAN_POINT ( 'NONE',  ( -11.15777715375229917, -24.66286241736288787, 4.027974530826105237 ) ) ;
#1796 = CARTESIAN_POINT ( 'NONE',  ( 10.42525169886937775, -22.84108095632992530, 0.8700918181882658642 ) ) ;
#1797 = CARTESIAN_POINT ( 'NONE',  ( -17.37683543684182652, -26.76164647359771109, 23.01000000000000156 ) ) ;
#1798 = CARTESIAN_POINT ( 'NONE',  ( 13.90688808143921307, -28.27234731127129308, 10.71149780428813258 ) ) ;
#1799 = ORIENTED_EDGE ( 'NONE', *, *, #5828, .T. ) ;
#1800 = CARTESIAN_POINT ( 'NONE',  ( -26.17262434966130158, -12.24423490965711814, 5.948276287036069476 ) ) ;
#1801 = CARTESIAN_POINT ( 'NONE',  ( 24.96260221016410696, 11.78987867765092012, 4.281801841468521275 ) ) ;
#1802 = CARTESIAN_POINT ( 'NONE',  ( -22.48466430478953626, 11.01343175101897387, 0.9302939927407221088 ) ) ;
#1803 = CARTESIAN_POINT ( 'NONE',  ( 7.139408654063489124, -26.24022054739547372, 5.302405362378975973 ) ) ;
#1804 = PLANE ( 'NONE',  #5458 ) ;
#1805 = CARTESIAN_POINT ( 'NONE',  ( -12.36210738706230217, 27.99498811660887299, 10.00000001792158066 ) ) ;
#1806 = CARTESIAN_POINT ( 'NONE',  ( -11.30410368691427792, -25.13712060214260546, -0.8889690687347078235 ) ) ;
#1807 = CARTESIAN_POINT ( 'NONE',  ( 9.086201700027668693, 23.27791548306543845, 0.5909126411624439079 ) ) ;
#1808 = CARTESIAN_POINT ( 'NONE',  ( 15.04433139798302221, 27.59808425559925382, 23.01000000000000156 ) ) ;
#1809 = CARTESIAN_POINT ( 'NONE',  ( 30.61722314835247971, 9.895653639769223631, 10.00000000004292744 ) ) ;
#1810 = CARTESIAN_POINT ( 'NONE',  ( 24.50662326425560877, 9.722475007262087132, 2.643100443712055103 ) ) ;
#1811 = CARTESIAN_POINT ( 'NONE',  ( 19.68427452498313812, -19.34230085892914985, 4.278293047776556612 ) ) ;
#1812 = CARTESIAN_POINT ( 'NONE',  ( -12.09828922511906768, 27.41528849364028275, 8.929111718841223677 ) ) ;
#1813 = CARTESIAN_POINT ( 'NONE',  ( -18.21957421102894870, -17.26433073040506727, 1.008230375693567327 ) ) ;
#1814 = CARTESIAN_POINT ( 'NONE',  ( -22.69457871808888427, -15.41789280366447734, 4.201283916116914874 ) ) ;
#1815 = CARTESIAN_POINT ( 'NONE',  ( 22.55495830442649563, 21.82743351142680766, 9.278494180088413756 ) ) ;
#1816 = CARTESIAN_POINT ( 'NONE',  ( -25.79885747413127817, 11.14074710884869290, 0.000000000000000000 ) ) ;
#1817 = CARTESIAN_POINT ( 'NONE',  ( -24.93020489222291047, 11.84069625835992845, 4.276525742667655727 ) ) ;
#1818 = CARTESIAN_POINT ( 'NONE',  ( 13.51298388583704302, -27.88963047232100578, 9.999999642727834370 ) ) ;
#1819 = CARTESIAN_POINT ( 'NONE',  ( 23.22466761205019026, -12.30084755419088793, 2.576196391016612797 ) ) ;
#1820 = CARTESIAN_POINT ( 'NONE',  ( -12.97909463404725550, -27.95512383084756891, 23.01000000000000156 ) ) ;
#1821 = CARTESIAN_POINT ( 'NONE',  ( 12.75653151894947257, 31.40176592949499934, 23.01000000000000156 ) ) ;
#1822 = CARTESIAN_POINT ( 'NONE',  ( 28.26193951886514810, 0.003911728790224455049, 0.000000000000000000 ) ) ;
#1823 = CARTESIAN_POINT ( 'NONE',  ( -23.84900630604848359, 7.643016114388473170, 0.9709331778998896434 ) ) ;
#1824 = CARTESIAN_POINT ( 'NONE',  ( -23.29493315748926463, -9.074474595732640481, 10.00000000000000000 ) ) ;
#1825 = CARTESIAN_POINT ( 'NONE',  ( 25.76568498305755739, -10.13184570764370740, 4.315821152505677993 ) ) ;
#1826 = CARTESIAN_POINT ( 'NONE',  ( 10.94873663094100635, 24.71551143553150709, 4.005930110229347640 ) ) ;
#1827 = CARTESIAN_POINT ( 'NONE',  ( -15.32607485304207096, 28.07559653348311457, 10.80769321090142832 ) ) ;
#1828 = CARTESIAN_POINT ( 'NONE',  ( -10.41374557087027419, -24.84391874921748311, 3.956861789944264185 ) ) ;
#1829 = CARTESIAN_POINT ( 'NONE',  ( -10.72715692056245196, -28.06674126824291804, 23.01000000000000156 ) ) ;
#1830 = CARTESIAN_POINT ( 'NONE',  ( 13.71526731019257461, -20.94495409955180776, 0.9262513840211904492 ) ) ;
#1831 = EDGE_LOOP ( 'NONE', ( #4706, #2121 ) ) ;
#1832 = CARTESIAN_POINT ( 'NONE',  ( -26.15769882909545530, -12.26871854064419765, 5.947350690523025563 ) ) ;
#1833 = CARTESIAN_POINT ( 'NONE',  ( 22.55240616513536622, 10.87583309207839299, 0.9355959478789570571 ) ) ;
#1834 = CARTESIAN_POINT ( 'NONE',  ( -22.76746175087632196, 21.52478720551019720, 9.262824738101040012 ) ) ;
#1835 = CARTESIAN_POINT ( 'NONE',  ( 3.015116486910312421, -25.41450968101033681, 1.764087373545644599 ) ) ;
#1836 = CARTESIAN_POINT ( 'NONE',  ( -28.97366516722793151, 13.58622078215158524, 23.01000000000000156 ) ) ;
#1837 = CARTESIAN_POINT ( 'NONE',  ( -1.693049909496301852, 28.23698698065919999, 9.999951350033926545 ) ) ;
#1838 = CARTESIAN_POINT ( 'NONE',  ( 0.004346060331902358576, -31.39999969922516954, 10.00000000000002309 ) ) ;
#1839 = CARTESIAN_POINT ( 'NONE',  ( 9.840649410373265127, 24.01326327196907684, 2.287145323821097254 ) ) ;
#1840 = CARTESIAN_POINT ( 'NONE',  ( -12.78955666955113379, 27.96940145495855035, 23.01000000000000156 ) ) ;
#1841 = CARTESIAN_POINT ( 'NONE',  ( 31.42433648887343978, 6.917057466696821422, 9.999999984845226564 ) ) ;
#1842 = CARTESIAN_POINT ( 'NONE',  ( 30.63459697760941225, 12.18568390768255405, 11.00567693749411546 ) ) ;
#1843 = CARTESIAN_POINT ( 'NONE',  ( 18.88095920087209834, -18.32654220871887674, 2.603852976326409774 ) ) ;
#1844 = CARTESIAN_POINT ( 'NONE',  ( -9.902296971044837193, 23.99388836992548946, 2.292738497307798884 ) ) ;
#1845 = CARTESIAN_POINT ( 'NONE',  ( -32.30473228389467977, -15.38506250034376777, 15.00000000000000000 ) ) ;
#1846 = CARTESIAN_POINT ( 'NONE',  ( -23.19704883159660369, -18.84476854726127470, 7.556708837613602903 ) ) ;
#1847 = CARTESIAN_POINT ( 'NONE',  ( 21.68944064806036920, 20.88658596058262162, 7.608091994710816763 ) ) ;
#1848 = CARTESIAN_POINT ( 'NONE',  ( -35.58379233103861594, -6.688381059595070788, 10.00000000000000533 ) ) ;
#1849 = CARTESIAN_POINT ( 'NONE',  ( -23.72929420020603430, 11.37745114991225037, 2.606250394208486032 ) ) ;
#1850 = CARTESIAN_POINT ( 'NONE',  ( -25.86390844517557142, -24.58080303555374968, 23.01000000000000156 ) ) ;
#1851 = CARTESIAN_POINT ( 'NONE',  ( 1.671675169281602980, -28.23704743853686949, 9.999999159954002792 ) ) ;
#1852 = EDGE_CURVE ( 'NONE', #1656, #76, #2380, .T. ) ;
#1853 = CARTESIAN_POINT ( 'NONE',  ( 24.00679396741181648, -17.72995078136953495, 7.550809643539645677 ) ) ;
#1854 = CARTESIAN_POINT ( 'NONE',  ( 20.22044583681554997, -25.03689568835999069, 23.01000000000000156 ) ) ;
#1855 = CARTESIAN_POINT ( 'NONE',  ( -20.21789168901390354, -29.73091665216367474, 10.00000000000000000 ) ) ;
#1856 = CARTESIAN_POINT ( 'NONE',  ( 25.15540512621896241, 10.87053048118637655, -0.8889690687347070464 ) ) ;
#1857 = CARTESIAN_POINT ( 'NONE',  ( -25.00899238862805518, 2.090876744451107161, 0.9709870807524654257 ) ) ;
#1858 = CARTESIAN_POINT ( 'NONE',  ( 12.58122125480285902, 25.16445078928154189, 8.310128331024116877E-05 ) ) ;
#1859 = CARTESIAN_POINT ( 'NONE',  ( 26.97639962120006984, -10.66214113552301157, 5.988268359563735821 ) ) ;
#1860 = VECTOR ( 'NONE', #3593, 1000.000000000000000 ) ;
#1861 = CARTESIAN_POINT ( 'NONE',  ( 20.79102098733152104, 21.97089545089970031, 7.636345250467547530 ) ) ;
#1862 = CARTESIAN_POINT ( 'NONE',  ( -12.21851407119677368, 25.44832205535578851, 5.727290334874646227 ) ) ;
#1863 = CARTESIAN_POINT ( 'NONE',  ( -11.49604950888264554, -26.55251989240040800, 7.276554393593530179 ) ) ;
#1864 = CARTESIAN_POINT ( 'NONE',  ( 11.83447480300060484, -28.01944925043280676, 23.01000000000000156 ) ) ;
#1865 = CARTESIAN_POINT ( 'NONE',  ( 15.14736399850297666, -24.47545978956659241, 5.916538919761001658 ) ) ;
#1866 = ORIENTED_EDGE ( 'NONE', *, *, #4783, .T. ) ;
#1867 = CARTESIAN_POINT ( 'NONE',  ( -28.10772236160698512, -11.36611258725922369, 7.653092870180890905 ) ) ;
#1868 = CARTESIAN_POINT ( 'NONE',  ( -29.76902762128331048, -12.18315194525733780, 10.00000104817913105 ) ) ;
#1869 = CARTESIAN_POINT ( 'NONE',  ( 24.83440107859273027, 12.01394025611370786, 4.274005235854873241 ) ) ;
#1870 = CARTESIAN_POINT ( 'NONE',  ( -22.62886254343578329, 21.71669753388036384, 9.267609947840915297 ) ) ;
#1871 = CARTESIAN_POINT ( 'NONE',  ( -2.155193552938114543, -24.92041607368593858, 0.06466183090420779545 ) ) ;
#1872 = VECTOR ( 'NONE', #8, 1000.000000000000114 ) ;
#1873 = CARTESIAN_POINT ( 'NONE',  ( -12.27449291228423789, 28.00134497036129133, 10.00000000000000178 ) ) ;
#1874 = CARTESIAN_POINT ( 'NONE',  ( 11.07458483196248800, 28.05303852735737280, 9.999983074449099618 ) ) ;
#1875 = CARTESIAN_POINT ( 'NONE',  ( -20.16929870412982950, -29.75997968131290250, 10.00000000000001954 ) ) ;
#1876 = CARTESIAN_POINT ( 'NONE',  ( 11.46588947721284413, 26.55155029556827273, 7.267186632929075074 ) ) ;
#1877 = CARTESIAN_POINT ( 'NONE',  ( -15.34341917225439111, 27.51558348737520632, 23.01000000000000156 ) ) ;
#1878 = CARTESIAN_POINT ( 'NONE',  ( 30.11412122368517785, 11.33513889897616167, 10.00000000010582468 ) ) ;
#1879 =( GEOMETRIC_REPRESENTATION_CONTEXT ( 3 ) GLOBAL_UNCERTAINTY_ASSIGNED_CONTEXT ( ( #986 ) ) GLOBAL_UNIT_ASSIGNED_CONTEXT ( ( #3091, #586, #87 ) ) REPRESENTATION_CONTEXT ( 'NONE', 'WORKASPACE' ) );
#1880 = CARTESIAN_POINT ( 'NONE',  ( 27.02619853570587694, 10.53713780164716063, 5.988483678996593618 ) ) ;
#1881 = CARTESIAN_POINT ( 'NONE',  ( 15.68895518074222473, -19.52007226987298694, 0.9697962112312344951 ) ) ;
#1882 = CARTESIAN_POINT ( 'NONE',  ( 12.75653151894450588, 31.40176592949499934, 10.00000000000000000 ) ) ;
#1883 = CARTESIAN_POINT ( 'NONE',  ( -25.87071190358070183, 24.57364245468912500, 23.01000000000000156 ) ) ;
#1884 = CARTESIAN_POINT ( 'NONE',  ( -21.61639424633046147, -16.90793293420070498, 4.211068248948335757 ) ) ;
#1885 = CARTESIAN_POINT ( 'NONE',  ( 23.49456562998963705, 22.66604322263817295, 10.94616136427520381 ) ) ;
#1886 = CARTESIAN_POINT ( 'NONE',  ( -0.003875656062289616934, 28.00122972911602304, -0.8889690687347088227 ) ) ;
#1887 = CARTESIAN_POINT ( 'NONE',  ( -24.95858079548473896, 11.79085492435349281, 4.278288103830859335 ) ) ;
#1888 = CARTESIAN_POINT ( 'NONE',  ( 7.623734774742202625, -28.15758036767059380, 9.999994944938343622 ) ) ;
#1889 = CARTESIAN_POINT ( 'NONE',  ( 22.50694102858338397, -10.96816175160932616, 0.9317964254885395814 ) ) ;
#1890 = CARTESIAN_POINT ( 'NONE',  ( -0.1974229669467525428, -28.24613825588014393, 23.01000000000000156 ) ) ;
#1891 = DIRECTION ( 'NONE',  ( -0.000000000000000000, -0.000000000000000000, -1.000000000000000000 ) ) ;
#1892 = CARTESIAN_POINT ( 'NONE',  ( 5.454696649551467935, 27.70716974471966054, -0.09999999999999986677 ) ) ;
#1893 = CARTESIAN_POINT ( 'NONE',  ( 6.332448062224854013, -31.39912382802017987, 9.999999999999987566 ) ) ;
#1894 = CARTESIAN_POINT ( 'NONE',  ( -27.62011768884770646, 8.851358003724016044, 5.983573140320507022 ) ) ;
#1895 = CARTESIAN_POINT ( 'NONE',  ( 20.22266126292846522, -29.72711633308959023, 23.01000000000000156 ) ) ;
#1896 = CARTESIAN_POINT ( 'NONE',  ( 25.88500987623573479, -9.824097122944493776, 4.315897978009188840 ) ) ;
#1897 = CARTESIAN_POINT ( 'NONE',  ( 22.86160686029286637, 23.52082514056382578, 10.96582115146923364 ) ) ;
#1898 = CARTESIAN_POINT ( 'NONE',  ( -11.58819229110874893, 22.17197576943397763, 0.8122119808368507554 ) ) ;
#1899 = CARTESIAN_POINT ( 'NONE',  ( -19.96616868697081415, -24.59931115850039873, 9.337292949374957018 ) ) ;
#1900 = CARTESIAN_POINT ( 'NONE',  ( 14.32726819448656919, -27.75937468816529829, 10.00000000000000178 ) ) ;
#1901 = CARTESIAN_POINT ( 'NONE',  ( 13.74658518112082106, -22.40698754642561497, 2.575069383932602651 ) ) ;
#1902 = ORIENTED_EDGE ( 'NONE', *, *, #1078, .F. ) ;
#1903 = CARTESIAN_POINT ( 'NONE',  ( -27.92564202304041032, -11.76091036868087691, 7.648256706050231557 ) ) ;
#1904 = CARTESIAN_POINT ( 'NONE',  ( -29.44295805397099386, -12.83477632065575591, 9.999997805011572538 ) ) ;
#1905 = CARTESIAN_POINT ( 'NONE',  ( 29.75605327261402877, 13.73271309661925166, 10.96135827787990102 ) ) ;
#1906 = CARTESIAN_POINT ( 'NONE',  ( -21.80096953833442086, 20.73219443703774445, 7.597319491177346507 ) ) ;
#1907 = CARTESIAN_POINT ( 'NONE',  ( 3.444933565801558739, -27.12430729257071249, 6.778706269900420800 ) ) ;
#1908 = CARTESIAN_POINT ( 'NONE',  ( -13.04654273993225999, 27.94575493377759656, 23.01000000000000156 ) ) ;
#1909 = CARTESIAN_POINT ( 'NONE',  ( 11.52589500276311618, 28.03458606710170287, 9.999999987470634011 ) ) ;
#1910 = CARTESIAN_POINT ( 'NONE',  ( 11.45028834914974247, 26.55310458912158467, 7.265931134851430606 ) ) ;
#1911 = CARTESIAN_POINT ( 'NONE',  ( -32.19264680956695202, -0.3479914747161352295, 23.01000000000000156 ) ) ;
#1912 = CARTESIAN_POINT ( 'NONE',  ( 29.12916327597954336, 13.35265537211991926, 9.999999492835232928 ) ) ;
#1913 = CARTESIAN_POINT ( 'NONE',  ( 33.00636957311269981, 1.515595755575749770, 11.00628560601364292 ) ) ;
#1914 = CARTESIAN_POINT ( 'NONE',  ( 18.37810779456632559, -18.86353855148023939, 2.621768483979882269 ) ) ;
#1915 = CARTESIAN_POINT ( 'NONE',  ( -20.22266126295473754, 29.72711633310277435, 23.01000000000000156 ) ) ;
#1916 = CARTESIAN_POINT ( 'NONE',  ( -35.98759174424508700, 1.109548980506104288, 23.01000000000000512 ) ) ;
#1917 = CARTESIAN_POINT ( 'NONE',  ( -19.84304821910786032, -19.15535990055124316, 4.271121632528952716 ) ) ;
#1918 = CARTESIAN_POINT ( 'NONE',  ( -25.06378547901893938, -18.30413943082141515, 9.214603771664203080 ) ) ;
#1919 = CARTESIAN_POINT ( 'NONE',  ( 20.81478256487559264, 19.96249684947741088, 5.937371022539852383 ) ) ;
#1920 = CARTESIAN_POINT ( 'NONE',  ( -20.17775648626592044, 29.75423865581673510, 9.999999999999991118 ) ) ;
#1921 = CARTESIAN_POINT ( 'NONE',  ( -23.77992656593854903, 11.28185309259517766, 2.609854779525661694 ) ) ;
#1922 = CARTESIAN_POINT ( 'NONE',  ( 12.11647342412807760, -28.00627132500263272, 10.00034320865408688 ) ) ;
#1923 = CARTESIAN_POINT ( 'NONE',  ( 23.00591331021934849, -12.67339993191267666, 2.566494955411213752 ) ) ;
#1924 = CARTESIAN_POINT ( 'NONE',  ( 19.81687199461815396, -25.34085852130520777, 23.01000000000000156 ) ) ;
#1925 = CARTESIAN_POINT ( 'NONE',  ( 33.54831973010069390, -13.05795708734864569, 10.00000000000000000 ) ) ;
#1926 = CARTESIAN_POINT ( 'NONE',  ( 31.77175024408904136, -16.14360318659314331, 10.00000000000000000 ) ) ;
#1927 = CARTESIAN_POINT ( 'NONE',  ( -25.10604303504322488, 8.045797988027796777, 2.641813165415336950 ) ) ;
#1928 = DIRECTION ( 'NONE',  ( -0.8192314250297189071, 0.5734630522045653933, 0.000000000000000000 ) ) ;
#1929 = CARTESIAN_POINT ( 'NONE',  ( 28.25640253608455765, -11.01940471546281408, 7.661069253457048589 ) ) ;
#1930 = CARTESIAN_POINT ( 'NONE',  ( 19.04534043107505781, 20.03665010675392466, 4.296062301102161030 ) ) ;
#1931 = CARTESIAN_POINT ( 'NONE',  ( -15.19895992576329569, 23.01265156429498759, 4.268849878772297046 ) ) ;
#1932 = CARTESIAN_POINT ( 'NONE',  ( -14.58539030970436201, -21.92183458726895395, 2.608000123381808866 ) ) ;
#1933 = CARTESIAN_POINT ( 'NONE',  ( 5.820145631873119285, -28.20165072329528044, 23.01000000000000156 ) ) ;
#1934 = CARTESIAN_POINT ( 'NONE',  ( 12.44227831414512586, -27.40517589376587893, 8.971942271019784698 ) ) ;
#1935 = ORIENTED_EDGE ( 'NONE', *, *, #5828, .F. ) ;
#1936 = CARTESIAN_POINT ( 'NONE',  ( -24.17675148857073353, -10.48663422866334116, 2.633417793441037436 ) ) ;
#1937 = CARTESIAN_POINT ( 'NONE',  ( -23.02007985994292127, -22.11130508516803772, 9.999993735495547043 ) ) ;
#1938 = CARTESIAN_POINT ( 'NONE',  ( 24.97681612572065291, 11.76487427898023697, 4.282691997140761764 ) ) ;
#1939 = CARTESIAN_POINT ( 'NONE',  ( -18.89868710983768096, 16.41712282652085619, 0.8925668147428637011 ) ) ;
#1940 = CARTESIAN_POINT ( 'NONE',  ( -8.649115414820535364, -23.44160951026677253, 0.5448364942550184553 ) ) ;
#1941 = CARTESIAN_POINT ( 'NONE',  ( -21.90095702616434892, 23.49397762621466157, 10.00000000000000178 ) ) ;
#1942 = CARTESIAN_POINT ( 'NONE',  ( 9.814737848342177884, 24.02113355527864513, 2.284518608434050524 ) ) ;
#1943 = CARTESIAN_POINT ( 'NONE',  ( -30.04666918845630263, 11.52009391159712770, 23.01000000000000156 ) ) ;
#1944 = CARTESIAN_POINT ( 'NONE',  ( 25.80019536581337292, 10.04410867354066106, 4.315898104029973759 ) ) ;
#1945 = CARTESIAN_POINT ( 'NONE',  ( 20.63745616784910553, 18.18350927554863716, 4.239322209463514568 ) ) ;
#1946 = CARTESIAN_POINT ( 'NONE',  ( -25.86390844517557142, -24.58080303555374968, 23.01000000000000156 ) ) ;
#1947 = CARTESIAN_POINT ( 'NONE',  ( 12.75653151894947257, 31.40176592949499934, 10.00000000000000000 ) ) ;
#1948 = CARTESIAN_POINT ( 'NONE',  ( -23.37517971514349924, -22.83933419013431276, 10.95181847474223069 ) ) ;
#1949 = CARTESIAN_POINT ( 'NONE',  ( 22.60453230299934191, 21.75890695274771147, 9.276719559235106161 ) ) ;
#1950 = CARTESIAN_POINT ( 'NONE',  ( 8.927426598724839124, 26.70350010355479853, -0.000000000000000000 ) ) ;
#1951 = CARTESIAN_POINT ( 'NONE',  ( 22.47800226926101530, -22.82096567422040323, 9.999997499463747275 ) ) ;
#1952 = CARTESIAN_POINT ( 'NONE',  ( 21.53739213400599084, -17.03198591320948552, 4.213054084872784877 ) ) ;
#1953 = CARTESIAN_POINT ( 'NONE',  ( 18.17153128790117478, 17.22178775047765242, 0.9236941746123605856 ) ) ;
#1954 = CARTESIAN_POINT ( 'NONE',  ( 23.01700421280257203, 10.01914330602917147, 1.036657228663960595 ) ) ;
#1955 = CARTESIAN_POINT ( 'NONE',  ( -23.45885247485167113, -22.70434637879850825, 10.93715464783917390 ) ) ;
#1956 = CARTESIAN_POINT ( 'NONE',  ( -11.50656944426466133, 25.58785876106734847, -0.1000000000000000056 ) ) ;
#1957 = CARTESIAN_POINT ( 'NONE',  ( -8.910761338531665743, -26.65652043850791486, -0.09999999999999999167 ) ) ;
#1958 = CARTESIAN_POINT ( 'NONE',  ( -30.13419294091345790, 9.656916152473854709, 9.325333115175096665 ) ) ;
#1959 = LINE ( 'NONE', #5000, #3866 ) ;
#1960 = EDGE_CURVE ( 'NONE', #2421, #1656, #5450, .T. ) ;
#1961 = CARTESIAN_POINT ( 'NONE',  ( 24.57293358395365956, -9.554305987988827908, 2.643312530065456745 ) ) ;
#1962 = CARTESIAN_POINT ( 'NONE',  ( 17.46502887955870875, 21.50656060583597551, 4.315860782233718496 ) ) ;
#1963 = CARTESIAN_POINT ( 'NONE',  ( -11.19981481586888528, 25.65385197558671848, 5.635845983884517629 ) ) ;
#1964 = CARTESIAN_POINT ( 'NONE',  ( -16.80794974839695755, -25.06589834679380502, 7.622671687024190845 ) ) ;
#1965 = CARTESIAN_POINT ( 'NONE',  ( -16.14131765225859994, -27.25614457439339589, 10.00000000000000178 ) ) ;
#1966 = CARTESIAN_POINT ( 'NONE',  ( 10.81688862144469887, -24.74824753994447590, 3.995777826963777812 ) ) ;
#1967 = ORIENTED_EDGE ( 'NONE', *, *, #3682, .T. ) ;
#1968 = CARTESIAN_POINT ( 'NONE',  ( -28.15021231408681857, -11.26602110438821214, 7.653689679704061888 ) ) ;
#1969 = CARTESIAN_POINT ( 'NONE',  ( -22.93941663776087836, -22.22077410771461459, 9.999755243393224191 ) ) ;
#1970 = CARTESIAN_POINT ( 'NONE',  ( 22.57455172535778232, 10.83048915713470706, 0.9373698268579730986 ) ) ;
#1971 = CARTESIAN_POINT ( 'NONE',  ( -22.64867092593591025, 21.68928540001254746, 9.266914992947699048 ) ) ;
#1972 = CARTESIAN_POINT ( 'NONE',  ( -23.34752952824617722, 21.66515953067071365, 23.01000000000000156 ) ) ;
#1973 = CARTESIAN_POINT ( 'NONE',  ( -13.39219810318551396, 27.90360920927014021, 9.999999317786107511 ) ) ;
#1974 = CARTESIAN_POINT ( 'NONE',  ( -25.44374693057252657, -11.92708293524266594, 0.000000000000000000 ) ) ;
#1975 = MECHANICAL_DESIGN_GEOMETRIC_PRESENTATION_REPRESENTATION (  '', ( #1225 ), #923 ) ;
#1976 = CARTESIAN_POINT ( 'NONE',  ( -30.25285045032120124, -10.96261656749699931, 23.01000000000000156 ) ) ;
#1977 = CARTESIAN_POINT ( 'NONE',  ( 29.69958020490018313, 12.33177605725548887, 9.999998843668448600 ) ) ;
#1978 = CARTESIAN_POINT ( 'NONE',  ( 23.34672465110682538, 9.061785408027077438, 0.9707269502920087278 ) ) ;
#1979 = CARTESIAN_POINT ( 'NONE',  ( 22.59288792816412084, 19.67683404145750004, 7.578104020089142523 ) ) ;
#1980 = AXIS2_PLACEMENT_3D ( 'NONE', #2186, #5201, #4704 ) ;
#1981 = CARTESIAN_POINT ( 'NONE',  ( -25.39208779926358517, -12.06839405899299678, 3.398157665400359000E-06 ) ) ;
#1982 = CARTESIAN_POINT ( 'NONE',  ( -14.48410912499677039, -20.53678928950799687, 1.032728968745511011 ) ) ;
#1983 = FACE_OUTER_BOUND ( 'NONE', #882, .T. ) ;
#1984 = CARTESIAN_POINT ( 'NONE',  ( 20.81006833030476599, 19.96845271911400488, 5.937565253656893915 ) ) ;
#1985 = CARTESIAN_POINT ( 'NONE',  ( -11.31106170780000042, 25.13399043825002011, -0.8889690687347078235 ) ) ;
#1986 = CIRCLE ( 'NONE', #3557, 10.99999999999999112 ) ;
#1987 = CARTESIAN_POINT ( 'NONE',  ( 18.25999507513241937, -17.12670867706613009, 0.9195377909252913096 ) ) ;
#1988 = CARTESIAN_POINT ( 'NONE',  ( 28.07207662748292165, 14.93395730907155894, 23.01000000000000156 ) ) ;
#1989 = CARTESIAN_POINT ( 'NONE',  ( 20.71756650849454573, 14.17575271552422400, 0.9658813299694473109 ) ) ;
#1990 = CARTESIAN_POINT ( 'NONE',  ( -19.07426616736248093, -18.10645647297038252, 2.593385848924480541 ) ) ;
#1991 = CARTESIAN_POINT ( 'NONE',  ( 20.16929870410426062, 29.75997968132589122, 9.999999999999978684 ) ) ;
#1992 = CARTESIAN_POINT ( 'NONE',  ( 15.51567438017350220, -22.65480705274766393, -0.8889690687347079345 ) ) ;
#1993 = CARTESIAN_POINT ( 'NONE',  ( -23.32278497603258671, 9.123703361074975149, 0.9709269286876647254 ) ) ;
#1994 = CARTESIAN_POINT ( 'NONE',  ( 7.353104061610673980, 27.15636093877068902, 0.0001331526668847225628 ) ) ;
#1995 = CARTESIAN_POINT ( 'NONE',  ( 25.24237161646435013, -11.28106429156232871, 4.299466096151030925 ) ) ;
#1996 = PRODUCT ( 'Outer_3D_Printed_Housing', 'Outer_3D_Printed_Housing', '', ( #1731 ) ) ;
#1997 = CARTESIAN_POINT ( 'NONE',  ( 21.66748101568396478, 22.93506978099436466, 9.306202841931131786 ) ) ;
#1998 = CARTESIAN_POINT ( 'NONE',  ( -10.10580098573849739, 23.93107486486908897, 2.313035868196528178 ) ) ;
#1999 = CARTESIAN_POINT ( 'NONE',  ( -20.79848588395839215, -25.63030988262707055, 11.01009198748558759 ) ) ;
#2000 = CARTESIAN_POINT ( 'NONE',  ( 30.33153851199816842, -10.75178716227627973, 10.00000000000000178 ) ) ;
#2001 = CARTESIAN_POINT ( 'NONE',  ( 13.07960900058592379, -28.31012521408583638, 10.63621638275030001 ) ) ;
#2002 = ORIENTED_EDGE ( 'NONE', *, *, #167, .T. ) ;
#2003 = CARTESIAN_POINT ( 'NONE',  ( -25.39446119602619234, -10.97306810541906508, 4.303876360703676518 ) ) ;
#2004 = CARTESIAN_POINT ( 'NONE',  ( -29.91860032808434866, -11.84197802457432935, 10.00052964887741425 ) ) ;
#2005 = CARTESIAN_POINT ( 'NONE',  ( 29.77259006700250410, 13.70998046256696057, 10.96262442467767251 ) ) ;
#2006 = CARTESIAN_POINT ( 'NONE',  ( -20.77087753282101446, 20.01339570037471915, 5.934614472956334374 ) ) ;
#2007 = CARTESIAN_POINT ( 'NONE',  ( -11.10016471439788255, -27.46343758668322010, 8.861866465108866109 ) ) ;
#2008 = CARTESIAN_POINT ( 'NONE',  ( -30.58810108439095643, 10.04059723192108855, 10.00000000000000178 ) ) ;
#2009 = CARTESIAN_POINT ( 'NONE',  ( -28.19858090002349371, 14.74462485177366489, 9.999985967248601781 ) ) ;
#2010 = CARTESIAN_POINT ( 'NONE',  ( -20.81990607355702494, -18.77505795234005603, -0.1000000000000000056 ) ) ;
#2011 = CARTESIAN_POINT ( 'NONE',  ( 31.51493647317707314, 9.924639382803910337, 11.00623928655821615 ) ) ;
#2012 = CARTESIAN_POINT ( 'NONE',  ( 18.44818737651331375, 16.92184716439848557, 0.9108067852860073366 ) ) ;
#2013 = CARTESIAN_POINT ( 'NONE',  ( 0.000000000000000000, 0.000000000000000000, -43.00000000000000000 ) ) ;
#2014 = FACE_OUTER_BOUND ( 'NONE', #1238, .T. ) ;
#2015 = CARTESIAN_POINT ( 'NONE',  ( 6.045298320339709264, 25.64319826480479136, 3.596614425733176912 ) ) ;
#2016 = CARTESIAN_POINT ( 'NONE',  ( -19.68625601529156910, 20.07630919854708651, 0.000000000000000000 ) ) ;
#2017 = CARTESIAN_POINT ( 'NONE',  ( 21.74644827427938765, -20.81272650325717422, 7.606121401819995853 ) ) ;
#2018 = CARTESIAN_POINT ( 'NONE',  ( 20.94365121947075181, 24.46975418660224832, 23.01000000000000156 ) ) ;
#2019 = FACE_OUTER_BOUND ( 'NONE', #3145, .T. ) ;
#2020 = CARTESIAN_POINT ( 'NONE',  ( -18.21866414318036220, -17.17134667070330423, 0.9214630448777451077 ) ) ;
#2021 = LINE ( 'NONE', #2664, #1759 ) ;
#2022 = CARTESIAN_POINT ( 'NONE',  ( 13.07390124295374889, -24.22105672615199623, -0.8889690687347066023 ) ) ;
#2023 = CARTESIAN_POINT ( 'NONE',  ( -26.95266891427545985, 10.71034149668196278, 5.983209508126131837 ) ) ;
#2024 = CARTESIAN_POINT ( 'NONE',  ( -11.73195791878026739, 25.57174483043561253, -7.001540941460986643E-05 ) ) ;
#2025 = CARTESIAN_POINT ( 'NONE',  ( 22.81828963857084958, -10.31603886334224285, 0.9546242694899008674 ) ) ;
#2026 = CARTESIAN_POINT ( 'NONE',  ( 22.44714754135009471, 21.96642909062739335, 9.275774763913489096 ) ) ;
#2027 = CARTESIAN_POINT ( 'NONE',  ( -12.63669356580925829, 28.30235849831520412, 10.58132274938053996 ) ) ;
#2028 = CARTESIAN_POINT ( 'NONE',  ( -17.35585260119036022, -27.55642958770740591, 10.93058932944940587 ) ) ;
#2029 = CARTESIAN_POINT ( 'NONE',  ( 28.90450290444806924, -13.69016503350068525, 10.00000000000000178 ) ) ;
#2030 = ORIENTED_EDGE ( 'NONE', *, *, #6443, .T. ) ;
#2031 = CARTESIAN_POINT ( 'NONE',  ( -23.29510754887796509, -9.194058248357258378, 0.9708245768480364690 ) ) ;
#2032 = CARTESIAN_POINT ( 'NONE',  ( -13.21200847926748523, -27.92824618427934169, 10.00000028636599048 ) ) ;
#2033 = CARTESIAN_POINT ( 'NONE',  ( 29.74774278702653518, 13.74403965289124052, 10.96071442550910469 ) ) ;
#2034 = CARTESIAN_POINT ( 'NONE',  ( -21.69457075032902438, 20.87320622541340143, 7.601379585255410909 ) ) ;
#2035 = CARTESIAN_POINT ( 'NONE',  ( -6.264695177316681018, -24.17933474171141128, 0.3189213945462465727 ) ) ;
#2036 = CARTESIAN_POINT ( 'NONE',  ( -29.85209518399453188, 12.00498494441742814, 23.01000000000000156 ) ) ;
#2037 = CARTESIAN_POINT ( 'NONE',  ( -22.90111497497589355, 22.27530863227717006, 9.999842976115948190 ) ) ;
#2038 = CARTESIAN_POINT ( 'NONE',  ( -24.71732195315586722, -12.21169855626855494, 4.264162350671254487 ) ) ;
#2039 = CARTESIAN_POINT ( 'NONE',  ( -23.40308617686931214, -27.55765928011775756, 9.999999999999978684 ) ) ;
#2040 = CARTESIAN_POINT ( 'NONE',  ( 30.73758276649318333, 11.93046065258608124, 11.00624039370839391 ) ) ;
#2041 = CARTESIAN_POINT ( 'NONE',  ( 19.18140861916856821, 17.98583879604176161, 2.590063149235578344 ) ) ;
#2042 = CARTESIAN_POINT ( 'NONE',  ( -19.02641991005084066, -18.16248662769936928, 2.597132499798293637 ) ) ;
#2043 = CARTESIAN_POINT ( 'NONE',  ( 33.00320584981823657, -14.25874395418094487, 9.999999999999991118 ) ) ;
#2044 = CARTESIAN_POINT ( 'NONE',  ( -1.370366047298064771, 26.62687987195279860, 5.054448877231449977 ) ) ;
#2045 = CARTESIAN_POINT ( 'NONE',  ( 19.71854756030844413, -20.03205246707502951, -4.206532090437593255E-05 ) ) ;
#2046 = CARTESIAN_POINT ( 'NONE',  ( 22.76316138390752997, -22.45907801942278326, 9.999999975110519301 ) ) ;
#2047 = CARTESIAN_POINT ( 'NONE',  ( 19.51525257291415727, -17.60143460285523886, 2.575645745073823711 ) ) ;
#2048 = CARTESIAN_POINT ( 'NONE',  ( 29.36006685171361141, 12.98159533248298381, 23.01000000000000156 ) ) ;
#2049 = CARTESIAN_POINT ( 'NONE',  ( 22.22560015393405308, 23.13501123576219243, 9.999828940861977600 ) ) ;
#2050 = CARTESIAN_POINT ( 'NONE',  ( -19.91498934766432072, -19.06535928811797476, 4.264439499337975725 ) ) ;
#2051 = CARTESIAN_POINT ( 'NONE',  ( 25.87071190355447570, -24.57364245467583785, 10.00000000000000000 ) ) ;
#2052 = CARTESIAN_POINT ( 'NONE',  ( -29.47220078950569899, 11.52030016373736210, 9.325323754944873755 ) ) ;
#2053 = CARTESIAN_POINT ( 'NONE',  ( -14.77841356048869592, 23.91006658138023866, -2.771303316916439298E-05 ) ) ;
#2054 = CARTESIAN_POINT ( 'NONE',  ( 26.55214381651337874, -11.58517151720260685, 5.975976605949634646 ) ) ;
#2055 = CARTESIAN_POINT ( 'NONE',  ( 22.46455355745507632, 21.94260499397287489, 9.274870958158773604 ) ) ;
#2056 = CARTESIAN_POINT ( 'NONE',  ( -12.21195314346028304, 27.41133206119203081, 8.940857343502486287 ) ) ;
#2057 = CARTESIAN_POINT ( 'NONE',  ( -18.32515412082706519, -18.91915463967170297, 2.623394328817662657 ) ) ;
#2058 = CARTESIAN_POINT ( 'NONE',  ( 30.49846934232828488, -10.26884602601147378, 23.01000000000000156 ) ) ;
#2059 = VERTEX_POINT ( 'NONE', #4958 ) ;
#2060 = CARTESIAN_POINT ( 'NONE',  ( -25.77367905633802536, -10.10489347571420105, 4.312670716068237375 ) ) ;
#2061 = CARTESIAN_POINT ( 'NONE',  ( -12.26552999552004586, -28.00232917570570734, 10.00000462825331482 ) ) ;
#2062 = CARTESIAN_POINT ( 'NONE',  ( 25.39679414671186564, 10.97399913372261793, 4.307076392256785624 ) ) ;
#2063 = CARTESIAN_POINT ( 'NONE',  ( -22.56941135954981803, 21.79892288905922015, 9.269729325359806538 ) ) ;
#2064 = CARTESIAN_POINT ( 'NONE',  ( -9.357742307989777686, -28.28403465150751472, 10.37783613281271222 ) ) ;
#2065 = CARTESIAN_POINT ( 'NONE',  ( -32.18640935083261212, 0.7167574682171306000, 23.01000000000000156 ) ) ;
#2066 = CARTESIAN_POINT ( 'NONE',  ( -23.04004101481757516, 22.08603129378462526, 10.00000000026964031 ) ) ;
#2067 = CARTESIAN_POINT ( 'NONE',  ( -29.65041685838546215, -13.86818284039889093, 10.94714511601902807 ) ) ;
#2068 = CARTESIAN_POINT ( 'NONE',  ( -25.92148349196990154, -10.64636305212283851, -0.09999999999999992228 ) ) ;
#2069 = CARTESIAN_POINT ( 'NONE',  ( 28.69817811870242252, 14.00143258099400256, 10.00000445825598305 ) ) ;
#2070 = CARTESIAN_POINT ( 'NONE',  ( 20.09535263980240671, 18.85173125915358838, 4.259982896508326178 ) ) ;
#2071 = DIRECTION ( 'NONE',  ( 0.000000000000000000, 0.000000000000000000, -1.000000000000000000 ) ) ;
#2072 = CARTESIAN_POINT ( 'NONE',  ( 25.52066930016626856, -11.57694897873593121, -0.1000000000000000749 ) ) ;
#2073 = CARTESIAN_POINT ( 'NONE',  ( 5.751671060797637125, 24.99655877623045086, 1.929337896517790529 ) ) ;
#2074 = CARTESIAN_POINT ( 'NONE',  ( 23.01032895324748040, -22.12666643430612723, 10.00002643766402954 ) ) ;
#2075 = AXIS2_PLACEMENT_3D ( 'NONE', #4857, #326, #359 ) ;
#2076 = CARTESIAN_POINT ( 'NONE',  ( 23.08854693372756373, -21.09037201181672572, 9.260438017279351897 ) ) ;
#2077 = CARTESIAN_POINT ( 'NONE',  ( 0.000000000000000000, 0.000000000000000000, -43.00000000000000000 ) ) ;
#2078 = CARTESIAN_POINT ( 'NONE',  ( 20.73488796123240618, 24.60770448807070210, 10.00000000003158185 ) ) ;
#2079 = CARTESIAN_POINT ( 'NONE',  ( -23.46391571292619105, -22.69705630991585821, 10.93698781280088461 ) ) ;
#2080 = CARTESIAN_POINT ( 'NONE',  ( -25.05257688834496577, -12.74844089146631632, -0.000000000000000000 ) ) ;
#2081 = CARTESIAN_POINT ( 'NONE',  ( -26.99282027086577074, 10.61107604605889243, 5.983494325589875373 ) ) ;
#2082 = CARTESIAN_POINT ( 'NONE',  ( 30.64511317197763773, -12.16031502080102555, 11.00576654130289889 ) ) ;
#2083 = CARTESIAN_POINT ( 'NONE',  ( 21.49326684301883006, 21.13636592070549725, 7.610897437835731694 ) ) ;
#2084 = CARTESIAN_POINT ( 'NONE',  ( -10.81582057518891382, 24.74659305728092207, 3.992588541244126876 ) ) ;
#2085 = CARTESIAN_POINT ( 'NONE',  ( -23.27014627765406374, -22.98885449005710058, 10.95752540348851234 ) ) ;
#2086 = CARTESIAN_POINT ( 'NONE',  ( 22.06600673011415736, -23.31218541680462764, 10.00000000000000178 ) ) ;
#2087 = VERTEX_POINT ( 'NONE', #430 ) ;
#2088 = CARTESIAN_POINT ( 'NONE',  ( -29.44167870452833569, -11.59652283675742623, 9.325191099341003209 ) ) ;
#2089 = CARTESIAN_POINT ( 'NONE',  ( -33.54470374673991273, -13.06724341795768041, 10.00000000000000000 ) ) ;
#2090 = CARTESIAN_POINT ( 'NONE',  ( -21.64919064869289755, 20.93359928227849664, 7.603460504292003819 ) ) ;
#2091 = CARTESIAN_POINT ( 'NONE',  ( -10.91949199297432571, -25.70328633653398143, 5.613351724474683557 ) ) ;
#2092 = CARTESIAN_POINT ( 'NONE',  ( 32.30898993229988747, -15.37611932925373637, 9.999999999999998224 ) ) ;
#2093 = CARTESIAN_POINT ( 'NONE',  ( -30.99349662896824142, -8.709008957808418216, 23.01000000000000156 ) ) ;
#2094 = CARTESIAN_POINT ( 'NONE',  ( -29.96670560641920034, 11.71921848145950307, 10.00003938460924147 ) ) ;
#2095 = ORIENTED_EDGE ( 'NONE', *, *, #6158, .T. ) ;
#2096 = CARTESIAN_POINT ( 'NONE',  ( -23.70977973241424763, -13.88414760691893335, 4.218356797513783896 ) ) ;
#2097 = B_SPLINE_SURFACE_WITH_KNOTS ( 'NONE', 3, 3, ( 
 ( #294, #1815, #1184, #4724, #6274, #4756, #4293 ),
 ( #4222, #5287, #1710, #3725, #223, #1255, #3268 ),
 ( #762, #2766, #4792, #259, #3795, #5808, #1292 ),
 ( #2800, #4499, #5386, #4891, #1456, #463, #2405 ),
 ( #2474, #6509, #1847, #1984, #3401, #3996, #3495 ),
 ( #5453, #1423, #5910, #1919, #2367, #5421, #399 ),
 ( #6009, #3894, #3437, #4433, #898, #3369, #4991 ),
 ( #2336, #1390, #6445, #3859, #433, #2935, #1486 ),
 ( #1885, #1949, #5514, #2834, #932, #4859, #5979 ),
 ( #328, #3928, #961, #361, #4961, #2898, #4396 ),
 ( #4364, #6373, #5876, #5942, #1357, #4467, #865 ),
 ( #3468, #2967, #5485, #2867, #2439, #6477, #3961 ),
 ( #6408, #4926, #525, #5974, #4054, #3993, #2471 ),
 ( #2527, #6065, #3433, #3553, #6035, #2041, #58 ),
 ( #5017, #928, #988, #6005, #2070, #1545, #5481 ),
 ( #4495, #2963, #5449, #1047, #5081, #4957, #2497 ),
 ( #3027, #429, #2556, #5511, #4556, #3061, #2012 ),
 ( #4083, #4985, #1513, #3491, #5050, #5575, #2995 ),
 ( #557, #1482, #30, #1020, #493, #4588, #4024 ),
 ( #6504, #6473, #1419, #459, #4528, #3523, #2931 ),
 ( #2434, #957, #6535, #4463, #1945, #3957, #5541 ),
 ( #1451, #3464, #1979, #1205, #715, #5667, #2621 ),
 ( #1577, #88, #145, #3711, #3125, #6223, #5173 ),
 ( #5238, #1609, #6094, #2719, #3158, #4679, #6126 ),
 ( #5724, #2653, #3222, #2098, #3613, #4710, #4744 ),
 ( #208, #2589, #2686, #3092, #2225, #4118, #5141 ),
 ( #3645, #5112, #1107, #5636, #647, #177, #4619 ),
 ( #2192, #1669, #619, #3581, #6189, #2157, #4210 ),
 ( #5604, #4649, #5207, #1076, #588, #117, #2125 ),
 ( #680, #4149, #1140, #1697, #6155, #1637, #4178 ),
 ( #3675, #5693, #1173, #3189, #5305, #2323, #5271 ),
 ( #278, #2854, #4383, #4877, #1732, #2821, #3321 ),
 ( #1241, #3357, #1342, #5860, #2885, #747, #6392 ),
 ( #4812, #5373, #2354, #6259, #1869, #4349, #348 ),
 ( #5407, #1311, #3747, #3814, #2291, #4912, #5338 ),
 ( #6359, #3880, #1377, #4315, #850, #5898, #819 ),
 ( #3388, #885, #382, #4243, #5829, #781, #3846 ),
 ( #4777, #4845, #5758, #1277, #3254, #314, #1833 ),
 ( #6294, #2751, #244, #2258, #4279, #1768, #3780 ),
 ( #5795, #3289, #2784, #6327, #1801, #22, #1970 ),
 ( #5441, #5532, #5929, #6057, #4948, #1444, #2519 ),
 ( #5011, #980, #5474, #1475, #1938, #2955, #6495 ),
 ( #2033, #3457, #2987, #3983, #4979, #2922, #4548 ),
 ( #1905, #950, #5998, #1411, #6528, #2491, #1537 ),
 ( #453, #1506, #4046, #3545, #485, #5566, #1012 ),
 ( #2005, #2461, #4520, #4487, #3914, #1040, #3051 ),
 ( #3515, #4016, #3423, #5073, #420, #3483, #2390 ),
 ( #917, #3947, #6463, #5504, #3019, #2424, #4419 ),
 ( #6027, #4453, #6430, #5041, #517, #5963, #4578 ),
 ( #2579, #107, #548, #5163, #2062, #4074, #4639 ),
 ( #52, #6117, #2115, #638, #79, #1067, #1097 ),
 ( #6086, #3604, #1627, #3083, #3114, #4610, #5104 ),
 ( #1130, #3148, #1569, #5626, #3572, #4139, #5595 ),
 ( #1599, #6145, #2644, #5132, #4109, #2547, #610 ),
 ( #2613, #3635, #5655, #1351, #5768, #5905, #1385 ),
 ( #1842, #6367, #6335, #5870, #827, #323, #1285 ),
 ( #3854, #3789, #5837, #4853, #217, #1810, #1249 ),
 ( #3330, #5415, #3396, #893, #2299, #3888, #3297 ),
 ( #1319, #5346, #3364, #3822, #5381, #4287, #5314 ),
 ( #2829, #4391, #5803, #356, #2331, #4358, #2893 ),
 ( #2234, #4253, #860, #2862, #253, #6304, #6402 ),
 ( #2266, #1776, #6268, #4886, #791, #1739, #2362 ),
 ( #3756, #3263, #4820, #1880, #5280, #756, #2760 ),
 ( #4786, #2792, #288, #4324, #1944, #3992, #2994 ),
 ( #4494, #3923, #4462, #1481, #3552, #4053, #6064 ),
 ( #2040, #5973, #524, #6004, #3490, #4023, #1978 ),
 ( #2433, #3463, #1544, #1019, #6472, #6503, #6034 ),
 ( #2011, #428, #927, #4427, #3026, #5480, #2930 ),
 ( #5574, #5510, #987, #3956, #4956, #1450, #392 ),
 ( #956, #1046, #5016, #2526, #4555, #5937, #4921 ),
 ( #29, #2399, #6438, #492, #2496, #2962, #4527 ),
 ( #1913, #5049, #6534, #5448, #1418, #1512, #3522 ),
 ( #3432, #5540, #4984, #458, #2470, #2146, #738 ),
 ( #2282, #4587, #2181, #2249, #5297, #4306, #1230 ),
 ( #6285, #4735, #556, #2216, #1267, #669, #3737 ),
 ( #4699, #5080, #2776, #270, #57, #4234, #2555 ),
 ( #4167, #6319, #703, #1758, #4805, #5748, #6177 ),
 ( #163, #3245, #5227, #235, #3772, #4270, #1658 ),
 ( #3664, #4199, #2675, #199, #5785, #5683, #1792 ),
 ( #5261, #1163, #3806, #2742, #6249, #3280, #3178 ),
 ( #6213, #773, #5196, #5820, #1687, #3700, #4768 ),
 ( #5715, #3060, #1195, #3211, #2708, #1722, #4444 ),
 ( #5330, #372, #5954, #5363, #1896, #4374, #2845 ),
 ( #942, #4970, #4838, #2379, #810, #2909, #305 ),
 ( #5398, #6454, #2946, #3904, #2813, #1961, #4869 ),
 ( #3379, #4938, #1929, #2416, #2316, #443, #2451 ),
 ( #3939, #1435, #3313, #3448, #5920, #5464, #6487 ),
 ( #4904, #4340, #877, #5889, #3972, #4411, #4478 ),
 ( #1303, #6350, #1367, #411, #1825, #6421, #3838 ),
 ( #5852, #1333, #3347, #2877, #6383, #909, #841 ),
 ( #1402, #339, #2346, #1859, #3414, #5433, #3870 ),
 ( #2082, #4540, #4006, #601, #5124, #4570, #1032 ),
 ( #6018, #1497, #1466, #3042, #509, #2605, #6078 ),
 ( #5617, #5001, #4632, #14, #1089, #100, #2109 ),
 ( #5031, #5095, #1590, #5990, #4066, #3594, #2570 ),
 ( #3475, #5064, #4098, #3506, #44, #2510, #1003 ),
 ( #3105, #5496, #2978, #540, #971, #1056, #475 ),
 ( #3536, #4602, #2482, #2054, #4509, #6519, #3010 ),
 ( #1529, #3074, #70, #569, #1995, #5524, #2025 ),
 ( #6108, #5587, #5555, #4038, #1560, #3564, #6049 ),
 ( #2539, #3628, #3691, #2174, #2770, #1188, #4761 ),
 ( #4797, #3272, #5291, #6206, #1259, #5188, #6278 ),
 ( #695, #3239, #3204, #3730, #1652, #2668, #766 ),
 ( #3657, #5708, #5255, #5648, #1222, #6171, #129 ),
 ( #228, #4691, #2138, #263, #4132, #2701, #5221 ),
 ( #4161, #5676, #6138, #4728, #663, #1620, #4227 ),
 ( #3765, #3141, #1122, #156, #5777, #5155, #632 ),
 ( #193, #4193, #2208, #1155, #1682, #6242, #2636 ),
 ( #1715, #5741, #732, #2736, #4663, #1749, #2242 ),
 ( #4263, #3172, #1296, #6413, #2371, #3898, #1889 ),
 ( #1394, #2870, #4402, #3338, #802, #5914, #5846 ),
 ( #332, #935, #5882, #2902, #365, #4930, #5946 ),
 ( #3405, #2409, #1361, #5323, #4437, #6448, #3932 ),
 ( #5425, #6343, #835, #3440, #404, #1819, #3864 ),
 ( #3799, #902, #4334, #4831, #1784, #1923, #2839 ),
 ( #5456, #1427, #869, #3373, #3832, #2309, #1327 ),
 ( #5391, #5355, #2939, #4963, #2276, #4299, #3306 ),
 ( #4863, #6312, #5812, #2805, #4896, #299, #2340 ),
 ( #4368, #6377, #1853, #6479, #4594, #1490, #5545 ),
 ( #995, #963, #2563, #6070, #1952, #5516, #4533 ),
 ( #4562, #531, #6101, #3964, #6011, #1551, #62 ),
 ( #2476, #3528, #2970, #6040, #36, #3001, #2531 ),
 ( #5981, #2076, #562, #4470, #3558, #2047, #3497 ),
 ( #1458, #5023, #2443, #499, #5580, #4089, #1051 ),
 ( #1023, #1521, #5056, #3469, #3067, #4058, #5087 ),
 ( #5488, #1582, #2504, #4993, #3587, #5610, #466 ),
 ( #4501, #1081, #6510, #3098, #6, #436, #1987 ),
 ( #3034, #3999, #2017, #4030, #4218, #2200, #185 ),
 ( #1614, #723, #6163, #5671, #6233, #3230, #594 ),
 ( #3197, #5733, #3757, #6269, #2167, #4626, #4685 ),
 ( #5769, #4187, #1213, #5215, #5247, #2235, #5180 ),
 ( #4254, #1644, #2727, #6198, #1676, #1705, #3684 ),
 ( #2628, #3651, #1740, #4751, #4656, #151, #3720 ),
 ( #218, #624, #1114, #94, #1250, #1148, #3132 ),
 ( #5117, #5701, #1181, #122, #5147, #2131, #2598 ),
 ( #3165, #2104, #689, #4125, #6131, #3622, #5642 ),
 ( #4154, #656, #2661, #2693, #4720, #6336, #2332 ),
 ( #3823, #828, #2761, #894, #4325, #1843, #4854 ),
 ( #3790, #5416, #2363, #4787, #1811, #2830, #2267 ),
 ( #3365, #2400, #254, #2300, #4392, #2894, #4428 ),
 ( #4922, #6403, #324, #757, #4359, #1386, #792 ),
 ( #4821, #6305, #3397, #393, #6439, #1914, #6368 ),
 ( #2863, #5281, #5804, #3855, #3924, #289, #5938 ),
 ( #5871, #3264, #5315, #4288, #1777, #1352, #5382 ),
 ( #2793, #1286, #861, #3298, #5838, #1320, #1881 ),
 ( #4887, #3331, #5347, #3889, #357, #5906, #5302 ),
 ( #4908, #310, #1764, #4311, #275, #6356, #1373 ),
 ( #5925, #5403, #4873, #3285, #2385, #2851, #1830 ),
 ( #4275, #6426, #5825, #1865, #4773, #1901, #6290 ),
 ( #2351, #3876, #2254, #2320, #5894, #3910, #5335 ),
 ( #5857, #778, #3843, #344, #1308, #4379, #3318 ),
 ( #6324, #240, #1407, #3419, #3777, #1338, #5790 ),
 ( #1273, #5437, #4346, #3384, #2747, #3353, #2781 ),
 ( #1798, #6388, #4842, #881, #377, #4810, #2288 ),
 ( #3811, #815, #2817, #5370, #847, #4515, #1471 ),
 ( #1502, #6023, #4483, #2915, #2457, #4975, #3511 ),
 ( #480, #3479, #2487, #4011, #449, #2983, #6524 ),
 ( #2001, #6459, #3943, #5007, #913, #6491, #4944 ),
 ( #416, #1934, #2420, #3453, #1966, #4449, #5500 ),
 ( #3977, #5994, #5959, #1440, #976, #5469, #946 ),
 ( #2951, #210, #682, #4180, #3713, #2099, #4245 ),
 ( #1141, #4681, #6127, #4712, #2688, #6261, #4119 ),
 ( #6225, #2721, #3749, #5209, #4746, #5726, #2160 ),
 ( #6191, #5240, #4650, #3191, #3646, #2126, #2590 ),
 ( #5760, #1610, #1671, #4620, #2194, #3615, #3256 ),
 ( #1207, #89, #179, #5637, #1108, #4150, #4212 ),
 ( #1699, #3224, #3126, #620, #2622, #6156, #5174 ),
 ( #1638, #147, #3159, #649, #2655, #3677, #5695 ),
 ( #4779, #4847, #3323, #3916, #2325, #5900, #3359 ),
 ( #2392, #5340, #4385, #5409, #4351, #1770, #887 ),
 ( #384, #6432, #316, #1803, #4879, #749, #5797 ),
 ( #6361, #6394, #246, #2356, #783, #3291, #2260 ),
 ( #3816, #5307, #1907, #4421, #3848, #1835, #2786 ),
 ( #5862, #3782, #2887, #4914, #5931, #1413, #1344 ),
 ( #350, #2753, #4814, #5375, #5273, #2293, #4281 ),
 ( #852, #6296, #280, #4317, #6330, #2856, #1871 ),
 ( #5831, #1313, #3882, #821, #2823, #1379, #3390 ),
 ( #2989, #4580, #6465, #24, #422, #550, #5965 ),
 ( #5568, #982, #2427, #2463, #952, #487, #2035 ),
 ( #2064, #6059, #5534, #3949, #3053, #3517, #4522 ),
 ( #4950, #5075, #6497, #2521, #5443, #2549, #4455 ),
 ( #4550, #2924, #6530, #4048, #4076, #1477, #5476 ),
 ( #1446, #2007, #1014, #3985, #3021, #3485, #1940 ),
 ( #6088, #919, #1539, #5043, #4489, #1508, #3459 ),
 ( #4018, #6029, #3425, #519, #2184, #5597, #137 ),
 ( #6180, #5106, #672, #5199, #3181, #202, #4612 ),
 ( #2615, #2117, #2678, #6216, #3574, #3703, #1660 ),
 ( #2219, #2712, #5165, #1069, #1132, #6147, #4237 ),
 ( #4202, #3667, #1690, #5230, #1630, #4702, #4670 ),
 ( #640, #1165, #5628, #109, #4738, #5718, #1099 ),
 ( #168, #3085, #1198, #3606, #4111, #580, #3214 ),
 ( #2148, #1601, #3116, #707, #4170, #1571, #6119 ),
 ( #2582, #81, #3150, #2091, #5134, #612, #4641 ),
 ( #4141, #3637, #5657, #2646, #5685, #1271, #3775 ),
 ( #4871, #2745, #2880, #2349, #1828, #238, #5892 ),
 ( #273, #2252, #1863, #5367, #5751, #4808, #3809 ),
 ( #3842, #6354, #5401, #1234, #5300, #844, #3874 ),
 ( #4344, #1371, #2848, #1306, #3740, #5333, #4377 ),
 ( #308, #2779, #3283, #1725, #3382, #880, #3248 ),
 ( #5264, #1336, #741, #4907, #5823, #342, #375 ),
 ( #4771, #2383, #776, #5855, #1795, #3351, #6386 ),
 ( #4273, #6252, #2286, #4309, #6288, #1762, #5788 ),
 ( #6322, #3316, #813, #2816, #4841, #2319, #3975 ),
 ( #3046, #1469, #5035, #2485, #512, #1532, #4481 ),
 ( #4543, #3478, #912, #17, #6052, #414, #6457 ),
 ( #2028, #5993, #5559, #2913, #1007, #1405, #3539 ),
 ( #3451, #4041, #1964, #3417, #5957, #1932, #5499 ),
 ( #4942, #1035, #2514, #6522, #2418, #5067, #4513 ),
 ( #3013, #5923, #543, #944, #3509, #6424, #4414 ),
 ( #1999, #1899, #5436, #5467, #5527, #3908, #4447 ),
 ( #3942, #1438, #974, #2949, #2981, #4973, #447 ),
 ( #2455, #6489, #5005, #478, #4009, #6021, #1500 ),
 ( #604, #4573, #2608, #1157, #2670, #3174, #47 ),
 ( #1622, #633, #6081, #1654, #6173, #4163, #1190 ),
 ( #4693, #3597, #3108, #3659, #665, #2057, #158 ),
 ( #5191, #3206, #3694, #6139, #4069, #2111, #4634 ),
 ( #3630, #2176, #2639, #4195, #6208, #102, #5678 ),
 ( #5649, #5590, #5710, #5223, #2542, #1563, #4134 ),
 ( #2140, #3567, #3077, #3143, #1059, #6111, #5098 ),
 ( #1125, #573, #4605, #2573, #74, #5158, #4664 ),
 ( #2085, #4102, #131, #1593, #5620, #1092, #3732 ),
 ( #6244, #6476, #1261, #432, #1455, #2437, #3308 ),
 ( #4301, #5941, #5743, #3960, #3436, #2807, #1224 ),
 ( #804, #6314, #3926, #2210, #4466, #3767, #6442 ),
 ( #1948, #4229, #1717, #397, #1917, #195, #4799 ),
 ( #5977, #3274, #2738, #3801, #3241, #1786, #4833 ),
 ( #2403, #5779, #5257, #2934, #931, #4730, #1422 ),
 ( #1751, #5325, #734, #5293, #2704, #768, #5452 ),
 ( #4960, #4763, #5814, #1298, #4431, #230, #3467 ),
 ( #698, #2244, #4265, #6280, #2772, #265, #2278 ),
 ( #960, #1077, #5576, #6096, #4121, #91, #2528 ),
 ( #1048, #5484, #5051, #4498, #5019, #2042, #6128 ),
 ( #2101, #3029, #2593, #2, #3094, #4558, #4055 ),
 ( #32, #5082, #2997, #4026, #1611, #1578, #495 ),
 ( #4589, #462, #2558, #990, #1485, #4988, #3582 ) ),
 .UNSPECIFIED., .F., .F., .F.,
 ( 4, 3, 3, 3, 3, 3, 3, 3, 3, 3, 3, 3, 3, 3, 3, 3, 3, 3, 3, 3, 3, 3, 3, 3, 3, 3, 3, 3, 3, 3, 3, 3, 3, 3, 3, 3, 3, 3, 3, 3, 3, 3, 3, 3, 3, 3, 3, 3, 3, 3, 3, 3, 3, 3, 3, 3, 3, 3, 3, 3, 3, 3, 3, 3, 3, 3, 3, 3, 3, 3, 3, 3, 3, 3, 3, 3, 3, 3, 4 ),
 ( 4, 3, 4 ),
 ( 0.9999999963784476087, 1.000122066691831790, 1.000244137005215972, 1.000488277631984335, 1.000976558885521062, 1.001953121392594293, 1.003906246406740976, 1.007812496435034344, 1.015624996491621301, 1.031249996604794994, 1.046874996717968465, 1.048828121732115148, 1.049804684239188379, 1.050292965492725106, 1.050537106119493469, 1.050781246746261832, 1.054687496774555200, 1.058593746802848568, 1.060546871816995473, 1.061523434324068926, 1.062011715577605653, 1.062255856204374016, 1.062499996831142157, 1.093749997057489320, 1.124999997283836706, 1.156249997510184091, 1.171874997623357562, 1.179687497679944297, 1.181640622694090981, 1.182128903947627485, 1.182617185201164212, 1.183593747708237665, 1.187499997736531254, 1.191406247764824844, 1.193359372778971528, 1.193847654032508032, 1.194335935286044759, 1.195312497793118212, 1.203124997849704947, 1.218749997962878417, 1.234374998076052110, 1.242187498132639067, 1.243164060639712520, 1.243652341893249247, 1.243896482520017610, 1.244140623146785751, 1.246093748160932435, 1.249999998189225803, 1.265624998302399495, 1.281249998415573188, 1.296874998528746659, 1.304687498585333394, 1.308593748613626762, 1.310546873627773667, 1.311523436134847120, 1.312011717388383847, 1.312499998641920351, 1.343749998868267514, 1.374999999094614900, 1.406249999320962285, 1.421874999434135978, 1.429687499490722935, 1.430664061997796388, 1.431152343251333114, 1.431396483878101478, 1.431640624504869619, 1.433593749519016303, 1.437499999547309670, 1.453124999660483363, 1.468749999773657056, 1.484374999886830526, 1.492187499943417262, 1.496093749971710629, 1.498046874985857535, 1.499023437492930988, 1.499511718746467714, 1.499755859373236078, 1.499877929686620259, 1.500000000000004219 ),
 ( 0.08534556253132691284, 0.5871212347023988531, 1.088896906873470849 ),
 .UNSPECIFIED. ) ;
#2098 = CARTESIAN_POINT ( 'NONE',  ( 22.55953824784484141, 17.67004595573076031, 5.886612895703687620 ) ) ;
#2099 = CARTESIAN_POINT ( 'NONE',  ( 10.10630055708941732, -23.93181822212613952, 2.314535277361942978 ) ) ;
#2100 = CARTESIAN_POINT ( 'NONE',  ( -16.60399911787544269, -31.09222351977709309, 10.00000000000000000 ) ) ;
#2101 = CARTESIAN_POINT ( 'NONE',  ( -23.43538941729624270, -22.75154394451788420, 10.94833516143319407 ) ) ;
#2102 = CARTESIAN_POINT ( 'NONE',  ( 2.489266963683066880, 26.59226374671724358, 5.076771644847934084 ) ) ;
#2103 = CARTESIAN_POINT ( 'NONE',  ( 24.71944761336330032, -13.38089012654432075, -2.486398842201779618E-06 ) ) ;
#2104 = CARTESIAN_POINT ( 'NONE',  ( 22.53786031054493577, -21.85369008171551286, 9.279781919267861667 ) ) ;
#2105 = CARTESIAN_POINT ( 'NONE',  ( 21.79294023466815844, 17.67050923402882034, -0.09999999999999988065 ) ) ;
#2106 = CARTESIAN_POINT ( 'NONE',  ( -23.76261973830629159, -22.26714820777435833, 10.92756932807512982 ) ) ;
#2107 = CARTESIAN_POINT ( 'NONE',  ( -25.58828687171595107, -11.61625064450802824, 0.000000000000000000 ) ) ;
#2108 = CARTESIAN_POINT ( 'NONE',  ( -26.98285159230897179, 10.63592239394891337, 5.983438321551031613 ) ) ;
#2109 = CARTESIAN_POINT ( 'NONE',  ( 23.22678417070354584, -9.364557824458467294, 0.9698954585329211397 ) ) ;
#2110 = CARTESIAN_POINT ( 'NONE',  ( 17.74882825050039159, 17.66125685202647944, 0.9410883383405167502 ) ) ;
#2111 = CARTESIAN_POINT ( 'NONE',  ( -18.47122236948214180, -18.76832589078566826, 2.618983643354265034 ) ) ;
#2112 = CARTESIAN_POINT ( 'NONE',  ( 29.43833335613877011, -12.84166104753064452, 10.00000000000000178 ) ) ;
#2113 = ORIENTED_EDGE ( 'NONE', *, *, #5473, .T. ) ;
#2114 = CARTESIAN_POINT ( 'NONE',  ( -28.25241410306858114, -11.01522303947212755, 7.654457310192745112 ) ) ;
#2115 = CARTESIAN_POINT ( 'NONE',  ( 27.93046959217824110, 11.76285173349386071, 7.654866651258429577 ) ) ;
#2116 = CARTESIAN_POINT ( 'NONE',  ( -20.86287519563765969, 19.89692677169682256, 5.930621427242241062 ) ) ;
#2117 = CARTESIAN_POINT ( 'NONE',  ( -11.82456064394433071, -27.43289626778460288, 8.914447071378978293 ) ) ;
#2118 = CARTESIAN_POINT ( 'NONE',  ( -25.06174151336007938, -1.597188210681721010, 1.042100801205267269 ) ) ;
#2119 = CARTESIAN_POINT ( 'NONE',  ( -23.34686491354442239, -21.66431682292500582, 10.00000000000000178 ) ) ;
#2120 = CARTESIAN_POINT ( 'NONE',  ( -29.99342138688780324, 11.65087882572490763, 10.00004021824301859 ) ) ;
#2121 = ORIENTED_EDGE ( 'NONE', *, *, #381, .F. ) ;
#2122 = CARTESIAN_POINT ( 'NONE',  ( -27.52359600431244147, -14.75555119207816013, 9.244613712971084141 ) ) ;
#2123 = CARTESIAN_POINT ( 'NONE',  ( -25.44704760548108169, 11.92003915159506278, -0.000000000000000000 ) ) ;
#2124 = CARTESIAN_POINT ( 'NONE',  ( 26.84691850013823355, 16.72810444364401405, 9.999986840672491439 ) ) ;
#2125 = CARTESIAN_POINT ( 'NONE',  ( 21.56687623767621531, 12.72393571328383999, 0.8766518100315500162 ) ) ;
#2126 = CARTESIAN_POINT ( 'NONE',  ( 9.979208437012227151, -23.97127910479096258, 2.301932957818965342 ) ) ;
#2127 = CARTESIAN_POINT ( 'NONE',  ( 12.64891668862820673, 27.98054864628667815, 9.999999999991832311 ) ) ;
#2128 = CARTESIAN_POINT ( 'NONE',  ( 24.98894849333186485, -12.70748438133174396, -0.1000000000000000056 ) ) ;
#2129 = CARTESIAN_POINT ( 'NONE',  ( 7.944067267526508935, 27.57791209631043117, 8.645718955360578661 ) ) ;
#2130 = CARTESIAN_POINT ( 'NONE',  ( 25.86390841252855566, 24.58080308188991836, 10.00000000000000178 ) ) ;
#2131 = CARTESIAN_POINT ( 'NONE',  ( 19.02964819763823101, -18.15926761558811009, 2.597216834643514716 ) ) ;
#2132 = CARTESIAN_POINT ( 'NONE',  ( -22.93941663776087836, -22.22077410771461459, 9.999755243393224191 ) ) ;
#2133 = CARTESIAN_POINT ( 'NONE',  ( 17.50805383103759993, 26.69793949882743433, 9.999999984645342010 ) ) ;
#2134 = CARTESIAN_POINT ( 'NONE',  ( -19.10977603245743595, -18.06603183760517339, 2.591760743753922291 ) ) ;
#2135 = CARTESIAN_POINT ( 'NONE',  ( 21.59170527523257732, 18.07099681962137083, -4.076346999405557164E-10 ) ) ;
#2136 = CARTESIAN_POINT ( 'NONE',  ( -26.82789681966285400, 11.00621729041618835, 5.981401526379852562 ) ) ;
#2137 = CARTESIAN_POINT ( 'NONE',  ( 35.82171567254911082, -3.878248044706499531, 23.01000000000000512 ) ) ;
#2138 = CARTESIAN_POINT ( 'NONE',  ( 27.34146093331586513, -12.77838551254323285, 7.621543571170636966 ) ) ;
#2139 = CARTESIAN_POINT ( 'NONE',  ( 19.48706647088076238, 19.56189681606698727, 4.282464058235686544 ) ) ;
#2140 = CARTESIAN_POINT ( 'NONE',  ( -23.16307856343321703, -23.13723026727918253, 10.96293763611930494 ) ) ;
#2141 = CARTESIAN_POINT ( 'NONE',  ( 31.20309634157001000, 7.921827989147495863, 10.00000000000000178 ) ) ;
#2142 = EDGE_CURVE ( 'NONE', #4174, #6123, #1066, .T. ) ;
#2143 = ORIENTED_EDGE ( 'NONE', *, *, #313, .T. ) ;
#2144 = CARTESIAN_POINT ( 'NONE',  ( -23.35145566834028585, -9.050037943821839903, 0.9709373450880665057 ) ) ;
#2145 = CARTESIAN_POINT ( 'NONE',  ( -33.54831973005866530, 13.05795708718667569, 23.01000000000000156 ) ) ;
#2146 = CARTESIAN_POINT ( 'NONE',  ( 26.36046613944738581, -0.4944365725733331773, 2.643359993545826736 ) ) ;
#2147 = CARTESIAN_POINT ( 'NONE',  ( -17.51216603773284675, 17.89785090485141339, 0.9490851721314057521 ) ) ;
#2148 = CARTESIAN_POINT ( 'NONE',  ( -12.46102643628984552, -28.30721706042003660, 10.57441695035802987 ) ) ;
#2149 = CARTESIAN_POINT ( 'NONE',  ( -11.25138294617900314, -22.44558252044378222, 0.9151581086476043847 ) ) ;
#2150 = CARTESIAN_POINT ( 'NONE',  ( -16.14131765225859994, -27.25614457439339589, 23.01000000000000156 ) ) ;
#2151 = CARTESIAN_POINT ( 'NONE',  ( -29.99010470851295196, -11.65990140037566647, 10.00025978682112182 ) ) ;
#2152 = ORIENTED_EDGE ( 'NONE', *, *, #2629, .F. ) ;
#2153 = CARTESIAN_POINT ( 'NONE',  ( -29.44613418174843034, -14.15722296215207265, 10.94003187957795653 ) ) ;
#2154 = CARTESIAN_POINT ( 'NONE',  ( -26.74164326012825654, 8.547952873273986896, -0.1000000000000000056 ) ) ;
#2155 = MANIFOLD_SOLID_BREP ( 'Chamfer1', #1753 ) ;
#2156 = CARTESIAN_POINT ( 'NONE',  ( 27.39403706047373532, 15.93133056801479164, 9.999992919637170630 ) ) ;
#2157 = CARTESIAN_POINT ( 'NONE',  ( 22.16955736248947062, 14.02692216277723070, 2.540587632953843489 ) ) ;
#2158 = CARTESIAN_POINT ( 'NONE',  ( -26.32149702257571633, 14.33534857935804929, 7.574715309400424701 ) ) ;
#2159 = B_SPLINE_CURVE_WITH_KNOTS ( 'NONE', 3,
 ( #4464, #1483, #3890, #4025, #3492, #2964, #895, #494, #958, #1420, #1981, #2895, #2499, #5939, #6505, #2864 ),
 .UNSPECIFIED., .F., .F.,
 ( 4, 2, 2, 2, 2, 2, 2, 4 ),
 ( 0.1557978299595263738, 0.1571373401272744275, 0.1584768502950224534, 0.1611558706305185329, 0.1665139113015107197, 0.1691929316370067993, 0.1718719519725028788, 0.1772299926434950379 ),
 .UNSPECIFIED. ) ;
#2160 = CARTESIAN_POINT ( 'NONE',  ( 9.449443339069082626, -23.13743348818811185, 0.6281548845988530472 ) ) ;
#2161 = CARTESIAN_POINT ( 'NONE',  ( 15.65422686161799959, 27.44659832815807476, 10.00004629806274004 ) ) ;
#2162 = ADVANCED_FACE ( 'NONE', ( #1547 ), #2467, .F. ) ;
#2163 = CARTESIAN_POINT ( 'NONE',  ( 16.53421239728159620, -31.10521529710586108, 9.999999999999987566 ) ) ;
#2164 = CARTESIAN_POINT ( 'NONE',  ( 10.28861561290258386, 24.87056359871433031, 3.941891939108181475 ) ) ;
#2165 = CARTESIAN_POINT ( 'NONE',  ( 19.19609124974074987, 19.58891625295139605, -0.8889690687347078235 ) ) ;
#2166 = CARTESIAN_POINT ( 'NONE',  ( 29.89244954332470527, -11.90132017919691521, 10.00002644226410453 ) ) ;
#2167 = CARTESIAN_POINT ( 'NONE',  ( 19.94782362700587086, -19.03056036234434600, 4.266519107903295804 ) ) ;
#2168 = CARTESIAN_POINT ( 'NONE',  ( -20.05560432866675669, 15.10540359879835570, 0.9672467357041598657 ) ) ;
#2169 = CARTESIAN_POINT ( 'NONE',  ( 26.81466428940167646, 8.579470570639312399, 0.000000000000000000 ) ) ;
#2170 = CARTESIAN_POINT ( 'NONE',  ( -21.23878205627620019, -19.41584594321745527, 5.916062424624338512 ) ) ;
#2171 = CARTESIAN_POINT ( 'NONE',  ( -33.29331651280923410, -13.67639551307255275, 9.999999999999991118 ) ) ;
#2172 = CARTESIAN_POINT ( 'NONE',  ( -24.03035389206415928, 10.79374664405590423, 2.626165017520663447 ) ) ;
#2173 = CARTESIAN_POINT ( 'NONE',  ( 17.47527631811453119, 26.71330878976897338, 23.01000000000000156 ) ) ;
#2174 = CARTESIAN_POINT ( 'NONE',  ( 26.29195543321963768, -12.05199793723499724, 5.960915597093273455 ) ) ;
#2175 = CARTESIAN_POINT ( 'NONE',  ( 18.13177991489377661, 17.26407649726331073, 0.9255222772718380009 ) ) ;
#2176 = CARTESIAN_POINT ( 'NONE',  ( -22.12913844408300434, -22.39430458548562797, 9.298940481286352977 ) ) ;
#2177 = CARTESIAN_POINT ( 'NONE',  ( 26.60673236402438491, 17.07883746658662361, 23.01000000000000156 ) ) ;
#2178 = ORIENTED_EDGE ( 'NONE', *, *, #587, .T. ) ;
#2179 = CARTESIAN_POINT ( 'NONE',  ( -28.98397722083850425, -9.127722049581587171, 7.654456196371711485 ) ) ;
#2180 = DIRECTION ( 'NONE',  ( 0.8192314250301603318, -0.5734630522039347866, 0.000000000000000000 ) ) ;
#2181 = CARTESIAN_POINT ( 'NONE',  ( 30.28708323181530560, -2.531831760324218639, 7.661118972862093202 ) ) ;
#2182 = CARTESIAN_POINT ( 'NONE',  ( 12.58460503488305449, 27.39613166821514056, 8.978785555094807691 ) ) ;
#2183 = CARTESIAN_POINT ( 'NONE',  ( -20.12468203660362676, 20.77968452320890691, 5.960451181117476516 ) ) ;
#2184 = CARTESIAN_POINT ( 'NONE',  ( -10.15100175301550500, -24.90340701708219839, 3.932066987986613249 ) ) ;
#2185 = CARTESIAN_POINT ( 'NONE',  ( -2.936567285464304344, -24.93547785271949735, 0.5134193965599689324 ) ) ;
#2186 = CARTESIAN_POINT ( 'NONE',  ( 32.30473228387467088, 15.38506250034484069, 15.00000000000000000 ) ) ;
#2187 = CARTESIAN_POINT ( 'NONE',  ( -31.69320362090333987, 5.562821401277217248, 9.999999743397109953 ) ) ;
#2188 = VERTEX_POINT ( 'NONE', #717 ) ;
#2189 = CARTESIAN_POINT ( 'NONE',  ( -24.96031891901534294, -11.78895090554546066, 4.278603813671190359 ) ) ;
#2190 = CARTESIAN_POINT ( 'NONE',  ( -26.04794254615200444, -10.33006578051489832, -0.1000000000000000056 ) ) ;
#2191 = CARTESIAN_POINT ( 'NONE',  ( 29.07868101083578694, 13.43011870534729724, 9.999987350242328432 ) ) ;
#2192 = CARTESIAN_POINT ( 'NONE',  ( 27.33504527157935371, 17.16664509657506343, 10.90225561515964792 ) ) ;
#2193 = CARTESIAN_POINT ( 'NONE',  ( -21.50153638205035733, 12.83362858129155804, 0.8746648794078715206 ) ) ;
#2194 = CARTESIAN_POINT ( 'NONE',  ( 10.50310780292029911, -24.82243618592774226, 3.965165504037188260 ) ) ;
#2195 = CARTESIAN_POINT ( 'NONE',  ( 11.99580775475948968, 28.01462680829167340, 23.01000000000000156 ) ) ;
#2196 = CARTESIAN_POINT ( 'NONE',  ( -23.29744425696882359, 9.068025755045136194, 23.01000000000000156 ) ) ;
#2197 = CARTESIAN_POINT ( 'NONE',  ( 23.18306143598260149, -15.93113122452237107, 0.000000000000000000 ) ) ;
#2198 = CARTESIAN_POINT ( 'NONE',  ( 10.78538144602615212, 25.72193066897823499, 5.596972531478844104 ) ) ;
#2199 = CARTESIAN_POINT ( 'NONE',  ( -21.26618126416392585, -24.12284336254706218, 9.999999372203454584 ) ) ;
#2200 = CARTESIAN_POINT ( 'NONE',  ( 19.10928220478807305, -18.06871772974713508, 2.593542015011445656 ) ) ;
#2201 = CARTESIAN_POINT ( 'NONE',  ( -11.57451171350341745, 26.53944172383075184, 7.277524167660812004 ) ) ;
#2202 = CARTESIAN_POINT ( 'NONE',  ( -8.723758437474904426, 23.54339474834543466, 0.7608095587297304396 ) ) ;
#2203 = CARTESIAN_POINT ( 'NONE',  ( -18.34658168904581643, -17.03314197085118664, 0.9155597518127081003 ) ) ;
#2204 = CARTESIAN_POINT ( 'NONE',  ( -25.34562723124521710, -10.40966979579101981, -0.8889690687347070464 ) ) ;
#2205 = CARTESIAN_POINT ( 'NONE',  ( -24.29370501511480640, 10.22772087950308517, 2.637635159902775861 ) ) ;
#2206 = CARTESIAN_POINT ( 'NONE',  ( 0.000000000000000000, 0.000000000000000000, -41.00000000000000000 ) ) ;
#2207 = CARTESIAN_POINT ( 'NONE',  ( -9.444093388807495160, -28.11015020116473551, 9.999911697482936290 ) ) ;
#2208 = CARTESIAN_POINT ( 'NONE',  ( 27.28949798776736202, -12.85936521521819564, 7.619079832904774641 ) ) ;
#2209 = CARTESIAN_POINT ( 'NONE',  ( 23.43006225279910026, 22.74607806173145264, 10.93833135326814343 ) ) ;
#2210 = CARTESIAN_POINT ( 'NONE',  ( -20.70481826246842871, -20.10127379956947991, 5.942596787591917895 ) ) ;
#2211 = CARTESIAN_POINT ( 'NONE',  ( 21.46816035928250699, -13.06400499715013730, 0.9695316989122697571 ) ) ;
#2212 = CARTESIAN_POINT ( 'NONE',  ( 32.18041163922956116, -0.2249322749101421992, 10.00000000000000178 ) ) ;
#2213 = ORIENTED_EDGE ( 'NONE', *, *, #3682, .F. ) ;
#2214 = CARTESIAN_POINT ( 'NONE',  ( -25.03946749315154463, 0.4696509278016415823, 0.9709848228334573284 ) ) ;
#2215 = CARTESIAN_POINT ( 'NONE',  ( -16.76523491691705914, -27.02268393168925087, 23.01000000000000156 ) ) ;
#2216 = CARTESIAN_POINT ( 'NONE',  ( 28.74938171570466139, -4.296250928888796672, 5.988498544582428806 ) ) ;
#2217 = CARTESIAN_POINT ( 'NONE',  ( 10.78779381575779084, 23.70434664722393237, 2.376734873383624436 ) ) ;
#2218 = CARTESIAN_POINT ( 'NONE',  ( -20.56119052424637417, 20.27327510814576073, 5.944342806369170340 ) ) ;
#2219 = CARTESIAN_POINT ( 'NONE',  ( -12.35719614764033913, -28.30625616634066688, 10.56750375814096898 ) ) ;
#2220 = CARTESIAN_POINT ( 'NONE',  ( -16.76523491691705914, -27.02268393168925087, 10.00000000000000178 ) ) ;
#2221 = CARTESIAN_POINT ( 'NONE',  ( -29.95041174477189472, 11.75997471895208513, 10.00000042548917101 ) ) ;
#2222 = ORIENTED_EDGE ( 'NONE', *, *, #6369, .F. ) ;
#2223 = CARTESIAN_POINT ( 'NONE',  ( -24.96740626823374498, -11.77648760712075493, 4.279047570653481181 ) ) ;
#2224 = CARTESIAN_POINT ( 'NONE',  ( -26.05080111237953844, 10.32285480478366502, -0.1000000000000000056 ) ) ;
#2225 = CARTESIAN_POINT ( 'NONE',  ( 22.16736382821510176, 16.17214371338090828, 4.204907900808471766 ) ) ;
#2226 = CARTESIAN_POINT ( 'NONE',  ( -28.52562080669223477, 15.45993382232594371, 10.91322379678478249 ) ) ;
#2227 = CARTESIAN_POINT ( 'NONE',  ( 15.54089655581146978, 27.46029669960844188, 10.00000000000000178 ) ) ;
#2228 = CARTESIAN_POINT ( 'NONE',  ( 33.54831986187173953, -13.05795674880432777, 23.01000000000000156 ) ) ;
#2229 = CARTESIAN_POINT ( 'NONE',  ( 24.82591191682303133, -11.62870462844368191, -0.8889690687347077125 ) ) ;
#2230 = CARTESIAN_POINT ( 'NONE',  ( 9.231549463312111570, 23.22258407848143591, 0.6062679924222865724 ) ) ;
#2231 = EDGE_CURVE ( 'NONE', #205, #4874, #211, .T. ) ;
#2232 = CARTESIAN_POINT ( 'NONE',  ( -18.99773760802863265, -25.88387063801686594, 10.00000017286379261 ) ) ;
#2233 = ORIENTED_EDGE ( 'NONE', *, *, #313, .F. ) ;
#2234 = CARTESIAN_POINT ( 'NONE',  ( 30.70961844883499836, 12.00206707646915305, 11.00622587820704368 ) ) ;
#2235 = CARTESIAN_POINT ( 'NONE',  ( 19.06488687081886013, -18.11924445816971385, 2.595580539490073058 ) ) ;
#2236 = CARTESIAN_POINT ( 'NONE',  ( -11.51918713361072655, 26.54439321605401148, 7.271858381712457131 ) ) ;
#2237 = CARTESIAN_POINT ( 'NONE',  ( 6.596642687822220630, 24.24935697091606457, 0.6389328617743694760 ) ) ;
#2238 = CARTESIAN_POINT ( 'NONE',  ( -23.92460670242241250, -22.03417866445793294, 10.92289615922028467 ) ) ;
#2239 = CARTESIAN_POINT ( 'NONE',  ( -26.81466428937028468, -8.579470570737878887, 0.000000000000000000 ) ) ;
#2240 = CARTESIAN_POINT ( 'NONE',  ( -30.59273148210103699, 12.26152265379006501, 10.99503789985470803 ) ) ;
#2241 = CARTESIAN_POINT ( 'NONE',  ( -25.13766487026445162, 25.62085057631064444, 10.00000000000000000 ) ) ;
#2242 = CARTESIAN_POINT ( 'NONE',  ( 22.52923380126237163, -10.92288825095756266, 0.9335371335027462525 ) ) ;
#2243 = CARTESIAN_POINT ( 'NONE',  ( 22.50772624312276093, 21.88284400226866921, 9.272558085676767092 ) ) ;
#2244 = CARTESIAN_POINT ( 'NONE',  ( -22.53358780112986537, -21.85744378291758849, 9.279684568502439390 ) ) ;
#2245 = CARTESIAN_POINT ( 'NONE',  ( 28.36251906444858761, 14.50315034576456696, 23.01000000000000156 ) ) ;
#2246 = CARTESIAN_POINT ( 'NONE',  ( 33.46509435289721068, 13.27160737184373929, 10.00000000000000000 ) ) ;
#2247 = CARTESIAN_POINT ( 'NONE',  ( -27.71277585888440598, -1.272778701723692674, 4.312742540551784742 ) ) ;
#2248 = CARTESIAN_POINT ( 'NONE',  ( 16.59548979763936671, -31.09195699205987751, 23.01000000000000156 ) ) ;
#2249 = CARTESIAN_POINT ( 'NONE',  ( 28.96751902264120915, -2.421586825078929195, 5.988533398888137071 ) ) ;
#2250 = CARTESIAN_POINT ( 'NONE',  ( 10.18417652409684848, 23.90690350782081097, 2.321287613920053783 ) ) ;
#2251 = CARTESIAN_POINT ( 'NONE',  ( -22.39498943484636939, 22.04023826855704016, 9.278824367156319752 ) ) ;
#2252 = CARTESIAN_POINT ( 'NONE',  ( -12.01815169225393021, -27.42508465168120324, 8.929438632574481005 ) ) ;
#2253 = CARTESIAN_POINT ( 'NONE',  ( -22.71585729233884621, -22.52194993296385306, 10.00000000000000178 ) ) ;
#2254 = CARTESIAN_POINT ( 'NONE',  ( 14.98581565937852034, -25.84090097031649336, 7.546842790163736936 ) ) ;
#2255 = EDGE_LOOP ( 'NONE', ( #6389, #1902, #2352, #1201 ) ) ;
#2256 = CARTESIAN_POINT ( 'NONE',  ( -28.52658351829901306, -13.27513319880474896, 9.282497503821009133 ) ) ;
#2257 = CARTESIAN_POINT ( 'NONE',  ( -23.80552329055451111, 13.72911487119420748, -0.8889690687347084896 ) ) ;
#2258 = CARTESIAN_POINT ( 'NONE',  ( 26.13757427348281226, 12.30910677091189953, 5.950961789557237758 ) ) ;
#2259 = CARTESIAN_POINT ( 'NONE',  ( -25.92725762354482555, 19.16220454335082124, 10.88611021258858003 ) ) ;
#2260 = CARTESIAN_POINT ( 'NONE',  ( 4.504242161912547893, -24.54933347531919452, 0.1941215098325618227 ) ) ;
#2261 = LINE ( 'NONE', #4848, #1026 ) ;
#2262 = CARTESIAN_POINT ( 'NONE',  ( 12.29860649747600831, 28.00044087084992839, 9.999317935572108240 ) ) ;
#2263 = CARTESIAN_POINT ( 'NONE',  ( 11.24745018273421771, 26.57318373617799878, 7.249661266689219730 ) ) ;
#2264 = CARTESIAN_POINT ( 'NONE',  ( 18.21957421102405306, 17.26433073041002686, 1.008230375691763436 ) ) ;
#2265 = CARTESIAN_POINT ( 'NONE',  ( 30.62139901890324012, 9.882720466165391571, 9.999999999886682645 ) ) ;
#2266 = CARTESIAN_POINT ( 'NONE',  ( 30.71481964433161949, 11.98889868004213888, 11.00623712552572897 ) ) ;
#2267 = CARTESIAN_POINT ( 'NONE',  ( 17.94412841644969347, -17.46079514642231345, 0.9335925230027789512 ) ) ;
#2268 = CARTESIAN_POINT ( 'NONE',  ( -12.54909021069683384, 28.30019814813637069, 10.57194813681328860 ) ) ;
#2269 = CARTESIAN_POINT ( 'NONE',  ( -4.513245991899914600, 24.72242078507350627, 0.5521729471197054373 ) ) ;
#2270 = CARTESIAN_POINT ( 'NONE',  ( 24.30112823592486748, 14.02180579187809251, -0.09999999999999989453 ) ) ;
#2271 = CARTESIAN_POINT ( 'NONE',  ( -22.43673495264320650, -19.88027999420194192, 7.575679334481085547 ) ) ;
#2272 = FACE_OUTER_BOUND ( 'NONE', #5138, .T. ) ;
#2273 = CARTESIAN_POINT ( 'NONE',  ( -28.18247860239793212, -0.003902339662281875503, -0.09999999999999992228 ) ) ;
#2274 = CARTESIAN_POINT ( 'NONE',  ( -27.65561727127545666, 12.26456240883026894, 7.635465248708599439 ) ) ;
#2275 = CARTESIAN_POINT ( 'NONE',  ( 11.45683637648025055, -28.03459286182733834, 10.00000053290055035 ) ) ;
#2276 = CARTESIAN_POINT ( 'NONE',  ( 23.13011946634889782, -14.77885509886374216, 4.208683803054134920 ) ) ;
#2277 = CARTESIAN_POINT ( 'NONE',  ( 20.77142910127106390, 20.01142615033333172, 5.934310823978020899 ) ) ;
#2278 = CARTESIAN_POINT ( 'NONE',  ( -18.15370379491662689, -17.24054165200196920, 0.9243012756381121520 ) ) ;
#2279 = CARTESIAN_POINT ( 'NONE',  ( 31.20309634157001000, 7.921827989147495863, 23.01000000000000156 ) ) ;
#2280 = CARTESIAN_POINT ( 'NONE',  ( 25.47134115510438335, -10.09323447614375624, -0.8889690687347077125 ) ) ;
#2281 = CARTESIAN_POINT ( 'NONE',  ( -24.57260591686523554, -9.551898275694238549, 2.641817345915537185 ) ) ;
#2282 = CARTESIAN_POINT ( 'NONE',  ( 32.92621162398405232, -2.752330347102072139, 11.00629012105556015 ) ) ;
#2283 = VECTOR ( 'NONE', #997, 1000.000000000000114 ) ;
#2284 = CARTESIAN_POINT ( 'NONE',  ( 10.58803141229721234, 23.77479572558857512, 2.359325562138202326 ) ) ;
#2285 = CARTESIAN_POINT ( 'NONE',  ( -19.82335457560686365, 19.17629538903865694, 4.269059625000198643 ) ) ;
#2286 = CARTESIAN_POINT ( 'NONE',  ( -12.49270211299341860, -26.43239407051033751, 7.370805755977828611 ) ) ;
#2287 = DIRECTION ( 'NONE',  ( -1.000000000000000000, 0.000000000000000000, -0.000000000000000000 ) ) ;
#2288 = CARTESIAN_POINT ( 'NONE',  ( 10.46535295928677201, -22.70945259720008735, 0.7241980241681559294 ) ) ;
#2289 = ORIENTED_EDGE ( 'NONE', *, *, #186, .F. ) ;
#2290 = CARTESIAN_POINT ( 'NONE',  ( -28.56913273976746837, -13.21303704744969743, 9.285024289989225466 ) ) ;
#2291 = CARTESIAN_POINT ( 'NONE',  ( 24.86302371215377249, 11.96421518284954111, 4.275695068181764036 ) ) ;
#2292 = CARTESIAN_POINT ( 'NONE',  ( -21.07466302472239761, 13.51968457125825473, 0.8637875749419295923 ) ) ;
#2293 = CARTESIAN_POINT ( 'NONE',  ( -0.5101106749456827405, -25.50575407164578934, 1.725424474378569828 ) ) ;
#2294 = FACE_OUTER_BOUND ( 'NONE', #3979, .T. ) ;
#2295 = CARTESIAN_POINT ( 'NONE',  ( -11.46149128084263857, 28.03440851730172056, 9.999998528550035459 ) ) ;
#2296 = CARTESIAN_POINT ( 'NONE',  ( 9.801777311637961176, 24.02505802779262467, 2.283206560214181113 ) ) ;
#2297 = CARTESIAN_POINT ( 'NONE',  ( -21.39342981993408799, -24.00022863235016857, 9.999999885649145881 ) ) ;
#2298 = CARTESIAN_POINT ( 'NONE',  ( 30.15583331903722808, -11.22369204531786302, 9.999999993770577689 ) ) ;
#2299 = CARTESIAN_POINT ( 'NONE',  ( 25.75653788601300320, 10.15479448944810947, 4.315782742457135335 ) ) ;
#2300 = CARTESIAN_POINT ( 'NONE',  ( 20.42204463396052816, -20.44784632499499466, 5.955351702602195374 ) ) ;
#2301 = CARTESIAN_POINT ( 'NONE',  ( -11.01134982955655595, 25.68434043032241476, 5.617019350965550828 ) ) ;
#2302 = FACE_OUTER_BOUND ( 'NONE', #1605, .T. ) ;
#2303 = CARTESIAN_POINT ( 'NONE',  ( -20.23527297637520306, -14.74520707901985617, 0.8599016183071832575 ) ) ;
#2304 = DIRECTION ( 'NONE',  ( 0.000000000000000000, 0.000000000000000000, -1.000000000000000000 ) ) ;
#2305 = CARTESIAN_POINT ( 'NONE',  ( -25.99447193772078535, -10.67636337351837916, 0.000000000000000000 ) ) ;
#2306 = CARTESIAN_POINT ( 'NONE',  ( -26.17806042009054579, 12.23364983857677935, 5.948421933934251449 ) ) ;
#2307 = CARTESIAN_POINT ( 'NONE',  ( -17.80747090858752202, -30.63930745310505799, 23.01000000000000512 ) ) ;
#2308 = CARTESIAN_POINT ( 'NONE',  ( 12.33228151983810150, -27.99620325747020644, 9.999988735146505547 ) ) ;
#2309 = CARTESIAN_POINT ( 'NONE',  ( 22.56840470655766850, -13.41850468735625412, 2.547092084200414330 ) ) ;
#2310 = CARTESIAN_POINT ( 'NONE',  ( 21.36631079757916041, -24.03925804530637578, 23.01000000000000156 ) ) ;
#2311 = CARTESIAN_POINT ( 'NONE',  ( 25.07685869563470504, -1.247630578510373622, 1.042091585591283343 ) ) ;
#2312 = CARTESIAN_POINT ( 'NONE',  ( 23.53950495351345040, 27.22897490000058340, 23.01000000000000156 ) ) ;
#2313 = CARTESIAN_POINT ( 'NONE',  ( 34.35349372685581670, 10.99101208043501643, 10.00000000000000000 ) ) ;
#2314 = CARTESIAN_POINT ( 'NONE',  ( -29.63861754257179015, 6.410011457407874147, 7.654458800462795587 ) ) ;
#2315 = EDGE_CURVE ( 'NONE', #2715, #2916, #6298, .T. ) ;
#2316 = CARTESIAN_POINT ( 'NONE',  ( 25.79431468828268592, -10.05924029836650213, 4.315898105649671912 ) ) ;
#2317 = CARTESIAN_POINT ( 'NONE',  ( 10.38681369295124490, 23.84231067211289101, 2.340869261086684361 ) ) ;
#2318 = CARTESIAN_POINT ( 'NONE',  ( -13.81132114027775515, 27.26004534648153310, 9.084198693651083900 ) ) ;
#2319 = CARTESIAN_POINT ( 'NONE',  ( -11.58739390264821800, -23.42338215940708324, 2.447871568510131102 ) ) ;
#2320 = CARTESIAN_POINT ( 'NONE',  ( 14.32776925559675085, -24.82227101069165798, 5.878123436917657152 ) ) ;
#2321 = EDGE_LOOP ( 'NONE', ( #6255, #1967 ) ) ;
#2322 = CARTESIAN_POINT ( 'NONE',  ( -23.76851629638018437, -11.30412398101208105, 2.609255795008461831 ) ) ;
#2323 = CARTESIAN_POINT ( 'NONE',  ( 23.50070104359682688, 11.80318681807164971, 2.592839558009663925 ) ) ;
#2324 = CARTESIAN_POINT ( 'NONE',  ( -24.30808675457681645, 21.48465026932154842, 10.91242183015948619 ) ) ;
#2325 = CARTESIAN_POINT ( 'NONE',  ( 10.39754895573143401, -24.84625653602248008, 3.954609640715211150 ) ) ;
#2326 = CARTESIAN_POINT ( 'NONE',  ( 17.00598576805576556, 26.93280866962996356, 23.01000000000000156 ) ) ;
#2327 = CARTESIAN_POINT ( 'NONE',  ( -12.00270030627950746, 28.01119670375576831, 9.999999989596854988 ) ) ;
#2328 = CARTESIAN_POINT ( 'NONE',  ( 11.17535795058804382, 25.66013678571502155, 5.634211366808727028 ) ) ;
#2329 = CARTESIAN_POINT ( 'NONE',  ( -21.77674512770845183, -23.61807467186152820, 9.999998313216568846 ) ) ;
#2330 = CARTESIAN_POINT ( 'NONE',  ( 31.73158680941658005, -5.334812710540798975, 9.999999999263685879 ) ) ;
#2331 = CARTESIAN_POINT ( 'NONE',  ( 25.77603487793641790, 10.10581201661909567, 4.315871483956750687 ) ) ;
#2332 = CARTESIAN_POINT ( 'NONE',  ( 18.08620030993559169, -17.31244909333958759, 0.9276321490366324918 ) ) ;
#2333 = CARTESIAN_POINT ( 'NONE',  ( -5.452821981824984121, 27.01559668878394049, 6.867110029848010555 ) ) ;
#2334 = CARTESIAN_POINT ( 'NONE',  ( -17.81069465081841230, 30.59486582868044735, 23.01000000000000156 ) ) ;
#2335 = CARTESIAN_POINT ( 'NONE',  ( -26.29837161539737878, -16.53286565366667205, 9.221694294489344301 ) ) ;
#2336 = CARTESIAN_POINT ( 'NONE',  ( 23.48443803028278154, 22.68062747762855480, 10.94649259956618081 ) ) ;
#2337 = CARTESIAN_POINT ( 'NONE',  ( -25.92442961723643435, 10.63918707874639935, -0.09999999999999999167 ) ) ;
#2338 = CARTESIAN_POINT ( 'NONE',  ( -22.56272348332011646, 10.85498960608070895, 0.9363794695731086914 ) ) ;
#2339 = CARTESIAN_POINT ( 'NONE',  ( 9.762778238665251962, -28.09798591047913163, 9.999965665907927459 ) ) ;
#2340 = CARTESIAN_POINT ( 'NONE',  ( 20.61729119715853997, -14.18374497211337903, 0.8619443596442289968 ) ) ;
#2341 = CARTESIAN_POINT ( 'NONE',  ( 29.31340643510933219, -13.05879441538566077, 23.01000000000000156 ) ) ;
#2342 = CARTESIAN_POINT ( 'NONE',  ( -14.03488878605492474, -31.40194286662958945, 10.00000000000000000 ) ) ;
#2343 = CARTESIAN_POINT ( 'NONE',  ( 26.14448567096533438, 8.365091989621488366, -0.8889690687347078235 ) ) ;
#2344 = CARTESIAN_POINT ( 'NONE',  ( -30.86593669127003636, 11.57177577521371248, 10.99621696414788907 ) ) ;
#2345 = CARTESIAN_POINT ( 'NONE',  ( 16.15710418507288892, 23.03288498794128358, -4.401050849138844789E-05 ) ) ;
#2346 = CARTESIAN_POINT ( 'NONE',  ( 28.20673188680972387, -11.14351230544676241, 7.660838227339782591 ) ) ;
#2347 = CARTESIAN_POINT ( 'NONE',  ( 17.57397687374066919, 19.64971957198746466, 2.638031007632078317 ) ) ;
#2348 = CARTESIAN_POINT ( 'NONE',  ( -16.66164385038957363, 25.09926920987859944, 7.607489870562090140 ) ) ;
#2349 = CARTESIAN_POINT ( 'NONE',  ( -10.94798153323401202, -25.69881296102106205, 5.615994153866872729 ) ) ;
#2350 = CARTESIAN_POINT ( 'NONE',  ( -6.215408705509941178, -28.19498281466203338, 23.01000000000000156 ) ) ;
#2351 = CARTESIAN_POINT ( 'NONE',  ( 16.27554408042152900, -27.90011847921160637, 10.87940297695867820 ) ) ;
#2352 = ORIENTED_EDGE ( 'NONE', *, *, #6158, .F. ) ;
#2353 = CARTESIAN_POINT ( 'NONE',  ( -29.28812626495769678, -11.95298811798266669, 9.322807724431656951 ) ) ;
#2354 = CARTESIAN_POINT ( 'NONE',  ( 27.18791907898891935, 13.01921232996743427, 7.614553921706896489 ) ) ;
#2355 = CARTESIAN_POINT ( 'NONE',  ( -18.26010432113195492, 17.12682443633172724, 0.9197482633188313050 ) ) ;
#2356 = CARTESIAN_POINT ( 'NONE',  ( 5.221230494321927651, -26.39709376074053537, 5.204815739083643145 ) ) ;
#2357 = CARTESIAN_POINT ( 'NONE',  ( -15.83955609124103603, 27.36533260840939263, 10.00000000000000178 ) ) ;
#2358 = CARTESIAN_POINT ( 'NONE',  ( 11.72792094244201699, 28.02611898422398440, 9.999999734010842189 ) ) ;
#2359 = CARTESIAN_POINT ( 'NONE',  ( 10.37172349057964738, 24.85163175944734348, 3.949729817424792788 ) ) ;
#2360 = CARTESIAN_POINT ( 'NONE',  ( -31.42922394799574448, 6.976036521711267646, 23.01000000000000156 ) ) ;
#2361 = CARTESIAN_POINT ( 'NONE',  ( 32.16067206201319095, -2.160725633753395325, 10.00000919695486523 ) ) ;
#2362 = CARTESIAN_POINT ( 'NONE',  ( 23.32816409908226163, 9.109459812559194347, 0.9707246572015344466 ) ) ;
#2363 = CARTESIAN_POINT ( 'NONE',  ( 21.44326594147012344, -21.20972773288686852, 7.620195709437025400 ) ) ;
#2364 = CARTESIAN_POINT ( 'NONE',  ( -20.22266126295473754, 29.72711633310277435, 10.00000000000000000 ) ) ;
#2365 = CARTESIAN_POINT ( 'NONE',  ( -35.57206703431496919, -5.542268292954832809, 23.00999999999999801 ) ) ;
#2366 = CARTESIAN_POINT ( 'NONE',  ( -20.77792424050058528, -18.00161981876373929, 4.231630297027708210 ) ) ;
#2367 = CARTESIAN_POINT ( 'NONE',  ( 19.93528212638065966, 19.04481488665683386, 4.266837373281600065 ) ) ;
#2368 = CARTESIAN_POINT ( 'NONE',  ( -0.003914059593950695165, 28.27870332244807017, 0.000000000000000000 ) ) ;
#2369 = CARTESIAN_POINT ( 'NONE',  ( -22.59608308487995743, 10.78645824085015015, 0.9390542160085226797 ) ) ;
#2370 = CARTESIAN_POINT ( 'NONE',  ( 1.095821211066230427, -28.23928983654008817, 9.999959049089561347 ) ) ;
#2371 = CARTESIAN_POINT ( 'NONE',  ( 24.87556109841187890, -11.94124334495189466, 4.276248609866588168 ) ) ;
#2372 = CARTESIAN_POINT ( 'NONE',  ( 13.33421967244389705, -27.92026874811094217, 23.01000000000000156 ) ) ;
#2373 = CARTESIAN_POINT ( 'NONE',  ( 19.28337547651237216, 16.08707172624490767, 0.9779684086361946083 ) ) ;
#2374 = CARTESIAN_POINT ( 'NONE',  ( 34.35374308357233275, 10.99037196094569246, 23.01000000000000156 ) ) ;
#2375 = CARTESIAN_POINT ( 'NONE',  ( -13.35639902257947043, 24.78307540719021773, 0.000000000000000000 ) ) ;
#2376 = CARTESIAN_POINT ( 'NONE',  ( 28.18247860239706881, 0.003902339570636790319, -0.1000000000000001582 ) ) ;
#2377 = CARTESIAN_POINT ( 'NONE',  ( -32.67034652631679137, 4.881818390371206462, 10.99623214672955918 ) ) ;
#2378 = CARTESIAN_POINT ( 'NONE',  ( 14.03964778589286766, -31.39805707575742844, 10.00000000000000000 ) ) ;
#2379 = CARTESIAN_POINT ( 'NONE',  ( 27.07852074808885234, -10.40259315201148560, 5.988483671149323229 ) ) ;
#2380 = CIRCLE ( 'NONE', #3544, 10.99999999999998757 ) ;
#2381 = CARTESIAN_POINT ( 'NONE',  ( 17.25993100056433249, 19.92583211938301702, 2.640318495469665461 ) ) ;
#2382 = CARTESIAN_POINT ( 'NONE',  ( -15.05636301847518155, 20.02790886264384085, 0.9663215817971719801 ) ) ;
#2383 = CARTESIAN_POINT ( 'NONE',  ( -12.81581169700806733, -27.38332057505174433, 9.008318960750385074 ) ) ;
#2384 = CARTESIAN_POINT ( 'NONE',  ( 12.83569138617298044, -27.97270840610320874, 23.01000000000000156 ) ) ;
#2385 = CARTESIAN_POINT ( 'NONE',  ( 15.20037297128523335, -23.01463972869627739, 4.272049435435733677 ) ) ;
#2386 = ORIENTED_EDGE ( 'NONE', *, *, #1159, .F. ) ;
#2387 = CARTESIAN_POINT ( 'NONE',  ( -23.03952727987151405, -9.816977123541635208, 0.9656829681810420452 ) ) ;
#2388 = CARTESIAN_POINT ( 'NONE',  ( -29.32241738655793029, -13.04528012883646504, 10.00000000728675786 ) ) ;
#2389 = VECTOR ( 'NONE', #2965, 1000.000000000000000 ) ;
#2390 = CARTESIAN_POINT ( 'NONE',  ( 22.69899635131925919, 10.57301721736260980, 0.9470691924337139023 ) ) ;
#2391 = CARTESIAN_POINT ( 'NONE',  ( -21.83960887589826072, 20.68087826658488027, 7.595881029099697201 ) ) ;
#2392 = CARTESIAN_POINT ( 'NONE',  ( 10.27571707044448068, -28.28386840766802379, 10.42810591653022279 ) ) ;
#2393 = CARTESIAN_POINT ( 'NONE',  ( -24.71926311901469475, 19.77741230903248493, 23.01000000000000156 ) ) ;
#2394 = CARTESIAN_POINT ( 'NONE',  ( 5.368233760815646072, 28.20253061617768964, 9.999998027973653336 ) ) ;
#2395 = CARTESIAN_POINT ( 'NONE',  ( -6.323755937379950787, -31.40087557042958011, 9.999999999999982236 ) ) ;
#2396 = CARTESIAN_POINT ( 'NONE',  ( 10.38556910813565359, 24.84846251919812232, 3.951038517086054025 ) ) ;
#2397 = CARTESIAN_POINT ( 'NONE',  ( -28.25607468149511448, 14.66276402368917786, 23.01000000000000156 ) ) ;
#2398 = CARTESIAN_POINT ( 'NONE',  ( 32.08579466102056443, 2.598436657046130804, 9.999989271128853829 ) ) ;
#2399 = CARTESIAN_POINT ( 'NONE',  ( 31.52193540574100439, 3.507958588077709550, 9.333632528444892884 ) ) ;
#2400 = CARTESIAN_POINT ( 'NONE',  ( 22.18559216984079896, -22.32785555788864684, 9.297204325631602373 ) ) ;
#2401 = LINE ( 'NONE', #4986, #3341 ) ;
#2402 = CARTESIAN_POINT ( 'NONE',  ( -19.00252049935491883, 30.14557240531012638, 23.00999999999999801 ) ) ;
#2403 = CARTESIAN_POINT ( 'NONE',  ( -23.40107092842634273, -22.80175575020561851, 10.95033832852908340 ) ) ;
#2404 = CARTESIAN_POINT ( 'NONE',  ( -26.03053573088012840, -19.01416383854366643, 10.88559571402831594 ) ) ;
#2405 = CARTESIAN_POINT ( 'NONE',  ( 18.18857544996816600, 17.20334281600916526, 0.9226684095388416607 ) ) ;
#2406 = CARTESIAN_POINT ( 'NONE',  ( -18.24597551713100074, 21.43851149067894468, 0.000000000000000000 ) ) ;
#2407 = CARTESIAN_POINT ( 'NONE',  ( -25.03866621586273311, 11.65056134868613746, 4.283770219738534557 ) ) ;
#2408 = CARTESIAN_POINT ( 'NONE',  ( 13.96992267813822153, -27.81694025675946946, 9.999998786872794199 ) ) ;
#2409 = CARTESIAN_POINT ( 'NONE',  ( 28.03808032404147710, -14.00660538230107655, 9.270986512940829982 ) ) ;
#2410 = CARTESIAN_POINT ( 'NONE',  ( 11.33368677043378092, -28.04030769202032758, 23.01000000000000156 ) ) ;
#2411 = CARTESIAN_POINT ( 'NONE',  ( 23.77609972024125540, 27.00909936780636400, 23.01000000000000156 ) ) ;
#2412 = CARTESIAN_POINT ( 'NONE',  ( 8.927426598724839124, 26.70350010355479853, -0.000000000000000000 ) ) ;
#2413 = CARTESIAN_POINT ( 'NONE',  ( 0.003914059580363473539, -28.27870332244859597, 0.000000000000000000 ) ) ;
#2414 = CARTESIAN_POINT ( 'NONE',  ( -27.15795662105510289, 10.18168198099100152, 5.983577002054398797 ) ) ;
#2415 = CARTESIAN_POINT ( 'NONE',  ( 0.4641630498630085477, 28.10487711851110504, -0.0004888924963698220837 ) ) ;
#2416 = CARTESIAN_POINT ( 'NONE',  ( 27.02535861218362356, -10.53932250691465811, 5.988483679553359806 ) ) ;
#2417 = CARTESIAN_POINT ( 'NONE',  ( -11.64495020187408159, 24.52041532279337233, 4.065576313825037147 ) ) ;
#2418 = CARTESIAN_POINT ( 'NONE',  ( -16.05388357060825300, -22.49923914098495104, 4.296637432361274378 ) ) ;
#2419 = CARTESIAN_POINT ( 'NONE',  ( 11.33368677043378092, -28.04030769202032758, 10.00000000000000178 ) ) ;
#2420 = CARTESIAN_POINT ( 'NONE',  ( 11.90875585847173035, -26.50917108099318753, 7.317037159382349110 ) ) ;
#2421 = VERTEX_POINT ( 'NONE', #4815 ) ;
#2422 = CARTESIAN_POINT ( 'NONE',  ( -26.30469181615741547, -12.02741904333477230, 5.957535734570263308 ) ) ;
#2423 = CARTESIAN_POINT ( 'NONE',  ( -23.49239632241862452, -21.46418318804234104, 10.00000030275162999 ) ) ;
#2424 = CARTESIAN_POINT ( 'NONE',  ( 23.99799167100464103, 10.86273340818008393, 2.625955417023180694 ) ) ;
#2425 = B_SPLINE_CURVE_WITH_KNOTS ( 'NONE', 3,
 ( #875, #2378, #4339, #1401, #1266, #2876, #1757 ),
 .UNSPECIFIED., .F., .F.,
 ( 4, 1, 1, 1, 4 ),
 ( 0.000000000000000000, 0.2500000000000000000, 0.5000000000000000000, 0.7500000000000000000, 1.000000000000000000 ),
 .UNSPECIFIED. ) ;
#2426 = CARTESIAN_POINT ( 'NONE',  ( -18.29425182687181461, 17.09000699877746854, 0.9181606085284218510 ) ) ;
#2427 = CARTESIAN_POINT ( 'NONE',  ( -7.621546346957333462, -26.88878150614350560, 6.990536070654757239 ) ) ;
#2428 = CARTESIAN_POINT ( 'NONE',  ( -18.22010919899189929, 26.38006056258736010, 10.00000000000000178 ) ) ;
#2429 = CARTESIAN_POINT ( 'NONE',  ( -11.55305840347867452, 28.03059624885991852, 9.999999262068921979 ) ) ;
#2430 = CARTESIAN_POINT ( 'NONE',  ( 9.827695219460597542, 24.01720196849793609, 2.285831536159154798 ) ) ;
#2431 = CARTESIAN_POINT ( 'NONE',  ( -22.88853346870827465, 22.29302942775445828, 23.01000000000000156 ) ) ;
#2432 = CARTESIAN_POINT ( 'NONE',  ( 29.94629798284917399, 11.77111564415224976, 10.00027880085355569 ) ) ;
#2433 = CARTESIAN_POINT ( 'NONE',  ( 30.74360876421941313, 11.91491165049475853, 11.00624038512583525 ) ) ;
#2434 = CARTESIAN_POINT ( 'NONE',  ( 24.25400203455976111, 21.57356307873273593, 10.92418219797373524 ) ) ;
#2435 = CARTESIAN_POINT ( 'NONE',  ( -25.86390844456314753, -24.58080303617732909, 10.00000000000000000 ) ) ;
#2436 = CARTESIAN_POINT ( 'NONE',  ( 25.86390844514938081, 24.58080303556706170, 10.00000000000000000 ) ) ;
#2437 = CARTESIAN_POINT ( 'NONE',  ( -18.89957463101626800, -18.30513762195606020, 2.602797172789506508 ) ) ;
#2438 = EDGE_CURVE ( 'NONE', #2087, #6210, #4318, .T. ) ;
#2439 = CARTESIAN_POINT ( 'NONE',  ( 20.00399062580009613, 18.96216637830309892, 4.263855008047459094 ) ) ;
#2440 = CARTESIAN_POINT ( 'NONE',  ( -5.462366343732298901, 27.70565871260818014, -0.09999999999999988065 ) ) ;
#2441 = CARTESIAN_POINT ( 'NONE',  ( -14.04032314794041270, -31.40194361879841622, 23.00999999999999801 ) ) ;
#2442 = CARTESIAN_POINT ( 'NONE',  ( 19.50607461473164506, -25.54962331249748786, 9.999999347546690842 ) ) ;
#2443 = CARTESIAN_POINT ( 'NONE',  ( 21.88171847465359221, -20.63308528224222727, 7.601074132470707845 ) ) ;
#2444 = CARTESIAN_POINT ( 'NONE',  ( 22.06600673011415736, -23.31218541680462764, 23.01000000000000156 ) ) ;
#2445 = CARTESIAN_POINT ( 'NONE',  ( 25.10000000000050235, 1.585421548683960458, 1.042004026522766358 ) ) ;
#2446 = CARTESIAN_POINT ( 'NONE',  ( 22.67684655344754674, 22.57187771887710426, 10.00000000000000178 ) ) ;
#2447 = CARTESIAN_POINT ( 'NONE',  ( 15.50942208450729254, 22.65908731233472651, -0.8889690687347059361 ) ) ;
#2448 = CARTESIAN_POINT ( 'NONE',  ( 20.82510257880548465, -18.76929387598616827, -0.1000000000000000056 ) ) ;
#2449 = CARTESIAN_POINT ( 'NONE',  ( -28.34842859872455278, 6.131077110821744114, 5.983578813294658794 ) ) ;
#2450 = CARTESIAN_POINT ( 'NONE',  ( 4.641392218406415360, 27.74875775692638413, -0.0006387379036055620182 ) ) ;
#2451 = CARTESIAN_POINT ( 'NONE',  ( 23.33222681802833876, -9.099075939112434952, 0.9707269578422808021 ) ) ;
#2452 = CARTESIAN_POINT ( 'NONE',  ( 19.18535008759692317, 25.16210745914977664, 9.322490805271366199 ) ) ;
#2453 = CARTESIAN_POINT ( 'NONE',  ( -14.72304025495550839, 27.07358509994255158, 9.146757277609134817 ) ) ;
#2454 = EDGE_CURVE ( 'NONE', #2087, #1765, #2261, .T. ) ;
#2455 = CARTESIAN_POINT ( 'NONE',  ( -21.88731024277225501, -24.62968761723211486, 11.00138300558227300 ) ) ;
#2456 = CARTESIAN_POINT ( 'NONE',  ( -11.97995047455987638, -28.01531176859780814, 23.01000000000000156 ) ) ;
#2457 = CARTESIAN_POINT ( 'NONE',  ( 11.23317525828581687, -24.64124055097627064, 4.034061137123925889 ) ) ;
#2458 = ORIENTED_EDGE ( 'NONE', *, *, #1061, .T. ) ;
#2459 = CARTESIAN_POINT ( 'NONE',  ( -29.24039569584461873, -12.05309998656027837, 9.321387875452085581 ) ) ;
#2460 = CARTESIAN_POINT ( 'NONE',  ( -22.97564304841969118, -22.17165732352854590, 9.999766898877268773 ) ) ;
#2461 = CARTESIAN_POINT ( 'NONE',  ( 28.58286437073647690, 13.20418153158469288, 9.293896742366772656 ) ) ;
#2462 = CARTESIAN_POINT ( 'NONE',  ( -23.98429670868667074, 21.95024301586325421, 10.92085772421155632 ) ) ;
#2463 = CARTESIAN_POINT ( 'NONE',  ( -7.288576787252729616, -26.20441251192203680, 5.324767698258311199 ) ) ;
#2464 = CARTESIAN_POINT ( 'NONE',  ( -12.78955666955113379, 27.96940145495855035, 10.00000000000000178 ) ) ;
#2465 = CARTESIAN_POINT ( 'NONE',  ( -13.45743222030588093, 27.89504458516794116, 9.999996871063730808 ) ) ;
#2466 = CARTESIAN_POINT ( 'NONE',  ( -23.11956682171994970, -15.89713281066390138, -0.09999999999999981126 ) ) ;
#2467 = B_SPLINE_SURFACE_WITH_KNOTS ( 'NONE', 3, 1, ( 
 ( #1946, #526 ),
 ( #4557, #31 ),
 ( #6095, #589 ),
 ( #2592, #4621 ),
 ( #90, #2100 ),
 ( #4120, #2787 ),
 ( #4747, #5832 ) ),
 .UNSPECIFIED., .F., .F., .F.,
 ( 4, 1, 1, 1, 4 ),
 ( 2, 2 ),
 ( 0.000000000000000000, 0.2500000000000000000, 0.5000000000000000000, 0.7500000000000000000, 1.000000000000000000 ),
 ( 0.000000000000000000, 1.000000000000000000 ),
 .UNSPECIFIED. ) ;
#2468 = CARTESIAN_POINT ( 'NONE',  ( -32.09973343624974973, -2.465016191188104777, 23.01000000000000156 ) ) ;
#2469 = CARTESIAN_POINT ( 'NONE',  ( 29.96828420300573725, 11.71580404282793531, 10.00024872836259959 ) ) ;
#2470 = CARTESIAN_POINT ( 'NONE',  ( 27.68163101152578065, -0.5192237675924402662, 4.315945567575606212 ) ) ;
#2471 = CARTESIAN_POINT ( 'NONE',  ( 18.27835286772665668, 17.10683848282848984, 0.9184679286793956399 ) ) ;
#2472 = CARTESIAN_POINT ( 'NONE',  ( -6.628166536371012718, -24.24131709245446231, 0.6403976491500642521 ) ) ;
#2473 = CARTESIAN_POINT ( 'NONE',  ( -32.30473228389467977, -15.38506250034377132, 15.00000000000000000 ) ) ;
#2474 = CARTESIAN_POINT ( 'NONE',  ( 23.46418260301494385, 22.70979772323734736, 10.94715852861835081 ) ) ;
#2475 = CARTESIAN_POINT ( 'NONE',  ( 22.94448576065049394, -22.21634860394651412, 9.999894217022202270 ) ) ;
#2476 = CARTESIAN_POINT ( 'NONE',  ( 24.31353734153429258, -21.48967667103950419, 10.92243530075240798 ) ) ;
#2477 = CARTESIAN_POINT ( 'NONE',  ( 27.19636664604765741, 16.22332294357529747, 23.01000000000000156 ) ) ;
#2478 = CARTESIAN_POINT ( 'NONE',  ( -21.67085468252311742, -20.90285218171560544, 7.602015876957777252 ) ) ;
#2479 = CARTESIAN_POINT ( 'NONE',  ( 21.79783093958215900, -17.66447584811395188, -0.09999999999999982514 ) ) ;
#2480 = CARTESIAN_POINT ( 'NONE',  ( -24.52407143038294279, 9.675392788469793004, 2.641694717665578285 ) ) ;
#2481 = CARTESIAN_POINT ( 'NONE',  ( -21.61420452790938285, 18.01005718380389098, 1.725027737966102793E-05 ) ) ;
#2482 = CARTESIAN_POINT ( 'NONE',  ( 27.76651994881420649, -12.07695389802311148, 7.647655689455738148 ) ) ;
#2483 = CARTESIAN_POINT ( 'NONE',  ( 21.35255762199582108, 23.29103978746951498, 9.315015216480546201 ) ) ;
#2484 = CARTESIAN_POINT ( 'NONE',  ( -10.05501857403830179, 23.94697193133187341, 2.308038231880457758 ) ) ;
#2485 = CARTESIAN_POINT ( 'NONE',  ( -13.63051056300065689, -25.07717932650045611, 5.838127371102208585 ) ) ;
#2486 = CARTESIAN_POINT ( 'NONE',  ( 23.00526552846108430, -22.13376655312411145, 23.01000000000000156 ) ) ;
#2487 = CARTESIAN_POINT ( 'NONE',  ( 12.13027643420763901, -26.48172285890539968, 7.337790673105008210 ) ) ;
#2488 = ORIENTED_EDGE ( 'NONE', *, *, #2454, .F. ) ;
#2489 = CARTESIAN_POINT ( 'NONE',  ( -26.51055177406931662, -11.65270639047649759, 5.969003559624560751 ) ) ;
#2490 = CARTESIAN_POINT ( 'NONE',  ( -29.15986232891496854, -13.30465426643464966, 9.999999992005347949 ) ) ;
#2491 = CARTESIAN_POINT ( 'NONE',  ( 23.79446255741799732, 11.25753818011155083, 2.612539942531810766 ) ) ;
#2492 = CARTESIAN_POINT ( 'NONE',  ( -23.42174343988348539, 22.76103499501706295, 10.93918954488271567 ) ) ;
#2493 = CARTESIAN_POINT ( 'NONE',  ( -25.91646129871548609, 18.08227204459052828, 23.01000000000000156 ) ) ;
#2494 = CARTESIAN_POINT ( 'NONE',  ( -24.42488593766626437, 20.17395340098890699, 9.999881378184332092 ) ) ;
#2495 = CIRCLE ( 'NONE', #6178, 28.10000000000000497 ) ;
#2496 = CARTESIAN_POINT ( 'NONE',  ( 27.57400662852811735, 3.068990489595509352, 4.315875809983891642 ) ) ;
#2497 = CARTESIAN_POINT ( 'NONE',  ( 18.38037749971678991, 16.99596694883186743, 0.9138351028075539784 ) ) ;
#2498 = AXIS2_PLACEMENT_3D ( 'NONE', #3134, #5120, #6103 ) ;
#2499 = CARTESIAN_POINT ( 'NONE',  ( -24.13306445871957706, -14.42183020493230217, 7.874159384510661741E-06 ) ) ;
#2500 = PLANE ( 'NONE',  #6079 ) ;
#2501 = CARTESIAN_POINT ( 'NONE',  ( 0.5837748429938851569, 27.16175400049390376, 6.736445164636146288 ) ) ;
#2502 = CARTESIAN_POINT ( 'NONE',  ( 11.30410368688704636, 25.13712060215465272, -0.8889690687347078235 ) ) ;
#2503 = CARTESIAN_POINT ( 'NONE',  ( 26.16923699700297945, -17.70730316144174310, 9.999906016412028364 ) ) ;
#2504 = CARTESIAN_POINT ( 'NONE',  ( 21.80446942051167625, -20.73577417612172269, 7.603922339429344035 ) ) ;
#2505 = CARTESIAN_POINT ( 'NONE',  ( -19.08314771631602724, -18.09635438439009647, 2.592978157456252930 ) ) ;
#2506 = CARTESIAN_POINT ( 'NONE',  ( 8.779277590160395661, 26.28586541276548871, -0.8889690687347077125 ) ) ;
#2507 = CARTESIAN_POINT ( 'NONE',  ( 8.786553704737414705, -26.28343412644272803, -0.8889690687347077125 ) ) ;
#2508 = CARTESIAN_POINT ( 'NONE',  ( -30.61552454679397783, 12.20959028929036982, 10.99544305524083754 ) ) ;
#2509 = CARTESIAN_POINT ( 'NONE',  ( -17.08462818778258097, 22.32074559372971123, -2.273422286176714311E-05 ) ) ;
#2510 = CARTESIAN_POINT ( 'NONE',  ( 24.29480079140795112, -10.22815046609025913, 2.639130477620552639 ) ) ;
#2511 = B_SPLINE_SURFACE_WITH_KNOTS ( 'NONE', 3, 1, ( 
 ( #6247, #5592, #5160, #1062 ),
 ( #4607, #4666, #133, #4104 ),
 ( #3600, #1094, #4136, #5622 ),
 ( #606, #635, #1624, #3632 ),
 ( #873, #3769, #1719, #2874 ),
 ( #302, #1755, #1264, #4765 ),
 ( #736, #1330, #5782, #336 ),
 ( #1300, #4901, #232, #4866 ),
 ( #5396, #4267, #770, #1856 ),
 ( #2740, #3277, #5295, #5327 ),
 ( #2246, #369, #4371, #3836 ),
 ( #2313, #3344, #2774, #2343 ),
 ( #838, #1227, #267, #5817 ),
 ( #5849, #1822, #2376, #3243 ),
 ( #2842, #3868, #5360, #4337 ),
 ( #6380, #6347, #4802, #6282 ),
 ( #4408, #3734, #5886, #2280 ),
 ( #1364, #5745, #5259, #3310 ),
 ( #4303, #6316, #3376, #1789 ),
 ( #3803, #808, #2810, #4835 ),
 ( #5551, #3472, #4998, #6451 ),
 ( #1926, #5987, #1432, #4967 ),
 ( #1463, #939, #3039, #6516 ),
 ( #6045, #5430, #1029, #440 ),
 ( #536, #1526, #2479, #472 ),
 ( #5493, #5950, #2448, #3969 ),
 ( #4035, #2943, #4505, #1494 ),
 ( #3007, #968, #5521, #5918 ),
 ( #2975, #906, #4003, #1992 ),
 ( #1399, #5461, #1000, #2022 ),
 ( #6015, #3502, #5028, #505 ),
 ( #4475, #2536, #5061, #2507 ),
 ( #1893, #3533, #6418, #3410 ),
 ( #4537, #2413, #11, #3902 ),
 ( #2906, #4935, #408, #4441 ),
 ( #3445, #3936, #1957, #6484 ),
 ( #5615, #5705, #3103, #5092 ),
 ( #5122, #4661, #1587, #3655 ),
 ( #126, #1086, #566, #4158 ),
 ( #3626, #2634, #4567, #4130 ),
 ( #4095, #3137, #5219, #3688 ),
 ( #4688, #1618, #2568, #154 ),
 ( #6203, #1185, #6136, #598 ),
 ( #41, #4598, #5152, #4191 ),
 ( #693, #2602, #1679, #4063 ),
 ( #6106, #2080, #5646, #3170 ),
 ( #1557, #660, #6168, #67 ),
 ( #1649, #2107, #5674, #3591 ),
 ( #629, #1153, #5186, #2665 ),
 ( #2171, #2305, #3829, #2204 ),
 ( #5842, #797, #4365, #4757 ),
 ( #1293, #2239, #729, #5288 ),
 ( #1848, #295, #3235, #4725 ),
 ( #6374, #6238, #2273, #4330 ),
 ( #2801, #3860, #260, #1324 ),
 ( #3303, #4223, #3370, #4260 ),
 ( #4793, #6340, #3335, #3762 ),
 ( #1256, #5737, #2337, #3269 ),
 ( #6275, #1816, #5320, #4826 ),
 ( #5877, #6309, #1711, #4294 ),
 ( #1358, #1781, #5351, #832 ),
 ( #5387, #2698, #3796, #190 ),
 ( #4860, #5809, #2835, #329 ),
 ( #3726, #224, #763, #1218 ),
 ( #1745, #5252, #2733, #5774 ),
 ( #2767, #3402, #362, #993 ),
 ( #5422, #2016, #5, #1457 ),
 ( #434, #2406, #5943, #4892 ),
 ( #1920, #4028, #962, #5021 ),
 ( #3929, #6039, #1424, #3895 ),
 ( #5454, #2968, #4434, #1985 ),
 ( #1487, #1518, #3527, #4468 ),
 ( #5486, #866, #2440, #6409 ),
 ( #3962, #2368, #4397, #1886 ),
 ( #4532, #933, #2999, #6478 ),
 ( #3997, #1950, #6010, #4927 ),
 ( #5911, #497, #400, #2502 ),
 ( #1391, #899, #2936, #2899 ),
 ( #1642, #4087, #3556, #149 ),
 ( #4124, #5579, #5115, #560 ),
 ( #1022, #592, #6099, #2165 ),
 ( #2130, #2530, #2659, #1549 ) ),
 .UNSPECIFIED., .T., .F., .F.,
 ( 4, 1, 1, 1, 2, 1, 1, 1, 2, 1, 1, 1, 2, 1, 1, 1, 2, 1, 1, 1, 2, 1, 1, 1, 2, 1, 1, 1, 2, 1, 1, 1, 2, 1, 1, 1, 2, 1, 1, 1, 2, 1, 1, 1, 2, 1, 1, 1, 2, 1, 1, 1, 2, 1, 1, 1, 2, 1, 1, 1, 2, 1, 1, 1, 4 ),
 ( 2, 1, 1, 2 ),
 ( 0.000000000000000000, 0.01261542597040505101, 0.02523085194081010202, 0.03784627791121515650, 0.05046170388162020404, 0.05340173371079499909, 0.05634176353996980802, 0.05928179336914461695, 0.06222182319831941200, 0.09209099467415424178, 0.1219601661499890438, 0.1518293376258239014, 0.1816985091016587173, 0.1846385389306878788, 0.1875785687597170681, 0.1905185985887462019, 0.1934586284177753635, 0.2060740543834654603, 0.2186894803491555295, 0.2313049063148456264, 0.2439203322805357232, 0.2610461518343520915, 0.2781719713881684042, 0.2952977909419846614, 0.3124236104958009741, 0.3421918884450868559, 0.3719601663943727932, 0.4017284443436587305, 0.4314967222929445567, 0.4486225417197534648, 0.4657483611465622619, 0.4828741805733711701, 0.5000000000001800782, 0.5126154259705875127, 0.5252308519409949472, 0.5378462779114023817, 0.5504617038818098163, 0.5534017337107747236, 0.5563417635397396310, 0.5592817933687044274, 0.5622218231976694458, 0.5920909946735245510, 0.6219601661493794342, 0.6518293376252345395, 0.6816985091010896447, 0.6846385389302638291, 0.6875785687594380136, 0.6905185985886123090, 0.6934586284177864934, 0.7060740543834689298, 0.7186894803491514772, 0.7313049063148340245, 0.7439203322805165719, 0.7610461518343211162, 0.7781719713881256606, 0.7952977909419300939, 0.8124236104957346383, 0.8421918884449985931, 0.8719601663942624370, 0.9017284443435265029, 0.9314967222927903467, 0.9486225417195925935, 0.9657483611463950623, 0.9828741805731975312, 1.000000000000000000 ),
 ( 0.000000000000000000, 1.000000000000000000, 1.010000000000000009, 1.088896906873470849 ),
 .UNSPECIFIED. ) ;
#2512 = CARTESIAN_POINT ( 'NONE',  ( 17.82077316271733380, 17.58833336794165447, 0.9385044719260883239 ) ) ;
#2513 = CARTESIAN_POINT ( 'NONE',  ( -9.449513371011370566, 23.13753731867861418, 0.6283657762946963654 ) ) ;
#2514 = CARTESIAN_POINT ( 'NONE',  ( -17.59749389476238690, -24.59337091580805179, 7.640503328110689552 ) ) ;
#2515 = CARTESIAN_POINT ( 'NONE',  ( 24.77859036076026200, -19.69317346546952407, 23.01000000000000156 ) ) ;
#2516 = ORIENTED_EDGE ( 'NONE', *, *, #991, .T. ) ;
#2517 = CARTESIAN_POINT ( 'NONE',  ( -24.54397770415103253, -9.625151539423107749, 2.641792019483733434 ) ) ;
#2518 = CARTESIAN_POINT ( 'NONE',  ( -24.35778535258968347, -20.26666871318531093, 9.999981263095449435 ) ) ;
#2519 = CARTESIAN_POINT ( 'NONE',  ( 22.58007978532865678, 10.81914921544230168, 0.9378150075496821669 ) ) ;
#2520 = CARTESIAN_POINT ( 'NONE',  ( -21.65776977273875303, 20.92215231746471815, 7.603013336746390571 ) ) ;
#2521 = CARTESIAN_POINT ( 'NONE',  ( -9.190663617920444395, -25.96072215489475354, 5.468836429397382126 ) ) ;
#2522 = CARTESIAN_POINT ( 'NONE',  ( -31.42922394799574448, 6.976036521711267646, 10.00000000000000178 ) ) ;
#2523 = CARTESIAN_POINT ( 'NONE',  ( -28.86847083918164003, 13.74425777878402499, 10.00000093771266663 ) ) ;
#2524 = CARTESIAN_POINT ( 'NONE',  ( -29.28282596208623545, -14.38842722797007134, 10.93469413664688972 ) ) ;
#2525 = CARTESIAN_POINT ( 'NONE',  ( -24.36442683207705429, -14.05806850792231799, 0.000000000000000000 ) ) ;
#2526 = CARTESIAN_POINT ( 'NONE',  ( 28.56210421077001982, 5.064454439681066233, 5.988450200741771923 ) ) ;
#2527 = CARTESIAN_POINT ( 'NONE',  ( 23.60596549837254443, 22.50564623639967721, 10.94257805461332111 ) ) ;
#2528 = CARTESIAN_POINT ( 'NONE',  ( -18.15810758582355788, -17.23585429109450118, 0.9240979088374497996 ) ) ;
#2529 = CARTESIAN_POINT ( 'NONE',  ( 7.165759191129229322, 28.27220367557265490, 10.25458224213035940 ) ) ;
#2530 = CARTESIAN_POINT ( 'NONE',  ( 20.36851580341267365, 19.35803615985176407, 0.000000000000000000 ) ) ;
#2531 = CARTESIAN_POINT ( 'NONE',  ( 18.89857456985523498, -16.41701565160781229, 0.8923563784103625274 ) ) ;
#2532 = DIRECTION ( 'NONE',  ( 0.000000000000000000, 0.000000000000000000, 1.000000000000000000 ) ) ;
#2533 = DIRECTION ( 'NONE',  ( -0.000000000000000000, -0.000000000000000000, -1.000000000000000000 ) ) ;
#2534 = CARTESIAN_POINT ( 'NONE',  ( -19.96569032682466016, -19.00450378251208150, 4.262239607964378507 ) ) ;
#2535 = CARTESIAN_POINT ( 'NONE',  ( 20.36851580341266654, 19.35803615985177828, 0.000000000000000000 ) ) ;
#2536 = CARTESIAN_POINT ( 'NONE',  ( 8.934818316263131166, -26.70102779097117462, 0.000000000000000000 ) ) ;
#2537 = CARTESIAN_POINT ( 'NONE',  ( -24.61048237279780082, 9.454473599046734122, 2.641817340180051321 ) ) ;
#2538 = DIRECTION ( 'NONE',  ( -0.9999999904213665580, -0.0001384097785288445910, 0.000000000000000000 ) ) ;
#2539 = CARTESIAN_POINT ( 'NONE',  ( 29.88501839962176732, -13.54943650850804460, 10.97072228650118042 ) ) ;
#2540 = CARTESIAN_POINT ( 'NONE',  ( 19.63057301736735738, 19.40014800931944094, 4.277063783688093146 ) ) ;
#2541 = CARTESIAN_POINT ( 'NONE',  ( -10.08279063150429167, 22.87798766937770978, 0.6903936513869931568 ) ) ;
#2542 = CARTESIAN_POINT ( 'NONE',  ( -19.56086924290922724, -19.48317618631820025, 4.283050812675519126 ) ) ;
#2543 = CARTESIAN_POINT ( 'NONE',  ( 30.06528283117130940, -11.46688964729257521, 23.01000000000000156 ) ) ;
#2544 = ORIENTED_EDGE ( 'NONE', *, *, #1852, .T. ) ;
#2545 = CARTESIAN_POINT ( 'NONE',  ( -28.22281711050065667, -11.09012146562502465, 7.654386028197143865 ) ) ;
#2546 = CARTESIAN_POINT ( 'NONE',  ( -8.707572147218542113, -28.13221168904250291, 9.999743141057201967 ) ) ;
#2547 = CARTESIAN_POINT ( 'NONE',  ( 24.42802359902325904, 9.915369746061395873, 2.642189822752564421 ) ) ;
#2548 = CARTESIAN_POINT ( 'NONE',  ( -21.72360647871096972, 20.83476218140013358, 7.600259052693107087 ) ) ;
#2549 = CARTESIAN_POINT ( 'NONE',  ( -8.311746238827115718, -24.44198443396772902, 2.140009097901088175 ) ) ;
#2550 = CARTESIAN_POINT ( 'NONE',  ( -29.53099748525436397, -12.67391232934850187, 10.00000000000000178 ) ) ;
#2551 = CARTESIAN_POINT ( 'NONE',  ( -15.22691877699671181, 27.57106880272131377, 9.999867193477525618 ) ) ;
#2552 = CARTESIAN_POINT ( 'NONE',  ( -23.55164985703775216, -11.70815430503089338, 2.594549606242896989 ) ) ;
#2553 = CARTESIAN_POINT ( 'NONE',  ( -33.29331651280923410, -13.67639551307255275, 9.999999999999991118 ) ) ;
#2554 = CARTESIAN_POINT ( 'NONE',  ( 29.56684919973076831, 12.59901549782629715, 10.00000000868121930 ) ) ;
#2555 = CARTESIAN_POINT ( 'NONE',  ( 24.47769895628160697, -5.294240544181503694, 0.9707284485118833350 ) ) ;
#2556 = CARTESIAN_POINT ( 'NONE',  ( 21.97934117620597760, 20.50166728141735817, 7.597329754313671302 ) ) ;
#2557 = B_SPLINE_CURVE_WITH_KNOTS ( 'NONE', 3,
 ( #690, #4220, #6164, #3652, #725, #6235, #1707, #2334, #2402, #5451, #4924, #5908, #2896, #396, #1883 ),
 .UNSPECIFIED., .F., .F.,
 ( 4, 1, 2, 2, 2, 2, 2, 4 ),
 ( 0.000000000000000000, 0.1249999999999998612, 0.1874999999999998612, 0.2499999999999998890, 0.3749999999999998890, 0.4999999999999998890, 0.7499999999999998890, 1.000000000000000000 ),
 .UNSPECIFIED. ) ;
#2558 = CARTESIAN_POINT ( 'NONE',  ( -21.67006757634451120, -20.91221084345442094, 7.608844285801901641 ) ) ;
#2559 = CARTESIAN_POINT ( 'NONE',  ( -1.250076112015190866, 25.53333043927610646, 1.712226878728515755 ) ) ;
#2560 = CARTESIAN_POINT ( 'NONE',  ( -3.234586676741026512, -27.94767238547790811, 0.0006114313571401969270 ) ) ;
#2561 = CARTESIAN_POINT ( 'NONE',  ( 20.32862097185948969, -24.97952004104884338, 9.999986798855152514 ) ) ;
#2562 = B_SPLINE_SURFACE_WITH_KNOTS ( 'NONE', 3, 1, ( 
 ( #989, #1 ),
 ( #358, #2996 ),
 ( #3434, #395 ),
 ( #1915, #2364 ),
 ( #5018, #1514 ),
 ( #4393, #5975 ),
 ( #5482, #6405 ) ),
 .UNSPECIFIED., .F., .F., .F.,
 ( 4, 1, 1, 1, 4 ),
 ( 2, 2 ),
 ( 0.000000000000000000, 0.2500000000000000000, 0.5000000000000000000, 0.7500000000000000000, 1.000000000000000000 ),
 ( 0.000000000000000000, 1.000000000000000000 ),
 .UNSPECIFIED. ) ;
#2563 = CARTESIAN_POINT ( 'NONE',  ( 23.40884125620813805, -18.56610300280113535, 7.557830661829861185 ) ) ;
#2564 = DIRECTION ( 'NONE',  ( 1.000000000000000000, 0.000000000000000000, 0.000000000000000000 ) ) ;
#2565 = CARTESIAN_POINT ( 'NONE',  ( 17.99758649686086898, 26.45661189265370794, 9.999997791634969602 ) ) ;
#2566 = CARTESIAN_POINT ( 'NONE',  ( -20.80277370819576888, -19.97171373486086310, 5.932859647917469559 ) ) ;
#2567 = CARTESIAN_POINT ( 'NONE',  ( 19.62618443224401688, 20.02631827764066941, -0.1000000000000000056 ) ) ;
#2568 = CARTESIAN_POINT ( 'NONE',  ( -20.81990607355702494, -18.77505795234005603, -0.1000000000000000056 ) ) ;
#2569 = CARTESIAN_POINT ( 'NONE',  ( -27.02174761188517493, 10.53791387829389947, 5.983577323350875332 ) ) ;
#2570 = CARTESIAN_POINT ( 'NONE',  ( 23.14911128822657460, -9.556700335792001511, 0.9687516435035744555 ) ) ;
#2571 = CARTESIAN_POINT ( 'NONE',  ( 19.70117923386941783, 19.31825321488631886, 4.274096065987166959 ) ) ;
#2572 = CARTESIAN_POINT ( 'NONE',  ( -9.978712780676660898, 23.97054405796599852, 2.300433610053330469 ) ) ;
#2573 = CARTESIAN_POINT ( 'NONE',  ( -20.58212137627640104, -20.25259218073692224, 5.948203962538196166 ) ) ;
#2574 = CARTESIAN_POINT ( 'NONE',  ( 21.36631079757916041, -24.03925804530637578, 23.01000000000000156 ) ) ;
#2575 = EDGE_LOOP ( 'NONE', ( #5721, #6267, #2706, #1799 ) ) ;
#2576 = CARTESIAN_POINT ( 'NONE',  ( -27.01308396770323839, -10.55996513560566186, 5.983566057867114374 ) ) ;
#2577 = CARTESIAN_POINT ( 'NONE',  ( -11.24285963323835347, 28.04405902249363791, 23.01000000000000156 ) ) ;
#2578 = CARTESIAN_POINT ( 'NONE',  ( -11.22178565125691918, -28.04724771651710213, 9.999996453530801688 ) ) ;
#2579 = CARTESIAN_POINT ( 'NONE',  ( 30.26239130290626989, 12.95079602593781765, 10.99400224442180196 ) ) ;
#2580 = CARTESIAN_POINT ( 'NONE',  ( -23.47822660004520756, 22.67899370410757243, 10.93672380867892180 ) ) ;
#2581 = B_SPLINE_CURVE_WITH_KNOTS ( 'NONE', 3,
 ( #6277, #5776, #4107, #3082, #6241, #2032, #547, #609, #6056, #3571, #3729, #227, #3764, #2612, #4262, #1221, #6116, #4045, #3603, #2735, #2061, #1536, #1747, #4760, #3543, #5739, #4638, #5594, #106, #5563, #2578, #1039, #578, #3238, #1258, #5254, #3050, #3113, #5625, #2207, #2546, #1714, #731, #3271, #4577, #5290, #765, #4609, #4547, #51, #1598, #4073, #6085, #78, #1096, #1295, #2370, #6342, #1851, #868, #2769, #6376, #3404, #2869, #5424, #6447, #2837, #1888, #2901, #3863, #5811, #4929, #402, #4436, #3931, #2339, #5844, #4400, #4796, #3305, #3372, #4367, #3897, #4297, #6412, #4830, #5322, #2275, #901, #1326, #801, #5945, #1922, #1360, #5881, #297, #2804, #2308, #262, #5390, #3831, #1426, #4333, #5913, #6311, #3439, #1818, #3337, #2408, #331, #1783, #5354, #834, #4895, #1393, #4862, #5455, #3798, #364, #5487, #561, #4029, #3066, #2442, #2561, #3998, #35, #4962, #61, #4469, #1951, #530, #2046, #3496, #2969, #1519, #4992, #3033, #5055, #1488, #5086, #4593, #5515, #2475, #435, #2074, #4088, #3963, #6100, #5980, #1581, #465, #3586, #5022, #934, #4500, #994, #3000, #498, #2503, #5700, #6232, #3719, #688, #4251, #3621, #1212, #121, #6162, #5732, #5246, #3097, #722, #1180, #2726, #5609, #5116, #2660, #593, #655, #5670, #150, #4625, #5146, #2166, #2596, #5641, #1113, #1147, #3130, #1643, #2627, #4185, #6196, #4655, #1675, #3164, #1284, #2298, #4920, #6401, #1384, #790, #3887, #2828, #322, #2892, #5802, #3755, #390, #826, #2330, #3788, #3296, #3395, #4357, #5414, #6303, #5313, #2361, #892, #2398, #3853, #4426, #6437, #2759, #5766, #4323, #1248, #3262, #5278, #6366, #1841, #287, #4852, #2791, #6334, #1318, #755, #4785, #4819, #5869, #1350, #355, #252, #2265, #1809, #2861, #4286, #1775, #3821, #5836, #3363, #4885, #3329, #5345, #4390, #5380, #1878, #859, #5904, #926, #3551, #2961, #491, #985, #2469, #2432, #5573, #5048, #2929, #6502, #4022, #4955, #5539, #3058, #5079, #427, #1977, #555, #2554, #3991, #3955, #4585, #4461, #1912, #3922, #5936, #6471, #5972, #1576, #2191, #176, #4082, #1172, #144, #1106, #4677, #1075, #4648, #2069, #4148, #3188, #1696, #646, #3580, #714, #1608, #2156, #2124, #3674, #679, #5206, #5603, #5723, #1204, #116, #1667, #6188, #6154, #5692, #4177, #2685, #5237, #3220, #3644, #6093, #1636, #5665, #2718, #1139, #4709, #4209, #6222, #3710, #3157 ),
 .UNSPECIFIED., .F., .F.,
 ( 4, 2, 2, 2, 1, 1, 2, 2, 1, 2, 2, 2, 2, 1, 2, 2, 2, 1, 1, 1, 2, 2, 1, 1, 2, 2, 2, 1, 2, 2, 1, 1, 2, 2, 1, 2, 2, 2, 2, 2, 1, 2, 2, 1, 2, 2, 1, 2, 2, 1, 1, 2, 2, 1, 1, 2, 2, 1, 2, 2, 2, 2, 1, 1, 1, 2, 2, 2, 2, 2, 2, 1, 2, 2, 2, 2, 2, 1, 2, 2, 1, 1, 1, 2, 2, 2, 2, 1, 2, 2, 1, 1, 1, 2, 2, 2, 2, 2, 2, 2, 2, 2, 2, 2, 2, 2, 2, 2, 1, 1, 2, 2, 2, 2, 1, 2, 1, 2, 2, 1, 1, 1, 2, 2, 2, 1, 2, 2, 1, 1, 1, 2, 2, 2, 2, 2, 1, 1, 1, 2, 2, 1, 2, 2, 2, 2, 1, 2, 2, 1, 1, 1, 2, 2, 1, 1, 1, 2, 2, 1, 2, 2, 2, 2, 2, 1, 2, 1, 2, 2, 2, 2, 1, 2, 2, 1, 2, 2, 1, 2, 1, 2, 2, 1, 1, 2, 2, 2, 2, 2, 2, 1, 2, 2, 1, 1, 1, 2, 1, 1, 1, 1, 2, 4 ),
 ( 0.000000000000000000, 0.01449842761853889841, 0.01540457934469756374, 0.01631073107085622906, 0.01812303452317358746, 0.01902918624933227013, 0.01948226211241161146, 0.01970880004395126478, 0.01993533797549091810, 0.02016187590703057142, 0.02038841383857022821, 0.02061495177010988153, 0.02072822073587974115, 0.02084148970164960424, 0.02174764142780842568, 0.02265379315396724713, 0.02355994488012607205, 0.02537224833244368372, 0.02899685523707891746, 0.03080915868939653260, 0.03103569662093622061, 0.03126223455247591210, 0.03171531041555525343, 0.03262146214171395692, 0.03624606904634876392, 0.04349528285561838487, 0.05799371047415757818, 0.06161831737879237825, 0.06207139324187173346, 0.06252446910495108867, 0.06343062083110977134, 0.06524292428342716443, 0.07249213809269672293, 0.08699056571123583992, 0.09061517261587061223, 0.09242747606818799144, 0.09423977952050539841, 0.1014889933297749708, 0.1159874209483141017, 0.1232366347575836740, 0.1241427864837423845, 0.1245958623468217397, 0.1250489382099010671, 0.1268612416622184602, 0.1304858485668533019, 0.1377350623761229853, 0.1395473658284404062, 0.1404535175545991166, 0.1413596692807578548, 0.1431719727330753311, 0.1436250485961546863, 0.1437383175619245390, 0.1437949520448094931, 0.1438515865276944194, 0.1440781244592341526, 0.1449842761853930573, 0.1467965796377108667, 0.1477027313638697992, 0.1481558072269492377, 0.1483823451584889708, 0.1484106623999315033, 0.1484389796413740359, 0.1484956141242590455, 0.1486088830900290925, 0.1522334899946699016, 0.1558580968993106830, 0.1576704003516311015, 0.1594827038039514921, 0.1739811314225147287, 0.1812303452317963193, 0.1848549521364371284, 0.1866672555887575469, 0.1871203314518375960, 0.1875734073149176728, 0.1884795590410777710, 0.2029779866596392035, 0.2047902901119593722, 0.2066025935642795408, 0.2102272004689198504, 0.2120395039212399912, 0.2124925797843200959, 0.2127191177158601343, 0.2128323866816301257, 0.2128890211645151631, 0.2129173384059576957, 0.2129456556474002282, 0.2133987315104822202, 0.2138518073735642122, 0.2147579590997282240, 0.2148712280654987428, 0.2149844970312692338, 0.2152110349628101604, 0.2156641108258920136, 0.2174764142782193155, 0.2247256280875286061, 0.2319748418968378967, 0.2464732695154565334, 0.2500978764201111648, 0.2537224833247658240, 0.2609716971340751424, 0.2645963040387298015, 0.2664086074910571034, 0.2682209109433844052, 0.2718455178480390089, 0.2754701247526935570, 0.2772824282050208033, 0.2773390626879060350, 0.2773956971707912111, 0.2775089661365617855, 0.2777355040681026010, 0.2781885799311843988, 0.2790947316573479386, 0.2793212695888888653, 0.2795478075204297363, 0.2800008833835115341, 0.2809070351096750184, 0.2811335730412158895, 0.2812468420069863528, 0.2813034764898715845, 0.2813601109727568161, 0.2818131868358385583, 0.2827193385620020427, 0.2899685523713101398, 0.3044669799899263340, 0.3117161937992343201, 0.3121692696623161178, 0.3123958075938569889, 0.3125090765596274522, 0.3126223455253978600, 0.3135284972515614554, 0.3153408007038886463, 0.3189654076085430279, 0.3479622628457778588, 0.3624606904643953298, 0.3697099042737039820, 0.3733345111783583636, 0.3742406629045219035, 0.3746937387676037567, 0.3749202766991446278, 0.3749769111820299150, 0.3750335456649150911, 0.3751468146306854434, 0.3769591180830096366, 0.3842083318923066315, 0.3878329387969551845, 0.3896452422492794332, 0.3905513939754415298, 0.3906080284583267059, 0.3906646629412118266, 0.3907779319069820123, 0.3910044698385224393, 0.3914575457016033488, 0.3950821526062507361, 0.3968944560585744297, 0.3978006077847363597, 0.3982536836478172693, 0.3983669526135875105, 0.3984235870964726312, 0.3984802215793577518, 0.3987067595108981788, 0.3996129112370599978, 0.4000659871001408519, 0.4005190629632217614, 0.4023313664155452885, 0.4024446353813154742, 0.4025579043470856599, 0.4027844422786261425, 0.4032375181417069410, 0.4041436698678685935, 0.4059559733201917875, 0.4077682767725149260, 0.4095805802248381200, 0.4100336560879189185, 0.4101469250536891042, 0.4102035595365742249, 0.4102601940194593455, 0.4104867319509995505, 0.4109398078140798494, 0.4113928836771600372, 0.4132051871294811218, 0.4136582629925614207, 0.4138848009241015702, 0.4141113388556416641, 0.4150174905818022064, 0.4168297940341231800, 0.4204544009387652381, 0.4277036147480493544, 0.4349528285573334707, 0.4422020423666175870, 0.4494512561759017588, 0.4530758630805437615, 0.4567004699851858196, 0.4571535458482660075, 0.4573800837798061569, 0.4576066217113461954, 0.4585127734375066821, 0.4603250768898274892, 0.4621373803421483517, 0.4630435320683087830, 0.4634966079313890264, 0.4637231458629291758, 0.4638364148286993061, 0.4638930493115843712, 0.4639496837944694363 ),
 .UNSPECIFIED. ) ;
#2582 = CARTESIAN_POINT ( 'NONE',  ( -12.47833492048518700, -28.30737876932667518, 10.57557148795910074 ) ) ;
#2583 = CARTESIAN_POINT ( 'NONE',  ( -24.79774614656334819, -3.962917354662625513, 1.041920208562394423 ) ) ;
#2584 = CARTESIAN_POINT ( 'NONE',  ( -26.59237851513919182, -17.11246096345390555, 23.01000000000000156 ) ) ;
#2585 = CARTESIAN_POINT ( 'NONE',  ( -26.60837687391544293, 17.07203650910481230, 9.999957822984715250 ) ) ;
#2586 = ORIENTED_EDGE ( 'NONE', *, *, #4868, .F. ) ;
#2587 = CARTESIAN_POINT ( 'NONE',  ( -25.88072666251075304, -12.72223164276149809, 5.932954502120669105 ) ) ;
#2588 = CARTESIAN_POINT ( 'NONE',  ( -25.13202910403851931, -25.62572720812775628, 10.00000000000000000 ) ) ;
#2589 = CARTESIAN_POINT ( 'NONE',  ( 25.06859688993735702, 18.30767561325466630, 9.222921815677608492 ) ) ;
#2590 = CARTESIAN_POINT ( 'NONE',  ( 9.424867524980390598, -23.14715281819822579, 0.6256377951462573916 ) ) ;
#2591 = VECTOR ( 'NONE', #3783, 1000.000000000000000 ) ;
#2592 = CARTESIAN_POINT ( 'NONE',  ( -20.21789168901390354, -29.73091665216367474, 23.01000000000000156 ) ) ;
#2593 = CARTESIAN_POINT ( 'NONE',  ( -21.66151504907650605, -20.92367454945004823, 7.609296533081784553 ) ) ;
#2594 = CARTESIAN_POINT ( 'NONE',  ( 2.270250607219054473, 25.47718972153469963, 1.735631726185823620 ) ) ;
#2595 = CARTESIAN_POINT ( 'NONE',  ( -16.70381823185248038, -22.60713936383538325, -2.719505694481444714E-05 ) ) ;
#2596 = CARTESIAN_POINT ( 'NONE',  ( 29.90179839829120212, -11.87904264180686020, 10.00006144291828569 ) ) ;
#2597 = VECTOR ( 'NONE', #2966, 1000.000000000000000 ) ;
#2598 = CARTESIAN_POINT ( 'NONE',  ( 18.16545995381146383, -17.22808010396496670, 0.9239791918612493271 ) ) ;
#2599 = CARTESIAN_POINT ( 'NONE',  ( 28.79591963265608712, 13.85536225322776183, 23.01000000000000156 ) ) ;
#2600 = CYLINDRICAL_SURFACE ( 'NONE', #2498, 25.10000000000000142 ) ;
#2601 = CARTESIAN_POINT ( 'NONE',  ( -21.70531790984995268, -20.85734333240760208, 7.600741778599584109 ) ) ;
#2602 = CARTESIAN_POINT ( 'NONE',  ( -24.36442683207705429, -14.05806850792231799, 0.000000000000000000 ) ) ;
#2603 = CARTESIAN_POINT ( 'NONE',  ( -23.33238179782501831, 9.099136022750368369, 0.9709373611990634867 ) ) ;
#2604 = CARTESIAN_POINT ( 'NONE',  ( 34.77034180897486237, -9.342222333869244721, 23.01000000000000512 ) ) ;
#2605 = CARTESIAN_POINT ( 'NONE',  ( 24.47658783779747793, -9.796659334387614493, 2.642781817714788595 ) ) ;
#2606 = CARTESIAN_POINT ( 'NONE',  ( 18.95142822632665158, 18.24541867100609949, 2.598999643094495049 ) ) ;
#2607 = CARTESIAN_POINT ( 'NONE',  ( -4.749533263195684363, 25.15900493304788199, 1.864446942516639005 ) ) ;
#2608 = CARTESIAN_POINT ( 'NONE',  ( -20.48493357774508539, -22.31526447539527780, 7.651305563321898262 ) ) ;
#2609 = CARTESIAN_POINT ( 'NONE',  ( 28.20810302170731632, -14.73370687279447466, 23.01000000000000156 ) ) ;
#2610 = ORIENTED_EDGE ( 'NONE', *, *, #1159, .T. ) ;
#2611 = CARTESIAN_POINT ( 'NONE',  ( -30.68129211940204826, -12.05180886676555474, 10.99613169488278963 ) ) ;
#2612 = CARTESIAN_POINT ( 'NONE',  ( -12.41012212081971455, -27.99535095284419839, 9.999913484556469001 ) ) ;
#2613 = CARTESIAN_POINT ( 'NONE',  ( 30.61204370303066824, 12.23772361424420829, 11.00531874835298396 ) ) ;
#2614 = CARTESIAN_POINT ( 'NONE',  ( -21.68488983537683978, 20.88601910916186455, 7.601754824016129675 ) ) ;
#2615 = CARTESIAN_POINT ( 'NONE',  ( -12.32259560924600983, -28.30594024064091840, 10.56520607522615762 ) ) ;
#2616 = CARTESIAN_POINT ( 'NONE',  ( -30.16189489398478685, -11.21050328788377115, 10.00000000000000178 ) ) ;
#2617 = CARTESIAN_POINT ( 'NONE',  ( -30.12589932026107675, -11.30381340675795876, 9.999999226090102056 ) ) ;
#2618 = ORIENTED_EDGE ( 'NONE', *, *, #5144, .T. ) ;
#2619 = CARTESIAN_POINT ( 'NONE',  ( -27.18327126072410849, -13.01721114474013952, 7.607953013415954757 ) ) ;
#2620 = CARTESIAN_POINT ( 'NONE',  ( -26.14680029028887986, 8.357854364235933531, -0.8889690687347078235 ) ) ;
#2621 = CARTESIAN_POINT ( 'NONE',  ( 18.97931238629282547, 16.31801512072876292, 0.8899451575651752266 ) ) ;
#2622 = CARTESIAN_POINT ( 'NONE',  ( 10.45069083876230742, -24.83431123508299621, 3.959904985972186875 ) ) ;
#2623 = CARTESIAN_POINT ( 'NONE',  ( 15.32110503064673246, -31.19615507444174085, 23.00999999999999446 ) ) ;
#2624 = CARTESIAN_POINT ( 'NONE',  ( 15.89628403771162191, -23.23440049826818665, 0.000000000000000000 ) ) ;
#2625 = CARTESIAN_POINT ( 'NONE',  ( 6.616971732403784223, 26.94925911703688826, 6.927738548432384569 ) ) ;
#2626 = CARTESIAN_POINT ( 'NONE',  ( 0.9307948358572910585, -28.09322983600792512, -0.0002651959369383460516 ) ) ;
#2627 = CARTESIAN_POINT ( 'NONE',  ( 29.98139313852125909, -11.68210605932459067, 10.00017992233133235 ) ) ;
#2628 = CARTESIAN_POINT ( 'NONE',  ( 23.45318802238098499, -22.72820301472156501, 10.94772990032218019 ) ) ;
#2629 = EDGE_CURVE ( 'NONE', #2952, #1765, #2794, .T. ) ;
#2630 = DIRECTION ( 'NONE',  ( -0.5736898095204580050, 0.8190726478477844408, 0.000000000000000000 ) ) ;
#2631 = CARTESIAN_POINT ( 'NONE',  ( 20.96162650442330744, 24.40827378253661806, 9.999956656343902850 ) ) ;
#2632 = CARTESIAN_POINT ( 'NONE',  ( -18.24432459199660528, -17.14378333799617238, 0.9202601098321303574 ) ) ;
#2633 = CARTESIAN_POINT ( 'NONE',  ( 19.68069774582588138, 20.08175797002186158, -0.000000000000000000 ) ) ;
#2634 = CARTESIAN_POINT ( 'NONE',  ( -18.24004021927648722, -21.44356151193174043, 0.000000000000000000 ) ) ;
#2635 = CARTESIAN_POINT ( 'NONE',  ( -24.12062329660231086, 10.60611425937710628, 2.630769685521072709 ) ) ;
#2636 = CARTESIAN_POINT ( 'NONE',  ( 22.54038018760186546, -10.90025150063168091, 0.9344074875098494770 ) ) ;
#2637 = CARTESIAN_POINT ( 'NONE',  ( 21.38718146745399196, 21.27164837428901478, 7.615732061811121945 ) ) ;
#2638 = B_SPLINE_CURVE_WITH_KNOTS ( 'NONE', 3,
 ( #6205, #4225, #4690, #4600, #1713, #2604, #3690, #128, #5707, #1187, #2137, #6240, #4160, #1088, #3728, #6170, #3202, #4631, #5094, #568, #5353, #4399, #1220 ),
 .UNSPECIFIED., .F., .F.,
 ( 4, 2, 2, 2, 2, 1, 2, 2, 1, 1, 2, 2, 4 ),
 ( 0.000000000000000000, 0.06250000000000001388, 0.1250000000000000278, 0.1875000000000000555, 0.2499999999999999445, 0.3749999999999998335, 0.4374999999999998335, 0.4999999999999997780, 0.6249999999999996669, 0.6874999999999996669, 0.7187499999999996669, 0.7499999999999996669, 1.000000000000000000 ),
 .UNSPECIFIED. ) ;
#2639 = CARTESIAN_POINT ( 'NONE',  ( -21.24578196907105365, -21.45335941836551896, 7.628199027003716104 ) ) ;
#2640 = CARTESIAN_POINT ( 'NONE',  ( 30.93322163234756417, 8.917601053232903752, 23.01000000000000156 ) ) ;
#2641 = ORIENTED_EDGE ( 'NONE', *, *, #2315, .T. ) ;
#2642 = CARTESIAN_POINT ( 'NONE',  ( -24.55825134923167852, -9.588735214913057803, 2.641815108041045690 ) ) ;
#2643 = CARTESIAN_POINT ( 'NONE',  ( -25.09999999999999076, 9.530032209645910673E-15, 1.042014805379780196 ) ) ;
#2644 = CARTESIAN_POINT ( 'NONE',  ( 28.11257577794114226, 11.36803154559706819, 7.659704374743582456 ) ) ;
#2645 = CARTESIAN_POINT ( 'NONE',  ( -19.82000378952879771, 24.66134217757953095, 9.324410540204659981 ) ) ;
#2646 = CARTESIAN_POINT ( 'NONE',  ( -10.93421794307845474, -25.70092694079374596, 5.614633745168939427 ) ) ;
#2647 = DIRECTION ( 'NONE',  ( -1.000000000000000000, 0.000000000000000000, 0.000000000000000000 ) ) ;
#2648 = CARTESIAN_POINT ( 'NONE',  ( -29.85209518399453188, 12.00498494441742814, 10.00000000000000178 ) ) ;
#2649 = CARTESIAN_POINT ( 'NONE',  ( -30.23073976381757078, 11.02031467772385120, 9.999999999933347539 ) ) ;
#2650 = VERTEX_POINT ( 'NONE', #1279 ) ;
#2651 = CARTESIAN_POINT ( 'NONE',  ( -28.39438124124216500, -13.47086925730960516, 9.277081250345009522 ) ) ;
#2652 = CARTESIAN_POINT ( 'NONE',  ( -24.30500881453046702, 14.01507822788672364, -0.1000000000000000888 ) ) ;
#2653 = CARTESIAN_POINT ( 'NONE',  ( 24.44391124322136832, 19.18942603179295858, 9.231198601857121488 ) ) ;
#2654 = CARTESIAN_POINT ( 'NONE',  ( -28.37254210987375203, 13.50084695003478963, 9.276059761031827833 ) ) ;
#2655 = CARTESIAN_POINT ( 'NONE',  ( 10.42524095217577340, -24.83991116701021795, 3.957227388020061909 ) ) ;
#2656 = CARTESIAN_POINT ( 'NONE',  ( 12.33352547853374048, 27.99866818441766014, 9.999013838014899846 ) ) ;
#2657 = CARTESIAN_POINT ( 'NONE',  ( 13.32462088883843165, -24.71985400828796742, -0.09999999999999988065 ) ) ;
#2658 = CARTESIAN_POINT ( 'NONE',  ( 9.672083657762820863, 24.06410344218152630, 2.270111173823720296 ) ) ;
#2659 = CARTESIAN_POINT ( 'NONE',  ( 20.31356187732151497, 19.30580849063138515, -0.1000000000000000194 ) ) ;
#2660 = CARTESIAN_POINT ( 'NONE',  ( 29.82651838959246504, -12.05625035562471581, 9.999999957073121948 ) ) ;
#2661 = CARTESIAN_POINT ( 'NONE',  ( 21.58404568139556190, -21.02882446072002409, 7.613640745399902876 ) ) ;
#2662 = CARTESIAN_POINT ( 'NONE',  ( -0.8114355626634849328, 25.09463313584645761, 0.4829088302319747839 ) ) ;
#2663 = CARTESIAN_POINT ( 'NONE',  ( -19.39181736573661752, -17.74062855744783107, 2.579470093637614259 ) ) ;
#2664 = CARTESIAN_POINT ( 'NONE',  ( 32.30473228387546669, 15.38506250034539846, 15.00000000000000000 ) ) ;
#2665 = CARTESIAN_POINT ( 'NONE',  ( -25.15540512620636449, -10.87053048121252452, -0.8889690687347082676 ) ) ;
#2666 = CARTESIAN_POINT ( 'NONE',  ( -25.60260741364822934, 10.52050623345205871, 4.310679488098766221 ) ) ;
#2667 = CARTESIAN_POINT ( 'NONE',  ( -21.34775517249014953, -20.58313897336513065, 7.004926744014206008 ) ) ;
#2668 = CARTESIAN_POINT ( 'NONE',  ( 23.79324579854905153, -11.25913048211669931, 2.612228837444785068 ) ) ;
#2669 = CARTESIAN_POINT ( 'NONE',  ( 18.14940718191386537, 17.24534411511729459, 0.9247144252711332335 ) ) ;
#2670 = CARTESIAN_POINT ( 'NONE',  ( -18.74663099805468036, -20.34933864943334569, 4.306960706234820968 ) ) ;
#2671 = CARTESIAN_POINT ( 'NONE',  ( 30.29018155100435905, 10.86794242989774695, 10.00000000000000178 ) ) ;
#2672 = ORIENTED_EDGE ( 'NONE', *, *, #95, .T. ) ;
#2673 = CARTESIAN_POINT ( 'NONE',  ( -24.57743292353514164, -9.539471205066258008, 2.641817341046884593 ) ) ;
#2674 = CARTESIAN_POINT ( 'NONE',  ( -34.35793571003971181, 10.97790309592261693, 23.01000000000000156 ) ) ;
#2675 = CARTESIAN_POINT ( 'NONE',  ( 28.88212933997620624, -9.255731802793093266, 7.661065070484055717 ) ) ;
#2676 = CARTESIAN_POINT ( 'NONE',  ( 17.35173002159962152, 27.55013092178482026, 10.92059001619852410 ) ) ;
#2677 = CARTESIAN_POINT ( 'NONE',  ( -18.80933010702565866, 18.40347442938062983, 2.605210889007481434 ) ) ;
#2678 = CARTESIAN_POINT ( 'NONE',  ( -11.31191799946537557, -26.57040267384511978, 7.261206419205291418 ) ) ;
#2679 = CARTESIAN_POINT ( 'NONE',  ( -19.29103495140469349, -16.07780509985879647, 0.9778195803843278133 ) ) ;
#2680 = CARTESIAN_POINT ( 'NONE',  ( -19.90911077347726632, -25.31083675281690049, 23.01000000000000156 ) ) ;
#2681 = CARTESIAN_POINT ( 'NONE',  ( -29.95141752463774054, 11.75749473929368882, 10.00000000401399802 ) ) ;
#2682 = ORIENTED_EDGE ( 'NONE', *, *, #876, .F. ) ;
#2683 = CARTESIAN_POINT ( 'NONE',  ( -27.34799138995716561, -12.76094947416764036, 7.615653810392569945 ) ) ;
#2684 = CARTESIAN_POINT ( 'NONE',  ( -32.43419384617015311, 15.19725692414385954, 10.00000000000000000 ) ) ;
#2685 = CARTESIAN_POINT ( 'NONE',  ( 23.69445662788582752, 21.18578636342542509, 10.00000104807255141 ) ) ;
#2686 = CARTESIAN_POINT ( 'NONE',  ( 24.10120258940501969, 17.59636790037884424, 7.550233394356205885 ) ) ;
#2687 = CARTESIAN_POINT ( 'NONE',  ( -24.11177848274762425, 13.22385105249136039, 4.235181223765951408 ) ) ;
#2688 = CARTESIAN_POINT ( 'NONE',  ( 10.60784424867129694, -24.79828312109919608, 3.975554959771525176 ) ) ;
#2689 = CARTESIAN_POINT ( 'NONE',  ( 12.51163129377604655, 27.99110438045064697, 23.01000000000000156 ) ) ;
#2690 = CARTESIAN_POINT ( 'NONE',  ( -20.36851580341699020, -19.35803615984721304, 0.000000000000000000 ) ) ;
#2691 = CARTESIAN_POINT ( 'NONE',  ( 10.88848060896065562, 25.70550306253309358, 5.605921595065179730 ) ) ;
#2692 = CARTESIAN_POINT ( 'NONE',  ( -22.81664122468703582, -22.38626393523302482, 9.999998049667594202 ) ) ;
#2693 = CARTESIAN_POINT ( 'NONE',  ( 20.70453586759627740, -20.10344992583828372, 5.942949545025198788 ) ) ;
#2694 = VECTOR ( 'NONE', #2538, 1000.000000000000000 ) ;
#2695 = CARTESIAN_POINT ( 'NONE',  ( 17.34439372038125171, 18.15419488407806625, 1.031922116320025840 ) ) ;
#2696 = CARTESIAN_POINT ( 'NONE',  ( 26.04794254618645510, 10.33006578042868284, -0.1000000000000000056 ) ) ;
#2697 = CARTESIAN_POINT ( 'NONE',  ( -19.46159003434955892, -17.65856959554729855, 2.576657093143283284 ) ) ;
#2698 = CARTESIAN_POINT ( 'NONE',  ( -25.05610494629642915, 12.74150535962764330, 0.000000000000000000 ) ) ;
#2699 = CARTESIAN_POINT ( 'NONE',  ( -28.05318622567748221, 11.49192834738031799, 7.652123564660939792 ) ) ;
#2700 = AXIS2_PLACEMENT_3D ( 'NONE', #6202, #2304, #728 ) ;
#2701 = CARTESIAN_POINT ( 'NONE',  ( 23.76826751436859553, -11.30639720513457469, 2.610430522283222921 ) ) ;
#2702 = AXIS2_PLACEMENT_3D ( 'NONE', #5550, #1028, #3038 ) ;
#2703 = CARTESIAN_POINT ( 'NONE',  ( 21.63229692723815134, 20.95438312681261550, 7.604038246961211556 ) ) ;
#2704 = CARTESIAN_POINT ( 'NONE',  ( -19.87775735153889656, -19.11389656957211258, 4.269498375728387529 ) ) ;
#2705 = CARTESIAN_POINT ( 'NONE',  ( 31.56805364518013590, -6.312573409719395734, 10.00000000000000178 ) ) ;
#2706 = ORIENTED_EDGE ( 'NONE', *, *, #4015, .F. ) ;
#2707 = CARTESIAN_POINT ( 'NONE',  ( -26.39135919888579096, -1.212173210379671628, 2.641862552888572413 ) ) ;
#2708 = CARTESIAN_POINT ( 'NONE',  ( 25.92433092647400272, -9.719205094102033371, 4.315897784374041812 ) ) ;
#2709 = CARTESIAN_POINT ( 'NONE',  ( 12.04754823188824453, 26.49254123475079226, 7.324841267879352635 ) ) ;
#2710 = CARTESIAN_POINT ( 'NONE',  ( -19.52779892398019612, 21.44257594882082785, 5.979027716331151154 ) ) ;
#2711 = ADVANCED_FACE ( 'NONE', ( #2294 ), #1804, .F. ) ;
#2712 = CARTESIAN_POINT ( 'NONE',  ( -11.85749401402371461, -27.43149512405783597, 8.916851483807301193 ) ) ;
#2713 = CARTESIAN_POINT ( 'NONE',  ( -19.90911077347726632, -25.31083675281690049, 10.00000000000000178 ) ) ;
#2714 = CARTESIAN_POINT ( 'NONE',  ( -29.98868633889484059, 11.66306517943025156, 10.00004282065503958 ) ) ;
#2715 = VERTEX_POINT ( 'NONE', #1700 ) ;
#2716 = CARTESIAN_POINT ( 'NONE',  ( -22.55255589954671436, -10.87589343734327763, 0.9358064318772837398 ) ) ;
#2717 = CARTESIAN_POINT ( 'NONE',  ( -26.14448567093489828, -8.365091989714457554, -0.8889690687347078235 ) ) ;
#2718 = CARTESIAN_POINT ( 'NONE',  ( 22.96588725977692036, 22.18563389991407675, 10.00029301024241057 ) ) ;
#2719 = CARTESIAN_POINT ( 'NONE',  ( 22.27216576736222819, 18.06294103015620678, 5.891134019764361796 ) ) ;
#2720 = CARTESIAN_POINT ( 'NONE',  ( -26.88538804443529528, 13.47746036513312440, 7.594357115531558122 ) ) ;
#2721 = CARTESIAN_POINT ( 'NONE',  ( 12.15771355701144429, -27.41774157797059530, 8.943216081377356019 ) ) ;
#2722 = CARTESIAN_POINT ( 'NONE',  ( 12.75653151894450588, 31.40176592949499934, 10.00000000000000000 ) ) ;
#2723 = CARTESIAN_POINT ( 'NONE',  ( 12.94151421389567602, 27.95649035543603844, 9.999999998144012636 ) ) ;
#2724 = CARTESIAN_POINT ( 'NONE',  ( 12.35420136985626449, 28.30101421060953726, 10.55761204188072355 ) ) ;
#2725 = CARTESIAN_POINT ( 'NONE',  ( -20.87591927602903041, -24.48185668389127301, 9.999996771504564563 ) ) ;
#2726 = CARTESIAN_POINT ( 'NONE',  ( 29.52185620685923695, -12.68760114167239728, 9.999999929754769923 ) ) ;
#2727 = CARTESIAN_POINT ( 'NONE',  ( 21.68837803990042445, -20.88964122353727149, 7.608356887707578231 ) ) ;
#2728 = ADVANCED_FACE ( 'NONE', ( #317 ), #5156, .T. ) ;
#2729 = CARTESIAN_POINT ( 'NONE',  ( -6.815659140591316500, 25.56735781453977197, 3.632913921494232756 ) ) ;
#2730 = CARTESIAN_POINT ( 'NONE',  ( 15.93436848542080142, 19.40352392950240557, 1.043454624431553901 ) ) ;
#2731 = CARTESIAN_POINT ( 'NONE',  ( 25.99447193774717846, 10.67636337345454933, 0.000000000000000000 ) ) ;
#2732 = CARTESIAN_POINT ( 'NONE',  ( -19.21596191366451123, -17.94441680560942132, 2.587004814735640146 ) ) ;
#2733 = CARTESIAN_POINT ( 'NONE',  ( -21.79783093956784512, 17.66447584813104399, -0.1000000000000000749 ) ) ;
#2734 = CARTESIAN_POINT ( 'NONE',  ( -28.16032373034557423, 11.24210415840424382, 7.653812168360164314 ) ) ;
#2735 = CARTESIAN_POINT ( 'NONE',  ( -12.27531774403124842, -28.00186875880087811, 9.999980323530664350 ) ) ;
#2736 = CARTESIAN_POINT ( 'NONE',  ( 26.08809594709870083, -12.38889516138919689, 5.948126192871235673 ) ) ;
#2737 = CARTESIAN_POINT ( 'NONE',  ( 22.48187419844887813, 21.91873039429549053, 9.273953859631893337 ) ) ;
#2738 = CARTESIAN_POINT ( 'NONE',  ( -21.61855840688864916, -20.98087046346089579, 7.611524438513222357 ) ) ;
#2739 = CARTESIAN_POINT ( 'NONE',  ( 23.60069194727762110, 21.31606833237188781, 10.00000000000000178 ) ) ;
#2740 = CARTESIAN_POINT ( 'NONE',  ( 33.29331651284274329, 13.67639551295845379, 10.00000000000000533 ) ) ;
#2741 = CARTESIAN_POINT ( 'NONE',  ( -23.34687944219673383, -9.061845976803008185, 0.9709373536637545543 ) ) ;
#2742 = CARTESIAN_POINT ( 'NONE',  ( 27.48051412360306855, -9.299739935746320185, 5.988480700662074163 ) ) ;
#2743 = CARTESIAN_POINT ( 'NONE',  ( 13.10823853966372710, 28.30931756072119043, 10.63053932645464350 ) ) ;
#2744 = CARTESIAN_POINT ( 'NONE',  ( -18.16956374744307467, 22.60326560326208067, 5.982702886743202164 ) ) ;
#2745 = CARTESIAN_POINT ( 'NONE',  ( -12.00395925798756558, -27.42544347841809227, 8.927939615992782407 ) ) ;
#2746 = CARTESIAN_POINT ( 'NONE',  ( -21.85654297046079719, -23.54094021588127461, 10.00000000000000178 ) ) ;
#2747 = CARTESIAN_POINT ( 'NONE',  ( 12.05783067127813268, -24.39936805558507160, 4.102431897486503942 ) ) ;
#2748 = VERTEX_POINT ( 'NONE', #4204 ) ;
#2749 = CARTESIAN_POINT ( 'NONE',  ( -29.74892875639638135, -13.72968218853813838, 10.95135893766970270 ) ) ;
#2750 = CARTESIAN_POINT ( 'NONE',  ( -35.58379233103861594, -6.688381059595070788, 10.00000000000000533 ) ) ;
#2751 = CARTESIAN_POINT ( 'NONE',  ( 28.51360689855728126, 13.30560458141120428, 9.290009639847619738 ) ) ;
#2752 = CARTESIAN_POINT ( 'NONE',  ( -22.60431547599493030, 15.53346426692615978, 4.203903826912364750 ) ) ;
#2753 = CARTESIAN_POINT ( 'NONE',  ( -0.6075007980519180339, -27.71673817321220312, 8.415586069211306253 ) ) ;
#2754 = CARTESIAN_POINT ( 'NONE',  ( 3.217269560254020888, 28.23436427629356515, 23.01000000000000156 ) ) ;
#2755 = CARTESIAN_POINT ( 'NONE',  ( 12.38813041667134662, 27.99620225450909317, 9.999355353479932873 ) ) ;
#2756 = CARTESIAN_POINT ( 'NONE',  ( 20.88039487474579659, -18.81914016213892182, -0.000000000000000000 ) ) ;
#2757 = CARTESIAN_POINT ( 'NONE',  ( 11.37227946994520167, 26.56085868770589187, 7.259660629477786564 ) ) ;
#2758 = CARTESIAN_POINT ( 'NONE',  ( -22.02100572429788272, -23.35432505202546594, 9.999990674653302491 ) ) ;
#2759 = CARTESIAN_POINT ( 'NONE',  ( 31.58800452225792554, 6.131127683251347271, 9.999987534274021428 ) ) ;
#2760 = CARTESIAN_POINT ( 'NONE',  ( 23.33295132918741999, 9.097191414411106791, 0.9707269572855247164 ) ) ;
#2761 = CARTESIAN_POINT ( 'NONE',  ( 21.51423174836500962, -21.11967021594938387, 7.617016178330732856 ) ) ;
#2762 = CARTESIAN_POINT ( 'NONE',  ( -6.484085697688928285, 24.90400699891886660, 1.966301152806760877 ) ) ;
#2763 = CARTESIAN_POINT ( 'NONE',  ( -11.56787085976511165, 22.31016204382753187, 0.9345271185861223628 ) ) ;
#2764 = CARTESIAN_POINT ( 'NONE',  ( 24.95868973814492264, 11.32966955529939490, -0.8889690687347089337 ) ) ;
#2765 = CARTESIAN_POINT ( 'NONE',  ( -22.86745850271144320, -21.38431530543784120, 9.259274725885145330 ) ) ;
#2766 = CARTESIAN_POINT ( 'NONE',  ( 22.56487472186657328, 21.81372895890922337, 9.278137046153579703 ) ) ;
#2767 = CARTESIAN_POINT ( 'NONE',  ( -26.40962446880314474, 23.80376877742763497, 10.00000000000000000 ) ) ;
#2768 = CARTESIAN_POINT ( 'NONE',  ( -25.70403281885347724, 10.27748446474701538, 4.312139663637471365 ) ) ;
#2769 = CARTESIAN_POINT ( 'NONE',  ( 2.344402447235873765, -28.23366388901897395, 9.999988960797761450 ) ) ;
#2770 = CARTESIAN_POINT ( 'NONE',  ( 25.09219886924211806, -11.55928964119553193, 4.290328943771315906 ) ) ;
#2771 = CARTESIAN_POINT ( 'NONE',  ( 23.40434969207283444, 22.78374053572273894, 10.93983704262979550 ) ) ;
#2772 = CARTESIAN_POINT ( 'NONE',  ( -19.89074119779451166, -19.09832067635820607, 4.268882091125821177 ) ) ;
#2773 = CARTESIAN_POINT ( 'NONE',  ( 31.64521971936169109, 5.913906111747253114, 10.00000000000000178 ) ) ;
#2774 = CARTESIAN_POINT ( 'NONE',  ( 26.73927599502713193, 8.555355155541354506, -0.1000000000000000056 ) ) ;
#2775 = CARTESIAN_POINT ( 'NONE',  ( -31.60008546789502049, 2.641531197519586982, 9.325387017706738391 ) ) ;
#2776 = CARTESIAN_POINT ( 'NONE',  ( 29.64372293743273090, -6.411115670028558533, 7.661070743179662301 ) ) ;
#2777 = CARTESIAN_POINT ( 'NONE',  ( 11.28295277753024095, 25.64143330219039640, 5.644602807557268065 ) ) ;
#2778 = CARTESIAN_POINT ( 'NONE',  ( -21.15131399342872243, 21.56305574303744166, 7.625524940092405224 ) ) ;
#2779 = CARTESIAN_POINT ( 'NONE',  ( -12.35939302300271336, -27.41215190579612937, 8.964389751744718637 ) ) ;
#2780 = FACE_OUTER_BOUND ( 'NONE', #2321, .T. ) ;
#2781 = CARTESIAN_POINT ( 'NONE',  ( 10.84628330854481248, -22.53887045883757878, 0.7572362908905981849 ) ) ;
#2782 = ORIENTED_EDGE ( 'NONE', *, *, #3892, .T. ) ;
#2783 = CARTESIAN_POINT ( 'NONE',  ( -26.14982779556136450, -12.28169812624356538, 5.946921413628055930 ) ) ;
#2784 = CARTESIAN_POINT ( 'NONE',  ( 27.34403967514243305, 12.77641045814974063, 7.621838675226155324 ) ) ;
#2785 = CARTESIAN_POINT ( 'NONE',  ( -27.19811352762484091, 12.99226033742347575, 7.608455289912269492 ) ) ;
#2786 = CARTESIAN_POINT ( 'NONE',  ( 2.863685357167607748, -24.84738788910186713, 0.09213007197737867193 ) ) ;
#2787 = CARTESIAN_POINT ( 'NONE',  ( -14.03488878605492474, -31.40194286662958945, 10.00000000000000000 ) ) ;
#2788 = CARTESIAN_POINT ( 'NONE',  ( 9.488888890463451631, 28.10897128740714734, 9.999530362963277241 ) ) ;
#2789 = CARTESIAN_POINT ( 'NONE',  ( 10.84430226533300612, 25.71256419955933836, 5.602081154009323605 ) ) ;
#2790 = CARTESIAN_POINT ( 'NONE',  ( -16.14131765225859638, -27.25614457439339589, 10.00000000000000178 ) ) ;
#2791 = CARTESIAN_POINT ( 'NONE',  ( 31.41857512593627177, 6.943211041926749871, 10.00000043717990827 ) ) ;
#2792 = CARTESIAN_POINT ( 'NONE',  ( 29.49417032534953975, 11.48218567837081849, 9.333654825740598682 ) ) ;
#2793 = CARTESIAN_POINT ( 'NONE',  ( 20.64902592701972495, -25.69749576050305961, 11.00526632364919699 ) ) ;
#2794 = B_SPLINE_CURVE_WITH_KNOTS ( 'NONE', 3,
 ( #1314, #5308, #1771, #3292, #282, #4282, #2722 ),
 .UNSPECIFIED., .F., .F.,
 ( 4, 1, 1, 1, 4 ),
 ( 0.000000000000000000, 0.2500000000000000000, 0.5000000000000000000, 0.7500000000000000000, 1.000000000000000000 ),
 .UNSPECIFIED. ) ;
#2795 = CARTESIAN_POINT ( 'NONE',  ( -12.57828378921511714, 28.30095139114492042, 10.57508054960857713 ) ) ;
#2796 = CARTESIAN_POINT ( 'NONE',  ( -35.92219554904606582, -2.787981136931429127, 23.01000000000000156 ) ) ;
#2797 = EDGE_CURVE ( 'NONE', #216, #450, #3183, .T. ) ;
#2798 = CARTESIAN_POINT ( 'NONE',  ( 27.77551573162288534, 5.221250218235985230, 0.000000000000000000 ) ) ;
#2799 = CARTESIAN_POINT ( 'NONE',  ( -23.49865902666777728, -20.50602659308256293, 9.241044863135535081 ) ) ;
#2800 = CARTESIAN_POINT ( 'NONE',  ( 23.45911870145324229, 22.71709062264863377, 10.94732568269688322 ) ) ;
#2801 = CARTESIAN_POINT ( 'NONE',  ( -35.58618427535102313, 6.678298814701833841, 9.999999999999998224 ) ) ;
#2802 = CARTESIAN_POINT ( 'NONE',  ( -22.57380357106974245, 10.83232081934167113, 0.9372636435186948445 ) ) ;
#2803 = CARTESIAN_POINT ( 'NONE',  ( -21.26025002145298970, -28.97159587849003159, 23.01000000000000512 ) ) ;
#2804 = CARTESIAN_POINT ( 'NONE',  ( 12.33015235019871447, -27.99628248913339235, 9.999953155818793959 ) ) ;
#2805 = CARTESIAN_POINT ( 'NONE',  ( 23.60029043249572567, -16.21084709328660978, 5.879679971461398758 ) ) ;
#2806 = CARTESIAN_POINT ( 'NONE',  ( 19.02129468418312186, 18.16659376973236562, 2.595838143762139172 ) ) ;
#2807 = CARTESIAN_POINT ( 'NONE',  ( -18.93465850217347324, -18.26588286638922298, 2.601262741788318955 ) ) ;
#2808 = CARTESIAN_POINT ( 'NONE',  ( 24.98292529986326116, -2.501772883919837653, 1.042116039267678040 ) ) ;
#2809 = CARTESIAN_POINT ( 'NONE',  ( 22.98958160506887438, 22.15661142446030496, 10.00000000000000178 ) ) ;
#2810 = CARTESIAN_POINT ( 'NONE',  ( 25.52066930016626856, -11.57694897873593121, -0.1000000000000000749 ) ) ;
#2811 = CARTESIAN_POINT ( 'NONE',  ( -28.55828769941780010, -5.063778492125060815, 5.983543844547556390 ) ) ;
#2812 = CARTESIAN_POINT ( 'NONE',  ( 25.13766487023823260, -25.62085057629731821, 23.01000000000000156 ) ) ;
#2813 = CARTESIAN_POINT ( 'NONE',  ( 25.80446230988336254, -10.03314131652865804, 4.315898103969004751 ) ) ;
#2814 = CARTESIAN_POINT ( 'NONE',  ( 14.87337461600463229, 27.07450215540668381, 9.161627164361190623 ) ) ;
#2815 = CARTESIAN_POINT ( 'NONE',  ( -14.32583913826751143, 24.81928290409810600, 5.873228427389099338 ) ) ;
#2816 = CARTESIAN_POINT ( 'NONE',  ( -12.78522147963218458, -25.33363394438766036, 5.782076307055184827 ) ) ;
#2817 = CARTESIAN_POINT ( 'NONE',  ( 12.57325091909415171, -26.41907079674830783, 7.377467953795746602 ) ) ;
#2818 = ORIENTED_EDGE ( 'NONE', *, *, #4298, .T. ) ;
#2819 = CARTESIAN_POINT ( 'NONE',  ( -29.72194476485441683, -13.76701085769137300, 10.94971776070453373 ) ) ;
#2820 = AXIS2_PLACEMENT_3D ( 'NONE', #6258, #347, #4876 ) ;
#2821 = CARTESIAN_POINT ( 'NONE',  ( 23.55269539831628123, 11.70859462347780955, 2.596045496715447598 ) ) ;
#2822 = CARTESIAN_POINT ( 'NONE',  ( -20.11065057522430166, 18.83010641130684704, 4.256303593081954162 ) ) ;
#2823 = CARTESIAN_POINT ( 'NONE',  ( -4.226368509591353018, -25.89322293874663572, 3.481426589260947502 ) ) ;
#2824 = CARTESIAN_POINT ( 'NONE',  ( 16.52425773432178957, 27.12675868321348460, 10.00000000000000178 ) ) ;
#2825 = CARTESIAN_POINT ( 'NONE',  ( 10.75219695439021983, 28.06529690877410488, 9.999908346451466201 ) ) ;
#2826 = CARTESIAN_POINT ( 'NONE',  ( 12.63909130028916472, 28.30656834011380951, 10.58252910489856902 ) ) ;
#2827 = CARTESIAN_POINT ( 'NONE',  ( -22.91477449548125733, -22.25456947580896383, 9.999697506818426618 ) ) ;
#2828 = CARTESIAN_POINT ( 'NONE',  ( 30.63933098404451272, -9.840962221299276891, 9.999997678527149603 ) ) ;
#2829 = CARTESIAN_POINT ( 'NONE',  ( 30.69921605784175256, 12.02840386932318495, 11.00620338356966954 ) ) ;
#2830 = CARTESIAN_POINT ( 'NONE',  ( 18.81010335033144543, -18.40431854659040667, 2.606706685258170175 ) ) ;
#2831 = CARTESIAN_POINT ( 'NONE',  ( -3.014980828702447546, 25.41400286717689028, 1.762592732226518022 ) ) ;
#2832 = DIRECTION ( 'NONE',  ( 1.000000000000000000, 0.000000000000000000, 0.000000000000000000 ) ) ;
#2833 = CARTESIAN_POINT ( 'NONE',  ( -20.49235268754817696, -18.36110252092912631, 4.241135628836961047 ) ) ;
#2834 = CARTESIAN_POINT ( 'NONE',  ( 20.83834612406418785, 19.93271070091034503, 5.936403889671138856 ) ) ;
#2835 = CARTESIAN_POINT ( 'NONE',  ( -24.30500881453046702, 14.01507822788672364, -0.1000000000000000888 ) ) ;
#2836 = CARTESIAN_POINT ( 'NONE',  ( -22.58471271493565524, 10.80993931404245423, 0.9381588806430921634 ) ) ;
#2837 = CARTESIAN_POINT ( 'NONE',  ( 7.533144503815138115, -28.15969182092472423, 9.999988430913184345 ) ) ;
#2838 = ADVANCED_FACE ( 'NONE', ( #5334 ), #4672, .F. ) ;
#2839 = CARTESIAN_POINT ( 'NONE',  ( 21.89551848900101305, -12.12895967072473091, 0.8936595124924412437 ) ) ;
#2840 = CARTESIAN_POINT ( 'NONE',  ( 28.20810302170731632, -14.73370687279447466, 23.01000000000000156 ) ) ;
#2841 = CARTESIAN_POINT ( 'NONE',  ( 33.54470374678190581, 13.06724341779594845, 10.00000000000000000 ) ) ;
#2842 = CARTESIAN_POINT ( 'NONE',  ( 35.58618427539123985, -6.678298814863482313, 9.999999999999991118 ) ) ;
#2843 = CARTESIAN_POINT ( 'NONE',  ( -30.81911399302001087, 11.69668047927126686, 10.99621715782217635 ) ) ;
#2844 = CARTESIAN_POINT ( 'NONE',  ( -34.35374308351180161, -10.99037196115488690, 10.00000000000000000 ) ) ;
#2845 = CARTESIAN_POINT ( 'NONE',  ( 23.41425672643871181, -8.886399429197416211, 0.9707268302234938195 ) ) ;
#2846 = CARTESIAN_POINT ( 'NONE',  ( 14.49590360277329637, 20.41787537942215280, 0.9512883881119879037 ) ) ;
#2847 = CARTESIAN_POINT ( 'NONE',  ( -19.00390859231985985, 26.79967107818830030, 10.97460195540169003 ) ) ;
#2848 = CARTESIAN_POINT ( 'NONE',  ( -11.71743315267910290, -26.53225053700835900, 7.299069676885212132 ) ) ;
#2849 = CARTESIAN_POINT ( 'NONE',  ( 17.58031918055731069, -17.92568815634766111, 1.027275647103262468 ) ) ;
#2850 = CARTESIAN_POINT ( 'NONE',  ( -14.21652442454528575, -27.81178009024835163, 10.00000000000000178 ) ) ;
#2851 = CARTESIAN_POINT ( 'NONE',  ( 14.46205519007100548, -21.97550130358090215, 2.600191004178984855 ) ) ;
#2852 = ORIENTED_EDGE ( 'NONE', *, *, #3978, .T. ) ;
#2853 = CARTESIAN_POINT ( 'NONE',  ( -26.79378877389594749, -11.07723587300735879, 5.980214342457589538 ) ) ;
#2854 = CARTESIAN_POINT ( 'NONE',  ( 28.21107016547193425, 13.75289260873099728, 9.277996774921973611 ) ) ;
#2855 = CARTESIAN_POINT ( 'NONE',  ( -23.53895952644500511, 22.59150837350110663, 10.93474670554572725 ) ) ;
#2856 = CARTESIAN_POINT ( 'NONE',  ( -2.270354016503810080, -25.47768782321805503, 1.737126818044995913 ) ) ;
#2857 = CARTESIAN_POINT ( 'NONE',  ( -29.38818346126327441, 12.93088197890824631, 23.01000000000000156 ) ) ;
#2858 = CARTESIAN_POINT ( 'NONE',  ( -7.379165937986540413, 28.16331350247025256, 9.999998568171001523 ) ) ;
#2859 = CARTESIAN_POINT ( 'NONE',  ( 11.48012896253806225, 26.55029483562300641, 7.268580270182870784 ) ) ;
#2860 = CARTESIAN_POINT ( 'NONE',  ( -10.72694995011855568, 28.06410773635309397, 23.01000000000000156 ) ) ;
#2861 = CARTESIAN_POINT ( 'NONE',  ( 30.61587339339583025, 9.899828740360534951, 10.00000000000193623 ) ) ;
#2862 = CARTESIAN_POINT ( 'NONE',  ( 27.01669522374891841, 10.56137302501599251, 5.988472411953259744 ) ) ;
#2863 = CARTESIAN_POINT ( 'NONE',  ( 22.14692095971107122, -24.40597982610687922, 11.00088434342491617 ) ) ;
#2864 = CARTESIAN_POINT ( 'NONE',  ( -20.36851580341699020, -19.35803615984721304, 0.000000000000000000 ) ) ;
#2865 = CARTESIAN_POINT ( 'NONE',  ( -33.54470370839181470, -13.06724351640045967, 23.01000000000000156 ) ) ;
#2866 = CARTESIAN_POINT ( 'NONE',  ( -22.28355400126913466, -20.08657826420551729, 7.580346597936987507 ) ) ;
#2867 = CARTESIAN_POINT ( 'NONE',  ( 20.88543258815050052, 19.87310217688948200, 5.934491135904469417 ) ) ;
#2868 = CARTESIAN_POINT ( 'NONE',  ( -26.08462281062850252, 12.38743563000763892, 5.943227007712799548 ) ) ;
#2869 = CARTESIAN_POINT ( 'NONE',  ( 5.090621308829438973, -28.20669141009584990, 9.999625874232648925 ) ) ;
#2870 = CARTESIAN_POINT ( 'NONE',  ( 28.37838602726134241, -13.50338398474779567, 9.284360736508141088 ) ) ;
#2871 = CARTESIAN_POINT ( 'NONE',  ( 29.97592626933818138, -11.70490221231226258, 23.01000000000000156 ) ) ;
#2872 = CARTESIAN_POINT ( 'NONE',  ( 34.35374308357233275, 10.99037196094569246, 10.00000000000000000 ) ) ;
#2873 = CARTESIAN_POINT ( 'NONE',  ( -6.332448062250920273, 31.39912382803347768, 9.999999999999987566 ) ) ;
#2874 = CARTESIAN_POINT ( 'NONE',  ( 23.80172189149985584, 13.73570417853037995, -0.8889690687347068243 ) ) ;
#2875 = CARTESIAN_POINT ( 'NONE',  ( -27.11676287641926208, 10.29156992944883342, 5.983577195699600004 ) ) ;
#2876 = CARTESIAN_POINT ( 'NONE',  ( 25.13766487023823260, -25.62085057629731821, 10.00000000000000000 ) ) ;
#2877 = CARTESIAN_POINT ( 'NONE',  ( 26.98646114677787722, -10.63733370408003687, 5.988344647175884106 ) ) ;
#2878 = CARTESIAN_POINT ( 'NONE',  ( 20.07065470248963024, 20.84095009596537196, 5.962191668559085223 ) ) ;
#2879 = CARTESIAN_POINT ( 'NONE',  ( -12.64542264089252299, 25.34771314915106899, 5.762221152153730763 ) ) ;
#2880 = CARTESIAN_POINT ( 'NONE',  ( -11.48221749559774807, -26.55370717282464454, 7.275126517789479941 ) ) ;
#2881 = CARTESIAN_POINT ( 'NONE',  ( -6.215408705509941178, -28.19498281466203338, 10.00000000000000178 ) ) ;
#2882 = ORIENTED_EDGE ( 'NONE', *, *, #3907, .F. ) ;
#2883 = CARTESIAN_POINT ( 'NONE',  ( -25.65424972805356774, -10.39761534332443915, 4.311517691093032845 ) ) ;
#2884 = CARTESIAN_POINT ( 'NONE',  ( -29.97624145081921299, -11.69563104085561456, 10.00032184985503214 ) ) ;
#2885 = CARTESIAN_POINT ( 'NONE',  ( 24.77715581147064583, 12.11339040264205025, 4.270625571201089876 ) ) ;
#2886 = CARTESIAN_POINT ( 'NONE',  ( -22.47037204988854597, 17.79679409232663190, 5.880536592078617453 ) ) ;
#2887 = CARTESIAN_POINT ( 'NONE',  ( 1.429878033637973722, -27.17566315832432622, 6.732205611845339277 ) ) ;
#2888 = CARTESIAN_POINT ( 'NONE',  ( -22.24720417293379882, 23.10709088691792701, 10.00000000000000178 ) ) ;
#2889 = CARTESIAN_POINT ( 'NONE',  ( 11.40147159313426251, 28.03972827684669511, 9.999999588234961934 ) ) ;
#2890 = CARTESIAN_POINT ( 'NONE',  ( 10.42581228436439034, 24.83938016080241695, 3.954999640595742161 ) ) ;
#2891 = CARTESIAN_POINT ( 'NONE',  ( -30.13812433285065495, 11.27422519361256192, 23.01000000000000156 ) ) ;
#2892 = CARTESIAN_POINT ( 'NONE',  ( 31.32006627745683502, -7.423724072156901777, 9.999996546101719730 ) ) ;
#2893 = CARTESIAN_POINT ( 'NONE',  ( 23.31397800284417343, 9.145722404744651257, 0.9707009403390215452 ) ) ;
#2894 = CARTESIAN_POINT ( 'NONE',  ( 18.66839164925014316, -18.55987122233347009, 2.612414103121690978 ) ) ;
#2895 = CARTESIAN_POINT ( 'NONE',  ( -24.57630983785369594, -13.65317738559283001, 9.602695140022271176E-06 ) ) ;
#2896 = CARTESIAN_POINT ( 'NONE',  ( -24.28289952936482976, 26.57579898481710146, 23.01000000000000512 ) ) ;
#2897 = CARTESIAN_POINT ( 'NONE',  ( -20.14915896032771769, -16.82865270863421259, 2.552151175250087611 ) ) ;
#2898 = CARTESIAN_POINT ( 'NONE',  ( 19.09279730074850789, 18.08707386197693268, 2.594068244063464590 ) ) ;
#2899 = CARTESIAN_POINT ( 'NONE',  ( 13.06716708028898388, 24.22465922898557977, -0.8889690687347093778 ) ) ;
#2900 = CARTESIAN_POINT ( 'NONE',  ( -23.76719960148608735, 11.30597400956303744, 2.608934441537952509 ) ) ;
#2901 = CARTESIAN_POINT ( 'NONE',  ( 7.714476824751373307, -28.15541455267133841, 9.999998290395099687 ) ) ;
#2902 = CARTESIAN_POINT ( 'NONE',  ( 25.99317895060517714, -12.54444571530926744, 5.943177986228787901 ) ) ;
#2903 = CARTESIAN_POINT ( 'NONE',  ( 21.66173778014461604, 20.91498746581353885, 7.602430964751790476 ) ) ;
#2904 = CARTESIAN_POINT ( 'NONE',  ( 34.35793571007560132, -10.97790309610044091, 10.00000000000000000 ) ) ;
#2905 = CARTESIAN_POINT ( 'NONE',  ( -0.004346060357663869556, 31.39999969923852774, 10.00000000000001243 ) ) ;
#2906 = CARTESIAN_POINT ( 'NONE',  ( -6.323755937379950787, -31.40087557042958011, 9.999999999999982236 ) ) ;
#2907 = CARTESIAN_POINT ( 'NONE',  ( -28.56623001586225996, 10.18547302289652912, 7.654456214797836111 ) ) ;
#2908 = CARTESIAN_POINT ( 'NONE',  ( -25.94845273830692634, 10.87265592490324195, -3.589707807639216974E-06 ) ) ;
#2909 = CARTESIAN_POINT ( 'NONE',  ( 24.61158488784191434, -9.454897514718203055, 2.643312523343377407 ) ) ;
#2910 = VECTOR ( 'NONE', #2977, 1000.000000000000114 ) ;
#2911 = CARTESIAN_POINT ( 'NONE',  ( 21.09629253804740401, 21.62679112414837235, 7.627263511348094660 ) ) ;
#2912 = CARTESIAN_POINT ( 'NONE',  ( -13.00153749877413212, 22.79243202888217468, 2.537175913584163833 ) ) ;
#2913 = CARTESIAN_POINT ( 'NONE',  ( -15.27292304878600149, -24.41794728203261400, 5.922617989988924414 ) ) ;
#2914 = CARTESIAN_POINT ( 'NONE',  ( -8.221070779931302752, -28.15421116020694470, 23.01000000000000156 ) ) ;
#2915 = CARTESIAN_POINT ( 'NONE',  ( 11.79248058412126987, -25.54711137492607165, 5.696150095488333953 ) ) ;
#2916 = VERTEX_POINT ( 'NONE', #6217 ) ;
#2917 = CARTESIAN_POINT ( 'NONE',  ( -30.02217791370854982, -13.33624267702726840, 10.97094352475584245 ) ) ;
#2918 = CARTESIAN_POINT ( 'NONE',  ( -29.78060184403119948, -12.15782168089701010, 10.00001545492018806 ) ) ;
#2919 = B_SPLINE_CURVE_WITH_KNOTS ( 'NONE', 3,
 ( #4682, #5763, #4715, #2623, #5176, #1142, #684, #4247, #118, #248, #6263, #5728, #4151, #3258, #3715 ),
 .UNSPECIFIED., .F., .F.,
 ( 4, 1, 2, 2, 2, 2, 2, 4 ),
 ( 0.000000000000000000, 0.1249999999999992784, 0.1874999999999987510, 0.2499999999999982236, 0.3749999999999985012, 0.4999999999999987788, 0.7499999999999993339, 1.000000000000000000 ),
 .UNSPECIFIED. ) ;
#2920 = CIRCLE ( 'NONE', #5879, 25.10000000000000142 ) ;
#2921 = ADVANCED_FACE ( 'NONE', ( #4238 ), #1691, .T. ) ;
#2922 = CARTESIAN_POINT ( 'NONE',  ( 23.78833150890208614, 11.26910776487253507, 2.612100032582764353 ) ) ;
#2923 = CARTESIAN_POINT ( 'NONE',  ( -21.76229269655934218, 20.78348189792962586, 7.598785792163493369 ) ) ;
#2924 = CARTESIAN_POINT ( 'NONE',  ( -10.57381003843552136, -27.48466279480595631, 8.824766238215552505 ) ) ;
#2925 = CARTESIAN_POINT ( 'NONE',  ( -13.81590148562967357, 27.85232483635336109, 23.01000000000000156 ) ) ;
#2926 = CARTESIAN_POINT ( 'NONE',  ( -1.233630369364538293, 28.23881339673328483, 9.999993360838635326 ) ) ;
#2927 = CARTESIAN_POINT ( 'NONE',  ( 9.981184457795579945, 23.97076593934484734, 2.301424449821060314 ) ) ;
#2928 = CARTESIAN_POINT ( 'NONE',  ( -13.81590148562967357, 27.85232483635336109, 23.01000000000000156 ) ) ;
#2929 = CARTESIAN_POINT ( 'NONE',  ( 29.85008536140577817, 12.00167508286261331, 10.00000262399733586 ) ) ;
#2930 = CARTESIAN_POINT ( 'NONE',  ( 23.93705387142017216, 7.538559269250670880, 0.9707258440178998526 ) ) ;
#2931 = CARTESIAN_POINT ( 'NONE',  ( 18.71650881850665726, 16.62252120909011666, 0.8995521319142257832 ) ) ;
#2932 = DIRECTION ( 'NONE',  ( 0.000000000000000000, 0.000000000000000000, 1.000000000000000000 ) ) ;
#2933 = CARTESIAN_POINT ( 'NONE',  ( -36.00023347139982377, 0.5550879464327989066, 23.01000000000000156 ) ) ;
#2934 = CARTESIAN_POINT ( 'NONE',  ( -20.74813468865327692, -20.04686040591909801, 5.940495212425206617 ) ) ;
#2935 = CARTESIAN_POINT ( 'NONE',  ( 19.07503906382364534, 18.10728511475117486, 2.594881750924292962 ) ) ;
#2936 = CARTESIAN_POINT ( 'NONE',  ( 13.31777419061451440, 24.72353981784943500, -0.1000000000000001998 ) ) ;
#2937 = B_SPLINE_SURFACE_WITH_KNOTS ( 'NONE', 3, 3, ( 
 ( #6416, #1397, #5428, #937, #2942, #565, #4996 ),
 ( #4597, #4061, #2478, #1585, #2050, #5549, #5090 ),
 ( #3590, #5026, #1054, #3967, #1084, #3471, #2973 ),
 ( #3070, #1461, #6043, #2566, #39, #5613, #4001 ),
 ( #1955, #6514, #9, #65, #6073, #503, #5491 ),
 ( #2079, #5985, #4093, #1555, #3005, #3560, #470 ),
 ( #966, #4536, #6104, #3101, #5583, #5121, #597 ),
 ( #5519, #1027, #2601, #4503, #1524, #1990, #1493 ),
 ( #4629, #6013, #3500, #4033, #998, #2505, #2020 ),
 ( #5059, #3531, #3037, #534, #2534, #4565, #1254 ),
 ( #6166, #1678, #5736, #1616, #3724, #2134, #2632 ),
 ( #5773, #3687, #5218, #125, #1647, #4258, #3200 ),
 ( #4659, #4157, #5251, #6273, #6201, #3267, #3135 ),
 ( #3625, #3761, #3654, #5673, #222, #4190, #5644 ),
 ( #1151, #5704, #727, #5150, #5286, #2732, #2203 ),
 ( #1744, #189, #1183, #3234, #1117, #761, #3168 ),
 ( #2106, #2765, #627, #5184, #6237, #1217, #6134 ),
 ( #4755, #4723, #98, #658, #4128, #2663, #4687 ),
 ( #2238, #4221, #153, #2170, #692, #2697, #1709 ),
 ( #4890, #5841, #2866, #5807, #2833, #258, #831 ),
 ( #4925, #5420, #2271, #3368, #3858, #360, #1780 ),
 ( #3893, #2799, #897, #4858, #2366, #3520, #4825 ),
 ( #4292, #398, #3400, #1291, #1511, #2897, #4395 ),
 ( #4432, #6407, #1846, #1389, #6308, #6444, #1323 ),
 ( #3794, #3927, #3302, #5319, #1884, #5909, #796 ),
 ( #2404, #1918, #6032, #293, #1017, #4791, #2303 ),
 ( #5537, #4329, #3334, #6339, #1814, #3827, #5350 ),
 ( #327, #2335, #4363, #6372, #5875, #1356, #5385 ),
 ( #864, #3642, #522, #1606, #2096, #1104, #27 ),
 ( #114, #2122, #1044, #5662, #5601, #617, #1665 ),
 ( #2524, #5046, #5170, #3121, #1137, #3672, #4175 ),
 ( #4116, #5139, #3024, #2587, #2038, #2552, #6124 ),
 ( #2153, #6185, #5110, #142, #4079, #645, #3611 ),
 ( #4146, #85, #2619, #553, #1574, #5690, #3155 ),
 ( #56, #2651, #5633, #4646, #4553, #5078, #4051 ),
 ( #6152, #1634, #3056, #4583, #4675, #6062, #1542 ),
 ( #2067, #3548, #5571, #4617, #6091, #3578, #1073 ),
 ( #3089, #584, #206, #1310, #5269, #173, #2716 ),
 ( #4775, #5234, #1766, #4241, #4742, #3186, #817 ),
 ( #4707, #2256, #5204, #2783, #2189, #2322, #745 ),
 ( #2819, #3778, #2683, #1832, #2223, #1275, #3252 ),
 ( #277, #5722, #3813, #3744, #5304, #6358, #1202 ),
 ( #677, #3320, #5792, #1800, #3845, #4348, #242 ),
 ( #2749, #5755, #1170, #4277, #5827, #3287, #5337 ),
 ( #1239, #2290, #4844, #6292, #4207, #312, #6220 ),
 ( #1694, #780, #6256, #4811, #3708, #3218, #4313 ),
 ( #1729, #712, #6326, #2422, #5009, #1375, #5859 ),
 ( #2917, #4451, #5896, #5405, #3481, #6461, #978 ),
 ( #1340, #915, #379, #2489, #5961, #5502, #2985 ),
 ( #482, #6428, #4517, #6526, #2003, #1936, #3945 ),
 ( #4946, #883, #1903, #3421, #5372, #3355, #2387 ),
 ( #418, #2459, #849, #2853, #4417, #4977, #4875 ),
 ( #346, #2353, #5471, #451, #4381, #5439, #4485 ),
 ( #6390, #3386, #1867, #3878, #2883, #3912, #6493 ),
 ( #4910, #1442, #1968, #5927, #1409, #3980, #3455 ),
 ( #948, #2953, #5996, #1473, #5530, #5652, #546 ),
 ( #6025, #3146, #1010, #5038, #3601, #5129, #3513 ),
 ( #607, #2088, #1128, #6055, #134, #4013, #2031 ),
 ( #2611, #6114, #2545, #3016, #6143, #4137, #1504 ),
 ( #4105, #5071, #1596, #515, #2060, #2517, #50 ),
 ( #1625, #4637, #4546, #2576, #3080, #5623, #20 ),
 ( #3111, #4044, #105, #4072, #1095, #2642, #1535 ),
 ( #3542, #3633, #2114, #5161, #4667, #636, #1063 ),
 ( #3570, #6084, #5562, #5101, #1038, #3049, #4576 ),
 ( #1566, #5593, #576, #4608, #77, #2281, #4304 ),
 ( #3311, #1720, #5226, #1756, #4166, #2673, #2741 ),
 ( #5713, #6317, #1228, #5260, #1301, #4198, #2144 ),
 ( #5746, #737, #2179, #1686, #1790, #4766, #3804 ),
 ( #6211, #771, #5818, #3735, #5328, #5194, #5296 ),
 ( #809, #4697, #1193, #2811, #6248, #1161, #3770 ),
 ( #1657, #3244, #3278, #233, #4836, #3698, #6176 ),
 ( #3209, #161, #4733, #702, #2247, #2707, #198 ),
 ( #3662, #5681, #3177, #4268, #668, #5783, #2214 ),
 ( #6283, #2775, #4232, #1265, #4803, #268, #1857 ),
 ( #2377, #3937, #940, #4409, #3377, #6452, #2976 ),
 ( #4867, #4338, #2314, #2449, #4936, #2944, #5494 ),
 ( #3903, #6348, #6419, #4902, #969, #5919, #4968 ),
 ( #441, #3970, #370, #5951, #4476, #1400, #3345 ),
 ( #6485, #1958, #1464, #1894, #5397, #1927, #1823 ),
 ( #907, #5988, #3869, #3473, #3411, #5431, #303 ),
 ( #3837, #5850, #2907, #409, #337, #6381, #1331 ),
 ( #2344, #4372, #5361, #2414, #1365, #839, #4442 ),
 ( #2843, #5887, #874, #2875, #1433, #3446, #5462 ),
 ( #3562, #1527, #4064, #4538, #5552, #2537, #4506 ),
 ( #6046, #5585, #42, #1030, #5522, #599, #4096 ),
 ( #3534, #4568, #4004, #2569, #5093, #6517, #2603 ),
 ( #1055, #2052, #3040, #1001, #4630, #6107, #1993 ),
 ( #6075, #6016, #4599, #567, #4131, #1495, #4036 ),
 ( #99, #68, #3072, #2081, #1588, #3592, #12 ),
 ( #5616, #5062, #3503, #2108, #5123, #2480, #1087 ),
 ( #537, #3104, #3008, #1558, #473, #6137, #1619 ),
 ( #3627, #5029, #5647, #2023, #1119, #4999, #506 ),
 ( #2508, #6204, #2734, #5810, #2768, #3689, #3236 ),
 ( #2240, #3727, #5253, #4192, #1650, #4758, #155 ),
 ( #1219, #3138, #2699, #2136, #2666, #6239, #1782 ),
 ( #4295, #5220, #261, #1680, #5289, #2205, #1712 ),
 ( #191, #225, #661, #5706, #6310, #5775, #4689 ),
 ( #4261, #4662, #6276, #5187, #5675, #2635, #1257 ),
 ( #1154, #3797, #2274, #5738, #4726, #2172, #3171 ),
 ( #5153, #4224, #1186, #630, #730, #764, #4794 ),
 ( #127, #3201, #4159, #6169, #3656, #1746, #3763 ),
 ( #3270, #694, #5944, #330, #2407, #1425, #4435 ),
 ( #1325, #1359, #3403, #2306, #3438, #900, #2369 ),
 ( #6446, #4398, #3371, #5423, #798, #1921, #2836 ),
 ( #1294, #3930, #4827, #296, #1887, #2900, #2802 ),
 ( #4928, #6410, #3304, #3336, #5321, #4331, #2338 ),
 ( #6341, #401, #5388, #5352, #1817, #3830, #833 ),
 ( #5843, #3896, #4861, #867, #4366, #1849, #6375 ),
 ( #3861, #5878, #4893, #2868, #363, #5912, #1392 ),
 ( #4280, #6295, #5208, #3290, #3223, #4778, #5830 ),
 ( #4680, #2654, #2785, #5272, #1278, #1312, #1802 ),
 ( #6260, #748, #648, #209, #6190, #178, #3748 ),
 ( #6328, #3815, #2720, #4316, #1698, #4813, #1733 ),
 ( #1769, #4244, #245, #4711, #5725, #3322, #5306 ),
 ( #2226, #3781, #2158, #5796, #2687, #3190, #146 ),
 ( #1206, #681, #4179, #1670, #5759, #1242, #2193 ),
 ( #4211, #782, #279, #3255, #3676, #5694, #2292 ),
 ( #1174, #6224, #3712, #5239, #2752, #716, #4745 ),
 ( #2259, #5899, #4980, #5999, #454, #1412, #3915 ),
 ( #4420, #4878, #1378, #2886, #4846, #2956, #6393 ),
 ( #383, #3389, #5861, #951, #4454, #315, #3881 ),
 ( #2324, #6360, #4949, #6464, #4350, #4913, #1939 ),
 ( #2462, #851, #1476, #5339, #3358, #5408, #3948 ),
 ( #886, #1834, #4488, #5475, #2822, #5964, #5442 ),
 ( #3424, #3847, #2391, #820, #6431, #1445, #6496 ),
 ( #1343, #5930, #1906, #918, #5374, #3458, #2426 ),
 ( #2855, #1971, #2923, #421, #3984, #349, #2355 ),
 ( #4384, #1870, #4110, #2116, #4640, #549, #2988 ),
 ( #1538, #4140, #2548, #6118, #1570, #1600, #611 ),
 ( #2580, #3605, #4579, #6529, #5627, #1098, #5133 ),
 ( #3084, #1013, #2034, #108, #3115, #3020, #5074 ),
 ( #53, #2063, #2614, #5533, #3484, #6146, #4075 ),
 ( #3516, #5042, #5505, #6087, #981, #6028, #518 ),
 ( #4611, #5012, #5105, #3573, #579, #80, #5596 ),
 ( #1507, #6058, #2520, #1068, #23, #4549, #486 ),
 ( #2492, #4521, #2090, #2006, #4017, #4047, #3546 ),
 ( #5567, #1041, #3052, #3149, #2285, #3180, #1724 ),
 ( #5263, #2251, #5717, #4701, #1233, #4308, #1269 ),
 ( #3739, #5198, #740, #2218, #5750, #2677, #136 ),
 ( #671, #706, #6251, #1628, #1197, #639, #1164 ),
 ( #272, #775, #2778, #3702, #5299, #166, #3774 ),
 ( #3282, #4807, #3213, #2183, #3247, #3636, #2147 ),
 ( #5787, #4201, #1761, #2710, #4737, #5656, #3666 ),
 ( #6215, #6179, #1131, #5164, #201, #5229, #5684 ),
 ( #1689, #2645, #4236, #2744, #4669, #4770, #4168 ),
 ( #1659, #237, #4272, #6287, #446, #1437, #2382 ),
 ( #2847, #5400, #5854, #341, #3873, #5822, #3941 ),
 ( #4906, #1369, #2348, #307, #1931, #5435, #1305 ),
 ( #5891, #5332, #3906, #6423, #5466, #3315, #5365 ),
 ( #812, #5922, #911, #2815, #3381, #2912, #4413 ),
 ( #1827, #2453, #6321, #4343, #4376, #4941, #1898 ),
 ( #4870, #1335, #1794, #5956, #3450, #4840, #879 ),
 ( #1404, #2318, #943, #2879, #413, #2948, #374 ),
 ( #3808, #3350, #3416, #1862, #2417, #4446, #6456 ),
 ( #4972, #6352, #3840, #6385, #843, #1499, #3566 ),
 ( #4572, #5526, #2980, #4068, #3508, #3538, #2541 ),
 ( #4040, #3477, #4008, #1034, #3107, #3596, #5619 ),
 ( #1531, #973, #4604, #73, #6110, #1091, #6051 ),
 ( #6080, #6488, #5003, #5066, #2084, #1005, #4101 ),
 ( #3045, #5126, #6521, #4480, #603, #5558, #542 ),
 ( #6020, #1592, #46, #1963, #477, #1998, #3076 ),
 ( #3974, #2056, #5992, #1468, #5498, #2484, #5034 ),
 ( #4512, #3012, #1562, #5589, #511, #1058, #2513 ),
 ( #2027, #4542, #16, #5097, #572, #2572, #3265 ),
 ( #4856, #1812, #2201, #1251, #255, #1706, #3825 ),
 ( #2795, #3758, #1214, #2301, #6270, #1778, #793 ),
 ( #2268, #3721, #2236, #5805, #1353, #1844, #3856 ),
 ( #6370, #5770, #325, #3791, #1288, #5839, #6306 ),
 ( #219, #5283, #5873, #5348, #4255, #4289, #1321 ),
 ( #6337, #4752, #5248, #4219, #829, #758, #724 ),
 ( #3366, #3299, #5316, #1741, #2729, #2762, #4633 ),
 ( #5383, #4823, #2333, #4360, #5734, #2607, #4788 ),
 ( #101, #6234, #290, #4326, #3332, #2831, #3231 ),
 ( #5084, #496, #5143, #2044, #6098, #2559, #1548 ),
 ( #3128, #92, #2501, #6068, #559, #4, #5114 ),
 ( #119, #4531, #33, #2102, #622, #2594, #3584 ),
 ( #4623, #1579, #528, #5543, #3555, #5053, #5607 ),
 ( #2529, #2998, #2625, #4653, #2015, #2073, #5020 ),
 ( #4027, #2129, #4591, #4123, #4152, #1079, #6038 ),
 ( #4560, #3095, #3064, #6129, #1612, #60, #4056 ),
 ( #3649, #6160, #5578, #591, #1049, #3526, #4086 ),
 ( #1641, #3619, #5639, #1111, #992, #1517, #1021 ),
 ( #3031, #3295, #183, #4249, #720, #6229, #6194 ),
 ( #4782, #5178, #4216, #3228, #4683, #3260, #5764 ),
 ( #653, #5245, #250, #3753, #787, #1178, #1807 ),
 ( #3681, #3717, #2263, #1246, #1703, #2658, #1282 ),
 ( #3162, #6301, #5277, #2198, #753, #148, #5730 ),
 ( #2724, #1773, #5800, #3786, #2164, #6265, #214 ),
 ( #4183, #5311, #2757, #2789, #5698, #4817, #2230 ),
 ( #4321, #3195, #1673, #1144, #285, #2296, #6332 ),
 ( #5669, #5213, #686, #2691, #4717, #1942, #3885 ),
 ( #3393, #3953, #4459, #6469, #2359, #2430, #5378 ),
 ( #5903, #1382, #1910, #5412, #2396, #1839, #856 ),
 ( #3428, #5866, #1876, #3920, #3326, #6435, #6364 ),
 ( #1316, #5446, #2859, #4355, #5969, #3819, #890 ),
 ( #1348, #3851, #3362, #5343, #2890, #4883, #5834 ),
 ( #2826, #4850, #353, #4388, #4953, #2927, #425 ),
 ( #320, #4918, #924, #2328, #388, #4424, #5934 ),
 ( #6399, #1416, #1688, #2777, #200, #2250, #1268 ),
 ( #2743, #2182, #2709, #6286, #1826, #2317, #4342 ),
 ( #306, #4235, #5331, #4271, #1760, #2284, #236 ),
 ( #4806, #5197, #3701, #3773, #811, #2217, #3314 ),
 ( #5786, #6351, #5228, #3179, #3839, #3281, #5298 ),
 ( #4736, #2814, #774, #4839, #5716, #705, #1793 ),
 ( #4769, #5853, #6214, #6320, #165, #670, #1196 ),
 ( #2676, #739, #4200, #6250, #1723, #271, #3807 ),
 ( #4700, #5821, #4307, #3212, #3738, #1304, #5749 ),
 ( #1232, #3246, #5262, #445, #3349, #476, #2846 ),
 ( #2947, #2452, #842, #5434, #4479, #5955, #2979 ),
 ( #4007, #1334, #5890, #5921, #1962, #3449, #6422 ),
 ( #3476, #1467, #5364, #5991, #1436, #2381, #5465 ),
 ( #340, #3905, #5497, #972, #5002, #2347, #6455 ),
 ( #4971, #2483, #4412, #4511, #4375, #1403, #6384 ),
 ( #6520, #1997, #1861, #3872, #1930, #412, #1368 ),
 ( #3380, #5399, #878, #2878, #4905, #3415, #373 ),
 ( #1897, #910, #2911, #4940, #4445, #3940, #130 ),
 ( #3075, #5525, #5588, #4067, #2139, #5096, #2110 ),
 ( #4133, #3142, #1561, #5125, #1621, #571, #2512 ),
 ( #3629, #1124, #2637, #1057, #2540, #5618, #1498 ),
 ( #72, #5157, #3044, #6019, #2571, #4603, #3507 ),
 ( #1004, #3011, #2083, #4100, #6050, #5557, #5033 ),
 ( #1530, #3537, #510, #6109, #541, #4541, #1591 ),
 ( #15, #2026, #4039, #45, #1033, #5065, #4571 ),
 ( #3595, #2055, #1090, #3565, #3106, #2606, #3658 ),
 ( #5222, #2737, #5742, #4729, #4692, #6313, #3273 ),
 ( #6172, #3307, #5677, #5190, #3766, #5292, #1156 ),
 ( #767, #2243, #5813, #6207, #300, #4162, #2175 ),
 ( #2771, #6279, #2703, #3173, #1785, #4300, #1653 ),
 ( #664, #1297, #157, #3205, #3800, #1716, #2669 ),
 ( #1683, #1223, #4798, #4194, #803, #264, #1750 ),
 ( #5324, #4264, #3240, #2277, #3693, #2806, #697 ),
 ( #3731, #5709, #5778, #1260, #4832, #1189, #194 ),
 ( #2209, #4228, #229, #6243, #5256, #4762, #733 ),
 ( #4897, #6378, #2903, #5392, #3865, #4335, #1953 ),
 ( #5847, #3406, #6344, #3933, #1328, #3470, #6414 ) ),
 .UNSPECIFIED., .F., .F., .F.,
 ( 4, 3, 3, 3, 3, 3, 3, 3, 3, 3, 3, 3, 3, 3, 3, 3, 3, 3, 3, 3, 3, 3, 3, 3, 3, 3, 3, 3, 3, 3, 3, 3, 3, 3, 3, 3, 3, 3, 3, 3, 3, 3, 3, 3, 3, 3, 3, 3, 3, 3, 3, 3, 3, 3, 3, 3, 3, 3, 3, 3, 3, 3, 3, 3, 3, 3, 3, 3, 3, 3, 3, 3, 3, 3, 3, 3, 3, 3, 4 ),
 ( 4, 3, 4 ),
 ( 0.4999999930351505251, 0.5001220633493508316, 0.5002441336635512492, 0.5004882742919520844, 0.5009765555487537547, 0.5019531180623568734, 0.5039062430895633327, 0.5078124931439762513, 0.5156249932528020885, 0.5312499934704537630, 0.5468749936881053264, 0.5488281187153116747, 0.5498046812289149043, 0.5502929624857164637, 0.5505371031141172988, 0.5507812437425181340, 0.5546874937969310526, 0.5585937438513439712, 0.5605468688785504305, 0.5615234313921536602, 0.5620117126489552195, 0.5622558532773560547, 0.5624999939057568898, 0.5937499943410601277, 0.6249999947763633656, 0.6562499952116664925, 0.6718749954293181670, 0.6796874955381440042, 0.6816406205653504635, 0.6821289018221521339, 0.6826171830789536932, 0.6835937455925569228, 0.6874999956469697304, 0.6914062457013825380, 0.6933593707285889973, 0.6938476519853906677, 0.6943359332421922270, 0.6953124957557954566, 0.7031249958646212939, 0.7187499960822729683, 0.7343749962999245318, 0.7421874964087502580, 0.7431640589223534876, 0.7436523401791550469, 0.7438964808075558821, 0.7441406214359567173, 0.7460937464631631766, 0.7499999965175760952, 0.7656249967352276586, 0.7812499969528792221, 0.7968749971705308965, 0.8046874972793567338, 0.8085937473337696524, 0.8105468723609761117, 0.8115234348745792303, 0.8120117161313809007, 0.8124999973881824600, 0.8437499978234856979, 0.8749999982587888248, 0.9062499986940919516, 0.9218749989117436261, 0.9296874990205694633, 0.9306640615341726930, 0.9311523427909742523, 0.9313964834193750875, 0.9316406240477759226, 0.9335937490749823819, 0.9374999991293951895, 0.9531249993470467530, 0.9687499995646984274, 0.9843749997823499909, 0.9921874998911757171, 0.9960937499455886357, 0.9980468749727950950, 0.9990234374863983247, 0.9995117187431998840, 0.9997558593716007191, 0.9998779296858011367, 1.000000000000001554 ),
 ( 0.08634787410626243442, 0.5876118703214061600, 1.088875866536549886 ),
 .UNSPECIFIED. ) ;
#2938 = ADVANCED_FACE ( 'NONE', ( #2780 ), #5752, .T. ) ;
#2939 = CARTESIAN_POINT ( 'NONE',  ( 25.18193164326972422, -16.04392223287377206, 7.553701080266177037 ) ) ;
#2940 = CARTESIAN_POINT ( 'NONE',  ( -11.22838793569876259, -28.04739749996914711, 23.01000000000000156 ) ) ;
#2941 = CYLINDRICAL_SURFACE ( 'NONE', #4405, 10.99999999999999289 ) ;
#2942 = CARTESIAN_POINT ( 'NONE',  ( -19.91067358122141329, -19.07056107138108914, 4.264647809586408655 ) ) ;
#2943 = CARTESIAN_POINT ( 'NONE',  ( 19.68625601530428071, -20.07630919853468399, 0.000000000000000000 ) ) ;
#2944 = CARTESIAN_POINT ( 'NONE',  ( -25.76805063407343255, 5.573208773457735354, 2.641818838982545437 ) ) ;
#2945 = CARTESIAN_POINT ( 'NONE',  ( -7.114627307768956577, 27.19333907842462494, 0.0001304215688767378751 ) ) ;
#2946 = CARTESIAN_POINT ( 'NONE',  ( 28.26751976884597184, -10.99081195533940303, 7.661069251776100764 ) ) ;
#2947 = CARTESIAN_POINT ( 'NONE',  ( 19.98519464328736461, 26.20883314738790659, 10.99323463372098431 ) ) ;
#2948 = CARTESIAN_POINT ( 'NONE',  ( -11.45617097330520906, 23.45957648102115556, 2.432259045735178038 ) ) ;
#2949 = CARTESIAN_POINT ( 'NONE',  ( -18.96433489216112989, -21.94284868173608771, 5.986835145182799245 ) ) ;
#2950 = CARTESIAN_POINT ( 'NONE',  ( 14.32726819448656919, -27.75937468816529829, 23.01000000000000156 ) ) ;
#2951 = CARTESIAN_POINT ( 'NONE',  ( 12.78605205977537373, -28.31010381470097315, 10.60656835056965086 ) ) ;
#2952 = VERTEX_POINT ( 'NONE', #1236 ) ;
#2953 = CARTESIAN_POINT ( 'NONE',  ( -29.39946738047191488, -11.69906290333084087, 9.324823449078756710 ) ) ;
#2954 = CARTESIAN_POINT ( 'NONE',  ( -23.03118448694442577, -22.09615107927519517, 9.999999890846135386 ) ) ;
#2955 = CARTESIAN_POINT ( 'NONE',  ( 23.78220046038617852, 11.28067734963351931, 2.611660122633717496 ) ) ;
#2956 = CARTESIAN_POINT ( 'NONE',  ( -20.60262331337577990, 16.26206999464615777, 2.539088597231204059 ) ) ;
#2957 = CARTESIAN_POINT ( 'NONE',  ( -9.178804488602954947, 28.11839858938314052, 23.01000000000000156 ) ) ;
#2958 = CARTESIAN_POINT ( 'NONE',  ( -22.80609673614179300, 22.40199983197195976, 9.999999999910802018 ) ) ;
#2959 = CARTESIAN_POINT ( 'NONE',  ( -15.88985168744740761, -23.23880001391319539, 0.000000000000000000 ) ) ;
#2960 = CARTESIAN_POINT ( 'NONE',  ( -31.49727443137246397, -6.660934949232150792, 23.01000000000000156 ) ) ;
#2961 = CARTESIAN_POINT ( 'NONE',  ( 30.05690102255906737, 11.48650835529477554, 10.00001489832471613 ) ) ;
#2962 = CARTESIAN_POINT ( 'NONE',  ( 26.25802897623885457, 2.922676212614266689, 2.643290237001338472 ) ) ;
#2963 = CARTESIAN_POINT ( 'NONE',  ( 22.79272422514676677, 21.49842566226346108, 9.270229214264585238 ) ) ;
#2964 = CARTESIAN_POINT ( 'NONE',  ( -27.88702400647110480, -3.567571627606084483, 3.600035962934046836E-05 ) ) ;
#2965 = DIRECTION ( 'NONE',  ( -0.000000000000000000, -0.000000000000000000, -1.000000000000000000 ) ) ;
#2966 = DIRECTION ( 'NONE',  ( -0.000000000000000000, -0.000000000000000000, -1.000000000000000000 ) ) ;
#2967 = CARTESIAN_POINT ( 'NONE',  ( 22.65408661165916371, 21.69037201434514017, 9.274971165008864205 ) ) ;
#2968 = CARTESIAN_POINT ( 'NONE',  ( -11.53134959651805680, 25.64538551855420678, -0.000000000000000000 ) ) ;
#2969 = CARTESIAN_POINT ( 'NONE',  ( 22.87688839143821085, -22.30797841394952741, 9.999999989515986343 ) ) ;
#2970 = CARTESIAN_POINT ( 'NONE',  ( 22.49700377529482509, -19.80952050200033554, 7.580323674349783936 ) ) ;
#2971 = CARTESIAN_POINT ( 'NONE',  ( -10.72715692056245196, -28.06674126824291804, 23.01000000000000156 ) ) ;
#2972 = CARTESIAN_POINT ( 'NONE',  ( 20.94130966468221189, 13.84306185942472922, 0.9671161076378554933 ) ) ;
#2973 = CARTESIAN_POINT ( 'NONE',  ( -18.18439749243228221, -17.20804422660523514, 0.9230821630713204051 ) ) ;
#2974 = CARTESIAN_POINT ( 'NONE',  ( -0.003914059593950695165, 28.27870332244807017, 0.000000000000000000 ) ) ;
#2975 = CARTESIAN_POINT ( 'NONE',  ( 20.17775648623958773, -29.75423865580353322, 10.00000000000000178 ) ) ;
#2976 = CARTESIAN_POINT ( 'NONE',  ( -24.82073077985871024, 3.709550117264967639, 0.9709522309247751171 ) ) ;
#2977 = DIRECTION ( 'NONE',  ( 0.5736898095204945314, -0.8190726478477587946, 0.000000000000000000 ) ) ;
#2978 = CARTESIAN_POINT ( 'NONE',  ( 27.86592028415805089, -11.88380763154929021, 7.651822126936337121 ) ) ;
#2979 = CARTESIAN_POINT ( 'NONE',  ( 15.15952087193912057, 19.95033461665883578, 0.9681166873916051685 ) ) ;
#2980 = CARTESIAN_POINT ( 'NONE',  ( -12.34959837886790268, 26.44937313793859701, 7.351678841973099843 ) ) ;
#2981 = CARTESIAN_POINT ( 'NONE',  ( -18.11196933988899715, -20.93524167249492862, 4.314334746853417890 ) ) ;
#2982 = CARTESIAN_POINT ( 'NONE',  ( 30.33153851199816842, -10.75178716227627973, 23.01000000000000156 ) ) ;
#2983 = CARTESIAN_POINT ( 'NONE',  ( 10.46010023948348433, -23.81708989276476274, 2.348184954207996444 ) ) ;
#2984 = EDGE_LOOP ( 'NONE', ( #5632, #1693, #711, #1728 ) ) ;
#2985 = CARTESIAN_POINT ( 'NONE',  ( -22.87201458097243645, -10.19581546054881827, 0.9576896751947011621 ) ) ;
#2986 = CARTESIAN_POINT ( 'NONE',  ( -23.05704793418491150, -22.06083223548946748, 9.999999998296960513 ) ) ;
#2987 = CARTESIAN_POINT ( 'NONE',  ( 27.36887243694967609, 12.73793631444651098, 7.623197250639160316 ) ) ;
#2988 = CARTESIAN_POINT ( 'NONE',  ( -18.24303056826202507, 17.14523315510885126, 0.9205420907140360320 ) ) ;
#2989 = CARTESIAN_POINT ( 'NONE',  ( -7.167383033265697811, -28.27618414854251583, 10.26455803562402203 ) ) ;
#2990 = CARTESIAN_POINT ( 'NONE',  ( -11.24285963323835347, 28.04405902249363791, 23.01000000000000156 ) ) ;
#2991 = CARTESIAN_POINT ( 'NONE',  ( -22.77934875271929371, 22.43715883425468860, 9.999999995541964282 ) ) ;
#2992 = CARTESIAN_POINT ( 'NONE',  ( -22.65341486695444928, -15.57826839572503985, -0.8889690687347060472 ) ) ;
#2993 = B_SPLINE_SURFACE_WITH_KNOTS ( 'NONE', 3, 1, ( 
 ( #5924, #1965 ),
 ( #309, #3976 ),
 ( #1406, #2850 ),
 ( #448, #3418 ),
 ( #5369, #4872 ),
 ( #3875, #1470 ),
 ( #2456, #4482 ),
 ( #4345, #3383 ),
 ( #1829, #6490 ),
 ( #2914, #5893 ),
 ( #2350, #2881 ),
 ( #4943, #3352 ),
 ( #415, #376 ),
 ( #846, #5856 ),
 ( #1933, #1337 ),
 ( #343, #4378 ),
 ( #3452, #6387 ),
 ( #5468, #2419 ),
 ( #1864, #1372 ),
 ( #2384, #4415 ),
 ( #6425, #4448 ),
 ( #2950, #1900 ),
 ( #6458, #3909 ),
 ( #945, #4974 ),
 ( #3540, #6112 ),
 ( #1594, #5006 ),
 ( #48, #5591 ),
 ( #75, #4606 ),
 ( #4010, #5099 ),
 ( #574, #4042 ),
 ( #513, #1533 ),
 ( #3078, #1501 ),
 ( #2574, #1008 ),
 ( #4574, #2086 ),
 ( #6053, #5068 ),
 ( #4103, #1060 ),
 ( #2486, #18 ),
 ( #3109, #3598 ),
 ( #5621, #1093 ),
 ( #2515, #5528 ),
 ( #4514, #5127 ),
 ( #605, #479 ),
 ( #2609, #5560 ),
 ( #3568, #2029 ),
 ( #1036, #4635 ),
 ( #103, #6523 ),
 ( #4544, #2112 ),
 ( #4135, #6140 ),
 ( #1623, #3047 ),
 ( #3631, #544 ),
 ( #2543, #975 ),
 ( #2982, #2000 ),
 ( #2058, #6022 ),
 ( #4070, #3510 ),
 ( #3014, #5036 ),
 ( #6082, #1564 ),
 ( #5781, #2705 ),
 ( #1263, #3276 ),
 ( #266, #5224 ),
 ( #5258, #1126 ),
 ( #5192, #700 ),
 ( #4731, #2212 ),
 ( #1158, #5650 ),
 ( #196, #4230 ),
 ( #666, #5294 ),
 ( #769, #1655 ),
 ( #4266, #2773 ),
 ( #2279, #2141 ),
 ( #2640, #4800 ),
 ( #4694, #4302 ),
 ( #4665, #2671 ),
 ( #3207, #231 ),
 ( #6315, #3175 ),
 ( #6245, #159 ),
 ( #1684, #132 ),
 ( #6281, #3144 ),
 ( #1788, #5159 ),
 ( #1718, #3242 ),
 ( #3733, #634 ),
 ( #2245, #4164 ),
 ( #6174, #3660 ),
 ( #5679, #4764 ),
 ( #2177, #4196 ),
 ( #6209, #735 ),
 ( #3695, #5711 ),
 ( #1191, #5744 ),
 ( #1226, #2739 ),
 ( #1754, #3768 ),
 ( #3375, #2809 ),
 ( #368, #2446 ),
 ( #4965, #5885 ),
 ( #301, #3934 ),
 ( #5459, #438 ),
 ( #335, #3408 ),
 ( #4336, #4406 ),
 ( #837, #5949 ) ),
 .UNSPECIFIED., .F., .F., .F.,
 ( 4, 2, 2, 2, 2, 2, 2, 2, 2, 2, 2, 2, 2, 2, 2, 2, 2, 2, 2, 2, 2, 2, 2, 2, 2, 2, 2, 2, 2, 2, 2, 2, 2, 2, 2, 2, 2, 2, 2, 2, 2, 2, 2, 2, 2, 2, 2, 4 ),
 ( 2, 2 ),
 ( 0.000000000000000000, 0.01562500000000033307, 0.01953125000000041633, 0.02343750000000049960, 0.03125000000000063838, 0.06250000000000117961, 0.09375000000000172085, 0.1250000000000022482, 0.1406250000000025258, 0.1484375000000026368, 0.1562500000000027478, 0.1640625000000028588, 0.1718750000000029421, 0.1796875000000030254, 0.1875000000000031086, 0.1953125000000031919, 0.2031250000000032752, 0.2109375000000033584, 0.2148437500000033862, 0.2187500000000034139, 0.2500000000000036637, 0.2656250000000037748, 0.2695312500000037748, 0.2734375000000038303, 0.2773437500000038303, 0.2812500000000038858, 0.2890625000000039413, 0.2968750000000039968, 0.3125000000000041078, 0.3281250000000042188, 0.3359375000000042744, 0.3437500000000043299, 0.3593750000000044409, 0.3750000000000045519, 0.3906250000000046629, 0.3984375000000047184, 0.4023437500000047184, 0.4062500000000047740, 0.4101562500000047740, 0.4140625000000048295, 0.4218750000000048850, 0.4375000000000049405, 0.4531250000000049960, 0.4609375000000050515, 0.4648437500000050515, 0.4687500000000051070, 0.4843750000000051070, 0.5000000000000051070 ),
 ( 0.000000000000000000, 1.000000000000000000 ),
 .UNSPECIFIED. ) ;
#2994 = CARTESIAN_POINT ( 'NONE',  ( 23.33754541789736336, 9.085390605825626409, 0.9707269562228602044 ) ) ;
#2995 = CARTESIAN_POINT ( 'NONE',  ( 18.51558311383809396, 16.84731770268252404, 0.9078995838382960537 ) ) ;
#2996 = CARTESIAN_POINT ( 'NONE',  ( -14.03964778591904050, 31.39805707577075111, 10.00000000000000000 ) ) ;
#2997 = CARTESIAN_POINT ( 'NONE',  ( -21.66522347198649712, -20.91861664587606739, 7.609032900923895504 ) ) ;
#2998 = CARTESIAN_POINT ( 'NONE',  ( 6.895067660112148111, 27.60865672439534890, 8.591590266960080768 ) ) ;
#2999 = CARTESIAN_POINT ( 'NONE',  ( 5.454696649551467935, 27.70716974471966054, -0.09999999999999986677 ) ) ;
#3000 = CARTESIAN_POINT ( 'NONE',  ( 24.82525718585889862, -19.61311565422449021, 9.999849581243870134 ) ) ;
#3001 = CARTESIAN_POINT ( 'NONE',  ( 19.79179254954447131, -17.27063062524780435, 2.565255436682460477 ) ) ;
#3002 = ADVANCED_FACE ( 'NONE', ( #4310 ), #1199, .F. ) ;
#3003 = CARTESIAN_POINT ( 'NONE',  ( 30.06528283117130940, -11.46688964729257521, 23.01000000000000156 ) ) ;
#3004 = CARTESIAN_POINT ( 'NONE',  ( 22.93979539898690589, 22.22112878933051050, 9.999999960183043157 ) ) ;
#3005 = CARTESIAN_POINT ( 'NONE',  ( -19.93361050394247513, -19.04304999293531608, 4.263638846449576469 ) ) ;
#3006 = CARTESIAN_POINT ( 'NONE',  ( -19.63172735706526595, 20.02088459855485070, -0.1000000000000000056 ) ) ;
#3007 = CARTESIAN_POINT ( 'NONE',  ( 23.41070562108080821, -27.55159601844702522, 9.999999999999998224 ) ) ;
#3008 = CARTESIAN_POINT ( 'NONE',  ( -28.20186882911457715, 11.14160783027477919, 7.654226360629936998 ) ) ;
#3009 = DIRECTION ( 'NONE',  ( 0.9999999904213650037, 0.0001384097893513683492, 0.000000000000000000 ) ) ;
#3010 = CARTESIAN_POINT ( 'NONE',  ( 22.90358363741417236, -10.12717739975745879, 0.9593586481273810307 ) ) ;
#3011 = CARTESIAN_POINT ( 'NONE',  ( 22.37718197424449684, 22.06152346211061754, 9.279336821148117309 ) ) ;
#3012 = CARTESIAN_POINT ( 'NONE',  ( -12.15511484114862384, 27.41335531794090485, 8.934995195238581545 ) ) ;
#3013 = CARTESIAN_POINT ( 'NONE',  ( -19.98999268194255663, -26.21511214318323368, 11.00325693268138849 ) ) ;
#3014 = CARTESIAN_POINT ( 'NONE',  ( 30.95546684356545697, -8.795528024520276489, 23.01000000000000156 ) ) ;
#3015 = ORIENTED_EDGE ( 'NONE', *, *, #2797, .F. ) ;
#3016 = CARTESIAN_POINT ( 'NONE',  ( -26.99339255513756086, -10.60976165955240980, 5.983510886997327027 ) ) ;
#3017 = CARTESIAN_POINT ( 'NONE',  ( -29.08831193224918010, -13.41540306323834564, 9.999942488474937718 ) ) ;
#3018 = EDGE_CURVE ( 'NONE', #141, #1192, #6253, .T. ) ;
#3019 = CARTESIAN_POINT ( 'NONE',  ( 25.20697954959288367, 11.34982265313094452, 4.297678102971547176 ) ) ;
#3020 = CARTESIAN_POINT ( 'NONE',  ( -19.06411479185067392, 18.11841399379423123, 2.594084602654185723 ) ) ;
#3021 = CARTESIAN_POINT ( 'NONE',  ( -9.651365961309359420, -25.01463210503582957, 3.885463047981099649 ) ) ;
#3022 = CARTESIAN_POINT ( 'NONE',  ( -32.09973343624974973, -2.465016191188104777, 23.01000000000000156 ) ) ;
#3023 = CARTESIAN_POINT ( 'NONE',  ( -23.14580077602816743, 21.94144099742393905, 9.999999975552638531 ) ) ;
#3024 = CARTESIAN_POINT ( 'NONE',  ( -27.04413137186564242, -13.23276472925443947, 7.601746653570083723 ) ) ;
#3025 = AXIS2_PLACEMENT_3D ( 'NONE', #1824, #3279, #4903 ) ;
#3026 = CARTESIAN_POINT ( 'NONE',  ( 26.46300875695794375, 8.333934819660520077, 4.315896991563972662 ) ) ;
#3027 = CARTESIAN_POINT ( 'NONE',  ( 23.76799000313153698, 22.27244342603576044, 10.93757691916326102 ) ) ;
#3028 = AXIS2_PLACEMENT_3D ( 'NONE', #1085, #3532, #3102 ) ;
#3029 = CARTESIAN_POINT ( 'NONE',  ( -22.54642222057659140, -21.83944403436915138, 9.278972182779844147 ) ) ;
#3030 = CARTESIAN_POINT ( 'NONE',  ( 26.14680029025856456, -8.357854364304085237, -0.8889690687347079345 ) ) ;
#3031 = CARTESIAN_POINT ( 'NONE',  ( 11.55902732806276134, 28.29417185285769776, 10.50505511756999866 ) ) ;
#3032 = CARTESIAN_POINT ( 'NONE',  ( 12.98162379017291101, -24.93142441265911202, 6.209213121527320617E-06 ) ) ;
#3033 = CARTESIAN_POINT ( 'NONE',  ( 22.92853150024098596, -22.23819601884078523, 9.999999999994924949 ) ) ;
#3034 = CARTESIAN_POINT ( 'NONE',  ( 23.52405342962385859, -22.62609003046115319, 10.94540413944709201 ) ) ;
#3035 = CARTESIAN_POINT ( 'NONE',  ( 29.22622414184631978, 13.20541583028446553, 23.01000000000000156 ) ) ;
#3036 = CARTESIAN_POINT ( 'NONE',  ( 18.51452788907668179, 26.17712791655896254, 9.999985901034508018 ) ) ;
#3037 = CARTESIAN_POINT ( 'NONE',  ( -21.72467605322503914, -20.83171463859363115, 7.599999269536076518 ) ) ;
#3038 = DIRECTION ( 'NONE',  ( 1.000000000000000000, 0.000000000000000000, 0.000000000000000000 ) ) ;
#3039 = CARTESIAN_POINT ( 'NONE',  ( 24.30500881454479867, -14.01507822786254032, -0.09999999999999983902 ) ) ;
#3040 = CARTESIAN_POINT ( 'NONE',  ( -28.24242124915954122, 11.04071345505858837, 7.654444947938046973 ) ) ;
#3041 = CARTESIAN_POINT ( 'NONE',  ( 12.75653151894947257, 31.40176592949499934, 10.00000000000000000 ) ) ;
#3042 = CARTESIAN_POINT ( 'NONE',  ( 26.93578445407044342, -10.76121088610784504, 5.987882142027764587 ) ) ;
#3043 = B_SPLINE_SURFACE_WITH_KNOTS ( 'NONE', 3, 1, ( 
 ( #3412, #3312 ),
 ( #6420, #5329 ),
 ( #2248, #371 ),
 ( #1895, #5432 ),
 ( #1332, #3771 ),
 ( #2812, #4767 ),
 ( #772, #338 ) ),
 .UNSPECIFIED., .F., .F., .F.,
 ( 4, 1, 1, 1, 4 ),
 ( 2, 2 ),
 ( 0.000000000000000000, 0.2500000000000000000, 0.5000000000000000000, 0.7500000000000000000, 1.000000000000000000 ),
 ( 0.000000000000000000, 1.000000000000000000 ),
 .UNSPECIFIED. ) ;
#3044 = CARTESIAN_POINT ( 'NONE',  ( 21.45790505116388047, 21.18146007190000546, 7.612508979160862665 ) ) ;
#3045 = CARTESIAN_POINT ( 'NONE',  ( -12.84160739949411045, 28.30503772548858521, 10.60266813181851653 ) ) ;
#3046 = CARTESIAN_POINT ( 'NONE',  ( -15.48533790711237401, -28.09173428366560898, 10.83338302572787626 ) ) ;
#3047 = CARTESIAN_POINT ( 'NONE',  ( 29.77841633212051420, -12.16989393180813472, 10.00000000000000178 ) ) ;
#3048 = VERTEX_POINT ( 'NONE', #1439 ) ;
#3049 = CARTESIAN_POINT ( 'NONE',  ( -24.56776948862332688, -9.564321582209853290, 2.641817346978237779 ) ) ;
#3050 = CARTESIAN_POINT ( 'NONE',  ( -10.19197543742977885, -28.08542027709564337, 9.999999968109280601 ) ) ;
#3051 = CARTESIAN_POINT ( 'NONE',  ( 22.60831518490737224, 10.76087474331020744, 0.9400438680428544469 ) ) ;
#3052 = CARTESIAN_POINT ( 'NONE',  ( -21.58055765632606438, 21.02517500078872459, 7.607037844656904468 ) ) ;
#3053 = CARTESIAN_POINT ( 'NONE',  ( -7.860016544725298537, -25.36936349875066199, 3.729306699211727860 ) ) ;
#3054 = CARTESIAN_POINT ( 'NONE',  ( -31.69979299282826091, -5.620140031003395542, 10.00000000000000178 ) ) ;
#3055 = CARTESIAN_POINT ( 'NONE',  ( -21.81777079421298637, 23.57199102275677305, 9.999996634858572264 ) ) ;
#3056 = CARTESIAN_POINT ( 'NONE',  ( -27.25271674073480099, -12.90936271082363618, 7.611137592370937455 ) ) ;
#3057 = CARTESIAN_POINT ( 'NONE',  ( -25.15540512620636449, -10.87053048121252452, -0.8889690687347082676 ) ) ;
#3058 = CARTESIAN_POINT ( 'NONE',  ( 29.79408744287146504, 12.12799809167484177, 9.999999827800083452 ) ) ;
#3059 = B_SPLINE_CURVE_WITH_KNOTS ( 'NONE', 3,
 ( #5179, #4684, #4561, #2595, #3129, #1050, #3620, #4184, #3096, #4153, #654, #6130, #529, #6195, #2560, #5640, #1080, #2626, #6161, #1580, #1674, #1146, #5145, #5544, #3065, #3032, #5054, #3163, #1112, #3650, #34, #2045, #4624, #4057, #93, #3585, #6069, #2103, #5085, #623, #4592, #5608, #1613, #120, #825, #4750 ),
 .UNSPECIFIED., .F., .F.,
 ( 4, 2, 2, 2, 2, 2, 2, 2, 2, 2, 2, 2, 2, 2, 2, 2, 2, 2, 2, 2, 2, 2, 4 ),
 ( 0.000000000000000000, 0.004197136725362511124, 0.006295705088043771457, 0.008394273450725030922, 0.01259141017608754985, 0.01468997853876880672, 0.01678854690145006531, 0.02098568362681257904, 0.02308425198949383417, 0.02518282035217509277, 0.02937995707753760302, 0.03357709380290011675, 0.03567566216558136494, 0.03777423052826262700, 0.04197136725362513032, 0.04406993561630638545, 0.04616850397898764058, 0.05036564070435014390, 0.05246420906703138515, 0.05456277742971263334, 0.05875991415507512972, 0.06295705088043761222, 0.06715418760580010860 ),
 .UNSPECIFIED. ) ;
#3060 = CARTESIAN_POINT ( 'NONE',  ( 29.63609579117624193, -11.11071840476865091, 9.333654506025279574 ) ) ;
#3061 = CARTESIAN_POINT ( 'NONE',  ( 19.32246792077318531, 17.82315553881974068, 2.583905667057282418 ) ) ;
#3062 = CARTESIAN_POINT ( 'NONE',  ( 25.10000000000000142, 0.000000000000000000, -41.00000000000000000 ) ) ;
#3063 = CARTESIAN_POINT ( 'NONE',  ( 32.67472114424111140, -14.83095511388019538, 10.00000000000000711 ) ) ;
#3064 = CARTESIAN_POINT ( 'NONE',  ( 8.622392164154364380, 26.81013947385553209, 7.050842828688711705 ) ) ;
#3065 = CARTESIAN_POINT ( 'NONE',  ( 11.72613245296833995, -25.54596440084344522, -7.453599389259363663E-05 ) ) ;
#3066 = CARTESIAN_POINT ( 'NONE',  ( 19.45748240702226894, -25.58286226088183213, 9.999999908989641639 ) ) ;
#3067 = CARTESIAN_POINT ( 'NONE',  ( 20.07588223013270223, -18.87610048852418032, 4.261016655691267196 ) ) ;
#3068 = CARTESIAN_POINT ( 'NONE',  ( 32.06615159634031897, 2.856651844438863996, 23.01000000000000156 ) ) ;
#3069 = CARTESIAN_POINT ( 'NONE',  ( 20.81990607353148093, 18.77505795236852038, -0.1000000000000000194 ) ) ;
#3070 = CARTESIAN_POINT ( 'NONE',  ( -23.45378920932471090, -22.71163663912033570, 10.93732186663532069 ) ) ;
#3071 = CARTESIAN_POINT ( 'NONE',  ( 27.93385388766356670, 3.541228636317398148, -0.0001093227552396058340 ) ) ;
#3072 = CARTESIAN_POINT ( 'NONE',  ( -28.22231097072676675, 11.09122569933324520, 7.654368261132257878 ) ) ;
#3073 = CARTESIAN_POINT ( 'NONE',  ( -18.21957421102894870, -17.26433073040506727, 1.008230375693567327 ) ) ;
#3074 = CARTESIAN_POINT ( 'NONE',  ( 28.86749253988613262, -12.76512869272215411, 9.312849458764834054 ) ) ;
#3075 = CARTESIAN_POINT ( 'NONE',  ( 23.01043007476771507, 23.32671881481108045, 10.95948258637463546 ) ) ;
#3076 = CARTESIAN_POINT ( 'NONE',  ( -9.547704222516843586, 23.09852675181724280, 0.6383657455500681976 ) ) ;
#3077 = CARTESIAN_POINT ( 'NONE',  ( -21.39066745528810642, -21.27534307185132789, 7.622336613160730856 ) ) ;
#3078 = CARTESIAN_POINT ( 'NONE',  ( 20.99461947310380339, -24.38688413662643839, 23.01000000000000156 ) ) ;
#3079 = EDGE_LOOP ( 'NONE', ( #4575, #104, #5268, #2818 ) ) ;
#3080 = CARTESIAN_POINT ( 'NONE',  ( -25.78331571216434881, -10.08034998383391745, 4.312686892771921521 ) ) ;
#3081 = CARTESIAN_POINT ( 'NONE',  ( 1.150980053202635744, 28.24485846319033655, 23.01000000000000156 ) ) ;
#3082 = CARTESIAN_POINT ( 'NONE',  ( -13.37358192295060633, -27.90870867430619384, 9.999998029114877340 ) ) ;
#3083 = CARTESIAN_POINT ( 'NONE',  ( 26.79738240266124549, 11.07866451503657856, 5.985119987559750498 ) ) ;
#3084 = CARTESIAN_POINT ( 'NONE',  ( -23.46810423528480882, 22.69357611350941539, 10.93705640932080847 ) ) ;
#3085 = CARTESIAN_POINT ( 'NONE',  ( -11.93983478180706470, -27.42797739480258556, 8.922878476202658504 ) ) ;
#3086 = FACE_OUTER_BOUND ( 'NONE', #3671, .T. ) ;
#3087 = CARTESIAN_POINT ( 'NONE',  ( -26.59237851513919182, -17.11246096345390555, 10.00000000000000178 ) ) ;
#3088 = CARTESIAN_POINT ( 'NONE',  ( -21.31087721874292029, 24.08315206002908226, 9.999999971528122700 ) ) ;
#3089 = CARTESIAN_POINT ( 'NONE',  ( -29.67085098336877991, -13.83927725418338106, 10.94787332777449151 ) ) ;
#3090 = CARTESIAN_POINT ( 'NONE',  ( -21.79294023469257979, -17.67050923399852635, -0.1000000000000001305 ) ) ;
#3091 =( LENGTH_UNIT ( ) NAMED_UNIT ( * ) SI_UNIT ( .MILLI., .METRE. ) );
#3092 = CARTESIAN_POINT ( 'NONE',  ( 23.13428320881006073, 16.88425580687987448, 5.877570647582338381 ) ) ;
#3093 =( LENGTH_UNIT ( ) NAMED_UNIT ( * ) SI_UNIT ( .MILLI., .METRE. ) );
#3094 = CARTESIAN_POINT ( 'NONE',  ( -19.90370974593250253, -19.08273188209965099, 4.268262196035150779 ) ) ;
#3095 = CARTESIAN_POINT ( 'NONE',  ( 8.994116439066742075, 27.54153710532526844, 8.710094660077805528 ) ) ;
#3096 = CARTESIAN_POINT ( 'NONE',  ( -11.29187100155346180, -25.76889551811348866, -0.0001654197421278924334 ) ) ;
#3097 = CARTESIAN_POINT ( 'NONE',  ( 28.97786099179904085, -13.57968873407486221, 9.999999999394004746 ) ) ;
#3098 = CARTESIAN_POINT ( 'NONE',  ( 20.88427778071453389, -19.87574855123500228, 5.934761888928853146 ) ) ;
#3099 = DIRECTION ( 'NONE',  ( 0.000000000000000000, 0.000000000000000000, -1.000000000000000000 ) ) ;
#3100 = CARTESIAN_POINT ( 'NONE',  ( 21.34880727709267845, 17.31078032003973277, -0.8889690687347066023 ) ) ;
#3101 = CARTESIAN_POINT ( 'NONE',  ( -20.81691528387377588, -19.95385009792507347, 5.932276894523436539 ) ) ;
#3102 = DIRECTION ( 'NONE',  ( 1.000000000000000000, 0.000000000000000000, 0.000000000000000000 ) ) ;
#3103 = CARTESIAN_POINT ( 'NONE',  ( -11.49948577550577689, -25.59104302768769656, -0.1000000000000000056 ) ) ;
#3104 = CARTESIAN_POINT ( 'NONE',  ( -29.43071046301677640, 11.62310600156475715, 9.325084369644008220 ) ) ;
#3105 = CARTESIAN_POINT ( 'NONE',  ( 30.29955376587522409, -12.87502100404897654, 10.99514468592614236 ) ) ;
#3106 = CARTESIAN_POINT ( 'NONE',  ( 19.82396774188252309, 19.17426543071020362, 4.268721628906688714 ) ) ;
#3107 = CARTESIAN_POINT ( 'NONE',  ( -11.02407648596684808, 24.69352720660630851, 4.011870112992944826 ) ) ;
#3108 = CARTESIAN_POINT ( 'NONE',  ( -20.94925646898887805, -21.80444276053973240, 7.638777749721930022 ) ) ;
#3109 = CARTESIAN_POINT ( 'NONE',  ( 23.30185681581937729, -21.72782682495259721, 23.01000000000000156 ) ) ;
#3110 = ORIENTED_EDGE ( 'NONE', *, *, #1370, .F. ) ;
#3111 = CARTESIAN_POINT ( 'NONE',  ( -30.70744229387173618, -11.98602233167487974, 10.99621401125896547 ) ) ;
#3112 = CARTESIAN_POINT ( 'NONE',  ( -30.16189489398478685, -11.21050328788377115, 23.01000000000000156 ) ) ;
#3113 = CARTESIAN_POINT ( 'NONE',  ( -10.09781729673733430, -28.08868285248137653, 9.999998175328283168 ) ) ;
#3114 = CARTESIAN_POINT ( 'NONE',  ( 25.57237735230891573, 10.59148496273367179, 4.312778793882300121 ) ) ;
#3115 = CARTESIAN_POINT ( 'NONE',  ( -19.93698610263017201, 19.03980956216230069, 4.263721552085719679 ) ) ;
#3116 = CARTESIAN_POINT ( 'NONE',  ( -11.43676698371892009, -26.55806132792620744, 7.271222024002586437 ) ) ;
#3117 = CARTESIAN_POINT ( 'NONE',  ( -7.817071056669068874, -23.88388273433540121, 0.7042316840417126578 ) ) ;
#3118 = CARTESIAN_POINT ( 'NONE',  ( -29.26751024106402355, -13.13827609388883033, 10.00000000000000178 ) ) ;
#3119 = CARTESIAN_POINT ( 'NONE',  ( -31.80907271519132351, 4.851570525935755107, 10.00000000334693517 ) ) ;
#3120 = ORIENTED_EDGE ( 'NONE', *, *, #1287, .F. ) ;
#3121 = CARTESIAN_POINT ( 'NONE',  ( -25.81684652253425938, -12.82558747330665305, 5.929912757247524091 ) ) ;
#3122 = CARTESIAN_POINT ( 'NONE',  ( -36.20803116562942847, -0.004850650909177939285, 9.999999999999991118 ) ) ;
#3123 = APPLICATION_PROTOCOL_DEFINITION ( 'draft international standard', 'automotive_design', 1998, #6329 ) ;
#3124 = ADVANCED_FACE ( 'NONE', ( #5402 ), #2993, .T. ) ;
#3125 = CARTESIAN_POINT ( 'NONE',  ( 21.06404444387487729, 17.64266414062325694, 4.225845654353343583 ) ) ;
#3126 = CARTESIAN_POINT ( 'NONE',  ( 11.52127956110419937, -26.54781273003014164, 7.278405152166894432 ) ) ;
#3127 = CARTESIAN_POINT ( 'NONE',  ( 14.50726932558322346, 27.71497433357530227, 9.999999992516924507 ) ) ;
#3128 = CARTESIAN_POINT ( 'NONE',  ( 0.6304145900603962405, 28.26625949876528665, 10.07808591001346166 ) ) ;
#3129 = CARTESIAN_POINT ( 'NONE',  ( -16.13259670928942313, -23.01829427880279511, 2.478498178353162452E-05 ) ) ;
#3130 = CARTESIAN_POINT ( 'NONE',  ( 29.96701104949870498, -11.71874700149458981, 10.00020323996999672 ) ) ;
#3131 = VECTOR ( 'NONE', #38, 1000.000000000000000 ) ;
#3132 = CARTESIAN_POINT ( 'NONE',  ( 18.17441555589477176, -17.21853720298544133, 0.9235678808287652863 ) ) ;
#3133 = CARTESIAN_POINT ( 'NONE',  ( 26.60673236402438491, 17.07883746658662361, 23.01000000000000156 ) ) ;
#3134 = CARTESIAN_POINT ( 'NONE',  ( 0.000000000000000000, 0.000000000000000000, -40.00000000000000000 ) ) ;
#3135 = CARTESIAN_POINT ( 'NONE',  ( -18.27846166280900775, -17.10695453188794346, 0.9186784239801134566 ) ) ;
#3136 = CARTESIAN_POINT ( 'NONE',  ( 20.31356187732151497, 19.30580849063138515, -0.1000000000000000194 ) ) ;
#3137 = CARTESIAN_POINT ( 'NONE',  ( -19.68069774585240239, -20.08175796999589835, -0.000000000000000000 ) ) ;
#3138 = CARTESIAN_POINT ( 'NONE',  ( -29.27766581073475294, 11.97983437393892459, 9.322781956088597610 ) ) ;
#3139 = DIRECTION ( 'NONE',  ( 0.000000000000000000, 0.000000000000000000, -1.000000000000000000 ) ) ;
#3140 = EDGE_CURVE ( 'NONE', #4976, #2087, #4855, .T. ) ;
#3141 = CARTESIAN_POINT ( 'NONE',  ( 28.49173363982736973, -13.33557458414449215, 9.288953876360389827 ) ) ;
#3142 = CARTESIAN_POINT ( 'NONE',  ( 22.19838198833620879, 22.29687592556130582, 9.287639036185394659 ) ) ;
#3143 = CARTESIAN_POINT ( 'NONE',  ( -20.51145630376198881, -20.33864590546891904, 5.951299737780825438 ) ) ;
#3144 = CARTESIAN_POINT ( 'NONE',  ( 29.36006685171361141, 12.98159533248298381, 10.00000000000000178 ) ) ;
#3145 = EDGE_LOOP ( 'NONE', ( #914, #6113, #1408, #4071, #5128, #3286, #2222, #481, #2152, #5960, #3185, #3385 ) ) ;
#3146 = CARTESIAN_POINT ( 'NONE',  ( -29.42082974356756964, -11.64788782756460250, 9.325054852686500695 ) ) ;
#3147 = PLANE ( 'NONE',  #4713 ) ;
#3148 = CARTESIAN_POINT ( 'NONE',  ( 29.29422207620014973, 11.95541606205249607, 9.331124153257652765 ) ) ;
#3149 = CARTESIAN_POINT ( 'NONE',  ( -20.70195611596646401, 20.10073519491369254, 5.938048734828552000 ) ) ;
#3150 = CARTESIAN_POINT ( 'NONE',  ( -11.45237156186379401, -26.55651030018590220, 7.272477375886594153 ) ) ;
#3151 = DIRECTION ( 'NONE',  ( -0.000000000000000000, -0.000000000000000000, -1.000000000000000000 ) ) ;
#3152 = CARTESIAN_POINT ( 'NONE',  ( -32.19264680956695202, -0.3479914747161352295, 10.00000000000000178 ) ) ;
#3153 = CARTESIAN_POINT ( 'NONE',  ( -30.45214115231858543, -10.39592255141784882, 10.00000863772300974 ) ) ;
#3154 = ORIENTED_EDGE ( 'NONE', *, *, #3140, .F. ) ;
#3155 = CARTESIAN_POINT ( 'NONE',  ( -22.47429759601247312, -11.03423855016646016, 0.9297536799735202084 ) ) ;
#3156 = CARTESIAN_POINT ( 'NONE',  ( -21.35359841830994654, 17.30486989356625571, -0.8889690687347083786 ) ) ;
#3157 = CARTESIAN_POINT ( 'NONE',  ( 22.93979539898690589, 22.22112878933051050, 9.999999960183043157 ) ) ;
#3158 = CARTESIAN_POINT ( 'NONE',  ( 21.34360709772839826, 17.27801602851732099, 4.218949188587038712 ) ) ;
#3159 = CARTESIAN_POINT ( 'NONE',  ( 11.49550373384220769, -26.54977148037574608, 7.275356403461610277 ) ) ;
#3160 = CARTESIAN_POINT ( 'NONE',  ( 14.67320444239589783, 27.67831752646412724, 10.00000143846429168 ) ) ;
#3161 = CARTESIAN_POINT ( 'NONE',  ( 18.19432821610318030, -21.37738064539151850, -0.09999999999999999167 ) ) ;
#3162 = CARTESIAN_POINT ( 'NONE',  ( 12.31961082247080519, 28.30070857405706164, 10.55531371953372854 ) ) ;
#3163 = CARTESIAN_POINT ( 'NONE',  ( 15.39269607561727859, -23.55001720392285236, -5.728634926730493098E-05 ) ) ;
#3164 = CARTESIAN_POINT ( 'NONE',  ( 30.13651250203948706, -11.27551853118301572, 10.00000078643559043 ) ) ;
#3165 = CARTESIAN_POINT ( 'NONE',  ( 23.42707188889314551, -22.76650542880605244, 10.94919365569406189 ) ) ;
#3166 = CARTESIAN_POINT ( 'NONE',  ( 1.064606925454456343, 25.08526751332727756, 0.4850246880270667749 ) ) ;
#3167 = CARTESIAN_POINT ( 'NONE',  ( 33.46509435289721068, 13.27160737184373929, 10.00000000000000000 ) ) ;
#3168 = CARTESIAN_POINT ( 'NONE',  ( -18.38048679667249985, -16.99608162215059792, 0.9140455906346202086 ) ) ;
#3169 = CARTESIAN_POINT ( 'NONE',  ( 33.54470370833439574, 13.06724351649391203, 23.01000000000000156 ) ) ;
#3170 = CARTESIAN_POINT ( 'NONE',  ( -24.45566053678359708, -12.44583966804933084, -0.8889690687347078235 ) ) ;
#3171 = CARTESIAN_POINT ( 'NONE',  ( -22.81844238419069271, 10.31609871019920099, 0.9548347377532142577 ) ) ;
#3172 = CARTESIAN_POINT ( 'NONE',  ( 28.41618105823300056, -13.44745738816967595, 9.285872652551764972 ) ) ;
#3173 = CARTESIAN_POINT ( 'NONE',  ( 20.75419194905502707, 20.03325302108003214, 5.935169019691175052 ) ) ;
#3174 = CARTESIAN_POINT ( 'NONE',  ( -17.88025866216233339, -19.36407822745217189, 2.634648423775947990 ) ) ;
#3175 = CARTESIAN_POINT ( 'NONE',  ( 29.92715238309188663, 11.82695061562561989, 10.00000000000000178 ) ) ;
#3176 = ORIENTED_EDGE ( 'NONE', *, *, #5666, .F. ) ;
#3177 = CARTESIAN_POINT ( 'NONE',  ( -30.31873806166972329, 0.5686981399116048941, 7.654504772869566764 ) ) ;
#3178 = CARTESIAN_POINT ( 'NONE',  ( 23.72514015016621158, -8.029022389869794551, 0.9707239790690699310 ) ) ;
#3179 = CARTESIAN_POINT ( 'NONE',  ( 12.78348185491752886, 25.33081510566948680, 5.777191546546716516 ) ) ;
#3180 = CARTESIAN_POINT ( 'NONE',  ( -18.95046663781944574, 18.24731188236642510, 2.599329068732491699 ) ) ;
#3181 = CARTESIAN_POINT ( 'NONE',  ( -10.20648147518067717, -24.89095905675653597, 3.937262417674179282 ) ) ;
#3182 = CARTESIAN_POINT ( 'NONE',  ( 5.123935531557685330, -24.57932735209368502, 0.5782649125579145677 ) ) ;
#3183 = LINE ( 'NONE', #1307, #4186 ) ;
#3184 = CARTESIAN_POINT ( 'NONE',  ( -31.47966033994511292, 6.678522363841019605, 9.999997933481159507 ) ) ;
#3185 = ORIENTED_EDGE ( 'NONE', *, *, #788, .T. ) ;
#3186 = CARTESIAN_POINT ( 'NONE',  ( -23.75590924315677555, -11.32796268834645481, 2.608352361486745430 ) ) ;
#3187 = CARTESIAN_POINT ( 'NONE',  ( -31.77175024411543802, 16.14360318660613203, 10.00000000000000000 ) ) ;
#3188 = CARTESIAN_POINT ( 'NONE',  ( 28.65444865444035827, 14.06681462110191561, 10.00000000104243192 ) ) ;
#3189 = CARTESIAN_POINT ( 'NONE',  ( 25.82024558709613871, 12.82709869294253835, 5.934813301450873269 ) ) ;
#3190 = CARTESIAN_POINT ( 'NONE',  ( -23.00492065439372524, 12.67291355332170966, 2.564999473779002503 ) ) ;
#3191 = CARTESIAN_POINT ( 'NONE',  ( 11.06679078832909724, -25.67838349309449342, 5.627330785374019761 ) ) ;
#3192 = CARTESIAN_POINT ( 'NONE',  ( 13.53535663891989849, 27.89705776408501237, 10.00000000000000178 ) ) ;
#3193 = CARTESIAN_POINT ( 'NONE',  ( 12.67067559547103528, 27.97898936485758270, 9.999999999836445497 ) ) ;
#3194 = CARTESIAN_POINT ( 'NONE',  ( 11.50656944426845918, -25.58785876106594870, -0.1000000000000000056 ) ) ;
#3195 = CARTESIAN_POINT ( 'NONE',  ( 11.92080714207504322, 27.42435742868531889, 8.913454350211091892 ) ) ;
#3196 = CARTESIAN_POINT ( 'NONE',  ( 22.93979539898690589, 22.22112878933051050, 9.999999960183043157 ) ) ;
#3197 = CARTESIAN_POINT ( 'NONE',  ( 23.48355925850421855, -22.68443766132034156, 10.94672787685734150 ) ) ;
#3198 = CARTESIAN_POINT ( 'NONE',  ( -25.09999999999999076, 9.530032209645910673E-15, 1.042014805379780196 ) ) ;
#3199 = CARTESIAN_POINT ( 'NONE',  ( 25.92148349199622359, 10.64636305205950961, -0.1000000000000000611 ) ) ;
#3200 = CARTESIAN_POINT ( 'NONE',  ( -18.26140597037045765, -17.12538184737452340, 0.9194655420291002468 ) ) ;
#3201 = CARTESIAN_POINT ( 'NONE',  ( -28.68335938208399938, 13.04207370849512948, 9.292962979320336103 ) ) ;
#3202 = CARTESIAN_POINT ( 'NONE',  ( 35.69728660614566706, 4.718219265544119523, 23.00999999999999446 ) ) ;
#3203 = ADVANCED_FACE ( 'NONE', ( #5816 ), #5635, .F. ) ;
#3204 = CARTESIAN_POINT ( 'NONE',  ( 27.37457179339446611, -12.72704005984525288, 7.623353551699376673 ) ) ;
#3205 = CARTESIAN_POINT ( 'NONE',  ( 20.76281244250420954, 20.02234096195332569, 5.934740300346504682 ) ) ;
#3206 = CARTESIAN_POINT ( 'NONE',  ( -21.98185335531457341, -22.57985077811891372, 9.304928456573227535 ) ) ;
#3207 = CARTESIAN_POINT ( 'NONE',  ( 30.01898009286889035, 11.58761536018918648, 23.01000000000000156 ) ) ;
#3208 = ORIENTED_EDGE ( 'NONE', *, *, #587, .F. ) ;
#3209 = CARTESIAN_POINT ( 'NONE',  ( -32.99844276058546200, -1.515232652072623365, 10.99626249025042135 ) ) ;
#3210 = CARTESIAN_POINT ( 'NONE',  ( -29.26751024106402355, -13.13827609388883033, 23.01000000000000156 ) ) ;
#3211 = CARTESIAN_POINT ( 'NONE',  ( 27.16158584447362756, -10.18304296275667120, 5.988483358257588485 ) ) ;
#3212 = CARTESIAN_POINT ( 'NONE',  ( 16.06691496407993824, 24.01314555879969603, 5.946439494877132859 ) ) ;
#3213 = CARTESIAN_POINT ( 'NONE',  ( -21.00041630465911524, 21.73650830042541671, 7.630357665552738311 ) ) ;
#3214 = CARTESIAN_POINT ( 'NONE',  ( -9.267758379425494297, -23.20851797206010758, 0.6099070067559844155 ) ) ;
#3215 = CARTESIAN_POINT ( 'NONE',  ( -22.87539333053632618, -22.30886949578556155, 10.00000000000000178 ) ) ;
#3216 = CARTESIAN_POINT ( 'NONE',  ( -30.40082577175358125, 10.54629349069847244, 9.999999744494166620 ) ) ;
#3217 = ORIENTED_EDGE ( 'NONE', *, *, #3343, .F. ) ;
#3218 = CARTESIAN_POINT ( 'NONE',  ( -23.80560706676462246, -11.23396405165403777, 2.611909329680532910 ) ) ;
#3219 = CARTESIAN_POINT ( 'NONE',  ( -27.08138409390282675, -5.090826824566827113, -0.8889690687347082676 ) ) ;
#3220 = CARTESIAN_POINT ( 'NONE',  ( 23.45269747722666054, 21.51911904469850612, 10.00017481678340303 ) ) ;
#3221 = PRODUCT_RELATED_PRODUCT_CATEGORY ( 'part', '', ( #1996 ) ) ;
#3222 = CARTESIAN_POINT ( 'NONE',  ( 23.50088382113237984, 18.43069998798967291, 7.558957032079859140 ) ) ;
#3223 = CARTESIAN_POINT ( 'NONE',  ( -24.87329692003822146, 11.94030211726413526, 4.273050429550167451 ) ) ;
#3224 = CARTESIAN_POINT ( 'NONE',  ( 12.04408711962499190, -27.42130587357821270, 8.931381792723570356 ) ) ;
#3225 = CARTESIAN_POINT ( 'NONE',  ( 12.75653151894947257, 31.40176592949499934, 23.01000000000000156 ) ) ;
#3226 = CARTESIAN_POINT ( 'NONE',  ( 14.72758264266703065, 27.66580760197162903, 10.00000317147565632 ) ) ;
#3227 = CARTESIAN_POINT ( 'NONE',  ( 17.78684698606615200, -20.89507718469377906, -0.8889690687347077125 ) ) ;
#3228 = CARTESIAN_POINT ( 'NONE',  ( 10.60853809357455013, 25.74978761324283383, 5.581709105851600405 ) ) ;
#3229 = CARTESIAN_POINT ( 'NONE',  ( -18.87855063497343977, -25.95779044088045140, 10.00000004196194681 ) ) ;
#3230 = CARTESIAN_POINT ( 'NONE',  ( 19.09153711424070110, -18.08894146345511089, 2.594352911622295643 ) ) ;
#3231 = CARTESIAN_POINT ( 'NONE',  ( -2.863704562521775632, 24.84745921306162586, 0.09234040259936368567 ) ) ;
#3232 = CARTESIAN_POINT ( 'NONE',  ( -24.73164159835209475, 4.329090722963110593, 1.041965147644720924 ) ) ;
#3233 = CARTESIAN_POINT ( 'NONE',  ( 26.14448567096533438, 8.365091989621488366, -0.8889690687347078235 ) ) ;
#3234 = CARTESIAN_POINT ( 'NONE',  ( -21.01436207262323563, -19.70328417033499235, 5.924402121076329131 ) ) ;
#3235 = CARTESIAN_POINT ( 'NONE',  ( -27.69743296561065193, -5.206578909921024234, -0.1000000000000000611 ) ) ;
#3236 = CARTESIAN_POINT ( 'NONE',  ( -23.24635729366682924, 9.316582282746329824, 0.9703918190532828669 ) ) ;
#3237 = CARTESIAN_POINT ( 'NONE',  ( -23.53950495353965877, -27.22897489998729625, 23.01000000000000156 ) ) ;
#3238 = CARTESIAN_POINT ( 'NONE',  ( -10.27909306425005909, -28.08237353660059554, 9.999999933993265699 ) ) ;
#3239 = CARTESIAN_POINT ( 'NONE',  ( 28.56532548778192648, -13.22693892720623232, 9.292330885885551339 ) ) ;
#3240 = CARTESIAN_POINT ( 'NONE',  ( 21.64946225927105417, 20.93149786111192512, 7.603144251622268257 ) ) ;
#3241 = CARTESIAN_POINT ( 'NONE',  ( -19.86040888724758346, -19.13463341435261000, 4.270311441538776620 ) ) ;
#3242 = CARTESIAN_POINT ( 'NONE',  ( 28.94099360995885917, 13.63985612652966140, 10.00000000000000178 ) ) ;
#3243 = CARTESIAN_POINT ( 'NONE',  ( 27.55555654973080948, 0.003828261532294533875, -0.8889690687347090448 ) ) ;
#3244 = CARTESIAN_POINT ( 'NONE',  ( -31.51539119100457853, -3.507231439926811856, 9.325314999208250910 ) ) ;
#3245 = CARTESIAN_POINT ( 'NONE',  ( 30.45315528768177060, -8.683000498425986535, 9.333648236546849830 ) ) ;
#3246 = CARTESIAN_POINT ( 'NONE',  ( 18.36127698965021793, 25.63872541340275646, 9.303733912033255393 ) ) ;
#3247 = CARTESIAN_POINT ( 'NONE',  ( -19.24894776854814182, 19.82286074599239711, 4.290544696682213832 ) ) ;
#3248 = CARTESIAN_POINT ( 'NONE',  ( -9.623261610308798453, -23.06802596978264219, 0.6463591702274673612 ) ) ;
#3249 = CARTESIAN_POINT ( 'NONE',  ( 25.87071190355447570, -24.57364245467583785, 23.01000000000000156 ) ) ;
#3250 = CARTESIAN_POINT ( 'NONE',  ( -31.85350617996980560, 4.552229294486863864, 10.00000016729998542 ) ) ;
#3251 = VERTEX_POINT ( 'NONE', #4899 ) ;
#3252 = CARTESIAN_POINT ( 'NONE',  ( -22.58023000847727246, -10.81920919573632212, 0.9380254954390097044 ) ) ;
#3253 = CARTESIAN_POINT ( 'NONE',  ( -25.37717614307419112, 11.88726697386957554, -0.1000000000000000056 ) ) ;
#3254 = CARTESIAN_POINT ( 'NONE',  ( 24.93422448031295247, 11.83972514000043930, 4.280033876072756094 ) ) ;
#3255 = CARTESIAN_POINT ( 'NONE',  ( -24.15301636313180467, 15.40953290268595666, 5.876286313742628664 ) ) ;
#3256 = CARTESIAN_POINT ( 'NONE',  ( 9.400263500515215753, -23.15683860433241748, 0.6231036059073479239 ) ) ;
#3257 = CARTESIAN_POINT ( 'NONE',  ( -25.87071190358070183, 24.57364245468912500, 15.00000000000000000 ) ) ;
#3258 = CARTESIAN_POINT ( 'NONE',  ( 25.13446777018497258, -25.62541785368778946, 23.01000000000000156 ) ) ;
#3259 = CARTESIAN_POINT ( 'NONE',  ( 24.36831744650090315, -14.05132342023136438, 0.000000000000000000 ) ) ;
#3260 = CARTESIAN_POINT ( 'NONE',  ( 9.568148905888163469, 24.09492917310307547, 2.259688905512691193 ) ) ;
#3261 = CARTESIAN_POINT ( 'NONE',  ( -25.10000000000000142, 3.073863465859856794E-15, -41.00000000000000000 ) ) ;
#3262 = CARTESIAN_POINT ( 'NONE',  ( 31.44025823186916213, 6.844445977084573585, 9.999998645157628374 ) ) ;
#3263 = CARTESIAN_POINT ( 'NONE',  ( 29.48836331216056905, 11.49710213152501836, 9.333654826803986282 ) ) ;
#3264 = CARTESIAN_POINT ( 'NONE',  ( 20.58068610595632109, -24.08447589485788143, 9.336656379447253684 ) ) ;
#3265 = CARTESIAN_POINT ( 'NONE',  ( -9.424937448691837361, 23.14725641449189197, 0.6258486846745126009 ) ) ;
#3266 = LINE ( 'NONE', #5148, #5664 ) ;
#3267 = CARTESIAN_POINT ( 'NONE',  ( -19.14521504565717436, -18.02553673726917083, 2.590160225126953097 ) ) ;
#3268 = CARTESIAN_POINT ( 'NONE',  ( 18.18011099438937705, 17.21239640133468640, 0.9230740616527829401 ) ) ;
#3269 = CARTESIAN_POINT ( 'NONE',  ( -25.34850783304523247, 10.40265330375986252, -0.8889690687347077125 ) ) ;
#3270 = CARTESIAN_POINT ( 'NONE',  ( -29.81325127437469291, 13.63878152721584414, 10.95604062462991202 ) ) ;
#3271 = CARTESIAN_POINT ( 'NONE',  ( -5.891914985779166614, -28.19532281809141949, 9.999673315356087500 ) ) ;
#3272 = CARTESIAN_POINT ( 'NONE',  ( 28.62814695098315454, -13.13645292257348096, 9.297005252696489919 ) ) ;
#3273 = CARTESIAN_POINT ( 'NONE',  ( 18.10531172030612623, 17.29213643551812041, 0.9267214514990996799 ) ) ;
#3274 = CARTESIAN_POINT ( 'NONE',  ( -22.50351321488822265, -21.89937030040628230, 9.281326859940794094 ) ) ;
#3275 = CARTESIAN_POINT ( 'NONE',  ( 23.81149065779397134, -7.962957697473724394, 1.042098561834692294 ) ) ;
#3276 = CARTESIAN_POINT ( 'NONE',  ( 31.90415722417747801, -4.303137720307551817, 10.00000000000000178 ) ) ;
#3277 = CARTESIAN_POINT ( 'NONE',  ( 25.99447193774717846, 10.67636337345454933, 0.000000000000000000 ) ) ;
#3278 = CARTESIAN_POINT ( 'NONE',  ( -30.20075757303120412, -3.361053711307036451, 7.654435012991337217 ) ) ;
#3279 = DIRECTION ( 'NONE',  ( 0.000000000000000000, 0.000000000000000000, 1.000000000000000000 ) ) ;
#3280 = CARTESIAN_POINT ( 'NONE',  ( 24.97693108543336038, -8.452596050334815203, 2.643309552952305630 ) ) ;
#3281 = CARTESIAN_POINT ( 'NONE',  ( 11.58684342960013147, 23.42255033376534001, 2.446372118365311987 ) ) ;
#3282 = CARTESIAN_POINT ( 'NONE',  ( -22.76299546572935029, 23.64093389217089936, 10.96927250842963630 ) ) ;
#3283 = CARTESIAN_POINT ( 'NONE',  ( -11.82818838998709410, -26.52019598838346326, 7.309845444689540450 ) ) ;
#3284 = CARTESIAN_POINT ( 'NONE',  ( -21.85654297046079719, -23.54094021588127461, 23.01000000000000156 ) ) ;
#3285 = CARTESIAN_POINT ( 'NONE',  ( 15.93244915517140115, -24.05902408165974649, 5.943071640039630843 ) ) ;
#3286 = ORIENTED_EDGE ( 'NONE', *, *, #5004, .F. ) ;
#3287 = CARTESIAN_POINT ( 'NONE',  ( -23.79339168522767878, -11.25711656373826663, 2.611043834283571119 ) ) ;
#3288 = CARTESIAN_POINT ( 'NONE',  ( 8.910761338506583584, 26.65652043851608610, -0.09999999999999999167 ) ) ;
#3289 = CARTESIAN_POINT ( 'NONE',  ( 28.53249175710757513, 13.27763036669826491, 9.290796755584143085 ) ) ;
#3290 = CARTESIAN_POINT ( 'NONE',  ( -26.05305812133831722, 12.43931371413508913, 5.941549702915279951 ) ) ;
#3291 = CARTESIAN_POINT ( 'NONE',  ( 4.749753101655906029, -25.15954991684944630, 1.865941586458592427 ) ) ;
#3292 = CARTESIAN_POINT ( 'NONE',  ( 20.21789168898782307, 29.73091665217688728, 10.00000000000000000 ) ) ;
#3293 = CARTESIAN_POINT ( 'NONE',  ( -11.70709835920439978, 28.02405200380554717, 9.999999955698370968 ) ) ;
#3294 = CARTESIAN_POINT ( 'NONE',  ( 24.30500881454479867, -14.01507822786254032, -0.09999999999999983902 ) ) ;
#3295 = CARTESIAN_POINT ( 'NONE',  ( 11.09781638117753566, 27.45931998605729873, 8.853636652691685427 ) ) ;
#3296 = CARTESIAN_POINT ( 'NONE',  ( 31.73517437670980712, -5.313424210551195515, 9.999999999965460518 ) ) ;
#3297 = CARTESIAN_POINT ( 'NONE',  ( 23.29495287588303043, 9.193997426343743840, 0.9706141740436665666 ) ) ;
#3298 = CARTESIAN_POINT ( 'NONE',  ( 18.17198811906240508, -22.60628625179635165, 5.987609199280692351 ) ) ;
#3299 = CARTESIAN_POINT ( 'NONE',  ( -7.775354502744848517, 27.58755147393080520, 8.624718995822755474 ) ) ;
#3300 = CARTESIAN_POINT ( 'NONE',  ( 25.13283534890510040, 25.62457611023447157, 23.01000000000000156 ) ) ;
#3301 = CARTESIAN_POINT ( 'NONE',  ( 25.72373767615327367, 11.11668836877121613, -0.09999999999999992228 ) ) ;
#3302 = CARTESIAN_POINT ( 'NONE',  ( -23.49715886534129439, -18.42769734390102698, 7.552346257182854572 ) ) ;
#3303 = CARTESIAN_POINT ( 'NONE',  ( -34.35653493771057043, 10.98150194049352812, 10.00000000000000000 ) ) ;
#3304 = CARTESIAN_POINT ( 'NONE',  ( -27.31944877952467010, 12.80341067261283072, 7.614120281392558809 ) ) ;
#3305 = CARTESIAN_POINT ( 'NONE',  ( 10.85948133192171561, -28.05842319171727794, 10.00000019737107415 ) ) ;
#3306 = CARTESIAN_POINT ( 'NONE',  ( 21.07453347282862666, -13.51960577218092574, 0.8635771697671545954 ) ) ;
#3307 = CARTESIAN_POINT ( 'NONE',  ( 22.49910889489813215, 21.89480613294427869, 9.273023343661808582 ) ) ;
#3308 = CARTESIAN_POINT ( 'NONE',  ( -18.03445112610017631, -17.36660489285061360, 0.9296306500524705863 ) ) ;
#3309 = CARTESIAN_POINT ( 'NONE',  ( 36.20448314077391672, -0.002990514941186069725, 23.01000000000000156 ) ) ;
#3310 = CARTESIAN_POINT ( 'NONE',  ( 25.34850783302256616, -10.40265330380021780, -0.8889690687347084896 ) ) ;
#3311 = CARTESIAN_POINT ( 'NONE',  ( -30.73020082164893552, -11.92759608106076819, 10.99621727796158588 ) ) ;
#3312 = CARTESIAN_POINT ( 'NONE',  ( 12.76522365860957997, -31.39823346896604406, 10.00000000000000000 ) ) ;
#3313 = CARTESIAN_POINT ( 'NONE',  ( 28.24728769217589885, -11.04261123567693126, 7.661056886323665438 ) ) ;
#3314 = CARTESIAN_POINT ( 'NONE',  ( 10.20460602814499573, 22.82463228721845994, 0.7018502391223955250 ) ) ;
#3315 = CARTESIAN_POINT ( 'NONE',  ( -13.74594575772956162, 22.40607670934647899, 2.573572134419688240 ) ) ;
#3316 = CARTESIAN_POINT ( 'NONE',  ( -13.95962760247053147, -27.26716624136603428, 9.108736866621804040 ) ) ;
#3317 = CARTESIAN_POINT ( 'NONE',  ( -16.17110611915199314, -27.24576646244056732, 10.00000000000000178 ) ) ;
#3318 = CARTESIAN_POINT ( 'NONE',  ( 11.58811103412048560, -22.17185499295893791, 0.8120011328689538121 ) ) ;
#3319 = ORIENTED_EDGE ( 'NONE', *, *, #876, .T. ) ;
#3320 = CARTESIAN_POINT ( 'NONE',  ( -28.55344123543000734, -13.23566760712199475, 9.283860158514348981 ) ) ;
#3321 = CARTESIAN_POINT ( 'NONE',  ( 22.38357759783770007, 11.21458756925434663, 0.9228665147752879161 ) ) ;
#3322 = CARTESIAN_POINT ( 'NONE',  ( -23.22365555525125913, 12.30037937529617587, 2.574700796570021488 ) ) ;
#3323 = CARTESIAN_POINT ( 'NONE',  ( 11.46429561751758541, -26.55288314166351427, 7.272845313023912794 ) ) ;
#3324 = CARTESIAN_POINT ( 'NONE',  ( 17.47527631811361104, 26.71330878976941392, 23.01000000000000156 ) ) ;
#3325 = CARTESIAN_POINT ( 'NONE',  ( -13.09110342384428094, 27.93934187741405850, 9.999999960057909476 ) ) ;
#3326 = CARTESIAN_POINT ( 'NONE',  ( 10.39941472569165981, 24.84529327894890471, 3.952347216747315706 ) ) ;
#3327 = EDGE_CURVE ( 'NONE', #4174, #345, #3988, .T. ) ;
#3328 = CARTESIAN_POINT ( 'NONE',  ( -22.79244410491741490, -22.41811714810473433, 10.00000034668502913 ) ) ;
#3329 = CARTESIAN_POINT ( 'NONE',  ( 30.23035949981400350, 11.02180783692684685, 10.00000004988844893 ) ) ;
#3330 = CARTESIAN_POINT ( 'NONE',  ( 30.67796921969106805, 12.08093238467318287, 11.00608006278076445 ) ) ;
#3331 = CARTESIAN_POINT ( 'NONE',  ( 19.06753078723822625, -25.24845874109854904, 9.328799368953349713 ) ) ;
#3332 = CARTESIAN_POINT ( 'NONE',  ( -3.160891535551739295, 25.98253767752753873, 3.432546945682513506 ) ) ;
#3333 = CARTESIAN_POINT ( 'NONE',  ( 23.41634280602904283, 27.54249763574230769, 10.00000000000000000 ) ) ;
#3334 = CARTESIAN_POINT ( 'NONE',  ( -24.68744598946276625, -16.75230514495654077, 7.543198791584630136 ) ) ;
#3335 = CARTESIAN_POINT ( 'NONE',  ( -26.05080111237953844, 10.32285480478366502, -0.1000000000000000056 ) ) ;
#3336 = CARTESIAN_POINT ( 'NONE',  ( -26.13192081168924830, 12.30959313198477290, 5.945763602320908170 ) ) ;
#3337 = CARTESIAN_POINT ( 'NONE',  ( 13.87272505025151226, -27.83350614619117636, 10.00000009945531865 ) ) ;
#3338 = CARTESIAN_POINT ( 'NONE',  ( 26.02488309166117020, -12.49262967846319761, 5.944799506795197530 ) ) ;
#3339 = CARTESIAN_POINT ( 'NONE',  ( -2.203361527169069856, -28.24068410060971601, 23.01000000000000156 ) ) ;
#3340 = CARTESIAN_POINT ( 'NONE',  ( 22.90019915242568516, -10.29477269171428588, 1.033077552887780026 ) ) ;
#3341 = VECTOR ( 'NONE', #3524, 1000.000000000000114 ) ;
#3342 = CARTESIAN_POINT ( 'NONE',  ( 33.54470374678190581, 13.06724341779594845, 23.01000000000000156 ) ) ;
#3343 = EDGE_CURVE ( 'NONE', #1192, #4252, #806, .T. ) ;
#3344 = CARTESIAN_POINT ( 'NONE',  ( 26.81466428940167646, 8.579470570639312399, 0.000000000000000000 ) ) ;
#3345 = CARTESIAN_POINT ( 'NONE',  ( -24.09642346174900140, 6.870897638196955093, 0.9709307688509071221 ) ) ;
#3346 = DIRECTION ( 'NONE',  ( 0.000000000000000000, 0.000000000000000000, 1.000000000000000000 ) ) ;
#3347 = CARTESIAN_POINT ( 'NONE',  ( 28.21700896043545725, -11.11834191384985715, 7.660920072125693814 ) ) ;
#3348 = CIRCLE ( 'NONE', #1452, 11.00000000000001066 ) ;
#3349 = CARTESIAN_POINT ( 'NONE',  ( 16.05239824067013288, 22.49724242325359924, 4.293437111089684066 ) ) ;
#3350 = CARTESIAN_POINT ( 'NONE',  ( -13.35372948211851174, 27.31727664236373343, 9.046172392455202882 ) ) ;
#3351 = CARTESIAN_POINT ( 'NONE',  ( -10.58854693114151679, -23.77556977259231630, 2.360825119039080988 ) ) ;
#3352 = CARTESIAN_POINT ( 'NONE',  ( -2.203361527169069856, -28.24068410060971601, 10.00000000000000178 ) ) ;
#3353 = CARTESIAN_POINT ( 'NONE',  ( 11.45671720836202390, -23.46039888757312752, 2.433758397884426827 ) ) ;
#3354 = VERTEX_POINT ( 'NONE', #3867 ) ;
#3355 = CARTESIAN_POINT ( 'NONE',  ( -24.26289567117174784, -10.29735861112410689, 2.636711650788793548 ) ) ;
#3356 = SHAPE_DEFINITION_REPRESENTATION ( #1520, #5189 ) ;
#3357 = CARTESIAN_POINT ( 'NONE',  ( 28.28677632324016145, 13.64112722959671054, 9.280888913884014713 ) ) ;
#3358 = CARTESIAN_POINT ( 'NONE',  ( -20.40223481302332331, 18.47606892860746797, 4.244189215703078943 ) ) ;
#3359 = CARTESIAN_POINT ( 'NONE',  ( 9.301894139440104681, -23.19523886742283381, 0.6128522048822031554 ) ) ;
#3360 = CARTESIAN_POINT ( 'NONE',  ( -9.178804488602954947, 28.11839858938314052, 10.00000000000000178 ) ) ;
#3361 = CARTESIAN_POINT ( 'NONE',  ( -8.765061808297311075, 28.12847666760113086, 9.999955115503729175 ) ) ;
#3362 = CARTESIAN_POINT ( 'NONE',  ( 11.49395955884726384, 26.54910418748002598, 7.270007905565337936 ) ) ;
#3363 = CARTESIAN_POINT ( 'NONE',  ( 30.38327008759467773, 10.59491342429534022, 10.00000009400141998 ) ) ;
#3364 = CARTESIAN_POINT ( 'NONE',  ( 28.22768204956094706, 11.09202258636339522, 7.660997948600372531 ) ) ;
#3365 = CARTESIAN_POINT ( 'NONE',  ( 23.07318820436255180, -23.26287201271932759, 10.96765548263300083 ) ) ;
#3366 = CARTESIAN_POINT ( 'NONE',  ( -8.081045271205903546, 28.27085879166182636, 10.28630414635691359 ) ) ;
#3367 = CARTESIAN_POINT ( 'NONE',  ( 23.29493315746306337, 9.074474595745964933, 10.00000000000000000 ) ) ;
#3368 = CARTESIAN_POINT ( 'NONE',  ( -21.53623687794407005, -19.03107784870353214, 5.905900993837289725 ) ) ;
#3369 = CARTESIAN_POINT ( 'NONE',  ( 19.06615179194219678, 18.11738259122820693, 2.595291327600824705 ) ) ;
#3370 = CARTESIAN_POINT ( 'NONE',  ( -26.74164326012825654, 8.547952873273986896, -0.1000000000000000056 ) ) ;
#3371 = CARTESIAN_POINT ( 'NONE',  ( -27.35503228957682609, 12.74773335642766625, 7.615688843054883250 ) ) ;
#3372 = CARTESIAN_POINT ( 'NONE',  ( 10.91441887782708164, -28.05630876737577140, 9.999999979372679704 ) ) ;
#3373 = CARTESIAN_POINT ( 'NONE',  ( 24.69614816558289050, -14.60107982833534557, 5.891490610105683423 ) ) ;
#3374 = CARTESIAN_POINT ( 'NONE',  ( 15.79659470050183856, -27.37883155700389892, 23.01000000000000156 ) ) ;
#3375 = CARTESIAN_POINT ( 'NONE',  ( 22.98958160506887438, 22.15661142446030496, 23.01000000000000156 ) ) ;
#3376 = CARTESIAN_POINT ( 'NONE',  ( 25.72681399036484962, -11.10956714041699200, -0.09999999999999992228 ) ) ;
#3377 = CARTESIAN_POINT ( 'NONE',  ( -27.43727096394098908, 4.100298439519584726, 4.312712202410912354 ) ) ;
#3378 = CARTESIAN_POINT ( 'NONE',  ( -34.35374308351180161, -10.99037196115488690, 23.01000000000000156 ) ) ;
#3379 = CARTESIAN_POINT ( 'NONE',  ( 30.71849036647710562, -11.97956917740919991, 11.00624040126441017 ) ) ;
#3380 = CARTESIAN_POINT ( 'NONE',  ( 22.70679928143025705, 23.71112436314726324, 10.97130057632698197 ) ) ;
#3381 = CARTESIAN_POINT ( 'NONE',  ( -13.66844530384479484, 23.80170824307404942, 4.206206509834625962 ) ) ;
#3382 = CARTESIAN_POINT ( 'NONE',  ( -10.74090680852879132, -24.76781093955606750, 3.989101277012051305 ) ) ;
#3383 = CARTESIAN_POINT ( 'NONE',  ( -11.22838793569876259, -28.04739749996914711, 10.00000000000000178 ) ) ;
#3384 = CARTESIAN_POINT ( 'NONE',  ( 12.64715116827128050, -25.35050322762632646, 5.767104291339794742 ) ) ;
#3385 = ORIENTED_EDGE ( 'NONE', *, *, #1668, .T. ) ;
#3386 = CARTESIAN_POINT ( 'NONE',  ( -29.33386604395402131, -11.85194957513708225, 9.323843256701481508 ) ) ;
#3387 = CARTESIAN_POINT ( 'NONE',  ( -26.02480564381741246, -17.91211118439298744, 9.999916812526302934 ) ) ;
#3388 = CARTESIAN_POINT ( 'NONE',  ( 29.65749854521915552, 13.87123662175799765, 10.95714490899243287 ) ) ;
#3389 = CARTESIAN_POINT ( 'NONE',  ( -23.71352128345239052, 20.20691472510831588, 9.236039401176457275 ) ) ;
#3390 = CARTESIAN_POINT ( 'NONE',  ( -3.823750963710923045, -24.71800758559544420, 0.1391034075524618940 ) ) ;
#3391 = CARTESIAN_POINT ( 'NONE',  ( -12.27449291228423789, 28.00134497036129133, 23.01000000000000156 ) ) ;
#3392 = CARTESIAN_POINT ( 'NONE',  ( -1.923762737252706634, 28.23585811929232037, 9.999921162665680541 ) ) ;
#3393 = CARTESIAN_POINT ( 'NONE',  ( 12.45800157142316600, 28.30194404170685374, 10.56452715700049438 ) ) ;
#3394 = CARTESIAN_POINT ( 'NONE',  ( -5.047201990823660722, 28.21367423557158460, 23.01000000000000156 ) ) ;
#3395 = CARTESIAN_POINT ( 'NONE',  ( 31.73762594324436392, -5.298762216085403765, 10.00000000004397549 ) ) ;
#3396 = CARTESIAN_POINT ( 'NONE',  ( 28.21749757955623750, 11.11723008711690674, 7.660935722927842306 ) ) ;
#3397 = CARTESIAN_POINT ( 'NONE',  ( 21.00388981554315393, -21.74028816119350083, 7.636964978455335284 ) ) ;
#3398 = CARTESIAN_POINT ( 'NONE',  ( -28.10000000000000853, -8.085188673624156552E-12, -4.966663941230457953E-05 ) ) ;
#3399 = CARTESIAN_POINT ( 'NONE',  ( -34.77034180876837866, 9.342222334317394683, 23.00999999999999446 ) ) ;
#3400 = CARTESIAN_POINT ( 'NONE',  ( -22.89441895066572741, -19.26004019305112891, 7.563131190553442629 ) ) ;
#3401 = CARTESIAN_POINT ( 'NONE',  ( 19.93069601254916279, 19.05031947764538813, 4.267038512602970179 ) ) ;
#3402 = CARTESIAN_POINT ( 'NONE',  ( -20.88039487473237799, 18.81914016215377927, -0.000000000000000000 ) ) ;
#3403 = CARTESIAN_POINT ( 'NONE',  ( -27.36986021549764558, 12.72507938187711751, 7.616753852519432044 ) ) ;
#3404 = CARTESIAN_POINT ( 'NONE',  ( 4.160935735294434501, -28.21841766673952634, 9.999695126932012457 ) ) ;
#3405 = CARTESIAN_POINT ( 'NONE',  ( 29.18430482539953985, -14.53828387063235539, 10.94072800797983014 ) ) ;
#3406 = CARTESIAN_POINT ( 'NONE',  ( 22.55055458352673625, 21.82288520834352852, 9.270191413308618067 ) ) ;
#3407 = CARTESIAN_POINT ( 'NONE',  ( 24.95112435003667173, 3.157148946659007915, 1.041908145868156943 ) ) ;
#3408 = CARTESIAN_POINT ( 'NONE',  ( 19.31088314034094466, 25.72592742698246937, 10.00000000000000178 ) ) ;
#3409 = CARTESIAN_POINT ( 'NONE',  ( -15.85346931321690533, 23.16920211669878071, -0.09999999999999992228 ) ) ;
#3410 = CARTESIAN_POINT ( 'NONE',  ( 5.394399258265242025, -27.41714091731197200, -0.8889690687347066023 ) ) ;
#3411 = CARTESIAN_POINT ( 'NONE',  ( -26.22632706900979827, 8.875357489954653900, 4.312694357127411671 ) ) ;
#3412 = CARTESIAN_POINT ( 'NONE',  ( 12.76522365860957997, -31.39823346896604406, 23.01000000000000156 ) ) ;
#3413 = ADVANCED_FACE ( 'NONE', ( #1363 ), #2937, .F. ) ;
#3414 = CARTESIAN_POINT ( 'NONE',  ( 25.74606735559041226, -10.18076996559925895, 4.315698491787689051 ) ) ;
#3415 = CARTESIAN_POINT ( 'NONE',  ( 18.32438070126395147, 18.91828850373953230, 2.621898818344971183 ) ) ;
#3416 = CARTESIAN_POINT ( 'NONE',  ( -12.79207794051946756, 26.37622878791820469, 7.389004355924256195 ) ) ;
#3417 = CARTESIAN_POINT ( 'NONE',  ( -16.06908240846465574, -24.01622463287272424, 5.951342169822929407 ) ) ;
#3418 = CARTESIAN_POINT ( 'NONE',  ( -12.97909463404725550, -27.95512383084756891, 10.00000000000000178 ) ) ;
#3419 = CARTESIAN_POINT ( 'NONE',  ( 13.07104658484153070, -25.23203481444803131, 5.797712225737062575 ) ) ;
#3420 = EDGE_LOOP ( 'NONE', ( #4145, #5680, #2672, #5008, #2882, #3208, #49, #5371, #2586, #3176, #5826, #19 ) ) ;
#3421 = CARTESIAN_POINT ( 'NONE',  ( -26.70513172969963378, -11.27192674713474752, 5.977795638337791928 ) ) ;
#3422 = CARTESIAN_POINT ( 'NONE',  ( -29.73327064884085047, -12.26040464935424090, 9.999999934094617515 ) ) ;
#3423 = CARTESIAN_POINT ( 'NONE',  ( 27.50908956363529612, 12.52222792128505091, 7.633135340089008736 ) ) ;
#3424 = CARTESIAN_POINT ( 'NONE',  ( -23.61993350760823773, 22.47488546719493741, 10.93216007230138764 ) ) ;
#3425 = CARTESIAN_POINT ( 'NONE',  ( -11.18705220835149028, -26.58265220814257646, 7.251229076941442031 ) ) ;
#3426 = CARTESIAN_POINT ( 'NONE',  ( -22.73349049135617861, 22.50070969241863494, 10.00000000000000178 ) ) ;
#3427 = CARTESIAN_POINT ( 'NONE',  ( -10.10906711314678752, 28.08575983997758385, 9.999999609230147968 ) ) ;
#3428 = CARTESIAN_POINT ( 'NONE',  ( 12.49260848343284458, 28.30225705872319963, 10.56683687421558737 ) ) ;
#3429 = EDGE_CURVE ( 'NONE', #1534, #1160, #6345, .T. ) ;
#3430 = CARTESIAN_POINT ( 'NONE',  ( -8.146051296787636176, 28.14680658293227111, 23.01000000000000156 ) ) ;
#3431 = PRODUCT_DEFINITION_CONTEXT ( 'detailed design', #6197, 'design' ) ;
#3432 = CARTESIAN_POINT ( 'NONE',  ( 32.96629059854837607, -0.6183672957631612954, 11.00628786353460065 ) ) ;
#3433 = CARTESIAN_POINT ( 'NONE',  ( 21.82489165526797237, 20.70708233843030399, 7.602947065551295402 ) ) ;
#3434 = CARTESIAN_POINT ( 'NONE',  ( -16.59548979766552890, 31.09195699207326413, 23.01000000000000156 ) ) ;
#3435 = CARTESIAN_POINT ( 'NONE',  ( -33.94041317529038793, 12.01456702369877405, 23.01000000000000156 ) ) ;
#3436 = CARTESIAN_POINT ( 'NONE',  ( -19.80818066749207773, -19.19668831840142786, 4.272707604652556057 ) ) ;
#3437 = CARTESIAN_POINT ( 'NONE',  ( 21.69912477522353456, 20.87377121565278060, 7.607717780638464156 ) ) ;
#3438 = CARTESIAN_POINT ( 'NONE',  ( -24.98626062468344244, 11.74222029527644295, 4.280090015349070853 ) ) ;
#3439 = CARTESIAN_POINT ( 'NONE',  ( 13.04137344965350920, -27.94991900936640405, 9.999998113058628846 ) ) ;
#3440 = CARTESIAN_POINT ( 'NONE',  ( 25.48174868562487205, -13.37130814261163358, 5.919031714626793672 ) ) ;
#3441 = CARTESIAN_POINT ( 'NONE',  ( 23.00526552846108430, -22.13376655312411145, 23.01000000000000156 ) ) ;
#3442 = FACE_OUTER_BOUND ( 'NONE', #5651, .T. ) ;
#3443 = CARTESIAN_POINT ( 'NONE',  ( 19.00213453289300247, 30.18994184604182252, 23.01000000000000512 ) ) ;
#3444 = CARTESIAN_POINT ( 'NONE',  ( -20.17775648626592044, 29.75423865581673510, 9.999999999999991118 ) ) ;
#3445 = CARTESIAN_POINT ( 'NONE',  ( -10.59395262057630305, -31.40146660741242712, 9.999999999999998224 ) ) ;
#3446 = CARTESIAN_POINT ( 'NONE',  ( -24.64852901967752175, 9.354828983545335319, 2.641817220952686007 ) ) ;
#3447 = CARTESIAN_POINT ( 'NONE',  ( -28.10000000000040998, 1.392510352478688596, -4.899422886005183944E-05 ) ) ;
#3448 = CARTESIAN_POINT ( 'NONE',  ( 27.01618358034340162, -10.56271351711340678, 5.988472156221034126 ) ) ;
#3449 = CARTESIAN_POINT ( 'NONE',  ( 16.63183925421165554, 20.47805721417413238, 2.644893471144839303 ) ) ;
#3450 = CARTESIAN_POINT ( 'NONE',  ( -12.46386135667209238, 24.25982671083015063, 4.128735951238871493 ) ) ;
#3451 = CARTESIAN_POINT ( 'NONE',  ( -18.26943150891136369, -27.17849487894663696, 10.96364533103432137 ) ) ;
#3452 = CARTESIAN_POINT ( 'NONE',  ( 9.830951048784449142, -28.09768936456755029, 23.01000000000000156 ) ) ;
#3453 = CARTESIAN_POINT ( 'NONE',  ( 11.36282223995821461, -25.62870931046883172, 5.656407493173063905 ) ) ;
#3454 = ORIENTED_EDGE ( 'NONE', *, *, #1355, .T. ) ;
#3455 = CARTESIAN_POINT ( 'NONE',  ( -23.23747199012402476, -9.338531955038309462, 0.9702880840344958457 ) ) ;
#3456 = CARTESIAN_POINT ( 'NONE',  ( -28.85481951249888155, -13.76678827977909769, 9.999996419268677883 ) ) ;
#3457 = CARTESIAN_POINT ( 'NONE',  ( 28.55935954016586464, 13.23815992349473269, 9.292159439132383625 ) ) ;
#3458 = CARTESIAN_POINT ( 'NONE',  ( -19.16167671034250475, 18.00716016436972922, 2.589636185287663039 ) ) ;
#3459 = CARTESIAN_POINT ( 'NONE',  ( -9.037576854236709423, -23.29601395371415506, 0.5856057036146837813 ) ) ;
#3460 = CARTESIAN_POINT ( 'NONE',  ( -28.25607468149511448, 14.66276402368917786, 10.00000000000000178 ) ) ;
#3461 = CARTESIAN_POINT ( 'NONE',  ( -21.98060351320056327, 23.39633231496035393, 9.999992594881708996 ) ) ;
#3462 = CARTESIAN_POINT ( 'NONE',  ( -20.79514700505277602, 24.60182717668899599, 23.01000000000000156 ) ) ;
#3463 = CARTESIAN_POINT ( 'NONE',  ( 29.51155735515651912, 11.43742284849204616, 9.333654811224377568 ) ) ;
#3464 = CARTESIAN_POINT ( 'NONE',  ( 23.50318847167632796, 20.51016766432015359, 9.249355657506242778 ) ) ;
#3465 = SURFACE_SIDE_STYLE ('',( #4496 ) ) ;
#3466 = LINE ( 'NONE', #5629, #2389 ) ;
#3467 = CARTESIAN_POINT ( 'NONE',  ( -18.14929848818671587, -17.24522686447391351, 0.9245039406931229164 ) ) ;
#3468 = CARTESIAN_POINT ( 'NONE',  ( 23.54520274872297492, 22.59312885229068613, 10.94451906928712503 ) ) ;
#3469 = CARTESIAN_POINT ( 'NONE',  ( 20.95949748946218349, -19.78027224125246519, 5.931750393776321850 ) ) ;
#3470 = CARTESIAN_POINT ( 'NONE',  ( 19.03870271337528663, 18.14682588864832624, 2.595029730325138839 ) ) ;
#3471 = CARTESIAN_POINT ( 'NONE',  ( -19.04759843331812874, -18.13673962532532968, 2.594616910385993958 ) ) ;
#3472 = CARTESIAN_POINT ( 'NONE',  ( 25.44704760549000966, -11.92003915157588168, -0.000000000000000000 ) ) ;
#3473 = CARTESIAN_POINT ( 'NONE',  ( -27.47684224846817713, 9.298497060896156796, 5.983574344458263639 ) ) ;
#3474 = CARTESIAN_POINT ( 'NONE',  ( 3.265271682422538291, 27.94473227473656962, 0.0006133732801966069754 ) ) ;
#3475 = CARTESIAN_POINT ( 'NONE',  ( 30.40850549648553880, -12.67615082491964529, 11.00014619493579460 ) ) ;
#3476 = CARTESIAN_POINT ( 'NONE',  ( 21.51924989297885560, 24.95719939291864264, 10.99426356387619030 ) ) ;
#3477 = CARTESIAN_POINT ( 'NONE',  ( -12.66783682650990173, 27.38536548140495697, 8.985501289766929744 ) ) ;
#3478 = CARTESIAN_POINT ( 'NONE',  ( -15.77218185028037034, -26.79242623662965173, 9.215940466893448146 ) ) ;
#3479 = CARTESIAN_POINT ( 'NONE',  ( 12.67050901992531386, -27.38989053686719544, 8.993734437726162767 ) ) ;
#3480 = ORIENTED_EDGE ( 'NONE', *, *, #4169, .F. ) ;
#3481 = CARTESIAN_POINT ( 'NONE',  ( -25.20466567068476849, -11.34889144044669251, 4.294478854800451550 ) ) ;
#3482 = CARTESIAN_POINT ( 'NONE',  ( -29.61270297156601217, -12.50960468887125465, 10.00000050252978312 ) ) ;
#3483 = CARTESIAN_POINT ( 'NONE',  ( 23.90428572703421750, 11.04913305514425126, 2.620291024110081857 ) ) ;
#3484 = CARTESIAN_POINT ( 'NONE',  ( -19.92781611207452030, 19.05081823867891444, 4.264124409162892704 ) ) ;
#3485 = CARTESIAN_POINT ( 'NONE',  ( -9.152663441773508879, -24.21846777170151555, 2.219561471285564913 ) ) ;
#3486 = CARTESIAN_POINT ( 'NONE',  ( -14.32717579298465260, 27.76006594600928779, 10.00000000000000178 ) ) ;
#3487 = CARTESIAN_POINT ( 'NONE',  ( -22.74796833512158045, 22.47816058640984593, 9.999999985735401609 ) ) ;
#3488 = CARTESIAN_POINT ( 'NONE',  ( -9.178804488602954947, 28.11839858938314052, 23.01000000000000156 ) ) ;
#3489 = EDGE_CURVE ( 'NONE', #6151, #2188, #6041, .T. ) ;
#3490 = CARTESIAN_POINT ( 'NONE',  ( 25.81034391085827195, 10.01801077803993856, 4.315898098097648905 ) ) ;
#3491 = CARTESIAN_POINT ( 'NONE',  ( 21.16680629971481409, 19.51444250470838071, 5.923624842384199951 ) ) ;
#3492 = CARTESIAN_POINT ( 'NONE',  ( -28.01504336835708742, -2.228960269491271795, 5.231605051870796949E-05 ) ) ;
#3493 = CARTESIAN_POINT ( 'NONE',  ( -12.76522365868443920, 31.39823346870315035, 15.00000000000000000 ) ) ;
#3494 = CARTESIAN_POINT ( 'NONE',  ( 25.72681399036484962, -11.10956714041699200, -0.09999999999999992228 ) ) ;
#3495 = CARTESIAN_POINT ( 'NONE',  ( 18.19286175269277450, 17.19875872668899675, 0.9224651585607718252 ) ) ;
#3496 = CARTESIAN_POINT ( 'NONE',  ( 22.85076771227703674, -22.34285514851669774, 9.999999982811752730 ) ) ;
#3497 = CARTESIAN_POINT ( 'NONE',  ( 18.63365940919426933, -16.71976391989619515, 0.9026420415413403120 ) ) ;
#3498 = CARTESIAN_POINT ( 'NONE',  ( 31.56805364518013590, -6.312573409719395734, 23.01000000000000156 ) ) ;
#3499 = CARTESIAN_POINT ( 'NONE',  ( -25.87071190358070183, 24.57364245468912500, 23.01000000000000156 ) ) ;
#3500 = CARTESIAN_POINT ( 'NONE',  ( -21.71499815187164018, -20.84452988388834882, 7.600369657403741819 ) ) ;
#3501 = CARTESIAN_POINT ( 'NONE',  ( -11.53134959651805680, 25.64538551855420678, -0.000000000000000000 ) ) ;
#3502 = CARTESIAN_POINT ( 'NONE',  ( 11.53134959652155622, -25.64538551855268622, -0.000000000000000000 ) ) ;
#3503 = CARTESIAN_POINT ( 'NONE',  ( -28.21214496760937962, 11.11643909250334517, 7.654308178706004107 ) ) ;
#3504 = CARTESIAN_POINT ( 'NONE',  ( -3.708731466063543980, 27.88882885778699361, 0.0005017121145677706047 ) ) ;
#3505 = EDGE_CURVE ( 'NONE', #216, #5926, #2920, .T. ) ;
#3506 = CARTESIAN_POINT ( 'NONE',  ( 26.74218762721621800, -11.20212319451424854, 5.983746513149729829 ) ) ;
#3507 = CARTESIAN_POINT ( 'NONE',  ( 17.96349230975266309, 17.44086532562747038, 0.9328167838080908547 ) ) ;
#3508 = CARTESIAN_POINT ( 'NONE',  ( -11.23208181707722630, 24.63953505046338677, 4.030870225549268326 ) ) ;
#3509 = CARTESIAN_POINT ( 'NONE',  ( -16.77755207268414495, -22.03192736301826216, 4.313262212100880788 ) ) ;
#3510 = CARTESIAN_POINT ( 'NONE',  ( 30.81063300178069753, -9.290227395021082302, 10.00000000000000178 ) ) ;
#3511 = CARTESIAN_POINT ( 'NONE',  ( 10.08271763836346757, -22.87787805980594769, 0.6901827255904396941 ) ) ;
#3512 = ORIENTED_EDGE ( 'NONE', *, *, #5546, .T. ) ;
#3513 = CARTESIAN_POINT ( 'NONE',  ( -23.27604530964818252, -9.242309151714879434, 0.9707194153189246943 ) ) ;
#3514 = CARTESIAN_POINT ( 'NONE',  ( -26.84965208598865516, -16.72645929354990457, 9.999763814797180572 ) ) ;
#3515 = CARTESIAN_POINT ( 'NONE',  ( 29.90465824477113443, 13.52790936839793545, 10.97269635176480129 ) ) ;
#3516 = CARTESIAN_POINT ( 'NONE',  ( -23.44785917974315126, 22.72274322635080779, 10.93772621991140070 ) ) ;
#3517 = CARTESIAN_POINT ( 'NONE',  ( -7.468131162099933107, -24.65797710974236523, 2.062110904764022035 ) ) ;
#3518 = CARTESIAN_POINT ( 'NONE',  ( -30.90410762981979076, 9.021595225992470546, 10.00000000000000178 ) ) ;
#3519 = CARTESIAN_POINT ( 'NONE',  ( -20.42091464655674926, 24.87611448950052662, 9.999971048111920169 ) ) ;
#3520 = CARTESIAN_POINT ( 'NONE',  ( -19.87588543788055162, -17.16220611383318229, 2.561325462145357168 ) ) ;
#3521 = CARTESIAN_POINT ( 'NONE',  ( -24.95868973814659597, -11.32966955529261810, -0.8889690687347072684 ) ) ;
#3522 = CARTESIAN_POINT ( 'NONE',  ( 25.06977621779108389, 1.151566856703242880, 0.9707721615595759079 ) ) ;
#3523 = CARTESIAN_POINT ( 'NONE',  ( 19.60192665851051785, 17.49523183541723981, 2.572526711086997153 ) ) ;
#3524 = DIRECTION ( 'NONE',  ( 0.5736898095099975947, -0.8190726478551110246, 0.000000000000000000 ) ) ;
#3525 = CARTESIAN_POINT ( 'NONE',  ( -28.10000000000000497, 3.441257505604062633E-15, -41.49999999999999289 ) ) ;
#3526 = CARTESIAN_POINT ( 'NONE',  ( 8.311342734168873037, 24.44132771410465210, 2.138512499959130952 ) ) ;
#3527 = CARTESIAN_POINT ( 'NONE',  ( -8.918140051884574149, 26.65405274097019017, -0.1000000000000000194 ) ) ;
#3528 = CARTESIAN_POINT ( 'NONE',  ( 23.40394063071547848, -20.65096480344733365, 9.251460478711610591 ) ) ;
#3529 = CARTESIAN_POINT ( 'NONE',  ( 31.64521971936169109, 5.913906111747253114, 23.01000000000000156 ) ) ;
#3530 = CARTESIAN_POINT ( 'NONE',  ( 18.77070820040883703, 26.02680308061269088, 9.999951683096988120 ) ) ;
#3531 = CARTESIAN_POINT ( 'NONE',  ( -22.61003285353058345, -21.74067967353687791, 9.268065247370605775 ) ) ;
#3532 = DIRECTION ( 'NONE',  ( 0.000000000000000000, 0.000000000000000000, 1.000000000000000000 ) ) ;
#3533 = CARTESIAN_POINT ( 'NONE',  ( 5.470981014207413118, -27.74222767414863000, 0.000000000000000000 ) ) ;
#3534 = CARTESIAN_POINT ( 'NONE',  ( -30.71111338615229158, 11.97669183635259493, 10.99621728550264166 ) ) ;
#3535 = CARTESIAN_POINT ( 'NONE',  ( -27.25083166484309416, 6.891519582024830726, 4.376232696812182689E-05 ) ) ;
#3536 = CARTESIAN_POINT ( 'NONE',  ( 30.19060203526490938, -13.07389118317830778, 10.99014317691649012 ) ) ;
#3537 = CARTESIAN_POINT ( 'NONE',  ( 22.41233550914012795, 22.01407728393643737, 9.277582375422921857 ) ) ;
#3538 = CARTESIAN_POINT ( 'NONE',  ( -10.66093727272209968, 23.74908046541362694, 2.365281725134367630 ) ) ;
#3539 = CARTESIAN_POINT ( 'NONE',  ( -13.14339945237943397, -21.32016219195259765, 0.9062895420674195179 ) ) ;
#3540 = CARTESIAN_POINT ( 'NONE',  ( 16.27152005440887095, -27.21754806201441923, 23.01000000000000156 ) ) ;
#3541 = ORIENTED_EDGE ( 'NONE', *, *, #4601, .F. ) ;
#3542 = CARTESIAN_POINT ( 'NONE',  ( -30.71206810334936321, -11.97420854576013127, 10.99621728496062012 ) ) ;
#3543 = CARTESIAN_POINT ( 'NONE',  ( -12.11202367386338707, -28.00927991179617038, 9.999999999762170688 ) ) ;
#3544 = AXIS2_PLACEMENT_3D ( 'NONE', #862, #5907, #4429 ) ;
#3545 = CARTESIAN_POINT ( 'NONE',  ( 26.19008416202030887, 12.22289049230182734, 5.954164579044299188 ) ) ;
#3546 = CARTESIAN_POINT ( 'NONE',  ( -18.15676223457405314, 17.23757144109316286, 0.9245955522227516932 ) ) ;
#3547 = CARTESIAN_POINT ( 'NONE',  ( -13.32723428926047049, 27.91165192858315081, 9.999999934812640490 ) ) ;
#3548 = CARTESIAN_POINT ( 'NONE',  ( -28.46993976646166402, -13.35903142433477875, 9.280154486974812045 ) ) ;
#3549 = CARTESIAN_POINT ( 'NONE',  ( -25.05257688834496577, -12.74844089146631632, -0.000000000000000000 ) ) ;
#3550 = VECTOR ( 'NONE', #5149, 1000.000000000000000 ) ;
#3551 = CARTESIAN_POINT ( 'NONE',  ( 30.09671385717247105, 11.38130581985047307, 10.00000097813823707 ) ) ;
#3552 = CARTESIAN_POINT ( 'NONE',  ( 25.80527458835000587, 10.03106169956834037, 4.315898102967046235 ) ) ;
#3553 = CARTESIAN_POINT ( 'NONE',  ( 20.94187114408246586, 19.80151411852509824, 5.932230432655710928 ) ) ;
#3554 = CARTESIAN_POINT ( 'NONE',  ( 25.15841318748347888, -10.86356683368072495, -0.8889690687347070464 ) ) ;
#3555 = CARTESIAN_POINT ( 'NONE',  ( 4.225989247461693132, 25.89209469413579967, 3.478229288076362558 ) ) ;
#3556 = CARTESIAN_POINT ( 'NONE',  ( 15.84705721725262961, 23.17358821725826346, -0.09999999999999979738 ) ) ;
#3557 = AXIS2_PLACEMENT_3D ( 'NONE', #2196, #1701, #621 ) ;
#3558 = CARTESIAN_POINT ( 'NONE',  ( 20.40393486849729854, -18.47774636067174825, 4.247388484476444681 ) ) ;
#3559 = CARTESIAN_POINT ( 'NONE',  ( 20.36851580341267365, 19.35803615985176407, 0.000000000000000000 ) ) ;
#3560 = CARTESIAN_POINT ( 'NONE',  ( -19.06093569457419079, -18.12160144912889592, 2.594000205725854435 ) ) ;
#3561 = CARTESIAN_POINT ( 'NONE',  ( 20.36851580341267365, 19.35803615985176407, 0.000000000000000000 ) ) ;
#3562 = CARTESIAN_POINT ( 'NONE',  ( -30.77153321275077502, 11.82129615574304715, 10.99621727709626207 ) ) ;
#3563 = CARTESIAN_POINT ( 'NONE',  ( -27.56041164009960909, 5.524905320755174820, -6.988253750483934968E-05 ) ) ;
#3564 = CARTESIAN_POINT ( 'NONE',  ( 23.93732132872988672, -10.98052462781770977, 2.621851208002349498 ) ) ;
#3565 = CARTESIAN_POINT ( 'NONE',  ( 20.70223929678857644, 20.09855972438321103, 5.937696029290735922 ) ) ;
#3566 = CARTESIAN_POINT ( 'NONE',  ( -10.27496175275636858, 22.79485490591778429, 0.7078898173374612579 ) ) ;
#3567 = CARTESIAN_POINT ( 'NONE',  ( -22.27511197860561865, -22.20787021705564968, 9.292750061570609788 ) ) ;
#3568 = CARTESIAN_POINT ( 'NONE',  ( 28.90450290444806924, -13.69016503350068525, 23.01000000000000156 ) ) ;
#3569 = ORIENTED_EDGE ( 'NONE', *, *, #1145, .T. ) ;
#3570 = CARTESIAN_POINT ( 'NONE',  ( -30.71811627956616064, -11.95867261683999239, 10.99621728389716147 ) ) ;
#3571 = CARTESIAN_POINT ( 'NONE',  ( -12.60274982872131133, -27.98397730583359433, 9.999999990691083696 ) ) ;
#3572 = CARTESIAN_POINT ( 'NONE',  ( 25.61508499311135623, 10.49529114535110175, 4.313900745069359388 ) ) ;
#3573 = CARTESIAN_POINT ( 'NONE',  ( -20.78749530232179765, 19.99223417564546423, 5.933721276938396016 ) ) ;
#3574 = CARTESIAN_POINT ( 'NONE',  ( -10.26192517366045998, -24.87842179313024715, 3.942473851520841954 ) ) ;
#3575 = CARTESIAN_POINT ( 'NONE',  ( -26.59999999999999787, 3.257560485731959516E-15, -43.00000000000000000 ) ) ;
#3576 = CARTESIAN_POINT ( 'NONE',  ( -29.53099748525436397, -12.67391232934850187, 23.01000000000000156 ) ) ;
#3577 = CARTESIAN_POINT ( 'NONE',  ( -22.21624022981097113, 23.12926801818041156, 9.999994133557500220 ) ) ;
#3578 = CARTESIAN_POINT ( 'NONE',  ( -23.73061095473839188, -11.37560004491967547, 2.606566750587093306 ) ) ;
#3579 = CARTESIAN_POINT ( 'NONE',  ( -33.46509435285745582, -13.27160737198940055, 10.00000000000000000 ) ) ;
#3580 = CARTESIAN_POINT ( 'NONE',  ( 28.27361606538605088, 14.63457247040662423, 9.999998919021257038 ) ) ;
#3581 = CARTESIAN_POINT ( 'NONE',  ( 24.23764751853954635, 15.27948094182239736, 5.885377220106104090 ) ) ;
#3582 = CARTESIAN_POINT ( 'NONE',  ( -18.17571214117398526, -17.21708979590663091, 0.9232795200513564948 ) ) ;
#3583 = CARTESIAN_POINT ( 'NONE',  ( 25.44704760549000966, -11.92003915157588168, -0.000000000000000000 ) ) ;
#3584 = CARTESIAN_POINT ( 'NONE',  ( 2.155207916642042587, 24.92048618729483067, 0.06487221500219511605 ) ) ;
#3585 = CARTESIAN_POINT ( 'NONE',  ( 23.65394924885929839, -15.18496386639778173, 2.377866111939129276E-06 ) ) ;
#3586 = CARTESIAN_POINT ( 'NONE',  ( 23.29926436614159257, -21.73121303604154164, 9.999999962203206749 ) ) ;
#3587 = CARTESIAN_POINT ( 'NONE',  ( 20.03936018394248109, -18.92029480366253935, 4.262561123064956270 ) ) ;
#3588 = CARTESIAN_POINT ( 'NONE',  ( 31.90415722417747801, -4.303137720307551817, 23.01000000000000156 ) ) ;
#3589 = CARTESIAN_POINT ( 'NONE',  ( 17.58993073210211477, 26.65914379814882551, 9.999999814843647528 ) ) ;
#3590 = CARTESIAN_POINT ( 'NONE',  ( -23.44872594379775066, -22.71892689944215959, 10.93748908543146747 ) ) ;
#3591 = CARTESIAN_POINT ( 'NONE',  ( -24.95868973814659597, -11.32966955529261810, -0.8889690687347072684 ) ) ;
#3592 = CARTESIAN_POINT ( 'NONE',  ( -24.53368692096842807, 9.651171250469305463, 2.641744130643804755 ) ) ;
#3593 = DIRECTION ( 'NONE',  ( -0.000000000000000000, -0.000000000000000000, -1.000000000000000000 ) ) ;
#3594 = CARTESIAN_POINT ( 'NONE',  ( 24.37761058042663720, -10.03739973518522888, 2.641391971267883498 ) ) ;
#3595 = CARTESIAN_POINT ( 'NONE',  ( 23.35249405943526213, 22.85883804426678623, 10.94278558551883052 ) ) ;
#3596 = CARTESIAN_POINT ( 'NONE',  ( -10.45958924050676409, 23.81632426749347431, 2.346685447828924076 ) ) ;
#3597 = CARTESIAN_POINT ( 'NONE',  ( -21.82932156159116133, -22.76184357264130398, 9.310107877685682709 ) ) ;
#3598 = CARTESIAN_POINT ( 'NONE',  ( 23.30185681581937729, -21.72782682495259721, 10.00000000000000178 ) ) ;
#3599 = EDGE_CURVE ( 'NONE', #1192, #6151, #6187, .T. ) ;
#3600 = CARTESIAN_POINT ( 'NONE',  ( 27.47851530886736526, 22.27558461057870076, 9.999999999999987566 ) ) ;
#3601 = CARTESIAN_POINT ( 'NONE',  ( -25.73461187559488295, -10.20282120994118813, 4.312474453652960449 ) ) ;
#3602 = CARTESIAN_POINT ( 'NONE',  ( -19.90911077347726632, -25.31083675281690049, 23.01000000000000156 ) ) ;
#3603 = CARTESIAN_POINT ( 'NONE',  ( -12.28398618220392358, -28.00143267977225037, 9.999907426598793947 ) ) ;
#3604 = CARTESIAN_POINT ( 'NONE',  ( 29.24648254267409087, 12.05553625390947303, 9.329703686037206012 ) ) ;
#3605 = CARTESIAN_POINT ( 'NONE',  ( -22.58923090142393519, 21.77151548630359912, 9.269019592169570387 ) ) ;
#3606 = CARTESIAN_POINT ( 'NONE',  ( -10.89003872137634232, -25.70800110712301034, 5.610788649990497312 ) ) ;
#3607 = CARTESIAN_POINT ( 'NONE',  ( -18.76724727195486153, -16.68635466329073225, 0.9903114492518050316 ) ) ;
#3608 = CARTESIAN_POINT ( 'NONE',  ( -32.18640935083261212, 0.7167574682171306000, 10.00000000000000178 ) ) ;
#3609 = CARTESIAN_POINT ( 'NONE',  ( -31.16546282228642184, 8.058882858982364894, 9.999995839915056806 ) ) ;
#3610 = ORIENTED_EDGE ( 'NONE', *, *, #5666, .T. ) ;
#3611 = CARTESIAN_POINT ( 'NONE',  ( -22.42927561443068640, -11.12457408013183269, 0.9263589389630172422 ) ) ;
#3612 = CARTESIAN_POINT ( 'NONE',  ( -27.69886776894068348, 5.198913836262417654, -0.09999999999999999167 ) ) ;
#3613 = CARTESIAN_POINT ( 'NONE',  ( 21.61819267455730298, 16.90939192347184772, 4.214268759327516101 ) ) ;
#3614 = B_SPLINE_CURVE_WITH_KNOTS ( 'NONE', 3,
 ( #5166, #4671, #6120, #1982, #138, #1602, #2149, #4171, #959, #3117, #2472, #5135, #6181, #2185, #4703, #4203, #1661, #4987, #5686, #1166, #3182, #4497, #6006, #1484, #1796, #6355, #3704, #1235, #5368, #845, #5265, #2849, #708, #5780, #3834, #2211, #699, #3340, #1752, #1262, #3275, #1787, #5815, #805, #2808, #2311, #334, #5948 ),
 .UNSPECIFIED., .F., .F.,
 ( 4, 2, 2, 2, 2, 2, 2, 2, 2, 2, 2, 2, 2, 2, 2, 2, 2, 2, 2, 2, 2, 2, 2, 4 ),
 ( 0.07587992877575612527, 0.07960323324358657693, 0.08332653771141702859, 0.08518818994533225442, 0.08704984217924746637, 0.09077314664707791803, 0.09263479888099315773, 0.09449645111490836968, 0.09821975558273882134, 0.1000814078166540472, 0.1019430600505692730, 0.1056663645183997247, 0.1075280167523149644, 0.1093896689862301902, 0.1131129734540606280, 0.1149746256879758677, 0.1168362779218910796, 0.1205595823897215313, 0.1242828868575519830, 0.1261445390914671949, 0.1280061913253824346, 0.1317294957932128863, 0.1335911480271280982, 0.1354528002610433379 ),
 .UNSPECIFIED. ) ;
#3615 = CARTESIAN_POINT ( 'NONE',  ( 9.953750369825634436, -23.97908922062739734, 2.299380041450101775 ) ) ;
#3616 = PRESENTATION_STYLE_ASSIGNMENT (( #650 ) ) ;
#3617 = CARTESIAN_POINT ( 'NONE',  ( 12.25409342838359805, 28.00284828376756252, 9.999999522814459141 ) ) ;
#3618 = PRODUCT_DEFINITION ( 'UNKNOWN', '', #5356, #3431 ) ;
#3619 = CARTESIAN_POINT ( 'NONE',  ( 10.57159177109187809, 27.48066896979174700, 8.816529028158766934 ) ) ;
#3620 = CARTESIAN_POINT ( 'NONE',  ( -14.36769016106396002, -24.15912731208303654, -5.702143353976298683E-06 ) ) ;
#3621 = CARTESIAN_POINT ( 'NONE',  ( 27.99605869829958138, -15.04456851020972152, 9.999986293955315020 ) ) ;
#3622 = CARTESIAN_POINT ( 'NONE',  ( 19.02093606444581297, -18.16914332804239862, 2.597617737004106697 ) ) ;
#3623 = CARTESIAN_POINT ( 'NONE',  ( 31.35214059073594584, -7.310119177627769638, 23.01000000000000156 ) ) ;
#3624 = CARTESIAN_POINT ( 'NONE',  ( 12.76522365864014397, -31.39823346868981346, 15.00000000000000000 ) ) ;
#3625 = CARTESIAN_POINT ( 'NONE',  ( -23.60061712037002124, -22.50026828705556525, 10.93257240024098209 ) ) ;
#3626 = CARTESIAN_POINT ( 'NONE',  ( -23.40308617686931214, -27.55765928011775756, 9.999999999999978684 ) ) ;
#3627 = CARTESIAN_POINT ( 'NONE',  ( -30.63774629825834950, 12.15741713589927109, 10.99574367620937387 ) ) ;
#3628 = CARTESIAN_POINT ( 'NONE',  ( 28.68931281930389687, -13.04456429464289435, 9.301266282568679600 ) ) ;
#3629 = CARTESIAN_POINT ( 'NONE',  ( 23.15775738680620321, 23.13166096008815487, 10.95292888770111439 ) ) ;
#3630 = CARTESIAN_POINT ( 'NONE',  ( -23.01574309426213105, -23.33234010619510101, 10.96949352437427549 ) ) ;
#3631 = CARTESIAN_POINT ( 'NONE',  ( 29.97592626933818138, -11.70490221231226258, 23.01000000000000156 ) ) ;
#3632 = CARTESIAN_POINT ( 'NONE',  ( 22.65341486693231232, 15.57826839575934308, -0.8889690687347088227 ) ) ;
#3633 = CARTESIAN_POINT ( 'NONE',  ( -29.48224110613428195, -11.49471578509380265, 9.325337297576684392 ) ) ;
#3634 = CARTESIAN_POINT ( 'NONE',  ( -16.26710079638788642, -27.21169072392001809, 23.01000000000000156 ) ) ;
#3635 = CARTESIAN_POINT ( 'NONE',  ( 29.38371003636559919, 11.75243473089942903, 9.332813882918143733 ) ) ;
#3636 = CARTESIAN_POINT ( 'NONE',  ( -18.37733433964049468, 18.86267459500676580, 2.620272939444630911 ) ) ;
#3637 = CARTESIAN_POINT ( 'NONE',  ( -11.98924265628105701, -27.42585989651649925, 8.926501868794822769 ) ) ;
#3638 = CARTESIAN_POINT ( 'NONE',  ( -23.16899879454551936, -9.662671486863361636, 1.040757758804448763 ) ) ;
#3639 = CARTESIAN_POINT ( 'NONE',  ( -30.90410762981979076, 9.021595225992470546, 23.01000000000000156 ) ) ;
#3640 = CARTESIAN_POINT ( 'NONE',  ( -29.60320383779280817, 12.53183139498170817, 9.999997839142793055 ) ) ;
#3641 = VERTEX_POINT ( 'NONE', #4595 ) ;
#3642 = CARTESIAN_POINT ( 'NONE',  ( -26.91332942088502378, -15.64570826067560105, 9.229198075513590283 ) ) ;
#3643 = CARTESIAN_POINT ( 'NONE',  ( -21.79783093956784512, 17.66447584813104399, -0.1000000000000000749 ) ) ;
#3644 = CARTESIAN_POINT ( 'NONE',  ( 23.23436701770292601, 21.81923073861187135, 10.00060574798571800 ) ) ;
#3645 = CARTESIAN_POINT ( 'NONE',  ( 26.68503845828041321, 18.09211406164179081, 10.89522006242100360 ) ) ;
#3646 = CARTESIAN_POINT ( 'NONE',  ( 10.52930247060120905, -24.81644112111794698, 3.967776882818358608 ) ) ;
#3647 = VECTOR ( 'NONE', #1121, 1000.000000000000000 ) ;
#3648 = CARTESIAN_POINT ( 'NONE',  ( 12.34602239636614307, 27.99812459963886369, 9.999098148078022774 ) ) ;
#3649 = CARTESIAN_POINT ( 'NONE',  ( 10.45671555782861972, 28.28658622732215022, 10.43569651697513478 ) ) ;
#3650 = CARTESIAN_POINT ( 'NONE',  ( 18.16314315160829551, -21.45217141088376778, 3.219810459295091711E-05 ) ) ;
#3651 = CARTESIAN_POINT ( 'NONE',  ( 22.56390520676659861, -21.81717134453151985, 9.278389423733166552 ) ) ;
#3652 = CARTESIAN_POINT ( 'NONE',  ( -15.32110503067300300, 31.19615507445508129, 23.01000000000000512 ) ) ;
#3653 = CARTESIAN_POINT ( 'NONE',  ( 22.65341486693231232, 15.57826839575934308, -0.8889690687347088227 ) ) ;
#3654 = CARTESIAN_POINT ( 'NONE',  ( -21.82138946561506643, -20.70351191457880446, 7.596344067001782108 ) ) ;
#3655 = CARTESIAN_POINT ( 'NONE',  ( -13.06716708031693486, -24.22465922897056245, -0.8889690687347066023 ) ) ;
#3656 = CARTESIAN_POINT ( 'NONE',  ( -25.08989890154531466, 11.55836061302417761, 4.287130334192257308 ) ) ;
#3657 = CARTESIAN_POINT ( 'NONE',  ( 29.73737665517689166, -13.75515113663493771, 10.95961805073996409 ) ) ;
#3658 = CARTESIAN_POINT ( 'NONE',  ( 18.08764199255245941, 17.31080873550386912, 0.9275097100957552243 ) ) ;
#3659 = CARTESIAN_POINT ( 'NONE',  ( -20.07322444478000634, -20.84376813920809468, 5.967095376210759028 ) ) ;
#3660 = CARTESIAN_POINT ( 'NONE',  ( 28.07207662748292165, 14.93395730907155894, 10.00000000000000178 ) ) ;
#3661 = EDGE_LOOP ( 'NONE', ( #5895, #4312, #4450, #1738 ) ) ;
#3662 = CARTESIAN_POINT ( 'NONE',  ( -32.95837341153730904, 0.6182182554282397158, 10.99626474777770113 ) ) ;
#3663 = CARTESIAN_POINT ( 'NONE',  ( -29.53099748525436397, -12.67391232934850187, 23.01000000000000156 ) ) ;
#3664 = CARTESIAN_POINT ( 'NONE',  ( 31.39877138925051980, -10.06211067870785492, 11.00623621833917198 ) ) ;
#3665 = B_SPLINE_CURVE_WITH_KNOTS ( 'NONE', 3,
 ( #1850, #4795, #4894, #800, #3862, #3237, #4759, #226, #2803, #5389, #4829, #2307, #4332, #2441, #464 ),
 .UNSPECIFIED., .F., .F.,
 ( 4, 1, 2, 2, 2, 2, 2, 4 ),
 ( 0.000000000000000000, 0.1249999999999990841, 0.1874999999999988343, 0.2499999999999986122, 0.3749999999999986122, 0.4999999999999986677, 0.7499999999999993339, 1.000000000000000000 ),
 .UNSPECIFIED. ) ;
#3666 = CARTESIAN_POINT ( 'NONE',  ( -16.92980341632498664, 18.47186752574495472, 0.9667292543856472742 ) ) ;
#3667 = CARTESIAN_POINT ( 'NONE',  ( -11.89042921497334859, -27.43009025833254455, 8.919259935879495060 ) ) ;
#3668 = CYLINDRICAL_SURFACE ( 'NONE', #5040, 10.99999999999901767 ) ;
#3669 = CARTESIAN_POINT ( 'NONE',  ( -22.71585729233884621, -22.52194993296385306, 23.01000000000000156 ) ) ;
#3670 = CARTESIAN_POINT ( 'NONE',  ( -29.97851562640875400, 11.68920684593857651, 10.00005025833792160 ) ) ;
#3671 = EDGE_LOOP ( 'NONE', ( #6219, #6054, #5561, #5037 ) ) ;
#3672 = CARTESIAN_POINT ( 'NONE',  ( -23.49966078894372856, -11.80274219837508198, 2.591343713157549633 ) ) ;
#3673 = CARTESIAN_POINT ( 'NONE',  ( -25.52066930016469115, 11.57694897873966156, -0.09999999999999996392 ) ) ;
#3674 = CARTESIAN_POINT ( 'NONE',  ( 26.57331665830523093, 17.12389278122565273, 9.999991755620083467 ) ) ;
#3675 = CARTESIAN_POINT ( 'NONE',  ( 29.28974449477021480, 14.39158459754199981, 10.94469870538670264 ) ) ;
#3676 = CARTESIAN_POINT ( 'NONE',  ( -23.12815423374551216, 14.77764769757908248, 4.205483140230682260 ) ) ;
#3677 = CARTESIAN_POINT ( 'NONE',  ( 9.877490713815072709, -24.00222332667373948, 2.291657632444878523 ) ) ;
#3678 = CARTESIAN_POINT ( 'NONE',  ( 14.04154476419997977, 27.81636584860003225, 10.00000000000000178 ) ) ;
#3679 = CARTESIAN_POINT ( 'NONE',  ( 12.75062408227602795, 27.97305841307174745, 9.999999998091604780 ) ) ;
#3680 = CARTESIAN_POINT ( 'NONE',  ( 11.53134959652155622, -25.64538551855268622, -0.000000000000000000 ) ) ;
#3681 = CARTESIAN_POINT ( 'NONE',  ( 12.25042972769987948, 28.30009730095211395, 10.55071707483973675 ) ) ;
#3682 = EDGE_CURVE ( 'NONE', #3048, #2715, #1123, .T. ) ;
#3683 = CARTESIAN_POINT ( 'NONE',  ( -21.20197682083735913, -24.18357606704291740, 9.999999062773774483 ) ) ;
#3684 = CARTESIAN_POINT ( 'NONE',  ( 18.19156595342890981, -17.20020656949499127, 0.9227519255650558083 ) ) ;
#3685 = CARTESIAN_POINT ( 'NONE',  ( 17.79064049578587969, 17.71699754839617214, 1.022264353698299377 ) ) ;
#3686 = CARTESIAN_POINT ( 'NONE',  ( 27.69743296562830182, 5.206578909824016499, -0.09999999999999989453 ) ) ;
#3687 = CARTESIAN_POINT ( 'NONE',  ( -22.64967071977588731, -21.68586889666285700, 9.266667458194802975 ) ) ;
#3688 = CARTESIAN_POINT ( 'NONE',  ( -19.19609124976730286, -19.58891625292429239, -0.8889690687347078235 ) ) ;
#3689 = CARTESIAN_POINT ( 'NONE',  ( -24.47548803080539415, 9.796229946347768447, 2.641286619126339552 ) ) ;
#3690 = CARTESIAN_POINT ( 'NONE',  ( 34.91133565198688160, -8.801060492055073681, 23.01000000000000512 ) ) ;
#3691 = CARTESIAN_POINT ( 'NONE',  ( 27.49171199719715375, -12.54470623327446432, 7.631502250415230115 ) ) ;
#3692 = B_SPLINE_CURVE_WITH_KNOTS ( 'NONE', 3,
 ( #5393, #2445, #3407, #1492, #4472, #5983, #6481, #1460, #6512, #5427, #1954, #5490, #3966, #4898, #965, #2972, #1989, #5358, #4995, #2373, #4404, #6415 ),
 .UNSPECIFIED., .F., .F.,
 ( 4, 2, 2, 2, 2, 2, 2, 2, 2, 2, 4 ),
 ( 0.1354528002610433379, 0.1401922606209127509, 0.1413771257108801249, 0.1425619908008474712, 0.1449317209807821916, 0.1461165860707495379, 0.1473014511607168842, 0.1496711813406515768, 0.1508560464306189508, 0.1520409115205862971, 0.1544106417005209897 ),
 .UNSPECIFIED. ) ;
#3693 = CARTESIAN_POINT ( 'NONE',  ( 19.89339594327107719, 19.09135443955473832, 4.265477396333774429 ) ) ;
#3694 = CARTESIAN_POINT ( 'NONE',  ( -21.09977077314133354, -21.63055094094557163, 7.633870243738095418 ) ) ;
#3695 = CARTESIAN_POINT ( 'NONE',  ( 24.81532760349088562, 19.62969445926009016, 23.01000000000000156 ) ) ;
#3696 = EDGE_CURVE ( 'NONE', #1685, #450, #444, .T. ) ;
#3697 = ORIENTED_EDGE ( 'NONE', *, *, #788, .F. ) ;
#3698 = CARTESIAN_POINT ( 'NONE',  ( -26.25685252860460039, -2.922545858693931020, 2.641795053838402296 ) ) ;
#3699 = CARTESIAN_POINT ( 'NONE',  ( -22.71585729233884621, -22.52194993296385306, 23.01000000000000156 ) ) ;
#3700 = CARTESIAN_POINT ( 'NONE',  ( 24.83684762314643280, -8.855840936880833070, 2.643311435990715719 ) ) ;
#3701 = CARTESIAN_POINT ( 'NONE',  ( 12.49049553267470358, 26.42875448632808144, 7.364243415455204556 ) ) ;
#3702 = CARTESIAN_POINT ( 'NONE',  ( -20.27390281475948441, 20.61396166680592756, 5.955807047314057634 ) ) ;
#3703 = CARTESIAN_POINT ( 'NONE',  ( -9.724460551736120451, -24.04924023021582968, 2.276843998326477880 ) ) ;
#3704 = CARTESIAN_POINT ( 'NONE',  ( 12.10590696055125903, -21.99654536851352660, 0.9547371354666959187 ) ) ;
#3705 = CARTESIAN_POINT ( 'NONE',  ( 0.000000000000000000, 0.000000000000000000, -40.00000000000000000 ) ) ;
#3706 = CARTESIAN_POINT ( 'NONE',  ( -29.70876841491368126, 12.31803450618328277, 9.999999308959880651 ) ) ;
#3707 = ORIENTED_EDGE ( 'NONE', *, *, #2797, .T. ) ;
#3708 = CARTESIAN_POINT ( 'NONE',  ( -25.00070463996170389, -11.71810759070950425, 4.281323007730134300 ) ) ;
#3709 = CARTESIAN_POINT ( 'NONE',  ( -25.47134115513479102, 10.09323447608782764, -0.8889690687347078235 ) ) ;
#3710 = CARTESIAN_POINT ( 'NONE',  ( 22.94179026690677503, 22.21812129251943446, 9.999999920275516985 ) ) ;
#3711 = CARTESIAN_POINT ( 'NONE',  ( 21.98104732447237808, 18.45295053220367620, 5.897792862799865254 ) ) ;
#3712 = CARTESIAN_POINT ( 'NONE',  ( -24.59043377267491337, 16.88426286815541744, 7.545643464463038796 ) ) ;
#3713 = CARTESIAN_POINT ( 'NONE',  ( 10.66014913457774682, -24.78594737752225186, 3.980665602032500860 ) ) ;
#3714 = CARTESIAN_POINT ( 'NONE',  ( 9.415014472410947022, 28.12185581890073038, 23.01000000000000156 ) ) ;
#3715 = CARTESIAN_POINT ( 'NONE',  ( 25.87071190355447570, -24.57364245467583785, 23.01000000000000156 ) ) ;
#3716 = CARTESIAN_POINT ( 'NONE',  ( 13.07390124295374889, -24.22105672615199623, -0.8889690687347066023 ) ) ;
#3717 = CARTESIAN_POINT ( 'NONE',  ( 11.75617725800402269, 27.43141617710642066, 8.901417915587526153 ) ) ;
#3718 = CARTESIAN_POINT ( 'NONE',  ( -20.47400202333740182, -24.82810815899645362, 9.999978124837550553 ) ) ;
#3719 = CARTESIAN_POINT ( 'NONE',  ( 27.21592521465390746, -16.18982292389566879, 9.999999790197614757 ) ) ;
#3720 = CARTESIAN_POINT ( 'NONE',  ( 18.18299075466183723, -17.20937188624021985, 0.9231599031969106584 ) ) ;
#3721 = CARTESIAN_POINT ( 'NONE',  ( -12.04150345298976532, 27.41695193422014043, 8.923163774546930327 ) ) ;
#3722 = CARTESIAN_POINT ( 'NONE',  ( 4.174872570446474640, 24.78139316653217605, 0.5413973809580806540 ) ) ;
#3723 = CARTESIAN_POINT ( 'NONE',  ( 25.34562723127096362, 10.40966979573164686, -0.8889690687347082676 ) ) ;
#3724 = CARTESIAN_POINT ( 'NONE',  ( -19.98401150365947032, -18.98246766502825977, 4.261444278565932109 ) ) ;
#3725 = CARTESIAN_POINT ( 'NONE',  ( 20.79550033847197454, 19.98680307030804215, 5.938127881546011011 ) ) ;
#3726 = CARTESIAN_POINT ( 'NONE',  ( -29.09254792700011549, 19.97102802898983853, 9.999999999999991118 ) ) ;
#3727 = CARTESIAN_POINT ( 'NONE',  ( -29.36598684888253885, 11.77635000376777796, 9.324261056680464677 ) ) ;
#3728 = CARTESIAN_POINT ( 'NONE',  ( 35.99965454343374915, 1.120707774894252218, 23.01000000000001577 ) ) ;
#3729 = CARTESIAN_POINT ( 'NONE',  ( -12.51791878148089410, -27.98926420197147280, 9.999999999395734918 ) ) ;
#3730 = CARTESIAN_POINT ( 'NONE',  ( 26.18155982737176402, -12.23509317766572480, 5.953320792345036416 ) ) ;
#3731 = CARTESIAN_POINT ( 'NONE',  ( 23.42578401984763659, 22.75235890195481048, 10.93858335293318440 ) ) ;
#3732 = CARTESIAN_POINT ( 'NONE',  ( -17.99896592789702154, -17.40374388913420134, 0.9311404542454557731 ) ) ;
#3733 = CARTESIAN_POINT ( 'NONE',  ( 28.79591963265608712, 13.85536225322776183, 23.01000000000000156 ) ) ;
#3734 = CARTESIAN_POINT ( 'NONE',  ( 26.12424631828291766, -10.35195864906544472, 0.000000000000000000 ) ) ;
#3735 = CARTESIAN_POINT ( 'NONE',  ( -28.23045249361272724, -6.912674654887698722, 5.983532662448220130 ) ) ;
#3736 = CARTESIAN_POINT ( 'NONE',  ( -18.56476338684147365, -26.15600732291820663, 23.01000000000000156 ) ) ;
#3737 = CARTESIAN_POINT ( 'NONE',  ( 24.82056598236349743, -3.709525880280462040, 0.9707418275598919122 ) ) ;
#3738 = CARTESIAN_POINT ( 'NONE',  ( 15.32878929419138458, 22.96455220843118639, 4.276812816943469819 ) ) ;
#3739 = CARTESIAN_POINT ( 'NONE',  ( -23.21127738451217937, 23.05981891687538976, 10.95053188333986682 ) ) ;
#3740 = CARTESIAN_POINT ( 'NONE',  ( -10.63645390628679444, -24.79312446306368045, 3.979091916432231812 ) ) ;
#3741 = CARTESIAN_POINT ( 'NONE',  ( -16.36118217019361154, -27.17777719505287592, 23.01000000000000156 ) ) ;
#3742 = CARTESIAN_POINT ( 'NONE',  ( -29.25766713559888288, 13.15082353278497251, 10.00000000196394012 ) ) ;
#3743 = ORIENTED_EDGE ( 'NONE', *, *, #5144, .F. ) ;
#3744 = CARTESIAN_POINT ( 'NONE',  ( -26.16563476950539169, -12.25562264075334795, 5.947778960584897412 ) ) ;
#3745 = CARTESIAN_POINT ( 'NONE',  ( -33.46876691116293046, 13.26234307084113340, 10.00000000000000000 ) ) ;
#3746 = APPLICATION_PROTOCOL_DEFINITION ( 'draft international standard', 'automotive_design', 1998, #6197 ) ;
#3747 = CARTESIAN_POINT ( 'NONE',  ( 27.22267468257383882, 12.96529197518968246, 7.616132374853450848 ) ) ;
#3748 = CARTESIAN_POINT ( 'NONE',  ( -22.46210615889769713, 11.05857644452327193, 0.9286093669420901753 ) ) ;
#3749 = CARTESIAN_POINT ( 'NONE',  ( 11.63195169823456077, -26.53769725242725386, 7.289677133995764002 ) ) ;
#3750 = CARTESIAN_POINT ( 'NONE',  ( 3.217269560254020888, 28.23436427629356515, 10.00000000000000178 ) ) ;
#3751 = LINE ( 'NONE', #5142, #281 ) ;
#3752 = CARTESIAN_POINT ( 'NONE',  ( 5.462366343727238061, -27.70565871260991742, -0.09999999999999988065 ) ) ;
#3753 = CARTESIAN_POINT ( 'NONE',  ( 10.66750728884119681, 25.74056672668993073, 5.586779799034705007 ) ) ;
#3754 = CARTESIAN_POINT ( 'NONE',  ( 17.47527631811453119, 26.71330878976897338, 23.01000000000000156 ) ) ;
#3755 = CARTESIAN_POINT ( 'NONE',  ( 31.65329260961432922, -5.793181262137159671, 9.999999878413644794 ) ) ;
#3756 = CARTESIAN_POINT ( 'NONE',  ( 30.71944569032799777, 11.97708432233265619, 11.00624040070768217 ) ) ;
#3757 = CARTESIAN_POINT ( 'NONE',  ( 21.70773945384494041, -20.86400656871686010, 7.607608270521542870 ) ) ;
#3758 = CARTESIAN_POINT ( 'NONE',  ( -12.06989633905441295, 27.41612021393021337, 8.926137746694077890 ) ) ;
#3759 = CARTESIAN_POINT ( 'NONE',  ( -21.48297104830520254, 13.04078049359905300, 0.9697204852998143609 ) ) ;
#3760 = CARTESIAN_POINT ( 'NONE',  ( 27.77696001156225236, -5.213561212370111164, 0.000000000000000000 ) ) ;
#3761 = CARTESIAN_POINT ( 'NONE',  ( -22.70910521274511495, -21.60364323028569800, 9.264600467470414102 ) ) ;
#3762 = CARTESIAN_POINT ( 'NONE',  ( -25.47134115513479102, 10.09323447608782764, -0.8889690687347078235 ) ) ;
#3763 = CARTESIAN_POINT ( 'NONE',  ( -22.68630579202665842, 10.59853926319273221, 0.9459124450046486610 ) ) ;
#3764 = CARTESIAN_POINT ( 'NONE',  ( -12.45016693335209368, -27.99321487079536652, 9.999991530469136691 ) ) ;
#3765 = CARTESIAN_POINT ( 'NONE',  ( 29.67454944225783109, -13.84433005762448410, 10.95761440202494796 ) ) ;
#3766 = CARTESIAN_POINT ( 'NONE',  ( 19.85873829036499316, 19.13285780129859859, 4.267112820500094550 ) ) ;
#3767 = CARTESIAN_POINT ( 'NONE',  ( -18.95220043775207586, -18.24625548860580082, 2.600495526287725401 ) ) ;
#3768 = CARTESIAN_POINT ( 'NONE',  ( 23.14139065698542908, 21.94580046547315888, 10.00000000000000178 ) ) ;
#3769 = CARTESIAN_POINT ( 'NONE',  ( 24.36442683205689619, 14.05806850795725893, 0.000000000000000000 ) ) ;
#3770 = CARTESIAN_POINT ( 'NONE',  ( -24.65918797360712489, -4.372699482922247860, 0.9709038831873015862 ) ) ;
#3771 = CARTESIAN_POINT ( 'NONE',  ( 23.41055959958732302, -27.54759671925113196, 10.00000000000000000 ) ) ;
#3772 = CARTESIAN_POINT ( 'NONE',  ( 26.63901938849922146, -7.595714341302644890, 4.315891514069800650 ) ) ;
#3773 = CARTESIAN_POINT ( 'NONE',  ( 11.92702860472240722, 25.51592850166961313, 5.703401626034350969 ) ) ;
#3774 = CARTESIAN_POINT ( 'NONE',  ( -17.65775669308481710, 17.75434674962802717, 0.9446741515678452883 ) ) ;
#3775 = CARTESIAN_POINT ( 'NONE',  ( -9.304015868116506383, -23.19451032121095935, 0.6137603624197991437 ) ) ;
#3776 = CARTESIAN_POINT ( 'NONE',  ( -16.26710079638788642, -27.21169072392001809, 23.01000000000000156 ) ) ;
#3777 = CARTESIAN_POINT ( 'NONE',  ( 12.46504240132873065, -24.26166179815581003, 4.131930709383313527 ) ) ;
#3778 = CARTESIAN_POINT ( 'NONE',  ( -28.53602205006980341, -13.26114850535117462, 9.282891168397032544 ) ) ;
#3779 = CARTESIAN_POINT ( 'NONE',  ( 6.323755937354383683, 31.40087557044286726, 9.999999999999985789 ) ) ;
#3780 = CARTESIAN_POINT ( 'NONE',  ( 22.56349560541603694, 10.85316904051951781, 0.9364794654745550728 ) ) ;
#3781 = CARTESIAN_POINT ( 'NONE',  ( -27.42436355599574327, 14.89593628882637155, 9.244054038960857866 ) ) ;
#3782 = CARTESIAN_POINT ( 'NONE',  ( 1.487482717828266576, -27.72253131869768339, 8.405121087049892026 ) ) ;
#3783 = DIRECTION ( 'NONE',  ( -0.000000000000000000, -0.000000000000000000, -1.000000000000000000 ) ) ;
#3784 = CARTESIAN_POINT ( 'NONE',  ( 7.104410778050217701, 28.17231105497184629, 9.999541264860434708 ) ) ;
#3785 = CARTESIAN_POINT ( 'NONE',  ( 23.80552329057204375, -13.72911487116911999, -0.8889690687347062692 ) ) ;
#3786 = CARTESIAN_POINT ( 'NONE',  ( 10.81484456559372020, 25.71725550781100367, 5.599524800044544115 ) ) ;
#3787 = CARTESIAN_POINT ( 'NONE',  ( 33.54470374677409694, 13.06724341780522103, 10.00000000000000000 ) ) ;
#3788 = CARTESIAN_POINT ( 'NONE',  ( 31.73443895774066092, -5.317812300897442057, 9.999999999917211113 ) ) ;
#3789 = CARTESIAN_POINT ( 'NONE',  ( 29.42694546886405149, 11.65028791154797183, 9.333372260008909294 ) ) ;
#3790 = CARTESIAN_POINT ( 'NONE',  ( 23.21660141436256808, -23.06536951010299674, 10.96053982933179860 ) ) ;
#3791 = CARTESIAN_POINT ( 'NONE',  ( -10.95880278309675049, 25.69233348674030992, 5.611425203474516898 ) ) ;
#3792 = CARTESIAN_POINT ( 'NONE',  ( -20.42879653970690512, 14.59680691711025169, 0.9650631276436830719 ) ) ;
#3793 = CARTESIAN_POINT ( 'NONE',  ( 24.36442683205689619, 14.05806850795725893, 0.000000000000000000 ) ) ;
#3794 = CARTESIAN_POINT ( 'NONE',  ( -25.38244351909736451, -19.94221379458018717, 10.89337813577735226 ) ) ;
#3795 = CARTESIAN_POINT ( 'NONE',  ( 19.92152156997288159, 19.06132653202719851, 4.267441713915143708 ) ) ;
#3796 = CARTESIAN_POINT ( 'NONE',  ( -24.98894849331824020, 12.70748438135785818, -0.1000000000000000056 ) ) ;
#3797 = CARTESIAN_POINT ( 'NONE',  ( -28.86149149237238376, 12.76264522051374151, 9.304541031226014169 ) ) ;
#3798 = CARTESIAN_POINT ( 'NONE',  ( 19.03565557547590359, -25.85992184502093849, 9.999985004287285761 ) ) ;
#3799 = CARTESIAN_POINT ( 'NONE',  ( 28.53222665606816122, -15.46331747105895715, 10.92323664516228021 ) ) ;
#3800 = CARTESIAN_POINT ( 'NONE',  ( 19.88474298541570562, 19.10173996815997555, 4.265888955120436421 ) ) ;
#3801 = CARTESIAN_POINT ( 'NONE',  ( -20.73948364706811631, -20.05775193890675467, 5.940917940025999044 ) ) ;
#3802 = CARTESIAN_POINT ( 'NONE',  ( 35.58897170822368139, 6.670407155040747327, 10.00000000000000000 ) ) ;
#3803 = CARTESIAN_POINT ( 'NONE',  ( 32.67472114424111140, -14.83095511388019538, 10.00000000000000711 ) ) ;
#3804 = CARTESIAN_POINT ( 'NONE',  ( -23.93721261471495865, -7.538609722232506805, 0.9709362473999880727 ) ) ;
#3805 = LINE ( 'NONE', #4410, #5556 ) ;
#3806 = CARTESIAN_POINT ( 'NONE',  ( 28.73230578806151669, -9.723311450711346282, 7.661066274512613461 ) ) ;
#3807 = CARTESIAN_POINT ( 'NONE',  ( 13.14348987837150240, 21.32029095053445289, 0.9065001863604610355 ) ) ;
#3808 = CARTESIAN_POINT ( 'NONE',  ( -13.90359000728796879, 28.26665216827194627, 10.70156761977295901 ) ) ;
#3809 = CARTESIAN_POINT ( 'NONE',  ( -9.328629272944210626, -23.18493685436123641, 0.6163355193770695406 ) ) ;
#3810 = CARTESIAN_POINT ( 'NONE',  ( -18.09606027352244695, -26.41549810499361328, 23.01000000000000156 ) ) ;
#3811 = CARTESIAN_POINT ( 'NONE',  ( 13.66982128406793962, -28.29068638571832039, 10.69144552348066490 ) ) ;
#3812 = ORIENTED_EDGE ( 'NONE', *, *, #5565, .T. ) ;
#3813 = CARTESIAN_POINT ( 'NONE',  ( -27.35673974155548294, -12.74729663734140317, 7.616063920303433932 ) ) ;
#3814 = CARTESIAN_POINT ( 'NONE',  ( 26.04284919736380743, 12.46475357901961267, 5.945913721517607442 ) ) ;
#3815 = CARTESIAN_POINT ( 'NONE',  ( -28.03237285897853681, 14.00397976441611014, 9.262681897714983847 ) ) ;
#3816 = CARTESIAN_POINT ( 'NONE',  ( 3.717013201352109775, -28.26831603704177098, 10.12115860169107684 ) ) ;
#3817 = DIRECTION ( 'NONE',  ( -0.9999999904213650037, -0.0001384097893520106577, 0.000000000000000000 ) ) ;
#3818 = CARTESIAN_POINT ( 'NONE',  ( -12.59182055229106822, 27.98364444750275837, 9.999999987913462007 ) ) ;
#3819 = CARTESIAN_POINT ( 'NONE',  ( 9.866407334121372941, 24.00545863605623254, 2.289764120892916033 ) ) ;
#3820 = CARTESIAN_POINT ( 'NONE',  ( 0.000000000000000000, 0.000000000000000000, -41.49999999999999289 ) ) ;
#3821 = CARTESIAN_POINT ( 'NONE',  ( 30.58346494944471061, 9.999641291671956367, 10.00000000360503272 ) ) ;
#3822 = CARTESIAN_POINT ( 'NONE',  ( 26.99700280405668806, 10.61117173679569348, 5.988417229749665616 ) ) ;
#3823 = CARTESIAN_POINT ( 'NONE',  ( 23.28830801936257444, -22.96661825879483487, 10.95698200268119571 ) ) ;
#3824 = EDGE_CURVE ( 'NONE', #3251, #4976, #3266, .T. ) ;
#3825 = CARTESIAN_POINT ( 'NONE',  ( -9.400333316773963332, 23.15694196491352130, 0.6233144931512315523 ) ) ;
#3826 = CARTESIAN_POINT ( 'NONE',  ( -25.86390844456314753, -24.58080303617732909, 10.00000000000000000 ) ) ;
#3827 = CARTESIAN_POINT ( 'NONE',  ( -21.69768422844830980, -14.75119409400656068, 2.530359696034499173 ) ) ;
#3828 = FACE_BOUND ( 'NONE', #1831, .T. ) ;
#3829 = CARTESIAN_POINT ( 'NONE',  ( -25.92148349196990154, -10.64636305212283851, -0.09999999999999992228 ) ) ;
#3830 = CARTESIAN_POINT ( 'NONE',  ( -23.74194803879042581, 11.35363434155372708, 2.607140347966733440 ) ) ;
#3831 = CARTESIAN_POINT ( 'NONE',  ( 12.33474998009380386, -27.99609426085353547, 9.999999788603888717 ) ) ;
#3832 = CARTESIAN_POINT ( 'NONE',  ( 23.63311803494286778, -14.00820170346517202, 4.219368832848651607 ) ) ;
#3833 = CARTESIAN_POINT ( 'NONE',  ( -12.73044303954638501, -27.97688933587864923, 23.01000000000000156 ) ) ;
#3834 = CARTESIAN_POINT ( 'NONE',  ( 20.07475359149778527, -15.11801587570534089, 0.9636238696653979252 ) ) ;
#3835 = CARTESIAN_POINT ( 'NONE',  ( 35.58897170822368139, 6.670407155040747327, 23.01000000000000156 ) ) ;
#3836 = CARTESIAN_POINT ( 'NONE',  ( 25.46854617454245329, 10.10028505468381432, -0.8889690687347078235 ) ) ;
#3837 = CARTESIAN_POINT ( 'NONE',  ( -31.05322748427013479, 11.07215695898349139, 10.99621618945074353 ) ) ;
#3838 = CARTESIAN_POINT ( 'NONE',  ( 23.30366226256429130, -9.171953304948951669, 0.9706517358055786193 ) ) ;
#3839 = CARTESIAN_POINT ( 'NONE',  ( 12.19105549509652953, 24.37085339339523671, 4.113663770862584279 ) ) ;
#3840 = CARTESIAN_POINT ( 'NONE',  ( -12.57103464600920795, 26.41541586643895556, 7.370904503662255358 ) ) ;
#3841 = B_SPLINE_CURVE_WITH_KNOTS ( 'NONE', 3,
 ( #3196, #1317, #215, #2264 ),
 .UNSPECIFIED., .F., .F.,
 ( 4, 4 ),
 ( 0.1803090329549494331, 1.080405004266046021 ),
 .UNSPECIFIED. ) ;
#3842 = CARTESIAN_POINT ( 'NONE',  ( -12.64215052325998379, -28.31189973508314850, 10.59242285929708238 ) ) ;
#3843 = CARTESIAN_POINT ( 'NONE',  ( 14.11330573202906002, -26.08190554393233285, 7.491276758115120948 ) ) ;
#3844 = ORIENTED_EDGE ( 'NONE', *, *, #4526, .T. ) ;
#3845 = CARTESIAN_POINT ( 'NONE',  ( -24.98108725492616600, -11.75249473547109069, 4.279955004611249336 ) ) ;
#3846 = CARTESIAN_POINT ( 'NONE',  ( 22.54128348682900196, 10.89848118321750547, 0.9347193428567095452 ) ) ;
#3847 = CARTESIAN_POINT ( 'NONE',  ( -22.72788462430260026, 21.57962842990854568, 9.264161547041858569 ) ) ;
#3848 = CARTESIAN_POINT ( 'NONE',  ( 3.161171103359146528, -25.98362665560048512, 3.435745961676198057 ) ) ;
#3849 = CARTESIAN_POINT ( 'NONE',  ( -15.83955609124103603, 27.36533260840939263, 23.01000000000000156 ) ) ;
#3850 = CARTESIAN_POINT ( 'NONE',  ( -10.28787951163159242, 28.07949853543544450, 9.999999900353607529 ) ) ;
#3851 = CARTESIAN_POINT ( 'NONE',  ( 12.01557129675148694, 27.42073529839427337, 8.921221054112832505 ) ) ;
#3852 = CARTESIAN_POINT ( 'NONE',  ( -23.19476646534633346, 21.87463502944357074, 23.01000000000000156 ) ) ;
#3853 = CARTESIAN_POINT ( 'NONE',  ( 31.99476009346183147, 3.546676425611550609, 9.999978257410218063 ) ) ;
#3854 = CARTESIAN_POINT ( 'NONE',  ( 30.65657595788687928, 12.13340998428723871, 11.00593065520105185 ) ) ;
#3855 = CARTESIAN_POINT ( 'NONE',  ( 19.53035053287222667, -21.44547653810833054, 5.983933432236781869 ) ) ;
#3856 = CARTESIAN_POINT ( 'NONE',  ( -9.351068400552051685, 23.17624602378917587, 0.6182116140304211305 ) ) ;
#3857 = DIRECTION ( 'NONE',  ( -0.000000000000000000, -0.000000000000000000, -1.000000000000000000 ) ) ;
#3858 = CARTESIAN_POINT ( 'NONE',  ( -20.63573880324493004, -18.18187570320511881, 4.236122653193493903 ) ) ;
#3859 = CARTESIAN_POINT ( 'NONE',  ( 20.82892273069940359, 19.94462697377272420, 5.936789670093209459 ) ) ;
#3860 = CARTESIAN_POINT ( 'NONE',  ( -27.77696001157841010, 5.213561212286569990, 0.000000000000000000 ) ) ;
#3861 = CARTESIAN_POINT ( 'NONE',  ( -29.62661099965285416, 13.89910300324163117, 10.94616320759427630 ) ) ;
#3862 = CARTESIAN_POINT ( 'NONE',  ( -23.77609972026743534, -27.00909936779310527, 23.01000000000000512 ) ) ;
#3863 = CARTESIAN_POINT ( 'NONE',  ( 7.775005167307955212, -28.15395844406924297, 9.999999741244725016 ) ) ;
#3864 = CARTESIAN_POINT ( 'NONE',  ( 22.09257673234183628, -11.77666187787085228, 0.9032620365472719959 ) ) ;
#3865 = CARTESIAN_POINT ( 'NONE',  ( 19.90608515427354774, 19.07606070328743897, 4.264850303780674423 ) ) ;
#3866 = VECTOR ( 'NONE', #4507, 1000.000000000000000 ) ;
#3867 = CARTESIAN_POINT ( 'NONE',  ( 12.76522365860957997, -31.39823346896604406, 23.01000000000000156 ) ) ;
#3868 = CARTESIAN_POINT ( 'NONE',  ( 27.77696001156225236, -5.213561212370111164, 0.000000000000000000 ) ) ;
#3869 = CARTESIAN_POINT ( 'NONE',  ( -28.72735742792655600, 9.721636631837661469, 7.654454331789114718 ) ) ;
#3870 = CARTESIAN_POINT ( 'NONE',  ( 23.28458358005730844, -9.220189988319647867, 0.9705317738125905924 ) ) ;
#3871 = AXIS2_PLACEMENT_3D ( 'NONE', #3705, #5719, #203 ) ;
#3872 = CARTESIAN_POINT ( 'NONE',  ( 19.91818070920329120, 21.00377277882681426, 5.966203775784854280 ) ) ;
#3873 = CARTESIAN_POINT ( 'NONE',  ( -15.94831572525153618, 22.58943841877918146, 4.294436131813643698 ) ) ;
#3874 = CARTESIAN_POINT ( 'NONE',  ( -9.427291526046179371, -23.14650327843018829, 0.6266171896376173667 ) ) ;
#3875 = CARTESIAN_POINT ( 'NONE',  ( -12.23071208380745567, -28.00604239417924290, 23.01000000000000156 ) ) ;
#3876 = CARTESIAN_POINT ( 'NONE',  ( 15.63441900866168943, -26.86788204935697166, 9.213495435947411494 ) ) ;
#3877 = VERTEX_POINT ( 'NONE', #2132 ) ;
#3878 = CARTESIAN_POINT ( 'NONE',  ( -26.88098604483027643, -10.88186396529183142, 5.982305280636961875 ) ) ;
#3879 = CARTESIAN_POINT ( 'NONE',  ( -28.92407534869219887, -13.66283832027436596, 9.999999549560916634 ) ) ;
#3880 = CARTESIAN_POINT ( 'NONE',  ( 28.43803836719920852, 13.41747835387610621, 9.286905463123641624 ) ) ;
#3881 = CARTESIAN_POINT ( 'NONE',  ( -19.15657699336713193, 16.10824601565034442, 0.8844236011653029417 ) ) ;
#3882 = CARTESIAN_POINT ( 'NONE',  ( -4.611171027391773869, -27.07800451616416382, 6.821905995993564176 ) ) ;
#3883 = CARTESIAN_POINT ( 'NONE',  ( -10.72694995011855568, 28.06410773635309397, 10.00000000000000178 ) ) ;
#3884 = CARTESIAN_POINT ( 'NONE',  ( 4.537787783558346888, 28.21440309772932409, 9.999977019306408366 ) ) ;
#3885 = CARTESIAN_POINT ( 'NONE',  ( 9.267827180139546428, 23.20862031294768713, 0.6101178462785563639 ) ) ;
#3886 = CARTESIAN_POINT ( 'NONE',  ( -12.27449291228423789, 28.00134497036129133, 23.01000000000000156 ) ) ;
#3887 = CARTESIAN_POINT ( 'NONE',  ( 30.44701249357277462, -10.42585871576197221, 9.999999409080778889 ) ) ;
#3888 = CARTESIAN_POINT ( 'NONE',  ( 24.52587889779411512, 9.674042716768536110, 2.643202767468141978 ) ) ;
#3889 = CARTESIAN_POINT ( 'NONE',  ( 17.46850664943812248, -23.15557707832113721, 5.983961891491584417 ) ) ;
#3890 = CARTESIAN_POINT ( 'NONE',  ( -28.08947533500094451, -0.8892045171923365077, -1.554360551271542458E-05 ) ) ;
#3891 = CARTESIAN_POINT ( 'NONE',  ( -35.69728660615506755, -4.718219265301908827, 23.00999999999999801 ) ) ;
#3892 = EDGE_CURVE ( 'NONE', #6210, #205, #2557, .T. ) ;
#3893 = CARTESIAN_POINT ( 'NONE',  ( -24.41052748669659422, -21.33592462011981894, 10.91044365650126480 ) ) ;
#3894 = CARTESIAN_POINT ( 'NONE',  ( 22.58470490150680376, 21.78631853880900593, 9.277426462919985184 ) ) ;
#3895 = CARTESIAN_POINT ( 'NONE',  ( -13.07390124294497191, 24.22105672615413852, -0.8889690687347078235 ) ) ;
#3896 = CARTESIAN_POINT ( 'NONE',  ( -28.46696630423344843, 13.36103511026125901, 9.279878849978780764 ) ) ;
#3897 = CARTESIAN_POINT ( 'NONE',  ( 11.23221712238979997, -28.04381779462267588, 9.999999913584993294 ) ) ;
#3898 = CARTESIAN_POINT ( 'NONE',  ( 23.69230834688153209, -11.44929065896561227, 2.605098001725616452 ) ) ;
#3899 = CARTESIAN_POINT ( 'NONE',  ( 22.85767623820000338, -22.33729882171902048, 23.01000000000000156 ) ) ;
#3900 = CARTESIAN_POINT ( 'NONE',  ( 17.80747090856126391, 30.63930745311841974, 23.01000000000000156 ) ) ;
#3901 = CARTESIAN_POINT ( 'NONE',  ( 14.00067266983932335, 31.40193813079779517, 10.00000000000000000 ) ) ;
#3902 = CARTESIAN_POINT ( 'NONE',  ( 0.003875656049784654156, -28.00122972911778163, -0.8889690687347098219 ) ) ;
#3903 = CARTESIAN_POINT ( 'NONE',  ( -31.99331956820524070, 8.010912482621879604, 10.99621208893312563 ) ) ;
#3904 = CARTESIAN_POINT ( 'NONE',  ( 27.03599103936466719, -10.51197663593402964, 5.988483677872552313 ) ) ;
#3905 = CARTESIAN_POINT ( 'NONE',  ( 21.01786625430857569, 23.63113067584849958, 9.320758148694604728 ) ) ;
#3906 = CARTESIAN_POINT ( 'NONE',  ( -15.84103856504426666, 25.50896718857812928, 7.580016232306818758 ) ) ;
#3907 = EDGE_CURVE ( 'NONE', #2952, #5661, #4939, .T. ) ;
#3908 = CARTESIAN_POINT ( 'NONE',  ( -16.63258585187116267, -20.47897682004019870, 2.646388596782821345 ) ) ;
#3909 = CARTESIAN_POINT ( 'NONE',  ( 14.82478101927256553, -27.64992082714372756, 10.00000000000000178 ) ) ;
#3910 = CARTESIAN_POINT ( 'NONE',  ( 13.00214483928780673, -22.79332232163756089, 2.538674029151238187 ) ) ;
#3911 = ORIENTED_EDGE ( 'NONE', *, *, #1145, .F. ) ;
#3912 = CARTESIAN_POINT ( 'NONE',  ( -24.42692431350518945, -9.914940615660492895, 2.640694600339074771 ) ) ;
#3913 = CARTESIAN_POINT ( 'NONE',  ( -29.03156825504414584, -13.50096820890433946, 9.999815386457676425 ) ) ;
#3914 = CARTESIAN_POINT ( 'NONE',  ( 25.00299422747518818, 11.71903409022235820, 4.284521157221434784 ) ) ;
#3915 = CARTESIAN_POINT ( 'NONE',  ( -20.16016993884083419, 14.84797478221538647, 0.8605219515551288945 ) ) ;
#3916 = CARTESIAN_POINT ( 'NONE',  ( 10.93092228662450971, -25.69956983884299717, 5.613727476869561528 ) ) ;
#3917 = CARTESIAN_POINT ( 'NONE',  ( -29.11927007183251348, 13.37213705440558797, 10.00000000000000178 ) ) ;
#3918 = CARTESIAN_POINT ( 'NONE',  ( 5.447365123434085632, 28.20133248732596698, 9.999993423392078640 ) ) ;
#3919 = CARTESIAN_POINT ( 'NONE',  ( -5.454696649572658984, -27.70716974471610428, -0.09999999999999982514 ) ) ;
#3920 = CARTESIAN_POINT ( 'NONE',  ( 10.93265210145225197, 25.69842178725858872, 5.609766924838194946 ) ) ;
#3921 = CARTESIAN_POINT ( 'NONE',  ( -31.69979299282826091, -5.620140031003395542, 23.01000000000000156 ) ) ;
#3922 = CARTESIAN_POINT ( 'NONE',  ( 29.10898962640827747, 13.38388101663196750, 9.999999903504805943 ) ) ;
#3923 = CARTESIAN_POINT ( 'NONE',  ( 29.49997733853850335, 11.46726922521663283, 9.333654824677212858 ) ) ;
#3924 = CARTESIAN_POINT ( 'NONE',  ( 18.66043175465259196, -20.45672992696218984, 4.311567355568183935 ) ) ;
#3925 = CARTESIAN_POINT ( 'NONE',  ( -35.99965454340537718, -1.120707774590452788, 23.01000000000000512 ) ) ;
#3926 = CARTESIAN_POINT ( 'NONE',  ( -21.58399778935034874, -21.02650264672266545, 7.613273250709021944 ) ) ;
#3927 = CARTESIAN_POINT ( 'NONE',  ( -24.43922026537029879, -19.18565483105781055, 9.222882814584172806 ) ) ;
#3928 = CARTESIAN_POINT ( 'NONE',  ( 22.61444415214047510, 21.74520038083198870, 9.276368567050935710 ) ) ;
#3929 = CARTESIAN_POINT ( 'NONE',  ( -16.53421239730789338, 31.10521529711920152, 10.00000000000000000 ) ) ;
#3930 = CARTESIAN_POINT ( 'NONE',  ( -28.52358978825247604, 13.27712354897061076, 9.282217405665265986 ) ) ;
#3931 = CARTESIAN_POINT ( 'NONE',  ( 9.292551982490566687, -28.11283377987575349, 9.999953393480026875 ) ) ;
#3932 = CARTESIAN_POINT ( 'NONE',  ( 22.28149555064726783, -11.41967078449372153, 0.9149218869496444917 ) ) ;
#3933 = CARTESIAN_POINT ( 'NONE',  ( 20.78862786342108393, 19.98957181045511433, 5.933445045091533032 ) ) ;
#3934 = CARTESIAN_POINT ( 'NONE',  ( 21.68426910665120033, 23.76104440231941339, 10.00000000000000178 ) ) ;
#3935 = CARTESIAN_POINT ( 'NONE',  ( 5.386809432029378897, 27.41863314615521574, -0.8889690687347064912 ) ) ;
#3936 = CARTESIAN_POINT ( 'NONE',  ( -8.927426598749930164, -26.70350010354657044, -0.000000000000000000 ) ) ;
#3937 = CARTESIAN_POINT ( 'NONE',  ( -31.36207814515881864, 4.686435932136915561, 9.325352160497985210 ) ) ;
#3938 = CARTESIAN_POINT ( 'NONE',  ( -16.51865818243300765, 22.74276402478908565, 4.014032545523396718E-06 ) ) ;
#3939 = CARTESIAN_POINT ( 'NONE',  ( 30.70930855594211550, -12.00288934889695192, 11.00622554288724508 ) ) ;
#3940 = CARTESIAN_POINT ( 'NONE',  ( 18.47044845125878254, 18.76746610433310991, 2.617488054901452532 ) ) ;
#3941 = CARTESIAN_POINT ( 'NONE',  ( -14.39860861759367694, 20.50288635382528568, 0.9522390406455193412 ) ) ;
#3942 = CARTESIAN_POINT ( 'NONE',  ( -21.52436878983430191, -24.96322837236376557, 11.00428599955004394 ) ) ;
#3943 = CARTESIAN_POINT ( 'NONE',  ( 12.01952169633308465, -26.49609318892017029, 7.327566482731139530 ) ) ;
#3944 = ORIENTED_EDGE ( 'NONE', *, *, #3489, .F. ) ;
#3945 = CARTESIAN_POINT ( 'NONE',  ( -22.95710687543412831, -10.00679680558794260, 0.9622903643664628692 ) ) ;
#3946 = CARTESIAN_POINT ( 'NONE',  ( -24.07193835030874496, -20.66431976614530441, 9.999989512845594675 ) ) ;
#3947 = CARTESIAN_POINT ( 'NONE',  ( 28.82600279091427709, 12.83561759243337974, 9.310584972486198652 ) ) ;
#3948 = CARTESIAN_POINT ( 'NONE',  ( -18.63377048811816294, 16.71987462894865928, 0.9028524901862278185 ) ) ;
#3949 = CARTESIAN_POINT ( 'NONE',  ( -8.241949886769896594, -26.09118835658137314, 5.393360789147886969 ) ) ;
#3950 = CARTESIAN_POINT ( 'NONE',  ( -28.25607468149511448, 14.66276402368917786, 23.01000000000000156 ) ) ;
#3951 = CARTESIAN_POINT ( 'NONE',  ( -19.84918851873556633, 25.30871269557076886, 9.999969807920445319 ) ) ;
#3952 = CARTESIAN_POINT ( 'NONE',  ( -14.00067266986516756, -31.40193813078447604, 10.00000000000000000 ) ) ;
#3953 = CARTESIAN_POINT ( 'NONE',  ( 11.95373612331165702, 27.42293949936421882, 8.915868165480031138 ) ) ;
#3954 = CARTESIAN_POINT ( 'NONE',  ( -32.07018300867111549, 2.823588901353492719, 23.01000000000000156 ) ) ;
#3955 = CARTESIAN_POINT ( 'NONE',  ( 29.39438519137625150, 12.91624517386817139, 10.00000082079575847 ) ) ;
#3956 = CARTESIAN_POINT ( 'NONE',  ( 28.23422518341826404, 6.913597809323530186, 5.988439018636771749 ) ) ;
#3957 = CARTESIAN_POINT ( 'NONE',  ( 19.74004523837752956, 17.32975043891981670, 2.567408164525236014 ) ) ;
#3958 = FILL_AREA_STYLE_COLOUR ( '', #6076 ) ;
#3959 = DIRECTION ( 'NONE',  ( 0.000000000000000000, 0.000000000000000000, 1.000000000000000000 ) ) ;
#3960 = CARTESIAN_POINT ( 'NONE',  ( -20.68739408967335436, -20.12296787718300095, 5.943418215657870540 ) ) ;
#3961 = CARTESIAN_POINT ( 'NONE',  ( 18.26129725796721814, 17.12526556797269350, 0.9192550454451478004 ) ) ;
#3962 = CARTESIAN_POINT ( 'NONE',  ( -0.004346060357663869556, 31.39999969923852774, 10.00000000000001243 ) ) ;
#3963 = CARTESIAN_POINT ( 'NONE',  ( 23.14409681811700636, -21.94375009453396430, 10.00000008311796584 ) ) ;
#3964 = CARTESIAN_POINT ( 'NONE',  ( 21.88702197291472729, -18.57597174528008566, 5.900993328027658080 ) ) ;
#3965 = CARTESIAN_POINT ( 'NONE',  ( 29.67083935513450754, -12.39721142236192897, 23.01000000000000156 ) ) ;
#3966 = CARTESIAN_POINT ( 'NONE',  ( 22.51906843495356725, 11.09313185448284500, 1.011271951909843203 ) ) ;
#3967 = CARTESIAN_POINT ( 'NONE',  ( -20.79805900334901381, -19.97766752361800613, 5.933054345526832307 ) ) ;
#3968 = CARTESIAN_POINT ( 'NONE',  ( -5.462366343732298901, 27.70565871260818014, -0.09999999999999988065 ) ) ;
#3969 = CARTESIAN_POINT ( 'NONE',  ( 20.38886346644316205, -18.37602209632795081, -0.8889690687347078235 ) ) ;
#3970 = CARTESIAN_POINT ( 'NONE',  ( -30.44683302247632639, 8.681197774591888461, 9.325330707303715272 ) ) ;
#3971 = CARTESIAN_POINT ( 'NONE',  ( -1.631214676394700636, 28.06121887438409956, 0.0001985149440226017116 ) ) ;
#3972 = CARTESIAN_POINT ( 'NONE',  ( 25.77538222578423088, -10.10733075309678952, 4.315854289312040848 ) ) ;
#3973 = CIRCLE ( 'NONE', #5236, 10.99999999999974953 ) ;
#3974 = CARTESIAN_POINT ( 'NONE',  ( -12.72440676163345508, 28.30402087544547740, 10.59058498885948829 ) ) ;
#3975 = CARTESIAN_POINT ( 'NONE',  ( -10.97257141735560815, -22.49122833676705113, 0.7712445377463841290 ) ) ;
#3976 = CARTESIAN_POINT ( 'NONE',  ( -15.18808671166966917, -27.58824415688409459, 10.00000000000000178 ) ) ;
#3977 = CARTESIAN_POINT ( 'NONE',  ( 12.84470133432392380, -28.31042969273152465, 10.61256798457258377 ) ) ;
#3978 = EDGE_CURVE ( 'NONE', #6460, #1009, #4430, .T. ) ;
#3979 = EDGE_LOOP ( 'NONE', ( #4484, #5767, #5070, #3454 ) ) ;
#3980 = CARTESIAN_POINT ( 'NONE',  ( -24.46633676452221096, -9.818551436722353642, 2.641185791121692272 ) ) ;
#3981 = CARTESIAN_POINT ( 'NONE',  ( 25.87071190355312567, -24.57364245467777764, 10.00000000000000000 ) ) ;
#3982 = VECTOR ( 'NONE', #6331, 1000.000000000000114 ) ;
#3983 = CARTESIAN_POINT ( 'NONE',  ( 26.17612341965726941, 12.24567845338150462, 5.953175145079488750 ) ) ;
#3984 = CARTESIAN_POINT ( 'NONE',  ( -20.00109165427892677, 18.96266810729588315, 4.260936746053536339 ) ) ;
#3985 = CARTESIAN_POINT ( 'NONE',  ( -10.13821276710205055, -25.82593452100560327, 5.546014638888853376 ) ) ;
#3986 = CARTESIAN_POINT ( 'NONE',  ( -14.32717579298465260, 27.76006594600928779, 23.01000000000000156 ) ) ;
#3987 = CARTESIAN_POINT ( 'NONE',  ( -19.13371972259258769, 25.79689894831481567, 9.999999929545440480 ) ) ;
#3988 = B_SPLINE_CURVE_WITH_KNOTS ( 'NONE', 3,
 ( #1299, #5326, #4865, #1855, #406, #2342, #6379 ),
 .UNSPECIFIED., .F., .F.,
 ( 4, 1, 1, 1, 4 ),
 ( 0.000000000000000000, 0.2500000000000000000, 0.5000000000000000000, 0.7500000000000000000, 1.000000000000000000 ),
 .UNSPECIFIED. ) ;
#3989 = CARTESIAN_POINT ( 'NONE',  ( -24.82269191279571174, -11.63557648076832685, -0.8889690687347079345 ) ) ;
#3990 = CARTESIAN_POINT ( 'NONE',  ( 13.53535663891989849, 27.89705776408501237, 23.01000000000000156 ) ) ;
#3991 = CARTESIAN_POINT ( 'NONE',  ( 29.45479191073567549, 12.80837218081380158, 9.999999979063941780 ) ) ;
#3992 = CARTESIAN_POINT ( 'NONE',  ( 24.56887038732644157, 9.564749651316468260, 2.643312530126407101 ) ) ;
#3993 = CARTESIAN_POINT ( 'NONE',  ( 19.14599028523471347, 18.02635879865669111, 2.591656084447901964 ) ) ;
#3994 = FACE_OUTER_BOUND ( 'NONE', #1274, .T. ) ;
#3995 = CYLINDRICAL_SURFACE ( 'NONE', #6297, 11.00000000000250466 ) ;
#3996 = CARTESIAN_POINT ( 'NONE',  ( 19.05726316204625448, 18.12747870848750509, 2.595701374220200197 ) ) ;
#3997 = CARTESIAN_POINT ( 'NONE',  ( 10.59395262055047127, 31.40146660742574980, 9.999999999999998224 ) ) ;
#3998 = CARTESIAN_POINT ( 'NONE',  ( 21.04750359064654575, -24.36783803132975024, 9.999999629722175598 ) ) ;
#3999 = CARTESIAN_POINT ( 'NONE',  ( 22.63327594980061264, -21.72121217146490224, 9.275913415340236057 ) ) ;
#4000 = CARTESIAN_POINT ( 'NONE',  ( 32.02445618241111447, -3.291264047741209620, 23.01000000000000156 ) ) ;
#4001 = CARTESIAN_POINT ( 'NONE',  ( -18.18868381540604418, -17.20346007923498632, 0.9228789117552841370 ) ) ;
#4002 = CARTESIAN_POINT ( 'NONE',  ( -10.60264475412865970, 31.39853279104946182, 10.00000000000000178 ) ) ;
#4003 = CARTESIAN_POINT ( 'NONE',  ( 15.85346931322634312, -23.16920211669283347, -0.1000000000000000194 ) ) ;
#4004 = CARTESIAN_POINT ( 'NONE',  ( -28.25153620910139907, 11.01750651605396669, 7.654457310734803066 ) ) ;
#4005 = PLANE ( 'NONE',  #5032 ) ;
#4006 = CARTESIAN_POINT ( 'NONE',  ( 28.18617773955825356, -11.19385308864057471, 7.660674537767961922 ) ) ;
#4007 = CARTESIAN_POINT ( 'NONE',  ( 20.79349812442930556, 25.62413155370397533, 11.00006759276543100 ) ) ;
#4008 = CARTESIAN_POINT ( 'NONE',  ( -12.12811567409037927, 26.47816248202847333, 7.331233903052945422 ) ) ;
#4009 = CARTESIAN_POINT ( 'NONE',  ( -18.43464149378258909, -20.64859712068339448, 4.311971267309838929 ) ) ;
#4010 = CARTESIAN_POINT ( 'NONE',  ( 18.97678215004220803, -25.90673900098325788, 23.01000000000000156 ) ) ;
#4011 = CARTESIAN_POINT ( 'NONE',  ( 11.57771677969898860, -25.58846512094461190, 5.676425446972683808 ) ) ;
#4012 = EDGE_LOOP ( 'NONE', ( #1127, #417, #3697, #1339, #1441 ) ) ;
#4013 = CARTESIAN_POINT ( 'NONE',  ( -24.52477833352812553, -9.673614083771377992, 2.641707579944587714 ) ) ;
#4014 = CARTESIAN_POINT ( 'NONE',  ( -29.74631582731216284, -12.23247490045145724, 9.999999983636481460 ) ) ;
#4015 = EDGE_CURVE ( 'NONE', #4516, #4636, #5794, .T. ) ;
#4016 = CARTESIAN_POINT ( 'NONE',  ( 28.70780772513818491, 13.02261510884047979, 9.303059161507187369 ) ) ;
#4017 = CARTESIAN_POINT ( 'NONE',  ( -19.89256441694912780, 19.09319211847094167, 4.265768441620664930 ) ) ;
#4018 = CARTESIAN_POINT ( 'NONE',  ( -12.18421522187438377, -28.30468653819813341, 10.55603090131508459 ) ) ;
#4019 = CARTESIAN_POINT ( 'NONE',  ( -32.00122636615347460, -3.519450892211772874, 23.01000000000000156 ) ) ;
#4020 = CARTESIAN_POINT ( 'NONE',  ( -22.62939387209396358, 22.63023042049323763, 9.999999990570778152 ) ) ;
#4021 = CARTESIAN_POINT ( 'NONE',  ( -25.58828687171595107, -11.61625064450802824, 0.000000000000000000 ) ) ;
#4022 = CARTESIAN_POINT ( 'NONE',  ( 29.81854099741189046, 12.07320285508409086, 9.999999997043325095 ) ) ;
#4023 = CARTESIAN_POINT ( 'NONE',  ( 24.57853425494995392, 9.539898160062621812, 2.643312524194898927 ) ) ;
#4024 = CARTESIAN_POINT ( 'NONE',  ( 18.58255834872761625, 16.77238553815172040, 0.9051170998636060006 ) ) ;
#4025 = CARTESIAN_POINT ( 'NONE',  ( -28.04705104873622190, -1.781077409492802133, 3.563240880245715039E-05 ) ) ;
#4026 = CARTESIAN_POINT ( 'NONE',  ( -20.78648912569027019, -19.99822397449298705, 5.938540851863524317 ) ) ;
#4027 = CARTESIAN_POINT ( 'NONE',  ( 8.259114784296830436, 28.27508594356282501, 10.30635551993437815 ) ) ;
#4028 = CARTESIAN_POINT ( 'NONE',  ( -15.89628403770253939, 23.23440049827420495, 0.000000000000000000 ) ) ;
#4029 = CARTESIAN_POINT ( 'NONE',  ( 19.38429263632002275, -25.63226867836927525, 10.00000003059179576 ) ) ;
#4030 = CARTESIAN_POINT ( 'NONE',  ( 20.86545926995826505, -19.89960558190643525, 5.935521967769705753 ) ) ;
#4031 = CARTESIAN_POINT ( 'NONE',  ( 17.47527631811453119, 26.71330878976897338, 23.01000000000000156 ) ) ;
#4032 = CARTESIAN_POINT ( 'NONE',  ( -25.87071190346052063, 24.57364245486083121, 10.00000000000000000 ) ) ;
#4033 = CARTESIAN_POINT ( 'NONE',  ( -20.83576394513944763, -19.93002586257117059, 5.931503465033671318 ) ) ;
#4034 = DIRECTION ( 'NONE',  ( -0.000000000000000000, -0.000000000000000000, -1.000000000000000000 ) ) ;
#4035 = CARTESIAN_POINT ( 'NONE',  ( 25.13912183789578592, -25.61876919775735928, 10.00000000000000000 ) ) ;
#4036 = CARTESIAN_POINT ( 'NONE',  ( -23.31330111620914280, 9.147858344155316956, 0.9708945343425944285 ) ) ;
#4037 = CARTESIAN_POINT ( 'NONE',  ( -18.72023935515091964, 21.00293920347754195, 6.070282892514648239E-05 ) ) ;
#4038 = CARTESIAN_POINT ( 'NONE',  ( 26.34509768188897993, -11.95926302982936029, 5.964199921067272925 ) ) ;
#4039 = CARTESIAN_POINT ( 'NONE',  ( 21.56312053785833527, 21.04559458843562325, 7.607525841732003080 ) ) ;
#4040 = CARTESIAN_POINT ( 'NONE',  ( -13.19430115559052297, 28.30204157243228380, 10.63761969313772582 ) ) ;
#4041 = CARTESIAN_POINT ( 'NONE',  ( -17.54084454397008841, -26.12059098304580473, 9.293284610345928343 ) ) ;
#4042 = CARTESIAN_POINT ( 'NONE',  ( 19.81687199461815396, -25.34085852130520777, 10.00000000000000178 ) ) ;
#4043 = ORIENTED_EDGE ( 'NONE', *, *, #5069, .F. ) ;
#4044 = CARTESIAN_POINT ( 'NONE',  ( -29.47764940139901668, -11.50644851007062286, 9.325334311903427320 ) ) ;
#4045 = CARTESIAN_POINT ( 'NONE',  ( -12.30560863345116651, -28.00030046862864097, 9.999649117660407427 ) ) ;
#4046 = CARTESIAN_POINT ( 'NONE',  ( 27.38369569855462515, 12.71527624670989454, 7.624259041546839200 ) ) ;
#4047 = CARTESIAN_POINT ( 'NONE',  ( -19.02016440095928473, 18.16830975936392178, 2.596121803244960002 ) ) ;
#4048 = CARTESIAN_POINT ( 'NONE',  ( -9.665020483495723624, -25.89548905405143842, 5.506574249522129705 ) ) ;
#4049 = CARTESIAN_POINT ( 'NONE',  ( -30.25285045032120124, -10.96261656749699931, 10.00000000000000178 ) ) ;
#4050 = CARTESIAN_POINT ( 'NONE',  ( -23.00345644289394542, 22.13587521999040675, 9.999900553477557352 ) ) ;
#4051 = CARTESIAN_POINT ( 'NONE',  ( -22.49680858680336470, -10.98907078518376856, 0.9314510504787716361 ) ) ;
#4052 = CARTESIAN_POINT ( 'NONE',  ( -23.17865050107294067, -15.93754813587433539, 0.000000000000000000 ) ) ;
#4053 = CARTESIAN_POINT ( 'NONE',  ( 24.57370703213770469, 9.552325787827699699, 2.643312529063624794 ) ) ;
#4054 = CARTESIAN_POINT ( 'NONE',  ( 20.02227729483238505, 18.94009288507536226, 4.263074605285014584 ) ) ;
#4055 = CARTESIAN_POINT ( 'NONE',  ( -18.16691213661280102, -17.22647526928192008, 0.9236897694070873577 ) ) ;
#4056 = CARTESIAN_POINT ( 'NONE',  ( 7.069546849682068590, 23.96087607406379405, 0.3898814756668889658 ) ) ;
#4057 = CARTESIAN_POINT ( 'NONE',  ( 21.62464444704958311, -17.99789058719527191, 1.738913652605162224E-05 ) ) ;
#4058 = CARTESIAN_POINT ( 'NONE',  ( 19.19781124382963000, -17.96740420286602458, 2.589555744217157507 ) ) ;
#4059 = CARTESIAN_POINT ( 'NONE',  ( 22.98958160506887438, 22.15661142446030496, 23.01000000000000156 ) ) ;
#4060 = LINE ( 'NONE', #5025, #1872 ) ;
#4061 = CARTESIAN_POINT ( 'NONE',  ( -22.55481941409280822, -21.81688055162922524, 9.269952084136486192 ) ) ;
#4062 = DIRECTION ( 'NONE',  ( 0.5734630522039361189, 0.8192314250301593326, 0.000000000000000000 ) ) ;
#4063 = CARTESIAN_POINT ( 'NONE',  ( -23.80172189151948814, -13.73570417849350989, -0.8889690687347088227 ) ) ;
#4064 = CARTESIAN_POINT ( 'NONE',  ( -28.30711278879990189, 10.87456735953855080, 7.654457302329717550 ) ) ;
#4065 = CARTESIAN_POINT ( 'NONE',  ( -27.68887286227629829, 4.839395812159311916, -7.432920137096154449E-05 ) ) ;
#4066 = CARTESIAN_POINT ( 'NONE',  ( 25.60495606539174673, -10.52143263086700387, 4.313880082113604075 ) ) ;
#4067 = CARTESIAN_POINT ( 'NONE',  ( 20.36468298079865491, 20.50576442442507741, 5.952028712208602634 ) ) ;
#4068 = CARTESIAN_POINT ( 'NONE',  ( -11.79084009797256449, 25.54445409420099367, 5.691274533761184529 ) ) ;
#4069 = CARTESIAN_POINT ( 'NONE',  ( -19.34447574258205904, -19.72478521477896507, 4.290888519927069211 ) ) ;
#4070 = CARTESIAN_POINT ( 'NONE',  ( 30.81063300178069753, -9.290227395021082302, 23.01000000000000156 ) ) ;
#4071 = ORIENTED_EDGE ( 'NONE', *, *, #6353, .F. ) ;
#4072 = CARTESIAN_POINT ( 'NONE',  ( -27.01798362307949830, -10.54750637953722681, 5.983574782894644173 ) ) ;
#4073 = CARTESIAN_POINT ( 'NONE',  ( -3.324084706677336243, -28.22715792019610603, 9.999959512381005666 ) ) ;
#4074 = CARTESIAN_POINT ( 'NONE',  ( 24.17784324704287258, 10.48706261625174108, 2.634913265173401520 ) ) ;
#4075 = CARTESIAN_POINT ( 'NONE',  ( -18.19167487534995686, 17.20032325706463894, 0.9229624026525439229 ) ) ;
#4076 = CARTESIAN_POINT ( 'NONE',  ( -9.204983986187036393, -25.10777084847363128, 3.845141420395552068 ) ) ;
#4077 = CARTESIAN_POINT ( 'NONE',  ( -31.64028367071279746, 5.945540057600918971, 10.00000000000000178 ) ) ;
#4078 = CARTESIAN_POINT ( 'NONE',  ( -23.72427887890450293, 21.14634561307765637, 9.999992153168303588 ) ) ;
#4079 = CARTESIAN_POINT ( 'NONE',  ( -24.77491096869164977, -12.11243527300643663, 4.267427179772979251 ) ) ;
#4080 = CARTESIAN_POINT ( 'NONE',  ( -32.42998570557046634, -15.20623476095525639, 10.00000000000000178 ) ) ;
#4081 = AXIS2_PLACEMENT_3D ( 'NONE', #5231, #709, #4739 ) ;
#4082 = CARTESIAN_POINT ( 'NONE',  ( 29.06633764148599042, 13.44865398720787297, 9.999852850119912873 ) ) ;
#4083 = CARTESIAN_POINT ( 'NONE',  ( 23.84899672676021609, 22.15589543090344904, 10.93518964075700950 ) ) ;
#4084 = LINE ( 'NONE', #5542, #4296 ) ;
#4085 = CARTESIAN_POINT ( 'NONE',  ( 24.96182517926532896, -11.32275985100307381, -0.8889690687347083786 ) ) ;
#4086 = CARTESIAN_POINT ( 'NONE',  ( 7.861029846420928280, 23.70585949522583036, 0.4667128873946902456 ) ) ;
#4087 = CARTESIAN_POINT ( 'NONE',  ( 15.88985168741947973, 23.23880001393219885, 0.000000000000000000 ) ) ;
#4088 = CARTESIAN_POINT ( 'NONE',  ( 23.07934127427317961, -22.03236126300759068, 10.00000374438785045 ) ) ;
#4089 = CARTESIAN_POINT ( 'NONE',  ( 19.23308250261679930, -17.92674091397593727, 2.588010188756786789 ) ) ;
#4090 = EDGE_CURVE ( 'NONE', #1374, #3641, #6513, .T. ) ;
#4091 = DIRECTION ( 'NONE',  ( 0.000000000000000000, 0.000000000000000000, -1.000000000000000000 ) ) ;
#4092 = CARTESIAN_POINT ( 'NONE',  ( -28.10000000000000497, 3.441257505604062633E-15, -40.00000000000000000 ) ) ;
#4093 = CARTESIAN_POINT ( 'NONE',  ( -21.69079403970672359, -20.87656080759299471, 7.601302551369212068 ) ) ;
#4094 = CARTESIAN_POINT ( 'NONE',  ( 25.76716237426591505, 11.24494032128483489, -6.508214549775910661E-08 ) ) ;
#4095 = CARTESIAN_POINT ( 'NONE',  ( -25.13202910403851931, -25.62572720812775628, 10.00000000000000000 ) ) ;
#4096 = CARTESIAN_POINT ( 'NONE',  ( -23.34155990390940261, 9.075530572183806655, 0.9709373595186252537 ) ) ;
#4097 = LINE ( 'NONE', #192, #387 ) ;
#4098 = CARTESIAN_POINT ( 'NONE',  ( 27.96532061950189174, -11.69066136507546716, 7.655988564416936093 ) ) ;
#4099 = B_SPLINE_SURFACE_WITH_KNOTS ( 'NONE', 3, 1, ( 
 ( #2145, #5195 ),
 ( #2674, #6382 ),
 ( #5888, #234 ),
 ( #6284, #5784 ),
 ( #1366, #4269 ),
 ( #3378, #2844 ),
 ( #269, #908 ) ),
 .UNSPECIFIED., .F., .F., .F.,
 ( 4, 1, 1, 1, 4 ),
 ( 2, 2 ),
 ( 0.000000000000000000, 0.2500000000000000000, 0.5000000000000000000, 0.7500000000000000000, 1.000000003949962801 ),
 ( 0.000000000000000000, 1.000000000000000000 ),
 .UNSPECIFIED. ) ;
#4100 = CARTESIAN_POINT ( 'NONE',  ( 20.61487459256964172, 20.20683586918762842, 5.941754822486217336 ) ) ;
#4101 = CARTESIAN_POINT ( 'NONE',  ( -9.694485505765497280, 23.03940656509538698, 0.6530613815999974925 ) ) ;
#4102 = CARTESIAN_POINT ( 'NONE',  ( -22.38158545766055241, -22.06612560405485723, 9.287642047378888321 ) ) ;
#4103 = CARTESIAN_POINT ( 'NONE',  ( 22.85767623820000338, -22.33729882171902048, 23.01000000000000156 ) ) ;
#4104 = CARTESIAN_POINT ( 'NONE',  ( 20.38377584356991079, 18.38166542775012147, -0.8889690687347079345 ) ) ;
#4105 = CARTESIAN_POINT ( 'NONE',  ( -30.69184081308885936, -12.02552249026825137, 10.99618028660631097 ) ) ;
#4106 = CARTESIAN_POINT ( 'NONE',  ( -24.74971780536770183, -19.72191911852898372, 23.01000000000000156 ) ) ;
#4107 = CARTESIAN_POINT ( 'NONE',  ( -14.29449741174360078, -27.78779080007158342, 9.999965016469655410 ) ) ;
#4108 = ADVANCED_FACE ( 'NONE', ( #2302 ), #1575, .F. ) ;
#4109 = CARTESIAN_POINT ( 'NONE',  ( 25.65660104529941066, 10.39853939199480592, 4.314718363036652349 ) ) ;
#4110 = CARTESIAN_POINT ( 'NONE',  ( -21.74295427567179928, 20.80912562837556123, 7.599518942656566800 ) ) ;
#4111 = CARTESIAN_POINT ( 'NONE',  ( -10.35891549724801131, -24.85639233253230174, 3.951609637478725290 ) ) ;
#4112 = CARTESIAN_POINT ( 'NONE',  ( -33.54831986157844170, 13.05795674928792494, 23.01000000000000156 ) ) ;
#4113 = CARTESIAN_POINT ( 'NONE',  ( -31.42922394799574448, 6.976036521711267646, 23.01000000000000156 ) ) ;
#4114 = CARTESIAN_POINT ( 'NONE',  ( -30.10912403005265148, 11.35031414667069605, 10.00000388689354658 ) ) ;
#4115 = EDGE_LOOP ( 'NONE', ( #1866, #5791, #3569, #4945, #676, #6427 ) ) ;
#4116 = CARTESIAN_POINT ( 'NONE',  ( -29.36446419934600627, -14.27282807901730877, 10.93731296942848097 ) ) ;
#4117 = CARTESIAN_POINT ( 'NONE',  ( -18.24004021927648722, -21.44356151193174043, 0.000000000000000000 ) ) ;
#4118 = CARTESIAN_POINT ( 'NONE',  ( 21.20091584011457542, 15.45923466447722383, 2.532269912209442531 ) ) ;
#4119 = CARTESIAN_POINT ( 'NONE',  ( 9.498594967246464904, -23.11799482816788398, 0.6331890635040442472 ) ) ;
#4120 = CARTESIAN_POINT ( 'NONE',  ( -14.03488878605492474, -31.40194286662958945, 23.01000000000000156 ) ) ;
#4121 = CARTESIAN_POINT ( 'NONE',  ( -19.89506608836674673, -19.09312613017167948, 4.268675941399634688 ) ) ;
#4122 = CARTESIAN_POINT ( 'NONE',  ( 33.46876691119656755, -13.26234307098842358, 9.999999999999998224 ) ) ;
#4123 = CARTESIAN_POINT ( 'NONE',  ( 7.287599922112185880, 26.20240502245106384, 5.319881325455466659 ) ) ;
#4124 = CARTESIAN_POINT ( 'NONE',  ( 23.40308617684337733, 27.55765928013072141, 10.00000000000000888 ) ) ;
#4125 = CARTESIAN_POINT ( 'NONE',  ( 20.77345643935726827, -20.01609799353460772, 5.939514863202620454 ) ) ;
#4126 = CARTESIAN_POINT ( 'NONE',  ( 32.13276961311071744, -1.762644008301974097, 23.01000000000000156 ) ) ;
#4127 = CARTESIAN_POINT ( 'NONE',  ( 23.17865050105046265, 15.93754813590694042, 0.000000000000000000 ) ) ;
#4128 = CARTESIAN_POINT ( 'NONE',  ( -20.27552319588988183, -18.62835328330764284, 4.249402209479527848 ) ) ;
#4129 = CARTESIAN_POINT ( 'NONE',  ( 19.19609124974074987, 19.58891625295139605, -0.8889690687347078235 ) ) ;
#4130 = CARTESIAN_POINT ( 'NONE',  ( -17.78106140360089782, -20.90003713201801006, -0.8889690687347059361 ) ) ;
#4131 = CARTESIAN_POINT ( 'NONE',  ( -25.77302655310713320, 10.10641193086059175, 4.312653523837885139 ) ) ;
#4132 = CARTESIAN_POINT ( 'NONE',  ( 24.96086283968309871, -11.79178357482475370, 4.281486114176350277 ) ) ;
#4133 = CARTESIAN_POINT ( 'NONE',  ( 23.08484168200513764, 23.22966565193470245, 10.95631330382733637 ) ) ;
#4134 = CARTESIAN_POINT ( 'NONE',  ( -17.82066419632381837, -17.58821384199157478, 0.9382940101009626943 ) ) ;
#4135 = CARTESIAN_POINT ( 'NONE',  ( 29.67083935513450754, -12.39721142236192897, 23.01000000000000156 ) ) ;
#4136 = CARTESIAN_POINT ( 'NONE',  ( 21.79294023466815844, 17.67050923402882034, -0.09999999999999988065 ) ) ;
#4137 = CARTESIAN_POINT ( 'NONE',  ( -24.53440606977977012, -9.649398005604354012, 2.641758743658684683 ) ) ;
#4138 = CARTESIAN_POINT ( 'NONE',  ( -26.59237851513919182, -17.11246096345390555, 23.01000000000000156 ) ) ;
#4139 = CARTESIAN_POINT ( 'NONE',  ( 24.38770304166232350, 10.01129898343431890, 2.641411679026979265 ) ) ;
#4140 = CARTESIAN_POINT ( 'NONE',  ( -22.60904920300776766, 21.74410755906140125, 9.268311495981016890 ) ) ;
#4141 = CARTESIAN_POINT ( 'NONE',  ( -12.49564340468051071, -28.30754047823331732, 10.57672602556017161 ) ) ;
#4142 = CARTESIAN_POINT ( 'NONE',  ( -21.57446955600967442, -12.85203517379852833, 0.9750107815723864091 ) ) ;
#4143 = CARTESIAN_POINT ( 'NONE',  ( -24.12951114211556103, -20.58772561536310164, 10.00000000000000178 ) ) ;
#4144 = CARTESIAN_POINT ( 'NONE',  ( -30.13622090345953097, -11.27627383990406607, 9.999999998391867706 ) ) ;
#4145 = ORIENTED_EDGE ( 'NONE', *, *, #3327, .F. ) ;
#4146 = CARTESIAN_POINT ( 'NONE',  ( -29.52783725854071406, -14.04160952736902956, 10.94284812088375070 ) ) ;
#4147 = CARTESIAN_POINT ( 'NONE',  ( -24.45910485166096748, 12.43906938592829370, -0.8889690687347078235 ) ) ;
#4148 = CARTESIAN_POINT ( 'NONE',  ( 28.67068096895559393, 14.04255019246557268, 10.00000047620217103 ) ) ;
#4149 = CARTESIAN_POINT ( 'NONE',  ( 27.52910940827912611, 14.75831224962286115, 9.252923283760527084 ) ) ;
#4150 = CARTESIAN_POINT ( 'NONE',  ( 9.928270344221097332, -23.98685378574710469, 2.296808921644196921 ) ) ;
#4151 = CARTESIAN_POINT ( 'NONE',  ( 24.28289952933856810, -26.57579898480382496, 23.00999999999999801 ) ) ;
#4152 = CARTESIAN_POINT ( 'NONE',  ( 6.954952856778723103, 25.51875005013928899, 3.655806994561583867 ) ) ;
#4153 = CARTESIAN_POINT ( 'NONE',  ( -9.343044102540808638, -26.51038680654756519, 0.0001690258266353494474 ) ) ;
#4154 = CARTESIAN_POINT ( 'NONE',  ( 23.35847922538388488, -22.86697449227147416, 10.95320284867404581 ) ) ;
#4155 = CARTESIAN_POINT ( 'NONE',  ( 16.41675498474799610, 18.99718245391768789, 1.042642079964308355 ) ) ;
#4156 = CARTESIAN_POINT ( 'NONE',  ( 17.47527631811407645, 26.71330878976919720, 10.00000000000000000 ) ) ;
#4157 = CARTESIAN_POINT ( 'NONE',  ( -22.66948221743230008, -21.65846034120379926, 9.265978461286673351 ) ) ;
#4158 = CARTESIAN_POINT ( 'NONE',  ( -15.50942208453543536, -22.65908731231519724, -0.8889690687347093778 ) ) ;
#4159 = CARTESIAN_POINT ( 'NONE',  ( -27.48697357177115208, 12.54274410240019222, 7.624899892167462667 ) ) ;
#4160 = CARTESIAN_POINT ( 'NONE',  ( 35.98759174430094276, -1.109548980173423960, 23.01000000000000156 ) ) ;
#4161 = CARTESIAN_POINT ( 'NONE',  ( 29.69498721638488448, -13.81541251248220981, 10.95834889752313046 ) ) ;
#4162 = CARTESIAN_POINT ( 'NONE',  ( 18.99513824256749572, 18.19619892058986466, 2.597037078021649847 ) ) ;
#4163 = CARTESIAN_POINT ( 'NONE',  ( -18.17685563460548792, -19.06746250226519024, 2.627145693803757620 ) ) ;
#4164 = CARTESIAN_POINT ( 'NONE',  ( 28.36251906444858761, 14.50315034576456696, 10.00000000000000178 ) ) ;
#4165 = VERTEX_POINT ( 'NONE', #1813 ) ;
#4166 = CARTESIAN_POINT ( 'NONE',  ( -25.80798645683251280, -10.01709629954484981, 4.312697328429877075 ) ) ;
#4167 = CARTESIAN_POINT ( 'NONE',  ( 32.00100469002759240, -8.012836784783182509, 11.00623520469408589 ) ) ;
#4168 = CARTESIAN_POINT ( 'NONE',  ( -15.68905965386330159, 19.52020138808200045, 0.9700066236461615254 ) ) ;
#4169 = EDGE_CURVE ( 'NONE', #6024, #2916, #1345, .T. ) ;
#4170 = CARTESIAN_POINT ( 'NONE',  ( -10.37276510202144664, -24.85323013662222280, 3.952917383558264497 ) ) ;
#4171 = CARTESIAN_POINT ( 'NONE',  ( -10.12447701964425306, -22.97591691233050426, 0.8527597525839497594 ) ) ;
#4172 = CARTESIAN_POINT ( 'NONE',  ( -22.87539333053632618, -22.30886949578556155, 23.01000000000000156 ) ) ;
#4173 = CARTESIAN_POINT ( 'NONE',  ( -31.80847687883935038, -5.225802932038367210, 9.999952622397378477 ) ) ;
#4174 = VERTEX_POINT ( 'NONE', #3826 ) ;
#4175 = CARTESIAN_POINT ( 'NONE',  ( -22.33764925016446057, -11.30445845386664949, 0.9199119460184127517 ) ) ;
#4176 = CARTESIAN_POINT ( 'NONE',  ( -25.05610494629642915, 12.74150535962764330, 0.000000000000000000 ) ) ;
#4177 = CARTESIAN_POINT ( 'NONE',  ( 23.72304797265564247, 21.14632781208650769, 9.999999416494707916 ) ) ;
#4178 = CARTESIAN_POINT ( 'NONE',  ( 21.96890747545245404, 12.02285705818864514, 0.8943812727663473794 ) ) ;
#4179 = CARTESIAN_POINT ( 'NONE',  ( -25.75497953688509867, 15.19160758031658176, 7.557002609431505036 ) ) ;
#4180 = CARTESIAN_POINT ( 'NONE',  ( 11.20140235142829432, -25.65640536285046736, 5.640715565032611067 ) ) ;
#4181 = CARTESIAN_POINT ( 'NONE',  ( 14.59184350993686508, 27.69651451754442562, 10.00000017322794754 ) ) ;
#4182 = CARTESIAN_POINT ( 'NONE',  ( 14.00936482183138132, -31.39806126722641366, 10.00000000000000000 ) ) ;
#4183 = CARTESIAN_POINT ( 'NONE',  ( 12.38879733713976528, 28.30132230970966845, 10.55991425453735744 ) ) ;
#4184 = CARTESIAN_POINT ( 'NONE',  ( -12.54807617930825714, -25.18117543684886428, 8.268951313636058555E-05 ) ) ;
#4185 = CARTESIAN_POINT ( 'NONE',  ( 29.99963039408605070, -11.63513303081130523, 10.00013592448004296 ) ) ;
#4186 = VECTOR ( 'NONE', #742, 1000.000000000000000 ) ;
#4187 = CARTESIAN_POINT ( 'NONE',  ( 22.58372947652241436, -21.78975613945053880, 9.277676619607181152 ) ) ;
#4188 = ADVANCED_FACE ( 'NONE', ( #1322 ), #830, .T. ) ;
#4189 = CARTESIAN_POINT ( 'NONE',  ( 11.24837979750444461, 22.44710969271660872, 0.9150095746683901687 ) ) ;
#4190 = CARTESIAN_POINT ( 'NONE',  ( -19.18063219909712203, -17.98502001506647474, 2.588567310821910272 ) ) ;
#4191 = CARTESIAN_POINT ( 'NONE',  ( -22.65341486695444928, -15.57826839572503985, -0.8889690687347060472 ) ) ;
#4192 = CARTESIAN_POINT ( 'NONE',  ( -26.91132198361218997, 10.80907890734374099, 5.982661038075025139 ) ) ;
#4193 = CARTESIAN_POINT ( 'NONE',  ( 28.47284861781799492, -13.36354775273231432, 9.288178787872578113 ) ) ;
#4194 = CARTESIAN_POINT ( 'NONE',  ( 20.76712268922880256, 20.01688493238997424, 5.934525940674169497 ) ) ;
#4195 = CARTESIAN_POINT ( 'NONE',  ( -20.36726002260227730, -20.50853597375198945, 5.956931204381542777 ) ) ;
#4196 = CARTESIAN_POINT ( 'NONE',  ( 26.60673236402438491, 17.07883746658662361, 10.00000000000000178 ) ) ;
#4197 = ORIENTED_EDGE ( 'NONE', *, *, #5565, .F. ) ;
#4198 = CARTESIAN_POINT ( 'NONE',  ( -24.58225050370706910, -9.527040386309215236, 2.641817332470301150 ) ) ;
#4199 = CARTESIAN_POINT ( 'NONE',  ( 30.14045025972737690, -9.658921568069017027, 9.333650644418261422 ) ) ;
#4200 = CARTESIAN_POINT ( 'NONE',  ( 15.97150883725478465, 25.45425617640156446, 7.586324065991083110 ) ) ;
#4201 = CARTESIAN_POINT ( 'NONE',  ( -21.26840370420820392, 23.41592761732157513, 9.320283777379145818 ) ) ;
#4202 = CARTESIAN_POINT ( 'NONE',  ( -12.39180212757006316, -28.30657459187285596, 10.56980533046528770 ) ) ;
#4203 = CARTESIAN_POINT ( 'NONE',  ( -0.4573939300130658858, -25.12657391239625326, 0.4770702913628087072 ) ) ;
#4204 = CARTESIAN_POINT ( 'NONE',  ( 25.09999999999999787, -8.004734207004356171E-12, 1.042014805384222420 ) ) ;
#4205 = CARTESIAN_POINT ( 'NONE',  ( -32.06574682204230697, -3.297979905876014417, 9.999970988681933903 ) ) ;
#4206 = EDGE_LOOP ( 'NONE', ( #2178, #4197, #5193, #2113 ) ) ;
#4207 = CARTESIAN_POINT ( 'NONE',  ( -24.99418384547897176, -11.72957844485206635, 4.280872004806350439 ) ) ;
#4208 = CARTESIAN_POINT ( 'NONE',  ( -30.69918064213807085, 17.67584265712648417, 10.00000000000000888 ) ) ;
#4209 = CARTESIAN_POINT ( 'NONE',  ( 22.94308676889666643, 22.21641246486383636, 10.00004627345681918 ) ) ;
#4210 = CARTESIAN_POINT ( 'NONE',  ( 21.13341016836334418, 13.40454817287755063, 0.8679758920948186240 ) ) ;
#4211 = CARTESIAN_POINT ( 'NONE',  ( -27.22461139436452271, 17.30974862959610761, 10.88864567237161474 ) ) ;
#4212 = CARTESIAN_POINT ( 'NONE',  ( 9.375631149055889679, -23.16649087099679960, 0.6205521687513706475 ) ) ;
#4213 = DIRECTION ( 'NONE',  ( -0.0001384097893520106848, 0.9999999904213651147, 0.000000000000000000 ) ) ;
#4214 = CARTESIAN_POINT ( 'NONE',  ( 16.56326650285571844, 27.13988044107600572, 10.00000000000000178 ) ) ;
#4215 = CARTESIAN_POINT ( 'NONE',  ( 19.20151311007981931, -19.58360164813383619, -0.8889690687347078235 ) ) ;
#4216 = CARTESIAN_POINT ( 'NONE',  ( 11.12259729222650684, 26.58537914924492540, 7.239717230416760074 ) ) ;
#4217 = CARTESIAN_POINT ( 'NONE',  ( -22.83477786440835189, -22.36218191279990819, 9.999973859999363057 ) ) ;
#4218 = CARTESIAN_POINT ( 'NONE',  ( 19.98447026563713891, -18.98648466055569983, 4.264922533719414766 ) ) ;
#4219 = CARTESIAN_POINT ( 'NONE',  ( -9.044884322177797031, 25.99999525224170682, 5.444727814060950521 ) ) ;
#4220 = CARTESIAN_POINT ( 'NONE',  ( -13.41058458069428738, 31.39814414449049096, 23.01000000000000156 ) ) ;
#4221 = CARTESIAN_POINT ( 'NONE',  ( -23.02555459207811595, -21.16487554512439218, 9.254300164086282976 ) ) ;
#4222 = CARTESIAN_POINT ( 'NONE',  ( 23.44819287391525719, 22.73268086557249390, 10.94757440969076612 ) ) ;
#4223 = CARTESIAN_POINT ( 'NONE',  ( -26.81703822723303077, 8.572047418493982107, -0.000000000000000000 ) ) ;
#4224 = CARTESIAN_POINT ( 'NONE',  ( -28.74273675218012869, 12.94893087916799956, 9.296822329955562125 ) ) ;
#4225 = CARTESIAN_POINT ( 'NONE',  ( 33.75036447637984338, -12.53886656628249163, 23.01000000000000512 ) ) ;
#4226 = CARTESIAN_POINT ( 'NONE',  ( -14.03964778591904050, 31.39805707577075111, 10.00000000000000000 ) ) ;
#4227 = CARTESIAN_POINT ( 'NONE',  ( 22.56257326177367162, -10.85493010083025744, 0.9361689571065312521 ) ) ;
#4228 = CARTESIAN_POINT ( 'NONE',  ( 22.54201805642277634, 21.83489352739519873, 9.270669307046187413 ) ) ;
#4229 = CARTESIAN_POINT ( 'NONE',  ( -22.48627852995483067, -21.92330001555946595, 9.282257628768899593 ) ) ;
#4230 = CARTESIAN_POINT ( 'NONE',  ( 32.14112580906248695, 1.832597825237288314, 10.00000000000000178 ) ) ;
#4231 = FACE_OUTER_BOUND ( 'NONE', #3420, .T. ) ;
#4232 = CARTESIAN_POINT ( 'NONE',  ( -30.28186686656656335, 2.531395482785170792, 7.654507030151843416 ) ) ;
#4233 = CARTESIAN_POINT ( 'NONE',  ( -16.17110611915199314, -27.24576646244056732, 23.01000000000000156 ) ) ;
#4234 = CARTESIAN_POINT ( 'NONE',  ( 25.76920507726027054, -5.573458744504693030, 2.643314022140696107 ) ) ;
#4235 = CARTESIAN_POINT ( 'NONE',  ( 12.81311759428769292, 27.37875452232803752, 9.000082258188344397 ) ) ;
#4236 = CARTESIAN_POINT ( 'NONE',  ( -18.99526662244324271, 23.63190293460507263, 7.653568407006867247 ) ) ;
#4237 = CARTESIAN_POINT ( 'NONE',  ( -9.207280176814922612, -23.23175648100192348, 0.6034934437643565408 ) ) ;
#4238 = FACE_OUTER_BOUND ( 'NONE', #4012, .T. ) ;
#4239 = CARTESIAN_POINT ( 'NONE',  ( -32.23038500506186210, 0.5719436383841856042, 10.00002076991491862 ) ) ;
#4240 = ORIENTED_EDGE ( 'NONE', *, *, #4783, .F. ) ;
#4241 = CARTESIAN_POINT ( 'NONE',  ( -26.13408572849318290, -12.30765729744229198, 5.946062859838117554 ) ) ;
#4242 = CARTESIAN_POINT ( 'NONE',  ( -33.00320584981975713, 14.25874395410617623, 10.00000000000001066 ) ) ;
#4243 = CARTESIAN_POINT ( 'NONE',  ( 26.10603190279864805, 12.36100593664932212, 5.949265355815163581 ) ) ;
#4244 = CARTESIAN_POINT ( 'NONE',  ( -27.72892328940256235, 14.45036674669225363, 9.252451690969586195 ) ) ;
#4245 = CARTESIAN_POINT ( 'NONE',  ( 9.547633754538617623, -23.09842199060232559, 0.6381548456509676948 ) ) ;
#4246 = CARTESIAN_POINT ( 'NONE',  ( 9.415014472410947022, 28.12185581890073038, 10.00000000000000178 ) ) ;
#4247 = CARTESIAN_POINT ( 'NONE',  ( 17.81069465079231406, -30.59486582866711402, 23.01000000000000156 ) ) ;
#4248 = CARTESIAN_POINT ( 'NONE',  ( 23.41070562108080821, -27.55159601844702522, 9.999999999999998224 ) ) ;
#4249 = CARTESIAN_POINT ( 'NONE',  ( 10.13678453144136782, 25.82355470566608346, 5.541143560386768918 ) ) ;
#4250 = CARTESIAN_POINT ( 'NONE',  ( -18.75994327518841231, -26.03027387256739544, 10.00000006676929054 ) ) ;
#4251 = CARTESIAN_POINT ( 'NONE',  ( 27.73494970002042947, -15.42972401696921203, 9.999986962796366896 ) ) ;
#4252 = VERTEX_POINT ( 'NONE', #2092 ) ;
#4253 = CARTESIAN_POINT ( 'NONE',  ( 29.47868762149697375, 11.52172361359959041, 9.333641581565323975 ) ) ;
#4254 = CARTESIAN_POINT ( 'NONE',  ( 23.46331187081183955, -22.71361378977497480, 10.94739435842930320 ) ) ;
#4255 = CARTESIAN_POINT ( 'NONE',  ( -10.39650498852512328, 24.84465647175629499, 3.951422115250828426 ) ) ;
#4256 = CARTESIAN_POINT ( 'NONE',  ( 10.40205756684012961, 22.84522693655248915, 0.8681208089798585492 ) ) ;
#4257 = CARTESIAN_POINT ( 'NONE',  ( 25.15540512621896241, 10.87053048118637655, -0.8889690687347070464 ) ) ;
#4258 = CARTESIAN_POINT ( 'NONE',  ( -19.12750646893719519, -18.04579509837052242, 2.590956682279474954 ) ) ;
#4259 = PLANE ( 'NONE',  #2700 ) ;
#4260 = CARTESIAN_POINT ( 'NONE',  ( -26.14680029028887986, 8.357854364235933531, -0.8889690687347078235 ) ) ;
#4261 = CARTESIAN_POINT ( 'NONE',  ( -30.18334289958965755, 13.07089353703851664, 10.98012850803969087 ) ) ;
#4262 = CARTESIAN_POINT ( 'NONE',  ( -12.37371664204149724, -27.99717190409178613, 9.999790979897799303 ) ) ;
#4263 = CARTESIAN_POINT ( 'NONE',  ( 29.59281339354479101, -13.95999615969064855, 10.95471831701152077 ) ) ;
#4264 = CARTESIAN_POINT ( 'NONE',  ( 22.53346532611767472, 21.84689266684213749, 9.271144664665534663 ) ) ;
#4265 = CARTESIAN_POINT ( 'NONE',  ( -21.64866082104741807, -20.94085409555244226, 7.609970531352655776 ) ) ;
#4266 = CARTESIAN_POINT ( 'NONE',  ( 31.64521971936169109, 5.913906111747253114, 23.01000000000000156 ) ) ;
#4267 = CARTESIAN_POINT ( 'NONE',  ( 25.79577250900746321, 11.14788831023148319, 0.000000000000000000 ) ) ;
#4268 = CARTESIAN_POINT ( 'NONE',  ( -28.99892040668238735, 0.5439370208397081852, 5.983624785383731215 ) ) ;
#4269 = CARTESIAN_POINT ( 'NONE',  ( -35.58897170813880706, -6.670407155416690159, 10.00000000000000000 ) ) ;
#4270 = CARTESIAN_POINT ( 'NONE',  ( 25.36764117439323840, -7.233284176350428751, 2.643305939833714202 ) ) ;
#4271 = CARTESIAN_POINT ( 'NONE',  ( 11.71291529217363170, 25.56220685066964293, 5.684954145906260692 ) ) ;
#4272 = CARTESIAN_POINT ( 'NONE',  ( -18.26622743580833585, 24.19674341537537998, 7.649820489125051637 ) ) ;
#4273 = CARTESIAN_POINT ( 'NONE',  ( -13.58399145649111794, -28.29660781711779549, 10.68406507155774854 ) ) ;
#4274 = CARTESIAN_POINT ( 'NONE',  ( -17.13403372877134956, -26.87017780197366079, 23.01000000000000156 ) ) ;
#4275 = CARTESIAN_POINT ( 'NONE',  ( 17.21474292227623337, -27.60632182563402637, 10.92355031917058561 ) ) ;
#4276 = EDGE_LOOP ( 'NONE', ( #2516, #4545, #5858, #5470 ) ) ;
#4277 = CARTESIAN_POINT ( 'NONE',  ( -26.17961392981721502, -12.23284717856088832, 5.948773613487241541 ) ) ;
#4278 = CARTESIAN_POINT ( 'NONE',  ( -23.18306143596830537, 15.93113122454304431, 0.000000000000000000 ) ) ;
#4279 = CARTESIAN_POINT ( 'NONE',  ( 24.94842451134396910, 11.81480736040829527, 4.280914355899553492 ) ) ;
#4280 = CARTESIAN_POINT ( 'NONE',  ( -29.58576255269409927, 13.95692442896816132, 10.94471761705696089 ) ) ;
#4281 = CARTESIAN_POINT ( 'NONE',  ( -0.4841465386023644513, -24.95314098886852250, 0.05285428098637649091 ) ) ;
#4282 = CARTESIAN_POINT ( 'NONE',  ( 14.03488878602882828, 31.40194286664290502, 10.00000000000000000 ) ) ;
#4283 = CARTESIAN_POINT ( 'NONE',  ( 12.27058462553413598, 28.00197747385909608, 9.999780862866353814 ) ) ;
#4284 = CARTESIAN_POINT ( 'NONE',  ( 19.68625601530428071, -20.07630919853468399, 0.000000000000000000 ) ) ;
#4285 = CARTESIAN_POINT ( 'NONE',  ( 35.59333996457937133, -6.641131923241907486, 10.00000000000000000 ) ) ;
#4286 = CARTESIAN_POINT ( 'NONE',  ( 30.61162917280331186, 9.912951601245275413, 10.00000000010530776 ) ) ;
#4287 = CARTESIAN_POINT ( 'NONE',  ( 24.53550671456336829, 9.649826571521760599, 2.643253929346184972 ) ) ;
#4288 = CARTESIAN_POINT ( 'NONE',  ( 18.87546958868668767, -22.05699542527156254, 5.991256507069800286 ) ) ;
#4289 = CARTESIAN_POINT ( 'NONE',  ( -9.851092752211650705, 24.00938260675419400, 2.287530410948647841 ) ) ;
#4290 = CARTESIAN_POINT ( 'NONE',  ( 13.42193102737912014, 21.24623555976437927, 1.006972522549209215 ) ) ;
#4291 = CARTESIAN_POINT ( 'NONE',  ( 36.20803116567282842, 0.004850650748990971428, 10.00000000000001599 ) ) ;
#4292 = CARTESIAN_POINT ( 'NONE',  ( -24.73446436487314770, -20.87075693531168241, 10.90299212967846820 ) ) ;
#4293 = CARTESIAN_POINT ( 'NONE',  ( 18.17571174962104408, 17.21709021367673031, 0.9232795383370288045 ) ) ;
#4294 = CARTESIAN_POINT ( 'NONE',  ( -24.96182517926232691, 11.32275985100952909, -0.8889690687347073794 ) ) ;
#4295 = CARTESIAN_POINT ( 'NONE',  ( -30.40118764929482609, 12.67319127332278583, 10.99012626955485139 ) ) ;
#4296 = VECTOR ( 'NONE', #527, 1000.000000000000000 ) ;
#4297 = CARTESIAN_POINT ( 'NONE',  ( 11.38709510321186080, -28.03747360661445498, 9.999999995859861102 ) ) ;
#4298 = EDGE_CURVE ( 'NONE', #5303, #1374, #3466, .T. ) ;
#4299 = CARTESIAN_POINT ( 'NONE',  ( 22.10311858087071002, -14.14799542873817906, 2.536154814075235908 ) ) ;
#4300 = CARTESIAN_POINT ( 'NONE',  ( 19.00386388382500513, 18.18633771897191309, 2.596639536347340904 ) ) ;
#4301 = CARTESIAN_POINT ( 'NONE',  ( -23.34036384743998838, -22.88928092052621466, 10.95374915648726599 ) ) ;
#4302 = CARTESIAN_POINT ( 'NONE',  ( 30.45953800527539812, 10.38370429862427358, 10.00000000000000178 ) ) ;
#4303 = CARTESIAN_POINT ( 'NONE',  ( 33.00320584981823657, -14.25874395418094487, 9.999999999999991118 ) ) ;
#4304 = CARTESIAN_POINT ( 'NONE',  ( -23.34229426699977950, -9.073650444409864235, 0.9709373585318705757 ) ) ;
#4305 = CARTESIAN_POINT ( 'NONE',  ( 17.47527631811407645, 26.71330878976919720, 10.00000000000000000 ) ) ;
#4306 = CARTESIAN_POINT ( 'NONE',  ( 26.32839059466068932, -2.201100158634156756, 2.643362251037560284 ) ) ;
#4307 = CARTESIAN_POINT ( 'NONE',  ( 16.80504063396849546, 25.06173890916820568, 7.616066172810795898 ) ) ;
#4308 = CARTESIAN_POINT ( 'NONE',  ( -18.88018631558301763, 18.32570154408563923, 2.602357135188891224 ) ) ;
#4309 = CARTESIAN_POINT ( 'NONE',  ( -11.92868319840053815, -25.51860894053134032, 5.708278497594431400 ) ) ;
#4310 = FACE_OUTER_BOUND ( 'NONE', #514, .T. ) ;
#4311 = CARTESIAN_POINT ( 'NONE',  ( 16.71753431183983807, -23.64258837375290057, 5.969604360318260916 ) ) ;
#4312 = ORIENTED_EDGE ( 'NONE', *, *, #1355, .F. ) ;
#4313 = CARTESIAN_POINT ( 'NONE',  ( -22.60846572418381584, -10.76093474220199475, 0.9402543528088737057 ) ) ;
#4314 = ADVANCED_FACE ( 'NONE', ( #3086 ), #5107, .T. ) ;
#4315 = CARTESIAN_POINT ( 'NONE',  ( 26.07447320473365338, 12.41289665419084187, 5.947575794148729500 ) ) ;
#4316 = CARTESIAN_POINT ( 'NONE',  ( -25.73617147880565525, 12.95744670763960826, 5.925304843694613410 ) ) ;
#4317 = CARTESIAN_POINT ( 'NONE',  ( -2.489584020458120772, -26.59390149471800768, 5.081676965762511600 ) ) ;
#4318 = LINE ( 'NONE', #3225, #3982 ) ;
#4319 = CARTESIAN_POINT ( 'NONE',  ( -11.73933974415612980, 28.02266881012895894, 10.00000000094044061 ) ) ;
#4320 = CARTESIAN_POINT ( 'NONE',  ( 0.003909739572848084689, -28.24749035868082814, -0.1000000000000002415 ) ) ;
#4321 = CARTESIAN_POINT ( 'NONE',  ( 12.42339877096434897, 28.30163286828230440, 10.56222023481663541 ) ) ;
#4322 = DIRECTION ( 'NONE',  ( 0.000000000000000000, 0.000000000000000000, 1.000000000000000000 ) ) ;
#4323 = CARTESIAN_POINT ( 'NONE',  ( 31.48083862642531017, 6.655482390134814352, 9.999995358710947357 ) ) ;
#4324 = CARTESIAN_POINT ( 'NONE',  ( 27.03152035030630884, 10.52346768033720359, 5.988483677933515104 ) ) ;
#4325 = CARTESIAN_POINT ( 'NONE',  ( 19.75503431735435456, -19.26052634677964548, 4.275365254887444344 ) ) ;
#4326 = CARTESIAN_POINT ( 'NONE',  ( -3.302636309186512520, 26.55229393433312524, 5.102323007613120964 ) ) ;
#4327 = CARTESIAN_POINT ( 'NONE',  ( -35.28385384163424021, 7.165612750491740179, 23.01000000000000512 ) ) ;
#4328 = CARTESIAN_POINT ( 'NONE',  ( 24.82269191278393805, 11.63557648079682494, -0.8889690687347078235 ) ) ;
#4329 = CARTESIAN_POINT ( 'NONE',  ( -25.68341380990972667, -17.42002304665775370, 9.214190513465098320 ) ) ;
#4330 = CARTESIAN_POINT ( 'NONE',  ( -27.55555654973514379, -0.003828261618585417168, -0.8889690687347070464 ) ) ;
#4331 = CARTESIAN_POINT ( 'NONE',  ( -23.75457382013825480, 11.32980417555838670, 2.608037394752342752 ) ) ;
#4332 = CARTESIAN_POINT ( 'NONE',  ( -15.30726935165576208, -31.24948746138643685, 23.00999999999999801 ) ) ;
#4333 = CARTESIAN_POINT ( 'NONE',  ( 12.33880887904750345, -27.99590481760644778, 9.999999999987885246 ) ) ;
#4334 = CARTESIAN_POINT ( 'NONE',  ( 26.32586499466074770, -14.33755769493700072, 7.581321968755599272 ) ) ;
#4335 = CARTESIAN_POINT ( 'NONE',  ( 19.03425379502328951, 18.15186877097814744, 2.595236391992480129 ) ) ;
#4336 = CARTESIAN_POINT ( 'NONE',  ( 18.41385741822989885, 26.27430903004794871, 23.01000000000000156 ) ) ;
#4337 = CARTESIAN_POINT ( 'NONE',  ( 27.08274412942659737, -5.083350570127186607, -0.8889690687347070464 ) ) ;
#4338 = CARTESIAN_POINT ( 'NONE',  ( -30.92880640880850152, 6.688946162825943453, 9.325338787655237383 ) ) ;
#4339 = CARTESIAN_POINT ( 'NONE',  ( 16.59548979763936671, -31.09195699205987751, 10.00000000000000000 ) ) ;
#4340 = CARTESIAN_POINT ( 'NONE',  ( 29.46804510263108057, -11.54842700573178327, 9.333599264447864030 ) ) ;
#4341 = B_SPLINE_CURVE_WITH_KNOTS ( 'NONE', 3,
 ( #581, #641, #2118, #1631, #2583, #6506, #1133, #4613, #110, #3638, #5483, #1100, #461, #1070, #4142, #169, #673, #2679, #3607, #5200 ),
 .UNSPECIFIED., .F., .F.,
 ( 4, 2, 2, 2, 2, 2, 2, 2, 2, 4 ),
 ( 0.05693220048928886862, 0.05930066652509727310, 0.06166913256090567758, 0.06403759859671408206, 0.06640606463252249347, 0.06759029765042669224, 0.06877453066833089101, 0.07114299670413930243, 0.07351146273994771385, 0.07587992877575612527 ),
 .UNSPECIFIED. ) ;
#4342 = CARTESIAN_POINT ( 'NONE',  ( 9.818856651671175939, 22.98911843280481548, 0.6660444255028741267 ) ) ;
#4343 = CARTESIAN_POINT ( 'NONE',  ( -13.48812579291656100, 25.09255316407085701, 5.819626698048768532 ) ) ;
#4344 = CARTESIAN_POINT ( 'NONE',  ( -12.75923010256182977, -28.31383084142607132, 10.60469004963244011 ) ) ;
#4345 = CARTESIAN_POINT ( 'NONE',  ( -11.22838793569876259, -28.04739749996914711, 23.01000000000000156 ) ) ;
#4346 = CARTESIAN_POINT ( 'NONE',  ( 13.23647166526443009, -26.30163839966758133, 7.431776685193085541 ) ) ;
#4347 = ORIENTED_EDGE ( 'NONE', *, *, #6246, .F. ) ;
#4348 = CARTESIAN_POINT ( 'NONE',  ( -23.78726103120818181, -11.26868630406603522, 2.610603913904690376 ) ) ;
#4349 = CARTESIAN_POINT ( 'NONE',  ( 23.65535259045241290, 11.51874170911600181, 2.602813335473432854 ) ) ;
#4350 = CARTESIAN_POINT ( 'NONE',  ( -20.68922529503885599, 18.11772564718272349, 4.234014281813696101 ) ) ;
#4351 = CARTESIAN_POINT ( 'NONE',  ( 8.625261183293211786, -25.25236015280753676, 3.787073813204715034 ) ) ;
#4352 = CARTESIAN_POINT ( 'NONE',  ( 15.54089655581146978, 27.46029669960844188, 23.01000000000000156 ) ) ;
#4353 = CARTESIAN_POINT ( 'NONE',  ( 6.009109554827841038, 28.19221228781821864, 9.999880713773347196 ) ) ;
#4354 = CARTESIAN_POINT ( 'NONE',  ( -11.52425000218260109, -25.64857664256984293, 0.000000000000000000 ) ) ;
#4355 = CARTESIAN_POINT ( 'NONE',  ( 10.94641429724597614, 25.69630527740402925, 5.611127235107399081 ) ) ;
#4356 = CARTESIAN_POINT ( 'NONE',  ( 35.58897170822368139, 6.670407155040747327, 10.00000000000000000 ) ) ;
#4357 = CARTESIAN_POINT ( 'NONE',  ( 31.74863512401405430, -5.232779320938673706, 10.00000000260033417 ) ) ;
#4358 = CARTESIAN_POINT ( 'NONE',  ( 24.54507841236928556, 9.625580032547325970, 2.643287203913554428 ) ) ;
#4359 = CARTESIAN_POINT ( 'NONE',  ( 19.39816317933727419, -19.66669315302234011, 4.289288646872090105 ) ) ;
#4360 = CARTESIAN_POINT ( 'NONE',  ( -5.220548659948254233, 26.39527221740879526, 5.199920231718191843 ) ) ;
#4361 = CARTESIAN_POINT ( 'NONE',  ( -34.91133565179185183, 8.801060492497596144, 23.01000000000000156 ) ) ;
#4362 = CARTESIAN_POINT ( 'NONE',  ( 26.74164326010319925, -8.547952873348915404, -0.1000000000000000194 ) ) ;
#4363 = CARTESIAN_POINT ( 'NONE',  ( -25.26705189134361262, -15.90426262962829362, 7.551122705361046350 ) ) ;
#4364 = CARTESIAN_POINT ( 'NONE',  ( 23.52494813584115718, 22.62229275919987259, 10.94517228554508392 ) ) ;
#4365 = CARTESIAN_POINT ( 'NONE',  ( -26.04794254615200444, -10.33006578051489832, -0.1000000000000000056 ) ) ;
#4366 = CARTESIAN_POINT ( 'NONE',  ( -24.91599461332325305, 11.86560598728212312, 4.275651595032176289 ) ) ;
#4367 = CARTESIAN_POINT ( 'NONE',  ( 11.08683494914546230, -28.04960151359518861, 9.999999896636500907 ) ) ;
#4368 = CARTESIAN_POINT ( 'NONE',  ( 25.93303035685451263, -19.16650708344287324, 10.89613380715289281 ) ) ;
#4369 = CARTESIAN_POINT ( 'NONE',  ( 24.77859036076026200, -19.69317346546952407, 23.01000000000000156 ) ) ;
#4370 = CARTESIAN_POINT ( 'NONE',  ( 15.30726935162972602, 31.24948746139977374, 23.01000000000000512 ) ) ;
#4371 = CARTESIAN_POINT ( 'NONE',  ( 26.04794254618645510, 10.33006578042868284, -0.1000000000000000056 ) ) ;
#4372 = CARTESIAN_POINT ( 'NONE',  ( -29.62994324631194587, 11.10841141246375230, 9.325336976782606868 ) ) ;
#4373 = CARTESIAN_POINT ( 'NONE',  ( 15.00002604033205778, 23.80201526295275372, -3.849241492215588184E-05 ) ) ;
#4374 = CARTESIAN_POINT ( 'NONE',  ( 24.64963324201327310, -9.355248431594201719, 2.643312404116236358 ) ) ;
#4375 = CARTESIAN_POINT ( 'NONE',  ( 18.74497330929693462, 20.34745301791092942, 4.303760422855346768 ) ) ;
#4376 = CARTESIAN_POINT ( 'NONE',  ( -12.86538933906299320, 24.10712055491145023, 4.154559470770789353 ) ) ;
#4377 = CARTESIAN_POINT ( 'NONE',  ( -9.525499816782224016, -23.10753347022931337, 0.6366219895426159514 ) ) ;
#4378 = CARTESIAN_POINT ( 'NONE',  ( 8.828577433655860673, -28.12826004118236511, 10.00000000000000178 ) ) ;
#4379 = CARTESIAN_POINT ( 'NONE',  ( 12.23253324107606588, -23.13273630965878880, 2.488015008794385530 ) ) ;
#4380 = ORIENTED_EDGE ( 'NONE', *, *, #1287, .T. ) ;
#4381 = CARTESIAN_POINT ( 'NONE',  ( -25.61273595028672645, -10.49436556237749585, 4.310700141958476728 ) ) ;
#4382 = EDGE_CURVE ( 'NONE', #3048, #6024, #4642, .T. ) ;
#4383 = CARTESIAN_POINT ( 'NONE',  ( 27.04873109589503244, 13.23479839356448196, 7.608348628064448782 ) ) ;
#4384 = CARTESIAN_POINT ( 'NONE',  ( -23.51871562906300284, 22.62066711963496246, 10.93539955898441463 ) ) ;
#4385 = CARTESIAN_POINT ( 'NONE',  ( 9.466976172741008000, -26.75202946408080962, 7.112135525011126447 ) ) ;
#4386 = CARTESIAN_POINT ( 'NONE',  ( -22.24720417293379882, 23.10709088691792701, 23.01000000000000156 ) ) ;
#4387 = CARTESIAN_POINT ( 'NONE',  ( -5.943181199914596924, 28.19217292901389627, 9.999889056231086926 ) ) ;
#4388 = CARTESIAN_POINT ( 'NONE',  ( 11.06765891648461952, 25.67773734803876806, 5.623516076865664459 ) ) ;
#4389 = CARTESIAN_POINT ( 'NONE',  ( -31.64028367071279746, 5.945540057600918971, 23.01000000000000156 ) ) ;
#4390 = CARTESIAN_POINT ( 'NONE',  ( 30.15188475316293548, 11.23446012043213216, 10.00000000816381807 ) ) ;
#4391 = CARTESIAN_POINT ( 'NONE',  ( 29.46851985432198973, 11.54750066091212624, 9.333621064605752693 ) ) ;
#4392 = CARTESIAN_POINT ( 'NONE',  ( 19.54275494024070170, -19.50584988322815505, 4.284148633554780261 ) ) ;
#4393 = CARTESIAN_POINT ( 'NONE',  ( -25.13766487026445162, 25.62085057631064444, 23.01000000000000156 ) ) ;
#4394 = DIRECTION ( 'NONE',  ( 0.000000000000000000, 0.000000000000000000, 1.000000000000000000 ) ) ;
#4395 = CARTESIAN_POINT ( 'NONE',  ( -19.24049662115951875, -16.01205627823674504, 0.8810732697951756398 ) ) ;
#4396 = CARTESIAN_POINT ( 'NONE',  ( 18.22710907762931143, 17.16204215146014533, 0.9208515673208024221 ) ) ;
#4397 = CARTESIAN_POINT ( 'NONE',  ( -0.003909739586313563421, 28.24749035868016378, -0.1000000000000001305 ) ) ;
#4398 = CARTESIAN_POINT ( 'NONE',  ( -28.54370534953057259, 13.24706911888651106, 9.282863496209852627 ) ) ;
#4399 = CARTESIAN_POINT ( 'NONE',  ( 34.35707658684996346, 10.98181457999547561, 23.01000000000000156 ) ) ;
#4400 = CARTESIAN_POINT ( 'NONE',  ( 10.55095509703739864, -28.07005902706224987, 9.999996686965024750 ) ) ;
#4401 = EDGE_CURVE ( 'NONE', #450, #4165, #4341, .T. ) ;
#4402 = CARTESIAN_POINT ( 'NONE',  ( 27.20276524906723736, -12.99425844845996458, 7.615056087320669853 ) ) ;
#4403 = CARTESIAN_POINT ( 'NONE',  ( 14.32726819448656919, -27.75937468816529829, 23.01000000000000156 ) ) ;
#4404 = CARTESIAN_POINT ( 'NONE',  ( 18.76543397168562421, 16.68826829431082359, 0.9903707773353533916 ) ) ;
#4405 = AXIS2_PLACEMENT_3D ( 'NONE', #1396, #367, #5884 ) ;
#4406 = CARTESIAN_POINT ( 'NONE',  ( 18.41385741822989885, 26.27430903004794871, 10.00000000000000178 ) ) ;
#4407 = CARTESIAN_POINT ( 'NONE',  ( -18.19432821609123963, 21.37738064540113214, -0.1000000000000001305 ) ) ;
#4408 = CARTESIAN_POINT ( 'NONE',  ( 33.46876691119656755, -13.26234307098842358, 9.999999999999998224 ) ) ;
#4409 = CARTESIAN_POINT ( 'NONE',  ( -28.74554019031356233, 4.295676798853822476, 5.983592188392390376 ) ) ;
#4410 = CARTESIAN_POINT ( 'NONE',  ( 32.30473228386926365, 15.38506250035595890, 10.00000000000000000 ) ) ;
#4411 = CARTESIAN_POINT ( 'NONE',  ( 24.54434693209093510, -9.627347924606311835, 2.643270843835916484 ) ) ;
#4412 = CARTESIAN_POINT ( 'NONE',  ( 20.48149213596429874, 22.31138327118845055, 7.644695557617441573 ) ) ;
#4413 = CARTESIAN_POINT ( 'NONE',  ( -12.32362556476940441, 21.79637495513920342, 0.8634612300133430729 ) ) ;
#4414 = CARTESIAN_POINT ( 'NONE',  ( -15.15941887651375453, -19.95020386770585219, 0.9679062622192705634 ) ) ;
#4415 = CARTESIAN_POINT ( 'NONE',  ( 12.83569138617298044, -27.97270840610320874, 10.00000000000000178 ) ) ;
#4416 = ORIENTED_EDGE ( 'NONE', *, *, #3140, .T. ) ;
#4417 = CARTESIAN_POINT ( 'NONE',  ( -25.57003111231076886, -10.59055808344787053, 4.309578284847435548 ) ) ;
#4418 = CARTESIAN_POINT ( 'NONE',  ( -29.11035721341098537, -13.38177910072013077, 10.00003388288288519 ) ) ;
#4419 = CARTESIAN_POINT ( 'NONE',  ( 22.78677011982410150, 10.38477355803892621, 0.9528785332461979785 ) ) ;
#4420 = CARTESIAN_POINT ( 'NONE',  ( -25.27952447046787654, 20.08971753046427011, 10.89237955110072420 ) ) ;
#4421 = CARTESIAN_POINT ( 'NONE',  ( 3.303052334580352412, -26.55396697408559703, 5.107226115788308540 ) ) ;
#4422 = CARTESIAN_POINT ( 'NONE',  ( -24.71926311901469475, 19.77741230903248493, 10.00000000000000178 ) ) ;
#4423 = CARTESIAN_POINT ( 'NONE',  ( -5.460861844626292871, 28.20003087054388757, 9.999806824264448224 ) ) ;
#4424 = CARTESIAN_POINT ( 'NONE',  ( 10.08285793966964761, 23.93919992567477095, 2.311496790336738716 ) ) ;
#4425 = CARTESIAN_POINT ( 'NONE',  ( -30.58810108439095643, 10.04059723192108855, 23.01000000000000156 ) ) ;
#4426 = CARTESIAN_POINT ( 'NONE',  ( 31.79560705956360067, 4.960053020326951057, 9.999977771870307564 ) ) ;
#4427 = CARTESIAN_POINT ( 'NONE',  ( 27.72598943263385252, 8.731614210883055449, 5.988482565315985440 ) ) ;
#4428 = CARTESIAN_POINT ( 'NONE',  ( 17.80166697144326449, -17.60859767814594434, 0.9393778373141752347 ) ) ;
#4429 = DIRECTION ( 'NONE',  ( 1.000000000000000000, 0.000000000000000000, 0.000000000000000000 ) ) ;
#4430 = LINE ( 'NONE', #1845, #822 ) ;
#4431 = CARTESIAN_POINT ( 'NONE',  ( -19.88641324904264351, -19.10351264076284394, 4.269087519326676627 ) ) ;
#4432 = CARTESIAN_POINT ( 'NONE',  ( -25.05839741320598435, -20.40623877259844576, 10.89726934665186953 ) ) ;
#4433 = CARTESIAN_POINT ( 'NONE',  ( 20.81949595348352844, 19.95654022424251650, 5.937177238390971112 ) ) ;
#4434 = CARTESIAN_POINT ( 'NONE',  ( -11.50656944426466133, 25.58785876106734847, -0.1000000000000000056 ) ) ;
#4435 = CARTESIAN_POINT ( 'NONE',  ( -22.64156456465715905, 10.69253394808093738, 0.9426355574702444118 ) ) ;
#4436 = CARTESIAN_POINT ( 'NONE',  ( 8.608533036277036032, -28.13245840127164854, 9.999974116806724211 ) ) ;
#4437 = CARTESIAN_POINT ( 'NONE',  ( 24.58916054730508804, -12.43841664329668184, 4.259451308131519731 ) ) ;
#4438 = CARTESIAN_POINT ( 'NONE',  ( 28.90450290444806924, -13.69016503350068525, 23.01000000000000156 ) ) ;
#4439 = CARTESIAN_POINT ( 'NONE',  ( 32.30898993229988747, -15.37611932925373637, 15.00000000000000000 ) ) ;
#4440 = CARTESIAN_POINT ( 'NONE',  ( 13.06716708028898388, 24.22465922898557977, -0.8889690687347093778 ) ) ;
#4441 = CARTESIAN_POINT ( 'NONE',  ( -5.386809432050227109, -27.41863314615242331, -0.8889690687347061582 ) ) ;
#4442 = CARTESIAN_POINT ( 'NONE',  ( -23.44997723332655681, 8.791586366262318819, 0.9709370399638967974 ) ) ;
#4443 = CARTESIAN_POINT ( 'NONE',  ( -15.36651785112951174, 23.53655694374645435, 1.806831408129382728E-05 ) ) ;
#4444 = CARTESIAN_POINT ( 'NONE',  ( 23.44982147554154750, -8.791528329644808792, 0.9707266366078782793 ) ) ;
#4445 = CARTESIAN_POINT ( 'NONE',  ( 19.34280501981825395, 19.72295465385124658, 4.287688960057784548 ) ) ;
#4446 = CARTESIAN_POINT ( 'NONE',  ( -11.05929013873749689, 23.60579716019436347, 2.399278414466825549 ) ) ;
#4447 = CARTESIAN_POINT ( 'NONE',  ( -15.79752216518021157, -19.45017338022752540, 0.9738537682526807737 ) ) ;
#4448 = CARTESIAN_POINT ( 'NONE',  ( 13.33421967244389705, -27.92026874811094217, 10.00000000000000178 ) ) ;
#4449 = CARTESIAN_POINT ( 'NONE',  ( 10.25838664705070258, -23.88358901174510152, 2.329315982061060275 ) ) ;
#4450 = ORIENTED_EDGE ( 'NONE', *, *, #1489, .F. ) ;
#4451 = CARTESIAN_POINT ( 'NONE',  ( -28.82001169574127530, -12.83313085256147268, 9.302277515342353809 ) ) ;
#4452 = CARTESIAN_POINT ( 'NONE',  ( -23.03665019269054426, -22.08868820069329431, 9.999999999957116970 ) ) ;
#4453 = CARTESIAN_POINT ( 'NONE',  ( 28.93680955530619769, 12.64389163548474926, 9.316535162052492325 ) ) ;
#4454 = CARTESIAN_POINT ( 'NONE',  ( -20.97135194314336459, 17.75532158192967458, 4.225960693268395296 ) ) ;
#4455 = CARTESIAN_POINT ( 'NONE',  ( -7.860973220717241361, -23.70576685686446439, 0.4665023758891630457 ) ) ;
#4456 = CARTESIAN_POINT ( 'NONE',  ( -20.79514700505277602, 24.60182717668899599, 23.01000000000000156 ) ) ;
#4457 = CARTESIAN_POINT ( 'NONE',  ( -11.64538165736853337, 28.02668334021222662, 9.999999739162067414 ) ) ;
#4458 = CARTESIAN_POINT ( 'NONE',  ( -8.927426598749930164, -26.70350010354657044, -0.000000000000000000 ) ) ;
#4459 = CARTESIAN_POINT ( 'NONE',  ( 11.43468722108664259, 26.55465888267490016, 7.264675636773787026 ) ) ;
#4460 = CARTESIAN_POINT ( 'NONE',  ( -29.51340504216711480, 12.70483358608612612, 23.01000000000000156 ) ) ;
#4461 = CARTESIAN_POINT ( 'NONE',  ( 29.20940823785226570, 13.22713061590570227, 9.999997661333548393 ) ) ;
#4462 = CARTESIAN_POINT ( 'NONE',  ( 28.26840974146346497, 10.98853341848617582, 7.661069250773826944 ) ) ;
#4463 = CARTESIAN_POINT ( 'NONE',  ( 21.53888147878017278, 19.03357093792141796, 5.910804101987017667 ) ) ;
#4464 = CARTESIAN_POINT ( 'NONE',  ( -28.10000000000000853, -8.085188673624156552E-12, -4.966663941230457953E-05 ) ) ;
#4465 = CARTESIAN_POINT ( 'NONE',  ( 25.13283534890510040, 25.62457611023447157, 10.00000000000000000 ) ) ;
#4466 = CARTESIAN_POINT ( 'NONE',  ( -19.82563873558650869, -19.17604495241629436, 4.271920324474814734 ) ) ;
#4467 = CARTESIAN_POINT ( 'NONE',  ( 19.11055009494977597, 18.06685718312297695, 2.593256624145134470 ) ) ;
#4468 = CARTESIAN_POINT ( 'NONE',  ( -8.786553704735199588, 26.28343412644132471, -0.8889690687347079345 ) ) ;
#4469 = CARTESIAN_POINT ( 'NONE',  ( 22.25556016374887847, -23.08813434495469963, 9.999991785163762970 ) ) ;
#4470 = CARTESIAN_POINT ( 'NONE',  ( 21.29724957502314808, -19.34998097450292676, 5.918591310910904291 ) ) ;
#4471 = CARTESIAN_POINT ( 'NONE',  ( -12.23071208380745567, -28.00604239417924290, 23.01000000000000156 ) ) ;
#4472 = CARTESIAN_POINT ( 'NONE',  ( 24.49474888336485989, 5.493302113048389224, 1.041988831325199705 ) ) ;
#4473 = CARTESIAN_POINT ( 'NONE',  ( 22.81598338545651217, 27.86227468148994291, 23.00999999999999091 ) ) ;
#4474 = CARTESIAN_POINT ( 'NONE',  ( 18.24004021924915619, 21.44356151195487570, 0.000000000000000000 ) ) ;
#4475 = CARTESIAN_POINT ( 'NONE',  ( 10.60264475410246021, -31.39853279103613914, 9.999999999999998224 ) ) ;
#4476 = CARTESIAN_POINT ( 'NONE',  ( -26.63658650102291148, 7.595020401994170278, 4.312690744386347141 ) ) ;
#4477 = CARTESIAN_POINT ( 'NONE',  ( -32.30473228389467977, -15.38506250034376777, 23.01000000000000156 ) ) ;
#4478 = CARTESIAN_POINT ( 'NONE',  ( 23.31314611311996998, -9.147798334497878159, 0.9706841304194882003 ) ) ;
#4479 = CARTESIAN_POINT ( 'NONE',  ( 16.77600718714887407, 22.02993263807601210, 4.310061405235898313 ) ) ;
#4480 = CARTESIAN_POINT ( 'NONE',  ( -11.25361686919129056, 25.64461017519559149, 5.641076059820903765 ) ) ;
#4481 = CARTESIAN_POINT ( 'NONE',  ( -11.71374391195829112, -22.12299531040226697, 0.8249100635040490515 ) ) ;
#4482 = CARTESIAN_POINT ( 'NONE',  ( -11.97995047455987638, -28.01531176859780814, 10.00000000000000178 ) ) ;
#4483 = CARTESIAN_POINT ( 'NONE',  ( 12.35178590995672288, -26.45298219887586910, 7.358239053852742018 ) ) ;
#4484 = ORIENTED_EDGE ( 'NONE', *, *, #6141, .T. ) ;
#4485 = CARTESIAN_POINT ( 'NONE',  ( -23.15940592492332684, -9.530479253259912298, 0.9689819354062738643 ) ) ;
#4486 = CARTESIAN_POINT ( 'NONE',  ( -22.94778622083006070, -22.20924326470954568, 9.999446777982658574 ) ) ;
#4487 = CARTESIAN_POINT ( 'NONE',  ( 26.19703301787022198, 12.21147727654186532, 5.954651166988319311 ) ) ;
#4488 = CARTESIAN_POINT ( 'NONE',  ( -21.87821054197480564, 20.62953348845017132, 7.594470780167569934 ) ) ;
#4489 = CARTESIAN_POINT ( 'NONE',  ( -10.09548666504815273, -24.91576536018816057, 3.926888772430443986 ) ) ;
#4490 = CARTESIAN_POINT ( 'NONE',  ( -8.146051296787636176, 28.14680658293227111, 23.01000000000000156 ) ) ;
#4491 = CARTESIAN_POINT ( 'NONE',  ( -17.93768917167164645, 26.52854475403206180, 9.999926382154169957 ) ) ;
#4492 = CARTESIAN_POINT ( 'NONE',  ( -15.50942208453543536, -22.65908731231519724, -0.8889690687347093778 ) ) ;
#4493 = CARTESIAN_POINT ( 'NONE',  ( -2.981190464993240585, 28.23449640052013265, 23.01000000000000156 ) ) ;
#4494 = CARTESIAN_POINT ( 'NONE',  ( 30.73154494991675989, 11.94600499519026648, 11.00624039858059611 ) ) ;
#4495 = CARTESIAN_POINT ( 'NONE',  ( 23.68697836520253830, 22.38903889690638849, 10.94006490033613765 ) ) ;
#4496 = SURFACE_STYLE_FILL_AREA ( #1453 ) ;
#4497 = CARTESIAN_POINT ( 'NONE',  ( 6.943386326724175106, -24.15267231528680369, 0.6560568037848255596 ) ) ;
#4498 = CARTESIAN_POINT ( 'NONE',  ( -20.77830988226921249, -20.00866552117231834, 5.938995266366565495 ) ) ;
#4499 = CARTESIAN_POINT ( 'NONE',  ( 22.56983249830672023, 21.80687645099148142, 9.277959093954008196 ) ) ;
#4500 = CARTESIAN_POINT ( 'NONE',  ( 24.00497556378188335, -20.75842169413912686, 9.999974045829747027 ) ) ;
#4501 = CARTESIAN_POINT ( 'NONE',  ( 23.54429993897852214, -22.59692080734797415, 10.94475153857512417 ) ) ;
#4502 = CARTESIAN_POINT ( 'NONE',  ( 19.31088314034094466, 25.72592742698246582, 23.01000000000000156 ) ) ;
#4503 = CARTESIAN_POINT ( 'NONE',  ( -20.82634130797213601, -19.94193949324690607, 5.931889285751520191 ) ) ;
#4504 = CARTESIAN_POINT ( 'NONE',  ( -13.07390124294497191, 24.22105672615413852, -0.8889690687347078235 ) ) ;
#4505 = CARTESIAN_POINT ( 'NONE',  ( 19.63172735707836480, -20.02088459854245528, -0.1000000000000000056 ) ) ;
#4506 = CARTESIAN_POINT ( 'NONE',  ( -23.37827232824694335, 8.981108769917574008, 0.9709373527968720996 ) ) ;
#4507 = DIRECTION ( 'NONE',  ( -0.000000000000000000, -0.000000000000000000, -1.000000000000000000 ) ) ;
#4508 = ADVANCED_FACE ( 'NONE', ( #82 ), #3668, .T. ) ;
#4509 = CARTESIAN_POINT ( 'NONE',  ( 25.33776768421254744, -11.09338913638210222, 4.304297522443531143 ) ) ;
#4510 = PRESENTATION_LAYER_ASSIGNMENT (  '', '', ( #1225 ) ) ;
#4511 = CARTESIAN_POINT ( 'NONE',  ( 19.61323272263061668, 21.32941814454969176, 5.974227990236394170 ) ) ;
#4512 = CARTESIAN_POINT ( 'NONE',  ( -12.66593129775066018, 28.30291262402529640, 10.58441016254018940 ) ) ;
#4513 = CARTESIAN_POINT ( 'NONE',  ( -14.49580524654187741, -20.41774479793593144, 0.9510779011122948434 ) ) ;
#4514 = CARTESIAN_POINT ( 'NONE',  ( 25.93895155344650050, -18.04916707666907527, 23.01000000000000156 ) ) ;
#4515 = CARTESIAN_POINT ( 'NONE',  ( 10.86137440475012106, -23.67969709043950033, 2.384287614657343735 ) ) ;
#4516 = VERTEX_POINT ( 'NONE', #4112 ) ;
#4517 = CARTESIAN_POINT ( 'NONE',  ( -27.82686993201123826, -11.95458196538243278, 7.644260130155138278 ) ) ;
#4518 = CARTESIAN_POINT ( 'NONE',  ( -22.95840500931973338, -22.19502209601285259, 9.999650788417646652 ) ) ;
#4519 = AXIS2_PLACEMENT_3D ( 'NONE', #5384, #3959, #5976 ) ;
#4520 = CARTESIAN_POINT ( 'NONE',  ( 27.39107180826525223, 12.70392046286137244, 7.624781176755202949 ) ) ;
#4521 = CARTESIAN_POINT ( 'NONE',  ( -22.53345498670369551, 21.84913586953370768, 9.271478813513150286 ) ) ;
#4522 = CARTESIAN_POINT ( 'NONE',  ( -7.069496788963532730, -23.96078834609657093, 0.3896710984773640307 ) ) ;
#4523 = CARTESIAN_POINT ( 'NONE',  ( -27.67566562548194398, 15.52027910068270522, 10.00000000000000178 ) ) ;
#4524 = CARTESIAN_POINT ( 'NONE',  ( -26.87522279289398597, 16.68564826343036955, 9.999992104606537424 ) ) ;
#4525 = CARTESIAN_POINT ( 'NONE',  ( -21.34880727711699322, -17.31078032000809586, -0.8889690687347088227 ) ) ;
#4526 = EDGE_CURVE ( 'NONE', #4165, #2748, #3614, .T. ) ;
#4527 = CARTESIAN_POINT ( 'NONE',  ( 24.94204975240193534, 2.776371437575063439, 0.9707046636609311108 ) ) ;
#4528 = CARTESIAN_POINT ( 'NONE',  ( 20.49405992569605317, 18.36276245148705399, 4.244334994752272827 ) ) ;
#4529 = DIRECTION ( 'NONE',  ( 1.000000000000000000, 0.000000000000000000, 0.000000000000000000 ) ) ;
#4530 = DIRECTION ( 'NONE',  ( -1.000000000000000000, 0.000000000000000000, 0.000000000000000000 ) ) ;
#4531 = CARTESIAN_POINT ( 'NONE',  ( 2.701965104045251476, 27.70816629710024515, 8.417735764743822457 ) ) ;
#4532 = CARTESIAN_POINT ( 'NONE',  ( 6.323755937354383683, 31.40087557044286726, 9.999999999999985789 ) ) ;
#4533 = CARTESIAN_POINT ( 'NONE',  ( 19.67223944491435716, -15.49039545434037457, 0.8679267653599997967 ) ) ;
#4534 = CARTESIAN_POINT ( 'NONE',  ( 30.33153851199816842, -10.75178716227627973, 23.01000000000000156 ) ) ;
#4535 = CARTESIAN_POINT ( 'NONE',  ( 17.49322349461391113, 26.70491441002925370, 9.999999999999994671 ) ) ;
#4536 = CARTESIAN_POINT ( 'NONE',  ( -22.58029701477663664, -21.78178460130477845, 9.269123436329374854 ) ) ;
#4537 = CARTESIAN_POINT ( 'NONE',  ( 0.004346060331902358576, -31.39999969922516954, 10.00000000000002309 ) ) ;
#4538 = CARTESIAN_POINT ( 'NONE',  ( -27.07490263570308642, 10.40120280985593126, 5.983577314946490588 ) ) ;
#4539 = CARTESIAN_POINT ( 'NONE',  ( -5.079629887621655016, 27.67218473585507965, -0.0005939386368300398917 ) ) ;
#4540 = CARTESIAN_POINT ( 'NONE',  ( 29.41575872845374562, -11.67679238823765431, 9.333222516618935316 ) ) ;
#4541 = CARTESIAN_POINT ( 'NONE',  ( 18.89880199419447848, 18.30429815760207646, 2.601301323963317813 ) ) ;
#4542 = CARTESIAN_POINT ( 'NONE',  ( -12.12669568999278802, 27.41436694631534365, 8.932064121106627397 ) ) ;
#4543 = CARTESIAN_POINT ( 'NONE',  ( -16.42059525415136534, -27.82408193568650745, 10.88198617758864195 ) ) ;
#4544 = CARTESIAN_POINT ( 'NONE',  ( 29.43833335613877011, -12.84166104753064452, 23.01000000000000156 ) ) ;
#4545 = ORIENTED_EDGE ( 'NONE', *, *, #5845, .F. ) ;
#4546 = CARTESIAN_POINT ( 'NONE',  ( -28.24285222324212441, -11.03958028737740449, 7.654445222962307227 ) ) ;
#4547 = CARTESIAN_POINT ( 'NONE',  ( -4.233999538534809481, -28.21755347327360752, 10.00000002333907645 ) ) ;
#4548 = CARTESIAN_POINT ( 'NONE',  ( 22.59127791417836661, 10.79609444838405707, 0.9387123479302620366 ) ) ;
#4549 = CARTESIAN_POINT ( 'NONE',  ( -19.02887662135176683, 18.15843449398860798, 2.595720895059018485 ) ) ;
#4550 = CARTESIAN_POINT ( 'NONE',  ( -11.00989988132384667, -28.29493128747286690, 10.47951528096896823 ) ) ;
#4551 = CARTESIAN_POINT ( 'NONE',  ( -30.04666918845630263, 11.52009391159712770, 23.01000000000000156 ) ) ;
#4552 = CARTESIAN_POINT ( 'NONE',  ( -29.00095345829818783, 13.54920558727829061, 9.999999996363097665 ) ) ;
#4553 = CARTESIAN_POINT ( 'NONE',  ( -24.86076125964094885, -11.96327273907388111, 4.272496843163335889 ) ) ;
#4554 = CARTESIAN_POINT ( 'NONE',  ( -19.19609124976730286, -19.58891625292429239, -0.8889690687347078235 ) ) ;
#4555 = CARTESIAN_POINT ( 'NONE',  ( 27.26107783294953535, 4.833858343051945283, 4.315864627098515705 ) ) ;
#4556 = CARTESIAN_POINT ( 'NONE',  ( 20.20464310418139675, 18.71888584711618364, 4.255481143488954565 ) ) ;
#4557 = CARTESIAN_POINT ( 'NONE',  ( -25.13283534893130167, -25.62457611022113113, 23.01000000000000156 ) ) ;
#4558 = CARTESIAN_POINT ( 'NONE',  ( -19.03077358096780713, -18.15754622811907737, 2.596930926434462439 ) ) ;
#4559 = CARTESIAN_POINT ( 'NONE',  ( 25.34850783302256616, -10.40265330380021780, -0.8889690687347084896 ) ) ;
#4560 = CARTESIAN_POINT ( 'NONE',  ( 9.355574034289441343, 28.27960710612163808, 10.36789151014422572 ) ) ;
#4561 = CARTESIAN_POINT ( 'NONE',  ( -18.36168087317876640, -21.31712575527271269, 2.256446955639018553E-05 ) ) ;
#4562 = CARTESIAN_POINT ( 'NONE',  ( 24.63740821106284784, -21.02454847364469614, 10.91575712082555150 ) ) ;
#4563 = CARTESIAN_POINT ( 'NONE',  ( 30.29018155100435905, 10.86794242989774695, 23.01000000000000156 ) ) ;
#4564 = CARTESIAN_POINT ( 'NONE',  ( 17.80225935263588255, 26.55542905739871884, 9.999998863510938918 ) ) ;
#4565 = CARTESIAN_POINT ( 'NONE',  ( -19.09202382169649681, -18.08624686879512211, 2.592572352888809828 ) ) ;
#4566 = CARTESIAN_POINT ( 'NONE',  ( 25.13202910401239620, 25.62572720814098659, 10.00000000000000000 ) ) ;
#4567 = CARTESIAN_POINT ( 'NONE',  ( -18.18840975970055851, -21.38242053424988143, -0.09999999999999979738 ) ) ;
#4568 = CARTESIAN_POINT ( 'NONE',  ( -29.48132479987359744, 11.49709917041517926, 9.325337298118727247 ) ) ;
#4569 = CARTESIAN_POINT ( 'NONE',  ( -9.131548128720400115, 26.58420720033200979, 0.0002780187659948940267 ) ) ;
#4570 = CARTESIAN_POINT ( 'NONE',  ( 24.49615637579333338, -9.748396513540368957, 2.642987988781459130 ) ) ;
#4571 = CARTESIAN_POINT ( 'NONE',  ( 18.06994797958361687, 17.32944680927160519, 0.9282868489077461538 ) ) ;
#4572 = CARTESIAN_POINT ( 'NONE',  ( -13.42995685510969395, 28.29680286122402677, 10.66024043524821252 ) ) ;
#4573 = CARTESIAN_POINT ( 'NONE',  ( -21.35689544177692056, -23.29591492616703974, 9.323329933473415210 ) ) ;
#4574 = CARTESIAN_POINT ( 'NONE',  ( 22.06600673011415736, -23.31218541680462764, 23.01000000000000156 ) ) ;
#4575 = ORIENTED_EDGE ( 'NONE', *, *, #4090, .T. ) ;
#4576 = CARTESIAN_POINT ( 'NONE',  ( -23.33770014753223876, -9.085451331365776539, 0.9709373595944523760 ) ) ;
#4577 = CARTESIAN_POINT ( 'NONE',  ( -4.796771130181197940, -28.21066466947422313, 9.999936859368251163 ) ) ;
#4578 = CARTESIAN_POINT ( 'NONE',  ( 22.87186180150913728, 10.19575475430356448, 0.9574792358646685431 ) ) ;
#4579 = CARTESIAN_POINT ( 'NONE',  ( -21.70424932645633831, 20.86039154407564311, 7.601006074401309043 ) ) ;
#4580 = CARTESIAN_POINT ( 'NONE',  ( -6.896444573351778295, -27.61194306155298861, 8.599872071391549966 ) ) ;
#4581 = CARTESIAN_POINT ( 'NONE',  ( -30.04666918845630263, 11.52009391159712770, 10.00000000000000178 ) ) ;
#4582 = CARTESIAN_POINT ( 'NONE',  ( -22.85969780341177682, 22.33128273527852770, 9.999999492744841234 ) ) ;
#4583 = CARTESIAN_POINT ( 'NONE',  ( -26.07100294551863939, -12.41143500173602909, 5.942676528361467092 ) ) ;
#4584 = CARTESIAN_POINT ( 'NONE',  ( -25.99447193772078535, -10.67636337351837916, 0.000000000000000000 ) ) ;
#4585 = CARTESIAN_POINT ( 'NONE',  ( 29.27215803414183881, 13.12473316076817120, 9.999997243774904732 ) ) ;
#4586 = ADVANCED_FACE ( 'NONE', ( #3442 ), #2941, .T. ) ;
#4587 = CARTESIAN_POINT ( 'NONE',  ( 31.60664743127135523, -2.642079926867381801, 9.333704546937148905 ) ) ;
#4588 = CARTESIAN_POINT ( 'NONE',  ( 19.46237626889348249, 17.65936253011884105, 2.578152781106749725 ) ) ;
#4589 = CARTESIAN_POINT ( 'NONE',  ( -23.44392736977099290, -22.73896925241993117, 10.94782828015282483 ) ) ;
#4590 = CARTESIAN_POINT ( 'NONE',  ( 25.99742636791542694, -10.66916718629794048, 0.000000000000000000 ) ) ;
#4591 = CARTESIAN_POINT ( 'NONE',  ( 7.620246987445648656, 26.88605999476283870, 6.983955656349349006 ) ) ;
#4592 = CARTESIAN_POINT ( 'NONE',  ( 26.45690120570460735, -9.569032709385341562, 5.770089524124021610E-05 ) ) ;
#4593 = CARTESIAN_POINT ( 'NONE',  ( 22.93220644814107345, -22.23319927728688938, 9.999998370880788912 ) ) ;
#4594 = CARTESIAN_POINT ( 'NONE',  ( 22.08231665295244639, -16.29066026003941658, 4.205525358985638285 ) ) ;
#4595 = CARTESIAN_POINT ( 'NONE',  ( 32.30473228387626961, 15.38506250034595979, 10.00000000000000000 ) ) ;
#4596 = LINE ( 'NONE', #3499, #2283 ) ;
#4597 = CARTESIAN_POINT ( 'NONE',  ( -23.44286534860810534, -22.72722056590815498, 10.93757088193003923 ) ) ;
#4598 = CARTESIAN_POINT ( 'NONE',  ( -23.17865050107294067, -15.93754813587433539, 0.000000000000000000 ) ) ;
#4599 = CARTESIAN_POINT ( 'NONE',  ( -28.23236610994315399, 11.06596957719592034, 7.654406604535152425 ) ) ;
#4600 = CARTESIAN_POINT ( 'NONE',  ( 34.29651874301538328, -10.95554921686605354, 23.01000000000000156 ) ) ;
#4601 = EDGE_CURVE ( 'NONE', #2748, #1685, #3692, .T. ) ;
#4602 = CARTESIAN_POINT ( 'NONE',  ( 28.97922171066733910, -12.57371064696451590, 9.318965809445673543 ) ) ;
#4603 = CARTESIAN_POINT ( 'NONE',  ( 18.82819946142270240, 18.38234277700240682, 2.604237712690848916 ) ) ;
#4604 = CARTESIAN_POINT ( 'NONE',  ( -12.01737432170161668, 26.49255715407340617, 7.321011433592867768 ) ) ;
#4605 = CARTESIAN_POINT ( 'NONE',  ( -21.46139166379481011, -21.18513808927223607, 7.619112916271202351 ) ) ;
#4606 = CARTESIAN_POINT ( 'NONE',  ( 18.54205668038303401, -26.16715983015094693, 10.00000000000000178 ) ) ;
#4607 = CARTESIAN_POINT ( 'NONE',  ( 26.40303410372946047, 23.81107857231229019, 10.00000000000000178 ) ) ;
#4608 = CARTESIAN_POINT ( 'NONE',  ( -27.03322929814505571, -10.50839372869683608, 5.983577320682823775 ) ) ;
#4609 = CARTESIAN_POINT ( 'NONE',  ( -4.258438164004524573, -28.21727197819930311, 9.999999591029618884 ) ) ;
#4610 = CARTESIAN_POINT ( 'NONE',  ( 24.34646560498936552, 10.10679519002494153, 2.640343455770506331 ) ) ;
#4611 = CARTESIAN_POINT ( 'NONE',  ( -23.43773659646942775, 22.73732716650812336, 10.93806189165138143 ) ) ;
#4612 = CARTESIAN_POINT ( 'NONE',  ( -9.134630543657509705, -23.25947511334197060, 0.5958112874639764911 ) ) ;
#4613 = CARTESIAN_POINT ( 'NONE',  ( -23.87103721110804599, -7.797997340030807578, 1.042114397507807988 ) ) ;
#4614 = CARTESIAN_POINT ( 'NONE',  ( -29.74535966675813015, 12.24188434287500726, 10.00000000000000178 ) ) ;
#4615 = CARTESIAN_POINT ( 'NONE',  ( -30.32019354510392617, -10.77178539200156671, 9.999999583217890731 ) ) ;
#4616 = ORIENTED_EDGE ( 'NONE', *, *, #2629, .T. ) ;
#4617 = CARTESIAN_POINT ( 'NONE',  ( -26.10255250944189953, -12.35955037740633600, 5.944366257778094464 ) ) ;
#4618 = VECTOR ( 'NONE', #66, 1000.000000000000000 ) ;
#4619 = CARTESIAN_POINT ( 'NONE',  ( 20.69994409905046950, 14.08516063247127192, 0.8592999741580871209 ) ) ;
#4620 = CARTESIAN_POINT ( 'NONE',  ( 11.03985884604240475, -25.68265540073873154, 5.624618698631281610 ) ) ;
#4621 = CARTESIAN_POINT ( 'NONE',  ( -20.21789168901390354, -29.73091665216367474, 10.00000000000000000 ) ) ;
#4622 = DIRECTION ( 'NONE',  ( -0.000000000000000000, -0.000000000000000000, -1.000000000000000000 ) ) ;
#4623 = CARTESIAN_POINT ( 'NONE',  ( 4.979048004794041304, 28.26643913959231824, 10.15103568652232013 ) ) ;
#4624 = CARTESIAN_POINT ( 'NONE',  ( 20.21052999759998769, -19.53533479310251764, -3.880351564402695766E-06 ) ) ;
#4625 = CARTESIAN_POINT ( 'NONE',  ( 29.87982259854175027, -11.93115320867820550, 10.00000105141736917 ) ) ;
#4626 = CARTESIAN_POINT ( 'NONE',  ( 19.07377028529280949, -18.10914345993151287, 2.595171330200813919 ) ) ;
#4627 = CARTESIAN_POINT ( 'NONE',  ( 30.81063300178069753, -9.290227395021082302, 23.01000000000000156 ) ) ;
#4628 = CARTESIAN_POINT ( 'NONE',  ( -25.86390844456314753, -24.58080303617732909, 15.00000000000000000 ) ) ;
#4629 = CARTESIAN_POINT ( 'NONE',  ( -23.48923166016281883, -22.66060768374079260, 10.93615709741028219 ) ) ;
#4630 = CARTESIAN_POINT ( 'NONE',  ( -25.78272353520949167, 10.08189746893663852, 4.312686657628277409 ) ) ;
#4631 = CARTESIAN_POINT ( 'NONE',  ( 35.57206703429799433, 5.542268293181014549, 23.01000000000000867 ) ) ;
#4632 = CARTESIAN_POINT ( 'NONE',  ( 28.14375284096929519, -11.29398315761451954, 7.660086069754906468 ) ) ;
#4633 = CARTESIAN_POINT ( 'NONE',  ( -6.144841858543578894, 24.25136120255544725, 0.2963232516591569055 ) ) ;
#4634 = CARTESIAN_POINT ( 'NONE',  ( -17.60482944176403208, -17.80698288393352513, 0.9460456233427958495 ) ) ;
#4635 = CARTESIAN_POINT ( 'NONE',  ( 29.04615259246122250, -13.48284764605431718, 10.00000000000000178 ) ) ;
#4636 = VERTEX_POINT ( 'NONE', #5548 ) ;
#4637 = CARTESIAN_POINT ( 'NONE',  ( -29.47256604028432392, -11.51933579630572702, 9.325324057779342368 ) ) ;
#4638 = CARTESIAN_POINT ( 'NONE',  ( -11.93717361017777989, -28.01702903885507112, 9.999999989833820990 ) ) ;
#4639 = CARTESIAN_POINT ( 'NONE',  ( 22.95695348319417306, 10.00673595056820453, 0.9620799384831391077 ) ) ;
#4640 = CARTESIAN_POINT ( 'NONE',  ( -19.98279611560351654, 18.98472791501808388, 4.261723911827915323 ) ) ;
#4641 = CARTESIAN_POINT ( 'NONE',  ( -9.291931369180003841, -23.19918244473364410, 0.6124756803301778518 ) ) ;
#4642 = LINE ( 'NONE', #3575, #4932 ) ;
#4643 = CARTESIAN_POINT ( 'NONE',  ( -24.12951114211556103, -20.58772561536310164, 23.01000000000000156 ) ) ;
#4644 = CARTESIAN_POINT ( 'NONE',  ( -30.10986689120607807, -11.34646052960173002, 10.00000169403448425 ) ) ;
#4645 = VERTEX_POINT ( 'NONE', #5089 ) ;
#4646 = CARTESIAN_POINT ( 'NONE',  ( -26.03938800232607775, -12.46328580359910987, 5.941014290251298569 ) ) ;
#4647 = CARTESIAN_POINT ( 'NONE',  ( -27.69743296561065193, -5.206578909921024234, -0.1000000000000000611 ) ) ;
#4648 = CARTESIAN_POINT ( 'NONE',  ( 28.73841131193729126, 13.94125223351534082, 10.00001364238902113 ) ) ;
#4649 = CARTESIAN_POINT ( 'NONE',  ( 26.91863832808369850, 15.64864441845974241, 9.237511935645486005 ) ) ;
#4650 = CARTESIAN_POINT ( 'NONE',  ( 11.60427910605698365, -26.54032586507104341, 7.286884687929681803 ) ) ;
#4651 = CARTESIAN_POINT ( 'NONE',  ( 12.82380392200804842, 27.96701517084864008, 9.999999996454679518 ) ) ;
#4652 = CARTESIAN_POINT ( 'NONE',  ( 24.45910485167771142, -12.43906938590115274, -0.8889690687347078235 ) ) ;
#4653 = CARTESIAN_POINT ( 'NONE',  ( 6.331135026371746299, 26.29622869092083803, 5.262176487082780518 ) ) ;
#4654 = CARTESIAN_POINT ( 'NONE',  ( -33.54831973005867241, 13.05795708718668280, 10.00000000000000000 ) ) ;
#4655 = CARTESIAN_POINT ( 'NONE',  ( 30.08325902708742916, -11.41722256365996735, 10.00001851992087865 ) ) ;
#4656 = CARTESIAN_POINT ( 'NONE',  ( 19.92031204108242548, -19.06359163481112162, 4.267727628172430343 ) ) ;
#4657 = CARTESIAN_POINT ( 'NONE',  ( -23.15228058542126988, 9.714392089251356666, 1.041758000790416139 ) ) ;
#4658 = CARTESIAN_POINT ( 'NONE',  ( 21.40168435603611385, 23.99607923376311902, 9.999870226810090301 ) ) ;
#4659 = CARTESIAN_POINT ( 'NONE',  ( -23.56011389969816960, -22.55856913406956110, 10.93386691109423658 ) ) ;
#4660 = CARTESIAN_POINT ( 'NONE',  ( 28.10000000000000142, 1.772427064389382689, -5.052250280512608874E-05 ) ) ;
#4661 = CARTESIAN_POINT ( 'NONE',  ( -13.34953806076805449, -24.78677177566834544, 0.000000000000000000 ) ) ;
#4662 = CARTESIAN_POINT ( 'NONE',  ( -28.97319254904063612, 12.57123695412701458, 9.310654703898405771 ) ) ;
#4663 = CARTESIAN_POINT ( 'NONE',  ( 24.90403216433978528, -11.89144172471362459, 4.277982663707739164 ) ) ;
#4664 = CARTESIAN_POINT ( 'NONE',  ( -17.96338342411670297, -17.44074676979645488, 0.9326063122564219876 ) ) ;
#4665 = CARTESIAN_POINT ( 'NONE',  ( 30.29018155100435905, 10.86794242989774695, 23.01000000000000156 ) ) ;
#4666 = CARTESIAN_POINT ( 'NONE',  ( 20.87518456887997687, 18.82491954266499690, 0.000000000000000000 ) ) ;
#4667 = CARTESIAN_POINT ( 'NONE',  ( -25.79276008015671451, -10.05623759137910511, 4.312697335424882539 ) ) ;
#4668 = CARTESIAN_POINT ( 'NONE',  ( -23.18996124337733278, -21.87935639915935937, 23.01000000000000156 ) ) ;
#4669 = CARTESIAN_POINT ( 'NONE',  ( -17.34386087244291019, 21.57462827191908517, 4.311837366479536193 ) ) ;
#4670 = CARTESIAN_POINT ( 'NONE',  ( -9.231480990777011897, -23.22248201341535889, 0.6060571637839942127 ) ) ;
#4671 = CARTESIAN_POINT ( 'NONE',  ( -17.35861461784772075, -18.17292761988879590, 1.036399501984908600 ) ) ;
#4672 = PLANE ( 'NONE',  #1980 ) ;
#4673 = CARTESIAN_POINT ( 'NONE',  ( -32.13698702672756724, 2.513980938904520013, 10.00000299403119719 ) ) ;
#4674 = ORIENTED_EDGE ( 'NONE', *, *, #1061, .F. ) ;
#4675 = CARTESIAN_POINT ( 'NONE',  ( -24.88928915030247779, -11.91350729264842379, 4.274215464351997618 ) ) ;
#4676 = CARTESIAN_POINT ( 'NONE',  ( -20.88039487473237799, 18.81914016215377927, -0.000000000000000000 ) ) ;
#4677 = CARTESIAN_POINT ( 'NONE',  ( 28.89286434153460092, 13.70989900509288439, 10.00006900549668032 ) ) ;
#4678 = ADVANCED_FACE ( 'NONE', ( #1116 ), #2600, .F. ) ;
#4679 = CARTESIAN_POINT ( 'NONE',  ( 20.41731428388264646, 16.49061255622487110, 2.546603553254855878 ) ) ;
#4680 = CARTESIAN_POINT ( 'NONE',  ( -29.54492250647300366, 14.01474354385233845, 10.94329608059233827 ) ) ;
#4681 = CARTESIAN_POINT ( 'NONE',  ( 12.21455949940607155, -27.41573435637888423, 8.949079650940911179 ) ) ;
#4682 = CARTESIAN_POINT ( 'NONE',  ( 12.76522365860957997, -31.39823346896604406, 23.01000000000000156 ) ) ;
#4683 = CARTESIAN_POINT ( 'NONE',  ( 10.09447889492259343, 24.91419607724074581, 3.923700981286441625 ) ) ;
#4684 = CARTESIAN_POINT ( 'NONE',  ( -19.39935068928921424, -20.37779120009134104, 3.229861105998996895E-10 ) ) ;
#4685 = CARTESIAN_POINT ( 'NONE',  ( 18.20869721234767979, -17.18185642397714119, 0.9219414755646494486 ) ) ;
#4686 = CARTESIAN_POINT ( 'NONE',  ( 2.943493036116068495, 24.95840510188925876, 0.5094701972309204629 ) ) ;
#4687 = CARTESIAN_POINT ( 'NONE',  ( -18.51569309547407016, -16.84743055841830639, 0.9081100622861405514 ) ) ;
#4688 = CARTESIAN_POINT ( 'NONE',  ( -26.40303410375559778, -23.81107857229906344, 10.00000000000000000 ) ) ;
#4689 = CARTESIAN_POINT ( 'NONE',  ( -22.98644847234892197, 9.937389865552466617, 0.9631009485660758651 ) ) ;
#4690 = CARTESIAN_POINT ( 'NONE',  ( 33.94041317551018011, -12.01456702339047311, 23.01000000000000156 ) ) ;
#4691 = CARTESIAN_POINT ( 'NONE',  ( 28.52949536828981181, -13.27962165347436319, 9.290516708920552702 ) ) ;
#4692 = CARTESIAN_POINT ( 'NONE',  ( 19.84137741194462023, 19.15358233016899092, 4.267922973914414442 ) ) ;
#4693 = CARTESIAN_POINT ( 'NONE',  ( -22.71208931685567123, -23.71684732961473685, 10.98131543565311219 ) ) ;
#4694 = CARTESIAN_POINT ( 'NONE',  ( 30.45953800527539812, 10.38370429862427358, 23.01000000000000156 ) ) ;
#4695 = EDGE_CURVE ( 'NONE', #3354, #5404, #5058, .T. ) ;
#4696 = ORIENTED_EDGE ( 'NONE', *, *, #1767, .T. ) ;
#4697 = CARTESIAN_POINT ( 'NONE',  ( -31.15768685657731041, -5.524501555333924507, 9.325303818802483491 ) ) ;
#4698 = CARTESIAN_POINT ( 'NONE',  ( -29.12390152598112536, -13.36244669055149181, 23.01000000000000156 ) ) ;
#4699 = CARTESIAN_POINT ( 'NONE',  ( 32.22673458314095285, -6.969554827445448630, 11.00624189062142122 ) ) ;
#4700 = CARTESIAN_POINT ( 'NONE',  ( 18.26506529382988120, 27.17215535621888733, 10.95363554326539557 ) ) ;
#4701 = CARTESIAN_POINT ( 'NONE',  ( -20.63205302109894745, 20.18737124002289818, 5.941289513091777330 ) ) ;
#4702 = CARTESIAN_POINT ( 'NONE',  ( -9.776343659092153970, -24.03363033303938678, 2.282081592738405273 ) ) ;
#4703 = CARTESIAN_POINT ( 'NONE',  ( -2.316950891025680637, -25.00055439413605995, 0.5013457707808514074 ) ) ;
#4704 = DIRECTION ( 'NONE',  ( 0.5736898095203512016, -0.8190726478478592698, 0.000000000000000000 ) ) ;
#4705 = CARTESIAN_POINT ( 'NONE',  ( -30.20374220613137695, 11.09416310440067122, 10.00000017208773606 ) ) ;
#4706 = ORIENTED_EDGE ( 'NONE', *, *, #3429, .F. ) ;
#4707 = CARTESIAN_POINT ( 'NONE',  ( -29.71172558254889040, -13.78146426317010054, 10.94934768464180763 ) ) ;
#4708 = CARTESIAN_POINT ( 'NONE',  ( -27.48468057982098500, 22.26797715766807428, 10.00000000000000711 ) ) ;
#4709 = CARTESIAN_POINT ( 'NONE',  ( 22.94571973246182139, 22.21286555719016320, 10.00008015863653377 ) ) ;
#4710 = CARTESIAN_POINT ( 'NONE',  ( 20.67851480262662278, 16.14681992564231550, 2.541825672906384614 ) ) ;
#4711 = CARTESIAN_POINT ( 'NONE',  ( -25.47844159281432752, 13.36972953052876356, 5.914129590478228060 ) ) ;
#4712 = CARTESIAN_POINT ( 'NONE',  ( 11.14757056563050597, -25.66536157411943719, 5.635408492949726345 ) ) ;
#4713 = AXIS2_PLACEMENT_3D ( 'NONE', #637, #2180, #5162 ) ;
#4714 = CARTESIAN_POINT ( 'NONE',  ( 12.51163129377604655, 27.99110438045064697, 10.00000000000000178 ) ) ;
#4715 = CARTESIAN_POINT ( 'NONE',  ( 14.37132244484241639, -31.34037555872421521, 23.01000000000000512 ) ) ;
#4716 = CARTESIAN_POINT ( 'NONE',  ( 8.934818316263131166, -26.70102779097117462, 0.000000000000000000 ) ) ;
#4717 = CARTESIAN_POINT ( 'NONE',  ( 10.35787558860205593, 24.85479542890105265, 3.948422061037023756 ) ) ;
#4718 = CARTESIAN_POINT ( 'NONE',  ( -22.78311145267289461, -22.43037098350495384, 9.999999999186885091 ) ) ;
#4719 = VECTOR ( 'NONE', #5958, 1000.000000000000114 ) ;
#4720 = CARTESIAN_POINT ( 'NONE',  ( 19.82502605379699645, -19.17807539095654334, 4.272258344650493811 ) ) ;
#4721 = CARTESIAN_POINT ( 'NONE',  ( -15.24736203782172694, 19.94785506709748546, 1.039438013293946472 ) ) ;
#4722 = CARTESIAN_POINT ( 'NONE',  ( 25.44374693056031944, 11.92708293526888141, 0.000000000000000000 ) ) ;
#4723 = CARTESIAN_POINT ( 'NONE',  ( -22.94654605321343865, -21.27461288094078640, 9.256732490741221397 ) ) ;
#4724 = CARTESIAN_POINT ( 'NONE',  ( 20.79120551317251753, 19.99227086057912928, 5.938345302428325034 ) ) ;
#4725 = CARTESIAN_POINT ( 'NONE',  ( -27.08138409390282675, -5.090826824566827113, -0.8889690687347082676 ) ) ;
#4726 = CARTESIAN_POINT ( 'NONE',  ( -25.24005438865642148, 11.28013272029553882, 4.296266719521619315 ) ) ;
#4727 = DIRECTION ( 'NONE',  ( -1.000000000000000000, 0.000000000000000000, 0.000000000000000000 ) ) ;
#4728 = CARTESIAN_POINT ( 'NONE',  ( 26.13540765299777036, -12.31104352243793087, 5.950662535263735009 ) ) ;
#4729 = CARTESIAN_POINT ( 'NONE',  ( 20.71960273394933338, 20.07682402050118498, 5.936862738667976203 ) ) ;
#4730 = CARTESIAN_POINT ( 'NONE',  ( -18.99591005661408616, -18.19703351751737586, 2.598532990045021585 ) ) ;
#4731 = CARTESIAN_POINT ( 'NONE',  ( 32.18041163922956116, -0.2249322749101421992, 23.01000000000000156 ) ) ;
#4732 = ORIENTED_EDGE ( 'NONE', *, *, #4382, .T. ) ;
#4733 = CARTESIAN_POINT ( 'NONE',  ( -30.35560925677288324, -1.393999202961968331, 7.654502515587289224 ) ) ;
#4734 = CARTESIAN_POINT ( 'NONE',  ( -22.87539333053632618, -22.30886949578556155, 23.01000000000000156 ) ) ;
#4735 = CARTESIAN_POINT ( 'NONE',  ( 31.36859054957388082, -4.687408987582154296, 9.333669689725502039 ) ) ;
#4736 = CARTESIAN_POINT ( 'NONE',  ( 15.48168885145709339, 28.08566853323760171, 10.82341446381161632 ) ) ;
#4737 = CARTESIAN_POINT ( 'NONE',  ( -18.65877229837970219, 20.45483336766434590, 4.308366865268230761 ) ) ;
#4738 = CARTESIAN_POINT ( 'NONE',  ( -10.34506362019519798, -24.85954895612476889, 3.950302853771912037 ) ) ;
#4739 = DIRECTION ( 'NONE',  ( 1.000000000000000000, 0.000000000000000000, 0.000000000000000000 ) ) ;
#4740 = CARTESIAN_POINT ( 'NONE',  ( -30.50561225602312376, 10.23797752120646720, 9.999999179411497963 ) ) ;
#4741 = ORIENTED_EDGE ( 'NONE', *, *, #4989, .T. ) ;
#4742 = CARTESIAN_POINT ( 'NONE',  ( -24.94614422057853886, -11.81387750239486678, 4.277716299706607828 ) ) ;
#4743 = CARTESIAN_POINT ( 'NONE',  ( -28.18247860239793212, -0.003902339662281875503, -0.09999999999999992228 ) ) ;
#4744 = CARTESIAN_POINT ( 'NONE',  ( 19.74136576928960807, 15.38151562910046266, 0.8691542943376789898 ) ) ;
#4745 = CARTESIAN_POINT ( 'NONE',  ( -20.61741648178161412, 14.18382967673682238, 0.8621547632485292434 ) ) ;
#4746 = CARTESIAN_POINT ( 'NONE',  ( 10.55548306329123953, -24.81038845444502883, 3.970369575136080798 ) ) ;
#4747 = CARTESIAN_POINT ( 'NONE',  ( -12.75653151897559212, -31.40176592948167666, 23.01000000000000156 ) ) ;
#4748 = CARTESIAN_POINT ( 'NONE',  ( 12.62942070579964415, 27.98192500789335213, 9.999999369068918398 ) ) ;
#4749 = CARTESIAN_POINT ( 'NONE',  ( 21.85413638156445870, -17.71005506900050008, 0.000000000000000000 ) ) ;
#4750 = CARTESIAN_POINT ( 'NONE',  ( 28.10000000000001918, 9.744732893334463490E-14, -4.966663940786375520E-05 ) ) ;
#4751 = CARTESIAN_POINT ( 'NONE',  ( 20.79950293736142086, -19.98302374759259692, 5.938230704914658098 ) ) ;
#4752 = CARTESIAN_POINT ( 'NONE',  ( -9.875088822927498455, 27.51023855300876519, 8.762737013079371806 ) ) ;
#4753 = CARTESIAN_POINT ( 'NONE',  ( 7.787112277493458024, 23.89431837576746176, 0.7024544177478375673 ) ) ;
#4754 = CARTESIAN_POINT ( 'NONE',  ( 35.58618427539123985, -6.678298814863482313, 9.999999999999991118 ) ) ;
#4755 = CARTESIAN_POINT ( 'NONE',  ( -23.84361502019337564, -22.15064103034553966, 10.92518112512139083 ) ) ;
#4756 = CARTESIAN_POINT ( 'NONE',  ( 19.03947369967684722, 18.14765869051148428, 2.596525689402754189 ) ) ;
#4757 = CARTESIAN_POINT ( 'NONE',  ( -25.46854617450841118, -10.10028505476538996, -0.8889690687347078235 ) ) ;
#4758 = CARTESIAN_POINT ( 'NONE',  ( -24.45569290781370242, 9.844377956183713252, 2.641008641074324981 ) ) ;
#4759 = CARTESIAN_POINT ( 'NONE',  ( -22.81598338548272409, -27.86227468147665576, 23.01000000000000156 ) ) ;
#4760 = CARTESIAN_POINT ( 'NONE',  ( -12.17727536079650186, -28.00634610264436120, 9.999999997466501256 ) ) ;
#4761 = CARTESIAN_POINT ( 'NONE',  ( 22.68615418009031259, -10.59847978008759917, 0.9457019487055200457 ) ) ;
#4762 = CARTESIAN_POINT ( 'NONE',  ( 19.03000211577551681, 18.15671341815113493, 2.595434991230702870 ) ) ;
#4763 = CARTESIAN_POINT ( 'NONE',  ( -22.52930066687238764, -21.86343857750006237, 9.279920624219821335 ) ) ;
#4764 = CARTESIAN_POINT ( 'NONE',  ( 27.19636664604765741, 16.22332294357529747, 10.00000000000000178 ) ) ;
#4765 = CARTESIAN_POINT ( 'NONE',  ( 24.45566053676573759, 12.44583966808779785, -0.8889690687347078235 ) ) ;
#4766 = CARTESIAN_POINT ( 'NONE',  ( -25.19890076571410376, -7.935895585408157871, 2.641816234667628382 ) ) ;
#4767 = CARTESIAN_POINT ( 'NONE',  ( 25.13766487023823260, -25.62085057629731821, 10.00000000000000000 ) ) ;
#4768 = CARTESIAN_POINT ( 'NONE',  ( 23.59208047195287605, -8.412043931434380895, 0.9707258621454162295 ) ) ;
#4769 = CARTESIAN_POINT ( 'NONE',  ( 16.41670943652835390, 27.81789972751121098, 10.87200224000507021 ) ) ;
#4770 = CARTESIAN_POINT ( 'NONE',  ( -16.51720211762815183, 20.54678322095156773, 2.640949607239659436 ) ) ;
#4771 = CARTESIAN_POINT ( 'NONE',  ( -13.34736022571509828, -28.30899865522021841, 10.66289539860901669 ) ) ;
#4772 = CARTESIAN_POINT ( 'NONE',  ( -16.36118217019361154, -27.17777719505287592, 10.00000000000000178 ) ) ;
#4773 = CARTESIAN_POINT ( 'NONE',  ( 14.45095220065598340, -23.43783687946530492, 4.246462377103387809 ) ) ;
#4774 = ORIENTED_EDGE ( 'NONE', *, *, #3505, .T. ) ;
#4775 = CARTESIAN_POINT ( 'NONE',  ( -29.69128721793784109, -13.81037107412754850, 10.94860753251635899 ) ) ;
#4776 = CARTESIAN_POINT ( 'NONE',  ( -24.82591191681123277, 11.62870462846471398, -0.8889690687347078235 ) ) ;
#4777 = CARTESIAN_POINT ( 'NONE',  ( 29.67794196012479802, 13.84232538050951256, 10.95787284209043655 ) ) ;
#4778 = CARTESIAN_POINT ( 'NONE',  ( -23.69124869248761200, 11.44886117797014613, 2.603602003091253447 ) ) ;
#4779 = CARTESIAN_POINT ( 'NONE',  ( 12.49124316971339077, -28.30396944339730680, 10.57590987750345946 ) ) ;
#4780 = CARTESIAN_POINT ( 'NONE',  ( 1.150980053202635744, 28.24485846319033655, 23.01000000000000156 ) ) ;
#4781 = CARTESIAN_POINT ( 'NONE',  ( 12.31160533157295234, 27.99959165898333424, 9.998854845168196448 ) ) ;
#4782 = CARTESIAN_POINT ( 'NONE',  ( 12.11213220319447714, 28.29890432059756478, 10.54157144994768913 ) ) ;
#4783 = EDGE_CURVE ( 'NONE', #6083, #644, #5119, .T. ) ;
#4784 = CARTESIAN_POINT ( 'NONE',  ( -18.95751037896413038, -25.90900603137135860, 10.00000001145778405 ) ) ;
#4785 = CARTESIAN_POINT ( 'NONE',  ( 31.07485816815650637, 8.352289393765566672, 9.999999461732997474 ) ) ;
#4786 = CARTESIAN_POINT ( 'NONE',  ( 30.72549532012238060, 11.96154465876145423, 11.00624039964414003 ) ) ;
#4787 = CARTESIAN_POINT ( 'NONE',  ( 20.56377023322663078, -20.27601429590800919, 5.949244378606791450 ) ) ;
#4788 = CARTESIAN_POINT ( 'NONE',  ( -4.504273210532674376, 24.54941020780853833, 0.1943318271292601152 ) ) ;
#4789 = CARTESIAN_POINT ( 'NONE',  ( -13.18060650685962187, 21.36981173931678768, 0.9950594230010543217 ) ) ;
#4790 = CARTESIAN_POINT ( 'NONE',  ( 34.35349372685581670, 10.99101208043501643, 10.00000000000000000 ) ) ;
#4791 = CARTESIAN_POINT ( 'NONE',  ( -21.20005225660053227, -15.45859661764311532, 2.530774742507187813 ) ) ;
#4792 = CARTESIAN_POINT ( 'NONE',  ( 21.67975477117045457, 20.89939936002704712, 7.608467502531587101 ) ) ;
#4793 = CARTESIAN_POINT ( 'NONE',  ( -33.46876691116293046, 13.26234307084113340, 10.00000000000000000 ) ) ;
#4794 = CARTESIAN_POINT ( 'NONE',  ( -22.73035132274800318, 10.50439241219488729, 0.9488865425875039339 ) ) ;
#4795 = CARTESIAN_POINT ( 'NONE',  ( -25.49365210415224681, -25.10942815042990617, 23.00999999999999801 ) ) ;
#4796 = CARTESIAN_POINT ( 'NONE',  ( 10.73581026727385712, -28.06312303553730558, 9.999999643577591968 ) ) ;
#4797 = CARTESIAN_POINT ( 'NONE',  ( 29.82039574790058722, -13.64181014971917527, 10.96604246587706832 ) ) ;
#4798 = CARTESIAN_POINT ( 'NONE',  ( 21.64517438576999453, 20.93722137021370600, 7.603368344878253637 ) ) ;
#4799 = CARTESIAN_POINT ( 'NONE',  ( -18.10520297032273973, -17.29201887044510499, 0.9265109700432030415 ) ) ;
#4800 = CARTESIAN_POINT ( 'NONE',  ( 30.93322163234756417, 8.917601053232903752, 10.00000000000000178 ) ) ;
#4801 = EDGE_CURVE ( 'NONE', #744, #4174, #6165, .T. ) ;
#4802 = CARTESIAN_POINT ( 'NONE',  ( 26.74164326010319925, -8.547952873348915404, -0.1000000000000000194 ) ) ;
#4803 = CARTESIAN_POINT ( 'NONE',  ( -27.64542964450569329, 2.311130505259308965, 4.312747055244006589 ) ) ;
#4804 = CARTESIAN_POINT ( 'NONE',  ( 23.29493315746306337, 9.074474595745964933, 23.01000000000000156 ) ) ;
#4805 = CARTESIAN_POINT ( 'NONE',  ( 26.87117809835376647, -6.728679668711376571, 4.315892907665148215 ) ) ;
#4806 = CARTESIAN_POINT ( 'NONE',  ( 13.58075873319277882, 28.29099576103007863, 10.67414333727675135 ) ) ;
#4807 = CARTESIAN_POINT ( 'NONE',  ( -21.88031086798070390, 22.68996146692386873, 9.299882088365725608 ) ) ;
#4808 = CARTESIAN_POINT ( 'NONE',  ( -9.879653271548843207, -24.00233282398766477, 2.292559034522618777 ) ) ;
#4809 = CARTESIAN_POINT ( 'NONE',  ( -18.09606027352244695, -26.41549810499361328, 10.00000000000000178 ) ) ;
#4810 = CARTESIAN_POINT ( 'NONE',  ( 11.05982200595408749, -23.60659768948404391, 2.400777875733037803 ) ) ;
#4811 = CARTESIAN_POINT ( 'NONE',  ( -26.19353016618741847, -12.21003318948075744, 5.949751992963477676 ) ) ;
#4812 = CARTESIAN_POINT ( 'NONE',  ( 29.53486365877153119, 14.04469743573461393, 10.95284955946337391 ) ) ;
#4813 = CARTESIAN_POINT ( 'NONE',  ( -23.43548846326063284, 11.92389685240383557, 2.586494486069050858 ) ) ;
#4814 = CARTESIAN_POINT ( 'NONE',  ( -0.5838698494219179969, -27.16393917908620992, 6.743056907387479981 ) ) ;
#4815 = CARTESIAN_POINT ( 'NONE',  ( -32.30898993173479283, 15.37611933009668341, 23.01000000000000156 ) ) ;
#4816 = CARTESIAN_POINT ( 'NONE',  ( -9.491219539006442218, 28.10632157294860889, 9.999979639491440864 ) ) ;
#4817 = CARTESIAN_POINT ( 'NONE',  ( 9.775856238229533091, 24.03290697282058019, 2.280582463774442736 ) ) ;
#4818 = CARTESIAN_POINT ( 'NONE',  ( -12.75653151898992910, -31.40176592948166956, 10.00000000000000000 ) ) ;
#4819 = CARTESIAN_POINT ( 'NONE',  ( 30.99129190571931503, 8.660603598181626950, 9.999999419984973770 ) ) ;
#4820 = CARTESIAN_POINT ( 'NONE',  ( 28.25728092813501746, 11.01711995578132708, 7.661069252900285065 ) ) ;
#4821 = CARTESIAN_POINT ( 'NONE',  ( 22.76829026468595174, -23.64663870862887407, 10.97928669384763189 ) ) ;
#4822 = VECTOR ( 'NONE', #460, 1000.000000000000000 ) ;
#4823 = CARTESIAN_POINT ( 'NONE',  ( -5.678655037166902453, 27.64029951451039935, 8.533204915636797949 ) ) ;
#4824 = CARTESIAN_POINT ( 'NONE',  ( -33.54831986157844170, 13.05795674928792494, 23.01000000000000156 ) ) ;
#4825 = CARTESIAN_POINT ( 'NONE',  ( -18.97942494194779073, -16.31812179774857796, 0.8901556089204560873 ) ) ;
#4826 = CARTESIAN_POINT ( 'NONE',  ( -25.15841318749364675, 10.86356683366406806, -0.8889690687347087117 ) ) ;
#4827 = CARTESIAN_POINT ( 'NONE',  ( -27.33676012333019045, 12.77641946123041627, 7.614943884903913940 ) ) ;
#4828 = VECTOR ( 'NONE', #1891, 1000.000000000000000 ) ;
#4829 = CARTESIAN_POINT ( 'NONE',  ( -19.00213453291924637, -30.18994184602847497, 23.01000000000000512 ) ) ;
#4830 = CARTESIAN_POINT ( 'NONE',  ( 11.43521362029137123, -28.03548760539255724, 10.00000000004681766 ) ) ;
#4831 = CARTESIAN_POINT ( 'NONE',  ( 25.21988184561087465, -13.78123203785287032, 5.909851346453089960 ) ) ;
#4832 = CARTESIAN_POINT ( 'NONE',  ( 19.89771783356009749, 19.08615780705234499, 4.265270533281031895 ) ) ;
#4833 = CARTESIAN_POINT ( 'NONE',  ( -18.12284845542585288, -17.27331237056311508, 0.9257115193100129424 ) ) ;
#4834 = CARTESIAN_POINT ( 'NONE',  ( 25.86390844514938081, 24.58080303556706170, 23.01000000000000156 ) ) ;
#4835 = CARTESIAN_POINT ( 'NONE',  ( 24.96182517926532896, -11.32275985100307381, -0.8889690687347083786 ) ) ;
#4836 = CARTESIAN_POINT ( 'NONE',  ( -27.57148823741454180, -3.068710947417810253, 4.312675040302446305 ) ) ;
#4837 = CARTESIAN_POINT ( 'NONE',  ( 19.88957365567553381, 19.86197884414827897, 1.596101365912118134E-10 ) ) ;
#4838 = CARTESIAN_POINT ( 'NONE',  ( 28.31198869989163214, -10.87644091484572506, 7.661069245052309462 ) ) ;
#4839 = CARTESIAN_POINT ( 'NONE',  ( 13.62866769356869057, 25.07425691994828654, 5.833236587575342469 ) ) ;
#4840 = CARTESIAN_POINT ( 'NONE',  ( -11.84716603833697590, 23.30160181058695201, 2.461186399392355284 ) ) ;
#4841 = CARTESIAN_POINT ( 'NONE',  ( -12.19221280402910068, -24.37266938331017485, 4.116858072750754438 ) ) ;
#4842 = CARTESIAN_POINT ( 'NONE',  ( 12.79432450115091235, -26.37992666438806566, 7.395570864261526545 ) ) ;
#4843 = ORIENTED_EDGE ( 'NONE', *, *, #1552, .F. ) ;
#4844 = CARTESIAN_POINT ( 'NONE',  ( -27.37898128064961512, -12.71331470237770134, 7.617659013419756597 ) ) ;
#4845 = CARTESIAN_POINT ( 'NONE',  ( 28.49471788612681777, 13.33357549521291574, 9.289228829625587380 ) ) ;
#4846 = CARTESIAN_POINT ( 'NONE',  ( -21.53560523935238535, 17.03051345142357320, 4.209853516177792798 ) ) ;
#4847 = CARTESIAN_POINT ( 'NONE',  ( 11.98519165808636622, -27.42304237586405691, 8.925647844338588044 ) ) ;
#4848 = CARTESIAN_POINT ( 'NONE',  ( 12.75653151894947257, 31.40176592949499934, 15.00000000000000000 ) ) ;
#4849 = CARTESIAN_POINT ( 'NONE',  ( 11.58346165598063315, 28.03218295752185796, 9.999999933716988920 ) ) ;
#4850 = CARTESIAN_POINT ( 'NONE',  ( 12.12909606893005332, 27.41783199231165113, 8.933210284237887322 ) ) ;
#4851 = CARTESIAN_POINT ( 'NONE',  ( -22.78983667178275141, -22.42154180212256520, 9.999999999893303126 ) ) ;
#4852 = CARTESIAN_POINT ( 'NONE',  ( 31.42361860431129017, 6.920316715006364028, 10.00000004461273484 ) ) ;
#4853 = CARTESIAN_POINT ( 'NONE',  ( 26.96704759024048315, 10.68569339125613560, 5.988243238578136562 ) ) ;
#4854 = CARTESIAN_POINT ( 'NONE',  ( 18.01535913895290975, -17.38689388056049623, 0.9306998658470807539 ) ) ;
#4855 = B_SPLINE_CURVE_WITH_KNOTS ( 'NONE', 3,
 ( #4834, #5359, #1329, #871, #2411, #2312, #4473, #6450, #5916, #6346, #3443, #3900, #4370, #4933, #1821 ),
 .UNSPECIFIED., .F., .F.,
 ( 4, 1, 2, 2, 2, 2, 2, 4 ),
 ( 0.000000000000000000, 0.1249999999999995004, 0.1874999999999995004, 0.2499999999999995004, 0.3749999999999995004, 0.4999999999999995559, 0.7499999999999995559, 1.000000000000000000 ),
 .UNSPECIFIED. ) ;
#4856 = CARTESIAN_POINT ( 'NONE',  ( -12.60747736773340932, 28.30170463415347015, 10.57821296240386388 ) ) ;
#4857 = CARTESIAN_POINT ( 'NONE',  ( 0.000000000000000000, 0.000000000000000000, -40.00000000000000000 ) ) ;
#4858 = CARTESIAN_POINT ( 'NONE',  ( -21.68361026290898153, -18.83757660629104080, 5.901563458433123799 ) ) ;
#4859 = CARTESIAN_POINT ( 'NONE',  ( 19.08392090364787208, 18.09718220140391054, 2.594474054022629428 ) ) ;
#4860 = CARTESIAN_POINT ( 'NONE',  ( -30.69918064213807085, 17.67584265712648417, 10.00000000000000888 ) ) ;
#4861 = CARTESIAN_POINT ( 'NONE',  ( -27.28481569722393019, 12.85738718860570984, 7.612479725190942403 ) ) ;
#4862 = CARTESIAN_POINT ( 'NONE',  ( 18.49621570832556117, -26.18555958666142303, 9.999920137510747153 ) ) ;
#4863 = CARTESIAN_POINT ( 'NONE',  ( 26.58188900064368454, -18.24003190893496651, 10.89740097900413396 ) ) ;
#4864 = CARTESIAN_POINT ( 'NONE',  ( 25.93895155344650050, -18.04916707666907527, 23.01000000000000156 ) ) ;
#4865 = CARTESIAN_POINT ( 'NONE',  ( -23.41634280605539331, -27.54249763572890686, 10.00000000000000000 ) ) ;
#4866 = CARTESIAN_POINT ( 'NONE',  ( 24.95868973814492264, 11.32966955529939490, -0.8889690687347089337 ) ) ;
#4867 = CARTESIAN_POINT ( 'NONE',  ( -32.21899522090909329, 6.967881118538317153, 10.99621877486526955 ) ) ;
#4868 = EDGE_CURVE ( 'NONE', #4252, #2188, #3348, .T. ) ;
#4869 = CARTESIAN_POINT ( 'NONE',  ( 23.34140486338020537, -9.075470645673124892, 0.9707269561619120690 ) ) ;
#4870 = CARTESIAN_POINT ( 'NONE',  ( -14.85326115780816458, 28.16642844590671046, 10.77682987456156205 ) ) ;
#4871 = CARTESIAN_POINT ( 'NONE',  ( -12.51085656970684390, -28.30794194721423551, 10.57821297067606636 ) ) ;
#4872 = CARTESIAN_POINT ( 'NONE',  ( -12.73044303954638501, -27.97688933587864923, 10.00000000000000178 ) ) ;
#4873 = CARTESIAN_POINT ( 'NONE',  ( 16.66452533905756894, -25.10340843462321558, 7.614093844643528897 ) ) ;
#4874 = VERTEX_POINT ( 'NONE', #4032 ) ;
#4875 = CARTESIAN_POINT ( 'NONE',  ( -23.11944637657272139, -9.625978543353820527, 0.9678822796645298876 ) ) ;
#4876 = DIRECTION ( 'NONE',  ( 1.000000000000000000, 0.000000000000000000, 0.000000000000000000 ) ) ;
#4877 = CARTESIAN_POINT ( 'NONE',  ( 25.88414316281503602, 12.72373030683745654, 5.937854739578472874 ) ) ;
#4878 = CARTESIAN_POINT ( 'NONE',  ( -24.34170707336865291, 19.32717882880373139, 9.221817708882371178 ) ) ;
#4879 = CARTESIAN_POINT ( 'NONE',  ( 6.816294184519530397, -25.56862820420800730, 3.636106638708305638 ) ) ;
#4880 = CARTESIAN_POINT ( 'NONE',  ( -13.81590148562967357, 27.85232483635336109, 10.00000000000000178 ) ) ;
#4881 = CARTESIAN_POINT ( 'NONE',  ( -11.88466586407496450, 28.01639946300577577, 9.999999995254485796 ) ) ;
#4882 = CARTESIAN_POINT ( 'NONE',  ( -5.463301196976691365, -27.74374108952515172, 0.000000000000000000 ) ) ;
#4883 = CARTESIAN_POINT ( 'NONE',  ( 9.879160347862953273, 24.00160389197719013, 2.291059712996043718 ) ) ;
#4884 = CARTESIAN_POINT ( 'NONE',  ( -17.29442945210994154, 26.83619960511083846, 23.01000000000000156 ) ) ;
#4885 = CARTESIAN_POINT ( 'NONE',  ( 30.26736261385921622, 10.91989156520202719, 10.00000006970874900 ) ) ;
#4886 = CARTESIAN_POINT ( 'NONE',  ( 27.02159511740638109, 10.54891371950565926, 5.988481138729440545 ) ) ;
#4887 = CARTESIAN_POINT ( 'NONE',  ( 19.86379870380645940, -26.29754429118986536, 11.00112880367429113 ) ) ;
#4888 = DIRECTION ( 'NONE',  ( -1.000000000000000000, 0.000000000000000000, 0.000000000000000000 ) ) ;
#4889 = CARTESIAN_POINT ( 'NONE',  ( 14.03488878602882828, 31.40194286664290502, 10.00000000000000000 ) ) ;
#4890 = CARTESIAN_POINT ( 'NONE',  ( -24.08659006688048621, -21.80125393268272305, 10.91832622741806880 ) ) ;
#4891 = CARTESIAN_POINT ( 'NONE',  ( 20.80535325043821615, 19.97440783257056296, 5.937759930940129216 ) ) ;
#4892 = CARTESIAN_POINT ( 'NONE',  ( -17.78684698605122705, 20.89507718470311914, -0.8889690687347088227 ) ) ;
#4893 = CARTESIAN_POINT ( 'NONE',  ( -27.26748357236209230, 12.88436656273915126, 7.611669475554092124 ) ) ;
#4894 = CARTESIAN_POINT ( 'NONE',  ( -24.89526267992789244, -25.86330596053662134, 23.01000000000000156 ) ) ;
#4895 = CARTESIAN_POINT ( 'NONE',  ( 17.40608186885397046, -26.75242590762501393, 9.999647394114038690 ) ) ;
#4896 = CARTESIAN_POINT ( 'NONE',  ( 22.60621805965067921, -15.53475767945157315, 4.207104581019886602 ) ) ;
#4897 = CARTESIAN_POINT ( 'NONE',  ( 23.43353687575736544, 22.74079739068398354, 10.93799263047655224 ) ) ;
#4898 = CARTESIAN_POINT ( 'NONE',  ( 21.97876515725851476, 12.14775502874231528, 0.9864588284023161346 ) ) ;
#4899 = CARTESIAN_POINT ( 'NONE',  ( 32.30473228387587170, 15.38506250034567735, 23.01000000000000156 ) ) ;
#4900 = CARTESIAN_POINT ( 'NONE',  ( -19.20151311006365447, 19.58360164814617832, -0.8889690687347078235 ) ) ;
#4901 = CARTESIAN_POINT ( 'NONE',  ( 25.58828687171433813, 11.61625064451212275, 0.000000000000000000 ) ) ;
#4902 = CARTESIAN_POINT ( 'NONE',  ( -28.14987280293004801, 7.048777266805710262, 5.983572125745793002 ) ) ;
#4903 = DIRECTION ( 'NONE',  ( 1.000000000000000000, 0.000000000000000000, 0.000000000000000000 ) ) ;
#4904 = CARTESIAN_POINT ( 'NONE',  ( 30.69878035979667885, -12.02918578195434840, 11.00617948519853329 ) ) ;
#4905 = CARTESIAN_POINT ( 'NONE',  ( 19.19552399196411940, 19.88124865117541873, 4.292213240225569493 ) ) ;
#4906 = CARTESIAN_POINT ( 'NONE',  ( -18.10728092591264726, 27.19985397438066954, 10.94407764837545294 ) ) ;
#4907 = CARTESIAN_POINT ( 'NONE',  ( -11.49975573880793078, -25.60663539183725135, 5.670258489234943688 ) ) ;
#4908 = CARTESIAN_POINT ( 'NONE',  ( 19.00846277675260154, -26.80600747450015220, 10.98461830470025369 ) ) ;
#4909 = ORIENTED_EDGE ( 'NONE', *, *, #3018, .T. ) ;
#4910 = CARTESIAN_POINT ( 'NONE',  ( -30.60468259854583195, -12.23481595736215688, 10.99529611292617837 ) ) ;
#4911 = CARTESIAN_POINT ( 'NONE',  ( -35.58897170813880706, -6.670407155416690159, 10.00000000000000000 ) ) ;
#4912 = CARTESIAN_POINT ( 'NONE',  ( 23.68090530277381944, 11.47122392648984679, 2.604534315276040513 ) ) ;
#4913 = CARTESIAN_POINT ( 'NONE',  ( -19.79099476114910416, 17.26986691128998430, 2.563759884904499575 ) ) ;
#4914 = CARTESIAN_POINT ( 'NONE',  ( 1.370539946690076283, -26.62848496659809783, 5.059356005648269594 ) ) ;
#4915 = CARTESIAN_POINT ( 'NONE',  ( -15.34341917225439111, 27.51558348737520632, 10.00000000000000178 ) ) ;
#4916 = CARTESIAN_POINT ( 'NONE',  ( 0.1554742386323004211, 28.24112855687720369, 9.999914443430373723 ) ) ;
#4917 = CARTESIAN_POINT ( 'NONE',  ( 0.003914059580363473539, -28.27870332244859597, 0.000000000000000000 ) ) ;
#4918 = CARTESIAN_POINT ( 'NONE',  ( 12.24284694569370835, 27.41349448861880234, 8.944852784665767942 ) ) ;
#4919 = CARTESIAN_POINT ( 'NONE',  ( -29.85209518399453188, 12.00498494441742814, 23.01000000000000156 ) ) ;
#4920 = CARTESIAN_POINT ( 'NONE',  ( 30.15694155877127258, -11.22071287786435434, 9.999999999914001236 ) ) ;
#4921 = CARTESIAN_POINT ( 'NONE',  ( 24.65902438437320754, 4.372670059107088392, 0.9706934798230384409 ) ) ;
#4922 = CARTESIAN_POINT ( 'NONE',  ( 22.92363259092966743, -23.45680342925937722, 10.97388728145330994 ) ) ;
#4923 = FACE_OUTER_BOUND ( 'NONE', #2984, .T. ) ;
#4924 = CARTESIAN_POINT ( 'NONE',  ( -21.29575117506232473, 28.99465843602435910, 23.00999999999999091 ) ) ;
#4925 = CARTESIAN_POINT ( 'NONE',  ( -24.24855904760832104, -21.56850846252388720, 10.91416941991266398 ) ) ;
#4926 = CARTESIAN_POINT ( 'NONE',  ( 22.67390043916210374, 21.66295470194783945, 9.274282358912646629 ) ) ;
#4927 = CARTESIAN_POINT ( 'NONE',  ( 8.779277590160395661, 26.28586541276548871, -0.8889690687347077125 ) ) ;
#4928 = CARTESIAN_POINT ( 'NONE',  ( -29.68788999105229109, 13.81236909443253147, 10.94834958816680270 ) ) ;
#4929 = CARTESIAN_POINT ( 'NONE',  ( 7.943215749713294471, -28.14985432594185255, 9.999999848320300089 ) ) ;
#4930 = CARTESIAN_POINT ( 'NONE',  ( 23.64124007682517359, -11.54434580183276005, 2.601653144915844873 ) ) ;
#4931 = CARTESIAN_POINT ( 'NONE',  ( 18.97678215004220803, -25.90673900098325788, 23.01000000000000156 ) ) ;
#4932 = VECTOR ( 'NONE', #5598, 1000.000000000000000 ) ;
#4933 = CARTESIAN_POINT ( 'NONE',  ( 14.04032314791438019, 31.40194361881173180, 23.00999999999999446 ) ) ;
#4934 = CARTESIAN_POINT ( 'NONE',  ( 11.30410368688704636, 25.13712060215465272, -0.8889690687347078235 ) ) ;
#4935 = CARTESIAN_POINT ( 'NONE',  ( -5.463301196976691365, -27.74374108952515172, 0.000000000000000000 ) ) ;
#4936 = CARTESIAN_POINT ( 'NONE',  ( -27.05823965487731897, 5.852142764235613193, 4.312698826126522889 ) ) ;
#4937 = CARTESIAN_POINT ( 'NONE',  ( -12.97872537136027482, 24.96184794638210036, 6.161331227392482536E-05 ) ) ;
#4938 = CARTESIAN_POINT ( 'NONE',  ( 29.48744645353065863, -11.49948694063999532, 9.333654827360733819 ) ) ;
#4939 = B_SPLINE_CURVE_WITH_KNOTS ( 'NONE', 1,
 ( #863, #6371 ),
 .UNSPECIFIED., .F., .F.,
 ( 2, 2 ),
 ( 0.000000000000000000, 1.000000000000000000 ),
 .UNSPECIFIED. ) ;
#4940 = CARTESIAN_POINT ( 'NONE',  ( 20.21954877893282898, 20.67487288899980769, 5.957476235702939604 ) ) ;
#4941 = CARTESIAN_POINT ( 'NONE',  ( -12.23195652514936249, 23.13187855001869409, 2.486516237456291467 ) ) ;
#4942 = CARTESIAN_POINT ( 'NONE',  ( -19.12971209542696371, -26.69680351106493177, 10.98345113185785493 ) ) ;
#4943 = CARTESIAN_POINT ( 'NONE',  ( -2.203361527169069856, -28.24068410060971601, 23.01000000000000156 ) ) ;
#4944 = CARTESIAN_POINT ( 'NONE',  ( 9.791820462599920560, -22.99934864486539610, 0.6623786330478710349 ) ) ;
#4945 = ORIENTED_EDGE ( 'NONE', *, *, #4401, .F. ) ;
#4946 = CARTESIAN_POINT ( 'NONE',  ( -30.36331432465551572, -12.74809191958817678, 10.98877878036904754 ) ) ;
#4947 = CARTESIAN_POINT ( 'NONE',  ( -29.12703426522561045, -13.35596544322580037, 9.999999995778548367 ) ) ;
#4948 = CARTESIAN_POINT ( 'NONE',  ( 24.96969105957417412, 11.77741433627222989, 4.282245584253004722 ) ) ;
#4949 = CARTESIAN_POINT ( 'NONE',  ( -22.49342646579196625, 19.80618664877381008, 7.573716648623681102 ) ) ;
#4950 = CARTESIAN_POINT ( 'NONE',  ( -10.45918069021248620, -28.29129907548441736, 10.44562223158354897 ) ) ;
#4951 = CARTESIAN_POINT ( 'NONE',  ( -18.22010919899189929, 26.38006056258736010, 23.01000000000000156 ) ) ;
#4952 = CARTESIAN_POINT ( 'NONE',  ( -10.45782090648038398, 28.07342673115849152, 9.999998940478782572 ) ) ;
#4953 = CARTESIAN_POINT ( 'NONE',  ( 10.53071350364838388, 24.81589569374134996, 3.965603165106253325 ) ) ;
#4954 = CARTESIAN_POINT ( 'NONE',  ( 12.51163129377604655, 27.99110438045064697, 23.01000000000000156 ) ) ;
#4955 = CARTESIAN_POINT ( 'NONE',  ( 29.81245646436686059, 12.08691964559552190, 9.999999977943840435 ) ) ;
#4956 = CARTESIAN_POINT ( 'NONE',  ( 26.94814903737094980, 6.598726196508368780, 4.315853444213138879 ) ) ;
#4957 = CARTESIAN_POINT ( 'NONE',  ( 19.25198232550092570, 17.90454006030286038, 2.586968977615029530 ) ) ;
#4958 = CARTESIAN_POINT ( 'NONE',  ( -16.14131765225859638, -27.25614457439339589, 10.00000000000000178 ) ) ;
#4959 = CARTESIAN_POINT ( 'NONE',  ( 20.21789168898782307, 29.73091665217688728, 23.01000000000000156 ) ) ;
#4960 = CARTESIAN_POINT ( 'NONE',  ( -23.41825792507840731, -22.77666438485128353, 10.94934079839196173 ) ) ;
#4961 = CARTESIAN_POINT ( 'NONE',  ( 19.96736385419629656, 19.00626256353838173, 4.265438186272525911 ) ) ;
#4962 = CARTESIAN_POINT ( 'NONE',  ( 21.86020713372010249, -23.52454935060440278, 9.999998772353617227 ) ) ;
#4963 = CARTESIAN_POINT ( 'NONE',  ( 24.15602555480931102, -15.41138866586875800, 5.881192441660155978 ) ) ;
#4964 = CARTESIAN_POINT ( 'NONE',  ( 9.830951048784449142, -28.09768936456755029, 23.01000000000000156 ) ) ;
#4965 = CARTESIAN_POINT ( 'NONE',  ( 22.51535871110750975, 22.77440475133882458, 23.01000000000000156 ) ) ;
#4966 = CARTESIAN_POINT ( 'NONE',  ( 15.88985168741947973, 23.23880001393219885, 0.000000000000000000 ) ) ;
#4967 = CARTESIAN_POINT ( 'NONE',  ( 24.45910485167771142, -12.43906938590115274, -0.8889690687347078235 ) ) ;
#4968 = CARTESIAN_POINT ( 'NONE',  ( -24.30642685602810005, 6.086637919645188077, 0.9709321623474285179 ) ) ;
#4969 = CARTESIAN_POINT ( 'NONE',  ( -24.72709491860359776, 13.36663693262241104, -1.701898191767130068E-06 ) ) ;
#4970 = CARTESIAN_POINT ( 'NONE',  ( 29.54545669542354247, -11.35028856510131945, 9.333654818955327670 ) ) ;
#4971 = CARTESIAN_POINT ( 'NONE',  ( 22.22550144758949742, 24.26906464700689625, 10.98528665196326060 ) ) ;
#4972 = CARTESIAN_POINT ( 'NONE',  ( -13.66657253256098414, 28.28505252162687000, 10.68152153736885168 ) ) ;
#4973 = CARTESIAN_POINT ( 'NONE',  ( -17.26069032112316748, -19.92673499664716985, 2.641813678341932370 ) ) ;
#4974 = CARTESIAN_POINT ( 'NONE',  ( 15.79659470050183856, -27.37883155700389892, 10.00000000000000178 ) ) ;
#4975 = CARTESIAN_POINT ( 'NONE',  ( 10.66145497237264905, -23.74985841986899970, 2.366781259377069180 ) ) ;
#4976 = VERTEX_POINT ( 'NONE', #6042 ) ;
#4977 = CARTESIAN_POINT ( 'NONE',  ( -24.34536829778025080, -10.10636607441195878, 2.638848170189522779 ) ) ;
#4978 = CARTESIAN_POINT ( 'NONE',  ( -29.06603437353032149, -13.44893857424403905, 9.999722217667414981 ) ) ;
#4979 = CARTESIAN_POINT ( 'NONE',  ( 24.98337440236486273, 11.75342059231650005, 4.283153039519817185 ) ) ;
#4980 = CARTESIAN_POINT ( 'NONE',  ( -24.00298905283172601, 17.72710762851799871, 7.544197441671503412 ) ) ;
#4981 = CARTESIAN_POINT ( 'NONE',  ( -13.04654273993225999, 27.94575493377759656, 10.00000000000000178 ) ) ;
#4982 = CARTESIAN_POINT ( 'NONE',  ( -23.37335303011163035, 21.62950069959445187, 9.999999970118217618 ) ) ;
#4983 = CARTESIAN_POINT ( 'NONE',  ( -24.71926311901469475, 19.77741230903248493, 23.01000000000000156 ) ) ;
#4984 = CARTESIAN_POINT ( 'NONE',  ( 30.32396078505930959, -0.5687965946571920117, 7.661116715586913095 ) ) ;
#4985 = CARTESIAN_POINT ( 'NONE',  ( 22.95099823218873070, 21.27898614854316861, 9.265038948289907594 ) ) ;
#4986 = CARTESIAN_POINT ( 'NONE',  ( -32.30473228389546847, -15.38506250034263978, 10.00000000000000000 ) ) ;
#4987 = CARTESIAN_POINT ( 'NONE',  ( 2.645650681344247079, -24.96794841605408521, 0.5073054664588918516 ) ) ;
#4988 = CARTESIAN_POINT ( 'NONE',  ( -19.03947408676782516, -18.14765825037222413, 2.596525671339250607 ) ) ;
#4989 = EDGE_CURVE ( 'NONE', #205, #2421, #4596, .T. ) ;
#4990 = CARTESIAN_POINT ( 'NONE',  ( 26.81703822720863784, -8.572047418569768595, -0.000000000000000000 ) ) ;
#4991 = CARTESIAN_POINT ( 'NONE',  ( 18.20142957267052353, 17.18958567117225300, 0.9220600342924355486 ) ) ;
#4992 = CARTESIAN_POINT ( 'NONE',  ( 22.92210687265170677, -22.24692012546863396, 9.999999999723007349 ) ) ;
#4993 = CARTESIAN_POINT ( 'NONE',  ( 20.92191480222707867, -19.82803448989213280, 5.933241731247150597 ) ) ;
#4994 = CARTESIAN_POINT ( 'NONE',  ( 5.820145631873119285, -28.20165072329528044, 23.01000000000000156 ) ) ;
#4995 = CARTESIAN_POINT ( 'NONE',  ( 20.01815187723863687, 15.14733333109112579, 0.9682409199164501157 ) ) ;
#4996 = CARTESIAN_POINT ( 'NONE',  ( -18.17582004538740392, -17.21720766043157980, 0.9234900416785962740 ) ) ;
#4997 = CARTESIAN_POINT ( 'NONE',  ( 11.52425000215549211, 25.64857664258197900, 0.000000000000000000 ) ) ;
#4998 = CARTESIAN_POINT ( 'NONE',  ( 25.37717614308344238, -11.88726697385018660, -0.09999999999999999167 ) ) ;
#4999 = CARTESIAN_POINT ( 'NONE',  ( -24.49505630674159917, 9.747967224111098616, 2.641492796514100849 ) ) ;
#5000 = CARTESIAN_POINT ( 'NONE',  ( 25.87071190355447570, -24.57364245467583785, 15.00000000000000000 ) ) ;
#5001 = CARTESIAN_POINT ( 'NONE',  ( 29.37209475793238767, -11.77876187311898271, 9.332578113067469872 ) ) ;
#5002 = CARTESIAN_POINT ( 'NONE',  ( 18.43299611128167115, 20.64668718702353800, 4.308770751024725953 ) ) ;
#5003 = CARTESIAN_POINT ( 'NONE',  ( -11.90662137648331509, 26.50566009154576363, 7.310483882143226531 ) ) ;
#5004 = EDGE_CURVE ( 'NONE', #4874, #1656, #4060, .T. ) ;
#5005 = CARTESIAN_POINT ( 'NONE',  ( -20.15834055539949077, -22.64133510760043677, 7.656747120413577079 ) ) ;
#5006 = CARTESIAN_POINT ( 'NONE',  ( 17.20060749116663956, -26.84631526389689427, 10.00000000000000178 ) ) ;
#5007 = CARTESIAN_POINT ( 'NONE',  ( 11.47033487748783465, -25.60914199395388735, 5.666563122714856959 ) ) ;
#5008 = ORIENTED_EDGE ( 'NONE', *, *, #5181, .T. ) ;
#5009 = CARTESIAN_POINT ( 'NONE',  ( -25.10503735168541795, -11.53457392442854967, 4.288539054510680515 ) ) ;
#5010 = CARTESIAN_POINT ( 'NONE',  ( -34.35793571003971181, 10.97790309592261693, 10.00000000000000000 ) ) ;
#5011 = CARTESIAN_POINT ( 'NONE',  ( 29.73943230143904159, 13.75536620916322939, 10.96007057313831012 ) ) ;
#5012 = CARTESIAN_POINT ( 'NONE',  ( -22.54958809598156577, 21.82632872101903487, 9.270443958130831774 ) ) ;
#5013 = CARTESIAN_POINT ( 'NONE',  ( -12.01649232110839272, 28.01072602906296538, 23.01000000000000156 ) ) ;
#5014 = CARTESIAN_POINT ( 'NONE',  ( -17.02315940313231479, 26.94811929600211187, 9.999581792177728801 ) ) ;
#5015 = CARTESIAN_POINT ( 'NONE',  ( -24.45566053678359708, -12.44583966804933084, -0.8889690687347078235 ) ) ;
#5016 = CARTESIAN_POINT ( 'NONE',  ( 29.86313058859050784, 5.295050536310187184, 7.661035774385029029 ) ) ;
#5017 = CARTESIAN_POINT ( 'NONE',  ( 23.64647254623804784, 22.44733663234169896, 10.94130889092257775 ) ) ;
#5018 = CARTESIAN_POINT ( 'NONE',  ( -23.41055959961339283, 27.54759671926454700, 23.01000000000000156 ) ) ;
#5019 = CARTESIAN_POINT ( 'NONE',  ( -19.89938791714962818, -19.08792900613565990, 4.268469068717392290 ) ) ;
#5020 = CARTESIAN_POINT ( 'NONE',  ( 5.451084859145828965, 24.35897266509670089, 0.2591923692359179854 ) ) ;
#5021 = CARTESIAN_POINT ( 'NONE',  ( -15.51567438016127376, 22.65480705275303563, -0.8889690687347070464 ) ) ;
#5022 = CARTESIAN_POINT ( 'NONE',  ( 23.38516395574845674, -21.61327604426419668, 9.999999949548030287 ) ) ;
#5023 = CARTESIAN_POINT ( 'NONE',  ( 22.77189157650365203, -21.52924068308997718, 9.271129529802975000 ) ) ;
#5024 = CARTESIAN_POINT ( 'NONE',  ( 32.15682450010766757, -1.251298347430582325, 23.01000000000000156 ) ) ;
#5025 = CARTESIAN_POINT ( 'NONE',  ( -25.87071190358070183, 24.57364245468912500, 10.00000000000000000 ) ) ;
#5026 = CARTESIAN_POINT ( 'NONE',  ( -22.56046909184134108, -21.80918618064904280, 9.269834216435938856 ) ) ;
#5027 = CARTESIAN_POINT ( 'NONE',  ( -13.32462088883218776, 24.71985400829092683, -0.1000000000000000056 ) ) ;
#5028 = CARTESIAN_POINT ( 'NONE',  ( 11.50656944426845918, -25.58785876106594870, -0.1000000000000000056 ) ) ;
#5029 = CARTESIAN_POINT ( 'NONE',  ( -29.40964454308364040, 11.67438994136147556, 9.324905178104350156 ) ) ;
#5030 = DIRECTION ( 'NONE',  ( 0.000000000000000000, 0.000000000000000000, 1.000000000000000000 ) ) ;
#5031 = CARTESIAN_POINT ( 'NONE',  ( 30.50890083410688902, -12.47218833466672017, 11.00343892164976189 ) ) ;
#5032 = AXIS2_PLACEMENT_3D ( 'NONE', #6017, #6486, #3009 ) ;
#5033 = CARTESIAN_POINT ( 'NONE',  ( 17.99907478743976696, 17.40386220016376129, 0.9313509282502248077 ) ) ;
#5034 = CARTESIAN_POINT ( 'NONE',  ( -9.498665215650426319, 23.11809912705206926, 0.6333999595350625622 ) ) ;
#5035 = CARTESIAN_POINT ( 'NONE',  ( -14.25871878879060439, -26.07344916341953933, 7.505400237498114357 ) ) ;
#5036 = CARTESIAN_POINT ( 'NONE',  ( 30.95546684356545697, -8.795528024520276489, 10.00000000000000178 ) ) ;
#5037 = ORIENTED_EDGE ( 'NONE', *, *, #6048, .T. ) ;
#5038 = CARTESIAN_POINT ( 'NONE',  ( -26.96343909217680235, -10.68428008482349512, 5.983336932291965837 ) ) ;
#5039 = CARTESIAN_POINT ( 'NONE',  ( -28.23164243949678465, -14.69729404880777324, 9.999898275277809390 ) ) ;
#5040 = AXIS2_PLACEMENT_3D ( 'NONE', #5658, #3151, #2647 ) ;
#5041 = CARTESIAN_POINT ( 'NONE',  ( 26.51410793274562394, 11.65414987521194590, 5.973906831046333465 ) ) ;
#5042 = CARTESIAN_POINT ( 'NONE',  ( -22.55949972776569012, 21.81262580503912929, 9.270086641745319156 ) ) ;
#5043 = CARTESIAN_POINT ( 'NONE',  ( -10.61004762361888787, -25.75224126910052647, 5.586577655400118303 ) ) ;
#5044 = CARTESIAN_POINT ( 'NONE',  ( -29.26751024106402355, -13.13827609388883033, 23.01000000000000156 ) ) ;
#5045 = CARTESIAN_POINT ( 'NONE',  ( -19.05385823694277292, 25.84781799477675435, 9.999999800321145216 ) ) ;
#5046 = CARTESIAN_POINT ( 'NONE',  ( -28.12954767357003760, -13.86200538930015114, 9.266907340958107753 ) ) ;
#5047 = CARTESIAN_POINT ( 'NONE',  ( -15.84705721728058414, -23.17358821723919604, -0.1000000000000001998 ) ) ;
#5048 = CARTESIAN_POINT ( 'NONE',  ( 29.88450470128837111, 11.92255984194084739, 10.00020937948470845 ) ) ;
#5049 = CARTESIAN_POINT ( 'NONE',  ( 31.68360394200810148, 1.454915486754957632, 9.333700032198628094 ) ) ;
#5050 = CARTESIAN_POINT ( 'NONE',  ( 20.27721600697156390, 18.63005358345600726, 4.252601264638041556 ) ) ;
#5051 = CARTESIAN_POINT ( 'NONE',  ( -21.65723184738879326, -20.92940203620897677, 7.609521464015739589 ) ) ;
#5052 = CARTESIAN_POINT ( 'NONE',  ( 33.29710143778588360, -13.66717793685258187, 10.00000000000000888 ) ) ;
#5053 = CARTESIAN_POINT ( 'NONE',  ( 4.028193842544062875, 25.30299599411671707, 1.809192908484753781 ) ) ;
#5054 = CARTESIAN_POINT ( 'NONE',  ( 13.59497610995857997, -24.60220976386068870, 3.057686511805387484E-05 ) ) ;
#5055 = CARTESIAN_POINT ( 'NONE',  ( 22.93174130430053381, -22.23383386666707295, 10.00000000000222400 ) ) ;
#5056 = CARTESIAN_POINT ( 'NONE',  ( 21.84311274879166476, -20.68444399398075007, 7.602484131861376504 ) ) ;
#5057 = DIRECTION ( 'NONE',  ( -1.000000000000000000, 0.000000000000000000, 0.000000000000000000 ) ) ;
#5058 = LINE ( 'NONE', #3624, #3550 ) ;
#5059 = CARTESIAN_POINT ( 'NONE',  ( -23.49935786965474804, -22.64602945093387376, 10.93582727684413314 ) ) ;
#5060 = CARTESIAN_POINT ( 'NONE',  ( 25.86390844503154440, 24.58080303548451440, 15.00000000000000000 ) ) ;
#5061 = CARTESIAN_POINT ( 'NONE',  ( 8.918140051884737574, -26.65405274097052413, -0.09999999999999999167 ) ) ;
#5062 = CARTESIAN_POINT ( 'NONE',  ( -29.44124342298334440, 11.59746403166639972, 9.325173965413839028 ) ) ;
#5063 = CARTESIAN_POINT ( 'NONE',  ( -32.30473228389467977, -15.38506250034377487, 10.00000000000000178 ) ) ;
#5064 = CARTESIAN_POINT ( 'NONE',  ( 29.18732962900395478, -12.18233213814643712, 9.328092079851460383 ) ) ;
#5065 = CARTESIAN_POINT ( 'NONE',  ( 18.93388614894926292, 18.26504516653809063, 2.599766870050769008 ) ) ;
#5066 = CARTESIAN_POINT ( 'NONE',  ( -11.36122097583611534, 25.62612657441334107, 5.651536211693676925 ) ) ;
#5067 = CARTESIAN_POINT ( 'NONE',  ( -15.27789256437580434, -21.45564300574732997, 2.624333698214285970 ) ) ;
#5068 = CARTESIAN_POINT ( 'NONE',  ( 22.39510729860861815, -22.93212985062952569, 10.00000000000000178 ) ) ;
#5069 = EDGE_CURVE ( 'NONE', #6024, #1565, #501, .T. ) ;
#5070 = ORIENTED_EDGE ( 'NONE', *, *, #5282, .F. ) ;
#5071 = CARTESIAN_POINT ( 'NONE',  ( -29.46239931805494194, -11.54511036877592467, 9.325303549531168912 ) ) ;
#5072 = CARTESIAN_POINT ( 'NONE',  ( -20.22266126295473754, 29.72711633310277435, 10.00000000000000000 ) ) ;
#5073 = CARTESIAN_POINT ( 'NONE',  ( 26.30821471146878920, 12.02886582438249263, 5.962436574092637720 ) ) ;
#5074 = CARTESIAN_POINT ( 'NONE',  ( -18.20024373889197378, 17.19115131532623408, 0.9225562569244699640 ) ) ;
#5075 = CARTESIAN_POINT ( 'NONE',  ( -10.04785875826909880, -27.50483662955916131, 8.789295181922634370 ) ) ;
#5076 = CARTESIAN_POINT ( 'NONE',  ( -29.65361317545012909, -12.43440666690376695, 23.01000000000000156 ) ) ;
#5077 = CARTESIAN_POINT ( 'NONE',  ( -22.80164741599421063, 22.40786049092103838, 9.999999999557081409 ) ) ;
#5078 = CARTESIAN_POINT ( 'NONE',  ( -23.67984625464331216, -11.47079421010504952, 2.603038298123872885 ) ) ;
#5079 = CARTESIAN_POINT ( 'NONE',  ( 29.77555782130175643, 12.16897398004636166, 9.999999513774122661 ) ) ;
#5080 = CARTESIAN_POINT ( 'NONE',  ( 30.93522878739112159, -6.690335123422393337, 9.333656316891733695 ) ) ;
#5081 = CARTESIAN_POINT ( 'NONE',  ( 20.13178279459540221, 18.80744945514112487, 4.258482312168536232 ) ) ;
#5082 = CARTESIAN_POINT ( 'NONE',  ( -22.55000029015292995, -21.83428522604594235, 9.278672926807502108 ) ) ;
#5083 = ADVANCED_FACE ( 'NONE', ( #2019 ), #570, .T. ) ;
#5084 = CARTESIAN_POINT ( 'NONE',  ( -1.543344903345897468, 28.26591759370797874, 10.06804967627832426 ) ) ;
#5085 = CARTESIAN_POINT ( 'NONE',  ( 25.04753615134397293, -12.75617805775940816, 1.934006915886968245E-06 ) ) ;
#5086 = CARTESIAN_POINT ( 'NONE',  ( 22.93191325069023634, -22.23359867486649932, 9.999999003032629119 ) ) ;
#5087 = CARTESIAN_POINT ( 'NONE',  ( 18.32818716368326406, -17.05297125522026036, 0.9163921765405963482 ) ) ;
#5088 = CARTESIAN_POINT ( 'NONE',  ( 22.51535871110750975, 22.77440475133882458, 23.01000000000000156 ) ) ;
#5089 = CARTESIAN_POINT ( 'NONE',  ( -12.75653151897559212, -31.40176592948167666, 23.01000000000000156 ) ) ;
#5090 = CARTESIAN_POINT ( 'NONE',  ( -18.18021928396191811, -17.21251381655450885, 0.9232845653456595025 ) ) ;
#5091 = CARTESIAN_POINT ( 'NONE',  ( 22.68670981339530712, 16.67674135466954155, -4.919369802162120631E-06 ) ) ;
#5092 = CARTESIAN_POINT ( 'NONE',  ( -11.30410368691427792, -25.13712060214260546, -0.8889690687347078235 ) ) ;
#5093 = CARTESIAN_POINT ( 'NONE',  ( -25.79195901466895435, 10.05832124053383048, 4.312697335966946710 ) ) ;
#5094 = CARTESIAN_POINT ( 'NONE',  ( 35.48218064753591250, 6.090924115048545140, 23.00999999999999801 ) ) ;
#5095 = CARTESIAN_POINT ( 'NONE',  ( 29.28376048733587922, -11.98226485212188663, 9.331098365021624375 ) ) ;
#5096 = CARTESIAN_POINT ( 'NONE',  ( 18.61423567974713578, 18.61416014629745774, 2.612394626554515487 ) ) ;
#5097 = CARTESIAN_POINT ( 'NONE',  ( -11.06521429596264383, 25.67585508861904486, 5.622462659226411752 ) ) ;
#5098 = CARTESIAN_POINT ( 'NONE',  ( -17.89221841655606227, -17.51475253112095842, 0.9355380282783543056 ) ) ;
#5099 = CARTESIAN_POINT ( 'NONE',  ( 18.97678215004220803, -25.90673900098325788, 10.00000000000000178 ) ) ;
#5100 = ORIENTED_EDGE ( 'NONE', *, *, #1668, .F. ) ;
#5101 = CARTESIAN_POINT ( 'NONE',  ( -27.02790819487885088, -10.52206202206122576, 5.983577321745818800 ) ) ;
#5102 = CARTESIAN_POINT ( 'NONE',  ( -13.04654273993225999, 27.94575493377759656, 23.01000000000000156 ) ) ;
#5103 = CARTESIAN_POINT ( 'NONE',  ( -34.35374308351180161, -10.99037196115488690, 10.00000000000000000 ) ) ;
#5104 = CARTESIAN_POINT ( 'NONE',  ( 23.11929218510981698, 9.625917618265708242, 0.9676718704596761755 ) ) ;
#5105 = CARTESIAN_POINT ( 'NONE',  ( -21.66552333300026945, 20.91164127822300856, 7.602508745247905431 ) ) ;
#5106 = CARTESIAN_POINT ( 'NONE',  ( -11.75869390378556822, -27.43569855523812606, 8.909638246522325389 ) ) ;
#5107 = CYLINDRICAL_SURFACE ( 'NONE', #704, 11.00000000000000711 ) ;
#5108 = CARTESIAN_POINT ( 'NONE',  ( -29.87596360709045484, -11.95037127149663903, 23.01000000000000156 ) ) ;
#5109 = CARTESIAN_POINT ( 'NONE',  ( -22.80753800579648427, 22.40010078548384698, 10.00000003041066599 ) ) ;
#5110 = CARTESIAN_POINT ( 'NONE',  ( -27.11378429214991215, -13.12503569797173064, 7.604795565569343552 ) ) ;
#5111 = CARTESIAN_POINT ( 'NONE',  ( -31.76728016155304957, -16.15239761009183539, 10.00000000000000000 ) ) ;
#5112 = CARTESIAN_POINT ( 'NONE',  ( 25.68837175906576675, 17.42334670343484859, 9.222508609737051444 ) ) ;
#5113 = FACE_OUTER_BOUND ( 'NONE', #848, .T. ) ;
#5114 = CARTESIAN_POINT ( 'NONE',  ( 0.4841496706852222442, 24.95321050761156556, 0.05306468147669692048 ) ) ;
#5115 = CARTESIAN_POINT ( 'NONE',  ( 18.18840975967321327, 21.38242053427311617, -0.1000000000000000888 ) ) ;
#5116 = CARTESIAN_POINT ( 'NONE',  ( 29.77861705882928334, -12.16303854545253316, 9.999998460829518265 ) ) ;
#5117 = CARTESIAN_POINT ( 'NONE',  ( 23.43564597183179643, -22.75394679587288493, 10.94869250657156456 ) ) ;
#5118 = DIRECTION ( 'NONE',  ( -1.000000000000000000, 0.000000000000000000, 0.000000000000000000 ) ) ;
#5119 = B_SPLINE_CURVE_WITH_KNOTS ( 'NONE', 3,
 ( #3004, #6133, #2049, #1523, #4658, #2631, #2078, #564, #1025, #3530, #3036, #5518, #2565, #4564, #124, #3589, #626, #2133, #4535, #4156 ),
 .UNSPECIFIED., .F., .F.,
 ( 4, 2, 2, 2, 2, 2, 2, 1, 1, 2, 4 ),
 ( 0.4639496837944695473, 0.4729622628458521882, 0.4774685523715435087, 0.4819748418972348292, 0.4909874209486174146, 0.4954937104743087350, 0.4977468552371543953, 0.4988734276185771699, 0.4994367138092885572, 0.4997183569046442786, 0.5000000000000000000 ),
 .UNSPECIFIED. ) ;
#5120 = DIRECTION ( 'NONE',  ( 0.000000000000000000, 0.000000000000000000, 1.000000000000000000 ) ) ;
#5121 = CARTESIAN_POINT ( 'NONE',  ( -19.06537918550361965, -18.11655312374272597, 2.593795420125396767 ) ) ;
#5122 = CARTESIAN_POINT ( 'NONE',  ( -16.52592507334468408, -31.10996755904757904, 9.999999999999987566 ) ) ;
#5123 = CARTESIAN_POINT ( 'NONE',  ( -25.75355821700856396, 10.15540569539448335, 4.312568464396058232 ) ) ;
#5124 = CARTESIAN_POINT ( 'NONE',  ( 25.72637540053064598, -10.22965890817734547, 4.315557030910921910 ) ) ;
#5125 = CARTESIAN_POINT ( 'NONE',  ( 20.43725008173156965, 20.42121019213771405, 5.949304950461434593 ) ) ;
#5126 = CARTESIAN_POINT ( 'NONE',  ( -12.32577484115995681, 27.40620260741912517, 8.952327595190503473 ) ) ;
#5127 = CARTESIAN_POINT ( 'NONE',  ( 25.93895155344650050, -18.04916707666907527, 10.00000000000000178 ) ) ;
#5128 = ORIENTED_EDGE ( 'NONE', *, *, #1852, .F. ) ;
#5129 = CARTESIAN_POINT ( 'NONE',  ( -24.50552286102483990, -9.722046240105431281, 2.641605252516393332 ) ) ;
#5130 = CARTESIAN_POINT ( 'NONE',  ( -23.41055959961339283, 27.54759671926454700, 10.00000000000000000 ) ) ;
#5131 = AXIS2_PLACEMENT_3D ( 'NONE', #2206, #3139, #4727 ) ;
#5132 = CARTESIAN_POINT ( 'NONE',  ( 26.88458841162027824, 10.88328546879593794, 5.987211368890116958 ) ) ;
#5133 = CARTESIAN_POINT ( 'NONE',  ( -18.20880621483898665, 17.18197287897125847, 0.9221519514595256650 ) ) ;
#5134 = CARTESIAN_POINT ( 'NONE',  ( -10.38661242408485741, -24.85006237288205710, 3.954226073062772961 ) ) ;
#5135 = CARTESIAN_POINT ( 'NONE',  ( -4.796280951012960259, -24.64541946369847381, 0.5663291912789804039 ) ) ;
#5136 = CARTESIAN_POINT ( 'NONE',  ( -24.74971780536770183, -19.72191911852898372, 23.01000000000000156 ) ) ;
#5137 = CARTESIAN_POINT ( 'NONE',  ( -30.36238606530626427, -10.65218990394449605, 10.00000173540803949 ) ) ;
#5138 = EDGE_LOOP ( 'NONE', ( #3911, #2143, #2030, #2002, #3541, #1136 ) ) ;
#5139 = CARTESIAN_POINT ( 'NONE',  ( -28.20529163222723312, -13.75031216395290556, 9.269694044456485926 ) ) ;
#5140 = CARTESIAN_POINT ( 'NONE',  ( -34.35349372681382363, -10.99101208059660983, 10.00000000000000000 ) ) ;
#5141 = CARTESIAN_POINT ( 'NONE',  ( 20.23515177962285350, 14.74511684503928954, 0.8596912136877051802 ) ) ;
#5142 = CARTESIAN_POINT ( 'NONE',  ( -12.75653151897559212, -31.40176592948167666, 10.00000000000000000 ) ) ;
#5143 = CARTESIAN_POINT ( 'NONE',  ( -1.429647034204635458, 27.17350070363777448, 6.725592496769381867 ) ) ;
#5144 = EDGE_CURVE ( 'NONE', #1534, #2059, #10, .T. ) ;
#5145 = CARTESIAN_POINT ( 'NONE',  ( 9.131380035933240435, -26.61180102603633202, 8.231159338736735104E-05 ) ) ;
#5146 = CARTESIAN_POINT ( 'NONE',  ( 29.88333682256309487, -11.92286784548054968, 10.00000490279479770 ) ) ;
#5147 = CARTESIAN_POINT ( 'NONE',  ( 19.90288606554390327, -19.08457537005140026, 4.268555591805722749 ) ) ;
#5148 = CARTESIAN_POINT ( 'NONE',  ( 32.30473228387587170, 15.38506250034567735, 23.01000000000000156 ) ) ;
#5149 = DIRECTION ( 'NONE',  ( -0.000000000000000000, -0.000000000000000000, -1.000000000000000000 ) ) ;
#5150 = CARTESIAN_POINT ( 'NONE',  ( -20.97684869567980570, -19.75109513612004264, 5.925851192481013996 ) ) ;
#5151 = CARTESIAN_POINT ( 'NONE',  ( -16.14131765225859994, -27.25614457439339589, 15.00000000000000000 ) ) ;
#5152 = CARTESIAN_POINT ( 'NONE',  ( -23.11956682171994970, -15.89713281066390138, -0.09999999999999981126 ) ) ;
#5153 = CARTESIAN_POINT ( 'NONE',  ( -29.94050399426533104, 13.45253559023310608, 10.96495435023465248 ) ) ;
#5154 = DIRECTION ( 'NONE',  ( -0.000000000000000000, -0.000000000000000000, -1.000000000000000000 ) ) ;
#5155 = CARTESIAN_POINT ( 'NONE',  ( 23.74301318804326755, -11.35405962695618065, 2.608636400835052438 ) ) ;
#5156 = B_SPLINE_SURFACE_WITH_KNOTS ( 'NONE', 3, 1, ( 
 ( #3324, #6226 ),
 ( #2326, #1243 ),
 ( #823, #2824 ),
 ( #4352, #2227 ),
 ( #5762, #6362 ),
 ( #180, #3678 ),
 ( #1175, #3192 ),
 ( #5210, #683 ),
 ( #2689, #4714 ),
 ( #2195, #750 ),
 ( #5274, #1734 ),
 ( #3714, #4246 ),
 ( #1208, #6262 ),
 ( #2754, #3750 ),
 ( #4780, #247 ),
 ( #953, #5444 ),
 ( #5901, #385 ),
 ( #4490, #1380 ),
 ( #2957, #3360 ),
 ( #983, #3883 ),
 ( #2990, #920 ),
 ( #5013, #423 ),
 ( #3391, #1873 ),
 ( #6466, #2464 ),
 ( #1908, #4981 ),
 ( #2925, #4880 ),
 ( #3986, #3486 ),
 ( #1414, #4915 ),
 ( #3849, #2357 ),
 ( #6000, #5410 ),
 ( #4951, #2428 ),
 ( #1346, #6498 ),
 ( #4456, #888 ),
 ( #1478, #1941 ),
 ( #4386, #2888 ),
 ( #5506, #3426 ),
 ( #351, #455 ),
 ( #488, #6395 ),
 ( #1972, #5932 ),
 ( #2393, #4422 ),
 ( #2493, #6433 ),
 ( #5376, #4523 ),
 ( #3950, #3460 ),
 ( #1836, #5966 ),
 ( #853, #3917 ),
 ( #2857, #1447 ),
 ( #5863, #5477 ),
 ( #1101, #4614 ),
 ( #2036, #2648 ),
 ( #4551, #4581 ),
 ( #1603, #1509 ),
 ( #520, #2008 ),
 ( #3639, #3518 ),
 ( #4113, #2522 ),
 ( #1134, #4077 ),
 ( #5659, #582 ),
 ( #642, #1540 ),
 ( #2065, #3608 ),
 ( #1042, #3152 ),
 ( #3022, #6149 ),
 ( #4019, #6030 ),
 ( #83, #3054 ),
 ( #6121, #5569 ),
 ( #2093, #6531 ),
 ( #5535, #6060 ),
 ( #5630, #4049 ),
 ( #1015, #2616 ),
 ( #25, #5167 ),
 ( #5108, #1572 ),
 ( #5076, #551 ),
 ( #3576, #2550 ),
 ( #5044, #3118 ),
 ( #54, #6089 ),
 ( #5599, #1071 ),
 ( #2584, #3087 ),
 ( #5136, #614 ),
 ( #4643, #4143 ),
 ( #111, #2119 ),
 ( #1272, #1726 ),
 ( #4172, #3215 ),
 ( #3669, #2253 ),
 ( #5789, #6182 ),
 ( #3284, #2746 ),
 ( #170, #814 ),
 ( #2680, #2713 ),
 ( #6289, #1662 ),
 ( #3810, #4809 ),
 ( #1797, #5687 ),
 ( #4274, #674 ),
 ( #5824, #2220 ),
 ( #6323, #5266 ),
 ( #3741, #4772 ),
 ( #3776, #1763 ),
 ( #1167, #5301 ),
 ( #777, #3317 ),
 ( #2150, #139 ) ),
 .UNSPECIFIED., .F., .F., .F.,
 ( 4, 2, 2, 2, 2, 2, 2, 2, 2, 2, 2, 2, 2, 2, 2, 2, 2, 2, 2, 2, 2, 2, 2, 2, 2, 2, 2, 2, 2, 2, 2, 2, 2, 2, 2, 2, 2, 2, 2, 2, 2, 2, 2, 2, 2, 1, 1, 2, 4 ),
 ( 2, 2 ),
 ( 0.4999999998482298480, 0.5078125000000049960, 0.5156250000000049960, 0.5234375000000048850, 0.5273437500000048850, 0.5312500000000048850, 0.5625000000000046629, 0.5937500000000044409, 0.6250000000000042188, 0.6406250000000041078, 0.6484375000000039968, 0.6523437500000039968, 0.6562500000000039968, 0.6640625000000038858, 0.6718750000000038858, 0.6875000000000038858, 0.7031250000000038858, 0.7109375000000037748, 0.7148437500000037748, 0.7187500000000037748, 0.7500000000000033307, 0.7656250000000031086, 0.7695312500000031086, 0.7734375000000029976, 0.7773437500000029976, 0.7812500000000029976, 0.7968750000000027756, 0.8125000000000025535, 0.8281250000000023315, 0.8437500000000021094, 0.8593750000000018874, 0.8750000000000016653, 0.8906250000000014433, 0.8945312500000014433, 0.8984375000000013323, 0.9023437500000013323, 0.9062500000000013323, 0.9375000000000008882, 0.9531250000000006661, 0.9570312500000006661, 0.9609375000000005551, 0.9687500000000005551, 0.9843750000000003331, 0.9921875000000002220, 0.9960937500000002220, 0.9980468750000002220, 0.9990234375000001110, 0.9995117187500001110, 1.000000000000000000 ),
 ( 0.000000000000000000, 1.000000000000000000 ),
 .UNSPECIFIED. ) ;
#5157 = CARTESIAN_POINT ( 'NONE',  ( 22.34169151958693433, 22.10876093131870235, 9.281039034067088522 ) ) ;
#5158 = CARTESIAN_POINT ( 'NONE',  ( -18.82897253819797356, -18.38318572340529400, 2.605733516373699654 ) ) ;
#5159 = CARTESIAN_POINT ( 'NONE',  ( 29.22622414184631978, 13.20541583028446553, 10.00000000000000178 ) ) ;
#5160 = CARTESIAN_POINT ( 'NONE',  ( 20.31356187732151497, 19.30580849063138515, -0.1000000000000000194 ) ) ;
#5161 = CARTESIAN_POINT ( 'NONE',  ( -27.02258709161264960, -10.53573031542561544, 5.983577322808813825 ) ) ;
#5162 = DIRECTION ( 'NONE',  ( 0.5734630522039347866, 0.8192314250301603318, 0.000000000000000000 ) ) ;
#5163 = CARTESIAN_POINT ( 'NONE',  ( 26.61423703039319477, 11.46526566678428694, 5.978972589750094713 ) ) ;
#5164 = CARTESIAN_POINT ( 'NONE',  ( -18.87296993846065263, 22.05402055930270677, 5.986349895815356703 ) ) ;
#5165 = CARTESIAN_POINT ( 'NONE',  ( -11.34313263480886036, -26.56733035897586603, 7.263704925138393165 ) ) ;
#5166 = CARTESIAN_POINT ( 'NONE',  ( -18.21957421102894870, -17.26433073040506727, 1.008230375693567327 ) ) ;
#5167 = CARTESIAN_POINT ( 'NONE',  ( -29.97368944290445469, -11.70444971396805300, 10.00000000000000178 ) ) ;
#5168 = CARTESIAN_POINT ( 'NONE',  ( -30.01118523870007593, -11.60544765525980360, 10.00017414441665586 ) ) ;
#5169 = ORIENTED_EDGE ( 'NONE', *, *, #4801, .F. ) ;
#5170 = CARTESIAN_POINT ( 'NONE',  ( -26.97431298787189391, -13.34039670679888268, 7.598809440171258700 ) ) ;
#5171 = CARTESIAN_POINT ( 'NONE',  ( -26.40962446880314474, 23.80376877742763497, 10.00000000000000000 ) ) ;
#5172 = CARTESIAN_POINT ( 'NONE',  ( -32.30473228389467977, -15.38506250034376777, 23.01000000000000156 ) ) ;
#5173 = CARTESIAN_POINT ( 'NONE',  ( 19.24038252140996264, 16.01195305939824465, 0.8808628318473877838 ) ) ;
#5174 = CARTESIAN_POINT ( 'NONE',  ( 9.350998797596574263, -23.17614313766118173, 0.6180007315953945923 ) ) ;
#5175 =( NAMED_UNIT ( * ) SI_UNIT ( $, .STERADIAN. ) SOLID_ANGLE_UNIT ( ) );
#5176 = CARTESIAN_POINT ( 'NONE',  ( 15.95185891487850505, -31.08079655191355073, 23.00999999999999801 ) ) ;
#5177 = CARTESIAN_POINT ( 'NONE',  ( 13.35639902258539458, -24.78307540718715529, 0.000000000000000000 ) ) ;
#5178 = CARTESIAN_POINT ( 'NONE',  ( 11.62449936365702285, 27.43700903603038199, 8.891847893650259849 ) ) ;
#5179 = CARTESIAN_POINT ( 'NONE',  ( -20.36851580341699020, -19.35803615984721304, 0.000000000000000000 ) ) ;
#5180 = CARTESIAN_POINT ( 'NONE',  ( 18.20013477674564939, -17.19103474411105736, 0.9223457804358520251 ) ) ;
#5181 = EDGE_CURVE ( 'NONE', #2650, #5661, #1429, .T. ) ;
#5182 = CARTESIAN_POINT ( 'NONE',  ( -24.17967319225807543, 6.763725024891414250, 1.042120843776603634 ) ) ;
#5183 = CARTESIAN_POINT ( 'NONE',  ( 24.98542985559442187, 12.71440132431670555, -0.1000000000000000056 ) ) ;
#5184 = CARTESIAN_POINT ( 'NONE',  ( -21.08938882651010616, -19.60766223876487402, 5.921503978266958512 ) ) ;
#5185 = FACE_OUTER_BOUND ( 'NONE', #1472, .T. ) ;
#5186 = CARTESIAN_POINT ( 'NONE',  ( -25.72373767614023521, -11.11668836880045674, -0.1000000000000000611 ) ) ;
#5187 = CARTESIAN_POINT ( 'NONE',  ( -26.54858172322051146, 11.58372863629833205, 5.971072915375636114 ) ) ;
#5188 = CARTESIAN_POINT ( 'NONE',  ( 23.84224456738186859, -11.16655356567359902, 2.615740633863203879 ) ) ;
#5189 = ADVANCED_BREP_SHAPE_REPRESENTATION ( 'Outer_3D_Printed_Housing', ( #2155, #2820 ), #1879 ) ;
#5190 = CARTESIAN_POINT ( 'NONE',  ( 20.73690498923279790, 20.05504405365340759, 5.936017386860956258 ) ) ;
#5191 = CARTESIAN_POINT ( 'NONE',  ( -22.86691061128857427, -23.52649803421748231, 10.97583420257295472 ) ) ;
#5192 = CARTESIAN_POINT ( 'NONE',  ( 32.15682450010766757, -1.251298347430582325, 23.01000000000000156 ) ) ;
#5193 = ORIENTED_EDGE ( 'NONE', *, *, #3824, .F. ) ;
#5194 = CARTESIAN_POINT ( 'NONE',  ( -25.66092376357410032, -6.283569469114841155, 2.641772686777787094 ) ) ;
#5195 = CARTESIAN_POINT ( 'NONE',  ( -33.54831973005866530, 13.05795708718667569, 10.00000000000000000 ) ) ;
#5196 = CARTESIAN_POINT ( 'NONE',  ( 28.57115060425411812, -10.18722778448937483, 7.661068157521343736 ) ) ;
#5197 = CARTESIAN_POINT ( 'NONE',  ( 13.04184346809885930, 27.35546826840185730, 9.020160943087773830 ) ) ;
#5198 = CARTESIAN_POINT ( 'NONE',  ( -22.32372365332945563, 22.13455668418388811, 9.282181752809309572 ) ) ;
#5199 = CARTESIAN_POINT ( 'NONE',  ( -10.72798510197954336, -25.73375318017007984, 5.596735912506632715 ) ) ;
#5200 = CARTESIAN_POINT ( 'NONE',  ( -18.21957421102894870, -17.26433073040506727, 1.008230375693567327 ) ) ;
#5201 = DIRECTION ( 'NONE',  ( -0.8190726478478592698, -0.5736898095203512016, 0.000000000000000000 ) ) ;
#5202 = CARTESIAN_POINT ( 'NONE',  ( -30.00237987336103274, 11.62777963978554219, 10.00003547148581795 ) ) ;
#5203 = ORIENTED_EDGE ( 'NONE', *, *, #2315, .F. ) ;
#5204 = CARTESIAN_POINT ( 'NONE',  ( -27.33933667210738605, -12.77444534694166833, 7.615239013584922390 ) ) ;
#5205 = CARTESIAN_POINT ( 'NONE',  ( -25.46854617450841118, -10.10028505476538996, -0.8889690687347078235 ) ) ;
#5206 = CARTESIAN_POINT ( 'NONE',  ( 25.75194069928955898, 18.30181550585753669, 9.999997663224297284 ) ) ;
#5207 = CARTESIAN_POINT ( 'NONE',  ( 25.85088262787341407, 15.05854550044728590, 7.565656058200850076 ) ) ;
#5208 = CARTESIAN_POINT ( 'NONE',  ( -27.23281932263841298, 12.93832531100604122, 7.610048976280391564 ) ) ;
#5209 = CARTESIAN_POINT ( 'NONE',  ( 11.09371738076290015, -25.67404285343614134, 5.630023354565921956 ) ) ;
#5210 = CARTESIAN_POINT ( 'NONE',  ( 12.76863570107982682, 27.97395954380702676, 23.01000000000000156 ) ) ;
#5211 = CARTESIAN_POINT ( 'NONE',  ( 13.62528030523505329, 27.87616401349201922, 9.999997239392861559 ) ) ;
#5212 = CARTESIAN_POINT ( 'NONE',  ( 10.60264475410246021, -31.39853279103613914, 9.999999999999998224 ) ) ;
#5213 = CARTESIAN_POINT ( 'NONE',  ( 11.93727140451518487, 27.42364893163685480, 8.914660769254059147 ) ) ;
#5214 = CARTESIAN_POINT ( 'NONE',  ( -25.87071190358070183, 24.57364245468912500, 23.01000000000000156 ) ) ;
#5215 = CARTESIAN_POINT ( 'NONE',  ( 20.81835872283489053, -19.95919991543799554, 5.937450908086437273 ) ) ;
#5216 = CARTESIAN_POINT ( 'NONE',  ( -6.335828795150639792, 24.29519794512795627, 0.6300710343033918415 ) ) ;
#5217 = CARTESIAN_POINT ( 'NONE',  ( 25.51746358261322811, 11.58401317987000390, -0.1000000000000001443 ) ) ;
#5218 = CARTESIAN_POINT ( 'NONE',  ( -21.76337829597101958, -20.78044647032104919, 7.598524651423523402 ) ) ;
#5219 = CARTESIAN_POINT ( 'NONE',  ( -19.62618443227054144, -20.02631827761457828, -0.1000000000000000056 ) ) ;
#5220 = CARTESIAN_POINT ( 'NONE',  ( -29.18125368504975370, 12.17988488147835646, 9.319776979570210784 ) ) ;
#5221 = CARTESIAN_POINT ( 'NONE',  ( 22.57365315508893744, -10.83226146062154172, 0.9370531293674555506 ) ) ;
#5222 = CARTESIAN_POINT ( 'NONE',  ( 23.36985294433994298, 22.83384473285322969, 10.94181348113343333 ) ) ;
#5223 = CARTESIAN_POINT ( 'NONE',  ( -20.43982840497257669, -20.42396992169684111, 5.954207115656021898 ) ) ;
#5224 = CARTESIAN_POINT ( 'NONE',  ( 32.02445618241111447, -3.291264047741209620, 10.00000000000000178 ) ) ;
#5225 = EDGE_LOOP ( 'NONE', ( #5279, #1503, #3110, #545 ) ) ;
#5226 = CARTESIAN_POINT ( 'NONE',  ( -28.26909359236076824, -10.97234631101039959, 7.654457303195764339 ) ) ;
#5227 = CARTESIAN_POINT ( 'NONE',  ( 29.18177644380558533, -8.320572506956589010, 7.661062662426938452 ) ) ;
#5228 = CARTESIAN_POINT ( 'NONE',  ( 13.37590821473852820, 26.29077681794373689, 7.440719322230849642 ) ) ;
#5229 = CARTESIAN_POINT ( 'NONE',  ( -17.17109391139810270, 20.02727833669459301, 2.644469444717769679 ) ) ;
#5230 = CARTESIAN_POINT ( 'NONE',  ( -10.84585266186861041, -25.71505515790020624, 5.606948443867350917 ) ) ;
#5231 = CARTESIAN_POINT ( 'NONE',  ( 0.000000000000000000, 0.000000000000000000, -40.00000000000000000 ) ) ;
#5232 = CARTESIAN_POINT ( 'NONE',  ( -30.90583116964761246, 9.012829156513983975, 9.999996815803617878 ) ) ;
#5233 = ORIENTED_EDGE ( 'NONE', *, *, #4868, .T. ) ;
#5234 = CARTESIAN_POINT ( 'NONE',  ( -28.50770645475743947, -13.30310258571188875, 9.281710174668967639 ) ) ;
#5235 = CARTESIAN_POINT ( 'NONE',  ( -33.29710143776780029, 13.66717793673435644, 9.999999999999998224 ) ) ;
#5236 = AXIS2_PLACEMENT_3D ( 'NONE', #4804, #3346, #6318 ) ;
#5237 = CARTESIAN_POINT ( 'NONE',  ( 23.62391548246323580, 21.28311960771915423, 10.00001582104751385 ) ) ;
#5238 = CARTESIAN_POINT ( 'NONE',  ( 25.06398538960961275, 20.41091611711544118, 10.90728865811819936 ) ) ;
#5239 = CARTESIAN_POINT ( 'NONE',  ( -23.59737462433492183, 16.20886356754078861, 5.874773645687701773 ) ) ;
#5240 = CARTESIAN_POINT ( 'NONE',  ( 12.12929058581413067, -27.41874518876644728, 8.940284296595578439 ) ) ;
#5241 = AXIS2_PLACEMENT_3D ( 'NONE', #274, #239, #2287 ) ;
#5242 = DIRECTION ( 'NONE',  ( -0.000000000000000000, -0.000000000000000000, -1.000000000000000000 ) ) ;
#5243 = CARTESIAN_POINT ( 'NONE',  ( 13.85718999098486393, 27.84027478397314326, 9.999996863664703639 ) ) ;
#5244 = CARTESIAN_POINT ( 'NONE',  ( 8.918140051884737574, -26.65405274097052413, -0.09999999999999999167 ) ) ;
#5245 = CARTESIAN_POINT ( 'NONE',  ( 11.69033473646695853, 27.43422016727701873, 8.896624298770081651 ) ) ;
#5246 = CARTESIAN_POINT ( 'NONE',  ( 28.91341646693729928, -13.67656987510269140, 9.999999998757514774 ) ) ;
#5247 = CARTESIAN_POINT ( 'NONE',  ( 19.93865753150874554, -19.04157503843000399, 4.266920100860426501 ) ) ;
#5248 = CARTESIAN_POINT ( 'NONE',  ( -9.465333152068600597, 26.74904139903695111, 7.105570638347172618 ) ) ;
#5249 = CARTESIAN_POINT ( 'NONE',  ( 14.45576500544901144, 20.55733975384482548, 1.032285057818063123 ) ) ;
#5250 = CARTESIAN_POINT ( 'NONE',  ( 28.18247860239706881, 0.003902339570636790319, -0.1000000000000001582 ) ) ;
#5251 = CARTESIAN_POINT ( 'NONE',  ( -21.78271535251903757, -20.75480161840696525, 7.597797789949608749 ) ) ;
#5252 = CARTESIAN_POINT ( 'NONE',  ( -21.85413638155054628, 17.71005506901754600, 0.000000000000000000 ) ) ;
#5253 = CARTESIAN_POINT ( 'NONE',  ( -28.13889622941195512, 11.29206899619945936, 7.653474447620319587 ) ) ;
#5254 = CARTESIAN_POINT ( 'NONE',  ( -10.23910384185073319, -28.08377596551492772, 10.00000001408245609 ) ) ;
#5255 = CARTESIAN_POINT ( 'NONE',  ( 27.35974043416203827, -12.74969370933486346, 7.622288193560756930 ) ) ;
#5256 = CARTESIAN_POINT ( 'NONE',  ( 19.90203972384911779, 19.08096117454995166, 4.265063670228290249 ) ) ;
#5257 = CARTESIAN_POINT ( 'NONE',  ( -21.62718015598911236, -20.96945064058490260, 7.611084078806723774 ) ) ;
#5258 = CARTESIAN_POINT ( 'NONE',  ( 32.13276961311071744, -1.762644008301974097, 23.01000000000000156 ) ) ;
#5259 = CARTESIAN_POINT ( 'NONE',  ( 25.92442961721672390, -10.63918707879239456, -0.1000000000000000888 ) ) ;
#5260 = CARTESIAN_POINT ( 'NONE',  ( -27.04384036902426303, -10.48104476920725325, 5.983577307233956866 ) ) ;
#5261 = CARTESIAN_POINT ( 'NONE',  ( 31.23588990786182151, -10.57045215357160295, 11.00623742219281986 ) ) ;
#5262 = CARTESIAN_POINT ( 'NONE',  ( 17.59445111890961400, 24.58922477354238367, 7.633894762096182340 ) ) ;
#5263 = CARTESIAN_POINT ( 'NONE',  ( -23.28298135707565564, 22.96109409760183695, 10.94697525176712638 ) ) ;
#5264 = CARTESIAN_POINT ( 'NONE',  ( -13.11137958394632186, -28.31479560802830875, 10.64044768966892107 ) ) ;
#5265 = CARTESIAN_POINT ( 'NONE',  ( 16.66961496068558901, -18.77556538246934181, 1.040956090596421024 ) ) ;
#5266 = CARTESIAN_POINT ( 'NONE',  ( -16.57968529456820050, -27.09636169709878573, 10.00000000000000178 ) ) ;
#5267 = CARTESIAN_POINT ( 'NONE',  ( -30.34736684638924586, -10.69487970903601060, 10.00000054243114533 ) ) ;
#5268 = ORIENTED_EDGE ( 'NONE', *, *, #662, .F. ) ;
#5269 = CARTESIAN_POINT ( 'NONE',  ( -24.93194717897303647, -11.83879319142206832, 4.276835791582750623 ) ) ;
#5270 = CARTESIAN_POINT ( 'NONE',  ( -26.81466428937028468, -8.579470570737878887, 0.000000000000000000 ) ) ;
#5271 = CARTESIAN_POINT ( 'NONE',  ( 22.33750313979489732, 11.30439529024704726, 0.9197014878854055109 ) ) ;
#5272 = CARTESIAN_POINT ( 'NONE',  ( -26.02142808847275646, 12.49115789952135280, 5.939899989911056721 ) ) ;
#5273 = CARTESIAN_POINT ( 'NONE',  ( -0.5351742243461267146, -26.05844728222989914, 3.397976064023301213 ) ) ;
#5274 = CARTESIAN_POINT ( 'NONE',  ( 11.73779347269874762, 28.02582944082712046, 23.01000000000000156 ) ) ;
#5275 = CARTESIAN_POINT ( 'NONE',  ( 13.00204740057526287, 27.95065018731227369, 10.00000004576122059 ) ) ;
#5276 = CARTESIAN_POINT ( 'NONE',  ( 27.48468057979463097, -22.26797715765501806, 9.999999999999982236 ) ) ;
#5277 = CARTESIAN_POINT ( 'NONE',  ( 11.30986573976797871, 26.56702618999778309, 7.254658862883678339 ) ) ;
#5278 = CARTESIAN_POINT ( 'NONE',  ( 31.42992423120027112, 6.891646708876020710, 9.999999512333456408 ) ) ;
#5279 = ORIENTED_EDGE ( 'NONE', *, *, #298, .T. ) ;
#5280 = CARTESIAN_POINT ( 'NONE',  ( 25.79511614327673641, 10.05715564751299240, 4.315898105092901282 ) ) ;
#5281 = CARTESIAN_POINT ( 'NONE',  ( 21.27274368977607111, -23.42083279028764053, 9.328599891420854107 ) ) ;
#5282 = EDGE_CURVE ( 'NONE', #4645, #3354, #1525, .T. ) ;
#5283 = CARTESIAN_POINT ( 'NONE',  ( -11.98261764188949741, 27.41870493022887345, 8.917430711247035902 ) ) ;
#5284 = CARTESIAN_POINT ( 'NONE',  ( -8.137095461590448053, 23.75267139188542131, 0.7253516197734840576 ) ) ;
#5285 = CARTESIAN_POINT ( 'NONE',  ( 27.08274412942659737, -5.083350570127186607, -0.8889690687347070464 ) ) ;
#5286 = CARTESIAN_POINT ( 'NONE',  ( -20.09367134653357212, -18.84999675829081056, 4.256784116557001951 ) ) ;
#5287 = CARTESIAN_POINT ( 'NONE',  ( 22.55922383108046247, 21.82142645691768834, 9.278254744634834239 ) ) ;
#5288 = CARTESIAN_POINT ( 'NONE',  ( -26.14448567093489828, -8.365091989714457554, -0.8889690687347078235 ) ) ;
#5289 = CARTESIAN_POINT ( 'NONE',  ( -25.51671189073631396, 10.71265603080665230, 4.308304070418152776 ) ) ;
#5290 = CARTESIAN_POINT ( 'NONE',  ( -4.552904829619446758, -28.21381488252239578, 9.999984958398064450 ) ) ;
#5291 = CARTESIAN_POINT ( 'NONE',  ( 27.43389723032419880, -12.63642546188678395, 7.627614984253856534 ) ) ;
#5292 = CARTESIAN_POINT ( 'NONE',  ( 18.98640351131142268, 18.20605053801841677, 2.597431825971919128 ) ) ;
#5293 = CARTESIAN_POINT ( 'NONE',  ( -20.75677042568181463, -20.03595780512532443, 5.940069469048379958 ) ) ;
#5294 = CARTESIAN_POINT ( 'NONE',  ( 32.06615159634031897, 2.856651844438863996, 10.00000000000000178 ) ) ;
#5295 = CARTESIAN_POINT ( 'NONE',  ( 25.92148349199622359, 10.64636305205950961, -0.1000000000000000611 ) ) ;
#5296 = CARTESIAN_POINT ( 'NONE',  ( -24.37616069578096756, -5.969008713199077221, 0.9708926993573879782 ) ) ;
#5297 = CARTESIAN_POINT ( 'NONE',  ( 27.64795481346711270, -2.311341889833639307, 4.315947824914180941 ) ) ;
#5298 = CARTESIAN_POINT ( 'NONE',  ( 10.97264870405641624, 22.49134562376923085, 0.7714554452124967598 ) ) ;
#5299 = CARTESIAN_POINT ( 'NONE',  ( -19.39649163609024995, 19.66486759057440992, 4.286089154535710932 ) ) ;
#5300 = CARTESIAN_POINT ( 'NONE',  ( -10.53176566146614235, -24.81751452480837727, 3.968791292488297540 ) ) ;
#5301 = CARTESIAN_POINT ( 'NONE',  ( -16.20428241195481434, -27.23408151402915323, 10.00000000000000178 ) ) ;
#5302 = CARTESIAN_POINT ( 'NONE',  ( 15.05626121361058978, -20.02777824882392110, 0.9661111464762804912 ) ) ;
#5303 = VERTEX_POINT ( 'NONE', #3169 ) ;
#5304 = CARTESIAN_POINT ( 'NONE',  ( -24.97452979745529689, -11.76394864416529451, 4.279494000866360004 ) ) ;
#5305 = CARTESIAN_POINT ( 'NONE',  ( 24.66160193895964170, 12.31175051810957832, 4.264214681320867228 ) ) ;
#5306 = CARTESIAN_POINT ( 'NONE',  ( -22.09271929139956825, 11.77672754473309524, 0.9034724922158678950 ) ) ;
#5307 = CARTESIAN_POINT ( 'NONE',  ( 3.582637030891776320, -27.69589070356420279, 8.450001819435422945 ) ) ;
#5308 = CARTESIAN_POINT ( 'NONE',  ( 25.13283534890510040, 25.62457611023447157, 10.00000000000000000 ) ) ;
#5309 = CARTESIAN_POINT ( 'NONE',  ( 3.938873519296202996, 28.22110005096536511, 9.999896364754439659 ) ) ;
#5310 = CARTESIAN_POINT ( 'NONE',  ( 22.65772636572297216, -15.57199689451832114, -0.8889690687347099329 ) ) ;
#5311 = CARTESIAN_POINT ( 'NONE',  ( 11.88787861719476524, 27.42577442278224353, 8.911041512125157382 ) ) ;
#5312 = CARTESIAN_POINT ( 'NONE',  ( -22.70883264521492961, -22.52746187401941569, 9.999999976296612303 ) ) ;
#5313 = CARTESIAN_POINT ( 'NONE',  ( 31.89126932740080633, -4.284581796927051656, 10.00000150159567980 ) ) ;
#5314 = CARTESIAN_POINT ( 'NONE',  ( 23.30448398282266353, 9.169871985947876780, 0.9706667547654418415 ) ) ;
#5315 = CARTESIAN_POINT ( 'NONE',  ( 19.72767606430787524, -23.07107007957420564, 7.663928724640756585 ) ) ;
#5316 = CARTESIAN_POINT ( 'NONE',  ( -7.461262880828689603, 26.90914318642916214, 6.962120990152292244 ) ) ;
#5317 = CARTESIAN_POINT ( 'NONE',  ( -35.82171567245215726, 3.878248045075774808, 23.01000000000000512 ) ) ;
#5318 = CARTESIAN_POINT ( 'NONE',  ( 26.12137969278754923, 10.35918995460110992, -0.000000000000000000 ) ) ;
#5319 = CARTESIAN_POINT ( 'NONE',  ( -22.55677655583587793, -17.66781513905086598, 5.881707253065595609 ) ) ;
#5320 = CARTESIAN_POINT ( 'NONE',  ( -25.72681399037439220, 11.10956714039611981, -0.1000000000000001166 ) ) ;
#5321 = CARTESIAN_POINT ( 'NONE',  ( -24.94439284385382294, 11.81577559135671507, 4.277406923249257531 ) ) ;
#5322 = CARTESIAN_POINT ( 'NONE',  ( 11.44325492429623381, -28.03515512745067539, 10.00000004830521938 ) ) ;
#5323 = CARTESIAN_POINT ( 'NONE',  ( 25.73954582215725040, -12.95897401007779237, 5.930205821697511759 ) ) ;
#5324 = CARTESIAN_POINT ( 'NONE',  ( 23.42150578689617291, 22.75863974217816832, 10.93883535259822537 ) ) ;
#5325 = CARTESIAN_POINT ( 'NONE',  ( -22.52072639835744283, -21.87542816666500656, 9.280392735654581671 ) ) ;
#5326 = CARTESIAN_POINT ( 'NONE',  ( -25.13283534893130167, -25.62457611022113113, 10.00000000000000000 ) ) ;
#5327 = CARTESIAN_POINT ( 'NONE',  ( 25.34562723127096362, 10.40966979573164686, -0.8889690687347082676 ) ) ;
#5328 = CARTESIAN_POINT ( 'NONE',  ( -26.94568780533974461, -6.598124095843779457, 4.312652674545168985 ) ) ;
#5329 = CARTESIAN_POINT ( 'NONE',  ( 14.03964778589286766, -31.39805707575742844, 10.00000000000000000 ) ) ;
#5330 = CARTESIAN_POINT ( 'NONE',  ( 30.82651694182444757, -11.69949050230359866, 11.00624027358446888 ) ) ;
#5331 = CARTESIAN_POINT ( 'NONE',  ( 12.26914236215875320, 26.46324890342416580, 7.345124438761295060 ) ) ;
#5332 = CARTESIAN_POINT ( 'NONE',  ( -16.52884122873843609, 26.55234202232115948, 9.247027711134645500 ) ) ;
#5333 = CARTESIAN_POINT ( 'NONE',  ( -10.08335704945183409, -23.93994231334609424, 2.312996222346449748 ) ) ;
#5334 = FACE_OUTER_BOUND ( 'NONE', #4206, .T. ) ;
#5335 = CARTESIAN_POINT ( 'NONE',  ( 12.32354000730758337, -21.79624963445202113, 0.8632504584061428954 ) ) ;
#5336 = EDGE_LOOP ( 'NONE', ( #6175, #2610, #4240, #172, #3743 ) ) ;
#5337 = CARTESIAN_POINT ( 'NONE',  ( -22.59711898052616874, -10.78441564477549086, 0.9393714338188383639 ) ) ;
#5338 = CARTESIAN_POINT ( 'NONE',  ( 22.49665982197447889, 10.98900970616584161, 0.9312405739289023598 ) ) ;
#5339 = CARTESIAN_POINT ( 'NONE',  ( -21.29462934180524059, 19.34742209599000162, 5.913689002206817591 ) ) ;
#5340 = CARTESIAN_POINT ( 'NONE',  ( 9.877116151512385755, -27.51403520314083551, 8.770984772818371411 ) ) ;
#5341 = CARTESIAN_POINT ( 'NONE',  ( -7.100432972146487387, 28.16937491673906280, 10.00000019810862106 ) ) ;
#5342 = CARTESIAN_POINT ( 'NONE',  ( -13.34953806076805449, -24.78677177566834544, 0.000000000000000000 ) ) ;
#5343 = CARTESIAN_POINT ( 'NONE',  ( 10.95988592160582797, 25.69424217414121969, 5.612503773080540270 ) ) ;
#5344 = CARTESIAN_POINT ( 'NONE',  ( 34.35793571007560132, -10.97790309610044091, 10.00000000000000000 ) ) ;
#5345 = CARTESIAN_POINT ( 'NONE',  ( 30.17758787005848120, 11.16516268398406275, 10.00000002162593482 ) ) ;
#5346 = CARTESIAN_POINT ( 'NONE',  ( 29.45822258545155847, 11.57323309499319208, 9.333576718595059774 ) ) ;
#5347 = CARTESIAN_POINT ( 'NONE',  ( 18.26938777812938852, -24.20088029472786317, 7.656431762196469926 ) ) ;
#5348 = CARTESIAN_POINT ( 'NONE',  ( -10.92935788369800143, 25.69706674467110119, 5.608860628252769764 ) ) ;
#5349 = CARTESIAN_POINT ( 'NONE',  ( 16.60399911784941906, 31.09222351979042642, 10.00000000000000000 ) ) ;
#5350 = CARTESIAN_POINT ( 'NONE',  ( -20.70006944606929622, -14.08524489713364858, 0.8595103719735129877 ) ) ;
#5351 = CARTESIAN_POINT ( 'NONE',  ( -25.37717614307419112, 11.88726697386957554, -0.1000000000000000056 ) ) ;
#5352 = CARTESIAN_POINT ( 'NONE',  ( -26.11617116397103189, 12.33554907117758326, 5.944911210274429259 ) ) ;
#5353 = CARTESIAN_POINT ( 'NONE',  ( 34.96973676823131427, 8.838904955190997725, 23.01000000000000867 ) ) ;
#5354 = CARTESIAN_POINT ( 'NONE',  ( 15.22412115092754803, -27.56593297477152404, 9.999915423096044975 ) ) ;
#5355 = CARTESIAN_POINT ( 'NONE',  ( 26.20673605566035391, -16.67814191330710472, 9.226188558215525859 ) ) ;
#5356 = PRODUCT_DEFINITION_FORMATION_WITH_SPECIFIED_SOURCE ( 'ANY', '', #1996, .NOT_KNOWN. ) ;
#5357 = CARTESIAN_POINT ( 'NONE',  ( 23.30185681581937729, -21.72782682495259721, 23.01000000000000156 ) ) ;
#5358 = CARTESIAN_POINT ( 'NONE',  ( 20.25604282971975323, 14.82775289671857344, 0.9664596031553003286 ) ) ;
#5359 = CARTESIAN_POINT ( 'NONE',  ( 25.49365210412609528, 25.10942815044317200, 23.00999999999999801 ) ) ;
#5360 = CARTESIAN_POINT ( 'NONE',  ( 27.69886776892396085, -5.198913836345177231, -0.09999999999999992228 ) ) ;
#5361 = CARTESIAN_POINT ( 'NONE',  ( -28.39394987842297979, 10.64504684413293312, 7.654456989418203960 ) ) ;
#5362 = CARTESIAN_POINT ( 'NONE',  ( 18.35283307949271858, 21.29023696529259624, 2.268089633244552134E-05 ) ) ;
#5363 = CARTESIAN_POINT ( 'NONE',  ( 27.12038658913188627, -10.29294560804314251, 5.988483551902636925 ) ) ;
#5364 = CARTESIAN_POINT ( 'NONE',  ( 19.81332874492314389, 22.94647430095356100, 7.652723982994690033 ) ) ;
#5365 = CARTESIAN_POINT ( 'NONE',  ( -13.03211427121379806, 21.38728087296758318, 0.9006848892633951831 ) ) ;
#5366 = ADVANCED_FACE ( 'NONE', ( #5185 ), #5564, .T. ) ;
#5367 = CARTESIAN_POINT ( 'NONE',  ( -10.96145421157622657, -25.69675241945288491, 5.617370841910232393 ) ) ;
#5368 = CARTESIAN_POINT ( 'NONE',  ( 14.74932194737075086, -20.34714125799452589, 1.037203655925726942 ) ) ;
#5369 = CARTESIAN_POINT ( 'NONE',  ( -12.73044303954638501, -27.97688933587864923, 23.01000000000000156 ) ) ;
#5370 = CARTESIAN_POINT ( 'NONE',  ( 12.00672146245622862, -25.50131864669926074, 5.714702472266269595 ) ) ;
#5371 = ORIENTED_EDGE ( 'NONE', *, *, #298, .F. ) ;
#5372 = CARTESIAN_POINT ( 'NONE',  ( -25.48462143635885724, -10.78294312558861989, 4.307334570625352299 ) ) ;
#5373 = CARTESIAN_POINT ( 'NONE',  ( 28.36241569389947514, 13.52930935390007683, 9.283884285728753127 ) ) ;
#5374 = CARTESIAN_POINT ( 'NONE',  ( -20.03768273162975078, 18.91854849185147458, 4.259362414504777483 ) ) ;
#5375 = CARTESIAN_POINT ( 'NONE',  ( -0.5595220368840223557, -26.61119323065805276, 5.070516485705390153 ) ) ;
#5376 = CARTESIAN_POINT ( 'NONE',  ( -27.67566562548194398, 15.52027910068270522, 23.01000000000000156 ) ) ;
#5377 = CARTESIAN_POINT ( 'NONE',  ( -11.15795098082675985, 28.04689947422823693, 9.999996175142351618 ) ) ;
#5378 = CARTESIAN_POINT ( 'NONE',  ( 9.279915780452077101, 23.20395700128688077, 0.6114018414125387268 ) ) ;
#5379 = CARTESIAN_POINT ( 'NONE',  ( -25.91646129871548609, 18.08227204459052828, 23.01000000000000156 ) ) ;
#5380 = CARTESIAN_POINT ( 'NONE',  ( 30.12520129919932543, 11.30568310610790483, 10.00000000109456266 ) ) ;
#5381 = CARTESIAN_POINT ( 'NONE',  ( 25.76632355855242906, 10.13032088722798996, 4.315836510898958700 ) ) ;
#5382 = CARTESIAN_POINT ( 'NONE',  ( 16.32164914787385612, -19.01236629092205277, 0.9734812759861884990 ) ) ;
#5383 = CARTESIAN_POINT ( 'NONE',  ( -5.898626687554830106, 28.26787226497933503, 10.19872409904450805 ) ) ;
#5384 = CARTESIAN_POINT ( 'NONE',  ( 0.000000000000000000, 0.000000000000000000, -41.49999999999999289 ) ) ;
#5385 = CARTESIAN_POINT ( 'NONE',  ( -21.13354024992559843, -13.40462687418748544, 0.8681862935356792210 ) ) ;
#5386 = CARTESIAN_POINT ( 'NONE',  ( 21.68459770961541011, 20.89299266030483437, 7.608279748621201932 ) ) ;
#5387 = CARTESIAN_POINT ( 'NONE',  ( -31.77175024411543802, 16.14360318660613203, 10.00000000000000000 ) ) ;
#5388 = CARTESIAN_POINT ( 'NONE',  ( -27.30213743571915330, 12.83040188399523984, 7.613296677881203678 ) ) ;
#5389 = CARTESIAN_POINT ( 'NONE',  ( -20.71401515098271062, -29.29873788917232957, 23.01000000000000512 ) ) ;
#5390 = CARTESIAN_POINT ( 'NONE',  ( 12.33436454892222045, -27.99611168960180052, 9.999998785285468372 ) ) ;
#5391 = CARTESIAN_POINT ( 'NONE',  ( 27.23074764443284224, -17.31355673442707044, 10.89866815085537510 ) ) ;
#5392 = CARTESIAN_POINT ( 'NONE',  ( 20.78391146720908367, 19.99552408455048891, 5.933640634266232894 ) ) ;
#5393 = CARTESIAN_POINT ( 'NONE',  ( 25.09999999999999787, -8.004734207004356171E-12, 1.042014805384222420 ) ) ;
#5394 = CARTESIAN_POINT ( 'NONE',  ( 34.35793571007560132, -10.97790309610044091, 23.01000000000000156 ) ) ;
#5395 = CARTESIAN_POINT ( 'NONE',  ( -23.41070562110712316, 27.55159601846021289, 10.00000000000001243 ) ) ;
#5396 = CARTESIAN_POINT ( 'NONE',  ( 32.99925579442663093, 14.26788245625809282, 9.999999999999991118 ) ) ;
#5397 = CARTESIAN_POINT ( 'NONE',  ( -26.36308021301416815, 8.448578460634491805, 4.312693152880390457 ) ) ;
#5398 = CARTESIAN_POINT ( 'NONE',  ( 30.73057723746945413, -11.94848256930310804, 11.00624039958320211 ) ) ;
#5399 = CARTESIAN_POINT ( 'NONE',  ( 21.82494271252803486, 22.75708477775678773, 9.301796654656426355 ) ) ;
#5400 = CARTESIAN_POINT ( 'NONE',  ( -18.24466588214836449, 25.74340445133514521, 9.304848628736504423 ) ) ;
#5401 = CARTESIAN_POINT ( 'NONE',  ( -11.60670561516192478, -26.54302164900650851, 7.287977400025940078 ) ) ;
#5402 = FACE_OUTER_BOUND ( 'NONE', #5336, .T. ) ;
#5403 = CARTESIAN_POINT ( 'NONE',  ( 17.39035851172597447, -26.15309624737110639, 9.284243415112120701 ) ) ;
#5404 = VERTEX_POINT ( 'NONE', #659 ) ;
#5405 = CARTESIAN_POINT ( 'NONE',  ( -26.41043798411991617, -11.84158774555224625, 5.963938873819714104 ) ) ;
#5406 = CARTESIAN_POINT ( 'NONE',  ( -23.71038806141932653, -21.16385319588752267, 9.999997838555774621 ) ) ;
#5407 = CARTESIAN_POINT ( 'NONE',  ( 29.57573347527949892, 13.98687927658321861, 10.95425714041712517 ) ) ;
#5408 = CARTESIAN_POINT ( 'NONE',  ( -19.51446527508127105, 17.60064577542940967, 2.574150071037815124 ) ) ;
#5409 = CARTESIAN_POINT ( 'NONE',  ( 9.046118678017110781, -26.00219480844417319, 5.449604669107920074 ) ) ;
#5410 = CARTESIAN_POINT ( 'NONE',  ( -17.29442945210994154, 26.83619960511083846, 10.00000000000000178 ) ) ;
#5411 = CARTESIAN_POINT ( 'NONE',  ( 1.561247539497880643, 28.23897986929021187, 9.999765760189392338 ) ) ;
#5412 = CARTESIAN_POINT ( 'NONE',  ( 10.91792872864269803, 25.70078355415985527, 5.608484825968742982 ) ) ;
#5413 = CARTESIAN_POINT ( 'NONE',  ( -15.83955609124103603, 27.36533260840939263, 23.01000000000000156 ) ) ;
#5414 = CARTESIAN_POINT ( 'NONE',  ( 31.77864441723461653, -5.049395925331507939, 10.00000006485597126 ) ) ;
#5415 = CARTESIAN_POINT ( 'NONE',  ( 29.44779687992238948, 11.59891803384478592, 9.333508565733009021 ) ) ;
#5416 = CARTESIAN_POINT ( 'NONE',  ( 22.32812698912412586, -22.13917588066168207, 9.290487750496826180 ) ) ;
#5417 = DIRECTION ( 'NONE',  ( 0.000000000000000000, 0.000000000000000000, -1.000000000000000000 ) ) ;
#5418 = CARTESIAN_POINT ( 'NONE',  ( -35.48218064755783274, -6.090924114833262237, 23.01000000000000867 ) ) ;
#5419 = CARTESIAN_POINT ( 'NONE',  ( 34.35653493775275535, -10.98150194065517127, 10.00000000000000178 ) ) ;
#5420 = CARTESIAN_POINT ( 'NONE',  ( -23.34127270973852930, -20.72578657630567633, 9.245010682280037528 ) ) ;
#5421 = CARTESIAN_POINT ( 'NONE',  ( 19.06170815600147250, 18.12243132946672119, 2.595496115939090132 ) ) ;
#5422 = CARTESIAN_POINT ( 'NONE',  ( -25.13912183792205468, 25.61876919777061801, 10.00000000000000000 ) ) ;
#5423 = CARTESIAN_POINT ( 'NONE',  ( -26.16409575823272249, 12.25643419417584390, 5.947429403653294422 ) ) ;
#5424 = CARTESIAN_POINT ( 'NONE',  ( 6.511954935835013281, -28.18171804788300960, 9.999828976298232419 ) ) ;
#5425 = CARTESIAN_POINT ( 'NONE',  ( 28.85804192370921228, -15.00078807255908231, 10.93112041831067138 ) ) ;
#5426 = CARTESIAN_POINT ( 'NONE',  ( 17.20060749116663956, -26.84631526389689427, 23.01000000000000156 ) ) ;
#5427 = CARTESIAN_POINT ( 'NONE',  ( 23.17172129007595061, 9.655955528835354684, 1.040790643416032113 ) ) ;
#5428 = CARTESIAN_POINT ( 'NONE',  ( -21.66658067533854037, -20.90858442109497162, 7.602242355023169473 ) ) ;
#5429 = CARTESIAN_POINT ( 'NONE',  ( 13.31777419061451440, 24.72353981784943500, -0.1000000000000001998 ) ) ;
#5430 = CARTESIAN_POINT ( 'NONE',  ( 23.18306143598260149, -15.93113122452237107, 0.000000000000000000 ) ) ;
#5431 = CARTESIAN_POINT ( 'NONE',  ( -24.97581217982639856, 8.452217064921052625, 2.641814369787874206 ) ) ;
#5432 = CARTESIAN_POINT ( 'NONE',  ( 20.22266126292846522, -29.72711633308959023, 10.00000000000000000 ) ) ;
#5433 = CARTESIAN_POINT ( 'NONE',  ( 24.51549998562843768, -9.700013434021709458, 2.643122598902176712 ) ) ;
#5434 = CARTESIAN_POINT ( 'NONE',  ( 17.57993439549980152, 23.07332163799628688, 5.980892378308733548 ) ) ;
#5435 = CARTESIAN_POINT ( 'NONE',  ( -14.46138709758911922, 21.97458067383898950, 2.598694435773099443 ) ) ;
#5436 = CARTESIAN_POINT ( 'NONE',  ( -19.13342022250079566, -23.56869685773087753, 7.664512389709387641 ) ) ;
#5437 = CARTESIAN_POINT ( 'NONE',  ( 13.81418267455384807, -27.26484216376282887, 9.092455959761338136 ) ) ;
#5438 = ORIENTED_EDGE ( 'NONE', *, *, #3599, .T. ) ;
#5439 = CARTESIAN_POINT ( 'NONE',  ( -24.38660461108450406, -10.01086980605588472, 2.639916429889887173 ) ) ;
#5440 = CARTESIAN_POINT ( 'NONE',  ( -24.92275270012117261, -19.47559019639939493, 9.999989401545091638 ) ) ;
#5441 = CARTESIAN_POINT ( 'NONE',  ( 29.72905911773928977, 13.77004491127482311, 10.95971656968692720 ) ) ;
#5442 = CARTESIAN_POINT ( 'NONE',  ( -18.36223826597090181, 17.01606259530212029, 0.9150748495109318759 ) ) ;
#5443 = CARTESIAN_POINT ( 'NONE',  ( -8.756661505699787185, -25.19496839856597603, 3.806529846667610517 ) ) ;
#5444 = CARTESIAN_POINT ( 'NONE',  ( -2.981190464993240585, 28.23449640052013265, 10.00000000000000178 ) ) ;
#5445 = CARTESIAN_POINT ( 'NONE',  ( -10.23399714786222603, 28.08140309242403632, 10.00000020175851745 ) ) ;
#5446 = CARTESIAN_POINT ( 'NONE',  ( 12.00138070022916459, 27.42109821165460204, 8.919722400347199098 ) ) ;
#5447 = CARTESIAN_POINT ( 'NONE',  ( 11.73779347269874762, 28.02582944082712046, 23.01000000000000156 ) ) ;
#5448 = CARTESIAN_POINT ( 'NONE',  ( 29.03807277394388109, 1.333566462829296695, 5.988528884274383124 ) ) ;
#5449 = CARTESIAN_POINT ( 'NONE',  ( 21.90213523187308198, 20.60438906866594877, 7.600124264456929346 ) ) ;
#5450 = LINE ( 'NONE', #929, #4822 ) ;
#5451 = CARTESIAN_POINT ( 'NONE',  ( -19.58378229040280161, 29.88578147165462084, 23.01000000000000512 ) ) ;
#5452 = CARTESIAN_POINT ( 'NONE',  ( -18.14048787472689028, -17.25459728941780924, 0.9249092708031443344 ) ) ;
#5453 = CARTESIAN_POINT ( 'NONE',  ( 23.46924647881981230, 22.70250501719954528, 10.94699175814984926 ) ) ;
#5454 = CARTESIAN_POINT ( 'NONE',  ( -14.00936482185759502, 31.39806126723973634, 10.00000000000000000 ) ) ;
#5455 = CARTESIAN_POINT ( 'NONE',  ( 18.71279530283577230, -26.05955552524509855, 9.999952302552136629 ) ) ;
#5456 = CARTESIAN_POINT ( 'NONE',  ( 27.88059612078606264, -16.38837626805870329, 10.90746909886549609 ) ) ;
#5457 = CARTESIAN_POINT ( 'NONE',  ( 29.04615259246122250, -13.48284764605431718, 23.01000000000000156 ) ) ;
#5458 = AXIS2_PLACEMENT_3D ( 'NONE', #5696, #4213, #3817 ) ;
#5459 = CARTESIAN_POINT ( 'NONE',  ( 20.94365121947075181, 24.46975418660224832, 23.01000000000000156 ) ) ;
#5460 = CARTESIAN_POINT ( 'NONE',  ( -11.31106170780000042, 25.13399043825002011, -0.8889690687347078235 ) ) ;
#5461 = CARTESIAN_POINT ( 'NONE',  ( 13.35639902258539458, -24.78307540718715529, 0.000000000000000000 ) ) ;
#5462 = CARTESIAN_POINT ( 'NONE',  ( -23.41441224898725437, 8.886458097218676855, 0.9709372335796943032 ) ) ;
#5463 = CARTESIAN_POINT ( 'NONE',  ( 25.87071190355447570, -24.57364245467583785, 15.00000000000000000 ) ) ;
#5464 = CARTESIAN_POINT ( 'NONE',  ( 24.55390650301043820, -9.603095560116512885, 2.643302372136411282 ) ) ;
#5465 = CARTESIAN_POINT ( 'NONE',  ( 16.41123390286041683, 18.91697796330443282, 0.9694444960285507618 ) ) ;
#5466 = CARTESIAN_POINT ( 'NONE',  ( -14.44960412627505164, 23.43586470981079728, 4.243263625730949506 ) ) ;
#5467 = CARTESIAN_POINT ( 'NONE',  ( -18.30002262730130624, -22.53861381692443544, 5.991787047824982615 ) ) ;
#5468 = CARTESIAN_POINT ( 'NONE',  ( 11.33368677043378092, -28.04030769202032758, 23.01000000000000156 ) ) ;
#5469 = CARTESIAN_POINT ( 'NONE',  ( 10.15699592040984633, -23.91574181866579707, 2.319462178928315410 ) ) ;
#5470 = ORIENTED_EDGE ( 'NONE', *, *, #2454, .T. ) ;
#5471 = CARTESIAN_POINT ( 'NONE',  ( -28.06349864170147868, -11.46541530950983301, 7.652147247076499958 ) ) ;
#5472 = CARTESIAN_POINT ( 'NONE',  ( -23.08874861649947263, -22.01752498398551339, 9.999999991252991549 ) ) ;
#5473 = EDGE_CURVE ( 'NONE', #3251, #3641, #2021, .T. ) ;
#5474 = CARTESIAN_POINT ( 'NONE',  ( 27.36144901662166262, 12.74925770209121545, 7.622663426984167323 ) ) ;
#5475 = CARTESIAN_POINT ( 'NONE',  ( -20.99443055859955365, 19.72981994987850740, 5.925387186624762492 ) ) ;
#5476 = CARTESIAN_POINT ( 'NONE',  ( -8.256711436594100562, -23.57825611224841111, 0.5049180145950630250 ) ) ;
#5477 = CARTESIAN_POINT ( 'NONE',  ( -29.51340504216711480, 12.70483358608612612, 10.00000000000000178 ) ) ;
#5478 = CARTESIAN_POINT ( 'NONE',  ( -22.68464262701107259, 22.56010508352191479, 9.999999967413867097 ) ) ;
#5479 = CARTESIAN_POINT ( 'NONE',  ( -32.18640935083261212, 0.7167574682171306000, 23.01000000000000156 ) ) ;
#5480 = CARTESIAN_POINT ( 'NONE',  ( 25.20002992438746148, 7.936250648646232975, 2.643311417805183972 ) ) ;
#5481 = CARTESIAN_POINT ( 'NONE',  ( 18.34647256131852799, 17.03302684104855658, 0.9153492615683271882 ) ) ;
#5482 = CARTESIAN_POINT ( 'NONE',  ( -25.87071190358070183, 24.57364245468912500, 23.01000000000000156 ) ) ;
#5483 = CARTESIAN_POINT ( 'NONE',  ( -23.01212596507373576, -10.03046551892445848, 1.036510847859539508 ) ) ;
#5484 = CARTESIAN_POINT ( 'NONE',  ( -22.54214588142218290, -21.84544497222863768, 9.279209926334454295 ) ) ;
#5485 = CARTESIAN_POINT ( 'NONE',  ( 21.76687455050090492, 20.78403797547586507, 7.605127263761479739 ) ) ;
#5486 = CARTESIAN_POINT ( 'NONE',  ( -6.332448062250920273, 31.39912382803347768, 9.999999999999987566 ) ) ;
#5487 = CARTESIAN_POINT ( 'NONE',  ( 19.30320350917160610, -25.68637290309547083, 9.999998875809128052 ) ) ;
#5488 = CARTESIAN_POINT ( 'NONE',  ( 23.58479295768784567, -22.53858236112161606, 10.94344633683119028 ) ) ;
#5489 = CARTESIAN_POINT ( 'NONE',  ( -8.221070779931302752, -28.15421116020694470, 23.01000000000000156 ) ) ;
#5490 = CARTESIAN_POINT ( 'NONE',  ( 22.69067628795249902, 10.73773370475684175, 1.022194118321401168 ) ) ;
#5491 = CARTESIAN_POINT ( 'NONE',  ( -18.19297013837980970, -17.19887593186473040, 0.9226756604392476468 ) ) ;
#5492 = CARTESIAN_POINT ( 'NONE',  ( -0.003875656062289616934, 28.00122972911602304, -0.8889690687347088227 ) ) ;
#5493 = CARTESIAN_POINT ( 'NONE',  ( 26.40962446877689018, -23.80376877741438335, 10.00000000000000000 ) ) ;
#5494 = CARTESIAN_POINT ( 'NONE',  ( -24.47786149730497129, 5.294275318851777712, 0.9709388518732107176 ) ) ;
#5495 = PLANE ( 'NONE',  #164 ) ;
#5496 = CARTESIAN_POINT ( 'NONE',  ( 29.08327566983564694, -12.37802139255547651, 9.323528944648566963 ) ) ;
#5497 = CARTESIAN_POINT ( 'NONE',  ( 20.15492963556220118, 22.63739956243575691, 7.650136083819086608 ) ) ;
#5498 = CARTESIAN_POINT ( 'NONE',  ( -10.60678806112883166, 24.79665552710495646, 3.972366560657306866 ) ) ;
#5499 = CARTESIAN_POINT ( 'NONE',  ( -13.83219161656999141, -20.88528572816601780, 0.9342495400053187904 ) ) ;
#5500 = CARTESIAN_POINT ( 'NONE',  ( 9.694414370276781767, -23.03930043511741488, 0.6528504714222908012 ) ) ;
#5501 = ORIENTED_EDGE ( 'NONE', *, *, #3599, .F. ) ;
#5502 = CARTESIAN_POINT ( 'NONE',  ( -24.08683000431954468, -10.67447078785437320, 2.628938728956599746 ) ) ;
#5503 = CARTESIAN_POINT ( 'NONE',  ( -33.54831973005867241, 13.05795708718668280, 10.00000000000000000 ) ) ;
#5504 = CARTESIAN_POINT ( 'NONE',  ( 26.41397883509804956, 11.84303408363960486, 5.968841072342572218 ) ) ;
#5505 = CARTESIAN_POINT ( 'NONE',  ( -21.67520658418855461, 20.89883019369243655, 7.602131784632017109 ) ) ;
#5506 = CARTESIAN_POINT ( 'NONE',  ( -22.73349049135617861, 22.50070969241863494, 23.01000000000000156 ) ) ;
#5507 = CARTESIAN_POINT ( 'NONE',  ( -22.44467142692886341, 22.85935807525484265, 9.999998703891195717 ) ) ;
#5508 = CARTESIAN_POINT ( 'NONE',  ( -23.80172189151948814, -13.73570417849350989, -0.8889690687347088227 ) ) ;
#5509 = CARTESIAN_POINT ( 'NONE',  ( -29.38818346126327441, 12.93088197890824631, 23.01000000000000156 ) ) ;
#5510 = CARTESIAN_POINT ( 'NONE',  ( 30.80637812858006441, 7.543336925949806648, 9.333610167626588350 ) ) ;
#5511 = CARTESIAN_POINT ( 'NONE',  ( 21.09199214019368540, 19.61027656426677268, 5.926405448901312489 ) ) ;
#5512 = CARTESIAN_POINT ( 'NONE',  ( 18.21957421102405306, 17.26433073041002686, 1.008230375691763436 ) ) ;
#5513 = LINE ( 'NONE', #3493, #2597 ) ;
#5514 = CARTESIAN_POINT ( 'NONE',  ( 21.71848952880738182, 20.84813903563016524, 7.606971943015015114 ) ) ;
#5515 = CARTESIAN_POINT ( 'NONE',  ( 22.93735517509917443, -22.22618048637894717, 9.999983884506827181 ) ) ;
#5516 = CARTESIAN_POINT ( 'NONE',  ( 20.60345534551418467, -16.26276094429195496, 2.540583864372181200 ) ) ;
#5517 = CARTESIAN_POINT ( 'NONE',  ( 23.14139065698542908, 21.94580046547315888, 23.01000000000000156 ) ) ;
#5518 = CARTESIAN_POINT ( 'NONE',  ( 18.12724857521973831, 26.38848074442739389, 9.999998656510005191 ) ) ;
#5519 = CARTESIAN_POINT ( 'NONE',  ( -23.47910534610428357, -22.67518667601385118, 10.93648846095216953 ) ) ;
#5520 = CARTESIAN_POINT ( 'NONE',  ( -18.24597551713100074, 21.43851149067894468, 0.000000000000000000 ) ) ;
#5521 = CARTESIAN_POINT ( 'NONE',  ( 18.19432821610318030, -21.37738064539151850, -0.09999999999999999167 ) ) ;
#5522 = CARTESIAN_POINT ( 'NONE',  ( -25.80210570825641625, 10.03222464446172246, 4.312697334286210271 ) ) ;
#5523 = LINE ( 'NONE', #4477, #2910 ) ;
#5524 = CARTESIAN_POINT ( 'NONE',  ( 24.03143840700577272, -10.79417361935700903, 2.627660703246376794 ) ) ;
#5525 = CARTESIAN_POINT ( 'NONE',  ( 22.12474273536760094, 22.38962812211654096, 9.290632225163678370 ) ) ;
#5526 = CARTESIAN_POINT ( 'NONE',  ( -12.89615078087060596, 27.36855658510178202, 9.006968673567325112 ) ) ;
#5527 = CARTESIAN_POINT ( 'NONE',  ( -17.46662503210181683, -21.50853077611799691, 4.319061705940578477 ) ) ;
#5528 = CARTESIAN_POINT ( 'NONE',  ( 24.77859036076026200, -19.69317346546952407, 10.00000000000000178 ) ) ;
#5529 = ORIENTED_EDGE ( 'NONE', *, *, #5004, .T. ) ;
#5530 = CARTESIAN_POINT ( 'NONE',  ( -25.71474386112148025, -10.25162641508102723, 4.312291764933045890 ) ) ;
#5531 = CARTESIAN_POINT ( 'NONE',  ( -29.08091699279392373, -13.42659353506676290, 9.999886274903168726 ) ) ;
#5532 = CARTESIAN_POINT ( 'NONE',  ( 28.54193418638271851, 13.26364325934179256, 9.291190313452405647 ) ) ;
#5533 = CARTESIAN_POINT ( 'NONE',  ( -20.80635297372568004, 19.96841867392038949, 5.932939616589511189 ) ) ;
#5534 = CARTESIAN_POINT ( 'NONE',  ( -8.623883228814495538, -26.81301321441208430, 7.057414879084045189 ) ) ;
#5535 = CARTESIAN_POINT ( 'NONE',  ( -30.69200703807133479, -9.718648708119225432, 23.01000000000000156 ) ) ;
#5536 = CARTESIAN_POINT ( 'NONE',  ( -22.79496839803394437, 22.41665100526143206, 9.999999998777715504 ) ) ;
#5537 = CARTESIAN_POINT ( 'NONE',  ( -26.67906544692839432, -18.08810698238321280, 10.88519619117946036 ) ) ;
#5538 = CARTESIAN_POINT ( 'NONE',  ( -32.99925579440780155, -14.26788245632698171, 10.00000000000000533 ) ) ;
#5539 = CARTESIAN_POINT ( 'NONE',  ( 29.80330652529109514, 12.10748054999307044, 9.999999932181752982 ) ) ;
#5540 = CARTESIAN_POINT ( 'NONE',  ( 31.64512568663972658, -0.5935822200562121953, 9.333702289567888499 ) ) ;
#5541 = CARTESIAN_POINT ( 'NONE',  ( 18.84877731873426043, 16.47104615139401673, 0.8944863204240689480 ) ) ;
#5542 = CARTESIAN_POINT ( 'NONE',  ( -33.54470374673991984, -13.06724341795767685, 15.00000000000000000 ) ) ;
#5543 = CARTESIAN_POINT ( 'NONE',  ( 4.418205234890881350, 26.48387602786038997, 5.146766810337409126 ) ) ;
#5544 = CARTESIAN_POINT ( 'NONE',  ( 11.08134955786996123, -25.83222223849108445, -3.414805973130053893E-05 ) ) ;
#5545 = CARTESIAN_POINT ( 'NONE',  ( 20.16004892148844618, -14.84788417204584121, 0.8603115495213035091 ) ) ;
#5546 = EDGE_CURVE ( 'NONE', #4636, #6460, #175, .T. ) ;
#5547 = CARTESIAN_POINT ( 'NONE',  ( 33.54831973010298185, -13.05795708734963334, 15.00000000000000000 ) ) ;
#5548 = CARTESIAN_POINT ( 'NONE',  ( -33.54470370839181470, -13.06724351640045967, 23.01000000000000156 ) ) ;
#5549 = CARTESIAN_POINT ( 'NONE',  ( -19.04305112845343828, -18.14188177460769325, 2.594826782859481096 ) ) ;
#5550 = CARTESIAN_POINT ( 'NONE',  ( -23.29493315748926463, -9.074474595732640481, 23.01000000000000156 ) ) ;
#5551 = CARTESIAN_POINT ( 'NONE',  ( 32.43419384614658441, -15.19725692414538187, 9.999999999999998224 ) ) ;
#5552 = CARTESIAN_POINT ( 'NONE',  ( -25.84269248260626739, 9.927838260173309948, 4.312697327563262739 ) ) ;
#5553 = CIRCLE ( 'NONE', #5131, 25.10000000000000142 ) ;
#5554 = DIRECTION ( 'NONE',  ( -0.5734630522045653933, -0.8192314250297189071, 0.000000000000000000 ) ) ;
#5555 = CARTESIAN_POINT ( 'NONE',  ( 27.54793891212843349, -12.45197820167425462, 7.635025180903324937 ) ) ;
#5556 = VECTOR ( 'NONE', #6349, 1000.000000000000000 ) ;
#5557 = CARTESIAN_POINT ( 'NONE',  ( 18.86357282036374983, 18.34339753880322732, 2.602791404238047335 ) ) ;
#5558 = CARTESIAN_POINT ( 'NONE',  ( -10.15649474982521205, 23.91499520620978103, 2.317962750509466652 ) ) ;
#5559 = CARTESIAN_POINT ( 'NONE',  ( -15.97426630333818132, -25.45838208053679352, 7.592924440431720434 ) ) ;
#5560 = CARTESIAN_POINT ( 'NONE',  ( 28.20810302170731632, -14.73370687279447466, 10.00000000000000178 ) ) ;
#5561 = ORIENTED_EDGE ( 'NONE', *, *, #5546, .F. ) ;
#5562 = CARTESIAN_POINT ( 'NONE',  ( -28.25797755100450104, -11.00093223428623901, 7.654457309129599096 ) ) ;
#5563 = CARTESIAN_POINT ( 'NONE',  ( -11.58302748721495057, -28.03223909967464422, 9.999999850987865813 ) ) ;
#5564 = CONICAL_SURFACE ( 'NONE', #3028, 26.59999999999999787, 0.7853981633974471688 ) ;
#5565 = EDGE_CURVE ( 'NONE', #4976, #2952, #5584, .T. ) ;
#5566 = CARTESIAN_POINT ( 'NONE',  ( 23.80057827957857697, 11.24596427803520626, 2.612975066613412611 ) ) ;
#5567 = CARTESIAN_POINT ( 'NONE',  ( -23.35315107732375139, 22.86147707676586904, 10.94319737395526815 ) ) ;
#5568 = CARTESIAN_POINT ( 'NONE',  ( -8.261004681888707069, -28.27926814862215465, 10.31631718112960350 ) ) ;
#5569 = CARTESIAN_POINT ( 'NONE',  ( -31.49727443137246397, -6.660934949232150792, 10.00000000000000178 ) ) ;
#5570 = CARTESIAN_POINT ( 'NONE',  ( -23.05769213400834872, 22.06191248760404378, 9.999999999347140900 ) ) ;
#5571 = CARTESIAN_POINT ( 'NONE',  ( -27.28737718280094882, -12.85540286298182089, 7.612770166383689308 ) ) ;
#5572 = CARTESIAN_POINT ( 'NONE',  ( -25.37388454282254813, -11.89429141698554027, -0.1000000000000000194 ) ) ;
#5573 = CARTESIAN_POINT ( 'NONE',  ( 29.93566457933782488, 11.79744908977307283, 10.00027596257564433 ) ) ;
#5574 = CARTESIAN_POINT ( 'NONE',  ( 32.09245538317658486, 7.858201564352058632, 11.00619574224090691 ) ) ;
#5575 = CARTESIAN_POINT ( 'NONE',  ( 19.39260107408496481, 17.74142787746964700, 2.580965816116625788 ) ) ;
#5576 = CARTESIAN_POINT ( 'NONE',  ( -21.65294864570107336, -20.93512952296791596, 7.609746394949694626 ) ) ;
#5577 = CARTESIAN_POINT ( 'NONE',  ( 25.59150149664225893, -11.60916686126211239, 0.000000000000000000 ) ) ;
#5578 = CARTESIAN_POINT ( 'NONE',  ( 9.622970507629089454, 26.72342413535352534, 7.124579926791857254 ) ) ;
#5579 = CARTESIAN_POINT ( 'NONE',  ( 18.24004021924915619, 21.44356151195487570, 0.000000000000000000 ) ) ;
#5580 = CARTESIAN_POINT ( 'NONE',  ( 20.11233252328432641, -18.83183891876279503, 4.259502414445175411 ) ) ;
#5581 = CARTESIAN_POINT ( 'NONE',  ( 31.81840579389678325, 4.897098379634871712, 23.01000000000000156 ) ) ;
#5582 = CARTESIAN_POINT ( 'NONE',  ( 20.31356187732151497, 19.30580849063138515, -0.1000000000000000194 ) ) ;
#5583 = CARTESIAN_POINT ( 'NONE',  ( -19.93819523799308868, -19.03754521331894978, 4.263438161934203663 ) ) ;
#5584 = LINE ( 'NONE', #5060, #5984 ) ;
#5585 = CARTESIAN_POINT ( 'NONE',  ( -29.49292443700966970, 11.46726569569765708, 9.325337296437576029 ) ) ;
#5586 = CARTESIAN_POINT ( 'NONE',  ( -25.05001828237667283, 12.75101155383232943, 1.906651709832316539E-06 ) ) ;
#5587 = CARTESIAN_POINT ( 'NONE',  ( 28.74870605949797664, -12.95141909400265234, 9.305127341300730492 ) ) ;
#5588 = CARTESIAN_POINT ( 'NONE',  ( 21.24229949071655099, 21.44963203278316755, 7.621593366181518725 ) ) ;
#5589 = CARTESIAN_POINT ( 'NONE',  ( -11.09213870023265791, 25.67150942628222410, 5.625154935468196449 ) ) ;
#5590 = CARTESIAN_POINT ( 'NONE',  ( -22.20278098846722870, -22.30153148916897621, 9.295946493642915698 ) ) ;
#5591 = CARTESIAN_POINT ( 'NONE',  ( 17.65476010061746948, -26.63634375662476117, 10.00000000000000178 ) ) ;
#5592 = CARTESIAN_POINT ( 'NONE',  ( 20.36851580341267365, 19.35803615985176407, 0.000000000000000000 ) ) ;
#5593 = CARTESIAN_POINT ( 'NONE',  ( -29.49385272021980953, -11.46488907686350878, 9.325337295450079722 ) ) ;
#5594 = CARTESIAN_POINT ( 'NONE',  ( -11.82106072404225117, -28.02208141613368042, 9.999999991602553706 ) ) ;
#5595 = CARTESIAN_POINT ( 'NONE',  ( 23.15925157054543959, 9.530418327490352226, 0.9687715292466703154 ) ) ;
#5596 = CARTESIAN_POINT ( 'NONE',  ( -18.17452439760433691, 17.21865412353163194, 0.9237783591244238535 ) ) ;
#5597 = CARTESIAN_POINT ( 'NONE',  ( -9.620619079348720959, -24.08028909505546267, 2.266390860794393447 ) ) ;
#5598 = DIRECTION ( 'NONE',  ( -0.7071067811865467956, 8.659560562354925463E-17, 0.7071067811865483499 ) ) ;
#5599 = CARTESIAN_POINT ( 'NONE',  ( -27.79724571577421699, -15.35690556980337362, 23.01000000000000156 ) ) ;
#5600 = CARTESIAN_POINT ( 'NONE',  ( -18.97043764491801099, 25.90047495121114096, 9.999998372349189424 ) ) ;
#5601 = CARTESIAN_POINT ( 'NONE',  ( -24.19584488952268231, -13.10341570818142820, 4.235845863544065004 ) ) ;
#5602 = CARTESIAN_POINT ( 'NONE',  ( -26.12137969275304528, -10.35918995468791337, -0.000000000000000000 ) ) ;
#5603 = CARTESIAN_POINT ( 'NONE',  ( 25.19740744677387312, 19.08846671928265692, 9.999993611290262763 ) ) ;
#5604 = CARTESIAN_POINT ( 'NONE',  ( 27.98505208487828355, 16.24117613150835382, 10.90929116789829401 ) ) ;
#5605 = CARTESIAN_POINT ( 'NONE',  ( -33.54831973005867241, 13.05795708718668280, 15.00000000000000000 ) ) ;
#5606 = CARTESIAN_POINT ( 'NONE',  ( 25.47134115510438335, -10.09323447614375624, -0.8889690687347077125 ) ) ;
#5607 = CARTESIAN_POINT ( 'NONE',  ( 3.823776594489501246, 24.71808125793479149, 0.1393136786152250617 ) ) ;
#5608 = CARTESIAN_POINT ( 'NONE',  ( 27.27068830902505070, -6.916904477705726251, 0.0001045975181096738449 ) ) ;
#5609 = CARTESIAN_POINT ( 'NONE',  ( 29.62931744373628007, -12.47995703953518820, 9.999997696775126954 ) ) ;
#5610 = CARTESIAN_POINT ( 'NONE',  ( 19.16245200514169511, -18.00798157577123249, 2.591132062289968285 ) ) ;
#5611 = CARTESIAN_POINT ( 'NONE',  ( 30.49846934232828488, -10.26884602601147378, 23.01000000000000156 ) ) ;
#5612 = CARTESIAN_POINT ( 'NONE',  ( 20.87518456887997687, 18.82491954266499690, 0.000000000000000000 ) ) ;
#5613 = CARTESIAN_POINT ( 'NONE',  ( -19.05204463936819081, -18.13169402019410370, 2.594411185822298016 ) ) ;
#5614 = CARTESIAN_POINT ( 'NONE',  ( 27.25504773989167617, 7.071270463519021554, -2.915601768011963642E-05 ) ) ;
#5615 = CARTESIAN_POINT ( 'NONE',  ( -14.00067266986516756, -31.40193813078447604, 10.00000000000000000 ) ) ;
#5616 = CARTESIAN_POINT ( 'NONE',  ( -30.67020473110992285, 12.07884188174868889, 10.99603824764292170 ) ) ;
#5617 = CARTESIAN_POINT ( 'NONE',  ( 30.60009020871543939, -12.26443340967483309, 11.00506039411867576 ) ) ;
#5618 = CARTESIAN_POINT ( 'NONE',  ( 18.75745274354060754, 18.46023325340076227, 2.607130329596452079 ) ) ;
#5619 = CARTESIAN_POINT ( 'NONE',  ( -9.888858247043071259, 22.95896633182323754, 0.6718575826699494380 ) ) ;
#5620 = CARTESIAN_POINT ( 'NONE',  ( -19.73815405701904879, -19.27909503875915576, 4.275811082007322739 ) ) ;
#5621 = CARTESIAN_POINT ( 'NONE',  ( 23.44982281796642809, -21.52459449751733445, 23.01000000000000156 ) ) ;
#5622 = CARTESIAN_POINT ( 'NONE',  ( 21.34880727709267845, 17.31078032003973277, -0.8889690687347066023 ) ) ;
#5623 = CARTESIAN_POINT ( 'NONE',  ( -24.55349346753812867, -9.600873989749741710, 2.641807411855275234 ) ) ;
#5624 = CARTESIAN_POINT ( 'NONE',  ( -17.37683543684182652, -26.76164647359771109, 23.01000000000000156 ) ) ;
#5625 = CARTESIAN_POINT ( 'NONE',  ( -9.753658076822057765, -28.10036301616092658, 9.999974451633661943 ) ) ;
#5626 = CARTESIAN_POINT ( 'NONE',  ( 26.84171568827130372, 10.98131568980669215, 5.986329595647973179 ) ) ;
#5627 = CARTESIAN_POINT ( 'NONE',  ( -19.94615165542875701, 19.02879663402649157, 4.263320544461363326 ) ) ;
#5628 = CARTESIAN_POINT ( 'NONE',  ( -11.40555644955233205, -26.56115595863938239, 7.268714308793651213 ) ) ;
#5629 = CARTESIAN_POINT ( 'NONE',  ( 33.54470374678190581, 13.06724341779594845, 15.00000000000000000 ) ) ;
#5630 = CARTESIAN_POINT ( 'NONE',  ( -30.25285045032120124, -10.96261656749699931, 23.01000000000000156 ) ) ;
#5631 = CARTESIAN_POINT ( 'NONE',  ( -30.22789944006986929, 11.02810416735299448, 10.00000000002705214 ) ) ;
#5632 = ORIENTED_EDGE ( 'NONE', *, *, #6369, .T. ) ;
#5633 = CARTESIAN_POINT ( 'NONE',  ( -27.21801474501120310, -12.96329886812434040, 7.609531737339261248 ) ) ;
#5634 = CARTESIAN_POINT ( 'NONE',  ( -25.34850783304523247, 10.40265330375986252, -0.8889690687347077125 ) ) ;
#5635 = B_SPLINE_SURFACE_WITH_KNOTS ( 'NONE', 3, 1, ( 
 ( #6482, #1925 ),
 ( #5394, #2904 ),
 ( #904, #5848 ),
 ( #3309, #1430 ),
 ( #3835, #3802 ),
 ( #2374, #2872 ),
 ( #3342, #2841 ) ),
 .UNSPECIFIED., .F., .F., .F.,
 ( 4, 1, 1, 1, 4 ),
 ( 2, 2 ),
 ( 0.000000000000000000, 0.2500000000000000000, 0.5000000000000000000, 0.7500000000000000000, 1.000000003960201944 ),
 ( 0.000000000000000000, 1.000000000000000000 ),
 .UNSPECIFIED. ) ;
#5636 = CARTESIAN_POINT ( 'NONE',  ( 23.69393860794292550, 16.08705766642588131, 5.877147939145527467 ) ) ;
#5637 = CARTESIAN_POINT ( 'NONE',  ( 11.01292202298782286, -25.68685869164765379, 5.621886883850410577 ) ) ;
#5638 = CARTESIAN_POINT ( 'NONE',  ( 12.25350999786266115, 28.00287534266819733, 10.00000035528194609 ) ) ;
#5639 = CARTESIAN_POINT ( 'NONE',  ( 10.12325967936645021, 26.68006646610252375, 7.161448475843431360 ) ) ;
#5640 = CARTESIAN_POINT ( 'NONE',  ( -1.157968096801943014, -28.08469949226143925, -1.513116272047424734E-05 ) ) ;
#5641 = CARTESIAN_POINT ( 'NONE',  ( 29.92245564189740037, -11.82937615351239380, 10.00013681617810946 ) ) ;
#5642 = CARTESIAN_POINT ( 'NONE',  ( 18.15665332671414944, -17.23745443611769801, 0.9243850759918471605 ) ) ;
#5643 = CARTESIAN_POINT ( 'NONE',  ( 29.92715238309188663, 11.82695061562561989, 23.01000000000000156 ) ) ;
#5644 = CARTESIAN_POINT ( 'NONE',  ( -18.31257304768609728, -17.07009990091479423, 0.9171041878821400983 ) ) ;
#5645 = CARTESIAN_POINT ( 'NONE',  ( 18.18840975967321327, 21.38242053427311617, -0.1000000000000000888 ) ) ;
#5646 = CARTESIAN_POINT ( 'NONE',  ( -24.98542985561288532, -12.71440132428005931, -0.1000000000000000056 ) ) ;
#5647 = CARTESIAN_POINT ( 'NONE',  ( -28.18131655212496867, 11.19194530581765257, 7.654062724477801893 ) ) ;
#5648 = CARTESIAN_POINT ( 'NONE',  ( 26.16759262999584124, -12.25787715011528078, 5.952328048970889185 ) ) ;
#5649 = CARTESIAN_POINT ( 'NONE',  ( -23.09015933574892188, -23.23526114218390148, 10.96632318527493410 ) ) ;
#5650 = CARTESIAN_POINT ( 'NONE',  ( 32.17987411516231333, 0.2907420762665454128, 10.00000000000000178 ) ) ;
#5651 = EDGE_LOOP ( 'NONE', ( #2544, #1935, #6142, #701 ) ) ;
#5652 = CARTESIAN_POINT ( 'NONE',  ( -24.48604299003072171, -9.770356847253285792, 2.641431386513000579 ) ) ;
#5653 = CARTESIAN_POINT ( 'NONE',  ( -16.14131765225859994, -27.25614457439339233, 23.01000000000000156 ) ) ;
#5654 = VECTOR ( 'NONE', #784, 1000.000000000000000 ) ;
#5655 = CARTESIAN_POINT ( 'NONE',  ( 28.15507032449589175, 11.26793369386294685, 7.660301376366947856 ) ) ;
#5656 = CARTESIAN_POINT ( 'NONE',  ( -17.79226422469047364, 19.46497684159332664, 2.637646757418372179 ) ) ;
#5657 = CARTESIAN_POINT ( 'NONE',  ( -11.46797614000865551, -26.55495927244560050, 7.273732727770599205 ) ) ;
#5658 = CARTESIAN_POINT ( 'NONE',  ( 23.29493315746306337, 9.074474595745964933, 15.00000000000000000 ) ) ;
#5659 = CARTESIAN_POINT ( 'NONE',  ( -31.96069472108998966, 3.869305985605116405, 23.01000000000000156 ) ) ;
#5660 = CARTESIAN_POINT ( 'NONE',  ( -30.21806394805309637, 11.05503781764474702, 10.00000003038607943 ) ) ;
#5661 = VERTEX_POINT ( 'NONE', #2535 ) ;
#5662 = CARTESIAN_POINT ( 'NONE',  ( -25.30580540272227452, -13.65243411766794956, 5.905578798262358653 ) ) ;
#5663 = CARTESIAN_POINT ( 'NONE',  ( -35.58618427535102313, 6.678298814701833841, 9.999999999999998224 ) ) ;
#5664 = VECTOR ( 'NONE', #2630, 999.9999999999998863 ) ;
#5665 = CARTESIAN_POINT ( 'NONE',  ( 22.99740803434662695, 22.14291568728975435, 10.00051369892551456 ) ) ;
#5666 = EDGE_CURVE ( 'NONE', #6325, #4252, #40, .T. ) ;
#5667 = CARTESIAN_POINT ( 'NONE',  ( 19.87668750265160611, 17.16296141448451351, 2.562820968589906379 ) ) ;
#5668 = CARTESIAN_POINT ( 'NONE',  ( 12.23579273241137777, 28.00368234230245434, 9.999999997979790223 ) ) ;
#5669 = CARTESIAN_POINT ( 'NONE',  ( 12.44069948787664259, 28.30178814756862238, 10.56337322495627440 ) ) ;
#5670 = CARTESIAN_POINT ( 'NONE',  ( 29.87824887848551825, -11.93486195632329938, 10.00000000008763834 ) ) ;
#5671 = CARTESIAN_POINT ( 'NONE',  ( 20.84662717560643941, -19.92345056571582163, 5.936289251464383021 ) ) ;
#5672 = CARTESIAN_POINT ( 'NONE',  ( -18.03251329082880972, 17.47066285984790923, 1.013766723949735216 ) ) ;
#5673 = CARTESIAN_POINT ( 'NONE',  ( -20.93928052635665082, -19.79885820420690123, 5.927329571789299756 ) ) ;
#5674 = CARTESIAN_POINT ( 'NONE',  ( -25.51746358261484815, -11.58401317986560741, -0.09999999999999995004 ) ) ;
#5675 = CARTESIAN_POINT ( 'NONE',  ( -25.33544063710618843, 11.09245758888764577, 4.301097740174883555 ) ) ;
#5676 = CARTESIAN_POINT ( 'NONE',  ( 28.51061450405859432, -13.30759811880942145, 9.289735292640470377 ) ) ;
#5677 = CARTESIAN_POINT ( 'NONE',  ( 21.61507168810059909, 20.97723030600821659, 7.604921953221817965 ) ) ;
#5678 = CARTESIAN_POINT ( 'NONE',  ( -17.74871927813721939, -17.66113685597223082, 0.9408778811815738941 ) ) ;
#5679 = CARTESIAN_POINT ( 'NONE',  ( 27.19636664604765741, 16.22332294357529747, 23.01000000000000156 ) ) ;
#5680 = ORIENTED_EDGE ( 'NONE', *, *, #2142, .T. ) ;
#5681 = CARTESIAN_POINT ( 'NONE',  ( -31.63855573144632061, 0.5934584721483915359, 9.325384760330758027 ) ) ;
#5682 = CARTESIAN_POINT ( 'NONE',  ( -17.13403372877134956, -26.87017780197366079, 23.01000000000000156 ) ) ;
#5683 = CARTESIAN_POINT ( 'NONE',  ( 25.10716778175331854, -8.046158759006686978, 2.643308348579441969 ) ) ;
#5684 = CARTESIAN_POINT ( 'NONE',  ( -16.32175628925142163, 19.01249391352016005, 0.9736916654951510708 ) ) ;
#5685 = CARTESIAN_POINT ( 'NONE',  ( -10.40045974614825575, -24.84689460914189496, 3.955534762567279206 ) ) ;
#5686 = CARTESIAN_POINT ( 'NONE',  ( 3.266687035309962628, -24.89446193921302353, 0.5207563934005972062 ) ) ;
#5687 = CARTESIAN_POINT ( 'NONE',  ( -17.37683543684182652, -26.76164647359771109, 10.00000000000000178 ) ) ;
#5688 = CARTESIAN_POINT ( 'NONE',  ( -31.57184182374192360, 6.226810007853778473, 9.999998959264821963 ) ) ;
#5689 = ORIENTED_EDGE ( 'NONE', *, *, #95, .F. ) ;
#5690 = CARTESIAN_POINT ( 'NONE',  ( -23.65429625836329208, -11.51830987973026588, 2.601317344321197211 ) ) ;
#5691 = CARTESIAN_POINT ( 'NONE',  ( -20.38886346642622627, 18.37602209634293260, -0.8889690687347078235 ) ) ;
#5692 = CARTESIAN_POINT ( 'NONE',  ( 23.72965237599299471, 21.13721050122516232, 9.999999999117846983 ) ) ;
#5693 = CARTESIAN_POINT ( 'NONE',  ( 28.13529674800606273, 13.86460590216342759, 9.275210831459588690 ) ) ;
#5694 = CARTESIAN_POINT ( 'NONE',  ( -22.10219913224526778, 14.14743363327014158, 2.534659636588254106 ) ) ;
#5695 = CARTESIAN_POINT ( 'NONE',  ( 9.326058988431192631, -23.18588452347162132, 0.6154218385531122770 ) ) ;
#5696 = CARTESIAN_POINT ( 'NONE',  ( -12.75653151897559212, -31.40176592948167666, 15.00000000000000000 ) ) ;
#5697 = CARTESIAN_POINT ( 'NONE',  ( 12.12949792972126595, 28.00850039167062278, 9.999999927831089153 ) ) ;
#5698 = CARTESIAN_POINT ( 'NONE',  ( 10.31632506072081057, 24.86426971141278486, 3.944501678540860201 ) ) ;
#5699 = CARTESIAN_POINT ( 'NONE',  ( 25.87071190355447570, -24.57364245467583785, 23.01000000000000156 ) ) ;
#5700 = CARTESIAN_POINT ( 'NONE',  ( 26.82577711565463829, -16.75736774002535512, 9.999989021210213380 ) ) ;
#5701 = CARTESIAN_POINT ( 'NONE',  ( 22.54642812876079461, -21.84169433932484594, 9.279309235505516895 ) ) ;
#5702 = CARTESIAN_POINT ( 'NONE',  ( -23.81108050149127564, 7.964735855522619978, 1.042098769825887228 ) ) ;
#5703 = CARTESIAN_POINT ( 'NONE',  ( 27.08138409391853330, 5.090826824474910417, -0.8889690687347068243 ) ) ;
#5704 = CARTESIAN_POINT ( 'NONE',  ( -22.74870838448070387, -21.54881765968644913, 9.263248928011783789 ) ) ;
#5705 = CARTESIAN_POINT ( 'NONE',  ( -11.52425000218260109, -25.64857664256984293, 0.000000000000000000 ) ) ;
#5706 = CARTESIAN_POINT ( 'NONE',  ( -26.64359078023590754, 11.39220922604905972, 5.974957042219449121 ) ) ;
#5707 = CARTESIAN_POINT ( 'NONE',  ( 35.28385384179562578, -7.165612750068015124, 23.00999999999999801 ) ) ;
#5708 = CARTESIAN_POINT ( 'NONE',  ( 28.54962012198162213, -13.24956042836441128, 9.291162294182816694 ) ) ;
#5709 = CARTESIAN_POINT ( 'NONE',  ( 22.53774169127022375, 21.84089309711866633, 9.270906985855861038 ) ) ;
#5710 = CARTESIAN_POINT ( 'NONE',  ( -21.31878756703592614, -21.36476365707547842, 7.625363418636524671 ) ) ;
#5711 = CARTESIAN_POINT ( 'NONE',  ( 24.81532760349088562, 19.62969445926009016, 10.00000000000000178 ) ) ;
#5712 = EDGE_LOOP ( 'NONE', ( #667, #3512, #3319, #6525, #5754, #2095, #4909, #5438, #947, #1103, #311, #4416, #575, #2782, #4741, #378 ) ) ;
#5713 = CARTESIAN_POINT ( 'NONE',  ( -30.73622537153269008, -11.91205081580432079, 10.99621726937911426 ) ) ;
#5714 = CARTESIAN_POINT ( 'NONE',  ( -21.85654297046079719, -23.54094021588127461, 23.01000000000000156 ) ) ;
#5715 = CARTESIAN_POINT ( 'NONE',  ( 30.87335089705146629, -11.57455577227007382, 11.00624007991030773 ) ) ;
#5716 = CARTESIAN_POINT ( 'NONE',  ( 13.00107968862856467, 24.07902240331539545, 4.167658279860372517 ) ) ;
#5717 = CARTESIAN_POINT ( 'NONE',  ( -21.51074376334515037, 21.11600390175983577, 7.610412633386828496 ) ) ;
#5718 = CARTESIAN_POINT ( 'NONE',  ( -9.802266281799983716, -24.02578268901164193, 2.284705746198676390 ) ) ;
#5719 = DIRECTION ( 'NONE',  ( 0.000000000000000000, 0.000000000000000000, 1.000000000000000000 ) ) ;
#5720 = CARTESIAN_POINT ( 'NONE',  ( -30.18992833218436189, 11.13167540102256936, 10.00000056123059977 ) ) ;
#5721 = ORIENTED_EDGE ( 'NONE', *, *, #6353, .T. ) ;
#5722 = CARTESIAN_POINT ( 'NONE',  ( -28.54558257458502624, -13.24697191754141556, 9.283274858481279423 ) ) ;
#5723 = CARTESIAN_POINT ( 'NONE',  ( 24.91799018227026608, 19.48229188907929199, 9.999997191714761868 ) ) ;
#5724 = CARTESIAN_POINT ( 'NONE',  ( 25.38810205419589394, 19.94675157416104483, 10.90339893865274057 ) ) ;
#5725 = CARTESIAN_POINT ( 'NONE',  ( -24.35212742020762988, 12.83223998217874495, 4.244687521571570699 ) ) ;
#5726 = CARTESIAN_POINT ( 'NONE',  ( 10.00464448015344310, -23.96342339994327020, 2.304467844727543735 ) ) ;
#5727 = CARTESIAN_POINT ( 'NONE',  ( 26.59999999999999787, 0.000000000000000000, -43.00000000000000000 ) ) ;
#5728 = CARTESIAN_POINT ( 'NONE',  ( 22.34911483269202748, -28.27377271124407798, 23.01000000000000156 ) ) ;
#5729 = CARTESIAN_POINT ( 'NONE',  ( 15.51567438017350220, -22.65480705274766393, -0.8889690687347079345 ) ) ;
#5730 = CARTESIAN_POINT ( 'NONE',  ( 9.183131668605376774, 23.24109772484812808, 0.6011435393790731663 ) ) ;
#5731 = CARTESIAN_POINT ( 'NONE',  ( -20.19687496740695209, -25.04943903587914278, 9.999955564338776526 ) ) ;
#5732 = CARTESIAN_POINT ( 'NONE',  ( 28.78431609898425947, -13.87031371127651980, 9.999999998739841800 ) ) ;
#5733 = CARTESIAN_POINT ( 'NONE',  ( 22.59363975900656740, -21.77604776036719514, 9.277322669508425435 ) ) ;
#5734 = CARTESIAN_POINT ( 'NONE',  ( -4.988275338071524345, 25.77494774603365357, 3.532730433588373131 ) ) ;
#5735 = CARTESIAN_POINT ( 'NONE',  ( -18.87435905569961392, 16.55760147433547758, 0.9882482150912160757 ) ) ;
#5736 = CARTESIAN_POINT ( 'NONE',  ( -21.74403185593184418, -20.80608414800419936, 7.599258493800745917 ) ) ;
#5737 = CARTESIAN_POINT ( 'NONE',  ( -25.99742636793476436, 10.66916718625123117, 0.000000000000000000 ) ) ;
#5738 = CARTESIAN_POINT ( 'NONE',  ( -26.44783582996593907, 11.77234756456290476, 5.965865984115109377 ) ) ;
#5739 = CARTESIAN_POINT ( 'NONE',  ( -11.99693725313581005, -28.01439944945235894, 10.00000000022557423 ) ) ;
#5740 = ADVANCED_FACE ( 'NONE', ( #1556, #3828 ), #4259, .F. ) ;
#5741 = CARTESIAN_POINT ( 'NONE',  ( 28.45395943128966465, -13.39151763121143368, 9.287410076098971956 ) ) ;
#5742 = CARTESIAN_POINT ( 'NONE',  ( 21.59782805595404298, 21.00006571083337548, 7.605802503421537075 ) ) ;
#5743 = CARTESIAN_POINT ( 'NONE',  ( -21.56660751185463099, -21.04924743596457759, 7.614128826663185023 ) ) ;
#5744 = CARTESIAN_POINT ( 'NONE',  ( 23.90542537767851883, 20.89522393292380187, 10.00000000000000178 ) ) ;
#5745 = CARTESIAN_POINT ( 'NONE',  ( 25.99742636791542694, -10.66916718629794048, 0.000000000000000000 ) ) ;
#5746 = CARTESIAN_POINT ( 'NONE',  ( -31.50736775665312450, -9.922256862979285330, 10.99621617082273950 ) ) ;
#5747 = CARTESIAN_POINT ( 'NONE',  ( -22.21456619932047616, -23.14430944513427590, 23.01000000000000156 ) ) ;
#5748 = CARTESIAN_POINT ( 'NONE',  ( 25.58872167158824595, -6.407639273276375391, 2.643307333348641652 ) ) ;
#5749 = CARTESIAN_POINT ( 'NONE',  ( 13.83228633360746684, 20.88541614218547338, 0.9344600888323704169 ) ) ;
#5750 = CARTESIAN_POINT ( 'NONE',  ( -19.68260229246346071, 19.34050543926267807, 4.275094052366274155 ) ) ;
#5751 = CARTESIAN_POINT ( 'NONE',  ( -10.42685891426980582, -24.84098494650536537, 3.958187290226934607 ) ) ;
#5752 = PLANE ( 'NONE',  #5241 ) ;
#5753 = CARTESIAN_POINT ( 'NONE',  ( -29.90127087967252706, 11.88210056925095515, 9.999999950410257910 ) ) ;
#5754 = ORIENTED_EDGE ( 'NONE', *, *, #5282, .T. ) ;
#5755 = CARTESIAN_POINT ( 'NONE',  ( -28.56129989627498844, -13.22436329670257749, 9.284445458547416763 ) ) ;
#5756 = CARTESIAN_POINT ( 'NONE',  ( -25.79885747413127817, 11.14074710884869290, 0.000000000000000000 ) ) ;
#5757 = ADVANCED_FACE ( 'NONE', ( #2272 ), #2097, .F. ) ;
#5758 = CARTESIAN_POINT ( 'NONE',  ( 27.30939802334934186, 12.83039601575667277, 7.620186397224005148 ) ) ;
#5759 = CARTESIAN_POINT ( 'NONE',  ( -23.63108060782761655, 14.00707319311659482, 4.216168628154711939 ) ) ;
#5760 = CARTESIAN_POINT ( 'NONE',  ( 12.61053144103918733, -28.30702210479061165, 10.58810537862724210 ) ) ;
#5761 = AXIS2_PLACEMENT_3D ( 'NONE', #2077, #4091, #5118 ) ;
#5762 = CARTESIAN_POINT ( 'NONE',  ( 15.04433139798302221, 27.59808425559925382, 23.01000000000000156 ) ) ;
#5763 = CARTESIAN_POINT ( 'NONE',  ( 13.41058458066805414, -31.39814414447717539, 23.01000000000000156 ) ) ;
#5764 = CARTESIAN_POINT ( 'NONE',  ( 9.037643587308599180, 23.29611456957484350, 0.5858164764974052030 ) ) ;
#5765 = CARTESIAN_POINT ( 'NONE',  ( 17.00598576805640505, 26.93280866962970777, 23.01000000000000156 ) ) ;
#5766 = CARTESIAN_POINT ( 'NONE',  ( 31.54181123780277218, 6.364466316536051771, 9.999990658245035746 ) ) ;
#5767 = ORIENTED_EDGE ( 'NONE', *, *, #4695, .F. ) ;
#5768 = CARTESIAN_POINT ( 'NONE',  ( 25.69693220900790109, 10.30121168270016874, 4.315234455441368411 ) ) ;
#5769 = CARTESIAN_POINT ( 'NONE',  ( 23.47343561501398668, -22.69902534004397054, 10.94706034883536283 ) ) ;
#5770 = CARTESIAN_POINT ( 'NONE',  ( -12.01554777968577348, 27.41727471737293698, 8.919847800280905403 ) ) ;
#5771 = CARTESIAN_POINT ( 'NONE',  ( -3.287312422929796085, 24.91471520380943261, 0.5173514129380902826 ) ) ;
#5772 = CARTESIAN_POINT ( 'NONE',  ( 27.69886776892396085, -5.198913836345177231, -0.09999999999999992228 ) ) ;
#5773 = CARTESIAN_POINT ( 'NONE',  ( -23.53986228936224023, -22.58771955757656613, 10.93451416652086472 ) ) ;
#5774 = CARTESIAN_POINT ( 'NONE',  ( -21.35359841830994654, 17.30486989356625571, -0.8889690687347083786 ) ) ;
#5775 = CARTESIAN_POINT ( 'NONE',  ( -24.20716415585855685, 10.41691756944009661, 2.634202422711924285 ) ) ;
#5776 = CARTESIAN_POINT ( 'NONE',  ( -15.20774931423111553, -27.58139383150826163, 10.00000000000000355 ) ) ;
#5777 = CARTESIAN_POINT ( 'NONE',  ( 24.93248095564698019, -11.84162909027453026, 4.279723809914542265 ) ) ;
#5778 = CARTESIAN_POINT ( 'NONE',  ( 21.65374551289071903, 20.92577143846377297, 7.602919364005525260 ) ) ;
#5779 = CARTESIAN_POINT ( 'NONE',  ( -22.51213055735491864, -21.88740544282968870, 9.280861475526741344 ) ) ;
#5780 = CARTESIAN_POINT ( 'NONE',  ( 19.30100549009528521, -16.09545531769973437, 0.9752654843826623621 ) ) ;
#5781 = CARTESIAN_POINT ( 'NONE',  ( 31.56805364518013590, -6.312573409719395734, 23.01000000000000156 ) ) ;
#5782 = CARTESIAN_POINT ( 'NONE',  ( 25.37388454281039074, 11.89429141701201331, -0.1000000000000000056 ) ) ;
#5783 = CARTESIAN_POINT ( 'NONE',  ( -26.35928511137219843, 0.4944140024781426557, 2.641864810387944740 ) ) ;
#5784 = CARTESIAN_POINT ( 'NONE',  ( -36.20448314073975382, 0.002990514695031193729, 10.00000000000000000 ) ) ;
#5785 = CARTESIAN_POINT ( 'NONE',  ( 26.36548810226282313, -8.449350394288410726, 4.315893922564289831 ) ) ;
#5786 = CARTESIAN_POINT ( 'NONE',  ( 14.52709508390723414, 28.24117255690561734, 10.75879600276107340 ) ) ;
#5787 = CARTESIAN_POINT ( 'NONE',  ( -22.14168261164507356, 24.40007600371853513, 10.99086302801466353 ) ) ;
#5788 = CARTESIAN_POINT ( 'NONE',  ( -10.20453265258032971, -22.82452148369777589, 0.7016393370079669900 ) ) ;
#5789 = CARTESIAN_POINT ( 'NONE',  ( -22.21456619932047616, -23.14430944513427590, 23.01000000000000156 ) ) ;
#5790 = CARTESIAN_POINT ( 'NONE',  ( 11.22039654752693494, -22.35965767221239631, 0.7863764701003592705 ) ) ;
#5791 = ORIENTED_EDGE ( 'NONE', *, *, #6246, .T. ) ;
#5792 = CARTESIAN_POINT ( 'NONE',  ( -27.36416144439643716, -12.73597508384314558, 7.616597569460888728 ) ) ;
#5793 = CARTESIAN_POINT ( 'NONE',  ( 5.463301196955456795, 27.74374108952880391, 0.000000000000000000 ) ) ;
#5794 = B_SPLINE_CURVE_WITH_KNOTS ( 'NONE', 3,
 ( #4824, #930, #3435, #794, #6441, #3399, #4361, #1388, #4327, #1354, #5317, #5874, #1916, #2933, #3925, #2796, #3891, #2365, #5418, #291, #5940, #1421, #2865 ),
 .UNSPECIFIED., .F., .F.,
 ( 4, 2, 2, 2, 2, 1, 2, 2, 1, 1, 2, 2, 4 ),
 ( 0.000000000000000000, 0.06250000000000009714, 0.1250000000000001943, 0.1875000000000002776, 0.2500000000000003886, 0.3750000000000003886, 0.4375000000000003886, 0.5000000000000003331, 0.6250000000000003331, 0.6875000000000003331, 0.7187500000000002220, 0.7500000000000001110, 1.000000000000000000 ),
 .UNSPECIFIED. ) ;
#5795 = CARTESIAN_POINT ( 'NONE',  ( 29.71883525263144321, 13.78450112808300787, 10.95934663512269225 ) ) ;
#5796 = CARTESIAN_POINT ( 'NONE',  ( -25.21663775266166851, 13.77959981592470484, 5.904948266583187610 ) ) ;
#5797 = CARTESIAN_POINT ( 'NONE',  ( 6.144798966657476491, -24.25127906153651836, 0.2961129476877442102 ) ) ;
#5798 = CARTESIAN_POINT ( 'NONE',  ( 11.49980655551830466, 28.03566997156864105, 10.00000015133210951 ) ) ;
#5799 = CARTESIAN_POINT ( 'NONE',  ( 19.63172735707836480, -20.02088459854245528, -0.1000000000000000056 ) ) ;
#5800 = CARTESIAN_POINT ( 'NONE',  ( 11.34107351828485655, 26.56394741690767702, 7.257157660980907643 ) ) ;
#5801 = CARTESIAN_POINT ( 'NONE',  ( -19.33427845263842926, -25.67142713609100468, 9.999997948100489253 ) ) ;
#5802 = CARTESIAN_POINT ( 'NONE',  ( 31.57992619307672300, -6.183720781486804263, 9.999999186181074862 ) ) ;
#5803 = CARTESIAN_POINT ( 'NONE',  ( 28.23775599493156818, 11.06677125545422591, 7.661038432845042934 ) ) ;
#5804 = CARTESIAN_POINT ( 'NONE',  ( 20.40026931109186137, -22.43422314925447125, 7.656299508905380691 ) ) ;
#5805 = CARTESIAN_POINT ( 'NONE',  ( -10.98441514286700738, 25.68854880905288240, 5.614287834059471294 ) ) ;
#5806 = CARTESIAN_POINT ( 'NONE',  ( -24.34122820571213808, 6.156587765348099595, 1.042072602837684325 ) ) ;
#5807 = CARTESIAN_POINT ( 'NONE',  ( -21.38795334440865403, -19.22384039256732180, 5.910741113386974277 ) ) ;
#5808 = CARTESIAN_POINT ( 'NONE',  ( 19.04837046077130580, 18.13757074539305592, 2.596112828865519528 ) ) ;
#5809 = CARTESIAN_POINT ( 'NONE',  ( -24.36831744648697651, 14.05132342025543402, 0.000000000000000000 ) ) ;
#5810 = CARTESIAN_POINT ( 'NONE',  ( -26.93217827459952574, 10.75979431157562871, 5.982975915998817840 ) ) ;
#5811 = CARTESIAN_POINT ( 'NONE',  ( 7.807404238005467789, -28.15317238490045426, 10.00000003051809117 ) ) ;
#5812 = CARTESIAN_POINT ( 'NONE',  ( 24.59436280534077568, -16.88693650712164995, 7.552255361902910913 ) ) ;
#5813 = CARTESIAN_POINT ( 'NONE',  ( 21.62369350417388247, 20.96581260359564070, 7.604481678121958410 ) ) ;
#5814 = CARTESIAN_POINT ( 'NONE',  ( -21.64436838063985391, -20.94657574392780575, 7.610193875024561017 ) ) ;
#5815 = CARTESIAN_POINT ( 'NONE',  ( 24.63415233615395294, -4.972034120262002865, 1.041911075536711584 ) ) ;
#5816 = FACE_OUTER_BOUND ( 'NONE', #5225, .T. ) ;
#5817 = CARTESIAN_POINT ( 'NONE',  ( 27.08138409391853330, 5.090826824474910417, -0.8889690687347068243 ) ) ;
#5818 = CARTESIAN_POINT ( 'NONE',  ( -29.51521718188570631, -7.227225213931617098, 7.654412650351271274 ) ) ;
#5819 = CARTESIAN_POINT ( 'NONE',  ( -12.76522365868443920, 31.39823346870315035, 10.00000000000000178 ) ) ;
#5820 = CARTESIAN_POINT ( 'NONE',  ( 27.32638286584059628, -9.743432381610782400, 5.988482583677398274 ) ) ;
#5821 = CARTESIAN_POINT ( 'NONE',  ( 17.53720389170350913, 26.11534336765574338, 9.284977018795146364 ) ) ;
#5822 = CARTESIAN_POINT ( 'NONE',  ( -15.17682843744867327, 21.54308463833150000, 2.623816737126510645 ) ) ;
#5823 = CARTESIAN_POINT ( 'NONE',  ( -10.94981261301278508, -24.71718389254083803, 4.009119998171690291 ) ) ;
#5824 = CARTESIAN_POINT ( 'NONE',  ( -16.76523491691705914, -27.02268393168925087, 23.01000000000000156 ) ) ;
#5825 = CARTESIAN_POINT ( 'NONE',  ( 15.84377579634996991, -25.51308269966787279, 7.586615462418615508 ) ) ;
#5826 = ORIENTED_EDGE ( 'NONE', *, *, #484, .F. ) ;
#5827 = CARTESIAN_POINT ( 'NONE',  ( -24.98764471239703511, -11.74104082677688687, 4.280416008356138668 ) ) ;
#5828 = EDGE_CURVE ( 'NONE', #4516, #76, #6067, .T. ) ;
#5829 = CARTESIAN_POINT ( 'NONE',  ( 24.92000215891954085, 11.86463193568222962, 4.279160461853251718 ) ) ;
#5830 = CARTESIAN_POINT ( 'NONE',  ( -22.50709028255389299, 10.96822199174506096, 0.9320069297208949388 ) ) ;
#5831 = CARTESIAN_POINT ( 'NONE',  ( -4.980139736019680186, -28.27001614838322752, 10.16103974461286086 ) ) ;
#5832 = CARTESIAN_POINT ( 'NONE',  ( -12.75653151897559212, -31.40176592948167666, 10.00000000000000000 ) ) ;
#5833 = CARTESIAN_POINT ( 'NONE',  ( 11.93395980299249892, 28.01722994649475496, 9.999999606545882713 ) ) ;
#5834 = CARTESIAN_POINT ( 'NONE',  ( 9.328698519873539041, 23.18503970600932718, 0.6165463731110023549 ) ) ;
#5835 = CARTESIAN_POINT ( 'NONE',  ( 14.04154476419997977, 27.81636584860003225, 23.01000000000000156 ) ) ;
#5836 = CARTESIAN_POINT ( 'NONE',  ( 30.47757555985968381, 10.32233799041416944, 10.00000003886827216 ) ) ;
#5837 = CARTESIAN_POINT ( 'NONE',  ( 28.19712863954681836, 11.16764508862392979, 7.660811271582781856 ) ) ;
#5838 = CARTESIAN_POINT ( 'NONE',  ( 17.34544431690617827, -21.57659731644166712, 4.315038155142771004 ) ) ;
#5839 = CARTESIAN_POINT ( 'NONE',  ( -9.876997708530781850, 24.00149526407606970, 2.290158321960090504 ) ) ;
#5840 = CARTESIAN_POINT ( 'NONE',  ( 16.60399911784941906, 31.09222351979042642, 23.01000000000000156 ) ) ;
#5841 = CARTESIAN_POINT ( 'NONE',  ( -23.18357166980747053, -20.94540087349160373, 9.249435510776404357 ) ) ;
#5842 = CARTESIAN_POINT ( 'NONE',  ( -33.46509435285745582, -13.27160737198940055, 10.00000000000000000 ) ) ;
#5843 = CARTESIAN_POINT ( 'NONE',  ( -29.64703522313223161, 13.87019229037836787, 10.94688600286293578 ) ) ;
#5844 = CARTESIAN_POINT ( 'NONE',  ( 10.36805894509310200, -28.07666383523469733, 9.999989736894752568 ) ) ;
#5845 = EDGE_CURVE ( 'NONE', #6210, #779, #5513, .T. ) ;
#5846 = CARTESIAN_POINT ( 'NONE',  ( 22.48451543444249623, -11.01337121526317198, 0.9300834916631113281 ) ) ;
#5847 = CARTESIAN_POINT ( 'NONE',  ( 23.43860019662376004, 22.73350674698219365, 10.93782464487496853 ) ) ;
#5848 = CARTESIAN_POINT ( 'NONE',  ( 35.59333996457937133, -6.641131923241907486, 10.00000000000000000 ) ) ;
#5849 = CARTESIAN_POINT ( 'NONE',  ( 36.20803116567282842, 0.004850650748990971428, 10.00000000000001599 ) ) ;
#5850 = CARTESIAN_POINT ( 'NONE',  ( -29.80972866787015363, 10.62881521526408513, 9.325336202123136076 ) ) ;
#5851 = FACE_OUTER_BOUND ( 'NONE', #2255, .T. ) ;
#5852 = CARTESIAN_POINT ( 'NONE',  ( 30.67757676569366154, -12.08172987184215508, 11.00606126811913299 ) ) ;
#5853 = CARTESIAN_POINT ( 'NONE',  ( 15.76892817870779240, 26.78731703669826913, 9.207652240132429000 ) ) ;
#5854 = CARTESIAN_POINT ( 'NONE',  ( -17.48224913573487882, 24.68957123117907670, 7.634963508817361522 ) ) ;
#5855 = CARTESIAN_POINT ( 'NONE',  ( -11.71454862809262920, -25.56485268956726387, 5.689829045229243931 ) ) ;
#5856 = CARTESIAN_POINT ( 'NONE',  ( 3.814305547813523045, -28.22664260379165668, 10.00000000000000178 ) ) ;
#5857 = CARTESIAN_POINT ( 'NONE',  ( 15.32969192395430547, -28.08160742990358472, 10.81765664446911224 ) ) ;
#5858 = ORIENTED_EDGE ( 'NONE', *, *, #2438, .F. ) ;
#5859 = CARTESIAN_POINT ( 'NONE',  ( -22.69914776696225189, -10.57307754313258741, 0.9472796615458489722 ) ) ;
#5860 = CARTESIAN_POINT ( 'NONE',  ( 25.94778184164486134, 12.62022172108249762, 5.941011293307437491 ) ) ;
#5861 = CARTESIAN_POINT ( 'NONE',  ( -22.79733059733621658, 19.39181601025910595, 7.566217655075601733 ) ) ;
#5862 = CARTESIAN_POINT ( 'NONE',  ( 1.543681507550370480, -28.26919351739022446, 10.07807499695972631 ) ) ;
#5863 = CARTESIAN_POINT ( 'NONE',  ( -29.51340504216711480, 12.70483358608612612, 23.01000000000000156 ) ) ;
#5864 = CARTESIAN_POINT ( 'NONE',  ( -13.28595884836412289, 27.91667801367848512, 9.999999999821135077 ) ) ;
#5865 = CARTESIAN_POINT ( 'NONE',  ( -10.59395262057630305, -31.40146660741242712, 9.999999999999998224 ) ) ;
#5866 = CARTESIAN_POINT ( 'NONE',  ( 11.98666647672508745, 27.42151876717403525, 8.918284879388972186 ) ) ;
#5867 = ADVANCED_FACE ( 'NONE', ( #5113 ), #2500, .F. ) ;
#5868 = CARTESIAN_POINT ( 'NONE',  ( -27.67566562548194398, 15.52027910068270522, 23.01000000000000156 ) ) ;
#5869 = CARTESIAN_POINT ( 'NONE',  ( 30.83797596385230477, 9.186255753039281657, 9.999999681898273707 ) ) ;
#5870 = CARTESIAN_POINT ( 'NONE',  ( 26.94670769431770552, 10.73521629802436728, 5.988046189411178055 ) ) ;
#5871 = CARTESIAN_POINT ( 'NONE',  ( 21.43425315023299405, -25.09744722981625387, 11.00940384362410462 ) ) ;
#5872 = AXIS2_PLACEMENT_3D ( 'NONE', #6036, #5417, #4888 ) ;
#5873 = CARTESIAN_POINT ( 'NONE',  ( -11.46221077887087780, 26.54947701758590739, 7.266299141254710214 ) ) ;
#5874 = CARTESIAN_POINT ( 'NONE',  ( -35.93664179483093335, 2.218622886882502421, 23.00999999999999801 ) ) ;
#5875 = CARTESIAN_POINT ( 'NONE',  ( -23.20217922525156595, -14.65102020529170268, 4.209820356815349385 ) ) ;
#5876 = CARTESIAN_POINT ( 'NONE',  ( 21.74752614920716454, 20.80968269993306308, 7.605860976176485266 ) ) ;
#5877 = CARTESIAN_POINT ( 'NONE',  ( -32.67472114425775231, 14.83095511384908427, 9.999999999999996447 ) ) ;
#5878 = CARTESIAN_POINT ( 'NONE',  ( -28.44808482165664998, 13.38900012085175284, 9.279109929378089205 ) ) ;
#5879 = AXIS2_PLACEMENT_3D ( 'NONE', #1553, #3099, #5057 ) ;
#5880 = CARTESIAN_POINT ( 'NONE',  ( 33.54470374677409694, 13.06724341780522103, 10.00000000000000000 ) ) ;
#5881 = CARTESIAN_POINT ( 'NONE',  ( 12.29370272740636238, -27.99810955387529177, 10.00021400811356109 ) ) ;
#5882 = CARTESIAN_POINT ( 'NONE',  ( 27.16800589883858663, -13.04817766272651802, 7.613489892647651303 ) ) ;
#5883 = CARTESIAN_POINT ( 'NONE',  ( 22.39510729860861815, -22.93212985062952569, 23.01000000000000156 ) ) ;
#5884 = DIRECTION ( 'NONE',  ( -1.000000000000000000, 0.000000000000000000, 0.000000000000000000 ) ) ;
#5885 = CARTESIAN_POINT ( 'NONE',  ( 22.51535871110750975, 22.77440475133882458, 10.00000000000000178 ) ) ;
#5886 = CARTESIAN_POINT ( 'NONE',  ( 26.05080111235378126, -10.32285480484621587, -0.09999999999999999167 ) ) ;
#5887 = CARTESIAN_POINT ( 'NONE',  ( -29.58499689092239038, 11.22831046176367131, 9.325337170447474122 ) ) ;
#5888 = CARTESIAN_POINT ( 'NONE',  ( -35.59333996454864746, 6.641131923024465422, 23.01000000000000156 ) ) ;
#5889 = CARTESIAN_POINT ( 'NONE',  ( 27.00630699297875381, -10.58759989785426825, 5.988436409796229043 ) ) ;
#5890 = CARTESIAN_POINT ( 'NONE',  ( 19.13012696364503284, 23.56462377798917629, 7.657899781345896884 ) ) ;
#5891 = CARTESIAN_POINT ( 'NONE',  ( -17.21065325950543112, 27.60003687057304234, 10.91355334134921407 ) ) ;
#5892 = CARTESIAN_POINT ( 'NONE',  ( -9.316296491306474081, -23.18974105135261610, 0.6150503105945021032 ) ) ;
#5893 = CARTESIAN_POINT ( 'NONE',  ( -8.221070779931302752, -28.15421116020694470, 10.00000000000000178 ) ) ;
#5894 = CARTESIAN_POINT ( 'NONE',  ( 13.66972285181498137, -23.80364105106682615, 4.209404083671577368 ) ) ;
#5895 = ORIENTED_EDGE ( 'NONE', *, *, #3327, .T. ) ;
#5896 = CARTESIAN_POINT ( 'NONE',  ( -27.61621029755506385, -12.33428405065779820, 7.633398892838975769 ) ) ;
#5897 = CARTESIAN_POINT ( 'NONE',  ( -29.17619490395993864, -13.27884922209495144, 9.999999999021131458 ) ) ;
#5898 = CARTESIAN_POINT ( 'NONE',  ( 23.70634642823573301, 11.42365158946325643, 2.606284311755047156 ) ) ;
#5899 = CARTESIAN_POINT ( 'NONE',  ( -24.96489031080508525, 18.44501303116438962, 9.215150643050174395 ) ) ;
#5900 = CARTESIAN_POINT ( 'NONE',  ( 9.851584204596692373, -24.01010936222884595, 2.289029663743474163 ) ) ;
#5901 = CARTESIAN_POINT ( 'NONE',  ( -5.047201990823660722, 28.21367423557158460, 23.01000000000000156 ) ) ;
#5902 = CARTESIAN_POINT ( 'NONE',  ( -6.550475675301631107, 28.18065062372241769, 9.999965149312163959 ) ) ;
#5903 = CARTESIAN_POINT ( 'NONE',  ( 12.47530502742800529, 28.30210055021502669, 10.56568201560803999 ) ) ;
#5904 = CARTESIAN_POINT ( 'NONE',  ( 30.10911731265219160, 11.34842332973613921, 9.999999999993606892 ) ) ;
#5905 = CARTESIAN_POINT ( 'NONE',  ( 24.46743664227293991, 9.818980399164253470, 2.642680996714818598 ) ) ;
#5906 = CARTESIAN_POINT ( 'NONE',  ( 15.86403257649077148, -21.06721713096142423, 2.638925175759947006 ) ) ;
#5907 = DIRECTION ( 'NONE',  ( 0.000000000000000000, 0.000000000000000000, 1.000000000000000000 ) ) ;
#5908 = CARTESIAN_POINT ( 'NONE',  ( -22.34911483271821453, 28.27377271125739711, 23.01000000000000156 ) ) ;
#5909 = CARTESIAN_POINT ( 'NONE',  ( -20.67767694258266076, -16.14613598908026049, 2.540330399115797277 ) ) ;
#5910 = CARTESIAN_POINT ( 'NONE',  ( 21.69428300337052562, 20.88017881229798789, 7.607904671798104701 ) ) ;
#5911 = CARTESIAN_POINT ( 'NONE',  ( 14.00067266983932335, 31.40193813079779517, 10.00000000000000000 ) ) ;
#5912 = CARTESIAN_POINT ( 'NONE',  ( -23.71661236429989472, 11.40125449259821444, 2.605367597169408356 ) ) ;
#5913 = CARTESIAN_POINT ( 'NONE',  ( 12.34917756205399542, -27.99541634965718018, 9.999999999283669894 ) ) ;
#5914 = CARTESIAN_POINT ( 'NONE',  ( 23.66682995944018941, -11.49684558983451588, 2.603361009202509901 ) ) ;
#5915 = CARTESIAN_POINT ( 'NONE',  ( -6.215408705509941178, -28.19498281466203338, 23.01000000000000156 ) ) ;
#5916 = CARTESIAN_POINT ( 'NONE',  ( 21.26025002142681330, 28.97159587850333651, 23.01000000000001222 ) ) ;
#5917 = CARTESIAN_POINT ( 'NONE',  ( -15.51567438016127376, 22.65480705275303563, -0.8889690687347070464 ) ) ;
#5918 = CARTESIAN_POINT ( 'NONE',  ( 17.78684698606615200, -20.89507718469377906, -0.8889690687347077125 ) ) ;
#5919 = CARTESIAN_POINT ( 'NONE',  ( -25.58757532917905664, 6.407351922958268275, 2.641812150187960118 ) ) ;
#5920 = CARTESIAN_POINT ( 'NONE',  ( 25.78507946851090438, -10.08281579854988230, 4.315887426118402814 ) ) ;
#5921 = CARTESIAN_POINT ( 'NONE',  ( 18.29757792160187080, 22.53559219191257768, 5.986880281789807690 ) ) ;
#5922 = CARTESIAN_POINT ( 'NONE',  ( -15.63120103824077667, 26.86277034241832951, 9.205207841084463993 ) ) ;
#5923 = CARTESIAN_POINT ( 'NONE',  ( -19.18933837616044968, -25.16731255292032543, 9.330807762111732018 ) ) ;
#5924 = CARTESIAN_POINT ( 'NONE',  ( -16.14131765225859994, -27.25614457439339589, 23.01000000000000156 ) ) ;
#5925 = CARTESIAN_POINT ( 'NONE',  ( 18.11160284951441213, -27.20616465006709106, 10.95408431193541965 ) ) ;
#5926 = VERTEX_POINT ( 'NONE', #3062 ) ;
#5927 = CARTESIAN_POINT ( 'NONE',  ( -26.92239573209283421, -10.78315524777518775, 5.982861710011885492 ) ) ;
#5928 = CARTESIAN_POINT ( 'NONE',  ( -28.95746492642116010, -13.61277191595707237, 10.00006936422320791 ) ) ;
#5929 = CARTESIAN_POINT ( 'NONE',  ( 27.35269749490282365, 12.76291259651685905, 7.622253401231772862 ) ) ;
#5930 = CARTESIAN_POINT ( 'NONE',  ( -22.68828769093617126, 21.63446113227690759, 9.265525083161270103 ) ) ;
#5931 = CARTESIAN_POINT ( 'NONE',  ( 1.311201859742178621, -26.08130677487186944, 3.386506399451199467 ) ) ;
#5932 = CARTESIAN_POINT ( 'NONE',  ( -23.34752952824617722, 21.66515953067071365, 10.00000000000000178 ) ) ;
#5933 = CARTESIAN_POINT ( 'NONE',  ( -7.605363115301757126, 28.15810368829592392, 9.999988043689347350 ) ) ;
#5934 = CARTESIAN_POINT ( 'NONE',  ( 9.525569925031549090, 23.10763821040510280, 0.6368328626283291660 ) ) ;
#5935 = CARTESIAN_POINT ( 'NONE',  ( -30.90410762981979076, 9.021595225992470546, 23.01000000000000156 ) ) ;
#5936 = CARTESIAN_POINT ( 'NONE',  ( 29.08868063935510051, 13.41490808728069517, 9.999999997032647414 ) ) ;
#5937 = CARTESIAN_POINT ( 'NONE',  ( 25.96005125756068566, 4.603263361002928988, 2.643279053463324146 ) ) ;
#5938 = CARTESIAN_POINT ( 'NONE',  ( 16.92969462371855727, -18.47174264284328871, 0.9665188495182520656 ) ) ;
#5939 = CARTESIAN_POINT ( 'NONE',  ( -22.69931004642912242, -16.65794915139698062, -4.448226457149096196E-06 ) ) ;
#5940 = CARTESIAN_POINT ( 'NONE',  ( -34.96973676826493005, -8.838904955095276961, 23.01000000000000156 ) ) ;
#5941 = CARTESIAN_POINT ( 'NONE',  ( -22.45155171203510136, -21.97100957987276360, 9.284079026692605652 ) ) ;
#5942 = CARTESIAN_POINT ( 'NONE',  ( 20.86660613657702967, 19.89695282908357399, 5.935251931169769790 ) ) ;
#5943 = CARTESIAN_POINT ( 'NONE',  ( -18.19432821609123963, 21.37738064540113214, -0.1000000000000001305 ) ) ;
#5944 = CARTESIAN_POINT ( 'NONE',  ( -27.42917191918092001, 12.63446348367493322, 7.621013890377626332 ) ) ;
#5945 = CARTESIAN_POINT ( 'NONE',  ( 11.99132150351723070, -28.01186752326360363, 10.00024539212263086 ) ) ;
#5946 = CARTESIAN_POINT ( 'NONE',  ( 22.46195766957635698, -11.05851561184434750, 0.9283988689171703834 ) ) ;
#5947 = CARTESIAN_POINT ( 'NONE',  ( 23.44982281796642809, -21.52459449751733445, 23.01000000000000156 ) ) ;
#5948 = CARTESIAN_POINT ( 'NONE',  ( 25.09999999999999787, -8.004734207004356171E-12, 1.042014805384222420 ) ) ;
#5949 = CARTESIAN_POINT ( 'NONE',  ( 17.47527631811422566, 26.71330878976912260, 10.00000000000000178 ) ) ;
#5950 = CARTESIAN_POINT ( 'NONE',  ( 20.88039487474579659, -18.81914016213892182, -0.000000000000000000 ) ) ;
#5951 = CARTESIAN_POINT ( 'NONE',  ( -27.90666856960676512, 7.957079889379731874, 5.983570732044993790 ) ) ;
#5952 = FACE_OUTER_BOUND ( 'NONE', #6357, .T. ) ;
#5953 = ADVANCED_FACE ( 'NONE', ( #1983 ), #3995, .T. ) ;
#5954 = CARTESIAN_POINT ( 'NONE',  ( 28.35576330202803774, -10.76179409314179303, 7.661069125796084123 ) ) ;
#5955 = CARTESIAN_POINT ( 'NONE',  ( 15.96966951040760385, 20.98852269769754386, 2.639171917999687533 ) ) ;
#5956 = CARTESIAN_POINT ( 'NONE',  ( -13.06926912024108667, 25.22918829405723429, 5.792825833378604017 ) ) ;
#5957 = CARTESIAN_POINT ( 'NONE',  ( -15.33021506853235216, -22.96655091895164702, 4.280012652621667080 ) ) ;
#5958 = DIRECTION ( 'NONE',  ( 0.5734630522045653933, 0.8192314250297187961, 0.000000000000000000 ) ) ;
#5959 = CARTESIAN_POINT ( 'NONE',  ( 11.79802233167646897, -26.52096592578352130, 7.306189405149264182 ) ) ;
#5960 = ORIENTED_EDGE ( 'NONE', *, *, #3907, .T. ) ;
#5961 = CARTESIAN_POINT ( 'NONE',  ( -25.29956343335548041, -11.16097977293287968, 4.299177607752064034 ) ) ;
#5962 = CARTESIAN_POINT ( 'NONE',  ( -29.80073051565650033, -12.11349690450209238, 10.00006102438955757 ) ) ;
#5963 = CARTESIAN_POINT ( 'NONE',  ( 24.08791745902375681, 10.67489801221591250, 2.630434341098291107 ) ) ;
#5964 = CARTESIAN_POINT ( 'NONE',  ( -19.23230481817927284, 17.92592603115389593, 2.586514352848908960 ) ) ;
#5965 = CARTESIAN_POINT ( 'NONE',  ( -5.451047106114761398, -24.35889235633942462, 0.2589820655483183187 ) ) ;
#5966 = CARTESIAN_POINT ( 'NONE',  ( -28.97366516722793151, 13.58622078215158524, 10.00000000000000178 ) ) ;
#5967 = CARTESIAN_POINT ( 'NONE',  ( -14.34745358552114602, 27.77279610813946675, 9.999948466985330242 ) ) ;
#5968 = CARTESIAN_POINT ( 'NONE',  ( -11.49948577550577689, -25.59104302768769656, -0.1000000000000000056 ) ) ;
#5969 = CARTESIAN_POINT ( 'NONE',  ( 10.41269963195389003, 24.84231571918505210, 3.953674200031927377 ) ) ;
#5970 = ADVANCED_FACE ( 'NONE', ( #2014 ), #6037, .F. ) ;
#5971 = CARTESIAN_POINT ( 'NONE',  ( -32.00122636615347460, -3.519450892211772874, 23.01000000000000156 ) ) ;
#5972 = CARTESIAN_POINT ( 'NONE',  ( 29.08278130769430447, 13.42389591757786604, 9.999999689873323661 ) ) ;
#5973 = CARTESIAN_POINT ( 'NONE',  ( 29.50577301697149579, 11.45234827564668478, 9.333654819805721203 ) ) ;
#5974 = CARTESIAN_POINT ( 'NONE',  ( 20.90424544012782349, 19.84923949076801719, 5.933737568154882958 ) ) ;
#5975 = CARTESIAN_POINT ( 'NONE',  ( -25.13766487026445162, 25.62085057631064444, 10.00000000000000000 ) ) ;
#5976 = DIRECTION ( 'NONE',  ( -1.000000000000000000, 0.000000000000000000, 0.000000000000000000 ) ) ;
#5977 = CARTESIAN_POINT ( 'NONE',  ( -23.39244052399872587, -22.81428189684851660, 10.95083171060013250 ) ) ;
#5978 = B_SPLINE_CURVE_WITH_KNOTS ( 'NONE', 3,
 ( #1559, #2667, #1589, #3073 ),
 .UNSPECIFIED., .F., .F.,
 ( 4, 4 ),
 ( 0.1803580679649058049, 1.080405004266116631 ),
 .UNSPECIFIED. ) ;
#5979 = CARTESIAN_POINT ( 'NONE',  ( 18.21855563554879964, 17.17122981332831344, 0.9212525450083108858 ) ) ;
#5980 = CARTESIAN_POINT ( 'NONE',  ( 23.16103956079795978, -21.92056073610331524, 9.999999999871503675 ) ) ;
#5981 = CARTESIAN_POINT ( 'NONE',  ( 23.98969667239000358, -21.95542728434327628, 10.93086793077512375 ) ) ;
#5982 = CARTESIAN_POINT ( 'NONE',  ( 12.83569138617298044, -27.97270840610320874, 23.01000000000000156 ) ) ;
#5983 = CARTESIAN_POINT ( 'NONE',  ( 24.30783794256434405, 6.268820106077008347, 1.042063050804970636 ) ) ;
#5984 = VECTOR ( 'NONE', #535, 1000.000000000000000 ) ;
#5985 = CARTESIAN_POINT ( 'NONE',  ( -22.57534042162638954, -21.78863516002637368, 9.269300620324278484 ) ) ;
#5986 = CARTESIAN_POINT ( 'NONE',  ( -5.470981014212681792, 27.74222767414704194, 0.000000000000000000 ) ) ;
#5987 = CARTESIAN_POINT ( 'NONE',  ( 25.05610494630965945, -12.74150535960165875, 0.000000000000000000 ) ) ;
#5988 = CARTESIAN_POINT ( 'NONE',  ( -29.97787290013202721, 10.14477534141483517, 9.325334319110787362 ) ) ;
#5989 = CARTESIAN_POINT ( 'NONE',  ( 8.688698629225136472, 26.75995454057356326, 0.0002789981171130842866 ) ) ;
#5990 = CARTESIAN_POINT ( 'NONE',  ( 26.83149460424814592, -11.00764385020288216, 5.986307415139399346 ) ) ;
#5991 = CARTESIAN_POINT ( 'NONE',  ( 18.96183455614858104, 21.93989298045729086, 5.981929038877873417 ) ) ;
#5992 = CARTESIAN_POINT ( 'NONE',  ( -11.68518695641651739, 26.52898067611220867, 7.288712415246219045 ) ) ;
#5993 = CARTESIAN_POINT ( 'NONE',  ( -16.66792588498387673, -26.50534187197153457, 9.261977051116604187 ) ) ;
#5994 = CARTESIAN_POINT ( 'NONE',  ( 12.32839701812725153, -27.41063636633681710, 8.960552685256212513 ) ) ;
#5995 = ORIENTED_EDGE ( 'NONE', *, *, #1270, .T. ) ;
#5996 = CARTESIAN_POINT ( 'NONE',  ( -28.17145729032673529, -11.21597536295270814, 7.653988084465647823 ) ) ;
#5997 = CARTESIAN_POINT ( 'NONE',  ( -29.77470530960971473, -12.17075718336857371, 10.00000517872653560 ) ) ;
#5998 = CARTESIAN_POINT ( 'NONE',  ( 27.37629585727769310, 12.72661492680180650, 7.623731074294153309 ) ) ;
#5999 = CARTESIAN_POINT ( 'NONE',  ( -23.04173288553804255, 17.00819423239561345, 5.873260977632774882 ) ) ;
#6000 = CARTESIAN_POINT ( 'NONE',  ( -17.29442945210994154, 26.83619960511083846, 23.01000000000000156 ) ) ;
#6001 = CARTESIAN_POINT ( 'NONE',  ( -19.55781685280689430, 25.51797655101986706, 9.999983660575669120 ) ) ;
#6002 = CARTESIAN_POINT ( 'NONE',  ( -27.47851530889343152, -22.27558461056555927, 10.00000000000001243 ) ) ;
#6003 = CARTESIAN_POINT ( 'NONE',  ( -22.73349049135617861, 22.50070969241863494, 23.01000000000000156 ) ) ;
#6004 = CARTESIAN_POINT ( 'NONE',  ( 27.04215360128990397, 10.49612330712584551, 5.988483672000351810 ) ) ;
#6005 = CARTESIAN_POINT ( 'NONE',  ( 20.97944244975452222, 19.75374061072191267, 5.930752208018441607 ) ) ;
#6006 = CARTESIAN_POINT ( 'NONE',  ( 8.126183875246240973, -23.78056674503565660, 0.7216272470026662278 ) ) ;
#6007 = DIRECTION ( 'NONE',  ( -0.000000000000000000, -0.000000000000000000, -1.000000000000000000 ) ) ;
#6008 = CARTESIAN_POINT ( 'NONE',  ( 26.05080111235378126, -10.32285480484621587, -0.09999999999999999167 ) ) ;
#6009 = CARTESIAN_POINT ( 'NONE',  ( 23.47431032930746753, 22.69521250400921630, 10.94682537195529370 ) ) ;
#6010 = CARTESIAN_POINT ( 'NONE',  ( 8.910761338506583584, 26.65652043851608610, -0.09999999999999999167 ) ) ;
#6011 = CARTESIAN_POINT ( 'NONE',  ( 20.97309434356352398, -17.75689548829290487, 4.229160652545506771 ) ) ;
#6012 = CARTESIAN_POINT ( 'NONE',  ( 25.41621229574418095, 18.78202284310208370, 23.01000000000000156 ) ) ;
#6013 = CARTESIAN_POINT ( 'NONE',  ( -22.60012214719275647, -21.75438184171857259, 9.268416336795070265 ) ) ;
#6014 = CARTESIAN_POINT ( 'NONE',  ( -25.13912183792205468, 25.61876919777061801, 10.00000000000000000 ) ) ;
#6015 = CARTESIAN_POINT ( 'NONE',  ( 14.00936482183138132, -31.39806126722641366, 10.00000000000000000 ) ) ;
#6016 = CARTESIAN_POINT ( 'NONE',  ( -29.46192464845209358, 11.54603674227655929, 9.325281760110270213 ) ) ;
#6017 = CARTESIAN_POINT ( 'NONE',  ( 12.75653151894947257, 31.40176592949499934, 15.00000000000000000 ) ) ;
#6018 = CARTESIAN_POINT ( 'NONE',  ( 30.62288755236757964, -12.21249467842685910, 11.00546576223590378 ) ) ;
#6019 = CARTESIAN_POINT ( 'NONE',  ( 20.57954214251665093, 20.24985664339316216, 5.943302522574014368 ) ) ;
#6020 = CARTESIAN_POINT ( 'NONE',  ( -12.78296836195628394, 28.30473016381982632, 10.59667032438736101 ) ) ;
#6021 = CARTESIAN_POINT ( 'NONE',  ( -17.57474255574917166, -19.65061408495065365, 2.639526219121487660 ) ) ;
#6022 = CARTESIAN_POINT ( 'NONE',  ( 30.49846934232828488, -10.26884602601147378, 10.00000000000000178 ) ) ;
#6023 = CARTESIAN_POINT ( 'NONE',  ( 12.89885762670034808, -27.37314083346675631, 9.015207042204766097 ) ) ;
#6024 = VERTEX_POINT ( 'NONE', #3525 ) ;
#6025 = CARTESIAN_POINT ( 'NONE',  ( -30.64920709076389826, -12.13051531048212617, 10.99590770031868914 ) ) ;
#6026 = CARTESIAN_POINT ( 'NONE',  ( -29.66741128882226519, -12.39962259330217087, 9.999999800567559660 ) ) ;
#6027 = CARTESIAN_POINT ( 'NONE',  ( 30.14589045846329540, 13.14502816860551704, 10.98747780936367491 ) ) ;
#6028 = CARTESIAN_POINT ( 'NONE',  ( -19.04633224757178311, 18.13859802296283164, 2.594908644230048189 ) ) ;
#6029 = CARTESIAN_POINT ( 'NONE',  ( -11.69283448729436081, -27.43848595586275607, 8.904845580427956264 ) ) ;
#6030 = CARTESIAN_POINT ( 'NONE',  ( -32.00122636615347460, -3.519450892211772874, 10.00000000000000178 ) ) ;
#6031 = CARTESIAN_POINT ( 'NONE',  ( -28.46578281723416382, 14.34733913369799119, 9.999996411398633711 ) ) ;
#6032 = CARTESIAN_POINT ( 'NONE',  ( -24.09737893283067578, -17.59355493718053154, 7.543621096321357911 ) ) ;
#6033 = CARTESIAN_POINT ( 'NONE',  ( -25.51746358261484815, -11.58401317986560741, -0.09999999999999995004 ) ) ;
#6034 = CARTESIAN_POINT ( 'NONE',  ( 23.35130084661312466, 9.049977453462927812, 0.9707269417162404102 ) ) ;
#6035 = CARTESIAN_POINT ( 'NONE',  ( 20.05885063289695935, 18.89594589861989604, 4.261513799760125565 ) ) ;
#6036 = CARTESIAN_POINT ( 'NONE',  ( 0.000000000000000000, 0.000000000000000000, -43.00000000000000000 ) ) ;
#6037 = PLANE ( 'NONE',  #602 ) ;
#6038 = CARTESIAN_POINT ( 'NONE',  ( 6.264738991473999263, 24.17941836867765204, 0.3191317145462648774 ) ) ;
#6039 = CARTESIAN_POINT ( 'NONE',  ( -13.35639902257947043, 24.78307540719021773, 0.000000000000000000 ) ) ;
#6040 = CARTESIAN_POINT ( 'NONE',  ( 21.59397461181855604, -18.96443538891747593, 5.908768805365824939 ) ) ;
#6041 = LINE ( 'NONE', #5547, #1231 ) ;
#6042 = CARTESIAN_POINT ( 'NONE',  ( 25.86390844514938081, 24.58080303556706170, 23.01000000000000156 ) ) ;
#6043 = CARTESIAN_POINT ( 'NONE',  ( -21.68110970637936674, -20.88937110871615133, 7.601677694612539504 ) ) ;
#6044 = CARTESIAN_POINT ( 'NONE',  ( 24.58376337801044187, 13.63980087483870030, 9.929439706229307064E-06 ) ) ;
#6045 = CARTESIAN_POINT ( 'NONE',  ( 29.09254792697337422, -19.97102802897729390, 10.00000000000002487 ) ) ;
#6046 = CARTESIAN_POINT ( 'NONE',  ( -30.72319735147199182, 11.94561270023068289, 10.99621728382136432 ) ) ;
#6047 = CARTESIAN_POINT ( 'NONE',  ( -7.789387185910443101, 27.00797458095098946, 0.0003379345339634442277 ) ) ;
#6048 = EDGE_CURVE ( 'NONE', #4636, #816, #4084, .T. ) ;
#6049 = CARTESIAN_POINT ( 'NONE',  ( 22.73019933291715944, -10.50433280783915180, 0.9486760556336468753 ) ) ;
#6050 = CARTESIAN_POINT ( 'NONE',  ( 19.73648234212045338, 19.27730581766975604, 4.272612207136704754 ) ) ;
#6051 = CARTESIAN_POINT ( 'NONE',  ( -9.791892054812459278, 22.99945566304600320, 0.6625895483114274676 ) ) ;
#6052 = CARTESIAN_POINT ( 'NONE',  ( -13.78694106572226552, -23.72921098655490368, 4.211583022126214715 ) ) ;
#6053 = CARTESIAN_POINT ( 'NONE',  ( 22.39510729860861815, -22.93212985062952569, 23.01000000000000156 ) ) ;
#6054 = ORIENTED_EDGE ( 'NONE', *, *, #3978, .F. ) ;
#6055 = CARTESIAN_POINT ( 'NONE',  ( -26.98340806748397824, -10.63460113464276979, 5.983452902095540260 ) ) ;
#6056 = CARTESIAN_POINT ( 'NONE',  ( -12.80233743502374288, -27.96957101689795877, 9.999999941303180151 ) ) ;
#6057 = CARTESIAN_POINT ( 'NONE',  ( 26.16119427723849711, 12.27016346639454447, 5.952249492742389236 ) ) ;
#6058 = CARTESIAN_POINT ( 'NONE',  ( -22.54202284417876001, 21.83714286193989906, 9.271006258205531481 ) ) ;
#6059 = CARTESIAN_POINT ( 'NONE',  ( -8.995956197936267884, -27.54518429906557486, 8.718353069336796324 ) ) ;
#6060 = CARTESIAN_POINT ( 'NONE',  ( -30.69200703807133479, -9.718648708119225432, 10.00000000000000178 ) ) ;
#6061 = CARTESIAN_POINT ( 'NONE',  ( -24.14585255592477253, 20.56279215186744125, 9.999939834700111163 ) ) ;
#6062 = CARTESIAN_POINT ( 'NONE',  ( -23.70528464572452521, -11.42322397681515511, 2.604788267772755628 ) ) ;
#6063 = CARTESIAN_POINT ( 'NONE',  ( -21.84923305720941755, -17.71610403970711189, 0.000000000000000000 ) ) ;
#6064 = CARTESIAN_POINT ( 'NONE',  ( 23.34213950660730319, 9.073589797240156685, 0.9707269551601956925 ) ) ;
#6065 = CARTESIAN_POINT ( 'NONE',  ( 22.71352809416796603, 21.60812007715325578, 9.272904746720207925 ) ) ;
#6066 =( NAMED_UNIT ( * ) PLANE_ANGLE_UNIT ( ) SI_UNIT ( $, .RADIAN. ) );
#6067 = LINE ( 'NONE', #5605, #6404 ) ;
#6068 = CARTESIAN_POINT ( 'NONE',  ( 0.5594504581925009434, 26.60957180933502286, 5.065610261039692475 ) ) ;
#6069 = CARTESIAN_POINT ( 'NONE',  ( 24.02304791372464621, -14.59426188004565894, -9.066413473483188448E-06 ) ) ;
#6070 = CARTESIAN_POINT ( 'NONE',  ( 22.47311669510706267, -17.79904445800531221, 5.885442373351323475 ) ) ;
#6071 = CARTESIAN_POINT ( 'NONE',  ( 31.20309634157001000, 7.921827989147495863, 23.01000000000000156 ) ) ;
#6072 = DIRECTION ( 'NONE',  ( 1.000000000000000000, 0.000000000000000000, 0.000000000000000000 ) ) ;
#6073 = CARTESIAN_POINT ( 'NONE',  ( -19.92902466094463065, -19.04855370915166191, 4.263839993161851361 ) ) ;
#6074 = CARTESIAN_POINT ( 'NONE',  ( 26.75319835007323022, 8.775974968390043429, -5.762118599096667089E-07 ) ) ;
#6075 = CARTESIAN_POINT ( 'NONE',  ( -30.69140520725430576, 12.02630445188655628, 10.99615640211037793 ) ) ;
#6076 = COLOUR_RGB ( '',0.7921568627450980005, 0.8196078431372548767, 0.9333333333333333481 ) ;
#6077 = LINE ( 'NONE', #1681, #1860 ) ;
#6078 = CARTESIAN_POINT ( 'NONE',  ( 23.24620239132278599, -9.316522196625081520, 0.9701814122902578941 ) ) ;
#6079 = AXIS2_PLACEMENT_3D ( 'NONE', #2473, #590, #6507 ) ;
#6080 = CARTESIAN_POINT ( 'NONE',  ( -12.95888547456977946, 28.30565284882610300, 10.61466374668082757 ) ) ;
#6081 = CARTESIAN_POINT ( 'NONE',  ( -20.79448217190761383, -21.97471666549158087, 7.642953687588586398 ) ) ;
#6082 = CARTESIAN_POINT ( 'NONE',  ( 31.35214059073594584, -7.310119177627769638, 23.01000000000000156 ) ) ;
#6083 = VERTEX_POINT ( 'NONE', #212 ) ;
#6084 = CARTESIAN_POINT ( 'NONE',  ( -29.48804691317704396, -11.47980243097865660, 9.325337296513382057 ) ) ;
#6085 = CARTESIAN_POINT ( 'NONE',  ( -2.738662822213934422, -28.23166122457603677, 9.999878194413568622 ) ) ;
#6086 = CARTESIAN_POINT ( 'NONE',  ( 30.46990769921666242, 12.54695548662033922, 11.00191071129733977 ) ) ;
#6087 = CARTESIAN_POINT ( 'NONE',  ( -20.79692413802374062, 19.98032642478292686, 5.933330446763953603 ) ) ;
#6088 = CARTESIAN_POINT ( 'NONE',  ( -12.11505730193652575, -28.30407470045141594, 10.55146763101060081 ) ) ;
#6089 = CARTESIAN_POINT ( 'NONE',  ( -29.12390152598112536, -13.36244669055149181, 10.00000000000000178 ) ) ;
#6090 = CARTESIAN_POINT ( 'NONE',  ( -22.97154263942680785, 22.17920598073557770, 9.999716225310786299 ) ) ;
#6091 = CARTESIAN_POINT ( 'NONE',  ( -24.91772783608285025, -11.86369789183084933, 4.275962349172499621 ) ) ;
#6092 = CARTESIAN_POINT ( 'NONE',  ( -25.34562723124521710, -10.40966979579101981, -0.8889690687347070464 ) ) ;
#6093 = CARTESIAN_POINT ( 'NONE',  ( 23.10793019922388680, 21.99224650345682264, 10.00072365323171475 ) ) ;
#6094 = CARTESIAN_POINT ( 'NONE',  ( 23.20072443699605813, 18.84786603179509257, 7.563318850941685767 ) ) ;
#6095 = CARTESIAN_POINT ( 'NONE',  ( -23.41634280605539331, -27.54249763572890686, 23.01000000000000156 ) ) ;
#6096 = CARTESIAN_POINT ( 'NONE',  ( -20.77400736703391004, -20.01412782656979772, 5.939211168174664657 ) ) ;
#6097 = CARTESIAN_POINT ( 'NONE',  ( 32.43419384614658441, -15.19725692414538187, 9.999999999999998224 ) ) ;
#6098 = CARTESIAN_POINT ( 'NONE',  ( -1.311085060391494084, 26.08025904026782271, 3.383305257693518975 ) ) ;
#6099 = CARTESIAN_POINT ( 'NONE',  ( 19.62618443224401688, 20.02631827764066941, -0.1000000000000000056 ) ) ;
#6100 = CARTESIAN_POINT ( 'NONE',  ( 23.15238311248037562, -21.93240926810901925, 10.00000000005958967 ) ) ;
#6101 = CARTESIAN_POINT ( 'NONE',  ( 22.80094960226593415, -19.39504800226726289, 7.572826003509810278 ) ) ;
#6102 = CARTESIAN_POINT ( 'NONE',  ( 28.36251906444858761, 14.50315034576456696, 23.01000000000000156 ) ) ;
#6103 = DIRECTION ( 'NONE',  ( 1.000000000000000000, 0.000000000000000000, 0.000000000000000000 ) ) ;
#6104 = CARTESIAN_POINT ( 'NONE',  ( -21.69563532975446307, -20.87015498253119716, 7.601115627112669415 ) ) ;
#6105 = CARTESIAN_POINT ( 'NONE',  ( 25.39931882181593181, 12.05322334975189058, 2.952741915202647359E-06 ) ) ;
#6106 = CARTESIAN_POINT ( 'NONE',  ( -31.76728016155304957, -16.15239761009183539, 10.00000000000000000 ) ) ;
#6107 = CARTESIAN_POINT ( 'NONE',  ( -24.55280593712171111, 9.602666666611218815, 2.641807188915962890 ) ) ;
#6108 = CARTESIAN_POINT ( 'NONE',  ( 29.94768882643580099, -13.45555692075256715, 10.97496096477152960 ) ) ;
#6109 = CARTESIAN_POINT ( 'NONE',  ( 20.64996647933277885, 20.16363271148337333, 5.940160013123803928 ) ) ;
#6110 = CARTESIAN_POINT ( 'NONE',  ( -10.92007382041165719, 24.72052328467776761, 4.002370056714783075 ) ) ;
#6111 = CARTESIAN_POINT ( 'NONE',  ( -18.75822621845439286, -18.46107966542172818, 2.608626088407145716 ) ) ;
#6112 = CARTESIAN_POINT ( 'NONE',  ( 16.27152005440887095, -27.21754806201441923, 10.00000000000000178 ) ) ;
#6113 = ORIENTED_EDGE ( 'NONE', *, *, #1767, .F. ) ;
#6114 = CARTESIAN_POINT ( 'NONE',  ( -29.45210318500872049, -11.57084034135384165, 9.325259222668254466 ) ) ;
#6115 = CARTESIAN_POINT ( 'NONE',  ( -29.65361317545012909, -12.43440666690376695, 23.01000000000000156 ) ) ;
#6116 = CARTESIAN_POINT ( 'NONE',  ( -12.31906171125396909, -27.99954670679131752, 9.999390711055198722 ) ) ;
#6117 = CARTESIAN_POINT ( 'NONE',  ( 29.15100347562198735, 12.25577663762340563, 9.326862751596310730 ) ) ;
#6118 = CARTESIAN_POINT ( 'NONE',  ( -20.84404461986845192, 19.92076647957750524, 5.931388790952877521 ) ) ;
#6119 = CARTESIAN_POINT ( 'NONE',  ( -9.279846870243488866, -23.20385456825633241, 0.6111909982405553388 ) ) ;
#6120 = CARTESIAN_POINT ( 'NONE',  ( -16.43870708230570798, -19.00836765555152397, 1.047029942314165130 ) ) ;
#6121 = CARTESIAN_POINT ( 'NONE',  ( -31.49727443137246397, -6.660934949232150792, 23.01000000000000156 ) ) ;
#6122 = CARTESIAN_POINT ( 'NONE',  ( -29.37693887070085097, 12.94934725842712986, 9.999999218031845771 ) ) ;
#6123 = VERTEX_POINT ( 'NONE', #2690 ) ;
#6124 = CARTESIAN_POINT ( 'NONE',  ( -22.38372445483653195, -11.21465013124137222, 0.9230769777126800468 ) ) ;
#6125 = CARTESIAN_POINT ( 'NONE',  ( -17.78106140360089782, -20.90003713201801006, -0.8889690687347059361 ) ) ;
#6126 = CARTESIAN_POINT ( 'NONE',  ( 19.49447276412298180, 15.69971502113105544, 0.8738858346626658946 ) ) ;
#6127 = CARTESIAN_POINT ( 'NONE',  ( 11.68729688258971677, -26.53244002713967831, 7.295262026127928401 ) ) ;
#6128 = CARTESIAN_POINT ( 'NONE',  ( -18.16250986121818300, -17.23116478018820530, 0.9238938391222684121 ) ) ;
#6129 = CARTESIAN_POINT ( 'NONE',  ( 8.240829395406933600, 26.08907100091870390, 5.388479442486299398 ) ) ;
#6130 = CARTESIAN_POINT ( 'NONE',  ( -7.339718030640793422, -27.13354539338678606, 0.0002500325928498458965 ) ) ;
#6131 = CARTESIAN_POINT ( 'NONE',  ( 19.89423495312758305, -19.09496426126307611, 4.268967008788475681 ) ) ;
#6132 = CARTESIAN_POINT ( 'NONE',  ( 32.14112580906248695, 1.832597825237288314, 23.01000000000000156 ) ) ;
#6133 = CARTESIAN_POINT ( 'NONE',  ( 22.60043771304655991, 22.68351941430339025, 9.999999934778999844 ) ) ;
#6134 = CARTESIAN_POINT ( 'NONE',  ( -18.44829701192587379, -16.92196092474941693, 0.9110172682784439813 ) ) ;
#6135 = CARTESIAN_POINT ( 'NONE',  ( 25.86390841252855566, 24.58080308188991836, 10.00000000000000178 ) ) ;
#6136 = CARTESIAN_POINT ( 'NONE',  ( -21.79294023469257979, -17.67050923399852635, -0.1000000000000001305 ) ) ;
#6137 = CARTESIAN_POINT ( 'NONE',  ( -24.51439972250249610, 9.699584267016893691, 2.641627410615086102 ) ) ;
#6138 = CARTESIAN_POINT ( 'NONE',  ( 27.32414340833049593, -12.80538071232622421, 7.620720108482022859 ) ) ;
#6139 = CARTESIAN_POINT ( 'NONE',  ( -20.22212325786169629, -20.67766807786226835, 5.962379381832582759 ) ) ;
#6140 = CARTESIAN_POINT ( 'NONE',  ( 29.67083935513450754, -12.39721142236192897, 10.00000000000000178 ) ) ;
#6141 = EDGE_CURVE ( 'NONE', #345, #5404, #3751, .T. ) ;
#6142 = ORIENTED_EDGE ( 'NONE', *, *, #6230, .F. ) ;
#6143 = CARTESIAN_POINT ( 'NONE',  ( -25.76396799977446506, -10.12940185347979494, 4.312635745797511078 ) ) ;
#6144 = CARTESIAN_POINT ( 'NONE',  ( -23.34686491354442239, -21.66431682292500582, 23.01000000000000156 ) ) ;
#6145 = CARTESIAN_POINT ( 'NONE',  ( 29.33996951164734313, 11.85436858877217503, 9.332160137120904864 ) ) ;
#6146 = CARTESIAN_POINT ( 'NONE',  ( -19.05522623210996969, 18.12850873140728325, 2.594495686833856674 ) ) ;
#6147 = CARTESIAN_POINT ( 'NONE',  ( -9.750408376943667577, -24.04144952588385209, 2.279460957930977916 ) ) ;
#6148 = DIRECTION ( 'NONE',  ( -0.000000000000000000, -0.000000000000000000, -1.000000000000000000 ) ) ;
#6149 = CARTESIAN_POINT ( 'NONE',  ( -32.09973343624974973, -2.465016191188104777, 10.00000000000000178 ) ) ;
#6150 = CARTESIAN_POINT ( 'NONE',  ( -30.05218240362392734, 11.49893149586935870, 10.00001387826099020 ) ) ;
#6151 = VERTEX_POINT ( 'NONE', #2228 ) ;
#6152 = CARTESIAN_POINT ( 'NONE',  ( -29.60954860841881953, -13.92599401282991600, 10.94568869250809762 ) ) ;
#6153 = CARTESIAN_POINT ( 'NONE',  ( -22.65772636570500254, 15.57199689453970493, -0.8889690687347070464 ) ) ;
#6154 = CARTESIAN_POINT ( 'NONE',  ( 23.75637872900564318, 21.10031048295096667, 9.999999988638238690 ) ) ;
#6155 = CARTESIAN_POINT ( 'NONE',  ( 24.19797561275641939, 13.10445690210273284, 4.239045323147834665 ) ) ;
#6156 = CARTESIAN_POINT ( 'NONE',  ( 9.902790318616572662, -23.99461835086680850, 2.294237801838292956 ) ) ;
#6157 = CARTESIAN_POINT ( 'NONE',  ( 13.17011818635494080, 27.93335535579540263, 9.999999847093887340 ) ) ;
#6158 = EDGE_CURVE ( 'NONE', #3354, #141, #2919, .T. ) ;
#6159 = CARTESIAN_POINT ( 'NONE',  ( 29.09254792697337422, -19.97102802897729390, 10.00000000000002487 ) ) ;
#6160 = CARTESIAN_POINT ( 'NONE',  ( 10.04576666041683275, 27.50095834830291963, 8.781050905465113132 ) ) ;
#6161 = CARTESIAN_POINT ( 'NONE',  ( 1.632021797297348753, -28.06135929328024758, 0.0002007829341621717876 ) ) ;
#6162 = CARTESIAN_POINT ( 'NONE',  ( 28.71883476186400586, -13.96841413351777561, 10.00000006768887850 ) ) ;
#6163 = CARTESIAN_POINT ( 'NONE',  ( 21.72709853321275375, -20.83837012125859900, 7.606861380939730743 ) ) ;
#6164 = CARTESIAN_POINT ( 'NONE',  ( -14.37132244486869048, 31.34037555873753789, 23.01000000000000867 ) ) ;
#6165 = LINE ( 'NONE', #4628, #1550 ) ;
#6166 = CARTESIAN_POINT ( 'NONE',  ( -23.51961028863860648, -22.61687298532004320, 10.93516763571183503 ) ) ;
#6167 = CARTESIAN_POINT ( 'NONE',  ( 24.13346689185677363, 14.42162965380788542, 8.057934821383284490E-06 ) ) ;
#6168 = CARTESIAN_POINT ( 'NONE',  ( -25.37388454282254813, -11.89429141698554027, -0.1000000000000000194 ) ) ;
#6169 = CARTESIAN_POINT ( 'NONE',  ( -26.28843623665823159, 12.05055235771218491, 5.956015113179859988 ) ) ;
#6170 = CARTESIAN_POINT ( 'NONE',  ( 35.92219554905577183, 2.787981137208835669, 23.01000000000000156 ) ) ;
#6171 = CARTESIAN_POINT ( 'NONE',  ( 23.78099610634085082, -11.28227471122746728, 2.611350888340181253 ) ) ;
#6172 = CARTESIAN_POINT ( 'NONE',  ( 23.38711359718445593, 22.80879916616441250, 10.94082705246524156 ) ) ;
#6173 = CARTESIAN_POINT ( 'NONE',  ( -19.04700527973231772, -20.03850856172875439, 4.299262237211332049 ) ) ;
#6174 = CARTESIAN_POINT ( 'NONE',  ( 28.07207662748292165, 14.93395730907155894, 23.01000000000000156 ) ) ;
#6175 = ORIENTED_EDGE ( 'NONE', *, *, #3429, .T. ) ;
#6176 = CARTESIAN_POINT ( 'NONE',  ( -24.94221525143328222, -2.776390252645418499, 0.9709150670172151942 ) ) ;
#6177 = CARTESIAN_POINT ( 'NONE',  ( 24.30626544324066529, -6.086597876132013418, 0.9707217589878790465 ) ) ;
#6178 = AXIS2_PLACEMENT_3D ( 'NONE', #3820, #4322, #1179 ) ;
#6179 = CARTESIAN_POINT ( 'NONE',  ( -20.57644392616253626, 24.07943655730803201, 9.328338132327070653 ) ) ;
#6180 = CARTESIAN_POINT ( 'NONE',  ( -12.25339453245735477, -28.30530838924142145, 10.56061070939653668 ) ) ;
#6181 = CARTESIAN_POINT ( 'NONE',  ( -4.175317999406819247, -24.75819465892763915, 0.5457549564562704791 ) ) ;
#6182 = CARTESIAN_POINT ( 'NONE',  ( -22.21456619932047616, -23.14430944513427590, 10.00000000000000178 ) ) ;
#6183 = CARTESIAN_POINT ( 'NONE',  ( -29.95654008014104974, 11.74469211109959232, 10.00001340806024253 ) ) ;
#6184 = ORIENTED_EDGE ( 'NONE', *, *, #4401, .T. ) ;
#6185 = CARTESIAN_POINT ( 'NONE',  ( -28.28096784351563286, -13.63856662826148103, 9.272586971102699138 ) ) ;
#6186 = CARTESIAN_POINT ( 'NONE',  ( -20.82510257879166815, 18.76929387600103993, -0.1000000000000000056 ) ) ;
#6187 = CIRCLE ( 'NONE', #394, 11.00000000000710187 ) ;
#6188 = CARTESIAN_POINT ( 'NONE',  ( 23.91660023678446834, 20.87900619868548802, 9.999999833093598411 ) ) ;
#6189 = CARTESIAN_POINT ( 'NONE',  ( 23.20415948899244185, 14.65221618825055572, 4.213020855082040939 ) ) ;
#6190 = CARTESIAN_POINT ( 'NONE',  ( -24.81609956752681967, 12.03976408256665742, 4.269667787904046996 ) ) ;
#6191 = CARTESIAN_POINT ( 'NONE',  ( 12.63975249692597735, -28.30768541921329273, 10.59121611000754193 ) ) ;
#6192 = CARTESIAN_POINT ( 'NONE',  ( 14.21001299946806462, 27.77588669584250880, 9.999998616134092799 ) ) ;
#6193 = CARTESIAN_POINT ( 'NONE',  ( 20.17775648623958773, -29.75423865580353322, 10.00000000000000178 ) ) ;
#6194 = CARTESIAN_POINT ( 'NONE',  ( 8.649178685556046631, 23.44170726165006968, 0.5450471591770955637 ) ) ;
#6195 = CARTESIAN_POINT ( 'NONE',  ( -4.609380463129680194, -27.75454882900863396, -0.0006386416849410026918 ) ) ;
#6196 = CARTESIAN_POINT ( 'NONE',  ( 30.03827485017659171, -11.53519652733345779, 10.00005965022206134 ) ) ;
#6197 = APPLICATION_CONTEXT ( 'automotive_design' ) ;
#6198 = CARTESIAN_POINT ( 'NONE',  ( 20.80893252003528460, -19.97111334434424634, 5.937839915461558427 ) ) ;
#6199 = CARTESIAN_POINT ( 'NONE',  ( -25.09999999999999076, 1.249477234791115388, 1.042023300243990036 ) ) ;
#6200 = CARTESIAN_POINT ( 'NONE',  ( 35.58379233108120587, 6.688381059432858322, 9.999999999999989342 ) ) ;
#6201 = CARTESIAN_POINT ( 'NONE',  ( -20.02060046564647777, -18.93834454055650340, 4.259875939780916276 ) ) ;
#6202 = CARTESIAN_POINT ( 'NONE',  ( -36.00004070594108185, -0.002885528935349726543, 23.01000000000000156 ) ) ;
#6203 = CARTESIAN_POINT ( 'NONE',  ( -27.47851530889343152, -22.27558461056555927, 10.00000000000001243 ) ) ;
#6204 = CARTESIAN_POINT ( 'NONE',  ( -29.38806710841948444, 11.72547891122498953, 9.324630831828430999 ) ) ;
#6205 = CARTESIAN_POINT ( 'NONE',  ( 33.54831986187173953, -13.05795674880432777, 23.01000000000000156 ) ) ;
#6206 = CARTESIAN_POINT ( 'NONE',  ( 26.23742861687548000, -12.14395728786746886, 5.957291765841627118 ) ) ;
#6207 = CARTESIAN_POINT ( 'NONE',  ( 20.74555611687453194, 20.04415407022952067, 5.935594710957447617 ) ) ;
#6208 = CARTESIAN_POINT ( 'NONE',  ( -19.48873807613349740, -19.56371252913846348, 4.285663381759369450 ) ) ;
#6209 = CARTESIAN_POINT ( 'NONE',  ( 25.41621229574418095, 18.78202284310208370, 23.01000000000000156 ) ) ;
#6210 = VERTEX_POINT ( 'NONE', #1209 ) ;
#6211 = CARTESIAN_POINT ( 'NONE',  ( -32.08474831728725007, -7.856315265973962347, 10.99617262649033655 ) ) ;
#6212 = CARTESIAN_POINT ( 'NONE',  ( -29.97368944290445469, -11.70444971396805300, 23.01000000000000156 ) ) ;
#6213 = CARTESIAN_POINT ( 'NONE',  ( 31.06068671795953762, -11.07481685213598155, 11.00623930521366667 ) ) ;
#6214 = CARTESIAN_POINT ( 'NONE',  ( 15.11388226788179701, 25.76187380649137282, 7.542569480640698210 ) ) ;
#6215 = CARTESIAN_POINT ( 'NONE',  ( -21.42913830874603676, 25.09137670240117757, 10.99937975674143154 ) ) ;
#6216 = CARTESIAN_POINT ( 'NONE',  ( -10.78692158656291689, -25.72441223348768347, 5.601840135363066686 ) ) ;
#6217 = CARTESIAN_POINT ( 'NONE',  ( 28.10000000000000497, 0.000000000000000000, -41.49999999999999289 ) ) ;
#6218 = CARTESIAN_POINT ( 'NONE',  ( -31.79989066712628798, 4.911393111048031557, 9.999999998678299917 ) ) ;
#6219 = ORIENTED_EDGE ( 'NONE', *, *, #508, .T. ) ;
#6220 = CARTESIAN_POINT ( 'NONE',  ( -22.60279809651015981, -10.77267581714383482, 0.9398152710128127030 ) ) ;
#6221 = CARTESIAN_POINT ( 'NONE',  ( -21.85413638155054628, 17.71005506901754600, 0.000000000000000000 ) ) ;
#6222 = CARTESIAN_POINT ( 'NONE',  ( 22.94135509113996818, 22.21874437325418583, 10.00002334788913849 ) ) ;
#6223 = CARTESIAN_POINT ( 'NONE',  ( 20.14997203119976277, 16.82938336561390003, 2.553646576719247108 ) ) ;
#6224 = CARTESIAN_POINT ( 'NONE',  ( -25.58326555614715048, 17.55999982358574485, 9.216511083437870511 ) ) ;
#6225 = CARTESIAN_POINT ( 'NONE',  ( 12.66899513974970404, -28.30824893726122937, 10.59430446129723791 ) ) ;
#6226 = CARTESIAN_POINT ( 'NONE',  ( 17.47527631811361104, 26.71330878976941392, 10.00000000000000178 ) ) ;
#6227 = CARTESIAN_POINT ( 'NONE',  ( 17.47527631811407645, 26.71330878976919720, 10.00000000000000000 ) ) ;
#6228 = CARTESIAN_POINT ( 'NONE',  ( 20.82510257880548465, -18.76929387598616827, -0.1000000000000000056 ) ) ;
#6229 = CARTESIAN_POINT ( 'NONE',  ( 9.152212858981204846, 24.21777492502886631, 2.218063633573910565 ) ) ;
#6230 = EDGE_CURVE ( 'NONE', #2421, #4516, #1986, .T. ) ;
#6231 = CARTESIAN_POINT ( 'NONE',  ( -22.64679407766886854, -22.60676743146414225, 9.999999975406236530 ) ) ;
#6232 = CARTESIAN_POINT ( 'NONE',  ( 26.95768198624621093, -16.56589727974562010, 10.00000019337173995 ) ) ;
#6233 = CARTESIAN_POINT ( 'NONE',  ( 19.96615581800012507, -19.00853101017304070, 4.265717121989035299 ) ) ;
#6234 = CARTESIAN_POINT ( 'NONE',  ( -3.581955571588963938, 27.69304755508999349, 8.441690835450840424 ) ) ;
#6235 = CARTESIAN_POINT ( 'NONE',  ( -16.26770199001161643, 31.01309791167742702, 23.01000000000000156 ) ) ;
#6236 = CARTESIAN_POINT ( 'NONE',  ( 23.11956682169751076, 15.89713281069669826, -0.1000000000000001305 ) ) ;
#6237 = CARTESIAN_POINT ( 'NONE',  ( -20.20295497501443549, -18.71717195172048775, 4.252282196110479084 ) ) ;
#6238 = CARTESIAN_POINT ( 'NONE',  ( -28.26193951886556732, -0.003911728882548173164, 0.000000000000000000 ) ) ;
#6239 = CARTESIAN_POINT ( 'NONE',  ( -24.37651241584694617, 10.03696999552749070, 2.639896728866266251 ) ) ;
#6240 = CARTESIAN_POINT ( 'NONE',  ( 35.93664179490254895, -2.218622886535661198, 23.01000000000000867 ) ) ;
#6241 = CARTESIAN_POINT ( 'NONE',  ( -13.31959592113064872, -27.91545885829959772, 9.999999377464256156 ) ) ;
#6242 = CARTESIAN_POINT ( 'NONE',  ( 23.73035797228132182, -11.37787748249840369, 2.607746433357280846 ) ) ;
#6243 = CARTESIAN_POINT ( 'NONE',  ( 20.78003424517974906, 20.00050309518278624, 5.933879073308536256 ) ) ;
#6244 = CARTESIAN_POINT ( 'NONE',  ( -23.30545034127769810, -22.93917433640426040, 10.95566565114085655 ) ) ;
#6245 = CARTESIAN_POINT ( 'NONE',  ( 29.72006627369201937, 12.29649786588524485, 23.01000000000000156 ) ) ;
#6246 = EDGE_CURVE ( 'NONE', #644, #3877, #799, .T. ) ;
#6247 = CARTESIAN_POINT ( 'NONE',  ( 25.86390841252855566, 24.58080308188991836, 10.00000000000000178 ) ) ;
#6248 = CARTESIAN_POINT ( 'NONE',  ( -27.25858802137714321, -4.833417521630794411, 4.312663857423808089 ) ) ;
#6249 = CARTESIAN_POINT ( 'NONE',  ( 26.22872245914462042, -8.876168420781294088, 4.315895126811536642 ) ) ;
#6250 = CARTESIAN_POINT ( 'NONE',  ( 15.27086566601575157, 24.41489531411895086, 5.917718313901549010 ) ) ;
#6251 = CARTESIAN_POINT ( 'NONE',  ( -21.29784874139756923, 21.38612652756685151, 7.619949414342542582 ) ) ;
#6252 = CARTESIAN_POINT ( 'NONE',  ( -13.04457487810055660, -27.36008970831460374, 9.028402541924668512 ) ) ;
#6253 = LINE ( 'NONE', #3249, #4719 ) ;
#6254 = CARTESIAN_POINT ( 'NONE',  ( -31.16597725394439067, -8.059261707413000408, 10.00000583001729204 ) ) ;
#6255 = ORIENTED_EDGE ( 'NONE', *, *, #1552, .T. ) ;
#6256 = CARTESIAN_POINT ( 'NONE',  ( -27.38635569241313306, -12.70195878825201241, 7.618180978196821052 ) ) ;
#6257 = CARTESIAN_POINT ( 'NONE',  ( -25.15841318749364675, 10.86356683366406806, -0.8889690687347087117 ) ) ;
#6258 = CARTESIAN_POINT ( 'NONE',  ( 0.000000000000000000, 0.000000000000000000, 0.000000000000000000 ) ) ;
#6259 = CARTESIAN_POINT ( 'NONE',  ( 26.01116007879082659, 12.51657629304057018, 5.944279578780884421 ) ) ;
#6260 = CARTESIAN_POINT ( 'NONE',  ( -29.50409069516093652, 14.07256064318708155, 10.94189895383560795 ) ) ;
#6261 = CARTESIAN_POINT ( 'NONE',  ( 10.05551656643587854, -23.94771199024788544, 2.309537618544700965 ) ) ;
#6262 = CARTESIAN_POINT ( 'NONE',  ( 7.349453905361223782, 28.17323124216582642, 10.00000000000000178 ) ) ;
#6263 = CARTESIAN_POINT ( 'NONE',  ( 21.29575117503610215, -28.99465843601109682, 23.00999999999999801 ) ) ;
#6264 = CARTESIAN_POINT ( 'NONE',  ( 5.470981014207413118, -27.74222767414863000, 0.000000000000000000 ) ) ;
#6265 = CARTESIAN_POINT ( 'NONE',  ( 9.749922502522384349, 24.04072746087936352, 2.277961885356313054 ) ) ;
#6266 = CARTESIAN_POINT ( 'NONE',  ( -18.24245166069826851, -26.32692082231843500, 9.999985426641472941 ) ) ;
#6267 = ORIENTED_EDGE ( 'NONE', *, *, #6048, .F. ) ;
#6268 = CARTESIAN_POINT ( 'NONE',  ( 28.25270003227709026, 11.02883141126488731, 7.661066526692354550 ) ) ;
#6269 = CARTESIAN_POINT ( 'NONE',  ( 20.82778154042540564, -19.94728346553060305, 5.937063689212418893 ) ) ;
#6270 = CARTESIAN_POINT ( 'NONE',  ( -10.47585023555604167, 24.82676339070244964, 3.959347427244467532 ) ) ;
#6271 = CARTESIAN_POINT ( 'NONE',  ( -6.943159054704583610, 24.12870206088595992, 0.6599783836662141967 ) ) ;
#6272 = CARTESIAN_POINT ( 'NONE',  ( 25.05257688832642771, 12.74844089150273163, -0.000000000000000000 ) ) ;
#6273 = CARTESIAN_POINT ( 'NONE',  ( -20.90165790908275767, -19.84657307948173255, 5.928836864865262513 ) ) ;
#6274 = CARTESIAN_POINT ( 'NONE',  ( 19.91234383040124456, 19.07233036743084043, 4.267846298895670465 ) ) ;
#6275 = CARTESIAN_POINT ( 'NONE',  ( -33.00320584981975713, 14.25874395410617623, 10.00000000000001066 ) ) ;
#6276 = CARTESIAN_POINT ( 'NONE',  ( -27.76172280933483805, 12.07499968370901833, 7.641048090576389562 ) ) ;
#6277 = CARTESIAN_POINT ( 'NONE',  ( -16.14131765225859638, -27.25614457439339589, 10.00000000000000178 ) ) ;
#6278 = CARTESIAN_POINT ( 'NONE',  ( 22.64141336379115899, -10.69247460768989022, 0.9424250516145447065 ) ) ;
#6279 = CARTESIAN_POINT ( 'NONE',  ( 22.51632210524757127, 21.87086945622318623, 9.272089473246337477 ) ) ;
#6280 = CARTESIAN_POINT ( 'NONE',  ( -20.76970100942096664, -20.01958738595532594, 5.939426311239238920 ) ) ;
#6281 = CARTESIAN_POINT ( 'NONE',  ( 29.36006685171361141, 12.98159533248298381, 23.01000000000000156 ) ) ;
#6282 = CARTESIAN_POINT ( 'NONE',  ( 26.14680029025856456, -8.357854364304085237, -0.8889690687347079345 ) ) ;
#6283 = CARTESIAN_POINT ( 'NONE',  ( -32.91830406248915608, 2.751669162929094803, 10.99626700530498091 ) ) ;
#6284 = CARTESIAN_POINT ( 'NONE',  ( -36.20448314073975382, 0.002990514695031193729, 23.01000000000000156 ) ) ;
#6285 = CARTESIAN_POINT ( 'NONE',  ( 32.67819436936768085, -4.882990912769951564, 11.00625526247609542 ) ) ;
#6286 = CARTESIAN_POINT ( 'NONE',  ( 11.49814243141462633, 25.60402633514114967, 5.665385689054350138 ) ) ;
#6287 = CARTESIAN_POINT ( 'NONE',  ( -17.46615755642550027, 23.15251064722145458, 5.979055877671046737 ) ) ;
#6288 = CARTESIAN_POINT ( 'NONE',  ( -11.36466428380765770, -24.60482381055234669, 4.045751239211035077 ) ) ;
#6289 = CARTESIAN_POINT ( 'NONE',  ( -18.56476338684147365, -26.15600732291820663, 23.01000000000000156 ) ) ;
#6290 = CARTESIAN_POINT ( 'NONE',  ( 13.03202419090525233, -21.38715269747605419, 0.9004742238557450484 ) ) ;
#6291 = ORIENTED_EDGE ( 'NONE', *, *, #4989, .F. ) ;
#6292 = CARTESIAN_POINT ( 'NONE',  ( -26.18658256306429166, -12.22144657361488385, 5.949265509113053518 ) ) ;
#6293 = CARTESIAN_POINT ( 'NONE',  ( -27.77696001157841010, 5.213561212286569990, 0.000000000000000000 ) ) ;
#6294 = CARTESIAN_POINT ( 'NONE',  ( 29.69838752241574653, 13.81341356169937384, 10.95860676599422412 ) ) ;
#6295 = CARTESIAN_POINT ( 'NONE',  ( -28.41032185650305308, 13.44493014203274406, 9.277572088176704312 ) ) ;
#6296 = CARTESIAN_POINT ( 'NONE',  ( -2.702484313932102200, -27.71094502772671930, 8.426051051372720480 ) ) ;
#6297 = AXIS2_PLACEMENT_3D ( 'NONE', #558, #6007, #4530 ) ;
#6298 = LINE ( 'NONE', #5727, #5654 ) ;
#6299 = CARTESIAN_POINT ( 'NONE',  ( 12.25774067083354524, 28.00266941714199831, 9.999976615557391924 ) ) ;
#6300 = CARTESIAN_POINT ( 'NONE',  ( 21.35359841832743655, -17.30486989354884031, -0.8889690687347061582 ) ) ;
#6301 = CARTESIAN_POINT ( 'NONE',  ( 11.82202703116925946, 27.42859717640625306, 8.906227693715871752 ) ) ;
#6302 = CARTESIAN_POINT ( 'NONE',  ( -19.62701381095214259, -25.47109816701302876, 9.999965468913629252 ) ) ;
#6303 = CARTESIAN_POINT ( 'NONE',  ( 31.84244758550563859, -4.638054606909667754, 10.00000053529716304 ) ) ;
#6304 = CARTESIAN_POINT ( 'NONE',  ( 24.55459422190660845, 9.601302404925613487, 2.643302595589896331 ) ) ;
#6305 = CARTESIAN_POINT ( 'NONE',  ( 21.88469326953030958, -22.69470557925581033, 9.308192802596177984 ) ) ;
#6306 = CARTESIAN_POINT ( 'NONE',  ( -9.326128542131359112, 23.18598714285916529, 0.6156327208757053082 ) ) ;
#6307 = CARTESIAN_POINT ( 'NONE',  ( -14.74359722784213211, 20.32316601484204099, 1.033044058815801192 ) ) ;
#6308 = CARTESIAN_POINT ( 'NONE',  ( -21.34183433066522539, -17.27650948418781596, 4.215748854459135941 ) ) ;
#6309 = CARTESIAN_POINT ( 'NONE',  ( -25.59150149664085916, 11.60916686126549813, 0.000000000000000000 ) ) ;
#6310 = CARTESIAN_POINT ( 'NONE',  ( -25.42607626392125297, 10.90255680984714814, 4.304700905296518165 ) ) ;
#6311 = CARTESIAN_POINT ( 'NONE',  ( 12.58099303375695577, -27.98421395003810375, 9.999999938869558846 ) ) ;
#6312 = CARTESIAN_POINT ( 'NONE',  ( 25.58820743134122111, -17.56336413975287769, 9.224828550178280295 ) ) ;
#6313 = CARTESIAN_POINT ( 'NONE',  ( 18.96893404879927658, 18.22575377287550680, 2.598221321872458134 ) ) ;
#6314 = CARTESIAN_POINT ( 'NONE',  ( -22.46895783901901922, -21.94718005616572398, 9.283174976103159892 ) ) ;
#6315 = CARTESIAN_POINT ( 'NONE',  ( 29.92715238309188663, 11.82695061562561989, 23.01000000000000156 ) ) ;
#6316 = CARTESIAN_POINT ( 'NONE',  ( 25.79885747412181729, -11.14074710887009978, 0.000000000000000000 ) ) ;
#6317 = CARTESIAN_POINT ( 'NONE',  ( -29.50543033168245799, -11.43504890093907811, 9.325337281997414962 ) ) ;
#6318 = DIRECTION ( 'NONE',  ( 1.000000000000000000, 0.000000000000000000, 0.000000000000000000 ) ) ;
#6319 = CARTESIAN_POINT ( 'NONE',  ( 30.71854790629975085, -7.691798191342498647, 9.333649630474850412 ) ) ;
#6320 = CARTESIAN_POINT ( 'NONE',  ( 14.44976667979221752, 24.74457611703362048, 5.875477450738445739 ) ) ;
#6321 = CARTESIAN_POINT ( 'NONE',  ( -14.11086224677012879, 26.07798577323026734, 7.484693925326747710 ) ) ;
#6322 = CARTESIAN_POINT ( 'NONE',  ( -14.53051637959520725, -28.24704446470810737, 10.76874376335268302 ) ) ;
#6323 = CARTESIAN_POINT ( 'NONE',  ( -16.57968529456820050, -27.09636169709878573, 23.01000000000000156 ) ) ;
#6324 = CARTESIAN_POINT ( 'NONE',  ( 14.85676584572069281, -28.17235190524957389, 10.78678347822432748 ) ) ;
#6325 = VERTEX_POINT ( 'NONE', #3981 ) ;
#6326 = CARTESIAN_POINT ( 'NONE',  ( -27.50434628062940945, -12.52026416224099492, 7.626532414629845213 ) ) ;
#6327 = CARTESIAN_POINT ( 'NONE',  ( 26.15332094265327001, 12.28314456790032949, 5.951820258347338743 ) ) ;
#6328 = CARTESIAN_POINT ( 'NONE',  ( -29.17743620466439580, 14.53509743786502639, 10.93072193978176188 ) ) ;
#6329 = APPLICATION_CONTEXT ( 'automotive_design' ) ;
#6330 = CARTESIAN_POINT ( 'NONE',  ( -2.381550308434431606, -26.03558778958792530, 3.409445728595402514 ) ) ;
#6331 = DIRECTION ( 'NONE',  ( -0.9999999904213650037, -0.0001384097893513683492, 0.000000000000000000 ) ) ;
#6332 = CARTESIAN_POINT ( 'NONE',  ( 9.255734607863733032, 23.21327490145893790, 0.6088345616597995447 ) ) ;
#6333 = CARTESIAN_POINT ( 'NONE',  ( 15.54089655581146978, 27.46029669960844188, 23.01000000000000156 ) ) ;
#6334 = CARTESIAN_POINT ( 'NONE',  ( 31.41073987680689683, 6.978678732437129995, 10.00000069378812562 ) ) ;
#6335 = CARTESIAN_POINT ( 'NONE',  ( 28.17631759777326650, 11.21788476799588707, 7.660599877178629669 ) ) ;
#6336 = CARTESIAN_POINT ( 'NONE',  ( 18.95123899890639052, -18.24814902767673885, 2.600824955888841661 ) ) ;
#6337 = CARTESIAN_POINT ( 'NONE',  ( -10.27332853374277732, 28.27925521065498771, 10.41817546695447660 ) ) ;
#6338 = CARTESIAN_POINT ( 'NONE',  ( 12.75653151894947257, 31.40176592949499934, 23.01000000000000156 ) ) ;
#6339 = CARTESIAN_POINT ( 'NONE',  ( -23.69101235377582526, -16.08509897431050817, 5.872241353850772505 ) ) ;
#6340 = CARTESIAN_POINT ( 'NONE',  ( -26.12424631830808508, 10.35195864900205542, 0.000000000000000000 ) ) ;
#6341 = CARTESIAN_POINT ( 'NONE',  ( -29.66746154676108560, 13.84128099978535431, 10.94761481150045057 ) ) ;
#6342 = CARTESIAN_POINT ( 'NONE',  ( 1.441436979647950478, -28.23800845771708268, 9.999987351422156223 ) ) ;
#6343 = CARTESIAN_POINT ( 'NONE',  ( 27.73451733345849135, -14.45307456122164247, 9.260759112434735485 ) ) ;
#6344 = CARTESIAN_POINT ( 'NONE',  ( 21.66658140690521961, 20.90858343991036605, 7.602242316255038546 ) ) ;
#6345 = B_SPLINE_CURVE_WITH_KNOTS ( 'NONE', 3,
 ( #6449, #964, #333, #1820, #3833, #4471, #405, #2940, #2971, #5489, #5915, #3339, #1890, #366, #4994, #1395, #4964, #2410, #437, #5982, #2372, #4403, #1459, #3374, #6480, #5426, #903, #1428, #4931, #1924, #1854, #870, #2310, #2444, #5883, #3899, #3441, #5357, #5947, #4369, #4864, #836, #2840, #4438, #5457, #2341, #1362, #3965, #936, #2871, #3003, #4534, #5611, #4627, #37, #3623, #3498, #3588, #4000, #4126, #5024, #96, #1115, #6132, #3068, #5581, #3529, #6071, #7, #1024, #4563, #6511, #5643, #1522, #1052, #2048, #3035, #996, #2599, #6102, #1988, #2477, #3133, #6012, #1491, #63, #1583, #5517, #4059, #1082, #5088, #469, #2018, #4502, #500, #4031 ),
 .UNSPECIFIED., .F., .F.,
 ( 4, 2, 2, 2, 2, 2, 2, 2, 2, 2, 2, 2, 2, 2, 2, 2, 2, 2, 2, 2, 2, 2, 2, 2, 2, 2, 2, 2, 2, 2, 2, 2, 2, 2, 2, 2, 2, 2, 2, 2, 2, 2, 2, 2, 2, 2, 2, 4 ),
 ( 0.000000000000000000, 0.01562500000000017347, 0.01953125000000021511, 0.02343750000000026021, 0.03125000000000031919, 0.06250000000000054123, 0.09375000000000076328, 0.1250000000000009714, 0.1406250000000010825, 0.1484375000000011102, 0.1562500000000011380, 0.1640625000000011935, 0.1718750000000011935, 0.1796875000000011935, 0.1875000000000011935, 0.1953125000000011935, 0.2031250000000011935, 0.2109375000000011935, 0.2148437500000011935, 0.2187500000000011657, 0.2500000000000011102, 0.2656250000000010547, 0.2695312500000009992, 0.2734375000000010547, 0.2773437500000009992, 0.2812500000000009992, 0.2890625000000009992, 0.2968750000000009437, 0.3125000000000008882, 0.3281250000000008882, 0.3359375000000008327, 0.3437500000000008327, 0.3593750000000007772, 0.3750000000000007216, 0.3906250000000006661, 0.3984375000000006661, 0.4023437500000006106, 0.4062500000000006106, 0.4101562500000006106, 0.4140625000000006106, 0.4218750000000005551, 0.4375000000000004441, 0.4531250000000003886, 0.4609375000000003331, 0.4648437500000002776, 0.4687500000000003331, 0.4843750000000001665, 0.5000000000000000000 ),
 .UNSPECIFIED. ) ;
#6346 = CARTESIAN_POINT ( 'NONE',  ( 20.71401515095654489, 29.29873788918561672, 23.01000000000000512 ) ) ;
#6347 = CARTESIAN_POINT ( 'NONE',  ( 26.81703822720863784, -8.572047418569768595, -0.000000000000000000 ) ) ;
#6348 = CARTESIAN_POINT ( 'NONE',  ( -30.71217054063334473, 7.690201278170464505, 9.325332101233863469 ) ) ;
#6349 = DIRECTION ( 'NONE',  ( -0.5736898095099972616, 0.8190726478551112466, 0.000000000000000000 ) ) ;
#6350 = CARTESIAN_POINT ( 'NONE',  ( 29.45776783299213264, -11.57416604545063699, 9.333557251002019939 ) ) ;
#6351 = CARTESIAN_POINT ( 'NONE',  ( 13.95674696334354614, 27.26232325269713286, 9.100475682685493339 ) ) ;
#6352 = CARTESIAN_POINT ( 'NONE',  ( -13.12493365303889270, 27.34589229030483182, 9.027159241857262373 ) ) ;
#6353 = EDGE_CURVE ( 'NONE', #76, #816, #468, .T. ) ;
#6354 = CARTESIAN_POINT ( 'NONE',  ( -12.13169116638495026, -27.42221403778612654, 8.941430765228076893 ) ) ;
#6355 = CARTESIAN_POINT ( 'NONE',  ( 11.54945364361835658, -22.29374290630236644, 0.9295403818513798821 ) ) ;
#6356 = CARTESIAN_POINT ( 'NONE',  ( 15.17752519902119879, -21.54401506073617867, 2.625312624425367503 ) ) ;
#6357 = EDGE_LOOP ( 'NONE', ( #3610, #3217, #241, #1169 ) ) ;
#6358 = CARTESIAN_POINT ( 'NONE',  ( -23.78113037718868839, -11.28025604439380203, 2.610163993525809634 ) ) ;
#6359 = CARTESIAN_POINT ( 'NONE',  ( 29.61661171540787763, 13.92905910425495541, 10.95568904279642908 ) ) ;
#6360 = CARTESIAN_POINT ( 'NONE',  ( -23.39942838849426465, 20.64678267326060634, 9.243150247323500324 ) ) ;
#6361 = CARTESIAN_POINT ( 'NONE',  ( 5.899945943588102537, -28.27163692316232257, 10.20871504102579763 ) ) ;
#6362 = CARTESIAN_POINT ( 'NONE',  ( 15.04433139798302221, 27.59808425559925382, 10.00000000000000178 ) ) ;
#6363 = CARTESIAN_POINT ( 'NONE',  ( 8.029621804147524244, 28.15144627901631225, 9.999277983492804722 ) ) ;
#6364 = CARTESIAN_POINT ( 'NONE',  ( 9.304084997518488720, 23.19461293893261811, 0.6139712129333588786 ) ) ;
#6365 = CARTESIAN_POINT ( 'NONE',  ( -22.93941663776087836, -22.22077410771461459, 9.999755243393224191 ) ) ;
#6366 = CARTESIAN_POINT ( 'NONE',  ( 31.42593388545834188, 6.909797444341992723, 9.999999849627007720 ) ) ;
#6367 = CARTESIAN_POINT ( 'NONE',  ( 29.40558029872472190, 11.70146780196305514, 9.333140755816762280 ) ) ;
#6368 = CARTESIAN_POINT ( 'NONE',  ( 17.51205690568690798, -17.89772959488737669, 0.9488747356592255322 ) ) ;
#6369 = EDGE_CURVE ( 'NONE', #779, #4874, #1417, .T. ) ;
#6370 = CARTESIAN_POINT ( 'NONE',  ( -12.52281823948183970, 28.29899421952449856, 10.56833060254688128 ) ) ;
#6371 = CARTESIAN_POINT ( 'NONE',  ( 20.36851580341266654, 19.35803615985177828, 0.000000000000000000 ) ) ;
#6372 = CARTESIAN_POINT ( 'NONE',  ( -24.23461555829759106, -15.27764141745999815, 5.880471531088197423 ) ) ;
#6373 = CARTESIAN_POINT ( 'NONE',  ( 22.63426785042274147, 21.71778723700055380, 9.275666582682596584 ) ) ;
#6374 = CARTESIAN_POINT ( 'NONE',  ( -36.20803116562942847, -0.004850650909177939285, 9.999999999999991118 ) ) ;
#6375 = CARTESIAN_POINT ( 'NONE',  ( -22.54053002093732516, 10.90031129926078002, 0.9346179966343717282 ) ) ;
#6376 = CARTESIAN_POINT ( 'NONE',  ( 2.794969979644535307, -28.23054582377766053, 9.999910526830227298 ) ) ;
#6377 = CARTESIAN_POINT ( 'NONE',  ( 24.96967880702208120, -18.44858636619866488, 9.223468542141034732 ) ) ;
#6378 = CARTESIAN_POINT ( 'NONE',  ( 22.54559675002074215, 21.82973524304579982, 9.270370230844227066 ) ) ;
#6379 = CARTESIAN_POINT ( 'NONE',  ( -12.75653151898992910, -31.40176592948166956, 10.00000000000000000 ) ) ;
#6380 = CARTESIAN_POINT ( 'NONE',  ( 34.35653493775275535, -10.98150194065517127, 10.00000000000000178 ) ) ;
#6381 = CARTESIAN_POINT ( 'NONE',  ( -24.83573500082356489, 8.855443877750708737, 2.641816252826304723 ) ) ;
#6382 = CARTESIAN_POINT ( 'NONE',  ( -34.35793571003971181, 10.97790309592261693, 10.00000000000000000 ) ) ;
#6383 = CARTESIAN_POINT ( 'NONE',  ( 25.75591333312029718, -10.15632549431021481, 4.315769222226073509 ) ) ;
#6384 = CARTESIAN_POINT ( 'NONE',  ( 17.01839885612521996, 18.37556092469444735, 0.9621716843566677779 ) ) ;
#6385 = CARTESIAN_POINT ( 'NONE',  ( -12.00505978634889992, 25.49862650845815182, 5.709824926235103959 ) ) ;
#6386 = CARTESIAN_POINT ( 'NONE',  ( -10.01252296138651232, -22.90784477043045442, 0.6842380368233629273 ) ) ;
#6387 = CARTESIAN_POINT ( 'NONE',  ( 9.830951048784449142, -28.09768936456755029, 10.00000000000000178 ) ) ;
#6388 = CARTESIAN_POINT ( 'NONE',  ( 13.35651267668801623, -27.32196895566961814, 9.054420343073919852 ) ) ;
#6389 = ORIENTED_EDGE ( 'NONE', *, *, #484, .T. ) ;
#6390 = CARTESIAN_POINT ( 'NONE',  ( -30.55958422674965291, -12.33888251470160924, 10.99458010863437352 ) ) ;
#6391 = CARTESIAN_POINT ( 'NONE',  ( -23.04345068889826464, -22.07940184037409992, 9.999999999631185688 ) ) ;
#6392 = CARTESIAN_POINT ( 'NONE',  ( 22.42912800055337641, 11.12451211443749344, 0.9261484708346359174 ) ) ;
#6393 = CARTESIAN_POINT ( 'NONE',  ( -19.67235676042604453, 15.49049239390932442, 0.8681371740101813117 ) ) ;
#6394 = CARTESIAN_POINT ( 'NONE',  ( 5.679773123400897461, -27.64341193125281393, 8.541498112895448358 ) ) ;
#6395 = CARTESIAN_POINT ( 'NONE',  ( -23.19476646534633346, 21.87463502944357074, 10.00000000000000178 ) ) ;
#6396 = CARTESIAN_POINT ( 'NONE',  ( 9.987212624298777541, 28.09292767716820904, 9.999699919104317658 ) ) ;
#6397 = CARTESIAN_POINT ( 'NONE',  ( -13.06716708031693486, -24.22465922897056245, -0.8889690687347066023 ) ) ;
#6398 = VECTOR ( 'NONE', #5030, 1000.000000000000000 ) ;
#6399 = CARTESIAN_POINT ( 'NONE',  ( 12.87351353213169958, 28.30874723392287251, 10.60670815527435096 ) ) ;
#6400 = CARTESIAN_POINT ( 'NONE',  ( -30.99349662896824142, -8.709008957808418216, 23.01000000000000156 ) ) ;
#6401 = CARTESIAN_POINT ( 'NONE',  ( 30.16010953344401813, -11.21219397220285785, 9.999999999504268544 ) ) ;
#6402 = CARTESIAN_POINT ( 'NONE',  ( 23.32343540033623341, 9.121547343287680576, 0.9707167515806968128 ) ) ;
#6403 = CARTESIAN_POINT ( 'NONE',  ( 22.03768066446886564, -22.51317377649785456, 9.303091030390008953 ) ) ;
#6404 = VECTOR ( 'NONE', #4622, 1000.000000000000000 ) ;
#6405 = CARTESIAN_POINT ( 'NONE',  ( -25.87071190358070183, 24.57364245468912500, 10.00000000000000000 ) ) ;
#6406 = CARTESIAN_POINT ( 'NONE',  ( 25.86390844514938081, 24.58080303556706170, 23.01000000000000156 ) ) ;
#6407 = CARTESIAN_POINT ( 'NONE',  ( -24.12693765854598382, -19.62641253117600826, 9.227022336044157669 ) ) ;
#6408 = CARTESIAN_POINT ( 'NONE',  ( 23.56545699860616949, 22.56396798032701057, 10.94387206439585647 ) ) ;
#6409 = CARTESIAN_POINT ( 'NONE',  ( -5.394399258268659736, 27.41714091730905878, -0.8889690687347066023 ) ) ;
#6410 = CARTESIAN_POINT ( 'NONE',  ( -28.50471668982680029, 13.30509517266646924, 9.281435777298561618 ) ) ;
#6411 = VECTOR ( 'NONE', #4062, 1000.000000000000341 ) ;
#6412 = CARTESIAN_POINT ( 'NONE',  ( 11.42410323653563431, -28.03594667366909476, 9.999999999843099729 ) ) ;
#6413 = CARTESIAN_POINT ( 'NONE',  ( 26.05652215622499668, -12.44077935435490723, 5.946449055080618606 ) ) ;
#6414 = CARTESIAN_POINT ( 'NONE',  ( 18.17582079839217002, 17.21720685699933284, 0.9234900065050970497 ) ) ;
#6415 = CARTESIAN_POINT ( 'NONE',  ( 18.21957421102405306, 17.26433073041002686, 1.008230375691763436 ) ) ;
#6416 = CARTESIAN_POINT ( 'NONE',  ( -23.43859946644846914, -22.73350782317463370, 10.93782468832093713 ) ) ;
#6417 = CARTESIAN_POINT ( 'NONE',  ( -14.00936482185759502, 31.39806126723973634, 10.00000000000000000 ) ) ;
#6418 = CARTESIAN_POINT ( 'NONE',  ( 5.462366343727238061, -27.70565871260991742, -0.09999999999999988065 ) ) ;
#6419 = CARTESIAN_POINT ( 'NONE',  ( -29.43102160551461211, 7.369489607017788657, 7.654452113507257849 ) ) ;
#6420 = CARTESIAN_POINT ( 'NONE',  ( 14.03964778589286766, -31.39805707575742844, 23.01000000000000156 ) ) ;
#6421 = CARTESIAN_POINT ( 'NONE',  ( 24.53478736117142489, -9.651600289096121443, 2.643239315535421685 ) ) ;
#6422 = CARTESIAN_POINT ( 'NONE',  ( 15.79762719548294037, 19.45030281268253347, 0.9740641652191184274 ) ) ;
#6423 = CARTESIAN_POINT ( 'NONE',  ( -15.14532134565965826, 24.47241594919446328, 5.911639929018884132 ) ) ;
#6424 = CARTESIAN_POINT ( 'NONE',  ( -15.97039481904723779, -20.98945142422571308, 2.640667273046763519 ) ) ;
#6425 = CARTESIAN_POINT ( 'NONE',  ( 13.33421967244389705, -27.92026874811094217, 23.01000000000000156 ) ) ;
#6426 = CARTESIAN_POINT ( 'NONE',  ( 16.53225905766864301, -26.55753982674466940, 9.255325697347981162 ) ) ;
#6427 = ORIENTED_EDGE ( 'NONE', *, *, #167, .F. ) ;
#6428 = CARTESIAN_POINT ( 'NONE',  ( -29.04157049512218336, -12.44969871404482298, 9.314172682889976684 ) ) ;
#6429 = CARTESIAN_POINT ( 'NONE',  ( -29.01311149147286272, -13.52889857379543948, 9.999931900100975213 ) ) ;
#6430 = CARTESIAN_POINT ( 'NONE',  ( 27.72632901733886968, 12.14638885699710968, 7.645436414478500531 ) ) ;
#6431 = CARTESIAN_POINT ( 'NONE',  ( -20.07420254549942129, 18.87436109664426809, 4.257817890254313120 ) ) ;
#6432 = CARTESIAN_POINT ( 'NONE',  ( 7.776909215910002615, -27.59093315894142506, 8.632994406355471995 ) ) ;
#6433 = CARTESIAN_POINT ( 'NONE',  ( -25.91646129871548609, 18.08227204459052828, 10.00000000000000178 ) ) ;
#6434 = CARTESIAN_POINT ( 'NONE',  ( -7.038122296433581226, 28.17070991295592108, 9.999999694623324942 ) ) ;
#6435 = CARTESIAN_POINT ( 'NONE',  ( 9.853603601285930935, 24.00932457544021403, 2.288459111483039266 ) ) ;
#6436 = CARTESIAN_POINT ( 'NONE',  ( -31.96069472108998966, 3.869305985605116405, 23.01000000000000156 ) ) ;
#6437 = CARTESIAN_POINT ( 'NONE',  ( 31.71879020296166374, 5.429681429282042338, 9.999980095499859445 ) ) ;
#6438 = CARTESIAN_POINT ( 'NONE',  ( 30.20595984771543741, 3.361631650481668121, 7.661046955709654327 ) ) ;
#6439 = CARTESIAN_POINT ( 'NONE',  ( 19.25061689440034129, -19.82470050781030935, 4.293744388611308693 ) ) ;
#6440 = CARTESIAN_POINT ( 'NONE',  ( -16.14131765225859994, -27.25614457439339233, 23.01000000000000156 ) ) ;
#6441 = CARTESIAN_POINT ( 'NONE',  ( -34.46293131957023093, 10.41958432505064103, 23.00999999999999801 ) ) ;
#6442 = CARTESIAN_POINT ( 'NONE',  ( -18.08753322204777092, -17.31069104531523806, 0.9272992298863355076 ) ) ;
#6443 = EDGE_CURVE ( 'NONE', #2059, #6083, #2581, .T. ) ;
#6444 = CARTESIAN_POINT ( 'NONE',  ( -20.41648928557372500, -16.48990567479883396, 2.545108227420101787 ) ) ;
#6445 = CARTESIAN_POINT ( 'NONE',  ( 21.70880831892955953, 20.86095602236236957, 7.607343998319185729 ) ) ;
#6446 = CARTESIAN_POINT ( 'NONE',  ( -29.73025910471610089, 13.75212112486288873, 10.94961969425504122 ) ) ;
#6447 = CARTESIAN_POINT ( 'NONE',  ( 6.990213015837510646, -28.17214837655808068, 9.999939242797587724 ) ) ;
#6448 = CARTESIAN_POINT ( 'NONE',  ( 23.43652101590503989, -11.92434749781867964, 2.587990230622521981 ) ) ;
#6449 = CARTESIAN_POINT ( 'NONE',  ( -16.14131765225859994, -27.25614457439339233, 23.01000000000000156 ) ) ;
#6450 = CARTESIAN_POINT ( 'NONE',  ( 22.31189762783539621, 28.25301886262311868, 23.01000000000000156 ) ) ;
#6451 = CARTESIAN_POINT ( 'NONE',  ( 24.82591191682303133, -11.62870462844368191, -0.8889690687347077125 ) ) ;
#6452 = CARTESIAN_POINT ( 'NONE',  ( -26.12900124386219147, 3.904922474456679282, 2.641832216571716963 ) ) ;
#6453 = CARTESIAN_POINT ( 'NONE',  ( -19.73438641833421769, 20.05218167257743289, -1.106029236177069192E-05 ) ) ;
#6454 = CARTESIAN_POINT ( 'NONE',  ( 29.49904850190923256, -11.46964726553226832, 9.333654825679651879 ) ) ;
#6455 = CARTESIAN_POINT ( 'NONE',  ( 16.71803725654915240, 18.65031553861538427, 0.9671346614332669844 ) ) ;
#6456 = CARTESIAN_POINT ( 'NONE',  ( -10.46542793166725893, 22.70956536837655193, 0.7244089465251400961 ) ) ;
#6457 = CARTESIAN_POINT ( 'NONE',  ( -12.42857168216886166, -21.72157875117743231, 0.8655998027857342292 ) ) ;
#6458 = CARTESIAN_POINT ( 'NONE',  ( 14.82478101927256553, -27.64992082714372756, 23.01000000000000156 ) ) ;
#6459 = CARTESIAN_POINT ( 'NONE',  ( 12.55633471653778344, -27.39826538856741678, 8.982998135486859326 ) ) ;
#6460 = VERTEX_POINT ( 'NONE', #5172 ) ;
#6461 = CARTESIAN_POINT ( 'NONE',  ( -23.99690852006835584, -10.86230734704540701, 2.624459664472162057 ) ) ;
#6462 = CARTESIAN_POINT ( 'NONE',  ( -23.03357853278724576, -22.09288249520631098, 10.00000008509198679 ) ) ;
#6463 = CARTESIAN_POINT ( 'NONE',  ( 27.62097812060321900, 12.33624551414826520, 7.640004041713596372 ) ) ;
#6464 = CARTESIAN_POINT ( 'NONE',  ( -21.59132588041541112, 18.96195614797826678, 5.903865465218688158 ) ) ;
#6465 = CARTESIAN_POINT ( 'NONE',  ( -6.618087907102147227, -26.95185584281706070, 6.934326045767693181 ) ) ;
#6466 = CARTESIAN_POINT ( 'NONE',  ( -12.78955666955113379, 27.96940145495855035, 23.01000000000000156 ) ) ;
#6467 = CARTESIAN_POINT ( 'NONE',  ( -27.00868504119515734, 16.49175635811660001, 10.00000078602488429 ) ) ;
#6468 = CARTESIAN_POINT ( 'NONE',  ( -8.779277590185410318, -26.28586541275772248, -0.8889690687347077125 ) ) ;
#6469 = CARTESIAN_POINT ( 'NONE',  ( 10.90320535583314587, 25.70314532106112182, 5.607202727099290129 ) ) ;
#6470 = CARTESIAN_POINT ( 'NONE',  ( -29.74535966675813015, 12.24188434287500726, 23.01000000000000156 ) ) ;
#6471 = CARTESIAN_POINT ( 'NONE',  ( 29.08257990039193075, 13.42420423262461604, 10.00000000099327835 ) ) ;
#6472 = CARTESIAN_POINT ( 'NONE',  ( 25.81540332826989115, 10.00495592564941028, 4.315898089519869529 ) ) ;
#6473 = CARTESIAN_POINT ( 'NONE',  ( 23.18805505247692622, 20.94967263722871564, 9.257743987285495635 ) ) ;
#6474 = CARTESIAN_POINT ( 'NONE',  ( -20.36851580341699020, -19.35803615984721304, 0.000000000000000000 ) ) ;
#6475 = CARTESIAN_POINT ( 'NONE',  ( 14.03488878602882828, 31.40194286664290502, 23.01000000000000156 ) ) ;
#6476 = CARTESIAN_POINT ( 'NONE',  ( -22.41673945806726920, -22.01866862728684282, 9.285887127871493618 ) ) ;
#6477 = CARTESIAN_POINT ( 'NONE',  ( 19.12828111826778255, 18.04661879996416118, 2.592452552054063997 ) ) ;
#6478 = CARTESIAN_POINT ( 'NONE',  ( 5.386809432029378897, 27.41863314615521574, -0.8889690687347064912 ) ) ;
#6479 = CARTESIAN_POINT ( 'NONE',  ( 23.04455531018212966, -17.01030552070447754, 5.878167501262641537 ) ) ;
#6480 = CARTESIAN_POINT ( 'NONE',  ( 16.27152005440887095, -27.21754806201441923, 23.01000000000000156 ) ) ;
#6481 = CARTESIAN_POINT ( 'NONE',  ( 24.20455835121522981, 6.656457198679397891, 1.042092731672571881 ) ) ;
#6482 = CARTESIAN_POINT ( 'NONE',  ( 33.54831973010069390, -13.05795708734864569, 23.01000000000000156 ) ) ;
#6483 = CARTESIAN_POINT ( 'NONE',  ( 23.40308617684337733, 27.55765928013072141, 10.00000000000000888 ) ) ;
#6484 = CARTESIAN_POINT ( 'NONE',  ( -8.779277590185410318, -26.28586541275772248, -0.8889690687347077125 ) ) ;
#6485 = CARTESIAN_POINT ( 'NONE',  ( -31.39123092663704995, 10.05969410437272415, 10.99621310257628792 ) ) ;
#6486 = DIRECTION ( 'NONE',  ( 0.0001384097893513683763, -0.9999999904213651147, 0.000000000000000000 ) ) ;
#6487 = CARTESIAN_POINT ( 'NONE',  ( 23.32262996367564867, -9.123643364046815307, 0.9707165250333978923 ) ) ;
#6488 = CARTESIAN_POINT ( 'NONE',  ( -12.43964014145679720, 27.40071087565280550, 8.963714417946604840 ) ) ;
#6489 = CARTESIAN_POINT ( 'NONE',  ( -21.02216310863872550, -23.63607635117521610, 9.329074385970468342 ) ) ;
#6490 = CARTESIAN_POINT ( 'NONE',  ( -10.72715692056245196, -28.06674126824291804, 10.00000000000000178 ) ) ;
#6491 = CARTESIAN_POINT ( 'NONE',  ( 10.35942287303889131, -23.85070562921264781, 2.338886801623459188 ) ) ;
#6492 = ORIENTED_EDGE ( 'NONE', *, *, #1960, .F. ) ;
#6493 = CARTESIAN_POINT ( 'NONE',  ( -23.19874653215951810, -9.434668882903162412, 0.9697828827377804606 ) ) ;
#6494 = CARTESIAN_POINT ( 'NONE',  ( -27.40174717792207915, -15.92263412704800274, 9.999747400125016839 ) ) ;
#6495 = CARTESIAN_POINT ( 'NONE',  ( 22.58558727708239644, 10.80783320962929039, 0.9382637487620030248 ) ) ;
#6496 = CARTESIAN_POINT ( 'NONE',  ( -18.32829673820249283, 17.05308609109630780, 0.9166026444265198414 ) ) ;
#6497 = CARTESIAN_POINT ( 'NONE',  ( -9.624665730141101605, -26.72647591122352750, 7.131143012127153291 ) ) ;
#6498 = CARTESIAN_POINT ( 'NONE',  ( -19.98092653190743206, 25.25617607486137928, 10.00000000000000178 ) ) ;
#6499 = CARTESIAN_POINT ( 'NONE',  ( -19.25912508341663099, 25.71599880346858313, 9.999998154603201073 ) ) ;
#6500 = CARTESIAN_POINT ( 'NONE',  ( -30.69428644528599648, -17.68434011586064258, 10.00000000000001243 ) ) ;
#6501 = CARTESIAN_POINT ( 'NONE',  ( -30.69200703807133479, -9.718648708119225432, 23.01000000000000156 ) ) ;
#6502 = CARTESIAN_POINT ( 'NONE',  ( 29.82251842784390305, 12.06419864899365457, 9.999999864330911592 ) ) ;
#6503 = CARTESIAN_POINT ( 'NONE',  ( 24.58335205083706043, 9.527466784005140354, 2.643312515618234659 ) ) ;
#6504 = CARTESIAN_POINT ( 'NONE',  ( 24.09200745588534787, 21.80638731486146753, 10.92833739662168924 ) ) ;
#6505 = CARTESIAN_POINT ( 'NONE',  ( -21.60574642948264668, -18.05622272425908292, -4.123222163059572198E-10 ) ) ;
#6506 = CARTESIAN_POINT ( 'NONE',  ( -24.49977860208699809, -5.513055083889837782, 1.041955182292835902 ) ) ;
#6507 = DIRECTION ( 'NONE',  ( -0.5736898095204946424, 0.8190726478477586836, 0.000000000000000000 ) ) ;
#6508 = CARTESIAN_POINT ( 'NONE',  ( 25.79885747412181729, -11.14074710887009978, 0.000000000000000000 ) ) ;
#6509 = CARTESIAN_POINT ( 'NONE',  ( 22.57479027474686717, 21.80002394307374303, 9.277781141754436689 ) ) ;
#6510 = CARTESIAN_POINT ( 'NONE',  ( 21.76578865635681836, -20.78707572754535704, 7.605388381023111322 ) ) ;
#6511 = CARTESIAN_POINT ( 'NONE',  ( 30.01898009286889035, 11.58761536018918648, 23.01000000000000156 ) ) ;
#6512 = CARTESIAN_POINT ( 'NONE',  ( 23.61042726526347835, 8.554665582646798327, 1.043789353244205742 ) ) ;
#6513 = CIRCLE ( 'NONE', #71, 10.99999999999999289 ) ;
#6514 = CARTESIAN_POINT ( 'NONE',  ( -22.57038351842982848, -21.79548558757290166, 9.269478213429863445 ) ) ;
#6515 = CARTESIAN_POINT ( 'NONE',  ( 11.49948577547865369, 25.59104302769982198, -0.1000000000000000056 ) ) ;
#6516 = CARTESIAN_POINT ( 'NONE',  ( 23.80552329057204375, -13.72911487116911999, -0.8889690687347062692 ) ) ;
#6517 = CARTESIAN_POINT ( 'NONE',  ( -24.56217041106314269, 9.578728619234635033, 2.641817348582998104 ) ) ;
#6518 = CARTESIAN_POINT ( 'NONE',  ( 25.10000000000000142, 0.000000000000000000, -40.00000000000000000 ) ) ;
#6519 = CARTESIAN_POINT ( 'NONE',  ( 24.12171225591301038, -10.60654244475021635, 2.632265225347456106 ) ) ;
#6520 = CARTESIAN_POINT ( 'NONE',  ( 22.54636667015000384, 23.89710445776714209, 10.97596260153907366 ) ) ;
#6521 = CARTESIAN_POINT ( 'NONE',  ( -11.79590019590103189, 26.51748066957673089, 7.299637954277532259 ) ) ;
#6522 = CARTESIAN_POINT ( 'NONE',  ( -16.82568873268532172, -23.54630502839649964, 5.968570380235981965 ) ) ;
#6523 = CARTESIAN_POINT ( 'NONE',  ( 29.31340643510933219, -13.05879441538566077, 10.00000000000000178 ) ) ;
#6524 = CARTESIAN_POINT ( 'NONE',  ( 9.888786187854444520, -22.95885844984557522, 0.6716466638953946244 ) ) ;
#6525 = ORIENTED_EDGE ( 'NONE', *, *, #1489, .T. ) ;
#6526 = CARTESIAN_POINT ( 'NONE',  ( -26.61066556401871708, -11.46382503540074893, 5.974068245429407398 ) ) ;
#6527 = CARTESIAN_POINT ( 'NONE',  ( -29.97122499635024795, -11.70845918064746805, 10.00034790356373016 ) ) ;
#6528 = CARTESIAN_POINT ( 'NONE',  ( 24.98993267900907256, 11.74196690565276491, 4.283614081898873494 ) ) ;
#6529 = CARTESIAN_POINT ( 'NONE',  ( -20.82520049094254944, 19.94459408905106912, 5.932163309431336629 ) ) ;
#6530 = CARTESIAN_POINT ( 'NONE',  ( -10.12505698080441263, -26.68320725962924911, 7.168007078648707342 ) ) ;
#6531 = CARTESIAN_POINT ( 'NONE',  ( -30.99349662896824142, -8.709008957808418216, 10.00000000000000178 ) ) ;
#6532 = CARTESIAN_POINT ( 'NONE',  ( -27.40276784406216137, 15.91735853756966534, 9.999997840992074671 ) ) ;
#6533 = CARTESIAN_POINT ( 'NONE',  ( -19.68069774585240239, -20.08175796999589835, -0.000000000000000000 ) ) ;
#6534 = CARTESIAN_POINT ( 'NONE',  ( 30.36083833830331358, 1.394238571009834615, 7.661114458311732101 ) ) ;
#6535 = CARTESIAN_POINT ( 'NONE',  ( 22.44030678971124360, 19.88363260029419877, 7.582285994510519878 ) ) ;
ENDSEC;
END-ISO-10303-21;
