ISO-10303-21;
HEADER;
FILE_DESCRIPTION (( 'STEP AP214' ),
    '1' );
FILE_NAME ('PETG_U_Channel.STEP',
    '2026-06-26T06:45:43',
    ( '' ),
    ( '' ),
    'SwSTEP 2.0',
    'SolidWorks 2025',
    '' );
FILE_SCHEMA (( 'AUTOMOTIVE_DESIGN' ));
ENDSEC;

DATA;
#1 = CARTESIAN_POINT ( 'NONE',  ( -13.59025105659809007, -27.05099999999992377, 127.5012556772696968 ) ) ;
#2 = PLANE ( 'NONE',  #2099 ) ;
#3 = VECTOR ( 'NONE', #285, 1000.000000000000000 ) ;
#4 = VECTOR ( 'NONE', #2063, 1000.000000000000000 ) ;
#5 = PLANE ( 'NONE',  #2036 ) ;
#6 = ORIENTED_EDGE ( 'NONE', *, *, #792, .T. ) ;
#7 = CARTESIAN_POINT ( 'NONE',  ( -19.36746807951191585, -114.6022714177933040, -55.29293016742599320 ) ) ;
#8 = CARTESIAN_POINT ( 'NONE',  ( -11.04899999999980231, -28.57500000000007390, 70.00000000000000000 ) ) ;
#9 = DIRECTION ( 'NONE',  ( -3.986786957317220691E-14, -1.000000000000000000, 8.221984877597824915E-15 ) ) ;
#10 = CIRCLE ( 'NONE', #2995, 2.000000000000002665 ) ;
#11 = ADVANCED_FACE ( 'NONE', ( #986 ), #2108, .T. ) ;
#12 = AXIS2_PLACEMENT_3D ( 'NONE', #4162, #2607, #1453 ) ;
#13 = ORIENTED_EDGE ( 'NONE', *, *, #1774, .T. ) ;
#14 = AXIS2_PLACEMENT_3D ( 'NONE', #1870, #318, #2558 ) ;
#15 = VECTOR ( 'NONE', #1416, 1000.000000000000000 ) ;
#16 = ADVANCED_FACE ( 'NONE', ( #4463 ), #1301, .T. ) ;
#17 = VERTEX_POINT ( 'NONE', #4055 ) ;
#18 = LINE ( 'NONE', #4656, #4286 ) ;
#19 = DIRECTION ( 'NONE',  ( -0.9848077530122073542, 2.058172017878802680E-16, 0.1736481776669340504 ) ) ;
#20 = ORIENTED_EDGE ( 'NONE', *, *, #1237, .F. ) ;
#21 = AXIS2_PLACEMENT_3D ( 'NONE', #1863, #4917, #1838 ) ;
#22 = CARTESIAN_POINT ( 'NONE',  ( -9.377278837047972715, -27.05099999999992733, 1.075996402778877981 ) ) ;
#23 = EDGE_LOOP ( 'NONE', ( #1311, #669, #4526, #1157, #1238 ) ) ;
#24 = AXIS2_PLACEMENT_3D ( 'NONE', #196, #4023, #2423 ) ;
#25 = LINE ( 'NONE', #3913, #3967 ) ;
#26 = CARTESIAN_POINT ( 'NONE',  ( -9.795151113271385768, -27.92750710543712600, 15.02171882146655690 ) ) ;
#27 = ORIENTED_EDGE ( 'NONE', *, *, #2589, .F. ) ;
#28 = FACE_OUTER_BOUND ( 'NONE', #4657, .T. ) ;
#29 = DIRECTION ( 'NONE',  ( -1.089832976195851708E-16, 1.000000000000000000, -1.171570449410540592E-15 ) ) ;
#30 = CARTESIAN_POINT ( 'NONE',  ( -3.375614567016729684, -26.97680028925772078, 15.37332313606607492 ) ) ;
#31 = EDGE_LOOP ( 'NONE', ( #4556, #3979 ) ) ;
#32 = ORIENTED_EDGE ( 'NONE', *, *, #2002, .T. ) ;
#33 = DIRECTION ( 'NONE',  ( 0.1736481776669314414, 0.000000000000000000, -0.9848077530122079093 ) ) ;
#34 = EDGE_CURVE ( 'NONE', #3960, #3013, #3459, .T. ) ;
#35 = CARTESIAN_POINT ( 'NONE',  ( 3.274999999999999911, -27.05099999999993088, 94.68047560319701006 ) ) ;
#36 = LINE ( 'NONE', #1161, #3985 ) ;
#37 = EDGE_CURVE ( 'NONE', #3638, #2756, #3586, .T. ) ;
#38 = ORIENTED_EDGE ( 'NONE', *, *, #432, .T. ) ;
#39 = CARTESIAN_POINT ( 'NONE',  ( 12.20000000000018581, -28.57499999999991402, 34.99999999999925393 ) ) ;
#40 = EDGE_CURVE ( 'NONE', #3016, #2758, #654, .T. ) ;
#41 = EDGE_CURVE ( 'NONE', #1911, #460, #2461, .T. ) ;
#42 = CYLINDRICAL_SURFACE ( 'NONE', #3633, 2.000000000000000000 ) ;
#43 = ORIENTED_EDGE ( 'NONE', *, *, #1011, .T. ) ;
#44 = CARTESIAN_POINT ( 'NONE',  ( 11.04900000000018423, -28.57499999999992113, 54.99374902313146407 ) ) ;
#45 = CARTESIAN_POINT ( 'NONE',  ( 9.604766489140619257, -27.05099999999993443, -2.271050337259259866 ) ) ;
#46 = VERTEX_POINT ( 'NONE', #224 ) ;
#47 = CARTESIAN_POINT ( 'NONE',  ( 9.630813715790660368, -27.05099999999993443, -2.123329174307428513 ) ) ;
#48 = EDGE_LOOP ( 'NONE', ( #4707, #673, #2406, #1014 ) ) ;
#49 = FACE_OUTER_BOUND ( 'NONE', #3262, .T. ) ;
#50 = ORIENTED_EDGE ( 'NONE', *, *, #4211, .T. ) ;
#51 = DIRECTION ( 'NONE',  ( -0.9848077530122075762, -6.836577773956857628E-15, 0.1736481776669339949 ) ) ;
#52 = ORIENTED_EDGE ( 'NONE', *, *, #376, .T. ) ;
#53 = FACE_OUTER_BOUND ( 'NONE', #429, .T. ) ;
#54 = CARTESIAN_POINT ( 'NONE',  ( -7.456957335627329542, -25.05099999999993443, 0.7373919104438196870 ) ) ;
#55 = EDGE_LOOP ( 'NONE', ( #3858, #1175, #4584 ) ) ;
#56 = EDGE_CURVE ( 'NONE', #4109, #1098, #625, .T. ) ;
#57 = LINE ( 'NONE', #2940, #2091 ) ;
#58 = ORIENTED_EDGE ( 'NONE', *, *, #66, .T. ) ;
#59 = CARTESIAN_POINT ( 'NONE',  ( 9.525000000000176215, -27.05099999999993088, 54.94185106754060399 ) ) ;
#60 = VERTEX_POINT ( 'NONE', #3612 ) ;
#61 = DIRECTION ( 'NONE',  ( -0.1736481776669318022, 0.000000000000000000, -0.9848077530122077983 ) ) ;
#62 = CARTESIAN_POINT ( 'NONE',  ( 10.73987392476480274, -28.53640479192366897, -2.471200404162602560 ) ) ;
#63 = EDGE_LOOP ( 'NONE', ( #4820, #2159, #2298, #105 ) ) ;
#64 = CARTESIAN_POINT ( 'NONE',  ( -9.717412435626169298, -27.81832865881561290, 15.02505841555845656 ) ) ;
#65 = DIRECTION ( 'NONE',  ( 0.000000000000000000, 0.000000000000000000, -1.000000000000000000 ) ) ;
#66 = EDGE_CURVE ( 'NONE', #3013, #1739, #3643, .T. ) ;
#67 = EDGE_LOOP ( 'NONE', ( #3046, #3127, #2215, #1885, #111 ) ) ;
#68 = CIRCLE ( 'NONE', #2894, 1.999999999999999556 ) ;
#69 = CYLINDRICAL_SURFACE ( 'NONE', #1640, 2.575000000000010392 ) ;
#70 = DIRECTION ( 'NONE',  ( 1.000000000000000000, 6.920681583949466820E-15, 0.000000000000000000 ) ) ;
#71 = CARTESIAN_POINT ( 'NONE',  ( 37.30000000000020322, -28.07499999999980744, 54.99374902313146407 ) ) ;
#72 = VECTOR ( 'NONE', #2452, 1000.000000000000114 ) ;
#73 = CARTESIAN_POINT ( 'NONE',  ( -15.35642506783067418, -5.175000000000105516, 126.0001852711670978 ) ) ;
#74 = CARTESIAN_POINT ( 'NONE',  ( 10.27165234050483100, -28.27447715951857177, 72.38864030590690390 ) ) ;
#75 = VERTEX_POINT ( 'NONE', #2134 ) ;
#76 = DIRECTION ( 'NONE',  ( 0.1736481776669298038, 1.174091553763073032E-15, -0.9848077530122082424 ) ) ;
#77 = CIRCLE ( 'NONE', #3550, 2.575000000000010392 ) ;
#78 = AXIS2_PLACEMENT_3D ( 'NONE', #1929, #3451, #61 ) ;
#79 = EDGE_CURVE ( 'NONE', #3246, #3706, #3866, .T. ) ;
#80 = AXIS2_PLACEMENT_3D ( 'NONE', #3460, #1209, #4265 ) ;
#81 = CARTESIAN_POINT ( 'NONE',  ( -9.524999999999815614, -27.05100000000007654, 70.00000000000000000 ) ) ;
#82 = ORIENTED_EDGE ( 'NONE', *, *, #4155, .T. ) ;
#83 = CARTESIAN_POINT ( 'NONE',  ( 10.02755650574876078, -27.27673500160698339, 54.45751555110911113 ) ) ;
#84 = ORIENTED_EDGE ( 'NONE', *, *, #2438, .F. ) ;
#85 = VECTOR ( 'NONE', #3282, 1000.000000000000000 ) ;
#86 = CARTESIAN_POINT ( 'NONE',  ( 9.610873736160616687, -26.52965823767298303, 15.08783262158342708 ) ) ;
#87 = CARTESIAN_POINT ( 'NONE',  ( -9.876759119761439720, -28.03386341484433686, 15.01855404909924374 ) ) ;
#88 = VECTOR ( 'NONE', #2597, 1000.000000000000000 ) ;
#89 = EDGE_LOOP ( 'NONE', ( #1212, #4294, #1404, #1045 ) ) ;
#90 = CARTESIAN_POINT ( 'NONE',  ( -10.28582960522741629, -28.37389837094948319, 15.01005255311113906 ) ) ;
#91 = CARTESIAN_POINT ( 'NONE',  ( 3.275659686216175093, -27.05099999999993088, 15.08787871472488185 ) ) ;
#92 = B_SPLINE_CURVE_WITH_KNOTS ( 'NONE', 3,
 ( #1919, #3998, #2830, #3941 ),
 .UNSPECIFIED., .F., .F.,
 ( 4, 4 ),
 ( 0.000000000000000000, 4.457282258385324576E-05 ),
 .UNSPECIFIED. ) ;
#93 = CARTESIAN_POINT ( 'NONE',  ( 22.94600121880843702, -15.87499999998996358, 91.89969939989173042 ) ) ;
#94 = EDGE_CURVE ( 'NONE', #2511, #1389, #3666, .T. ) ;
#95 = VECTOR ( 'NONE', #4067, 1000.000000000000000 ) ;
#96 = CARTESIAN_POINT ( 'NONE',  ( -0.2950204410700936197, -15.87499999999012346, -20.41640374763163734 ) ) ;
#97 = CARTESIAN_POINT ( 'NONE',  ( -6.834362389606142507, -27.05099999999993088, -57.50285485262732976 ) ) ;
#98 = ORIENTED_EDGE ( 'NONE', *, *, #2958, .F. ) ;
#99 = VECTOR ( 'NONE', #4343, 1000.000000000000000 ) ;
#100 = EDGE_CURVE ( 'NONE', #918, #1865, #2579, .T. ) ;
#101 = EDGE_CURVE ( 'NONE', #1489, #4423, #3425, .T. ) ;
#102 = CARTESIAN_POINT ( 'NONE',  ( -11.02295277334977364, -27.05100000000007299, 1.518487110980457411 ) ) ;
#103 = ORIENTED_EDGE ( 'NONE', *, *, #2809, .F. ) ;
#104 = CARTESIAN_POINT ( 'NONE',  ( 17.08927720844390308, -15.87499999998996358, -55.11483180239090274 ) ) ;
#105 = ORIENTED_EDGE ( 'NONE', *, *, #269, .T. ) ;
#106 = ORIENTED_EDGE ( 'NONE', *, *, #970, .T. ) ;
#107 = CARTESIAN_POINT ( 'NONE',  ( 9.525000000000174438, -27.05099999999993088, 68.79076378499431144 ) ) ;
#108 = ORIENTED_EDGE ( 'NONE', *, *, #2838, .T. ) ;
#109 = CARTESIAN_POINT ( 'NONE',  ( 9.661844478886610688, -27.69613664976945344, 15.02960144183030700 ) ) ;
#110 = CARTESIAN_POINT ( 'NONE',  ( -11.93383801599184224, -15.87499999999020872, 83.13471913441686922 ) ) ;
#111 = ORIENTED_EDGE ( 'NONE', *, *, #1601, .F. ) ;
#112 = DIRECTION ( 'NONE',  ( -0.9848077530122079093, -6.832622436092476642E-15, -0.1736481776669318577 ) ) ;
#113 = ORIENTED_EDGE ( 'NONE', *, *, #1904, .F. ) ;
#114 = CARTESIAN_POINT ( 'NONE',  ( 10.84936053143006696, -28.56512500111809771, 15.00641378108205259 ) ) ;
#115 = CYLINDRICAL_SURFACE ( 'NONE', #2283, 2.000000000000001332 ) ;
#116 = ORIENTED_EDGE ( 'NONE', *, *, #1504, .F. ) ;
#117 = EDGE_CURVE ( 'NONE', #3957, #498, #2666, .T. ) ;
#118 = FACE_OUTER_BOUND ( 'NONE', #726, .T. ) ;
#119 = ORIENTED_EDGE ( 'NONE', *, *, #4747, .F. ) ;
#120 = CARTESIAN_POINT ( 'NONE',  ( 11.04900000000017357, -27.05099999999992377, 70.00000000000000000 ) ) ;
#121 = EDGE_CURVE ( 'NONE', #2630, #4916, #3105, .T. ) ;
#122 = EDGE_LOOP ( 'NONE', ( #663, #1829, #4555 ) ) ;
#123 = CARTESIAN_POINT ( 'NONE',  ( -9.526978979102342038, -27.05099999999993088, 54.89732203086564510 ) ) ;
#124 = DIRECTION ( 'NONE',  ( 0.9848077530122080203, 0.000000000000000000, -0.1736481776669315524 ) ) ;
#125 = ORIENTED_EDGE ( 'NONE', *, *, #4683, .T. ) ;
#126 = FACE_BOUND ( 'NONE', #844, .T. ) ;
#127 = ORIENTED_EDGE ( 'NONE', *, *, #3198, .T. ) ;
#128 = LINE ( 'NONE', #2801, #2990 ) ;
#129 = CARTESIAN_POINT ( 'NONE',  ( -11.04899999999980231, -28.57500000000007390, 54.99374902313146407 ) ) ;
#130 = EDGE_LOOP ( 'NONE', ( #174, #58, #2702, #3026 ) ) ;
#131 = FACE_OUTER_BOUND ( 'NONE', #4755, .T. ) ;
#132 = ORIENTED_EDGE ( 'NONE', *, *, #2528, .F. ) ;
#133 = DIRECTION ( 'NONE',  ( 0.1736481776669318022, 0.000000000000000000, 0.9848077530122077983 ) ) ;
#134 = VECTOR ( 'NONE', #2080, 1000.000000000000000 ) ;
#135 = EDGE_CURVE ( 'NONE', #231, #1496, #1704, .T. ) ;
#136 = LINE ( 'NONE', #2379, #3466 ) ;
#137 = CARTESIAN_POINT ( 'NONE',  ( -10.08298913259879015, -27.43163955872933357, 54.46663497281782185 ) ) ;
#138 = CARTESIAN_POINT ( 'NONE',  ( -3.775000000000000355, -26.60160000000020730, 54.39988898009397644 ) ) ;
#139 = ORIENTED_EDGE ( 'NONE', *, *, #2455, .T. ) ;
#140 = VECTOR ( 'NONE', #2460, 1000.000000000000114 ) ;
#141 = VECTOR ( 'NONE', #1991, 1000.000000000000000 ) ;
#142 = CARTESIAN_POINT ( 'NONE',  ( 3.274999999999999911, -3.174999999999976286, 94.68047560319701006 ) ) ;
#143 = ORIENTED_EDGE ( 'NONE', *, *, #2248, .T. ) ;
#144 = CIRCLE ( 'NONE', #3621, 0.5000000000000004441 ) ;
#145 = DIRECTION ( 'NONE',  ( 0.1736481776669315524, 0.000000000000000000, 0.9848077530122077983 ) ) ;
#146 = VERTEX_POINT ( 'NONE', #1324 ) ;
#147 = AXIS2_PLACEMENT_3D ( 'NONE', #1868, #3386, #2634 ) ;
#148 = DIRECTION ( 'NONE',  ( 0.9848077530122074652, 6.836577773956856839E-15, 0.1736481776669340227 ) ) ;
#149 = EDGE_CURVE ( 'NONE', #1989, #1576, #3232, .T. ) ;
#150 = CARTESIAN_POINT ( 'NONE',  ( 10.15626146905677807, -28.57499999999992468, 68.76410919209048700 ) ) ;
#151 = VECTOR ( 'NONE', #261, 1000.000000000000114 ) ;
#152 = AXIS2_PLACEMENT_3D ( 'NONE', #803, #9, #1190 ) ;
#153 = AXIS2_PLACEMENT_3D ( 'NONE', #4483, #3682, #620 ) ;
#154 = LINE ( 'NONE', #2798, #4379 ) ;
#156 = ORIENTED_EDGE ( 'NONE', *, *, #2722, .T. ) ;
#155 = ADVANCED_FACE ( 'NONE', ( #3156 ), #175, .T. ) ;
#157 = EDGE_CURVE ( 'NONE', #1719, #747, #2432, .T. ) ;
#158 = CARTESIAN_POINT ( 'NONE',  ( 3.348669413685565477, -27.05099999999993798, -0.8694716861582851841 ) ) ;
#159 = CARTESIAN_POINT ( 'NONE',  ( -10.02499074494402187, -27.00253567981422620, 15.56331017819744389 ) ) ;
#160 = ORIENTED_EDGE ( 'NONE', *, *, #2221, .F. ) ;
#161 = DIRECTION ( 'NONE',  ( -0.9848077530122071321, 0.000000000000000000, -0.1736481776669350774 ) ) ;
#162 = DIRECTION ( 'NONE',  ( -0.9848077530122073542, -6.836577773956856839E-15, -0.1736481776669340227 ) ) ;
#163 = ORIENTED_EDGE ( 'NONE', *, *, #679, .F. ) ;
#164 = VECTOR ( 'NONE', #853, 1000.000000000000114 ) ;
#165 = DIRECTION ( 'NONE',  ( -2.038788587250987477E-16, 1.000000000000000000, -1.156254464892051868E-15 ) ) ;
#166 = AXIS2_PLACEMENT_3D ( 'NONE', #4630, #3845, #3508 ) ;
#167 = AXIS2_PLACEMENT_3D ( 'NONE', #2447, #3574, #563 ) ;
#168 = CYLINDRICAL_SURFACE ( 'NONE', #2122, 2.000000000000000000 ) ;
#169 = DIRECTION ( 'NONE',  ( -1.000000000000000000, -6.938893903907222067E-15, 0.000000000000000000 ) ) ;
#170 = CARTESIAN_POINT ( 'NONE',  ( -9.661844478886132848, -27.69613664976939660, 54.97039855816820619 ) ) ;
#171 = CYLINDRICAL_SURFACE ( 'NONE', #2368, 2.000000000000001776 ) ;
#172 = VERTEX_POINT ( 'NONE', #2157 ) ;
#173 = DIRECTION ( 'NONE',  ( -0.9848077530122073542, -0.000000000000000000, 0.1736481776669339672 ) ) ;
#174 = ORIENTED_EDGE ( 'NONE', *, *, #4295, .T. ) ;
#175 = SPHERICAL_SURFACE ( 'NONE', #3701, 2.000000000000000000 ) ;
#176 = CARTESIAN_POINT ( 'NONE',  ( 0.5992676739146052256, -15.87499999999012346, -15.34464381961874579 ) ) ;
#177 = CIRCLE ( 'NONE', #2698, 2.000000000000001776 ) ;
#178 = CARTESIAN_POINT ( 'NONE',  ( -3.231406322017890798, -3.324999999999977085, 0.1446272501672933586 ) ) ;
#179 =( BOUNDED_CURVE ( )  B_SPLINE_CURVE ( 3, ( #4125, #1104, #3330, #3379 ),
 .UNSPECIFIED., .F., .T. ) 
 B_SPLINE_CURVE_WITH_KNOTS ( ( 4, 4 ),
 ( 1.396263401595460252, 1.570796326794895892 ),
 .UNSPECIFIED. ) 
 CURVE ( )  GEOMETRIC_REPRESENTATION_ITEM ( )  RATIONAL_B_SPLINE_CURVE ( ( 1.000000000000000000, 0.9974631320611635488, 0.9974631320611635488, 1.000000000000000000 ) ) 
 REPRESENTATION_ITEM ( '' )  );
#180 = FILL_AREA_STYLE ('',( #3907 ) ) ;
#181 = CARTESIAN_POINT ( 'NONE',  ( -12.69999999999980389, -28.57500000000008811, 70.00000000000000000 ) ) ;
#182 = EDGE_CURVE ( 'NONE', #4461, #659, #3360, .T. ) ;
#183 = LINE ( 'NONE', #2984, #1185 ) ;
#184 = ORIENTED_EDGE ( 'NONE', *, *, #2254, .T. ) ;
#185 = CARTESIAN_POINT ( 'NONE',  ( 12.38609618624612807, -28.57499999999991758, -1.971812067715175809 ) ) ;
#186 = CARTESIAN_POINT ( 'NONE',  ( -12.31178346647347333, -28.19784285913151933, 54.49666473148932511 ) ) ;
#187 = ORIENTED_EDGE ( 'NONE', *, *, #331, .T. ) ;
#188 = LINE ( 'NONE', #1683, #3242 ) ;
#189 = ORIENTED_EDGE ( 'NONE', *, *, #553, .T. ) ;
#190 = EDGE_CURVE ( 'NONE', #4400, #2623, #1844, .T. ) ;
#191 = EDGE_CURVE ( 'NONE', #2868, #207, #1083, .T. ) ;
#192 = CARTESIAN_POINT ( 'NONE',  ( -9.426572841651884360, -5.175000000000068212, 1.084688265777676186 ) ) ;
#193 = DIRECTION ( 'NONE',  ( -1.000000000000000000, -6.920681583949466820E-15, -0.000000000000000000 ) ) ;
#194 = LINE ( 'NONE', #2074, #72 ) ;
#195 = CARTESIAN_POINT ( 'NONE',  ( -9.672219330788196956, -27.71790203922398987, 54.48254023588260964 ) ) ;
#196 = CARTESIAN_POINT ( 'NONE',  ( 3.447104020701226457, -3.174999999999974953, 73.13061018528402712 ) ) ;
#197 = CARTESIAN_POINT ( 'NONE',  ( -13.38680956180627213, 60.11135514537500057, 126.3474816265010503 ) ) ;
#198 = CARTESIAN_POINT ( 'NONE',  ( -2.970418991859430591, -5.175000000000020250, -58.18417232558044105 ) ) ;
#199 = ORIENTED_EDGE ( 'NONE', *, *, #3334, .T. ) ;
#200 =( NAMED_UNIT ( * ) PLANE_ANGLE_UNIT ( ) SI_UNIT ( $, .RADIAN. ) );
#201 = CARTESIAN_POINT ( 'NONE',  ( 37.30000000000018900, -26.60159999999992309, 54.39988898009398355 ) ) ;
#202 = EDGE_CURVE ( 'NONE', #3267, #3898, #4257, .T. ) ;
#203 = DIRECTION ( 'NONE',  ( -0.9848077530122075762, 2.558717127065790464E-14, 0.1736481776669339949 ) ) ;
#204 = EDGE_LOOP ( 'NONE', ( #2145, #2803, #1486, #784, #2980 ) ) ;
#205 = LINE ( 'NONE', #2415, #653 ) ;
#206 = PLANE ( 'NONE',  #4839 ) ;
#207 = VERTEX_POINT ( 'NONE', #1591 ) ;
#208 = CARTESIAN_POINT ( 'NONE',  ( -10.07752227345094376, -27.44993670804957020, 54.46809827533018478 ) ) ;
#209 = ORIENTED_EDGE ( 'NONE', *, *, #4740, .F. ) ;
#210 = CARTESIAN_POINT ( 'NONE',  ( -6.834362389606160271, 60.11135514537500057, -57.50285485262742924 ) ) ;
#211 = EDGE_CURVE ( 'NONE', #4066, #4891, #3440, .T. ) ;
#212 = CARTESIAN_POINT ( 'NONE',  ( 3.447104020701226457, -3.174999999999974953, 73.13061018528402712 ) ) ;
#213 = CYLINDRICAL_SURFACE ( 'NONE', #4131, 1.999999999999996225 ) ;
#214 = CARTESIAN_POINT ( 'NONE',  ( -9.876759119761285177, -28.03386341484418764, 54.98144595089919306 ) ) ;
#215 = DIRECTION ( 'NONE',  ( 1.000000000000000000, 8.405686134351572337E-15, -0.000000000000000000 ) ) ;
#216 = VECTOR ( 'NONE', #3235, 1000.000000000000000 ) ;
#217 = EDGE_CURVE ( 'NONE', #4593, #1931, #1546, .T. ) ;
#218 = SPHERICAL_SURFACE ( 'NONE', #868, 2.000000000000000000 ) ;
#219 = EDGE_LOOP ( 'NONE', ( #2493, #1406, #1973, #4406 ) ) ;
#220 = EDGE_CURVE ( 'NONE', #4593, #207, #1958, .T. ) ;
#221 = DIRECTION ( 'NONE',  ( -0.9848077530122080203, 0.000000000000000000, -0.1736481776669310251 ) ) ;
#222 = EDGE_LOOP ( 'NONE', ( #3234, #359, #2521, #3140, #4104 ) ) ;
#223 = AXIS2_PLACEMENT_3D ( 'NONE', #4804, #2464, #2541 ) ;
#224 = CARTESIAN_POINT ( 'NONE',  ( -7.456957335627331318, -27.05099999999993088, 0.7373919104437959282 ) ) ;
#225 = SURFACE_STYLE_FILL_AREA ( #180 ) ;
#226 = VECTOR ( 'NONE', #3641, 1000.000000000000000 ) ;
#227 = VERTEX_POINT ( 'NONE', #96 ) ;
#228 = CARTESIAN_POINT ( 'NONE',  ( 10.33563453214470229, -28.57499999999992468, 72.24760810079504836 ) ) ;
#229 = VECTOR ( 'NONE', #304, 1000.000000000000000 ) ;
#230 = CIRCLE ( 'NONE', #2350, 2.000000000000000444 ) ;
#231 = VERTEX_POINT ( 'NONE', #493 ) ;
#232 = CYLINDRICAL_SURFACE ( 'NONE', #2774, 2.575000000000013944 ) ;
#233 = ORIENTED_EDGE ( 'NONE', *, *, #3221, .F. ) ;
#234 = CARTESIAN_POINT ( 'NONE',  ( -10.70455087336024391, -28.03319524220352221, 54.49248361359583726 ) ) ;
#235 = VERTEX_POINT ( 'NONE', #1638 ) ;
#236 = CIRCLE ( 'NONE', #798, 2.000000000000000444 ) ;
#237 = AXIS2_PLACEMENT_3D ( 'NONE', #2997, #783, #4662 ) ;
#238 = CARTESIAN_POINT ( 'NONE',  ( 9.525000000000181544, -27.94373853094333526, 1.032685228116250187 ) ) ;
#239 = AXIS2_PLACEMENT_3D ( 'NONE', #1599, #2309, #1673 ) ;
#240 = CARTESIAN_POINT ( 'NONE',  ( -18.23770608384872105, -15.87499999999020872, -48.88573150092249620 ) ) ;
#241 = LINE ( 'NONE', #690, #4757 ) ;
#242 = AXIS2_PLACEMENT_3D ( 'NONE', #2540, #2442, #1460 ) ;
#243 = DIRECTION ( 'NONE',  ( 0.1736481776669318577, 1.205928582073525340E-15, 0.9848077530122077983 ) ) ;
#244 = EDGE_CURVE ( 'NONE', #3059, #583, #3556, .T. ) ;
#245 = CARTESIAN_POINT ( 'NONE',  ( 9.542343949240001066, -27.31622948202145551, 54.95485845837752947 ) ) ;
#246 = ORIENTED_EDGE ( 'NONE', *, *, #2660, .T. ) ;
#247 = DIRECTION ( 'NONE',  ( 0.1736481776669355770, 0.000000000000000000, -0.9848077530122071321 ) ) ;
#248 = ORIENTED_EDGE ( 'NONE', *, *, #4923, .T. ) ;
#249 = DIRECTION ( 'NONE',  ( -0.9848077530122079093, -6.832622436092476642E-15, -0.1736481776669318855 ) ) ;
#250 = EDGE_CURVE ( 'NONE', #3751, #4214, #2249, .T. ) ;
#251 = ADVANCED_FACE ( 'NONE', ( #3053 ), #3844, .F. ) ;
#252 = CARTESIAN_POINT ( 'NONE',  ( -12.69996092376105423, -28.57500000000008811, 15.00625097686704379 ) ) ;
#253 = ORIENTED_EDGE ( 'NONE', *, *, #4708, .F. ) ;
#254 = AXIS2_PLACEMENT_3D ( 'NONE', #4010, #1334, #602 ) ;
#255 = CARTESIAN_POINT ( 'NONE',  ( 9.525000000000174438, -27.25205318753399197, 54.95217500704539759 ) ) ;
#256 = CARTESIAN_POINT ( 'NONE',  ( -17.74514892882199035, -25.05099999999993088, 127.6098420287837030 ) ) ;
#257 = ORIENTED_EDGE ( 'NONE', *, *, #2084, .F. ) ;
#258 = DIRECTION ( 'NONE',  ( -0.9848077530122079093, -6.832622436092476642E-15, -0.1736481776669318577 ) ) ;
#259 = EDGE_LOOP ( 'NONE', ( #4221, #2858, #3931, #3719 ) ) ;
#260 = CARTESIAN_POINT ( 'NONE',  ( 3.364347963998287838, -27.05099999999993443, -1.170696180363715921 ) ) ;
#261 = DIRECTION ( 'NONE',  ( 0.1736481776669313859, 1.205928582073522185E-15, 0.9848077530122079093 ) ) ;
#262 = DIRECTION ( 'NONE',  ( -6.920681583949468398E-15, 1.000000000000000000, -2.809907966117542424E-17 ) ) ;
#263 = CARTESIAN_POINT ( 'NONE',  ( 9.526978979102704415, -27.05099999999993088, 15.10267796913286631 ) ) ;
#264 = EDGE_LOOP ( 'NONE', ( #2358, #2331, #2726, #3271 ) ) ;
#265 = SPHERICAL_SURFACE ( 'NONE', #1822, 2.000000000000000000 ) ;
#266 = EDGE_CURVE ( 'NONE', #747, #529, #1473, .T. ) ;
#267 = CARTESIAN_POINT ( 'NONE',  ( 10.02499074494430786, -27.00253567981394553, 54.43668982180104621 ) ) ;
#268 = CARTESIAN_POINT ( 'NONE',  ( 11.04900000000018245, -28.57499999999992113, 68.72641390530642980 ) ) ;
#269 = EDGE_CURVE ( 'NONE', #4637, #686, #4529, .T. ) ;
#270 = ORIENTED_EDGE ( 'NONE', *, *, #1925, .T. ) ;
#271 = DIRECTION ( 'NONE',  ( -0.1736481776669332455, 0.000000000000000000, -0.9848077530122075762 ) ) ;
#272 = DIRECTION ( 'NONE',  ( 0.000000000000000000, 0.000000000000000000, -1.000000000000000000 ) ) ;
#273 = CARTESIAN_POINT ( 'NONE',  ( -10.78325498357622614, -28.57500000000007034, 54.99374902241656571 ) ) ;
#274 = CARTESIAN_POINT ( 'NONE',  ( 3.379528257343724196, -27.05099999999993088, -1.173372875655585235 ) ) ;
#275 = CARTESIAN_POINT ( 'NONE',  ( -2.970418991859293367, -25.05099999999992733, -58.18417232558044816 ) ) ;
#276 = ADVANCED_FACE ( 'NONE', ( #835 ), #3076, .F. ) ;
#277 = ORIENTED_EDGE ( 'NONE', *, *, #1559, .F. ) ;
#278 = CARTESIAN_POINT ( 'NONE',  ( -10.04177840722425330, -28.19902318251174478, 54.98588973197333729 ) ) ;
#279 = EDGE_LOOP ( 'NONE', ( #1113, #4857, #1698, #2107 ) ) ;
#280 = DIRECTION ( 'NONE',  ( -0.1736481776669339949, -1.205928582073540328E-15, -0.9848077530122074652 ) ) ;
#281 = CARTESIAN_POINT ( 'NONE',  ( 3.307828242370465688, -27.03331848545082394, 15.25074310384581899 ) ) ;
#282 = ORIENTED_EDGE ( 'NONE', *, *, #2653, .F. ) ;
#283 = DIRECTION ( 'NONE',  ( -6.920681583949467609E-15, 1.000000000000000000, 0.000000000000000000 ) ) ;
#284 = CARTESIAN_POINT ( 'NONE',  ( 11.21062598781459307, -28.57499999999992113, 72.55420669410187884 ) ) ;
#285 = DIRECTION ( 'NONE',  ( 2.094073006735369378E-16, -1.000000000000000000, 1.187607817205041144E-15 ) ) ;
#286 = CARTESIAN_POINT ( 'NONE',  ( 2.204123765650557458E-14, -3.174999999999998934, -1.424131261359391878E-18 ) ) ;
#287 = ORIENTED_EDGE ( 'NONE', *, *, #1545, .T. ) ;
#288 = CARTESIAN_POINT ( 'NONE',  ( -9.728401605313655054, -26.29034509798973929, 54.89619017369194154 ) ) ;
#289 = CARTESIAN_POINT ( 'NONE',  ( -9.526978979102342038, -27.05099999999993088, 15.10267796913286631 ) ) ;
#290 = EDGE_CURVE ( 'NONE', #3842, #3087, #3948, .T. ) ;
#291 = DIRECTION ( 'NONE',  ( -0.9848077530122075762, 0.000000000000000000, 0.1736481776669339949 ) ) ;
#292 = LINE ( 'NONE', #4751, #4308 ) ;
#293 = ORIENTED_EDGE ( 'NONE', *, *, #1862, .T. ) ;
#294 = CARTESIAN_POINT ( 'NONE',  ( 12.67838620289524521, -28.55540659037384899, 54.83766766943639936 ) ) ;
#295 = DIRECTION ( 'NONE',  ( 0.1736481776669340504, 1.205928582073540723E-15, -0.9848077530122074652 ) ) ;
#296 = SPHERICAL_SURFACE ( 'NONE', #1335, 2.000000000000000000 ) ;
#297 = ORIENTED_EDGE ( 'NONE', *, *, #101, .F. ) ;
#298 = DIRECTION ( 'NONE',  ( -0.1736481776669315524, 0.000000000000000000, 0.9848077530122077983 ) ) ;
#299 = AXIS2_PLACEMENT_3D ( 'NONE', #2537, #3390, #2982 ) ;
#300 = AXIS2_PLACEMENT_3D ( 'NONE', #2486, #600, #4032 ) ;
#301 = EDGE_CURVE ( 'NONE', #2601, #3915, #745, .T. ) ;
#302 = ORIENTED_EDGE ( 'NONE', *, *, #1264, .T. ) ;
#303 = DIRECTION ( 'NONE',  ( -6.982183441242976142E-15, 1.000000000000000000, 0.000000000000000000 ) ) ;
#304 = DIRECTION ( 'NONE',  ( 0.9848077530122083534, 6.835721853670152716E-15, 0.1736481776669288046 ) ) ;
#305 = CIRCLE ( 'NONE', #1169, 2.000000000000000000 ) ;
#306 = ORIENTED_EDGE ( 'NONE', *, *, #3743, .T. ) ;
#307 = CARTESIAN_POINT ( 'NONE',  ( -17.39785257348812308, -25.05099999999993443, -55.64022652275986758 ) ) ;
#308 = CARTESIAN_POINT ( 'NONE',  ( 3.367883577368086190, -27.05099999999993088, -2.965230566795109546 ) ) ;
#309 = PRESENTATION_LAYER_ASSIGNMENT (  '', '', ( #2983 ) ) ;
#310 = EDGE_CURVE ( 'NONE', #1227, #4316, #4833, .T. ) ;
#311 = CARTESIAN_POINT ( 'NONE',  ( 17.14560670414031662, -3.174999999999880362, 66.97676693744354282 ) ) ;
#312 = CARTESIAN_POINT ( 'NONE',  ( -1.000803485834258044, -114.6022714177931761, 128.5314686809137470 ) ) ;
#313 = CARTESIAN_POINT ( 'NONE',  ( -12.69999999999980389, -28.57500000000008811, 15.00625097686704379 ) ) ;
#314 = CARTESIAN_POINT ( 'NONE',  ( -13.38680956180628101, -27.05099999999993088, -56.34748162650150505 ) ) ;
#315 = AXIS2_PLACEMENT_3D ( 'NONE', #977, #3996, #2549 ) ;
#316 = VECTOR ( 'NONE', #3182, 1000.000000000000000 ) ;
#317 = CARTESIAN_POINT ( 'NONE',  ( 9.610873736160648662, -26.52965823767286224, 54.91216737841508433 ) ) ;
#318 = DIRECTION ( 'NONE',  ( -1.000000000000000000, 0.000000000000000000, 0.000000000000000000 ) ) ;
#319 = ORIENTED_EDGE ( 'NONE', *, *, #4391, .F. ) ;
#320 = CARTESIAN_POINT ( 'NONE',  ( 12.20000000000018225, -28.08749999999998082, 54.49390529755315526 ) ) ;
#321 = DIRECTION ( 'NONE',  ( -0.1010228786433665371, 0.000000000000000000, -0.9948841027931885073 ) ) ;
#322 = LINE ( 'NONE', #3341, #718 ) ;
#323 = VERTEX_POINT ( 'NONE', #1500 ) ;
#324 = AXIS2_PLACEMENT_3D ( 'NONE', #240, #1737, #2451 ) ;
#325 = CYLINDRICAL_SURFACE ( 'NONE', #1631, 2.575000000000013944 ) ;
#326 = DIRECTION ( 'NONE',  ( -6.938026650575909742E-15, 1.000000000000000000, -0.000000000000000000 ) ) ;
#327 = VERTEX_POINT ( 'NONE', #3007 ) ;
#328 = CIRCLE ( 'NONE', #254, 2.000000000000000000 ) ;
#329 = ORIENTED_EDGE ( 'NONE', *, *, #3653, .F. ) ;
#330 = FACE_OUTER_BOUND ( 'NONE', #1756, .T. ) ;
#331 = EDGE_CURVE ( 'NONE', #4829, #3992, #3768, .T. ) ;
#332 = VERTEX_POINT ( 'NONE', #2278 ) ;
#333 = CARTESIAN_POINT ( 'NONE',  ( -5.415529829969941922, -3.175000000000031797, 0.3774331620360061312 ) ) ;
#334 = LINE ( 'NONE', #433, #1333 ) ;
#335 = VECTOR ( 'NONE', #2470, 1000.000000000000227 ) ;
#336 = VERTEX_POINT ( 'NONE', #1132 ) ;
#337 = CARTESIAN_POINT ( 'NONE',  ( 12.28986514509445271, -28.57499999999991758, -2.592191684385102501 ) ) ;
#338 = DIRECTION ( 'NONE',  ( 0.9848077530122073542, 6.836577773956856839E-15, -0.1736481776669339672 ) ) ;
#339 = VERTEX_POINT ( 'NONE', #3417 ) ;
#340 = FACE_OUTER_BOUND ( 'NONE', #279, .T. ) ;
#341 = DIRECTION ( 'NONE',  ( 0.000000000000000000, 0.000000000000000000, -1.000000000000000000 ) ) ;
#342 = EDGE_CURVE ( 'NONE', #4829, #3203, #3823, .T. ) ;
#343 = EDGE_CURVE ( 'NONE', #1931, #2239, #845, .T. ) ;
#344 = CARTESIAN_POINT ( 'NONE',  ( 10.45961587380588931, -27.91014405889018235, 54.48871093679145616 ) ) ;
#345 = DIRECTION ( 'NONE',  ( 0.000000000000000000, 0.000000000000000000, -1.000000000000000000 ) ) ;
#346 = VERTEX_POINT ( 'NONE', #767 ) ;
#347 = CARTESIAN_POINT ( 'NONE',  ( -12.69999999999980389, -28.57500000000008811, 34.99999999999925393 ) ) ;
#348 = CARTESIAN_POINT ( 'NONE',  ( 7.551180843126559239, -5.324999999999978861, -1.908947780671375716 ) ) ;
#349 = DIRECTION ( 'NONE',  ( -1.000000000000000000, -6.938893903907222067E-15, 0.000000000000000000 ) ) ;
#350 = PLANE ( 'NONE',  #2906 ) ;
#351 = ORIENTED_EDGE ( 'NONE', *, *, #4838, .F. ) ;
#352 = DIRECTION ( 'NONE',  ( 0.9948841027931885073, 6.902532419413445753E-15, -0.1010228786433665371 ) ) ;
#353 = DIRECTION ( 'NONE',  ( 0.000000000000000000, -1.000000000000000000, 0.000000000000000000 ) ) ;
#354 = ORIENTED_EDGE ( 'NONE', *, *, #2804, .T. ) ;
#355 = ADVANCED_FACE ( 'NONE', ( #3439 ), #4599, .F. ) ;
#356 = VERTEX_POINT ( 'NONE', #3578 ) ;
#357 = LINE ( 'NONE', #4289, #1403 ) ;
#358 = LINE ( 'NONE', #1518, #2771 ) ;
#359 = ORIENTED_EDGE ( 'NONE', *, *, #157, .F. ) ;
#360 = DIRECTION ( 'NONE',  ( 0.1736481776669340782, 1.174091553763101629E-15, 0.9848077530122074652 ) ) ;
#361 = CARTESIAN_POINT ( 'NONE',  ( 7.740749619849972341, -3.334284958765679985, -1.942373870707615469 ) ) ;
#362 = ORIENTED_EDGE ( 'NONE', *, *, #1304, .F. ) ;
#363 = LINE ( 'NONE', #312, #3401 ) ;
#364 = CARTESIAN_POINT ( 'NONE',  ( -17.39785257348811953, -25.05099999999992733, 125.6402265227592778 ) ) ;
#365 = EDGE_LOOP ( 'NONE', ( #2767, #1085, #1131 ) ) ;
#366 = DIRECTION ( 'NONE',  ( 6.807628855211873793E-15, -1.000000000000000000, 0.000000000000000000 ) ) ;
#367 = ORIENTED_EDGE ( 'NONE', *, *, #4367, .T. ) ;
#368 =( BOUNDED_SURFACE ( )  B_SPLINE_SURFACE ( 3, 2, ( 
 ( #764, #1522, #3786 ),
 ( #2317, #810, #1949 ),
 ( #2300, #3815, #3435 ),
 ( #4918, #3476, #1491 ),
 ( #4204, #1128, #4623 ),
 ( #87, #2244, #3411 ),
 ( #26, #3025, #4570 ),
 ( #1148, #787, #3048 ),
 ( #1201, #2270, #1541 ),
 ( #4591, #3839, #2705 ),
 ( #1930, #4276, #2393 ),
 ( #3914, #3933, #159 ),
 ( #531, #898, #2823 ),
 ( #2416, #3095, #1240 ),
 ( #1681, #3571, #4693 ),
 ( #2755, #1975, #2445 ) ),
 .UNSPECIFIED., .F., .F., .T. ) 
 B_SPLINE_SURFACE_WITH_KNOTS ( ( 4, 2, 2, 2, 2, 2, 2, 4 ),
 ( 3, 3 ),
 ( 0.003311873272900038839, 0.003845958124786340998, 0.004113000550729491861, 0.004380042976672643591, 0.004647085402615795321, 0.004914127828558946184, 0.005181170254502097047, 0.005448212680445248778 ),
 ( 0.000000000000000000, 1.000000000000000000 ),
 .UNSPECIFIED. ) 
 GEOMETRIC_REPRESENTATION_ITEM ( )  RATIONAL_B_SPLINE_SURFACE ( (
 ( 1.000000000000000000, 0.7158910531638167374, 1.000000000000000000),
 ( 1.000000000000000000, 0.7158518934499806807, 1.000000000000000000),
 ( 1.000000000000000000, 0.7164179997650196308, 1.000000000000000000),
 ( 1.000000000000000000, 0.7169851531653352872, 1.000000000000000000),
 ( 1.000000000000000000, 0.7171180504566582181, 1.000000000000000000),
 ( 1.000000000000000000, 0.7169525766904693009, 1.000000000000000000),
 ( 1.000000000000000000, 0.7166537730446650434, 1.000000000000000000),
 ( 1.000000000000000000, 0.7153243296147692165, 1.000000000000000000),
 ( 1.000000000000000000, 0.7143132244106704665, 1.000000000000000000),
 ( 1.000000000000000000, 0.7113651921318635551, 1.000000000000000000),
 ( 1.000000000000000000, 0.7094479056572997600, 1.000000000000000000),
 ( 1.000000000000000000, 0.7047712709657401042, 1.000000000000000000),
 ( 1.000000000000000000, 0.7019617564195737014, 1.000000000000000000),
 ( 1.000000000000000000, 0.6958156059856610565, 1.000000000000000000),
 ( 1.000000000000000000, 0.6924290196755953364, 1.000000000000000000),
 ( 1.000000000000000000, 0.6889166875095966702, 1.000000000000000000) ) ) 
 REPRESENTATION_ITEM ( '' )  SURFACE ( )  );
#369 = FACE_OUTER_BOUND ( 'NONE', #2912, .T. ) ;
#370 = EDGE_CURVE ( 'NONE', #1875, #520, #3506, .T. ) ;
#371 = CARTESIAN_POINT ( 'NONE',  ( 3.350432837954365528, -27.05099999999993088, -1.015928576419351526 ) ) ;
#372 = DIRECTION ( 'NONE',  ( -2.094073006735363708E-16, 1.000000000000000000, 1.187607817205041341E-15 ) ) ;
#373 = CARTESIAN_POINT ( 'NONE',  ( -14.54994737239578484, -26.22257287525373926, 128.1732422719833551 ) ) ;
#374 = VERTEX_POINT ( 'NONE', #3041 ) ;
#375 = CARTESIAN_POINT ( 'NONE',  ( 3.350432837954365528, -27.05099999999993088, -1.015928576419351526 ) ) ;
#376 = EDGE_CURVE ( 'NONE', #4373, #4436, #2294, .T. ) ;
#377 = EDGE_CURVE ( 'NONE', #327, #1447, #57, .T. ) ;
#378 = CYLINDRICAL_SURFACE ( 'NONE', #1962, 2.575000000000013944 ) ;
#379 = ORIENTED_EDGE ( 'NONE', *, *, #244, .F. ) ;
#380 = DIRECTION ( 'NONE',  ( 0.1736481776669311639, 0.000000000000000000, -0.9848077530122077983 ) ) ;
#381 = CARTESIAN_POINT ( 'NONE',  ( -1.000803485834879103, -25.05099999999990601, -58.53146868091432253 ) ) ;
#382 = CARTESIAN_POINT ( 'NONE',  ( -13.73410591714013762, -5.175000000000096634, -58.31709713252595861 ) ) ;
#383 = ORIENTED_EDGE ( 'NONE', *, *, #827, .T. ) ;
#384 = ORIENTED_EDGE ( 'NONE', *, *, #2007, .F. ) ;
#385 = DIRECTION ( 'NONE',  ( -0.9948841027931885073, -6.902532419413445753E-15, -0.1010228786433665371 ) ) ;
#386 = DIRECTION ( 'NONE',  ( -0.1736481776669315524, 0.000000000000000000, 0.9848077530122077983 ) ) ;
#387 = PRODUCT_DEFINITION_FORMATION_WITH_SPECIFIED_SOURCE ( 'ANY', '', #749, .NOT_KNOWN. ) ;
#388 = AXIS2_PLACEMENT_3D ( 'NONE', #2172, #3705, #3331 ) ;
#389 = ORIENTED_EDGE ( 'NONE', *, *, #3821, .T. ) ;
#390 = CARTESIAN_POINT ( 'NONE',  ( -9.351231610397931604, -5.324999999999975309, 1.223717565730682910 ) ) ;
#391 = FACE_BOUND ( 'NONE', #1597, .T. ) ;
#392 = EDGE_LOOP ( 'NONE', ( #1900, #20, #1603, #899 ) ) ;
#393 = CARTESIAN_POINT ( 'NONE',  ( 11.13669760976654288, -28.57499999999992113, -2.562742259585317317 ) ) ;
#394 = ORIENTED_EDGE ( 'NONE', *, *, #40, .T. ) ;
#395 = CIRCLE ( 'NONE', #3308, 0.5000000000000004441 ) ;
#396 = B_SPLINE_CURVE_WITH_KNOTS ( 'NONE', 3,
 ( #4842, #1760, #2971, #2896, #2124, #614, #2096, #263 ),
 .UNSPECIFIED., .F., .F.,
 ( 4, 2, 2, 4 ),
 ( -4.787660108234438020E-06, 0.0004959091949260830854, 0.0007462576224432476138, 0.0009966060499604122505 ),
 .UNSPECIFIED. ) ;
#397 = VECTOR ( 'NONE', #4697, 999.9999999999998863 ) ;
#398 = CARTESIAN_POINT ( 'NONE',  ( 2.204123765650557458E-14, -3.174999999999998934, -1.424131261359391878E-18 ) ) ;
#399 = ORIENTED_EDGE ( 'NONE', *, *, #2697, .T. ) ;
#400 = EDGE_CURVE ( 'NONE', #2166, #985, #3787, .T. ) ;
#401 = DIRECTION ( 'NONE',  ( 0.000000000000000000, 0.000000000000000000, -1.000000000000000000 ) ) ;
#402 = ORIENTED_EDGE ( 'NONE', *, *, #2071, .T. ) ;
#403 = DIRECTION ( 'NONE',  ( -0.1736481776669340782, -1.174091553763101629E-15, -0.9848077530122075762 ) ) ;
#404 = DIRECTION ( 'NONE',  ( 6.677850651179312456E-15, -1.000000000000000000, 0.000000000000000000 ) ) ;
#405 = EDGE_CURVE ( 'NONE', #3091, #2391, #1830, .T. ) ;
#406 = EDGE_CURVE ( 'NONE', #2391, #918, #2568, .T. ) ;
#407 = AXIS2_PLACEMENT_3D ( 'NONE', #1592, #4312, #516 ) ;
#408 = VECTOR ( 'NONE', #3598, 1000.000000000000000 ) ;
#409 = ORIENTED_EDGE ( 'NONE', *, *, #3732, .T. ) ;
#410 = CARTESIAN_POINT ( 'NONE',  ( -9.524999999999815614, -27.05100000000007654, 54.94185106754060399 ) ) ;
#411 = AXIS2_PLACEMENT_3D ( 'NONE', #3737, #2924, #2148 ) ;
#412 = DIRECTION ( 'NONE',  ( -0.1736481776669298038, -1.174091553763072835E-15, 0.9848077530122082424 ) ) ;
#413 = VERTEX_POINT ( 'NONE', #4197 ) ;
#414 = VECTOR ( 'NONE', #215, 1000.000000000000000 ) ;
#415 = DIRECTION ( 'NONE',  ( 0.1572158889194949505, 1.062987529024242755E-15, -0.9875642582998095387 ) ) ;
#416 = DIRECTION ( 'NONE',  ( 0.9848077530122081313, 0.000000000000000000, 0.1736481776669301647 ) ) ;
#417 = VERTEX_POINT ( 'NONE', #3726 ) ;
#418 = DIRECTION ( 'NONE',  ( 0.1736481776669298038, 1.174091553763073032E-15, -0.9848077530122082424 ) ) ;
#419 = EDGE_LOOP ( 'NONE', ( #4329, #4130, #2179, #3286, #4612 ) ) ;
#420 = DIRECTION ( 'NONE',  ( -0.1736481776669340504, -1.174091553763101431E-15, -0.9848077530122073542 ) ) ;
#421 = EDGE_CURVE ( 'NONE', #1995, #1136, #4908, .T. ) ;
#422 = CARTESIAN_POINT ( 'NONE',  ( 12.69996092376143082, -28.57499999999991402, 15.00625097686704379 ) ) ;
#423 = DIRECTION ( 'NONE',  ( 1.188482701119231849E-18, -1.000000000000000000, 1.191994246915024429E-15 ) ) ;
#424 =( NAMED_UNIT ( * ) SI_UNIT ( $, .STERADIAN. ) SOLID_ANGLE_UNIT ( ) );
#425 = LINE ( 'NONE', #470, #3402 ) ;
#426 = EDGE_LOOP ( 'NONE', ( #894, #4114, #2546, #3946 ) ) ;
#427 = CARTESIAN_POINT ( 'NONE',  ( -3.317715347193298303, -5.175000000000022027, -60.15378783160485199 ) ) ;
#428 = FACE_OUTER_BOUND ( 'NONE', #2926, .T. ) ;
#429 = EDGE_LOOP ( 'NONE', ( #1155, #1106, #4057, #4663 ) ) ;
#430 = ADVANCED_FACE ( 'NONE', ( #2744 ), #1942, .F. ) ;
#431 = ORIENTED_EDGE ( 'NONE', *, *, #4470, .T. ) ;
#432 = EDGE_CURVE ( 'NONE', #75, #3517, #3516, .T. ) ;
#433 = CARTESIAN_POINT ( 'NONE',  ( -26.23096348929811583, -27.05099999999993088, -54.08271074471210227 ) ) ;
#434 = ORIENTED_EDGE ( 'NONE', *, *, #117, .T. ) ;
#435 = DIRECTION ( 'NONE',  ( 0.9848077530122084644, 0.000000000000000000, 0.1736481776669282495 ) ) ;
#436 = FACE_OUTER_BOUND ( 'NONE', #3258, .T. ) ;
#437 = ORIENTED_EDGE ( 'NONE', *, *, #405, .T. ) ;
#438 = CYLINDRICAL_SURFACE ( 'NONE', #4854, 2.575000000000013944 ) ;
#439 = ORIENTED_EDGE ( 'NONE', *, *, #3899, .F. ) ;
#440 = DIRECTION ( 'NONE',  ( -0.9848077530122074652, 0.000000000000000000, 0.1736481776669340504 ) ) ;
#441 = CARTESIAN_POINT ( 'NONE',  ( -12.19999999999994422, -9.075000000000079226, 34.99999999999925393 ) ) ;
#442 = ORIENTED_EDGE ( 'NONE', *, *, #2862, .F. ) ;
#443 = EDGE_CURVE ( 'NONE', #17, #2630, #4592, .T. ) ;
#444 = DIRECTION ( 'NONE',  ( 0.000000000000000000, 1.000000000000000000, 0.000000000000000000 ) ) ;
#445 = ORIENTED_EDGE ( 'NONE', *, *, #2291, .F. ) ;
#446 = CYLINDRICAL_SURFACE ( 'NONE', #953, 2.575000000000013944 ) ;
#447 = ORIENTED_EDGE ( 'NONE', *, *, #191, .T. ) ;
#448 = DIRECTION ( 'NONE',  ( -0.9848077530122074652, 0.000000000000000000, 0.1736481776669340504 ) ) ;
#449 = CARTESIAN_POINT ( 'NONE',  ( -9.400525615001857460, -5.175000000000067324, 68.76759057126999153 ) ) ;
#450 = ORIENTED_EDGE ( 'NONE', *, *, #217, .F. ) ;
#451 = ORIENTED_EDGE ( 'NONE', *, *, #250, .T. ) ;
#452 = EDGE_CURVE ( 'NONE', #46, #235, #3468, .T. ) ;
#453 = VECTOR ( 'NONE', #372, 1000.000000000000000 ) ;
#454 = CARTESIAN_POINT ( 'NONE',  ( -18.68485014134107658, -15.87499999999020872, 121.4216114649283753 ) ) ;
#455 = ORIENTED_EDGE ( 'NONE', *, *, #1024, .F. ) ;
#456 = CARTESIAN_POINT ( 'NONE',  ( 9.595496663175715923, -26.57225607497738551, 15.60194878951971198 ) ) ;
#457 = DIRECTION ( 'NONE',  ( -2.094073006735413998E-16, 1.000000000000000000, 1.187607817205040552E-15 ) ) ;
#458 = ORIENTED_EDGE ( 'NONE', *, *, #886, .T. ) ;
#459 = DIRECTION ( 'NONE',  ( -0.1736481776669315524, 0.000000000000000000, -0.9848077530122077983 ) ) ;
#460 = VERTEX_POINT ( 'NONE', #1234 ) ;
#461 = EDGE_CURVE ( 'NONE', #3638, #4770, #68, .T. ) ;
#462 = CARTESIAN_POINT ( 'NONE',  ( -2.970418991859292479, -25.05099999999992022, -58.18417232558043395 ) ) ;
#463 = CARTESIAN_POINT ( 'NONE',  ( -3.275659686216174649, -27.05099999999993088, 15.08787871472488185 ) ) ;
#464 =( BOUNDED_CURVE ( )  B_SPLINE_CURVE ( 3, ( #465, #1959, #3486, #97 ),
 .UNSPECIFIED., .F., .T. ) 
 B_SPLINE_CURVE_WITH_KNOTS ( ( 4, 4 ),
 ( 1.570796326794897446, 3.141592653589786011 ),
 .UNSPECIFIED. ) 
 CURVE ( )  GEOMETRIC_REPRESENTATION_ITEM ( )  RATIONAL_B_SPLINE_CURVE ( ( 1.000000000000000000, 0.8047378541243668248, 0.8047378541243668248, 1.000000000000000000 ) ) 
 REPRESENTATION_ITEM ( '' )  );
#465 = CARTESIAN_POINT ( 'NONE',  ( -5.212043238915595289, -25.05099999999993088, -59.81976671398559375 ) ) ;
#466 = ORIENTED_EDGE ( 'NONE', *, *, #4783, .T. ) ;
#467 = AXIS2_PLACEMENT_3D ( 'NONE', #569, #3150, #3580 ) ;
#468 = DIRECTION ( 'NONE',  ( 7.544436217840769047E-17, 1.000000000000000000, 1.205506685075701207E-15 ) ) ;
#469 = VECTOR ( 'NONE', #3885, 1000.000000000000227 ) ;
#470 = CARTESIAN_POINT ( 'NONE',  ( -3.274999999999999911, -27.05099999999993088, 94.68047560319701006 ) ) ;
#471 = VERTEX_POINT ( 'NONE', #3134 ) ;
#472 = CARTESIAN_POINT ( 'NONE',  ( -11.02295277334976298, -28.57500000000007034, 1.518487110980457189 ) ) ;
#473 = VERTEX_POINT ( 'NONE', #1195 ) ;
#474 = AXIS2_PLACEMENT_3D ( 'NONE', #807, #1519, #3836 ) ;
#475 = VECTOR ( 'NONE', #2692, 1000.000000000000000 ) ;
#476 = CARTESIAN_POINT ( 'NONE',  ( 8.966138978675960658, -25.05099999999992733, 72.00612908475822849 ) ) ;
#477 = ORIENTED_EDGE ( 'NONE', *, *, #2533, .T. ) ;
#478 = EDGE_CURVE ( 'NONE', #374, #3230, #1579, .T. ) ;
#479 = VECTOR ( 'NONE', #345, 1000.000000000000000 ) ;
#480 = CARTESIAN_POINT ( 'NONE',  ( -7.456957335627322436, -25.05099999999993443, 0.7373919104438650951 ) ) ;
#481 = ORIENTED_EDGE ( 'NONE', *, *, #1873, .T. ) ;
#482 = ADVANCED_FACE ( 'NONE', ( #2719 ), #869, .T. ) ;
#483 = CARTESIAN_POINT ( 'NONE',  ( 9.705219650879678639, -26.33059206376967865, 15.62782821450001158 ) ) ;
#484 = DIRECTION ( 'NONE',  ( -1.000000000000000000, -4.202843067175781436E-15, 0.000000000000000000 ) ) ;
#485 = TOROIDAL_SURFACE ( 'NONE', #167, 20.00000000000000355, 0.5000000000000000000 ) ;
#486 = VERTEX_POINT ( 'NONE', #824 ) ;
#487 = LINE ( 'NONE', #3961, #1126 ) ;
#488 = CARTESIAN_POINT ( 'NONE',  ( -15.35642506783069550, -25.39829635533379459, -58.00018527116765199 ) ) ;
#489 = ORIENTED_EDGE ( 'NONE', *, *, #4514, .F. ) ;
#490 = CARTESIAN_POINT ( 'NONE',  ( 3.405575483993672048, -4.159134063252292179, 71.02565171270322253 ) ) ;
#491 = CIRCLE ( 'NONE', #573, 1.999999999999999334 ) ;
#492 = EDGE_CURVE ( 'NONE', #708, #4348, #2014, .T. ) ;
#493 = CARTESIAN_POINT ( 'NONE',  ( 0.5992676739146052256, -15.87499999999012346, 85.34464381961818447 ) ) ;
#494 = CYLINDRICAL_SURFACE ( 'NONE', #1344, 0.5000000000000004441 ) ;
#495 =( NAMED_UNIT ( * ) PLANE_ANGLE_UNIT ( ) SI_UNIT ( $, .RADIAN. ) );
#496 = VECTOR ( 'NONE', #4679, 999.9999999999998863 ) ;
#497 = DIRECTION ( 'NONE',  ( -0.1736481776669298038, -1.174091553763073032E-15, 0.9848077530122082424 ) ) ;
#498 = VERTEX_POINT ( 'NONE', #4684 ) ;
#499 = AXIS2_PLACEMENT_3D ( 'NONE', #4809, #1445, #2869 ) ;
#500 = DIRECTION ( 'NONE',  ( -2.094073006735412766E-16, 1.000000000000000000, -1.187607817205040355E-15 ) ) ;
#501 = DIRECTION ( 'NONE',  ( -0.1736481776669318577, -1.205928582073525340E-15, 0.9848077530122077983 ) ) ;
#502 = ORIENTED_EDGE ( 'NONE', *, *, #3509, .F. ) ;
#503 = FACE_OUTER_BOUND ( 'NONE', #4894, .T. ) ;
#504 = DIRECTION ( 'NONE',  ( -2.094073006735413998E-16, 1.000000000000000000, -1.187607817205040355E-15 ) ) ;
#505 = ORIENTED_EDGE ( 'NONE', *, *, #2367, .T. ) ;
#506 = EDGE_CURVE ( 'NONE', #4863, #4028, #1262, .T. ) ;
#507 = CARTESIAN_POINT ( 'NONE',  ( 10.15536920375365249, -26.60160000000011493, 54.39988898009398355 ) ) ;
#508 = ORIENTED_EDGE ( 'NONE', *, *, #2437, .T. ) ;
#509 = CARTESIAN_POINT ( 'NONE',  ( 9.661710804067817904, -26.40612922668355722, 15.09585228061678919 ) ) ;
#510 = CARTESIAN_POINT ( 'NONE',  ( 3.405575483993847019, -27.05099999999993443, 71.02565171270322253 ) ) ;
#511 = ORIENTED_EDGE ( 'NONE', *, *, #598, .T. ) ;
#512 = DIRECTION ( 'NONE',  ( -0.9848077530122080203, 0.000000000000000000, -0.1736481776669314692 ) ) ;
#513 = ORIENTED_EDGE ( 'NONE', *, *, #2070, .T. ) ;
#514 = DIRECTION ( 'NONE',  ( 0.9848077530122073542, 6.836577773956856050E-15, 0.1736481776669340227 ) ) ;
#515 = DIRECTION ( 'NONE',  ( 0.1736481776669313859, 0.000000000000000000, 0.9848077530122077983 ) ) ;
#516 = DIRECTION ( 'NONE',  ( 0.000000000000000000, -1.301042606982604138E-15, -1.000000000000000000 ) ) ;
#517 = VERTEX_POINT ( 'NONE', #893 ) ;
#518 = EDGE_CURVE ( 'NONE', #3915, #2207, #3370, .T. ) ;
#519 = DIRECTION ( 'NONE',  ( -1.000000000000000000, -6.920681583949466820E-15, -0.000000000000000000 ) ) ;
#520 = VERTEX_POINT ( 'NONE', #449 ) ;
#521 = DIRECTION ( 'NONE',  ( -0.9848077530122079093, -6.832622436092476642E-15, -0.1736481776669318577 ) ) ;
#522 = EDGE_LOOP ( 'NONE', ( #2281, #4061, #3833, #4545 ) ) ;
#523 = ADVANCED_FACE ( 'NONE', ( #2334 ), #1284, .F. ) ;
#524 = ADVANCED_FACE ( 'NONE', ( #3877 ), #2409, .T. ) ;
#525 = LINE ( 'NONE', #2463, #4530 ) ;
#526 = DIRECTION ( 'NONE',  ( 0.02413729786597506796, 0.000000000000000000, -0.9997086529843228764 ) ) ;
#527 = DIRECTION ( 'NONE',  ( -0.1736481776669340504, -1.174091553763101431E-15, -0.9848077530122073542 ) ) ;
#528 = LINE ( 'NONE', #872, #4846 ) ;
#529 = VERTEX_POINT ( 'NONE', #2312 ) ;
#530 = CARTESIAN_POINT ( 'NONE',  ( 3.390974049656056089, -114.6022714177931334, 71.28609226127983334 ) ) ;
#531 = CARTESIAN_POINT ( 'NONE',  ( -9.542646294918130323, -26.78472401708407702, 15.07244414463114524 ) ) ;
#532 = EDGE_LOOP ( 'NONE', ( #3034, #3625, #2153, #2490 ) ) ;
#533 = CARTESIAN_POINT ( 'NONE',  ( 10.70455087336062228, -28.03319524220337300, 15.50751638640266883 ) ) ;
#534 = ORIENTED_EDGE ( 'NONE', *, *, #56, .T. ) ;
#535 = FACE_BOUND ( 'NONE', #4651, .T. ) ;
#536 = AXIS2_PLACEMENT_3D ( 'NONE', #1178, #2688, #4238 ) ;
#537 = DIRECTION ( 'NONE',  ( -0.02413729786597506796, -1.632000861504106530E-16, 0.9997086529843228764 ) ) ;
#538 = DIRECTION ( 'NONE',  ( 0.9848077530122077983, 0.000000000000000000, -0.1736481776669316912 ) ) ;
#539 = CARTESIAN_POINT ( 'NONE',  ( -10.11694799129706546, -27.51174070562213814, 54.47113859492337440 ) ) ;
#540 = CARTESIAN_POINT ( 'NONE',  ( -3.668067290526821900, -26.70664554153325909, 54.41057444699918477 ) ) ;
#541 = VECTOR ( 'NONE', #2212, 1000.000000000000227 ) ;
#542 = EDGE_CURVE ( 'NONE', #900, #2552, #2699, .T. ) ;
#543 = CARTESIAN_POINT ( 'NONE',  ( -3.445914323945514113, -3.324999999999977085, 0.03013680670213575441 ) ) ;
#544 = VERTEX_POINT ( 'NONE', #476 ) ;
#545 = CIRCLE ( 'NONE', #4915, 2.000000000000001776 ) ;
#546 = CARTESIAN_POINT ( 'NONE',  ( -5.389482603319908804, -3.175000000000039346, 69.47484567501166453 ) ) ;
#547 = ADVANCED_FACE ( 'NONE', ( #1970 ), #1707, .T. ) ;
#548 = ORIENTED_EDGE ( 'NONE', *, *, #3938, .F. ) ;
#549 = CIRCLE ( 'NONE', #1176, 2.000000000000002665 ) ;
#550 = CARTESIAN_POINT ( 'NONE',  ( 10.01139156403953123, -26.68442345113941272, 54.40831396637292272 ) ) ;
#551 = CARTESIAN_POINT ( 'NONE',  ( 0.000000000000000000, -27.05099999999993088, 94.68047560319701006 ) ) ;
#552 = AXIS2_PLACEMENT_3D ( 'NONE', #2574, #3812, #3408 ) ;
#553 = EDGE_CURVE ( 'NONE', #1979, #3043, #4059, .T. ) ;
#554 = ADVANCED_FACE ( 'NONE', ( #990 ), #3590, .F. ) ;
#555 = VECTOR ( 'NONE', #1469, 1000.000000000000227 ) ;
#556 = VECTOR ( 'NONE', #2714, 1000.000000000000000 ) ;
#557 = CARTESIAN_POINT ( 'NONE',  ( -6.834362389606158494, 60.11135514537504321, 127.5028548526268537 ) ) ;
#558 = EDGE_LOOP ( 'NONE', ( #3119, #816, #3423, #3535 ) ) ;
#559 = CARTESIAN_POINT ( 'NONE',  ( -12.69999999999980567, -28.57500000000060680, 1.814195784961170510 ) ) ;
#560 = DIRECTION ( 'NONE',  ( -1.000000000000000000, 0.000000000000000000, 0.000000000000000000 ) ) ;
#561 = ORIENTED_EDGE ( 'NONE', *, *, #885, .T. ) ;
#562 = DIRECTION ( 'NONE',  ( -0.04218674000673096336, -2.852382085903943617E-16, -0.9991097432052220562 ) ) ;
#563 = DIRECTION ( 'NONE',  ( -6.920681583949468398E-15, 1.000000000000000000, 0.000000000000000000 ) ) ;
#564 = EDGE_LOOP ( 'NONE', ( #257, #3114, #2792, #3936, #2879 ) ) ;
#565 = CARTESIAN_POINT ( 'NONE',  ( -9.525660961045852915, -27.05099999999993088, 15.08787888161927881 ) ) ;
#566 = VECTOR ( 'NONE', #3639, 1000.000000000000114 ) ;
#567 = VECTOR ( 'NONE', #4356, 1000.000000000000000 ) ;
#568 = CARTESIAN_POINT ( 'NONE',  ( -12.70000000000000107, -8.678715103072295510E-14, 68.18580421503835964 ) ) ;
#569 = CARTESIAN_POINT ( 'NONE',  ( -15.35642506783068661, 60.11135514537500057, 126.0001852711671830 ) ) ;
#570 = CARTESIAN_POINT ( 'NONE',  ( -26.23096348929811228, -27.05099999999993088, -54.08271074471207385 ) ) ;
#571 = B_SPLINE_CURVE_WITH_KNOTS ( 'NONE', 3,
 ( #3645, #255, #1752, #1042, #3268, #1010, #2909, #4469, #4194, #2590, #775, #2986, #1481, #1533 ),
 .UNSPECIFIED., .F., .F.,
 ( 4, 2, 2, 2, 2, 2, 4 ),
 ( 0.000000000000000000, 0.0006002197367466434366, 0.001200439473493286873, 0.001500549341866608700, 0.001800659210239930310, 0.002100769078613251920, 0.002400878946986573746 ),
 .UNSPECIFIED. ) ;
#572 = B_SPLINE_CURVE_WITH_KNOTS ( 'NONE', 3,
 ( #4760, #660, #2468, #606, #3245, #599, #3239, #2408 ),
 .UNSPECIFIED., .F., .F.,
 ( 4, 2, 2, 4 ),
 ( 0.000000000000000000, 0.0002494704533874030961, 0.0004989409067748061923, 0.0009978818135496123846 ),
 .UNSPECIFIED. ) ;
#573 = AXIS2_PLACEMENT_3D ( 'NONE', #4497, #360, #1101 ) ;
#574 = EDGE_CURVE ( 'NONE', #2741, #4089, #4283, .T. ) ;
#575 = LINE ( 'NONE', #3202, #4458 ) ;
#576 = CARTESIAN_POINT ( 'NONE',  ( -10.07752227345094020, -27.44993670804956665, 15.53190172466831953 ) ) ;
#577 = CARTESIAN_POINT ( 'NONE',  ( -3.419867097295484992, -5.175000000000036238, 69.82214203034551758 ) ) ;
#578 = LINE ( 'NONE', #1647, #1790 ) ;
#579 = ORIENTED_EDGE ( 'NONE', *, *, #2136, .T. ) ;
#580 = CARTESIAN_POINT ( 'NONE',  ( 3.387066249658480022, -4.125259338249997576, 71.24760782937758563 ) ) ;
#581 = EDGE_CURVE ( 'NONE', #413, #4916, #2976, .T. ) ;
#582 = DIRECTION ( 'NONE',  ( -8.405686134351572337E-15, 1.000000000000000000, 0.000000000000000000 ) ) ;
#583 = VERTEX_POINT ( 'NONE', #4828 ) ;
#584 = FACE_OUTER_BOUND ( 'NONE', #4808, .T. ) ;
#585 = DIRECTION ( 'NONE',  ( -1.000000000000000000, -6.938893903907222067E-15, 0.000000000000000000 ) ) ;
#586 = SPHERICAL_SURFACE ( 'NONE', #1280, 2.000000000000000000 ) ;
#587 = DIRECTION ( 'NONE',  ( -0.9848077530122073542, 1.020084379884504726E-16, 0.1736481776669341059 ) ) ;
#588 = ORIENTED_EDGE ( 'NONE', *, *, #202, .T. ) ;
#589 = ADVANCED_FACE ( 'NONE', ( #1332 ), #4439, .T. ) ;
#590 = CYLINDRICAL_SURFACE ( 'NONE', #2266, 1.999999999999999778 ) ;
#591 = DIRECTION ( 'NONE',  ( -0.04218674000673096336, -2.852382085903943617E-16, -0.9991097432052220562 ) ) ;
#592 = CARTESIAN_POINT ( 'NONE',  ( -13.38680956180626858, -5.175000000000093081, 126.3474816265009792 ) ) ;
#593 = DIRECTION ( 'NONE',  ( -0.9848077530122080203, 0.000000000000000000, 0.1736481776669314137 ) ) ;
#594 = CARTESIAN_POINT ( 'NONE',  ( 22.49885716131608504, -15.87499999998996358, -24.43557936389873220 ) ) ;
#595 = DIRECTION ( 'NONE',  ( 0.000000000000000000, 1.301042606982604138E-15, -1.000000000000000000 ) ) ;
#596 = VERTEX_POINT ( 'NONE', #4418 ) ;
#597 = CARTESIAN_POINT ( 'NONE',  ( -11.04899999999980231, -28.57500000000007390, 70.00000000000000000 ) ) ;
#598 = EDGE_CURVE ( 'NONE', #2239, #3820, #2670, .T. ) ;
#599 = CARTESIAN_POINT ( 'NONE',  ( -9.874162377353389530, -26.78218057660184925, 15.56188194936451730 ) ) ;
#600 = DIRECTION ( 'NONE',  ( 2.094073006735369625E-16, -1.000000000000000000, 1.187607817205041144E-15 ) ) ;
#601 = ORIENTED_EDGE ( 'NONE', *, *, #991, .F. ) ;
#602 = DIRECTION ( 'NONE',  ( 1.000000000000000000, 6.938893903907228378E-15, 0.000000000000000000 ) ) ;
#603 = EDGE_CURVE ( 'NONE', #1739, #520, #2515, .T. ) ;
#604 = ORIENTED_EDGE ( 'NONE', *, *, #94, .F. ) ;
#605 = DIRECTION ( 'NONE',  ( -0.9848077530122073542, -0.000000000000000000, -0.1736481776669340227 ) ) ;
#606 = CARTESIAN_POINT ( 'NONE',  ( -9.645884148909921407, -26.96273729178419742, 15.39558381087996963 ) ) ;
#607 = ORIENTED_EDGE ( 'NONE', *, *, #1867, .T. ) ;
#608 = LINE ( 'NONE', #3348, #4036 ) ;
#609 = CARTESIAN_POINT ( 'NONE',  ( -10.87408747688330735, -28.07653056854770313, 54.49363993839479292 ) ) ;
#610 = ADVANCED_FACE ( 'NONE', ( #2139 ), #4781, .F. ) ;
#611 = ORIENTED_EDGE ( 'NONE', *, *, #4115, .T. ) ;
#612 = CARTESIAN_POINT ( 'NONE',  ( 9.672456743114853595, -27.94373853094332461, 72.28298595536536197 ) ) ;
#613 = DIRECTION ( 'NONE',  ( -0.9848077530122073542, 0.000000000000000000, -0.1736481776669350774 ) ) ;
#614 = CARTESIAN_POINT ( 'NONE',  ( 9.563143949732070936, -27.02926150111427717, 15.26573382425467962 ) ) ;
#615 = ORIENTED_EDGE ( 'NONE', *, *, #2750, .T. ) ;
#616 = CARTESIAN_POINT ( 'NONE',  ( 9.525000000000176215, -27.05099999999993088, 70.00000000000000000 ) ) ;
#617 = EDGE_CURVE ( 'NONE', #356, #1389, #1441, .T. ) ;
#618 = EDGE_CURVE ( 'NONE', #2965, #1189, #4832, .T. ) ;
#619 = VECTOR ( 'NONE', #2484, 1000.000000000000114 ) ;
#620 = DIRECTION ( 'NONE',  ( -0.1736481776669298038, 0.000000000000000000, 0.9848077530122081313 ) ) ;
#621 = EDGE_LOOP ( 'NONE', ( #2195, #3194, #2776, #3575, #797, #4788, #1507, #3788, #1679, #437, #3415, #4797, #52, #3273, #2500, #270, #2544, #754, #3419 ) ) ;
#622 = CARTESIAN_POINT ( 'NONE',  ( -2.970418991859434588, -5.175000000000020250, 128.1841723255798797 ) ) ;
#623 = ORIENTED_EDGE ( 'NONE', *, *, #3424, .F. ) ;
#624 = AXIS2_PLACEMENT_3D ( 'NONE', #728, #752, #33 ) ;
#625 = LINE ( 'NONE', #597, #134 ) ;
#626 = CARTESIAN_POINT ( 'NONE',  ( -10.45961587380551627, -27.91014405889017524, 54.48871093679145616 ) ) ;
#627 = DIRECTION ( 'NONE',  ( -0.000000000000000000, -0.000000000000000000, -1.000000000000000000 ) ) ;
#628 = CIRCLE ( 'NONE', #2746, 2.575000000000013944 ) ;
#629 = CARTESIAN_POINT ( 'NONE',  ( 37.30000000000019611, -28.07499999999966533, 15.00625097686704734 ) ) ;
#630 = AXIS2_PLACEMENT_3D ( 'NONE', #1776, #682, #4399 ) ;
#631 = AXIS2_PLACEMENT_3D ( 'NONE', #2677, #1910, #4548 ) ;
#632 = ORIENTED_EDGE ( 'NONE', *, *, #1050, .T. ) ;
#633 = CARTESIAN_POINT ( 'NONE',  ( -10.12019805064702638, -28.26335971980114792, 54.98744950838226941 ) ) ;
#634 = ORIENTED_EDGE ( 'NONE', *, *, #2717, .F. ) ;
#635 = CARTESIAN_POINT ( 'NONE',  ( -10.15536920375329899, -26.60160000000024993, 54.39988898009397644 ) ) ;
#636 = ORIENTED_EDGE ( 'NONE', *, *, #814, .F. ) ;
#637 = AXIS2_PLACEMENT_3D ( 'NONE', #3594, #4714, #1288 ) ;
#638 = CARTESIAN_POINT ( 'NONE',  ( -3.259965356641570722, -27.05099999999993798, 70.11335219689250664 ) ) ;
#639 = AXIS2_PLACEMENT_3D ( 'NONE', #3510, #1693, #2427 ) ;
#640 = CARTESIAN_POINT ( 'NONE',  ( -9.377278837047972715, -5.324999999999975309, 1.075996402778851779 ) ) ;
#641 = EDGE_CURVE ( 'NONE', #3087, #3879, #1944, .T. ) ;
#642 = VECTOR ( 'NONE', #4706, 1000.000000000000114 ) ;
#643 = CARTESIAN_POINT ( 'NONE',  ( -7.430910108977450079, -3.175000000000051781, 69.11488692660384459 ) ) ;
#644 = DIRECTION ( 'NONE',  ( 0.9848077530122077983, 0.000000000000000000, -0.1736481776669316912 ) ) ;
#645 = ORIENTED_EDGE ( 'NONE', *, *, #1386, .F. ) ;
#646 = DIRECTION ( 'NONE',  ( -0.1736481776669340782, -1.174091553763101629E-15, -0.9848077530122075762 ) ) ;
#647 = CIRCLE ( 'NONE', #1577, 2.000000000000000000 ) ;
#648 = AXIS2_PLACEMENT_3D ( 'NONE', #3097, #4646, #1978 ) ;
#649 = EDGE_CURVE ( 'NONE', #3276, #3739, #2725, .T. ) ;
#650 = CARTESIAN_POINT ( 'NONE',  ( 6.970476246001499732, -25.05099999999992022, -1.806553892376762116 ) ) ;
#651 = CARTESIAN_POINT ( 'NONE',  ( 11.04900000000018068, -28.08749999999998792, 54.49390529755315526 ) ) ;
#652 = ORIENTED_EDGE ( 'NONE', *, *, #1357, .F. ) ;
#653 = VECTOR ( 'NONE', #4374, 1000.000000000000114 ) ;
#654 = LINE ( 'NONE', #2839, #4364 ) ;
#655 = CARTESIAN_POINT ( 'NONE',  ( -12.42427866225270705, -28.30802638108909264, 15.46592451172079841 ) ) ;
#656 = ORIENTED_EDGE ( 'NONE', *, *, #4132, .T. ) ;
#657 = CARTESIAN_POINT ( 'NONE',  ( -18.23770608384872105, -15.87499999999020872, -48.88573150092249620 ) ) ;
#658 = ORIENTED_EDGE ( 'NONE', *, *, #3021, .T. ) ;
#659 = VERTEX_POINT ( 'NONE', #3291 ) ;
#660 = CARTESIAN_POINT ( 'NONE',  ( -9.534488053965340271, -27.05099999999992733, 15.18699203106567097 ) ) ;
#661 = ORIENTED_EDGE ( 'NONE', *, *, #2333, .F. ) ;
#662 = DIRECTION ( 'NONE',  ( -1.000000000000000000, -6.938893903907222067E-15, 0.000000000000000000 ) ) ;
#663 = ORIENTED_EDGE ( 'NONE', *, *, #3693, .F. ) ;
#664 = DIRECTION ( 'NONE',  ( 0.1736481776669346611, 1.734723475976810447E-15, -0.9848077530122073542 ) ) ;
#665 = EDGE_CURVE ( 'NONE', #3992, #2185, #1410, .T. ) ;
#666 = CARTESIAN_POINT ( 'NONE',  ( 10.12019805064739764, -28.26335971980100936, 15.01255049161623845 ) ) ;
#667 = CYLINDRICAL_SURFACE ( 'NONE', #4050, 2.575000000000013944 ) ;
#668 = CARTESIAN_POINT ( 'NONE',  ( -9.524999999999815614, -27.05100000000007654, 68.74564237878773554 ) ) ;
#669 = ORIENTED_EDGE ( 'NONE', *, *, #1747, .F. ) ;
#670 = CARTESIAN_POINT ( 'NONE',  ( 11.04900000000018423, -28.57499999999992113, 54.99374902313146407 ) ) ;
#671 = CARTESIAN_POINT ( 'NONE',  ( 7.577228069776594133, -3.324999999999979305, -1.761226617719546139 ) ) ;
#672 = CARTESIAN_POINT ( 'NONE',  ( 9.526978979102704415, -27.05099999999993088, 54.89732203086564510 ) ) ;
#673 = ORIENTED_EDGE ( 'NONE', *, *, #4306, .F. ) ;
#674 = DIRECTION ( 'NONE',  ( -1.000000000000000000, -6.938893903907222067E-15, 0.000000000000000000 ) ) ;
#675 = EDGE_CURVE ( 'NONE', #1943, #4266, #571, .T. ) ;
#676 = DIRECTION ( 'NONE',  ( 0.000000000000000000, 1.000000000000000000, 0.000000000000000000 ) ) ;
#677 = CARTESIAN_POINT ( 'NONE',  ( -15.35642506783069905, -5.175000000000105516, -56.00018527116766620 ) ) ;
#678 = CARTESIAN_POINT ( 'NONE',  ( 11.23667321446463241, -28.57499999999992113, 72.40648553115005370 ) ) ;
#679 = EDGE_CURVE ( 'NONE', #1387, #822, #1158, .T. ) ;
#680 = ADVANCED_FACE ( 'NONE', ( #2186 ), #1511, .T. ) ;
#681 = ORIENTED_EDGE ( 'NONE', *, *, #4082, .T. ) ;
#682 = DIRECTION ( 'NONE',  ( 1.000000000000000000, -0.000000000000000000, -0.000000000000000000 ) ) ;
#683 = ORIENTED_EDGE ( 'NONE', *, *, #4142, .F. ) ;
#684 = LINE ( 'NONE', #3698, #335 ) ;
#685 = LINE ( 'NONE', #2167, #4699 ) ;
#686 = VERTEX_POINT ( 'NONE', #4538 ) ;
#687 = CARTESIAN_POINT ( 'NONE',  ( -12.69999999999999929, -8.586881206085196380E-14, 1.814195784961170732 ) ) ;
#688 = LINE ( 'NONE', #311, #151 ) ;
#689 = LINE ( 'NONE', #4869, #3 ) ;
#690 = CARTESIAN_POINT ( 'NONE',  ( 23.39314527630078899, -15.87499999998996358, 89.36381943588528998 ) ) ;
#691 = ORIENTED_EDGE ( 'NONE', *, *, #2865, .T. ) ;
#692 = FACE_OUTER_BOUND ( 'NONE', #700, .T. ) ;
#693 = CARTESIAN_POINT ( 'NONE',  ( -3.274999999999999467, -3.175000000000030465, 69.00055989519285049 ) ) ;
#694 = ORIENTED_EDGE ( 'NONE', *, *, #3334, .F. ) ;
#695 = CARTESIAN_POINT ( 'NONE',  ( 12.69996092376143082, -28.57499999999991402, 54.99374902313146407 ) ) ;
#696 = ADVANCED_FACE ( 'NONE', ( #3752 ), #4582, .F. ) ;
#697 = CARTESIAN_POINT ( 'NONE',  ( -10.69084370582396026, -28.04041052022283864, 54.49286443007218850 ) ) ;
#698 = DIRECTION ( 'NONE',  ( -0.9848077530122073542, 1.020084379884504726E-16, 0.1736481776669341059 ) ) ;
#699 = DIRECTION ( 'NONE',  ( 6.938893903907222067E-15, -1.000000000000000000, 0.000000000000000000 ) ) ;
#700 = EDGE_LOOP ( 'NONE', ( #1769, #4784, #948, #1418 ) ) ;
#701 = ADVANCED_FACE ( 'NONE', ( #3426, #4883, #4170 ), #1853, .F. ) ;
#702 = CARTESIAN_POINT ( 'NONE',  ( -13.38680956180610693, -25.05099999999992733, 126.3474816265009792 ) ) ;
#703 = CARTESIAN_POINT ( 'NONE',  ( -12.69999999999994422, -8.575000000000082778, 34.99999999999925393 ) ) ;
#704 = VERTEX_POINT ( 'NONE', #3036 ) ;
#705 = ADVANCED_FACE ( 'NONE', ( #3691 ), #325, .F. ) ;
#706 = ADVANCED_FACE ( 'NONE', ( #2667 ), #3367, .F. ) ;
#707 = CARTESIAN_POINT ( 'NONE',  ( 9.520796349150973725, -27.05099999999993088, -2.256244136005217449 ) ) ;
#708 = VERTEX_POINT ( 'NONE', #4905 ) ;
#709 = LINE ( 'NONE', #2523, #1898 ) ;
#710 = DIRECTION ( 'NONE',  ( 0.9848077530122073542, 3.221050460991739009E-17, -0.1736481776669339949 ) ) ;
#711 = VERTEX_POINT ( 'NONE', #802 ) ;
#712 = CARTESIAN_POINT ( 'NONE',  ( -6.400323555777881701, -15.87499999999016786, 86.72515055749884993 ) ) ;
#713 = DIRECTION ( 'NONE',  ( 0.000000000000000000, -1.000000000000000000, 0.000000000000000000 ) ) ;
#714 = ORIENTED_EDGE ( 'NONE', *, *, #452, .T. ) ;
#715 = CARTESIAN_POINT ( 'NONE',  ( -17.79056202635637618, -15.87499999999020872, 116.3498515369154802 ) ) ;
#716 = LINE ( 'NONE', #4184, #4387 ) ;
#717 = CIRCLE ( 'NONE', #4766, 2.575000000000013944 ) ;
#718 = VECTOR ( 'NONE', #4881, 999.9999999999998863 ) ;
#719 = CARTESIAN_POINT ( 'NONE',  ( 9.806016878317850072, -27.94261445455965998, 54.49203934406357774 ) ) ;
#720 = LINE ( 'NONE', #746, #2360 ) ;
#721 = VERTEX_POINT ( 'NONE', #1800 ) ;
#722 = FACE_OUTER_BOUND ( 'NONE', #1121, .T. ) ;
#723 = ADVANCED_FACE ( 'NONE', ( #3316 ), #4859, .F. ) ;
#724 = DIRECTION ( 'NONE',  ( 6.761323784319051416E-15, -1.000000000000000000, -2.037868576995693903E-31 ) ) ;
#725 = CARTESIAN_POINT ( 'NONE',  ( -11.04899999999963534, -28.57500000000007390, 1.523079939811459838 ) ) ;
#726 = EDGE_LOOP ( 'NONE', ( #996, #2538, #2903, #1210 ) ) ;
#727 = AXIS2_PLACEMENT_3D ( 'NONE', #39, #3019, #4564 ) ;
#728 = CARTESIAN_POINT ( 'NONE',  ( -2.736265396666511585, 60.11135514537507163, 104.2613918815383727 ) ) ;
#729 = CYLINDRICAL_SURFACE ( 'NONE', #2683, 0.5000000000000004441 ) ;
#730 = DIRECTION ( 'NONE',  ( -0.1736481776669298038, -1.174091553763073032E-15, 0.9848077530122082424 ) ) ;
#731 = CIRCLE ( 'NONE', #4318, 2.575000000000013944 ) ;
#732 = CARTESIAN_POINT ( 'NONE',  ( -0.09875333346271705781, -27.05099999999993088, -0.5600579846948355867 ) ) ;
#733 = ORIENTED_EDGE ( 'NONE', *, *, #768, .T. ) ;
#734 = CIRCLE ( 'NONE', #4164, 2.575000000000013500 ) ;
#735 = EDGE_CURVE ( 'NONE', #17, #413, #4491, .T. ) ;
#736 = CARTESIAN_POINT ( 'NONE',  ( -12.70000000000000107, -8.586881206085195117E-14, 68.18580421503835964 ) ) ;
#737 = VERTEX_POINT ( 'NONE', #2565 ) ;
#738 = CARTESIAN_POINT ( 'NONE',  ( 5.985682520193471134, -15.87499999999008082, 88.90913761191160347 ) ) ;
#739 = FACE_BOUND ( 'NONE', #3499, .T. ) ;
#740 = ORIENTED_EDGE ( 'NONE', *, *, #269, .F. ) ;
#741 = CARTESIAN_POINT ( 'NONE',  ( -11.04899999999980231, -28.57500000000007390, 15.00625097686704379 ) ) ;
#742 = LINE ( 'NONE', #1785, #3811 ) ;
#743 = ORIENTED_EDGE ( 'NONE', *, *, #79, .T. ) ;
#744 = ADVANCED_FACE ( 'NONE', ( #3395 ), #4110, .T. ) ;
#745 = LINE ( 'NONE', #3484, #4438 ) ;
#746 = CARTESIAN_POINT ( 'NONE',  ( -13.73410591713997420, -25.05099999999993088, -58.31709713252596572 ) ) ;
#747 = VERTEX_POINT ( 'NONE', #1826 ) ;
#748 = DIRECTION ( 'NONE',  ( -1.000000000000000000, -6.920681583949466820E-15, -0.000000000000000000 ) ) ;
#749 = PRODUCT ( 'PETG_U_Channel', 'PETG_U_Channel', '', ( #4313 ) ) ;
#750 = FACE_OUTER_BOUND ( 'NONE', #4909, .T. ) ;
#751 = EDGE_LOOP ( 'NONE', ( #932, #2678, #4885, #282, #1624 ) ) ;
#752 = DIRECTION ( 'NONE',  ( 0.9848077530122079093, -0.000000000000000000, 0.1736481776669314414 ) ) ;
#753 = PLANE ( 'NONE',  #152 ) ;
#754 = ORIENTED_EDGE ( 'NONE', *, *, #3587, .T. ) ;
#755 = DIRECTION ( 'NONE',  ( -0.000000000000000000, -0.000000000000000000, -1.000000000000000000 ) ) ;
#756 = VERTEX_POINT ( 'NONE', #381 ) ;
#757 = CARTESIAN_POINT ( 'NONE',  ( -9.377278837047972715, -5.324999999999975309, 1.075996402778852001 ) ) ;
#758 = EDGE_CURVE ( 'NONE', #1146, #1496, #3343, .T. ) ;
#759 = FACE_BOUND ( 'NONE', #31, .T. ) ;
#760 = DIRECTION ( 'NONE',  ( -0.1736481776669317190, -1.204775684477113028E-15, 0.9848077530122079093 ) ) ;
#761 = ORIENTED_EDGE ( 'NONE', *, *, #182, .T. ) ;
#762 = EDGE_CURVE ( 'NONE', #3780, #2035, #1876, .T. ) ;
#763 = DIRECTION ( 'NONE',  ( -0.9848077530122079093, -6.832622436092476642E-15, 0.1736481776669318577 ) ) ;
#764 = CARTESIAN_POINT ( 'NONE',  ( -11.04899999999980231, -28.57500000000007390, 15.00625097686704379 ) ) ;
#765 = EDGE_LOOP ( 'NONE', ( #1745, #2696, #1433, #1271 ) ) ;
#766 = CARTESIAN_POINT ( 'NONE',  ( -9.524999999999815614, -27.05100000000007654, 15.05814893245790209 ) ) ;
#767 = CARTESIAN_POINT ( 'NONE',  ( -12.69999999999980389, -28.57500000000008811, 54.99999999999926104 ) ) ;
#768 = EDGE_CURVE ( 'NONE', #1218, #4835, #2642, .T. ) ;
#769 = EDGE_CURVE ( 'NONE', #774, #1255, #545, .T. ) ;
#770 = CARTESIAN_POINT ( 'NONE',  ( -2.736265396666511585, -27.05099999999993088, 104.2613918815383727 ) ) ;
#771 = FACE_OUTER_BOUND ( 'NONE', #1992, .T. ) ;
#772 = CYLINDRICAL_SURFACE ( 'NONE', #1713, 0.5000000000000004441 ) ;
#773 = LINE ( 'NONE', #3012, #4614 ) ;
#774 = VERTEX_POINT ( 'NONE', #1709 ) ;
#775 = CARTESIAN_POINT ( 'NONE',  ( 10.65462829289272229, -28.52643261217006554, 54.99291051740609504 ) ) ;
#776 = DIRECTION ( 'NONE',  ( -1.000000000000000000, 0.000000000000000000, 0.000000000000000000 ) ) ;
#777 = ORIENTED_EDGE ( 'NONE', *, *, #3567, .F. ) ;
#778 = AXIS2_PLACEMENT_3D ( 'NONE', #794, #4212, #4260 ) ;
#779 = ORIENTED_EDGE ( 'NONE', *, *, #191, .F. ) ;
#780 = CARTESIAN_POINT ( 'NONE',  ( -9.526978979102342038, -27.05099999999993088, 54.89732203086564510 ) ) ;
#781 = AXIS2_PLACEMENT_3D ( 'NONE', #2956, #3686, #4462 ) ;
#782 = EDGE_CURVE ( 'NONE', #3373, #1144, #136, .T. ) ;
#783 = DIRECTION ( 'NONE',  ( -0.9848077530122080203, 0.000000000000000000, -0.1736481776669314692 ) ) ;
#784 = ORIENTED_EDGE ( 'NONE', *, *, #376, .F. ) ;
#785 = EDGE_CURVE ( 'NONE', #4425, #4620, #1667, .T. ) ;
#786 = CARTESIAN_POINT ( 'NONE',  ( 23.25435167760574373, 1.572302010867152615E-13, 3.701990568730610942 ) ) ;
#787 = CARTESIAN_POINT ( 'NONE',  ( -9.672219330788109914, -27.71790203922399343, 15.51745976411612737 ) ) ;
#788 = ORIENTED_EDGE ( 'NONE', *, *, #2891, .T. ) ;
#789 = CARTESIAN_POINT ( 'NONE',  ( -9.565363211400406129, -27.45192467091548849, 15.03900930917502876 ) ) ;
#790 = LINE ( 'NONE', #3681, #2205 ) ;
#791 = EDGE_LOOP ( 'NONE', ( #4900, #3724, #4442, #4093 ) ) ;
#792 = EDGE_CURVE ( 'NONE', #4770, #544, #194, .T. ) ;
#793 = DIRECTION ( 'NONE',  ( -0.02413729786597506796, -1.632000861504106530E-16, 0.9997086529843228764 ) ) ;
#794 = CARTESIAN_POINT ( 'NONE',  ( -8.000999999999979906, -3.175000000000054445, 70.00000000000000000 ) ) ;
#795 = CIRCLE ( 'NONE', #2356, 0.5000000000000004441 ) ;
#796 = CARTESIAN_POINT ( 'NONE',  ( -3.668067290515224954, -26.70664554152157066, 15.58942555300050792 ) ) ;
#797 = ORIENTED_EDGE ( 'NONE', *, *, #3326, .F. ) ;
#798 = AXIS2_PLACEMENT_3D ( 'NONE', #4524, #2948, #1076 ) ;
#799 = EDGE_CURVE ( 'NONE', #2185, #3203, #3526, .T. ) ;
#800 = FACE_OUTER_BOUND ( 'NONE', #1748, .T. ) ;
#801 = ORIENTED_EDGE ( 'NONE', *, *, #2952, .F. ) ;
#802 = CARTESIAN_POINT ( 'NONE',  ( 3.351651161371481003, -3.174999999999975397, 70.86999744872437645 ) ) ;
#803 = CARTESIAN_POINT ( 'NONE',  ( 9.630813715790660368, -27.05099999999993443, -2.123329174307428513 ) ) ;
#804 = AXIS2_PLACEMENT_3D ( 'NONE', #4053, #221, #4819 ) ;
#805 = VECTOR ( 'NONE', #3579, 1000.000000000000000 ) ;
#806 = ORIENTED_EDGE ( 'NONE', *, *, #3083, .F. ) ;
#807 = CARTESIAN_POINT ( 'NONE',  ( -2.970418991859296032, -25.05099999999992022, -58.18417232558044816 ) ) ;
#808 = ORIENTED_EDGE ( 'NONE', *, *, #2326, .F. ) ;
#809 = CARTESIAN_POINT ( 'NONE',  ( 10.17183065538505105, -28.30427638897066345, 15.01157852731782150 ) ) ;
#810 = CARTESIAN_POINT ( 'NONE',  ( -10.78528965024967512, -28.57499995770455214, 15.49390339240515146 ) ) ;
#811 = ORIENTED_EDGE ( 'NONE', *, *, #1050, .F. ) ;
#812 = CARTESIAN_POINT ( 'NONE',  ( 3.348669413685565477, -27.05099999999993798, 70.86947168615772341 ) ) ;
#813 = ORIENTED_EDGE ( 'NONE', *, *, #121, .F. ) ;
#814 = EDGE_CURVE ( 'NONE', #4610, #1825, #1296, .T. ) ;
#815 = CARTESIAN_POINT ( 'NONE',  ( -3.283750140616688462, -27.05099999999992733, 54.82110520835990997 ) ) ;
#816 = ORIENTED_EDGE ( 'NONE', *, *, #1641, .T. ) ;
#817 = DIRECTION ( 'NONE',  ( -6.938893903907226800E-15, 1.000000000000000000, 0.000000000000000000 ) ) ;
#818 = CARTESIAN_POINT ( 'NONE',  ( -3.419867097295484992, -5.175000000000036238, 69.82214203034551758 ) ) ;
#819 = EDGE_LOOP ( 'NONE', ( #3910, #3830, #4588, #1779, #43 ) ) ;
#820 = DIRECTION ( 'NONE',  ( -0.9848077530122071321, 0.000000000000000000, 0.1736481776669351051 ) ) ;
#821 = EDGE_CURVE ( 'NONE', #4891, #1348, #2811, .T. ) ;
#822 = VERTEX_POINT ( 'NONE', #3921 ) ;
#823 = CARTESIAN_POINT ( 'NONE',  ( 7.551180843126559239, -5.324999999999978861, -1.908947780671375716 ) ) ;
#824 = CARTESIAN_POINT ( 'NONE',  ( 9.604766489140619257, -27.05099999999993443, -2.271050337259259866 ) ) ;
#825 = ADVANCED_FACE ( 'NONE', ( #1276 ), #2421, .T. ) ;
#826 = EDGE_LOOP ( 'NONE', ( #1378, #1587 ) ) ;
#827 = EDGE_CURVE ( 'NONE', #4851, #2125, #92, .T. ) ;
#828 = DIRECTION ( 'NONE',  ( -0.1736481776669318577, 0.000000000000000000, -0.9848077530122076872 ) ) ;
#829 = ORIENTED_EDGE ( 'NONE', *, *, #1692, .T. ) ;
#830 = CARTESIAN_POINT ( 'NONE',  ( 9.876759119761818084, -28.03386341484420186, 15.01855404909924196 ) ) ;
#831 = FACE_OUTER_BOUND ( 'NONE', #1947, .T. ) ;
#832 = ORIENTED_EDGE ( 'NONE', *, *, #3212, .F. ) ;
#833 = CARTESIAN_POINT ( 'NONE',  ( -15.70372142316456276, -25.05099999999993088, -57.96980077719207003 ) ) ;
#834 = LINE ( 'NONE', #1590, #2031 ) ;
#835 = FACE_OUTER_BOUND ( 'NONE', #3362, .T. ) ;
#836 = DIRECTION ( 'NONE',  ( -0.1736481776669340227, -1.174091553763101629E-15, -0.9848077530122074652 ) ) ;
#837 = VERTEX_POINT ( 'NONE', #427 ) ;
#838 = DIRECTION ( 'NONE',  ( 1.000000000000000000, 0.000000000000000000, 0.000000000000000000 ) ) ;
#839 = CARTESIAN_POINT ( 'NONE',  ( -3.419867097295484992, -3.175000000000023359, 69.82214203034551758 ) ) ;
#840 = ORIENTED_EDGE ( 'NONE', *, *, #1096, .T. ) ;
#841 = DIRECTION ( 'NONE',  ( -0.9848077530122076872, -6.832622436092475853E-15, 0.1736481776669318577 ) ) ;
#842 = EDGE_CURVE ( 'NONE', #227, #3730, #2981, .T. ) ;
#843 = CARTESIAN_POINT ( 'NONE',  ( 11.04900000000018245, -28.57499999999992113, 68.72641390530642980 ) ) ;
#844 = EDGE_LOOP ( 'NONE', ( #1611, #1336 ) ) ;
#845 = CIRCLE ( 'NONE', #1478, 2.000000000000001332 ) ;
#846 = EDGE_CURVE ( 'NONE', #332, #1043, #1714, .T. ) ;
#847 = CARTESIAN_POINT ( 'NONE',  ( 11.21159574374148704, -28.57499999999992113, 72.57717345083464977 ) ) ;
#848 = ORIENTED_EDGE ( 'NONE', *, *, #290, .T. ) ;
#849 = CARTESIAN_POINT ( 'NONE',  ( 9.795151113271653998, -27.92750710543680626, 15.02171882146671145 ) ) ;
#850 = CARTESIAN_POINT ( 'NONE',  ( 23.25435167760593913, -28.57499999999984297, 3.701990568730610942 ) ) ;
#851 = VECTOR ( 'NONE', #3241, 1000.000000000000114 ) ;
#852 = VERTEX_POINT ( 'NONE', #1688 ) ;
#853 = DIRECTION ( 'NONE',  ( 0.1736481776669315524, 1.205928582073523368E-15, 0.9848077530122079093 ) ) ;
#854 = VECTOR ( 'NONE', #2560, 1000.000000000000114 ) ;
#855 = PLANE ( 'NONE',  #3158 ) ;
#856 = ORIENTED_EDGE ( 'NONE', *, *, #1582, .T. ) ;
#857 = VECTOR ( 'NONE', #1361, 1000.000000000000114 ) ;
#858 = CIRCLE ( 'NONE', #1725, 2.000000000000001776 ) ;
#859 = DIRECTION ( 'NONE',  ( 0.1736481776669317190, 1.204775684477113028E-15, 0.9848077530122079093 ) ) ;
#860 = ORIENTED_EDGE ( 'NONE', *, *, #3670, .F. ) ;
#861 = DIRECTION ( 'NONE',  ( -0.9848077530122080203, 0.000000000000000000, -0.1736481776669314692 ) ) ;
#862 = FACE_BOUND ( 'NONE', #909, .T. ) ;
#863 = VECTOR ( 'NONE', #3545, 1000.000000000000114 ) ;
#864 = ORIENTED_EDGE ( 'NONE', *, *, #968, .F. ) ;
#865 = ADVANCED_FACE ( 'NONE', ( #960 ), #213, .T. ) ;
#866 = CIRCLE ( 'NONE', #242, 2.000000000000009326 ) ;
#867 = CARTESIAN_POINT ( 'NONE',  ( -9.534487927010625086, -27.05099999999992733, 54.81300939441702269 ) ) ;
#868 = AXIS2_PLACEMENT_3D ( 'NONE', #1716, #2058, #3229 ) ;
#869 = SPHERICAL_SURFACE ( 'NONE', #1091, 2.000000000000000000 ) ;
#870 = ORIENTED_EDGE ( 'NONE', *, *, #4100, .F. ) ;
#871 = AXIS2_PLACEMENT_3D ( 'NONE', #1718, #2857, #3684 ) ;
#872 = CARTESIAN_POINT ( 'NONE',  ( 3.275000000000000355, -27.05099999999993088, 15.10267796913286631 ) ) ;
#873 = ORIENTED_EDGE ( 'NONE', *, *, #1261, .F. ) ;
#874 = CARTESIAN_POINT ( 'NONE',  ( 9.535435003795788234, -26.82644158671929446, 15.57798752194522862 ) ) ;
#875 = CARTESIAN_POINT ( 'NONE',  ( -5.212043238915598842, -5.175000000000035350, -59.81976671398562218 ) ) ;
#876 = VECTOR ( 'NONE', #4235, 1000.000000000000000 ) ;
#877 = ORIENTED_EDGE ( 'NONE', *, *, #1961, .F. ) ;
#878 = DIRECTION ( 'NONE',  ( -0.9848077530122079093, -6.832622436092476642E-15, -0.1736481776669318577 ) ) ;
#879 = ADVANCED_FACE ( 'NONE', ( #53 ), #3970, .T. ) ;
#880 = ORIENTED_EDGE ( 'NONE', *, *, #1124, .F. ) ;
#881 = DIRECTION ( 'NONE',  ( -0.9848077530122077983, -6.832622436092475853E-15, -0.1736481776669318855 ) ) ;
#882 = DIRECTION ( 'NONE',  ( -3.287190374016420570E-17, -1.000000000000000000, 1.198000012017979500E-15 ) ) ;
#883 = CARTESIAN_POINT ( 'NONE',  ( -3.375614567016731016, -26.97680028925771722, 54.62667686393243116 ) ) ;
#884 = ORIENTED_EDGE ( 'NONE', *, *, #94, .T. ) ;
#885 = EDGE_CURVE ( 'NONE', #4486, #4332, #305, .T. ) ;
#886 = EDGE_CURVE ( 'NONE', #4047, #3315, #144, .T. ) ;
#887 = CARTESIAN_POINT ( 'NONE',  ( 3.087601830909816325, -27.05099999999993798, -1.232599553918142687 ) ) ;
#888 = ORIENTED_EDGE ( 'NONE', *, *, #2276, .T. ) ;
#889 = FACE_OUTER_BOUND ( 'NONE', #89, .T. ) ;
#890 = CARTESIAN_POINT ( 'NONE',  ( -7.456957335627477867, -5.175000000000054889, 69.26260808955568393 ) ) ;
#891 = EDGE_LOOP ( 'NONE', ( #3905, #2192, #1018, #2102 ) ) ;
#892 = CARTESIAN_POINT ( 'NONE',  ( 9.534488053965706200, -27.05099999999992733, 54.81300796893281557 ) ) ;
#893 = CARTESIAN_POINT ( 'NONE',  ( 3.390395190648328505, -27.05099999999993443, -1.022975017411884791 ) ) ;
#894 = ORIENTED_EDGE ( 'NONE', *, *, #3293, .F. ) ;
#895 = DIRECTION ( 'NONE',  ( 0.9848077530122080203, 0.000000000000000000, 0.1736481776669312471 ) ) ;
#896 = ORIENTED_EDGE ( 'NONE', *, *, #4419, .F. ) ;
#897 = CARTESIAN_POINT ( 'NONE',  ( -17.39785257348827230, -3.175000000000119726, -55.64022652275985337 ) ) ;
#898 = CARTESIAN_POINT ( 'NONE',  ( -9.535435003795507569, -26.82644158671883972, 15.57798752194522862 ) ) ;
#899 = ORIENTED_EDGE ( 'NONE', *, *, #2011, .T. ) ;
#900 = VERTEX_POINT ( 'NONE', #3122 ) ;
#901 = CARTESIAN_POINT ( 'NONE',  ( -9.526978979102342038, -27.05099999999993088, 15.10267796913286631 ) ) ;
#902 = EDGE_CURVE ( 'NONE', #4109, #3957, #2335, .T. ) ;
#903 = LINE ( 'NONE', #2398, #3731 ) ;
#904 = CARTESIAN_POINT ( 'NONE',  ( -11.04899999999980231, -28.57500000000024798, 68.47692006018803568 ) ) ;
#905 = CARTESIAN_POINT ( 'NONE',  ( -3.317715347193160191, -25.05099999999992377, -60.15378783160485199 ) ) ;
#906 = EDGE_CURVE ( 'NONE', #3706, #3246, #1797, .T. ) ;
#907 = ADVANCED_FACE ( 'NONE', ( #2576 ), #4126, .T. ) ;
#908 = DIRECTION ( 'NONE',  ( -6.677850651179311667E-15, 1.000000000000000000, 0.000000000000000000 ) ) ;
#909 = EDGE_LOOP ( 'NONE', ( #4510, #2542 ) ) ;
#910 = CARTESIAN_POINT ( 'NONE',  ( -6.847467613270243447, -15.87499999999016786, -19.26103052150585881 ) ) ;
#911 = CARTESIAN_POINT ( 'NONE',  ( -9.426572841651895018, -5.175000000000068212, 1.084688265777622229 ) ) ;
#912 = ORIENTED_EDGE ( 'NONE', *, *, #2254, .F. ) ;
#913 = FACE_OUTER_BOUND ( 'NONE', #3252, .T. ) ;
#914 = CARTESIAN_POINT ( 'NONE',  ( -17.74514892882212536, -5.175000000000126832, 127.6098420287837030 ) ) ;
#915 = DIRECTION ( 'NONE',  ( 0.000000000000000000, 1.156254464892024060E-15, -1.000000000000000000 ) ) ;
#916 = CARTESIAN_POINT ( 'NONE',  ( -4.667140730469051313, -3.324999999999976641, 0.2454719717258915246 ) ) ;
#917 = CARTESIAN_POINT ( 'NONE',  ( 10.02386777620611547, -27.01593271401359786, 54.43777019245447235 ) ) ;
#918 = VERTEX_POINT ( 'NONE', #2551 ) ;
#919 = DIRECTION ( 'NONE',  ( -0.1736481776669315524, 0.000000000000000000, 0.9848077530122077983 ) ) ;
#920 = DIRECTION ( 'NONE',  ( 0.9875642582998096497, 6.677241708185906370E-15, 0.1572158889194949505 ) ) ;
#921 = ORIENTED_EDGE ( 'NONE', *, *, #1623, .T. ) ;
#922 = CARTESIAN_POINT ( 'NONE',  ( -17.39785257348827230, -3.175000000000119726, 125.6402265227593062 ) ) ;
#923 = CARTESIAN_POINT ( 'NONE',  ( -10.96063281692934943, -28.08750000000007319, 54.49390529755316237 ) ) ;
#924 = ORIENTED_EDGE ( 'NONE', *, *, #4173, .F. ) ;
#925 = EDGE_CURVE ( 'NONE', #4373, #2955, #1077, .T. ) ;
#926 = DIRECTION ( 'NONE',  ( -0.000000000000000000, -0.000000000000000000, -1.000000000000000000 ) ) ;
#927 = CARTESIAN_POINT ( 'NONE',  ( -17.74514892882199035, -25.05099999999993088, -57.60984202878427141 ) ) ;
#928 = CARTESIAN_POINT ( 'NONE',  ( 12.28986514509363559, 8.309575751159524951E-14, 72.59219168438441727 ) ) ;
#929 = B_SPLINE_CURVE_WITH_KNOTS ( 'NONE', 3,
 ( #2757, #91, #1272, #1244 ),
 .UNSPECIFIED., .F., .F.,
 ( 4, 4 ),
 ( 0.000000000000000000, 4.457282258384627298E-05 ),
 .UNSPECIFIED. ) ;
#930 = DIRECTION ( 'NONE',  ( -6.938226849142563920E-15, 1.000000000000000000, -1.135382491375272418E-18 ) ) ;
#931 = CARTESIAN_POINT ( 'NONE',  ( 3.390395190648323620, -27.05099999999993443, 71.02297501741134056 ) ) ;
#932 = ORIENTED_EDGE ( 'NONE', *, *, #1261, .T. ) ;
#933 = CARTESIAN_POINT ( 'NONE',  ( 3.390974049655289146, -4.108551349554762311, 71.28609226127983334 ) ) ;
#934 = ORIENTED_EDGE ( 'NONE', *, *, #4185, .F. ) ;
#935 = VECTOR ( 'NONE', #4870, 1000.000000000000000 ) ;
#936 = DIRECTION ( 'NONE',  ( 0.1736481776669332455, 0.000000000000000000, 0.9848077530122075762 ) ) ;
#937 = EDGE_CURVE ( 'NONE', #711, #4196, #3251, .T. ) ;
#938 = DIRECTION ( 'NONE',  ( -6.942122096537190633E-15, 1.000000000000000000, -4.485452791683125472E-19 ) ) ;
#939 =( BOUNDED_CURVE ( )  B_SPLINE_CURVE ( 3, ( #2444, #3213, #4759, #2668 ),
 .UNSPECIFIED., .F., .F. ) 
 B_SPLINE_CURVE_WITH_KNOTS ( ( 4, 4 ),
 ( 3.674376113181086811, 3.704000037728295336 ),
 .UNSPECIFIED. ) 
 CURVE ( )  GEOMETRIC_REPRESENTATION_ITEM ( )  RATIONAL_B_SPLINE_CURVE ( ( 1.000000000000000000, 0.9999268699282426454, 0.9999268699282426454, 1.000000000000000000 ) ) 
 REPRESENTATION_ITEM ( '' )  );
#940 = AXIS2_PLACEMENT_3D ( 'NONE', #2087, #3673, #3272 ) ;
#941 = CARTESIAN_POINT ( 'NONE',  ( -3.275000000000001688, -27.05099999999993088, 0.9994401048065773008 ) ) ;
#942 = CARTESIAN_POINT ( 'NONE',  ( -3.275659686216174649, -27.05099999999993088, 54.91212128527362779 ) ) ;
#943 = EDGE_CURVE ( 'NONE', #3960, #498, #2149, .T. ) ;
#944 = VECTOR ( 'NONE', #2496, 1000.000000000000000 ) ;
#945 = TOROIDAL_SURFACE ( 'NONE', #3722, 20.00000000000000355, 0.5000000000000000000 ) ;
#946 = AXIS2_PLACEMENT_3D ( 'NONE', #2578, #2974, #341 ) ;
#947 = DIRECTION ( 'NONE',  ( -1.000000000000000000, -6.938893903907270187E-15, 1.735265831305172985E-16 ) ) ;
#948 = ORIENTED_EDGE ( 'NONE', *, *, #3856, .T. ) ;
#949 = CARTESIAN_POINT ( 'NONE',  ( -12.25704756614238278, -15.87499999999016786, 119.9402829599974609 ) ) ;
#950 = CARTESIAN_POINT ( 'NONE',  ( -12.19999999999981100, -28.08750000000001279, 54.49390529755315526 ) ) ;
#951 = VERTEX_POINT ( 'NONE', #2204 ) ;
#952 = CARTESIAN_POINT ( 'NONE',  ( 10.07837220624112007, -26.75937213166576001, 15.58452639231284031 ) ) ;
#953 = AXIS2_PLACEMENT_3D ( 'NONE', #104, #1939, #145 ) ;
#954 = EDGE_LOOP ( 'NONE', ( #2648, #832, #125, #1535, #1342, #2821, #3196, #384 ) ) ;
#955 = CARTESIAN_POINT ( 'NONE',  ( 9.717412435626533451, -27.81832865881547434, 15.02505841555845301 ) ) ;
#956 = VECTOR ( 'NONE', #1325, 1000.000000000000114 ) ;
#957 = AXIS2_PLACEMENT_3D ( 'NONE', #1759, #3250, #3602 ) ;
#958 = ADVANCED_FACE ( 'NONE', ( #4501 ), #1783, .T. ) ;
#959 = LINE ( 'NONE', #1025, #2273 ) ;
#960 = FACE_OUTER_BOUND ( 'NONE', #3846, .T. ) ;
#961 = CYLINDRICAL_SURFACE ( 'NONE', #1905, 1.523999999999997579 ) ;
#962 = DIRECTION ( 'NONE',  ( -0.9848077530122076872, -6.832622436092475853E-15, 0.1736481776669318577 ) ) ;
#963 = CARTESIAN_POINT ( 'NONE',  ( -17.39785257348826164, -5.175000000000119726, -55.64022652275987468 ) ) ;
#964 = FACE_OUTER_BOUND ( 'NONE', #4008, .T. ) ;
#965 = DIRECTION ( 'NONE',  ( -0.1736481776669318577, -1.205928582073525735E-15, 0.9848077530122076872 ) ) ;
#966 = CARTESIAN_POINT ( 'NONE',  ( 11.04900000000018423, -28.57499999999992113, 70.00000000000000000 ) ) ;
#967 = AXIS2_PLACEMENT_3D ( 'NONE', #1731, #280, #3323 ) ;
#968 = EDGE_CURVE ( 'NONE', #583, #3842, #4815, .T. ) ;
#969 = DIRECTION ( 'NONE',  ( -8.405686134351572337E-15, 1.000000000000000000, 0.000000000000000000 ) ) ;
#971 = ORIENTED_EDGE ( 'NONE', *, *, #3335, .T. ) ;
#970 = EDGE_CURVE ( 'NONE', #3780, #737, #1839, .T. ) ;
#972 = CARTESIAN_POINT ( 'NONE',  ( -10.15626146905631799, -28.57499999999996732, 1.365666050088110817 ) ) ;
#973 = LINE ( 'NONE', #1729, #2188 ) ;
#974 = EDGE_LOOP ( 'NONE', ( #623, #3168, #3065, #4631 ) ) ;
#975 = DIRECTION ( 'NONE',  ( 0.1736481776669318577, 1.205928582073525537E-15, -0.9848077530122076872 ) ) ;
#976 = ORIENTED_EDGE ( 'NONE', *, *, #4683, .F. ) ;
#977 = CARTESIAN_POINT ( 'NONE',  ( -12.69999999999980389, -28.57500000000008811, 34.99999999999925393 ) ) ;
#978 = LINE ( 'NONE', #643, #4547 ) ;
#979 = DIRECTION ( 'NONE',  ( 0.000000000000000000, 0.000000000000000000, -1.000000000000000000 ) ) ;
#980 = VERTEX_POINT ( 'NONE', #4046 ) ;
#981 = DIRECTION ( 'NONE',  ( 0.000000000000000000, 0.000000000000000000, -1.000000000000000000 ) ) ;
#982 = CARTESIAN_POINT ( 'NONE',  ( 10.17183065538517539, -28.30427638897073450, 54.98842147268084091 ) ) ;
#983 = ORIENTED_EDGE ( 'NONE', *, *, #1208, .T. ) ;
#984 = CYLINDRICAL_SURFACE ( 'NONE', #1505, 2.575000000000013944 ) ;
#985 = VERTEX_POINT ( 'NONE', #1425 ) ;
#986 = FACE_OUTER_BOUND ( 'NONE', #4117, .T. ) ;
#987 = CARTESIAN_POINT ( 'NONE',  ( -10.87044166941653422, -28.08749997185765679, 54.49390529684938400 ) ) ;
#988 = DIRECTION ( 'NONE',  ( 0.1736481776669332455, 0.000000000000000000, 0.9848077530122075762 ) ) ;
#989 = ADVANCED_FACE ( 'NONE', ( #4020 ), #4893, .T. ) ;
#990 = FACE_OUTER_BOUND ( 'NONE', #426, .T. ) ;
#991 = EDGE_CURVE ( 'NONE', #3373, #1489, #1247, .T. ) ;
#992 = ORIENTED_EDGE ( 'NONE', *, *, #310, .T. ) ;
#993 = CARTESIAN_POINT ( 'NONE',  ( -10.65462829289233859, -28.52643261217021120, 54.99291051740608793 ) ) ;
#994 = ORIENTED_EDGE ( 'NONE', *, *, #2176, .T. ) ;
#995 = CARTESIAN_POINT ( 'NONE',  ( 10.15536920375365249, -26.60160000000011138, 15.60011101990452609 ) ) ;
#996 = ORIENTED_EDGE ( 'NONE', *, *, #1925, .F. ) ;
#997 = EDGE_CURVE ( 'NONE', #1348, #1255, #1052, .T. ) ;
#998 = CARTESIAN_POINT ( 'NONE',  ( -11.57881390374011410, -25.05099999999992733, 92.63881830736529821 ) ) ;
#999 = DIRECTION ( 'NONE',  ( -0.1736481776669298038, -1.174091553763073032E-15, 0.9848077530122082424 ) ) ;
#1000 = CARTESIAN_POINT ( 'NONE',  ( 3.447104020701226457, -3.174999999999974953, 73.13061018528402712 ) ) ;
#1001 = ORIENTED_EDGE ( 'NONE', *, *, #991, .T. ) ;
#1002 = CARTESIAN_POINT ( 'NONE',  ( -15.35642506783068484, -3.175000000000105516, 126.0001852711670978 ) ) ;
#1003 = VECTOR ( 'NONE', #420, 1000.000000000000227 ) ;
#1004 = CARTESIAN_POINT ( 'NONE',  ( 11.04900000000018423, -28.57499999999992824, 54.50609660793311662 ) ) ;
#1005 = DIRECTION ( 'NONE',  ( 0.9848077530122070211, 6.833476513896978982E-15, 0.1736481776669364929 ) ) ;
#1006 = ORIENTED_EDGE ( 'NONE', *, *, #2221, .T. ) ;
#1007 = DIRECTION ( 'NONE',  ( -0.1736481776669316635, 0.000000000000000000, 0.9848077530122077983 ) ) ;
#1008 = CARTESIAN_POINT ( 'NONE',  ( 11.04900000000018245, -28.07499999999992468, 15.00625097686704024 ) ) ;
#1009 = AXIS2_PLACEMENT_3D ( 'NONE', #364, #457, #1586 ) ;
#1010 = CARTESIAN_POINT ( 'NONE',  ( 10.04177840722462811, -28.19902318251159912, 54.98588973197333729 ) ) ;
#1011 = EDGE_CURVE ( 'NONE', #659, #3117, #396, .T. ) ;
#1012 = VECTOR ( 'NONE', #514, 1000.000000000000114 ) ;
#1013 = AXIS2_PLACEMENT_3D ( 'NONE', #3148, #3966, #3197 ) ;
#1014 = ORIENTED_EDGE ( 'NONE', *, *, #1984, .F. ) ;
#1015 = DIRECTION ( 'NONE',  ( -1.000000000000000000, -6.920681583949466820E-15, -0.000000000000000000 ) ) ;
#1016 = ORIENTED_EDGE ( 'NONE', *, *, #1208, .F. ) ;
#1017 = CARTESIAN_POINT ( 'NONE',  ( -5.257456336449913614, -15.87499999999012346, 118.5597762221167955 ) ) ;
#1018 = ORIENTED_EDGE ( 'NONE', *, *, #3319, .F. ) ;
#1019 = VECTOR ( 'NONE', #326, 1000.000000000000000 ) ;
#1020 = VECTOR ( 'NONE', #2791, 1000.000000000000000 ) ;
#1021 = B_SPLINE_CURVE_WITH_KNOTS ( 'NONE', 3,
 ( #3058, #2327, #3422, #1899, #74, #4192, #2736, #1874, #1573, #3870 ),
 .UNSPECIFIED., .F., .F.,
 ( 4, 2, 2, 2, 4 ),
 ( 0.000000000000000000, 0.0006060772583067686658, 0.001212154516613537332, 0.001818231774920305889, 0.002424309033227074663 ),
 .UNSPECIFIED. ) ;
#1022 = DIRECTION ( 'NONE',  ( -0.000000000000000000, -0.000000000000000000, -1.000000000000000000 ) ) ;
#1023 = AXIS2_PLACEMENT_3D ( 'NONE', #1618, #3491, #3925 ) ;
#1024 = EDGE_CURVE ( 'NONE', #1471, #686, #4452, .T. ) ;
#1025 = CARTESIAN_POINT ( 'NONE',  ( 3.390974049656056089, -114.6022714177931334, -1.286092261280388893 ) ) ;
#1026 = CARTESIAN_POINT ( 'NONE',  ( 3.087601830909808331, -5.174999999999957190, -1.232599553918168223 ) ) ;
#1027 = AXIS2_PLACEMENT_3D ( 'NONE', #1150, #4129, #3707 ) ;
#1028 = CARTESIAN_POINT ( 'NONE',  ( -10.03685682902835907, -26.91465778146754673, 54.42936695954541193 ) ) ;
#1029 = FACE_OUTER_BOUND ( 'NONE', #1202, .T. ) ;
#1030 = VECTOR ( 'NONE', #4282, 1000.000000000000000 ) ;
#1031 = AXIS2_PLACEMENT_3D ( 'NONE', #2994, #4446, #4836 ) ;
#1032 = PLANE ( 'NONE',  #153 ) ;
#1033 = EDGE_CURVE ( 'NONE', #146, #4668, #4480, .T. ) ;
#1034 = LINE ( 'NONE', #2158, #4230 ) ;
#1035 = ORIENTED_EDGE ( 'NONE', *, *, #3326, .T. ) ;
#1036 = CIRCLE ( 'NONE', #2353, 2.575000000000013500 ) ;
#1037 = LINE ( 'NONE', #1793, #854 ) ;
#1038 = DIRECTION ( 'NONE',  ( -1.000000000000000000, -6.942122096537190633E-15, -0.000000000000000000 ) ) ;
#1039 = FACE_OUTER_BOUND ( 'NONE', #1703, .T. ) ;
#1040 = CARTESIAN_POINT ( 'NONE',  ( -11.04899999999980587, -28.07500000000007390, 54.99374902313146407 ) ) ;
#1041 = VECTOR ( 'NONE', #2222, 1000.000000000000000 ) ;
#1042 = CARTESIAN_POINT ( 'NONE',  ( 9.717412435626531675, -27.81832865881546368, 54.97494158444003176 ) ) ;
#1043 = VERTEX_POINT ( 'NONE', #1026 ) ;
#1044 = LINE ( 'NONE', #1802, #229 ) ;
#1045 = ORIENTED_EDGE ( 'NONE', *, *, #3102, .T. ) ;
#1046 = CARTESIAN_POINT ( 'NONE',  ( 11.04900000000018245, -28.08749999999992042, 15.50609470244534727 ) ) ;
#1047 = ORIENTED_EDGE ( 'NONE', *, *, #3082, .F. ) ;
#1048 = CARTESIAN_POINT ( 'NONE',  ( 11.16222178904222950, -28.57499999999992113, -2.393357736096449528 ) ) ;
#1049 = CARTESIAN_POINT ( 'NONE',  ( 10.37334648124328496, -28.42068673691057157, 15.00909646541174247 ) ) ;
#1050 = EDGE_CURVE ( 'NONE', #3924, #1189, #241, .T. ) ;
#1051 = CARTESIAN_POINT ( 'NONE',  ( 3.324385611304325305, -27.05099999999993088, -1.163649739371182656 ) ) ;
#1052 = LINE ( 'NONE', #3304, #935 ) ;
#1053 = ORIENTED_EDGE ( 'NONE', *, *, #3987, .T. ) ;
#1054 = CARTESIAN_POINT ( 'NONE',  ( 23.25435167760593913, -28.57499999999984297, 3.701990568730610942 ) ) ;
#1055 = EDGE_CURVE ( 'NONE', #3676, #146, #2506, .T. ) ;
#1056 = CARTESIAN_POINT ( 'NONE',  ( 9.795151113271742815, -27.92750710543695547, 54.97828117853179464 ) ) ;
#1057 = CARTESIAN_POINT ( 'NONE',  ( 5.241577056633693665, -5.174999999999950084, -0.5343399826506204375 ) ) ;
#1058 = ORIENTED_EDGE ( 'NONE', *, *, #3108, .T. ) ;
#1059 = DIRECTION ( 'NONE',  ( 0.9848077530122077983, 0.000000000000000000, -0.1736481776669316912 ) ) ;
#1060 = EDGE_CURVE ( 'NONE', #486, #4738, #1323, .T. ) ;
#1061 = EDGE_CURVE ( 'NONE', #837, #4089, #2680, .T. ) ;
#1062 = CYLINDRICAL_SURFACE ( 'NONE', #2103, 19.50000000000000355 ) ;
#1063 = LINE ( 'NONE', #4371, #4685 ) ;
#1064 = VERTEX_POINT ( 'NONE', #3860 ) ;
#1065 = CARTESIAN_POINT ( 'NONE',  ( 16.64213315095155465, -15.87499999998996358, -57.65071176639735029 ) ) ;
#1066 = LINE ( 'NONE', #158, #863 ) ;
#1067 = DIRECTION ( 'NONE',  ( 2.094073006735363955E-16, -1.000000000000000000, -1.187607817205041341E-15 ) ) ;
#1068 = ORIENTED_EDGE ( 'NONE', *, *, #603, .F. ) ;
#1069 = DIRECTION ( 'NONE',  ( -0.9848077530122077983, 0.000000000000000000, 0.1736481776669316912 ) ) ;
#1070 = ORIENTED_EDGE ( 'NONE', *, *, #190, .T. ) ;
#1071 = CARTESIAN_POINT ( 'NONE',  ( 3.276975197684142582, -27.05099999999993088, 15.10267796913286631 ) ) ;
#1072 = VERTEX_POINT ( 'NONE', #3000 ) ;
#1073 = CARTESIAN_POINT ( 'NONE',  ( 3.283750140616691127, -27.05099999999993088, 54.82110520835990997 ) ) ;
#1074 = PLANE ( 'NONE',  #2426 ) ;
#1075 = ORIENTED_EDGE ( 'NONE', *, *, #1264, .F. ) ;
#1076 = DIRECTION ( 'NONE',  ( 0.9848077530122073542, 0.000000000000000000, 0.1736481776669351607 ) ) ;
#1077 = LINE ( 'NONE', #2476, #3219 ) ;
#1078 = CARTESIAN_POINT ( 'NONE',  ( 22.94600121880843702, -15.87499999998996358, -21.89969939989228820 ) ) ;
#1079 = ORIENTED_EDGE ( 'NONE', *, *, #4860, .F. ) ;
#1080 = ADVANCED_FACE ( 'NONE', ( #831 ), #4525, .T. ) ;
#1081 = AXIS2_PLACEMENT_3D ( 'NONE', #1360, #4029, #4081 ) ;
#1082 = CARTESIAN_POINT ( 'NONE',  ( 10.38728560581783178, -27.85598126860729806, 54.48683657614243714 ) ) ;
#1083 = LINE ( 'NONE', #2557, #2494 ) ;
#1084 = FACE_OUTER_BOUND ( 'NONE', #1554, .T. ) ;
#1085 = ORIENTED_EDGE ( 'NONE', *, *, #2865, .F. ) ;
#1086 = DIRECTION ( 'NONE',  ( 0.1736481776669340504, 1.205928582073540723E-15, -0.9848077530122074652 ) ) ;
#1087 = AXIS2_PLACEMENT_3D ( 'NONE', #1526, #4577, #2711 ) ;
#1088 = CYLINDRICAL_SURFACE ( 'NONE', #4924, 2.000000000000001776 ) ;
#1089 = CARTESIAN_POINT ( 'NONE',  ( -7.456957335627468098, -5.175000000000051337, 0.7373919104438075856 ) ) ;
#1090 = ORIENTED_EDGE ( 'NONE', *, *, #405, .F. ) ;
#1091 = AXIS2_PLACEMENT_3D ( 'NONE', #3163, #504, #3090 ) ;
#1092 = CARTESIAN_POINT ( 'NONE',  ( 22.49885716131608504, -15.87499999998996358, 94.43557936389818508 ) ) ;
#1093 = DIRECTION ( 'NONE',  ( 0.000000000000000000, -1.000000000000000000, 1.188116685687565122E-15 ) ) ;
#1094 = ADVANCED_FACE ( 'NONE', ( #436, #739, #391 ), #1561, .T. ) ;
#1095 = ORIENTED_EDGE ( 'NONE', *, *, #1233, .F. ) ;
#1096 = EDGE_CURVE ( 'NONE', #4835, #3276, #1105, .T. ) ;
#1097 = ADVANCED_FACE ( 'NONE', ( #3380 ), #368, .T. ) ;
#1098 = VERTEX_POINT ( 'NONE', #129 ) ;
#1099 = DIRECTION ( 'NONE',  ( -1.000000000000000000, -6.938893903907222067E-15, 0.000000000000000000 ) ) ;
#1100 = ORIENTED_EDGE ( 'NONE', *, *, #1320, .T. ) ;
#1101 = DIRECTION ( 'NONE',  ( -0.9848077530122074652, 0.000000000000000000, 0.1736481776669341615 ) ) ;
#1102 = DIRECTION ( 'NONE',  ( 0.1736481776669312194, 0.000000000000000000, -0.9848077530122077983 ) ) ;
#1103 = ORIENTED_EDGE ( 'NONE', *, *, #2465, .F. ) ;
#1104 = CARTESIAN_POINT ( 'NONE',  ( -15.47292827808644233, -25.28356309062312590, -58.00018527116765199 ) ) ;
#1105 = LINE ( 'NONE', #1864, #2261 ) ;
#1106 = ORIENTED_EDGE ( 'NONE', *, *, #4507, .T. ) ;
#1107 = PLANE ( 'NONE',  #946 ) ;
#1108 = VECTOR ( 'NONE', #3045, 1000.000000000000000 ) ;
#1109 = VECTOR ( 'NONE', #3427, 1000.000000000000114 ) ;
#1110 = CIRCLE ( 'NONE', #3892, 2.575000000000013944 ) ;
#1111 = CARTESIAN_POINT ( 'NONE',  ( -3.274999999999999911, -27.05099999999993088, 15.05814893245790920 ) ) ;
#1112 = CARTESIAN_POINT ( 'NONE',  ( -17.39785257348811598, -27.05099999999993088, 125.6402265227592778 ) ) ;
#1113 = ORIENTED_EDGE ( 'NONE', *, *, #406, .T. ) ;
#1114 = DIRECTION ( 'NONE',  ( -0.9848077530122079093, -6.832622436092476642E-15, 0.1736481776669318855 ) ) ;
#1115 = CARTESIAN_POINT ( 'NONE',  ( -15.35642506783069905, -5.175000000000106404, -56.00018527116766620 ) ) ;
#1116 = ORIENTED_EDGE ( 'NONE', *, *, #2697, .F. ) ;
#1117 = CARTESIAN_POINT ( 'NONE',  ( 3.348669413686166330, -114.6022714177931334, 70.86947168615766657 ) ) ;
#1118 = DIRECTION ( 'NONE',  ( 0.9848077530122080203, -0.000000000000000000, 0.1736481776669310251 ) ) ;
#1119 = ORIENTED_EDGE ( 'NONE', *, *, #4826, .F. ) ;
#1120 = ADVANCED_FACE ( 'NONE', ( #4375 ), #206, .T. ) ;
#1121 = EDGE_LOOP ( 'NONE', ( #4161, #1170, #924, #3871 ) ) ;
#1122 = CARTESIAN_POINT ( 'NONE',  ( 12.69999999999999574, 8.500145032286354763E-14, 70.00000000000000000 ) ) ;
#1123 = DIRECTION ( 'NONE',  ( 0.1736481776669314692, 1.205928582073522776E-15, -0.9848077530122080203 ) ) ;
#1124 = EDGE_CURVE ( 'NONE', #1389, #1227, #4758, .T. ) ;
#1125 = DIRECTION ( 'NONE',  ( 0.1736481776669330235, 0.000000000000000000, -0.9848077530122075762 ) ) ;
#1126 = VECTOR ( 'NONE', #562, 999.9999999999998863 ) ;
#1127 = ORIENTED_EDGE ( 'NONE', *, *, #782, .F. ) ;
#1128 = CARTESIAN_POINT ( 'NONE',  ( -10.07313739332365188, -28.22887293027180178, 15.49931009966524798 ) ) ;
#1129 = ORIENTED_EDGE ( 'NONE', *, *, #3075, .T. ) ;
#1130 = CARTESIAN_POINT ( 'NONE',  ( 11.04900000000018068, -28.07499999999992113, 54.99374902313146407 ) ) ;
#1131 = ORIENTED_EDGE ( 'NONE', *, *, #1143, .F. ) ;
#1132 = CARTESIAN_POINT ( 'NONE',  ( -15.35642506783071681, -3.175000000000105072, -56.00018527116769462 ) ) ;
#1133 = LINE ( 'NONE', #3712, #1654 ) ;
#1134 = VERTEX_POINT ( 'NONE', #875 ) ;
#1135 = CARTESIAN_POINT ( 'NONE',  ( 17.08927720844390308, -15.87499999998996358, 125.1148318023903272 ) ) ;
#1136 = VERTEX_POINT ( 'NONE', #3501 ) ;
#1137 = DIRECTION ( 'NONE',  ( -0.000000000000000000, -0.000000000000000000, -1.000000000000000000 ) ) ;
#1138 = CARTESIAN_POINT ( 'NONE',  ( 16.64213315095155465, -15.87499999998996358, 127.6507117663967819 ) ) ;
#1139 = ORIENTED_EDGE ( 'NONE', *, *, #3364, .F. ) ;
#1140 = EDGE_CURVE ( 'NONE', #1242, #2973, #4264, .T. ) ;
#1141 = ORIENTED_EDGE ( 'NONE', *, *, #1428, .F. ) ;
#1142 = CARTESIAN_POINT ( 'NONE',  ( -9.524999999999815614, -27.05100000000007654, 54.92699340410270281 ) ) ;
#1143 = EDGE_CURVE ( 'NONE', #3059, #4423, #4215, .T. ) ;
#1144 = VERTEX_POINT ( 'NONE', #1661 ) ;
#1145 = DIRECTION ( 'NONE',  ( -0.9848077530122079093, -6.832622436092476642E-15, -0.1736481776669318577 ) ) ;
#1146 = VERTEX_POINT ( 'NONE', #3959 ) ;
#1147 = CARTESIAN_POINT ( 'NONE',  ( 9.728401605314006773, -26.29034509798960073, 15.10380982630656455 ) ) ;
#1148 = CARTESIAN_POINT ( 'NONE',  ( -9.661844478886132848, -27.69613664976939660, 15.02960144183046332 ) ) ;
#1149 = VERTEX_POINT ( 'NONE', #4301 ) ;
#1150 = CARTESIAN_POINT ( 'NONE',  ( -11.04899999999980587, -28.07500000000007390, 15.00625097686704379 ) ) ;
#1151 = EDGE_CURVE ( 'NONE', #1457, #1292, #2047, .T. ) ;
#1152 = ORIENTED_EDGE ( 'NONE', *, *, #101, .T. ) ;
#1153 = DIRECTION ( 'NONE',  ( -6.938026650575909742E-15, 1.000000000000000000, -0.000000000000000000 ) ) ;
#1154 = LINE ( 'NONE', #4103, #3977 ) ;
#1155 = ORIENTED_EDGE ( 'NONE', *, *, #2367, .F. ) ;
#1156 = DIRECTION ( 'NONE',  ( -0.9848077530122079093, -6.832622436092476642E-15, -0.1736481776669318577 ) ) ;
#1157 = ORIENTED_EDGE ( 'NONE', *, *, #2710, .F. ) ;
#1158 = LINE ( 'NONE', #2258, #3792 ) ;
#1159 = CARTESIAN_POINT ( 'NONE',  ( -3.274999999999999911, 0.000000000000000000, 0.9994401048065842952 ) ) ;
#1160 = VERTEX_POINT ( 'NONE', #1607 ) ;
#1161 = CARTESIAN_POINT ( 'NONE',  ( 9.546843575801013060, -27.05099999999993088, -2.108522973053386540 ) ) ;
#1162 = VECTOR ( 'NONE', #3779, 1000.000000000000227 ) ;
#1163 = ADVANCED_FACE ( 'NONE', ( #3521 ), #3116, .F. ) ;
#1164 = CARTESIAN_POINT ( 'NONE',  ( 9.617883577368257164, -27.05099999999993088, -2.814328490263104499 ) ) ;
#1165 = ORIENTED_EDGE ( 'NONE', *, *, #1213, .F. ) ;
#1166 = CIRCLE ( 'NONE', #1555, 0.5000000000000004441 ) ;
#1167 = AXIS2_PLACEMENT_3D ( 'NONE', #2796, #2388, #915 ) ;
#1168 = FACE_OUTER_BOUND ( 'NONE', #891, .T. ) ;
#1169 = AXIS2_PLACEMENT_3D ( 'NONE', #4700, #4405, #1550 ) ;
#1170 = ORIENTED_EDGE ( 'NONE', *, *, #1828, .F. ) ;
#1171 = CARTESIAN_POINT ( 'NONE',  ( 10.03665368237560784, -27.26285663563509587, 15.54401300229135252 ) ) ;
#1172 = DIRECTION ( 'NONE',  ( 0.9848077530122079093, 0.000000000000000000, -0.1736481776669315524 ) ) ;
#1173 = ORIENTED_EDGE ( 'NONE', *, *, #2071, .F. ) ;
#1174 = DIRECTION ( 'NONE',  ( 0.9848077530122079093, 6.832622436092476642E-15, -0.1736481776669318577 ) ) ;
#1175 = ORIENTED_EDGE ( 'NONE', *, *, #2163, .F. ) ;
#1176 = AXIS2_PLACEMENT_3D ( 'NONE', #3980, #2841, #2082 ) ;
#1177 = EDGE_CURVE ( 'NONE', #2224, #1517, #3142, .T. ) ;
#1178 = CARTESIAN_POINT ( 'NONE',  ( 3.350432837954365528, -27.05099999999993088, -1.015928576419351526 ) ) ;
#1179 = AXIS2_PLACEMENT_3D ( 'NONE', #480, #1972, #2390 ) ;
#1180 = DIRECTION ( 'NONE',  ( -0.1736481776669314414, 0.000000000000000000, 0.9848077530122079093 ) ) ;
#1181 = DIRECTION ( 'NONE',  ( -0.1736481776669340504, 0.000000000000000000, -0.9848077530122073542 ) ) ;
#1182 = ORIENTED_EDGE ( 'NONE', *, *, #4017, .T. ) ;
#1183 = DIRECTION ( 'NONE',  ( 0.1736481776669318855, 0.000000000000000000, -0.9848077530122079093 ) ) ;
#1184 = AXIS2_PLACEMENT_3D ( 'NONE', #4884, #3721, #3777 ) ;
#1185 = VECTOR ( 'NONE', #1409, 1000.000000000000114 ) ;
#1186 = EDGE_CURVE ( 'NONE', #2366, #417, #1220, .T. ) ;
#1187 = ADVANCED_FACE ( 'NONE', ( #2780 ), #4328, .F. ) ;
#1188 = LINE ( 'NONE', #1532, #1726 ) ;
#1189 = VERTEX_POINT ( 'NONE', #110 ) ;
#1190 = DIRECTION ( 'NONE',  ( 1.000000000000000000, -3.986786957317220691E-14, 0.000000000000000000 ) ) ;
#1191 = ORIENTED_EDGE ( 'NONE', *, *, #4601, .T. ) ;
#1192 = DIRECTION ( 'NONE',  ( 0.000000000000000000, 1.000000000000000000, -1.197682598713622758E-15 ) ) ;
#1193 = AXIS2_PLACEMENT_3D ( 'NONE', #4578, #423, #3794 ) ;
#1194 = VECTOR ( 'NONE', #193, 1000.000000000000000 ) ;
#1195 = CARTESIAN_POINT ( 'NONE',  ( 3.275000000000000355, -27.05099999999993088, 69.05466585064350227 ) ) ;
#1196 = VERTEX_POINT ( 'NONE', #510 ) ;
#1197 = CARTESIAN_POINT ( 'NONE',  ( 17.14560670414033439, -5.174999999999879918, 3.023233062555893635 ) ) ;
#1198 = PLANE ( 'NONE',  #4049 ) ;
#1199 = VERTEX_POINT ( 'NONE', #2115 ) ;
#1200 = CARTESIAN_POINT ( 'NONE',  ( 10.02500926617505250, -27.17587239408655009, 15.55006433919145792 ) ) ;
#1201 = CARTESIAN_POINT ( 'NONE',  ( -9.611304146483696798, -27.57386687235698375, 15.03422053988877316 ) ) ;
#1202 = EDGE_LOOP ( 'NONE', ( #4157, #233, #860, #389 ) ) ;
#1203 = CARTESIAN_POINT ( 'NONE',  ( 12.69999999999999574, 8.500145032286354763E-14, 70.00000000000000000 ) ) ;
#1204 = ORIENTED_EDGE ( 'NONE', *, *, #4830, .T. ) ;
#1205 = AXIS2_PLACEMENT_3D ( 'NONE', #2782, #4330, #3172 ) ;
#1206 = ORIENTED_EDGE ( 'NONE', *, *, #4366, .F. ) ;
#1207 = APPLICATION_PROTOCOL_DEFINITION ( 'draft international standard', 'automotive_design', 1998, #1370 ) ;
#1208 = EDGE_CURVE ( 'NONE', #1576, #4461, #3226, .T. ) ;
#1209 = DIRECTION ( 'NONE',  ( 0.1736481776669340227, 1.174091553763101431E-15, 0.9848077530122075762 ) ) ;
#1210 = ORIENTED_EDGE ( 'NONE', *, *, #2809, .T. ) ;
#1211 = CARTESIAN_POINT ( 'NONE',  ( 12.69996092376143082, -28.57499999999991402, 54.99374902313146407 ) ) ;
#1212 = ORIENTED_EDGE ( 'NONE', *, *, #3920, .T. ) ;
#1213 = EDGE_CURVE ( 'NONE', #737, #1682, #395, .T. ) ;
#1214 = EDGE_CURVE ( 'NONE', #1098, #1160, #4608, .T. ) ;
#1215 = DIRECTION ( 'NONE',  ( -0.1736481776669315524, 0.000000000000000000, -0.9848077530122077983 ) ) ;
#1216 = ORIENTED_EDGE ( 'NONE', *, *, #2199, .T. ) ;
#1217 = DIRECTION ( 'NONE',  ( -0.1736481776669340504, -1.174091553763101431E-15, -0.9848077530122073542 ) ) ;
#1218 = VERTEX_POINT ( 'NONE', #2846 ) ;
#1219 = CARTESIAN_POINT ( 'NONE',  ( 0.5761025673212926135, -15.87499999999008082, 119.5883900504037598 ) ) ;
#1220 = LINE ( 'NONE', #2728, #469 ) ;
#1221 = ORIENTED_EDGE ( 'NONE', *, *, #1483, .F. ) ;
#1222 = FACE_OUTER_BOUND ( 'NONE', #2211, .T. ) ;
#1223 = ORIENTED_EDGE ( 'NONE', *, *, #925, .T. ) ;
#1224 = CARTESIAN_POINT ( 'NONE',  ( -9.524999999999813838, -27.05099999999993088, 15.07300659589573932 ) ) ;
#1225 = EDGE_CURVE ( 'NONE', #60, #4851, #1722, .T. ) ;
#1226 = CARTESIAN_POINT ( 'NONE',  ( -3.418725042324791463, -26.93854992961850314, 54.57591542005269503 ) ) ;
#1227 = VERTEX_POINT ( 'NONE', #4422 ) ;
#1228 = DIRECTION ( 'NONE',  ( 1.000000000000000000, 0.000000000000000000, 0.000000000000000000 ) ) ;
#1229 = ORIENTED_EDGE ( 'NONE', *, *, #1645, .F. ) ;
#1230 = CARTESIAN_POINT ( 'NONE',  ( 17.53642126593625505, -15.87499999998996358, -52.57895183838444808 ) ) ;
#1231 = CYLINDRICAL_SURFACE ( 'NONE', #3642, 1.523999999999997579 ) ;
#1232 = ORIENTED_EDGE ( 'NONE', *, *, #478, .T. ) ;
#1233 = EDGE_CURVE ( 'NONE', #1199, #207, #3893, .T. ) ;
#1234 = CARTESIAN_POINT ( 'NONE',  ( -2.970418991859444358, -3.175000000000019362, 128.1841723255798797 ) ) ;
#1235 = ORIENTED_EDGE ( 'NONE', *, *, #649, .T. ) ;
#1236 = CARTESIAN_POINT ( 'NONE',  ( 10.70455087336060629, -28.03319524220337300, 54.49248361359583726 ) ) ;
#1238 = ORIENTED_EDGE ( 'NONE', *, *, #4533, .F. ) ;
#1237 = EDGE_CURVE ( 'NONE', #4214, #374, #973, .T. ) ;
#1239 = CARTESIAN_POINT ( 'NONE',  ( 10.45961587380581470, -27.91014405889002248, 15.51128906320705703 ) ) ;
#1240 = CARTESIAN_POINT ( 'NONE',  ( -10.08269993726027636, -26.74755956968087744, 15.58563680660606288 ) ) ;
#1241 = VECTOR ( 'NONE', #3776, 1000.000000000000114 ) ;
#1242 = VERTEX_POINT ( 'NONE', #1414 ) ;
#1243 = DIRECTION ( 'NONE',  ( -1.000000000000000000, -6.938893903907222067E-15, 0.000000000000000000 ) ) ;
#1244 = CARTESIAN_POINT ( 'NONE',  ( 3.274999999999999911, -27.05099999999993088, 15.05814893245790920 ) ) ;
#1245 = ORIENTED_EDGE ( 'NONE', *, *, #3335, .F. ) ;
#1246 = AXIS2_PLACEMENT_3D ( 'NONE', #3773, #3339, #271 ) ;
#1247 = CIRCLE ( 'NONE', #2183, 2.000000000000000444 ) ;
#1248 = CARTESIAN_POINT ( 'NONE',  ( 9.630813715790660368, -27.05099999999993443, -2.123329174307428513 ) ) ;
#1249 = CARTESIAN_POINT ( 'NONE',  ( 12.38609618624593622, 8.374640673892807980E-14, -1.971812067715175809 ) ) ;
#1250 = DIRECTION ( 'NONE',  ( 0.9848077530122073542, 6.658604083423236478E-15, -0.1736481776669340504 ) ) ;
#1251 = VECTOR ( 'NONE', #793, 1000.000000000000000 ) ;
#1252 = DIRECTION ( 'NONE',  ( -0.1736481776669350496, -7.530789258985593092E-16, 0.9848077530122072432 ) ) ;
#1253 = AXIS2_PLACEMENT_3D ( 'NONE', #1705, #1022, #2527 ) ;
#1254 = DIRECTION ( 'NONE',  ( -0.1736481776669315524, 0.000000000000000000, 0.9848077530122077983 ) ) ;
#1255 = VERTEX_POINT ( 'NONE', #256 ) ;
#1256 = DIRECTION ( 'NONE',  ( -0.9848077530122073542, -1.138222920243290055E-13, 0.1736481776669341892 ) ) ;
#1257 = VECTOR ( 'NONE', #2171, 1000.000000000000114 ) ;
#1258 = ORIENTED_EDGE ( 'NONE', *, *, #2378, .F. ) ;
#1259 = VECTOR ( 'NONE', #173, 1000.000000000000227 ) ;
#1260 = CARTESIAN_POINT ( 'NONE',  ( -9.645880901486949099, -26.96273994128920393, 54.60442017685161886 ) ) ;
#1261 = EDGE_CURVE ( 'NONE', #1659, #4225, #2520, .T. ) ;
#1262 = LINE ( 'NONE', #3494, #4034 ) ;
#1263 = VERTEX_POINT ( 'NONE', #1388 ) ;
#1264 = EDGE_CURVE ( 'NONE', #4863, #2488, #1044, .T. ) ;
#1265 = AXIS2_PLACEMENT_3D ( 'NONE', #3437, #512, #4595 ) ;
#1266 = LINE ( 'NONE', #557, #3398 ) ;
#1267 = VERTEX_POINT ( 'NONE', #2886 ) ;
#1268 = LINE ( 'NONE', #3619, #2430 ) ;
#1269 = CARTESIAN_POINT ( 'NONE',  ( -9.426572841651134738, -114.6022714177932329, 1.084688265777622451 ) ) ;
#1270 = CIRCLE ( 'NONE', #3552, 2.575000000000013500 ) ;
#1271 = ORIENTED_EDGE ( 'NONE', *, *, #2351, .T. ) ;
#1272 = CARTESIAN_POINT ( 'NONE',  ( 3.275000000000000355, -27.05099999999993088, 15.07300653998585815 ) ) ;
#1273 = ORIENTED_EDGE ( 'NONE', *, *, #617, .F. ) ;
#1274 = ADVANCED_FACE ( 'NONE', ( #4443 ), #3321, .F. ) ;
#1275 = EDGE_CURVE ( 'NONE', #2481, #747, #572, .T. ) ;
#1276 = FACE_OUTER_BOUND ( 'NONE', #2320, .T. ) ;
#1277 = PLANE ( 'NONE',  #2917 ) ;
#1278 = DIRECTION ( 'NONE',  ( 0.1736481776669338284, 0.000000000000000000, -0.9848077530122074652 ) ) ;
#1279 = ORIENTED_EDGE ( 'NONE', *, *, #2154, .T. ) ;
#1280 = AXIS2_PLACEMENT_3D ( 'NONE', #1999, #2068, #161 ) ;
#1281 = CARTESIAN_POINT ( 'NONE',  ( 8.940091752025782768, -5.174999999999943867, -2.153850247710600740 ) ) ;
#1282 = VERTEX_POINT ( 'NONE', #4292 ) ;
#1283 = PLANE ( 'NONE',  #3392 ) ;
#1284 = PLANE ( 'NONE',  #1167 ) ;
#1285 = ADVANCED_FACE ( 'NONE', ( #3536 ), #1302, .T. ) ;
#1286 = CARTESIAN_POINT ( 'NONE',  ( -4.864746883581741344, -3.175000000000032685, 127.8501512079606499 ) ) ;
#1287 = ORIENTED_EDGE ( 'NONE', *, *, #3509, .T. ) ;
#1288 = DIRECTION ( 'NONE',  ( -0.9848077530122075762, -1.734723475976807094E-15, 0.1736481776669339949 ) ) ;
#1289 = DIRECTION ( 'NONE',  ( 0.000000000000000000, 0.000000000000000000, 1.000000000000000000 ) ) ;
#1290 = ORIENTED_EDGE ( 'NONE', *, *, #370, .T. ) ;
#1291 = CARTESIAN_POINT ( 'NONE',  ( 22.94600121880843702, -15.87499999998996358, 91.89969939989173042 ) ) ;
#1292 = VERTEX_POINT ( 'NONE', #941 ) ;
#1293 = FACE_OUTER_BOUND ( 'NONE', #3766, .T. ) ;
#1294 = EDGE_CURVE ( 'NONE', #2366, #1670, #525, .T. ) ;
#1295 = CARTESIAN_POINT ( 'NONE',  ( 9.525000000000176215, -27.05099999999993088, 15.05814893245790209 ) ) ;
#1296 = LINE ( 'NONE', #928, #3136 ) ;
#1297 = CYLINDRICAL_SURFACE ( 'NONE', #1741, 2.000000000000000000 ) ;
#1298 = EDGE_CURVE ( 'NONE', #3059, #235, #549, .T. ) ;
#1299 = CARTESIAN_POINT ( 'NONE',  ( -0.3181855476634166680, -15.87499999999008082, -54.66014997841722334 ) ) ;
#1300 = DIRECTION ( 'NONE',  ( 0.1736481776669336619, 2.602085213965207092E-15, 0.9848077530122075762 ) ) ;
#1301 = PLANE ( 'NONE',  #2411 ) ;
#1302 = CYLINDRICAL_SURFACE ( 'NONE', #2672, 2.000000000000002665 ) ;
#1303 = CARTESIAN_POINT ( 'NONE',  ( -9.426572841651889689, -5.175000000000068212, 68.91531173422178824 ) ) ;
#1304 = EDGE_CURVE ( 'NONE', #3043, #339, #2800, .T. ) ;
#1305 = DIRECTION ( 'NONE',  ( 0.000000000000000000, 1.000000000000000000, 0.000000000000000000 ) ) ;
#1306 = ORIENTED_EDGE ( 'NONE', *, *, #3021, .F. ) ;
#1307 = FACE_OUTER_BOUND ( 'NONE', #2835, .T. ) ;
#1308 = DIRECTION ( 'NONE',  ( 0.1572158889194949227, 0.000000000000000000, -0.9875642582998095387 ) ) ;
#1309 = ORIENTED_EDGE ( 'NONE', *, *, #310, .F. ) ;
#1310 = CARTESIAN_POINT ( 'NONE',  ( -10.02386777620575842, -27.01593271401375063, 54.43777019245448656 ) ) ;
#1311 = ORIENTED_EDGE ( 'NONE', *, *, #3968, .T. ) ;
#1312 = CARTESIAN_POINT ( 'NONE',  ( 10.04177840722462811, -28.19902318251160267, 15.01411026802516524 ) ) ;
#1313 = AXIS2_PLACEMENT_3D ( 'NONE', #2738, #861, #380 ) ;
#1314 = MANIFOLD_SOLID_BREP ( 'Cut-Extrude11', #3208 ) ;
#1315 = LINE ( 'NONE', #2829, #1578 ) ;
#1316 = DIRECTION ( 'NONE',  ( -0.04218674000673096336, -2.852382085903943617E-16, -0.9991097432052220562 ) ) ;
#1317 = CARTESIAN_POINT ( 'NONE',  ( -9.548221515516624791, -27.34833577219401235, 54.46193237428504830 ) ) ;
#1318 = CARTESIAN_POINT ( 'NONE',  ( 3.405575483993672048, -4.159134063252292179, 71.02565171270322253 ) ) ;
#1319 = VECTOR ( 'NONE', #3852, 1000.000000000000000 ) ;
#1320 = EDGE_CURVE ( 'NONE', #4560, #1989, #2313, .T. ) ;
#1321 = CARTESIAN_POINT ( 'NONE',  ( 11.23667321446463241, -28.57499999999992113, 72.40648553115005370 ) ) ;
#1322 = ORIENTED_EDGE ( 'NONE', *, *, #4724, .T. ) ;
#1323 = B_SPLINE_CURVE_WITH_KNOTS ( 'NONE', 3,
 ( #45, #2604, #1887, #3452, #4551, #2629, #4182, #62, #3069, #4160 ),
 .UNSPECIFIED., .F., .F.,
 ( 4, 2, 2, 2, 4 ),
 ( 3.469446951953614189E-18, 0.0005985956849763325420, 0.001197191369952661615, 0.001795787054928990687, 0.002394382739905319760 ),
 .UNSPECIFIED. ) ;
#1324 = CARTESIAN_POINT ( 'NONE',  ( -5.953179498285540383, -15.87499999999016786, -14.18927059349296549 ) ) ;
#1325 = DIRECTION ( 'NONE',  ( 0.9848077530122073542, -2.465190328815661618E-32, 0.1736481776669340227 ) ) ;
#1326 = LINE ( 'NONE', #4729, #140 ) ;
#1327 =( GEOMETRIC_REPRESENTATION_CONTEXT ( 3 ) GLOBAL_UNCERTAINTY_ASSIGNED_CONTEXT ( ( #3710 ) ) GLOBAL_UNIT_ASSIGNED_CONTEXT ( ( #4319, #200, #1621 ) ) REPRESENTATION_CONTEXT ( 'NONE', 'WORKASPACE' ) );
#1328 = ADVANCED_FACE ( 'NONE', ( #503 ), #1990, .T. ) ;
#1329 = ADVANCED_FACE ( 'NONE', ( #4709 ), #1283, .F. ) ;
#1330 = CARTESIAN_POINT ( 'NONE',  ( -9.563143949731710336, -27.02926150111441217, 54.73426617574382647 ) ) ;
#1331 = EDGE_LOOP ( 'NONE', ( #548, #691, #2376, #4585, #3854 ) ) ;
#1332 = FACE_OUTER_BOUND ( 'NONE', #3608, .T. ) ;
#1333 = VECTOR ( 'NONE', #2242, 1000.000000000000227 ) ;
#1334 = DIRECTION ( 'NONE',  ( 7.059400191666534390E-15, -1.000000000000000000, -7.635056491799562367E-17 ) ) ;
#1335 = AXIS2_PLACEMENT_3D ( 'NONE', #1115, #1305, #3314 ) ;
#1336 = ORIENTED_EDGE ( 'NONE', *, *, #3623, .F. ) ;
#1337 = DIRECTION ( 'NONE',  ( 0.1736481776669318577, 1.205928582073525340E-15, -0.9848077530122077983 ) ) ;
#1338 = CARTESIAN_POINT ( 'NONE',  ( -9.524999999999815614, -27.05100000000007654, 54.94185106754060399 ) ) ;
#1339 = ORIENTED_EDGE ( 'NONE', *, *, #3856, .F. ) ;
#1340 = CYLINDRICAL_SURFACE ( 'NONE', #3901, 2.000000000000001776 ) ;
#1341 = VECTOR ( 'NONE', #1399, 1000.000000000000000 ) ;
#1342 = ORIENTED_EDGE ( 'NONE', *, *, #2843, .T. ) ;
#1343 = CARTESIAN_POINT ( 'NONE',  ( 10.15626146905678162, -28.57499999999992468, 1.047926614758695418 ) ) ;
#1344 = AXIS2_PLACEMENT_3D ( 'NONE', #71, #2305, #3152 ) ;
#1345 = AXIS2_PLACEMENT_3D ( 'NONE', #2000, #418, #3050 ) ;
#1346 = CARTESIAN_POINT ( 'NONE',  ( -2.970418991859427926, -5.175000000000026468, 128.1841723255798513 ) ) ;
#1347 = DIRECTION ( 'NONE',  ( -0.000000000000000000, 0.000000000000000000, -1.000000000000000000 ) ) ;
#1348 = VERTEX_POINT ( 'NONE', #914 ) ;
#1349 = CARTESIAN_POINT ( 'NONE',  ( -9.887245896234153619, -28.04606464175884994, 54.49553540264103191 ) ) ;
#1350 = LINE ( 'NONE', #308, #3165 ) ;
#1351 = ADVANCED_FACE ( 'NONE', ( #4368 ), #2880, .T. ) ;
#1352 = LINE ( 'NONE', #4409, #2752 ) ;
#1353 = FACE_OUTER_BOUND ( 'NONE', #1784, .T. ) ;
#1354 = ORIENTED_EDGE ( 'NONE', *, *, #769, .T. ) ;
#1355 = CARTESIAN_POINT ( 'NONE',  ( -10.39276024584318669, -27.87436889988284250, 15.51240928511621853 ) ) ;
#1356 = CYLINDRICAL_SURFACE ( 'NONE', #871, 0.5000000000000004441 ) ;
#1357 = EDGE_CURVE ( 'NONE', #473, #4851, #3564, .T. ) ;
#1358 = ORIENTED_EDGE ( 'NONE', *, *, #3175, .F. ) ;
#1359 = LINE ( 'NONE', #1381, #226 ) ;
#1360 = CARTESIAN_POINT ( 'NONE',  ( -0.09875333346271669699, -28.57499999999999929, -0.5600579846948339213 ) ) ;
#1361 = DIRECTION ( 'NONE',  ( 0.1736481776669315524, 1.204775684477111648E-15, 0.9848077530122079093 ) ) ;
#1362 = CIRCLE ( 'NONE', #499, 2.575000000000013944 ) ;
#1363 = CARTESIAN_POINT ( 'NONE',  ( -3.276975197684142138, -27.05099999999993088, 54.89732203086564510 ) ) ;
#1364 = ADVANCED_FACE ( 'NONE', ( #1770 ), #2161, .F. ) ;
#1365 = EDGE_LOOP ( 'NONE', ( #3912, #4172, #4476, #3181 ) ) ;
#1366 = CARTESIAN_POINT ( 'NONE',  ( -9.524999999999815614, -27.05100000000007654, 1.254357621211787954 ) ) ;
#1367 = CARTESIAN_POINT ( 'NONE',  ( -12.19999999999980744, -28.57500000000008455, 14.99999999999925038 ) ) ;
#1368 = CARTESIAN_POINT ( 'NONE',  ( -10.02755650574839308, -27.27673500160712905, 54.45751555110911113 ) ) ;
#1369 = EDGE_LOOP ( 'NONE', ( #3385, #4026, #1727, #3096 ) ) ;
#1370 = APPLICATION_CONTEXT ( 'automotive_design' ) ;
#1371 = CYLINDRICAL_SURFACE ( 'NONE', #2594, 2.000000000000001332 ) ;
#1372 = CARTESIAN_POINT ( 'NONE',  ( -12.82812613097654442, -15.87499999999020872, 88.20647906242977854 ) ) ;
#1373 = DIRECTION ( 'NONE',  ( -0.9848077530122065770, 4.068991974253942527E-14, 0.1736481776669385191 ) ) ;
#1374 = ORIENTED_EDGE ( 'NONE', *, *, #2750, .F. ) ;
#1375 = LINE ( 'NONE', #3604, #414 ) ;
#1376 = EDGE_CURVE ( 'NONE', #2048, #737, #2556, .T. ) ;
#1377 = CARTESIAN_POINT ( 'NONE',  ( 10.06418287166988357, -28.22160001592706990, 54.98649905347961209 ) ) ;
#1378 = ORIENTED_EDGE ( 'NONE', *, *, #2675, .F. ) ;
#1379 = DIRECTION ( 'NONE',  ( -0.9848077530122077983, 0.000000000000000000, 0.1736481776669316912 ) ) ;
#1380 = ORIENTED_EDGE ( 'NONE', *, *, #1504, .T. ) ;
#1381 = CARTESIAN_POINT ( 'NONE',  ( -15.35642506783069550, -28.65998555266133607, -58.00018527116764488 ) ) ;
#1382 = B_SPLINE_CURVE_WITH_KNOTS ( 'NONE', 3,
 ( #3099, #4649, #114, #2760, #4043, #1049, #4840, #666, #1312, #4403, #955, #1422, #1781, #2872 ),
 .UNSPECIFIED., .F., .F.,
 ( 4, 2, 2, 2, 2, 2, 4 ),
 ( 0.000000000000000000, 0.0002976974434187650638, 0.0005953948868375301276, 0.0008930923302562952457, 0.001190789773675060255, 0.001786184660512590491, 0.002381579547350120511 ),
 .UNSPECIFIED. ) ;
#1383 = CARTESIAN_POINT ( 'NONE',  ( -12.69896424693296666, -28.57500000000009166, 15.08596643225930123 ) ) ;
#1384 = ORIENTED_EDGE ( 'NONE', *, *, #149, .T. ) ;
#1385 = DIRECTION ( 'NONE',  ( -0.1736481776669315524, 0.000000000000000000, -0.9848077530122077983 ) ) ;
#1386 = EDGE_CURVE ( 'NONE', #4610, #852, #4437, .T. ) ;
#1387 = VERTEX_POINT ( 'NONE', #274 ) ;
#1388 = CARTESIAN_POINT ( 'NONE',  ( -5.257456336449913614, -15.87499999999012346, -48.55977622211735678 ) ) ;
#1389 = VERTEX_POINT ( 'NONE', #4508 ) ;
#1390 = CYLINDRICAL_SURFACE ( 'NONE', #3872, 2.000000000000000444 ) ;
#1391 = CARTESIAN_POINT ( 'NONE',  ( 10.39276024584356151, -27.87436889988268973, 15.51240928511622030 ) ) ;
#1392 = ORIENTED_EDGE ( 'NONE', *, *, #1151, .F. ) ;
#1393 = DIRECTION ( 'NONE',  ( -0.02413729786597506796, -1.632000861504106530E-16, 0.9997086529843228764 ) ) ;
#1394 = EDGE_CURVE ( 'NONE', #2044, #3467, #2832, .T. ) ;
#1395 = CARTESIAN_POINT ( 'NONE',  ( 9.525000000000176215, -27.05099999999993088, 70.00000000000000000 ) ) ;
#1396 = CARTESIAN_POINT ( 'NONE',  ( -5.389482603319896370, -5.175000000000037126, 69.47484567501166453 ) ) ;
#1397 = CARTESIAN_POINT ( 'NONE',  ( -17.39785257348826164, -5.175000000000119726, -55.64022652275987468 ) ) ;
#1398 = ORIENTED_EDGE ( 'NONE', *, *, #135, .F. ) ;
#1399 = DIRECTION ( 'NONE',  ( -0.000000000000000000, -0.000000000000000000, -1.000000000000000000 ) ) ;
#1400 = VECTOR ( 'NONE', #3372, 1000.000000000000000 ) ;
#1401 = CARTESIAN_POINT ( 'NONE',  ( 9.542646294918366578, -26.78472401708439676, 54.92755585536737328 ) ) ;
#1402 = LINE ( 'NONE', #2106, #956 ) ;
#1403 = VECTOR ( 'NONE', #1620, 999.9999999999998863 ) ;
#1404 = ORIENTED_EDGE ( 'NONE', *, *, #968, .T. ) ;
#1405 = CARTESIAN_POINT ( 'NONE',  ( 37.30000000000020322, -28.07499999999980744, 15.00625097686704024 ) ) ;
#1406 = ORIENTED_EDGE ( 'NONE', *, *, #821, .T. ) ;
#1407 = CARTESIAN_POINT ( 'NONE',  ( 7.551180843126553910, -3.324999999999979305, -1.908947780671377270 ) ) ;
#1408 = VECTOR ( 'NONE', #882, 1000.000000000000000 ) ;
#1409 = DIRECTION ( 'NONE',  ( -0.9848077530122076872, -6.832622436092475853E-15, -0.1736481776669318577 ) ) ;
#1410 = LINE ( 'NONE', #2112, #4754 ) ;
#1411 = VECTOR ( 'NONE', #3939, 1000.000000000000114 ) ;
#1412 = EDGE_CURVE ( 'NONE', #3373, #583, #2901, .T. ) ;
#1413 = VECTOR ( 'NONE', #4567, 1000.000000000000227 ) ;
#1414 = CARTESIAN_POINT ( 'NONE',  ( -12.19999999999981100, -28.08750000000001279, 54.49390529755315526 ) ) ;
#1415 = ORIENTED_EDGE ( 'NONE', *, *, #461, .F. ) ;
#1416 = DIRECTION ( 'NONE',  ( -0.9848077530122082424, 8.549892653003568583E-14, 0.1736481776669295818 ) ) ;
#1417 = ADVANCED_FACE ( 'NONE', ( #4880 ), #1062, .F. ) ;
#1418 = ORIENTED_EDGE ( 'NONE', *, *, #2292, .T. ) ;
#1419 = AXIS2_PLACEMENT_3D ( 'NONE', #2299, #3838, #435 ) ;
#1420 = FACE_OUTER_BOUND ( 'NONE', #4190, .T. ) ;
#1421 = VECTOR ( 'NONE', #3774, 1000.000000000000114 ) ;
#1422 = CARTESIAN_POINT ( 'NONE',  ( 9.565363211400766730, -27.45192467091533928, 15.03900930917502698 ) ) ;
#1423 = CIRCLE ( 'NONE', #2037, 2.000000000000010658 ) ;
#1424 = DIRECTION ( 'NONE',  ( -0.9848077530122079093, -6.832622436092476642E-15, -0.1736481776669318855 ) ) ;
#1425 = CARTESIAN_POINT ( 'NONE',  ( -4.864746883581735126, -3.175000000000032685, -57.85015120796119703 ) ) ;
#1426 = VERTEX_POINT ( 'NONE', #4824 ) ;
#1427 = CARTESIAN_POINT ( 'NONE',  ( 9.612697609766531315, -27.05099999999993443, -2.599538221926880777 ) ) ;
#1428 = EDGE_CURVE ( 'NONE', #3700, #708, #4056, .T. ) ;
#1429 = AXIS2_PLACEMENT_3D ( 'NONE', #1057, #3361, #1474 ) ;
#1430 = AXIS2_PLACEMENT_3D ( 'NONE', #3071, #4627, #459 ) ;
#1431 = CARTESIAN_POINT ( 'NONE',  ( 9.642325426704950075, -26.44790274137877617, 54.38519387894844925 ) ) ;
#1432 = DIRECTION ( 'NONE',  ( 0.1736481776669315524, 0.000000000000000000, 0.9848077530122077983 ) ) ;
#1433 = ORIENTED_EDGE ( 'NONE', *, *, #1061, .T. ) ;
#1434 = LINE ( 'NONE', #2181, #3060 ) ;
#1435 = CIRCLE ( 'NONE', #3828, 2.000000000000002665 ) ;
#1436 = CARTESIAN_POINT ( 'NONE',  ( -12.56932518103340790, -28.44962285426704796, 15.34323462675665262 ) ) ;
#1437 = DIRECTION ( 'NONE',  ( -1.000000000000000000, -6.677850651179312456E-15, 0.000000000000000000 ) ) ;
#1438 = EDGE_LOOP ( 'NONE', ( #2531, #3713, #2998, #2964, #3622, #3455, #189, #615, #3988 ) ) ;
#1439 = DIRECTION ( 'NONE',  ( 0.1736481776669315524, 0.000000000000000000, 0.9848077530122077983 ) ) ;
#1440 = CARTESIAN_POINT ( 'NONE',  ( 23.39314527630078899, -15.87499999998996358, 89.36381943588528998 ) ) ;
#1441 = B_SPLINE_CURVE_WITH_KNOTS ( 'NONE', 3,
 ( #1363, #942, #1677, #4086 ),
 .UNSPECIFIED., .F., .F.,
 ( 4, 4 ),
 ( 0.000000000000000000, 4.457282258384625265E-05 ),
 .UNSPECIFIED. ) ;
#1442 = ADVANCED_FACE ( 'NONE', ( #1039 ), #1796, .T. ) ;
#1443 = EDGE_LOOP ( 'NONE', ( #4653, #2245 ) ) ;
#1444 = EDGE_LOOP ( 'NONE', ( #1204, #3005 ) ) ;
#1445 = DIRECTION ( 'NONE',  ( -0.9848077530122079093, -6.832622436092476642E-15, 0.1736481776669318855 ) ) ;
#1446 = LINE ( 'NONE', #1122, #4624 ) ;
#1447 = VERTEX_POINT ( 'NONE', #1459 ) ;
#1448 = CARTESIAN_POINT ( 'NONE',  ( 9.525000000000169109, -27.05099999999993088, 54.89732203086564510 ) ) ;
#1449 = FACE_OUTER_BOUND ( 'NONE', #4079, .T. ) ;
#1450 = CARTESIAN_POINT ( 'NONE',  ( 9.526978979102704415, -27.05099999999993088, 15.10267796913286631 ) ) ;
#1451 = DIRECTION ( 'NONE',  ( -0.9848077530122079093, -6.832622436092476642E-15, -0.1736481776669318855 ) ) ;
#1452 = VERTEX_POINT ( 'NONE', #4465 ) ;
#1453 = DIRECTION ( 'NONE',  ( -1.000000000000000000, -6.938893903907222067E-15, 0.000000000000000000 ) ) ;
#1454 = EDGE_CURVE ( 'NONE', #2483, #1452, #3313, .T. ) ;
#1455 = CARTESIAN_POINT ( 'NONE',  ( 9.520796349150973725, -27.05099999999993088, -2.256244136005217449 ) ) ;
#1456 = LINE ( 'NONE', #3746, #2040 ) ;
#1457 = VERTEX_POINT ( 'NONE', #4855 ) ;
#1458 = ADVANCED_FACE ( 'NONE', ( #2182 ), #3340, .F. ) ;
#1459 = CARTESIAN_POINT ( 'NONE',  ( 12.70000000000018936, -28.57499999999991402, 2.884367581288633079E-59 ) ) ;
#1460 = DIRECTION ( 'NONE',  ( 0.1736481776669324406, 0.000000000000000000, -0.9848077530122077983 ) ) ;
#1461 = ORIENTED_EDGE ( 'NONE', *, *, #79, .F. ) ;
#1462 = DIRECTION ( 'NONE',  ( -6.941248134451976036E-15, 1.000000000000000000, 3.172551741487156641E-17 ) ) ;
#1463 = CARTESIAN_POINT ( 'NONE',  ( -13.38680956180626680, -5.175000000000105516, 126.3474816265010361 ) ) ;
#1464 = EDGE_LOOP ( 'NONE', ( #319, #4871, #4581 ) ) ;
#1465 = ORIENTED_EDGE ( 'NONE', *, *, #2371, .F. ) ;
#1466 = CARTESIAN_POINT ( 'NONE',  ( 10.96063281692972247, -28.08749999999992752, 15.50609470244535082 ) ) ;
#1467 = ADVANCED_FACE ( 'NONE', ( #2959 ), #1088, .T. ) ;
#1468 = CARTESIAN_POINT ( 'NONE',  ( -7.430910108977301753, -25.05099999999992733, 69.11488692660384459 ) ) ;
#1469 = DIRECTION ( 'NONE',  ( -0.1736481776669340504, -1.174091553763101431E-15, -0.9848077530122073542 ) ) ;
#1470 = CARTESIAN_POINT ( 'NONE',  ( 0.000000000000000000, -27.05099999999993088, 94.68047560319701006 ) ) ;
#1471 = VERTEX_POINT ( 'NONE', #1850 ) ;
#1472 = CARTESIAN_POINT ( 'NONE',  ( -17.39785257348826164, -5.175000000000119726, -55.64022652275986047 ) ) ;
#1473 = LINE ( 'NONE', #3457, #4516 ) ;
#1474 = DIRECTION ( 'NONE',  ( -0.9848077530122080203, 0.000000000000000000, 0.1736481776669314137 ) ) ;
#1475 = ORIENTED_EDGE ( 'NONE', *, *, #2720, .F. ) ;
#1476 = CARTESIAN_POINT ( 'NONE',  ( 12.42427338477093635, -28.30802121765889012, 54.53407258686336689 ) ) ;
#1477 = EDGE_CURVE ( 'NONE', #3467, #721, #2861, .T. ) ;
#1478 = AXIS2_PLACEMENT_3D ( 'NONE', #1869, #3387, #4188 ) ;
#1479 = FACE_OUTER_BOUND ( 'NONE', #3809, .T. ) ;
#1480 = EDGE_LOOP ( 'NONE', ( #4513, #921, #3292, #740 ) ) ;
#1481 = CARTESIAN_POINT ( 'NONE',  ( 10.94833949280625340, -28.57499999999992113, 54.99374902313147828 ) ) ;
#1482 = FACE_OUTER_BOUND ( 'NONE', #3583, .T. ) ;
#1483 = EDGE_CURVE ( 'NONE', #336, #3373, #1352, .T. ) ;
#1484 = AXIS2_PLACEMENT_3D ( 'NONE', #3807, #1857, #2646 ) ;
#1485 = AXIS2_PLACEMENT_3D ( 'NONE', #286, #4429, #1738 ) ;
#1486 = ORIENTED_EDGE ( 'NONE', *, *, #1735, .T. ) ;
#1487 = CIRCLE ( 'NONE', #4765, 2.000000000000000000 ) ;
#1488 = DIRECTION ( 'NONE',  ( 0.9848077530122081313, 0.000000000000000000, 0.1736481776669297761 ) ) ;
#1489 = VERTEX_POINT ( 'NONE', #3256 ) ;
#1490 = CARTESIAN_POINT ( 'NONE',  ( 6.432826577685822222, -15.87499999999008082, 86.37325764790514881 ) ) ;
#1491 = CARTESIAN_POINT ( 'NONE',  ( -10.45961587380543989, -27.91014405889016814, 15.51128906320705703 ) ) ;
#1492 = ORIENTED_EDGE ( 'NONE', *, *, #2084, .T. ) ;
#1493 = CYLINDRICAL_SURFACE ( 'NONE', #4243, 2.000000000000002665 ) ;
#1494 = SPHERICAL_SURFACE ( 'NONE', #2277, 2.000000000000000000 ) ;
#1495 = AXIS2_PLACEMENT_3D ( 'NONE', #3884, #4590, #1521 ) ;
#1496 = VERTEX_POINT ( 'NONE', #3660 ) ;
#1497 = VECTOR ( 'NONE', #4726, 1000.000000000000000 ) ;
#1498 = FACE_OUTER_BOUND ( 'NONE', #3305, .T. ) ;
#1499 = CIRCLE ( 'NONE', #239, 2.000000000000000000 ) ;
#1500 = CARTESIAN_POINT ( 'NONE',  ( 5.102195580929071994, -3.174999999999965183, 71.32481161180514562 ) ) ;
#1501 = CARTESIAN_POINT ( 'NONE',  ( 12.42427866225309252, -28.30802638108906777, 15.46592451172080018 ) ) ;
#1502 = CARTESIAN_POINT ( 'NONE',  ( -9.524999999999815614, -27.05100000000007654, 68.74564237878773554 ) ) ;
#1503 = CYLINDRICAL_SURFACE ( 'NONE', #1246, 2.000000000000002665 ) ;
#1504 = EDGE_CURVE ( 'NONE', #2185, #1701, #2610, .T. ) ;
#1505 = AXIS2_PLACEMENT_3D ( 'NONE', #2482, #1695, #1432 ) ;
#1506 = DIRECTION ( 'NONE',  ( -0.9848077530122073542, 0.000000000000000000, 0.1736481776669340782 ) ) ;
#1507 = ORIENTED_EDGE ( 'NONE', *, *, #2717, .T. ) ;
#1508 = ADVANCED_FACE ( 'NONE', ( #369 ), #3843, .F. ) ;
#1509 = CIRCLE ( 'NONE', #4233, 2.575000000000010392 ) ;
#1510 = DIRECTION ( 'NONE',  ( 0.9848077530122082424, 0.000000000000000000, 0.1736481776669299149 ) ) ;
#1511 = CYLINDRICAL_SURFACE ( 'NONE', #2093, 1.999999999999999334 ) ;
#1512 = FACE_OUTER_BOUND ( 'NONE', #2627, .T. ) ;
#1513 = ORIENTED_EDGE ( 'NONE', *, *, #40, .F. ) ;
#1514 = AXIS2_PLACEMENT_3D ( 'NONE', #2812, #243, #2502 ) ;
#1515 = ADVANCED_FACE ( 'NONE', ( #1498 ), #69, .F. ) ;
#1516 = PRODUCT_RELATED_PRODUCT_CATEGORY ( 'part', '', ( #749 ) ) ;
#1517 = VERTEX_POINT ( 'NONE', #192 ) ;
#1518 = CARTESIAN_POINT ( 'NONE',  ( 3.271961550609277847, -5.174999999999950084, -0.1870436273167576657 ) ) ;
#1519 = DIRECTION ( 'NONE',  ( -7.134708084256388822E-15, 1.000000000000000000, -5.034428470365732406E-16 ) ) ;
#1520 = ORIENTED_EDGE ( 'NONE', *, *, #4185, .T. ) ;
#1521 = DIRECTION ( 'NONE',  ( -1.000000000000000000, 0.000000000000000000, 0.000000000000000000 ) ) ;
#1522 = CARTESIAN_POINT ( 'NONE',  ( -11.04899999999980409, -28.57500000000007034, 15.49390339206539302 ) ) ;
#1523 = EDGE_LOOP ( 'NONE', ( #607, #2638, #714, #3111, #3747, #3345, #992, #108, #856, #38, #4563 ) ) ;
#1524 = CARTESIAN_POINT ( 'NONE',  ( -6.834362389606144284, -5.175000000000033573, 127.5028548526267684 ) ) ;
#1525 = ORIENTED_EDGE ( 'NONE', *, *, #4456, .T. ) ;
#1526 = CARTESIAN_POINT ( 'NONE',  ( -11.04899999999981475, -27.05100000000007299, 1.370765948028626502 ) ) ;
#1527 = CARTESIAN_POINT ( 'NONE',  ( 12.20000000000018225, -28.08749999999998082, 15.50609470244534904 ) ) ;
#1528 = CARTESIAN_POINT ( 'NONE',  ( -3.775000000000000355, -26.60160000000020730, 15.60011101990452786 ) ) ;
#1529 = EDGE_LOOP ( 'NONE', ( #4127, #2519, #1090, #2674, #1584, #1803 ) ) ;
#1530 = EDGE_CURVE ( 'NONE', #4596, #4299, #4307, .T. ) ;
#1531 =( BOUNDED_SURFACE ( )  B_SPLINE_SURFACE ( 3, 1, ( 
 ( #2785, #3177 ),
 ( #3894, #4719 ),
 ( #2352, #2808 ),
 ( #1248, #1980 ) ),
 .UNSPECIFIED., .F., .F., .T. ) 
 B_SPLINE_SURFACE_WITH_KNOTS ( ( 4, 4 ),
 ( 2, 2 ),
 ( 0.000000000000000000, 1.000000000000000000 ),
 ( 0.000000000000000000, 1.000000000000000000 ),
 .UNSPECIFIED. ) 
 GEOMETRIC_REPRESENTATION_ITEM ( )  RATIONAL_B_SPLINE_SURFACE ( (
 ( 1.000000000000000000, 1.000000000000000000),
 ( 0.8047378541243649375, 0.8047378541243649375),
 ( 0.8047378541243649375, 0.8047378541243649375),
 ( 1.000000000000000000, 1.000000000000000000) ) ) 
 REPRESENTATION_ITEM ( '' )  SURFACE ( )  );
#1532 = CARTESIAN_POINT ( 'NONE',  ( 6.653928519891352700, -3.174999999999952749, 68.82673287423705233 ) ) ;
#1533 = CARTESIAN_POINT ( 'NONE',  ( 11.04900000000018423, -28.57499999999992113, 54.99374902313146407 ) ) ;
#1534 = DIRECTION ( 'NONE',  ( 0.000000000000000000, 0.000000000000000000, -1.000000000000000000 ) ) ;
#1535 = ORIENTED_EDGE ( 'NONE', *, *, #377, .F. ) ;
#1536 = ORIENTED_EDGE ( 'NONE', *, *, #3261, .F. ) ;
#1537 = ADVANCED_FACE ( 'NONE', ( #2003 ), #1636, .F. ) ;
#1538 = CARTESIAN_POINT ( 'NONE',  ( -5.704600393942264702, -15.87499999999012346, 121.0956561861232359 ) ) ;
#1539 = ORIENTED_EDGE ( 'NONE', *, *, #3987, .F. ) ;
#1540 = DIRECTION ( 'NONE',  ( 1.000000000000000000, 4.202843067175781436E-15, -0.000000000000000000 ) ) ;
#1541 = CARTESIAN_POINT ( 'NONE',  ( -10.08298913259886831, -27.43163955872932647, 15.53336502718068779 ) ) ;
#1542 = ORIENTED_EDGE ( 'NONE', *, *, #769, .F. ) ;
#1543 = DIRECTION ( 'NONE',  ( 0.000000000000000000, -1.734723475976805517E-15, -1.000000000000000000 ) ) ;
#1544 = ORIENTED_EDGE ( 'NONE', *, *, #4537, .T. ) ;
#1545 = EDGE_CURVE ( 'NONE', #2933, #2483, #4259, .T. ) ;
#1546 = LINE ( 'NONE', #4602, #3299 ) ;
#1547 = DIRECTION ( 'NONE',  ( 0.9848077530122074652, -2.063142973253231797E-16, -0.1736481776669340782 ) ) ;
#1548 = DIRECTION ( 'NONE',  ( 0.1736481776669340504, 0.000000000000000000, 0.9848077530122073542 ) ) ;
#1549 = ORIENTED_EDGE ( 'NONE', *, *, #4544, .T. ) ;
#1550 = DIRECTION ( 'NONE',  ( -0.9848077530122075762, 2.602085213965210642E-15, 0.1736481776669339949 ) ) ;
#1551 = FACE_OUTER_BOUND ( 'NONE', #751, .T. ) ;
#1552 = EDGE_LOOP ( 'NONE', ( #160, #1971, #505, #2362, #1878, #4882 ) ) ;
#1553 = CARTESIAN_POINT ( 'NONE',  ( 3.447104020701226457, -27.05099999999993088, 73.13061018528404134 ) ) ;
#1554 = EDGE_LOOP ( 'NONE', ( #1891, #3369, #3853, #2735 ) ) ;
#1555 = AXIS2_PLACEMENT_3D ( 'NONE', #2614, #2584, #674 ) ;
#1556 = EDGE_CURVE ( 'NONE', #2588, #2868, #2397, .T. ) ;
#1557 = FACE_BOUND ( 'NONE', #1444, .T. ) ;
#1558 = ORIENTED_EDGE ( 'NONE', *, *, #2624, .T. ) ;
#1559 = EDGE_CURVE ( 'NONE', #2741, #756, #230, .T. ) ;
#1560 = CARTESIAN_POINT ( 'NONE',  ( 10.08298913259915430, -27.43163955872902804, 15.53336502718070022 ) ) ;
#1561 = PLANE ( 'NONE',  #1635 ) ;
#1562 = EDGE_LOOP ( 'NONE', ( #2386, #3243, #3397, #4151 ) ) ;
#1563 = CARTESIAN_POINT ( 'NONE',  ( 12.28740357568882935, -28.57499999999991758, -2.591757643284004597 ) ) ;
#1564 = ORIENTED_EDGE ( 'NONE', *, *, #3121, .F. ) ;
#1565 = AXIS2_PLACEMENT_3D ( 'NONE', #2936, #3688, #988 ) ;
#1566 = CARTESIAN_POINT ( 'NONE',  ( 3.390395190648330281, -3.174999999999975842, 71.02297501741136898 ) ) ;
#1567 = ADVANCED_FACE ( 'NONE', ( #3525, #535, #1293 ), #3482, .F. ) ;
#1568 = ADVANCED_FACE ( 'NONE', ( #4669 ), #4280, .T. ) ;
#1569 = CARTESIAN_POINT ( 'NONE',  ( 3.447104020701226457, -3.174999999999974953, 73.13061018528402712 ) ) ;
#1570 = FACE_OUTER_BOUND ( 'NONE', #558, .T. ) ;
#1571 = CIRCLE ( 'NONE', #4386, 2.000000000000000888 ) ;
#1572 = AXIS2_PLACEMENT_3D ( 'NONE', #4733, #4140, #3568 ) ;
#1573 = CARTESIAN_POINT ( 'NONE',  ( 9.672456743114850042, -27.25376927560356677, 72.28298595536533355 ) ) ;
#1574 = EDGE_LOOP ( 'NONE', ( #1100, #113, #2150, #1628, #2263 ) ) ;
#1575 = DIRECTION ( 'NONE',  ( 0.9848077530122085754, 0.000000000000000000, 0.1736481776669279720 ) ) ;
#1576 = VERTEX_POINT ( 'NONE', #3865 ) ;
#1577 = AXIS2_PLACEMENT_3D ( 'NONE', #4485, #3825, #3008 ) ;
#1578 = VECTOR ( 'NONE', #4382, 1000.000000000000114 ) ;
#1579 = LINE ( 'NONE', #1553, #2332 ) ;
#1580 = ORIENTED_EDGE ( 'NONE', *, *, #782, .T. ) ;
#1581 = ORIENTED_EDGE ( 'NONE', *, *, #4601, .F. ) ;
#1582 = EDGE_CURVE ( 'NONE', #2481, #75, #4001, .T. ) ;
#1583 = FACE_OUTER_BOUND ( 'NONE', #1331, .T. ) ;
#1584 = ORIENTED_EDGE ( 'NONE', *, *, #3497, .T. ) ;
#1585 = CARTESIAN_POINT ( 'NONE',  ( 10.17971672197860933, -28.30961174453415197, 15.49761382787417752 ) ) ;
#1586 = DIRECTION ( 'NONE',  ( -0.9848077530122071321, 0.000000000000000000, -0.1736481776669351884 ) ) ;
#1587 = ORIENTED_EDGE ( 'NONE', *, *, #1775, .F. ) ;
#1588 = CARTESIAN_POINT ( 'NONE',  ( -10.65462829289234392, -28.52643261217022186, 15.00708948259241993 ) ) ;
#1589 = CARTESIAN_POINT ( 'NONE',  ( 11.21062598781459307, -28.57499999999992113, 72.55420669410187884 ) ) ;
#1590 = CARTESIAN_POINT ( 'NONE',  ( 3.353735655167508156, -3.174999999999715161, 70.91936457358229973 ) ) ;
#1591 = CARTESIAN_POINT ( 'NONE',  ( -6.834362389606140731, -27.05099999999993088, 127.5028548526267400 ) ) ;
#1592 = CARTESIAN_POINT ( 'NONE',  ( -4.864746883581729797, -5.175000000000033573, -57.85015120796120414 ) ) ;
#1593 = ORIENTED_EDGE ( 'NONE', *, *, #3950, .F. ) ;
#1594 = DIRECTION ( 'NONE',  ( -0.9848077530122073542, 0.000000000000000000, -0.1736481776669350774 ) ) ;
#1595 = EDGE_CURVE ( 'NONE', #4277, #3820, #2733, .T. ) ;
#1596 = SPHERICAL_SURFACE ( 'NONE', #2840, 2.000000000000000000 ) ;
#1597 = EDGE_LOOP ( 'NONE', ( #3674, #3450 ) ) ;
#1598 = CARTESIAN_POINT ( 'NONE',  ( -9.498952773349778056, -27.05099999999993088, 68.75023520761875773 ) ) ;
#1599 = CARTESIAN_POINT ( 'NONE',  ( -7.381616104373516229, -5.324999999999975309, 0.8764212103968147538 ) ) ;
#1600 = ORIENTED_EDGE ( 'NONE', *, *, #4366, .T. ) ;
#1601 = EDGE_CURVE ( 'NONE', #1282, #1865, #1487, .T. ) ;
#1602 = CARTESIAN_POINT ( 'NONE',  ( 3.367883577368086190, -27.05099999999993088, -2.965230566795109546 ) ) ;
#1603 = ORIENTED_EDGE ( 'NONE', *, *, #250, .F. ) ;
#1604 = DIRECTION ( 'NONE',  ( -2.094073006735369132E-16, 1.000000000000000000, 1.187607817205041341E-15 ) ) ;
#1605 = ORIENTED_EDGE ( 'NONE', *, *, #3770, .T. ) ;
#1606 = CARTESIAN_POINT ( 'NONE',  ( 9.620750581285394176, -27.59905339511230338, 15.52335391312322166 ) ) ;
#1607 = CARTESIAN_POINT ( 'NONE',  ( -9.524999999999815614, -27.05100000000007654, 54.94185106754060399 ) ) ;
#1608 = ORIENTED_EDGE ( 'NONE', *, *, #2253, .F. ) ;
#1609 = CARTESIAN_POINT ( 'NONE',  ( -17.39785257348826164, -5.175000000000124167, 125.6402265227593062 ) ) ;
#1610 = CARTESIAN_POINT ( 'NONE',  ( -11.04899999999980587, -28.08750000000007319, 54.49390529755315526 ) ) ;
#1611 = ORIENTED_EDGE ( 'NONE', *, *, #618, .F. ) ;
#1612 = DIRECTION ( 'NONE',  ( -0.1736481776669315524, 0.000000000000000000, 0.9848077530122077983 ) ) ;
#1613 = PLANE ( 'NONE',  #4621 ) ;
#1614 = CARTESIAN_POINT ( 'NONE',  ( 9.546843575801013060, -27.05099999999993088, -2.108522973053386540 ) ) ;
#1615 = ADVANCED_FACE ( 'NONE', ( #3505 ), #1531, .F. ) ;
#1616 = CARTESIAN_POINT ( 'NONE',  ( 3.390974049655448130, -27.05099999999993798, 71.28609226127983334 ) ) ;
#1617 = ORIENTED_EDGE ( 'NONE', *, *, #1304, .T. ) ;
#1618 = CARTESIAN_POINT ( 'NONE',  ( -13.73410591713997420, -28.65998555266133607, -58.31709713252595861 ) ) ;
#1619 = EDGE_CURVE ( 'NONE', #3957, #1160, #4355, .T. ) ;
#1620 = DIRECTION ( 'NONE',  ( 0.1572158889192375175, 1.062987529022502725E-15, 0.9875642582998506169 ) ) ;
#1621 =( NAMED_UNIT ( * ) SI_UNIT ( $, .STERADIAN. ) SOLID_ANGLE_UNIT ( ) );
#1622 = DIRECTION ( 'NONE',  ( -1.000000000000000000, -6.938893903907229955E-15, 0.000000000000000000 ) ) ;
#1623 = EDGE_CURVE ( 'NONE', #3230, #1471, #834, .T. ) ;
#1624 = ORIENTED_EDGE ( 'NONE', *, *, #3221, .T. ) ;
#1625 = EDGE_CURVE ( 'NONE', #3467, #951, #1382, .T. ) ;
#1626 = AXIS2_PLACEMENT_3D ( 'NONE', #4150, #4493, #1069 ) ;
#1627 = CARTESIAN_POINT ( 'NONE',  ( -9.426572841651134738, -114.6022714177932329, 68.91531173422181666 ) ) ;
#1628 = ORIENTED_EDGE ( 'NONE', *, *, #675, .F. ) ;
#1629 = DIRECTION ( 'NONE',  ( -0.9848077530122073542, 0.000000000000000000, 0.1736481776669339949 ) ) ;
#1630 = DIRECTION ( 'NONE',  ( -7.134708084256403022E-15, 1.000000000000000000, -5.034428470365610132E-16 ) ) ;
#1631 = AXIS2_PLACEMENT_3D ( 'NONE', #2962, #4511, #298 ) ;
#1632 = ORIENTED_EDGE ( 'NONE', *, *, #2827, .F. ) ;
#1633 = CARTESIAN_POINT ( 'NONE',  ( -7.407663331023556452, -5.324999999999975309, 0.7287000474449836229 ) ) ;
#1634 = ORIENTED_EDGE ( 'NONE', *, *, #3670, .T. ) ;
#1635 = AXIS2_PLACEMENT_3D ( 'NONE', #2226, #1172, #2655 ) ;
#1636 = CYLINDRICAL_SURFACE ( 'NONE', #3543, 2.575000000000013944 ) ;
#1637 = DIRECTION ( 'NONE',  ( 0.1736481776669317190, 1.204775684477112831E-15, 0.9848077530122080203 ) ) ;
#1638 = CARTESIAN_POINT ( 'NONE',  ( -17.39785257348812308, -27.05099999999993088, -55.64022652275987468 ) ) ;
#1639 = FACE_OUTER_BOUND ( 'NONE', #4843, .T. ) ;
#1640 = AXIS2_PLACEMENT_3D ( 'NONE', #4187, #3793, #133 ) ;
#1641 = EDGE_CURVE ( 'NONE', #4770, #2868, #858, .T. ) ;
#1642 = AXIS2_PLACEMENT_3D ( 'NONE', #1627, #2777, #3138 ) ;
#1643 = LINE ( 'NONE', #3560, #1259 ) ;
#1644 = ORIENTED_EDGE ( 'NONE', *, *, #4305, .T. ) ;
#1645 = EDGE_CURVE ( 'NONE', #1682, #3315, #1801, .T. ) ;
#1646 = LINE ( 'NONE', #1281, #3810 ) ;
#1647 = CARTESIAN_POINT ( 'NONE',  ( 3.348669413685393170, -3.174999999999975397, 70.86947168615766657 ) ) ;
#1648 = VECTOR ( 'NONE', #4421, 1000.000000000000000 ) ;
#1649 = ORIENTED_EDGE ( 'NONE', *, *, #3399, .T. ) ;
#1650 = VECTOR ( 'NONE', #3974, 1000.000000000000000 ) ;
#1651 = CARTESIAN_POINT ( 'NONE',  ( -9.698689805432643141, -26.91929358545244000, 54.55390106526522942 ) ) ;
#1652 = ADVANCED_FACE ( 'NONE', ( #3278 ), #1371, .T. ) ;
#1653 = CARTESIAN_POINT ( 'NONE',  ( -12.25704756614241475, -15.87499999999016786, -49.94028295999802936 ) ) ;
#1654 = VECTOR ( 'NONE', #4878, 1000.000000000000114 ) ;
#1655 = CARTESIAN_POINT ( 'NONE',  ( -12.70000000000000107, -8.673617379884035472E-14, 70.00000000000000000 ) ) ;
#1656 = VECTOR ( 'NONE', #587, 1000.000000000000114 ) ;
#1657 = ADVANCED_FACE ( 'NONE', ( #3627 ), #4416, .F. ) ;
#1658 = FACE_OUTER_BOUND ( 'NONE', #1562, .T. ) ;
#1659 = VERTEX_POINT ( 'NONE', #640 ) ;
#1660 = CARTESIAN_POINT ( 'NONE',  ( -9.524999999999817391, -27.94373853094339921, 1.254357621211784179 ) ) ;
#1661 = CARTESIAN_POINT ( 'NONE',  ( -7.456957335627595995, -3.175000000000050449, 0.7373919104438203531 ) ) ;
#1662 = ORIENTED_EDGE ( 'NONE', *, *, #3075, .F. ) ;
#1663 = LINE ( 'NONE', #1702, #408 ) ;
#1664 = ORIENTED_EDGE ( 'NONE', *, *, #1386, .T. ) ;
#1665 = DIRECTION ( 'NONE',  ( -0.9848077530122075762, 0.000000000000000000, 0.1736481776669339949 ) ) ;
#1666 = FACE_OUTER_BOUND ( 'NONE', #3098, .T. ) ;
#1667 = LINE ( 'NONE', #1249, #2338 ) ;
#1668 = CARTESIAN_POINT ( 'NONE',  ( -10.03665368237524191, -27.26285663563506745, 54.45598699770714290 ) ) ;
#1669 = CARTESIAN_POINT ( 'NONE',  ( -11.04899999999981297, -27.05100000000007654, 70.00000000000000000 ) ) ;
#1670 = VERTEX_POINT ( 'NONE', #2170 ) ;
#1671 = LINE ( 'NONE', #197, #316 ) ;
#1672 = ORIENTED_EDGE ( 'NONE', *, *, #785, .T. ) ;
#1673 = DIRECTION ( 'NONE',  ( -0.9848077530122075762, 0.000000000000000000, 0.1736481776669340504 ) ) ;
#1674 = ORIENTED_EDGE ( 'NONE', *, *, #1177, .F. ) ;
#1675 = ADVANCED_FACE ( 'NONE', ( #3655 ), #590, .T. ) ;
#1676 = CARTESIAN_POINT ( 'NONE',  ( -10.01088485616068269, -26.68471493593973776, 54.40834361685789844 ) ) ;
#1677 = CARTESIAN_POINT ( 'NONE',  ( -3.275000000000000355, -27.05099999999993088, 54.92699346001264615 ) ) ;
#1678 = CARTESIAN_POINT ( 'NONE',  ( 3.379528257343809017, -28.57499999999997442, 71.17337287565501924 ) ) ;
#1679 = ORIENTED_EDGE ( 'NONE', *, *, #3238, .T. ) ;
#1680 = DIRECTION ( 'NONE',  ( 0.1572158889192374898, 0.000000000000000000, 0.9875642582998505059 ) ) ;
#1681 = CARTESIAN_POINT ( 'NONE',  ( -9.661710804067611846, -26.40612922668343643, 15.09585228061591344 ) ) ;
#1682 = VERTEX_POINT ( 'NONE', #3703 ) ;
#1683 = CARTESIAN_POINT ( 'NONE',  ( 6.970476246001352294, -3.174999999999950528, 71.80655389237617214 ) ) ;
#1684 = EDGE_CURVE ( 'NONE', #985, #471, #688, .T. ) ;
#1685 = VERTEX_POINT ( 'NONE', #4813 ) ;
#1686 = CARTESIAN_POINT ( 'NONE',  ( -9.524999999999815614, -27.05100000000007654, 70.00000000000000000 ) ) ;
#1687 = DIRECTION ( 'NONE',  ( -0.000000000000000000, -0.000000000000000000, -1.000000000000000000 ) ) ;
#1688 = CARTESIAN_POINT ( 'NONE',  ( 12.28740357568824315, -28.57499999999991758, 72.59175764328331582 ) ) ;
#1689 = CARTESIAN_POINT ( 'NONE',  ( -9.620750581285104630, -27.59905339511289668, 54.47664608687529153 ) ) ;
#1690 = DIRECTION ( 'NONE',  ( 0.9848077530122074652, 9.144308783090072201E-15, -0.1736481776669338561 ) ) ;
#1691 = ORIENTED_EDGE ( 'NONE', *, *, #3164, .T. ) ;
#1692 = EDGE_CURVE ( 'NONE', #951, #4436, #3220, .T. ) ;
#1693 = DIRECTION ( 'NONE',  ( -6.456937050947709188E-15, 1.000000000000000000, 3.340387692030498243E-15 ) ) ;
#1694 = ORIENTED_EDGE ( 'NONE', *, *, #2070, .F. ) ;
#1695 = DIRECTION ( 'NONE',  ( -0.9848077530122079093, -6.832622436092476642E-15, 0.1736481776669318577 ) ) ;
#1696 = CARTESIAN_POINT ( 'NONE',  ( -3.317715347193135766, -28.65985123936282974, 130.1537878316042907 ) ) ;
#1697 = CARTESIAN_POINT ( 'NONE',  ( -12.38098207348418889, -15.87499999999020872, 85.67059909842332388 ) ) ;
#1698 = ORIENTED_EDGE ( 'NONE', *, *, #4515, .F. ) ;
#1699 = DIRECTION ( 'NONE',  ( -0.9875642582998506169, -6.677241708186180893E-15, 0.1572158889192375175 ) ) ;
#1700 = CARTESIAN_POINT ( 'NONE',  ( 37.30000000000020322, -28.57499999999973994, 34.99999999999925393 ) ) ;
#1701 = VERTEX_POINT ( 'NONE', #2072 ) ;
#1702 = CARTESIAN_POINT ( 'NONE',  ( -5.212043238915593513, -28.65985123936290080, 129.8197667139850466 ) ) ;
#1703 = EDGE_LOOP ( 'NONE', ( #1141, #2572, #163, #4340, #3038 ) ) ;
#1704 = CIRCLE ( 'NONE', #1313, 2.575000000000013944 ) ;
#1705 = CARTESIAN_POINT ( 'NONE',  ( -11.04899999999981297, -27.05100000000007654, 70.00000000000000000 ) ) ;
#1706 = EDGE_CURVE ( 'NONE', #2166, #2826, #2828, .T. ) ;
#1707 = TOROIDAL_SURFACE ( 'NONE', #4519, 20.00000000000000355, 0.5000000000000000000 ) ;
#1708 = CARTESIAN_POINT ( 'NONE',  ( -2.970418991858672086, -114.6022714177931903, 128.1841723255798797 ) ) ;
#1709 = CARTESIAN_POINT ( 'NONE',  ( -19.39785257348811953, -25.05099999999994154, 125.6402265227593062 ) ) ;
#1710 = EDGE_LOOP ( 'NONE', ( #399, #2871, #2673, #813 ) ) ;
#1711 = CARTESIAN_POINT ( 'NONE',  ( -9.795151113271385768, -27.92750710543712600, 54.97828117853179464 ) ) ;
#1712 = DIRECTION ( 'NONE',  ( -0.9848077530122075762, 0.000000000000000000, 0.1736481776669340504 ) ) ;
#1713 = AXIS2_PLACEMENT_3D ( 'NONE', #1405, #748, #3664 ) ;
#1714 = CIRCLE ( 'NONE', #2586, 2.000000000000000444 ) ;
#1715 = ADVANCED_FACE ( 'NONE', ( #4450 ), #3601, .T. ) ;
#1716 = CARTESIAN_POINT ( 'NONE',  ( -2.970418991859429703, -5.175000000000026468, 128.1841723255798513 ) ) ;
#1717 = ORIENTED_EDGE ( 'NONE', *, *, #4115, .F. ) ;
#1718 = CARTESIAN_POINT ( 'NONE',  ( 37.30000000000020322, -26.55099999999992733, 54.89732203086564510 ) ) ;
#1719 = VERTEX_POINT ( 'NONE', #2474 ) ;
#1720 = CARTESIAN_POINT ( 'NONE',  ( -19.36746807951191585, -114.6022714177933040, 125.2929301674254248 ) ) ;
#1721 = CARTESIAN_POINT ( 'NONE',  ( -11.04899999999980231, -28.57500000000007390, 54.99374902313146407 ) ) ;
#1722 = CIRCLE ( 'NONE', #630, 20.00000000000000355 ) ;
#1723 = CARTESIAN_POINT ( 'NONE',  ( 3.379528257343632713, -4.159134063252292179, 71.17337287565506188 ) ) ;
#1724 = TOROIDAL_SURFACE ( 'NONE', #4847, 20.00000000000000355, 0.5000000000000000000 ) ;
#1725 = AXIS2_PLACEMENT_3D ( 'NONE', #2850, #4018, #2092 ) ;
#1726 = VECTOR ( 'NONE', #3033, 1000.000000000000114 ) ;
#1727 = ORIENTED_EDGE ( 'NONE', *, *, #4618, .F. ) ;
#1728 = DIRECTION ( 'NONE',  ( 0.9848077530122073542, 1.734723475976805911E-15, 0.1736481776669350774 ) ) ;
#1729 = CARTESIAN_POINT ( 'NONE',  ( 3.390395190648323620, -27.05099999999993443, 71.02297501741134056 ) ) ;
#1730 = ORIENTED_EDGE ( 'NONE', *, *, #553, .F. ) ;
#1731 = CARTESIAN_POINT ( 'NONE',  ( -13.73410591713997420, -28.65998555266133607, -58.31709713252595861 ) ) ;
#1732 = DIRECTION ( 'NONE',  ( -1.000000000000000000, -6.938893903907222067E-15, 0.000000000000000000 ) ) ;
#1733 = ORIENTED_EDGE ( 'NONE', *, *, #1428, .T. ) ;
#1734 = CIRCLE ( 'NONE', #4543, 2.575000000000010392 ) ;
#1735 = EDGE_CURVE ( 'NONE', #721, #4436, #3231, .T. ) ;
#1736 = CARTESIAN_POINT ( 'NONE',  ( 9.525000000000172662, -27.05099999999993088, 1.032685228116261733 ) ) ;
#1737 = DIRECTION ( 'NONE',  ( 0.9848077530122079093, 6.832622436092476642E-15, -0.1736481776669318577 ) ) ;
#1738 = DIRECTION ( 'NONE',  ( -1.000000000000000000, -6.942122096537190633E-15, 0.000000000000000000 ) ) ;
#1739 = VERTEX_POINT ( 'NONE', #3249 ) ;
#1740 = FACE_OUTER_BOUND ( 'NONE', #2737, .T. ) ;
#1741 = AXIS2_PLACEMENT_3D ( 'NONE', #3659, #646, #1712 ) ;
#1742 = DIRECTION ( 'NONE',  ( -0.9848077530122073542, -6.836577773956856050E-15, 0.1736481776669339672 ) ) ;
#1743 = CARTESIAN_POINT ( 'NONE',  ( 10.51596270391361188, -28.50312062381766509, 54.99268146864359608 ) ) ;
#1744 = DIRECTION ( 'NONE',  ( 6.920681583949467609E-15, -1.000000000000000000, -2.809907966117629322E-17 ) ) ;
#1745 = ORIENTED_EDGE ( 'NONE', *, *, #2371, .T. ) ;
#1746 = DIRECTION ( 'NONE',  ( -0.1736481776669318577, -1.205928582073525537E-15, -0.9848077530122076872 ) ) ;
#1747 = EDGE_CURVE ( 'NONE', #471, #3963, #2147, .T. ) ;
#1748 = EDGE_LOOP ( 'NONE', ( #1691, #2914, #4099 ) ) ;
#1749 = CARTESIAN_POINT ( 'NONE',  ( -10.52052173278273450, -28.50419630511628810, 54.50577382555977834 ) ) ;
#1750 = DIRECTION ( 'NONE',  ( 1.000000000000000000, 0.000000000000000000, 0.000000000000000000 ) ) ;
#1751 = ORIENTED_EDGE ( 'NONE', *, *, #4306, .T. ) ;
#1752 = CARTESIAN_POINT ( 'NONE',  ( 9.565363211400772059, -27.45192467091533572, 54.96099069082349331 ) ) ;
#1753 = ADVANCED_FACE ( 'NONE', ( #4122 ), #2626, .T. ) ;
#1754 = CARTESIAN_POINT ( 'NONE',  ( -5.212043238915593513, -25.05099999999993088, 129.8197667139850466 ) ) ;
#1755 = CARTESIAN_POINT ( 'NONE',  ( 10.07752227345130969, -27.44993670804942809, 15.53190172466832308 ) ) ;
#1756 = EDGE_LOOP ( 'NONE', ( #1119, #4430, #3592, #634 ) ) ;
#1757 = DIRECTION ( 'NONE',  ( -6.938226849142563131E-15, 1.000000000000000000, -1.135382491375578063E-18 ) ) ;
#1758 = CARTESIAN_POINT ( 'NONE',  ( 9.672456743114850042, -27.05099999999993088, 72.28298595536536197 ) ) ;
#1759 = CARTESIAN_POINT ( 'NONE',  ( -12.19999999999980744, -28.57500000000008455, 34.99999999999925393 ) ) ;
#1760 = CARTESIAN_POINT ( 'NONE',  ( 10.01088485615486512, -26.68471493592898369, 15.59165638314163438 ) ) ;
#1761 = EDGE_LOOP ( 'NONE', ( #4271, #3918, #3848, #1799 ) ) ;
#1762 = CARTESIAN_POINT ( 'NONE',  ( -9.524986222726962382, -26.91886455934545097, 54.93506648378123458 ) ) ;
#1763 = CARTESIAN_POINT ( 'NONE',  ( -15.35642506783067418, -5.175000000000104627, 126.0001852711670978 ) ) ;
#1764 = CARTESIAN_POINT ( 'NONE',  ( 9.672219330788649927, -27.71790203922385132, 54.48254023588260964 ) ) ;
#1765 = CARTESIAN_POINT ( 'NONE',  ( 9.525000000000176215, -27.05099999999993088, 54.92699340410276676 ) ) ;
#1766 = ORIENTED_EDGE ( 'NONE', *, *, #4410, .T. ) ;
#1767 = DIRECTION ( 'NONE',  ( -0.1736481776669316635, 0.000000000000000000, -0.9848077530122077983 ) ) ;
#1768 = ADVANCED_FACE ( 'NONE', ( #1168 ), #1860, .F. ) ;
#1769 = ORIENTED_EDGE ( 'NONE', *, *, #3514, .F. ) ;
#1770 = FACE_OUTER_BOUND ( 'NONE', #522, .T. ) ;
#1771 = PLANE ( 'NONE',  #1808 ) ;
#1772 = EDGE_CURVE ( 'NONE', #1911, #1149, #2759, .T. ) ;
#1773 = DIRECTION ( 'NONE',  ( -0.1736481776669315524, 0.000000000000000000, 0.9848077530122077983 ) ) ;
#1774 = EDGE_CURVE ( 'NONE', #756, #4089, #3803, .T. ) ;
#1775 = EDGE_CURVE ( 'NONE', #2853, #3790, #2676, .T. ) ;
#1776 = CARTESIAN_POINT ( 'NONE',  ( 3.274999999999999911, -28.57499999999997087, 34.99999999999925393 ) ) ;
#1777 = ORIENTED_EDGE ( 'NONE', *, *, #902, .F. ) ;
#1778 = CARTESIAN_POINT ( 'NONE',  ( 12.20000000000018581, -28.57499999999991402, 14.99999999999925038 ) ) ;
#1779 = ORIENTED_EDGE ( 'NONE', *, *, #2789, .F. ) ;
#1780 = CARTESIAN_POINT ( 'NONE',  ( -22.01035358772235284, -3.175000000000151701, -54.82691814540520170 ) ) ;
#1781 = CARTESIAN_POINT ( 'NONE',  ( 9.525000000000179767, -27.25205318753399553, 15.04782499295311027 ) ) ;
#1782 = DIRECTION ( 'NONE',  ( -0.1736481776669315524, 0.000000000000000000, 0.9848077530122077983 ) ) ;
#1783 = CYLINDRICAL_SURFACE ( 'NONE', #4522, 0.5000000000000004441 ) ;
#1784 = EDGE_LOOP ( 'NONE', ( #3891, #2715, #4639, #4414 ) ) ;
#1785 = CARTESIAN_POINT ( 'NONE',  ( -13.38680956180630055, 60.11135514537507163, -56.34748162650161163 ) ) ;
#1786 = VECTOR ( 'NONE', #2365, 1000.000000000000000 ) ;
#1787 = CARTESIAN_POINT ( 'NONE',  ( 10.07313739332402669, -28.22887293027166677, 54.50068990033341265 ) ) ;
#1788 = CARTESIAN_POINT ( 'NONE',  ( -10.15536920375329721, -26.60160000000025704, 15.60011101990452609 ) ) ;
#1789 = DIRECTION ( 'NONE',  ( -0.9848077530122076872, -6.832622436092475853E-15, -0.1736481776669318577 ) ) ;
#1790 = VECTOR ( 'NONE', #3206, 999.9999999999998863 ) ;
#1791 = ORIENTED_EDGE ( 'NONE', *, *, #2843, .F. ) ;
#1792 = AXIS2_PLACEMENT_3D ( 'NONE', #629, #3188, #4007 ) ;
#1793 = CARTESIAN_POINT ( 'NONE',  ( -16.26402102478716571, -27.05099999999993088, 2.442628851443404248 ) ) ;
#1794 = EDGE_LOOP ( 'NONE', ( #3009, #4274, #199, #4822 ) ) ;
#1795 = ADVANCED_FACE ( 'NONE', ( #3351 ), #42, .T. ) ;
#1796 = PLANE ( 'NONE',  #4680 ) ;
#1797 = CIRCLE ( 'NONE', #2899, 2.575000000000013944 ) ;
#1798 = CARTESIAN_POINT ( 'NONE',  ( -12.19999999999981100, -28.08750000000000924, 15.50609470244535260 ) ) ;
#1799 = ORIENTED_EDGE ( 'NONE', *, *, #4874, .T. ) ;
#1800 = CARTESIAN_POINT ( 'NONE',  ( 11.04900000000018245, -28.57499999999992113, 1.069481190457824971 ) ) ;
#1801 = CIRCLE ( 'NONE', #315, 20.00000000000000355 ) ;
#1802 = CARTESIAN_POINT ( 'NONE',  ( -3.419867097295484992, -3.175000000000023359, 69.82214203034551758 ) ) ;
#1803 = ORIENTED_EDGE ( 'NONE', *, *, #1601, .T. ) ;
#1804 = EDGE_LOOP ( 'NONE', ( #3649, #4378, #248, #4011, #82 ) ) ;
#1805 = CIRCLE ( 'NONE', #4060, 1.999999999999996891 ) ;
#1806 = EDGE_CURVE ( 'NONE', #4214, #1196, #4179, .T. ) ;
#1807 = CARTESIAN_POINT ( 'NONE',  ( 37.30000000000020322, -28.08749999999966818, 15.50609470244534904 ) ) ;
#1808 = AXIS2_PLACEMENT_3D ( 'NONE', #2908, #3689, #4466 ) ;
#1809 = CARTESIAN_POINT ( 'NONE',  ( 9.698503969764892929, -27.94373853094332461, 72.13526479241353684 ) ) ;
#1810 = DIRECTION ( 'NONE',  ( -0.1736481776669309141, 0.000000000000000000, 0.9848077530122080203 ) ) ;
#1811 = DIRECTION ( 'NONE',  ( -0.9848077530122076872, -6.832622436092475853E-15, 0.1736481776669318577 ) ) ;
#1812 = VERTEX_POINT ( 'NONE', #1836 ) ;
#1813 = CARTESIAN_POINT ( 'NONE',  ( -9.705219650879330473, -26.33059206376981365, 54.37217178549849450 ) ) ;
#1814 = CARTESIAN_POINT ( 'NONE',  ( -13.56313654251474610, -27.05099999999993443, -57.34748162650153347 ) ) ;
#1815 = EDGE_CURVE ( 'NONE', #4348, #1387, #4890, .T. ) ;
#1816 = CIRCLE ( 'NONE', #166, 19.50000000000000355 ) ;
#1817 = VECTOR ( 'NONE', #4118, 1000.000000000000000 ) ;
#1818 = CARTESIAN_POINT ( 'NONE',  ( 10.11685814750581791, -26.66663351341840027, 54.40654402830712399 ) ) ;
#1819 = DIRECTION ( 'NONE',  ( -0.9848077530122073542, -0.000000000000000000, 0.1736481776669339672 ) ) ;
#1820 = ORIENTED_EDGE ( 'NONE', *, *, #1454, .F. ) ;
#1821 = LINE ( 'NONE', #4138, #541 ) ;
#1822 = AXIS2_PLACEMENT_3D ( 'NONE', #1763, #2098, #2479 ) ;
#1823 = CARTESIAN_POINT ( 'NONE',  ( -13.73410591714013762, -3.175000000000101519, -58.31709713252588756 ) ) ;
#1824 = DIRECTION ( 'NONE',  ( 6.761323784319052205E-15, -1.000000000000000000, 0.000000000000000000 ) ) ;
#1825 = VERTEX_POINT ( 'NONE', #736 ) ;
#1826 = CARTESIAN_POINT ( 'NONE',  ( -10.15536920375329721, -26.60160000000025704, 15.60011101990452609 ) ) ;
#1827 = CARTESIAN_POINT ( 'NONE',  ( 17.53642126593625505, -15.87499999998996358, 122.5789518383838868 ) ) ;
#1828 = EDGE_CURVE ( 'NONE', #2826, #2741, #334, .T. ) ;
#1829 = ORIENTED_EDGE ( 'NONE', *, *, #4132, .F. ) ;
#1830 = LINE ( 'NONE', #732, #1162 ) ;
#1831 = EDGE_LOOP ( 'NONE', ( #1127, #1001, #2232, #4492 ) ) ;
#1832 = DIRECTION ( 'NONE',  ( 8.405686134351572337E-15, -1.000000000000000000, -0.000000000000000000 ) ) ;
#1833 = ORIENTED_EDGE ( 'NONE', *, *, #4860, .T. ) ;
#1834 = ADVANCED_FACE ( 'NONE', ( #3782 ), #3759, .F. ) ;
#1835 = LINE ( 'NONE', #4121, #2615 ) ;
#1836 = CARTESIAN_POINT ( 'NONE',  ( 3.379528257343807240, -27.05099999999993443, 71.17337287565506188 ) ) ;
#1837 = EDGE_CURVE ( 'NONE', #3366, #4668, #77, .T. ) ;
#1838 = DIRECTION ( 'NONE',  ( -0.9848077530122075762, -6.938893903907225222E-15, 0.1736481776669339117 ) ) ;
#1839 = LINE ( 'NONE', #313, #3389 ) ;
#1840 = ORIENTED_EDGE ( 'NONE', *, *, #1625, .T. ) ;
#1841 = DIRECTION ( 'NONE',  ( -6.938893903907222067E-15, 1.000000000000000000, 0.000000000000000000 ) ) ;
#1842 = ORIENTED_EDGE ( 'NONE', *, *, #3238, .F. ) ;
#1843 = CARTESIAN_POINT ( 'NONE',  ( 9.548221515517001379, -27.34833577219404788, 54.46193237428506251 ) ) ;
#1844 =( BOUNDED_CURVE ( )  B_SPLINE_CURVE ( 3, ( #3259, #2509, #4102, #2130 ),
 .UNSPECIFIED., .F., .T. ) 
 B_SPLINE_CURVE_WITH_KNOTS ( ( 4, 4 ),
 ( 4.712388980384689674, 6.283185307179586232 ),
 .UNSPECIFIED. ) 
 CURVE ( )  GEOMETRIC_REPRESENTATION_ITEM ( )  RATIONAL_B_SPLINE_CURVE ( ( 1.000000000000000000, 0.8047378541243649375, 0.8047378541243649375, 1.000000000000000000 ) ) 
 REPRESENTATION_ITEM ( '' )  );
#1845 = ADVANCED_FACE ( 'NONE', ( #4587 ), #1074, .T. ) ;
#1846 = ADVANCED_FACE ( 'NONE', ( #1449 ), #1884, .T. ) ;
#1847 = CARTESIAN_POINT ( 'NONE',  ( -3.559487164239580448, -26.81004201138604515, 15.54639619731680789 ) ) ;
#1848 = ORIENTED_EDGE ( 'NONE', *, *, #4456, .F. ) ;
#1849 = DIRECTION ( 'NONE',  ( 1.000000000000000000, 6.920681583949467609E-15, -0.000000000000000000 ) ) ;
#1850 = CARTESIAN_POINT ( 'NONE',  ( 3.353735655167498386, -3.174999999999975397, 70.91936457358218604 ) ) ;
#1851 = FACE_OUTER_BOUND ( 'NONE', #63, .T. ) ;
#1852 = VERTEX_POINT ( 'NONE', #22 ) ;
#1853 = PLANE ( 'NONE',  #624 ) ;
#1854 = FACE_OUTER_BOUND ( 'NONE', #4251, .T. ) ;
#1855 = EDGE_LOOP ( 'NONE', ( #4862, #1934, #354, #1751, #4496 ) ) ;
#1856 = ORIENTED_EDGE ( 'NONE', *, *, #1214, .T. ) ;
#1857 = DIRECTION ( 'NONE',  ( 2.094073006735369625E-16, -1.000000000000000000, 1.187607817205041144E-15 ) ) ;
#1858 = CARTESIAN_POINT ( 'NONE',  ( -9.524999999999812061, -27.05099999999993088, 15.10267796913286631 ) ) ;
#1859 = CARTESIAN_POINT ( 'NONE',  ( 3.276975197684143026, -27.05099999999993088, 54.89732203086564510 ) ) ;
#1860 = PLANE ( 'NONE',  #3472 ) ;
#1861 = ORIENTED_EDGE ( 'NONE', *, *, #2292, .F. ) ;
#1862 = EDGE_CURVE ( 'NONE', #498, #1875, #3312, .T. ) ;
#1863 = CARTESIAN_POINT ( 'NONE',  ( -7.456957335627329542, -25.05099999999993443, 0.7373919104438196870 ) ) ;
#1864 = CARTESIAN_POINT ( 'NONE',  ( 6.996523472651539954, -27.05099999999993088, 71.65883272942437543 ) ) ;
#1865 = VERTEX_POINT ( 'NONE', #361 ) ;
#1866 = ORIENTED_EDGE ( 'NONE', *, *, #3456, .F. ) ;
#1867 = EDGE_CURVE ( 'NONE', #4574, #1852, #3022, .T. ) ;
#1868 = CARTESIAN_POINT ( 'NONE',  ( 3.405575483993847019, -27.05099999999993443, 71.02565171270322253 ) ) ;
#1869 = CARTESIAN_POINT ( 'NONE',  ( 5.057217336934227703, -5.174999999999964295, 71.57989590925146217 ) ) ;
#1870 = CARTESIAN_POINT ( 'NONE',  ( 3.775000000000000355, -28.57499999999997087, 34.99999999999925393 ) ) ;
#1871 = CARTESIAN_POINT ( 'NONE',  ( 0.1289585098289379450, -15.87499999999008082, -52.12427001441076868 ) ) ;
#1872 = EDGE_CURVE ( 'NONE', #1496, #231, #4222, .T. ) ;
#1873 = EDGE_CURVE ( 'NONE', #2623, #486, #3911, .T. ) ;
#1874 = CARTESIAN_POINT ( 'NONE',  ( 9.712663307811741475, -27.45172891745115251, 72.29007545752298824 ) ) ;
#1875 = VERTEX_POINT ( 'NONE', #3167 ) ;
#1876 = LINE ( 'NONE', #8, #2747 ) ;
#1877 = DIRECTION ( 'NONE',  ( -0.1736481776669341059, -1.174091553763101826E-15, -0.9848077530122074652 ) ) ;
#1878 = ORIENTED_EDGE ( 'NONE', *, *, #2930, .F. ) ;
#1879 = AXIS2_PLACEMENT_3D ( 'NONE', #3266, #295, #4139 ) ;
#1880 = ORIENTED_EDGE ( 'NONE', *, *, #4261, .F. ) ;
#1881 = CARTESIAN_POINT ( 'NONE',  ( -3.445914323945527880, 60.11135514537514268, 0.03013680670205937107 ) ) ;
#1882 = CARTESIAN_POINT ( 'NONE',  ( -3.775000000000000355, -28.57500000000002416, 34.99999999999925393 ) ) ;
#1883 = VECTOR ( 'NONE', #4489, 1000.000000000000000 ) ;
#1884 = PLANE ( 'NONE',  #552 ) ;
#1885 = ORIENTED_EDGE ( 'NONE', *, *, #3968, .F. ) ;
#1886 = CARTESIAN_POINT ( 'NONE',  ( 10.78325498357652457, -28.57499999999992468, 15.00625097758287474 ) ) ;
#1887 = CARTESIAN_POINT ( 'NONE',  ( 9.644800710066146365, -27.45138428766691163, -2.278109450560072080 ) ) ;
#1888 = ORIENTED_EDGE ( 'NONE', *, *, #2957, .F. ) ;
#1889 = CARTESIAN_POINT ( 'NONE',  ( 9.612697609766536644, -27.94373853094333526, -2.599538221926880777 ) ) ;
#1890 = CIRCLE ( 'NONE', #3634, 2.575000000000013944 ) ;
#1891 = ORIENTED_EDGE ( 'NONE', *, *, #1530, .T. ) ;
#1892 = EDGE_CURVE ( 'NONE', #2588, #4835, #4347, .T. ) ;
#1893 = CIRCLE ( 'NONE', #4145, 2.000000000000003109 ) ;
#1894 = CARTESIAN_POINT ( 'NONE',  ( 3.348669413686166330, -114.6022714177931334, 70.86947168615766657 ) ) ;
#1895 = CARTESIAN_POINT ( 'NONE',  ( -3.307829974965633468, -27.03331721057199744, 15.25074822645124328 ) ) ;
#1896 = EDGE_LOOP ( 'NONE', ( #3477, #1918 ) ) ;
#1897 = AXIS2_PLACEMENT_3D ( 'NONE', #1982, #2788, #2030 ) ;
#1898 = VECTOR ( 'NONE', #4065, 1000.000000000000114 ) ;
#1899 = CARTESIAN_POINT ( 'NONE',  ( 10.44245935894780253, -28.38609915186462729, 72.41875819175277229 ) ) ;
#1900 = ORIENTED_EDGE ( 'NONE', *, *, #4923, .F. ) ;
#1901 = AXIS2_PLACEMENT_3D ( 'NONE', #738, #1424, #1782 ) ;
#1902 = DIRECTION ( 'NONE',  ( -0.9848077530122074652, 0.000000000000000000, 0.1736481776669341615 ) ) ;
#1903 = LINE ( 'NONE', #1463, #1109 ) ;
#1904 = EDGE_CURVE ( 'NONE', #3850, #1989, #3507, .T. ) ;
#1905 = AXIS2_PLACEMENT_3D ( 'NONE', #1669, #3180, #3253 ) ;
#1906 = ADVANCED_FACE ( 'NONE', ( #3518 ), #4782, .F. ) ;
#1907 = ORIENTED_EDGE ( 'NONE', *, *, #4419, .T. ) ;
#1908 = FACE_OUTER_BOUND ( 'NONE', #2993, .T. ) ;
#1909 = VECTOR ( 'NONE', #527, 1000.000000000000227 ) ;
#1910 = DIRECTION ( 'NONE',  ( -6.938226849142563131E-15, 1.000000000000000000, -1.135382491375579026E-18 ) ) ;
#1911 = VERTEX_POINT ( 'NONE', #1286 ) ;
#1912 = CARTESIAN_POINT ( 'NONE',  ( 12.20000000000018225, -28.08749999999998082, 15.50609470244534904 ) ) ;
#1913 = ORIENTED_EDGE ( 'NONE', *, *, #518, .F. ) ;
#1914 = CARTESIAN_POINT ( 'NONE',  ( 22.94600121880843702, -15.87499999998996358, 91.89969939989173042 ) ) ;
#1915 = CARTESIAN_POINT ( 'NONE',  ( 12.70000000000018758, -28.57499999999991047, 34.99999999999925393 ) ) ;
#1916 = CARTESIAN_POINT ( 'NONE',  ( -15.70372142316454500, -5.175000000000109068, 127.9698007771915229 ) ) ;
#1917 = FACE_OUTER_BOUND ( 'NONE', #3023, .T. ) ;
#1918 = ORIENTED_EDGE ( 'NONE', *, *, #581, .T. ) ;
#1919 = CARTESIAN_POINT ( 'NONE',  ( 3.274999999999999911, -27.05099999999993088, 54.94185106754060399 ) ) ;
#1920 = EDGE_CURVE ( 'NONE', #207, #2525, #1266, .T. ) ;
#1921 = DIRECTION ( 'NONE',  ( -1.000000000000000000, -6.677850651179312456E-15, 0.000000000000000000 ) ) ;
#1922 = ORIENTED_EDGE ( 'NONE', *, *, #2743, .F. ) ;
#1923 = ADVANCED_FACE ( 'NONE', ( #1583 ), #4640, .T. ) ;
#1924 = ORIENTED_EDGE ( 'NONE', *, *, #2952, .T. ) ;
#1925 = EDGE_CURVE ( 'NONE', #3117, #4302, #528, .T. ) ;
#1926 = ADVANCED_FACE ( 'NONE', ( #2369, #126, #3857 ), #3113, .F. ) ;
#1927 = DIRECTION ( 'NONE',  ( 0.9848077530122074652, 6.836577773956856839E-15, 0.1736481776669340227 ) ) ;
#1928 = ORIENTED_EDGE ( 'NONE', *, *, #400, .F. ) ;
#1929 = CARTESIAN_POINT ( 'NONE',  ( 5.985682520193473799, -15.87499999999008082, -18.90913761191216125 ) ) ;
#1930 = CARTESIAN_POINT ( 'NONE',  ( -9.525013793820873431, -27.18345305345954799, 15.05134804007916749 ) ) ;
#1931 = VERTEX_POINT ( 'NONE', #4690 ) ;
#1932 = PLANE ( 'NONE',  #3908 ) ;
#1933 = CARTESIAN_POINT ( 'NONE',  ( 0.000000000000000000, -27.05099999999993088, 94.68047560319701006 ) ) ;
#1934 = ORIENTED_EDGE ( 'NONE', *, *, #2958, .T. ) ;
#1935 = LINE ( 'NONE', #2689, #1030 ) ;
#1936 = ORIENTED_EDGE ( 'NONE', *, *, #3044, .T. ) ;
#1937 = CARTESIAN_POINT ( 'NONE',  ( -9.426572841651745804, -25.05099999999994864, 1.084688265777687954 ) ) ;
#1938 = ORIENTED_EDGE ( 'NONE', *, *, #3623, .T. ) ;
#1939 = DIRECTION ( 'NONE',  ( -0.9848077530122079093, -6.832622436092476642E-15, 0.1736481776669318577 ) ) ;
#1940 = EDGE_CURVE ( 'NONE', #4637, #4365, #154, .T. ) ;
#1941 = AXIS2_PLACEMENT_3D ( 'NONE', #4752, #3687, #2860 ) ;
#1942 = PLANE ( 'NONE',  #2015 ) ;
#1943 = VERTEX_POINT ( 'NONE', #59 ) ;
#1944 = CIRCLE ( 'NONE', #300, 2.000000000000001776 ) ;
#1945 = CARTESIAN_POINT ( 'NONE',  ( 10.03460219032467293, -26.92746525084079323, 54.43045931565499274 ) ) ;
#1946 = AXIS2_PLACEMENT_3D ( 'NONE', #1470, #3680, #979 ) ;
#1947 = EDGE_LOOP ( 'NONE', ( #439, #3298, #2088, #1542 ) ) ;
#1948 = CARTESIAN_POINT ( 'NONE',  ( 10.26135258265082584, -27.73299162462233269, 15.51809019687165403 ) ) ;
#1949 = CARTESIAN_POINT ( 'NONE',  ( -10.87044166941641876, -28.08749997185762837, 15.50609470314913096 ) ) ;
#1950 = ORIENTED_EDGE ( 'NONE', *, *, #542, .F. ) ;
#1951 = LINE ( 'NONE', #3478, #1656 ) ;
#1952 = ADVANCED_FACE ( 'NONE', ( #1557, #3542, #1658 ), #1198, .T. ) ;
#1953 = VERTEX_POINT ( 'NONE', #454 ) ;
#1954 = VECTOR ( 'NONE', #4665, 1000.000000000000000 ) ;
#1955 = DIRECTION ( 'NONE',  ( -0.9848077530122077983, 0.000000000000000000, 0.1736481776669316912 ) ) ;
#1956 = ADVANCED_FACE ( 'NONE', ( #4856 ), #4825, .F. ) ;
#1957 = AXIS2_PLACEMENT_3D ( 'NONE', #2052, #881, #4333 ) ;
#1958 = LINE ( 'NONE', #770, #4745 ) ;
#1959 = CARTESIAN_POINT ( 'NONE',  ( -6.365817289684342128, -26.22257287525373215, -59.61632521919375449 ) ) ;
#1960 = ORIENTED_EDGE ( 'NONE', *, *, #641, .T. ) ;
#1961 = EDGE_CURVE ( 'NONE', #339, #356, #2937, .T. ) ;
#1962 = AXIS2_PLACEMENT_3D ( 'NONE', #1135, #1156, #2640 ) ;
#1963 = LINE ( 'NONE', #839, #4848 ) ;
#1964 = EDGE_LOOP ( 'NONE', ( #2343, #3288, #681, #2745 ) ) ;
#1965 = FACE_OUTER_BOUND ( 'NONE', #3651, .T. ) ;
#1966 = CARTESIAN_POINT ( 'NONE',  ( 12.70000000000018758, -28.57499999999991402, 54.99999999999926104 ) ) ;
#1967 = ORIENTED_EDGE ( 'NONE', *, *, #4360, .F. ) ;
#1968 = CIRCLE ( 'NONE', #727, 19.50000000000000355 ) ;
#1969 = EDGE_CURVE ( 'NONE', #4425, #2658, #1063, .T. ) ;
#1970 = FACE_OUTER_BOUND ( 'NONE', #2443, .T. ) ;
#1971 = ORIENTED_EDGE ( 'NONE', *, *, #3576, .T. ) ;
#1972 = DIRECTION ( 'NONE',  ( 0.1736481776669318577, 0.000000000000000000, 0.9848077530122077983 ) ) ;
#1973 = ORIENTED_EDGE ( 'NONE', *, *, #997, .T. ) ;
#1974 = CARTESIAN_POINT ( 'NONE',  ( 9.521672339072821956, -26.95900576757120959, 15.56663636265950323 ) ) ;
#1975 = CARTESIAN_POINT ( 'NONE',  ( -9.705219650879323368, -26.33059206376982075, 15.62782821450001336 ) ) ;
#1976 = ORIENTED_EDGE ( 'NONE', *, *, #3448, .T. ) ;
#1977 = DIRECTION ( 'NONE',  ( -7.059400191666553323E-15, 1.000000000000000000, 7.635056491801255953E-17 ) ) ;
#1978 = DIRECTION ( 'NONE',  ( 0.000000000000000000, -1.000000000000000000, 0.000000000000000000 ) ) ;
#1979 = VERTEX_POINT ( 'NONE', #2563 ) ;
#1980 = CARTESIAN_POINT ( 'NONE',  ( 9.604766489140619257, -27.05099999999993443, -2.271050337259259866 ) ) ;
#1981 = ADVANCED_FACE ( 'NONE', ( #3750 ), #350, .F. ) ;
#1982 = CARTESIAN_POINT ( 'NONE',  ( -13.38680956180610693, -25.05099999999992733, 126.3474816265009792 ) ) ;
#1983 = EDGE_CURVE ( 'NONE', #2592, #1098, #795, .T. ) ;
#1984 = EDGE_CURVE ( 'NONE', #2592, #1242, #4535, .T. ) ;
#1985 = CYLINDRICAL_SURFACE ( 'NONE', #4541, 0.5000000000000004441 ) ;
#1986 = ORIENTED_EDGE ( 'NONE', *, *, #432, .F. ) ;
#1987 = CARTESIAN_POINT ( 'NONE',  ( -10.26110467677357896, -27.75034536653344475, 15.51686466185771707 ) ) ;
#1988 = FACE_BOUND ( 'NONE', #2295, .T. ) ;
#1989 = VERTEX_POINT ( 'NONE', #2184 ) ;
#1990 = CYLINDRICAL_SURFACE ( 'NONE', #4372, 1.999999999999996225 ) ;
#1991 = DIRECTION ( 'NONE',  ( 0.000000000000000000, -1.000000000000000000, 1.188116685687565122E-15 ) ) ;
#1992 = EDGE_LOOP ( 'NONE', ( #2477, #2881, #2941, #3874, #209 ) ) ;
#1993 = CARTESIAN_POINT ( 'NONE',  ( 3.775000000000000799, -26.60160000000015046, 15.60011101990452609 ) ) ;
#1994 = CARTESIAN_POINT ( 'NONE',  ( 10.87408747688367328, -28.07653056854754325, 54.49363993839480003 ) ) ;
#1995 = VERTEX_POINT ( 'NONE', #3591 ) ;
#1996 = CYLINDRICAL_SURFACE ( 'NONE', #1495, 1.523999999999997579 ) ;
#1997 = CARTESIAN_POINT ( 'NONE',  ( -12.42427866225271416, -28.30802638108909619, 54.53407548827770768 ) ) ;
#1998 = ORIENTED_EDGE ( 'NONE', *, *, #943, .T. ) ;
#1999 = CARTESIAN_POINT ( 'NONE',  ( -2.970418991859292035, -25.05099999999992733, 128.1841723255798797 ) ) ;
#2000 = CARTESIAN_POINT ( 'NONE',  ( 6.996523472651542619, -25.05099999999992733, 71.65883272942437543 ) ) ;
#2001 = EDGE_LOOP ( 'NONE', ( #3800, #1960, #2374, #477 ) ) ;
#2002 = EDGE_CURVE ( 'NONE', #3246, #2853, #183, .T. ) ;
#2003 = FACE_OUTER_BOUND ( 'NONE', #4799, .T. ) ;
#2004 = CARTESIAN_POINT ( 'NONE',  ( 5.057217336934224150, -5.174999999999950973, -1.579895909252031272 ) ) ;
#2005 = CARTESIAN_POINT ( 'NONE',  ( -10.20651886327584279, -27.66331567574156125, 54.47882414835908094 ) ) ;
#2006 = CARTESIAN_POINT ( 'NONE',  ( -15.70372142316454145, -25.05099999999993088, 127.9698007771914945 ) ) ;
#2007 = EDGE_CURVE ( 'NONE', #4738, #721, #3190, .T. ) ;
#2008 = DIRECTION ( 'NONE',  ( -0.9848077530122073542, -6.748508473202742893E-15, 0.1736481776669340782 ) ) ;
#2009 = ORIENTED_EDGE ( 'NONE', *, *, #842, .F. ) ;
#2010 = CARTESIAN_POINT ( 'NONE',  ( -0.3181855476634132263, -15.87499999999008082, 124.6601499784166549 ) ) ;
#2011 = EDGE_CURVE ( 'NONE', #3751, #596, #322, .T. ) ;
#2012 = LINE ( 'NONE', #966, #99 ) ;
#2013 = CARTESIAN_POINT ( 'NONE',  ( 9.874162377353751907, -26.78218057660171425, 54.43811805063399589 ) ) ;
#2014 = LINE ( 'NONE', #3538, #141 ) ;
#2015 = AXIS2_PLACEMENT_3D ( 'NONE', #1602, #4320, #526 ) ;
#2016 = CARTESIAN_POINT ( 'NONE',  ( 9.630813715790660368, -27.05099999999993443, -2.123329174307428513 ) ) ;
#2017 = ORIENTED_EDGE ( 'NONE', *, *, #2378, .T. ) ;
#2018 = CIRCLE ( 'NONE', #3462, 20.00000000000000355 ) ;
#2019 = DIRECTION ( 'NONE',  ( -0.9848077530122065770, 4.068991974253942527E-14, 0.1736481776669385191 ) ) ;
#2020 = CARTESIAN_POINT ( 'NONE',  ( -12.61293732459408545, -28.49210117518722996, 54.70883083526495483 ) ) ;
#2021 = AXIS2_PLACEMENT_3D ( 'NONE', #181, #969, #3668 ) ;
#2022 = ORIENTED_EDGE ( 'NONE', *, *, #2533, .F. ) ;
#2023 = CARTESIAN_POINT ( 'NONE',  ( -10.11153444994234718, -26.67798556760541828, 54.40765909049341786 ) ) ;
#2024 = VERTEX_POINT ( 'NONE', #3365 ) ;
#2025 = AXIS2_PLACEMENT_3D ( 'NONE', #702, #4561, #3720 ) ;
#2026 = CARTESIAN_POINT ( 'NONE',  ( -13.38680956180628101, -3.175000000000091749, 126.3474816265009792 ) ) ;
#2027 = ADVANCED_FACE ( 'NONE', ( #2587 ), #2042, .F. ) ;
#2028 = LINE ( 'NONE', #2810, #567 ) ;
#2029 = CARTESIAN_POINT ( 'NONE',  ( -10.15626146905640326, -28.57500000000007034, 68.63433394991139380 ) ) ;
#2030 = DIRECTION ( 'NONE',  ( -0.1736481776669334676, 0.000000000000000000, 0.9848077530122075762 ) ) ;
#2031 = VECTOR ( 'NONE', #2419, 1000.000000000000000 ) ;
#2032 = CARTESIAN_POINT ( 'NONE',  ( 3.350432837954362864, -3.174999999999976730, -1.015928576419379503 ) ) ;
#2033 = DIRECTION ( 'NONE',  ( 0.000000000000000000, -1.000000000000000000, -1.632476478654325861E-16 ) ) ;
#2034 = AXIS2_PLACEMENT_3D ( 'NONE', #4350, #2467, #919 ) ;
#2035 = VERTEX_POINT ( 'NONE', #725 ) ;
#2036 = AXIS2_PLACEMENT_3D ( 'NONE', #102, #2234, #1506 ) ;
#2037 = AXIS2_PLACEMENT_3D ( 'NONE', #622, #1005, #247 ) ;
#2038 = EDGE_CURVE ( 'NONE', #3638, #2868, #866, .T. ) ;
#2039 = DIRECTION ( 'NONE',  ( 0.000000000000000000, -1.000000000000000000, -0.000000000000000000 ) ) ;
#2040 = VECTOR ( 'NONE', #4504, 1000.000000000000114 ) ;
#2041 = AXIS2_PLACEMENT_3D ( 'NONE', #1346, #4019, #613 ) ;
#2042 = PLANE ( 'NONE',  #1572 ) ;
#2044 = VERTEX_POINT ( 'NONE', #4903 ) ;
#2043 = EDGE_CURVE ( 'NONE', #1144, #1517, #3805, .T. ) ;
#2045 = ADVANCED_FACE ( 'NONE', ( #1851 ), #1771, .F. ) ;
#2046 = CARTESIAN_POINT ( 'NONE',  ( -5.704600393942264702, -15.87499999999012346, -51.09565618612380433 ) ) ;
#2047 = LINE ( 'NONE', #4643, #4042 ) ;
#2048 = VERTEX_POINT ( 'NONE', #1798 ) ;
#2049 = CYLINDRICAL_SURFACE ( 'NONE', #3159, 2.575000000000013944 ) ;
#2050 = VECTOR ( 'NONE', #2547, 1000.000000000000114 ) ;
#2051 = EDGE_LOOP ( 'NONE', ( #143, #3995, #1593, #2328 ) ) ;
#2052 = CARTESIAN_POINT ( 'NONE',  ( 8.940091752026543048, -114.6022714177931050, 72.15385024771003941 ) ) ;
#2053 = VECTOR ( 'NONE', #730, 999.9999999999998863 ) ;
#2054 = LINE ( 'NONE', #4741, #1194 ) ;
#2055 = DIRECTION ( 'NONE',  ( 0.1572158889192375175, 1.062987529022502725E-15, 0.9875642582998506169 ) ) ;
#2056 = CARTESIAN_POINT ( 'NONE',  ( -15.35642506783069550, -25.39829635533379459, -58.00018527116765199 ) ) ;
#2057 = CIRCLE ( 'NONE', #3989, 2.000000000000001776 ) ;
#2058 = DIRECTION ( 'NONE',  ( -2.094073006735413012E-16, 1.000000000000000000, 1.187607817205040552E-15 ) ) ;
#2059 = ORIENTED_EDGE ( 'NONE', *, *, #762, .F. ) ;
#2060 = CARTESIAN_POINT ( 'NONE',  ( -11.04899999999980231, -28.57500000000007390, 15.00625097686704379 ) ) ;
#2061 = CARTESIAN_POINT ( 'NONE',  ( 2.204123765650557458E-14, -3.174999999999998934, 69.99999999999943157 ) ) ;
#2062 = ADVANCED_FACE ( 'NONE', ( #1479 ), #296, .T. ) ;
#2063 = DIRECTION ( 'NONE',  ( -1.000000000000000000, -6.920681583949466820E-15, -0.000000000000000000 ) ) ;
#2064 = EDGE_LOOP ( 'NONE', ( #445, #2938, #4536, #4290 ) ) ;
#2065 = DIRECTION ( 'NONE',  ( -0.1736481776669315524, 0.000000000000000000, 0.9848077530122077983 ) ) ;
#2066 = DIRECTION ( 'NONE',  ( 0.1736481776669315247, 0.000000000000000000, 0.9848077530122079093 ) ) ;
#2067 = ORIENTED_EDGE ( 'NONE', *, *, #3770, .F. ) ;
#2068 = DIRECTION ( 'NONE',  ( -2.094073006735412766E-16, 1.000000000000000000, 1.187607817205040552E-15 ) ) ;
#2069 = CARTESIAN_POINT ( 'NONE',  ( -10.07837220624076480, -26.75937213166589501, 54.41547360768566222 ) ) ;
#2070 = EDGE_CURVE ( 'NONE', #1812, #3820, #2617, .T. ) ;
#2071 = EDGE_CURVE ( 'NONE', #336, #3842, #1893, .T. ) ;
#2072 = CARTESIAN_POINT ( 'NONE',  ( 3.320692368448646015, -3.174999999999976730, -1.010684529226584250 ) ) ;
#2073 = DIRECTION ( 'NONE',  ( 6.938226849142563920E-15, -1.000000000000000000, -1.135382491375384507E-18 ) ) ;
#2074 = CARTESIAN_POINT ( 'NONE',  ( 8.940091752025921323, -25.05099999999991311, 72.15385024771003941 ) ) ;
#2075 = DIRECTION ( 'NONE',  ( 0.1736481776669312194, 0.000000000000000000, 0.9848077530122077983 ) ) ;
#2076 = CARTESIAN_POINT ( 'NONE',  ( -17.39785257348812308, -25.05099999999992733, 125.6402265227592778 ) ) ;
#2077 = ORIENTED_EDGE ( 'NONE', *, *, #943, .F. ) ;
#2078 = CARTESIAN_POINT ( 'NONE',  ( -12.70000000000000107, -8.482021545444060768E-14, 1.814195784961183833 ) ) ;
#2079 = ORIENTED_EDGE ( 'NONE', *, *, #4803, .T. ) ;
#2080 = DIRECTION ( 'NONE',  ( -0.000000000000000000, -0.000000000000000000, -1.000000000000000000 ) ) ;
#2081 = CARTESIAN_POINT ( 'NONE',  ( -11.04899999999980409, -28.57500000000007390, 54.50609660793311662 ) ) ;
#2082 = DIRECTION ( 'NONE',  ( 0.1736481776669332455, 0.000000000000000000, 0.9848077530122075762 ) ) ;
#2083 = DIRECTION ( 'NONE',  ( -0.1736481776669340504, -1.174091553763101431E-15, -0.9848077530122073542 ) ) ;
#2084 = EDGE_CURVE ( 'NONE', #4583, #4486, #4769, .T. ) ;
#2085 = VERTEX_POINT ( 'NONE', #3084 ) ;
#2086 = CARTESIAN_POINT ( 'NONE',  ( -0.09875333346271669699, -28.57499999999999929, -0.5600579846948339213 ) ) ;
#2087 = CARTESIAN_POINT ( 'NONE',  ( 3.775000000000000355, -28.57499999999997087, 34.99999999999925393 ) ) ;
#2088 = ORIENTED_EDGE ( 'NONE', *, *, #2248, .F. ) ;
#2089 = CARTESIAN_POINT ( 'NONE',  ( -3.317715347193304520, -5.175000000000022915, 130.1537878316042907 ) ) ;
#2090 = ORIENTED_EDGE ( 'NONE', *, *, #799, .T. ) ;
#2091 = VECTOR ( 'NONE', #755, 1000.000000000000000 ) ;
#2092 = DIRECTION ( 'NONE',  ( -0.9848077530122073542, 0.000000000000000000, -0.1736481776669350219 ) ) ;
#2093 = AXIS2_PLACEMENT_3D ( 'NONE', #3801, #403, #1902 ) ;
#2094 = EDGE_CURVE ( 'NONE', #323, #2824, #4634, .T. ) ;
#2095 = LINE ( 'NONE', #4428, #4858 ) ;
#2096 = CARTESIAN_POINT ( 'NONE',  ( 9.534487927010987462, -27.05099999999992733, 15.18699060558149405 ) ) ;
#2097 = ORIENTED_EDGE ( 'NONE', *, *, #1454, .T. ) ;
#2098 = DIRECTION ( 'NONE',  ( 0.000000000000000000, 1.000000000000000000, 0.000000000000000000 ) ) ;
#2099 = AXIS2_PLACEMENT_3D ( 'NONE', #4506, #1086, #2934 ) ;
#2100 = AXIS2_PLACEMENT_3D ( 'NONE', #4383, #2288, #515 ) ;
#2101 = CARTESIAN_POINT ( 'NONE',  ( 10.26135258265082584, -27.73299162462233269, 54.48190980312685383 ) ) ;
#2102 = ORIENTED_EDGE ( 'NONE', *, *, #4334, .F. ) ;
#2103 = AXIS2_PLACEMENT_3D ( 'NONE', #2138, #2562, #3289 ) ;
#2104 = EDGE_CURVE ( 'NONE', #2601, #1218, #1021, .T. ) ;
#2105 = B_SPLINE_CURVE_WITH_KNOTS ( 'NONE', 3,
 ( #995, #2118, #952, #2491, #4040, #3650, #1755, #3994, #1391, #2395, #533, #3297, #1466, #1046 ),
 .UNSPECIFIED., .F., .F.,
 ( 4, 2, 2, 2, 2, 2, 4 ),
 ( 3.878959614448864246E-18, 0.0002651182509423565805, 0.0005302365018847092579, 0.001060473003769414613, 0.001590709505654119968, 0.001855827756596472537, 0.002120946007538825322 ),
 .UNSPECIFIED. ) ;
#2106 = CARTESIAN_POINT ( 'NONE',  ( -13.73410591714014650, -25.05099999999993088, 128.3170971325253618 ) ) ;
#2107 = ORIENTED_EDGE ( 'NONE', *, *, #4897, .T. ) ;
#2108 = PLANE ( 'NONE',  #1081 ) ;
#2109 = CARTESIAN_POINT ( 'NONE',  ( -10.17971672197848143, -28.30961174453445039, 54.50238617212455239 ) ) ;
#2110 = AXIS2_PLACEMENT_3D ( 'NONE', #2200, #1145, #386 ) ;
#2111 = CARTESIAN_POINT ( 'NONE',  ( -0.09875333346271669699, -28.57499999999999929, -0.5600579846948339213 ) ) ;
#2112 = CARTESIAN_POINT ( 'NONE',  ( 3.350432837954362864, -3.174999999999976730, -1.015928576419379503 ) ) ;
#2113 = AXIS2_PLACEMENT_3D ( 'NONE', #4841, #3762, #4479 ) ;
#2114 = ORIENTED_EDGE ( 'NONE', *, *, #377, .T. ) ;
#2115 = CARTESIAN_POINT ( 'NONE',  ( -5.212043238915593513, -25.05099999999993088, 129.8197667139850466 ) ) ;
#2116 = EDGE_LOOP ( 'NONE', ( #1053, #2887, #2718, #2729 ) ) ;
#2117 = FACE_OUTER_BOUND ( 'NONE', #765, .T. ) ;
#2118 = CARTESIAN_POINT ( 'NONE',  ( 10.11153444994270245, -26.67798556760527617, 15.59234090950509177 ) ) ;
#2119 = TOROIDAL_SURFACE ( 'NONE', #14, 20.00000000000000355, 0.5000000000000000000 ) ;
#2120 = ORIENTED_EDGE ( 'NONE', *, *, #4173, .T. ) ;
#2121 = AXIS2_PLACEMENT_3D ( 'NONE', #3247, #3962, #3173 ) ;
#2122 = AXIS2_PLACEMENT_3D ( 'NONE', #1708, #2073, #2498 ) ;
#2123 = LINE ( 'NONE', #4814, #3978 ) ;
#2124 = CARTESIAN_POINT ( 'NONE',  ( 9.645880901487309700, -26.96273994128905827, 15.39557982314689788 ) ) ;
#2125 = VERTEX_POINT ( 'NONE', #3393 ) ;
#2126 = CYLINDRICAL_SURFACE ( 'NONE', #1514, 2.000000000000000444 ) ;
#2127 = ADVANCED_FACE ( 'NONE', ( #750 ), #5, .T. ) ;
#2128 = AXIS2_PLACEMENT_3D ( 'NONE', #4812, #4449, #664 ) ;
#2129 = CARTESIAN_POINT ( 'NONE',  ( 10.87044166941690548, -28.08749997185750402, 54.49390529684938400 ) ) ;
#2130 = CARTESIAN_POINT ( 'NONE',  ( 9.630813715790660368, -27.05099999999993443, -2.123329174307428513 ) ) ;
#2131 = LINE ( 'NONE', #4027, #566 ) ;
#2132 = ORIENTED_EDGE ( 'NONE', *, *, #3923, .T. ) ;
#2133 = DIRECTION ( 'NONE',  ( -0.9848077530122073542, 2.058172017878802680E-16, 0.1736481776669340504 ) ) ;
#2134 = CARTESIAN_POINT ( 'NONE',  ( -9.524999999999815614, -27.05100000000007654, 15.05814893245790209 ) ) ;
#2135 = CARTESIAN_POINT ( 'NONE',  ( -10.38728560581753690, -27.85598126860759649, 54.48683657614244424 ) ) ;
#2136 = EDGE_CURVE ( 'NONE', #2303, #1812, #773, .T. ) ;
#2137 = ADVANCED_FACE ( 'NONE', ( #1917 ), #378, .F. ) ;
#2138 = CARTESIAN_POINT ( 'NONE',  ( 37.30000000000020322, -28.57499999999973994, 34.99999999999925393 ) ) ;
#2139 = FACE_OUTER_BOUND ( 'NONE', #1855, .T. ) ;
#2140 = ORIENTED_EDGE ( 'NONE', *, *, #117, .F. ) ;
#2141 = ORIENTED_EDGE ( 'NONE', *, *, #4295, .F. ) ;
#2142 = CARTESIAN_POINT ( 'NONE',  ( -11.04899999999980231, -28.57500000000007390, 54.99374902313146407 ) ) ;
#2143 = ORIENTED_EDGE ( 'NONE', *, *, #149, .F. ) ;
#2144 = PLANE ( 'NONE',  #1031 ) ;
#2145 = ORIENTED_EDGE ( 'NONE', *, *, #1060, .T. ) ;
#2146 = PLANE ( 'NONE',  #3421 ) ;
#2147 = LINE ( 'NONE', #4789, #2989 ) ;
#2148 = DIRECTION ( 'NONE',  ( 0.9848077530122084644, 0.000000000000000000, 0.1736481776669280830 ) ) ;
#2149 = LINE ( 'NONE', #3280, #3873 ) ;
#2150 = ORIENTED_EDGE ( 'NONE', *, *, #2437, .F. ) ;
#2151 = CARTESIAN_POINT ( 'NONE',  ( -9.661710804067567437, -26.40612922668351104, 54.90414771938282001 ) ) ;
#2152 = CARTESIAN_POINT ( 'NONE',  ( -2.970418991859429703, -5.175000000000020250, -58.18417232558043395 ) ) ;
#2153 = ORIENTED_EDGE ( 'NONE', *, *, #190, .F. ) ;
#2154 = EDGE_CURVE ( 'NONE', #1682, #3438, #2255, .T. ) ;
#2155 = EDGE_CURVE ( 'NONE', #4596, #1348, #2599, .T. ) ;
#2156 = DIRECTION ( 'NONE',  ( 0.000000000000000000, -1.173968044255396342E-15, -1.000000000000000000 ) ) ;
#2157 = CARTESIAN_POINT ( 'NONE',  ( -2.970418991859454572, -3.175000000000019362, -58.18417232558046948 ) ) ;
#2158 = CARTESIAN_POINT ( 'NONE',  ( -7.381616104373517118, -3.324999999999976197, 0.8764212103968125334 ) ) ;
#2159 = ORIENTED_EDGE ( 'NONE', *, *, #4052, .T. ) ;
#2160 = SPHERICAL_SURFACE ( 'NONE', #299, 2.000000000000000000 ) ;
#2161 = PLANE ( 'NONE',  #1879 ) ;
#2162 = DIRECTION ( 'NONE',  ( 1.000000000000000000, 6.920681583949467609E-15, -0.000000000000000000 ) ) ;
#2163 = EDGE_CURVE ( 'NONE', #2488, #3751, #1963, .T. ) ;
#2164 = CARTESIAN_POINT ( 'NONE',  ( -6.365817289684348346, -26.22257287525373926, 129.6163252191931861 ) ) ;
#2165 = B_SPLINE_CURVE_WITH_KNOTS ( 'NONE', 3,
 ( #410, #1142, #2647, #780 ),
 .UNSPECIFIED., .F., .F.,
 ( 4, 4 ),
 ( 0.000000000000000000, 4.457299031351363389E-05 ),
 .UNSPECIFIED. ) ;
#2166 = VERTEX_POINT ( 'NONE', #3847 ) ;
#2167 = CARTESIAN_POINT ( 'NONE',  ( -16.29006825143720150, -27.05099999999993088, 2.294907688491568010 ) ) ;
#2168 = ORIENTED_EDGE ( 'NONE', *, *, #4565, .T. ) ;
#2169 = CARTESIAN_POINT ( 'NONE',  ( -12.70000000000000107, -8.673617379884035472E-14, 70.00000000000000000 ) ) ;
#2170 = CARTESIAN_POINT ( 'NONE',  ( 3.390395190648328505, -3.324999999999978861, -1.022975017411912990 ) ) ;
#2171 = DIRECTION ( 'NONE',  ( -0.9848077530122073542, -3.029981277866239078E-15, 0.1736481776669337451 ) ) ;
#2172 = CARTESIAN_POINT ( 'NONE',  ( -6.400323555777888807, -15.87499999999016786, -16.72515055749940771 ) ) ;
#2173 = CARTESIAN_POINT ( 'NONE',  ( -6.400323555777881701, -15.87499999999016786, 86.72515055749884993 ) ) ;
#2174 = DIRECTION ( 'NONE',  ( -9.194861602259357775E-15, 1.000000000000000000, 3.001888980312761300E-16 ) ) ;
#2175 = VECTOR ( 'NONE', #2308, 1000.000000000000114 ) ;
#2176 = EDGE_CURVE ( 'NONE', #1227, #1292, #425, .T. ) ;
#2177 = CARTESIAN_POINT ( 'NONE',  ( 9.876759119761818084, -28.03386341484420186, 54.98144595089919306 ) ) ;
#2178 = CYLINDRICAL_SURFACE ( 'NONE', #1429, 2.000000000000000000 ) ;
#2179 = ORIENTED_EDGE ( 'NONE', *, *, #1186, .F. ) ;
#2180 = VECTOR ( 'NONE', #4293, 1000.000000000000114 ) ;
#2181 = CARTESIAN_POINT ( 'NONE',  ( 3.087601830909830980, -114.6022714177931903, -1.232599553918038326 ) ) ;
#2182 = FACE_OUTER_BOUND ( 'NONE', #4397, .T. ) ;
#2183 = AXIS2_PLACEMENT_3D ( 'NONE', #1397, #3657, #644 ) ;
#2184 = CARTESIAN_POINT ( 'NONE',  ( 10.15536920375365249, -26.60160000000011493, 54.39988898009398355 ) ) ;
#2185 = VERTEX_POINT ( 'NONE', #2663 ) ;
#2186 = FACE_OUTER_BOUND ( 'NONE', #419, .T. ) ;
#2187 = ORIENTED_EDGE ( 'NONE', *, *, #814, .T. ) ;
#2188 = VECTOR ( 'NONE', #2489, 999.9999999999998863 ) ;
#2189 = ADVANCED_FACE ( 'NONE', ( #800 ), #1596, .T. ) ;
#2190 = AXIS2_PLACEMENT_3D ( 'NONE', #2960, #1437, #3986 ) ;
#2191 = ORIENTED_EDGE ( 'NONE', *, *, #3636, .F. ) ;
#2192 = ORIENTED_EDGE ( 'NONE', *, *, #343, .T. ) ;
#2193 = DIRECTION ( 'NONE',  ( -0.1736481776669340504, -1.174091553763101431E-15, -0.9848077530122073542 ) ) ;
#2194 = FACE_BOUND ( 'NONE', #3694, .T. ) ;
#2195 = ORIENTED_EDGE ( 'NONE', *, *, #342, .F. ) ;
#2196 = VECTOR ( 'NONE', #1540, 1000.000000000000000 ) ;
#2197 = CIRCLE ( 'NONE', #3723, 0.5000000000000004441 ) ;
#2198 = EDGE_CURVE ( 'NONE', #4332, #336, #1188, .T. ) ;
#2199 = EDGE_CURVE ( 'NONE', #1701, #1685, #4217, .T. ) ;
#2200 = CARTESIAN_POINT ( 'NONE',  ( 22.94600121880843702, -15.87499999998996358, 91.89969939989173042 ) ) ;
#2201 = ORIENTED_EDGE ( 'NONE', *, *, #2859, .T. ) ;
#2202 = AXIS2_PLACEMENT_3D ( 'NONE', #2793, #500, #820 ) ;
#2203 = DIRECTION ( 'NONE',  ( 0.1736481776669298038, 1.174091553763073032E-15, -0.9848077530122082424 ) ) ;
#2204 = CARTESIAN_POINT ( 'NONE',  ( 9.525000000000176215, -27.05099999999993088, 15.05814893245790209 ) ) ;
#2205 = VECTOR ( 'NONE', #4921, 1000.000000000000000 ) ;
#2206 = CARTESIAN_POINT ( 'NONE',  ( -17.39785257348825809, -5.175000000000124167, 125.6402265227593062 ) ) ;
#2207 = VERTEX_POINT ( 'NONE', #3489 ) ;
#2208 = VECTOR ( 'NONE', #162, 1000.000000000000114 ) ;
#2209 = CARTESIAN_POINT ( 'NONE',  ( 10.52052173278310043, -28.50419630511613889, 54.50577382555978545 ) ) ;
#2210 = CARTESIAN_POINT ( 'NONE',  ( -3.418725042324790575, -26.93854992961850670, 15.42408457994579862 ) ) ;
#2211 = EDGE_LOOP ( 'NONE', ( #848, #4362, #3055, #3028 ) ) ;
#2212 = DIRECTION ( 'NONE',  ( -0.1736481776669340504, -1.174091553763101431E-15, -0.9848077530122073542 ) ) ;
#2213 = DIRECTION ( 'NONE',  ( -3.469446951953611033E-15, 1.000000000000000000, 0.000000000000000000 ) ) ;
#2214 = DIRECTION ( 'NONE',  ( 0.1736481776669340227, 1.174091553763101431E-15, 0.9848077530122075762 ) ) ;
#2215 = ORIENTED_EDGE ( 'NONE', *, *, #3890, .F. ) ;
#2216 = DIRECTION ( 'NONE',  ( 1.000000000000000000, 6.849862324403737924E-15, 0.000000000000000000 ) ) ;
#2217 = LINE ( 'NONE', #4539, #1019 ) ;
#2218 = ORIENTED_EDGE ( 'NONE', *, *, #2043, .T. ) ;
#2219 = ORIENTED_EDGE ( 'NONE', *, *, #2561, .F. ) ;
#2220 = CARTESIAN_POINT ( 'NONE',  ( -9.351231610397931604, -5.324999999999975309, 1.223717565730682910 ) ) ;
#2221 = EDGE_CURVE ( 'NONE', #3763, #4863, #4241, .T. ) ;
#2222 = DIRECTION ( 'NONE',  ( 1.000000000000000000, 6.920681583949466820E-15, 0.000000000000000000 ) ) ;
#2223 = DIRECTION ( 'NONE',  ( -0.1736481776669318022, 0.000000000000000000, -0.9848077530122077983 ) ) ;
#2224 = VERTEX_POINT ( 'NONE', #1937 ) ;
#2225 = CARTESIAN_POINT ( 'NONE',  ( 11.04900000000018068, -28.08749999999991687, 15.50609470244534904 ) ) ;
#2226 = CARTESIAN_POINT ( 'NONE',  ( -13.73410591714015183, 60.11135514537507163, -58.31709713252595861 ) ) ;
#2227 = VERTEX_POINT ( 'NONE', #1299 ) ;
#2228 = DIRECTION ( 'NONE',  ( -0.9848077530122076872, -6.832622436092475853E-15, 0.1736481776669318577 ) ) ;
#2229 = ORIENTED_EDGE ( 'NONE', *, *, #343, .F. ) ;
#2230 = ADVANCED_FACE ( 'NONE', ( #1353 ), #2834, .T. ) ;
#2231 = CARTESIAN_POINT ( 'NONE',  ( -3.274999999999999911, -3.175000000000021583, 94.68047560319701006 ) ) ;
#2232 = ORIENTED_EDGE ( 'NONE', *, *, #4724, .F. ) ;
#2233 = LINE ( 'NONE', #3748, #3132 ) ;
#2234 = DIRECTION ( 'NONE',  ( -0.1736481776669341059, -1.174091553763101826E-15, -0.9848077530122074652 ) ) ;
#2235 = DIRECTION ( 'NONE',  ( -0.9848077530122079093, -6.832622436092476642E-15, 0.1736481776669318577 ) ) ;
#2236 = DIRECTION ( 'NONE',  ( -0.1736481776669309141, 0.000000000000000000, 0.9848077530122080203 ) ) ;
#2237 = ORIENTED_EDGE ( 'NONE', *, *, #1556, .T. ) ;
#2238 = EDGE_CURVE ( 'NONE', #1447, #4620, #4703, .T. ) ;
#2239 = VERTEX_POINT ( 'NONE', #933 ) ;
#2240 = DIRECTION ( 'NONE',  ( 0.9848077530122073542, 0.000000000000000000, 0.1736481776669351607 ) ) ;
#2241 = LINE ( 'NONE', #757, #1817 ) ;
#2242 = DIRECTION ( 'NONE',  ( 0.9848077530122073542, 0.000000000000000000, -0.1736481776669339672 ) ) ;
#2243 = EDGE_LOOP ( 'NONE', ( #1924, #1182, #2114, #4041, #3104, #1950 ) ) ;
#2244 = CARTESIAN_POINT ( 'NONE',  ( -9.887245896234311715, -28.04606464175916614, 15.50446459735733207 ) ) ;
#2245 = ORIENTED_EDGE ( 'NONE', *, *, #3293, .T. ) ;
#2246 = CARTESIAN_POINT ( 'NONE',  ( 10.24395907882313850, -28.57499999999992468, -2.584296835284435989 ) ) ;
#2247 = ORIENTED_EDGE ( 'NONE', *, *, #542, .T. ) ;
#2248 = EDGE_CURVE ( 'NONE', #1255, #3960, #2431, .T. ) ;
#2249 = LINE ( 'NONE', #1566, #3210 ) ;
#2250 = PLANE ( 'NONE',  #1193 ) ;
#2251 = ORIENTED_EDGE ( 'NONE', *, *, #220, .T. ) ;
#2252 = VECTOR ( 'NONE', #930, 1000.000000000000000 ) ;
#2253 = EDGE_CURVE ( 'NONE', #2933, #2315, #4315, .T. ) ;
#2254 = EDGE_CURVE ( 'NONE', #3739, #2601, #3902, .T. ) ;
#2255 = LINE ( 'NONE', #4609, #556 ) ;
#2256 = EDGE_LOOP ( 'NONE', ( #888, #788, #3155, #4359, #1384, #983, #761, #3470 ) ) ;
#2257 = AXIS2_PLACEMENT_3D ( 'NONE', #4487, #4901, #1059 ) ;
#2258 = CARTESIAN_POINT ( 'NONE',  ( 3.379528257343813902, -28.57499999999997442, -1.173372875655599223 ) ) ;
#2259 = CARTESIAN_POINT ( 'NONE',  ( -9.524999999999815614, -27.05100000000007654, 1.254357621211787954 ) ) ;
#2260 = ORIENTED_EDGE ( 'NONE', *, *, #37, .F. ) ;
#2261 = VECTOR ( 'NONE', #416, 1000.000000000000000 ) ;
#2262 = VECTOR ( 'NONE', #165, 1000.000000000000000 ) ;
#2263 = ORIENTED_EDGE ( 'NONE', *, *, #3791, .F. ) ;
#2264 = CYLINDRICAL_SURFACE ( 'NONE', #3816, 2.575000000000010392 ) ;
#2265 = FACE_OUTER_BOUND ( 'NONE', #3697, .T. ) ;
#2266 = AXIS2_PLACEMENT_3D ( 'NONE', #2893, #4427, #4096 ) ;
#2267 = DIRECTION ( 'NONE',  ( 1.000000000000000000, 6.938893903907228378E-15, 0.000000000000000000 ) ) ;
#2268 = VERTEX_POINT ( 'NONE', #2402 ) ;
#2269 = CARTESIAN_POINT ( 'NONE',  ( 9.887245896234771791, -28.04606464175887481, 15.50446459735741200 ) ) ;
#2270 = CARTESIAN_POINT ( 'NONE',  ( -9.620750581285181013, -27.59905339511319866, 15.52335391312314528 ) ) ;
#2271 = ORIENTED_EDGE ( 'NONE', *, *, #4470, .F. ) ;
#2272 = CARTESIAN_POINT ( 'NONE',  ( -12.38098207348418889, -15.87499999999020872, -15.67059909842388699 ) ) ;
#2273 = VECTOR ( 'NONE', #2603, 1000.000000000000000 ) ;
#2274 = ORIENTED_EDGE ( 'NONE', *, *, #3559, .T. ) ;
#2275 = AXIS2_PLACEMENT_3D ( 'NONE', #671, #4503, #2156 ) ;
#2276 = EDGE_CURVE ( 'NONE', #2044, #3267, #4388, .T. ) ;
#2277 = AXIS2_PLACEMENT_3D ( 'NONE', #2206, #3004, #4554 ) ;
#2278 = CARTESIAN_POINT ( 'NONE',  ( 3.390974049655289591, -4.108551349554724119, -1.286092261280388449 ) ) ;
#2279 = CARTESIAN_POINT ( 'NONE',  ( 12.56932518103378449, -28.44962285426700888, 15.34323462675664906 ) ) ;
#2280 = DIRECTION ( 'NONE',  ( 0.9848077530122076872, 0.000000000000000000, -0.1736481776669316912 ) ) ;
#2281 = ORIENTED_EDGE ( 'NONE', *, *, #3429, .T. ) ;
#2282 = DIRECTION ( 'NONE',  ( -0.1736481776669340504, -1.174091553763101431E-15, -0.9848077530122073542 ) ) ;
#2283 = AXIS2_PLACEMENT_3D ( 'NONE', #2355, #2380, #4338 ) ;
#2284 = ADVANCED_FACE ( 'NONE', ( #118 ), #1985, .T. ) ;
#2285 = AXIS2_PLACEMENT_3D ( 'NONE', #4495, #1832, #662 ) ;
#2286 = CARTESIAN_POINT ( 'NONE',  ( 3.367883577368086190, -3.174999999999975842, -2.965230566795105549 ) ) ;
#2287 = EDGE_LOOP ( 'NONE', ( #4744, #656, #1465, #2120 ) ) ;
#2288 = DIRECTION ( 'NONE',  ( -0.9848077530122080203, 0.000000000000000000, 0.1736481776669314137 ) ) ;
#2289 = DIRECTION ( 'NONE',  ( -1.000000000000000000, -6.920681583949466820E-15, -0.000000000000000000 ) ) ;
#2290 = ORIENTED_EDGE ( 'NONE', *, *, #997, .F. ) ;
#2291 = EDGE_CURVE ( 'NONE', #1136, #227, #3530, .T. ) ;
#2292 = EDGE_CURVE ( 'NONE', #1953, #4571, #1110, .T. ) ;
#2293 = AXIS2_PLACEMENT_3D ( 'NONE', #2340, #385, #2296 ) ;
#2294 = LINE ( 'NONE', #1164, #4281 ) ;
#2295 = EDGE_LOOP ( 'NONE', ( #3070, #1866 ) ) ;
#2296 = DIRECTION ( 'NONE',  ( -0.1010228786433665371, 0.000000000000000000, 0.9948841027931885073 ) ) ;
#2297 = DIRECTION ( 'NONE',  ( 0.9848077530122073542, 6.836577773956856050E-15, -0.1736481776669339949 ) ) ;
#2298 = ORIENTED_EDGE ( 'NONE', *, *, #1940, .F. ) ;
#2299 = CARTESIAN_POINT ( 'NONE',  ( 5.102195580929078211, -5.174999999999964295, 71.32481161180514562 ) ) ;
#2300 = CARTESIAN_POINT ( 'NONE',  ( -10.51596270391372911, -28.50312062381809852, 15.00731853135444815 ) ) ;
#2301 = EDGE_LOOP ( 'NONE', ( #277, #2721, #4888 ) ) ;
#2302 = CARTESIAN_POINT ( 'NONE',  ( -15.35642506783069550, -28.65998555266133252, -56.00018527116764488 ) ) ;
#2303 = VERTEX_POINT ( 'NONE', #1616 ) ;
#2304 = DIRECTION ( 'NONE',  ( -0.04218674000673096336, -2.852382085903943617E-16, -0.9991097432052220562 ) ) ;
#2305 = DIRECTION ( 'NONE',  ( -1.000000000000000000, -6.920681583949466820E-15, -0.000000000000000000 ) ) ;
#2306 = DIRECTION ( 'NONE',  ( 0.9848077530122079093, 5.125107385422736998E-15, 0.1736481776669316357 ) ) ;
#2307 = ORIENTED_EDGE ( 'NONE', *, *, #3732, .F. ) ;
#2308 = DIRECTION ( 'NONE',  ( -0.9848077530122076872, -6.832622436092475853E-15, 0.1736481776669318577 ) ) ;
#2309 = DIRECTION ( 'NONE',  ( 0.1736481776669340782, 1.174091553763101629E-15, 0.9848077530122074652 ) ) ;
#2310 = VERTEX_POINT ( 'NONE', #887 ) ;
#2311 = ADVANCED_FACE ( 'NONE', ( #4674 ), #218, .T. ) ;
#2312 = CARTESIAN_POINT ( 'NONE',  ( -3.775000000000000355, -26.60160000000020730, 15.60011101990452786 ) ) ;
#2313 = B_SPLINE_CURVE_WITH_KNOTS ( 'NONE', 3,
 ( #4393, #892, #2387, #2363, #3928, #2013, #550, #3187 ),
 .UNSPECIFIED., .F., .F.,
 ( 4, 2, 2, 4 ),
 ( 0.000000000000000000, 0.0002494704533874369775, 0.0004989409067748739549, 0.0009978818135497383689 ),
 .UNSPECIFIED. ) ;
#2314 = CARTESIAN_POINT ( 'NONE',  ( 6.996523472651539954, -27.05099999999993088, 71.65883272942437543 ) ) ;
#2315 = VERTEX_POINT ( 'NONE', #543 ) ;
#2316 = CARTESIAN_POINT ( 'NONE',  ( 9.525013793821239361, -27.18345305345972562, 15.05134804007916571 ) ) ;
#2317 = CARTESIAN_POINT ( 'NONE',  ( -10.78325498357594903, -28.57500000000007034, 15.00625097758303106 ) ) ;
#2318 = ORIENTED_EDGE ( 'NONE', *, *, #2155, .T. ) ;
#2319 = CARTESIAN_POINT ( 'NONE',  ( 17.08927720844390308, -15.87499999998996358, 125.1148318023903272 ) ) ;
#2320 = EDGE_LOOP ( 'NONE', ( #4039, #1358, #4279, #2381 ) ) ;
#2321 = DIRECTION ( 'NONE',  ( -0.9848077530122079093, -6.832622436092476642E-15, -0.1736481776669318577 ) ) ;
#2322 = DIRECTION ( 'NONE',  ( -2.906221269855604718E-16, -1.000000000000000000, -1.162488507942241887E-15 ) ) ;
#2323 = CARTESIAN_POINT ( 'NONE',  ( -15.70372142316454145, -28.65985123936290080, 127.9698007771914945 ) ) ;
#2324 = FACE_OUTER_BOUND ( 'NONE', #3002, .T. ) ;
#2325 = CARTESIAN_POINT ( 'NONE',  ( 3.364347963998287838, -28.57500000000008811, 71.17069618036313727 ) ) ;
#2326 = EDGE_CURVE ( 'NONE', #1701, #2483, #4002, .T. ) ;
#2327 = CARTESIAN_POINT ( 'NONE',  ( 11.01098743042816608, -28.57499999999992113, 72.51900503004489451 ) ) ;
#2328 = ORIENTED_EDGE ( 'NONE', *, *, #3832, .F. ) ;
#2329 = CARTESIAN_POINT ( 'NONE',  ( -3.317715347193159303, -25.05099999999993088, 130.1537878316042907 ) ) ;
#2330 = VECTOR ( 'NONE', #1153, 1000.000000000000000 ) ;
#2331 = ORIENTED_EDGE ( 'NONE', *, *, #906, .F. ) ;
#2332 = VECTOR ( 'NONE', #3110, 999.9999999999998863 ) ;
#2333 = EDGE_CURVE ( 'NONE', #2669, #837, #4297, .T. ) ;
#2334 = FACE_OUTER_BOUND ( 'NONE', #2947, .T. ) ;
#2335 =( BOUNDED_CURVE ( )  B_SPLINE_CURVE ( 3, ( #904, #2029, #3554, #668 ),
 .UNSPECIFIED., .F., .T. ) 
 B_SPLINE_CURVE_WITH_KNOTS ( ( 4, 4 ),
 ( 1.570796326794896780, 3.141592653589786455 ),
 .UNSPECIFIED. ) 
 CURVE ( )  GEOMETRIC_REPRESENTATION_ITEM ( )  RATIONAL_B_SPLINE_CURVE ( ( 1.000000000000000000, 0.8047378541243667138, 0.8047378541243667138, 1.000000000000000000 ) ) 
 REPRESENTATION_ITEM ( '' )  );
#2336 = ORIENTED_EDGE ( 'NONE', *, *, #4661, .F. ) ;
#2337 = VECTOR ( 'NONE', #2193, 1000.000000000000227 ) ;
#2338 = VECTOR ( 'NONE', #2055, 999.9999999999998863 ) ;
#2339 = EDGE_CURVE ( 'NONE', #4196, #1685, #4772, .T. ) ;
#2340 = CARTESIAN_POINT ( 'NONE',  ( 3.348669413686166330, -114.6022714177931334, -0.8694716861582241219 ) ) ;
#2341 = CARTESIAN_POINT ( 'NONE',  ( 9.687595743741479026, -27.05099999999993088, 72.64152333052255983 ) ) ;
#2342 = VECTOR ( 'NONE', #698, 1000.000000000000114 ) ;
#2343 = ORIENTED_EDGE ( 'NONE', *, *, #4052, .F. ) ;
#2344 = B_SPLINE_CURVE_WITH_KNOTS ( 'NONE', 3,
 ( #635, #2023, #2069, #4401, #1310, #1368, #208, #4810, #4787, #4762, #234, #609, #923, #4015 ),
 .UNSPECIFIED., .F., .F.,
 ( 4, 2, 2, 2, 2, 2, 4 ),
 ( 3.878959614448864246E-18, 0.0002651182509423556048, 0.0005302365018847073064, 0.001060473003769410710, 0.001590709505654114113, 0.001855827756596470585, 0.002120946007538827057 ),
 .UNSPECIFIED. ) ;
#2345 = FACE_OUTER_BOUND ( 'NONE', #3354, .T. ) ;
#2346 = CARTESIAN_POINT ( 'NONE',  ( -3.274999999999999911, -28.57500000000002416, 34.99999999999925393 ) ) ;
#2347 = ORIENTED_EDGE ( 'NONE', *, *, #2710, .T. ) ;
#2348 = CYLINDRICAL_SURFACE ( 'NONE', #2609, 2.000000000000001776 ) ;
#2349 = EDGE_LOOP ( 'NONE', ( #502, #3254, #4445, #884, #3338, #994 ) ) ;
#2350 = AXIS2_PLACEMENT_3D ( 'NONE', #462, #4739, #1955 ) ;
#2351 = EDGE_CURVE ( 'NONE', #4089, #2024, #1643, .T. ) ;
#2352 = CARTESIAN_POINT ( 'NONE',  ( 9.630813715790665697, -27.94373853094333526, -2.123329174307428513 ) ) ;
#2353 = AXIS2_PLACEMENT_3D ( 'NONE', #949, #1118, #2236 ) ;
#2354 = AXIS2_PLACEMENT_3D ( 'NONE', #1468, #3734, #4521 ) ;
#2355 = CARTESIAN_POINT ( 'NONE',  ( 6.970476246001367393, -5.174999999999957190, 71.80655389237617214 ) ) ;
#2356 = AXIS2_PLACEMENT_3D ( 'NONE', #1040, #947, #699 ) ;
#2357 = CARTESIAN_POINT ( 'NONE',  ( -3.259965356641552514, -114.6022714177931903, -0.1133521968929712687 ) ) ;
#2358 = ORIENTED_EDGE ( 'NONE', *, *, #2002, .F. ) ;
#2359 = DIRECTION ( 'NONE',  ( -0.000000000000000000, -0.000000000000000000, -1.000000000000000000 ) ) ;
#2360 = VECTOR ( 'NONE', #1819, 1000.000000000000227 ) ;
#2361 = AXIS2_PLACEMENT_3D ( 'NONE', #1633, #4278, #3118 ) ;
#2362 = ORIENTED_EDGE ( 'NONE', *, *, #3797, .T. ) ;
#2363 = CARTESIAN_POINT ( 'NONE',  ( 9.645884148910285560, -26.96273729178406597, 54.60441618911854533 ) ) ;
#2364 = CIRCLE ( 'NONE', #4314, 2.000000000000000444 ) ;
#2365 = DIRECTION ( 'NONE',  ( -0.000000000000000000, -0.000000000000000000, -1.000000000000000000 ) ) ;
#2366 = VERTEX_POINT ( 'NONE', #3582 ) ;
#2367 = EDGE_CURVE ( 'NONE', #1064, #3032, #1671, .T. ) ;
#2368 = AXIS2_PLACEMENT_3D ( 'NONE', #3632, #4000, #981 ) ;
#2369 = FACE_BOUND ( 'NONE', #4352, .T. ) ;
#2370 = ORIENTED_EDGE ( 'NONE', *, *, #3391, .F. ) ;
#2371 = EDGE_CURVE ( 'NONE', #2024, #1134, #2815, .T. ) ;
#2372 = CARTESIAN_POINT ( 'NONE',  ( 9.642325426703351354, -26.44790274137796615, 15.61480612105072474 ) ) ;
#2373 = DIRECTION ( 'NONE',  ( 0.9991097432052220562, -2.452080022268597929E-17, -0.04218674000673096336 ) ) ;
#2374 = ORIENTED_EDGE ( 'NONE', *, *, #2487, .F. ) ;
#2375 = LINE ( 'NONE', #812, #4227 ) ;
#2376 = ORIENTED_EDGE ( 'NONE', *, *, #452, .F. ) ;
#2377 = DIRECTION ( 'NONE',  ( 0.1736481776669340227, 1.174091553763101431E-15, 0.9848077530122075762 ) ) ;
#2378 = EDGE_CURVE ( 'NONE', #1144, #4332, #575, .T. ) ;
#2379 = CARTESIAN_POINT ( 'NONE',  ( 4.612501014233835406, -3.174999999999966960, 69.18669162264484385 ) ) ;
#2380 = DIRECTION ( 'NONE',  ( 0.1736481776669318855, 1.205928582073525537E-15, -0.9848077530122079093 ) ) ;
#2381 = ORIENTED_EDGE ( 'NONE', *, *, #4877, .F. ) ;
#2382 = CARTESIAN_POINT ( 'NONE',  ( 37.30000000000020322, -28.08749999999980673, 15.50609470244534904 ) ) ;
#2383 = ORIENTED_EDGE ( 'NONE', *, *, #1294, .F. ) ;
#2384 = CARTESIAN_POINT ( 'NONE',  ( 37.30000000000018900, -26.60159999999992309, 54.39988898009398355 ) ) ;
#2385 = FACE_OUTER_BOUND ( 'NONE', #4166, .T. ) ;
#2386 = ORIENTED_EDGE ( 'NONE', *, *, #3916, .T. ) ;
#2387 = CARTESIAN_POINT ( 'NONE',  ( 9.563144898863606969, -27.02926077653420833, 54.73426357753012184 ) ) ;
#2388 = DIRECTION ( 'NONE',  ( 2.038788587250921903E-16, -1.000000000000000000, -1.156254464892024060E-15 ) ) ;
#2389 = ADVANCED_FACE ( 'NONE', ( #4025 ), #4796, .F. ) ;
#2390 = DIRECTION ( 'NONE',  ( 0.9848077530122077983, 0.000000000000000000, -0.1736481776669318855 ) ) ;
#2391 = VERTEX_POINT ( 'NONE', #1455 ) ;
#2392 = CARTESIAN_POINT ( 'NONE',  ( 17.08927720844390308, -15.87499999998996358, 125.1148318023903272 ) ) ;
#2393 = CARTESIAN_POINT ( 'NONE',  ( -10.02500926617461374, -27.17587239408653232, 15.55006433919147213 ) ) ;
#2394 = ORIENTED_EDGE ( 'NONE', *, *, #2813, .F. ) ;
#2395 = CARTESIAN_POINT ( 'NONE',  ( 10.62179573556428203, -28.00048255822381194, 15.50841980081050764 ) ) ;
#2396 = ORIENTED_EDGE ( 'NONE', *, *, #2473, .T. ) ;
#2397 = LINE ( 'NONE', #3919, #1411 ) ;
#2398 = CARTESIAN_POINT ( 'NONE',  ( 9.617883577368257164, -27.05099999999993088, -2.814328490263104499 ) ) ;
#2399 = CARTESIAN_POINT ( 'NONE',  ( 3.324385611304324417, -28.57499999999999929, -1.163649739371180214 ) ) ;
#2400 = DIRECTION ( 'NONE',  ( -1.000000000000000000, 0.000000000000000000, 0.000000000000000000 ) ) ;
#2401 = ADVANCED_FACE ( 'NONE', ( #4459 ), #1032, .F. ) ;
#2402 = CARTESIAN_POINT ( 'NONE',  ( -7.430910108977450079, -3.175000000000051781, 69.11488692660384459 ) ) ;
#2403 = ORIENTED_EDGE ( 'NONE', *, *, #4155, .F. ) ;
#2404 = DIRECTION ( 'NONE',  ( -1.000000000000000000, -6.920681583949466820E-15, -0.000000000000000000 ) ) ;
#2405 = LINE ( 'NONE', #4636, #3479 ) ;
#2406 = ORIENTED_EDGE ( 'NONE', *, *, #1140, .F. ) ;
#2407 = EDGE_CURVE ( 'NONE', #3091, #2085, #2910, .T. ) ;
#2408 = CARTESIAN_POINT ( 'NONE',  ( -10.15536920375329721, -26.60160000000025704, 15.60011101990452609 ) ) ;
#2409 = PLANE ( 'NONE',  #4598 ) ;
#2410 = LINE ( 'NONE', #4370, #2053 ) ;
#2411 = AXIS2_PLACEMENT_3D ( 'NONE', #2061, #938, #1038 ) ;
#2412 = CARTESIAN_POINT ( 'NONE',  ( 9.687595743741482579, -27.94373853094333171, 72.64152333052254562 ) ) ;
#2413 = ORIENTED_EDGE ( 'NONE', *, *, #4708, .T. ) ;
#2414 = VECTOR ( 'NONE', #2133, 1000.000000000000114 ) ;
#2415 = CARTESIAN_POINT ( 'NONE',  ( -3.317715347193162412, -25.05099999999993088, 130.1537878316042907 ) ) ;
#2416 = CARTESIAN_POINT ( 'NONE',  ( -9.610873736160172598, -26.52965823767344489, 15.08783262158342531 ) ) ;
#2417 = ORIENTED_EDGE ( 'NONE', *, *, #3653, .T. ) ;
#2418 = CARTESIAN_POINT ( 'NONE',  ( -1.000803485835011220, -5.175000000000013145, 128.5314686809137186 ) ) ;
#2419 = DIRECTION ( 'NONE',  ( 4.980705812064034438E-15, 1.000000000000000000, 1.173769507636595705E-13 ) ) ;
#2420 = CARTESIAN_POINT ( 'NONE',  ( 9.526978979102704415, -27.05099999999993088, 15.10267796913286631 ) ) ;
#2421 = CYLINDRICAL_SURFACE ( 'NONE', #2671, 2.000000000000000888 ) ;
#2422 = CARTESIAN_POINT ( 'NONE',  ( -10.26135258265037464, -27.73299162462231848, 54.48190980312684673 ) ) ;
#2423 = DIRECTION ( 'NONE',  ( -0.04218674000673096336, 0.000000000000000000, -0.9991097432052220562 ) ) ;
#2424 = COLOUR_RGB ( '',0.7921568627450980005, 0.8196078431372548767, 0.9333333333333333481 ) ;
#2425 = ADVANCED_FACE ( 'NONE', ( #4433 ), #3403, .T. ) ;
#2426 = AXIS2_PLACEMENT_3D ( 'NONE', #4866, #412, #1488 ) ;
#2427 = DIRECTION ( 'NONE',  ( -1.000000000000000000, -6.505213034913026604E-15, 0.000000000000000000 ) ) ;
#2428 = CARTESIAN_POINT ( 'NONE',  ( -4.864746883581731574, -5.175000000000033573, 127.8501512079606499 ) ) ;
#2429 = ADVANCED_FACE ( 'NONE', ( #2632 ), #1107, .T. ) ;
#2430 = VECTOR ( 'NONE', #4327, 1000.000000000000114 ) ;
#2431 = CIRCLE ( 'NONE', #2517, 1.999999999999996003 ) ;
#2432 = B_SPLINE_CURVE_WITH_KNOTS ( 'NONE', 3,
 ( #2457, #3561, #3609, #4727, #3975, #1355, #1987, #576, #3584, #3204, #4750, #4484, #4077, #1788 ),
 .UNSPECIFIED., .F., .F.,
 ( 4, 2, 2, 2, 2, 2, 4 ),
 ( 0.000000000000000000, 0.0002615212758343389500, 0.0005230425516686779000, 0.001046085103337346042, 0.001569127655006014510, 0.001830648930840348635, 0.002092170206674682977 ),
 .UNSPECIFIED. ) ;
#2433 = CARTESIAN_POINT ( 'NONE',  ( -10.15536920375329899, -26.60160000000024993, 54.39988898009397644 ) ) ;
#2434 = VECTOR ( 'NONE', #4143, 1000.000000000000227 ) ;
#2435 = CIRCLE ( 'NONE', #3001, 2.000000000000001776 ) ;
#2436 = DIRECTION ( 'NONE',  ( -0.9848077530122079093, -6.832622436092476642E-15, -0.1736481776669318577 ) ) ;
#2437 = EDGE_CURVE ( 'NONE', #4266, #3850, #2197, .T. ) ;
#2438 = EDGE_CURVE ( 'NONE', #1426, #1348, #4384, .T. ) ;
#2439 = VECTOR ( 'NONE', #3078, 999.9999999999998863 ) ;
#2440 = CIRCLE ( 'NONE', #2285, 0.5000000000000004441 ) ;
#2441 =( BOUNDED_CURVE ( )  B_SPLINE_CURVE ( 3, ( #1366, #1660, #972, #2822 ),
 .UNSPECIFIED., .F., .T. ) 
 B_SPLINE_CURVE_WITH_KNOTS ( ( 4, 4 ),
 ( 6.761323784319056938E-15, 1.570796326794787312 ),
 .UNSPECIFIED. ) 
 CURVE ( )  GEOMETRIC_REPRESENTATION_ITEM ( )  RATIONAL_B_SPLINE_CURVE ( ( 1.000000000000000000, 0.8047378541243923600, 0.8047378541243923600, 1.000000000000000000 ) ) 
 REPRESENTATION_ITEM ( '' )  );
#2442 = DIRECTION ( 'NONE',  ( 0.9848077530122076872, 1.128575716519679863E-15, 0.1736481776669332455 ) ) ;
#2443 = EDGE_LOOP ( 'NONE', ( #1888, #458, #1229, #1165, #3062 ) ) ;
#2444 = CARTESIAN_POINT ( 'NONE',  ( 3.379528257343644260, -4.159134063252262870, -1.173372875655598335 ) ) ;
#2445 = CARTESIAN_POINT ( 'NONE',  ( -10.16166879517131427, -26.59078119805314699, 15.60121458064888422 ) ) ;
#2446 = ORIENTED_EDGE ( 'NONE', *, *, #1140, .T. ) ;
#2447 = CARTESIAN_POINT ( 'NONE',  ( -12.19999999999980744, -28.57500000000008455, 34.99999999999925393 ) ) ;
#2448 = VECTOR ( 'NONE', #4477, 1000.000000000000227 ) ;
#2449 = ORIENTED_EDGE ( 'NONE', *, *, #1298, .F. ) ;
#2450 = CARTESIAN_POINT ( 'NONE',  ( 10.30958730549466651, -28.57499999999992113, 72.39532926374687349 ) ) ;
#2451 = DIRECTION ( 'NONE',  ( -0.1736481776669315524, 0.000000000000000000, -0.9848077530122077983 ) ) ;
#2452 = DIRECTION ( 'NONE',  ( 0.1736481776669318577, 1.972152263052529951E-31, -0.9848077530122076872 ) ) ;
#2453 = CARTESIAN_POINT ( 'NONE',  ( -5.704600393942264702, -15.87499999999012346, -51.09565618612380433 ) ) ;
#2454 = ORIENTED_EDGE ( 'NONE', *, *, #2814, .T. ) ;
#2455 = EDGE_CURVE ( 'NONE', #3780, #1719, #3725, .T. ) ;
#2456 = DIRECTION ( 'NONE',  ( -0.9848077530122079093, -6.832622436092476642E-15, -0.1736481776669318577 ) ) ;
#2457 = CARTESIAN_POINT ( 'NONE',  ( -11.04899999999980587, -28.08750000000007319, 15.50609470244535260 ) ) ;
#2458 = FACE_OUTER_BOUND ( 'NONE', #1710, .T. ) ;
#2459 = ORIENTED_EDGE ( 'NONE', *, *, #3083, .T. ) ;
#2460 = DIRECTION ( 'NONE',  ( -0.9848077530122073542, 2.058172017878802680E-16, 0.1736481776669340504 ) ) ;
#2461 = LINE ( 'NONE', #4005, #619 ) ;
#2462 = B_SPLINE_CURVE_WITH_KNOTS ( 'NONE', 3,
 ( #2764, #815, #4603, #883, #1226, #4701, #540, #138 ),
 .UNSPECIFIED., .F., .F.,
 ( 4, 2, 2, 4 ),
 ( 0.000000000000000000, 0.0002254158121605308264, 0.0004508316243210616528, 0.0009016632486421292687 ),
 .UNSPECIFIED. ) ;
#2463 = CARTESIAN_POINT ( 'NONE',  ( 7.577228069776594133, -3.324999999999979305, -1.761226617719546139 ) ) ;
#2464 = DIRECTION ( 'NONE',  ( -0.9848077530122079093, -6.832622436092476642E-15, 0.1736481776669318577 ) ) ;
#2465 = EDGE_CURVE ( 'NONE', #583, #1489, #2435, .T. ) ;
#2466 = ORIENTED_EDGE ( 'NONE', *, *, #1619, .T. ) ;
#2467 = DIRECTION ( 'NONE',  ( -0.9848077530122079093, -6.832622436092476642E-15, -0.1736481776669318855 ) ) ;
#2468 = CARTESIAN_POINT ( 'NONE',  ( -9.563144898863244592, -27.02926077653434689, 15.26573642246838780 ) ) ;
#2469 = ORIENTED_EDGE ( 'NONE', *, *, #821, .F. ) ;
#2470 = DIRECTION ( 'NONE',  ( -0.9848077530122073542, -6.748508473202742893E-15, 0.1736481776669340782 ) ) ;
#2471 = CARTESIAN_POINT ( 'NONE',  ( 3.271961550609263636, -27.05099999999993088, -0.1870436273168352148 ) ) ;
#2472 = ORIENTED_EDGE ( 'NONE', *, *, #3391, .T. ) ;
#2473 = EDGE_CURVE ( 'NONE', #3016, #544, #4573, .T. ) ;
#2474 = CARTESIAN_POINT ( 'NONE',  ( -11.04899999999980587, -28.08750000000007319, 15.50609470244535260 ) ) ;
#2475 = DIRECTION ( 'NONE',  ( -0.1736481776669314692, 0.000000000000000000, -0.9848077530122077983 ) ) ;
#2476 = CARTESIAN_POINT ( 'NONE',  ( 9.630813715790660368, -27.05099999999993443, -2.123329174307428513 ) ) ;
#2477 = ORIENTED_EDGE ( 'NONE', *, *, #2253, .T. ) ;
#2478 = CARTESIAN_POINT ( 'NONE',  ( -9.528313655227560020, -27.21864730419191147, 54.45320415194667873 ) ) ;
#2479 = DIRECTION ( 'NONE',  ( 1.000000000000000000, 0.000000000000000000, 0.000000000000000000 ) ) ;
#2480 = CARTESIAN_POINT ( 'NONE',  ( 11.04900000000018068, -28.08749999999991687, 54.49390529755315526 ) ) ;
#2481 = VERTEX_POINT ( 'NONE', #289 ) ;
#2482 = CARTESIAN_POINT ( 'NONE',  ( 17.08927720844390308, -15.87499999998996358, -55.11483180239090274 ) ) ;
#2483 = VERTEX_POINT ( 'NONE', #3355 ) ;
#2484 = DIRECTION ( 'NONE',  ( 0.9848077530122073542, 6.836577773956856050E-15, 0.1736481776669340227 ) ) ;
#2485 = CARTESIAN_POINT ( 'NONE',  ( 3.274999999999999911, -27.05099999999993088, 94.68047560319701006 ) ) ;
#2486 = CARTESIAN_POINT ( 'NONE',  ( -15.35642506783070083, -5.175000000000106404, -56.00018527116767331 ) ) ;
#2487 = EDGE_CURVE ( 'NONE', #1457, #3879, #742, .T. ) ;
#2488 = VERTEX_POINT ( 'NONE', #4502 ) ;
#2489 = DIRECTION ( 'NONE',  ( -0.1736481776669298038, -1.174091553763073032E-15, 0.9848077530122082424 ) ) ;
#2490 = ORIENTED_EDGE ( 'NONE', *, *, #4659, .T. ) ;
#2491 = CARTESIAN_POINT ( 'NONE',  ( 10.03460219032467116, -26.92746525084078613, 15.56954068434352401 ) ) ;
#2492 = EDGE_CURVE ( 'NONE', #2227, #3596, #716, .T. ) ;
#2493 = ORIENTED_EDGE ( 'NONE', *, *, #211, .T. ) ;
#2494 = VECTOR ( 'NONE', #4135, 1000.000000000000114 ) ;
#2495 = DIRECTION ( 'NONE',  ( 1.000000000000000000, 6.920681583949467609E-15, -0.000000000000000000 ) ) ;
#2496 = DIRECTION ( 'NONE',  ( 2.094073006735368146E-16, -1.000000000000000000, 1.187607817205041144E-15 ) ) ;
#2497 = AXIS2_PLACEMENT_3D ( 'NONE', #2939, #4219, #2216 ) ;
#2498 = DIRECTION ( 'NONE',  ( 1.000000000000000000, 6.938893903907228378E-15, 0.000000000000000000 ) ) ;
#2499 = CARTESIAN_POINT ( 'NONE',  ( 37.30000000000019611, -28.07499999999966533, 54.99374902313146407 ) ) ;
#2500 = ORIENTED_EDGE ( 'NONE', *, *, #3039, .T. ) ;
#2501 = CARTESIAN_POINT ( 'NONE',  ( -9.521672339072299707, -26.95900576757176736, 54.43336363733899219 ) ) ;
#2502 = DIRECTION ( 'NONE',  ( 0.9848077530122073542, 0.000000000000000000, -0.1736481776669351607 ) ) ;
#2503 = ADVANCED_FACE ( 'NONE', ( #2951 ), #4896, .F. ) ;
#2504 = ADVANCED_FACE ( 'NONE', ( #28 ), #1494, .T. ) ;
#2505 = AXIS2_PLACEMENT_3D ( 'NONE', #73, #1252, #4673 ) ;
#2506 = CIRCLE ( 'NONE', #388, 2.575000000000010392 ) ;
#2507 = CARTESIAN_POINT ( 'NONE',  ( 10.03665368237553146, -27.26285663563508876, 54.45598699770716422 ) ) ;
#2508 = AXIS2_PLACEMENT_3D ( 'NONE', #1700, #1015, #3214 ) ;
#2509 = CARTESIAN_POINT ( 'NONE',  ( 10.26514370925911379, -28.57499999999992468, -2.235178666828542049 ) ) ;
#2510 = CARTESIAN_POINT ( 'NONE',  ( 9.525000000000176215, -27.05099999999993088, 54.94185106754060399 ) ) ;
#2511 = VERTEX_POINT ( 'NONE', #4207 ) ;
#2512 = CARTESIAN_POINT ( 'NONE',  ( -3.274999999999999911, -27.05099999999993088, 94.68047560319701006 ) ) ;
#2513 = DIRECTION ( 'NONE',  ( 1.000000000000000000, 3.469446951953635882E-15, 8.676329156525867392E-17 ) ) ;
#2514 = ORIENTED_EDGE ( 'NONE', *, *, #1920, .F. ) ;
#2515 = LINE ( 'NONE', #1303, #851 ) ;
#2516 = AXIS2_PLACEMENT_3D ( 'NONE', #185, #1699, #1680 ) ;
#2517 = AXIS2_PLACEMENT_3D ( 'NONE', #2076, #4748, #1278 ) ;
#2518 = EDGE_CURVE ( 'NONE', #3898, #3467, #790, .T. ) ;
#2519 = ORIENTED_EDGE ( 'NONE', *, *, #406, .F. ) ;
#2520 = LINE ( 'NONE', #4807, #4607 ) ;
#2521 = ORIENTED_EDGE ( 'NONE', *, *, #2455, .F. ) ;
#2522 = ADVANCED_FACE ( 'NONE', ( #3306 ), #3042, .F. ) ;
#2523 = CARTESIAN_POINT ( 'NONE',  ( -4.864746883581745784, -3.175000000000032685, 127.8501512079606783 ) ) ;
#2524 = CIRCLE ( 'NONE', #407, 2.000000000000001776 ) ;
#2525 = VERTEX_POINT ( 'NONE', #1524 ) ;
#2526 = LINE ( 'NONE', #638, #2050 ) ;
#2527 = DIRECTION ( 'NONE',  ( -1.000000000000000000, 0.000000000000000000, 0.000000000000000000 ) ) ;
#2528 = EDGE_CURVE ( 'NONE', #852, #900, #4481, .T. ) ;
#2529 = CARTESIAN_POINT ( 'NONE',  ( 3.390974049656056089, -27.05099999999993798, -1.286092261280495475 ) ) ;
#2530 = DIRECTION ( 'NONE',  ( -0.9848077530122076872, -6.832622436092475853E-15, -0.1736481776669318577 ) ) ;
#2531 = ORIENTED_EDGE ( 'NONE', *, *, #4100, .T. ) ;
#2532 = PLANE ( 'NONE',  #24 ) ;
#2533 = EDGE_CURVE ( 'NONE', #1457, #4208, #4087, .T. ) ;
#2534 = CARTESIAN_POINT ( 'NONE',  ( 10.78528965025043718, -28.57499995770255552, 54.50609660759165109 ) ) ;
#2535 = CARTESIAN_POINT ( 'NONE',  ( -17.39785257348811598, -25.05099999999992733, 125.6402265227592778 ) ) ;
#2536 = ORIENTED_EDGE ( 'NONE', *, *, #4426, .F. ) ;
#2537 = CARTESIAN_POINT ( 'NONE',  ( -2.970418991859292479, -25.05099999999992022, -58.18417232558043395 ) ) ;
#2538 = ORIENTED_EDGE ( 'NONE', *, *, #1011, .F. ) ;
#2539 = CARTESIAN_POINT ( 'NONE',  ( -4.864746883581730685, -5.175000000000033573, -57.85015120796120414 ) ) ;
#2540 = CARTESIAN_POINT ( 'NONE',  ( -2.970418991859291147, -25.05099999999992733, 128.1841723255798513 ) ) ;
#2541 = DIRECTION ( 'NONE',  ( 0.1736481776669318022, 0.000000000000000000, 0.9848077530122077983 ) ) ;
#2542 = ORIENTED_EDGE ( 'NONE', *, *, #4565, .F. ) ;
#2543 = CARTESIAN_POINT ( 'NONE',  ( -9.524999999999817391, -27.25205318753414474, 54.95217500704542601 ) ) ;
#2544 = ORIENTED_EDGE ( 'NONE', *, *, #2589, .T. ) ;
#2545 = CARTESIAN_POINT ( 'NONE',  ( -3.257453548667931020, -3.324999999999977085, -0.003093912784537752349 ) ) ;
#2546 = ORIENTED_EDGE ( 'NONE', *, *, #842, .T. ) ;
#2547 = DIRECTION ( 'NONE',  ( 0.9848077530122076872, 0.000000000000000000, 0.1736481776669316912 ) ) ;
#2548 = ADVANCED_FACE ( 'NONE', ( #692 ), #2682, .F. ) ;
#2549 = DIRECTION ( 'NONE',  ( -6.938893903907226800E-15, 1.000000000000000000, 0.000000000000000000 ) ) ;
#2550 = LINE ( 'NONE', #337, #1257 ) ;
#2551 = CARTESIAN_POINT ( 'NONE',  ( 9.520796349150973725, -5.324999999999978861, -2.256244136005243650 ) ) ;
#2552 = VERTEX_POINT ( 'NONE', #1203 ) ;
#2553 = DIRECTION ( 'NONE',  ( 0.9848077530122080203, -0.000000000000000000, 0.1736481776669310251 ) ) ;
#2554 = DIRECTION ( 'NONE',  ( 0.1572158889194949505, 1.062987529024242755E-15, -0.9875642582998095387 ) ) ;
#2555 = CARTESIAN_POINT ( 'NONE',  ( 10.08298913259923424, -27.43163955872904225, 54.46663497281781474 ) ) ;
#2556 = B_SPLINE_CURVE_WITH_KNOTS ( 'NONE', 3,
 ( #4801, #4488, #655, #1436, #3667, #4107, #1383, #252 ),
 .UNSPECIFIED., .F., .F.,
 ( 4, 2, 2, 4 ),
 ( -4.472146854290955662E-06, 0.0004668104192386675561, 0.0007024517022851482079, 0.0009380929853316288597 ),
 .UNSPECIFIED. ) ;
#2557 = CARTESIAN_POINT ( 'NONE',  ( -6.834362389606136290, -27.05099999999993088, 127.5028548526267400 ) ) ;
#2558 = DIRECTION ( 'NONE',  ( 0.000000000000000000, 0.000000000000000000, 1.000000000000000000 ) ) ;
#2559 = ORIENTED_EDGE ( 'NONE', *, *, #1920, .T. ) ;
#2560 = DIRECTION ( 'NONE',  ( 0.9848077530122073542, 0.000000000000000000, -0.1736481776669340782 ) ) ;
#2561 = EDGE_CURVE ( 'NONE', #1072, #1659, #3896, .T. ) ;
#2562 = DIRECTION ( 'NONE',  ( -1.000000000000000000, -6.920681583949466820E-15, -0.000000000000000000 ) ) ;
#2563 = CARTESIAN_POINT ( 'NONE',  ( -3.775000000000000355, -26.60160000000020730, 54.39988898009397644 ) ) ;
#2564 = ORIENTED_EDGE ( 'NONE', *, *, #581, .F. ) ;
#2565 = CARTESIAN_POINT ( 'NONE',  ( -12.69996092376105423, -28.57500000000008811, 15.00625097686704379 ) ) ;
#2566 = DIRECTION ( 'NONE',  ( -0.1736481776669340227, -1.174091553763101629E-15, -0.9848077530122074652 ) ) ;
#2567 = EDGE_CURVE ( 'NONE', #3879, #4583, #4695, .T. ) ;
#2568 = LINE ( 'NONE', #707, #1400 ) ;
#2569 = ORIENTED_EDGE ( 'NONE', *, *, #2465, .T. ) ;
#2570 = LINE ( 'NONE', #2942, #2337 ) ;
#2571 = CARTESIAN_POINT ( 'NONE',  ( -2.970418991859296476, -27.05099999999993088, 128.1841723255798797 ) ) ;
#2572 = ORIENTED_EDGE ( 'NONE', *, *, #3420, .T. ) ;
#2573 = LINE ( 'NONE', #1448, #95 ) ;
#2574 = CARTESIAN_POINT ( 'NONE',  ( 3.274999999999999911, 0.000000000000000000, 94.68047560319701006 ) ) ;
#2575 = FACE_OUTER_BOUND ( 'NONE', #3934, .T. ) ;
#2576 = FACE_OUTER_BOUND ( 'NONE', #2878, .T. ) ;
#2577 = VERTEX_POINT ( 'NONE', #833 ) ;
#2578 = CARTESIAN_POINT ( 'NONE',  ( 0.000000000000000000, -27.05099999999993088, 94.68047560319701006 ) ) ;
#2579 = CIRCLE ( 'NONE', #2890, 1.999999999999999334 ) ;
#2580 = CARTESIAN_POINT ( 'NONE',  ( 10.20651886327613589, -27.66331567574142269, 54.47882414835908094 ) ) ;
#2581 = CARTESIAN_POINT ( 'NONE',  ( 37.30000000000018900, -26.60159999999991953, 15.60011101990452254 ) ) ;
#2582 = PLANE ( 'NONE',  #4467 ) ;
#2583 = ORIENTED_EDGE ( 'NONE', *, *, #1872, .T. ) ;
#2584 = DIRECTION ( 'NONE',  ( 4.202843067175781436E-15, -1.000000000000000000, -0.000000000000000000 ) ) ;
#2585 = CARTESIAN_POINT ( 'NONE',  ( -17.39785257348749781, -114.6022714177932897, 125.6402265227593062 ) ) ;
#2586 = AXIS2_PLACEMENT_3D ( 'NONE', #2004, #1637, #538 ) ;
#2587 = FACE_OUTER_BOUND ( 'NONE', #3504, .T. ) ;
#2588 = VERTEX_POINT ( 'NONE', #3523 ) ;
#2589 = EDGE_CURVE ( 'NONE', #4302, #60, #929, .T. ) ;
#2590 = CARTESIAN_POINT ( 'NONE',  ( 10.55786681315189135, -28.49714578361019335, 54.99238886146521565 ) ) ;
#2591 = LINE ( 'NONE', #382, #2434 ) ;
#2592 = VERTEX_POINT ( 'NONE', #1610 ) ;
#2593 = AXIS2_PLACEMENT_3D ( 'NONE', #3595, #2373, #3170 ) ;
#2594 = AXIS2_PLACEMENT_3D ( 'NONE', #998, #3301, #4380 ) ;
#2595 = EDGE_CURVE ( 'NONE', #4668, #3366, #1734, .T. ) ;
#2596 = EDGE_LOOP ( 'NONE', ( #2559, #409, #450, #2251 ) ) ;
#2597 = DIRECTION ( 'NONE',  ( -1.000000000000000000, -0.000000000000000000, -0.000000000000000000 ) ) ;
#2598 = VECTOR ( 'NONE', #841, 1000.000000000000114 ) ;
#2599 = CIRCLE ( 'NONE', #4689, 1.999999999999995337 ) ;
#2600 = DIRECTION ( 'NONE',  ( 0.9848077530122077983, 0.000000000000000000, 0.1736481776669316912 ) ) ;
#2601 = VERTEX_POINT ( 'NONE', #1589 ) ;
#2602 = VECTOR ( 'NONE', #2637, 1000.000000000000114 ) ;
#2603 = DIRECTION ( 'NONE',  ( -6.938026650575909742E-15, 1.000000000000000000, -0.000000000000000000 ) ) ;
#2604 = CARTESIAN_POINT ( 'NONE',  ( 9.604766489140617480, -27.25342895986619851, -2.271050337259258534 ) ) ;
#2605 = ORIENTED_EDGE ( 'NONE', *, *, #1595, .F. ) ;
#2606 = CARTESIAN_POINT ( 'NONE',  ( -9.595496663175433483, -26.57225607497785447, 54.39805121047918135 ) ) ;
#2607 = DIRECTION ( 'NONE',  ( -7.059400191666553323E-15, 1.000000000000000000, 7.635056491801255953E-17 ) ) ;
#2608 = ORIENTED_EDGE ( 'NONE', *, *, #1412, .F. ) ;
#2609 = AXIS2_PLACEMENT_3D ( 'NONE', #2302, #3863, #1543 ) ;
#2610 = LINE ( 'NONE', #3767, #1251 ) ;
#2611 = CARTESIAN_POINT ( 'NONE',  ( -3.276975197684142138, -27.05099999999993088, 15.10267796913286631 ) ) ;
#2612 = CYLINDRICAL_SURFACE ( 'NONE', #1897, 2.000000000000009770 ) ;
#2613 = ORIENTED_EDGE ( 'NONE', *, *, #1559, .T. ) ;
#2614 = CARTESIAN_POINT ( 'NONE',  ( 12.20000000000018581, -28.57499999999991402, 54.99999999999926104 ) ) ;
#2615 = VECTOR ( 'NONE', #1757, 1000.000000000000000 ) ;
#2616 = ADVANCED_FACE ( 'NONE', ( #4331 ), #438, .F. ) ;
#2617 = LINE ( 'NONE', #1678, #3635 ) ;
#2618 = ORIENTED_EDGE ( 'NONE', *, *, #3051, .T. ) ;
#2619 = VECTOR ( 'NONE', #4146, 1000.000000000000114 ) ;
#2620 = DIRECTION ( 'NONE',  ( -0.1010228786433665371, 0.000000000000000000, -0.9948841027931885073 ) ) ;
#2621 = DIRECTION ( 'NONE',  ( 0.000000000000000000, 0.000000000000000000, 1.000000000000000000 ) ) ;
#2622 = EDGE_LOOP ( 'NONE', ( #1842, #2613, #4616, #3322 ) ) ;
#2623 = VERTEX_POINT ( 'NONE', #47 ) ;
#2624 = EDGE_CURVE ( 'NONE', #3230, #4637, #2375, .T. ) ;
#2625 = CARTESIAN_POINT ( 'NONE',  ( 9.525000000000172662, -27.05099999999993088, 1.032685228116261733 ) ) ;
#2626 = CYLINDRICAL_SURFACE ( 'NONE', #631, 2.000000000000000000 ) ;
#2627 = EDGE_LOOP ( 'NONE', ( #4163, #2536, #1539, #1309, #880, #1273 ) ) ;
#2628 = CARTESIAN_POINT ( 'NONE',  ( -15.35642506783069905, -5.175000000000109068, -58.00018527116767331 ) ) ;
#2629 = CARTESIAN_POINT ( 'NONE',  ( 10.20060040875318208, -28.27398724061946567, -2.376111933308232782 ) ) ;
#2630 = VERTEX_POINT ( 'NONE', #3503 ) ;
#2631 = CARTESIAN_POINT ( 'NONE',  ( -9.524999999999815614, -27.25205318753413763, 15.04782499295311204 ) ) ;
#2632 = FACE_OUTER_BOUND ( 'NONE', #1523, .T. ) ;
#2633 = ADVANCED_FACE ( 'NONE', ( #2731 ), #4667, .T. ) ;
#2634 = DIRECTION ( 'NONE',  ( 0.1736481776669298038, 0.000000000000000000, -0.9848077530122081313 ) ) ;
#2635 = CARTESIAN_POINT ( 'NONE',  ( 3.350432837954365528, -27.05099999999993088, -1.015928576419351526 ) ) ;
#2636 = CARTESIAN_POINT ( 'NONE',  ( 12.31178346647451072, -28.19784285913081234, 15.50333526850918986 ) ) ;
#2637 = DIRECTION ( 'NONE',  ( -0.1736481776669318577, -1.972152263052529951E-31, -0.9848077530122076872 ) ) ;
#2638 = ORIENTED_EDGE ( 'NONE', *, *, #2864, .F. ) ;
#2639 = CARTESIAN_POINT ( 'NONE',  ( 12.69896423427919707, -28.57499999999991758, 54.91403255564464558 ) ) ;
#2640 = DIRECTION ( 'NONE',  ( -0.1736481776669315524, 0.000000000000000000, 0.9848077530122077983 ) ) ;
#2641 = ORIENTED_EDGE ( 'NONE', *, *, #4017, .F. ) ;
#2642 = LINE ( 'NONE', #3179, #3954 ) ;
#2643 = LINE ( 'NONE', #1827, #3804 ) ;
#2644 = ORIENTED_EDGE ( 'NONE', *, *, #1969, .F. ) ;
#2645 = ORIENTED_EDGE ( 'NONE', *, *, #290, .F. ) ;
#2646 = DIRECTION ( 'NONE',  ( 0.000000000000000000, -1.734723475976805517E-15, -1.000000000000000000 ) ) ;
#2647 = CARTESIAN_POINT ( 'NONE',  ( -9.525660961050089526, -27.05099999999993088, 54.91212111837929655 ) ) ;
#2648 = ORIENTED_EDGE ( 'NONE', *, *, #4659, .F. ) ;
#2649 = ADVANCED_FACE ( 'NONE', ( #1222 ), #2348, .T. ) ;
#2650 = CARTESIAN_POINT ( 'NONE',  ( -9.426572841651134738, -114.6022714177932329, 1.084688265777622451 ) ) ;
#2651 = DIRECTION ( 'NONE',  ( 6.938226849142563920E-15, -1.000000000000000000, 1.135382491375384700E-18 ) ) ;
#2652 = ORIENTED_EDGE ( 'NONE', *, *, #4247, .F. ) ;
#2653 = EDGE_CURVE ( 'NONE', #2807, #4574, #3917, .T. ) ;
#2654 = DIRECTION ( 'NONE',  ( 0.1736481776669318577, -0.000000000000000000, 0.9848077530122076872 ) ) ;
#2655 = DIRECTION ( 'NONE',  ( -0.1736481776669315524, 0.000000000000000000, -0.9848077530122079093 ) ) ;
#2656 = ORIENTED_EDGE ( 'NONE', *, *, #4498, .T. ) ;
#2657 = CARTESIAN_POINT ( 'NONE',  ( 8.966138978675822102, -5.174999999999943867, 72.00612908475822849 ) ) ;
#2658 = VERTEX_POINT ( 'NONE', #1563 ) ;
#2659 = DIRECTION ( 'NONE',  ( 0.000000000000000000, -1.301042606982604138E-15, -1.000000000000000000 ) ) ;
#2660 = EDGE_CURVE ( 'NONE', #544, #2588, #3412, .T. ) ;
#2661 = CARTESIAN_POINT ( 'NONE',  ( 8.940091752025940863, -25.05099999999990601, -2.153850247710494603 ) ) ;
#2662 = VECTOR ( 'NONE', #3035, 1000.000000000000000 ) ;
#2663 = CARTESIAN_POINT ( 'NONE',  ( 3.324385611304322641, -3.174999999999976730, -1.163649739371210634 ) ) ;
#2664 = ORIENTED_EDGE ( 'NONE', *, *, #121, .T. ) ;
#2665 = AXIS2_PLACEMENT_3D ( 'NONE', #3014, #2235, #1439 ) ;
#2666 = LINE ( 'NONE', #1598, #3615 ) ;
#2667 = FACE_OUTER_BOUND ( 'NONE', #2700, .T. ) ;
#2668 = CARTESIAN_POINT ( 'NONE',  ( 3.390974049655289591, -4.108551349554724119, -1.286092261280388449 ) ) ;
#2669 = VERTEX_POINT ( 'NONE', #3841 ) ;
#2670 =( BOUNDED_CURVE ( )  B_SPLINE_CURVE ( 3, ( #4732, #580, #4394, #1723 ),
 .UNSPECIFIED., .F., .F. ) 
 B_SPLINE_CURVE_WITH_KNOTS ( ( 4, 4 ),
 ( 5.720777923041096003, 5.750401847588300086 ),
 .UNSPECIFIED. ) 
 CURVE ( )  GEOMETRIC_REPRESENTATION_ITEM ( )  RATIONAL_B_SPLINE_CURVE ( ( 1.000000000000000000, 0.9999268699282427564, 0.9999268699282427564, 1.000000000000000000 ) ) 
 REPRESENTATION_ITEM ( '' )  );
#2671 = AXIS2_PLACEMENT_3D ( 'NONE', #4310, #2762, #3603 ) ;
#2672 = AXIS2_PLACEMENT_3D ( 'NONE', #2742, #4682, #3588 ) ;
#2673 = ORIENTED_EDGE ( 'NONE', *, *, #2922, .F. ) ;
#2674 = ORIENTED_EDGE ( 'NONE', *, *, #2407, .T. ) ;
#2675 = EDGE_CURVE ( 'NONE', #3790, #2853, #4309, .T. ) ;
#2676 = CIRCLE ( 'NONE', #3881, 2.575000000000013944 ) ;
#2677 = CARTESIAN_POINT ( 'NONE',  ( -2.970418991858672086, -114.6022714177931903, -58.18417232558044105 ) ) ;
#2678 = ORIENTED_EDGE ( 'NONE', *, *, #2813, .T. ) ;
#2679 = CARTESIAN_POINT ( 'NONE',  ( 10.03685682902863796, -26.91465778146742238, 15.57063304045309415 ) ) ;
#2680 = LINE ( 'NONE', #4232, #4444 ) ;
#2681 = ORIENTED_EDGE ( 'NONE', *, *, #1412, .T. ) ;
#2682 = CYLINDRICAL_SURFACE ( 'NONE', #2911, 2.575000000000013944 ) ;
#2683 = AXIS2_PLACEMENT_3D ( 'NONE', #2963, #2289, #4195 ) ;
#2684 = EDGE_LOOP ( 'NONE', ( #2077, #4236, #2141, #3775 ) ) ;
#2685 = AXIS2_PLACEMENT_3D ( 'NONE', #2357, #859, #3154 ) ;
#2686 = AXIS2_PLACEMENT_3D ( 'NONE', #198, #4460, #1379 ) ;
#2687 = VECTOR ( 'NONE', #2554, 1000.000000000000000 ) ;
#2688 = DIRECTION ( 'NONE',  ( -0.9848077530122074652, 9.611347710396702610E-17, 0.1736481776669340782 ) ) ;
#2689 = CARTESIAN_POINT ( 'NONE',  ( 3.351651161371481447, -3.174999999999972733, 70.86999744872437645 ) ) ;
#2690 = VECTOR ( 'NONE', #262, 1000.000000000000000 ) ;
#2691 = ADVANCED_FACE ( 'NONE', ( #131 ), #3145, .T. ) ;
#2692 = DIRECTION ( 'NONE',  ( -0.02413729786597506796, -1.632000861504106530E-16, 0.9997086529843228764 ) ) ;
#2693 = ORIENTED_EDGE ( 'NONE', *, *, #1969, .T. ) ;
#2694 = CARTESIAN_POINT ( 'NONE',  ( -6.151744451434615790, -15.87499999999012346, -53.63153615013025899 ) ) ;
#2695 = AXIS2_PLACEMENT_3D ( 'NONE', #2650, #4711, #2797 ) ;
#2696 = ORIENTED_EDGE ( 'NONE', *, *, #3605, .T. ) ;
#2697 = EDGE_CURVE ( 'NONE', #2630, #17, #4775, .T. ) ;
#2698 = AXIS2_PLACEMENT_3D ( 'NONE', #3270, #1067, #4088 ) ;
#2699 = LINE ( 'NONE', #4248, #1319 ) ;
#2700 = EDGE_LOOP ( 'NONE', ( #3320, #4321, #1380 ) ) ;
#2701 = CARTESIAN_POINT ( 'NONE',  ( 8.940091752026543048, -114.6022714177931050, -2.153850247710600740 ) ) ;
#2702 = ORIENTED_EDGE ( 'NONE', *, *, #603, .T. ) ;
#2703 = B_SPLINE_CURVE_WITH_KNOTS ( 'NONE', 3,
 ( #1859, #1073, #3702, #3733, #3350, #2967, #3376, #4912 ),
 .UNSPECIFIED., .F., .F.,
 ( 4, 2, 2, 4 ),
 ( 0.000000000000000000, 0.0002254158121605402861, 0.0004508316243210805721, 0.0009016632486421663484 ),
 .UNSPECIFIED. ) ;
#2704 = CARTESIAN_POINT ( 'NONE',  ( 10.51596270391386234, -28.50312062381781075, 15.00731853135460270 ) ) ;
#2705 = CARTESIAN_POINT ( 'NONE',  ( -10.03665368237516375, -27.26285663563507455, 15.54401300229135963 ) ) ;
#2706 = ORIENTED_EDGE ( 'NONE', *, *, #2864, .T. ) ;
#2707 = CARTESIAN_POINT ( 'NONE',  ( 9.546843575801013060, -27.05099999999993088, -2.108522973053386540 ) ) ;
#2708 = CARTESIAN_POINT ( 'NONE',  ( -13.73410591714013762, -5.175000000000102851, -58.31709713252588756 ) ) ;
#2709 = ORIENTED_EDGE ( 'NONE', *, *, #4876, .T. ) ;
#2710 = EDGE_CURVE ( 'NONE', #417, #3700, #1951, .T. ) ;
#2711 = DIRECTION ( 'NONE',  ( -0.9848077530122073542, 0.000000000000000000, 0.1736481776669340782 ) ) ;
#2712 = DIRECTION ( 'NONE',  ( -0.9848077530122073542, 0.000000000000000000, 0.1736481776669339949 ) ) ;
#2713 = ADVANCED_FACE ( 'NONE', ( #4717 ), #485, .T. ) ;
#2714 = DIRECTION ( 'NONE',  ( -0.000000000000000000, -0.000000000000000000, -1.000000000000000000 ) ) ;
#2715 = ORIENTED_EDGE ( 'NONE', *, *, #846, .T. ) ;
#2716 = DIRECTION ( 'NONE',  ( -0.1736481776669315524, 0.000000000000000000, 0.9848077530122077983 ) ) ;
#2717 = EDGE_CURVE ( 'NONE', #2310, #2826, #4737, .T. ) ;
#2718 = ORIENTED_EDGE ( 'NONE', *, *, #1275, .F. ) ;
#2719 = FACE_OUTER_BOUND ( 'NONE', #365, .T. ) ;
#2720 = EDGE_CURVE ( 'NONE', #1149, #1199, #1663, .T. ) ;
#2721 = ORIENTED_EDGE ( 'NONE', *, *, #574, .T. ) ;
#2722 = EDGE_CURVE ( 'NONE', #460, #2824, #188, .T. ) ;
#2723 = CARTESIAN_POINT ( 'NONE',  ( 12.28740357568882047, 8.307911404383173055E-14, -2.591757643284037016 ) ) ;
#2724 = CARTESIAN_POINT ( 'NONE',  ( 10.96063281692972424, -28.08749999999991687, 54.49390529755316237 ) ) ;
#2725 =( BOUNDED_CURVE ( )  B_SPLINE_CURVE ( 3, ( #3616, #2883, #228, #678 ),
 .UNSPECIFIED., .F., .T. ) 
 B_SPLINE_CURVE_WITH_KNOTS ( ( 4, 4 ),
 ( 3.141592653589791340, 4.712388980384687898 ),
 .UNSPECIFIED. ) 
 CURVE ( )  GEOMETRIC_REPRESENTATION_ITEM ( )  RATIONAL_B_SPLINE_CURVE ( ( 1.000000000000000000, 0.8047378541243649375, 0.8047378541243649375, 1.000000000000000000 ) ) 
 REPRESENTATION_ITEM ( '' )  );
#2726 = ORIENTED_EDGE ( 'NONE', *, *, #3567, .T. ) ;
#2727 = CARTESIAN_POINT ( 'NONE',  ( 10.16166879517167132, -26.59078119805300133, 15.60121458064888245 ) ) ;
#2728 = CARTESIAN_POINT ( 'NONE',  ( 7.577228069776594133, -3.324999999999979305, -1.761226617719546139 ) ) ;
#2729 = ORIENTED_EDGE ( 'NONE', *, *, #2838, .F. ) ;
#2730 = CARTESIAN_POINT ( 'NONE',  ( -10.94833949280586971, -28.57500000000007390, 15.00625097686704557 ) ) ;
#2731 = FACE_OUTER_BOUND ( 'NONE', #2116, .T. ) ;
#2732 = ORIENTED_EDGE ( 'NONE', *, *, #1645, .T. ) ;
#2733 = LINE ( 'NONE', #490, #397 ) ;
#2734 = CARTESIAN_POINT ( 'NONE',  ( -0.09875333346271669699, -28.57499999999999929, -0.5600579846948339213 ) ) ;
#2735 = ORIENTED_EDGE ( 'NONE', *, *, #4661, .T. ) ;
#2736 = CARTESIAN_POINT ( 'NONE',  ( 9.869619863312081520, -27.82430900568479970, 72.31775113305675973 ) ) ;
#2737 = EDGE_LOOP ( 'NONE', ( #1777, #534, #1856, #4435 ) ) ;
#2738 = CARTESIAN_POINT ( 'NONE',  ( 0.1521236164222540543, -15.87499999999012346, 87.88052378362463912 ) ) ;
#2739 = ADVANCED_FACE ( 'NONE', ( #3624 ), #1340, .T. ) ;
#2740 = CARTESIAN_POINT ( 'NONE',  ( 11.23667321446463241, -28.57499999999992113, 72.40648553115005370 ) ) ;
#2741 = VERTEX_POINT ( 'NONE', #2806 ) ;
#2742 = CARTESIAN_POINT ( 'NONE',  ( -22.01035358772233863, -5.175000000000151701, -54.82691814540520170 ) ) ;
#2743 = EDGE_CURVE ( 'NONE', #2756, #1149, #4353, .T. ) ;
#2744 = FACE_OUTER_BOUND ( 'NONE', #4666, .T. ) ;
#2745 = ORIENTED_EDGE ( 'NONE', *, *, #4537, .F. ) ;
#2746 = AXIS2_PLACEMENT_3D ( 'NONE', #1871, #1114, #1767 ) ;
#2747 = VECTOR ( 'NONE', #1137, 1000.000000000000000 ) ;
#2748 = LINE ( 'NONE', #4687, #1909 ) ;
#2749 = ADVANCED_FACE ( 'NONE', ( #2848 ), #2049, .F. ) ;
#2750 = EDGE_CURVE ( 'NONE', #3043, #2592, #2344, .T. ) ;
#2751 = CARTESIAN_POINT ( 'NONE',  ( 10.11153444994270068, -26.67798556760527973, 54.40765909049341786 ) ) ;
#2752 = VECTOR ( 'NONE', #1742, 1000.000000000000227 ) ;
#2753 = EDGE_LOOP ( 'NONE', ( #1461, #32, #4054, #777 ) ) ;
#2754 = CARTESIAN_POINT ( 'NONE',  ( 10.20651886327605595, -27.66331567574126993, 15.52117585163943048 ) ) ;
#2755 = CARTESIAN_POINT ( 'NONE',  ( -9.728401605313651501, -26.29034509798974284, 15.10380982630656632 ) ) ;
#2756 = VERTEX_POINT ( 'NONE', #2089 ) ;
#2757 = CARTESIAN_POINT ( 'NONE',  ( 3.276975197684142582, -27.05099999999993088, 15.10267796913286631 ) ) ;
#2758 = VERTEX_POINT ( 'NONE', #2418 ) ;
#2759 = CIRCLE ( 'NONE', #3964, 2.000000000000009770 ) ;
#2760 = CARTESIAN_POINT ( 'NONE',  ( 10.65462829289271696, -28.52643261217005488, 15.00708948259241104 ) ) ;
#2761 = CIRCLE ( 'NONE', #1901, 2.575000000000013944 ) ;
#2762 = DIRECTION ( 'NONE',  ( -0.1736481776669310251, -1.205928582073519621E-15, 0.9848077530122080203 ) ) ;
#2763 = VECTOR ( 'NONE', #4339, 1000.000000000000114 ) ;
#2764 = CARTESIAN_POINT ( 'NONE',  ( -3.276975197684142138, -27.05099999999993088, 54.89732203086564510 ) ) ;
#2765 =( LENGTH_UNIT ( ) NAMED_UNIT ( * ) SI_UNIT ( .MILLI., .METRE. ) );
#2766 = CARTESIAN_POINT ( 'NONE',  ( 12.70000000000018758, -28.57499999999991402, 0.000000000000000000 ) ) ;
#2767 = ORIENTED_EDGE ( 'NONE', *, *, #1298, .T. ) ;
#2768 = B_SPLINE_CURVE_WITH_KNOTS ( 'NONE', 3,
 ( #695, #2639, #294, #3311, #3714, #1476, #4191, #320 ),
 .UNSPECIFIED., .F., .F.,
 ( 4, 2, 2, 4 ),
 ( 0.000000000000000000, 0.0002350153913430295548, 0.0004700307826860591095, 0.0009400615653721107381 ),
 .UNSPECIFIED. ) ;
#2769 = CARTESIAN_POINT ( 'NONE',  ( 3.087601830909807443, -5.174999999999964295, 71.23259955391762333 ) ) ;
#2770 = CIRCLE ( 'NONE', #3325, 2.000000000000001776 ) ;
#2771 = VECTOR ( 'NONE', #4092, 1000.000000000000114 ) ;
#2772 = EDGE_CURVE ( 'NONE', #336, #3879, #4058, .T. ) ;
#2773 = PRESENTATION_STYLE_ASSIGNMENT (( #3515 ) ) ;
#2774 = AXIS2_PLACEMENT_3D ( 'NONE', #2392, #3932, #2065 ) ;
#2775 = DIRECTION ( 'NONE',  ( 0.1736481776669309973, 1.204775684477107901E-15, -0.9848077530122079093 ) ) ;
#2776 = ORIENTED_EDGE ( 'NONE', *, *, #4718, .T. ) ;
#2777 = DIRECTION ( 'NONE',  ( 0.9848077530122077983, 6.832622436092475853E-15, 0.1736481776669318855 ) ) ;
#2778 = ORIENTED_EDGE ( 'NONE', *, *, #3636, .T. ) ;
#2779 = DIRECTION ( 'NONE',  ( 0.1736481776669340227, 1.174091553763101431E-15, 0.9848077530122075762 ) ) ;
#2780 = FACE_OUTER_BOUND ( 'NONE', #4014, .T. ) ;
#2781 = ORIENTED_EDGE ( 'NONE', *, *, #1214, .F. ) ;
#2782 = CARTESIAN_POINT ( 'NONE',  ( 0.1521236164222540543, -15.87499999999012346, -17.88052378362518979 ) ) ;
#2783 = DIRECTION ( 'NONE',  ( -0.1736481776669318022, 0.000000000000000000, -0.9848077530122077983 ) ) ;
#2784 = ADVANCED_FACE ( 'NONE', ( #2825 ), #4377, .F. ) ;
#2785 = CARTESIAN_POINT ( 'NONE',  ( 11.16222178904222950, -28.57499999999992113, -2.393357736096449528 ) ) ;
#2786 = CARTESIAN_POINT ( 'NONE',  ( 9.525660961050451903, -27.05099999999993088, 15.08787888161921842 ) ) ;
#2787 = CARTESIAN_POINT ( 'NONE',  ( 0.1289585098289414145, -15.87499999999008082, 122.1242700144102002 ) ) ;
#2788 = DIRECTION ( 'NONE',  ( -0.9848077530122074652, 0.000000000000000000, -0.1736481776669340227 ) ) ;
#2789 = EDGE_CURVE ( 'NONE', #659, #2044, #2105, .T. ) ;
#2790 = ADVANCED_FACE ( 'NONE', ( #2194, #3728, #330 ), #2144, .T. ) ;
#2791 = DIRECTION ( 'NONE',  ( 0.000000000000000000, 0.000000000000000000, -1.000000000000000000 ) ) ;
#2792 = ORIENTED_EDGE ( 'NONE', *, *, #2772, .F. ) ;
#2793 = CARTESIAN_POINT ( 'NONE',  ( -2.970418991859430591, -5.175000000000020250, -58.18417232558044105 ) ) ;
#2794 = ORIENTED_EDGE ( 'NONE', *, *, #1055, .T. ) ;
#2795 = CARTESIAN_POINT ( 'NONE',  ( 11.04900000000018423, -28.57499999999992113, 70.00000000000000000 ) ) ;
#2796 = CARTESIAN_POINT ( 'NONE',  ( 6.996523472651539954, -27.05099999999993088, 71.65883272942437543 ) ) ;
#2797 = DIRECTION ( 'NONE',  ( 0.1736481776669318577, 0.000000000000000000, 0.9848077530122076872 ) ) ;
#2798 = CARTESIAN_POINT ( 'NONE',  ( 3.348669413686148122, -27.05099999999993798, 70.86947168615776604 ) ) ;
#2799 = ORIENTED_EDGE ( 'NONE', *, *, #3587, .F. ) ;
#2800 = B_SPLINE_CURVE_WITH_KNOTS ( 'NONE', 3,
 ( #2433, #1676, #3613, #1651, #1260, #1330, #867, #123 ),
 .UNSPECIFIED., .F., .F.,
 ( 4, 2, 2, 4 ),
 ( -4.787660108186175776E-06, 0.0004959091949260958790, 0.0007462576224432406749, 0.0009966060499603853623 ),
 .UNSPECIFIED. ) ;
#2801 = CARTESIAN_POINT ( 'NONE',  ( -17.39785257348811243, -27.05099999999993088, 125.6402265227592778 ) ) ;
#2802 = CARTESIAN_POINT ( 'NONE',  ( -17.39785257348812308, -25.05099999999993443, -55.64022652275986047 ) ) ;
#2803 = ORIENTED_EDGE ( 'NONE', *, *, #2007, .T. ) ;
#2804 = EDGE_CURVE ( 'NONE', #346, #2973, #2440, .T. ) ;
#2805 = DIRECTION ( 'NONE',  ( -0.1736481776669332455, 0.000000000000000000, -0.9848077530122075762 ) ) ;
#2806 = CARTESIAN_POINT ( 'NONE',  ( -2.970418991859295144, -27.05099999999993088, -58.18417232558045527 ) ) ;
#2807 = VERTEX_POINT ( 'NONE', #2220 ) ;
#2808 = CARTESIAN_POINT ( 'NONE',  ( 9.604766489140624586, -27.94373853094333526, -2.271050337259259866 ) ) ;
#2809 = EDGE_CURVE ( 'NONE', #4461, #4302, #4095, .T. ) ;
#2810 = CARTESIAN_POINT ( 'NONE',  ( 11.23667321446463241, -28.57499999999992113, 72.40648553115005370 ) ) ;
#2811 = LINE ( 'NONE', #3223, #3876 ) ;
#2812 = CARTESIAN_POINT ( 'NONE',  ( 4.612501014233848728, -5.174999999999966960, 69.18669162264484385 ) ) ;
#2813 = EDGE_CURVE ( 'NONE', #4225, #1852, #2241, .T. ) ;
#2814 = EDGE_CURVE ( 'NONE', #517, #4829, #3757, .T. ) ;
#2815 = LINE ( 'NONE', #4361, #1650 ) ;
#2816 = ORIENTED_EDGE ( 'NONE', *, *, #1872, .F. ) ;
#2817 = CARTESIAN_POINT ( 'NONE',  ( 23.39314527630078899, -15.87499999998996358, -19.36381943588584065 ) ) ;
#2818 = DIRECTION ( 'NONE',  ( -0.9848077530122073542, 1.020084379884504726E-16, 0.1736481776669341059 ) ) ;
#2819 = CARTESIAN_POINT ( 'NONE',  ( -12.19999999999980744, -28.57500000000008455, 34.99999999999925393 ) ) ;
#2820 = DIRECTION ( 'NONE',  ( -1.000000000000000000, -8.405686134351572337E-15, 0.000000000000000000 ) ) ;
#2821 = ORIENTED_EDGE ( 'NONE', *, *, #2518, .T. ) ;
#2822 = CARTESIAN_POINT ( 'NONE',  ( -11.04899999999963534, -28.57500000000007390, 1.523079939811459838 ) ) ;
#2823 = CARTESIAN_POINT ( 'NONE',  ( -10.03685682902843368, -26.91465778146741172, 15.57063304045310659 ) ) ;
#2824 = VERTEX_POINT ( 'NONE', #4910 ) ;
#2825 = FACE_OUTER_BOUND ( 'NONE', #55, .T. ) ;
#2826 = VERTEX_POINT ( 'NONE', #4887 ) ;
#2827 = EDGE_CURVE ( 'NONE', #4486, #1072, #4474, .T. ) ;
#2828 = LINE ( 'NONE', #210, #944 ) ;
#2829 = CARTESIAN_POINT ( 'NONE',  ( 22.49885716131608504, -15.87499999998996358, 94.43557936389818508 ) ) ;
#2830 = CARTESIAN_POINT ( 'NONE',  ( 3.275659686216174649, -27.05099999999993088, 54.91212128527362779 ) ) ;
#2831 = CARTESIAN_POINT ( 'NONE',  ( 3.276975197684142582, -27.05099999999993088, 15.10267796913286631 ) ) ;
#2832 = CIRCLE ( 'NONE', #4134, 0.5000000000000004441 ) ;
#2833 = VECTOR ( 'NONE', #926, 1000.000000000000000 ) ;
#2834 = PLANE ( 'NONE',  #2685 ) ;
#2835 = EDGE_LOOP ( 'NONE', ( #2644, #1672, #3569, #976 ) ) ;
#2836 = DIRECTION ( 'NONE',  ( 2.094073006735368885E-16, -1.000000000000000000, -1.187607817205041341E-15 ) ) ;
#2837 = CIRCLE ( 'NONE', #3149, 2.000000000000001332 ) ;
#2838 = EDGE_CURVE ( 'NONE', #4316, #2481, #2966, .T. ) ;
#2839 = CARTESIAN_POINT ( 'NONE',  ( -4.798480014206630173, -5.175000000000038902, 150.0691625330563852 ) ) ;
#2840 = AXIS2_PLACEMENT_3D ( 'NONE', #3103, #4652, #1228 ) ;
#2841 = DIRECTION ( 'NONE',  ( -0.9848077530122076872, -2.310832269193084935E-15, 0.1736481776669332455 ) ) ;
#2842 = ORIENTED_EDGE ( 'NONE', *, *, #4322, .T. ) ;
#2843 = EDGE_CURVE ( 'NONE', #327, #3898, #4468, .T. ) ;
#2844 = AXIS2_PLACEMENT_3D ( 'NONE', #1778, #4518, #1099 ) ;
#2845 = CARTESIAN_POINT ( 'NONE',  ( -6.847467613270232789, -15.87499999999016786, 89.26103052150530459 ) ) ;
#2846 = CARTESIAN_POINT ( 'NONE',  ( 9.672456743114850042, -27.05099999999993088, 72.28298595536536197 ) ) ;
#2847 = FACE_OUTER_BOUND ( 'NONE', #3669, .T. ) ;
#2848 = FACE_OUTER_BOUND ( 'NONE', #3826, .T. ) ;
#2849 = ORIENTED_EDGE ( 'NONE', *, *, #735, .F. ) ;
#2850 = CARTESIAN_POINT ( 'NONE',  ( -2.970418991859294700, -25.05099999999992733, 128.1841723255798797 ) ) ;
#2851 = EDGE_CURVE ( 'NONE', #1043, #2166, #358, .T. ) ;
#2852 = CARTESIAN_POINT ( 'NONE',  ( 12.70000000000018758, -28.57499999999991402, 70.00000000000000000 ) ) ;
#2853 = VERTEX_POINT ( 'NONE', #1017 ) ;
#2854 = CARTESIAN_POINT ( 'NONE',  ( -9.611304146483613309, -27.57386687235667466, 54.96577946010965121 ) ) ;
#2855 = CARTESIAN_POINT ( 'NONE',  ( -19.39785257348750136, -114.6022714177933040, 125.6402265227593062 ) ) ;
#2856 = CARTESIAN_POINT ( 'NONE',  ( 11.04900000000018423, -28.57499999999992113, 54.99374902313146407 ) ) ;
#2857 = DIRECTION ( 'NONE',  ( -1.000000000000000000, -6.920681583949466820E-15, -0.000000000000000000 ) ) ;
#2858 = ORIENTED_EDGE ( 'NONE', *, *, #2518, .F. ) ;
#2859 = EDGE_CURVE ( 'NONE', #2552, #4620, #1446, .T. ) ;
#2860 = DIRECTION ( 'NONE',  ( 0.9848077530122073542, 0.000000000000000000, 0.1736481776669350774 ) ) ;
#2861 = LINE ( 'NONE', #4030, #4291 ) ;
#2862 = EDGE_CURVE ( 'NONE', #323, #1911, #709, .T. ) ;
#2863 = DIRECTION ( 'NONE',  ( -0.1736481776669336619, 0.000000000000000000, -0.9848077530122075762 ) ) ;
#2864 = EDGE_CURVE ( 'NONE', #46, #1852, #685, .T. ) ;
#2865 = EDGE_CURVE ( 'NONE', #4423, #235, #2364, .T. ) ;
#2866 = DIRECTION ( 'NONE',  ( -0.9848077530122075762, 3.469446951953614189E-15, 0.1736481776669339949 ) ) ;
#2867 = CARTESIAN_POINT ( 'NONE',  ( -10.94833949280588037, -28.57500000000008100, 54.99374902313147828 ) ) ;
#2868 = VERTEX_POINT ( 'NONE', #2571 ) ;
#2869 = DIRECTION ( 'NONE',  ( -0.1736481776669316635, 0.000000000000000000, -0.9848077530122077983 ) ) ;
#2870 = CARTESIAN_POINT ( 'NONE',  ( -3.419867097295484992, -3.175000000000023359, 69.82214203034551758 ) ) ;
#2871 = ORIENTED_EDGE ( 'NONE', *, *, #735, .T. ) ;
#2872 = CARTESIAN_POINT ( 'NONE',  ( 9.525000000000176215, -27.05099999999993088, 15.05814893245790209 ) ) ;
#2873 = DIRECTION ( 'NONE',  ( 0.9848077530122080203, 0.000000000000000000, -0.1736481776669315524 ) ) ;
#2874 = DIRECTION ( 'NONE',  ( -1.000000000000000000, -6.920681583949466820E-15, -0.000000000000000000 ) ) ;
#2875 = ORIENTED_EDGE ( 'NONE', *, *, #3176, .F. ) ;
#2876 = CARTESIAN_POINT ( 'NONE',  ( 9.661844478886525422, -27.69613664976930423, 54.97039855816820619 ) ) ;
#2877 = DIRECTION ( 'NONE',  ( -7.134708084256390400E-15, 1.000000000000000000, 5.034428470365364599E-16 ) ) ;
#2878 = EDGE_LOOP ( 'NONE', ( #156, #4063, #3837, #2918 ) ) ;
#2879 = ORIENTED_EDGE ( 'NONE', *, *, #885, .F. ) ;
#2880 = SPHERICAL_SURFACE ( 'NONE', #3798, 2.000000000000000000 ) ;
#2881 = ORIENTED_EDGE ( 'NONE', *, *, #4746, .T. ) ;
#2882 = EDGE_CURVE ( 'NONE', #1160, #339, #2165, .T. ) ;
#2883 = CARTESIAN_POINT ( 'NONE',  ( 9.698503969764894705, -27.94373853094333171, 72.13526479241352263 ) ) ;
#2884 = ADVANCED_FACE ( 'NONE', ( #1908 ), #2264, .F. ) ;
#2885 = ORIENTED_EDGE ( 'NONE', *, *, #3040, .T. ) ;
#2886 = CARTESIAN_POINT ( 'NONE',  ( -11.80990350865003258, -15.87499999999016786, 117.4044029959910205 ) ) ;
#2887 = ORIENTED_EDGE ( 'NONE', *, *, #266, .F. ) ;
#2888 = DIRECTION ( 'NONE',  ( -0.1736481776669315524, 0.000000000000000000, 0.9848077530122077983 ) ) ;
#2889 = ORIENTED_EDGE ( 'NONE', *, *, #4544, .F. ) ;
#2890 = AXIS2_PLACEMENT_3D ( 'NONE', #348, #4258, #440 ) ;
#2891 = EDGE_CURVE ( 'NONE', #3267, #980, #1968, .T. ) ;
#2892 = DIRECTION ( 'NONE',  ( -0.1736481776669309141, 0.000000000000000000, 0.9848077530122080203 ) ) ;
#2893 = CARTESIAN_POINT ( 'NONE',  ( 19.03993459586268244, -5.174999999999867484, 66.64274581982429879 ) ) ;
#2894 = AXIS2_PLACEMENT_3D ( 'NONE', #3909, #4270, #1622 ) ;
#2895 = CYLINDRICAL_SURFACE ( 'NONE', #2113, 2.000000000000001776 ) ;
#2896 = CARTESIAN_POINT ( 'NONE',  ( 9.698689805433010847, -26.91929358545230855, 15.44609893473327134 ) ) ;
#2897 = ORIENTED_EDGE ( 'NONE', *, *, #3300, .F. ) ;
#2898 = CARTESIAN_POINT ( 'NONE',  ( -9.377278837047972715, -25.49564854542888881, 1.075996402778875982 ) ) ;
#2899 = AXIS2_PLACEMENT_3D ( 'NONE', #2787, #1451, #4791 ) ;
#2900 = CARTESIAN_POINT ( 'NONE',  ( 10.08269993726071156, -26.74755956968057191, 54.41436319339243255 ) ) ;
#2901 = CIRCLE ( 'NONE', #1565, 2.000000000000002665 ) ;
#2902 = CARTESIAN_POINT ( 'NONE',  ( -22.01035358772233863, -5.175000000000151701, -54.82691814540520170 ) ) ;
#2903 = ORIENTED_EDGE ( 'NONE', *, *, #182, .F. ) ;
#2904 = FACE_OUTER_BOUND ( 'NONE', #564, .T. ) ;
#2905 = ORIENTED_EDGE ( 'NONE', *, *, #1033, .F. ) ;
#2906 = AXIS2_PLACEMENT_3D ( 'NONE', #4108, #582, #2820 ) ;
#2907 = DIRECTION ( 'NONE',  ( -0.9848077530122073542, 0.000000000000000000, 0.1736481776669339949 ) ) ;
#2908 = CARTESIAN_POINT ( 'NONE',  ( 3.348669413686166330, -114.6022714177931334, 70.86947168615766657 ) ) ;
#2909 = CARTESIAN_POINT ( 'NONE',  ( 10.12019805064739941, -28.26335971980100581, 54.98744950838227652 ) ) ;
#2910 = CIRCLE ( 'NONE', #3555, 2.000000000000000000 ) ;
#2911 = AXIS2_PLACEMENT_3D ( 'NONE', #2319, #112, #4255 ) ;
#2912 = EDGE_LOOP ( 'NONE', ( #513, #2605, #934, #2656 ) ) ;
#2913 = CARTESIAN_POINT ( 'NONE',  ( -7.037803884397975551, -27.05099999999992733, 128.6566289033955002 ) ) ;
#2914 = ORIENTED_EDGE ( 'NONE', *, *, #3834, .F. ) ;
#2915 = CARTESIAN_POINT ( 'NONE',  ( 3.348669413685558816, -27.05099999999993798, 70.86947168615766657 ) ) ;
#2916 = CARTESIAN_POINT ( 'NONE',  ( 3.559472206909181313, -26.81005599239908221, 15.54638707559366217 ) ) ;
#2917 = AXIS2_PLACEMENT_3D ( 'NONE', #3557, #1547, #1181 ) ;
#2918 = ORIENTED_EDGE ( 'NONE', *, *, #41, .T. ) ;
#2919 = VECTOR ( 'NONE', #1687, 1000.000000000000000 ) ;
#2920 = FACE_OUTER_BOUND ( 'NONE', #4879, .T. ) ;
#2921 = CARTESIAN_POINT ( 'NONE',  ( 9.698503969764891153, -27.05099999999993088, 72.13526479241352263 ) ) ;
#2922 = EDGE_CURVE ( 'NONE', #4916, #413, #4392, .T. ) ;
#2923 = AXIS2_PLACEMENT_3D ( 'NONE', #1882, #3471, #4617 ) ;
#2924 = DIRECTION ( 'NONE',  ( 0.1736481776669298038, 1.174091553763073032E-15, -0.9848077530122082424 ) ) ;
#2925 = CARTESIAN_POINT ( 'NONE',  ( 23.39314527630078899, -15.87499999998996358, -19.36381943588584065 ) ) ;
#2926 = EDGE_LOOP ( 'NONE', ( #1833, #3490, #588, #1791, #2641, #351 ) ) ;
#2927 = CARTESIAN_POINT ( 'NONE',  ( 9.526978979102704415, -27.05099999999993088, 54.89732203086564510 ) ) ;
#2928 = CARTESIAN_POINT ( 'NONE',  ( 9.525000000000172662, -27.05099999999993443, 1.032685228116262621 ) ) ;
#2929 = CARTESIAN_POINT ( 'NONE',  ( 9.728401605313997891, -26.29034509798961494, 54.89619017369194154 ) ) ;
#2930 = EDGE_CURVE ( 'NONE', #4028, #2511, #3656, .T. ) ;
#2931 = EDGE_CURVE ( 'NONE', #2268, #3614, #978, .T. ) ;
#2932 = CARTESIAN_POINT ( 'NONE',  ( -3.276975197684142138, -27.05099999999993088, 15.10267796913286631 ) ) ;
#2933 = VERTEX_POINT ( 'NONE', #4335 ) ;
#2934 = DIRECTION ( 'NONE',  ( -0.9848077530122073542, 0.000000000000000000, -0.1736481776669340227 ) ) ;
#2935 = CARTESIAN_POINT ( 'NONE',  ( -11.04899999999980587, -28.08750000000006963, 54.49390529755315526 ) ) ;
#2936 = CARTESIAN_POINT ( 'NONE',  ( -17.39785257348825809, -5.175000000000120615, -55.64022652275985337 ) ) ;
#2937 = LINE ( 'NONE', #3290, #1883 ) ;
#2938 = ORIENTED_EDGE ( 'NONE', *, *, #421, .F. ) ;
#2939 = CARTESIAN_POINT ( 'NONE',  ( 3.350432837954362864, -3.174999999999976730, -1.015928576419379503 ) ) ;
#2940 = CARTESIAN_POINT ( 'NONE',  ( 12.70000000000018758, -28.57499999999991402, 70.00000000000000000 ) ) ;
#2941 = ORIENTED_EDGE ( 'NONE', *, *, #2827, .T. ) ;
#2942 = CARTESIAN_POINT ( 'NONE',  ( 11.16222178904222950, -28.57499999999992113, -2.393357736096449528 ) ) ;
#2943 = DIRECTION ( 'NONE',  ( 0.9848077530122077983, 0.000000000000000000, -0.1736481776669316912 ) ) ;
#2944 = ORIENTED_EDGE ( 'NONE', *, *, #3212, .T. ) ;
#2945 = DIRECTION ( 'NONE',  ( -1.000000000000000000, -6.942122096537190633E-15, -0.000000000000000000 ) ) ;
#2946 = CARTESIAN_POINT ( 'NONE',  ( -17.39785257348750136, -114.6022714177932897, -55.64022652275986047 ) ) ;
#2947 = EDGE_LOOP ( 'NONE', ( #1306, #4736, #4922 ) ) ;
#2948 = DIRECTION ( 'NONE',  ( -0.1736481776669349386, -1.204926281437694185E-15, 0.9848077530122074652 ) ) ;
#2949 = DIRECTION ( 'NONE',  ( 0.1736481776669318577, 0.000000000000000000, -0.9848077530122076872 ) ) ;
#2950 = ORIENTED_EDGE ( 'NONE', *, *, #2104, .F. ) ;
#2951 = FACE_OUTER_BOUND ( 'NONE', #2064, .T. ) ;
#2952 = EDGE_CURVE ( 'NONE', #900, #4691, #4790, .T. ) ;
#2953 = CARTESIAN_POINT ( 'NONE',  ( 9.595496663175788754, -26.57225607497741038, 54.39805121047888292 ) ) ;
#2954 = CARTESIAN_POINT ( 'NONE',  ( -15.70372142316454145, -25.05099999999993088, 127.9698007771914945 ) ) ;
#2955 = VERTEX_POINT ( 'NONE', #3222 ) ;
#2956 = CARTESIAN_POINT ( 'NONE',  ( -18.23770608384872105, -15.87499999999020872, 118.8857315009219349 ) ) ;
#2957 = EDGE_CURVE ( 'NONE', #4047, #2048, #3081, .T. ) ;
#2958 = EDGE_CURVE ( 'NONE', #3755, #346, #2123, .T. ) ;
#2959 = FACE_OUTER_BOUND ( 'NONE', #1369, .T. ) ;
#2960 = CARTESIAN_POINT ( 'NONE',  ( 12.70000000000018758, -28.57499999999991402, 70.00000000000000000 ) ) ;
#2961 = ORIENTED_EDGE ( 'NONE', *, *, #3784, .T. ) ;
#2962 = CARTESIAN_POINT ( 'NONE',  ( 17.08927720844390308, -15.87499999998996358, 125.1148318023903272 ) ) ;
#2963 = CARTESIAN_POINT ( 'NONE',  ( 37.30000000000020322, -26.55099999999992733, 54.89732203086564510 ) ) ;
#2964 = ORIENTED_EDGE ( 'NONE', *, *, #157, .T. ) ;
#2965 = VERTEX_POINT ( 'NONE', #1372 ) ;
#2966 = LINE ( 'NONE', #1858, #88 ) ;
#2967 = CARTESIAN_POINT ( 'NONE',  ( 3.559487164239580892, -26.81004201138600962, 54.45360380268169820 ) ) ;
#2968 = CARTESIAN_POINT ( 'NONE',  ( -12.38098207348418889, -15.87499999999020872, -15.67059909842388699 ) ) ;
#2969 = ORIENTED_EDGE ( 'NONE', *, *, #3605, .F. ) ;
#2970 = DIRECTION ( 'NONE',  ( 0.9848077530122084644, 0.000000000000000000, 0.1736481776669285271 ) ) ;
#2971 = CARTESIAN_POINT ( 'NONE',  ( 9.874153849447454334, -26.78218696587011394, 15.56187845433331773 ) ) ;
#2972 = AXIS2_PLACEMENT_3D ( 'NONE', #4629, #3029, #2659 ) ;
#2973 = VERTEX_POINT ( 'NONE', #4767 ) ;
#2974 = DIRECTION ( 'NONE',  ( 0.000000000000000000, -1.000000000000000000, -0.000000000000000000 ) ) ;
#2975 = EDGE_CURVE ( 'NONE', #596, #2488, #3553, .T. ) ;
#2976 = CIRCLE ( 'NONE', #3537, 2.575000000000013944 ) ;
#2977 = CARTESIAN_POINT ( 'NONE',  ( -3.274999999999999911, -27.05099999999993088, 15.07300653998585815 ) ) ;
#2978 = FACE_OUTER_BOUND ( 'NONE', #2051, .T. ) ;
#2979 = VECTOR ( 'NONE', #468, 1000.000000000000000 ) ;
#2980 = ORIENTED_EDGE ( 'NONE', *, *, #3044, .F. ) ;
#2981 = CIRCLE ( 'NONE', #2100, 2.575000000000010392 ) ;
#2982 = DIRECTION ( 'NONE',  ( -0.9848077530122071321, 0.000000000000000000, 0.1736481776669351051 ) ) ;
#2983 = STYLED_ITEM ( 'NONE', ( #2773 ), #1314 ) ;
#2984 = CARTESIAN_POINT ( 'NONE',  ( 17.53642126593625505, -15.87499999998996358, 122.5789518383838868 ) ) ;
#2985 = ORIENTED_EDGE ( 'NONE', *, *, #1595, .T. ) ;
#2986 = CARTESIAN_POINT ( 'NONE',  ( 10.84936053143006340, -28.56512500111809061, 54.99358621891644106 ) ) ;
#2987 = FACE_OUTER_BOUND ( 'NONE', #4408, .T. ) ;
#2988 = ADVANCED_FACE ( 'NONE', ( #1666 ), #168, .T. ) ;
#2989 = VECTOR ( 'NONE', #2297, 1000.000000000000227 ) ;
#2990 = VECTOR ( 'NONE', #605, 1000.000000000000114 ) ;
#2991 = VECTOR ( 'NONE', #2008, 1000.000000000000227 ) ;
#2992 = EDGE_CURVE ( 'NONE', #146, #3676, #1509, .T. ) ;
#2993 = EDGE_LOOP ( 'NONE', ( #3672, #2472, #3428, #2905 ) ) ;
#2994 = CARTESIAN_POINT ( 'NONE',  ( 3.271961550609263636, 60.11135514537507163, -0.1870436273168352148 ) ) ;
#2995 = AXIS2_PLACEMENT_3D ( 'NONE', #3106, #3849, #1300 ) ;
#2996 = CARTESIAN_POINT ( 'NONE',  ( -19.36746807951254112, -25.05099999999994864, -55.29293016742600031 ) ) ;
#2997 = CARTESIAN_POINT ( 'NONE',  ( 0.1521236164222540543, -15.87499999999012346, 87.88052378362463912 ) ) ;
#2998 = ORIENTED_EDGE ( 'NONE', *, *, #4346, .T. ) ;
#2999 = CARTESIAN_POINT ( 'NONE',  ( 10.87044166941679002, -28.08749997185748271, 15.50609470314913096 ) ) ;
#3000 = CARTESIAN_POINT ( 'NONE',  ( -7.407663331023557340, -3.324999999999976197, 0.7287000474449814025 ) ) ;
#3001 = AXIS2_PLACEMENT_3D ( 'NONE', #1472, #2174, #3384 ) ;
#3002 = EDGE_LOOP ( 'NONE', ( #4200, #3883, #1513, #3772 ) ) ;
#3003 = CARTESIAN_POINT ( 'NONE',  ( -26.23096348929811228, -25.05099999999992733, -54.08271074471207385 ) ) ;
#3004 = DIRECTION ( 'NONE',  ( -2.094073006735413998E-16, 1.000000000000000000, 1.187607817205040552E-15 ) ) ;
#3005 = ORIENTED_EDGE ( 'NONE', *, *, #4655, .T. ) ;
#3006 = AXIS2_PLACEMENT_3D ( 'NONE', #1933, #3454, #65 ) ;
#3007 = CARTESIAN_POINT ( 'NONE',  ( 12.70000000000018758, -28.57499999999991402, 14.99999999999925038 ) ) ;
#3008 = DIRECTION ( 'NONE',  ( -0.9848077530122075762, 1.734723475976807094E-15, 0.1736481776669341059 ) ) ;
#3009 = ORIENTED_EDGE ( 'NONE', *, *, #4655, .F. ) ;
#3010 = CARTESIAN_POINT ( 'NONE',  ( 9.665977144301557189, -27.05099999999993088, 72.12952943548754092 ) ) ;
#3011 = VECTOR ( 'NONE', #3137, 1000.000000000000000 ) ;
#3012 = CARTESIAN_POINT ( 'NONE',  ( 3.348669413685565477, -27.05099999999993798, 70.86947168615772341 ) ) ;
#3013 = VERTEX_POINT ( 'NONE', #3178 ) ;
#3014 = CARTESIAN_POINT ( 'NONE',  ( 17.08927720844390308, -15.87499999998996358, -55.11483180239090274 ) ) ;
#3015 = LINE ( 'NONE', #1159, #3317 ) ;
#3016 = VERTEX_POINT ( 'NONE', #4045 ) ;
#3017 = EDGE_CURVE ( 'NONE', #460, #2758, #3488, .T. ) ;
#3018 = ORIENTED_EDGE ( 'NONE', *, *, #3784, .F. ) ;
#3019 = DIRECTION ( 'NONE',  ( 1.000000000000000000, 6.677850651179312456E-15, -0.000000000000000000 ) ) ;
#3020 = PLANE ( 'NONE',  #2695 ) ;
#3021 = EDGE_CURVE ( 'NONE', #3276, #1218, #2095, .T. ) ;
#3022 = LINE ( 'NONE', #4913, #1413 ) ;
#3023 = EDGE_LOOP ( 'NONE', ( #367, #4420, #2079, #1339 ) ) ;
#3024 = CARTESIAN_POINT ( 'NONE',  ( 9.611304146483904631, -27.57386687235625189, 15.03422053988885310 ) ) ;
#3025 = CARTESIAN_POINT ( 'NONE',  ( -9.806016878317620922, -27.94261445455979143, 15.50796065593469386 ) ) ;
#3026 = ORIENTED_EDGE ( 'NONE', *, *, #370, .F. ) ;
#3027 = CARTESIAN_POINT ( 'NONE',  ( 10.16166879517166599, -26.59078119805301199, 54.39878541934962186 ) ) ;
#3028 = ORIENTED_EDGE ( 'NONE', *, *, #3102, .F. ) ;
#3029 = DIRECTION ( 'NONE',  ( 2.094073006735369625E-16, -1.000000000000000000, 1.187607817205041144E-15 ) ) ;
#3030 = DIRECTION ( 'NONE',  ( -2.092071021068806151E-16, 1.000000000000000000, 1.186472434713649886E-15 ) ) ;
#3031 = CARTESIAN_POINT ( 'NONE',  ( 3.350432837954362864, -3.174999999999976730, -1.015928576419379503 ) ) ;
#3032 = VERTEX_POINT ( 'NONE', #4720 ) ;
#3033 = DIRECTION ( 'NONE',  ( -0.1736481776669315524, -1.205928582073523368E-15, -0.9848077530122079093 ) ) ;
#3034 = ORIENTED_EDGE ( 'NONE', *, *, #1060, .F. ) ;
#3035 = DIRECTION ( 'NONE',  ( 6.938226849142563131E-15, -1.000000000000000000, 1.135382491375578256E-18 ) ) ;
#3036 = CARTESIAN_POINT ( 'NONE',  ( 9.546843575801013060, -5.324999999999978861, -2.108522973053412297 ) ) ;
#3037 = CARTESIAN_POINT ( 'NONE',  ( 3.390395190648328505, -3.324999999999978861, -1.022975017411912990 ) ) ;
#3038 = ORIENTED_EDGE ( 'NONE', *, *, #492, .F. ) ;
#3039 = EDGE_CURVE ( 'NONE', #951, #3117, #3593, .T. ) ;
#3040 = EDGE_CURVE ( 'NONE', #3755, #1825, #3199, .T. ) ;
#3041 = CARTESIAN_POINT ( 'NONE',  ( 3.364347963998284285, -27.05099999999993443, 71.17069618036317991 ) ) ;
#3042 =( BOUNDED_SURFACE ( )  B_SPLINE_SURFACE ( 3, 1, ( 
 ( #393, #4845 ),
 ( #2246, #3789 ),
 ( #1889, #3414 ),
 ( #1427, #2928 ) ),
 .UNSPECIFIED., .F., .F., .F. ) 
 B_SPLINE_SURFACE_WITH_KNOTS ( ( 4, 4 ),
 ( 2, 2 ),
 ( 0.000000000000000000, 1.000000000000000000 ),
 ( 0.000000000000000000, 1.000000000000000000 ),
 .UNSPECIFIED. ) 
 GEOMETRIC_REPRESENTATION_ITEM ( )  RATIONAL_B_SPLINE_SURFACE ( (
 ( 1.000000000000000000, 1.000000000000000000),
 ( 0.8047378541243648264, 0.8047378541243648264),
 ( 0.8047378541243648264, 0.8047378541243648264),
 ( 1.000000000000000000, 1.000000000000000000) ) ) 
 REPRESENTATION_ITEM ( '' )  SURFACE ( )  );
#3043 = VERTEX_POINT ( 'NONE', #3969 ) ;
#3044 = EDGE_CURVE ( 'NONE', #486, #4373, #903, .T. ) ;
#3045 = DIRECTION ( 'NONE',  ( 0.9848077530121891465, 0.000000000000000000, 0.1736481776670380228 ) ) ;
#3046 = ORIENTED_EDGE ( 'NONE', *, *, #3754, .F. ) ;
#3047 = CARTESIAN_POINT ( 'NONE',  ( 10.11694799129758948, -27.51174070562215235, 15.52886140507512458 ) ) ;
#3048 = CARTESIAN_POINT ( 'NONE',  ( -10.11694799129706546, -27.51174070562212393, 15.52886140507513346 ) ) ;
#3049 = ORIENTED_EDGE ( 'NONE', *, *, #1320, .F. ) ;
#3050 = DIRECTION ( 'NONE',  ( 0.9848077530122084644, 0.000000000000000000, 0.1736481776669284161 ) ) ;
#3051 = EDGE_CURVE ( 'NONE', #3739, #852, #2028, .T. ) ;
#3052 = ORIENTED_EDGE ( 'NONE', *, *, #902, .T. ) ;
#3053 = FACE_OUTER_BOUND ( 'NONE', #23, .T. ) ;
#3054 = FACE_OUTER_BOUND ( 'NONE', #1761, .T. ) ;
#3055 = ORIENTED_EDGE ( 'NONE', *, *, #3121, .T. ) ;
#3056 = CYLINDRICAL_SURFACE ( 'NONE', #4753, 2.000000000000001332 ) ;
#3057 = VECTOR ( 'NONE', #3207, 1000.000000000000000 ) ;
#3058 = CARTESIAN_POINT ( 'NONE',  ( 11.21062598781459307, -28.57499999999992113, 72.55420669410187884 ) ) ;
#3059 = VERTEX_POINT ( 'NONE', #927 ) ;
#3060 = VECTOR ( 'NONE', #4080, 1000.000000000000000 ) ;
#3061 = DIRECTION ( 'NONE',  ( -0.9848077530122075762, 0.000000000000000000, 0.1736481776669339117 ) ) ;
#3062 = ORIENTED_EDGE ( 'NONE', *, *, #1376, .F. ) ;
#3063 = EDGE_CURVE ( 'NONE', #980, #3850, #2054, .T. ) ;
#3064 = MECHANICAL_DESIGN_GEOMETRIC_PRESENTATION_REPRESENTATION (  '', ( #2983 ), #1327 ) ;
#3065 = ORIENTED_EDGE ( 'NONE', *, *, #135, .T. ) ;
#3066 = CARTESIAN_POINT ( 'NONE',  ( 9.525000000000176215, -27.94373853094333171, 68.79076378499431144 ) ) ;
#3067 = ORIENTED_EDGE ( 'NONE', *, *, #1961, .T. ) ;
#3068 = CARTESIAN_POINT ( 'NONE',  ( 9.548221515517074209, -27.34833577219436052, 15.53806762571345246 ) ) ;
#3069 = CARTESIAN_POINT ( 'NONE',  ( 10.93686017829505630, -28.57499999999990337, -2.505934395488664368 ) ) ;
#3070 = ORIENTED_EDGE ( 'NONE', *, *, #4367, .F. ) ;
#3071 = CARTESIAN_POINT ( 'NONE',  ( -12.25704756614241475, -15.87499999999016786, -49.94028295999802936 ) ) ;
#3072 = CIRCLE ( 'NONE', #3822, 2.000000000000000000 ) ;
#3073 = ORIENTED_EDGE ( 'NONE', *, *, #1837, .F. ) ;
#3074 = VECTOR ( 'NONE', #2033, 1000.000000000000000 ) ;
#3075 = EDGE_CURVE ( 'NONE', #3310, #2965, #1315, .T. ) ;
#3076 = PLANE ( 'NONE',  #778 ) ;
#3077 = CARTESIAN_POINT ( 'NONE',  ( 12.61293732459445671, -28.49210117518719443, 15.29116916473356724 ) ) ;
#3078 = DIRECTION ( 'NONE',  ( -0.04218674000673096336, -2.852382085903943617E-16, -0.9991097432052220562 ) ) ;
#3079 = CARTESIAN_POINT ( 'NONE',  ( -17.79056202635637618, -15.87499999999020872, -46.34985153691604864 ) ) ;
#3080 = CIRCLE ( 'NONE', #4147, 2.000000000000001776 ) ;
#3081 = CIRCLE ( 'NONE', #957, 19.50000000000000355 ) ;
#3082 = EDGE_CURVE ( 'NONE', #3209, #332, #959, .T. ) ;
#3083 = EDGE_CURVE ( 'NONE', #2758, #4770, #363, .T. ) ;
#3084 = CARTESIAN_POINT ( 'NONE',  ( 8.940091752025921323, -25.05099999999990601, -2.153850247710600740 ) ) ;
#3085 = ORIENTED_EDGE ( 'NONE', *, *, #3938, .T. ) ;
#3086 = CARTESIAN_POINT ( 'NONE',  ( 3.390395190648330281, -3.174999999999975842, 71.02297501741136898 ) ) ;
#3087 = VERTEX_POINT ( 'NONE', #2628 ) ;
#3088 = LINE ( 'NONE', #3906, #496 ) ;
#3089 = CIRCLE ( 'NONE', #3744, 1.999999999999999334 ) ;
#3090 = DIRECTION ( 'NONE',  ( -0.9848077530122071321, 0.000000000000000000, 0.1736481776669351884 ) ) ;
#3091 = VERTEX_POINT ( 'NONE', #4097 ) ;
#3092 = CARTESIAN_POINT ( 'NONE',  ( 10.07752227345130613, -27.44993670804942454, 54.46809827533018478 ) ) ;
#3093 = EDGE_LOOP ( 'NONE', ( #2816, #1398 ) ) ;
#3094 = CARTESIAN_POINT ( 'NONE',  ( 9.528313655227774959, -27.21864730419228096, 15.54679584805183090 ) ) ;
#3095 = CARTESIAN_POINT ( 'NONE',  ( -9.595496663175277163, -26.57225607497816355, 15.60194878951971020 ) ) ;
#3096 = ORIENTED_EDGE ( 'NONE', *, *, #66, .F. ) ;
#3097 = CARTESIAN_POINT ( 'NONE',  ( 37.30000000000020322, -26.55099999999992733, 15.10267796913286631 ) ) ;
#3098 = EDGE_LOOP ( 'NONE', ( #1525, #2260, #4919, #806 ) ) ;
#3099 = CARTESIAN_POINT ( 'NONE',  ( 11.04900000000018423, -28.57499999999992113, 15.00625097686704379 ) ) ;
#3100 = FACE_OUTER_BOUND ( 'NONE', #1529, .T. ) ;
#3101 = ORIENTED_EDGE ( 'NONE', *, *, #827, .F. ) ;
#3102 = EDGE_CURVE ( 'NONE', #3842, #2577, #689, .T. ) ;
#3103 = CARTESIAN_POINT ( 'NONE',  ( -4.864746883581730685, -5.175000000000033573, 127.8501512079606499 ) ) ;
#3104 = ORIENTED_EDGE ( 'NONE', *, *, #2859, .F. ) ;
#3105 = LINE ( 'NONE', #1230, #2175 ) ;
#3106 = CARTESIAN_POINT ( 'NONE',  ( -4.864746883581731574, -5.175000000000032685, -57.85015120796119703 ) ) ;
#3107 = ORIENTED_EDGE ( 'NONE', *, *, #4305, .F. ) ;
#3108 = EDGE_CURVE ( 'NONE', #2224, #4225, #4223, .T. ) ;
#3109 =( BOUNDED_SURFACE ( )  B_SPLINE_SURFACE ( 3, 2, ( 
 ( #2935, #2081, #1721 ),
 ( #987, #4106, #273 ),
 ( #697, #1749, #4006 ),
 ( #626, #2109, #3265 ),
 ( #2135, #4337, #4311 ),
 ( #2422, #1349, #214 ),
 ( #2005, #3942, #1711 ),
 ( #539, #195, #170 ),
 ( #137, #1689, #2854 ),
 ( #1668, #1317, #3999 ),
 ( #3224, #2478, #4022 ),
 ( #3527, #2501, #1762 ),
 ( #1028, #4793, #4895 ),
 ( #4431, #2606, #3631 ),
 ( #4073, #4128, #2151 ),
 ( #4844, #1813, #288 ) ),
 .UNSPECIFIED., .F., .F., .F. ) 
 B_SPLINE_SURFACE_WITH_KNOTS ( ( 4, 2, 2, 2, 2, 2, 2, 4 ),
 ( 3, 3 ),
 ( 0.003311873272900039272, 0.003845958124786342733, 0.004113000550729494463, 0.004380042976672646193, 0.004647085402615797924, 0.004914127828558949654, 0.005181170254502101384, 0.005448212680445253114 ),
 ( 0.000000000000000000, 1.000000000000000000 ),
 .UNSPECIFIED. ) 
 GEOMETRIC_REPRESENTATION_ITEM ( )  RATIONAL_B_SPLINE_SURFACE ( (
 ( 1.000000000000000000, 0.7158910531638119634, 1.000000000000000000),
 ( 1.000000000000000000, 0.7158518934500761599, 1.000000000000000000),
 ( 1.000000000000000000, 0.7164179997649009479, 1.000000000000000000),
 ( 1.000000000000000000, 0.7169851531653944621, 1.000000000000000000),
 ( 1.000000000000000000, 0.7171180504566816438, 1.000000000000000000),
 ( 1.000000000000000000, 0.7169525766904432107, 1.000000000000000000),
 ( 1.000000000000000000, 0.7166537730446198573, 1.000000000000000000),
 ( 1.000000000000000000, 0.7153243296148237285, 1.000000000000000000),
 ( 1.000000000000000000, 0.7143132244106666917, 1.000000000000000000),
 ( 1.000000000000000000, 0.7113651921318697724, 1.000000000000000000),
 ( 1.000000000000000000, 0.7094479056575124787, 1.000000000000000000),
 ( 1.000000000000000000, 0.7047712709655273855, 1.000000000000000000),
 ( 1.000000000000000000, 0.7019617564195526072, 1.000000000000000000),
 ( 1.000000000000000000, 0.6958156059856794862, 1.000000000000000000),
 ( 1.000000000000000000, 0.6924290196755830129, 1.000000000000000000),
 ( 1.000000000000000000, 0.6889166875095964482, 1.000000000000000000) ) ) 
 REPRESENTATION_ITEM ( '' )  SURFACE ( )  );
#3110 = DIRECTION ( 'NONE',  ( -0.04218674000673096336, -2.852382085903943617E-16, -0.9991097432052220562 ) ) ;
#3111 = ORIENTED_EDGE ( 'NONE', *, *, #4247, .T. ) ;
#3112 = CYLINDRICAL_SURFACE ( 'NONE', #4861, 2.000000000000000000 ) ;
#3113 = PLANE ( 'NONE',  #1642 ) ;
#3114 = ORIENTED_EDGE ( 'NONE', *, *, #2567, .F. ) ;
#3115 = CARTESIAN_POINT ( 'NONE',  ( 9.542343949240082779, -27.31622948202176104, 15.04514154162098194 ) ) ;
#3116 = PLANE ( 'NONE',  #2593 ) ;
#3117 = VERTEX_POINT ( 'NONE', #1450 ) ;
#3118 = DIRECTION ( 'NONE',  ( -0.9848077530122075762, 0.000000000000000000, 0.1736481776669341059 ) ) ;
#3119 = ORIENTED_EDGE ( 'NONE', *, *, #792, .F. ) ;
#3120 = CARTESIAN_POINT ( 'NONE',  ( -3.419867097295487657, 60.11135514537514268, 0.1778579696538953869 ) ) ;
#3121 = EDGE_CURVE ( 'NONE', #4208, #2577, #179, .T. ) ;
#3122 = CARTESIAN_POINT ( 'NONE',  ( 12.70000000000018758, -28.57499999999991402, 70.00000000000000000 ) ) ;
#3123 = DIRECTION ( 'NONE',  ( 0.000000000000000000, 0.000000000000000000, 1.000000000000000000 ) ) ;
#3124 = ORIENTED_EDGE ( 'NONE', *, *, #886, .F. ) ;
#3125 = CARTESIAN_POINT ( 'NONE',  ( 0.000000000000000000, 0.000000000000000000, 0.000000000000000000 ) ) ;
#3126 = CARTESIAN_POINT ( 'NONE',  ( 37.30000000000020322, -26.55099999999992733, 15.10267796913286631 ) ) ;
#3127 = ORIENTED_EDGE ( 'NONE', *, *, #3769, .T. ) ;
#3128 = DIRECTION ( 'NONE',  ( -1.000000000000000000, 0.000000000000000000, 0.000000000000000000 ) ) ;
#3129 = FACE_OUTER_BOUND ( 'NONE', #2001, .T. ) ;
#3130 = ORIENTED_EDGE ( 'NONE', *, *, #1684, .F. ) ;
#3131 = CARTESIAN_POINT ( 'NONE',  ( -13.38680956180626858, -5.175000000000093081, 126.3474816265009792 ) ) ;
#3132 = VECTOR ( 'NONE', #4105, 1000.000000000000114 ) ;
#3133 = ADVANCED_FACE ( 'NONE', ( #2575 ), #2895, .T. ) ;
#3134 = CARTESIAN_POINT ( 'NONE',  ( 5.076148354279023778, -3.174999999999951417, -1.472532774757524976 ) ) ;
#3135 = VERTEX_POINT ( 'NONE', #1490 ) ;
#3136 = VECTOR ( 'NONE', #4336, 1000.000000000000000 ) ;
#3137 = DIRECTION ( 'NONE',  ( -0.000000000000000000, -0.000000000000000000, -1.000000000000000000 ) ) ;
#3138 = DIRECTION ( 'NONE',  ( 0.1736481776669318577, 0.000000000000000000, -0.9848077530122076872 ) ) ;
#3140 = ORIENTED_EDGE ( 'NONE', *, *, #4576, .F. ) ;
#3139 = EDGE_CURVE ( 'NONE', #3310, #3924, #1270, .T. ) ;
#3141 = CARTESIAN_POINT ( 'NONE',  ( 9.630813715790660368, -27.05099999999993443, -2.123329174307428513 ) ) ;
#3142 = LINE ( 'NONE', #1269, #1954 ) ;
#3143 = ORIENTED_EDGE ( 'NONE', *, *, #4876, .F. ) ;
#3144 = CARTESIAN_POINT ( 'NONE',  ( 12.69999999999999574, 8.586881206085185020E-14, 2.884367581288633079E-59 ) ) ;
#3145 = PLANE ( 'NONE',  #3006 ) ;
#3146 = ORIENTED_EDGE ( 'NONE', *, *, #1806, .T. ) ;
#3147 = VECTOR ( 'NONE', #3498, 1000.000000000000000 ) ;
#3148 = CARTESIAN_POINT ( 'NONE',  ( 6.970476246001523712, -25.05099999999992022, -1.806553892376630888 ) ) ;
#3149 = AXIS2_PLACEMENT_3D ( 'NONE', #4692, #1337, #1728 ) ;
#3150 = DIRECTION ( 'NONE',  ( 2.094073006735363955E-16, -1.000000000000000000, -1.187607817205041341E-15 ) ) ;
#3151 = VECTOR ( 'NONE', #962, 1000.000000000000114 ) ;
#3152 = DIRECTION ( 'NONE',  ( 0.000000000000000000, -1.000000000000000000, 0.000000000000000000 ) ) ;
#3153 = VECTOR ( 'NONE', #1534, 1000.000000000000000 ) ;
#3154 = DIRECTION ( 'NONE',  ( 0.9848077530122077983, 0.000000000000000000, -0.1736481776669316912 ) ) ;
#3155 = ORIENTED_EDGE ( 'NONE', *, *, #3063, .T. ) ;
#3156 = FACE_OUTER_BOUND ( 'NONE', #3186, .T. ) ;
#3157 = DIRECTION ( 'NONE',  ( 0.1736481776669318577, 1.205928582073525735E-15, 0.9848077530122076872 ) ) ;
#3158 = AXIS2_PLACEMENT_3D ( 'NONE', #2734, #836, #2712 ) ;
#3159 = AXIS2_PLACEMENT_3D ( 'NONE', #1291, #258, #2888 ) ;
#3160 = ORIENTED_EDGE ( 'NONE', *, *, #2882, .F. ) ;
#3161 = DIRECTION ( 'NONE',  ( 0.1736481776669346611, 0.000000000000000000, -0.9848077530122073542 ) ) ;
#3162 = CIRCLE ( 'NONE', #2034, 2.575000000000013944 ) ;
#3163 = CARTESIAN_POINT ( 'NONE',  ( -17.39785257348812308, -25.05099999999993443, -55.64022652275986758 ) ) ;
#3164 = EDGE_CURVE ( 'NONE', #1911, #2525, #236, .T. ) ;
#3165 = VECTOR ( 'NONE', #1393, 1000.000000000000000 ) ;
#3166 = B_SPLINE_CURVE_WITH_KNOTS ( 'NONE', 3,
 ( #766, #2631, #789, #64, #4626, #3818, #4594, #90, #3383, #3862, #1588, #4645, #2730, #741 ),
 .UNSPECIFIED., .F., .F.,
 ( 4, 2, 2, 2, 2, 2, 4 ),
 ( 0.000000000000000000, 0.0006002197367466430029, 0.001200439473493286006, 0.001500549341866605664, 0.001800659210239925322, 0.002100769078613244981, 0.002400878946986564639 ),
 .UNSPECIFIED. ) ;
#3167 = CARTESIAN_POINT ( 'NONE',  ( -9.400525615001717128, -25.05099999999994864, 68.76759057126999153 ) ) ;
#3168 = ORIENTED_EDGE ( 'NONE', *, *, #4514, .T. ) ;
#3169 = LINE ( 'NONE', #530, #1648 ) ;
#3170 = DIRECTION ( 'NONE',  ( -0.04218674000673096336, 0.000000000000000000, -0.9991097432052220562 ) ) ;
#3171 = EDGE_LOOP ( 'NONE', ( #3465, #297, #1103, #379 ) ) ;
#3172 = DIRECTION ( 'NONE',  ( 0.1736481776669313859, 0.000000000000000000, 0.9848077530122077983 ) ) ;
#3173 = DIRECTION ( 'NONE',  ( -0.9848077530122097967, 0.000000000000000000, 0.1736481776669213106 ) ) ;
#3174 = ORIENTED_EDGE ( 'NONE', *, *, #846, .F. ) ;
#3175 = EDGE_CURVE ( 'NONE', #3614, #3763, #1805, .T. ) ;
#3176 = EDGE_CURVE ( 'NONE', #1146, #3135, #2761, .T. ) ;
#3177 = CARTESIAN_POINT ( 'NONE',  ( 11.13617456239218839, -28.57499999999992113, -2.541078899048280881 ) ) ;
#3178 = CARTESIAN_POINT ( 'NONE',  ( -19.36746807951253757, -25.05099999999994154, 125.2929301674254248 ) ) ;
#3179 = CARTESIAN_POINT ( 'NONE',  ( 9.697104020701404536, -27.05099999999993088, 72.86670811963486472 ) ) ;
#3180 = DIRECTION ( 'NONE',  ( -0.000000000000000000, -0.000000000000000000, -1.000000000000000000 ) ) ;
#3181 = ORIENTED_EDGE ( 'NONE', *, *, #342, .T. ) ;
#3182 = DIRECTION ( 'NONE',  ( 2.094073006735363955E-16, -1.000000000000000000, -1.187607817205041341E-15 ) ) ;
#3183 = ORIENTED_EDGE ( 'NONE', *, *, #3399, .F. ) ;
#3184 = DIRECTION ( 'NONE',  ( -2.094073006735413998E-16, 1.000000000000000000, -1.187607817205040355E-15 ) ) ;
#3185 = CARTESIAN_POINT ( 'NONE',  ( -12.38098207348418889, -15.87499999999020872, 85.67059909842332388 ) ) ;
#3186 = EDGE_LOOP ( 'NONE', ( #601, #2681, #2569 ) ) ;
#3187 = CARTESIAN_POINT ( 'NONE',  ( 10.15536920375365249, -26.60160000000011493, 54.39988898009398355 ) ) ;
#3188 = DIRECTION ( 'NONE',  ( -1.000000000000000000, -6.920681583949466820E-15, -0.000000000000000000 ) ) ;
#3189 = CARTESIAN_POINT ( 'NONE',  ( 0.5761025673212891718, -15.87499999999008082, -49.58839005040432113 ) ) ;
#3190 = LINE ( 'NONE', #3718, #3971 ) ;
#3191 = ORIENTED_EDGE ( 'NONE', *, *, #2104, .T. ) ;
#3192 = CARTESIAN_POINT ( 'NONE',  ( -7.381616104373517118, -3.324999999999976197, 0.8764212103968125334 ) ) ;
#3193 = CARTESIAN_POINT ( 'NONE',  ( -12.56932518103340790, -28.44962285426705151, 54.65676537324186057 ) ) ;
#3194 = ORIENTED_EDGE ( 'NONE', *, *, #2814, .F. ) ;
#3195 = DIRECTION ( 'NONE',  ( -6.938226849142563131E-15, 1.000000000000000000, 1.135382491375384314E-18 ) ) ;
#3196 = ORIENTED_EDGE ( 'NONE', *, *, #1477, .T. ) ;
#3197 = DIRECTION ( 'NONE',  ( -0.9848077530122077983, 0.000000000000000000, 0.1736481776669318022 ) ) ;
#3198 = EDGE_CURVE ( 'NONE', #520, #2268, #4613, .T. ) ;
#3199 = LINE ( 'NONE', #568, #2690 ) ;
#3200 = DIRECTION ( 'NONE',  ( 0.9848077530122074652, 6.836577773956856839E-15, 0.1736481776669340227 ) ) ;
#3201 = FACE_OUTER_BOUND ( 'NONE', #2287, .T. ) ;
#3202 = CARTESIAN_POINT ( 'NONE',  ( -0.09875333346289288938, -3.175000000000000711, -0.5600579846948331442 ) ) ;
#3203 = VERTEX_POINT ( 'NONE', #1051 ) ;
#3204 = CARTESIAN_POINT ( 'NONE',  ( -10.02386777620575842, -27.01593271401374707, 15.56222980754402485 ) ) ;
#3205 = CARTESIAN_POINT ( 'NONE',  ( 9.525660961046211739, -27.05099999999993088, 54.91212111837923260 ) ) ;
#3206 = DIRECTION ( 'NONE',  ( 0.9848077530122080203, 6.798129493440188467E-15, 0.1736481776669312471 ) ) ;
#3207 = DIRECTION ( 'NONE',  ( -6.938226849142563920E-15, 1.000000000000000000, 1.135382491375278003E-18 ) ) ;
#3208 = CLOSED_SHELL ( 'NONE', ( #2649, #1467, #2137, #2749, #547, #3418, #1834, #3875, #723, #2884, #554, #276, #524, #4273, #1120, #3761, #1329, #1715, #4069, #11, #3357, #3442, #2429, #989, #16, #4395, #1952, #4455, #1675, #4240, #1568, #1923, #4112, #2230, #2503, #1515, #3695, #3227, #907, #2616, #705, #1163, #4237, #3715, #1846, #1981, #3255, #2691, #1956, #2027, #4326, #610, #1187, #1417, #1274, #1442, #1906, #430, #2522, #3937, #3485, #2284, #2425, #3237, #4083, #4764, #3539, #3851, #3474, #4558, #2633, #958, #1097, #2713, #589, #2045, #696, #1926, #1768, #1458, #1567, #3981, #4075, #4676, #4902, #1652, #1537, #2548, #701, #4805, #1364, #3133, #1328, #744, #2311, #4600, #2988, #1080, #4044, #2739, #879, #2504, #865, #4447, #2189, #825, #4246, #4441, #1094, #2790, #4648, #3671, #4823, #4800, #4269, #1753, #3855, #3628, #4589, #4688, #482, #1285, #1795, #155, #4033, #1351, #4868, #2062, #706, #3533, #2127, #251, #2389, #680, #4575, #1615, #3540, #4216, #3984, #355, #4148, #3606, #523, #2784, #2401, #1657, #1508, #1845 ) ) ;
#3209 = VERTEX_POINT ( 'NONE', #2529 ) ;
#3210 = VECTOR ( 'NONE', #2322, 1000.000000000000000 ) ;
#3211 = DIRECTION ( 'NONE',  ( -1.000000000000000000, -6.920681583949466820E-15, -0.000000000000000000 ) ) ;
#3212 = EDGE_CURVE ( 'NONE', #2658, #4400, #2550, .T. ) ;
#3213 = CARTESIAN_POINT ( 'NONE',  ( 3.383250706523659446, -4.142121475945153009, -1.210031952910025632 ) ) ;
#3214 = DIRECTION ( 'NONE',  ( 6.760973547396785087E-15, -1.000000000000000000, 0.000000000000000000 ) ) ;
#3215 = AXIS2_PLACEMENT_3D ( 'NONE', #1697, #2436, #1773 ) ;
#3216 = VERTEX_POINT ( 'NONE', #3704 ) ;
#3217 = CARTESIAN_POINT ( 'NONE',  ( -17.39785257348749781, -114.6022714177932897, 125.6402265227593062 ) ) ;
#3218 = ORIENTED_EDGE ( 'NONE', *, *, #2804, .F. ) ;
#3219 = VECTOR ( 'NONE', #1373, 1000.000000000000114 ) ;
#3220 = LINE ( 'NONE', #1395, #3228 ) ;
#3221 = EDGE_CURVE ( 'NONE', #2807, #1659, #3352, .T. ) ;
#3222 = CARTESIAN_POINT ( 'NONE',  ( 9.546843575801013060, -27.05099999999993088, -2.108522973053386540 ) ) ;
#3223 = CARTESIAN_POINT ( 'NONE',  ( -17.74514892882213246, -5.175000000000123279, 127.6098420287837030 ) ) ;
#3224 = CARTESIAN_POINT ( 'NONE',  ( -10.02500926617461374, -27.17587239408651811, 54.44993566080702863 ) ) ;
#3225 = CARTESIAN_POINT ( 'NONE',  ( 3.405575483993847019, -27.05099999999993443, 71.02565171270322253 ) ) ;
#3226 = CIRCLE ( 'NONE', #940, 19.50000000000000355 ) ;
#3227 = ADVANCED_FACE ( 'NONE', ( #4550 ), #667, .F. ) ;
#3228 = VECTOR ( 'NONE', #3329, 1000.000000000000000 ) ;
#3229 = DIRECTION ( 'NONE',  ( -0.9848077530122071321, 0.000000000000000000, -0.1736481776669351051 ) ) ;
#3230 = VERTEX_POINT ( 'NONE', #3679 ) ;
#3231 =( BOUNDED_CURVE ( )  B_SPLINE_CURVE ( 3, ( #4068, #1343, #238, #1736 ),
 .UNSPECIFIED., .F., .F. ) 
 B_SPLINE_CURVE_WITH_KNOTS ( ( 4, 4 ),
 ( 4.712388980384690562, 6.283185307179586232 ),
 .UNSPECIFIED. ) 
 CURVE ( )  GEOMETRIC_REPRESENTATION_ITEM ( )  RATIONAL_B_SPLINE_CURVE ( ( 1.000000000000000000, 0.8047378541243652705, 0.8047378541243652705, 1.000000000000000000 ) ) 
 REPRESENTATION_ITEM ( '' )  );
#3232 = LINE ( 'NONE', #2384, #3381 ) ;
#3233 = PLANE ( 'NONE',  #804 ) ;
#3234 = ORIENTED_EDGE ( 'NONE', *, *, #1275, .T. ) ;
#3235 = DIRECTION ( 'NONE',  ( -6.938226849142563131E-15, 1.000000000000000000, 1.135382491375378152E-18 ) ) ;
#3236 = VECTOR ( 'NONE', #497, 999.9999999999998863 ) ;
#3237 = ADVANCED_FACE ( 'NONE', ( #4159 ), #3496, .T. ) ;
#3238 = EDGE_CURVE ( 'NONE', #2741, #3091, #25, .T. ) ;
#3239 = CARTESIAN_POINT ( 'NONE',  ( -10.01139156403144526, -26.68442345112621794, 15.59168603362687833 ) ) ;
#3240 = CIRCLE ( 'NONE', #4390, 20.00000000000000000 ) ;
#3241 = DIRECTION ( 'NONE',  ( 0.1736481776669318577, 1.205928582073525537E-15, -0.9848077530122076872 ) ) ;
#3242 = VECTOR ( 'NONE', #975, 1000.000000000000114 ) ;
#3243 = ORIENTED_EDGE ( 'NONE', *, *, #4360, .T. ) ;
#3244 = FACE_OUTER_BOUND ( 'NONE', #2753, .T. ) ;
#3245 = CARTESIAN_POINT ( 'NONE',  ( -9.698694441280009571, -26.91928982584290253, 15.44610305964813435 ) ) ;
#3246 = VERTEX_POINT ( 'NONE', #1219 ) ;
#3247 = CARTESIAN_POINT ( 'NONE',  ( -15.35642506783070438, -5.175000000000105516, -56.00018527116769462 ) ) ;
#3248 = ORIENTED_EDGE ( 'NONE', *, *, #2333, .T. ) ;
#3249 = CARTESIAN_POINT ( 'NONE',  ( -19.36746807951267613, -5.175000000000137490, 125.2929301674254248 ) ) ;
#3250 = DIRECTION ( 'NONE',  ( -1.000000000000000000, -6.920681583949467609E-15, 0.000000000000000000 ) ) ;
#3251 = LINE ( 'NONE', #1000, #4605 ) ;
#3252 = EDGE_LOOP ( 'NONE', ( #3160, #2781, #3658, #1374, #1617 ) ) ;
#3253 = DIRECTION ( 'NONE',  ( -1.000000000000000000, 0.000000000000000000, 0.000000000000000000 ) ) ;
#3254 = ORIENTED_EDGE ( 'NONE', *, *, #3923, .F. ) ;
#3255 = ADVANCED_FACE ( 'NONE', ( #2345 ), #1996, .T. ) ;
#3256 = CARTESIAN_POINT ( 'NONE',  ( -19.36746807951267968, -5.175000000000137490, -55.29293016742599320 ) ) ;
#3257 = CARTESIAN_POINT ( 'NONE',  ( 9.525013793821239361, -27.18345305345972562, 54.94865195991941675 ) ) ;
#3258 = EDGE_LOOP ( 'NONE', ( #1608, #287, #2097, #1287, #1392, #4245, #3600, #2413 ) ) ;
#3259 = CARTESIAN_POINT ( 'NONE',  ( 11.16222178904222950, -28.57499999999992113, -2.393357736096449528 ) ) ;
#3260 = DIRECTION ( 'NONE',  ( -0.1736481776669340504, -1.174091553763101431E-15, -0.9848077530122073542 ) ) ;
#3261 = EDGE_CURVE ( 'NONE', #4610, #2552, #4203, .T. ) ;
#3262 = EDGE_LOOP ( 'NONE', ( #2897, #3130, #1928, #3513, #3174, #3447, #4628 ) ) ;
#3263 = LINE ( 'NONE', #178, #2414 ) ;
#3264 = ORIENTED_EDGE ( 'NONE', *, *, #4746, .F. ) ;
#3265 = CARTESIAN_POINT ( 'NONE',  ( -10.17183065538472952, -28.30427638897083398, 54.98842147268084091 ) ) ;
#3266 = CARTESIAN_POINT ( 'NONE',  ( -13.73410591713997420, -28.65985123936290080, 128.3170971325253902 ) ) ;
#3267 = VERTEX_POINT ( 'NONE', #1912 ) ;
#3268 = CARTESIAN_POINT ( 'NONE',  ( 9.830934652517388628, -27.98822946358492203, 54.98022092618803924 ) ) ;
#3269 = EDGE_CURVE ( 'NONE', #4266, #3647, #3434, .T. ) ;
#3270 = CARTESIAN_POINT ( 'NONE',  ( -15.35642506783067418, -5.175000000000102851, 126.0001852711670978 ) ) ;
#3271 = ORIENTED_EDGE ( 'NONE', *, *, #2675, .T. ) ;
#3272 = DIRECTION ( 'NONE',  ( 0.000000000000000000, 0.000000000000000000, 1.000000000000000000 ) ) ;
#3273 = ORIENTED_EDGE ( 'NONE', *, *, #1692, .F. ) ;
#3274 = PLANE ( 'NONE',  #967 ) ;
#3275 = DIRECTION ( 'NONE',  ( 1.000000000000000000, 6.935750737654438660E-15, 0.000000000000000000 ) ) ;
#3276 = VERTEX_POINT ( 'NONE', #4231 ) ;
#3277 = DIRECTION ( 'NONE',  ( 0.9848077530122080203, -0.000000000000000000, 0.1736481776669310251 ) ) ;
#3278 = FACE_OUTER_BOUND ( 'NONE', #2684, .T. ) ;
#3279 = CARTESIAN_POINT ( 'NONE',  ( 9.525000000000176215, -27.05099999999993088, 15.07300659589580327 ) ) ;
#3280 = CARTESIAN_POINT ( 'NONE',  ( -7.456957335627335759, -27.05099999999993088, 69.26260808955566972 ) ) ;
#3281 = ORIENTED_EDGE ( 'NONE', *, *, #3346, .T. ) ;
#3282 = DIRECTION ( 'NONE',  ( -6.938226849142563131E-15, 1.000000000000000000, 1.135382491375384314E-18 ) ) ;
#3283 = EDGE_CURVE ( 'NONE', #4277, #323, #4457, .T. ) ;
#3284 = CARTESIAN_POINT ( 'NONE',  ( 10.02500926617505250, -27.17587239408653588, 54.44993566080704284 ) ) ;
#3285 = LINE ( 'NONE', #2661, #2602 ) ;
#3286 = ORIENTED_EDGE ( 'NONE', *, *, #4410, .F. ) ;
#3287 = CARTESIAN_POINT ( 'NONE',  ( -3.419867097295484992, -3.175000000000023359, 69.82214203034551758 ) ) ;
#3288 = ORIENTED_EDGE ( 'NONE', *, *, #937, .T. ) ;
#3289 = DIRECTION ( 'NONE',  ( 6.760973547396785087E-15, -1.000000000000000000, 0.000000000000000000 ) ) ;
#3290 = CARTESIAN_POINT ( 'NONE',  ( -3.275000000000000355, -27.05099999999993088, 54.89732203086564510 ) ) ;
#3291 = CARTESIAN_POINT ( 'NONE',  ( 10.15536920375365249, -26.60160000000011138, 15.60011101990452609 ) ) ;
#3292 = ORIENTED_EDGE ( 'NONE', *, *, #1024, .T. ) ;
#3293 = EDGE_CURVE ( 'NONE', #1136, #1995, #3416, .T. ) ;
#3294 = ORIENTED_EDGE ( 'NONE', *, *, #2339, .F. ) ;
#3295 = CARTESIAN_POINT ( 'NONE',  ( -9.830934652517020922, -27.98822946358508190, 54.98022092618805345 ) ) ;
#3296 = ORIENTED_EDGE ( 'NONE', *, *, #4261, .T. ) ;
#3297 = CARTESIAN_POINT ( 'NONE',  ( 10.87408747688368393, -28.07653056854754681, 15.50636006160370961 ) ) ;
#3298 = ORIENTED_EDGE ( 'NONE', *, *, #34, .F. ) ;
#3299 = VECTOR ( 'NONE', #3030, 1000.000000000000000 ) ;
#3300 = EDGE_CURVE ( 'NONE', #471, #3700, #3072, .T. ) ;
#3301 = DIRECTION ( 'NONE',  ( -0.1736481776669318577, 0.000000000000000000, 0.9848077530122077983 ) ) ;
#3302 =( GEOMETRIC_REPRESENTATION_CONTEXT ( 3 ) GLOBAL_UNCERTAINTY_ASSIGNED_CONTEXT ( ( #3359 ) ) GLOBAL_UNIT_ASSIGNED_CONTEXT ( ( #2765, #495, #424 ) ) REPRESENTATION_CONTEXT ( 'NONE', 'WORKASPACE' ) );
#3303 = CARTESIAN_POINT ( 'NONE',  ( 11.04900000000018423, -28.57499999999992113, 15.00625097686704379 ) ) ;
#3304 = CARTESIAN_POINT ( 'NONE',  ( -17.74514892882196548, -28.65985123936292922, 127.6098420287837030 ) ) ;
#3305 = EDGE_LOOP ( 'NONE', ( #2370, #2794, #3332, #3073 ) ) ;
#3306 = FACE_OUTER_BOUND ( 'NONE', #204, .T. ) ;
#3307 = CARTESIAN_POINT ( 'NONE',  ( 9.661710804067801917, -26.40612922668358564, 54.90414771938287686 ) ) ;
#3308 = AXIS2_PLACEMENT_3D ( 'NONE', #1367, #4090, #4062 ) ;
#3309 = LINE ( 'NONE', #2078, #4853 ) ;
#3310 = VERTEX_POINT ( 'NONE', #2845 ) ;
#3311 = CARTESIAN_POINT ( 'NONE',  ( 12.61293535096384311, -28.49209925811840449, 54.70882782363413099 ) ) ;
#3312 = CIRCLE ( 'NONE', #2354, 2.000000000000000888 ) ;
#3313 = LINE ( 'NONE', #1823, #857 ) ;
#3314 = DIRECTION ( 'NONE',  ( 1.000000000000000000, 0.000000000000000000, 0.000000000000000000 ) ) ;
#3315 = VERTEX_POINT ( 'NONE', #703 ) ;
#3316 = FACE_OUTER_BOUND ( 'NONE', #1794, .T. ) ;
#3317 = VECTOR ( 'NONE', #353, 1000.000000000000000 ) ;
#3318 = VECTOR ( 'NONE', #444, 1000.000000000000000 ) ;
#3319 = EDGE_CURVE ( 'NONE', #2303, #2239, #3169, .T. ) ;
#3320 = ORIENTED_EDGE ( 'NONE', *, *, #4638, .F. ) ;
#3321 = CYLINDRICAL_SURFACE ( 'NONE', #2508, 19.50000000000000355 ) ;
#3322 = ORIENTED_EDGE ( 'NONE', *, *, #2407, .F. ) ;
#3323 = DIRECTION ( 'NONE',  ( -0.9848077530122073542, 0.000000000000000000, 0.1736481776669339672 ) ) ;
#3324 = CARTESIAN_POINT ( 'NONE',  ( 3.418717267247802116, -26.93855686489607493, 15.42407588614632452 ) ) ;
#3325 = AXIS2_PLACEMENT_3D ( 'NONE', #2535, #2877, #4434 ) ;
#3326 = EDGE_CURVE ( 'NONE', #3209, #1387, #1066, .T. ) ;
#3327 = VECTOR ( 'NONE', #3548, 1000.000000000000000 ) ;
#3328 = CARTESIAN_POINT ( 'NONE',  ( 2.204123765650557458E-14, -3.174999999999998934, 69.99999999999943157 ) ) ;
#3329 = DIRECTION ( 'NONE',  ( -0.000000000000000000, -0.000000000000000000, -1.000000000000000000 ) ) ;
#3330 = CARTESIAN_POINT ( 'NONE',  ( -15.58898815845388874, -25.16750321025567771, -57.99003134734533660 ) ) ;
#3331 = DIRECTION ( 'NONE',  ( -0.1736481776669314692, 0.000000000000000000, -0.9848077530122077983 ) ) ;
#3332 = ORIENTED_EDGE ( 'NONE', *, *, #1033, .T. ) ;
#3333 = CARTESIAN_POINT ( 'NONE',  ( -14.34099845594495193, -26.39829635533379459, -58.00018527116767331 ) ) ;
#3334 = EDGE_CURVE ( 'NONE', #3596, #1263, #1890, .T. ) ;
#3335 = EDGE_CURVE ( 'NONE', #1739, #4596, #2837, .T. ) ;
#3336 = CARTESIAN_POINT ( 'NONE',  ( 10.78325498357671108, -28.57499999999992468, 54.99374902241656571 ) ) ;
#3337 = CARTESIAN_POINT ( 'NONE',  ( -5.953179498285530613, -15.87499999999016786, 84.18927059349240949 ) ) ;
#3338 = ORIENTED_EDGE ( 'NONE', *, *, #1124, .T. ) ;
#3339 = DIRECTION ( 'NONE',  ( 0.9848077530122075762, 0.000000000000000000, -0.1736481776669339949 ) ) ;
#3340 = PLANE ( 'NONE',  #3626 ) ;
#3341 = CARTESIAN_POINT ( 'NONE',  ( 3.390395190648330281, -3.174999999999975842, 71.02297501741136898 ) ) ;
#3342 = ORIENTED_EDGE ( 'NONE', *, *, #2339, .T. ) ;
#3343 = LINE ( 'NONE', #1092, #3541 ) ;
#3344 = CARTESIAN_POINT ( 'NONE',  ( 12.20000000000018581, -28.57499999999991402, 34.99999999999925393 ) ) ;
#3345 = ORIENTED_EDGE ( 'NONE', *, *, #2176, .F. ) ;
#3346 = EDGE_CURVE ( 'NONE', #3032, #3960, #128, .T. ) ;
#3347 = ORIENTED_EDGE ( 'NONE', *, *, #3175, .T. ) ;
#3348 = CARTESIAN_POINT ( 'NONE',  ( -21.19552910185988637, -3.175000000000145928, 147.1779203749019302 ) ) ;
#3349 = CARTESIAN_POINT ( 'NONE',  ( 3.667286694153810700, -26.70741236177589784, 15.58934755033300235 ) ) ;
#3350 = CARTESIAN_POINT ( 'NONE',  ( 3.418725042324789243, -26.93854992961845340, 54.57591542005270213 ) ) ;
#3351 = FACE_OUTER_BOUND ( 'NONE', #3171, .T. ) ;
#3352 = LINE ( 'NONE', #390, #555 ) ;
#3353 = DIRECTION ( 'NONE',  ( -1.000000000000000000, -8.405686134351572337E-15, 0.000000000000000000 ) ) ;
#3354 = EDGE_LOOP ( 'NONE', ( #50, #3778, #2889, #4412 ) ) ;
#3355 = CARTESIAN_POINT ( 'NONE',  ( -3.419867097295474778, -3.175000000000059774, 0.1778579696539685784 ) ) ;
#3356 = ORIENTED_EDGE ( 'NONE', *, *, #1892, .T. ) ;
#3357 = ADVANCED_FACE ( 'NONE', ( #584 ), #4012, .T. ) ;
#3358 = CARTESIAN_POINT ( 'NONE',  ( 10.03685682902871612, -26.91465778146744015, 54.42936695954541904 ) ) ;
#3359 = UNCERTAINTY_MEASURE_WITH_UNIT (LENGTH_MEASURE( 1.000000000000000082E-05 ), #2765, 'distance_accuracy_value', 'NONE');
#3360 = LINE ( 'NONE', #2581, #4031 ) ;
#3361 = DIRECTION ( 'NONE',  ( -0.1736481776669314137, -1.205928582073522382E-15, -0.9848077530122080203 ) ) ;
#3362 = EDGE_LOOP ( 'NONE', ( #1075, #4678, #2132, #1820, #808, #1216, #3294, #4730, #119, #455, #2403 ) ) ;
#3363 = FACE_OUTER_BOUND ( 'NONE', #2301, .T. ) ;
#3364 = EDGE_CURVE ( 'NONE', #2623, #4373, #4111, .T. ) ;
#3365 = CARTESIAN_POINT ( 'NONE',  ( -5.212043238915595289, -25.05099999999993088, -59.81976671398559375 ) ) ;
#3366 = VERTEX_POINT ( 'NONE', #4398 ) ;
#3367 = PLANE ( 'NONE',  #2497 ) ;
#3368 = CARTESIAN_POINT ( 'NONE',  ( -11.04899999999981475, -27.05100000000007299, 1.370765948028626502 ) ) ;
#3369 = ORIENTED_EDGE ( 'NONE', *, *, #3665, .T. ) ;
#3370 =( BOUNDED_CURVE ( )  B_SPLINE_CURVE ( 3, ( #843, #150, #4710, #4615 ),
 .UNSPECIFIED., .F., .F. ) 
 B_SPLINE_CURVE_WITH_KNOTS ( ( 4, 4 ),
 ( 1.570796326794898556, 3.141592653589795336 ),
 .UNSPECIFIED. ) 
 CURVE ( )  GEOMETRIC_REPRESENTATION_ITEM ( )  RATIONAL_B_SPLINE_CURVE ( ( 1.000000000000000000, 0.8047378541243649375, 0.8047378541243649375, 1.000000000000000000 ) ) 
 REPRESENTATION_ITEM ( '' )  );
#3371 = DIRECTION ( 'NONE',  ( 0.1736481776669340782, 1.174091553763101629E-15, 0.9848077530122074652 ) ) ;
#3372 = DIRECTION ( 'NONE',  ( 0.000000000000000000, 1.000000000000000000, -1.197682598713622758E-15 ) ) ;
#3373 = VERTEX_POINT ( 'NONE', #897 ) ;
#3374 = CARTESIAN_POINT ( 'NONE',  ( -12.70419162363473120, -15.87499999999016786, 122.4761629240039156 ) ) ;
#3375 = DIRECTION ( 'NONE',  ( -0.000000000000000000, -0.000000000000000000, -1.000000000000000000 ) ) ;
#3376 = CARTESIAN_POINT ( 'NONE',  ( 3.668067290521478618, -26.70664554152783765, 54.41057444699864476 ) ) ;
#3377 = DIRECTION ( 'NONE',  ( 0.9848077530122079093, 6.832622436092476642E-15, -0.1736481776669318577 ) ) ;
#3378 = ORIENTED_EDGE ( 'NONE', *, *, #1237, .T. ) ;
#3379 = CARTESIAN_POINT ( 'NONE',  ( -15.70372142316456276, -25.05099999999993088, -57.96980077719207003 ) ) ;
#3380 = FACE_OUTER_BOUND ( 'NONE', #222, .T. ) ;
#3381 = VECTOR ( 'NONE', #2404, 1000.000000000000000 ) ;
#3382 = ORIENTED_EDGE ( 'NONE', *, *, #3164, .F. ) ;
#3383 = CARTESIAN_POINT ( 'NONE',  ( -10.37334648124290837, -28.42068673691071368, 15.00909646541174425 ) ) ;
#3384 = DIRECTION ( 'NONE',  ( -1.000000000000000000, -9.107298248878229357E-15, 0.000000000000000000 ) ) ;
#3385 = ORIENTED_EDGE ( 'NONE', *, *, #3899, .T. ) ;
#3386 = DIRECTION ( 'NONE',  ( 0.9848077530122081313, 7.537405751573837772E-15, 0.1736481776669298038 ) ) ;
#3387 = DIRECTION ( 'NONE',  ( 0.1736481776669317190, 1.204775684477112831E-15, -0.9848077530122080203 ) ) ;
#3388 = LINE ( 'NONE', #2231, #479 ) ;
#3389 = VECTOR ( 'NONE', #3353, 1000.000000000000000 ) ;
#3390 = DIRECTION ( 'NONE',  ( -2.094073006735412766E-16, 1.000000000000000000, -1.187607817205040355E-15 ) ) ;
#3391 = EDGE_CURVE ( 'NONE', #3676, #3366, #1268, .T. ) ;
#3392 = AXIS2_PLACEMENT_3D ( 'NONE', #2795, #4344, #4731 ) ;
#3393 = CARTESIAN_POINT ( 'NONE',  ( 3.276975197684143026, -27.05099999999993088, 54.89732203086564510 ) ) ;
#3394 = ORIENTED_EDGE ( 'NONE', *, *, #906, .T. ) ;
#3395 = FACE_OUTER_BOUND ( 'NONE', #4686, .T. ) ;
#3396 = CARTESIAN_POINT ( 'NONE',  ( -3.775000000000000355, -28.57500000000002416, 34.99999999999925393 ) ) ;
#3397 = ORIENTED_EDGE ( 'NONE', *, *, #3754, .T. ) ;
#3398 = VECTOR ( 'NONE', #1604, 1000.000000000000000 ) ;
#3399 = EDGE_CURVE ( 'NONE', #3517, #2035, #2441, .T. ) ;
#3400 = APPLICATION_CONTEXT ( 'automotive_design' ) ;
#3401 = VECTOR ( 'NONE', #4451, 1000.000000000000000 ) ;
#3402 = VECTOR ( 'NONE', #401, 1000.000000000000000 ) ;
#3403 =( BOUNDED_SURFACE ( )  B_SPLINE_SURFACE ( 3, 2, ( 
 ( #2856, #1004, #2480 ),
 ( #3336, #2534, #2129 ),
 ( #1743, #2209, #4898 ),
 ( #982, #4411, #344 ),
 ( #1377, #1787, #1082 ),
 ( #2177, #4133, #2101 ),
 ( #1056, #719, #2580 ),
 ( #2876, #1764, #3637 ),
 ( #3745, #4076, #2555 ),
 ( #245, #1843, #2507 ),
 ( #3257, #4051, #3284 ),
 ( #3661, #4818, #267 ),
 ( #1401, #3709, #3358 ),
 ( #317, #2953, #2900 ),
 ( #3307, #1431, #1818 ),
 ( #2929, #4101, #3027 ) ),
 .UNSPECIFIED., .F., .F., .T. ) 
 B_SPLINE_SURFACE_WITH_KNOTS ( ( 4, 2, 2, 2, 2, 2, 2, 4 ),
 ( 3, 3 ),
 ( 0.003311873272900037538, 0.003845958124786339263, 0.004113000550729490126, 0.004380042976672640989, 0.004647085402615791852, 0.004914127828558942715, 0.005181170254502093578, 0.005448212680445245308 ),
 ( 0.000000000000000000, 1.000000000000000000 ),
 .UNSPECIFIED. ) 
 GEOMETRIC_REPRESENTATION_ITEM ( )  RATIONAL_B_SPLINE_SURFACE ( (
 ( 1.000000000000000000, 0.7158910531638119634, 1.000000000000000000),
 ( 1.000000000000000000, 0.7158518934500337494, 1.000000000000000000),
 ( 1.000000000000000000, 0.7164179997649617881, 1.000000000000000000),
 ( 1.000000000000000000, 0.7169851531653663734, 1.000000000000000000),
 ( 1.000000000000000000, 0.7171180504566849745, 1.000000000000000000),
 ( 1.000000000000000000, 0.7169525766904367714, 1.000000000000000000),
 ( 1.000000000000000000, 0.7166537730446150833, 1.000000000000000000),
 ( 1.000000000000000000, 0.7153243296148289465, 1.000000000000000000),
 ( 1.000000000000000000, 0.7143132244106326079, 1.000000000000000000),
 ( 1.000000000000000000, 0.7113651921319154026, 1.000000000000000000),
 ( 1.000000000000000000, 0.7094479056575277998, 1.000000000000000000),
 ( 1.000000000000000000, 0.7047712709655129526, 1.000000000000000000),
 ( 1.000000000000000000, 0.7019617564195878012, 1.000000000000000000),
 ( 1.000000000000000000, 0.6958156059856454023, 1.000000000000000000),
 ( 1.000000000000000000, 0.6924290196756093252, 1.000000000000000000),
 ( 1.000000000000000000, 0.6889166875095983356, 1.000000000000000000) ) ) 
 REPRESENTATION_ITEM ( '' )  SURFACE ( )  );
#3404 = ORIENTED_EDGE ( 'NONE', *, *, #220, .F. ) ;
#3405 = DIRECTION ( 'NONE',  ( -2.038788587250987231E-16, 1.000000000000000000, -1.156254464892051671E-15 ) ) ;
#3406 = CARTESIAN_POINT ( 'NONE',  ( 3.390395190648328505, -27.05099999999993443, -1.022975017411884791 ) ) ;
#3407 = AXIS2_PLACEMENT_3D ( 'NONE', #3464, #76, #1575 ) ;
#3408 = DIRECTION ( 'NONE',  ( 0.000000000000000000, 0.000000000000000000, 1.000000000000000000 ) ) ;
#3409 = ORIENTED_EDGE ( 'NONE', *, *, #3269, .F. ) ;
#3410 = CARTESIAN_POINT ( 'NONE',  ( 10.69084370582449139, -28.04041052022270364, 15.50713556992631759 ) ) ;
#3411 = CARTESIAN_POINT ( 'NONE',  ( -10.26135258265045280, -27.73299162462247480, 15.51809019687165581 ) ) ;
#3412 = CIRCLE ( 'NONE', #1345, 1.999999999999998224 ) ;
#3413 = ORIENTED_EDGE ( 'NONE', *, *, #2473, .F. ) ;
#3414 = CARTESIAN_POINT ( 'NONE',  ( 9.525000000000177991, -27.94373853094333526, 1.032685228116262843 ) ) ;
#3415 = ORIENTED_EDGE ( 'NONE', *, *, #4897, .F. ) ;
#3416 = CIRCLE ( 'NONE', #78, 2.575000000000010392 ) ;
#3417 = CARTESIAN_POINT ( 'NONE',  ( -9.526978979102342038, -27.05099999999993088, 54.89732203086564510 ) ) ;
#3418 = ADVANCED_FACE ( 'NONE', ( #3244 ), #232, .F. ) ;
#3419 = ORIENTED_EDGE ( 'NONE', *, *, #4322, .F. ) ;
#3420 = EDGE_CURVE ( 'NONE', #3700, #822, #4534, .T. ) ;
#3421 = AXIS2_PLACEMENT_3D ( 'NONE', #3328, #3758, #2945 ) ;
#3422 = CARTESIAN_POINT ( 'NONE',  ( 10.81213609212642268, -28.53621591496944276, 72.48394217395234307 ) ) ;
#3423 = ORIENTED_EDGE ( 'NONE', *, *, #1556, .F. ) ;
#3424 = EDGE_CURVE ( 'NONE', #3135, #1146, #3162, .T. ) ;
#3425 = LINE ( 'NONE', #7, #2662 ) ;
#3426 = FACE_BOUND ( 'NONE', #826, .T. ) ;
#3427 = DIRECTION ( 'NONE',  ( -0.1736481776669309973, -1.205928582073519424E-15, 0.9848077530122079093 ) ) ;
#3428 = ORIENTED_EDGE ( 'NONE', *, *, #2595, .F. ) ;
#3429 = EDGE_CURVE ( 'NONE', #1199, #3638, #205, .T. ) ;
#3430 = EDGE_LOOP ( 'NONE', ( #3183, #1986, #3742, #4218 ) ) ;
#3431 = CARTESIAN_POINT ( 'NONE',  ( 22.94600121880843702, -15.87499999998996358, -21.89969939989228820 ) ) ;
#3432 = CARTESIAN_POINT ( 'NONE',  ( -3.259965356641552514, -114.6022714177931903, 70.11335219689240716 ) ) ;
#3433 = ORIENTED_EDGE ( 'NONE', *, *, #443, .F. ) ;
#3434 = LINE ( 'NONE', #44, #2196 ) ;
#3435 = CARTESIAN_POINT ( 'NONE',  ( -10.69084370582411481, -28.04041052022285641, 15.50713556992631759 ) ) ;
#3436 = EDGE_LOOP ( 'NONE', ( #1279, #2191, #2059, #106, #4183 ) ) ;
#3437 = CARTESIAN_POINT ( 'NONE',  ( -5.704600393942264702, -15.87499999999012346, 121.0956561861232359 ) ) ;
#3438 = VERTEX_POINT ( 'NONE', #559 ) ;
#3439 = FACE_OUTER_BOUND ( 'NONE', #1365, .T. ) ;
#3440 = LINE ( 'NONE', #2323, #453 ) ;
#3441 = DIRECTION ( 'NONE',  ( 6.678685382510707313E-15, -1.000000000000000000, 0.000000000000000000 ) ) ;
#3442 = ADVANCED_FACE ( 'NONE', ( #1307 ), #3570, .F. ) ;
#3443 = DIRECTION ( 'NONE',  ( 0.9848077530122083534, 6.835721853670152716E-15, 0.1736481776669288046 ) ) ;
#3444 = VERTEX_POINT ( 'NONE', #3192 ) ;
#3445 = DIRECTION ( 'NONE',  ( 0.1736481776669346611, 0.000000000000000000, -0.9848077530122073542 ) ) ;
#3446 = PLANE ( 'NONE',  #1184 ) ;
#3447 = ORIENTED_EDGE ( 'NONE', *, *, #3448, .F. ) ;
#3448 = EDGE_CURVE ( 'NONE', #822, #332, #939, .T. ) ;
#3449 = DIRECTION ( 'NONE',  ( -1.000000000000000000, -0.000000000000000000, -0.000000000000000000 ) ) ;
#3450 = ORIENTED_EDGE ( 'NONE', *, *, #1055, .F. ) ;
#3451 = DIRECTION ( 'NONE',  ( -0.9848077530122079093, -6.832622436092476642E-15, 0.1736481776669318855 ) ) ;
#3452 = CARTESIAN_POINT ( 'NONE',  ( 9.800259084637485074, -27.82274563141086787, -2.305520956374082164 ) ) ;
#3453 = ORIENTED_EDGE ( 'NONE', *, *, #1177, .T. ) ;
#3454 = DIRECTION ( 'NONE',  ( 0.000000000000000000, -1.000000000000000000, -0.000000000000000000 ) ) ;
#3455 = ORIENTED_EDGE ( 'NONE', *, *, #4426, .T. ) ;
#3456 = EDGE_CURVE ( 'NONE', #1267, #4704, #1036, .T. ) ;
#3457 = CARTESIAN_POINT ( 'NONE',  ( 37.30000000000018900, -26.60159999999992309, 15.60011101990452254 ) ) ;
#3458 = LINE ( 'NONE', #1569, #2439 ) ;
#3459 = CIRCLE ( 'NONE', #1941, 2.000000000000001332 ) ;
#3460 = CARTESIAN_POINT ( 'NONE',  ( -5.415529829969926823, -5.175000000000031797, 0.3774331620360130146 ) ) ;
#3461 = ORIENTED_EDGE ( 'NONE', *, *, #4874, .F. ) ;
#3462 = AXIS2_PLACEMENT_3D ( 'NONE', #347, #1849, #817 ) ;
#3463 = AXIS2_PLACEMENT_3D ( 'NONE', #1653, #124, #1215 ) ;
#3464 = CARTESIAN_POINT ( 'NONE',  ( 6.996523472651404063, -5.174999999999957190, 71.65883272942437543 ) ) ;
#3465 = ORIENTED_EDGE ( 'NONE', *, *, #1143, .T. ) ;
#3466 = VECTOR ( 'NONE', #3831, 1000.000000000000114 ) ;
#3467 = VERTEX_POINT ( 'NONE', #4220 ) ;
#3468 = LINE ( 'NONE', #4345, #2180 ) ;
#3469 = AXIS2_PLACEMENT_3D ( 'NONE', #2346, #560, #1289 ) ;
#3470 = ORIENTED_EDGE ( 'NONE', *, *, #2789, .T. ) ;
#3471 = DIRECTION ( 'NONE',  ( 1.000000000000000000, -0.000000000000000000, -0.000000000000000000 ) ) ;
#3472 = AXIS2_PLACEMENT_3D ( 'NONE', #3432, #760, #2600 ) ;
#3473 = ORIENTED_EDGE ( 'NONE', *, *, #3599, .T. ) ;
#3474 = ADVANCED_FACE ( 'NONE', ( #1512 ), #1724, .T. ) ;
#3475 = CARTESIAN_POINT ( 'NONE',  ( 10.52052173278348768, -28.50419630511641245, 15.49422617443824990 ) ) ;
#3476 = CARTESIAN_POINT ( 'NONE',  ( -10.17971672197823985, -28.30961174453429763, 15.49761382787410113 ) ) ;
#3477 = ORIENTED_EDGE ( 'NONE', *, *, #2922, .T. ) ;
#3478 = CARTESIAN_POINT ( 'NONE',  ( 7.551180843126553910, -3.324999999999979305, -1.908947780671377270 ) ) ;
#3479 = VECTOR ( 'NONE', #4267, 1000.000000000000114 ) ;
#3480 = ORIENTED_EDGE ( 'NONE', *, *, #4082, .F. ) ;
#3481 = VECTOR ( 'NONE', #908, 1000.000000000000000 ) ;
#3482 = PLANE ( 'NONE',  #1957 ) ;
#3483 = VECTOR ( 'NONE', #4906, 1000.000000000000114 ) ;
#3484 = CARTESIAN_POINT ( 'NONE',  ( 11.22110402070140900, -28.57499999999992113, 72.80235823994696887 ) ) ;
#3485 = ADVANCED_FACE ( 'NONE', ( #2987 ), #729, .T. ) ;
#3486 = CARTESIAN_POINT ( 'NONE',  ( -7.037803884397966669, -27.05099999999992377, -58.65662890339608282 ) ) ;
#3487 = VECTOR ( 'NONE', #4454, 1000.000000000000000 ) ;
#3488 = CIRCLE ( 'NONE', #2041, 2.000000000000001332 ) ;
#3489 = CARTESIAN_POINT ( 'NONE',  ( 9.525000000000177991, -27.05099999999993088, 68.79076378499432565 ) ) ;
#3490 = ORIENTED_EDGE ( 'NONE', *, *, #2891, .F. ) ;
#3491 = DIRECTION ( 'NONE',  ( -0.1736481776669339949, -1.205928582073540328E-15, -0.9848077530122074652 ) ) ;
#3492 = CIRCLE ( 'NONE', #2923, 19.50000000000000355 ) ;
#3493 = ORIENTED_EDGE ( 'NONE', *, *, #2653, .T. ) ;
#3494 = CARTESIAN_POINT ( 'NONE',  ( -3.471961550595603629, -3.175000000000031797, 70.11758435624940944 ) ) ;
#3495 = ORIENTED_EDGE ( 'NONE', *, *, #970, .F. ) ;
#3496 =( BOUNDED_SURFACE ( )  B_SPLINE_SURFACE ( 3, 2, ( 
 ( #2225, #4181, #3303 ),
 ( #2999, #3785, #1886 ),
 ( #3410, #3475, #2704 ),
 ( #1239, #1585, #809 ),
 ( #3814, #4664, #4275 ),
 ( #1948, #2269, #830 ),
 ( #2754, #3500, #849 ),
 ( #3047, #4569, #109 ),
 ( #1560, #1606, #3024 ),
 ( #1171, #3068, #3115 ),
 ( #1200, #3094, #2316 ),
 ( #4300, #1974, #4622 ),
 ( #2679, #874, #3859 ),
 ( #4252, #456, #86 ),
 ( #4642, #2372, #509 ),
 ( #2727, #483, #1147 ) ),
 .UNSPECIFIED., .F., .F., .T. ) 
 B_SPLINE_SURFACE_WITH_KNOTS ( ( 4, 2, 2, 2, 2, 2, 2, 4 ),
 ( 3, 3 ),
 ( 0.003311873272900036670, 0.003845958124786340131, 0.004113000550729491861, 0.004380042976672643591, 0.004647085402615795321, 0.004914127828558947052, 0.005181170254502098782, 0.005448212680445250512 ),
 ( 0.000000000000000000, 1.000000000000000000 ),
 .UNSPECIFIED. ) 
 GEOMETRIC_REPRESENTATION_ITEM ( )  RATIONAL_B_SPLINE_SURFACE ( (
 ( 1.000000000000000000, 0.7158910531638167374, 1.000000000000000000),
 ( 1.000000000000000000, 0.7158518934498467878, 1.000000000000000000),
 ( 1.000000000000000000, 0.7164179997651995979, 1.000000000000000000),
 ( 1.000000000000000000, 0.7169851531652483567, 1.000000000000000000),
 ( 1.000000000000000000, 0.7171180504566306846, 1.000000000000000000),
 ( 1.000000000000000000, 0.7169525766904912834, 1.000000000000000000),
 ( 1.000000000000000000, 0.7166537730445454724, 1.000000000000000000),
 ( 1.000000000000000000, 0.7153243296148890096, 1.000000000000000000),
 ( 1.000000000000000000, 0.7143132244106172868, 1.000000000000000000),
 ( 1.000000000000000000, 0.7113651921319198435, 1.000000000000000000),
 ( 1.000000000000000000, 0.7094479056573063103, 1.000000000000000000),
 ( 1.000000000000000000, 0.7047712709657368846, 1.000000000000000000),
 ( 1.000000000000000000, 0.7019617564196767301, 1.000000000000000000),
 ( 1.000000000000000000, 0.6958156059855564735, 1.000000000000000000),
 ( 1.000000000000000000, 0.6924290196756773819, 1.000000000000000000),
 ( 1.000000000000000000, 0.6889166875095956710, 1.000000000000000000) ) ) 
 REPRESENTATION_ITEM ( '' )  SURFACE ( )  );
#3497 = EDGE_CURVE ( 'NONE', #2085, #1282, #2217, .T. ) ;
#3498 = DIRECTION ( 'NONE',  ( 0.9848077530122081313, 0.000000000000000000, 0.1736481776669301647 ) ) ;
#3499 = EDGE_LOOP ( 'NONE', ( #1116, #3433 ) ) ;
#3500 = CARTESIAN_POINT ( 'NONE',  ( 9.806016878317691976, -27.94261445455952497, 15.50796065593500295 ) ) ;
#3501 = CARTESIAN_POINT ( 'NONE',  ( 5.538538462701119158, -15.87499999999008082, -21.44501757591860880 ) ) ;
#3502 = ORIENTED_EDGE ( 'NONE', *, *, #3944, .T. ) ;
#3503 = CARTESIAN_POINT ( 'NONE',  ( -11.80990350865006278, -15.87499999999016786, -47.40440299599158180 ) ) ;
#3504 = EDGE_LOOP ( 'NONE', ( #1717, #2271, #636, #3522, #2201, #4647 ) ) ;
#3505 = FACE_OUTER_BOUND ( 'NONE', #532, .T. ) ;
#3506 = LINE ( 'NONE', #4349, #3534 ) ;
#3507 = B_SPLINE_CURVE_WITH_KNOTS ( 'NONE', 3,
 ( #4298, #2724, #1994, #1236, #4324, #4712, #3930, #3092, #83, #917, #1945, #4272, #2751, #507 ),
 .UNSPECIFIED., .F., .F.,
 ( 4, 2, 2, 2, 2, 2, 4 ),
 ( 1.097135458930219287E-17, 0.0002615212758343446963, 0.0005230425516686784421, 0.001046085103337345825, 0.001569127655006012992, 0.001830648930840346900, 0.002092170206674680375 ),
 .UNSPECIFIED. ) ;
#3508 = DIRECTION ( 'NONE',  ( -6.938893903907226800E-15, 1.000000000000000000, 7.116814260417668513E-16 ) ) ;
#3509 = EDGE_CURVE ( 'NONE', #1452, #1292, #3015, .T. ) ;
#3510 = CARTESIAN_POINT ( 'NONE',  ( -2.970418991859431035, -5.175000000000026468, -58.18417232558044105 ) ) ;
#3511 = ORIENTED_EDGE ( 'NONE', *, *, #2155, .F. ) ;
#3512 = LINE ( 'NONE', #3532, #3074 ) ;
#3513 = ORIENTED_EDGE ( 'NONE', *, *, #2851, .F. ) ;
#3514 = EDGE_CURVE ( 'NONE', #1267, #4571, #2643, .T. ) ;
#3515 = SURFACE_STYLE_USAGE ( .BOTH. , #3952 ) ;
#3516 = LINE ( 'NONE', #81, #1786 ) ;
#3517 = VERTEX_POINT ( 'NONE', #2259 ) ;
#3518 = FACE_OUTER_BOUND ( 'NONE', #3886, .T. ) ;
#3519 = EDGE_LOOP ( 'NONE', ( #1998, #2140, #2466, #4268, #3067, #3864, #604, #4904, #3281 ) ) ;
#3520 = CARTESIAN_POINT ( 'NONE',  ( 5.076148354279037100, -5.174999999999950973, -1.472532774757524532 ) ) ;
#3521 = FACE_OUTER_BOUND ( 'NONE', #1804, .T. ) ;
#3522 = ORIENTED_EDGE ( 'NONE', *, *, #3261, .T. ) ;
#3523 = CARTESIAN_POINT ( 'NONE',  ( 6.996523472651539954, -27.05099999999993088, 71.65883272942437543 ) ) ;
#3524 = EDGE_LOOP ( 'NONE', ( #1221, #402, #864, #2608 ) ) ;
#3525 = FACE_BOUND ( 'NONE', #3640, .T. ) ;
#3526 = LINE ( 'NONE', #2399, #1408 ) ;
#3527 = CARTESIAN_POINT ( 'NONE',  ( -10.02499074494402187, -27.00253567981423330, 54.43668982180106042 ) ) ;
#3528 = CARTESIAN_POINT ( 'NONE',  ( -11.04899999999980231, -28.57500000000024798, 68.47692006018803568 ) ) ;
#3529 = EDGE_LOOP ( 'NONE', ( #103, #1016, #896, #3101, #4325, #27 ) ) ;
#3530 = LINE ( 'NONE', #594, #3151 ) ;
#3531 = ORIENTED_EDGE ( 'NONE', *, *, #598, .F. ) ;
#3532 = CARTESIAN_POINT ( 'NONE',  ( 3.274999999999999911, 1.531241591557888623E-14, 0.8817831515842700085 ) ) ;
#3533 = ADVANCED_FACE ( 'NONE', ( #1482 ), #753, .F. ) ;
#3534 = VECTOR ( 'NONE', #303, 1000.000000000000000 ) ;
#3535 = ORIENTED_EDGE ( 'NONE', *, *, #2660, .F. ) ;
#3536 = FACE_OUTER_BOUND ( 'NONE', #3524, .T. ) ;
#3537 = AXIS2_PLACEMENT_3D ( 'NONE', #657, #3983, #1385 ) ;
#3538 = CARTESIAN_POINT ( 'NONE',  ( 3.364347963998287838, -3.324999999999978861, -1.170696180363744121 ) ) ;
#3539 = ADVANCED_FACE ( 'NONE', ( #428 ), #945, .T. ) ;
#3540 = ADVANCED_FACE ( 'NONE', ( #1551 ), #3446, .F. ) ;
#3541 = VECTOR ( 'NONE', #4141, 1000.000000000000114 ) ;
#3542 = FACE_BOUND ( 'NONE', #1443, .T. ) ;
#3543 = AXIS2_PLACEMENT_3D ( 'NONE', #93, #2321, #1612 ) ;
#3544 = ORIENTED_EDGE ( 'NONE', *, *, #4740, .T. ) ;
#3545 = DIRECTION ( 'NONE',  ( -0.1010228786433665371, 0.000000000000000000, 0.9948841027931885073 ) ) ;
#3546 = CARTESIAN_POINT ( 'NONE',  ( -12.67838672217969176, -28.55540708457709087, 54.83766956513697011 ) ) ;
#3547 = EDGE_LOOP ( 'NONE', ( #2950, #912, #4837, #658 ) ) ;
#3548 = DIRECTION ( 'NONE',  ( -0.1736481776669313859, 0.000000000000000000, -0.9848077530122079093 ) ) ;
#3549 = ORIENTED_EDGE ( 'NONE', *, *, #1225, .T. ) ;
#3550 = AXIS2_PLACEMENT_3D ( 'NONE', #2968, #3377, #2223 ) ;
#3551 = CARTESIAN_POINT ( 'NONE',  ( -9.524999999999815614, -27.05100000000007654, 15.05814893245790209 ) ) ;
#3552 = AXIS2_PLACEMENT_3D ( 'NONE', #712, #4892, #1810 ) ;
#3553 = LINE ( 'NONE', #212, #3563 ) ;
#3554 = CARTESIAN_POINT ( 'NONE',  ( -9.524999999999815614, -27.94373853094347027, 68.74564237878773554 ) ) ;
#3555 = AXIS2_PLACEMENT_3D ( 'NONE', #650, #4875, #291 ) ;
#3556 = LINE ( 'NONE', #4722, #2252 ) ;
#3557 = CARTESIAN_POINT ( 'NONE',  ( 3.390395190648328505, -3.324999999999978861, -1.022975017411912990 ) ) ;
#3558 = CIRCLE ( 'NONE', #2686, 2.000000000000000444 ) ;
#3559 = EDGE_CURVE ( 'NONE', #4225, #46, #1571, .T. ) ;
#3560 = CARTESIAN_POINT ( 'NONE',  ( -13.73410591713997420, -25.05099999999993088, -58.31709713252596572 ) ) ;
#3561 = CARTESIAN_POINT ( 'NONE',  ( -10.96063281692934765, -28.08750000000006963, 15.50609470244535437 ) ) ;
#3562 = SPHERICAL_SURFACE ( 'NONE', #2202, 2.000000000000000000 ) ;
#3563 = VECTOR ( 'NONE', #591, 999.9999999999998863 ) ;
#3564 = LINE ( 'NONE', #2485, #3878 ) ;
#3565 = VECTOR ( 'NONE', #4432, 1000.000000000000114 ) ;
#3566 = DIRECTION ( 'NONE',  ( 0.000000000000000000, 0.000000000000000000, -1.000000000000000000 ) ) ;
#3567 = EDGE_CURVE ( 'NONE', #3706, #3790, #4611, .T. ) ;
#3568 = DIRECTION ( 'NONE',  ( 1.000000000000000000, 6.761323784319051416E-15, 0.000000000000000000 ) ) ;
#3569 = ORIENTED_EDGE ( 'NONE', *, *, #2238, .F. ) ;
#3570 = PLANE ( 'NONE',  #2516 ) ;
#3571 = CARTESIAN_POINT ( 'NONE',  ( -9.642325426702957003, -26.44790274137753983, 15.61480612105022203 ) ) ;
#3572 = ORIENTED_EDGE ( 'NONE', *, *, #3176, .T. ) ;
#3573 = DIRECTION ( 'NONE',  ( 0.9848077530122075762, 0.000000000000000000, -0.1736481776669339949 ) ) ;
#3574 = DIRECTION ( 'NONE',  ( 1.000000000000000000, 6.920681583949467609E-15, -0.000000000000000000 ) ) ;
#3575 = ORIENTED_EDGE ( 'NONE', *, *, #1815, .T. ) ;
#3576 = EDGE_CURVE ( 'NONE', #3763, #1064, #1903, .T. ) ;
#3577 = CARTESIAN_POINT ( 'NONE',  ( 6.970476246001361176, -5.174999999999950973, -1.806553892376758341 ) ) ;
#3578 = CARTESIAN_POINT ( 'NONE',  ( -3.276975197684142138, -27.05099999999993088, 54.89732203086564510 ) ) ;
#3579 = DIRECTION ( 'NONE',  ( 0.000000000000000000, -1.000000000000000000, 0.000000000000000000 ) ) ;
#3580 = DIRECTION ( 'NONE',  ( 0.000000000000000000, 0.000000000000000000, -1.000000000000000000 ) ) ;
#3581 = FACE_OUTER_BOUND ( 'NONE', #1964, .T. ) ;
#3582 = CARTESIAN_POINT ( 'NONE',  ( 7.577228069776594133, -3.324999999999979305, -1.761226617719546139 ) ) ;
#3583 = EDGE_LOOP ( 'NONE', ( #1139, #481, #1936 ) ) ;
#3584 = CARTESIAN_POINT ( 'NONE',  ( -10.02755650574839841, -27.27673500160712905, 15.54248444888938785 ) ) ;
#3585 = CARTESIAN_POINT ( 'NONE',  ( -6.151744451434615790, -15.87499999999012346, 123.6315361501296906 ) ) ;
#3586 = LINE ( 'NONE', #1696, #3057 ) ;
#3587 = EDGE_CURVE ( 'NONE', #60, #3216, #4512, .T. ) ;
#3588 = DIRECTION ( 'NONE',  ( 0.1736481776669332455, 0.000000000000000000, 0.9848077530122075762 ) ) ;
#3589 = PRODUCT_DEFINITION_CONTEXT ( 'detailed design', #3400, 'design' ) ;
#3590 = CYLINDRICAL_SURFACE ( 'NONE', #223, 2.575000000000010392 ) ;
#3591 = CARTESIAN_POINT ( 'NONE',  ( 6.432826577685825775, -15.87499999999008082, -16.37325764790571725 ) ) ;
#3592 = ORIENTED_EDGE ( 'NONE', *, *, #1706, .T. ) ;
#3593 = B_SPLINE_CURVE_WITH_KNOTS ( 'NONE', 3,
 ( #1295, #3279, #2786, #2420 ),
 .UNSPECIFIED., .F., .F.,
 ( 4, 4 ),
 ( 0.000000000000000000, 4.457299031351189239E-05 ),
 .UNSPECIFIED. ) ;
#3594 = CARTESIAN_POINT ( 'NONE',  ( 5.076148354279037100, -5.174999999999950973, -1.472532774757524532 ) ) ;
#3595 = CARTESIAN_POINT ( 'NONE',  ( 3.447104020701226457, -3.174999999999974953, 73.13061018528402712 ) ) ;
#3596 = VERTEX_POINT ( 'NONE', #2694 ) ;
#3597 = CARTESIAN_POINT ( 'NONE',  ( 12.28740357568823605, 8.307911404382776731E-14, 72.59175764328334424 ) ) ;
#3598 = DIRECTION ( 'NONE',  ( 2.094073006735368885E-16, -1.000000000000000000, -1.187607817205041341E-15 ) ) ;
#3599 = EDGE_CURVE ( 'NONE', #1670, #517, #4244, .T. ) ;
#3600 = ORIENTED_EDGE ( 'NONE', *, *, #2567, .T. ) ;
#3601 = CYLINDRICAL_SURFACE ( 'NONE', #1253, 1.523999999999997579 ) ;
#3602 = DIRECTION ( 'NONE',  ( -6.938893903907226800E-15, 1.000000000000000000, 0.000000000000000000 ) ) ;
#3603 = DIRECTION ( 'NONE',  ( 0.9848077530122080203, 0.000000000000000000, 0.1736481776669309973 ) ) ;
#3604 = CARTESIAN_POINT ( 'NONE',  ( -12.69999999999980389, -28.57500000000008811, 54.99374902313146407 ) ) ;
#3605 = EDGE_CURVE ( 'NONE', #1134, #837, #2591, .T. ) ;
#3606 = ADVANCED_FACE ( 'NONE', ( #1854 ), #3753, .F. ) ;
#3607 = CARTESIAN_POINT ( 'NONE',  ( -18.23770608384872105, -15.87499999999020872, 118.8857315009219349 ) ) ;
#3608 = EDGE_LOOP ( 'NONE', ( #139, #4490, #4193, #3495 ) ) ;
#3609 = CARTESIAN_POINT ( 'NONE',  ( -10.87408747688330557, -28.07653056854769957, 15.50636006160370961 ) ) ;
#3610 = CARTESIAN_POINT ( 'NONE',  ( -15.70372142316456632, -5.175000000000108180, -57.96980077719209135 ) ) ;
#3611 = ORIENTED_EDGE ( 'NONE', *, *, #2163, .T. ) ;
#3612 = CARTESIAN_POINT ( 'NONE',  ( 3.274999999999999911, -27.05099999999993088, 15.05814893245790920 ) ) ;
#3613 = CARTESIAN_POINT ( 'NONE',  ( -9.874153849447091957, -26.78218696587025605, 54.43812154566518302 ) ) ;
#3614 = VERTEX_POINT ( 'NONE', #546 ) ;
#3615 = VECTOR ( 'NONE', #1510, 999.9999999999998863 ) ;
#3616 = CARTESIAN_POINT ( 'NONE',  ( 9.698503969764891153, -27.05099999999993088, 72.13526479241352263 ) ) ;
#3617 = ORIENTED_EDGE ( 'NONE', *, *, #1061, .F. ) ;
#3618 = CIRCLE ( 'NONE', #2505, 1.999999999999999778 ) ;
#3619 = CARTESIAN_POINT ( 'NONE',  ( 22.49885716131608504, -15.87499999998996358, -24.43557936389873220 ) ) ;
#3620 = CARTESIAN_POINT ( 'NONE',  ( -10.37334648124290659, -28.42068673691071012, 54.99090353458676361 ) ) ;
#3621 = AXIS2_PLACEMENT_3D ( 'NONE', #4768, #1347, #4742 ) ;
#3622 = ORIENTED_EDGE ( 'NONE', *, *, #266, .T. ) ;
#3623 = EDGE_CURVE ( 'NONE', #1189, #2965, #717, .T. ) ;
#3624 = FACE_OUTER_BOUND ( 'NONE', #4660, .T. ) ;
#3625 = ORIENTED_EDGE ( 'NONE', *, *, #1873, .F. ) ;
#3626 = AXIS2_PLACEMENT_3D ( 'NONE', #3717, #4779, #321 ) ;
#3627 = FACE_OUTER_BOUND ( 'NONE', #3547, .T. ) ;
#3628 = ADVANCED_FACE ( 'NONE', ( #2385 ), #3562, .T. ) ;
#3629 = DIRECTION ( 'NONE',  ( -0.000000000000000000, -0.000000000000000000, -1.000000000000000000 ) ) ;
#3630 = CARTESIAN_POINT ( 'NONE',  ( 3.348669413685393170, -3.174999999999975397, 70.86947168615766657 ) ) ;
#3631 = CARTESIAN_POINT ( 'NONE',  ( -9.610873736160220560, -26.52965823767327791, 54.91216737841538986 ) ) ;
#3632 = CARTESIAN_POINT ( 'NONE',  ( -4.864746883581744008, 60.11135514537500057, -57.85015120796128230 ) ) ;
#3633 = AXIS2_PLACEMENT_3D ( 'NONE', #2946, #2651, #2267 ) ;
#3634 = AXIS2_PLACEMENT_3D ( 'NONE', #2046, #3958, #3990 ) ;
#3635 = VECTOR ( 'NONE', #4085, 1000.000000000000000 ) ;
#3636 = EDGE_CURVE ( 'NONE', #2035, #3438, #4288, .T. ) ;
#3637 = CARTESIAN_POINT ( 'NONE',  ( 10.11694799129751310, -27.51174070562199958, 54.47113859492337440 ) ) ;
#3638 = VERTEX_POINT ( 'NONE', #2329 ) ;
#3639 = DIRECTION ( 'NONE',  ( -0.1736481776669318577, -1.205928582073525537E-15, -0.9848077530122076872 ) ) ;
#3640 = EDGE_LOOP ( 'NONE', ( #3394, #743 ) ) ;
#3641 = DIRECTION ( 'NONE',  ( 2.094073006735369625E-16, -1.000000000000000000, 1.187607817205041144E-15 ) ) ;
#3642 = AXIS2_PLACEMENT_3D ( 'NONE', #120, #2359, #3128 ) ;
#3643 = LINE ( 'NONE', #1720, #216 ) ;
#3644 = CARTESIAN_POINT ( 'NONE',  ( 12.28740357568833552, -28.57499999999991758, 72.59175764328333003 ) ) ;
#3645 = CARTESIAN_POINT ( 'NONE',  ( 9.525000000000176215, -27.05099999999993088, 54.94185106754060399 ) ) ;
#3646 = VECTOR ( 'NONE', #19, 1000.000000000000114 ) ;
#3647 = VERTEX_POINT ( 'NONE', #1211 ) ;
#3648 = CARTESIAN_POINT ( 'NONE',  ( -9.565363211400406129, -27.45192467091548494, 54.96099069082348620 ) ) ;
#3649 = ORIENTED_EDGE ( 'NONE', *, *, #1623, .F. ) ;
#3650 = CARTESIAN_POINT ( 'NONE',  ( 10.02755650574875901, -27.27673500160698694, 15.54248444888938785 ) ) ;
#3651 = EDGE_LOOP ( 'NONE', ( #4625, #4505, #3502, #1644 ) ) ;
#3652 = LINE ( 'NONE', #1807, #1041 ) ;
#3653 = EDGE_CURVE ( 'NONE', #1685, #3216, #3512, .T. ) ;
#3654 = B_SPLINE_CURVE_WITH_KNOTS ( 'NONE', 3,
 ( #2932, #4165, #1895, #30, #2210, #1847, #796, #1528 ),
 .UNSPECIFIED., .F., .F.,
 ( 4, 2, 2, 4 ),
 ( 0.000000000000000000, 0.0002254158121605330219, 0.0004508316243210660438, 0.0009016632486421262329 ),
 .UNSPECIFIED. ) ;
#3655 = FACE_OUTER_BOUND ( 'NONE', #67, .T. ) ;
#3656 = LINE ( 'NONE', #4404, #805 ) ;
#3657 = DIRECTION ( 'NONE',  ( 0.1736481776669318577, 1.205928582073525340E-15, 0.9848077530122077983 ) ) ;
#3658 = ORIENTED_EDGE ( 'NONE', *, *, #1983, .F. ) ;
#3659 = CARTESIAN_POINT ( 'NONE',  ( -7.381616104373516229, -5.324999999999975309, 0.8764212103968147538 ) ) ;
#3660 = CARTESIAN_POINT ( 'NONE',  ( -0.2950204410700936197, -15.87499999999012346, 90.41640374763109378 ) ) ;
#3661 = CARTESIAN_POINT ( 'NONE',  ( 9.524986222727324758, -26.91886455934517386, 54.93506648378123458 ) ) ;
#3662 = DIRECTION ( 'NONE',  ( -0.9848077530122075762, -6.836577773956857628E-15, 0.1736481776669339949 ) ) ;
#3663 = ORIENTED_EDGE ( 'NONE', *, *, #3920, .F. ) ;
#3664 = DIRECTION ( 'NONE',  ( 0.000000000000000000, -1.000000000000000000, 0.000000000000000000 ) ) ;
#3665 = EDGE_CURVE ( 'NONE', #4299, #3614, #2405, .T. ) ;
#3666 = LINE ( 'NONE', #2512, #4827 ) ;
#3667 = CARTESIAN_POINT ( 'NONE',  ( -12.61293732459407835, -28.49210117518722996, 15.29116916473357435 ) ) ;
#3668 = DIRECTION ( 'NONE',  ( -1.000000000000000000, -8.405686134351572337E-15, 0.000000000000000000 ) ) ;
#3669 = EDGE_LOOP ( 'NONE', ( #1068, #971, #2336, #4175 ) ) ;
#3670 = EDGE_CURVE ( 'NONE', #3444, #2807, #1499, .T. ) ;
#3671 = ADVANCED_FACE ( 'NONE', ( #889 ), #4341, .T. ) ;
#3672 = ORIENTED_EDGE ( 'NONE', *, *, #2992, .T. ) ;
#3673 = DIRECTION ( 'NONE',  ( -1.000000000000000000, 0.000000000000000000, 0.000000000000000000 ) ) ;
#3674 = ORIENTED_EDGE ( 'NONE', *, *, #2992, .F. ) ;
#3675 = CARTESIAN_POINT ( 'NONE',  ( 3.375608954131021466, -26.97680513881956443, 15.37331497561937610 ) ) ;
#3676 = VERTEX_POINT ( 'NONE', #910 ) ;
#3677 = LINE ( 'NONE', #1780, #2448 ) ;
#3678 = CARTESIAN_POINT ( 'NONE',  ( 11.23667321446463241, -28.57499999999992113, 72.40648553115005370 ) ) ;
#3679 = CARTESIAN_POINT ( 'NONE',  ( 3.353735655167379814, -27.05099999999993443, 70.91936457357937229 ) ) ;
#3680 = DIRECTION ( 'NONE',  ( 0.000000000000000000, -1.000000000000000000, -0.000000000000000000 ) ) ;
#3681 = CARTESIAN_POINT ( 'NONE',  ( 11.04900000000018423, -28.57499999999992113, 15.00625097686704379 ) ) ;
#3682 = DIRECTION ( 'NONE',  ( -0.9848077530122081313, 4.880709348151968986E-16, -0.1736481776669298038 ) ) ;
#3683 = DIRECTION ( 'NONE',  ( 1.000000000000000000, 6.920681583949466820E-15, 0.000000000000000000 ) ) ;
#3684 = DIRECTION ( 'NONE',  ( 0.000000000000000000, -1.000000000000000000, 0.000000000000000000 ) ) ;
#3685 = ORIENTED_EDGE ( 'NONE', *, *, #3834, .T. ) ;
#3686 = DIRECTION ( 'NONE',  ( -0.9848077530122079093, -6.832622436092476642E-15, -0.1736481776669318577 ) ) ;
#3687 = DIRECTION ( 'NONE',  ( 0.1736481776669318577, -0.000000000000000000, -0.9848077530122077983 ) ) ;
#3688 = DIRECTION ( 'NONE',  ( -0.9848077530122076872, -6.833476513896981349E-15, 0.1736481776669326349 ) ) ;
#3689 = DIRECTION ( 'NONE',  ( -0.1736481776669312471, -1.204775684477109478E-15, 0.9848077530122080203 ) ) ;
#3690 = EDGE_CURVE ( 'NONE', #1995, #3730, #4728, .T. ) ;
#3691 = FACE_OUTER_BOUND ( 'NONE', #264, .T. ) ;
#3692 = LINE ( 'NONE', #1440, #2619 ) ;
#3694 = EDGE_LOOP ( 'NONE', ( #4242, #2009 ) ) ;
#3693 = EDGE_CURVE ( 'NONE', #1134, #985, #10, .T. ) ;
#3695 = ADVANCED_FACE ( 'NONE', ( #1965 ), #446, .F. ) ;
#3696 = CARTESIAN_POINT ( 'NONE',  ( -10.84936053142968504, -28.56512500111824693, 54.99358621891645527 ) ) ;
#3697 = EDGE_LOOP ( 'NONE', ( #1322, #1152, #3085, #3453 ) ) ;
#3698 = CARTESIAN_POINT ( 'NONE',  ( 3.350432837954362864, -3.174999999999976730, -1.015928576419379503 ) ) ;
#3699 = DIRECTION ( 'NONE',  ( -0.9848077530122073542, 0.000000000000000000, 0.1736481776669340227 ) ) ;
#3700 = VERTEX_POINT ( 'NONE', #3904 ) ;
#3701 = AXIS2_PLACEMENT_3D ( 'NONE', #963, #3184, #4705 ) ;
#3702 = CARTESIAN_POINT ( 'NONE',  ( 3.307829974965634356, -27.03331721057195125, 54.74925177354725747 ) ) ;
#3703 = CARTESIAN_POINT ( 'NONE',  ( -12.69999999999980389, -28.57500000000008811, 14.99999999999925038 ) ) ;
#3704 = CARTESIAN_POINT ( 'NONE',  ( 3.274999999999999911, -27.05099999999993088, 0.8817831515842564638 ) ) ;
#3705 = DIRECTION ( 'NONE',  ( 0.9848077530122080203, 0.000000000000000000, -0.1736481776669315524 ) ) ;
#3706 = VERTEX_POINT ( 'NONE', #2010 ) ;
#3707 = DIRECTION ( 'NONE',  ( 6.938893903907222067E-15, -1.000000000000000000, 0.000000000000000000 ) ) ;
#3708 = VECTOR ( 'NONE', #1811, 1000.000000000000114 ) ;
#3709 = CARTESIAN_POINT ( 'NONE',  ( 9.535435003795706521, -26.82644158671931933, 54.42201247805320463 ) ) ;
#3710 = UNCERTAINTY_MEASURE_WITH_UNIT (LENGTH_MEASURE( 1.000000000000000082E-05 ), #4319, 'distance_accuracy_value', 'NONE');
#3711 = AXIS2_PLACEMENT_3D ( 'NONE', #4715, #4351, #484 ) ;
#3712 = CARTESIAN_POINT ( 'NONE',  ( -9.426572841651736923, -25.05099999999994864, 1.084688265777728811 ) ) ;
#3713 = ORIENTED_EDGE ( 'NONE', *, *, #2957, .T. ) ;
#3714 = CARTESIAN_POINT ( 'NONE',  ( 12.56932229508429089, -28.44962004270032097, 54.65676215084703671 ) ) ;
#3715 = ADVANCED_FACE ( 'NONE', ( #4654 ), #1231, .T. ) ;
#3716 = VECTOR ( 'NONE', #710, 1000.000000000000227 ) ;
#3717 = CARTESIAN_POINT ( 'NONE',  ( 3.348669413686166330, -114.6022714177931334, 70.86947168615766657 ) ) ;
#3718 = CARTESIAN_POINT ( 'NONE',  ( 11.14188357736826696, -28.57499999999992113, -2.777532527921541039 ) ) ;
#3719 = ORIENTED_EDGE ( 'NONE', *, *, #2276, .F. ) ;
#3720 = DIRECTION ( 'NONE',  ( -0.1736481776669334676, 0.000000000000000000, 0.9848077530122075762 ) ) ;
#3721 = DIRECTION ( 'NONE',  ( 0.9848077530122074652, -2.079754006900184523E-16, -0.1736481776669340782 ) ) ;
#3722 = AXIS2_PLACEMENT_3D ( 'NONE', #3344, #1921, #404 ) ;
#3723 = AXIS2_PLACEMENT_3D ( 'NONE', #1130, #3741, #1841 ) ;
#3724 = ORIENTED_EDGE ( 'NONE', *, *, #1684, .T. ) ;
#3725 = CIRCLE ( 'NONE', #1027, 0.5000000000000004441 ) ;
#3726 = CARTESIAN_POINT ( 'NONE',  ( 7.551180843126553910, -3.324999999999979305, -1.908947780671377270 ) ) ;
#3727 = ORIENTED_EDGE ( 'NONE', *, *, #4334, .T. ) ;
#3728 = FACE_BOUND ( 'NONE', #4448, .T. ) ;
#3729 = AXIS2_PLACEMENT_3D ( 'NONE', #2902, #3662, #936 ) ;
#3730 = VERTEX_POINT ( 'NONE', #176 ) ;
#3731 = VECTOR ( 'NONE', #537, 1000.000000000000000 ) ;
#3732 = EDGE_CURVE ( 'NONE', #2525, #1931, #4677, .T. ) ;
#3733 = CARTESIAN_POINT ( 'NONE',  ( 3.375614567016731460, -26.97680028925766749, 54.62667686393241695 ) ) ;
#3734 = DIRECTION ( 'NONE',  ( 0.1736481776669298038, 1.174091553763073032E-15, -0.9848077530122082424 ) ) ;
#3735 = ORIENTED_EDGE ( 'NONE', *, *, #2198, .T. ) ;
#3736 = AXIS2_PLACEMENT_3D ( 'NONE', #4154, #3277, #2892 ) ;
#3737 = CARTESIAN_POINT ( 'NONE',  ( -7.430910108977439421, -5.175000000000054889, 69.11488692660384459 ) ) ;
#3738 = CARTESIAN_POINT ( 'NONE',  ( -13.73410591714013762, -5.175000000000093081, -58.31709713252595861 ) ) ;
#3739 = VERTEX_POINT ( 'NONE', #2740 ) ;
#3740 = CARTESIAN_POINT ( 'NONE',  ( -9.351231610397931604, -27.05099999999992733, 1.223717565730709111 ) ) ;
#3741 = DIRECTION ( 'NONE',  ( 1.000000000000000000, 6.938893903907222856E-15, -1.735265831305161399E-16 ) ) ;
#3742 = ORIENTED_EDGE ( 'NONE', *, *, #4576, .T. ) ;
#3743 = EDGE_CURVE ( 'NONE', #2824, #3016, #4144, .T. ) ;
#3744 = AXIS2_PLACEMENT_3D ( 'NONE', #823, #3371, #448 ) ;
#3745 = CARTESIAN_POINT ( 'NONE',  ( 9.611304146483989896, -27.57386687235656453, 54.96577946010965832 ) ) ;
#3746 = CARTESIAN_POINT ( 'NONE',  ( 17.53642126593625505, -15.87499999998996358, -52.57895183838444808 ) ) ;
#3747 = ORIENTED_EDGE ( 'NONE', *, *, #1151, .T. ) ;
#3748 = CARTESIAN_POINT ( 'NONE',  ( -12.67395277334976633, -28.57500000000026219, 68.19039704386939604 ) ) ;
#3749 = DIRECTION ( 'NONE',  ( -6.938226849142563131E-15, 1.000000000000000000, 1.135382491375384314E-18 ) ) ;
#3750 = FACE_OUTER_BOUND ( 'NONE', #3436, .T. ) ;
#3751 = VERTEX_POINT ( 'NONE', #3086 ) ;
#3752 = FACE_OUTER_BOUND ( 'NONE', #1480, .T. ) ;
#3753 = PLANE ( 'NONE',  #3889 ) ;
#3754 = EDGE_CURVE ( 'NONE', #2669, #1282, #1646, .T. ) ;
#3755 = VERTEX_POINT ( 'NONE', #3947 ) ;
#3756 = ORIENTED_EDGE ( 'NONE', *, *, #3424, .T. ) ;
#3757 = LINE ( 'NONE', #3406, #15 ) ;
#3758 = DIRECTION ( 'NONE',  ( -6.942122096537190633E-15, 1.000000000000000000, -4.485452791683125472E-19 ) ) ;
#3759 = CYLINDRICAL_SURFACE ( 'NONE', #2110, 2.575000000000013944 ) ;
#3760 = ORIENTED_EDGE ( 'NONE', *, *, #3283, .T. ) ;
#3761 = ADVANCED_FACE ( 'NONE', ( #862, #1988, #3976 ), #3233, .F. ) ;
#3762 = DIRECTION ( 'NONE',  ( 2.094073006735368885E-16, -1.000000000000000000, -1.187607817205041341E-15 ) ) ;
#3763 = VERTEX_POINT ( 'NONE', #577 ) ;
#3764 = CARTESIAN_POINT ( 'NONE',  ( -3.445914323945513225, -5.175000000000031797, 0.03013680670213760363 ) ) ;
#3765 = DIRECTION ( 'NONE',  ( 0.1736481776669318022, 0.000000000000000000, 0.9848077530122077983 ) ) ;
#3766 = EDGE_LOOP ( 'NONE', ( #394, #2459, #6, #3413 ) ) ;
#3767 = CARTESIAN_POINT ( 'NONE',  ( 3.367883577368086190, -3.174999999999975842, -2.965230566795105549 ) ) ;
#3768 = LINE ( 'NONE', #371, #4670 ) ;
#3769 = EDGE_CURVE ( 'NONE', #2669, #172, #3558, .T. ) ;
#3770 = EDGE_CURVE ( 'NONE', #460, #2756, #1423, .T. ) ;
#3771 = FACE_OUTER_BOUND ( 'NONE', #3529, .T. ) ;
#3772 = ORIENTED_EDGE ( 'NONE', *, *, #3743, .F. ) ;
#3773 = CARTESIAN_POINT ( 'NONE',  ( -26.23096348929811228, -25.05099999999992733, -54.08271074471207385 ) ) ;
#3774 = DIRECTION ( 'NONE',  ( 0.9848077530122085754, 6.989212798655314127E-15, 0.1736481776669273336 ) ) ;
#3775 = ORIENTED_EDGE ( 'NONE', *, *, #1862, .F. ) ;
#3776 = DIRECTION ( 'NONE',  ( -0.9848077530122076872, -6.832622436092475853E-15, 0.1736481776669318577 ) ) ;
#3777 = DIRECTION ( 'NONE',  ( -0.1736481776669340504, 0.000000000000000000, -0.9848077530122073542 ) ) ;
#3778 = ORIENTED_EDGE ( 'NONE', *, *, #675, .T. ) ;
#3779 = DIRECTION ( 'NONE',  ( 0.9848077530122073542, 3.221050460991739009E-17, -0.1736481776669339949 ) ) ;
#3780 = VERTEX_POINT ( 'NONE', #2060 ) ;
#3781 = CARTESIAN_POINT ( 'NONE',  ( 3.283749895891757919, -27.05099999999993088, 15.17889203852953806 ) ) ;
#3782 = FACE_OUTER_BOUND ( 'NONE', #974, .T. ) ;
#3783 = ORIENTED_EDGE ( 'NONE', *, *, #2326, .T. ) ;
#3784 = EDGE_CURVE ( 'NONE', #4402, #3438, #3309, .T. ) ;
#3785 = CARTESIAN_POINT ( 'NONE',  ( 10.78528965025001618, -28.57499995770409740, 15.49390339240809489 ) ) ;
#3786 = CARTESIAN_POINT ( 'NONE',  ( -11.04899999999980587, -28.08750000000006963, 15.50609470244534904 ) ) ;
#3787 = CIRCLE ( 'NONE', #1626, 2.000000000000000444 ) ;
#3788 = ORIENTED_EDGE ( 'NONE', *, *, #1828, .T. ) ;
#3789 = CARTESIAN_POINT ( 'NONE',  ( 10.15626146905677984, -28.57499999999992468, 1.047926614758707853 ) ) ;
#3790 = VERTEX_POINT ( 'NONE', #3585 ) ;
#3791 = EDGE_CURVE ( 'NONE', #4560, #1943, #3965, .T. ) ;
#3792 = VECTOR ( 'NONE', #1462, 1000.000000000000000 ) ;
#3793 = DIRECTION ( 'NONE',  ( -0.9848077530122079093, -6.832622436092476642E-15, 0.1736481776669318577 ) ) ;
#3794 = DIRECTION ( 'NONE',  ( 0.000000000000000000, -1.191994246915024429E-15, -1.000000000000000000 ) ) ;
#3795 = ORIENTED_EDGE ( 'NONE', *, *, #301, .F. ) ;
#3796 = APPLICATION_PROTOCOL_DEFINITION ( 'draft international standard', 'automotive_design', 1998, #3400 ) ;
#3797 = EDGE_CURVE ( 'NONE', #3032, #2511, #292, .T. ) ;
#3798 = AXIS2_PLACEMENT_3D ( 'NONE', #2539, #676, #1750 ) ;
#3799 = CARTESIAN_POINT ( 'NONE',  ( -17.39785257348826164, -5.175000000000124167, 125.6402265227593062 ) ) ;
#3800 = ORIENTED_EDGE ( 'NONE', *, *, #4725, .F. ) ;
#3801 = CARTESIAN_POINT ( 'NONE',  ( 7.577228069776599462, -5.324999999999978861, -1.761226617719544585 ) ) ;
#3802 = DIRECTION ( 'NONE',  ( 0.1736481776669340227, 1.174091553763101431E-15, 0.9848077530122075762 ) ) ;
#3803 = CIRCLE ( 'NONE', #474, 2.000000000000000000 ) ;
#3804 = VECTOR ( 'NONE', #4171, 1000.000000000000114 ) ;
#3805 = CIRCLE ( 'NONE', #4224, 2.000000000000000000 ) ;
#3806 = ORIENTED_EDGE ( 'NONE', *, *, #1483, .T. ) ;
#3807 = CARTESIAN_POINT ( 'NONE',  ( -15.35642506783069550, -28.65998555266133252, -56.00018527116764488 ) ) ;
#3808 = DIRECTION ( 'NONE',  ( -0.9848077530122079093, -6.832622436092476642E-15, 0.1736481776669318577 ) ) ;
#3809 = EDGE_LOOP ( 'NONE', ( #4641, #3817, #2645, #1173 ) ) ;
#3810 = VECTOR ( 'NONE', #3157, 1000.000000000000114 ) ;
#3811 = VECTOR ( 'NONE', #4527, 1000.000000000000000 ) ;
#3812 = DIRECTION ( 'NONE',  ( -1.000000000000000000, 0.000000000000000000, 0.000000000000000000 ) ) ;
#3813 = EDGE_LOOP ( 'NONE', ( #2849, #4694, #2664, #2564 ) ) ;
#3814 = CARTESIAN_POINT ( 'NONE',  ( 10.38728560581783178, -27.85598126860729806, 15.51316342385607072 ) ) ;
#3815 = CARTESIAN_POINT ( 'NONE',  ( -10.52052173278316261, -28.50419630511656877, 15.49422617443840622 ) ) ;
#3816 = AXIS2_PLACEMENT_3D ( 'NONE', #3431, #3808, #4199 ) ;
#3817 = ORIENTED_EDGE ( 'NONE', *, *, #641, .F. ) ;
#3818 = CARTESIAN_POINT ( 'NONE',  ( -10.04177840722425685, -28.19902318251174478, 15.01411026802516524 ) ) ;
#3819 = CARTESIAN_POINT ( 'NONE',  ( -9.351231610397931604, -5.324999999999975309, 1.223717565730683132 ) ) ;
#3820 = VERTEX_POINT ( 'NONE', #4363 ) ;
#3821 = EDGE_CURVE ( 'NONE', #3444, #1072, #1034, .T. ) ;
#3822 = AXIS2_PLACEMENT_3D ( 'NONE', #3520, #2779, #2866 ) ;
#3823 = LINE ( 'NONE', #2635, #1003 ) ;
#3824 = CARTESIAN_POINT ( 'NONE',  ( 12.69896424693334325, -28.57499999999991758, 15.08596643225926925 ) ) ;
#3825 = DIRECTION ( 'NONE',  ( 0.1736481776669340782, 1.174091553763101629E-15, 0.9848077530122074652 ) ) ;
#3826 = EDGE_LOOP ( 'NONE', ( #4234, #632, #1938, #1662 ) ) ;
#3827 = DIRECTION ( 'NONE',  ( 0.000000000000000000, 0.000000000000000000, 1.000000000000000000 ) ) ;
#3828 = AXIS2_PLACEMENT_3D ( 'NONE', #2152, #1690, #4817 ) ;
#3829 = DIRECTION ( 'NONE',  ( 0.1736481776669321353, 0.000000000000000000, -0.9848077530122077983 ) ) ;
#3830 = ORIENTED_EDGE ( 'NONE', *, *, #1625, .F. ) ;
#3831 = DIRECTION ( 'NONE',  ( 0.1736481776669318577, 1.205928582073525340E-15, 0.9848077530122076872 ) ) ;
#3832 = EDGE_CURVE ( 'NONE', #1255, #4066, #1402, .T. ) ;
#3833 = ORIENTED_EDGE ( 'NONE', *, *, #2743, .T. ) ;
#3834 = EDGE_CURVE ( 'NONE', #1149, #2525, #3080, .T. ) ;
#3835 = ORIENTED_EDGE ( 'NONE', *, *, #3791, .T. ) ;
#3836 = DIRECTION ( 'NONE',  ( -1.000000000000000000, -6.938893903907228378E-15, 0.000000000000000000 ) ) ;
#3837 = ORIENTED_EDGE ( 'NONE', *, *, #2862, .T. ) ;
#3838 = DIRECTION ( 'NONE',  ( 0.1736481776669298038, 1.174091553763073032E-15, -0.9848077530122082424 ) ) ;
#3839 = CARTESIAN_POINT ( 'NONE',  ( -9.548221515516544855, -27.34833577219370326, 15.53806762571352884 ) ) ;
#3840 = ORIENTED_EDGE ( 'NONE', *, *, #1806, .F. ) ;
#3841 = CARTESIAN_POINT ( 'NONE',  ( -1.000803485835017881, -5.175000000000013145, -58.53146868091432253 ) ) ;
#3842 = VERTEX_POINT ( 'NONE', #3610 ) ;
#3843 = PLANE ( 'NONE',  #147 ) ;
#3844 = PLANE ( 'NONE',  #1087 ) ;
#3845 = DIRECTION ( 'NONE',  ( -1.000000000000000000, -6.920681583949467609E-15, 0.000000000000000000 ) ) ;
#3846 = EDGE_LOOP ( 'NONE', ( #2469, #4119, #3903, #2318 ) ) ;
#3847 = CARTESIAN_POINT ( 'NONE',  ( -6.834362389606146060, -5.175000000000020250, -57.50285485262735108 ) ) ;
#3848 = ORIENTED_EDGE ( 'NONE', *, *, #3599, .F. ) ;
#3849 = DIRECTION ( 'NONE',  ( 0.9848077530122075762, 6.836577773956857628E-15, -0.1736481776669339949 ) ) ;
#3850 = VERTEX_POINT ( 'NONE', #651 ) ;
#3851 = ADVANCED_FACE ( 'NONE', ( #4773 ), #1356, .T. ) ;
#3852 = DIRECTION ( 'NONE',  ( -6.677850651179311667E-15, 1.000000000000000000, 0.000000000000000000 ) ) ;
#3853 = ORIENTED_EDGE ( 'NONE', *, *, #2931, .F. ) ;
#3854 = ORIENTED_EDGE ( 'NONE', *, *, #3108, .F. ) ;
#3855 = ADVANCED_FACE ( 'NONE', ( #964 ), #4078, .T. ) ;
#3856 = EDGE_CURVE ( 'NONE', #4704, #1953, #4850, .T. ) ;
#3857 = FACE_OUTER_BOUND ( 'NONE', #130, .T. ) ;
#3858 = ORIENTED_EDGE ( 'NONE', *, *, #2011, .F. ) ;
#3859 = CARTESIAN_POINT ( 'NONE',  ( 9.542646294918400329, -26.78472401708426887, 15.07244414463114701 ) ) ;
#3860 = CARTESIAN_POINT ( 'NONE',  ( -13.38680956180625969, -5.175000000000075318, 126.3474816265009792 ) ) ;
#3861 = ORIENTED_EDGE ( 'NONE', *, *, #1735, .F. ) ;
#3862 = CARTESIAN_POINT ( 'NONE',  ( -10.55786681315151476, -28.49714578361033901, 15.00761113853328155 ) ) ;
#3863 = DIRECTION ( 'NONE',  ( 2.094073006735369625E-16, -1.000000000000000000, 1.187607817205041144E-15 ) ) ;
#3864 = ORIENTED_EDGE ( 'NONE', *, *, #617, .T. ) ;
#3865 = CARTESIAN_POINT ( 'NONE',  ( 3.775000000000000799, -26.60160000000015401, 54.39988898009398355 ) ) ;
#3866 = CIRCLE ( 'NONE', #4120, 2.575000000000013944 ) ;
#3867 = LINE ( 'NONE', #2855, #85 ) ;
#3868 = EDGE_LOOP ( 'NONE', ( #4734, #4802, #1415 ) ) ;
#3869 = CARTESIAN_POINT ( 'NONE',  ( 2.848619677888718726, -25.05099999999992733, 95.18276411018584326 ) ) ;
#3870 = CARTESIAN_POINT ( 'NONE',  ( 9.672456743114850042, -27.05099999999993088, 72.28298595536536197 ) ) ;
#3871 = ORIENTED_EDGE ( 'NONE', *, *, #2351, .F. ) ;
#3872 = AXIS2_PLACEMENT_3D ( 'NONE', #890, #501, #2240 ) ;
#3873 = VECTOR ( 'NONE', #2949, 1000.000000000000114 ) ;
#3874 = ORIENTED_EDGE ( 'NONE', *, *, #3821, .F. ) ;
#3875 = ADVANCED_FACE ( 'NONE', ( #2458 ), #984, .F. ) ;
#3876 = VECTOR ( 'NONE', #4357, 1000.000000000000114 ) ;
#3877 = FACE_OUTER_BOUND ( 'NONE', #3519, .T. ) ;
#3878 = VECTOR ( 'NONE', #4084, 1000.000000000000000 ) ;
#3879 = VERTEX_POINT ( 'NONE', #4003 ) ;
#3880 = FACE_OUTER_BOUND ( 'NONE', #4254, .T. ) ;
#3881 = AXIS2_PLACEMENT_3D ( 'NONE', #1538, #4156, #1102 ) ;
#3882 = CARTESIAN_POINT ( 'NONE',  ( 11.04900000000018245, -28.57499999999992113, 68.72641390530641559 ) ) ;
#3883 = ORIENTED_EDGE ( 'NONE', *, *, #3017, .T. ) ;
#3884 = CARTESIAN_POINT ( 'NONE',  ( 11.04900000000017357, -27.05099999999992377, 70.00000000000000000 ) ) ;
#3885 = DIRECTION ( 'NONE',  ( -0.1736481776669340504, -1.174091553763101431E-15, -0.9848077530122073542 ) ) ;
#3886 = EDGE_LOOP ( 'NONE', ( #3191, #733, #1191, #1913, #3795 ) ) ;
#3887 = CARTESIAN_POINT ( 'NONE',  ( 3.087601830909814993, -27.05099999999993088, 71.23259955391758069 ) ) ;
#3888 = DIRECTION ( 'NONE',  ( -0.1010228786433665371, 0.000000000000000000, -0.9948841027931885073 ) ) ;
#3889 = AXIS2_PLACEMENT_3D ( 'NONE', #3368, #1877, #4317 ) ;
#3890 = EDGE_CURVE ( 'NONE', #3963, #172, #2131, .T. ) ;
#3891 = ORIENTED_EDGE ( 'NONE', *, *, #3082, .T. ) ;
#3892 = AXIS2_PLACEMENT_3D ( 'NONE', #3607, #2456, #1254 ) ;
#3893 =( BOUNDED_CURVE ( )  B_SPLINE_CURVE ( 3, ( #1754, #2164, #2913, #4834 ),
 .UNSPECIFIED., .F., .T. ) 
 B_SPLINE_CURVE_WITH_KNOTS ( ( 4, 4 ),
 ( 4.712388980384689674, 6.283185307179586232 ),
 .UNSPECIFIED. ) 
 CURVE ( )  GEOMETRIC_REPRESENTATION_ITEM ( )  RATIONAL_B_SPLINE_CURVE ( ( 1.000000000000000000, 0.8047378541243649375, 0.8047378541243649375, 1.000000000000000000 ) ) 
 REPRESENTATION_ITEM ( '' )  );
#3894 = CARTESIAN_POINT ( 'NONE',  ( 10.26514370925911734, -28.57499999999992468, -2.235178666828542049 ) ) ;
#3895 = VECTOR ( 'NONE', #1789, 1000.000000000000114 ) ;
#3896 = CIRCLE ( 'NONE', #2361, 2.000000000000000000 ) ;
#3897 = DIRECTION ( 'NONE',  ( 0.000000000000000000, -1.000000000000000000, 2.854923701127441463E-16 ) ) ;
#3898 = VERTEX_POINT ( 'NONE', #4798 ) ;
#3899 = EDGE_CURVE ( 'NONE', #3013, #774, #2770, .T. ) ;
#3900 = SHAPE_DEFINITION_REPRESENTATION ( #4174, #4681 ) ;
#3901 = AXIS2_PLACEMENT_3D ( 'NONE', #3217, #3195, #1732 ) ;
#3902 = LINE ( 'NONE', #1321, #3236 ) ;
#3903 = ORIENTED_EDGE ( 'NONE', *, *, #1530, .F. ) ;
#3904 = CARTESIAN_POINT ( 'NONE',  ( 4.327759254777962639, -3.324999999999978861, -1.340571584447372677 ) ) ;
#3905 = ORIENTED_EDGE ( 'NONE', *, *, #217, .T. ) ;
#3906 = CARTESIAN_POINT ( 'NONE',  ( 3.447104020701226457, -27.05099999999993088, 73.13061018528404134 ) ) ;
#3907 = FILL_AREA_STYLE_COLOUR ( '', #2424 ) ;
#3908 = AXIS2_PLACEMENT_3D ( 'NONE', #2707, #4572, #4553 ) ;
#3909 = CARTESIAN_POINT ( 'NONE',  ( -2.970418991859293811, -25.05099999999992733, 128.1841723255798797 ) ) ;
#3910 = ORIENTED_EDGE ( 'NONE', *, *, #3039, .F. ) ;
#3911 = LINE ( 'NONE', #2016, #4925 ) ;
#3912 = ORIENTED_EDGE ( 'NONE', *, *, #799, .F. ) ;
#3913 = CARTESIAN_POINT ( 'NONE',  ( 23.26054449743850583, -27.05099999999993088, 90.57901402232873522 ) ) ;
#3914 = CARTESIAN_POINT ( 'NONE',  ( -9.524986222726962382, -26.91886455934561440, 15.06493351621719334 ) ) ;
#3915 = VERTEX_POINT ( 'NONE', #268 ) ;
#3916 = EDGE_CURVE ( 'NONE', #2085, #756, #3285, .T. ) ;
#3917 = LINE ( 'NONE', #3819, #876 ) ;
#3918 = ORIENTED_EDGE ( 'NONE', *, *, #4718, .F. ) ;
#3919 = CARTESIAN_POINT ( 'NONE',  ( -6.768095520230905215, -27.05099999999993088, 149.7218661777224895 ) ) ;
#3920 = EDGE_CURVE ( 'NONE', #2577, #3059, #720, .T. ) ;
#3921 = CARTESIAN_POINT ( 'NONE',  ( 3.379528257343644260, -4.159134063252262870, -1.173372875655598335 ) ) ;
#3922 = CARTESIAN_POINT ( 'NONE',  ( -3.274999999999999911, 0.000000000000000000, 94.68047560319701006 ) ) ;
#3923 = EDGE_CURVE ( 'NONE', #4028, #1452, #3388, .T. ) ;
#3924 = VERTEX_POINT ( 'NONE', #3337 ) ;
#3925 = DIRECTION ( 'NONE',  ( -0.9848077530122073542, 0.000000000000000000, 0.1736481776669339672 ) ) ;
#3926 = CYLINDRICAL_SURFACE ( 'NONE', #1484, 2.000000000000001776 ) ;
#3927 = EDGE_LOOP ( 'NONE', ( #4304, #1976, #1047, #1035 ) ) ;
#3928 = CARTESIAN_POINT ( 'NONE',  ( 9.698694441280368395, -26.91928982584277463, 54.55389694035038417 ) ) ;
#3929 = DIRECTION ( 'NONE',  ( -0.9848077530122079093, -6.832622436092476642E-15, 0.1736481776669318855 ) ) ;
#3930 = CARTESIAN_POINT ( 'NONE',  ( 10.26110467677394311, -27.75034536653329909, 54.48313533814080500 ) ) ;
#3931 = ORIENTED_EDGE ( 'NONE', *, *, #202, .F. ) ;
#3932 = DIRECTION ( 'NONE',  ( -0.9848077530122079093, -6.832622436092476642E-15, -0.1736481776669318577 ) ) ;
#3933 = CARTESIAN_POINT ( 'NONE',  ( -9.521672339072608793, -26.95900576757166078, 15.56663636265958139 ) ) ;
#3934 = EDGE_LOOP ( 'NONE', ( #1475, #3685, #2514, #1095 ) ) ;
#3935 = CARTESIAN_POINT ( 'NONE',  ( -7.181658744939992012, -5.175000000000050449, 129.4724703586512078 ) ) ;
#3936 = ORIENTED_EDGE ( 'NONE', *, *, #2198, .F. ) ;
#3937 = ADVANCED_FACE ( 'NONE', ( #3771 ), #2119, .T. ) ;
#3938 = EDGE_CURVE ( 'NONE', #4423, #2224, #1133, .T. ) ;
#3939 = DIRECTION ( 'NONE',  ( -0.1736481776669318577, 0.000000000000000000, 0.9848077530122076872 ) ) ;
#3940 = CARTESIAN_POINT ( 'NONE',  ( -6.400323555777888807, -15.87499999999016786, -16.72515055749940771 ) ) ;
#3941 = CARTESIAN_POINT ( 'NONE',  ( 3.276975197684143026, -27.05099999999993088, 54.89732203086564510 ) ) ;
#3942 = CARTESIAN_POINT ( 'NONE',  ( -9.806016878317551644, -27.94261445455979143, 54.49203934406357064 ) ) ;
#3943 = CARTESIAN_POINT ( 'NONE',  ( -12.67395277334996528, -8.569269832778748872E-14, 1.809602956130140994 ) ) ;
#3944 = EDGE_CURVE ( 'NONE', #4494, #1263, #1456, .T. ) ;
#3945 = DIRECTION ( 'NONE',  ( 0.000000000000000000, -1.000000000000000000, 0.000000000000000000 ) ) ;
#3946 = ORIENTED_EDGE ( 'NONE', *, *, #3690, .F. ) ;
#3947 = CARTESIAN_POINT ( 'NONE',  ( -12.69999999999980389, -28.57500000000043272, 68.18580421503835964 ) ) ;
#3948 = CIRCLE ( 'NONE', #2972, 2.000000000000001776 ) ;
#3949 = CARTESIAN_POINT ( 'NONE',  ( 11.13617456239218839, -28.57499999999992113, -2.541078899048280881 ) ) ;
#3950 = EDGE_CURVE ( 'NONE', #4066, #3032, #4024, .T. ) ;
#3951 = ORIENTED_EDGE ( 'NONE', *, *, #3319, .T. ) ;
#3952 = SURFACE_SIDE_STYLE ('',( #225 ) ) ;
#3953 = CARTESIAN_POINT ( 'NONE',  ( 5.985682520193473799, -15.87499999999008082, -18.90913761191216125 ) ) ;
#3954 = VECTOR ( 'NONE', #1316, 999.9999999999998863 ) ;
#3955 = CARTESIAN_POINT ( 'NONE',  ( 10.31885721279808266, -28.57499999999992468, 72.61486873761873539 ) ) ;
#3956 = AXIS2_PLACEMENT_3D ( 'NONE', #2802, #1630, #585 ) ;
#3957 = VERTEX_POINT ( 'NONE', #1502 ) ;
#3958 = DIRECTION ( 'NONE',  ( -0.9848077530122080203, 0.000000000000000000, 0.1736481776669314137 ) ) ;
#3959 = CARTESIAN_POINT ( 'NONE',  ( 5.538538462701116494, -15.87499999999008082, 91.44501757591805813 ) ) ;
#3960 = VERTEX_POINT ( 'NONE', #1112 ) ;
#3961 = CARTESIAN_POINT ( 'NONE',  ( 9.697104020701404536, -27.05099999999993088, 72.86670811963486472 ) ) ;
#3962 = DIRECTION ( 'NONE',  ( -0.1736481776669214494, -1.204926281437600508E-15, -0.9848077530122095746 ) ) ;
#3963 = VERTEX_POINT ( 'NONE', #4189 ) ;
#3964 = AXIS2_PLACEMENT_3D ( 'NONE', #4228, #1927, #1125 ) ;
#3965 = B_SPLINE_CURVE_WITH_KNOTS ( 'NONE', 3,
 ( #672, #3205, #1765, #2510 ),
 .UNSPECIFIED., .F., .F.,
 ( 4, 4 ),
 ( 0.000000000000000000, 4.457299031351225153E-05 ),
 .UNSPECIFIED. ) ;
#3966 = DIRECTION ( 'NONE',  ( -0.1736481776669318855, 0.000000000000000000, -0.9848077530122079093 ) ) ;
#3967 = VECTOR ( 'NONE', #2654, 1000.000000000000114 ) ;
#3968 = EDGE_CURVE ( 'NONE', #1865, #3963, #647, .T. ) ;
#3969 = CARTESIAN_POINT ( 'NONE',  ( -10.15536920375329899, -26.60160000000024993, 54.39988898009397644 ) ) ;
#3970 = CYLINDRICAL_SURFACE ( 'NONE', #467, 2.000000000000001776 ) ;
#3971 = VECTOR ( 'NONE', #4509, 1000.000000000000000 ) ;
#3972 = LINE ( 'NONE', #570, #4158 ) ;
#3973 = VECTOR ( 'NONE', #1093, 1000.000000000000000 ) ;
#3974 = DIRECTION ( 'NONE',  ( -2.094073006735367899E-16, 1.000000000000000000, -1.187607817205041144E-15 ) ) ;
#3975 = CARTESIAN_POINT ( 'NONE',  ( -10.62179573556390721, -28.00048255822396470, 15.50841980081050409 ) ) ;
#3976 = FACE_OUTER_BOUND ( 'NONE', #1552, .T. ) ;
#3977 = VECTOR ( 'NONE', #2280, 1000.000000000000114 ) ;
#3978 = VECTOR ( 'NONE', #3629, 1000.000000000000000 ) ;
#3979 = ORIENTED_EDGE ( 'NONE', *, *, #1837, .T. ) ;
#3980 = CARTESIAN_POINT ( 'NONE',  ( -17.39785257348812308, -25.05099999999992733, -55.64022652275986047 ) ) ;
#3981 = ADVANCED_FACE ( 'NONE', ( #1084 ), #2582, .T. ) ;
#3982 = CIRCLE ( 'NONE', #3736, 2.575000000000013500 ) ;
#3983 = DIRECTION ( 'NONE',  ( 0.9848077530122079093, 6.832622436092476642E-15, -0.1736481776669318577 ) ) ;
#3984 = ADVANCED_FACE ( 'NONE', ( #771 ), #2250, .F. ) ;
#3985 = VECTOR ( 'NONE', #1192, 1000.000000000000000 ) ;
#3986 = DIRECTION ( 'NONE',  ( 6.677850651179312456E-15, -1.000000000000000000, 0.000000000000000000 ) ) ;
#3988 = ORIENTED_EDGE ( 'NONE', *, *, #1984, .T. ) ;
#3987 = EDGE_CURVE ( 'NONE', #4316, #529, #3654, .T. ) ;
#3989 = AXIS2_PLACEMENT_3D ( 'NONE', #1609, #1977, #1243 ) ;
#3990 = DIRECTION ( 'NONE',  ( 0.1736481776669312194, 0.000000000000000000, 0.9848077530122077983 ) ) ;
#3991 = CARTESIAN_POINT ( 'NONE',  ( -12.69896424693296488, -28.57500000000009166, 54.91403356773922440 ) ) ;
#3992 = VERTEX_POINT ( 'NONE', #3031 ) ;
#3993 = FACE_OUTER_BOUND ( 'NONE', #3868, .T. ) ;
#3994 = CARTESIAN_POINT ( 'NONE',  ( 10.26110467677395022, -27.75034536653330264, 15.51686466185771351 ) ) ;
#3995 = ORIENTED_EDGE ( 'NONE', *, *, #3346, .F. ) ;
#3996 = DIRECTION ( 'NONE',  ( 1.000000000000000000, 6.920681583949467609E-15, -0.000000000000000000 ) ) ;
#3997 = DIRECTION ( 'NONE',  ( 0.9848077530122073542, 6.904014602944644115E-15, 0.1736481776669342447 ) ) ;
#3998 = CARTESIAN_POINT ( 'NONE',  ( 3.274999999999999911, -27.05099999999993088, 54.92699346001265326 ) ) ;
#3999 = CARTESIAN_POINT ( 'NONE',  ( -9.542343949239642242, -27.31622948202160117, 54.95485845837752237 ) ) ;
#4000 = DIRECTION ( 'NONE',  ( 2.094073006735368146E-16, -1.000000000000000000, 1.187607817205041144E-15 ) ) ;
#4001 = B_SPLINE_CURVE_WITH_KNOTS ( 'NONE', 3,
 ( #901, #565, #1224, #3551 ),
 .UNSPECIFIED., .F., .F.,
 ( 4, 4 ),
 ( 0.000000000000000000, 4.457299031351232607E-05 ),
 .UNSPECIFIED. ) ;
#4002 = LINE ( 'NONE', #2032, #2991 ) ;
#4003 = CARTESIAN_POINT ( 'NONE',  ( -13.38680956180628634, -5.175000000000061107, -56.34748162650153347 ) ) ;
#4004 = FACE_OUTER_BOUND ( 'NONE', #259, .T. ) ;
#4005 = CARTESIAN_POINT ( 'NONE',  ( -2.970418991859437252, -3.175000000000019806, 128.1841723255798797 ) ) ;
#4006 = CARTESIAN_POINT ( 'NONE',  ( -10.51596270391336496, -28.50312062381788536, 54.99268146864359608 ) ) ;
#4007 = DIRECTION ( 'NONE',  ( 0.000000000000000000, -1.000000000000000000, 0.000000000000000000 ) ) ;
#4008 = EDGE_LOOP ( 'NONE', ( #2969, #4579, #4806, #1880 ) ) ;
#4009 = EDGE_CURVE ( 'NONE', #2310, #3209, #1154, .T. ) ;
#4010 = CARTESIAN_POINT ( 'NONE',  ( -2.970418991859430591, -5.175000000000026468, 128.1841723255798797 ) ) ;
#4011 = ORIENTED_EDGE ( 'NONE', *, *, #2975, .T. ) ;
#4012 = PLANE ( 'NONE',  #4296 ) ;
#4013 = CARTESIAN_POINT ( 'NONE',  ( -10.28582960522741807, -28.37389837094948675, 54.98994744688735636 ) ) ;
#4014 = EDGE_LOOP ( 'NONE', ( #4542, #184, #4532, #1549, #4749, #4091, #801, #132 ) ) ;
#4015 = CARTESIAN_POINT ( 'NONE',  ( -11.04899999999980587, -28.08750000000007319, 54.49390529755315526 ) ) ;
#4016 = EDGE_LOOP ( 'NONE', ( #4907, #1840, #829, #3861 ) ) ;
#4017 = EDGE_CURVE ( 'NONE', #4691, #327, #3240, .T. ) ;
#4018 = DIRECTION ( 'NONE',  ( 0.1736481776669318855, 0.000000000000000000, -0.9848077530122079093 ) ) ;
#4019 = DIRECTION ( 'NONE',  ( 0.1736481776669318855, 1.205928582073525537E-15, -0.9848077530122079093 ) ) ;
#4020 = FACE_OUTER_BOUND ( 'NONE', #621, .T. ) ;
#4021 = ORIENTED_EDGE ( 'NONE', *, *, #3429, .F. ) ;
#4022 = CARTESIAN_POINT ( 'NONE',  ( -9.525013793820873431, -27.18345305345969720, 54.94865195991941675 ) ) ;
#4023 = DIRECTION ( 'NONE',  ( 0.9991097432052220562, -2.452080022268597929E-17, -0.04218674000673096336 ) ) ;
#4024 =( BOUNDED_CURVE ( )  B_SPLINE_CURVE ( 3, ( #2954, #373, #1, #4213 ),
 .UNSPECIFIED., .F., .F. ) 
 B_SPLINE_CURVE_WITH_KNOTS ( ( 4, 4 ),
 ( 1.570796326794895892, 3.141592653589790896 ),
 .UNSPECIFIED. ) 
 CURVE ( )  GEOMETRIC_REPRESENTATION_ITEM ( )  RATIONAL_B_SPLINE_CURVE ( ( 1.000000000000000000, 0.8047378541243653816, 0.8047378541243653816, 1.000000000000000000 ) ) 
 REPRESENTATION_ITEM ( '' )  );
#4025 = FACE_OUTER_BOUND ( 'NONE', #4186, .T. ) ;
#4026 = ORIENTED_EDGE ( 'NONE', *, *, #4177, .T. ) ;
#4027 = CARTESIAN_POINT ( 'NONE',  ( 19.03993459586266468, -3.174999999999866596, 66.64274581982429879 ) ) ;
#4028 = VERTEX_POINT ( 'NONE', #693 ) ;
#4029 = DIRECTION ( 'NONE',  ( -0.1736481776669340227, -1.174091553763101629E-15, -0.9848077530122074652 ) ) ;
#4030 = CARTESIAN_POINT ( 'NONE',  ( 11.04900000000018423, -28.57499999999992113, 70.00000000000000000 ) ) ;
#4031 = VECTOR ( 'NONE', #3683, 1000.000000000000000 ) ;
#4032 = DIRECTION ( 'NONE',  ( 0.000000000000000000, -1.301042606982604138E-15, -1.000000000000000000 ) ) ;
#4033 = ADVANCED_FACE ( 'NONE', ( #49 ), #2178, .T. ) ;
#4034 = VECTOR ( 'NONE', #2775, 1000.000000000000114 ) ;
#4035 = ORIENTED_EDGE ( 'NONE', *, *, #2438, .T. ) ;
#4036 = VECTOR ( 'NONE', #4064, 1000.000000000000114 ) ;
#4037 = CARTESIAN_POINT ( 'NONE',  ( -9.717412435626167522, -27.81832865881560934, 54.97494158444005308 ) ) ;
#4038 = VECTOR ( 'NONE', #4098, 1000.000000000000000 ) ;
#4039 = ORIENTED_EDGE ( 'NONE', *, *, #3576, .F. ) ;
#4040 = CARTESIAN_POINT ( 'NONE',  ( 10.02386777620611902, -27.01593271401361562, 15.56222980754402485 ) ) ;
#4041 = ORIENTED_EDGE ( 'NONE', *, *, #2238, .T. ) ;
#4042 = VECTOR ( 'NONE', #2066, 1000.000000000000000 ) ;
#4043 = CARTESIAN_POINT ( 'NONE',  ( 10.55786681315189313, -28.49714578361018980, 15.00761113853328332 ) ) ;
#4044 = ADVANCED_FACE ( 'NONE', ( #2978 ), #2612, .T. ) ;
#4045 = CARTESIAN_POINT ( 'NONE',  ( 8.966138978675822102, -5.174999999999943867, 72.00612908475822849 ) ) ;
#4046 = CARTESIAN_POINT ( 'NONE',  ( 12.20000000000018225, -28.08749999999998082, 54.49390529755315526 ) ) ;
#4047 = VERTEX_POINT ( 'NONE', #441 ) ;
#4048 = FACE_OUTER_BOUND ( 'NONE', #1464, .T. ) ;
#4049 = AXIS2_PLACEMENT_3D ( 'NONE', #2701, #4250, #828 ) ;
#4050 = AXIS2_PLACEMENT_3D ( 'NONE', #4070, #763, #4500 ) ;
#4051 = CARTESIAN_POINT ( 'NONE',  ( 9.528313655228078716, -27.21864730419223477, 54.45320415194667163 ) ) ;
#4052 = EDGE_CURVE ( 'NONE', #711, #4365, #1935, .T. ) ;
#4053 = CARTESIAN_POINT ( 'NONE',  ( -3.471961550595617396, 60.11135514537507163, 70.11758435624948049 ) ) ;
#4054 = ORIENTED_EDGE ( 'NONE', *, *, #1775, .T. ) ;
#4055 = CARTESIAN_POINT ( 'NONE',  ( -12.70419162363476850, -15.87499999999016786, -52.47616292400446980 ) ) ;
#4056 = LINE ( 'NONE', #1407, #2342 ) ;
#4057 = ORIENTED_EDGE ( 'NONE', *, *, #211, .F. ) ;
#4058 = CIRCLE ( 'NONE', #2121, 2.000000000000000000 ) ;
#4059 = LINE ( 'NONE', #201, #4210 ) ;
#4060 = AXIS2_PLACEMENT_3D ( 'NONE', #1396, #2203, #2970 ) ;
#4061 = ORIENTED_EDGE ( 'NONE', *, *, #37, .T. ) ;
#4062 = DIRECTION ( 'NONE',  ( -1.000000000000000000, -6.938893903907222067E-15, -2.012279232133094462E-13 ) ) ;
#4063 = ORIENTED_EDGE ( 'NONE', *, *, #2094, .F. ) ;
#4064 = DIRECTION ( 'NONE',  ( -0.1736481776669318577, -1.205928582073525340E-15, 0.9848077530122076872 ) ) ;
#4065 = DIRECTION ( 'NONE',  ( -0.1736481776669314414, -1.205928582073522579E-15, 0.9848077530122079093 ) ) ;
#4066 = VERTEX_POINT ( 'NONE', #2006 ) ;
#4067 = DIRECTION ( 'NONE',  ( 1.000000000000000000, 0.000000000000000000, 0.000000000000000000 ) ) ;
#4068 = CARTESIAN_POINT ( 'NONE',  ( 11.04900000000018245, -28.57499999999992113, 1.069481190457824971 ) ) ;
#4069 = ADVANCED_FACE ( 'NONE', ( #3100 ), #855, .T. ) ;
#4070 = CARTESIAN_POINT ( 'NONE',  ( 17.08927720844390308, -15.87499999998996358, -55.11483180239090274 ) ) ;
#4071 = DIRECTION ( 'NONE',  ( -0.04218674000673096336, -2.852382085903943617E-16, -0.9991097432052220562 ) ) ;
#4072 = EDGE_LOOP ( 'NONE', ( #362, #1730, #683, #877 ) ) ;
#4073 = CARTESIAN_POINT ( 'NONE',  ( -10.11685814750574508, -26.66663351341865962, 54.40654402830713821 ) ) ;
#4074 = FACE_OUTER_BOUND ( 'NONE', #1831, .T. ) ;
#4075 = ADVANCED_FACE ( 'NONE', ( #2324 ), #115, .T. ) ;
#4076 = CARTESIAN_POINT ( 'NONE',  ( 9.620750581285479441, -27.59905339511261602, 54.47664608687529864 ) ) ;
#4077 = CARTESIAN_POINT ( 'NONE',  ( -10.11153444994234718, -26.67798556760542183, 15.59234090950509888 ) ) ;
#4078 = CYLINDRICAL_SURFACE ( 'NONE', #3729, 2.000000000000002665 ) ;
#4079 = EDGE_LOOP ( 'NONE', ( #2799, #3549, #652, #3480, #3342, #2417 ) ) ;
#4080 = DIRECTION ( 'NONE',  ( 2.092071021068805411E-16, -1.000000000000000000, 1.186472434713649886E-15 ) ) ;
#4081 = DIRECTION ( 'NONE',  ( -0.9848077530122073542, 0.000000000000000000, 0.1736481776669339949 ) ) ;
#4082 = EDGE_CURVE ( 'NONE', #4196, #473, #4263, .T. ) ;
#4083 = ADVANCED_FACE ( 'NONE', ( #1639 ), #494, .T. ) ;
#4084 = DIRECTION ( 'NONE',  ( 0.000000000000000000, 0.000000000000000000, -1.000000000000000000 ) ) ;
#4085 = DIRECTION ( 'NONE',  ( -6.941248134451975247E-15, 1.000000000000000000, -3.172551741487096860E-17 ) ) ;
#4086 = CARTESIAN_POINT ( 'NONE',  ( -3.274999999999999911, -27.05099999999993088, 54.94185106754059689 ) ) ;
#4087 =( BOUNDED_CURVE ( )  B_SPLINE_CURVE ( 3, ( #314, #1814, #3333, #488 ),
 .UNSPECIFIED., .F., .T. ) 
 B_SPLINE_CURVE_WITH_KNOTS ( ( 4, 4 ),
 ( -8.881784197001252323E-16, 1.396263401595460252 ),
 .UNSPECIFIED. ) 
 CURVE ( )  GEOMETRIC_REPRESENTATION_ITEM ( )  RATIONAL_B_SPLINE_CURVE ( ( 1.000000000000000000, 0.8440296287459858604, 0.8440296287459858604, 1.000000000000000000 ) ) 
 REPRESENTATION_ITEM ( '' )  );
#4088 = DIRECTION ( 'NONE',  ( 0.000000000000000000, 1.301042606982604138E-15, -1.000000000000000000 ) ) ;
#4089 = VERTEX_POINT ( 'NONE', #905 ) ;
#4090 = DIRECTION ( 'NONE',  ( 8.405686134351572337E-15, -1.000000000000000000, -0.000000000000000000 ) ) ;
#4091 = ORIENTED_EDGE ( 'NONE', *, *, #4838, .T. ) ;
#4092 = DIRECTION ( 'NONE',  ( -0.1736481776669313859, -1.205928582073522185E-15, -0.9848077530122079093 ) ) ;
#4093 = ORIENTED_EDGE ( 'NONE', *, *, #3890, .T. ) ;
#4094 = CARTESIAN_POINT ( 'NONE',  ( 3.351651161371479226, -27.05099999999993088, 70.86999744872434803 ) ) ;
#4095 = B_SPLINE_CURVE_WITH_KNOTS ( 'NONE', 3,
 ( #4176, #3349, #2916, #3324, #3675, #281, #3781, #1071 ),
 .UNSPECIFIED., .F., .F.,
 ( 4, 2, 2, 4 ),
 ( -4.472146854788449452E-06, 0.0004496504959697452601, 0.0006767118173820120975, 0.0009037731387942789891 ),
 .UNSPECIFIED. ) ;
#4096 = DIRECTION ( 'NONE',  ( -0.9848077530122072432, 0.000000000000000000, 0.1736481776669352162 ) ) ;
#4097 = CARTESIAN_POINT ( 'NONE',  ( 6.970476246001500620, -27.05099999999993088, -1.806553892376759674 ) ) ;
#4098 = DIRECTION ( 'NONE',  ( -0.1010228786433665371, -0.000000000000000000, -0.9948841027931885073 ) ) ;
#4099 = ORIENTED_EDGE ( 'NONE', *, *, #1772, .F. ) ;
#4100 = EDGE_CURVE ( 'NONE', #1242, #4047, #1816, .T. ) ;
#4101 = CARTESIAN_POINT ( 'NONE',  ( 9.705219650879675086, -26.33059206376968930, 54.37217178549850161 ) ) ;
#4102 = CARTESIAN_POINT ( 'NONE',  ( 9.630813715790665697, -27.94373853094333526, -2.123329174307428513 ) ) ;
#4103 = CARTESIAN_POINT ( 'NONE',  ( -3.259965356641570722, -27.05099999999993798, -0.1133521968930751439 ) ) ;
#4104 = ORIENTED_EDGE ( 'NONE', *, *, #1582, .F. ) ;
#4105 = DIRECTION ( 'NONE',  ( 0.9848077530122089085, 8.277984874496670034E-15, 0.1736481776669255572 ) ) ;
#4106 = CARTESIAN_POINT ( 'NONE',  ( -10.78528965025008013, -28.57499995770270829, 54.50609660759474906 ) ) ;
#4107 = CARTESIAN_POINT ( 'NONE',  ( -12.67838672217969176, -28.55540708457709442, 15.16233043486156795 ) ) ;
#4108 = CARTESIAN_POINT ( 'NONE',  ( -12.69999999999980389, -28.57500000000008811, 70.00000000000000000 ) ) ;
#4109 = VERTEX_POINT ( 'NONE', #3528 ) ;
#4110 = CYLINDRICAL_SURFACE ( 'NONE', #2025, 2.000000000000009770 ) ;
#4111 = LINE ( 'NONE', #3141, #4702 ) ;
#4112 = ADVANCED_FACE ( 'NONE', ( #4239 ), #1613, .F. ) ;
#4113 = PRODUCT_DEFINITION ( 'UNKNOWN', '', #387, #3589 ) ;
#4114 = ORIENTED_EDGE ( 'NONE', *, *, #2291, .T. ) ;
#4115 = EDGE_CURVE ( 'NONE', #4402, #4425, #4672, .T. ) ;
#4116 = DIRECTION ( 'NONE',  ( -0.02413729786597506796, -1.632000861504106530E-16, 0.9997086529843228764 ) ) ;
#4117 = EDGE_LOOP ( 'NONE', ( #2394, #2274, #2706 ) ) ;
#4118 = DIRECTION ( 'NONE',  ( 0.000000000000000000, -1.000000000000000000, 1.197682598713622758E-15 ) ) ;
#4119 = ORIENTED_EDGE ( 'NONE', *, *, #4391, .T. ) ;
#4120 = AXIS2_PLACEMENT_3D ( 'NONE', #4778, #249, #1007 ) ;
#4121 = CARTESIAN_POINT ( 'NONE',  ( -1.000803485834256268, -114.6022714177931761, -58.53146868091430832 ) ) ;
#4122 = FACE_OUTER_BOUND ( 'NONE', #4229, .T. ) ;
#4123 = AXIS2_PLACEMENT_3D ( 'NONE', #275, #4756, #2863 ) ;
#4124 = EDGE_LOOP ( 'NONE', ( #4198, #1605, #1848 ) ) ;
#4125 = CARTESIAN_POINT ( 'NONE',  ( -15.35642506783069550, -25.39829635533379459, -58.00018527116765199 ) ) ;
#4126 = PLANE ( 'NONE',  #1485 ) ;
#4127 = ORIENTED_EDGE ( 'NONE', *, *, #100, .F. ) ;
#4128 = CARTESIAN_POINT ( 'NONE',  ( -9.642325426704992708, -26.44790274137879038, 54.38519387894932322 ) ) ;
#4129 = DIRECTION ( 'NONE',  ( -1.000000000000000000, -6.938893903907222856E-15, -1.735265831305630771E-16 ) ) ;
#4130 = ORIENTED_EDGE ( 'NONE', *, *, #4533, .T. ) ;
#4131 = AXIS2_PLACEMENT_3D ( 'NONE', #592, #3200, #3445 ) ;
#4132 = EDGE_CURVE ( 'NONE', #2166, #1134, #2524, .T. ) ;
#4133 = CARTESIAN_POINT ( 'NONE',  ( 9.887245896234686526, -28.04606464175902758, 54.49553540264101770 ) ) ;
#4134 = AXIS2_PLACEMENT_3D ( 'NONE', #1008, #2513, #2213 ) ;
#4135 = DIRECTION ( 'NONE',  ( -0.9848077530122073542, -0.000000000000000000, -0.1736481776669340227 ) ) ;
#4136 = DIRECTION ( 'NONE',  ( -6.942122096537190633E-15, 1.000000000000000000, 4.485452791683125472E-19 ) ) ;
#4137 = ORIENTED_EDGE ( 'NONE', *, *, #2528, .T. ) ;
#4138 = CARTESIAN_POINT ( 'NONE',  ( 3.390395190648328505, -3.324999999999978861, -1.022975017411912990 ) ) ;
#4139 = DIRECTION ( 'NONE',  ( -0.9848077530122073542, 0.000000000000000000, -0.1736481776669340227 ) ) ;
#4140 = DIRECTION ( 'NONE',  ( 6.761323784319051416E-15, -1.000000000000000000, 0.000000000000000000 ) ) ;
#4141 = DIRECTION ( 'NONE',  ( -0.9848077530122076872, -6.832622436092475853E-15, -0.1736481776669318577 ) ) ;
#4142 = EDGE_CURVE ( 'NONE', #356, #1979, #2462, .T. ) ;
#4143 = DIRECTION ( 'NONE',  ( 0.9848077530122073542, 6.836577773956856839E-15, -0.1736481776669339672 ) ) ;
#4144 = CIRCLE ( 'NONE', #3407, 2.000000000000003109 ) ;
#4145 = AXIS2_PLACEMENT_3D ( 'NONE', #677, #51, #1548 ) ;
#4146 = DIRECTION ( 'NONE',  ( -0.9848077530122076872, -6.832622436092475853E-15, -0.1736481776669318577 ) ) ;
#4147 = AXIS2_PLACEMENT_3D ( 'NONE', #2428, #2836, #595 ) ;
#4148 = ADVANCED_FACE ( 'NONE', ( #3054 ), #1277, .F. ) ;
#4149 = VECTOR ( 'NONE', #366, 1000.000000000000000 ) ;
#4150 = CARTESIAN_POINT ( 'NONE',  ( -4.864746883581730685, -5.175000000000021139, -57.85015120796121124 ) ) ;
#4151 = ORIENTED_EDGE ( 'NONE', *, *, #3497, .F. ) ;
#4152 = VECTOR ( 'NONE', #1250, 1000.000000000000227 ) ;
#4153 = AXIS2_PLACEMENT_3D ( 'NONE', #2870, #4424, #3275 ) ;
#4154 = CARTESIAN_POINT ( 'NONE',  ( -12.25704756614238278, -15.87499999999016786, 119.9402829599974609 ) ) ;
#4155 = EDGE_CURVE ( 'NONE', #2488, #1471, #3458, .T. ) ;
#4156 = DIRECTION ( 'NONE',  ( -0.9848077530122080203, 0.000000000000000000, -0.1736481776669314692 ) ) ;
#4157 = ORIENTED_EDGE ( 'NONE', *, *, #2561, .T. ) ;
#4158 = VECTOR ( 'NONE', #4407, 1000.000000000000227 ) ;
#4159 = FACE_OUTER_BOUND ( 'NONE', #819, .T. ) ;
#4160 = CARTESIAN_POINT ( 'NONE',  ( 11.13617456239218839, -28.57499999999992113, -2.541078899048280881 ) ) ;
#4161 = ORIENTED_EDGE ( 'NONE', *, *, #574, .F. ) ;
#4162 = CARTESIAN_POINT ( 'NONE',  ( -17.39785257348826164, -5.175000000000124167, 125.6402265227593062 ) ) ;
#4163 = ORIENTED_EDGE ( 'NONE', *, *, #4142, .T. ) ;
#4164 = AXIS2_PLACEMENT_3D ( 'NONE', #2173, #2553, #4872 ) ;
#4165 = CARTESIAN_POINT ( 'NONE',  ( -3.283750140616690238, -27.05099999999993798, 15.17889479163860855 ) ) ;
#4166 = EDGE_LOOP ( 'NONE', ( #4552, #3248, #3296 ) ) ;
#4167 = CARTESIAN_POINT ( 'NONE',  ( -1.000803485834880657, -25.05099999999991311, 128.5314686809137470 ) ) ;
#4168 = CARTESIAN_POINT ( 'NONE',  ( 37.30000000000020322, -28.08749999999966818, 54.49390529755315526 ) ) ;
#4169 = ORIENTED_EDGE ( 'NONE', *, *, #4211, .F. ) ;
#4170 = FACE_OUTER_BOUND ( 'NONE', #2596, .T. ) ;
#4171 = DIRECTION ( 'NONE',  ( -0.9848077530122076872, -6.832622436092475853E-15, -0.1736481776669318577 ) ) ;
#4172 = ORIENTED_EDGE ( 'NONE', *, *, #665, .F. ) ;
#4173 = EDGE_CURVE ( 'NONE', #2024, #2826, #464, .T. ) ;
#4174 = PRODUCT_DEFINITION_SHAPE ( 'NONE', 'NONE',  #4113 ) ;
#4175 = ORIENTED_EDGE ( 'NONE', *, *, #3198, .F. ) ;
#4176 = CARTESIAN_POINT ( 'NONE',  ( 3.775000000000000799, -26.60160000000015046, 15.60011101990452609 ) ) ;
#4177 = EDGE_CURVE ( 'NONE', #774, #1426, #3867, .T. ) ;
#4178 = FACE_BOUND ( 'NONE', #1896, .T. ) ;
#4179 = LINE ( 'NONE', #4201, #1108 ) ;
#4180 = ORIENTED_EDGE ( 'NONE', *, *, #1772, .T. ) ;
#4181 = CARTESIAN_POINT ( 'NONE',  ( 11.04900000000018601, -28.57499999999991758, 15.49390339206539302 ) ) ;
#4182 = CARTESIAN_POINT ( 'NONE',  ( 10.37080978209930215, -28.38585437479851237, -2.406124438198634863 ) ) ;
#4183 = ORIENTED_EDGE ( 'NONE', *, *, #1213, .T. ) ;
#4184 = CARTESIAN_POINT ( 'NONE',  ( 16.64213315095155465, -15.87499999998996358, -57.65071176639735029 ) ) ;
#4185 = EDGE_CURVE ( 'NONE', #1196, #4277, #4358, .T. ) ;
#4186 = EDGE_LOOP ( 'NONE', ( #2347, #1733, #3461, #2383, #4792 ) ) ;
#4187 = CARTESIAN_POINT ( 'NONE',  ( 22.94600121880843702, -15.87499999998996358, -21.89969939989228820 ) ) ;
#4188 = DIRECTION ( 'NONE',  ( 0.9848077530122073542, -1.734723475976805911E-15, 0.1736481776669350774 ) ) ;
#4189 = CARTESIAN_POINT ( 'NONE',  ( 6.970476246001352294, -3.174999999999950528, -1.806553892376782988 ) ) ;
#4190 = EDGE_LOOP ( 'NONE', ( #431, #2961, #4206, #2732, #2709, #98, #2885 ) ) ;
#4191 = CARTESIAN_POINT ( 'NONE',  ( 12.31148655608096476, -28.19754977518001482, 54.49665740209974985 ) ) ;
#4192 = CARTESIAN_POINT ( 'NONE',  ( 9.985369391682059614, -27.99369637350569207, 72.33816089791268666 ) ) ;
#4193 = ORIENTED_EDGE ( 'NONE', *, *, #1376, .T. ) ;
#4194 = CARTESIAN_POINT ( 'NONE',  ( 10.37334648124328318, -28.42068673691056802, 54.99090353458676361 ) ) ;
#4195 = DIRECTION ( 'NONE',  ( 0.000000000000000000, -1.000000000000000000, 0.000000000000000000 ) ) ;
#4196 = VERTEX_POINT ( 'NONE', #4723 ) ;
#4197 = CARTESIAN_POINT ( 'NONE',  ( -18.68485014134107658, -15.87499999999020872, -51.42161146492895085 ) ) ;
#4198 = ORIENTED_EDGE ( 'NONE', *, *, #3017, .F. ) ;
#4199 = DIRECTION ( 'NONE',  ( 0.1736481776669318022, 0.000000000000000000, 0.9848077530122077983 ) ) ;
#4200 = ORIENTED_EDGE ( 'NONE', *, *, #2722, .F. ) ;
#4201 = CARTESIAN_POINT ( 'NONE',  ( 3.390395190648323620, -27.05099999999993443, 71.02297501741134056 ) ) ;
#4202 = ORIENTED_EDGE ( 'NONE', *, *, #3283, .F. ) ;
#4203 = LINE ( 'NONE', #786, #4381 ) ;
#4204 = CARTESIAN_POINT ( 'NONE',  ( -10.06418287166950165, -28.22160001592721201, 15.01350094651897926 ) ) ;
#4205 = AXIS2_PLACEMENT_3D ( 'NONE', #3953, #3929, #4658 ) ;
#4206 = ORIENTED_EDGE ( 'NONE', *, *, #2154, .F. ) ;
#4207 = CARTESIAN_POINT ( 'NONE',  ( -3.275000000000000355, -27.05099999999993088, 69.00055989519285049 ) ) ;
#4208 = VERTEX_POINT ( 'NONE', #2056 ) ;
#4209 = VECTOR ( 'NONE', #3405, 1000.000000000000000 ) ;
#4210 = VECTOR ( 'NONE', #3211, 1000.000000000000000 ) ;
#4211 = EDGE_CURVE ( 'NONE', #2207, #1943, #4385, .T. ) ;
#4212 = DIRECTION ( 'NONE',  ( -6.938026650575910531E-15, 1.000000000000000000, 0.000000000000000000 ) ) ;
#4213 = CARTESIAN_POINT ( 'NONE',  ( -13.38680956180625081, -27.05099999999993088, 126.3474816265009508 ) ) ;
#4214 = VERTEX_POINT ( 'NONE', #931 ) ;
#4215 = CIRCLE ( 'NONE', #3956, 2.000000000000001776 ) ;
#4216 = ADVANCED_FACE ( 'NONE', ( #1029 ), #1297, .T. ) ;
#4217 = LINE ( 'NONE', #2286, #475 ) ;
#4218 = ORIENTED_EDGE ( 'NONE', *, *, #762, .T. ) ;
#4219 = DIRECTION ( 'NONE',  ( 6.849862324403737924E-15, -1.000000000000000000, -1.561173344946849139E-17 ) ) ;
#4220 = CARTESIAN_POINT ( 'NONE',  ( 11.04900000000018423, -28.57499999999992113, 15.00625097686704379 ) ) ;
#4221 = ORIENTED_EDGE ( 'NONE', *, *, #1394, .T. ) ;
#4222 = CIRCLE ( 'NONE', #237, 2.575000000000013944 ) ;
#4223 = CIRCLE ( 'NONE', #21, 2.000000000000000888 ) ;
#4224 = AXIS2_PLACEMENT_3D ( 'NONE', #1089, #2214, #203 ) ;
#4225 = VERTEX_POINT ( 'NONE', #2898 ) ;
#4226 = PLANE ( 'NONE',  #2293 ) ;
#4227 = VECTOR ( 'NONE', #3888, 1000.000000000000114 ) ;
#4228 = CARTESIAN_POINT ( 'NONE',  ( -4.864746883581726244, -5.175000000000033573, 127.8501512079606499 ) ) ;
#4229 = EDGE_LOOP ( 'NONE', ( #13, #3617, #661, #1967 ) ) ;
#4230 = VECTOR ( 'NONE', #3260, 1000.000000000000227 ) ;
#4231 = CARTESIAN_POINT ( 'NONE',  ( 9.698503969764891153, -27.05099999999993088, 72.13526479241352263 ) ) ;
#4232 = CARTESIAN_POINT ( 'NONE',  ( -3.317715347193134434, -28.65998555266126147, -60.15378783160485199 ) ) ;
#4233 = AXIS2_PLACEMENT_3D ( 'NONE', #3940, #2873, #2475 ) ;
#4234 = ORIENTED_EDGE ( 'NONE', *, *, #3139, .T. ) ;
#4235 = DIRECTION ( 'NONE',  ( 0.000000000000000000, -1.000000000000000000, 1.197682598713622758E-15 ) ) ;
#4236 = ORIENTED_EDGE ( 'NONE', *, *, #34, .T. ) ;
#4237 = ADVANCED_FACE ( 'NONE', ( #3581 ), #2532, .F. ) ;
#4238 = DIRECTION ( 'NONE',  ( 0.1736481776669340504, 0.000000000000000000, 0.9848077530122073542 ) ) ;
#4239 = FACE_OUTER_BOUND ( 'NONE', #2349, .T. ) ;
#4240 = ADVANCED_FACE ( 'NONE', ( #4074 ), #2126, .T. ) ;
#4241 = LINE ( 'NONE', #818, #3318 ) ;
#4242 = ORIENTED_EDGE ( 'NONE', *, *, #4633, .F. ) ;
#4243 = AXIS2_PLACEMENT_3D ( 'NONE', #3003, #3573, #2805 ) ;
#4244 = LINE ( 'NONE', #3037, #3973 ) ;
#4245 = ORIENTED_EDGE ( 'NONE', *, *, #2487, .T. ) ;
#4246 = ADVANCED_FACE ( 'NONE', ( #4048 ), #265, .T. ) ;
#4247 = EDGE_CURVE ( 'NONE', #235, #1457, #3972, .T. ) ;
#4248 = CARTESIAN_POINT ( 'NONE',  ( 12.70000000000018758, -28.57499999999991402, 70.00000000000000000 ) ) ;
#4249 = ORIENTED_EDGE ( 'NONE', *, *, #2136, .F. ) ;
#4250 = DIRECTION ( 'NONE',  ( 0.9848077530122077983, 6.832622436092475853E-15, -0.1736481776669318855 ) ) ;
#4251 = EDGE_LOOP ( 'NONE', ( #1058, #873, #2219, #1632, #561, #1258, #2218, #1674 ) ) ;
#4252 = CARTESIAN_POINT ( 'NONE',  ( 10.08269993726078972, -26.74755956968058257, 15.58563680660607886 ) ) ;
#4253 = DIRECTION ( 'NONE',  ( 6.938226849142563131E-15, -1.000000000000000000, 1.135382491375466552E-18 ) ) ;
#4254 = EDGE_LOOP ( 'NONE', ( #2229, #2307, #3382, #442, #4202, #2985, #3531 ) ) ;
#4255 = DIRECTION ( 'NONE',  ( -0.1736481776669315524, 0.000000000000000000, 0.9848077530122077983 ) ) ;
#4256 = ORIENTED_EDGE ( 'NONE', *, *, #4498, .F. ) ;
#4257 = B_SPLINE_CURVE_WITH_KNOTS ( 'NONE', 3,
 ( #1527, #2636, #1501, #2279, #3077, #4262, #3824, #422 ),
 .UNSPECIFIED., .F., .F.,
 ( 4, 2, 2, 4 ),
 ( -4.472146854296300440E-06, 0.0004668104192386663093, 0.0007024517022851492921, 0.0009380929853316324375 ),
 .UNSPECIFIED. ) ;
#4258 = DIRECTION ( 'NONE',  ( 0.1736481776669340782, 1.174091553763101629E-15, 0.9848077530122074652 ) ) ;
#4259 = LINE ( 'NONE', #3120, #2262 ) ;
#4260 = DIRECTION ( 'NONE',  ( -1.000000000000000000, -6.938026650575910531E-15, 0.000000000000000000 ) ) ;
#4261 = EDGE_CURVE ( 'NONE', #837, #172, #1435, .T. ) ;
#4262 = CARTESIAN_POINT ( 'NONE',  ( 12.67838672218006657, -28.55540708457705179, 15.16233043486156085 ) ) ;
#4263 = LINE ( 'NONE', #4650, #4698 ) ;
#4264 = B_SPLINE_CURVE_WITH_KNOTS ( 'NONE', 3,
 ( #950, #186, #1997, #3193, #2020, #3546, #3991, #4735 ),
 .UNSPECIFIED., .F., .F.,
 ( 4, 2, 2, 4 ),
 ( -4.472146854293705978E-06, 0.0004668104192386696161, 0.0007024517022851489668, 0.0009380929853316283176 ),
 .UNSPECIFIED. ) ;
#4265 = DIRECTION ( 'NONE',  ( -0.9848077530122075762, 0.000000000000000000, 0.1736481776669339949 ) ) ;
#4266 = VERTEX_POINT ( 'NONE', #670 ) ;
#4267 = DIRECTION ( 'NONE',  ( 0.1736481776669309973, 1.205928582073519424E-15, -0.9848077530122079093 ) ) ;
#4268 = ORIENTED_EDGE ( 'NONE', *, *, #2882, .T. ) ;
#4269 = ADVANCED_FACE ( 'NONE', ( #3201 ), #171, .T. ) ;
#4270 = DIRECTION ( 'NONE',  ( -7.134708084256403022E-15, 1.000000000000000000, 5.034428470365546037E-16 ) ) ;
#4271 = ORIENTED_EDGE ( 'NONE', *, *, #492, .T. ) ;
#4272 = CARTESIAN_POINT ( 'NONE',  ( 10.07837220624112362, -26.75937213166575646, 54.41547360768569064 ) ) ;
#4274 = ORIENTED_EDGE ( 'NONE', *, *, #2492, .T. ) ;
#4273 = ADVANCED_FACE ( 'NONE', ( #1740 ), #961, .T. ) ;
#4275 = CARTESIAN_POINT ( 'NONE',  ( 10.06418287166988357, -28.22160001592706990, 15.01350094651897749 ) ) ;
#4276 = CARTESIAN_POINT ( 'NONE',  ( -9.528313655227252710, -27.21864730419210687, 15.54679584805175452 ) ) ;
#4277 = VERTEX_POINT ( 'NONE', #1318 ) ;
#4278 = DIRECTION ( 'NONE',  ( 0.1736481776669340782, 1.174091553763101629E-15, 0.9848077530122074652 ) ) ;
#4279 = ORIENTED_EDGE ( 'NONE', *, *, #3665, .F. ) ;
#4280 = CYLINDRICAL_SURFACE ( 'NONE', #1013, 2.000000000000000444 ) ;
#4281 = VECTOR ( 'NONE', #4116, 1000.000000000000000 ) ;
#4282 = DIRECTION ( 'NONE',  ( -7.676983455815192519E-17, -1.000000000000000000, -1.236897884508048224E-15 ) ) ;
#4283 = CIRCLE ( 'NONE', #4123, 2.000000000000002665 ) ;
#4284 = CARTESIAN_POINT ( 'NONE',  ( -13.73410591714013940, -3.325000000000043254, -58.31709713252588756 ) ) ;
#4285 = EDGE_LOOP ( 'NONE', ( #489, #2875, #4568, #2583 ) ) ;
#4286 = VECTOR ( 'NONE', #4342, 1000.000000000000227 ) ;
#4287 = VECTOR ( 'NONE', #338, 1000.000000000000227 ) ;
#4288 = LINE ( 'NONE', #472, #4540 ) ;
#4289 = CARTESIAN_POINT ( 'NONE',  ( 12.38609618624612807, -28.57499999999991758, -1.971812067715175809 ) ) ;
#4290 = ORIENTED_EDGE ( 'NONE', *, *, #4633, .T. ) ;
#4291 = VECTOR ( 'NONE', #627, 1000.000000000000000 ) ;
#4292 = CARTESIAN_POINT ( 'NONE',  ( 8.940091752025782768, -5.174999999999943867, -2.153850247710600740 ) ) ;
#4293 = DIRECTION ( 'NONE',  ( -0.1736481776669318577, -0.000000000000000000, -0.9848077530122076872 ) ) ;
#4294 = ORIENTED_EDGE ( 'NONE', *, *, #244, .T. ) ;
#4295 = EDGE_CURVE ( 'NONE', #1875, #3013, #4794, .T. ) ;
#4296 = AXIS2_PLACEMENT_3D ( 'NONE', #2086, #2566, #1629 ) ;
#4297 = CIRCLE ( 'NONE', #639, 2.000000000000000000 ) ;
#4298 = CARTESIAN_POINT ( 'NONE',  ( 11.04900000000018068, -28.08749999999998792, 54.49390529755315526 ) ) ;
#4299 = VERTEX_POINT ( 'NONE', #1002 ) ;
#4300 = CARTESIAN_POINT ( 'NONE',  ( 10.02499074494430786, -27.00253567981393132, 15.56331017819745455 ) ) ;
#4301 = CARTESIAN_POINT ( 'NONE',  ( -5.212043238915597065, -5.175000000000036238, 129.8197667139850751 ) ) ;
#4302 = VERTEX_POINT ( 'NONE', #2831 ) ;
#4303 = DIRECTION ( 'NONE',  ( -0.1736481776669315524, 0.000000000000000000, 0.9848077530122077983 ) ) ;
#4304 = ORIENTED_EDGE ( 'NONE', *, *, #679, .T. ) ;
#4305 = EDGE_CURVE ( 'NONE', #1263, #3596, #731, .T. ) ;
#4306 = EDGE_CURVE ( 'NONE', #2973, #1098, #1375, .T. ) ;
#4307 = LINE ( 'NONE', #2026, #1012 ) ;
#4308 = VECTOR ( 'NONE', #4413, 1000.000000000000227 ) ;
#4309 = CIRCLE ( 'NONE', #1265, 2.575000000000013944 ) ;
#4310 = CARTESIAN_POINT ( 'NONE',  ( 6.653928519891332272, -5.174999999999952749, 1.173267125762382346 ) ) ;
#4311 = CARTESIAN_POINT ( 'NONE',  ( -10.06418287166965619, -28.22160001592736478, 54.98649905347961209 ) ) ;
#4312 = DIRECTION ( 'NONE',  ( 2.094073006735368146E-16, -1.000000000000000000, 1.187607817205041144E-15 ) ) ;
#4313 = PRODUCT_CONTEXT ( 'NONE', #1370, 'mechanical' ) ;
#4314 = AXIS2_PLACEMENT_3D ( 'NONE', #307, #4864, #2943 ) ;
#4315 = LINE ( 'NONE', #4284, #2763 ) ;
#4316 = VERTEX_POINT ( 'NONE', #4771 ) ;
#4317 = DIRECTION ( 'NONE',  ( -0.9848077530122073542, 0.000000000000000000, 0.1736481776669340782 ) ) ;
#4318 = AXIS2_PLACEMENT_3D ( 'NONE', #2453, #593, #2075 ) ;
#4319 =( LENGTH_UNIT ( ) NAMED_UNIT ( * ) SI_UNIT ( .MILLI., .METRE. ) );
#4320 = DIRECTION ( 'NONE',  ( 0.9997086529843228764, -3.945843475590208231E-18, 0.02413729786597506796 ) ) ;
#4321 = ORIENTED_EDGE ( 'NONE', *, *, #665, .T. ) ;
#4322 = EDGE_CURVE ( 'NONE', #3203, #3216, #1350, .T. ) ;
#4323 = LINE ( 'NONE', #1655, #3011 ) ;
#4324 = CARTESIAN_POINT ( 'NONE',  ( 10.62179573556427137, -28.00048255822381194, 54.49158019918800733 ) ) ;
#4325 = ORIENTED_EDGE ( 'NONE', *, *, #1225, .F. ) ;
#4326 = ADVANCED_FACE ( 'NONE', ( #1420 ), #4520, .F. ) ;
#4327 = DIRECTION ( 'NONE',  ( -0.9848077530122076872, -6.832622436092475853E-15, 0.1736481776669318577 ) ) ;
#4328 = PLANE ( 'NONE',  #3711 ) ;
#4329 = ORIENTED_EDGE ( 'NONE', *, *, #100, .T. ) ;
#4330 = DIRECTION ( 'NONE',  ( -0.9848077530122080203, 0.000000000000000000, 0.1736481776669314137 ) ) ;
#4331 = FACE_OUTER_BOUND ( 'NONE', #4285, .T. ) ;
#4332 = VERTEX_POINT ( 'NONE', #333 ) ;
#4333 = DIRECTION ( 'NONE',  ( -0.1736481776669318577, 0.000000000000000000, 0.9848077530122076872 ) ) ;
#4334 = EDGE_CURVE ( 'NONE', #4593, #2303, #2526, .T. ) ;
#4335 = CARTESIAN_POINT ( 'NONE',  ( -3.419867097295474778, -3.324999999999977085, 0.1778579696539669963 ) ) ;
#4336 = DIRECTION ( 'NONE',  ( -0.9848077530122082424, -6.658604083423243578E-15, -0.1736481776669295818 ) ) ;
#4337 = CARTESIAN_POINT ( 'NONE',  ( -10.07313739332380287, -28.22887293027211442, 54.50068990033341976 ) ) ;
#4338 = DIRECTION ( 'NONE',  ( -0.9848077530122073542, 0.000000000000000000, -0.1736481776669350774 ) ) ;
#4339 = DIRECTION ( 'NONE',  ( -0.1736481776669315524, -1.174091553763102220E-15, -0.9848077530122079093 ) ) ;
#4340 = ORIENTED_EDGE ( 'NONE', *, *, #1815, .F. ) ;
#4341 = PLANE ( 'NONE',  #1023 ) ;
#4342 = DIRECTION ( 'NONE',  ( -0.1736481776669340504, -1.174091553763101431E-15, -0.9848077530122073542 ) ) ;
#4343 = DIRECTION ( 'NONE',  ( -0.000000000000000000, -0.000000000000000000, -1.000000000000000000 ) ) ;
#4344 = DIRECTION ( 'NONE',  ( -4.202843067175781436E-15, 1.000000000000000000, 0.000000000000000000 ) ) ;
#4345 = CARTESIAN_POINT ( 'NONE',  ( 8.833110915809667674, -27.05099999999993088, 93.12295982514928028 ) ) ;
#4346 = EDGE_CURVE ( 'NONE', #2048, #1719, #3652, .T. ) ;
#4347 = LINE ( 'NONE', #2314, #3147 ) ;
#4348 = VERTEX_POINT ( 'NONE', #260 ) ;
#4349 = CARTESIAN_POINT ( 'NONE',  ( -9.400525615001717128, -25.05099999999994864, 68.76759057126999153 ) ) ;
#4350 = CARTESIAN_POINT ( 'NONE',  ( 5.985682520193471134, -15.87499999999008082, 88.90913761191160347 ) ) ;
#4351 = DIRECTION ( 'NONE',  ( -4.202843067175781436E-15, 1.000000000000000000, 0.000000000000000000 ) ) ;
#4352 = EDGE_LOOP ( 'NONE', ( #1861, #4376 ) ) ;
#4353 = LINE ( 'NONE', #3935, #2208 ) ;
#4354 = ORIENTED_EDGE ( 'NONE', *, *, #3364, .T. ) ;
#4355 = LINE ( 'NONE', #1686, #2833 ) ;
#4356 = DIRECTION ( 'NONE',  ( 0.9848077530122084644, 3.244174359470518554E-15, 0.1736481776669285826 ) ) ;
#4357 = DIRECTION ( 'NONE',  ( -0.9848077530122073542, -6.836577773956856839E-15, -0.1736481776669340227 ) ) ;
#4358 = LINE ( 'NONE', #3225, #3487 ) ;
#4359 = ORIENTED_EDGE ( 'NONE', *, *, #1904, .T. ) ;
#4360 = EDGE_CURVE ( 'NONE', #756, #2669, #1835, .T. ) ;
#4361 = CARTESIAN_POINT ( 'NONE',  ( -5.212043238915591736, -28.65998555266133607, -59.81976671398559375 ) ) ;
#4362 = ORIENTED_EDGE ( 'NONE', *, *, #4725, .T. ) ;
#4363 = CARTESIAN_POINT ( 'NONE',  ( 3.379528257343632713, -4.159134063252292179, 71.17337287565506188 ) ) ;
#4364 = VECTOR ( 'NONE', #965, 1000.000000000000114 ) ;
#4365 = VERTEX_POINT ( 'NONE', #4094 ) ;
#4366 = EDGE_CURVE ( 'NONE', #2125, #4560, #2573, .T. ) ;
#4367 = EDGE_CURVE ( 'NONE', #4704, #1267, #3982, .T. ) ;
#4368 = FACE_OUTER_BOUND ( 'NONE', #122, .T. ) ;
#4369 = DIRECTION ( 'NONE',  ( -6.920681583949468398E-15, 1.000000000000000000, 0.000000000000000000 ) ) ;
#4370 = CARTESIAN_POINT ( 'NONE',  ( 3.405575483993847019, -27.05099999999993443, 71.02565171270322253 ) ) ;
#4371 = CARTESIAN_POINT ( 'NONE',  ( 12.28740357568892172, -28.57499999999991758, -2.591757643284021473 ) ) ;
#4372 = AXIS2_PLACEMENT_3D ( 'NONE', #3131, #148, #3161 ) ;
#4373 = VERTEX_POINT ( 'NONE', #4889 ) ;
#4374 = DIRECTION ( 'NONE',  ( 0.9848077530122073542, -2.465190328815661618E-32, 0.1736481776669340227 ) ) ;
#4375 = FACE_OUTER_BOUND ( 'NONE', #4562, .T. ) ;
#4376 = ORIENTED_EDGE ( 'NONE', *, *, #4803, .F. ) ;
#4377 = PLANE ( 'NONE',  #4153 ) ;
#4378 = ORIENTED_EDGE ( 'NONE', *, *, #478, .F. ) ;
#4379 = VECTOR ( 'NONE', #895, 999.9999999999998863 ) ;
#4380 = DIRECTION ( 'NONE',  ( 0.9848077530122073542, 0.000000000000000000, 0.1736481776669350774 ) ) ;
#4381 = VECTOR ( 'NONE', #415, 1000.000000000000000 ) ;
#4382 = DIRECTION ( 'NONE',  ( -0.9848077530122076872, -6.832622436092475853E-15, -0.1736481776669318577 ) ) ;
#4383 = CARTESIAN_POINT ( 'NONE',  ( 0.1521236164222540543, -15.87499999999012346, -17.88052378362518979 ) ) ;
#4384 = CIRCLE ( 'NONE', #12, 2.000000000000001776 ) ;
#4385 = LINE ( 'NONE', #616, #1341 ) ;
#4386 = AXIS2_PLACEMENT_3D ( 'NONE', #54, #3802, #3061 ) ;
#4387 = VECTOR ( 'NONE', #2228, 1000.000000000000114 ) ;
#4388 = LINE ( 'NONE', #2382, #1497 ) ;
#4389 = CARTESIAN_POINT ( 'NONE',  ( 16.64213315095155465, -15.87499999998996358, 127.6507117663967819 ) ) ;
#4390 = AXIS2_PLACEMENT_3D ( 'NONE', #1915, #4531, #3441 ) ;
#4391 = EDGE_CURVE ( 'NONE', #4891, #4299, #4475, .T. ) ;
#4392 = CIRCLE ( 'NONE', #324, 2.575000000000013944 ) ;
#4393 = CARTESIAN_POINT ( 'NONE',  ( 9.526978979102704415, -27.05099999999993088, 54.89732203086564510 ) ) ;
#4394 = CARTESIAN_POINT ( 'NONE',  ( 3.383250706523655449, -4.142121475945179654, 71.21003195290943211 ) ) ;
#4395 = ADVANCED_FACE ( 'NONE', ( #2920 ), #2146, .T. ) ;
#4396 = EDGE_CURVE ( 'NONE', #172, #985, #3677, .T. ) ;
#4397 = EDGE_LOOP ( 'NONE', ( #3951, #511, #1694, #4249 ) ) ;
#4398 = CARTESIAN_POINT ( 'NONE',  ( -12.82812613097654442, -15.87499999999020872, -18.20647906243033276 ) ) ;
#4399 = DIRECTION ( 'NONE',  ( 0.000000000000000000, 8.673617379884033500E-16, 1.000000000000000000 ) ) ;
#4400 = VERTEX_POINT ( 'NONE', #1048 ) ;
#4401 = CARTESIAN_POINT ( 'NONE',  ( -10.03460219032431056, -26.92746525084092468, 54.43045931565497852 ) ) ;
#4402 = VERTEX_POINT ( 'NONE', #687 ) ;
#4403 = CARTESIAN_POINT ( 'NONE',  ( 9.830934652517390404, -27.98822946358493624, 15.01977907381047039 ) ) ;
#4404 = CARTESIAN_POINT ( 'NONE',  ( -3.274999999999999911, 0.000000000000000000, 69.00055989519285049 ) ) ;
#4405 = DIRECTION ( 'NONE',  ( 0.1736481776669340227, 1.174091553763101431E-15, 0.9848077530122075762 ) ) ;
#4406 = ORIENTED_EDGE ( 'NONE', *, *, #3832, .T. ) ;
#4407 = DIRECTION ( 'NONE',  ( 0.9848077530122073542, 0.000000000000000000, -0.1736481776669339672 ) ) ;
#4408 = EDGE_LOOP ( 'NONE', ( #1907, #2143, #3049, #1206 ) ) ;
#4409 = CARTESIAN_POINT ( 'NONE',  ( -22.01035358772235639, -3.175000000000151701, -54.82691814540523012 ) ) ;
#4410 = EDGE_CURVE ( 'NONE', #704, #2366, #491, .T. ) ;
#4411 = CARTESIAN_POINT ( 'NONE',  ( 10.17971672197885979, -28.30961174453431184, 54.50238617212455949 ) ) ;
#4412 = ORIENTED_EDGE ( 'NONE', *, *, #518, .T. ) ;
#4413 = DIRECTION ( 'NONE',  ( 0.1736481776669309696, 0.000000000000000000, -0.9848077530122079093 ) ) ;
#4414 = ORIENTED_EDGE ( 'NONE', *, *, #4009, .T. ) ;
#4415 = ORIENTED_EDGE ( 'NONE', *, *, #4618, .T. ) ;
#4416 =( BOUNDED_SURFACE ( )  B_SPLINE_SURFACE ( 3, 1, ( 
 ( #2921, #1758 ),
 ( #1809, #612 ),
 ( #4478, #2450 ),
 ( #3678, #284 ) ),
 .UNSPECIFIED., .F., .F., .F. ) 
 B_SPLINE_SURFACE_WITH_KNOTS ( ( 4, 4 ),
 ( 2, 2 ),
 ( 0.000000000000000000, 1.000000000000000000 ),
 ( 0.000000000000000000, 1.000000000000000000 ),
 .UNSPECIFIED. ) 
 GEOMETRIC_REPRESENTATION_ITEM ( )  RATIONAL_B_SPLINE_SURFACE ( (
 ( 1.000000000000000000, 1.000000000000000000),
 ( 0.8047378541243649375, 0.8047378541243649375),
 ( 0.8047378541243649375, 0.8047378541243649375),
 ( 1.000000000000000000, 1.000000000000000000) ) ) 
 REPRESENTATION_ITEM ( '' )  SURFACE ( )  );
#4417 = DIRECTION ( 'NONE',  ( -0.1736481776669340227, -1.174091553763101629E-15, -0.9848077530122074652 ) ) ;
#4418 = CARTESIAN_POINT ( 'NONE',  ( 3.364347963998290947, -3.174999999999975842, 71.17069618036320833 ) ) ;
#4419 = EDGE_CURVE ( 'NONE', #2125, #1576, #2703, .T. ) ;
#4420 = ORIENTED_EDGE ( 'NONE', *, *, #3514, .T. ) ;
#4421 = DIRECTION ( 'NONE',  ( -6.938026650575909742E-15, 1.000000000000000000, -0.000000000000000000 ) ) ;
#4422 = CARTESIAN_POINT ( 'NONE',  ( -3.274999999999999911, -27.05099999999993088, 15.05814893245790920 ) ) ;
#4423 = VERTEX_POINT ( 'NONE', #2996 ) ;
#4424 = DIRECTION ( 'NONE',  ( 6.935750737654438660E-15, -1.000000000000000000, 3.075617803580502951E-17 ) ) ;
#4425 = VERTEX_POINT ( 'NONE', #2723 ) ;
#4426 = EDGE_CURVE ( 'NONE', #529, #1979, #3492, .T. ) ;
#4427 = DIRECTION ( 'NONE',  ( -0.1736481776669318855, -1.205928582073525537E-15, -0.9848077530122079093 ) ) ;
#4428 = CARTESIAN_POINT ( 'NONE',  ( 9.698503969764891153, -27.05099999999993088, 72.13526479241352263 ) ) ;
#4429 = DIRECTION ( 'NONE',  ( -6.942122096537190633E-15, 1.000000000000000000, 4.485452791683125472E-19 ) ) ;
#4430 = ORIENTED_EDGE ( 'NONE', *, *, #2851, .T. ) ;
#4431 = CARTESIAN_POINT ( 'NONE',  ( -10.08269993726035452, -26.74755956968073534, 54.41436319339242544 ) ) ;
#4432 = DIRECTION ( 'NONE',  ( -0.1736481776669318577, -0.000000000000000000, 0.9848077530122076872 ) ) ;
#4433 = FACE_OUTER_BOUND ( 'NONE', #1574, .T. ) ;
#4434 = DIRECTION ( 'NONE',  ( -1.000000000000000000, -6.938893903907222067E-15, 0.000000000000000000 ) ) ;
#4435 = ORIENTED_EDGE ( 'NONE', *, *, #1619, .F. ) ;
#4436 = VERTEX_POINT ( 'NONE', #2625 ) ;
#4437 = LINE ( 'NONE', #3644, #4528 ) ;
#4438 = VECTOR ( 'NONE', #2304, 999.9999999999998863 ) ;
#4439 = CYLINDRICAL_SURFACE ( 'NONE', #1792, 0.5000000000000004441 ) ;
#4440 = VECTOR ( 'NONE', #1746, 1000.000000000000114 ) ;
#4441 = ADVANCED_FACE ( 'NONE', ( #4566 ), #4226, .T. ) ;
#4442 = ORIENTED_EDGE ( 'NONE', *, *, #1747, .T. ) ;
#4443 = FACE_OUTER_BOUND ( 'NONE', #1438, .T. ) ;
#4444 = VECTOR ( 'NONE', #4253, 1000.000000000000000 ) ;
#4445 = ORIENTED_EDGE ( 'NONE', *, *, #2930, .T. ) ;
#4446 = DIRECTION ( 'NONE',  ( -0.9848077530122079093, 0.000000000000000000, 0.1736481776669313859 ) ) ;
#4447 = ADVANCED_FACE ( 'NONE', ( #3880 ), #3112, .T. ) ;
#4448 = EDGE_LOOP ( 'NONE', ( #3107, #694 ) ) ;
#4449 = DIRECTION ( 'NONE',  ( -0.9848077530122074652, -6.836577773956856839E-15, -0.1736481776669340227 ) ) ;
#4450 = FACE_OUTER_BOUND ( 'NONE', #3430, .T. ) ;
#4451 = DIRECTION ( 'NONE',  ( 6.938226849142563131E-15, -1.000000000000000000, -1.135382491375578063E-18 ) ) ;
#4452 = LINE ( 'NONE', #3630, #4038 ) ;
#4453 = ORIENTED_EDGE ( 'NONE', *, *, #1545, .F. ) ;
#4454 = DIRECTION ( 'NONE',  ( -7.653682384728749902E-15, 1.000000000000000000, 0.000000000000000000 ) ) ;
#4455 = ADVANCED_FACE ( 'NONE', ( #4178, #759, #2265 ), #3020, .T. ) ;
#4456 = EDGE_CURVE ( 'NONE', #2758, #2756, #328, .T. ) ;
#4457 = CIRCLE ( 'NONE', #1419, 2.000000000000000000 ) ;
#4458 = VECTOR ( 'NONE', #4849, 1000.000000000000227 ) ;
#4459 = FACE_OUTER_BOUND ( 'NONE', #392, .T. ) ;
#4460 = DIRECTION ( 'NONE',  ( 0.1736481776669318855, 1.205928582073525537E-15, 0.9848077530122079093 ) ) ;
#4461 = VERTEX_POINT ( 'NONE', #1993 ) ;
#4462 = DIRECTION ( 'NONE',  ( -0.1736481776669315524, 0.000000000000000000, 0.9848077530122077983 ) ) ;
#4463 = FACE_OUTER_BOUND ( 'NONE', #791, .T. ) ;
#4464 = AXIS2_PLACEMENT_3D ( 'NONE', #1078, #4873, #3765 ) ;
#4465 = CARTESIAN_POINT ( 'NONE',  ( -3.275000000000037215, -3.175000000000025135, 0.9994401048061540838 ) ) ;
#4466 = DIRECTION ( 'NONE',  ( 0.9848077530122080203, 0.000000000000000000, 0.1736481776669312471 ) ) ;
#4467 = AXIS2_PLACEMENT_3D ( 'NONE', #398, #4136, #4899 ) ;
#4468 = CIRCLE ( 'NONE', #2844, 0.5000000000000004441 ) ;
#4469 = CARTESIAN_POINT ( 'NONE',  ( 10.28582960522779288, -28.37389837094934464, 54.98994744688737057 ) ) ;
#4470 = EDGE_CURVE ( 'NONE', #1825, #4402, #4323, .T. ) ;
#4471 = ORIENTED_EDGE ( 'NONE', *, *, #2931, .T. ) ;
#4472 = DIRECTION ( 'NONE',  ( 0.000000000000000000, -1.000000000000000000, 1.197682598713622758E-15 ) ) ;
#4473 = ORIENTED_EDGE ( 'NONE', *, *, #4515, .T. ) ;
#4474 = LINE ( 'NONE', #2545, #3646 ) ;
#4475 = CIRCLE ( 'NONE', #2128, 1.999999999999996225 ) ;
#4476 = ORIENTED_EDGE ( 'NONE', *, *, #331, .F. ) ;
#4477 = DIRECTION ( 'NONE',  ( -0.9848077530122073542, -6.836577773956856050E-15, 0.1736481776669339672 ) ) ;
#4478 = CARTESIAN_POINT ( 'NONE',  ( 10.33563453214470584, -28.57499999999992113, 72.24760810079504836 ) ) ;
#4479 = DIRECTION ( 'NONE',  ( 0.000000000000000000, 1.734723475976805517E-15, -1.000000000000000000 ) ) ;
#4480 = LINE ( 'NONE', #2925, #3708 ) ;
#4481 = LINE ( 'NONE', #1054, #2687 ) ;
#4482 = EDGE_CURVE ( 'NONE', #704, #918, #2748, .T. ) ;
#4483 = CARTESIAN_POINT ( 'NONE',  ( 3.390395190648330281, -3.174999999999975842, 71.02297501741136898 ) ) ;
#4484 = CARTESIAN_POINT ( 'NONE',  ( -10.07837220624076657, -26.75937213166590922, 15.58452639231284564 ) ) ;
#4485 = CARTESIAN_POINT ( 'NONE',  ( 6.970476246001361176, -5.174999999999950973, -1.806553892376758341 ) ) ;
#4486 = VERTEX_POINT ( 'NONE', #916 ) ;
#4487 = CARTESIAN_POINT ( 'NONE',  ( -15.70372142316455211, -5.175000000000102851, -57.96980077719202029 ) ) ;
#4488 = CARTESIAN_POINT ( 'NONE',  ( -12.31178346645751454, -28.19784285914767707, 15.50333526850877597 ) ) ;
#4489 = DIRECTION ( 'NONE',  ( 1.000000000000000000, 0.000000000000000000, 0.000000000000000000 ) ) ;
#4490 = ORIENTED_EDGE ( 'NONE', *, *, #4346, .F. ) ;
#4491 = LINE ( 'NONE', #1065, #1241 ) ;
#4492 = ORIENTED_EDGE ( 'NONE', *, *, #2043, .F. ) ;
#4493 = DIRECTION ( 'NONE',  ( -0.1736481776669316912, 6.005089695408622828E-15, -0.9848077530122080203 ) ) ;
#4494 = VERTEX_POINT ( 'NONE', #3189 ) ;
#4495 = CARTESIAN_POINT ( 'NONE',  ( -12.19999999999980744, -28.57500000000008455, 54.99999999999926104 ) ) ;
#4496 = ORIENTED_EDGE ( 'NONE', *, *, #56, .F. ) ;
#4497 = CARTESIAN_POINT ( 'NONE',  ( 7.577228069776599462, -5.324999999999978861, -1.761226617719544585 ) ) ;
#4498 = EDGE_CURVE ( 'NONE', #1196, #1812, #2410, .T. ) ;
#4499 = CARTESIAN_POINT ( 'NONE',  ( -0.09875333346271705781, -27.05099999999993088, -0.5600579846948355867 ) ) ;
#4500 = DIRECTION ( 'NONE',  ( 0.1736481776669315524, 0.000000000000000000, 0.9848077530122077983 ) ) ;
#4501 = FACE_OUTER_BOUND ( 'NONE', #48, .T. ) ;
#4502 = CARTESIAN_POINT ( 'NONE',  ( 3.357868365184998538, -3.174999999999976286, 71.01723966048538728 ) ) ;
#4503 = DIRECTION ( 'NONE',  ( 1.034201581214107528E-16, -1.000000000000000000, 1.173968044255396342E-15 ) ) ;
#4504 = DIRECTION ( 'NONE',  ( -0.9848077530122076872, -6.832622436092475853E-15, 0.1736481776669318577 ) ) ;
#4505 = ORIENTED_EDGE ( 'NONE', *, *, #4830, .F. ) ;
#4506 = CARTESIAN_POINT ( 'NONE',  ( -13.73410591713997420, -28.65985123936290080, 128.3170971325253902 ) ) ;
#4507 = EDGE_CURVE ( 'NONE', #1064, #4891, #177, .T. ) ;
#4508 = CARTESIAN_POINT ( 'NONE',  ( -3.274999999999999911, -27.05099999999993088, 54.94185106754059689 ) ) ;
#4509 = DIRECTION ( 'NONE',  ( -0.02413729786597506796, -1.632000861504106530E-16, 0.9997086529843228764 ) ) ;
#4510 = ORIENTED_EDGE ( 'NONE', *, *, #3139, .F. ) ;
#4511 = DIRECTION ( 'NONE',  ( -0.9848077530122079093, -6.832622436092476642E-15, -0.1736481776669318577 ) ) ;
#4512 = LINE ( 'NONE', #35, #3153 ) ;
#4513 = ORIENTED_EDGE ( 'NONE', *, *, #2624, .F. ) ;
#4514 = EDGE_CURVE ( 'NONE', #3135, #231, #3692, .T. ) ;
#4515 = EDGE_CURVE ( 'NONE', #2955, #704, #36, .T. ) ;
#4516 = VECTOR ( 'NONE', #70, 1000.000000000000000 ) ;
#4517 = ORIENTED_EDGE ( 'NONE', *, *, #618, .T. ) ;
#4518 = DIRECTION ( 'NONE',  ( 4.202843067175781436E-15, -1.000000000000000000, -0.000000000000000000 ) ) ;
#4519 = AXIS2_PLACEMENT_3D ( 'NONE', #2819, #2162, #4369 ) ;
#4520 = PLANE ( 'NONE',  #4780 ) ;
#4521 = DIRECTION ( 'NONE',  ( 0.9848077530122084644, 0.000000000000000000, 0.1736481776669281663 ) ) ;
#4522 = AXIS2_PLACEMENT_3D ( 'NONE', #2499, #2874, #713 ) ;
#4523 = ORIENTED_EDGE ( 'NONE', *, *, #1940, .T. ) ;
#4524 = CARTESIAN_POINT ( 'NONE',  ( -4.864746883581726244, -5.175000000000032685, 127.8501512079606499 ) ) ;
#4525 = SPHERICAL_SURFACE ( 'NONE', #1009, 2.000000000000000000 ) ;
#4526 = ORIENTED_EDGE ( 'NONE', *, *, #3300, .T. ) ;
#4527 = DIRECTION ( 'NONE',  ( -2.094073006735369625E-16, 1.000000000000000000, -1.187607817205041144E-15 ) ) ;
#4528 = VECTOR ( 'NONE', #724, 1000.000000000000000 ) ;
#4529 = LINE ( 'NONE', #1894, #2330 ) ;
#4530 = VECTOR ( 'NONE', #2818, 1000.000000000000114 ) ;
#4531 = DIRECTION ( 'NONE',  ( -1.000000000000000000, -6.677850651179312456E-15, 0.000000000000000000 ) ) ;
#4532 = ORIENTED_EDGE ( 'NONE', *, *, #301, .T. ) ;
#4533 = EDGE_CURVE ( 'NONE', #1865, #417, #3089, .T. ) ;
#4534 = CIRCLE ( 'NONE', #637, 2.000000000000000000 ) ;
#4535 = LINE ( 'NONE', #4168, #4 ) ;
#4536 = ORIENTED_EDGE ( 'NONE', *, *, #3690, .T. ) ;
#4537 = EDGE_CURVE ( 'NONE', #4365, #473, #3088, .T. ) ;
#4538 = CARTESIAN_POINT ( 'NONE',  ( 3.348669413685393170, -3.174999999999975397, 70.86947168615766657 ) ) ;
#4539 = CARTESIAN_POINT ( 'NONE',  ( 8.940091752026543048, -114.6022714177931050, -2.153850247710600740 ) ) ;
#4540 = VECTOR ( 'NONE', #1256, 1000.000000000000227 ) ;
#4541 = AXIS2_PLACEMENT_3D ( 'NONE', #3126, #519, #3945 ) ;
#4542 = ORIENTED_EDGE ( 'NONE', *, *, #3051, .F. ) ;
#4543 = AXIS2_PLACEMENT_3D ( 'NONE', #2272, #1174, #2783 ) ;
#4544 = EDGE_CURVE ( 'NONE', #3915, #4266, #2012, .T. ) ;
#4545 = ORIENTED_EDGE ( 'NONE', *, *, #2720, .T. ) ;
#4546 = LINE ( 'NONE', #1881, #4209 ) ;
#4547 = VECTOR ( 'NONE', #3997, 1000.000000000000114 ) ;
#4548 = DIRECTION ( 'NONE',  ( -1.000000000000000000, -6.938893903907228378E-15, 0.000000000000000000 ) ) ;
#4549 = ORIENTED_EDGE ( 'NONE', *, *, #41, .F. ) ;
#4550 = FACE_OUTER_BOUND ( 'NONE', #3813, .T. ) ;
#4551 = CARTESIAN_POINT ( 'NONE',  ( 9.915269662963076769, -27.99244922677259240, -2.325800424399768307 ) ) ;
#4552 = ORIENTED_EDGE ( 'NONE', *, *, #3769, .F. ) ;
#4553 = DIRECTION ( 'NONE',  ( 0.1736481776669340504, 0.000000000000000000, 0.9848077530122073542 ) ) ;
#4554 = DIRECTION ( 'NONE',  ( -0.9848077530122071321, 0.000000000000000000, -0.1736481776669351884 ) ) ;
#4555 = ORIENTED_EDGE ( 'NONE', *, *, #400, .T. ) ;
#4556 = ORIENTED_EDGE ( 'NONE', *, *, #2595, .T. ) ;
#4557 = CARTESIAN_POINT ( 'NONE',  ( 3.274999999999999911, -27.05099999999993088, 54.94185106754060399 ) ) ;
#4558 = ADVANCED_FACE ( 'NONE', ( #913 ), #3109, .T. ) ;
#4559 = DIRECTION ( 'NONE',  ( -0.1010228786433665371, 0.000000000000000000, -0.9948841027931885073 ) ) ;
#4560 = VERTEX_POINT ( 'NONE', #2927 ) ;
#4561 = DIRECTION ( 'NONE',  ( -0.9848077530122074652, 0.000000000000000000, -0.1736481776669340227 ) ) ;
#4562 = EDGE_LOOP ( 'NONE', ( #1536, #1664, #4137, #2247 ) ) ;
#4563 = ORIENTED_EDGE ( 'NONE', *, *, #4777, .T. ) ;
#4564 = DIRECTION ( 'NONE',  ( 6.672013369141564231E-15, -1.000000000000000000, 0.000000000000000000 ) ) ;
#4565 = EDGE_CURVE ( 'NONE', #3924, #3310, #734, .T. ) ;
#4566 = FACE_OUTER_BOUND ( 'NONE', #3927, .T. ) ;
#4567 = DIRECTION ( 'NONE',  ( -0.1736481776669340504, -1.174091553763101431E-15, -0.9848077530122073542 ) ) ;
#4568 = ORIENTED_EDGE ( 'NONE', *, *, #758, .T. ) ;
#4569 = CARTESIAN_POINT ( 'NONE',  ( 9.672219330788806246, -27.71790203922403251, 15.51745976411581651 ) ) ;
#4570 = CARTESIAN_POINT ( 'NONE',  ( -10.20651886327584279, -27.66331567574157546, 15.52117585163942159 ) ) ;
#4571 = VERTEX_POINT ( 'NONE', #715 ) ;
#4572 = DIRECTION ( 'NONE',  ( -0.9848077530122074652, 2.079754006900184523E-16, 0.1736481776669340782 ) ) ;
#4573 = LINE ( 'NONE', #2657, #4149 ) ;
#4574 = VERTEX_POINT ( 'NONE', #3740 ) ;
#4575 = ADVANCED_FACE ( 'NONE', ( #340 ), #1932, .F. ) ;
#4576 = EDGE_CURVE ( 'NONE', #75, #3780, #3166, .T. ) ;
#4577 = DIRECTION ( 'NONE',  ( -0.1736481776669341059, -1.174091553763101826E-15, -0.9848077530122074652 ) ) ;
#4578 = CARTESIAN_POINT ( 'NONE',  ( -3.231406322017890798, -3.324999999999977085, 0.1446272501672933586 ) ) ;
#4579 = ORIENTED_EDGE ( 'NONE', *, *, #3693, .T. ) ;
#4580 = CARTESIAN_POINT ( 'NONE',  ( 5.102195580929071994, -3.174999999999965183, 71.32481161180514562 ) ) ;
#4581 = ORIENTED_EDGE ( 'NONE', *, *, #4877, .T. ) ;
#4582 = PLANE ( 'NONE',  #4911 ) ;
#4583 = VERTEX_POINT ( 'NONE', #3764 ) ;
#4584 = ORIENTED_EDGE ( 'NONE', *, *, #2975, .F. ) ;
#4585 = ORIENTED_EDGE ( 'NONE', *, *, #3559, .F. ) ;
#4586 = DIRECTION ( 'NONE',  ( -0.9848077530122080203, 0.000000000000000000, -0.1736481776669314969 ) ) ;
#4587 = FACE_OUTER_BOUND ( 'NONE', #4696, .T. ) ;
#4588 = ORIENTED_EDGE ( 'NONE', *, *, #1394, .F. ) ;
#4589 = ADVANCED_FACE ( 'NONE', ( #4920 ), #1493, .T. ) ;
#4590 = DIRECTION ( 'NONE',  ( -0.000000000000000000, -0.000000000000000000, -1.000000000000000000 ) ) ;
#4591 = CARTESIAN_POINT ( 'NONE',  ( -9.542343949239558754, -27.31622948202129209, 15.04514154162105832 ) ) ;
#4592 = CIRCLE ( 'NONE', #3463, 2.575000000000013944 ) ;
#4593 = VERTEX_POINT ( 'NONE', #3887 ) ;
#4594 = CARTESIAN_POINT ( 'NONE',  ( -10.12019805064702460, -28.26335971980115147, 15.01255049161623489 ) ) ;
#4595 = DIRECTION ( 'NONE',  ( 0.1736481776669312194, 0.000000000000000000, -0.9848077530122077983 ) ) ;
#4596 = VERTEX_POINT ( 'NONE', #922 ) ;
#4597 = AXIS2_PLACEMENT_3D ( 'NONE', #3125, #3827, #838 ) ;
#4598 = AXIS2_PLACEMENT_3D ( 'NONE', #551, #2039, #3566 ) ;
#4599 = PLANE ( 'NONE',  #536 ) ;
#4600 = ADVANCED_FACE ( 'NONE', ( #3993 ), #586, .T. ) ;
#4601 = EDGE_CURVE ( 'NONE', #4835, #2207, #487, .T. ) ;
#4602 = CARTESIAN_POINT ( 'NONE',  ( 3.087601830909832756, -114.6022714177931903, 71.23259955391748122 ) ) ;
#4603 = CARTESIAN_POINT ( 'NONE',  ( -3.307829974965633912, -27.03331721057199744, 54.74925177354725747 ) ) ;
#4604 = ORIENTED_EDGE ( 'NONE', *, *, #1892, .F. ) ;
#4605 = VECTOR ( 'NONE', #4071, 999.9999999999998863 ) ;
#4606 = LINE ( 'NONE', #1614, #4831 ) ;
#4607 = VECTOR ( 'NONE', #4472, 1000.000000000000000 ) ;
#4608 = B_SPLINE_CURVE_WITH_KNOTS ( 'NONE', 3,
 ( #2142, #2867, #3696, #993, #4785, #3620, #4013, #633, #278, #3295, #4037, #3648, #2543, #1338 ),
 .UNSPECIFIED., .F., .F.,
 ( 4, 2, 2, 2, 2, 2, 4 ),
 ( 0.000000000000000000, 0.0002976974434187624075, 0.0005953948868375248150, 0.0008930923302562872226, 0.001190789773675049630, 0.001786184660512578131, 0.002381579547350106633 ),
 .UNSPECIFIED. ) ;
#4609 = CARTESIAN_POINT ( 'NONE',  ( -12.69999999999980389, -28.57500000000008811, 70.00000000000000000 ) ) ;
#4610 = VERTEX_POINT ( 'NONE', #3597 ) ;
#4611 = LINE ( 'NONE', #1138, #3483 ) ;
#4612 = ORIENTED_EDGE ( 'NONE', *, *, #4482, .T. ) ;
#4613 = CIRCLE ( 'NONE', #411, 2.000000000000001776 ) ;
#4614 = VECTOR ( 'NONE', #4559, 1000.000000000000114 ) ;
#4615 = CARTESIAN_POINT ( 'NONE',  ( 9.525000000000177991, -27.05099999999993088, 68.79076378499432565 ) ) ;
#4616 = ORIENTED_EDGE ( 'NONE', *, *, #3916, .F. ) ;
#4617 = DIRECTION ( 'NONE',  ( 0.000000000000000000, -8.896017825522085641E-16, 1.000000000000000000 ) ) ;
#4618 = EDGE_CURVE ( 'NONE', #1739, #1426, #2057, .T. ) ;
#4619 = CARTESIAN_POINT ( 'NONE',  ( 10.15626146905677807, -28.57499999999992468, 68.76410919209050121 ) ) ;
#4620 = VERTEX_POINT ( 'NONE', #3144 ) ;
#4621 = AXIS2_PLACEMENT_3D ( 'NONE', #3922, #2400, #3123 ) ;
#4622 = CARTESIAN_POINT ( 'NONE',  ( 9.524986222727324758, -26.91886455934517386, 15.06493351621719157 ) ) ;
#4623 = CARTESIAN_POINT ( 'NONE',  ( -10.38728560581745874, -27.85598126860744017, 15.51316342385607250 ) ) ;
#4624 = VECTOR ( 'NONE', #3375, 1000.000000000000000 ) ;
#4625 = ORIENTED_EDGE ( 'NONE', *, *, #2492, .F. ) ;
#4626 = CARTESIAN_POINT ( 'NONE',  ( -9.830934652517019146, -27.98822946358507835, 15.01977907381047039 ) ) ;
#4627 = DIRECTION ( 'NONE',  ( 0.9848077530122080203, 0.000000000000000000, -0.1736481776669315524 ) ) ;
#4628 = ORIENTED_EDGE ( 'NONE', *, *, #3420, .F. ) ;
#4629 = CARTESIAN_POINT ( 'NONE',  ( -15.35642506783070083, -5.175000000000106404, -56.00018527116767331 ) ) ;
#4630 = CARTESIAN_POINT ( 'NONE',  ( -12.19999999999980744, -28.57500000000008455, 34.99999999999925393 ) ) ;
#4631 = ORIENTED_EDGE ( 'NONE', *, *, #758, .F. ) ;
#4632 = LINE ( 'NONE', #2325, #2979 ) ;
#4633 = EDGE_CURVE ( 'NONE', #3730, #227, #4867, .T. ) ;
#4634 = LINE ( 'NONE', #4580, #1421 ) ;
#4635 = EDGE_LOOP ( 'NONE', ( #3124, #870, #2446, #3218, #3143 ) ) ;
#4636 = CARTESIAN_POINT ( 'NONE',  ( -5.415529829969948139, -3.175000000000036682, 69.62256683796347545 ) ) ;
#4637 = VERTEX_POINT ( 'NONE', #2915 ) ;
#4638 = EDGE_CURVE ( 'NONE', #3992, #1701, #684, .T. ) ;
#4639 = ORIENTED_EDGE ( 'NONE', *, *, #4826, .T. ) ;
#4640 = CYLINDRICAL_SURFACE ( 'NONE', #1179, 1.999999999999999556 ) ;
#4641 = ORIENTED_EDGE ( 'NONE', *, *, #2772, .T. ) ;
#4642 = CARTESIAN_POINT ( 'NONE',  ( 10.11685814750607371, -26.66663351341857080, 15.59345597169136255 ) ) ;
#4643 = CARTESIAN_POINT ( 'NONE',  ( -13.73410591714015183, -27.05099999999993088, -58.31709713252595861 ) ) ;
#4644 = ORIENTED_EDGE ( 'NONE', *, *, #1357, .T. ) ;
#4645 = CARTESIAN_POINT ( 'NONE',  ( -10.84936053142968682, -28.56512500111824338, 15.00641378108205259 ) ) ;
#4646 = DIRECTION ( 'NONE',  ( -1.000000000000000000, -6.920681583949466820E-15, -0.000000000000000000 ) ) ;
#4647 = ORIENTED_EDGE ( 'NONE', *, *, #785, .F. ) ;
#4648 = ADVANCED_FACE ( 'NONE', ( #2117 ), #3274, .T. ) ;
#4649 = CARTESIAN_POINT ( 'NONE',  ( 10.94833949280625340, -28.57499999999991758, 15.00625097686704379 ) ) ;
#4650 = CARTESIAN_POINT ( 'NONE',  ( 3.274999999999999911, -7.315973162314785970E-15, 69.05466585064345963 ) ) ;
#4651 = EDGE_LOOP ( 'NONE', ( #3572, #3756 ) ) ;
#4652 = DIRECTION ( 'NONE',  ( 0.000000000000000000, 1.000000000000000000, 0.000000000000000000 ) ) ;
#4653 = ORIENTED_EDGE ( 'NONE', *, *, #421, .T. ) ;
#4654 = FACE_OUTER_BOUND ( 'NONE', #4016, .T. ) ;
#4655 = EDGE_CURVE ( 'NONE', #2227, #4494, #1362, .T. ) ;
#4656 = CARTESIAN_POINT ( 'NONE',  ( 3.390395190648328505, -27.05099999999993443, -1.022975017411884791 ) ) ;
#4657 = EDGE_LOOP ( 'NONE', ( #1245, #4415, #4035, #3511 ) ) ;
#4658 = DIRECTION ( 'NONE',  ( -0.1736481776669318022, 0.000000000000000000, -0.9848077530122077983 ) ) ;
#4659 = EDGE_CURVE ( 'NONE', #4400, #4738, #2570, .T. ) ;
#4660 = EDGE_LOOP ( 'NONE', ( #4713, #1354, #2290, #84 ) ) ;
#4661 = EDGE_CURVE ( 'NONE', #2268, #4596, #608, .T. ) ;
#4662 = DIRECTION ( 'NONE',  ( 0.1736481776669311639, 0.000000000000000000, -0.9848077530122077983 ) ) ;
#4663 = ORIENTED_EDGE ( 'NONE', *, *, #3950, .T. ) ;
#4664 = CARTESIAN_POINT ( 'NONE',  ( 10.07313739332395741, -28.22887293027182665, 15.49931009966517159 ) ) ;
#4665 = DIRECTION ( 'NONE',  ( -6.938026650575909742E-15, 1.000000000000000000, -0.000000000000000000 ) ) ;
#4666 = EDGE_LOOP ( 'NONE', ( #2090, #2842, #329, #4816, #116 ) ) ;
#4667 = CYLINDRICAL_SURFACE ( 'NONE', #648, 0.5000000000000004441 ) ;
#4668 = VERTEX_POINT ( 'NONE', #4886 ) ;
#4669 = FACE_OUTER_BOUND ( 'NONE', #2622, .T. ) ;
#4670 = VECTOR ( 'NONE', #29, 1000.000000000000000 ) ;
#4671 = CARTESIAN_POINT ( 'NONE',  ( -17.39785257348811598, -25.05099999999992733, 125.6402265227592778 ) ) ;
#4672 = LINE ( 'NONE', #3943, #4152 ) ;
#4673 = DIRECTION ( 'NONE',  ( 0.9848077530122072432, 0.000000000000000000, 0.1736481776669352162 ) ) ;
#4674 = FACE_OUTER_BOUND ( 'NONE', #4124, .T. ) ;
#4675 = ORIENTED_EDGE ( 'NONE', *, *, #1294, .T. ) ;
#4676 = ADVANCED_FACE ( 'NONE', ( #2847 ), #1390, .T. ) ;
#4677 = LINE ( 'NONE', #2769, #642 ) ;
#4678 = ORIENTED_EDGE ( 'NONE', *, *, #506, .T. ) ;
#4679 = DIRECTION ( 'NONE',  ( -0.04218674000673096336, -2.852382085903943617E-16, -0.9991097432052220562 ) ) ;
#4680 = AXIS2_PLACEMENT_3D ( 'NONE', #2111, #4417, #2907 ) ;
#4681 = ADVANCED_BREP_SHAPE_REPRESENTATION ( 'PETG_U_Channel', ( #1314, #4597 ), #3302 ) ;
#4682 = DIRECTION ( 'NONE',  ( -0.9848077530122075762, -6.836577773956857628E-15, 0.1736481776669339949 ) ) ;
#4683 = EDGE_CURVE ( 'NONE', #2658, #1447, #357, .T. ) ;
#4684 = CARTESIAN_POINT ( 'NONE',  ( -7.430910108977301753, -27.05099999999993088, 69.11488692660384459 ) ) ;
#4685 = VECTOR ( 'NONE', #1824, 1000.000000000000000 ) ;
#4686 = EDGE_LOOP ( 'NONE', ( #4865, #779, #4811, #4021 ) ) ;
#4687 = CARTESIAN_POINT ( 'NONE',  ( 9.546843575801013060, -5.324999999999978861, -2.108522973053412297 ) ) ;
#4688 = ADVANCED_FACE ( 'NONE', ( #3129 ), #3926, .T. ) ;
#4689 = AXIS2_PLACEMENT_3D ( 'NONE', #3799, #2306, #3829 ) ;
#4690 = CARTESIAN_POINT ( 'NONE',  ( 3.087601830909809664, -5.174999999999957190, 71.23259955391759490 ) ) ;
#4691 = VERTEX_POINT ( 'NONE', #1966 ) ;
#4692 = CARTESIAN_POINT ( 'NONE',  ( -17.39785257348826164, -5.175000000000124167, 125.6402265227593062 ) ) ;
#4693 = CARTESIAN_POINT ( 'NONE',  ( -10.11685814750562429, -26.66663351341847488, 15.59345597169138742 ) ) ;
#4694 = ORIENTED_EDGE ( 'NONE', *, *, #443, .T. ) ;
#4695 = LINE ( 'NONE', #2708, #164 ) ;
#4696 = EDGE_LOOP ( 'NONE', ( #2187, #4716, #466, #3052, #434, #293, #1290, #127, #4471, #3347, #1006, #302, #3611, #451, #3146, #1520, #3760, #4761, #306, #2396, #246, #3356, #840, #1235, #2618, #645 ) ) ;
#4697 = DIRECTION ( 'NONE',  ( -0.1736481776669298038, -1.174091553763073032E-15, 0.9848077530122082424 ) ) ;
#4698 = VECTOR ( 'NONE', #3897, 1000.000000000000000 ) ;
#4699 = VECTOR ( 'NONE', #3699, 1000.000000000000227 ) ;
#4700 = CARTESIAN_POINT ( 'NONE',  ( -5.415529829969926823, -5.175000000000031797, 0.3774331620360130146 ) ) ;
#4701 = CARTESIAN_POINT ( 'NONE',  ( -3.559487164239581780, -26.81004201138605225, 54.45360380268171241 ) ) ;
#4702 = VECTOR ( 'NONE', #2019, 1000.000000000000114 ) ;
#4703 = LINE ( 'NONE', #2766, #3481 ) ;
#4704 = VERTEX_POINT ( 'NONE', #3374 ) ;
#4705 = DIRECTION ( 'NONE',  ( -0.9848077530122071321, 0.000000000000000000, 0.1736481776669351884 ) ) ;
#4706 = DIRECTION ( 'NONE',  ( 0.1736481776669314414, 1.205928582073522579E-15, -0.9848077530122079093 ) ) ;
#4707 = ORIENTED_EDGE ( 'NONE', *, *, #1983, .T. ) ;
#4708 = EDGE_CURVE ( 'NONE', #4583, #2315, #4546, .T. ) ;
#4709 = FACE_OUTER_BOUND ( 'NONE', #954, .T. ) ;
#4710 = CARTESIAN_POINT ( 'NONE',  ( 9.525000000000177991, -27.94373853094333171, 68.79076378499429723 ) ) ;
#4711 = DIRECTION ( 'NONE',  ( -0.9848077530122077983, -6.832622436092475853E-15, 0.1736481776669318855 ) ) ;
#4712 = CARTESIAN_POINT ( 'NONE',  ( 10.39276024584355795, -27.87436889988270039, 54.48759071488229466 ) ) ;
#4713 = ORIENTED_EDGE ( 'NONE', *, *, #4177, .F. ) ;
#4714 = DIRECTION ( 'NONE',  ( 0.1736481776669340227, 1.174091553763101431E-15, 0.9848077530122075762 ) ) ;
#4715 = CARTESIAN_POINT ( 'NONE',  ( 11.04900000000018423, -28.57499999999992113, 70.00000000000000000 ) ) ;
#4716 = ORIENTED_EDGE ( 'NONE', *, *, #3040, .F. ) ;
#4717 = FACE_OUTER_BOUND ( 'NONE', #4635, .T. ) ;
#4718 = EDGE_CURVE ( 'NONE', #517, #4348, #18, .T. ) ;
#4719 = CARTESIAN_POINT ( 'NONE',  ( 10.23909648260907623, -28.57499999999992468, -2.382899829780373402 ) ) ;
#4720 = CARTESIAN_POINT ( 'NONE',  ( -13.38680956180625081, -27.05099999999993088, 126.3474816265009508 ) ) ;
#4721 = DIRECTION ( 'NONE',  ( -7.134708084256390400E-15, 1.000000000000000000, 5.034428470365364599E-16 ) ) ;
#4722 = CARTESIAN_POINT ( 'NONE',  ( -17.74514892882196548, -28.65998555266136449, -57.60984202878427141 ) ) ;
#4723 = CARTESIAN_POINT ( 'NONE',  ( 3.275000000000000355, -3.174999999999976286, 69.05466585064348806 ) ) ;
#4724 = EDGE_CURVE ( 'NONE', #1517, #1489, #4776, .T. ) ;
#4725 = EDGE_CURVE ( 'NONE', #3087, #4208, #1359, .T. ) ;
#4726 = DIRECTION ( 'NONE',  ( 1.000000000000000000, 6.920681583949466820E-15, 0.000000000000000000 ) ) ;
#4727 = CARTESIAN_POINT ( 'NONE',  ( -10.70455087336024214, -28.03319524220352577, 15.50751638640266705 ) ) ;
#4728 = LINE ( 'NONE', #2817, #2598 ) ;
#4729 = CARTESIAN_POINT ( 'NONE',  ( -3.257453548667931020, -3.324999999999977085, -0.003093912784537752349 ) ) ;
#4730 = ORIENTED_EDGE ( 'NONE', *, *, #937, .F. ) ;
#4731 = DIRECTION ( 'NONE',  ( -1.000000000000000000, -4.202843067175781436E-15, 0.000000000000000000 ) ) ;
#4732 = CARTESIAN_POINT ( 'NONE',  ( 3.390974049655289146, -4.108551349554762311, 71.28609226127983334 ) ) ;
#4733 = CARTESIAN_POINT ( 'NONE',  ( 12.69999999999999574, 8.500145032286354763E-14, 70.00000000000000000 ) ) ;
#4734 = ORIENTED_EDGE ( 'NONE', *, *, #2038, .T. ) ;
#4735 = CARTESIAN_POINT ( 'NONE',  ( -12.69996092376105423, -28.57500000000008811, 54.99374902313146407 ) ) ;
#4736 = ORIENTED_EDGE ( 'NONE', *, *, #1096, .F. ) ;
#4737 = LINE ( 'NONE', #2471, #3327 ) ;
#4738 = VERTEX_POINT ( 'NONE', #3949 ) ;
#4739 = DIRECTION ( 'NONE',  ( 0.1736481776669318855, -0.000000000000000000, 0.9848077530122079093 ) ) ;
#4740 = EDGE_CURVE ( 'NONE', #2933, #3444, #3263, .T. ) ;
#4741 = CARTESIAN_POINT ( 'NONE',  ( 37.30000000000020322, -28.08749999999980673, 54.49390529755315526 ) ) ;
#4742 = DIRECTION ( 'NONE',  ( -1.000000000000000000, 0.000000000000000000, 0.000000000000000000 ) ) ;
#4743 = CARTESIAN_POINT ( 'NONE',  ( -23.16514460788415164, -25.05099999999994154, 146.8306240195680630 ) ) ;
#4744 = ORIENTED_EDGE ( 'NONE', *, *, #1706, .F. ) ;
#4745 = VECTOR ( 'NONE', #1180, 1000.000000000000114 ) ;
#4746 = EDGE_CURVE ( 'NONE', #2315, #4486, #1326, .T. ) ;
#4747 = EDGE_CURVE ( 'NONE', #686, #711, #578, .T. ) ;
#4748 = DIRECTION ( 'NONE',  ( 0.9848077530122076872, 3.416738256948488308E-15, 0.1736481776669326071 ) ) ;
#4749 = ORIENTED_EDGE ( 'NONE', *, *, #3269, .T. ) ;
#4750 = CARTESIAN_POINT ( 'NONE',  ( -10.03460219032431411, -26.92746525084092823, 15.56954068434352401 ) ) ;
#4751 = CARTESIAN_POINT ( 'NONE',  ( -3.471961550595617396, -27.05099999999993088, 70.11758435624948049 ) ) ;
#4752 = CARTESIAN_POINT ( 'NONE',  ( -17.39785257348811598, -25.05099999999992733, 125.6402265227592778 ) ) ;
#4753 = AXIS2_PLACEMENT_3D ( 'NONE', #3869, #1183, #1594 ) ;
#4754 = VECTOR ( 'NONE', #2083, 1000.000000000000227 ) ;
#4755 = EDGE_LOOP ( 'NONE', ( #4604, #2237, #447, #3404, #3727, #579, #4256, #3840, #3378, #1232, #1558, #4523, #1544, #4644, #383, #1600, #3835, #4169, #1581 ) ) ;
#4756 = DIRECTION ( 'NONE',  ( 0.9848077530122075762, 0.000000000000000000, -0.1736481776669338006 ) ) ;
#4757 = VECTOR ( 'NONE', #2530, 1000.000000000000114 ) ;
#4758 = CIRCLE ( 'NONE', #3469, 20.00000000000000355 ) ;
#4759 = CARTESIAN_POINT ( 'NONE',  ( 3.387066249658484018, -4.125259338249968266, -1.247607829378167388 ) ) ;
#4760 = CARTESIAN_POINT ( 'NONE',  ( -9.526978979102342038, -27.05099999999993088, 15.10267796913286631 ) ) ;
#4761 = ORIENTED_EDGE ( 'NONE', *, *, #2094, .T. ) ;
#4762 = CARTESIAN_POINT ( 'NONE',  ( -10.62179573556390721, -28.00048255822395760, 54.49158019918800022 ) ) ;
#4763 = ORIENTED_EDGE ( 'NONE', *, *, #4638, .T. ) ;
#4764 = ADVANCED_FACE ( 'NONE', ( #4004 ), #772, .T. ) ;
#4765 = AXIS2_PLACEMENT_3D ( 'NONE', #3577, #2377, #1665 ) ;
#4766 = AXIS2_PLACEMENT_3D ( 'NONE', #3185, #521, #2716 ) ;
#4767 = CARTESIAN_POINT ( 'NONE',  ( -12.69996092376105423, -28.57500000000008811, 54.99374902313146407 ) ) ;
#4768 = CARTESIAN_POINT ( 'NONE',  ( -12.19999999999994778, -8.575000000000079226, 34.99999999999925393 ) ) ;
#4769 = CIRCLE ( 'NONE', #80, 2.000000000000000000 ) ;
#4770 = VERTEX_POINT ( 'NONE', #4167 ) ;
#4771 = CARTESIAN_POINT ( 'NONE',  ( -3.276975197684142138, -27.05099999999993088, 15.10267796913286631 ) ) ;
#4772 = LINE ( 'NONE', #142, #1020 ) ;
#4773 = FACE_OUTER_BOUND ( 'NONE', #4072, .T. ) ;
#4774 = EDGE_LOOP ( 'NONE', ( #2449, #3663, #1564, #2022, #2652 ) ) ;
#4775 = CIRCLE ( 'NONE', #1430, 2.575000000000013944 ) ;
#4776 = LINE ( 'NONE', #911, #4440 ) ;
#4777 = EDGE_CURVE ( 'NONE', #3517, #4574, #1037, .T. ) ;
#4778 = CARTESIAN_POINT ( 'NONE',  ( 0.1289585098289414145, -15.87499999999008082, 122.1242700144102002 ) ) ;
#4779 = DIRECTION ( 'NONE',  ( 0.9948841027931885073, 6.902532419413445753E-15, -0.1010228786433665371 ) ) ;
#4780 = AXIS2_PLACEMENT_3D ( 'NONE', #2169, #2495, #283 ) ;
#4781 = PLANE ( 'NONE',  #2021 ) ;
#4782 =( BOUNDED_SURFACE ( )  B_SPLINE_SURFACE ( 3, 1, ( 
 ( #2341, #107 ),
 ( #2412, #3066 ),
 ( #3955, #4619 ),
 ( #847, #3882 ) ),
 .UNSPECIFIED., .F., .F., .T. ) 
 B_SPLINE_SURFACE_WITH_KNOTS ( ( 4, 4 ),
 ( 2, 2 ),
 ( 0.000000000000000000, 1.000000000000000000 ),
 ( 0.000000000000000000, 1.000000000000000000 ),
 .UNSPECIFIED. ) 
 GEOMETRIC_REPRESENTATION_ITEM ( )  RATIONAL_B_SPLINE_SURFACE ( (
 ( 1.000000000000000000, 1.000000000000000000),
 ( 0.8047378541243644934, 0.8047378541243644934),
 ( 0.8047378541243644934, 0.8047378541243644934),
 ( 1.000000000000000000, 1.000000000000000000) ) ) 
 REPRESENTATION_ITEM ( '' )  SURFACE ( )  );
#4783 = EDGE_CURVE ( 'NONE', #3755, #4109, #2233, .T. ) ;
#4784 = ORIENTED_EDGE ( 'NONE', *, *, #3456, .T. ) ;
#4785 = CARTESIAN_POINT ( 'NONE',  ( -10.55786681315151476, -28.49714578361032480, 54.99238886146521565 ) ) ;
#4786 = ORIENTED_EDGE ( 'NONE', *, *, #4777, .F. ) ;
#4787 = CARTESIAN_POINT ( 'NONE',  ( -10.39276024584318669, -27.87436889988284250, 54.48759071488228756 ) ) ;
#4788 = ORIENTED_EDGE ( 'NONE', *, *, #4009, .F. ) ;
#4789 = CARTESIAN_POINT ( 'NONE',  ( -0.09875333346289288938, -3.175000000000000711, -0.5600579846948331442 ) ) ;
#4790 = LINE ( 'NONE', #2852, #2919 ) ;
#4791 = DIRECTION ( 'NONE',  ( -0.1736481776669316635, 0.000000000000000000, 0.9848077530122077983 ) ) ;
#4792 = ORIENTED_EDGE ( 'NONE', *, *, #1186, .T. ) ;
#4793 = CARTESIAN_POINT ( 'NONE',  ( -9.535435003795351250, -26.82644158671914525, 54.42201247805289199 ) ) ;
#4794 = LINE ( 'NONE', #4743, #3565 ) ;
#4795 = ORIENTED_EDGE ( 'NONE', *, *, #3063, .F. ) ;
#4796 = PLANE ( 'NONE',  #2275 ) ;
#4797 = ORIENTED_EDGE ( 'NONE', *, *, #925, .F. ) ;
#4798 = CARTESIAN_POINT ( 'NONE',  ( 12.69996092376143082, -28.57499999999991402, 15.00625097686704379 ) ) ;
#4799 = EDGE_LOOP ( 'NONE', ( #811, #2168, #1129, #4517 ) ) ;
#4800 = ADVANCED_FACE ( 'NONE', ( #3363 ), #2160, .T. ) ;
#4801 = CARTESIAN_POINT ( 'NONE',  ( -12.19999999999981100, -28.08750000000000924, 15.50609470244535260 ) ) ;
#4802 = ORIENTED_EDGE ( 'NONE', *, *, #1641, .F. ) ;
#4803 = EDGE_CURVE ( 'NONE', #4571, #1953, #4914, .T. ) ;
#4804 = CARTESIAN_POINT ( 'NONE',  ( 22.94600121880843702, -15.87499999998996358, -21.89969939989228820 ) ) ;
#4806 = ORIENTED_EDGE ( 'NONE', *, *, #4396, .F. ) ;
#4805 = ADVANCED_FACE ( 'NONE', ( #4821 ), #2, .F. ) ;
#4807 = CARTESIAN_POINT ( 'NONE',  ( -9.377278837047972715, -5.324999999999975309, 1.075996402778852001 ) ) ;
#4808 = EDGE_LOOP ( 'NONE', ( #3264, #253, #1492 ) ) ;
#4809 = CARTESIAN_POINT ( 'NONE',  ( 0.1289585098289379450, -15.87499999999008082, -52.12427001441076868 ) ) ;
#4810 = CARTESIAN_POINT ( 'NONE',  ( -10.26110467677357541, -27.75034536653344830, 54.48313533814079079 ) ) ;
#4811 = ORIENTED_EDGE ( 'NONE', *, *, #2038, .F. ) ;
#4812 = CARTESIAN_POINT ( 'NONE',  ( -15.35642506783067418, -5.175000000000106404, 126.0001852711670978 ) ) ;
#4813 = CARTESIAN_POINT ( 'NONE',  ( 3.274999999999999911, -3.174999999999976286, 0.8817831515842603496 ) ) ;
#4814 = CARTESIAN_POINT ( 'NONE',  ( -12.69999999999980389, -28.57500000000008811, 70.00000000000000000 ) ) ;
#4815 = LINE ( 'NONE', #3738, #4287 ) ;
#4816 = ORIENTED_EDGE ( 'NONE', *, *, #2199, .F. ) ;
#4817 = DIRECTION ( 'NONE',  ( -0.1736481776669336619, 0.000000000000000000, -0.9848077530122075762 ) ) ;
#4818 = CARTESIAN_POINT ( 'NONE',  ( 9.521672339072507540, -26.95900576757117406, 54.43336363733899930 ) ) ;
#4819 = DIRECTION ( 'NONE',  ( -0.1736481776669309973, 0.000000000000000000, 0.9848077530122079093 ) ) ;
#4820 = ORIENTED_EDGE ( 'NONE', *, *, #4747, .T. ) ;
#4821 = FACE_OUTER_BOUND ( 'NONE', #219, .T. ) ;
#4822 = ORIENTED_EDGE ( 'NONE', *, *, #3944, .F. ) ;
#4823 = ADVANCED_FACE ( 'NONE', ( #722 ), #1503, .T. ) ;
#4824 = CARTESIAN_POINT ( 'NONE',  ( -19.39785257348826519, -5.175000000000137490, 125.6402265227593062 ) ) ;
#4825 = PLANE ( 'NONE',  #2190 ) ;
#4826 = EDGE_CURVE ( 'NONE', #1043, #2310, #1434, .T. ) ;
#4827 = VECTOR ( 'NONE', #272, 1000.000000000000000 ) ;
#4828 = CARTESIAN_POINT ( 'NONE',  ( -17.74514892882212536, -5.175000000000122391, -57.60984202878427141 ) ) ;
#4829 = VERTEX_POINT ( 'NONE', #375 ) ;
#4830 = EDGE_CURVE ( 'NONE', #4494, #2227, #628, .T. ) ;
#4831 = VECTOR ( 'NONE', #2282, 1000.000000000000227 ) ;
#4832 = CIRCLE ( 'NONE', #3215, 2.575000000000013944 ) ;
#4833 = B_SPLINE_CURVE_WITH_KNOTS ( 'NONE', 3,
 ( #1111, #2977, #463, #2611 ),
 .UNSPECIFIED., .F., .F.,
 ( 4, 4 ),
 ( 0.000000000000000000, 4.457282258384628654E-05 ),
 .UNSPECIFIED. ) ;
#4834 = CARTESIAN_POINT ( 'NONE',  ( -6.834362389606140731, -27.05099999999993088, 127.5028548526267400 ) ) ;
#4835 = VERTEX_POINT ( 'NONE', #3010 ) ;
#4836 = DIRECTION ( 'NONE',  ( 0.1736481776669313859, 0.000000000000000000, 0.9848077530122079093 ) ) ;
#4837 = ORIENTED_EDGE ( 'NONE', *, *, #649, .F. ) ;
#4838 = EDGE_CURVE ( 'NONE', #3647, #4691, #1166, .T. ) ;
#4839 = AXIS2_PLACEMENT_3D ( 'NONE', #850, #920, #1308 ) ;
#4840 = CARTESIAN_POINT ( 'NONE',  ( 10.28582960522779466, -28.37389837094934819, 15.01005255311114084 ) ) ;
#4841 = CARTESIAN_POINT ( 'NONE',  ( -4.864746883581726244, -28.65985123936289725, 127.8501512079606215 ) ) ;
#4842 = CARTESIAN_POINT ( 'NONE',  ( 10.15536920375365249, -26.60160000000011138, 15.60011101990452609 ) ) ;
#4843 = EDGE_LOOP ( 'NONE', ( #508, #4795, #1079, #3409 ) ) ;
#4844 = CARTESIAN_POINT ( 'NONE',  ( -10.16166879517131605, -26.59078119805314344, 54.39878541934962186 ) ) ;
#4845 = CARTESIAN_POINT ( 'NONE',  ( 11.04900000000018423, -28.57499999999992113, 1.069481190457825859 ) ) ;
#4846 = VECTOR ( 'NONE', #3449, 1000.000000000000000 ) ;
#4847 = AXIS2_PLACEMENT_3D ( 'NONE', #3396, #776, #2621 ) ;
#4848 = VECTOR ( 'NONE', #3443, 1000.000000000000000 ) ;
#4849 = DIRECTION ( 'NONE',  ( 0.9848077530122073542, 6.836577773956856050E-15, -0.1736481776669339949 ) ) ;
#4850 = LINE ( 'NONE', #4389, #3895 ) ;
#4851 = VERTEX_POINT ( 'NONE', #4557 ) ;
#4852 = CYLINDRICAL_SURFACE ( 'NONE', #2257, 2.000000000000000444 ) ;
#4853 = VECTOR ( 'NONE', #1744, 1000.000000000000000 ) ;
#4854 = AXIS2_PLACEMENT_3D ( 'NONE', #1914, #878, #4303 ) ;
#4855 = CARTESIAN_POINT ( 'NONE',  ( -13.38680956180628101, -27.05099999999993088, -56.34748162650150505 ) ) ;
#4856 = FACE_OUTER_BOUND ( 'NONE', #2243, .T. ) ;
#4857 = ORIENTED_EDGE ( 'NONE', *, *, #4482, .F. ) ;
#4858 = VECTOR ( 'NONE', #999, 999.9999999999998863 ) ;
#4859 = CYLINDRICAL_SURFACE ( 'NONE', #2665, 2.575000000000013944 ) ;
#4860 = EDGE_CURVE ( 'NONE', #3647, #980, #2768, .T. ) ;
#4861 = AXIS2_PLACEMENT_3D ( 'NONE', #1197, #1123, #4586 ) ;
#4862 = ORIENTED_EDGE ( 'NONE', *, *, #4783, .F. ) ;
#4863 = VERTEX_POINT ( 'NONE', #3287 ) ;
#4864 = DIRECTION ( 'NONE',  ( 0.1736481776669318577, 0.000000000000000000, 0.9848077530122077983 ) ) ;
#4865 = ORIENTED_EDGE ( 'NONE', *, *, #1233, .T. ) ;
#4866 = CARTESIAN_POINT ( 'NONE',  ( 11.23667321446462530, -27.05099999999992377, 72.40648553115005370 ) ) ;
#4867 = CIRCLE ( 'NONE', #1205, 2.575000000000010392 ) ;
#4868 = ADVANCED_FACE ( 'NONE', ( #2904 ), #4852, .T. ) ;
#4869 = CARTESIAN_POINT ( 'NONE',  ( -15.70372142316456276, -28.65998555266133607, -57.96980077719206292 ) ) ;
#4870 = DIRECTION ( 'NONE',  ( 6.938226849142563131E-15, -1.000000000000000000, -1.135382491375466552E-18 ) ) ;
#4871 = ORIENTED_EDGE ( 'NONE', *, *, #4507, .F. ) ;
#4872 = DIRECTION ( 'NONE',  ( -0.1736481776669309141, 0.000000000000000000, 0.9848077530122080203 ) ) ;
#4873 = DIRECTION ( 'NONE',  ( -0.9848077530122079093, -6.832622436092476642E-15, 0.1736481776669318577 ) ) ;
#4874 = EDGE_CURVE ( 'NONE', #1670, #708, #1821, .T. ) ;
#4875 = DIRECTION ( 'NONE',  ( 0.1736481776669340227, 1.174091553763101431E-15, 0.9848077530122075762 ) ) ;
#4876 = EDGE_CURVE ( 'NONE', #3315, #346, #2018, .T. ) ;
#4877 = EDGE_CURVE ( 'NONE', #1064, #4299, #3618, .T. ) ;
#4878 = DIRECTION ( 'NONE',  ( 0.1736481776669318577, 0.000000000000000000, 0.9848077530122076872 ) ) ;
#4879 = EDGE_LOOP ( 'NONE', ( #2017, #3735, #3806, #1580 ) ) ;
#4880 = FACE_OUTER_BOUND ( 'NONE', #2256, .T. ) ;
#4881 = DIRECTION ( 'NONE',  ( -0.1736481776669298038, -1.174091553763073032E-15, 0.9848077530122082424 ) ) ;
#4882 = ORIENTED_EDGE ( 'NONE', *, *, #506, .F. ) ;
#4883 = FACE_BOUND ( 'NONE', #3093, .T. ) ;
#4884 = CARTESIAN_POINT ( 'NONE',  ( -9.351231610397931604, -5.324999999999975309, 1.223717565730683132 ) ) ;
#4885 = ORIENTED_EDGE ( 'NONE', *, *, #1867, .F. ) ;
#4886 = CARTESIAN_POINT ( 'NONE',  ( -11.93383801599184224, -15.87499999999020872, -13.13471913441743766 ) ) ;
#4887 = CARTESIAN_POINT ( 'NONE',  ( -6.834362389606142507, -27.05099999999993088, -57.50285485262732976 ) ) ;
#4888 = ORIENTED_EDGE ( 'NONE', *, *, #1774, .F. ) ;
#4889 = CARTESIAN_POINT ( 'NONE',  ( 9.601073246284922647, -27.05099999999993443, -2.118085127114629707 ) ) ;
#4890 = LINE ( 'NONE', #4499, #3716 ) ;
#4891 = VERTEX_POINT ( 'NONE', #1916 ) ;
#4892 = DIRECTION ( 'NONE',  ( 0.9848077530122080203, -0.000000000000000000, 0.1736481776669310251 ) ) ;
#4893 = PLANE ( 'NONE',  #1946 ) ;
#4894 = EDGE_LOOP ( 'NONE', ( #4549, #4180, #1922, #2067 ) ) ;
#4895 = CARTESIAN_POINT ( 'NONE',  ( -9.542646294918085914, -26.78472401708423689, 54.92755585536705354 ) ) ;
#4896 = CYLINDRICAL_SURFACE ( 'NONE', #4464, 2.575000000000010392 ) ;
#4897 = EDGE_CURVE ( 'NONE', #2955, #2391, #4606, .T. ) ;
#4898 = CARTESIAN_POINT ( 'NONE',  ( 10.69084370582433330, -28.04041052022238389, 54.49286443007217429 ) ) ;
#4899 = DIRECTION ( 'NONE',  ( -1.000000000000000000, -6.942122096537190633E-15, 0.000000000000000000 ) ) ;
#4900 = ORIENTED_EDGE ( 'NONE', *, *, #4396, .T. ) ;
#4901 = DIRECTION ( 'NONE',  ( 0.1736481776669315524, 1.205928582073523368E-15, 0.9848077530122080203 ) ) ;
#4902 = ADVANCED_FACE ( 'NONE', ( #1570 ), #3056, .T. ) ;
#4903 = CARTESIAN_POINT ( 'NONE',  ( 11.04900000000018245, -28.08749999999992042, 15.50609470244534727 ) ) ;
#4904 = ORIENTED_EDGE ( 'NONE', *, *, #3797, .F. ) ;
#4905 = CARTESIAN_POINT ( 'NONE',  ( 3.364347963998287838, -3.324999999999978861, -1.170696180363744121 ) ) ;
#4906 = DIRECTION ( 'NONE',  ( -0.9848077530122076872, -6.832622436092475853E-15, -0.1736481776669318577 ) ) ;
#4907 = ORIENTED_EDGE ( 'NONE', *, *, #1477, .F. ) ;
#4908 = CIRCLE ( 'NONE', #4205, 2.575000000000010392 ) ;
#4909 = EDGE_LOOP ( 'NONE', ( #2778, #3018, #611, #2693, #2944, #1070, #4354, #1223, #4473, #1766, #4675, #3473, #2454, #187, #4763, #3783, #4453, #3544, #1634, #3493, #4786, #1649 ) ) ;
#4910 = CARTESIAN_POINT ( 'NONE',  ( 6.996523472651396958, -3.174999999999953637, 71.65883272942437543 ) ) ;
#4911 = AXIS2_PLACEMENT_3D ( 'NONE', #1117, #352, #2620 ) ;
#4912 = CARTESIAN_POINT ( 'NONE',  ( 3.775000000000000799, -26.60160000000015401, 54.39988898009398355 ) ) ;
#4913 = CARTESIAN_POINT ( 'NONE',  ( -9.351231610397931604, -27.05099999999992733, 1.223717565730709111 ) ) ;
#4914 = CIRCLE ( 'NONE', #781, 2.575000000000013944 ) ;
#4915 = AXIS2_PLACEMENT_3D ( 'NONE', #4671, #4721, #169 ) ;
#4916 = VERTEX_POINT ( 'NONE', #3079 ) ;
#4917 = DIRECTION ( 'NONE',  ( 0.1736481776669340227, 1.174091553763101431E-15, 0.9848077530122075762 ) ) ;
#4918 = CARTESIAN_POINT ( 'NONE',  ( -10.17183065538454656, -28.30427638897073095, 15.01157852731789788 ) ) ;
#4919 = ORIENTED_EDGE ( 'NONE', *, *, #461, .T. ) ;
#4920 = FACE_OUTER_BOUND ( 'NONE', #4774, .T. ) ;
#4921 = DIRECTION ( 'NONE',  ( -1.000000000000000000, -4.202843067175781436E-15, 0.000000000000000000 ) ) ;
#4922 = ORIENTED_EDGE ( 'NONE', *, *, #768, .F. ) ;
#4923 = EDGE_CURVE ( 'NONE', #374, #596, #4632, .T. ) ;
#4924 = AXIS2_PLACEMENT_3D ( 'NONE', #2585, #3749, #349 ) ;
#4925 = VECTOR ( 'NONE', #1217, 1000.000000000000227 ) ;
ENDSEC;
END-ISO-10303-21;
