ISO-10303-21;
HEADER;
FILE_DESCRIPTION (( 'STEP AP214' ),
    '1' );
FILE_NAME ('Swivel_Housing.STEP',
    '2026-06-26T06:45:09',
    ( '' ),
    ( '' ),
    'SwSTEP 2.0',
    'SolidWorks 2025',
    '' );
FILE_SCHEMA (( 'AUTOMOTIVE_DESIGN' ));
ENDSEC;

DATA;
#1 = ORIENTED_EDGE ( 'NONE', *, *, #4567, .F. ) ;
#2 = CARTESIAN_POINT ( 'NONE',  ( -29.34493141924177095, 3.174999999999999822, 29.34493141924154713 ) ) ;
#3 = AXIS2_PLACEMENT_3D ( 'NONE', #4155, #1502, #3041 ) ;
#4 = DIRECTION ( 'NONE',  ( 0.7660444431189771253, 0.000000000000000000, 0.6427876096865405842 ) ) ;
#5 = CARTESIAN_POINT ( 'NONE',  ( -26.23332803899892340, 32.14999999533009856, -8.249999999895321068 ) ) ;
#6 = DIRECTION ( 'NONE',  ( -0.000000000000000000, -1.000000000000000000, -0.000000000000000000 ) ) ;
#7 = CYLINDRICAL_SURFACE ( 'NONE', #726, 1.000000000000000888 ) ;
#8 = CARTESIAN_POINT ( 'NONE',  ( -28.18224645166930031, 34.18932756309996535, 9.647658086641033748 ) ) ;
#9 = EDGE_CURVE ( 'NONE', #2979, #2442, #5000, .T. ) ;
#10 = CARTESIAN_POINT ( 'NONE',  ( -27.93710476943646270, 37.68039244938998422, 10.86141400976313598 ) ) ;
#11 = CARTESIAN_POINT ( 'NONE',  ( -28.72844936928142445, 37.85786482347776882, 10.40096914089537883 ) ) ;
#12 = ORIENTED_EDGE ( 'NONE', *, *, #725, .T. ) ;
#13 = B_SPLINE_CURVE_WITH_KNOTS ( 'NONE', 3,
 ( #1084, #2683, #1652, #3968, #3161, #3219, #2400, #4254, #2003, #847, #3507, #2423, #71, #4690, #424, #799 ),
 .UNSPECIFIED., .F., .F.,
 ( 4, 2, 2, 2, 2, 2, 2, 4 ),
 ( 0.000000000000000000, 0.0003965881170720346482, 0.0007931762341440692964, 0.001586352468288135340, 0.001982940585360175572, 0.002379528702432215804, 0.002776116819504256036, 0.003172704936576296701 ),
 .UNSPECIFIED. ) ;
#14 = ORIENTED_EDGE ( 'NONE', *, *, #1201, .F. ) ;
#15 = CARTESIAN_POINT ( 'NONE',  ( -26.23332803895827681, 32.14999999533010566, 8.250000000024590108 ) ) ;
#16 = DIRECTION ( 'NONE',  ( -0.000000000000000000, 1.000000000000000000, -0.000000000000000000 ) ) ;
#17 = LINE ( 'NONE', #4583, #3202 ) ;
#18 = ORIENTED_EDGE ( 'NONE', *, *, #4620, .T. ) ;
#19 = CARTESIAN_POINT ( 'NONE',  ( -27.75760585556307447, 32.88094263769311709, -9.522218778590771038 ) ) ;
#20 = ORIENTED_EDGE ( 'NONE', *, *, #3957, .F. ) ;
#21 = DIRECTION ( 'NONE',  ( 0.000000000000000000, -1.000000000000000000, 0.000000000000000000 ) ) ;
#22 = ORIENTED_EDGE ( 'NONE', *, *, #944, .T. ) ;
#23 = CARTESIAN_POINT ( 'NONE',  ( -27.85134042424406076, 40.08661569974732686, 9.396409660952199872 ) ) ;
#24 =( BOUNDED_SURFACE ( )  B_SPLINE_SURFACE ( 3, 2, ( 
 ( #177, #1701, #3235 ),
 ( #2468, #3684, #2550 ),
 ( #255, #295, #2985 ),
 ( #4888, #4144, #1445 ),
 ( #2166, #3707, #4865 ),
 ( #2957, #2116, #4529 ),
 ( #4452, #694, #1070 ),
 ( #2598, #998, #2520 ),
 ( #4061, #1396, #2930 ),
 ( #4478, #4360, #612 ) ),
 .UNSPECIFIED., .F., .F., .T. ) 
 B_SPLINE_SURFACE_WITH_KNOTS ( ( 4, 2, 2, 2, 4 ),
 ( 3, 3 ),
 ( 0.000000000000000000, 0.0005458296015579909826, 0.001091659203115981965, 0.001637488804673972948, 0.002183318406231963930 ),
 ( 0.000000000000000000, 1.000000000000000000 ),
 .UNSPECIFIED. ) 
 GEOMETRIC_REPRESENTATION_ITEM ( )  RATIONAL_B_SPLINE_SURFACE ( (
 ( 1.000000000000000000, 0.5635883306061352238, 1.000000000000000000),
 ( 1.000000000000000000, 0.5635044010188797747, 1.000000000000000000),
 ( 1.000000000000000000, 0.5684261581105705119, 1.000000000000000000),
 ( 1.000000000000000000, 0.5857194404192986870, 1.000000000000000000),
 ( 1.000000000000000000, 0.5981530421036711509, 1.000000000000000000),
 ( 1.000000000000000000, 0.6264686472712051035, 1.000000000000000000),
 ( 1.000000000000000000, 0.6425273112165030831, 1.000000000000000000),
 ( 1.000000000000000000, 0.6748853425660412686, 1.000000000000000000),
 ( 1.000000000000000000, 0.6914995740039152627, 1.000000000000000000),
 ( 1.000000000000000000, 0.7071067811865450192, 1.000000000000000000) ) ) 
 REPRESENTATION_ITEM ( '' )  SURFACE ( )  );
#25 = DIRECTION ( 'NONE',  ( 0.000000000000000000, 0.000000000000000000, 1.000000000000000000 ) ) ;
#26 = DIRECTION ( 'NONE',  ( 0.000000000000000000, 0.000000000000000000, 1.000000000000000000 ) ) ;
#27 = APPLICATION_CONTEXT ( 'automotive_design' ) ;
#28 = DIRECTION ( 'NONE',  ( 0.000000000000000000, 0.000000000000000000, 1.000000000000000000 ) ) ;
#29 = EDGE_CURVE ( 'NONE', #2570, #4533, #3710, .T. ) ;
#30 = EDGE_CURVE ( 'NONE', #1093, #3462, #278, .T. ) ;
#31 = CARTESIAN_POINT ( 'NONE',  ( -28.39808839198940404, 37.49999999999999289, 9.550000000025482549 ) ) ;
#32 = DIRECTION ( 'NONE',  ( 0.000000000000000000, 0.000000000000000000, -1.000000000000000000 ) ) ;
#33 = ORIENTED_EDGE ( 'NONE', *, *, #549, .F. ) ;
#34 = ORIENTED_EDGE ( 'NONE', *, *, #760, .F. ) ;
#35 = ORIENTED_EDGE ( 'NONE', *, *, #760, .T. ) ;
#36 = ADVANCED_FACE ( 'NONE', ( #2190 ), #2884, .F. ) ;
#37 = AXIS2_PLACEMENT_3D ( 'NONE', #2164, #4942, #1370 ) ;
#38 = FACE_OUTER_BOUND ( 'NONE', #1572, .T. ) ;
#39 = ORIENTED_EDGE ( 'NONE', *, *, #1521, .T. ) ;
#40 = VERTEX_POINT ( 'NONE', #4921 ) ;
#41 = CARTESIAN_POINT ( 'NONE',  ( 15.37373356799227508, 47.21999999999999176, 11.58493919568105213 ) ) ;
#42 = VERTEX_POINT ( 'NONE', #4427 ) ;
#43 = CIRCLE ( 'NONE', #2852, 53.75000000000000000 ) ;
#44 = CARTESIAN_POINT ( 'NONE',  ( -27.10723743441017675, 32.14999999533009856, -8.677239281239181423 ) ) ;
#45 = CARTESIAN_POINT ( 'NONE',  ( -17.78504745293480127, -17.70000000000004903, -48.86401628086719739 ) ) ;
#46 = PLANE ( 'NONE',  #623 ) ;
#47 = ADVANCED_FACE ( 'NONE', ( #2695 ), #2662, .F. ) ;
#48 = CARTESIAN_POINT ( 'NONE',  ( -26.15501587558908980, 41.54999998910203374, -8.499016808646841170 ) ) ;
#49 = DIRECTION ( 'NONE',  ( 0.000000000000000000, 1.000000000000000000, 0.000000000000000000 ) ) ;
#50 = DIRECTION ( 'NONE',  ( 0.000000000000000000, 1.000000000000000000, 0.000000000000000000 ) ) ;
#51 = VERTEX_POINT ( 'NONE', #3567 ) ;
#52 = VERTEX_POINT ( 'NONE', #1667 ) ;
#53 = CARTESIAN_POINT ( 'NONE',  ( -26.97361488193098822, 34.83295208067398363, -9.549999999891516822 ) ) ;
#54 = FACE_OUTER_BOUND ( 'NONE', #3010, .T. ) ;
#55 = CIRCLE ( 'NONE', #3748, 0.9999999999999991118 ) ;
#56 = CIRCLE ( 'NONE', #1905, 51.99999999999999289 ) ;
#57 = AXIS2_PLACEMENT_3D ( 'NONE', #4231, #4138, #2256 ) ;
#58 = EDGE_CURVE ( 'NONE', #853, #3681, #3535, .T. ) ;
#59 = CARTESIAN_POINT ( 'NONE',  ( -28.87016174860090345, 31.79771695737967363, -10.36725610172492829 ) ) ;
#60 = AXIS2_PLACEMENT_3D ( 'NONE', #1397, #1779, #3726 ) ;
#61 = CARTESIAN_POINT ( 'NONE',  ( -27.01407056690058539, 34.68809709407901209, -9.549999999891518598 ) ) ;
#62 = ORIENTED_EDGE ( 'NONE', *, *, #1662, .F. ) ;
#63 = CARTESIAN_POINT ( 'NONE',  ( -28.67098358431189098, 39.55000000000011084, -10.90551811277750005 ) ) ;
#64 = VERTEX_POINT ( 'NONE', #2042 ) ;
#65 = ORIENTED_EDGE ( 'NONE', *, *, #861, .F. ) ;
#66 = CIRCLE ( 'NONE', #3364, 2.250000000000001776 ) ;
#67 = DIRECTION ( 'NONE',  ( 0.000000000000000000, 0.000000000000000000, 1.000000000000000000 ) ) ;
#68 = CIRCLE ( 'NONE', #471, 2.250000000000002220 ) ;
#69 = CARTESIAN_POINT ( 'NONE',  ( -27.91406590418096911, 34.16147401272553452, 9.569571706678841494 ) ) ;
#70 = LINE ( 'NONE', #4978, #3602 ) ;
#71 = CARTESIAN_POINT ( 'NONE',  ( -25.57139657816199829, 32.62714393779094024, -10.11703517962400767 ) ) ;
#72 = CARTESIAN_POINT ( 'NONE',  ( -28.70040407537002380, 38.22334167307434427, -10.25280687169387761 ) ) ;
#73 = CONICAL_SURFACE ( 'NONE', #4008, 52.32500000000007390, 0.7853981633974450594 ) ;
#74 = CARTESIAN_POINT ( 'NONE',  ( -27.18726724041706433, 40.55000000000011084, -8.549999999891515046 ) ) ;
#75 = ADVANCED_FACE ( 'NONE', ( #138 ), #2898, .T. ) ;
#76 = CARTESIAN_POINT ( 'NONE',  ( -27.73631419275932330, 34.49999999999998579, 10.55000000002548433 ) ) ;
#77 = EDGE_CURVE ( 'NONE', #4454, #152, #1556, .T. ) ;
#78 = DIRECTION ( 'NONE',  ( 0.9575939161677660127, 0.000000000000000000, -0.2881213142384326242 ) ) ;
#79 = VECTOR ( 'NONE', #3340, 1000.000000000000000 ) ;
#80 = CARTESIAN_POINT ( 'NONE',  ( 11.58493919599269084, 44.19499999999999318, -15.37373356831901461 ) ) ;
#81 = ORIENTED_EDGE ( 'NONE', *, *, #1479, .T. ) ;
#82 = ORIENTED_EDGE ( 'NONE', *, *, #2258, .F. ) ;
#83 = CARTESIAN_POINT ( 'NONE',  ( -28.37733470575222938, 33.85000000000000142, -9.549999999891516822 ) ) ;
#84 = CARTESIAN_POINT ( 'NONE',  ( 48.86401628086726134, -17.70000000000004903, -17.78504745293463429 ) ) ;
#85 = EDGE_LOOP ( 'NONE', ( #1371, #489 ) ) ;
#86 = EDGE_CURVE ( 'NONE', #4727, #275, #4684, .T. ) ;
#87 = ADVANCED_FACE ( 'NONE', ( #2257 ), #1956, .F. ) ;
#88 = CARTESIAN_POINT ( 'NONE',  ( -29.21319776314591010, 41.50197907563354249, 9.360091364180316731 ) ) ;
#89 = DIRECTION ( 'NONE',  ( 0.000000000000000000, 0.000000000000000000, 1.000000000000000000 ) ) ;
#90 = CARTESIAN_POINT ( 'NONE',  ( -25.62712097346593865, 40.45617096138317947, -9.975148341985804024 ) ) ;
#91 = CARTESIAN_POINT ( 'NONE',  ( 0.000000000000000000, 45.71999999999999176, 29.17500000000000071 ) ) ;
#92 = EDGE_LOOP ( 'NONE', ( #1120, #817 ) ) ;
#93 = CARTESIAN_POINT ( 'NONE',  ( -27.81580237832910285, 32.69779410519964813, -9.444376954407809777 ) ) ;
#94 = DIRECTION ( 'NONE',  ( 0.000000000000000000, -1.000000000000000000, 0.000000000000000000 ) ) ;
#95 = ORIENTED_EDGE ( 'NONE', *, *, #3022, .T. ) ;
#96 = AXIS2_PLACEMENT_3D ( 'NONE', #2686, #3802, #2712 ) ;
#97 = CARTESIAN_POINT ( 'NONE',  ( -28.13773567234048656, 34.26700428329880310, 9.613547484422895195 ) ) ;
#98 = VERTEX_POINT ( 'NONE', #2325 ) ;
#99 = DIRECTION ( 'NONE',  ( 0.000000000000000000, 1.000000000000000000, 0.000000000000000000 ) ) ;
#100 = CARTESIAN_POINT ( 'NONE',  ( -28.73631419281027988, 34.49999999999998579, -10.54999999989151682 ) ) ;
#101 = CARTESIAN_POINT ( 'NONE',  ( -27.96182741566621033, 38.61563589971049026, -9.549999999891518598 ) ) ;
#102 = ADVANCED_FACE ( 'NONE', ( #755 ), #492, .T. ) ;
#103 = FACE_BOUND ( 'NONE', #2492, .T. ) ;
#104 = DIRECTION ( 'NONE',  ( 0.000000000000000000, 1.000000000000000000, 0.000000000000000000 ) ) ;
#105 = DIRECTION ( 'NONE',  ( -0.000000000000000000, -1.000000000000000000, -0.000000000000000000 ) ) ;
#106 = ORIENTED_EDGE ( 'NONE', *, *, #860, .F. ) ;
#107 = ADVANCED_FACE ( 'NONE', ( #1609 ), #4572, .F. ) ;
#108 = ORIENTED_EDGE ( 'NONE', *, *, #3580, .T. ) ;
#109 = CARTESIAN_POINT ( 'NONE',  ( 48.86401628086726134, -17.70000000000004903, -17.78504745293463429 ) ) ;
#110 = CARTESIAN_POINT ( 'NONE',  ( -28.69731014655033619, 40.08103163588151574, -10.83609193337026610 ) ) ;
#111 = ORIENTED_EDGE ( 'NONE', *, *, #4371, .T. ) ;
#112 = DIRECTION ( 'NONE',  ( 0.000000000000000000, 0.000000000000000000, -1.000000000000000000 ) ) ;
#113 = DIRECTION ( 'NONE',  ( 0.000000000000000000, 0.000000000000000000, -1.000000000000000000 ) ) ;
#114 = ORIENTED_EDGE ( 'NONE', *, *, #3785, .T. ) ;
#115 = EDGE_CURVE ( 'NONE', #1646, #1093, #2251, .T. ) ;
#116 =( LENGTH_UNIT ( ) NAMED_UNIT ( * ) SI_UNIT ( .MILLI., .METRE. ) );
#117 = ORIENTED_EDGE ( 'NONE', *, *, #4097, .F. ) ;
#118 = ORIENTED_EDGE ( 'NONE', *, *, #1925, .F. ) ;
#119 = CIRCLE ( 'NONE', #1730, 0.3499999999999996447 ) ;
#120 = CARTESIAN_POINT ( 'NONE',  ( -29.18657898711802545, 39.60943735735388316, 9.550000000073543660 ) ) ;
#121 = CARTESIAN_POINT ( 'NONE',  ( -28.72249959733634128, 34.49102051294193672, -10.38435475275244180 ) ) ;
#122 = CARTESIAN_POINT ( 'NONE',  ( -26.93238060401386846, 37.49999999999999289, 10.55000000002548433 ) ) ;
#123 = DIRECTION ( 'NONE',  ( 0.000000000000000000, 0.000000000000000000, 1.000000000000000000 ) ) ;
#124 = CIRCLE ( 'NONE', #3489, 27.50000000000000000 ) ;
#125 = FACE_OUTER_BOUND ( 'NONE', #4784, .T. ) ;
#126 = EDGE_CURVE ( 'NONE', #4400, #315, #66, .T. ) ;
#127 = EDGE_CURVE ( 'NONE', #3290, #4284, #829, .T. ) ;
#128 = CARTESIAN_POINT ( 'NONE',  ( -51.40354587317492729, 1.060323173892711690, 17.92999999999990379 ) ) ;
#129 = CARTESIAN_POINT ( 'NONE',  ( 0.000000000000000000, 38.19999999999999574, 0.000000000000000000 ) ) ;
#130 = CIRCLE ( 'NONE', #3825, 1.000000000000000888 ) ;
#131 = CARTESIAN_POINT ( 'NONE',  ( -43.85000000000004405, 3.174999999999999822, 2.727178028658936437 ) ) ;
#132 = EDGE_LOOP ( 'NONE', ( #2456, #4455, #3858, #3883 ) ) ;
#133 = VERTEX_POINT ( 'NONE', #1143 ) ;
#134 = CARTESIAN_POINT ( 'NONE',  ( -28.21676522605404358, 35.08025427764521709, -9.549999999891355174 ) ) ;
#135 = FACE_OUTER_BOUND ( 'NONE', #742, .T. ) ;
#136 = CARTESIAN_POINT ( 'NONE',  ( -27.90589286668584279, 40.19782662088736203, -9.322436270512726608 ) ) ;
#137 = ORIENTED_EDGE ( 'NONE', *, *, #899, .T. ) ;
#138 = FACE_OUTER_BOUND ( 'NONE', #1277, .T. ) ;
#139 = ORIENTED_EDGE ( 'NONE', *, *, #2362, .F. ) ;
#140 = VECTOR ( 'NONE', #4255, 1000.000000000000000 ) ;
#141 = CARTESIAN_POINT ( 'NONE',  ( -28.24866005642402911, 37.84137728368246911, -10.63958306943435517 ) ) ;
#142 = EDGE_CURVE ( 'NONE', #1559, #4834, #1800, .T. ) ;
#143 = CARTESIAN_POINT ( 'NONE',  ( -46.51384310073722617, 3.174999999999999822, -17.92999999999992866 ) ) ;
#144 = CARTESIAN_POINT ( 'NONE',  ( 0.000000000000000000, 3.174999999999999822, 0.000000000000000000 ) ) ;
#145 = AXIS2_PLACEMENT_3D ( 'NONE', #2479, #4462, #265 ) ;
#146 = CIRCLE ( 'NONE', #4649, 30.67500000000000071 ) ;
#147 = ADVANCED_FACE ( 'NONE', ( #2106 ), #4693, .F. ) ;
#148 = EDGE_LOOP ( 'NONE', ( #2714, #3456 ) ) ;
#149 = DIRECTION ( 'NONE',  ( -0.000000000000000000, 1.000000000000000000, -0.000000000000000000 ) ) ;
#150 = EDGE_LOOP ( 'NONE', ( #2051, #3711 ) ) ;
#151 = AXIS2_PLACEMENT_3D ( 'NONE', #4861, #273, #3723 ) ;
#152 = VERTEX_POINT ( 'NONE', #2817 ) ;
#153 = DIRECTION ( 'NONE',  ( 0.000000000000000000, -1.000000000000000000, 0.000000000000000000 ) ) ;
#154 = AXIS2_PLACEMENT_3D ( 'NONE', #201, #1372, #2071 ) ;
#155 = CARTESIAN_POINT ( 'NONE',  ( -29.17703381716092181, 39.79598075446719463, 9.546478534645126857 ) ) ;
#156 = CARTESIAN_POINT ( 'NONE',  ( -28.72249959733634839, 34.49102051294194382, -10.38435475275248265 ) ) ;
#157 = CARTESIAN_POINT ( 'NONE',  ( -28.73631419275932330, 34.49999999999998579, 10.55000000002548433 ) ) ;
#158 = CIRCLE ( 'NONE', #2965, 30.67500000000000071 ) ;
#159 = CYLINDRICAL_SURFACE ( 'NONE', #1182, 29.92500000000000426 ) ;
#160 = CARTESIAN_POINT ( 'NONE',  ( 29.34493141924177095, 3.174999999999999822, -27.09493141924176740 ) ) ;
#161 = CARTESIAN_POINT ( 'NONE',  ( -25.95030806829995029, 41.34926203546626766, -9.102015266456588094 ) ) ;
#162 = CARTESIAN_POINT ( 'NONE',  ( 0.000000000000000000, 34.84999999999999432, 0.000000000000000000 ) ) ;
#163 = CARTESIAN_POINT ( 'NONE',  ( -26.93238060401387202, 35.07095151738086258, 9.550000000025482549 ) ) ;
#164 = VERTEX_POINT ( 'NONE', #909 ) ;
#165 = VECTOR ( 'NONE', #4298, 1000.000000000000000 ) ;
#166 = AXIS2_PLACEMENT_3D ( 'NONE', #3421, #4276, #2296 ) ;
#167 = EDGE_LOOP ( 'NONE', ( #2377, #1924, #3574, #1447 ) ) ;
#168 =( BOUNDED_CURVE ( )  B_SPLINE_CURVE ( 3, ( #1639, #1193, #3879, #4624 ),
 .UNSPECIFIED., .F., .F. ) 
 B_SPLINE_CURVE_WITH_KNOTS ( ( 4, 4 ),
 ( 6.116773045949097209, 6.283185307179586232 ),
 .UNSPECIFIED. ) 
 CURVE ( )  GEOMETRIC_REPRESENTATION_ITEM ( )  RATIONAL_B_SPLINE_CURVE ( ( 1.000000000000000000, 0.9976935777335507183, 0.9976935777335507183, 1.000000000000000000 ) ) 
 REPRESENTATION_ITEM ( '' )  );
#169 = EDGE_CURVE ( 'NONE', #1901, #2715, #4330, .T. ) ;
#170 = CARTESIAN_POINT ( 'NONE',  ( -26.69015952622391907, 40.24445279059322900, -9.272388279845538150 ) ) ;
#171 = EDGE_CURVE ( 'NONE', #362, #2213, #4354, .T. ) ;
#172 = CARTESIAN_POINT ( 'NONE',  ( -27.74235855544882412, 39.69430780045675533, -9.542072644438265527 ) ) ;
#173 = AXIS2_PLACEMENT_3D ( 'NONE', #186, #579, #1711 ) ;
#174 = ORIENTED_EDGE ( 'NONE', *, *, #898, .F. ) ;
#175 = CARTESIAN_POINT ( 'NONE',  ( -26.14668158747590354, 32.09884407691259156, 8.524665236442546146 ) ) ;
#176 = CARTESIAN_POINT ( 'NONE',  ( -28.31201106067965867, 37.80474085534664397, -9.549999999891516822 ) ) ;
#177 = CARTESIAN_POINT ( 'NONE',  ( -26.93238060401386846, 35.19999999999999574, 9.550000000025482549 ) ) ;
#178 = CARTESIAN_POINT ( 'NONE',  ( -48.81101412591220878, 0.000000000000000000, -17.92999999999990024 ) ) ;
#179 = ORIENTED_EDGE ( 'NONE', *, *, #1550, .F. ) ;
#180 = ORIENTED_EDGE ( 'NONE', *, *, #4711, .F. ) ;
#181 = EDGE_LOOP ( 'NONE', ( #1621, #4526, #118, #2928 ) ) ;
#182 = CYLINDRICAL_SURFACE ( 'NONE', #1108, 1.000000000000000888 ) ;
#183 = CARTESIAN_POINT ( 'NONE',  ( -26.89806861823523221, 40.45243818727814045, -8.985623862178529819 ) ) ;
#184 = CARTESIAN_POINT ( 'NONE',  ( -29.22552585214265264, 40.25729800056993213, 9.334193709809449402 ) ) ;
#185 = CARTESIAN_POINT ( 'NONE',  ( -28.13773567258931152, 34.26700428322592273, -9.613547484441447466 ) ) ;
#186 = CARTESIAN_POINT ( 'NONE',  ( -27.18726724037493980, 41.55000000000011795, 8.550000000025478997 ) ) ;
#187 = CARTESIAN_POINT ( 'NONE',  ( -28.38631419277731638, 34.84999999999999432, -10.49452757059846419 ) ) ;
#188 = DIRECTION ( 'NONE',  ( 0.000000000000000000, 1.000000000000000000, 0.000000000000000000 ) ) ;
#189 = DIRECTION ( 'NONE',  ( -0.000000000000000000, 1.000000000000000000, -0.000000000000000000 ) ) ;
#190 = CARTESIAN_POINT ( 'NONE',  ( -27.73631419275932330, 34.84999999999999432, 10.55000000002548433 ) ) ;
#191 = CARTESIAN_POINT ( 'NONE',  ( -27.73631419275932330, 0.000000000000000000, 9.550000000025482549 ) ) ;
#192 = ORIENTED_EDGE ( 'NONE', *, *, #1057, .F. ) ;
#193 = EDGE_CURVE ( 'NONE', #4067, #888, #1836, .T. ) ;
#194 = ORIENTED_EDGE ( 'NONE', *, *, #2544, .F. ) ;
#195 = DIRECTION ( 'NONE',  ( 0.000000000000000000, 0.000000000000000000, 1.000000000000000000 ) ) ;
#196 = DIRECTION ( 'NONE',  ( -0.000000000000000000, -1.000000000000000000, -0.000000000000000000 ) ) ;
#197 = DIRECTION ( 'NONE',  ( -0.000000000000000000, -1.000000000000000000, -0.000000000000000000 ) ) ;
#198 =( BOUNDED_SURFACE ( )  B_SPLINE_SURFACE ( 3, 2, ( 
 ( #3613, #3220, #1224 ),
 ( #101, #4278, #1307 ),
 ( #1252, #476, #499 ),
 ( #3533, #451, #3137 ),
 ( #1607, #1626, #827 ),
 ( #2754, #3162, #2836 ),
 ( #72, #2084, #2343 ),
 ( #4717, #1575, #2783 ) ),
 .UNSPECIFIED., .F., .F., .T. ) 
 B_SPLINE_SURFACE_WITH_KNOTS ( ( 4, 2, 2, 4 ),
 ( 3, 3 ),
 ( -5.353482356048432095E-06, 0.0005147548160867375464, 0.0007748089653081305069, 0.001034863114529523467 ),
 ( 0.000000000000000000, 1.000000000000000000 ),
 .UNSPECIFIED. ) 
 GEOMETRIC_REPRESENTATION_ITEM ( )  RATIONAL_B_SPLINE_SURFACE ( (
 ( 1.000000000000000000, 1.000000000000000000, 1.000000000000000000),
 ( 1.000000000000000000, 1.000856341204196420, 1.000000000000000000),
 ( 1.000000000000000000, 0.9761250040298282693, 1.000000000000000000),
 ( 1.000000000000000000, 0.8926731702519875578, 1.000000000000000000),
 ( 1.000000000000000000, 0.8560615645692599696, 1.000000000000000000),
 ( 1.000000000000000000, 0.7789745194573665099, 1.000000000000000000),
 ( 1.000000000000000000, 0.7376587315180955784, 1.000000000000000000),
 ( 1.000000000000000000, 0.7167420553796793881, 1.000000000000000000) ) ) 
 REPRESENTATION_ITEM ( '' )  SURFACE ( )  );
#199 = EDGE_LOOP ( 'NONE', ( #3430, #4007 ) ) ;
#200 = DIRECTION ( 'NONE',  ( 0.000000000000000000, 1.000000000000000000, 0.000000000000000000 ) ) ;
#201 = CARTESIAN_POINT ( 'NONE',  ( -41.50000000000009237, 3.174999999999999822, 0.000000000000000000 ) ) ;
#202 = EDGE_CURVE ( 'NONE', #3863, #3361, #322, .T. ) ;
#203 = DIRECTION ( 'NONE',  ( 0.000000000000000000, 0.000000000000000000, 1.000000000000000000 ) ) ;
#204 = VERTEX_POINT ( 'NONE', #3637 ) ;
#205 = ORIENTED_EDGE ( 'NONE', *, *, #142, .T. ) ;
#206 = ORIENTED_EDGE ( 'NONE', *, *, #171, .T. ) ;
#207 = FACE_OUTER_BOUND ( 'NONE', #2932, .T. ) ;
#208 = CARTESIAN_POINT ( 'NONE',  ( -41.50000000000009237, 3.174999999999999822, 0.000000000000000000 ) ) ;
#209 = DIRECTION ( 'NONE',  ( 0.000000000000000000, 0.000000000000000000, -1.000000000000000000 ) ) ;
#210 = CARTESIAN_POINT ( 'NONE',  ( 0.000000000000000000, 8.326672684688674053E-14, 0.000000000000000000 ) ) ;
#211 = DIRECTION ( 'NONE',  ( 0.000000000000000000, 0.000000000000000000, 1.000000000000000000 ) ) ;
#212 = DIRECTION ( 'NONE',  ( 0.000000000000000000, -0.000000000000000000, 1.000000000000000000 ) ) ;
#213 = VECTOR ( 'NONE', #3789, 1000.000000000000000 ) ;
#214 = VECTOR ( 'NONE', #1154, 1000.000000000000000 ) ;
#215 = CARTESIAN_POINT ( 'NONE',  ( -28.38631419281028201, 37.84999999999999432, -10.54999999989151682 ) ) ;
#216 = LINE ( 'NONE', #3140, #3114 ) ;
#217 = CARTESIAN_POINT ( 'NONE',  ( 0.000000000000000000, 34.49999999999998579, 0.000000000000000000 ) ) ;
#218 = CARTESIAN_POINT ( 'NONE',  ( -29.34493141924177095, 0.000000000000000000, 29.34493141924154713 ) ) ;
#219 = ADVANCED_FACE ( 'NONE', ( #1330 ), #884, .T. ) ;
#220 = ORIENTED_EDGE ( 'NONE', *, *, #2111, .F. ) ;
#221 = ORIENTED_EDGE ( 'NONE', *, *, #3416, .T. ) ;
#222 = DIRECTION ( 'NONE',  ( 1.000000000000000000, -0.000000000000000000, 0.000000000000000000 ) ) ;
#223 = DIRECTION ( 'NONE',  ( 1.000000000000000000, -0.000000000000000000, 1.224646799147353207E-16 ) ) ;
#224 = AXIS2_PLACEMENT_3D ( 'NONE', #2609, #3769, #1408 ) ;
#225 = LINE ( 'NONE', #3865, #3736 ) ;
#226 = CARTESIAN_POINT ( 'NONE',  ( -26.04918983154536605, 32.15298716804538515, 8.823457325905689430 ) ) ;
#227 = PLANE ( 'NONE',  #4500 ) ;
#228 = CARTESIAN_POINT ( 'NONE',  ( -28.67098358431189098, 39.55000000000011084, -10.90551811277750005 ) ) ;
#229 = EDGE_LOOP ( 'NONE', ( #4390, #4363 ) ) ;
#230 = ORIENTED_EDGE ( 'NONE', *, *, #4937, .F. ) ;
#231 = EDGE_CURVE ( 'NONE', #2602, #2357, #216, .T. ) ;
#232 = CARTESIAN_POINT ( 'NONE',  ( -27.18726724041706788, 40.55000000000011084, -8.549999999891518598 ) ) ;
#233 = AXIS2_PLACEMENT_3D ( 'NONE', #2538, #2180, #1839 ) ;
#234 = EDGE_CURVE ( 'NONE', #2410, #2418, #3308, .T. ) ;
#235 = DIRECTION ( 'NONE',  ( -0.000000000000000000, 1.000000000000000000, -0.000000000000000000 ) ) ;
#236 = AXIS2_PLACEMENT_3D ( 'NONE', #291, #223, #1339 ) ;
#237 = DIRECTION ( 'NONE',  ( 0.000000000000000000, 0.000000000000000000, -1.000000000000000000 ) ) ;
#238 = DIRECTION ( 'NONE',  ( 0.000000000000000000, 0.000000000000000000, 1.000000000000000000 ) ) ;
#239 = CARTESIAN_POINT ( 'NONE',  ( 34.54983402065155218, -7.700000000000047251, -41.17488881764501230 ) ) ;
#240 = B_SPLINE_CURVE_WITH_KNOTS ( 'NONE', 3,
 ( #4728, #1292, #4644, #1233, #4307, #2352, #2822, #3977, #3898, #3516, #4359, #4264 ),
 .UNSPECIFIED., .F., .F.,
 ( 4, 2, 2, 2, 2, 4 ),
 ( 0.000000000000000000, 0.0002168517530474313795, 0.0004337035060948627591, 0.0008674070121897043762, 0.001301110518284545776, 0.001734814024379387502 ),
 .UNSPECIFIED. ) ;
#241 = CARTESIAN_POINT ( 'NONE',  ( -25.78851488554686000, 40.55000000000011084, -8.549999999891518598 ) ) ;
#242 = CARTESIAN_POINT ( 'NONE',  ( 0.000000000000000000, 37.49999999999999289, 0.000000000000000000 ) ) ;
#243 = FACE_OUTER_BOUND ( 'NONE', #1098, .T. ) ;
#244 = AXIS2_PLACEMENT_3D ( 'NONE', #569, #4814, #1344 ) ;
#245 = DIRECTION ( 'NONE',  ( -0.000000000000000000, 1.000000000000000000, -0.000000000000000000 ) ) ;
#246 = CARTESIAN_POINT ( 'NONE',  ( -29.21017390571720540, 31.20025506468846288, 9.369542094817520095 ) ) ;
#247 = EDGE_LOOP ( 'NONE', ( #2762, #4845, #1295, #106, #117, #4700, #3700, #1928 ) ) ;
#248 = EDGE_LOOP ( 'NONE', ( #1697, #2900, #3304, #4753 ) ) ;
#249 = CARTESIAN_POINT ( 'NONE',  ( 18.38358270375472969, -7.700000000000050804, 50.50847836724256013 ) ) ;
#250 = CARTESIAN_POINT ( 'NONE',  ( -29.29493400221726063, 41.54999999340408579, -9.101546103499028817 ) ) ;
#251 = TOROIDAL_SURFACE ( 'NONE', #1978, 30.27500000000000213, 0.3499999999999999778 ) ;
#252 = CARTESIAN_POINT ( 'NONE',  ( 33.42495570370010682, -7.700000000000054357, -39.83431104218679764 ) ) ;
#253 = ORIENTED_EDGE ( 'NONE', *, *, #3891, .F. ) ;
#254 = AXIS2_PLACEMENT_3D ( 'NONE', #2484, #584, #989 ) ;
#255 = CARTESIAN_POINT ( 'NONE',  ( -26.97328872522587417, 34.83401277863939782, 9.550000000025482549 ) ) ;
#256 = DIRECTION ( 'NONE',  ( 0.000000000000000000, -1.000000000000000000, 0.000000000000000000 ) ) ;
#257 = ORIENTED_EDGE ( 'NONE', *, *, #202, .T. ) ;
#258 = ADVANCED_FACE ( 'NONE', ( #2426 ), #719, .T. ) ;
#259 = CARTESIAN_POINT ( 'NONE',  ( -25.54645125841445008, 32.88258990425268991, 10.17982456142809689 ) ) ;
#260 = EDGE_CURVE ( 'NONE', #1527, #4520, #2757, .T. ) ;
#261 = ORIENTED_EDGE ( 'NONE', *, *, #984, .F. ) ;
#262 = CARTESIAN_POINT ( 'NONE',  ( -50.28138115828578236, 2.118788211600695526, -17.92999999999993932 ) ) ;
#263 = DIRECTION ( 'NONE',  ( -0.000000000000000000, -1.000000000000000000, 0.000000000000000000 ) ) ;
#264 = CARTESIAN_POINT ( 'NONE',  ( 0.000000000000000000, 3.174999999999999822, 0.000000000000000000 ) ) ;
#265 = DIRECTION ( 'NONE',  ( 0.000000000000000000, 0.000000000000000000, -1.000000000000000000 ) ) ;
#266 = CARTESIAN_POINT ( 'NONE',  ( -0.000000000000000000, -7.700000000000047251, 0.000000000000000000 ) ) ;
#267 = CARTESIAN_POINT ( 'NONE',  ( -29.05243385624241981, 31.39854021023650432, 9.845084705800648095 ) ) ;
#268 = CARTESIAN_POINT ( 'NONE',  ( 0.000000000000000000, 0.000000000000000000, 41.49999999999987210 ) ) ;
#269 = CARTESIAN_POINT ( 'NONE',  ( 3.664755546448454357E-15, 47.21999999999999176, -29.17500000000000071 ) ) ;
#270 = ADVANCED_FACE ( 'NONE', ( #3536, #103, #1629, #3166, #1655 ), #3590, .T. ) ;
#271 = CARTESIAN_POINT ( 'NONE',  ( -28.10099929908983185, 32.27155195860500214, 9.044751641820354848 ) ) ;
#272 = ORIENTED_EDGE ( 'NONE', *, *, #1540, .F. ) ;
#273 = DIRECTION ( 'NONE',  ( -5.143373102040996971E-28, 1.000000000000000000, -7.651950780643814512E-29 ) ) ;
#274 = CARTESIAN_POINT ( 'NONE',  ( -28.34384929728632585, 34.84999999999999432, -10.78108677326740938 ) ) ;
#275 = VERTEX_POINT ( 'NONE', #4046 ) ;
#276 = CARTESIAN_POINT ( 'NONE',  ( -0.000000000000000000, -27.70000000000005613, 53.75000000000000000 ) ) ;
#277 = ORIENTED_EDGE ( 'NONE', *, *, #679, .F. ) ;
#278 = LINE ( 'NONE', #670, #2495 ) ;
#279 = ORIENTED_EDGE ( 'NONE', *, *, #289, .T. ) ;
#280 = CARTESIAN_POINT ( 'NONE',  ( -29.34493141924177095, 3.174999999999999822, -27.09493141924177095 ) ) ;
#281 = DIRECTION ( 'NONE',  ( 0.000000000000000000, 0.000000000000000000, 1.000000000000000000 ) ) ;
#282 = CARTESIAN_POINT ( 'NONE',  ( -46.51384310073723327, 3.174999999999999822, 17.92999999999990735 ) ) ;
#283 = CARTESIAN_POINT ( 'NONE',  ( 29.34493141924177095, 3.174999999999999822, 29.34493141924154713 ) ) ;
#284 = CARTESIAN_POINT ( 'NONE',  ( 0.000000000000000000, 0.000000000000000000, 0.000000000000000000 ) ) ;
#285 = CARTESIAN_POINT ( 'NONE',  ( -26.23332803895827681, 40.55000000000011795, 8.250000000024586555 ) ) ;
#286 = DIRECTION ( 'NONE',  ( 0.000000000000000000, 0.000000000000000000, -1.000000000000000000 ) ) ;
#287 = ORIENTED_EDGE ( 'NONE', *, *, #1259, .F. ) ;
#288 = CARTESIAN_POINT ( 'NONE',  ( 0.000000000000000000, 37.84999999999999432, 0.000000000000000000 ) ) ;
#289 = EDGE_CURVE ( 'NONE', #4449, #2407, #633, .T. ) ;
#290 = ADVANCED_FACE ( 'NONE', ( #4855 ), #3717, .F. ) ;
#291 = CARTESIAN_POINT ( 'NONE',  ( 3.713741418414348574E-15, 34.49999999999998579, -30.32500000000000284 ) ) ;
#292 = CARTESIAN_POINT ( 'NONE',  ( -28.38631419277731638, 37.84999999999999432, -10.49452757059845354 ) ) ;
#293 = ORIENTED_EDGE ( 'NONE', *, *, #169, .T. ) ;
#294 = CIRCLE ( 'NONE', #224, 0.3499999999999996447 ) ;
#295 = CARTESIAN_POINT ( 'NONE',  ( -28.37123343300263301, 35.25877015129182723, 9.550000000025804070 ) ) ;
#296 = DIRECTION ( 'NONE',  ( 4.440892098500626162E-15, 0.000000000000000000, 1.000000000000000000 ) ) ;
#297 = ORIENTED_EDGE ( 'NONE', *, *, #3845, .T. ) ;
#298 = B_SPLINE_CURVE_WITH_KNOTS ( 'NONE', 3,
 ( #3495, #4345, #61, #2724, #2743, #1993 ),
 .UNSPECIFIED., .F., .F.,
 ( 4, 2, 4 ),
 ( 0.000000000000000000, 0.0007725675331978783646, 0.001545135066395756729 ),
 .UNSPECIFIED. ) ;
#299 = CARTESIAN_POINT ( 'NONE',  ( -29.34493141924177095, 3.174999999999999822, 29.34493141924154713 ) ) ;
#300 = ORIENTED_EDGE ( 'NONE', *, *, #1499, .T. ) ;
#301 = EDGE_CURVE ( 'NONE', #4672, #4284, #3118, .T. ) ;
#302 = EDGE_CURVE ( 'NONE', #4563, #3132, #3739, .T. ) ;
#303 = CARTESIAN_POINT ( 'NONE',  ( 0.000000000000000000, 37.84999999999999432, 0.000000000000000000 ) ) ;
#304 = CARTESIAN_POINT ( 'NONE',  ( -28.37733470570242034, 37.86381459547216366, 10.38435475289689691 ) ) ;
#305 = CARTESIAN_POINT ( 'NONE',  ( -29.22552585218751275, 32.44270199475798222, -9.334193709670696393 ) ) ;
#306 = LINE ( 'NONE', #732, #2718 ) ;
#307 = CIRCLE ( 'NONE', #3496, 51.99999999999997868 ) ;
#308 = LINE ( 'NONE', #4565, #2528 ) ;
#309 = PLANE ( 'NONE',  #1358 ) ;
#310 = CARTESIAN_POINT ( 'NONE',  ( -26.14651204769142012, 40.60098209298559624, 8.525176234185209978 ) ) ;
#311 = CARTESIAN_POINT ( 'NONE',  ( -48.81101412591220878, -182.5876151076256804, -17.92999999999990024 ) ) ;
#312 = VECTOR ( 'NONE', #1283, 1000.000000000000000 ) ;
#313 = CIRCLE ( 'NONE', #1582, 51.99999999999997868 ) ;
#314 = DIRECTION ( 'NONE',  ( 0.000000000000000000, 0.000000000000000000, -1.000000000000000000 ) ) ;
#315 = VERTEX_POINT ( 'NONE', #987 ) ;
#316 = FACE_BOUND ( 'NONE', #3884, .T. ) ;
#317 = CARTESIAN_POINT ( 'NONE',  ( -25.85539422255885000, 32.58526506884460616, 9.388612081848057400 ) ) ;
#318 = DIRECTION ( 'NONE',  ( -0.000000000000000000, -1.000000000000000000, -0.000000000000000000 ) ) ;
#319 = AXIS2_PLACEMENT_3D ( 'NONE', #3571, #4506, #1422 ) ;
#320 = CARTESIAN_POINT ( 'NONE',  ( 6.796789735267807033E-15, -182.5876151076256804, -55.49999999999997868 ) ) ;
#321 = ORIENTED_EDGE ( 'NONE', *, *, #446, .F. ) ;
#322 = CIRCLE ( 'NONE', #2879, 2.250000000000001776 ) ;
#323 = ORIENTED_EDGE ( 'NONE', *, *, #2133, .F. ) ;
#324 = CARTESIAN_POINT ( 'NONE',  ( -34.54983402065155218, -7.700000000000047251, 41.17488881764501230 ) ) ;
#325 = CARTESIAN_POINT ( 'NONE',  ( -27.02834832453252289, 37.99958015548713064, -9.549999999891516822 ) ) ;
#326 = EDGE_LOOP ( 'NONE', ( #2810, #1601, #4892, #1188 ) ) ;
#327 = CARTESIAN_POINT ( 'NONE',  ( -25.62497659185634902, 32.25541899207876639, 9.980648252410086130 ) ) ;
#328 = MECHANICAL_DESIGN_GEOMETRIC_PRESENTATION_REPRESENTATION (  '', ( #4664 ), #3292 ) ;
#329 = ORIENTED_EDGE ( 'NONE', *, *, #4096, .T. ) ;
#330 = AXIS2_PLACEMENT_3D ( 'NONE', #2890, #1008, #2530 ) ;
#331 = DIRECTION ( 'NONE',  ( -0.9861854045260647350, -1.982541115402074852E-14, 0.1656452471390649495 ) ) ;
#332 = FACE_OUTER_BOUND ( 'NONE', #1815, .T. ) ;
#333 = CARTESIAN_POINT ( 'NONE',  ( -46.51384310073722617, 3.174999999999999822, -17.92999999999992866 ) ) ;
#334 = ORIENTED_EDGE ( 'NONE', *, *, #4824, .F. ) ;
#335 = LINE ( 'NONE', #3526, #788 ) ;
#336 = DIRECTION ( 'NONE',  ( -1.000000000000000000, 0.000000000000000000, -0.000000000000000000 ) ) ;
#337 = CARTESIAN_POINT ( 'NONE',  ( -28.67098358425921845, 33.14999999533011277, 10.90551811291597950 ) ) ;
#338 = CARTESIAN_POINT ( 'NONE',  ( -26.50221735689501301, 32.88387737994402471, -9.516262008508856951 ) ) ;
#339 = CARTESIAN_POINT ( 'NONE',  ( -27.10723743436557243, 40.55000000000011795, 8.677239281372196800 ) ) ;
#340 = DIRECTION ( 'NONE',  ( 0.000000000000000000, 0.000000000000000000, -1.000000000000000000 ) ) ;
#341 = FACE_OUTER_BOUND ( 'NONE', #4196, .T. ) ;
#342 = VERTEX_POINT ( 'NONE', #2895 ) ;
#343 = AXIS2_PLACEMENT_3D ( 'NONE', #299, #1825, #3362 ) ;
#344 = DIRECTION ( 'NONE',  ( 0.000000000000000000, -1.000000000000000000, 0.000000000000000000 ) ) ;
#345 = VERTEX_POINT ( 'NONE', #4106 ) ;
#346 = LINE ( 'NONE', #1854, #4905 ) ;
#347 = ORIENTED_EDGE ( 'NONE', *, *, #1241, .F. ) ;
#348 = ORIENTED_EDGE ( 'NONE', *, *, #4786, .F. ) ;
#349 = EDGE_CURVE ( 'NONE', #51, #3462, #68, .T. ) ;
#350 = DIRECTION ( 'NONE',  ( 0.000000000000000000, 0.000000000000000000, 1.000000000000000000 ) ) ;
#351 = EDGE_LOOP ( 'NONE', ( #1728, #3199, #4655, #4005 ) ) ;
#352 = ORIENTED_EDGE ( 'NONE', *, *, #4732, .F. ) ;
#353 = DIRECTION ( 'NONE',  ( 1.000000000000000000, 0.000000000000000000, -0.000000000000000000 ) ) ;
#354 = CARTESIAN_POINT ( 'NONE',  ( -28.25817075864976502, 40.52509103543183500, 8.806693176664920131 ) ) ;
#355 = CARTESIAN_POINT ( 'NONE',  ( 41.50000000000009237, 3.174999999999999822, -2.250000000000002220 ) ) ;
#356 = CARTESIAN_POINT ( 'NONE',  ( -25.58639687961676046, 40.20099475809853828, 10.07914009563650026 ) ) ;
#357 = CARTESIAN_POINT ( 'NONE',  ( -25.84084460346782564, 31.54502492604433073, 9.408131987005221575 ) ) ;
#358 = CARTESIAN_POINT ( 'NONE',  ( -28.73631419281027988, 34.49999999999998579, -10.54999999989151682 ) ) ;
#359 = CARTESIAN_POINT ( 'NONE',  ( 0.000000000000000000, 3.174999999999999822, 41.49999999999987210 ) ) ;
#360 = EDGE_CURVE ( 'NONE', #4671, #3839, #1594, .T. ) ;
#361 = CARTESIAN_POINT ( 'NONE',  ( -0.000000000000000000, -17.70000000000004903, 53.75000000000000000 ) ) ;
#362 = VERTEX_POINT ( 'NONE', #4131 ) ;
#363 = AXIS2_PLACEMENT_3D ( 'NONE', #1075, #1876, #2266 ) ;
#364 = VECTOR ( 'NONE', #4072, 1000.000000000000000 ) ;
#365 = CARTESIAN_POINT ( 'NONE',  ( -26.95185677634301413, 37.75472528211088274, -9.549999999891518598 ) ) ;
#366 = ORIENTED_EDGE ( 'NONE', *, *, #3146, .T. ) ;
#367 = VERTEX_POINT ( 'NONE', #3322 ) ;
#368 = VECTOR ( 'NONE', #2886, 1000.000000000000000 ) ;
#369 = B_SPLINE_CURVE_WITH_KNOTS ( 'NONE', 3,
 ( #427, #1466, #716, #3401, #655, #2533, #2563, #4516, #2919, #2585 ),
 .UNSPECIFIED., .F., .F.,
 ( 4, 2, 2, 2, 4 ),
 ( -6.549181258758560676E-06, 0.0003634566758948354456, 0.0007334625330484294443, 0.001103468390202023280, 0.001473474247355617333 ),
 .UNSPECIFIED. ) ;
#370 = DIRECTION ( 'NONE',  ( -0.000000000000000000, -1.000000000000000000, -0.000000000000000000 ) ) ;
#371 = EDGE_LOOP ( 'NONE', ( #2189, #2656, #698, #4250, #3315 ) ) ;
#372 = ORIENTED_EDGE ( 'NONE', *, *, #511, .T. ) ;
#373 = LINE ( 'NONE', #1931, #1581 ) ;
#374 = EDGE_CURVE ( 'NONE', #1856, #1375, #1515, .T. ) ;
#375 = ADVANCED_FACE ( 'NONE', ( #243 ), #2156, .T. ) ;
#376 = EDGE_CURVE ( 'NONE', #4417, #4792, #3668, .T. ) ;
#377 = CARTESIAN_POINT ( 'NONE',  ( -28.13961787763438238, 40.45214266357285027, 8.986247742873541000 ) ) ;
#378 = CARTESIAN_POINT ( 'NONE',  ( -26.50623465012954938, 32.86500454610280286, -9.511187040067625276 ) ) ;
#379 = CARTESIAN_POINT ( 'NONE',  ( -26.03006536200597054, 41.44792727918563457, 8.871337838708209134 ) ) ;
#380 = AXIS2_PLACEMENT_3D ( 'NONE', #2301, #1517, #3027 ) ;
#381 = CARTESIAN_POINT ( 'NONE',  ( 0.000000000000000000, 35.19999999999999574, 0.000000000000000000 ) ) ;
#382 = DIRECTION ( 'NONE',  ( 0.000000000000000000, 1.000000000000000000, 0.000000000000000000 ) ) ;
#383 = CARTESIAN_POINT ( 'NONE',  ( -28.24917116744534695, 37.48868318102971386, 9.550000000025320901 ) ) ;
#384 = AXIS2_PLACEMENT_3D ( 'NONE', #2270, #3818, #1548 ) ;
#385 = CARTESIAN_POINT ( 'NONE',  ( -28.38330740537646690, 37.85462582669518383, 10.43906099898926954 ) ) ;
#386 = AXIS2_PLACEMENT_3D ( 'NONE', #3702, #1417, #1048 ) ;
#387 = EDGE_LOOP ( 'NONE', ( #4469, #2212, #4090, #2075 ) ) ;
#388 = EDGE_LOOP ( 'NONE', ( #505, #3461, #3016, #2736 ) ) ;
#389 = AXIS2_PLACEMENT_3D ( 'NONE', #1992, #3521, #3544 ) ;
#390 = LINE ( 'NONE', #1922, #3835 ) ;
#391 = CIRCLE ( 'NONE', #865, 27.50000000000000000 ) ;
#392 = ORIENTED_EDGE ( 'NONE', *, *, #654, .F. ) ;
#393 = CIRCLE ( 'NONE', #2152, 51.99999999999997868 ) ;
#394 = CARTESIAN_POINT ( 'NONE',  ( -27.91406590423073197, 38.53852598727581125, -9.569571706544595102 ) ) ;
#395 = CARTESIAN_POINT ( 'NONE',  ( 0.000000000000000000, 32.14999999533010566, 0.000000000000000000 ) ) ;
#396 = ADVANCED_FACE ( 'NONE', ( #1458 ), #309, .T. ) ;
#397 = EDGE_CURVE ( 'NONE', #4658, #3501, #3920, .T. ) ;
#398 = ORIENTED_EDGE ( 'NONE', *, *, #1304, .T. ) ;
#399 = AXIS2_PLACEMENT_3D ( 'NONE', #1363, #2588, #4133 ) ;
#400 = VECTOR ( 'NONE', #707, 1000.000000000000000 ) ;
#401 = ORIENTED_EDGE ( 'NONE', *, *, #3660, .T. ) ;
#402 = DIRECTION ( 'NONE',  ( 0.000000000000000000, 1.000000000000000000, 0.000000000000000000 ) ) ;
#403 = CARTESIAN_POINT ( 'NONE',  ( -25.54645126090563068, 33.01379901317732646, -10.17982455517643636 ) ) ;
#404 = CARTESIAN_POINT ( 'NONE',  ( -33.42495570370010682, -27.70000000000005613, 39.83431104218679764 ) ) ;
#405 = LINE ( 'NONE', #1933, #3849 ) ;
#406 = DIRECTION ( 'NONE',  ( 0.000000000000000000, 1.000000000000000000, 0.000000000000000000 ) ) ;
#407 = DIRECTION ( 'NONE',  ( 0.000000000000000000, 1.000000000000000000, 0.000000000000000000 ) ) ;
#408 = EDGE_CURVE ( 'NONE', #4766, #3152, #4828, .T. ) ;
#409 = CARTESIAN_POINT ( 'NONE',  ( -28.26507272266341531, 37.74460453597271936, 9.550000000025482549 ) ) ;
#410 = LINE ( 'NONE', #3874, #2627 ) ;
#411 = ORIENTED_EDGE ( 'NONE', *, *, #4096, .F. ) ;
#412 = EDGE_CURVE ( 'NONE', #204, #1374, #2234, .T. ) ;
#413 = ORIENTED_EDGE ( 'NONE', *, *, #1099, .T. ) ;
#414 = FACE_OUTER_BOUND ( 'NONE', #4963, .T. ) ;
#415 = CYLINDRICAL_SURFACE ( 'NONE', #3409, 1.000000000000000888 ) ;
#416 = EDGE_CURVE ( 'NONE', #4833, #2486, #2586, .T. ) ;
#417 = ORIENTED_EDGE ( 'NONE', *, *, #1391, .F. ) ;
#418 = FACE_BOUND ( 'NONE', #1127, .T. ) ;
#419 = ORIENTED_EDGE ( 'NONE', *, *, #4121, .F. ) ;
#420 = CARTESIAN_POINT ( 'NONE',  ( -27.73631419275932330, 33.99066133775522047, 9.550000000025484326 ) ) ;
#421 = ORIENTED_EDGE ( 'NONE', *, *, #810, .F. ) ;
#422 = CARTESIAN_POINT ( 'NONE',  ( -25.82741407252066423, 32.73288724054066279, -9.466974341397735415 ) ) ;
#423 = PLANE ( 'NONE',  #4335 ) ;
#424 = CARTESIAN_POINT ( 'NONE',  ( -25.54645125846594667, 33.01645810392800229, -10.17982456129882962 ) ) ;
#425 = CARTESIAN_POINT ( 'NONE',  ( -25.62479156939928160, 40.44364400314425723, 9.981123552665446041 ) ) ;
#426 = CARTESIAN_POINT ( 'NONE',  ( 0.000000000000000000, 45.71999999999999176, 0.000000000000000000 ) ) ;
#427 = CARTESIAN_POINT ( 'NONE',  ( -27.73631419275932330, 38.70933866224477526, 9.550000000025482549 ) ) ;
#428 = CARTESIAN_POINT ( 'NONE',  ( -26.74277739014539179, 40.31139715841458582, -9.201555008055226637 ) ) ;
#429 = CARTESIAN_POINT ( 'NONE',  ( -27.08828378116685798, 38.11573869835887507, 9.550000000025482549 ) ) ;
#430 = PLANE ( 'NONE',  #3904 ) ;
#431 = EDGE_LOOP ( 'NONE', ( #139, #4029 ) ) ;
#432 = ORIENTED_EDGE ( 'NONE', *, *, #2208, .F. ) ;
#433 = EDGE_CURVE ( 'NONE', #559, #4621, #4540, .T. ) ;
#434 = CARTESIAN_POINT ( 'NONE',  ( -27.93710476949011934, 35.01960755060991204, -10.86141400962530135 ) ) ;
#435 = CARTESIAN_POINT ( 'NONE',  ( -26.93238060406634560, 34.84999999999999432, -10.54999999989151682 ) ) ;
#436 = ORIENTED_EDGE ( 'NONE', *, *, #416, .T. ) ;
#437 = AXIS2_PLACEMENT_3D ( 'NONE', #2211, #1675, #2951 ) ;
#438 = CARTESIAN_POINT ( 'NONE',  ( 34.54983402065155218, -25.95000000000021956, -41.17488881764501230 ) ) ;
#439 = CYLINDRICAL_SURFACE ( 'NONE', #2462, 1.000000000000000888 ) ;
#440 = ORIENTED_EDGE ( 'NONE', *, *, #2816, .T. ) ;
#441 = CARTESIAN_POINT ( 'NONE',  ( -28.67098358431189453, 39.68821712482320407, -10.90551811277750360 ) ) ;
#442 = EDGE_LOOP ( 'NONE', ( #1365, #2728 ) ) ;
#443 = CARTESIAN_POINT ( 'NONE',  ( -28.36850804342624244, 34.81409014078743525, 10.25280840920345860 ) ) ;
#444 = VERTEX_POINT ( 'NONE', #2565 ) ;
#445 = ADVANCED_FACE ( 'NONE', ( #4901 ), #3761, .T. ) ;
#446 = EDGE_CURVE ( 'NONE', #4305, #98, #2154, .T. ) ;
#447 = AXIS2_PLACEMENT_3D ( 'NONE', #2488, #196, #1020 ) ;
#448 = DIRECTION ( 'NONE',  ( 0.000000000000000000, 0.000000000000000000, -1.000000000000000000 ) ) ;
#449 = DIRECTION ( 'NONE',  ( 0.000000000000000000, 1.000000000000000000, 0.000000000000000000 ) ) ;
#450 = CARTESIAN_POINT ( 'NONE',  ( -28.72249959733634839, 34.49102051294194382, -10.38435475275248265 ) ) ;
#451 = CARTESIAN_POINT ( 'NONE',  ( -28.38193350347286525, 38.22012483875656130, -9.773920894035635243 ) ) ;
#452 = DIRECTION ( 'NONE',  ( 0.000000000000000000, 0.000000000000000000, 1.000000000000000000 ) ) ;
#453 = CARTESIAN_POINT ( 'NONE',  ( -27.87845510144660466, 37.59516057153400936, 10.90384713223851598 ) ) ;
#454 = EDGE_CURVE ( 'NONE', #2689, #853, #1766, .T. ) ;
#455 = CARTESIAN_POINT ( 'NONE',  ( -27.76178251312522605, 32.88448417735807539, 9.516418551493512012 ) ) ;
#456 = ADVANCED_FACE ( 'NONE', ( #3019 ), #2694, .T. ) ;
#457 = ORIENTED_EDGE ( 'NONE', *, *, #743, .F. ) ;
#458 = ORIENTED_EDGE ( 'NONE', *, *, #4398, .F. ) ;
#459 = CARTESIAN_POINT ( 'NONE',  ( -27.73631419281027988, 39.55000000000011084, -9.549999999891520375 ) ) ;
#460 = CIRCLE ( 'NONE', #4898, 2.250000000000002220 ) ;
#461 = VECTOR ( 'NONE', #3830, 1000.000000000000000 ) ;
#462 = B_SPLINE_CURVE_WITH_KNOTS ( 'NONE', 3,
 ( #4068, #3410, #3812, #1565, #2332, #838, #1270, #464 ),
 .UNSPECIFIED., .F., .F.,
 ( 4, 2, 2, 4 ),
 ( 0.000000000000000000, 0.0001960634462561230745, 0.0003921268925122461490, 0.0007842537850245032485 ),
 .UNSPECIFIED. ) ;
#463 = CIRCLE ( 'NONE', #1035, 29.17500000000000071 ) ;
#464 = CARTESIAN_POINT ( 'NONE',  ( -28.37733470575221517, 37.84999999999999432, -10.54999999989151682 ) ) ;
#465 = CIRCLE ( 'NONE', #3284, 2.250000000000001776 ) ;
#466 = CARTESIAN_POINT ( 'NONE',  ( -27.82538025562536177, 32.67280371003995754, -9.431489854870926948 ) ) ;
#467 = ORIENTED_EDGE ( 'NONE', *, *, #3872, .F. ) ;
#468 = FACE_BOUND ( 'NONE', #2744, .T. ) ;
#469 = VERTEX_POINT ( 'NONE', #4743 ) ;
#470 = EDGE_LOOP ( 'NONE', ( #2235, #1902, #3181, #3354 ) ) ;
#471 = AXIS2_PLACEMENT_3D ( 'NONE', #4077, #2920, #680 ) ;
#472 = CARTESIAN_POINT ( 'NONE',  ( -27.82636335599819688, 34.07353490309273525, 9.550000000025525182 ) ) ;
#473 = CIRCLE ( 'NONE', #4509, 53.75000000000000000 ) ;
#474 = EDGE_CURVE ( 'NONE', #4154, #4629, #4181, .T. ) ;
#475 = DIRECTION ( 'NONE',  ( 0.000000000000000000, 0.000000000000000000, 1.000000000000000000 ) ) ;
#476 = CARTESIAN_POINT ( 'NONE',  ( -28.13773567238880347, 38.43299571670335268, -9.613547484288226030 ) ) ;
#477 = CARTESIAN_POINT ( 'NONE',  ( -29.34493141924177095, 3.174999999999999822, 29.34493141924154713 ) ) ;
#478 = CARTESIAN_POINT ( 'NONE',  ( -28.37733470575222228, 38.84999999999999432, -10.54999999989150616 ) ) ;
#479 = CARTESIAN_POINT ( 'NONE',  ( -26.47541312235679456, 39.55000000000011084, 10.55000000002548433 ) ) ;
#480 = CARTESIAN_POINT ( 'NONE',  ( -27.02834832448033353, 34.70041984451258088, 9.550000000025478997 ) ) ;
#481 = ORIENTED_EDGE ( 'NONE', *, *, #4783, .T. ) ;
#482 = EDGE_LOOP ( 'NONE', ( #4995, #4532, #1826, #1850, #3399, #1984 ) ) ;
#483 = CARTESIAN_POINT ( 'NONE',  ( -27.08828378121871339, 34.58426130164162515, -9.549999999891516822 ) ) ;
#484 = CARTESIAN_POINT ( 'NONE',  ( 0.000000000000000000, 35.19999999999999574, 29.92500000000000426 ) ) ;
#485 = ADVANCED_FACE ( 'NONE', ( #2857 ), #496, .F. ) ;
#486 = VERTEX_POINT ( 'NONE', #2751 ) ;
#487 = CARTESIAN_POINT ( 'NONE',  ( -43.85000000000004405, 0.000000000000000000, -17.92999999999990735 ) ) ;
#488 = CARTESIAN_POINT ( 'NONE',  ( -28.34150935231070179, 32.14999999533010566, -8.674783951921190450 ) ) ;
#489 = ORIENTED_EDGE ( 'NONE', *, *, #86, .F. ) ;
#490 = DIRECTION ( 'NONE',  ( 1.000000000000000000, 0.000000000000000000, 3.491481338843133355E-15 ) ) ;
#491 = ORIENTED_EDGE ( 'NONE', *, *, #2503, .F. ) ;
#492 = TOROIDAL_SURFACE ( 'NONE', #3945, 0.6500000000000000222, 0.3499999999999999778 ) ;
#493 = ORIENTED_EDGE ( 'NONE', *, *, #1827, .F. ) ;
#494 = ADVANCED_FACE ( 'NONE', ( #958 ), #3887, .F. ) ;
#495 = EDGE_CURVE ( 'NONE', #42, #1941, #4350, .T. ) ;
#496 = CYLINDRICAL_SURFACE ( 'NONE', #639, 2.250000000000001776 ) ;
#497 = CARTESIAN_POINT ( 'NONE',  ( -28.71328176504749763, 34.82696757223721562, -10.32947547416379663 ) ) ;
#498 = CARTESIAN_POINT ( 'NONE',  ( 6.796789735267807033E-15, -24.20000000000022311, -55.49999999999997868 ) ) ;
#499 = CARTESIAN_POINT ( 'NONE',  ( -28.07565658139094467, 38.36527993684861571, -9.626420972599650128 ) ) ;
#500 = CARTESIAN_POINT ( 'NONE',  ( 0.000000000000000000, 44.04499999999999460, 0.000000000000000000 ) ) ;
#501 = CARTESIAN_POINT ( 'NONE',  ( -26.23332803899892696, 41.55000000000011795, -8.249999999895322844 ) ) ;
#502 = DIRECTION ( 'NONE',  ( 0.000000000000000000, 0.000000000000000000, 1.000000000000000000 ) ) ;
#503 = CARTESIAN_POINT ( 'NONE',  ( -27.73631419275932330, 33.99066133775521337, 9.550000000025482549 ) ) ;
#504 = ORIENTED_EDGE ( 'NONE', *, *, #1057, .T. ) ;
#505 = ORIENTED_EDGE ( 'NONE', *, *, #3328, .T. ) ;
#506 =( BOUNDED_SURFACE ( )  B_SPLINE_SURFACE ( 3, 2, ( 
 ( #3341, #2891, #3664 ),
 ( #1034, #1009, #2860 ),
 ( #1381, #1806, #3296 ),
 ( #580, #2560, #2104 ) ),
 .UNSPECIFIED., .F., .F., .T. ) 
 B_SPLINE_SURFACE_WITH_KNOTS ( ( 4, 4 ),
 ( 3, 3 ),
 ( 6.283185307179586232, 6.449597568410074366 ),
 ( 0.000000000000000000, 1.000000000000000000 ),
 .UNSPECIFIED. ) 
 GEOMETRIC_REPRESENTATION_ITEM ( )  RATIONAL_B_SPLINE_SURFACE ( (
 ( 1.000000000000000000, 0.7071067811865510144, 1.000000000000000000),
 ( 1.000000000000000000, 0.7070960168929406597, 1.000000000000000000),
 ( 1.000000000000000000, 0.7104103552839102775, 1.000000000000000000),
 ( 1.000000000000000000, 0.7167420553784673576, 1.000000000000000000) ) ) 
 REPRESENTATION_ITEM ( '' )  SURFACE ( )  );
#507 = CARTESIAN_POINT ( 'NONE',  ( -28.31324471214134064, 34.85000000000000142, -10.59440440301673902 ) ) ;
#508 = CARTESIAN_POINT ( 'NONE',  ( 0.000000000000000000, 0.000000000000000000, 0.000000000000000000 ) ) ;
#509 = EDGE_CURVE ( 'NONE', #1375, #831, #3002, .T. ) ;
#510 = DIRECTION ( 'NONE',  ( 0.000000000000000000, 0.000000000000000000, 1.000000000000000000 ) ) ;
#511 = EDGE_CURVE ( 'NONE', #152, #486, #2968, .T. ) ;
#512 = CARTESIAN_POINT ( 'NONE',  ( 0.000000000000000000, 41.55000000000011795, 0.000000000000000000 ) ) ;
#513 = CARTESIAN_POINT ( 'NONE',  ( -28.97638970800979052, 31.53638997736280558, -10.06669033773868271 ) ) ;
#514 = FACE_OUTER_BOUND ( 'NONE', #4474, .T. ) ;
#515 = ORIENTED_EDGE ( 'NONE', *, *, #3901, .F. ) ;
#516 = CARTESIAN_POINT ( 'NONE',  ( -28.75315039488511459, 32.24558821521294760, -10.68715336649321834 ) ) ;
#517 =( NAMED_UNIT ( * ) SI_UNIT ( $, .STERADIAN. ) SOLID_ANGLE_UNIT ( ) );
#518 = EDGE_LOOP ( 'NONE', ( #4170, #279, #570, #1027 ) ) ;
#519 = VERTEX_POINT ( 'NONE', #1249 ) ;
#520 = DIRECTION ( 'NONE',  ( 0.000000000000000000, 0.000000000000000000, 1.000000000000000000 ) ) ;
#521 = CARTESIAN_POINT ( 'NONE',  ( -29.17634852686899904, 39.84221268719211650, 9.540317007014865069 ) ) ;
#522 = CARTESIAN_POINT ( 'NONE',  ( -28.52602532685355641, 34.37061299282549953, -9.924691069141106325 ) ) ;
#523 = EDGE_CURVE ( 'NONE', #3171, #3130, #4505, .T. ) ;
#524 = FACE_OUTER_BOUND ( 'NONE', #1290, .T. ) ;
#525 = CIRCLE ( 'NONE', #3820, 30.67500000000000071 ) ;
#526 = DIRECTION ( 'NONE',  ( 1.000000000000000000, 0.000000000000000000, 3.491481338843133355E-15 ) ) ;
#527 = CARTESIAN_POINT ( 'NONE',  ( -28.37733470575222228, 37.86381459547393291, -10.38435475275244713 ) ) ;
#528 = CARTESIAN_POINT ( 'NONE',  ( 0.000000000000000000, 3.175000000000011369, 0.000000000000000000 ) ) ;
#529 = DIRECTION ( 'NONE',  ( 0.2999999999961937003, -6.139866417817410186E-16, -0.9539392014181427015 ) ) ;
#530 = AXIS2_PLACEMENT_3D ( 'NONE', #426, #4983, #801 ) ;
#531 = CARTESIAN_POINT ( 'NONE',  ( 0.000000000000000000, -79.70000000000075602, 0.000000000000000000 ) ) ;
#532 = EDGE_LOOP ( 'NONE', ( #1174, #2248, #3120, #401 ) ) ;
#533 = VERTEX_POINT ( 'NONE', #4071 ) ;
#534 = CARTESIAN_POINT ( 'NONE',  ( -28.37733470575221872, 34.85000000000000142, -9.549999999891516822 ) ) ;
#535 = ORIENTED_EDGE ( 'NONE', *, *, #433, .T. ) ;
#536 = EDGE_LOOP ( 'NONE', ( #1477, #3121, #1195, #491 ) ) ;
#537 = VECTOR ( 'NONE', #806, 1000.000000000000000 ) ;
#538 = CARTESIAN_POINT ( 'NONE',  ( -28.19466187284634628, 38.84999998910414831, -9.549999999891516822 ) ) ;
#539 = CARTESIAN_POINT ( 'NONE',  ( 0.000000000000000000, 38.19999999999999574, 0.000000000000000000 ) ) ;
#540 = CYLINDRICAL_SURFACE ( 'NONE', #3442, 2.250000000000002220 ) ;
#541 = CIRCLE ( 'NONE', #3994, 2.250000000000001776 ) ;
#542 = AXIS2_PLACEMENT_3D ( 'NONE', #162, #2107, #4381 ) ;
#543 = ORIENTED_EDGE ( 'NONE', *, *, #1551, .T. ) ;
#544 = EDGE_LOOP ( 'NONE', ( #3975, #2725, #3414, #4954 ) ) ;
#545 = VECTOR ( 'NONE', #3756, 1000.000000000000000 ) ;
#546 = VERTEX_POINT ( 'NONE', #1429 ) ;
#547 = EDGE_CURVE ( 'NONE', #1542, #4397, #4512, .T. ) ;
#548 = CARTESIAN_POINT ( 'NONE',  ( 0.000000000000000000, 44.19499999999999318, 0.000000000000000000 ) ) ;
#549 = EDGE_CURVE ( 'NONE', #4397, #1901, #4092, .T. ) ;
#550 = EDGE_CURVE ( 'NONE', #1985, #1645, #3685, .T. ) ;
#551 = CARTESIAN_POINT ( 'NONE',  ( -29.04820843550425025, 41.29471130011975077, 9.857539919940991879 ) ) ;
#552 = CARTESIAN_POINT ( 'NONE',  ( -28.65242339560833784, 34.44582195027577853, -10.13119352590043221 ) ) ;
#553 = FACE_OUTER_BOUND ( 'NONE', #2961, .T. ) ;
#554 = FACE_OUTER_BOUND ( 'NONE', #4597, .T. ) ;
#555 = FACE_OUTER_BOUND ( 'NONE', #3725, .T. ) ;
#556 = DIRECTION ( 'NONE',  ( 0.000000000000000000, -0.7071067811865499042, -0.7071067811865452413 ) ) ;
#557 = CYLINDRICAL_SURFACE ( 'NONE', #1428, 1.000000000000000888 ) ;
#558 = DIRECTION ( 'NONE',  ( 0.000000000000000000, 0.000000000000000000, 1.000000000000000000 ) ) ;
#559 = VERTEX_POINT ( 'NONE', #280 ) ;
#560 = AXIS2_PLACEMENT_3D ( 'NONE', #3532, #4662, #3189 ) ;
#561 = VECTOR ( 'NONE', #4797, 1000.000000000000000 ) ;
#562 = VERTEX_POINT ( 'NONE', #1452 ) ;
#563 = EDGE_CURVE ( 'NONE', #204, #444, #3958, .T. ) ;
#564 = CARTESIAN_POINT ( 'NONE',  ( -27.73631419281027988, 39.62316651945031509, -9.549999999891516822 ) ) ;
#565 = CIRCLE ( 'NONE', #2978, 51.99999999999997868 ) ;
#566 = ORIENTED_EDGE ( 'NONE', *, *, #1141, .T. ) ;
#567 = CARTESIAN_POINT ( 'NONE',  ( -26.64142950782532893, 32.52940682581896681, 9.336881826041940613 ) ) ;
#568 = FACE_OUTER_BOUND ( 'NONE', #4399, .T. ) ;
#569 = CARTESIAN_POINT ( 'NONE',  ( -27.73631419281027988, 38.19999999999999574, -10.54999999989151682 ) ) ;
#570 = ORIENTED_EDGE ( 'NONE', *, *, #1807, .T. ) ;
#571 = ORIENTED_EDGE ( 'NONE', *, *, #495, .T. ) ;
#572 = ORIENTED_EDGE ( 'NONE', *, *, #29, .T. ) ;
#573 = CARTESIAN_POINT ( 'NONE',  ( 52.00000000000000000, -27.70000000000005613, 1.815570296198429345E-13 ) ) ;
#574 = DIRECTION ( 'NONE',  ( 0.000000000000000000, 0.000000000000000000, -1.000000000000000000 ) ) ;
#575 = DIRECTION ( 'NONE',  ( 0.000000000000000000, -1.000000000000000000, 0.000000000000000000 ) ) ;
#576 = ADVANCED_FACE ( 'NONE', ( #2913 ), #2966, .T. ) ;
#577 = DIRECTION ( 'NONE',  ( -0.000000000000000000, 1.000000000000000000, -0.000000000000000000 ) ) ;
#578 = CARTESIAN_POINT ( 'NONE',  ( -27.73631419281907284, 33.99066133774780951, -9.549999999891518598 ) ) ;
#579 = DIRECTION ( 'NONE',  ( 0.3000000000008930523, 0.000000000000000000, 0.9539392014166648837 ) ) ;
#580 = CARTESIAN_POINT ( 'NONE',  ( -28.37733470570240968, 34.83618540452781076, 10.38435475289689691 ) ) ;
#581 = CARTESIAN_POINT ( 'NONE',  ( 0.000000000000000000, -24.20000000000022311, 0.000000000000000000 ) ) ;
#582 = DIRECTION ( 'NONE',  ( -1.000000000000000000, -0.000000000000000000, -0.000000000000000000 ) ) ;
#583 = DIRECTION ( 'NONE',  ( 0.000000000000000000, 0.000000000000000000, 1.000000000000000000 ) ) ;
#584 = DIRECTION ( 'NONE',  ( 1.000000000000000000, -0.000000000000000000, 1.224646799147353207E-16 ) ) ;
#585 = CARTESIAN_POINT ( 'NONE',  ( -28.77351108266112689, 32.12195986597883035, 10.63268087874147483 ) ) ;
#586 = EDGE_LOOP ( 'NONE', ( #4263, #4929, #4149, #587 ) ) ;
#587 = ORIENTED_EDGE ( 'NONE', *, *, #4646, .F. ) ;
#588 = CARTESIAN_POINT ( 'NONE',  ( -27.18726724041706433, 40.55000000000011084, -8.549999999891515046 ) ) ;
#589 = CARTESIAN_POINT ( 'NONE',  ( -28.41659946231876432, 40.55000000000011795, -8.549999999891516822 ) ) ;
#590 = EDGE_CURVE ( 'NONE', #1941, #345, #393, .T. ) ;
#591 = CARTESIAN_POINT ( 'NONE',  ( -26.58437006775634259, 32.63772457521027803, 9.411331982538573726 ) ) ;
#592 = CARTESIAN_POINT ( 'NONE',  ( -27.12595158515350491, 38.19778290970405266, -9.549999999891516822 ) ) ;
#593 = CARTESIAN_POINT ( 'NONE',  ( -28.37733470570240968, 37.84999999999999432, 10.55000000002548255 ) ) ;
#594 = ORIENTED_EDGE ( 'NONE', *, *, #3556, .T. ) ;
#595 = ORIENTED_EDGE ( 'NONE', *, *, #2704, .F. ) ;
#596 = CARTESIAN_POINT ( 'NONE',  ( -52.52394787142338828, -24.20000000000027640, 17.92999999999990379 ) ) ;
#597 = CARTESIAN_POINT ( 'NONE',  ( -27.96811281457236831, 34.08696252025161044, -9.549999999891797486 ) ) ;
#598 = LINE ( 'NONE', #1355, #3559 ) ;
#599 = FILL_AREA_STYLE ('',( #1762 ) ) ;
#600 = EDGE_CURVE ( 'NONE', #3928, #2171, #5004, .T. ) ;
#601 = CIRCLE ( 'NONE', #4550, 1.000000000000000888 ) ;
#602 = EDGE_CURVE ( 'NONE', #727, #3144, #4926, .T. ) ;
#603 = CIRCLE ( 'NONE', #3412, 2.250000000000001776 ) ;
#604 = LINE ( 'NONE', #1253, #763 ) ;
#605 = CARTESIAN_POINT ( 'NONE',  ( -28.37733470570240968, 34.83618540452781787, 10.38435475289689869 ) ) ;
#606 = CARTESIAN_POINT ( 'NONE',  ( -11.58493919600778987, 37.21999999999999176, 16.62373356768063459 ) ) ;
#607 = CARTESIAN_POINT ( 'NONE',  ( -15.37373356800737412, 44.19499999999999318, -11.58493919631943037 ) ) ;
#608 = CARTESIAN_POINT ( 'NONE',  ( 29.34493141924177095, 3.174999999999999822, -29.34493141924177095 ) ) ;
#609 = ORIENTED_EDGE ( 'NONE', *, *, #1834, .F. ) ;
#610 = VECTOR ( 'NONE', #2072, 1000.000000000000000 ) ;
#611 = ORIENTED_EDGE ( 'NONE', *, *, #3623, .T. ) ;
#612 = CARTESIAN_POINT ( 'NONE',  ( -28.37733470570240257, 34.85000000000000142, 10.55000000002548965 ) ) ;
#613 = CARTESIAN_POINT ( 'NONE',  ( 0.000000000000000000, 44.04499999999999460, -30.67500000000000071 ) ) ;
#614 = EDGE_CURVE ( 'NONE', #4442, #1257, #1190, .T. ) ;
#615 = EDGE_CURVE ( 'NONE', #1617, #3285, #956, .T. ) ;
#616 = CARTESIAN_POINT ( 'NONE',  ( -28.37733470575222228, 33.84999999999999432, -10.54999999989150616 ) ) ;
#617 = ORIENTED_EDGE ( 'NONE', *, *, #9, .T. ) ;
#618 = LINE ( 'NONE', #4425, #1588 ) ;
#619 = ORIENTED_EDGE ( 'NONE', *, *, #918, .T. ) ;
#620 = ORIENTED_EDGE ( 'NONE', *, *, #1602, .F. ) ;
#621 = CARTESIAN_POINT ( 'NONE',  ( -29.37419337848789169, 41.55000000000011795, -8.838121314125437777 ) ) ;
#622 = EDGE_CURVE ( 'NONE', #469, #3092, #3221, .T. ) ;
#623 = AXIS2_PLACEMENT_3D ( 'NONE', #4636, #1112, #28 ) ;
#624 = AXIS2_PLACEMENT_3D ( 'NONE', #4530, #2282, #744 ) ;
#625 = CARTESIAN_POINT ( 'NONE',  ( 0.000000000000000000, 4.675000000000026468, 0.000000000000000000 ) ) ;
#626 = AXIS2_PLACEMENT_3D ( 'NONE', #3467, #2369, #1578 ) ;
#627 = CARTESIAN_POINT ( 'NONE',  ( 11.58493919599269084, 44.19499999999999318, -15.37373356831901461 ) ) ;
#628 = DIRECTION ( 'NONE',  ( 0.000000000000000000, 0.000000000000000000, 1.000000000000000000 ) ) ;
#629 = CYLINDRICAL_SURFACE ( 'NONE', #3834, 55.49999999999997868 ) ;
#630 = AXIS2_PLACEMENT_3D ( 'NONE', #1942, #16, #112 ) ;
#631 = CARTESIAN_POINT ( 'NONE',  ( -28.37733470575222228, 37.86381459547393291, -10.38435475275244713 ) ) ;
#632 = ADVANCED_FACE ( 'NONE', ( #4433 ), #3204, .T. ) ;
#633 = LINE ( 'NONE', #1410, #3763 ) ;
#634 = AXIS2_PLACEMENT_3D ( 'NONE', #1801, #948, #2469 ) ;
#635 = DIRECTION ( 'NONE',  ( -1.000000000000000000, 0.000000000000000000, 0.000000000000000000 ) ) ;
#636 = CARTESIAN_POINT ( 'NONE',  ( 0.000000000000000000, 0.000000000000000000, 0.000000000000000000 ) ) ;
#637 = ORIENTED_EDGE ( 'NONE', *, *, #653, .T. ) ;
#638 = CARTESIAN_POINT ( 'NONE',  ( 15.37373356799227508, 44.19499999999999318, 12.83493919568105390 ) ) ;
#639 = AXIS2_PLACEMENT_3D ( 'NONE', #4687, #2833, #4403 ) ;
#640 = CARTESIAN_POINT ( 'NONE',  ( -27.89212317383523754, 40.17493211132268272, -9.341409547210441033 ) ) ;
#641 = CIRCLE ( 'NONE', #254, 0.3499999999999996447 ) ;
#642 = TOROIDAL_SURFACE ( 'NONE', #166, 0.6500000000000000222, 0.3499999999999999778 ) ;
#643 = DIRECTION ( 'NONE',  ( 0.000000000000000000, 0.000000000000000000, -1.000000000000000000 ) ) ;
#644 = ORIENTED_EDGE ( 'NONE', *, *, #29, .F. ) ;
#645 = DIRECTION ( 'NONE',  ( -0.000000000000000000, -1.000000000000000000, -0.000000000000000000 ) ) ;
#646 = ORIENTED_EDGE ( 'NONE', *, *, #289, .F. ) ;
#647 = CARTESIAN_POINT ( 'NONE',  ( -25.54645125841445008, 33.14999999533011277, 10.17982456142809689 ) ) ;
#648 = ORIENTED_EDGE ( 'NONE', *, *, #798, .T. ) ;
#649 = CARTESIAN_POINT ( 'NONE',  ( -29.29428746545192297, 41.53787232436818044, -9.100468526280211634 ) ) ;
#650 = LINE ( 'NONE', #2630, #213 ) ;
#651 = DIRECTION ( 'NONE',  ( 1.000000000000000000, -0.000000000000000000, 1.224646799147353207E-16 ) ) ;
#652 = CARTESIAN_POINT ( 'NONE',  ( -33.42495570370010682, -7.700000000000054357, 39.83431104218679764 ) ) ;
#653 = EDGE_CURVE ( 'NONE', #342, #4629, #2936, .T. ) ;
#654 = EDGE_CURVE ( 'NONE', #4920, #4067, #1919, .T. ) ;
#655 = CARTESIAN_POINT ( 'NONE',  ( -28.13815450109380478, 38.27715985306855373, 9.703196209775571290 ) ) ;
#656 = DIRECTION ( 'NONE',  ( -0.000000000000000000, -1.000000000000000000, -0.000000000000000000 ) ) ;
#657 = CARTESIAN_POINT ( 'NONE',  ( -29.34493141924177095, 0.000000000000000000, 29.34493141924154713 ) ) ;
#658 = CARTESIAN_POINT ( 'NONE',  ( -25.54645125841445008, -97.58073580374365008, 10.17982456142809866 ) ) ;
#659 = CARTESIAN_POINT ( 'NONE',  ( -28.83204307750064999, 31.90013577378720555, 10.47427887732630936 ) ) ;
#660 = ORIENTED_EDGE ( 'NONE', *, *, #1392, .T. ) ;
#661 = FACE_OUTER_BOUND ( 'NONE', #2650, .T. ) ;
#662 = CARTESIAN_POINT ( 'NONE',  ( 15.37373356799227508, 37.21999999999999176, 11.58493919568105213 ) ) ;
#663 = CARTESIAN_POINT ( 'NONE',  ( -28.38631419281028201, 37.84999999999999432, -10.54999999989151682 ) ) ;
#664 = CARTESIAN_POINT ( 'NONE',  ( 0.000000000000000000, 0.000000000000000000, 0.000000000000000000 ) ) ;
#665 = EDGE_CURVE ( 'NONE', #133, #2979, #601, .T. ) ;
#666 = ORIENTED_EDGE ( 'NONE', *, *, #2704, .T. ) ;
#667 = EDGE_CURVE ( 'NONE', #4631, #4561, #650, .T. ) ;
#668 = CARTESIAN_POINT ( 'NONE',  ( -27.50521945354714504, 38.60217405102958566, 9.550000000025482549 ) ) ;
#669 = ORIENTED_EDGE ( 'NONE', *, *, #4070, .F. ) ;
#670 = CARTESIAN_POINT ( 'NONE',  ( 41.50000000000009237, 3.174999999999999822, 2.250000000000002220 ) ) ;
#671 = ORIENTED_EDGE ( 'NONE', *, *, #4659, .T. ) ;
#672 = B_SPLINE_CURVE_WITH_KNOTS ( 'NONE', 3,
 ( #1590, #1872, #3899, #4309, #2353, #136, #3978, #1263, #3517, #172, #564, #855 ),
 .UNSPECIFIED., .F., .F.,
 ( 4, 2, 2, 2, 2, 4 ),
 ( 0.000000000000000000, 0.0004336881510220635602, 0.0008673763020441271204, 0.001301064453066190681, 0.001517908528577220943, 0.001734752604088251205 ),
 .UNSPECIFIED. ) ;
#673 =( BOUNDED_SURFACE ( )  B_SPLINE_SURFACE ( 3, 2, ( 
 ( #4941, #4058, #1465 ),
 ( #4692, #1225, #4826 ),
 ( #187, #4353, #883 ),
 ( #1714, #933, #908 ) ),
 .UNSPECIFIED., .F., .F., .T. ) 
 B_SPLINE_SURFACE_WITH_KNOTS ( ( 4, 4 ),
 ( 3, 3 ),
 ( 2.975180392348708125, 3.141592653589793116 ),
 ( 0.000000000000000000, 1.000000000000000000 ),
 .UNSPECIFIED. ) 
 GEOMETRIC_REPRESENTATION_ITEM ( )  RATIONAL_B_SPLINE_SURFACE ( (
 ( 1.000000000000000000, 0.7167420553796709504, 1.000000000000000000),
 ( 1.000000000000000000, 0.7104103552843347158, 1.000000000000000000),
 ( 1.000000000000000000, 0.7070960168929404377, 1.000000000000000000),
 ( 1.000000000000000000, 0.7071067811865475727, 1.000000000000000000) ) ) 
 REPRESENTATION_ITEM ( '' )  SURFACE ( )  );
#674 = DIRECTION ( 'NONE',  ( 0.000000000000000000, 0.000000000000000000, 1.000000000000000000 ) ) ;
#675 = CARTESIAN_POINT ( 'NONE',  ( -28.71328176499941875, 37.87303242775991663, 10.32947547431135149 ) ) ;
#676 = FACE_OUTER_BOUND ( 'NONE', #387, .T. ) ;
#677 = CARTESIAN_POINT ( 'NONE',  ( 6.796789735267807033E-15, 8.326672684688674053E-14, -55.49999999999997868 ) ) ;
#678 = FACE_OUTER_BOUND ( 'NONE', #923, .T. ) ;
#679 = EDGE_CURVE ( 'NONE', #2283, #2511, #1725, .T. ) ;
#680 = DIRECTION ( 'NONE',  ( 0.000000000000000000, 0.000000000000000000, 1.000000000000000000 ) ) ;
#681 = CARTESIAN_POINT ( 'NONE',  ( -26.05046705748535985, 40.55592062197059278, 8.820454488077702493 ) ) ;
#682 = LINE ( 'NONE', #4593, #4256 ) ;
#683 = FACE_OUTER_BOUND ( 'NONE', #3951, .T. ) ;
#684 = ORIENTED_EDGE ( 'NONE', *, *, #2362, .T. ) ;
#685 = CIRCLE ( 'NONE', #4471, 0.6499999999999995781 ) ;
#686 = CARTESIAN_POINT ( 'NONE',  ( -41.50000000000009237, 3.174999999999999822, 0.000000000000000000 ) ) ;
#687 = DIRECTION ( 'NONE',  ( 0.000000000000000000, 0.000000000000000000, -1.000000000000000000 ) ) ;
#688 = CARTESIAN_POINT ( 'NONE',  ( -29.37419337848788814, 40.55000000000011795, -8.838121314125434225 ) ) ;
#689 = DIRECTION ( 'NONE',  ( -0.000000000000000000, 1.000000000000000000, -0.000000000000000000 ) ) ;
#690 = ORIENTED_EDGE ( 'NONE', *, *, #3164, .F. ) ;
#691 = ORIENTED_EDGE ( 'NONE', *, *, #2651, .T. ) ;
#692 = AXIS2_PLACEMENT_3D ( 'NONE', #500, #1359, #960 ) ;
#693 = DIRECTION ( 'NONE',  ( 0.000000000000000000, 1.000000000000000000, 0.000000000000000000 ) ) ;
#694 = CARTESIAN_POINT ( 'NONE',  ( -28.21691267303455319, 35.08010772283851963, 9.550000000025484326 ) ) ;
#695 = CARTESIAN_POINT ( 'NONE',  ( -26.93238060406635626, 37.62904848261904789, -9.549999999891518598 ) ) ;
#696 = VERTEX_POINT ( 'NONE', #1170 ) ;
#697 = DIRECTION ( 'NONE',  ( -0.000000000000000000, -1.000000000000000000, -0.000000000000000000 ) ) ;
#698 = ORIENTED_EDGE ( 'NONE', *, *, #1038, .T. ) ;
#699 = DIRECTION ( 'NONE',  ( 0.000000000000000000, 0.000000000000000000, 1.000000000000000000 ) ) ;
#700 = CARTESIAN_POINT ( 'NONE',  ( -28.65242339556092332, 38.25417804972159530, 10.13119352604188173 ) ) ;
#701 = LINE ( 'NONE', #3439, #4054 ) ;
#702 = VERTEX_POINT ( 'NONE', #4243 ) ;
#703 = LINE ( 'NONE', #4205, #3690 ) ;
#704 = AXIS2_PLACEMENT_3D ( 'NONE', #1771, #4081, #2945 ) ;
#705 = EDGE_CURVE ( 'NONE', #64, #4017, #3435, .T. ) ;
#706 = DIRECTION ( 'NONE',  ( 1.000000000000000000, 0.000000000000000000, 0.000000000000000000 ) ) ;
#707 = DIRECTION ( 'NONE',  ( 0.000000000000000000, -1.000000000000000000, -0.000000000000000000 ) ) ;
#708 = VECTOR ( 'NONE', #3064, 1000.000000000000000 ) ;
#709 = AXIS2_PLACEMENT_3D ( 'NONE', #4026, #2818, #2896 ) ;
#710 = CARTESIAN_POINT ( 'NONE',  ( -28.72249959728715041, 34.49102051294308069, 10.38435475289689691 ) ) ;
#711 = ORIENTED_EDGE ( 'NONE', *, *, #784, .T. ) ;
#712 = TOROIDAL_SURFACE ( 'NONE', #2787, 29.67500000000000071, 1.000000000000000000 ) ;
#713 = DIRECTION ( 'NONE',  ( 0.000000000000000000, 1.000000000000000000, 0.000000000000000000 ) ) ;
#714 = FACE_OUTER_BOUND ( 'NONE', #2623, .T. ) ;
#715 = CARTESIAN_POINT ( 'NONE',  ( -26.78051168038053476, 32.34751246018630155, 9.150122939136577926 ) ) ;
#716 = CARTESIAN_POINT ( 'NONE',  ( -27.91409457484193624, 38.53849589514872775, 9.569581007841859943 ) ) ;
#717 = CIRCLE ( 'NONE', #2636, 53.75000000000000000 ) ;
#718 = CARTESIAN_POINT ( 'NONE',  ( -52.52394787142338117, -24.20000000000027640, -17.92999999999993221 ) ) ;
#719 = CONICAL_SURFACE ( 'NONE', #1721, 52.32500000000007390, 0.7853981633974450594 ) ;
#720 = ORIENTED_EDGE ( 'NONE', *, *, #3317, .T. ) ;
#721 = EDGE_CURVE ( 'NONE', #4807, #2442, #1885, .T. ) ;
#722 = VECTOR ( 'NONE', #1082, 1000.000000000000000 ) ;
#723 = CARTESIAN_POINT ( 'NONE',  ( 0.000000000000000000, 3.174999999999999822, 41.49999999999987210 ) ) ;
#724 = ORIENTED_EDGE ( 'NONE', *, *, #3226, .T. ) ;
#725 = EDGE_CURVE ( 'NONE', #2269, #1273, #1101, .T. ) ;
#726 = AXIS2_PLACEMENT_3D ( 'NONE', #752, #3067, #3823 ) ;
#727 = VERTEX_POINT ( 'NONE', #1526 ) ;
#728 = DIRECTION ( 'NONE',  ( 0.000000000000000000, 1.000000000000000000, 0.000000000000000000 ) ) ;
#729 = EDGE_LOOP ( 'NONE', ( #2395, #1423, #1300 ) ) ;
#730 = CARTESIAN_POINT ( 'NONE',  ( -48.81101412591220168, 0.000000000000000000, 17.92999999999990735 ) ) ;
#731 = ORIENTED_EDGE ( 'NONE', *, *, #1226, .T. ) ;
#732 = CARTESIAN_POINT ( 'NONE',  ( 0.000000000000000000, -79.70000000000075602, 0.000000000000000000 ) ) ;
#733 = CARTESIAN_POINT ( 'NONE',  ( 0.000000000000000000, 34.84999999999999432, 0.000000000000000000 ) ) ;
#734 = EDGE_CURVE ( 'NONE', #2792, #2740, #4294, .T. ) ;
#735 = CARTESIAN_POINT ( 'NONE',  ( -22.00000000000000000, 33.14999999533011277, 8.550000000025480773 ) ) ;
#736 = CARTESIAN_POINT ( 'NONE',  ( -29.37419337844622191, 41.55000000000011795, 8.838121314263915451 ) ) ;
#737 = CARTESIAN_POINT ( 'NONE',  ( -28.72249959733634128, 38.20897948705805192, -10.38435475275244713 ) ) ;
#738 = FACE_OUTER_BOUND ( 'NONE', #2260, .T. ) ;
#739 = CARTESIAN_POINT ( 'NONE',  ( -27.73631419275932330, 39.55000000000011084, 9.550000000025482549 ) ) ;
#740 = CARTESIAN_POINT ( 'NONE',  ( -27.24468063406374796, 38.34197921114569141, 9.550000000025482549 ) ) ;
#741 = DIRECTION ( 'NONE',  ( 0.000000000000000000, 0.000000000000000000, 1.000000000000000000 ) ) ;
#742 = EDGE_LOOP ( 'NONE', ( #3481, #3183, #609, #4480 ) ) ;
#743 = EDGE_CURVE ( 'NONE', #562, #2168, #3476, .T. ) ;
#744 = DIRECTION ( 'NONE',  ( 0.000000000000000000, 6.938893903907222067E-15, -1.000000000000000000 ) ) ;
#745 = VERTEX_POINT ( 'NONE', #3764 ) ;
#746 = ORIENTED_EDGE ( 'NONE', *, *, #3956, .F. ) ;
#747 = DIRECTION ( 'NONE',  ( 8.881784197001252323E-16, 0.000000000000000000, -1.000000000000000000 ) ) ;
#748 = ORIENTED_EDGE ( 'NONE', *, *, #2334, .F. ) ;
#749 = ORIENTED_EDGE ( 'NONE', *, *, #2990, .F. ) ;
#750 = CARTESIAN_POINT ( 'NONE',  ( -28.10124157493144992, 40.42235564955317528, 9.043092862272159138 ) ) ;
#751 = DIRECTION ( 'NONE',  ( -0.000000000000000000, 0.000000000000000000, 1.000000000000000000 ) ) ;
#752 = CARTESIAN_POINT ( 'NONE',  ( 0.000000000000000000, 38.84999999999999432, -10.54999999989151682 ) ) ;
#753 = CARTESIAN_POINT ( 'NONE',  ( -25.83276510666461689, 41.15248968513066785, 9.431557398471243303 ) ) ;
#754 = DIRECTION ( 'NONE',  ( 0.000000000000000000, 0.000000000000000000, 1.000000000000000000 ) ) ;
#755 = FACE_OUTER_BOUND ( 'NONE', #2993, .T. ) ;
#756 = CARTESIAN_POINT ( 'NONE',  ( -28.71328176499941875, 37.87303242775990242, 10.32947547431134616 ) ) ;
#757 = VERTEX_POINT ( 'NONE', #4180 ) ;
#758 = ADVANCED_FACE ( 'NONE', ( #38 ), #415, .T. ) ;
#759 = CIRCLE ( 'NONE', #2043, 1.500000000000001332 ) ;
#760 = EDGE_CURVE ( 'NONE', #4807, #1944, #1010, .T. ) ;
#761 = CARTESIAN_POINT ( 'NONE',  ( -0.000000000000000000, -7.700000000000054357, 0.000000000000000000 ) ) ;
#762 = ORIENTED_EDGE ( 'NONE', *, *, #1954, .F. ) ;
#763 = VECTOR ( 'NONE', #4328, 1000.000000000000000 ) ;
#764 = CARTESIAN_POINT ( 'NONE',  ( -27.18726724037493980, 32.14999999533010566, 8.550000000025482549 ) ) ;
#765 = CARTESIAN_POINT ( 'NONE',  ( 11.58493919599269084, 37.21999999999999176, -16.62373356831901106 ) ) ;
#766 = CIRCLE ( 'NONE', #2052, 2.250000000000001776 ) ;
#767 = ORIENTED_EDGE ( 'NONE', *, *, #1259, .T. ) ;
#768 = CARTESIAN_POINT ( 'NONE',  ( -28.41659946231876432, 32.14999999533010566, -8.549999999891520375 ) ) ;
#769 = ORIENTED_EDGE ( 'NONE', *, *, #1312, .F. ) ;
#770 = DIRECTION ( 'NONE',  ( -0.000000000000000000, -1.000000000000000000, -0.000000000000000000 ) ) ;
#771 = EDGE_CURVE ( 'NONE', #3386, #3061, #3813, .T. ) ;
#772 = CARTESIAN_POINT ( 'NONE',  ( -27.93936040371726648, 40.24153724287172906, 9.275195431019501058 ) ) ;
#773 = CARTESIAN_POINT ( 'NONE',  ( 11.58493919599269084, 37.21999999999999176, -15.37373356831901461 ) ) ;
#774 = PLANE ( 'NONE',  #3831 ) ;
#775 = VECTOR ( 'NONE', #1288, 1000.000000000000000 ) ;
#776 = EDGE_CURVE ( 'NONE', #2793, #4834, #1236, .T. ) ;
#777 = CARTESIAN_POINT ( 'NONE',  ( 0.000000000000000000, 3.174999999999999822, 0.000000000000000000 ) ) ;
#778 = CARTESIAN_POINT ( 'NONE',  ( -41.50000000000009237, 3.174999999999999822, -2.250000000000002220 ) ) ;
#779 = AXIS2_PLACEMENT_3D ( 'NONE', #3634, #212, #3269 ) ;
#780 = AXIS2_PLACEMENT_3D ( 'NONE', #3617, #4830, #3948 ) ;
#781 = CARTESIAN_POINT ( 'NONE',  ( -52.52394787142338828, -182.5876151076256804, 17.92999999999990379 ) ) ;
#782 = ORIENTED_EDGE ( 'NONE', *, *, #4560, .T. ) ;
#783 = AXIS2_PLACEMENT_3D ( 'NONE', #2115, #1700, #2848 ) ;
#784 = EDGE_CURVE ( 'NONE', #2570, #1549, #3837, .T. ) ;
#785 = ORIENTED_EDGE ( 'NONE', *, *, #2334, .T. ) ;
#786 = CARTESIAN_POINT ( 'NONE',  ( 29.34493141924177095, 3.174999999999999822, 31.59493141924155069 ) ) ;
#787 = EDGE_LOOP ( 'NONE', ( #3028, #3056, #1719, #1660 ) ) ;
#788 = VECTOR ( 'NONE', #2778, 1000.000000000000000 ) ;
#789 = CARTESIAN_POINT ( 'NONE',  ( -29.18140519907920094, 33.02840460687386326, -9.555294516602934607 ) ) ;
#790 = CIRCLE ( 'NONE', #1050, 0.6499999999999995781 ) ;
#791 = FACE_BOUND ( 'NONE', #199, .T. ) ;
#792 = ORIENTED_EDGE ( 'NONE', *, *, #2675, .F. ) ;
#793 = CARTESIAN_POINT ( 'NONE',  ( -51.28860112102963598, -25.36910429406894352, -17.92999999999991800 ) ) ;
#794 = ORIENTED_EDGE ( 'NONE', *, *, #474, .F. ) ;
#795 = AXIS2_PLACEMENT_3D ( 'NONE', #4385, #4444, #195 ) ;
#796 = CARTESIAN_POINT ( 'NONE',  ( -26.48091124725904422, 33.01507547272727550, -9.543115747887462419 ) ) ;
#797 = CARTESIAN_POINT ( 'NONE',  ( -25.54645125846596443, -97.58073580374365008, -10.17982456129883673 ) ) ;
#798 = EDGE_CURVE ( 'NONE', #4017, #3132, #2521, .T. ) ;
#799 = CARTESIAN_POINT ( 'NONE',  ( -25.54645125846596088, 33.14999999533011277, -10.17982456129883495 ) ) ;
#800 = CARTESIAN_POINT ( 'NONE',  ( -26.07134438499188889, 41.48626808755127371, 8.749393476798248415 ) ) ;
#801 = DIRECTION ( 'NONE',  ( 0.000000000000000000, 0.000000000000000000, 1.000000000000000000 ) ) ;
#802 = B_SPLINE_CURVE_WITH_KNOTS ( 'NONE', 3,
 ( #2640, #3844, #4228, #378, #825, #1908, #3066, #3795, #4188, #2730, #4661, #3870 ),
 .UNSPECIFIED., .F., .F.,
 ( 4, 2, 2, 2, 2, 4 ),
 ( 0.000000000000000000, 0.0002168517530467798282, 0.0004337035060935596565, 0.0008674070121871225655, 0.001301110518280685583, 0.001734814024374248601 ),
 .UNSPECIFIED. ) ;
#803 = DIRECTION ( 'NONE',  ( 0.000000000000000000, 1.000000000000000000, 0.000000000000000000 ) ) ;
#804 = CARTESIAN_POINT ( 'NONE',  ( -25.84084460351469303, 41.15497506928558380, -9.408131986876492547 ) ) ;
#805 = CARTESIAN_POINT ( 'NONE',  ( -26.97361488187852530, 37.86704791932621816, 9.550000000025482549 ) ) ;
#806 = DIRECTION ( 'NONE',  ( 0.000000000000000000, -1.000000000000000000, 0.000000000000000000 ) ) ;
#807 = ORIENTED_EDGE ( 'NONE', *, *, #1491, .F. ) ;
#808 = ORIENTED_EDGE ( 'NONE', *, *, #894, .F. ) ;
#809 = CARTESIAN_POINT ( 'NONE',  ( -28.12765952537206715, 34.89192558781557096, -10.72493735429761053 ) ) ;
#810 = EDGE_CURVE ( 'NONE', #3876, #3285, #3165, .T. ) ;
#811 = ORIENTED_EDGE ( 'NONE', *, *, #3706, .F. ) ;
#812 = EDGE_CURVE ( 'NONE', #1301, #2570, #955, .T. ) ;
#813 = CARTESIAN_POINT ( 'NONE',  ( -28.93914635074293429, 41.08267044639335808, 10.17310409655838654 ) ) ;
#814 = B_SPLINE_CURVE_WITH_KNOTS ( 'NONE', 3,
 ( #1238, #2385, #2412, #3902, #3959, #2772, #3076, #2742, #59, #1968, #513, #4287, #4312, #4652, #3931, #2017 ),
 .UNSPECIFIED., .F., .F.,
 ( 4, 2, 2, 2, 2, 2, 2, 4 ),
 ( 0.000000000000000000, 0.0004133667644731097877, 0.0008267335289462195754, 0.001240100293419329472, 0.001653467057892439151, 0.002066833822365549047, 0.002480200586838658943, 0.003306934115784883506 ),
 .UNSPECIFIED. ) ;
#815 = LINE ( 'NONE', #3458, #2791 ) ;
#816 = CARTESIAN_POINT ( 'NONE',  ( -48.81101412591220168, -27.70000000000011298, 17.92999999999990379 ) ) ;
#817 = ORIENTED_EDGE ( 'NONE', *, *, #2596, .F. ) ;
#818 = DIRECTION ( 'NONE',  ( -1.000000000000000000, 0.000000000000000000, 0.000000000000000000 ) ) ;
#819 = ORIENTED_EDGE ( 'NONE', *, *, #3704, .F. ) ;
#820 = CARTESIAN_POINT ( 'NONE',  ( -28.67802396388109543, 34.78641134687921266, 10.16363723203633462 ) ) ;
#821 = ORIENTED_EDGE ( 'NONE', *, *, #2717, .F. ) ;
#822 = CARTESIAN_POINT ( 'NONE',  ( -11.58493919600778987, 44.19499999999999318, 15.37373356768063637 ) ) ;
#823 = B_SPLINE_CURVE_WITH_KNOTS ( 'NONE', 3,
 ( #1041, #2089, #2897, #2536, #4492, #3618, #2866, #1792, #3639, #965, #3324, #1717 ),
 .UNSPECIFIED., .F., .F.,
 ( 4, 2, 2, 2, 2, 4 ),
 ( 0.000000000000000000, 0.0004336881510232522795, 0.0008673763020465045590, 0.001301064453069756838, 0.001517908528581383412, 0.001734752604093009985 ),
 .UNSPECIFIED. ) ;
#824 = CARTESIAN_POINT ( 'NONE',  ( -26.05046705752969416, 32.14407937336188326, -8.820454487946699729 ) ) ;
#825 = CARTESIAN_POINT ( 'NONE',  ( -26.52455807655886488, 32.79656489980264666, -9.488003598555033946 ) ) ;
#826 = CARTESIAN_POINT ( 'NONE',  ( -26.47541312235679456, 33.14999999533011277, 9.550000000025482549 ) ) ;
#827 = CARTESIAN_POINT ( 'NONE',  ( -28.28537410929454410, 38.05507147268370716, -9.924691074340351804 ) ) ;
#828 = DIRECTION ( 'NONE',  ( 0.000000000000000000, 0.000000000000000000, 1.000000000000000000 ) ) ;
#829 = LINE ( 'NONE', #3425, #4006 ) ;
#830 = CARTESIAN_POINT ( 'NONE',  ( -27.74153618314144154, 33.01540133215695505, 9.543149870934662715 ) ) ;
#831 = VERTEX_POINT ( 'NONE', #1927 ) ;
#832 = EDGE_LOOP ( 'NONE', ( #4793, #785, #3624, #3333, #2703, #2192, #481, #720, #1462, #3277 ) ) ;
#833 = CARTESIAN_POINT ( 'NONE',  ( -27.91409457489167778, 34.16150410484991795, -9.569581007707611775 ) ) ;
#834 = AXIS2_PLACEMENT_3D ( 'NONE', #303, #4101, #3293 ) ;
#835 = CARTESIAN_POINT ( 'NONE',  ( -28.19378667609461075, 38.84999998641045948, 9.550000000025482549 ) ) ;
#836 = CIRCLE ( 'NONE', #3814, 52.32500000000008100 ) ;
#837 = EDGE_CURVE ( 'NONE', #3607, #164, #17, .T. ) ;
#838 = CARTESIAN_POINT ( 'NONE',  ( -28.16241733391320068, 37.82785366478140787, -10.70012882588349257 ) ) ;
#839 = CARTESIAN_POINT ( 'NONE',  ( 18.38358270375472969, -17.70000000000004903, 50.50847836724256013 ) ) ;
#840 = EDGE_LOOP ( 'NONE', ( #684, #3150, #648, #1173 ) ) ;
#841 = CARTESIAN_POINT ( 'NONE',  ( 48.86401628086726134, -17.70000000000004903, -17.78504745293463429 ) ) ;
#842 = ORIENTED_EDGE ( 'NONE', *, *, #4824, .T. ) ;
#843 = CARTESIAN_POINT ( 'NONE',  ( -28.28537410924579021, 34.64492852732023209, 9.924691074479325081 ) ) ;
#844 = EDGE_LOOP ( 'NONE', ( #4418, #4271, #4215 ) ) ;
#845 = CARTESIAN_POINT ( 'NONE',  ( -46.51384310073723327, 0.000000000000000000, 17.92999999999990735 ) ) ;
#846 = CARTESIAN_POINT ( 'NONE',  ( 0.000000000000000000, -25.95000000000021956, 0.000000000000000000 ) ) ;
#847 = CARTESIAN_POINT ( 'NONE',  ( -25.64810989034240407, 32.14127759705726817, -9.921200060696477863 ) ) ;
#848 = CARTESIAN_POINT ( 'NONE',  ( -28.54753251270008363, 38.32063944129905053, -9.922204395292830270 ) ) ;
#849 = CARTESIAN_POINT ( 'NONE',  ( 0.000000000000000000, 3.175000000000011369, -52.32500000000007390 ) ) ;
#850 = CARTESIAN_POINT ( 'NONE',  ( 3.367778697655221307E-15, 0.000000000000000000, -27.50000000000000000 ) ) ;
#851 = CARTESIAN_POINT ( 'NONE',  ( -28.71312959252200514, 32.48910053365817419, 10.79421689731735867 ) ) ;
#852 = ORIENTED_EDGE ( 'NONE', *, *, #4979, .T. ) ;
#853 = VERTEX_POINT ( 'NONE', #2676 ) ;
#854 = CARTESIAN_POINT ( 'NONE',  ( -28.29810333850702619, 35.25406935012456699, -9.549999999891436886 ) ) ;
#855 = CARTESIAN_POINT ( 'NONE',  ( -27.73631419281027988, 39.55000000000011084, -9.549999999891518598 ) ) ;
#856 = AXIS2_PLACEMENT_3D ( 'NONE', #3055, #1490, #741 ) ;
#857 = CIRCLE ( 'NONE', #2874, 1.000000000000000888 ) ;
#858 = VECTOR ( 'NONE', #4387, 1000.000000000000000 ) ;
#859 = EDGE_LOOP ( 'NONE', ( #253, #1677, #3838, #3474 ) ) ;
#860 = EDGE_CURVE ( 'NONE', #4785, #1538, #3914, .T. ) ;
#861 = EDGE_CURVE ( 'NONE', #4629, #2283, #1039, .T. ) ;
#862 = ORIENTED_EDGE ( 'NONE', *, *, #3335, .F. ) ;
#863 = CONICAL_SURFACE ( 'NONE', #2963, 52.00000000000017764, 0.7853981633974432830 ) ;
#864 = CARTESIAN_POINT ( 'NONE',  ( -26.47541312238156053, 39.68521943602722502, -9.549999999891520375 ) ) ;
#865 = AXIS2_PLACEMENT_3D ( 'NONE', #3127, #921, #1240 ) ;
#866 = DIRECTION ( 'NONE',  ( 0.000000000000000000, 0.000000000000000000, 1.000000000000000000 ) ) ;
#867 = EDGE_CURVE ( 'NONE', #2740, #1523, #4557, .T. ) ;
#868 = ADVANCED_FACE ( 'NONE', ( #3210 ), #540, .F. ) ;
#869 = VERTEX_POINT ( 'NONE', #839 ) ;
#870 = DIRECTION ( 'NONE',  ( -0.000000000000000000, -0.000000000000000000, -1.000000000000000000 ) ) ;
#871 = DIRECTION ( 'NONE',  ( -0.5416752204196969567, -0.7071067811865510144, -0.4545194776720440921 ) ) ;
#872 = ORIENTED_EDGE ( 'NONE', *, *, #1925, .T. ) ;
#873 = CARTESIAN_POINT ( 'NONE',  ( -28.65242339556062845, 34.44582195027787463, 10.13119352604117296 ) ) ;
#874 = ORIENTED_EDGE ( 'NONE', *, *, #1627, .F. ) ;
#875 = VECTOR ( 'NONE', #1768, 1000.000000000000000 ) ;
#876 = DIRECTION ( 'NONE',  ( -0.000000000000000000, -1.000000000000000000, -0.000000000000000000 ) ) ;
#877 = CIRCLE ( 'NONE', #2719, 0.3499999999999996447 ) ;
#878 = LINE ( 'NONE', #4022, #561 ) ;
#879 = CARTESIAN_POINT ( 'NONE',  ( 3.756604056384505718E-15, 44.04499999999999460, 30.67500000000000071 ) ) ;
#880 = CARTESIAN_POINT ( 'NONE',  ( -28.28268022519119640, 38.46068725210098194, -9.704698408990436675 ) ) ;
#881 = EDGE_CURVE ( 'NONE', #2671, #4811, #2073, .T. ) ;
#882 = AXIS2_PLACEMENT_3D ( 'NONE', #1532, #3021, #340 ) ;
#883 = CARTESIAN_POINT ( 'NONE',  ( -28.73631419281027988, 34.49999999996721556, -10.49452757059843400 ) ) ;
#884 = PLANE ( 'NONE',  #4835 ) ;
#885 = DIRECTION ( 'NONE',  ( -0.9539392014181425905, 0.000000000000000000, -0.2999999999961936448 ) ) ;
#886 = LINE ( 'NONE', #131, #4167 ) ;
#887 = VERTEX_POINT ( 'NONE', #816 ) ;
#888 = VERTEX_POINT ( 'NONE', #3933 ) ;
#889 = CARTESIAN_POINT ( 'NONE',  ( -27.51003422501653617, 34.10671405069054174, -9.549999999891516822 ) ) ;
#890 = CARTESIAN_POINT ( 'NONE',  ( -29.18546796015570521, 39.61029629898984439, -9.550890941030910852 ) ) ;
#891 = APPLICATION_CONTEXT ( 'automotive_design' ) ;
#892 = DIRECTION ( 'NONE',  ( 0.000000000000000000, 1.000000000000000000, 0.000000000000000000 ) ) ;
#893 = EDGE_LOOP ( 'NONE', ( #4369, #3238, #1744, #1703 ) ) ;
#894 = EDGE_CURVE ( 'NONE', #3479, #2430, #4619, .T. ) ;
#895 = DIRECTION ( 'NONE',  ( 0.000000000000000000, 1.000000000000000000, 0.000000000000000000 ) ) ;
#896 = CARTESIAN_POINT ( 'NONE',  ( -25.87274341171096737, 40.18452930059527972, -9.339711343288527701 ) ) ;
#897 = DIRECTION ( 'NONE',  ( 0.000000000000000000, 1.000000000000000000, 0.000000000000000000 ) ) ;
#898 = EDGE_CURVE ( 'NONE', #1218, #3063, #391, .T. ) ;
#899 = EDGE_CURVE ( 'NONE', #4938, #2099, #3759, .T. ) ;
#900 = ORIENTED_EDGE ( 'NONE', *, *, #115, .F. ) ;
#901 = CARTESIAN_POINT ( 'NONE',  ( -29.17634852691329073, 32.85778730813378701, -9.540317006878387573 ) ) ;
#902 = DIRECTION ( 'NONE',  ( 1.000000000000000000, 0.000000000000000000, 7.814529957098808224E-15 ) ) ;
#903 = ORIENTED_EDGE ( 'NONE', *, *, #397, .T. ) ;
#904 = EDGE_LOOP ( 'NONE', ( #1231, #3608, #2218, #4643 ) ) ;
#905 = CARTESIAN_POINT ( 'NONE',  ( -27.89435256364479443, 40.16976636975461901, 9.337533629535158752 ) ) ;
#906 = DIRECTION ( 'NONE',  ( -1.000000000000000000, 0.000000000000000000, 0.000000000000000000 ) ) ;
#907 = DIRECTION ( 'NONE',  ( -3.491481338843133355E-15, 0.000000000000000000, 1.000000000000000000 ) ) ;
#908 = CARTESIAN_POINT ( 'NONE',  ( -28.73631419281027988, 34.49999999999998579, -10.54999999989151682 ) ) ;
#909 = CARTESIAN_POINT ( 'NONE',  ( -17.78504745293480127, -7.700000000000050804, -48.86401628086719739 ) ) ;
#910 = CARTESIAN_POINT ( 'NONE',  ( 0.000000000000000000, 3.175000000000011369, 0.000000000000000000 ) ) ;
#911 = CARTESIAN_POINT ( 'NONE',  ( -27.73631419275932330, 0.000000000000000000, 9.550000000025482549 ) ) ;
#912 = VERTEX_POINT ( 'NONE', #178 ) ;
#913 = EDGE_LOOP ( 'NONE', ( #417, #1586, #637, #2041 ) ) ;
#914 = CARTESIAN_POINT ( 'NONE',  ( -28.19378667614479639, 33.85000001358952915, -9.549999999891516822 ) ) ;
#915 = CARTESIAN_POINT ( 'NONE',  ( 29.34493141924177095, 3.174999999999999822, 27.09493141924154713 ) ) ;
#916 = VERTEX_POINT ( 'NONE', #3151 ) ;
#917 = LINE ( 'NONE', #4763, #3375 ) ;
#918 = EDGE_CURVE ( 'NONE', #367, #164, #4326, .T. ) ;
#919 = FACE_OUTER_BOUND ( 'NONE', #248, .T. ) ;
#920 = DIRECTION ( 'NONE',  ( 0.000000000000000000, 0.000000000000000000, 1.000000000000000000 ) ) ;
#921 = DIRECTION ( 'NONE',  ( -0.000000000000000000, -1.000000000000000000, -0.000000000000000000 ) ) ;
#922 = ORIENTED_EDGE ( 'NONE', *, *, #4558, .T. ) ;
#923 = EDGE_LOOP ( 'NONE', ( #14, #3438, #4683 ) ) ;
#924 = ORIENTED_EDGE ( 'NONE', *, *, #234, .F. ) ;
#925 = DIRECTION ( 'NONE',  ( 0.6427876096865403621, -3.965082230804127459E-15, -0.7660444431189770143 ) ) ;
#926 = DIRECTION ( 'NONE',  ( 0.000000000000000000, -1.000000000000000000, 0.000000000000000000 ) ) ;
#927 = FACE_OUTER_BOUND ( 'NONE', #1400, .T. ) ;
#928 = CARTESIAN_POINT ( 'NONE',  ( -27.99107960608872503, 40.31072145653276806, 9.202344188130373581 ) ) ;
#929 = CARTESIAN_POINT ( 'NONE',  ( -28.34866798211902150, 34.76621924732413049, -10.13119352070032697 ) ) ;
#930 = DIRECTION ( 'NONE',  ( 1.000000000000000000, 0.000000000000000000, -0.000000000000000000 ) ) ;
#931 = EDGE_CURVE ( 'NONE', #1426, #2241, #158, .T. ) ;
#932 = CIRCLE ( 'NONE', #4226, 2.250000000000001776 ) ;
#933 = CARTESIAN_POINT ( 'NONE',  ( -28.73631419281028343, 34.84999999999999432, -10.54999999989151860 ) ) ;
#934 = DIRECTION ( 'NONE',  ( 0.000000000000000000, 0.000000000000000000, 1.000000000000000000 ) ) ;
#935 = CARTESIAN_POINT ( 'NONE',  ( -27.73631419275932330, 44.04499999999999460, 10.55000000002548433 ) ) ;
#936 = CIRCLE ( 'NONE', #4481, 2.250000000000001776 ) ;
#937 = DIRECTION ( 'NONE',  ( 0.000000000000000000, 0.000000000000000000, -1.000000000000000000 ) ) ;
#938 = ORIENTED_EDGE ( 'NONE', *, *, #301, .F. ) ;
#939 = ORIENTED_EDGE ( 'NONE', *, *, #2147, .T. ) ;
#940 = LINE ( 'NONE', #2039, #3854 ) ;
#941 = ORIENTED_EDGE ( 'NONE', *, *, #2878, .T. ) ;
#942 = CIRCLE ( 'NONE', #2217, 32.17499999999999716 ) ;
#943 = CARTESIAN_POINT ( 'NONE',  ( -29.29466603163549010, 41.55000000000011084, 9.102436724861787454 ) ) ;
#944 = EDGE_CURVE ( 'NONE', #4631, #559, #4653, .T. ) ;
#945 = CARTESIAN_POINT ( 'NONE',  ( -25.73735527225359832, 31.80927039269398193, 9.687506348248021482 ) ) ;
#946 = CARTESIAN_POINT ( 'NONE',  ( -26.93238060406634915, 37.49999999999999289, -9.549999999891516822 ) ) ;
#947 = CARTESIAN_POINT ( 'NONE',  ( 51.99999999999997868, -17.70000000000004903, 1.815570296198428587E-13 ) ) ;
#948 = DIRECTION ( 'NONE',  ( 0.000000000000000000, 1.000000000000000000, 0.000000000000000000 ) ) ;
#949 = VECTOR ( 'NONE', #4799, 1000.000000000000114 ) ;
#950 = AXIS2_PLACEMENT_3D ( 'NONE', #2243, #4997, #1522 ) ;
#951 = ORIENTED_EDGE ( 'NONE', *, *, #2756, .F. ) ;
#952 = ORIENTED_EDGE ( 'NONE', *, *, #3737, .T. ) ;
#953 = VECTOR ( 'NONE', #925, 1000.000000000000114 ) ;
#954 = ORIENTED_EDGE ( 'NONE', *, *, #654, .T. ) ;
#955 = CIRCLE ( 'NONE', #2555, 53.75000000000000000 ) ;
#956 = B_SPLINE_CURVE_WITH_KNOTS ( 'NONE', 3,
 ( #1058, #597, #4848, #1760, #1734, #2476 ),
 .UNSPECIFIED., .F., .F.,
 ( 4, 2, 4 ),
 ( -6.548186942955444382E-06, 0.0007464699060723769966, 0.001499487999087709567 ),
 .UNSPECIFIED. ) ;
#957 = CARTESIAN_POINT ( 'NONE',  ( -50.05112065034687419, -26.53594505611916077, 17.92999999999990379 ) ) ;
#958 = FACE_OUTER_BOUND ( 'NONE', #167, .T. ) ;
#959 = AXIS2_PLACEMENT_3D ( 'NONE', #4465, #2130, #3772 ) ;
#960 = DIRECTION ( 'NONE',  ( 0.000000000000000000, 0.000000000000000000, -1.000000000000000000 ) ) ;
#961 = CARTESIAN_POINT ( 'NONE',  ( -25.78851488549724991, 39.55000000000011084, 9.550000000025482549 ) ) ;
#962 = ADVANCED_FACE ( 'NONE', ( #2805 ), #439, .T. ) ;
#963 = CARTESIAN_POINT ( 'NONE',  ( -25.73339839566688880, 40.87853249111892495, -9.698004222802522278 ) ) ;
#964 = CYLINDRICAL_SURFACE ( 'NONE', #780, 2.250000000000001776 ) ;
#965 = CARTESIAN_POINT ( 'NONE',  ( -27.74235855539799545, 33.00569219487307748, 9.542072644572183293 ) ) ;
#966 = DIRECTION ( 'NONE',  ( -0.000000000000000000, 1.000000000000000000, -0.000000000000000000 ) ) ;
#967 = ORIENTED_EDGE ( 'NONE', *, *, #734, .T. ) ;
#968 = AXIS2_PLACEMENT_3D ( 'NONE', #4606, #353, #2608 ) ;
#969 = ORIENTED_EDGE ( 'NONE', *, *, #169, .F. ) ;
#970 = CYLINDRICAL_SURFACE ( 'NONE', #2085, 1.250000000000001110 ) ;
#971 = CIRCLE ( 'NONE', #4260, 53.75000000000000000 ) ;
#972 = CARTESIAN_POINT ( 'NONE',  ( -25.93215025206525226, 32.33935212957146632, 9.169675430039472275 ) ) ;
#973 = CARTESIAN_POINT ( 'NONE',  ( -28.37733470575221517, 37.84999999999998721, -10.54999999989151682 ) ) ;
#974 = CARTESIAN_POINT ( 'NONE',  ( 41.50000000000009237, 3.174999999999999822, 2.250000000000002220 ) ) ;
#975 = EDGE_CURVE ( 'NONE', #3988, #1617, #298, .T. ) ;
#976 = ORIENTED_EDGE ( 'NONE', *, *, #1085, .F. ) ;
#977 = ORIENTED_EDGE ( 'NONE', *, *, #1807, .F. ) ;
#978 = CYLINDRICAL_SURFACE ( 'NONE', #4969, 1.250000000000001110 ) ;
#979 = CARTESIAN_POINT ( 'NONE',  ( 3.756604056384505718E-15, 44.04499999999999460, 30.67500000000000071 ) ) ;
#980 = CARTESIAN_POINT ( 'NONE',  ( 0.000000000000000000, -182.5876151076256804, 51.99999999999997868 ) ) ;
#981 = DIRECTION ( 'NONE',  ( -0.000000000000000000, 1.000000000000000000, -0.000000000000000000 ) ) ;
#982 = DIRECTION ( 'NONE',  ( 0.000000000000000000, 0.000000000000000000, 1.000000000000000000 ) ) ;
#983 = EDGE_CURVE ( 'NONE', #3290, #4994, #4173, .T. ) ;
#984 = EDGE_CURVE ( 'NONE', #3539, #3455, #4998, .T. ) ;
#985 = DIRECTION ( 'NONE',  ( 0.000000000000000000, 1.000000000000000000, 0.000000000000000000 ) ) ;
#986 = CARTESIAN_POINT ( 'NONE',  ( -28.83569852563940827, 31.88803765421931757, 10.46423084526135661 ) ) ;
#987 = CARTESIAN_POINT ( 'NONE',  ( 2.755455298081542806E-16, 3.174999999999999822, 43.74999999999987210 ) ) ;
#988 = DIRECTION ( 'NONE',  ( -0.000000000000000000, -1.000000000000000000, -0.000000000000000000 ) ) ;
#989 = DIRECTION ( 'NONE',  ( 1.224646799147356165E-16, 0.000000000000000000, -1.000000000000000000 ) ) ;
#990 = CARTESIAN_POINT ( 'NONE',  ( -26.23332803895827325, 31.14999999533010921, 8.250000000024584779 ) ) ;
#991 = EDGE_LOOP ( 'NONE', ( #1044, #2076, #4707, #762 ) ) ;
#992 = ORIENTED_EDGE ( 'NONE', *, *, #127, .F. ) ;
#993 = CARTESIAN_POINT ( 'NONE',  ( -28.73168836611448995, 38.20300678738304612, -10.43906099884815220 ) ) ;
#994 = ORIENTED_EDGE ( 'NONE', *, *, #4524, .F. ) ;
#995 = EDGE_CURVE ( 'NONE', #2418, #702, #2875, .T. ) ;
#996 = CARTESIAN_POINT ( 'NONE',  ( -26.47541312235679456, 33.14999999533011277, 9.550000000025482549 ) ) ;
#997 = CARTESIAN_POINT ( 'NONE',  ( -28.39808837936172736, 37.46876649799274617, -9.549999999889069002 ) ) ;
#998 = CARTESIAN_POINT ( 'NONE',  ( -28.26468002092963872, 34.95618841218463757, 9.550000000025484326 ) ) ;
#999 = LINE ( 'NONE', #2522, #4089 ) ;
#1000 = ORIENTED_EDGE ( 'NONE', *, *, #454, .F. ) ;
#1001 = ORIENTED_EDGE ( 'NONE', *, *, #1499, .F. ) ;
#1002 = ORIENTED_EDGE ( 'NONE', *, *, #2765, .F. ) ;
#1003 = ADVANCED_FACE ( 'NONE', ( #514 ), #2046, .F. ) ;
#1004 =( BOUNDED_SURFACE ( )  B_SPLINE_SURFACE ( 3, 2, ( 
 ( #768, #4203, #4586 ),
 ( #2581, #2288, #4536 ),
 ( #4953, #4127, #2197 ),
 ( #2633, #1476, #1132 ),
 ( #2268, #305, #1077 ),
 ( #1454, #3816, #3733 ),
 ( #2606, #3367, #4928 ),
 ( #1569, #1274, #4245 ),
 ( #4681, #2021, #1215 ),
 ( #4627, #901, #2416 ),
 ( #93, #3153, #516 ),
 ( #19, #789, #2391 ),
 ( #1243, #4270, #2312 ),
 ( #3864, #2775, #4316 ) ),
 .UNSPECIFIED., .F., .F., .T. ) 
 B_SPLINE_SURFACE_WITH_KNOTS ( ( 4, 2, 2, 2, 2, 2, 4 ),
 ( 3, 3 ),
 ( 0.001430154836612009591, 0.002233564886449243385, 0.002635269911367860065, 0.003036974936286476745, 0.003438679961205093425, 0.003840384986123710105, 0.004643795035960943465 ),
 ( 0.000000000000000000, 1.000000000000000000 ),
 .UNSPECIFIED. ) 
 GEOMETRIC_REPRESENTATION_ITEM ( )  RATIONAL_B_SPLINE_SURFACE ( (
 ( 1.000000000000000000, 0.7071067811865473507, 1.000000000000000000),
 ( 1.000000000000000000, 0.6939691323554532110, 1.000000000000000000),
 ( 1.000000000000000000, 0.6793498447562201781, 1.000000000000000000),
 ( 1.000000000000000000, 0.6564447114719833554, 1.000000000000000000),
 ( 1.000000000000000000, 0.6487888550871945270, 1.000000000000000000),
 ( 1.000000000000000000, 0.6335807429183573092, 1.000000000000000000),
 ( 1.000000000000000000, 0.6259453153691449945, 1.000000000000000000),
 ( 1.000000000000000000, 0.6115406051065108706, 1.000000000000000000),
 ( 1.000000000000000000, 0.6047580645355222773, 1.000000000000000000),
 ( 1.000000000000000000, 0.5923601326992876670, 1.000000000000000000),
 ( 1.000000000000000000, 0.5867227282820153267, 1.000000000000000000),
 ( 1.000000000000000000, 0.5729438149654128010, 1.000000000000000000),
 ( 1.000000000000000000, 0.5675958872679418565, 1.000000000000000000),
 ( 1.000000000000000000, 0.5676627022775134757, 1.000000000000000000) ) ) 
 REPRESENTATION_ITEM ( '' )  SURFACE ( )  );
#1005 = CARTESIAN_POINT ( 'NONE',  ( 3.568932026329314645E-42, -27.70000000000005969, -51.99999999999997868 ) ) ;
#1006 = DIRECTION ( 'NONE',  ( 0.000000000000000000, -1.000000000000000000, 0.000000000000000000 ) ) ;
#1007 = DIRECTION ( 'NONE',  ( 0.000000000000000000, 0.7071067811865511255, 0.7071067811865440200 ) ) ;
#1008 = DIRECTION ( 'NONE',  ( 0.000000000000000000, 1.000000000000000000, 0.000000000000000000 ) ) ;
#1009 = CARTESIAN_POINT ( 'NONE',  ( -28.73631419193044323, 34.84999999917110358, 10.47505693693873319 ) ) ;
#1010 = CIRCLE ( 'NONE', #2755, 28.50000000000000000 ) ;
#1011 = AXIS2_PLACEMENT_3D ( 'NONE', #4838, #149, #3749 ) ;
#1012 = DIRECTION ( 'NONE',  ( 0.000000000000000000, -1.000000000000000000, 0.000000000000000000 ) ) ;
#1013 = CARTESIAN_POINT ( 'NONE',  ( -28.67656761707418056, 32.87637294859054293, 10.89086874984861453 ) ) ;
#1014 = CARTESIAN_POINT ( 'NONE',  ( -43.85000000000004405, 3.174999999999999822, 2.727178028658938214 ) ) ;
#1015 = DIRECTION ( 'NONE',  ( 0.000000000000000000, -0.000000000000000000, 1.000000000000000000 ) ) ;
#1016 = DIRECTION ( 'NONE',  ( 0.000000000000000000, 0.000000000000000000, -1.000000000000000000 ) ) ;
#1017 = CARTESIAN_POINT ( 'NONE',  ( -27.73631419281027988, 38.19999999999999574, -10.54999999989151682 ) ) ;
#1018 = AXIS2_PLACEMENT_3D ( 'NONE', #1463, #713, #3327 ) ;
#1019 = EDGE_LOOP ( 'NONE', ( #4974, #1997 ) ) ;
#1020 = DIRECTION ( 'NONE',  ( 0.000000000000000000, 0.000000000000000000, 1.000000000000000000 ) ) ;
#1021 =( GEOMETRIC_REPRESENTATION_CONTEXT ( 3 ) GLOBAL_UNCERTAINTY_ASSIGNED_CONTEXT ( ( #3142 ) ) GLOBAL_UNIT_ASSIGNED_CONTEXT ( ( #116, #3963, #517 ) ) REPRESENTATION_CONTEXT ( 'NONE', 'WORKASPACE' ) );
#1022 = CARTESIAN_POINT ( 'NONE',  ( 6.368163355566232437E-15, -182.5876151076256804, -51.99999999999997868 ) ) ;
#1023 = ORIENTED_EDGE ( 'NONE', *, *, #3236, .F. ) ;
#1024 = ADVANCED_FACE ( 'NONE', ( #1054, #4479, #3312, #2497, #4036 ), #2576, .T. ) ;
#1025 = EDGE_CURVE ( 'NONE', #1676, #204, #618, .T. ) ;
#1026 = FACE_OUTER_BOUND ( 'NONE', #351, .T. ) ;
#1027 = ORIENTED_EDGE ( 'NONE', *, *, #3660, .F. ) ;
#1028 = AXIS2_PLACEMENT_3D ( 'NONE', #3047, #2233, #3775 ) ;
#1029 = ORIENTED_EDGE ( 'NONE', *, *, #2265, .F. ) ;
#1030 = CIRCLE ( 'NONE', #4990, 0.9999999999999987788 ) ;
#1031 = DIRECTION ( 'NONE',  ( -0.000000000000000000, 1.000000000000000000, -0.000000000000000000 ) ) ;
#1032 = CIRCLE ( 'NONE', #2068, 53.75000000000000000 ) ;
#1033 = CARTESIAN_POINT ( 'NONE',  ( -28.34866798207006511, 37.93378075267221305, 10.13119352084202518 ) ) ;
#1034 = CARTESIAN_POINT ( 'NONE',  ( -28.38631419272636336, 34.84999999999999432, 10.49452757073596665 ) ) ;
#1035 = AXIS2_PLACEMENT_3D ( 'NONE', #1614, #1634, #3172 ) ;
#1036 = CARTESIAN_POINT ( 'NONE',  ( 29.34493141924177095, 3.174999999999999822, -29.34493141924177095 ) ) ;
#1037 = DIRECTION ( 'NONE',  ( -0.000000000000000000, 1.000000000000000000, -0.000000000000000000 ) ) ;
#1038 = EDGE_CURVE ( 'NONE', #4052, #4266, #1987, .T. ) ;
#1039 = CIRCLE ( 'NONE', #3508, 29.92500000000000426 ) ;
#1040 = LINE ( 'NONE', #1837, #3450 ) ;
#1041 = CARTESIAN_POINT ( 'NONE',  ( -28.41659946227845523, 32.14999999533010566, 8.550000000025480773 ) ) ;
#1042 = DIRECTION ( 'NONE',  ( 0.000000000000000000, 0.000000000000000000, 1.000000000000000000 ) ) ;
#1043 = EDGE_CURVE ( 'NONE', #1301, #2213, #4119, .T. ) ;
#1044 = ORIENTED_EDGE ( 'NONE', *, *, #3053, .T. ) ;
#1045 = CARTESIAN_POINT ( 'NONE',  ( -27.18726724037493980, 32.14999999533010566, 8.550000000025480773 ) ) ;
#1046 = AXIS2_PLACEMENT_3D ( 'NONE', #3691, #577, #3632 ) ;
#1047 = DIRECTION ( 'NONE',  ( -0.000000000000000000, -1.000000000000000000, -0.000000000000000000 ) ) ;
#1048 = DIRECTION ( 'NONE',  ( -0.9346693915016087706, 0.000000000000000000, -0.3555181128859856710 ) ) ;
#1049 = AXIS2_PLACEMENT_3D ( 'NONE', #1484, #1177, #4980 ) ;
#1050 = AXIS2_PLACEMENT_3D ( 'NONE', #190, #1630, #2790 ) ;
#1051 = CARTESIAN_POINT ( 'NONE',  ( 0.000000000000000000, 38.19999999999999574, 0.000000000000000000 ) ) ;
#1052 = ORIENTED_EDGE ( 'NONE', *, *, #1853, .F. ) ;
#1053 = AXIS2_PLACEMENT_3D ( 'NONE', #4498, #1047, #2183 ) ;
#1054 = FACE_BOUND ( 'NONE', #85, .T. ) ;
#1055 = EDGE_LOOP ( 'NONE', ( #2523, #34, #3987, #419 ) ) ;
#1056 = ORIENTED_EDGE ( 'NONE', *, *, #3957, .T. ) ;
#1057 = EDGE_CURVE ( 'NONE', #2693, #3896, #3520, .T. ) ;
#1058 = CARTESIAN_POINT ( 'NONE',  ( -27.73631419281027632, 33.99066133775521337, -9.549999999891516822 ) ) ;
#1059 = CARTESIAN_POINT ( 'NONE',  ( -26.93238060406634560, 35.19999999999999574, -10.54999999989151682 ) ) ;
#1060 = CARTESIAN_POINT ( 'NONE',  ( 0.000000000000000000, 45.71999999999999176, 0.000000000000000000 ) ) ;
#1061 = CARTESIAN_POINT ( 'NONE',  ( -25.78851488554686000, 33.14999999533011277, -9.549999999891518598 ) ) ;
#1062 = CARTESIAN_POINT ( 'NONE',  ( -25.79742559046437123, 33.14999999533011277, -9.549999999891520375 ) ) ;
#1063 = CARTESIAN_POINT ( 'NONE',  ( 3.756604056384505718E-15, 34.49999999999998579, 30.67500000000000071 ) ) ;
#1064 = DIRECTION ( 'NONE',  ( 0.000000000000000000, -1.000000000000000000, 0.000000000000000000 ) ) ;
#1065 = DIRECTION ( 'NONE',  ( -0.000000000000000000, -1.000000000000000000, -0.000000000000000000 ) ) ;
#1066 = VERTEX_POINT ( 'NONE', #228 ) ;
#1067 = FACE_BOUND ( 'NONE', #1875, .T. ) ;
#1068 = VERTEX_POINT ( 'NONE', #3259 ) ;
#1069 = FACE_OUTER_BOUND ( 'NONE', #859, .T. ) ;
#1070 = CARTESIAN_POINT ( 'NONE',  ( -28.12779828008392613, 34.89192135361732028, 10.72484083013495493 ) ) ;
#1071 = DIRECTION ( 'NONE',  ( 0.000000000000000000, 0.000000000000000000, 1.000000000000000000 ) ) ;
#1072 = ORIENTED_EDGE ( 'NONE', *, *, #3251, .T. ) ;
#1073 = CARTESIAN_POINT ( 'NONE',  ( -25.73339839561836939, 31.82146750421069470, 9.698004222931269069 ) ) ;
#1074 = VERTEX_POINT ( 'NONE', #3332 ) ;
#1075 = CARTESIAN_POINT ( 'NONE',  ( 11.58493919599269084, 47.21999999999999176, -15.37373356831901461 ) ) ;
#1076 = CARTESIAN_POINT ( 'NONE',  ( -28.52602532680671388, 38.32938700717240010, 9.924691069280090261 ) ) ;
#1077 = CARTESIAN_POINT ( 'NONE',  ( -29.04820843555117804, 31.40528869521088495, -9.857539919802702499 ) ) ;
#1078 = ORIENTED_EDGE ( 'NONE', *, *, #4600, .F. ) ;
#1079 = DIRECTION ( 'NONE',  ( 0.000000000000000000, 0.000000000000000000, 1.000000000000000000 ) ) ;
#1080 = DIRECTION ( 'NONE',  ( 0.000000000000000000, 1.000000000000000000, 0.000000000000000000 ) ) ;
#1081 = CARTESIAN_POINT ( 'NONE',  ( 0.000000000000000000, 37.84999999999999432, 0.000000000000000000 ) ) ;
#1082 = DIRECTION ( 'NONE',  ( -0.000000000000000000, -1.000000000000000000, -0.000000000000000000 ) ) ;
#1083 = CARTESIAN_POINT ( 'NONE',  ( -25.70441757952781714, 40.80156192911984192, 9.775970496105962582 ) ) ;
#1084 = CARTESIAN_POINT ( 'NONE',  ( -26.23332803899892696, 31.14999999533010921, -8.249999999895322844 ) ) ;
#1085 = EDGE_CURVE ( 'NONE', #562, #4833, #1513, .T. ) ;
#1086 = CARTESIAN_POINT ( 'NONE',  ( -27.96702806576659128, 34.08907418347968132, 9.570281868628065070 ) ) ;
#1087 = ORIENTED_EDGE ( 'NONE', *, *, #4981, .T. ) ;
#1088 = CIRCLE ( 'NONE', #437, 30.67500000000000071 ) ;
#1089 = DIRECTION ( 'NONE',  ( -0.000000000000000000, -1.000000000000000000, -0.000000000000000000 ) ) ;
#1090 = CARTESIAN_POINT ( 'NONE',  ( -28.72249959728715041, 38.20897948705690794, 10.38435475289689691 ) ) ;
#1091 = CYLINDRICAL_SURFACE ( 'NONE', #4320, 55.49999999999997868 ) ;
#1092 = CARTESIAN_POINT ( 'NONE',  ( -28.73631419281027988, 38.19999999999999574, -10.54999999989151682 ) ) ;
#1093 = VERTEX_POINT ( 'NONE', #974 ) ;
#1094 = ORIENTED_EDGE ( 'NONE', *, *, #1647, .T. ) ;
#1095 = VECTOR ( 'NONE', #153, 1000.000000000000000 ) ;
#1096 = FACE_OUTER_BOUND ( 'NONE', #3413, .T. ) ;
#1097 = CARTESIAN_POINT ( 'NONE',  ( -11.58493919600778987, 44.19499999999999318, 16.62373356768063459 ) ) ;
#1098 = EDGE_LOOP ( 'NONE', ( #1192, #2389, #3231, #4709, #3600, #1613, #4037, #1367, #3905, #3156 ) ) ;
#1099 = EDGE_CURVE ( 'NONE', #2407, #2415, #717, .T. ) ;
#1100 = EDGE_LOOP ( 'NONE', ( #2679, #1313, #2470 ) ) ;
#1101 = LINE ( 'NONE', #786, #3646 ) ;
#1102 = ORIENTED_EDGE ( 'NONE', *, *, #547, .F. ) ;
#1103 = PLANE ( 'NONE',  #2845 ) ;
#1104 = ORIENTED_EDGE ( 'NONE', *, *, #4499, .F. ) ;
#1105 = DIRECTION ( 'NONE',  ( 0.000000000000000000, 0.000000000000000000, -1.000000000000000000 ) ) ;
#1106 = CIRCLE ( 'NONE', #2867, 29.92500000000000426 ) ;
#1107 = DIRECTION ( 'NONE',  ( 0.000000000000000000, 0.000000000000000000, 1.000000000000000000 ) ) ;
#1108 = AXIS2_PLACEMENT_3D ( 'NONE', #1852, #3383, #4944 ) ;
#1109 = CARTESIAN_POINT ( 'NONE',  ( -27.18726724041706788, 32.14999999533009856, -8.549999999891515046 ) ) ;
#1110 = CARTESIAN_POINT ( 'NONE',  ( -25.57231499368299055, 40.08224523071366718, 10.11471615682368963 ) ) ;
#1111 = CARTESIAN_POINT ( 'NONE',  ( -15.37373356800737412, 37.21999999999999176, -11.58493919631943037 ) ) ;
#1112 = DIRECTION ( 'NONE',  ( -1.000000000000000000, 0.000000000000000000, 0.000000000000000000 ) ) ;
#1113 = CONICAL_SURFACE ( 'NONE', #3910, 52.00000000000017764, 0.7853981633974432830 ) ;
#1114 = CARTESIAN_POINT ( 'NONE',  ( -28.38631419281028201, 34.84999999999999432, -10.49446514357232374 ) ) ;
#1115 = EDGE_CURVE ( 'NONE', #4065, #1948, #4579, .T. ) ;
#1116 = TOROIDAL_SURFACE ( 'NONE', #244, 0.6500000000000000222, 0.3499999999999999778 ) ;
#1117 = DIRECTION ( 'NONE',  ( 0.000000000000000000, 0.000000000000000000, 1.000000000000000000 ) ) ;
#1118 = EDGE_CURVE ( 'NONE', #1273, #4283, #465, .T. ) ;
#1119 = DIRECTION ( 'NONE',  ( 0.000000000000000000, 0.000000000000000000, -1.000000000000000000 ) ) ;
#1120 = ORIENTED_EDGE ( 'NONE', *, *, #126, .F. ) ;
#1121 = ORIENTED_EDGE ( 'NONE', *, *, #412, .F. ) ;
#1122 = VECTOR ( 'NONE', #4437, 1000.000000000000000 ) ;
#1123 = AXIS2_PLACEMENT_3D ( 'NONE', #210, #3267, #2082 ) ;
#1124 = CARTESIAN_POINT ( 'NONE',  ( 41.17488881764489861, -7.700000000000047251, 34.54983402065169429 ) ) ;
#1125 = ORIENTED_EDGE ( 'NONE', *, *, #4950, .T. ) ;
#1126 = CIRCLE ( 'NONE', #3927, 30.27500000000000213 ) ;
#1127 = EDGE_LOOP ( 'NONE', ( #372, #2122 ) ) ;
#1128 = CARTESIAN_POINT ( 'NONE',  ( -27.86349143007274876, 35.15175579280010965, -10.91473638372728594 ) ) ;
#1129 = ADVANCED_FACE ( 'NONE', ( #1026 ), #1116, .T. ) ;
#1130 = DIRECTION ( 'NONE',  ( 0.000000000000000000, 0.000000000000000000, 1.000000000000000000 ) ) ;
#1131 = ORIENTED_EDGE ( 'NONE', *, *, #4510, .F. ) ;
#1132 = CARTESIAN_POINT ( 'NONE',  ( -29.08787795733653070, 31.34571466658435313, -9.740018501627622172 ) ) ;
#1133 = ORIENTED_EDGE ( 'NONE', *, *, #433, .F. ) ;
#1134 = CARTESIAN_POINT ( 'NONE',  ( -28.73631419275932330, 34.49999999999998579, 10.55000000002548433 ) ) ;
#1135 = DIRECTION ( 'NONE',  ( 0.000000000000000000, 0.000000000000000000, -1.000000000000000000 ) ) ;
#1136 = CARTESIAN_POINT ( 'NONE',  ( -28.33887902717739138, 40.55000000000011084, 8.679154997288710760 ) ) ;
#1137 = FACE_OUTER_BOUND ( 'NONE', #840, .T. ) ;
#1138 = DIRECTION ( 'NONE',  ( -0.000000000000000000, -1.000000000000000000, -0.000000000000000000 ) ) ;
#1139 = CARTESIAN_POINT ( 'NONE',  ( 0.000000000000000000, -17.70000000000004903, -51.99999999999997868 ) ) ;
#1140 = EDGE_CURVE ( 'NONE', #2357, #1676, #2440, .T. ) ;
#1141 = EDGE_CURVE ( 'NONE', #2171, #3928, #3042, .T. ) ;
#1142 = DIRECTION ( 'NONE',  ( -0.000000000000000000, -1.000000000000000000, 0.000000000000000000 ) ) ;
#1143 = CARTESIAN_POINT ( 'NONE',  ( -26.47541312235679456, 33.14999999533011277, 9.550000000025482549 ) ) ;
#1144 = VECTOR ( 'NONE', #1162, 1000.000000000000000 ) ;
#1145 = CARTESIAN_POINT ( 'NONE',  ( 0.000000000000000000, 3.174999999999999822, 41.49999999999987210 ) ) ;
#1146 = ORIENTED_EDGE ( 'NONE', *, *, #2179, .F. ) ;
#1147 = EDGE_LOOP ( 'NONE', ( #1772, #2335, #3363, #3005 ) ) ;
#1148 = DIRECTION ( 'NONE',  ( 0.000000000000000000, 0.000000000000000000, -1.000000000000000000 ) ) ;
#1149 = EDGE_LOOP ( 'NONE', ( #4503, #329, #4236, #1291 ) ) ;
#1150 = EDGE_CURVE ( 'NONE', #3073, #1066, #999, .T. ) ;
#1151 = CARTESIAN_POINT ( 'NONE',  ( -28.83844251910162981, 40.80331925345147681, 10.45498765738358848 ) ) ;
#1152 = DIRECTION ( 'NONE',  ( -0.000000000000000000, 1.000000000000000000, -0.000000000000000000 ) ) ;
#1153 = ORIENTED_EDGE ( 'NONE', *, *, #1953, .T. ) ;
#1154 = DIRECTION ( 'NONE',  ( 1.000000000000000000, -0.000000000000000000, -0.000000000000000000 ) ) ;
#1155 = EDGE_CURVE ( 'NONE', #887, #1941, #2096, .T. ) ;
#1156 = ORIENTED_EDGE ( 'NONE', *, *, #3329, .T. ) ;
#1157 = CARTESIAN_POINT ( 'NONE',  ( -27.82538025557608918, 40.02719628529121110, 9.431489855004384637 ) ) ;
#1158 = DIRECTION ( 'NONE',  ( 0.000000000000000000, 0.000000000000000000, 1.000000000000000000 ) ) ;
#1159 = DIRECTION ( 'NONE',  ( -0.000000000000000000, 1.000000000000000000, -0.000000000000000000 ) ) ;
#1160 = CARTESIAN_POINT ( 'NONE',  ( -26.19328737783537164, 41.55000000000010374, 8.377321187676789904 ) ) ;
#1161 = DIRECTION ( 'NONE',  ( 0.000000000000000000, 0.000000000000000000, 1.000000000000000000 ) ) ;
#1162 = DIRECTION ( 'NONE',  ( -0.000000000000000000, -1.000000000000000000, -0.000000000000000000 ) ) ;
#1163 = DIRECTION ( 'NONE',  ( -0.000000000000000000, -1.000000000000000000, -0.000000000000000000 ) ) ;
#1164 = ORIENTED_EDGE ( 'NONE', *, *, #4070, .T. ) ;
#1165 = VERTEX_POINT ( 'NONE', #1097 ) ;
#1166 = CARTESIAN_POINT ( 'NONE',  ( -27.82636335604867739, 38.62646509690794971, -9.549999999891555902 ) ) ;
#1167 = EDGE_CURVE ( 'NONE', #4454, #3762, #4746, .T. ) ;
#1168 = EDGE_CURVE ( 'NONE', #3681, #98, #2067, .T. ) ;
#1169 = CARTESIAN_POINT ( 'NONE',  ( -28.67098358431189453, 34.49999999999998579, -10.90551811277750538 ) ) ;
#1170 = CARTESIAN_POINT ( 'NONE',  ( -27.73631419281027988, 38.70933866224477526, -9.549999999891518598 ) ) ;
#1171 = CIRCLE ( 'NONE', #2690, 2.249999999999998668 ) ;
#1172 = EDGE_LOOP ( 'NONE', ( #3562, #2110 ) ) ;
#1173 = ORIENTED_EDGE ( 'NONE', *, *, #302, .F. ) ;
#1174 = ORIENTED_EDGE ( 'NONE', *, *, #4622, .F. ) ;
#1175 = CARTESIAN_POINT ( 'NONE',  ( -25.91533872278852968, 31.39238768309229144, -9.203476523611039184 ) ) ;
#1176 = DIRECTION ( 'NONE',  ( 0.000000000000000000, 1.000000000000000000, 0.000000000000000000 ) ) ;
#1177 = DIRECTION ( 'NONE',  ( -0.000000000000000000, 1.000000000000000000, -0.000000000000000000 ) ) ;
#1178 = CARTESIAN_POINT ( 'NONE',  ( -25.55155267907015215, 39.81478062426977971, 10.16704871002827915 ) ) ;
#1179 = AXIS2_PLACEMENT_3D ( 'NONE', #3974, #2009, #4382 ) ;
#1180 = CARTESIAN_POINT ( 'NONE',  ( -25.91557692359712206, 41.29546355494012033, -9.200275540580486577 ) ) ;
#1181 = CARTESIAN_POINT ( 'NONE',  ( -26.93238061359599200, 37.68608479878385964, 9.550000000025482549 ) ) ;
#1182 = AXIS2_PLACEMENT_3D ( 'NONE', #2367, #3993, #123 ) ;
#1183 = CIRCLE ( 'NONE', #2954, 30.27500000000000213 ) ;
#1184 = EDGE_CURVE ( 'NONE', #3132, #4017, #3503, .T. ) ;
#1185 = CARTESIAN_POINT ( 'NONE',  ( -28.67098358425922200, 44.04499999999999460, 10.90551811291598128 ) ) ;
#1186 = AXIS2_PLACEMENT_3D ( 'NONE', #288, #1817, #4032 ) ;
#1187 = ORIENTED_EDGE ( 'NONE', *, *, #4711, .T. ) ;
#1188 = ORIENTED_EDGE ( 'NONE', *, *, #622, .F. ) ;
#1189 = DIRECTION ( 'NONE',  ( 8.659560562354890950E-17, 0.7071067811865511255, -0.7071067811865440200 ) ) ;
#1190 = B_SPLINE_CURVE_WITH_KNOTS ( 'NONE', 3,
 ( #4125, #262, #1403, #1377 ),
 .UNSPECIFIED., .F., .F.,
 ( 4, 4 ),
 ( 0.000000000000000000, 0.004627771908484273194 ),
 .UNSPECIFIED. ) ;
#1191 = CARTESIAN_POINT ( 'NONE',  ( -28.68104042810094967, 38.23592794702794606, 10.13752347796424758 ) ) ;
#1192 = ORIENTED_EDGE ( 'NONE', *, *, #3226, .F. ) ;
#1193 = CARTESIAN_POINT ( 'NONE',  ( -28.38331411095153456, 37.85461551047351492, 10.43912241763793958 ) ) ;
#1194 = DIRECTION ( 'NONE',  ( -1.000000000000000000, 0.000000000000000000, 0.000000000000000000 ) ) ;
#1195 = ORIENTED_EDGE ( 'NONE', *, *, #602, .T. ) ;
#1196 = AXIS2_PLACEMENT_3D ( 'NONE', #264, #4103, #238 ) ;
#1197 = AXIS2_PLACEMENT_3D ( 'NONE', #217, #104, #502 ) ;
#1198 = ORIENTED_EDGE ( 'NONE', *, *, #4873, .T. ) ;
#1199 = DIRECTION ( 'NONE',  ( -0.9346693915016087706, 0.000000000000000000, -0.3555181128859856710 ) ) ;
#1200 = EDGE_LOOP ( 'NONE', ( #1220, #1877, #4050, #4680 ) ) ;
#1201 = EDGE_CURVE ( 'NONE', #2357, #3938, #857, .T. ) ;
#1202 = AXIS2_PLACEMENT_3D ( 'NONE', #4864, #3358, #4916 ) ;
#1203 = CARTESIAN_POINT ( 'NONE',  ( -28.11329628889172128, 40.43785103162600336, 9.026508511453842587 ) ) ;
#1204 = CARTESIAN_POINT ( 'NONE',  ( -28.38631419281028201, 34.84999999999999432, -10.54999999989151682 ) ) ;
#1205 = CARTESIAN_POINT ( 'NONE',  ( -27.73631419281027988, 38.70933866224477526, -9.549999999891518598 ) ) ;
#1206 = DIRECTION ( 'NONE',  ( -0.000000000000000000, -1.000000000000000000, -0.000000000000000000 ) ) ;
#1207 = CARTESIAN_POINT ( 'NONE',  ( 41.50000000000009237, 3.174999999999999822, 0.000000000000000000 ) ) ;
#1208 = CARTESIAN_POINT ( 'NONE',  ( 41.50000000000009237, 3.174999999999999822, 0.000000000000000000 ) ) ;
#1209 = ORIENTED_EDGE ( 'NONE', *, *, #812, .F. ) ;
#1210 = EDGE_LOOP ( 'NONE', ( #1245, #1146, #458, #3263, #952, #611 ) ) ;
#1211 = CARTESIAN_POINT ( 'NONE',  ( -28.01243506583742970, 33.88252492607661992, -9.549999999891516822 ) ) ;
#1212 = DIRECTION ( 'NONE',  ( 0.000000000000000000, 1.000000000000000000, 0.000000000000000000 ) ) ;
#1213 = CARTESIAN_POINT ( 'NONE',  ( 0.000000000000000000, 33.84999999999999432, -10.54999999989151682 ) ) ;
#1214 = ORIENTED_EDGE ( 'NONE', *, *, #4934, .F. ) ;
#1215 = CARTESIAN_POINT ( 'NONE',  ( -28.83434759581201234, 31.91046725455159461, -10.46626582069778699 ) ) ;
#1216 = EDGE_CURVE ( 'NONE', #1068, #2430, #1030, .T. ) ;
#1217 = PLANE ( 'NONE',  #3569 ) ;
#1218 = VERTEX_POINT ( 'NONE', #850 ) ;
#1219 = CARTESIAN_POINT ( 'NONE',  ( -28.07565658134202735, 34.33472006315414404, 9.626420972734820225 ) ) ;
#1220 = ORIENTED_EDGE ( 'NONE', *, *, #4886, .T. ) ;
#1221 = CARTESIAN_POINT ( 'NONE',  ( -28.75315039483388446, 40.45441178011843419, 10.68715336663105653 ) ) ;
#1222 = DIRECTION ( 'NONE',  ( -0.000000000000000000, -1.000000000000000000, -0.000000000000000000 ) ) ;
#1223 = CARTESIAN_POINT ( 'NONE',  ( -28.73631419275932330, 34.49999999999998579, 10.49446514370983330 ) ) ;
#1224 = CARTESIAN_POINT ( 'NONE',  ( -27.73631419281028343, 38.70933866224476105, -9.549999999891518598 ) ) ;
#1225 = CARTESIAN_POINT ( 'NONE',  ( -28.72844936933133653, 34.84213517652059977, -10.40096914075233947 ) ) ;
#1226 = EDGE_CURVE ( 'NONE', #444, #1375, #1665, .T. ) ;
#1227 = DIRECTION ( 'NONE',  ( 0.000000000000000000, 0.000000000000000000, -1.000000000000000000 ) ) ;
#1228 = DIRECTION ( 'NONE',  ( 0.000000000000000000, 0.000000000000000000, -1.000000000000000000 ) ) ;
#1229 = CARTESIAN_POINT ( 'NONE',  ( -28.69731014649808643, 32.61896835944781259, 10.83609193350862299 ) ) ;
#1230 = ORIENTED_EDGE ( 'NONE', *, *, #4014, .F. ) ;
#1231 = ORIENTED_EDGE ( 'NONE', *, *, #705, .F. ) ;
#1232 = EDGE_CURVE ( 'NONE', #345, #2112, #313, .T. ) ;
#1233 = CARTESIAN_POINT ( 'NONE',  ( -26.50623465007679513, 39.83499544922818103, 9.511187040201374288 ) ) ;
#1234 = CARTESIAN_POINT ( 'NONE',  ( -27.74153618319238390, 39.68459866317361673, -9.543149870800620604 ) ) ;
#1235 = ORIENTED_EDGE ( 'NONE', *, *, #1491, .T. ) ;
#1236 = CIRCLE ( 'NONE', #4053, 27.50000000000000000 ) ;
#1237 = CIRCLE ( 'NONE', #2121, 1.000000000000000222 ) ;
#1238 = CARTESIAN_POINT ( 'NONE',  ( -28.67098358431189098, 33.14999999533011277, -10.90551811277750005 ) ) ;
#1239 = CARTESIAN_POINT ( 'NONE',  ( -26.49783263487386975, 39.81967619812920844, -9.522079761551070831 ) ) ;
#1240 = DIRECTION ( 'NONE',  ( 0.000000000000000000, 0.000000000000000000, 1.000000000000000000 ) ) ;
#1241 = EDGE_CURVE ( 'NONE', #696, #4154, #3806, .T. ) ;
#1242 = VERTEX_POINT ( 'NONE', #1495 ) ;
#1243 = CARTESIAN_POINT ( 'NONE',  ( -27.73631419290891031, 33.01526837537214476, -9.549999999891550573 ) ) ;
#1244 = VECTOR ( 'NONE', #4801, 1000.000000000000000 ) ;
#1245 = ORIENTED_EDGE ( 'NONE', *, *, #3097, .T. ) ;
#1246 = CARTESIAN_POINT ( 'NONE',  ( -28.70040407532206572, 34.47665832692780441, 10.25280687183712836 ) ) ;
#1247 = ORIENTED_EDGE ( 'NONE', *, *, #3009, .F. ) ;
#1248 = VECTOR ( 'NONE', #1512, 1000.000000000000000 ) ;
#1249 = CARTESIAN_POINT ( 'NONE',  ( -43.85000000000004405, 3.174999999999999822, -2.727178028658938214 ) ) ;
#1250 = DIRECTION ( 'NONE',  ( 0.000000000000000000, 1.000000000000000000, 0.000000000000000000 ) ) ;
#1251 = DIRECTION ( 'NONE',  ( 0.000000000000000000, -1.000000000000000000, 0.000000000000000000 ) ) ;
#1252 = CARTESIAN_POINT ( 'NONE',  ( -28.18116658789320539, 38.51375797287322200, -9.626420964810412428 ) ) ;
#1253 = CARTESIAN_POINT ( 'NONE',  ( 0.000000000000000000, 3.174999999999999822, 39.24999999999986500 ) ) ;
#1254 = CARTESIAN_POINT ( 'NONE',  ( -25.83637342390488101, 41.14545339093194798, -9.420406239039893492 ) ) ;
#1255 = DIRECTION ( 'NONE',  ( 0.000000000000000000, 0.000000000000000000, 1.000000000000000000 ) ) ;
#1256 = CARTESIAN_POINT ( 'NONE',  ( 0.000000000000000000, 34.84999999999999432, 0.000000000000000000 ) ) ;
#1257 = VERTEX_POINT ( 'NONE', #4301 ) ;
#1258 = ORIENTED_EDGE ( 'NONE', *, *, #2816, .F. ) ;
#1259 = EDGE_CURVE ( 'NONE', #546, #3386, #3360, .T. ) ;
#1260 = CARTESIAN_POINT ( 'NONE',  ( -28.37733470575221872, 34.85000000000000142, -10.54999999989151505 ) ) ;
#1261 = CARTESIAN_POINT ( 'NONE',  ( -27.73631419281027988, 33.14999999533011277, -9.549999999891518598 ) ) ;
#1262 = ADVANCED_FACE ( 'NONE', ( #4145 ), #3030, .T. ) ;
#1263 = CARTESIAN_POINT ( 'NONE',  ( -27.78256259253428340, 39.90103303249316014, -9.488888513224750909 ) ) ;
#1264 = VECTOR ( 'NONE', #2405, 1000.000000000000114 ) ;
#1265 = AXIS2_PLACEMENT_3D ( 'NONE', #1362, #2088, #1255 ) ;
#1266 = ADVANCED_FACE ( 'NONE', ( #1873 ), #4945, .F. ) ;
#1267 = AXIS2_PLACEMENT_3D ( 'NONE', #2706, #4274, #67 ) ;
#1268 = ORIENTED_EDGE ( 'NONE', *, *, #408, .F. ) ;
#1269 = AXIS2_PLACEMENT_3D ( 'NONE', #735, #706, #2250 ) ;
#1270 = CARTESIAN_POINT ( 'NONE',  ( -28.26968555614666556, 37.84999999999999432, -10.62458412684726028 ) ) ;
#1271 = AXIS2_PLACEMENT_3D ( 'NONE', #4889, #1726, #2960 ) ;
#1272 = CARTESIAN_POINT ( 'NONE',  ( -28.41659946231876077, 32.14999999533010566, -8.549999999891516822 ) ) ;
#1273 = VERTEX_POINT ( 'NONE', #2215 ) ;
#1274 = CARTESIAN_POINT ( 'NONE',  ( -29.18228558413356311, 32.70769232086914258, -9.498584679084819626 ) ) ;
#1275 = CARTESIAN_POINT ( 'NONE',  ( -28.93864423953002785, 41.08145827396821659, -10.17452689263906684 ) ) ;
#1276 = ORIENTED_EDGE ( 'NONE', *, *, #4607, .F. ) ;
#1277 = EDGE_LOOP ( 'NONE', ( #4780, #3334, #4869, #192, #1600 ) ) ;
#1278 = AXIS2_PLACEMENT_3D ( 'NONE', #1783, #2557, #3318 ) ;
#1279 = CIRCLE ( 'NONE', #3771, 2.250000000000001776 ) ;
#1280 = CARTESIAN_POINT ( 'NONE',  ( -27.81580237827959934, 40.00220589013139261, 9.444376954541404245 ) ) ;
#1281 = AXIS2_PLACEMENT_3D ( 'NONE', #3967, #906, #2858 ) ;
#1282 = FACE_OUTER_BOUND ( 'NONE', #2205, .T. ) ;
#1283 = DIRECTION ( 'NONE',  ( 0.000000000000000000, -1.000000000000000000, 0.000000000000000000 ) ) ;
#1284 = FACE_OUTER_BOUND ( 'NONE', #3658, .T. ) ;
#1285 = CARTESIAN_POINT ( 'NONE',  ( -49.15710248784006353, 3.174999999999999822, 17.92999999999990735 ) ) ;
#1286 = CARTESIAN_POINT ( 'NONE',  ( 0.000000000000000000, 37.84999999999999432, 0.000000000000000000 ) ) ;
#1287 = ADVANCED_FACE ( 'NONE', ( #3429 ), #3758, .F. ) ;
#1288 = DIRECTION ( 'NONE',  ( -0.000000000000000000, 1.000000000000000000, -0.000000000000000000 ) ) ;
#1289 = EDGE_CURVE ( 'NONE', #2063, #1257, #346, .T. ) ;
#1290 = EDGE_LOOP ( 'NONE', ( #1472, #220, #137, #4739 ) ) ;
#1291 = ORIENTED_EDGE ( 'NONE', *, *, #408, .T. ) ;
#1292 = CARTESIAN_POINT ( 'NONE',  ( -26.47541312235679101, 39.62379911641814800, 9.550000000025480773 ) ) ;
#1293 = CARTESIAN_POINT ( 'NONE',  ( 0.000000000000000000, 0.000000000000000000, 39.24999999999986500 ) ) ;
#1294 = CARTESIAN_POINT ( 'NONE',  ( -28.38631419281028201, 37.84999999999999432, -10.54999999989151682 ) ) ;
#1295 = ORIENTED_EDGE ( 'NONE', *, *, #2917, .F. ) ;
#1296 = CARTESIAN_POINT ( 'NONE',  ( -27.87833694848239574, 37.59488557660505137, -10.90393293488444826 ) ) ;
#1297 = EDGE_CURVE ( 'NONE', #1066, #4768, #2222, .T. ) ;
#1298 = CARTESIAN_POINT ( 'NONE',  ( -29.34493141924177095, 3.174999999999999822, -29.34493141924177095 ) ) ;
#1299 = EDGE_LOOP ( 'NONE', ( #1874, #2512, #808, #1961 ) ) ;
#1300 = ORIENTED_EDGE ( 'NONE', *, *, #615, .F. ) ;
#1301 = VERTEX_POINT ( 'NONE', #4554 ) ;
#1302 = CARTESIAN_POINT ( 'NONE',  ( 0.000000000000000000, 44.19499999999999318, 0.000000000000000000 ) ) ;
#1303 = CARTESIAN_POINT ( 'NONE',  ( -28.06913305040528428, 34.33518241981676766, 9.645719193200800845 ) ) ;
#1304 = EDGE_CURVE ( 'NONE', #3386, #4762, #56, .T. ) ;
#1305 = CARTESIAN_POINT ( 'NONE',  ( -27.73631419282135013, 33.99066133774854137, -9.549999999891518598 ) ) ;
#1306 = CARTESIAN_POINT ( 'NONE',  ( -26.59773126973806257, 32.60965689115954547, 9.394026082333491345 ) ) ;
#1307 = CARTESIAN_POINT ( 'NONE',  ( -27.91621801492499344, 38.54389955750540508, -9.549999999891522151 ) ) ;
#1308 = CARTESIAN_POINT ( 'NONE',  ( -28.38331411100210744, 37.85461551047410467, -10.43912241749690040 ) ) ;
#1309 = DIRECTION ( 'NONE',  ( 0.000000000000000000, 1.000000000000000000, 0.000000000000000000 ) ) ;
#1310 = DIRECTION ( 'NONE',  ( -0.000000000000000000, -1.000000000000000000, -0.000000000000000000 ) ) ;
#1311 = CARTESIAN_POINT ( 'NONE',  ( -29.18657898667084183, 33.11957762301842934, 9.550000000368706665 ) ) ;
#1312 = EDGE_CURVE ( 'NONE', #3833, #3980, #390, .T. ) ;
#1313 = ORIENTED_EDGE ( 'NONE', *, *, #193, .T. ) ;
#1314 = ORIENTED_EDGE ( 'NONE', *, *, #1765, .F. ) ;
#1315 = CARTESIAN_POINT ( 'NONE',  ( -28.77351108271211544, 40.57804012935066140, -10.63268087860348388 ) ) ;
#1316 = CARTESIAN_POINT ( 'NONE',  ( -28.21691267308426987, 37.61989227716411222, -9.549999999891355174 ) ) ;
#1317 = CARTESIAN_POINT ( 'NONE',  ( -27.01407056684844221, 38.01190290592136023, 9.550000000025482549 ) ) ;
#1318 = ORIENTED_EDGE ( 'NONE', *, *, #3752, .F. ) ;
#1319 = ORIENTED_EDGE ( 'NONE', *, *, #1881, .T. ) ;
#1320 = VECTOR ( 'NONE', #2982, 1000.000000000000000 ) ;
#1321 = ORIENTED_EDGE ( 'NONE', *, *, #1551, .F. ) ;
#1322 = ADVANCED_FACE ( 'NONE', ( #4804 ), #557, .T. ) ;
#1323 = CARTESIAN_POINT ( 'NONE',  ( -25.95427673644438471, 41.35487637614873080, -9.090677629337982069 ) ) ;
#1324 = CARTESIAN_POINT ( 'NONE',  ( -26.93238060406634560, 37.49999999999999289, -10.54999999989151682 ) ) ;
#1325 = DIRECTION ( 'NONE',  ( 0.000000000000000000, 1.000000000000000000, 0.000000000000000000 ) ) ;
#1326 = CARTESIAN_POINT ( 'NONE',  ( 0.000000000000000000, 44.04499999999999460, -30.67500000000000071 ) ) ;
#1327 = CARTESIAN_POINT ( 'NONE',  ( -27.18726724041706433, 31.14999999533010921, -8.549999999891515046 ) ) ;
#1328 = CIRCLE ( 'NONE', #447, 29.67500000000000071 ) ;
#1329 = CYLINDRICAL_SURFACE ( 'NONE', #2615, 53.75000000000000000 ) ;
#1330 = FACE_OUTER_BOUND ( 'NONE', #5002, .T. ) ;
#1331 = DIRECTION ( 'NONE',  ( 0.000000000000000000, 1.000000000000000000, 0.000000000000000000 ) ) ;
#1332 = CARTESIAN_POINT ( 'NONE',  ( -27.89313278754508119, 35.07290999133410736, -10.89318086210968239 ) ) ;
#1333 = CARTESIAN_POINT ( 'NONE',  ( -28.37733470570240968, 37.84999999999999432, 10.55000000002548255 ) ) ;
#1334 = ORIENTED_EDGE ( 'NONE', *, *, #4620, .F. ) ;
#1335 = EDGE_LOOP ( 'NONE', ( #3228, #2417, #807, #2350 ) ) ;
#1336 = DIRECTION ( 'NONE',  ( 0.000000000000000000, -1.000000000000000000, 0.000000000000000000 ) ) ;
#1337 = EDGE_CURVE ( 'NONE', #3808, #757, #3672, .T. ) ;
#1338 = DIRECTION ( 'NONE',  ( -0.000000000000000000, 1.000000000000000000, -0.000000000000000000 ) ) ;
#1339 = DIRECTION ( 'NONE',  ( 1.224646799147356165E-16, 0.000000000000000000, -1.000000000000000000 ) ) ;
#1340 = ADVANCED_FACE ( 'NONE', ( #3272 ), #3224, .T. ) ;
#1341 = VECTOR ( 'NONE', #4617, 1000.000000000000000 ) ;
#1342 = CARTESIAN_POINT ( 'NONE',  ( 29.34493141924177095, 3.174999999999999822, -29.34493141924177095 ) ) ;
#1343 = DIRECTION ( 'NONE',  ( 1.000000000000000000, 0.000000000000000000, 3.491481338843133355E-15 ) ) ;
#1344 = DIRECTION ( 'NONE',  ( 0.000000000000000000, 0.000000000000000000, 1.000000000000000000 ) ) ;
#1345 = AXIS2_PLACEMENT_3D ( 'NONE', #3511, #2261, #4966 ) ;
#1346 = ORIENTED_EDGE ( 'NONE', *, *, #4608, .F. ) ;
#1347 = EDGE_CURVE ( 'NONE', #2357, #3477, #1183, .T. ) ;
#1348 = ORIENTED_EDGE ( 'NONE', *, *, #2420, .T. ) ;
#1350 = EDGE_CURVE ( 'NONE', #4520, #1523, #2548, .T. ) ;
#1349 = TOROIDAL_SURFACE ( 'NONE', #3588, 30.32500000000000284, 0.3499999999999999778 ) ;
#1351 = ORIENTED_EDGE ( 'NONE', *, *, #3693, .F. ) ;
#1352 = DIRECTION ( 'NONE',  ( 0.000000000000000000, 0.000000000000000000, 1.000000000000000000 ) ) ;
#1353 = DIRECTION ( 'NONE',  ( 0.000000000000000000, 0.000000000000000000, -1.000000000000000000 ) ) ;
#1354 = CARTESIAN_POINT ( 'NONE',  ( -28.73631419281027632, 38.19999999999999574, -10.49446514357231131 ) ) ;
#1355 = CARTESIAN_POINT ( 'NONE',  ( -26.93238060406634560, 35.19999999999999574, -9.549999999891518598 ) ) ;
#1356 = PLANE ( 'NONE',  #1686 ) ;
#1357 = VECTOR ( 'NONE', #4775, 1000.000000000000114 ) ;
#1358 = AXIS2_PLACEMENT_3D ( 'NONE', #1739, #2942, #2534 ) ;
#1359 = DIRECTION ( 'NONE',  ( -0.000000000000000000, -1.000000000000000000, -0.000000000000000000 ) ) ;
#1360 = CARTESIAN_POINT ( 'NONE',  ( -29.17199817217782964, 31.24622463162525676, 9.485069505566201542 ) ) ;
#1361 = CARTESIAN_POINT ( 'NONE',  ( 17.78504745293480127, -7.700000000000050804, 48.86401628086719739 ) ) ;
#1362 = CARTESIAN_POINT ( 'NONE',  ( -15.37373356800737412, 47.21999999999999176, -11.58493919631943037 ) ) ;
#1363 = CARTESIAN_POINT ( 'NONE',  ( 0.000000000000000000, 34.84999999999999432, 0.000000000000000000 ) ) ;
#1364 = CARTESIAN_POINT ( 'NONE',  ( 0.000000000000000000, 37.49999999999999289, 29.92500000000000426 ) ) ;
#1365 = ORIENTED_EDGE ( 'NONE', *, *, #2959, .F. ) ;
#1366 = CIRCLE ( 'NONE', #4754, 1.250000000000001110 ) ;
#1367 = ORIENTED_EDGE ( 'NONE', *, *, #3417, .F. ) ;
#1368 = CARTESIAN_POINT ( 'NONE',  ( -26.47541312241017408, 33.14999999533011277, -9.549999999891518598 ) ) ;
#1369 = EDGE_CURVE ( 'NONE', #1879, #4146, #3754, .T. ) ;
#1370 = DIRECTION ( 'NONE',  ( 0.000000000000000000, 0.000000000000000000, 1.000000000000000000 ) ) ;
#1371 = ORIENTED_EDGE ( 'NONE', *, *, #3355, .F. ) ;
#1372 = DIRECTION ( 'NONE',  ( -0.000000000000000000, -1.000000000000000000, -0.000000000000000000 ) ) ;
#1373 = DIRECTION ( 'NONE',  ( -5.143373102040996971E-28, 1.000000000000000000, -7.651950780643814512E-29 ) ) ;
#1374 = VERTEX_POINT ( 'NONE', #1740 ) ;
#1375 = VERTEX_POINT ( 'NONE', #2839 ) ;
#1376 = ADVANCED_FACE ( 'NONE', ( #3195 ), #3995, .T. ) ;
#1377 = CARTESIAN_POINT ( 'NONE',  ( -52.52394787142338117, 2.775557561562891351E-14, -17.92999999999993221 ) ) ;
#1378 = VECTOR ( 'NONE', #4947, 1000.000000000000114 ) ;
#1379 = DIRECTION ( 'NONE',  ( 0.000000000000000000, 0.000000000000000000, -1.000000000000000000 ) ) ;
#1380 =( LENGTH_UNIT ( ) NAMED_UNIT ( * ) SI_UNIT ( .MILLI., .METRE. ) );
#1381 = CARTESIAN_POINT ( 'NONE',  ( -28.38330740537646690, 34.84537417330479769, 10.43906099898926954 ) ) ;
#1382 = DIRECTION ( 'NONE',  ( -1.000000000000000000, 0.000000000000000000, -3.491481338843133355E-15 ) ) ;
#1383 = CARTESIAN_POINT ( 'NONE',  ( -28.69813560826176158, 32.61084471709465760, 10.83390811447447177 ) ) ;
#1384 = CARTESIAN_POINT ( 'NONE',  ( -28.38331411095153811, 34.84538448952647371, 10.43912241763794313 ) ) ;
#1385 = CARTESIAN_POINT ( 'NONE',  ( -26.15608713105183725, 41.54999999316245862, 8.495610433373734338 ) ) ;
#1386 = LINE ( 'NONE', #4831, #1920 ) ;
#1387 = CARTESIAN_POINT ( 'NONE',  ( -29.22281708426062607, 32.43892370111437629, 9.342383344989697136 ) ) ;
#1388 = EDGE_LOOP ( 'NONE', ( #3929, #12, #1754, #2654 ) ) ;
#1389 = CARTESIAN_POINT ( 'NONE',  ( -27.10917923761620330, 40.55000000000011084, -8.674152011613408320 ) ) ;
#1390 = CARTESIAN_POINT ( 'NONE',  ( 0.000000000000000000, 34.84999999999999432, -10.54999999989151682 ) ) ;
#1391 = EDGE_CURVE ( 'NONE', #3260, #2283, #4414, .T. ) ;
#1392 = EDGE_CURVE ( 'NONE', #4284, #4672, #2140, .T. ) ;
#1393 = CARTESIAN_POINT ( 'NONE',  ( -29.21017390576164985, 41.49974493064243575, -9.369542094678957156 ) ) ;
#1394 = DIRECTION ( 'NONE',  ( -0.000000000000000000, 1.000000000000000000, -0.000000000000000000 ) ) ;
#1395 = ORIENTED_EDGE ( 'NONE', *, *, #3200, .F. ) ;
#1396 = CARTESIAN_POINT ( 'NONE',  ( -28.31201106062897210, 34.89525914465224332, 9.550000000025482549 ) ) ;
#1397 = CARTESIAN_POINT ( 'NONE',  ( 15.37373356799227508, 44.19499999999999318, 11.58493919568105213 ) ) ;
#1398 = ORIENTED_EDGE ( 'NONE', *, *, #1862, .F. ) ;
#1399 = CARTESIAN_POINT ( 'NONE',  ( -26.07187815895265715, 31.21334059155017115, 8.747791573115453190 ) ) ;
#1400 = EDGE_LOOP ( 'NONE', ( #1235, #221, #3787, #205 ) ) ;
#1401 = DIRECTION ( 'NONE',  ( 0.000000000000000000, 1.000000000000000000, 0.000000000000000000 ) ) ;
#1402 = ADVANCED_FACE ( 'NONE', ( #3167 ), #4080, .T. ) ;
#1403 = CARTESIAN_POINT ( 'NONE',  ( -51.40354587317491308, 1.060323173892705029, -17.92999999999996774 ) ) ;
#1404 = CARTESIAN_POINT ( 'NONE',  ( -28.73631419275932330, 38.19999999999999574, 10.55000000002548433 ) ) ;
#1405 = CARTESIAN_POINT ( 'NONE',  ( 2.755455298081542806E-16, 0.000000000000000000, -39.25000000000009237 ) ) ;
#1406 = DIRECTION ( 'NONE',  ( 0.9861854045278248826, 0.000000000000000000, 0.1656452471285864980 ) ) ;
#1407 = AXIS2_PLACEMENT_3D ( 'NONE', #3102, #870, #818 ) ;
#1408 = DIRECTION ( 'NONE',  ( 1.224646799147356165E-16, 0.000000000000000000, -1.000000000000000000 ) ) ;
#1409 = CARTESIAN_POINT ( 'NONE',  ( -29.37419337844622191, 31.14999999533010921, 8.838121314263913675 ) ) ;
#1410 = CARTESIAN_POINT ( 'NONE',  ( 0.000000000000000000, -79.70000000000075602, 0.000000000000000000 ) ) ;
#1411 = CARTESIAN_POINT ( 'NONE',  ( -26.57969581584655927, 40.06490774033501623, 9.417527791005108284 ) ) ;
#1412 = CARTESIAN_POINT ( 'NONE',  ( 53.75000000000000000, -25.95000000000021956, 1.876671219628184210E-13 ) ) ;
#1413 = TOROIDAL_SURFACE ( 'NONE', #3657, 30.32500000000000284, 0.3499999999999999778 ) ;
#1414 = ORIENTED_EDGE ( 'NONE', *, *, #4646, .T. ) ;
#1415 = CARTESIAN_POINT ( 'NONE',  ( -43.85000000000004405, 0.000000000000000000, -2.727178028658938214 ) ) ;
#1416 = FACE_OUTER_BOUND ( 'NONE', #2047, .T. ) ;
#1417 = DIRECTION ( 'NONE',  ( 0.3555181128859857265, -0.000000000000000000, -0.9346693915016087706 ) ) ;
#1418 = CIRCLE ( 'NONE', #3342, 2.250000000000002220 ) ;
#1419 = CARTESIAN_POINT ( 'NONE',  ( 3.568932026325221036E-42, -27.70000000000005969, 51.99999999999997868 ) ) ;
#1420 = ADVANCED_FACE ( 'NONE', ( #3638 ), #964, .F. ) ;
#1421 = ORIENTED_EDGE ( 'NONE', *, *, #4577, .F. ) ;
#1422 = DIRECTION ( 'NONE',  ( 0.000000000000000000, 0.000000000000000000, -1.000000000000000000 ) ) ;
#1423 = ORIENTED_EDGE ( 'NONE', *, *, #810, .T. ) ;
#1424 = VECTOR ( 'NONE', #3619, 1000.000000000000000 ) ;
#1425 = CARTESIAN_POINT ( 'NONE',  ( -25.83637342385796742, 31.55454660439780668, 9.420406239168565676 ) ) ;
#1426 = VERTEX_POINT ( 'NONE', #4438 ) ;
#1427 = CIRCLE ( 'NONE', #3753, 55.49999999999997868 ) ;
#1428 = AXIS2_PLACEMENT_3D ( 'NONE', #935, #988, #2509 ) ;
#1429 = CARTESIAN_POINT ( 'NONE',  ( 41.17488881764489861, -7.700000000000047251, 34.54983402065169429 ) ) ;
#1430 = TOROIDAL_SURFACE ( 'NONE', #57, 28.50000000000000000, 1.000000000000000000 ) ;
#1431 = CARTESIAN_POINT ( 'NONE',  ( -28.24105422704663226, 38.12962706235126120, 9.836753667934637235 ) ) ;
#1432 = DIRECTION ( 'NONE',  ( 0.2881213142384326242, -0.000000000000000000, 0.9575939161677660127 ) ) ;
#1433 = DIRECTION ( 'NONE',  ( 0.000000000000000000, 0.000000000000000000, 1.000000000000000000 ) ) ;
#1434 = CARTESIAN_POINT ( 'NONE',  ( 0.000000000000000000, 3.174999999999999822, -41.50000000000009237 ) ) ;
#1435 = CARTESIAN_POINT ( 'NONE',  ( -43.85000000000004405, 0.000000000000000000, 2.727178028658936437 ) ) ;
#1436 = CARTESIAN_POINT ( 'NONE',  ( -28.37733470575221517, 34.84999999999999432, -10.54999999989151505 ) ) ;
#1437 = CARTESIAN_POINT ( 'NONE',  ( -29.17615221944968340, 32.76197830493467222, 9.524524289706617353 ) ) ;
#1438 = ORIENTED_EDGE ( 'NONE', *, *, #2771, .T. ) ;
#1439 = DIRECTION ( 'NONE',  ( 8.659560562354833018E-17, -0.7071067811865556774, 0.7071067811865392461 ) ) ;
#1440 = EDGE_CURVE ( 'NONE', #1948, #1542, #146, .T. ) ;
#1441 = TOROIDAL_SURFACE ( 'NONE', #882, 28.50000000000000000, 1.000000000000000000 ) ;
#1442 = CIRCLE ( 'NONE', #4665, 1.000000000000000888 ) ;
#1443 = CARTESIAN_POINT ( 'NONE',  ( -28.37733470575222228, 37.86381459547394002, -10.38435475275244535 ) ) ;
#1444 = EDGE_LOOP ( 'NONE', ( #2854, #862, #3981, #1 ) ) ;
#1445 = CARTESIAN_POINT ( 'NONE',  ( -27.93348516188889974, 35.01909332040294487, 10.86401500242224039 ) ) ;
#1446 = CARTESIAN_POINT ( 'NONE',  ( -28.37733470570240968, 38.84999999999999432, 10.55000000002548077 ) ) ;
#1447 = ORIENTED_EDGE ( 'NONE', *, *, #3794, .F. ) ;
#1448 = ORIENTED_EDGE ( 'NONE', *, *, #2074, .F. ) ;
#1449 = ORIENTED_EDGE ( 'NONE', *, *, #30, .T. ) ;
#1450 = ADVANCED_FACE ( 'NONE', ( #4722 ), #3689, .T. ) ;
#1451 = CARTESIAN_POINT ( 'NONE',  ( -25.93215025211255664, 40.36064786575605723, -9.169675429907080400 ) ) ;
#1452 = CARTESIAN_POINT ( 'NONE',  ( 15.37373356799227508, 44.19499999999999318, 10.33493919568105035 ) ) ;
#1453 = CARTESIAN_POINT ( 'NONE',  ( -27.91621801450146378, 38.54389955736386497, 9.550000000024432723 ) ) ;
#1454 = CARTESIAN_POINT ( 'NONE',  ( -28.02715812986667032, 32.34807605721539403, -9.150885136655924512 ) ) ;
#1455 = ORIENTED_EDGE ( 'NONE', *, *, #4371, .F. ) ;
#1456 = PLANE ( 'NONE',  #2160 ) ;
#1457 = CYLINDRICAL_SURFACE ( 'NONE', #4908, 1.000000000000000888 ) ;
#1458 = FACE_OUTER_BOUND ( 'NONE', #1529, .T. ) ;
#1459 = CARTESIAN_POINT ( 'NONE',  ( 0.000000000000000000, 37.84999999999999432, 0.000000000000000000 ) ) ;
#1460 = DIRECTION ( 'NONE',  ( 0.000000000000000000, 0.000000000000000000, 1.000000000000000000 ) ) ;
#1461 = CARTESIAN_POINT ( 'NONE',  ( 0.000000000000000000, 34.84999999999999432, 0.000000000000000000 ) ) ;
#1462 = ORIENTED_EDGE ( 'NONE', *, *, #4539, .T. ) ;
#1463 = CARTESIAN_POINT ( 'NONE',  ( 0.000000000000000000, 35.19999999999999574, 0.000000000000000000 ) ) ;
#1464 = CARTESIAN_POINT ( 'NONE',  ( -28.73169868228580270, 38.20300008180778661, 10.43912241763793958 ) ) ;
#1465 = CARTESIAN_POINT ( 'NONE',  ( -28.72249959733634839, 34.49102051294193672, -10.38435475275248265 ) ) ;
#1466 = CARTESIAN_POINT ( 'NONE',  ( -27.82706657826822649, 38.62581791089053240, 9.550000000024983393 ) ) ;
#1467 = EDGE_CURVE ( 'NONE', #1856, #2146, #790, .T. ) ;
#1468 = ORIENTED_EDGE ( 'NONE', *, *, #4622, .T. ) ;
#1469 = ORIENTED_EDGE ( 'NONE', *, *, #397, .F. ) ;
#1470 = CARTESIAN_POINT ( 'NONE',  ( 0.000000000000000000, 0.000000000000000000, 0.000000000000000000 ) ) ;
#1471 = ORIENTED_EDGE ( 'NONE', *, *, #2583, .F. ) ;
#1472 = ORIENTED_EDGE ( 'NONE', *, *, #1809, .F. ) ;
#1473 = CARTESIAN_POINT ( 'NONE',  ( -26.64142950787576325, 40.17059316951100101, -9.336881825908189825 ) ) ;
#1474 = CARTESIAN_POINT ( 'NONE',  ( 0.000000000000000000, 37.49999999999999289, 0.000000000000000000 ) ) ;
#1475 = ORIENTED_EDGE ( 'NONE', *, *, #784, .F. ) ;
#1476 = CARTESIAN_POINT ( 'NONE',  ( -29.23930516897948806, 32.39322692721145813, -9.286884631810030655 ) ) ;
#1477 = ORIENTED_EDGE ( 'NONE', *, *, #881, .F. ) ;
#1478 = DIRECTION ( 'NONE',  ( -0.000000000000000000, 1.000000000000000000, 0.000000000000000000 ) ) ;
#1479 = EDGE_CURVE ( 'NONE', #2187, #3607, #2427, .T. ) ;
#1480 = B_SPLINE_CURVE_WITH_KNOTS ( 'NONE', 3,
 ( #631, #2153, #3695, #3321, #1788, #4874, #3810, #394, #1166, #2308 ),
 .UNSPECIFIED., .F., .F.,
 ( 4, 2, 2, 2, 4 ),
 ( 3.217432742277823145E-17, 0.0003671387545037847343, 0.0007342775090075372678, 0.001101416263511289639, 0.001468555018015042226 ),
 .UNSPECIFIED. ) ;
#1481 = CARTESIAN_POINT ( 'NONE',  ( -33.42495570370010682, -27.70000000000005613, 39.83431104218679764 ) ) ;
#1482 = CARTESIAN_POINT ( 'NONE',  ( -26.51832004490890782, 32.81882525164530051, -9.495915906005798490 ) ) ;
#1483 = CARTESIAN_POINT ( 'NONE',  ( -25.58785267446058143, 40.21234948652484320, 10.07545174659507836 ) ) ;
#1484 = CARTESIAN_POINT ( 'NONE',  ( -15.37373356800737412, 37.21999999999999176, -11.58493919631943037 ) ) ;
#1485 = AXIS2_PLACEMENT_3D ( 'NONE', #3459, #1943, #5005 ) ;
#1486 = DIRECTION ( 'NONE',  ( 0.3555181128904914556, 0.000000000000000000, 0.9346693914998949193 ) ) ;
#1487 = AXIS2_PLACEMENT_3D ( 'NONE', #3160, #1250, #4324 ) ;
#1488 = FACE_OUTER_BOUND ( 'NONE', #2946, .T. ) ;
#1489 = CARTESIAN_POINT ( 'NONE',  ( -26.49783263482148854, 32.88032379720002751, 9.522079761684658195 ) ) ;
#1490 = DIRECTION ( 'NONE',  ( 0.000000000000000000, 1.000000000000000000, 0.000000000000000000 ) ) ;
#1491 = EDGE_CURVE ( 'NONE', #4834, #4890, #4010, .T. ) ;
#1492 = ORIENTED_EDGE ( 'NONE', *, *, #4991, .T. ) ;
#1493 = EDGE_CURVE ( 'NONE', #3063, #2463, #3591, .T. ) ;
#1494 = AXIS2_PLACEMENT_3D ( 'NONE', #733, #4515, #1433 ) ;
#1495 = CARTESIAN_POINT ( 'NONE',  ( -11.58493919600778987, 44.19499999999999318, 14.12373356768063637 ) ) ;
#1496 = ORIENTED_EDGE ( 'NONE', *, *, #523, .F. ) ;
#1497 = VERTEX_POINT ( 'NONE', #2535 ) ;
#1498 = CARTESIAN_POINT ( 'NONE',  ( 0.000000000000000000, -182.5876151076256804, 55.49999999999997868 ) ) ;
#1499 = EDGE_CURVE ( 'NONE', #3839, #3863, #1040, .T. ) ;
#1500 = ORIENTED_EDGE ( 'NONE', *, *, #983, .F. ) ;
#1501 = ORIENTED_EDGE ( 'NONE', *, *, #1392, .F. ) ;
#1502 = DIRECTION ( 'NONE',  ( 0.000000000000000000, 1.000000000000000000, 0.000000000000000000 ) ) ;
#1503 = CIRCLE ( 'NONE', #4819, 51.99999999999999289 ) ;
#1504 = AXIS2_PLACEMENT_3D ( 'NONE', #4172, #2986, #1896 ) ;
#1505 = CARTESIAN_POINT ( 'NONE',  ( 0.000000000000000000, 0.000000000000000000, 0.000000000000000000 ) ) ;
#1506 =( BOUNDED_CURVE ( )  B_SPLINE_CURVE ( 3, ( #1090, #1464, #4985, #2592 ),
 .UNSPECIFIED., .F., .T. ) 
 B_SPLINE_CURVE_WITH_KNOTS ( ( 4, 4 ),
 ( 6.116773045949097209, 6.283185307179586232 ),
 .UNSPECIFIED. ) 
 CURVE ( )  GEOMETRIC_REPRESENTATION_ITEM ( )  RATIONAL_B_SPLINE_CURVE ( ( 1.000000000000000000, 0.9976935777335507183, 0.9976935777335507183, 1.000000000000000000 ) ) 
 REPRESENTATION_ITEM ( '' )  );
#1507 = CIRCLE ( 'NONE', #4574, 29.67500000000000071 ) ;
#1508 = CARTESIAN_POINT ( 'NONE',  ( -26.00030811116275586, 32.20081059447569061, -8.970706660707767455 ) ) ;
#1509 = CARTESIAN_POINT ( 'NONE',  ( 0.000000000000000000, 31.14999999533010921, 0.000000000000000000 ) ) ;
#1510 = CARTESIAN_POINT ( 'NONE',  ( -25.57139657811089961, 40.07285605753972391, 10.11703517975316657 ) ) ;
#1511 = CIRCLE ( 'NONE', #4322, 29.92500000000000426 ) ;
#1512 = DIRECTION ( 'NONE',  ( -0.000000000000000000, -1.000000000000000000, -0.000000000000000000 ) ) ;
#1513 = CIRCLE ( 'NONE', #60, 1.250000000000001110 ) ;
#1514 = EDGE_CURVE ( 'NONE', #2114, #745, #3323, .T. ) ;
#1515 =( BOUNDED_CURVE ( )  B_SPLINE_CURVE ( 3, ( #2996, #2231, #1384, #605 ),
 .UNSPECIFIED., .F., .F. ) 
 B_SPLINE_CURVE_WITH_KNOTS ( ( 4, 4 ),
 ( 0.000000000000000000, 0.1664122612304858861 ),
 .UNSPECIFIED. ) 
 CURVE ( )  GEOMETRIC_REPRESENTATION_ITEM ( )  RATIONAL_B_SPLINE_CURVE ( ( 1.000000000000000000, 0.9976935777335508293, 0.9976935777335508293, 1.000000000000000000 ) ) 
 REPRESENTATION_ITEM ( '' )  );
#1516 = CARTESIAN_POINT ( 'NONE',  ( -28.39808838586865747, 37.46827462171137313, 9.550000000025482549 ) ) ;
#1517 = DIRECTION ( 'NONE',  ( 0.000000000000000000, -1.000000000000000000, 0.000000000000000000 ) ) ;
#1518 = ORIENTED_EDGE ( 'NONE', *, *, #4388, .F. ) ;
#1519 = AXIS2_PLACEMENT_3D ( 'NONE', #2194, #3662, #4870 ) ;
#1520 = CIRCLE ( 'NONE', #2155, 2.249999999999998668 ) ;
#1521 = EDGE_CURVE ( 'NONE', #3130, #2885, #3851, .T. ) ;
#1522 = DIRECTION ( 'NONE',  ( 0.000000000000000000, 0.000000000000000000, 1.000000000000000000 ) ) ;
#1523 = VERTEX_POINT ( 'NONE', #3345 ) ;
#1524 = CIRCLE ( 'NONE', #2390, 1.250000000000001110 ) ;
#1525 = EDGE_LOOP ( 'NONE', ( #1133, #3029, #2622, #4428 ) ) ;
#1526 = CARTESIAN_POINT ( 'NONE',  ( -29.34493141924177095, 3.174999999999999822, 27.09493141924155069 ) ) ;
#1527 = VERTEX_POINT ( 'NONE', #2566 ) ;
#1528 = FACE_OUTER_BOUND ( 'NONE', #1299, .T. ) ;
#1529 = EDGE_LOOP ( 'NONE', ( #3276, #619, #3986, #4555, #4575 ) ) ;
#1530 = CARTESIAN_POINT ( 'NONE',  ( -25.57231499373403238, 32.61775476461701828, -10.11471615669462665 ) ) ;
#1531 = DIRECTION ( 'NONE',  ( -0.3420201433256694901, 0.000000000000000000, -0.9396926207859082059 ) ) ;
#1532 = CARTESIAN_POINT ( 'NONE',  ( 0.000000000000000000, 31.14999999533010921, 0.000000000000000000 ) ) ;
#1533 = CARTESIAN_POINT ( 'NONE',  ( -25.54645125841445008, 39.55000000000011084, 10.17982456142809689 ) ) ;
#1534 =( BOUNDED_SURFACE ( )  B_SPLINE_SURFACE ( 3, 2, ( 
 ( #83, #534, #1260 ),
 ( #914, #2431, #507 ),
 ( #1211, #2065, #4338 ),
 ( #3596, #134, #809 ),
 ( #889, #3148, #2408 ),
 ( #3952, #2037, #1560 ),
 ( #2329, #3201, #3877 ),
 ( #2763, #854, #434 ),
 ( #483, #1962, #3493 ),
 ( #53, #1587, #2012 ),
 ( #3122, #2738, #1128 ),
 ( #5003, #3011, #4582 ) ),
 .UNSPECIFIED., .F., .F., .F. ) 
 B_SPLINE_SURFACE_WITH_KNOTS ( ( 4, 2, 2, 2, 2, 4 ),
 ( 3, 3 ),
 ( 0.000000000000000000, 0.0005458462535869005065, 0.001091692507173801013, 0.001364615633967251104, 0.001637538760760701411, 0.002183385014347602026 ),
 ( 0.000000000000000000, 1.000000000000000000 ),
 .UNSPECIFIED. ) 
 GEOMETRIC_REPRESENTATION_ITEM ( )  RATIONAL_B_SPLINE_SURFACE ( (
 ( 1.000000000000000000, 0.7071067811865482389, 1.000000000000000000),
 ( 1.000000000000000000, 0.6914145437212256828, 1.000000000000000000),
 ( 1.000000000000000000, 0.6751007493985005103, 1.000000000000000000),
 ( 1.000000000000000000, 0.6424929111512828195, 1.000000000000000000),
 ( 1.000000000000000000, 0.6266323437231537952, 1.000000000000000000),
 ( 1.000000000000000000, 0.6052592802631309166, 1.000000000000000000),
 ( 1.000000000000000000, 0.5986776099793326145, 1.000000000000000000),
 ( 1.000000000000000000, 0.5867949342051473893, 1.000000000000000000),
 ( 1.000000000000000000, 0.5814520315794061700, 1.000000000000000000),
 ( 1.000000000000000000, 0.5684640767974452613, 1.000000000000000000),
 ( 1.000000000000000000, 0.5635775451511224610, 1.000000000000000000),
 ( 1.000000000000000000, 0.5635883306081890254, 1.000000000000000000) ) ) 
 REPRESENTATION_ITEM ( '' )  SURFACE ( )  );
#1535 = FACE_BOUND ( 'NONE', #92, .T. ) ;
#1536 = CARTESIAN_POINT ( 'NONE',  ( -28.24947495387961283, 37.84156761278379832, 10.63900959129939849 ) ) ;
#1537 = CARTESIAN_POINT ( 'NONE',  ( -28.37733470570240968, 37.86381459547217077, 10.38435475289689691 ) ) ;
#1538 = VERTEX_POINT ( 'NONE', #1435 ) ;
#1539 = ORIENTED_EDGE ( 'NONE', *, *, #550, .F. ) ;
#1540 = EDGE_CURVE ( 'NONE', #3144, #4811, #2081, .T. ) ;
#1541 = ADVANCED_FACE ( 'NONE', ( #2587 ), #2537, .T. ) ;
#1542 = VERTEX_POINT ( 'NONE', #1063 ) ;
#1543 = CARTESIAN_POINT ( 'NONE',  ( -28.97638970796188218, 41.16361001796781238, 10.06669033787660084 ) ) ;
#1544 = DIRECTION ( 'NONE',  ( 0.000000000000000000, 0.000000000000000000, 1.000000000000000000 ) ) ;
#1545 = CARTESIAN_POINT ( 'NONE',  ( 0.000000000000000000, -25.95000000000021956, 0.000000000000000000 ) ) ;
#1546 = EDGE_LOOP ( 'NONE', ( #4863, #3184, #4815, #4972, #3829, #180, #4741 ) ) ;
#1547 = ORIENTED_EDGE ( 'NONE', *, *, #3737, .F. ) ;
#1548 = DIRECTION ( 'NONE',  ( 0.000000000000000000, 0.000000000000000000, -1.000000000000000000 ) ) ;
#1549 = VERTEX_POINT ( 'NONE', #4132 ) ;
#1550 = EDGE_CURVE ( 'NONE', #1165, #275, #2201, .T. ) ;
#1551 = EDGE_CURVE ( 'NONE', #1645, #3909, #877, .T. ) ;
#1552 = CARTESIAN_POINT ( 'NONE',  ( -25.81616808067891000, 32.81370954543158547, -9.498179372862225023 ) ) ;
#1553 = FACE_OUTER_BOUND ( 'NONE', #3008, .T. ) ;
#1554 = CARTESIAN_POINT ( 'NONE',  ( 17.78504745293480127, -7.700000000000050804, 48.86401628086719739 ) ) ;
#1555 = CARTESIAN_POINT ( 'NONE',  ( -43.85000000000004405, 3.174999999999999822, -17.92999999999990735 ) ) ;
#1556 = LINE ( 'NONE', #778, #1144 ) ;
#1557 = FACE_OUTER_BOUND ( 'NONE', #4602, .T. ) ;
#1558 = ORIENTED_EDGE ( 'NONE', *, *, #995, .T. ) ;
#1559 = VERTEX_POINT ( 'NONE', #3109 ) ;
#1560 = CARTESIAN_POINT ( 'NONE',  ( -27.99820578802422943, 34.96429494620860368, -10.81742392075667070 ) ) ;
#1561 = EDGE_CURVE ( 'NONE', #3950, #1068, #2803, .T. ) ;
#1562 = ORIENTED_EDGE ( 'NONE', *, *, #1563, .T. ) ;
#1563 = EDGE_CURVE ( 'NONE', #3833, #1944, #802, .T. ) ;
#1564 = AXIS2_PLACEMENT_3D ( 'NONE', #581, #985, #3222 ) ;
#1565 = CARTESIAN_POINT ( 'NONE',  ( -27.96901711921935885, 37.71700081979061281, -10.83837800411505548 ) ) ;
#1566 = DIRECTION ( 'NONE',  ( 0.000000000000000000, -1.000000000000000000, 0.000000000000000000 ) ) ;
#1567 = CIRCLE ( 'NONE', #530, 30.67500000000000071 ) ;
#1568 = ORIENTED_EDGE ( 'NONE', *, *, #563, .F. ) ;
#1569 = CARTESIAN_POINT ( 'NONE',  ( -27.92472269966338416, 32.48041347212747354, -9.295589673994371083 ) ) ;
#1570 = ORIENTED_EDGE ( 'NONE', *, *, #3518, .T. ) ;
#1571 = CARTESIAN_POINT ( 'NONE',  ( -28.34866798206992300, 34.76621924732728530, 10.13119352084098423 ) ) ;
#1572 = EDGE_LOOP ( 'NONE', ( #1198, #769, #595, #62 ) ) ;
#1573 = CARTESIAN_POINT ( 'NONE',  ( -27.73631419275932330, 39.55000000000011084, 9.550000000025482549 ) ) ;
#1574 = CARTESIAN_POINT ( 'NONE',  ( -29.34493141924177095, 0.000000000000000000, -29.34493141924177095 ) ) ;
#1575 = CARTESIAN_POINT ( 'NONE',  ( -28.71328176504749763, 37.87303242776277301, -10.32947547416380374 ) ) ;
#1576 = CIRCLE ( 'NONE', #3185, 1.249999999999997558 ) ;
#1577 = CARTESIAN_POINT ( 'NONE',  ( 3.707618184418612290E-15, 37.84999999999999432, -30.27500000000000213 ) ) ;
#1578 = DIRECTION ( 'NONE',  ( 0.000000000000000000, 0.000000000000000000, -1.000000000000000000 ) ) ;
#1579 = CARTESIAN_POINT ( 'NONE',  ( -25.80443432439644980, 41.07279431618033527, -9.507386857357616350 ) ) ;
#1580 = CARTESIAN_POINT ( 'NONE',  ( -22.00000000000000000, 0.000000000000000000, -9.549999999891518598 ) ) ;
#1581 = VECTOR ( 'NONE', #1478, 1000.000000000000000 ) ;
#1582 = AXIS2_PLACEMENT_3D ( 'NONE', #1470, #4578, #1148 ) ;
#1583 = CARTESIAN_POINT ( 'NONE',  ( 0.000000000000000000, 38.19999999999999574, -30.67500000000000071 ) ) ;
#1584 = AXIS2_PLACEMENT_3D ( 'NONE', #777, #407, #4164 ) ;
#1585 = ORIENTED_EDGE ( 'NONE', *, *, #771, .F. ) ;
#1586 = ORIENTED_EDGE ( 'NONE', *, *, #2208, .T. ) ;
#1587 = CARTESIAN_POINT ( 'NONE',  ( -28.37104397423393820, 35.25887187968607606, -9.549999999891516822 ) ) ;
#1588 = VECTOR ( 'NONE', #256, 1000.000000000000000 ) ;
#1589 = CARTESIAN_POINT ( 'NONE',  ( 15.37373356799227508, 47.21999999999999176, 11.58493919568105213 ) ) ;
#1590 = CARTESIAN_POINT ( 'NONE',  ( -28.41659946231876077, 40.55000000000011084, -8.549999999891516822 ) ) ;
#1591 = ADVANCED_FACE ( 'NONE', ( #1553 ), #423, .T. ) ;
#1592 = VECTOR ( 'NONE', #4300, 1000.000000000000000 ) ;
#1593 = CARTESIAN_POINT ( 'NONE',  ( -28.37733470570239902, 37.84999999999998010, 9.550000000025482549 ) ) ;
#1594 = CIRCLE ( 'NONE', #2643, 2.250000000000001776 ) ;
#1595 = FACE_OUTER_BOUND ( 'NONE', #1210, .T. ) ;
#1596 = CARTESIAN_POINT ( 'NONE',  ( 0.000000000000000000, -7.700000000000054357, 0.000000000000000000 ) ) ;
#1597 = ORIENTED_EDGE ( 'NONE', *, *, #2959, .T. ) ;
#1598 = COLOUR_RGB ( '',0.7921568627450980005, 0.8196078431372548767, 0.9333333333333333481 ) ;
#1599 = FACE_BOUND ( 'NONE', #229, .T. ) ;
#1600 = ORIENTED_EDGE ( 'NONE', *, *, #3203, .F. ) ;
#1601 = ORIENTED_EDGE ( 'NONE', *, *, #4344, .T. ) ;
#1602 = EDGE_CURVE ( 'NONE', #1729, #2187, #4253, .T. ) ;
#1603 = CIRCLE ( 'NONE', #4100, 1.250000000000001110 ) ;
#1604 = CARTESIAN_POINT ( 'NONE',  ( -29.20296467106375360, 40.15378140263660356, 9.414720480516875156 ) ) ;
#1605 = ADVANCED_FACE ( 'NONE', ( #1137 ), #4592, .F. ) ;
#1606 = DIRECTION ( 'NONE',  ( -1.000000000000000000, 0.000000000000000000, 0.000000000000000000 ) ) ;
#1607 = CARTESIAN_POINT ( 'NONE',  ( -28.52602532685286363, 38.32938700717486569, -9.924691069140195054 ) ) ;
#1608 = CARTESIAN_POINT ( 'NONE',  ( 0.000000000000000000, -17.70000000000004903, 0.000000000000000000 ) ) ;
#1609 = FACE_OUTER_BOUND ( 'NONE', #3427, .T. ) ;
#1610 = DIRECTION ( 'NONE',  ( 0.000000000000000000, 0.000000000000000000, -1.000000000000000000 ) ) ;
#1611 = CARTESIAN_POINT ( 'NONE',  ( -27.50545661128014885, 34.09771597279205935, 9.550000000025482549 ) ) ;
#1612 = ORIENTED_EDGE ( 'NONE', *, *, #1347, .T. ) ;
#1613 = ORIENTED_EDGE ( 'NONE', *, *, #4950, .F. ) ;
#1614 = CARTESIAN_POINT ( 'NONE',  ( 0.000000000000000000, 47.21999999999999176, 0.000000000000000000 ) ) ;
#1615 = CARTESIAN_POINT ( 'NONE',  ( -27.73631419519957930, 39.61792947284423860, -9.549999999891520375 ) ) ;
#1616 = ADVANCED_FACE ( 'NONE', ( #2341 ), #2305, .F. ) ;
#1617 = VERTEX_POINT ( 'NONE', #2664 ) ;
#1618 = FACE_OUTER_BOUND ( 'NONE', #3313, .T. ) ;
#1619 = CARTESIAN_POINT ( 'NONE',  ( -27.85134042429289281, 32.61338429558383467, -9.396409660818843435 ) ) ;
#1620 = ORIENTED_EDGE ( 'NONE', *, *, #1954, .T. ) ;
#1621 = ORIENTED_EDGE ( 'NONE', *, *, #1216, .F. ) ;
#1622 = ORIENTED_EDGE ( 'NONE', *, *, #3956, .T. ) ;
#1623 = CARTESIAN_POINT ( 'NONE',  ( -28.69299274109169673, 40.08811471556091277, 10.84808330531149778 ) ) ;
#1624 = DIRECTION ( 'NONE',  ( -0.000000000000000000, -1.000000000000000000, -0.000000000000000000 ) ) ;
#1625 = EDGE_CURVE ( 'NONE', #3310, #4533, #4635, .T. ) ;
#1626 = CARTESIAN_POINT ( 'NONE',  ( -28.46354532649181834, 38.14172714572781331, -9.846156908311623823 ) ) ;
#1627 = EDGE_CURVE ( 'NONE', #4561, #4621, #1520, .T. ) ;
#1628 = CARTESIAN_POINT ( 'NONE',  ( 3.940301076256607652E-15, 3.174999999999999822, 32.17499999999999716 ) ) ;
#1629 = FACE_BOUND ( 'NONE', #431, .T. ) ;
#1630 = DIRECTION ( 'NONE',  ( 0.000000000000000000, 1.000000000000000000, 0.000000000000000000 ) ) ;
#1631 = CARTESIAN_POINT ( 'NONE',  ( -26.93238060401387202, 35.19999999999999574, 9.550000000025482549 ) ) ;
#1632 = ORIENTED_EDGE ( 'NONE', *, *, #376, .T. ) ;
#1633 = ORIENTED_EDGE ( 'NONE', *, *, #4148, .T. ) ;
#1634 = DIRECTION ( 'NONE',  ( 0.000000000000000000, 1.000000000000000000, 0.000000000000000000 ) ) ;
#1635 = CARTESIAN_POINT ( 'NONE',  ( -29.17991316437322880, 39.71391255728853764, -9.552310405141383853 ) ) ;
#1636 = VECTOR ( 'NONE', #1566, 1000.000000000000000 ) ;
#1637 = CIRCLE ( 'NONE', #4378, 0.3499999999999971467 ) ;
#1638 = DIRECTION ( 'NONE',  ( 0.000000000000000000, 1.000000000000000000, 0.000000000000000000 ) ) ;
#1639 = CARTESIAN_POINT ( 'NONE',  ( -28.37733470570240968, 37.86381459547216366, 10.38435475289689691 ) ) ;
#1640 = CARTESIAN_POINT ( 'NONE',  ( -26.47541312241017408, 39.55000000000011084, -9.549999999891520375 ) ) ;
#1641 = CARTESIAN_POINT ( 'NONE',  ( -27.73631419275932330, 33.14999999533011277, 10.55000000002548433 ) ) ;
#1642 = VERTEX_POINT ( 'NONE', #3446 ) ;
#1643 = CIRCLE ( 'NONE', #2278, 30.27500000000000213 ) ;
#1644 = CARTESIAN_POINT ( 'NONE',  ( 0.000000000000000000, 0.000000000000000000, 0.000000000000000000 ) ) ;
#1645 = VERTEX_POINT ( 'NONE', #1204 ) ;
#1646 = VERTEX_POINT ( 'NONE', #355 ) ;
#1647 = EDGE_CURVE ( 'NONE', #3063, #1218, #2562, .T. ) ;
#1648 = AXIS2_PLACEMENT_3D ( 'NONE', #4931, #1080, #520 ) ;
#1649 = ADVANCED_FACE ( 'NONE', ( #2709 ), #642, .T. ) ;
#1650 = CARTESIAN_POINT ( 'NONE',  ( -29.18140519903367647, 39.67159538845290712, 9.555294516738394250 ) ) ;
#1651 = CARTESIAN_POINT ( 'NONE',  ( -28.73631419281028343, 34.49999999999998579, -10.49446514357232552 ) ) ;
#1652 = CARTESIAN_POINT ( 'NONE',  ( -26.15286140219799194, 31.16292996390529169, -8.502630459458407230 ) ) ;
#1653 = CARTESIAN_POINT ( 'NONE',  ( 0.000000000000000000, 0.000000000000000000, 0.000000000000000000 ) ) ;
#1654 = DIRECTION ( 'NONE',  ( 0.000000000000000000, 1.000000000000000000, 0.000000000000000000 ) ) ;
#1655 = FACE_OUTER_BOUND ( 'NONE', #1704, .T. ) ;
#1656 = DIRECTION ( 'NONE',  ( -0.000000000000000000, 1.000000000000000000, -0.000000000000000000 ) ) ;
#1657 = CIRCLE ( 'NONE', #4488, 2.250000000000001776 ) ;
#1658 = CARTESIAN_POINT ( 'NONE',  ( -26.95185677629060450, 34.94527471788897088, 9.550000000025482549 ) ) ;
#1659 = ORIENTED_EDGE ( 'NONE', *, *, #1241, .T. ) ;
#1660 = ORIENTED_EDGE ( 'NONE', *, *, #2651, .F. ) ;
#1661 = CARTESIAN_POINT ( 'NONE',  ( -28.29189585453078593, 34.65658631581033688, -9.940908325031834636 ) ) ;
#1662 = EDGE_CURVE ( 'NONE', #1559, #916, #3888, .T. ) ;
#1663 = CARTESIAN_POINT ( 'NONE',  ( -41.50000000000009237, 0.000000000000000000, 0.000000000000000000 ) ) ;
#1664 = CIRCLE ( 'NONE', #4904, 1.000000000000000888 ) ;
#1665 = CIRCLE ( 'NONE', #624, 1.000000000000000888 ) ;
#1666 = AXIS2_PLACEMENT_3D ( 'NONE', #242, #188, #4802 ) ;
#1667 = CARTESIAN_POINT ( 'NONE',  ( 29.34493141924177095, 3.174999999999999822, -27.09493141924176740 ) ) ;
#1668 = ORIENTED_EDGE ( 'NONE', *, *, #1493, .F. ) ;
#1669 = CARTESIAN_POINT ( 'NONE',  ( -25.54645125841445008, 39.55000000000011084, 10.17982456142809689 ) ) ;
#1670 = FACE_OUTER_BOUND ( 'NONE', #3628, .T. ) ;
#1671 = VECTOR ( 'NONE', #3522, 1000.000000000000000 ) ;
#1672 =( BOUNDED_CURVE ( )  B_SPLINE_CURVE ( 3, ( #156, #2448, #1651, #100 ),
 .UNSPECIFIED., .F., .T. ) 
 B_SPLINE_CURVE_WITH_KNOTS ( ( 4, 4 ),
 ( 2.975180392348709013, 3.141592653589793116 ),
 .UNSPECIFIED. ) 
 CURVE ( )  GEOMETRIC_REPRESENTATION_ITEM ( )  RATIONAL_B_SPLINE_CURVE ( ( 1.000000000000000000, 0.9976935777332572863, 0.9976935777332572863, 1.000000000000000000 ) ) 
 REPRESENTATION_ITEM ( '' )  );
#1673 = CARTESIAN_POINT ( 'NONE',  ( -29.34493141924177095, 3.174999999999999822, 31.59493141924155069 ) ) ;
#1674 = ORIENTED_EDGE ( 'NONE', *, *, #1038, .F. ) ;
#1675 = DIRECTION ( 'NONE',  ( -0.000000000000000000, -1.000000000000000000, -0.000000000000000000 ) ) ;
#1676 = VERTEX_POINT ( 'NONE', #1976 ) ;
#1677 = ORIENTED_EDGE ( 'NONE', *, *, #1115, .F. ) ;
#1678 = AXIS2_PLACEMENT_3D ( 'NONE', #4323, #99, #4714 ) ;
#1679 = CARTESIAN_POINT ( 'NONE',  ( -29.34493141924177095, 0.000000000000000000, -27.09493141924177095 ) ) ;
#1680 = ADVANCED_FACE ( 'NONE', ( #2273 ), #2319, .F. ) ;
#1681 = AXIS2_PLACEMENT_3D ( 'NONE', #2254, #2665, #4208 ) ;
#1682 = CARTESIAN_POINT ( 'NONE',  ( -27.73631419285795374, 39.68473161995903098, 9.550000000025512747 ) ) ;
#1683 = AXIS2_PLACEMENT_3D ( 'NONE', #3992, #1325, #3218 ) ;
#1684 = FACE_OUTER_BOUND ( 'NONE', #3866, .T. ) ;
#1685 = LINE ( 'NONE', #2451, #3586 ) ;
#1686 = AXIS2_PLACEMENT_3D ( 'NONE', #282, #1786, #3320 ) ;
#1687 = DIRECTION ( 'NONE',  ( 0.000000000000000000, 1.000000000000000000, 0.000000000000000000 ) ) ;
#1688 = CARTESIAN_POINT ( 'NONE',  ( -26.03079923485397629, 41.44874493131603543, -8.869197367586755476 ) ) ;
#1689 = DIRECTION ( 'NONE',  ( 0.000000000000000000, 1.000000000000000000, 0.000000000000000000 ) ) ;
#1690 = CARTESIAN_POINT ( 'NONE',  ( -29.18657898715390431, 33.14999999533011277, 9.550000000025480773 ) ) ;
#1691 = ORIENTED_EDGE ( 'NONE', *, *, #374, .T. ) ;
#1692 = EDGE_LOOP ( 'NONE', ( #951, #1691, #2721, #1023 ) ) ;
#1693 = DIRECTION ( 'NONE',  ( -0.000000000000000000, -1.000000000000000000, -0.000000000000000000 ) ) ;
#1694 = CARTESIAN_POINT ( 'NONE',  ( -29.18212517347830115, 39.67691709794397070, -9.552085058652775018 ) ) ;
#1695 = EDGE_CURVE ( 'NONE', #133, #3455, #70, .T. ) ;
#1696 = EDGE_CURVE ( 'NONE', #3285, #3909, #1672, .T. ) ;
#1697 = ORIENTED_EDGE ( 'NONE', *, *, #1167, .T. ) ;
#1698 = CARTESIAN_POINT ( 'NONE',  ( -26.07379662086123417, 31.19963074677159298, 8.744525857009175951 ) ) ;
#1699 =( BOUNDED_CURVE ( )  B_SPLINE_CURVE ( 3, ( #215, #4720, #1308, #527 ),
 .UNSPECIFIED., .F., .T. ) 
 B_SPLINE_CURVE_WITH_KNOTS ( ( 4, 4 ),
 ( 0.000000000000000000, 0.1664122612411193525 ),
 .UNSPECIFIED. ) 
 CURVE ( )  GEOMETRIC_REPRESENTATION_ITEM ( )  RATIONAL_B_SPLINE_CURVE ( ( 1.000000000000000000, 0.9976935777332562871, 0.9976935777332562871, 1.000000000000000000 ) ) 
 REPRESENTATION_ITEM ( '' )  );
#1700 = DIRECTION ( 'NONE',  ( 0.000000000000000000, 1.000000000000000000, 0.000000000000000000 ) ) ;
#1701 = CARTESIAN_POINT ( 'NONE',  ( -28.39808839198945023, 35.20000000000000284, 9.550000000025482549 ) ) ;
#1702 = DIRECTION ( 'NONE',  ( -0.000000000000000000, 1.000000000000000000, -0.000000000000000000 ) ) ;
#1703 = ORIENTED_EDGE ( 'NONE', *, *, #899, .F. ) ;
#1704 = EDGE_LOOP ( 'NONE', ( #1777, #1414 ) ) ;
#1705 = ORIENTED_EDGE ( 'NONE', *, *, #234, .T. ) ;
#1706 = CARTESIAN_POINT ( 'NONE',  ( -27.73631419275932330, 38.70933866224477526, 9.550000000025482549 ) ) ;
#1707 = CARTESIAN_POINT ( 'NONE',  ( 11.58493919599269084, 47.21999999999999176, -16.62373356831901106 ) ) ;
#1708 = LINE ( 'NONE', #4040, #368 ) ;
#1709 = CARTESIAN_POINT ( 'NONE',  ( -27.92472269961518094, 40.21958652320299166, 9.295589674128121871 ) ) ;
#1710 = CARTESIAN_POINT ( 'NONE',  ( -28.38193350339222221, 34.47987516130731223, -9.773920893970901247 ) ) ;
#1711 = DIRECTION ( 'NONE',  ( 0.9539392014166647726, 0.000000000000000000, -0.3000000000008931078 ) ) ;
#1712 = ADVANCED_FACE ( 'NONE', ( #1684 ), #1735, .T. ) ;
#1713 = EDGE_CURVE ( 'NONE', #3543, #3152, #3208, .T. ) ;
#1714 = CARTESIAN_POINT ( 'NONE',  ( -28.38631419281028201, 34.84999999999999432, -10.54999999989151682 ) ) ;
#1715 = DIRECTION ( 'NONE',  ( 0.000000000000000000, -0.000000000000000000, -1.000000000000000000 ) ) ;
#1716 = DIRECTION ( 'NONE',  ( -0.000000000000000000, -1.000000000000000000, -0.000000000000000000 ) ) ;
#1717 = CARTESIAN_POINT ( 'NONE',  ( -27.73631419275932330, 33.14999999533011277, 9.550000000025482549 ) ) ;
#1718 = CARTESIAN_POINT ( 'NONE',  ( -27.08474367196597754, 34.58464080097967042, 9.550000000025480773 ) ) ;
#1719 = ORIENTED_EDGE ( 'NONE', *, *, #665, .F. ) ;
#1720 = ORIENTED_EDGE ( 'NONE', *, *, #4567, .T. ) ;
#1721 = AXIS2_PLACEMENT_3D ( 'NONE', #528, #2403, #1227 ) ;
#1722 = CARTESIAN_POINT ( 'NONE',  ( 0.000000000000000000, -7.700000000000047251, 0.000000000000000000 ) ) ;
#1723 = FACE_OUTER_BOUND ( 'NONE', #2328, .T. ) ;
#1724 = DIRECTION ( 'NONE',  ( 0.000000000000000000, 1.000000000000000000, 0.000000000000000000 ) ) ;
#1725 = CIRCLE ( 'NONE', #3885, 29.92500000000000426 ) ;
#1726 = DIRECTION ( 'NONE',  ( 0.000000000000000000, 1.000000000000000000, 0.000000000000000000 ) ) ;
#1727 = EDGE_CURVE ( 'NONE', #362, #2077, #878, .T. ) ;
#1728 = ORIENTED_EDGE ( 'NONE', *, *, #1337, .F. ) ;
#1729 = VERTEX_POINT ( 'NONE', #2055 ) ;
#1730 = AXIS2_PLACEMENT_3D ( 'NONE', #2529, #1831, #3319 ) ;
#1731 = EDGE_LOOP ( 'NONE', ( #1052, #4657, #2658, #4968 ) ) ;
#1732 = DIRECTION ( 'NONE',  ( 0.000000000000000000, 1.000000000000000000, 0.000000000000000000 ) ) ;
#1733 = CARTESIAN_POINT ( 'NONE',  ( -27.10611693733175542, 40.55000000000011084, -8.679020757531572983 ) ) ;
#1734 = CARTESIAN_POINT ( 'NONE',  ( -28.68104042814786681, 34.46407205296942777, -10.13752347782225272 ) ) ;
#1735 = CYLINDRICAL_SURFACE ( 'NONE', #1281, 1.000000000000000888 ) ;
#1736 = CARTESIAN_POINT ( 'NONE',  ( 0.000000000000000000, 4.675000000000026468, 0.000000000000000000 ) ) ;
#1737 = CIRCLE ( 'NONE', #3979, 0.3499999999999996447 ) ;
#1738 = FACE_OUTER_BOUND ( 'NONE', #2628, .T. ) ;
#1739 = CARTESIAN_POINT ( 'NONE',  ( 34.54983402065155218, -7.700000000000050804, -41.17488881764501230 ) ) ;
#1740 = CARTESIAN_POINT ( 'NONE',  ( -26.93238060401387202, 35.19999999999999574, 9.550000000025482549 ) ) ;
#1741 = CARTESIAN_POINT ( 'NONE',  ( -28.26970345504224369, 34.85000000000000142, -10.62457172569495967 ) ) ;
#1742 = DIRECTION ( 'NONE',  ( 0.000000000000000000, 1.000000000000000000, 0.000000000000000000 ) ) ;
#1743 = ORIENTED_EDGE ( 'NONE', *, *, #665, .T. ) ;
#1744 = ORIENTED_EDGE ( 'NONE', *, *, #1793, .F. ) ;
#1745 = CARTESIAN_POINT ( 'NONE',  ( -27.73631419275932330, 38.70933866224477526, 9.550000000025482549 ) ) ;
#1746 = LINE ( 'NONE', #3548, #3177 ) ;
#1747 = PRODUCT_DEFINITION ( 'UNKNOWN', '', #4723, #2770 ) ;
#1748 = VECTOR ( 'NONE', #344, 1000.000000000000000 ) ;
#1749 = CARTESIAN_POINT ( 'NONE',  ( -25.65158515262530159, 32.12544915635807996, 9.912219613438601584 ) ) ;
#1750 = ADVANCED_FACE ( 'NONE', ( #2812 ), #3916, .T. ) ;
#1751 = AXIS2_PLACEMENT_3D ( 'NONE', #477, #2005, #2786 ) ;
#1752 = CARTESIAN_POINT ( 'NONE',  ( -28.37733470575221872, 38.84999999999998721, -9.549999999891516822 ) ) ;
#1753 = CARTESIAN_POINT ( 'NONE',  ( -27.89313278749148850, 37.62709000866662734, 10.89318086224769822 ) ) ;
#1754 = ORIENTED_EDGE ( 'NONE', *, *, #3180, .F. ) ;
#1755 = AXIS2_PLACEMENT_3D ( 'NONE', #2904, #200, #3379 ) ;
#1756 = ORIENTED_EDGE ( 'NONE', *, *, #3693, .T. ) ;
#1757 = AXIS2_PLACEMENT_3D ( 'NONE', #1641, #2388, #113 ) ;
#1758 = DIRECTION ( 'NONE',  ( 0.000000000000000000, 0.000000000000000000, 1.000000000000000000 ) ) ;
#1759 = CARTESIAN_POINT ( 'NONE',  ( -26.23332803899892696, 41.55000000000011795, -8.249999999895324621 ) ) ;
#1760 = CARTESIAN_POINT ( 'NONE',  ( -28.54754139815101155, 34.37936605345704066, -9.922218440047990029 ) ) ;
#1761 = CARTESIAN_POINT ( 'NONE',  ( -28.18116658784758854, 38.51375797287104774, 9.626420964946843739 ) ) ;
#1762 = FILL_AREA_STYLE_COLOUR ( '', #1598 ) ;
#1763 = CARTESIAN_POINT ( 'NONE',  ( 0.000000000000000000, -24.20000000000022311, 55.49999999999997868 ) ) ;
#1764 = EDGE_CURVE ( 'NONE', #1523, #2410, #1990, .T. ) ;
#1765 = EDGE_CURVE ( 'NONE', #2187, #4605, #473, .T. ) ;
#1766 = CIRCLE ( 'NONE', #3512, 0.9999999999999987788 ) ;
#1767 = DIRECTION ( 'NONE',  ( 1.000000000000000000, -0.000000000000000000, -0.000000000000000000 ) ) ;
#1768 = DIRECTION ( 'NONE',  ( 0.000000000000000000, 0.000000000000000000, 1.000000000000000000 ) ) ;
#1769 = CARTESIAN_POINT ( 'NONE',  ( -25.64707491082891266, 40.57981548236080016, 9.924176442899025119 ) ) ;
#1770 = EDGE_CURVE ( 'NONE', #4204, #2910, #1442, .T. ) ;
#1771 = CARTESIAN_POINT ( 'NONE',  ( 0.000000000000000000, -97.58073580374365008, 0.000000000000000000 ) ) ;
#1772 = ORIENTED_EDGE ( 'NONE', *, *, #3785, .F. ) ;
#1773 = CIRCLE ( 'NONE', #3369, 1.250000000000001110 ) ;
#1774 = ORIENTED_EDGE ( 'NONE', *, *, #3798, .T. ) ;
#1775 = DIRECTION ( 'NONE',  ( 0.000000000000000000, 0.000000000000000000, 1.000000000000000000 ) ) ;
#1776 = DIRECTION ( 'NONE',  ( 0.000000000000000000, 1.000000000000000000, 0.000000000000000000 ) ) ;
#1777 = ORIENTED_EDGE ( 'NONE', *, *, #4608, .T. ) ;
#1778 = EDGE_CURVE ( 'NONE', #1074, #4117, #4837, .T. ) ;
#1779 = DIRECTION ( 'NONE',  ( 0.000000000000000000, -1.000000000000000000, 0.000000000000000000 ) ) ;
#1780 = ORIENTED_EDGE ( 'NONE', *, *, #2191, .T. ) ;
#1781 = CARTESIAN_POINT ( 'NONE',  ( -25.64887721031005086, 32.13783926898339161, 9.919214637444850879 ) ) ;
#1782 = ORIENTED_EDGE ( 'NONE', *, *, #2169, .F. ) ;
#1783 = CARTESIAN_POINT ( 'NONE',  ( -27.73631419281027988, 34.84999999999999432, -10.54999999989151682 ) ) ;
#1784 = AXIS2_PLACEMENT_3D ( 'NONE', #1580, #3116, #3052 ) ;
#1785 = CARTESIAN_POINT ( 'NONE',  ( -28.38193350334496046, 38.22012483868874000, 9.773920894107650525 ) ) ;
#1786 = DIRECTION ( 'NONE',  ( 0.000000000000000000, -0.000000000000000000, 1.000000000000000000 ) ) ;
#1787 = DIRECTION ( 'NONE',  ( -0.9539392014181425905, 0.000000000000000000, -0.2999999999961936448 ) ) ;
#1788 = CARTESIAN_POINT ( 'NONE',  ( -28.24875275664198071, 38.11760110608602758, -9.849631710967759801 ) ) ;
#1789 = ADVANCED_FACE ( 'NONE', ( #1282 ), #2002, .F. ) ;
#1790 = DIRECTION ( 'NONE',  ( 0.000000000000000000, 1.000000000000000000, 0.000000000000000000 ) ) ;
#1791 = CARTESIAN_POINT ( 'NONE',  ( -25.86979032269269041, 40.19052556946952137, 9.348291516827433867 ) ) ;
#1792 = CARTESIAN_POINT ( 'NONE',  ( -27.78256259248423277, 32.79896696283622504, 9.488888513358407550 ) ) ;
#1793 = EDGE_CURVE ( 'NONE', #2099, #3038, #4221, .T. ) ;
#1794 = CARTESIAN_POINT ( 'NONE',  ( -29.28750737776937285, 32.25939326446209066, 9.124617142598623332 ) ) ;
#1795 = ORIENTED_EDGE ( 'NONE', *, *, #1770, .F. ) ;
#1796 = CARTESIAN_POINT ( 'NONE',  ( -26.59773126978910796, 40.09034310416964075, -9.394026082200191752 ) ) ;
#1797 = DIRECTION ( 'NONE',  ( 0.000000000000000000, 0.9861854045260680657, -0.1656452471390456871 ) ) ;
#1798 = ORIENTED_EDGE ( 'NONE', *, *, #4148, .F. ) ;
#1799 = DIRECTION ( 'NONE',  ( 0.000000000000000000, 0.000000000000000000, 1.000000000000000000 ) ) ;
#1800 = B_SPLINE_CURVE_WITH_KNOTS ( 'NONE', 3,
 ( #4412, #4025, #2789, #2371, #2059, #2838, #963, #2482, #1254, #4380, #161, #1688, #3247, #3223, #4721, #501 ),
 .UNSPECIFIED., .F., .F.,
 ( 4, 2, 2, 2, 2, 2, 2, 4 ),
 ( 0.000000000000000000, 0.0007994288032887676742, 0.001199143204933161106, 0.001598857606577554647, 0.001998572008221947971, 0.002398286409866341295, 0.002798000811510735052, 0.003197715213155128376 ),
 .UNSPECIFIED. ) ;
#1801 = CARTESIAN_POINT ( 'NONE',  ( 29.34493141924177095, 0.000000000000000000, -29.34493141924177095 ) ) ;
#1802 = ORIENTED_EDGE ( 'NONE', *, *, #975, .F. ) ;
#1803 = ORIENTED_EDGE ( 'NONE', *, *, #3417, .T. ) ;
#1804 = CARTESIAN_POINT ( 'NONE',  ( -28.01577266787190368, 34.94943153782520540, 10.80476469188368860 ) ) ;
#1805 = DIRECTION ( 'NONE',  ( 0.000000000000000000, 0.000000000000000000, -1.000000000000000000 ) ) ;
#1806 = CARTESIAN_POINT ( 'NONE',  ( -28.72844936928142445, 34.84213517652220560, 10.40096914089536639 ) ) ;
#1807 = EDGE_CURVE ( 'NONE', #2407, #4952, #2781, .T. ) ;
#1808 = DIRECTION ( 'NONE',  ( 0.000000000000000000, 1.000000000000000000, 0.000000000000000000 ) ) ;
#1809 = EDGE_CURVE ( 'NONE', #2216, #3038, #759, .T. ) ;
#1810 = DIRECTION ( 'NONE',  ( 0.000000000000000000, 0.000000000000000000, 1.000000000000000000 ) ) ;
#1811 = CARTESIAN_POINT ( 'NONE',  ( -26.77765550336204115, 40.35695290125523371, 9.154717312701551535 ) ) ;
#1812 = CARTESIAN_POINT ( 'NONE',  ( -27.97004697914661975, 34.98195755519977723, -10.83763533232050236 ) ) ;
#1813 = DIRECTION ( 'NONE',  ( -0.000000000000000000, 1.000000000000000000, -0.000000000000000000 ) ) ;
#1814 = TOROIDAL_SURFACE ( 'NONE', #2441, 29.67500000000000071, 1.000000000000000000 ) ;
#1815 = EDGE_LOOP ( 'NONE', ( #4647, #3471, #1547 ) ) ;
#1816 = CARTESIAN_POINT ( 'NONE',  ( 48.86401628086726134, -7.700000000000050804, -17.78504745293463429 ) ) ;
#1817 = DIRECTION ( 'NONE',  ( 0.000000000000000000, 1.000000000000000000, 0.000000000000000000 ) ) ;
#1818 = FACE_OUTER_BOUND ( 'NONE', #4290, .T. ) ;
#1819 = CARTESIAN_POINT ( 'NONE',  ( -28.38330740542703623, 37.85462582669578069, -10.43906099884822680 ) ) ;
#1820 = ORIENTED_EDGE ( 'NONE', *, *, #3716, .T. ) ;
#1821 = EDGE_CURVE ( 'NONE', #2885, #2602, #685, .T. ) ;
#1822 = CARTESIAN_POINT ( 'NONE',  ( 0.000000000000000000, 31.14999999533010921, 0.000000000000000000 ) ) ;
#1823 = DIRECTION ( 'NONE',  ( -0.9575939161691240376, 0.000000000000000000, -0.2881213142339192901 ) ) ;
#1824 = VERTEX_POINT ( 'NONE', #1404 ) ;
#1825 = DIRECTION ( 'NONE',  ( -0.000000000000000000, -1.000000000000000000, -0.000000000000000000 ) ) ;
#1826 = ORIENTED_EDGE ( 'NONE', *, *, #2236, .T. ) ;
#1827 = EDGE_CURVE ( 'NONE', #1301, #2740, #3714, .T. ) ;
#1828 = AXIS2_PLACEMENT_3D ( 'NONE', #3392, #770, #3792 ) ;
#1829 = CARTESIAN_POINT ( 'NONE',  ( -27.89328365260853815, 35.07290984764825481, 10.89307299126201123 ) ) ;
#1830 = AXIS2_PLACEMENT_3D ( 'NONE', #2926, #2872, #4420 ) ;
#1831 = DIRECTION ( 'NONE',  ( -1.000000000000000000, 0.000000000000000000, 0.000000000000000000 ) ) ;
#1832 = DIRECTION ( 'NONE',  ( 0.000000000000000000, 0.000000000000000000, 1.000000000000000000 ) ) ;
#1833 = FACE_OUTER_BOUND ( 'NONE', #3227, .T. ) ;
#1834 = EDGE_CURVE ( 'NONE', #3988, #342, #4965, .T. ) ;
#1835 = DIRECTION ( 'NONE',  ( -0.000000000000000000, 1.000000000000000000, -0.000000000000000000 ) ) ;
#1836 = CIRCLE ( 'NONE', #4914, 0.9999999999999991118 ) ;
#1837 = CARTESIAN_POINT ( 'NONE',  ( 0.000000000000000000, 3.174999999999999822, -43.75000000000009237 ) ) ;
#1838 = FACE_OUTER_BOUND ( 'NONE', #1100, .T. ) ;
#1839 = DIRECTION ( 'NONE',  ( 0.000000000000000000, 0.000000000000000000, -1.000000000000000000 ) ) ;
#1840 = ORIENTED_EDGE ( 'NONE', *, *, #4190, .F. ) ;
#1841 = CARTESIAN_POINT ( 'NONE',  ( -28.67098358425921845, 39.55000000000011084, 10.90551811291597950 ) ) ;
#1842 = FACE_OUTER_BOUND ( 'NONE', #2987, .T. ) ;
#1843 = FACE_BOUND ( 'NONE', #4311, .T. ) ;
#1844 = CARTESIAN_POINT ( 'NONE',  ( 0.000000000000000000, -27.70000000000005969, 0.000000000000000000 ) ) ;
#1845 = CARTESIAN_POINT ( 'NONE',  ( 0.000000000000000000, 32.14999999533010566, 0.000000000000000000 ) ) ;
#1846 = AXIS2_PLACEMENT_3D ( 'NONE', #3913, #1251, #2782 ) ;
#1847 = VECTOR ( 'NONE', #1531, 999.9999999999998863 ) ;
#1848 = DIRECTION ( 'NONE',  ( 0.000000000000000000, 0.000000000000000000, 1.000000000000000000 ) ) ;
#1849 = ORIENTED_EDGE ( 'NONE', *, *, #1025, .F. ) ;
#1850 = ORIENTED_EDGE ( 'NONE', *, *, #3805, .T. ) ;
#1851 = CIRCLE ( 'NONE', #2242, 30.27500000000000213 ) ;
#1852 = CARTESIAN_POINT ( 'NONE',  ( -26.93238060401386846, 34.84999999999999432, 10.55000000002548433 ) ) ;
#1853 = EDGE_CURVE ( 'NONE', #3477, #2511, #119, .T. ) ;
#1854 = CARTESIAN_POINT ( 'NONE',  ( -52.52394787142338117, -182.5876151076256804, -17.92999999999993221 ) ) ;
#1855 = ORIENTED_EDGE ( 'NONE', *, *, #1297, .T. ) ;
#1856 = VERTEX_POINT ( 'NONE', #2505 ) ;
#1857 = CARTESIAN_POINT ( 'NONE',  ( -34.54983402065155218, -27.70000000000005613, 41.17488881764501230 ) ) ;
#1858 = DIRECTION ( 'NONE',  ( -1.000000000000000000, 0.000000000000000000, 0.000000000000000000 ) ) ;
#1859 = ORIENTED_EDGE ( 'NONE', *, *, #2351, .T. ) ;
#1860 = CARTESIAN_POINT ( 'NONE',  ( -26.93238060406634560, 35.19999999999999574, -9.549999999891518598 ) ) ;
#1861 = CARTESIAN_POINT ( 'NONE',  ( -28.41659946227845523, 40.55000000000011084, 8.550000000025480773 ) ) ;
#1862 = EDGE_CURVE ( 'NONE', #3543, #345, #4535, .T. ) ;
#1863 = CARTESIAN_POINT ( 'NONE',  ( -26.23332803895827325, 41.55000000000012506, 8.250000000024586555 ) ) ;
#1864 = DIRECTION ( 'NONE',  ( 0.000000000000000000, -0.000000000000000000, 1.000000000000000000 ) ) ;
#1865 = EDGE_CURVE ( 'NONE', #64, #4563, #2347, .T. ) ;
#1866 = ORIENTED_EDGE ( 'NONE', *, *, #1440, .T. ) ;
#1867 = DIRECTION ( 'NONE',  ( 0.000000000000000000, -1.000000000000000000, 0.000000000000000000 ) ) ;
#1868 = CARTESIAN_POINT ( 'NONE',  ( -26.85796153853033630, 32.27726821836063209, 9.042415507068291447 ) ) ;
#1869 = DIRECTION ( 'NONE',  ( 0.000000000000000000, 0.000000000000000000, 1.000000000000000000 ) ) ;
#1870 = ORIENTED_EDGE ( 'NONE', *, *, #3279, .F. ) ;
#1871 = ADVANCED_FACE ( 'NONE', ( #332 ), #4976, .T. ) ;
#1872 = CARTESIAN_POINT ( 'NONE',  ( -28.34154121930467696, 40.55000000000011795, -8.674730995687077950 ) ) ;
#1873 = FACE_OUTER_BOUND ( 'NONE', #470, .T. ) ;
#1874 = ORIENTED_EDGE ( 'NONE', *, *, #4134, .T. ) ;
#1875 = EDGE_LOOP ( 'NONE', ( #1893, #230 ) ) ;
#1876 = DIRECTION ( 'NONE',  ( 0.000000000000000000, 1.000000000000000000, 0.000000000000000000 ) ) ;
#1877 = ORIENTED_EDGE ( 'NONE', *, *, #1391, .T. ) ;
#1878 = CARTESIAN_POINT ( 'NONE',  ( -28.41659946227845523, 31.14999999533010921, 8.550000000025480773 ) ) ;
#1879 = VERTEX_POINT ( 'NONE', #3294 ) ;
#1880 = CARTESIAN_POINT ( 'NONE',  ( -43.85000000000004405, 3.174999999999999822, 17.92999999999990735 ) ) ;
#1881 = EDGE_CURVE ( 'NONE', #1542, #3924, #2759, .T. ) ;
#1882 = DIRECTION ( 'NONE',  ( 0.6427876096865405842, 0.000000000000000000, -0.7660444431189771253 ) ) ;
#1883 = CARTESIAN_POINT ( 'NONE',  ( -29.28757608762049358, 40.44091544043988051, 9.124376358236306217 ) ) ;
#1884 = DIRECTION ( 'NONE',  ( 0.000000000000000000, 0.000000000000000000, 1.000000000000000000 ) ) ;
#1885 = CIRCLE ( 'NONE', #1485, 1.000000000000000666 ) ;
#1886 = DIRECTION ( 'NONE',  ( 0.000000000000000000, 1.000000000000000000, 0.000000000000000000 ) ) ;
#1887 = CIRCLE ( 'NONE', #1407, 0.3499999999999996447 ) ;
#1888 = CARTESIAN_POINT ( 'NONE',  ( -28.67669264026679699, 39.82647082449436482, 10.89054108619994921 ) ) ;
#1889 = CARTESIAN_POINT ( 'NONE',  ( -25.54645125841445008, 33.14999999533011277, 10.17982456142809689 ) ) ;
#1890 = DIRECTION ( 'NONE',  ( 0.000000000000000000, 1.000000000000000000, 0.000000000000000000 ) ) ;
#1891 = AXIS2_PLACEMENT_3D ( 'NONE', #539, #3960, #920 ) ;
#1892 = CARTESIAN_POINT ( 'NONE',  ( 0.000000000000000000, 45.71999999999999176, -30.67500000000000071 ) ) ;
#1893 = ORIENTED_EDGE ( 'NONE', *, *, #4558, .F. ) ;
#1894 = EDGE_LOOP ( 'NONE', ( #3433, #1558, #4697, #2677, #1187, #2302, #4556, #1632 ) ) ;
#1895 = VECTOR ( 'NONE', #4347, 1000.000000000000000 ) ;
#1896 = DIRECTION ( 'NONE',  ( 0.000000000000000000, 0.000000000000000000, 1.000000000000000000 ) ) ;
#1897 = EDGE_LOOP ( 'NONE', ( #1500, #749 ) ) ;
#1898 = ORIENTED_EDGE ( 'NONE', *, *, #3738, .F. ) ;
#1899 = DIRECTION ( 'NONE',  ( 0.3420201433256694901, 0.000000000000000000, 0.9396926207859082059 ) ) ;
#1900 = AXIS2_PLACEMENT_3D ( 'NONE', #2998, #1886, #4543 ) ;
#1901 = VERTEX_POINT ( 'NONE', #4042 ) ;
#1902 = ORIENTED_EDGE ( 'NONE', *, *, #2929, .T. ) ;
#1903 = CARTESIAN_POINT ( 'NONE',  ( -26.23332803895827325, 41.55000000000011795, 8.250000000024584779 ) ) ;
#1904 = AXIS2_PLACEMENT_3D ( 'NONE', #1060, #4104, #982 ) ;
#1905 = AXIS2_PLACEMENT_3D ( 'NONE', #761, #3786, #3832 ) ;
#1906 = VECTOR ( 'NONE', #318, 1000.000000000000000 ) ;
#1907 = CARTESIAN_POINT ( 'NONE',  ( -25.86979032274046730, 32.50947442586213754, -9.348291516693667091 ) ) ;
#1908 = CARTESIAN_POINT ( 'NONE',  ( -26.59190200292222528, 32.60822587797097327, -9.401791803786789359 ) ) ;
#1909 = EDGE_CURVE ( 'NONE', #4154, #3988, #598, .T. ) ;
#1910 = ADVANCED_FACE ( 'NONE', ( #2992 ), #4821, .T. ) ;
#1911 = CARTESIAN_POINT ( 'NONE',  ( -28.54753251265355019, 34.37936055870358132, 9.922204395431895918 ) ) ;
#1912 = CARTESIAN_POINT ( 'NONE',  ( 0.000000000000000000, 4.675000000000026468, 0.000000000000000000 ) ) ;
#1913 = CARTESIAN_POINT ( 'NONE',  ( 0.000000000000000000, -182.5876151076256804, 0.000000000000000000 ) ) ;
#1914 = VECTOR ( 'NONE', #3627, 1000.000000000000000 ) ;
#1915 = CARTESIAN_POINT ( 'NONE',  ( -28.29810333845921377, 37.44593064987112996, 9.550000000025322677 ) ) ;
#1916 = CYLINDRICAL_SURFACE ( 'NONE', #2698, 2.250000000000001776 ) ;
#1917 = ORIENTED_EDGE ( 'NONE', *, *, #2475, .F. ) ;
#1918 = ORIENTED_EDGE ( 'NONE', *, *, #2750, .T. ) ;
#1919 = CIRCLE ( 'NONE', #834, 30.27500000000000213 ) ;
#1920 = VECTOR ( 'NONE', #4518, 1000.000000000000000 ) ;
#1921 = AXIS2_PLACEMENT_3D ( 'NONE', #1950, #6, #1884 ) ;
#1922 = CARTESIAN_POINT ( 'NONE',  ( -26.47541312241017408, 0.000000000000000000, -9.549999999891518598 ) ) ;
#1923 = ADVANCED_FACE ( 'NONE', ( #3039 ), #1103, .F. ) ;
#1924 = ORIENTED_EDGE ( 'NONE', *, *, #4675, .T. ) ;
#1925 = EDGE_CURVE ( 'NONE', #4967, #3950, #1237, .T. ) ;
#1926 = AXIS2_PLACEMENT_3D ( 'NONE', #435, #1963, #3494 ) ;
#1927 = CARTESIAN_POINT ( 'NONE',  ( -27.73631419275932330, 33.99066133775521337, 9.550000000025482549 ) ) ;
#1928 = ORIENTED_EDGE ( 'NONE', *, *, #1232, .F. ) ;
#1929 = DIRECTION ( 'NONE',  ( 7.814529957098808224E-15, 0.000000000000000000, -1.000000000000000000 ) ) ;
#1930 = ORIENTED_EDGE ( 'NONE', *, *, #3891, .T. ) ;
#1931 = CARTESIAN_POINT ( 'NONE',  ( -26.93238060401386846, 37.49999999999999289, 9.550000000025482549 ) ) ;
#1932 = CARTESIAN_POINT ( 'NONE',  ( -25.70441757957666340, 31.89843806621076894, -9.775970495977521324 ) ) ;
#1933 = CARTESIAN_POINT ( 'NONE',  ( -43.85000000000004405, 3.174999999999999822, 17.92999999999990735 ) ) ;
#1934 = DIRECTION ( 'NONE',  ( 0.000000000000000000, 0.000000000000000000, 1.000000000000000000 ) ) ;
#1935 = CYLINDRICAL_SURFACE ( 'NONE', #626, 30.67500000000000071 ) ;
#1936 = EDGE_CURVE ( 'NONE', #3839, #4671, #603, .T. ) ;
#1937 = DIRECTION ( 'NONE',  ( 0.000000000000000000, 0.000000000000000000, -1.000000000000000000 ) ) ;
#1938 = CARTESIAN_POINT ( 'NONE',  ( -28.12765952532018687, 37.80807441218443188, 10.72493735443375229 ) ) ;
#1939 = CARTESIAN_POINT ( 'NONE',  ( 0.000000000000000000, 35.19999999999999574, 0.000000000000000000 ) ) ;
#1940 = ORIENTED_EDGE ( 'NONE', *, *, #1909, .T. ) ;
#1941 = VERTEX_POINT ( 'NONE', #730 ) ;
#1942 = CARTESIAN_POINT ( 'NONE',  ( 0.000000000000000000, 31.14999999533010921, 0.000000000000000000 ) ) ;
#1943 = DIRECTION ( 'NONE',  ( -0.3000000000008930523, 0.000000000000000000, -0.9539392014166648837 ) ) ;
#1944 = VERTEX_POINT ( 'NONE', #2678 ) ;
#1945 = FACE_OUTER_BOUND ( 'NONE', #247, .T. ) ;
#1946 = ORIENTED_EDGE ( 'NONE', *, *, #2277, .T. ) ;
#1947 = CARTESIAN_POINT ( 'NONE',  ( -28.18116658784510875, 34.18624202712808824, 9.626420964945353376 ) ) ;
#1948 = VERTEX_POINT ( 'NONE', #5007 ) ;
#1949 = CARTESIAN_POINT ( 'NONE',  ( -25.91052659237037403, 32.38320449003097679, -9.232807669603470657 ) ) ;
#1950 = CARTESIAN_POINT ( 'NONE',  ( 0.000000000000000000, 0.000000000000000000, 0.000000000000000000 ) ) ;
#1951 = DIRECTION ( 'NONE',  ( 0.000000000000000000, 0.000000000000000000, -1.000000000000000000 ) ) ;
#1952 = FACE_OUTER_BOUND ( 'NONE', #4083, .T. ) ;
#1953 = EDGE_CURVE ( 'NONE', #4671, #3361, #701, .T. ) ;
#1954 = EDGE_CURVE ( 'NONE', #4967, #4807, #3390, .T. ) ;
#1955 = CARTESIAN_POINT ( 'NONE',  ( -25.97720352864656590, 40.45232882794326912, -9.038162213215686691 ) ) ;
#1956 = CYLINDRICAL_SURFACE ( 'NONE', #96, 1.000000000000000888 ) ;
#1957 = AXIS2_PLACEMENT_3D ( 'NONE', #2545, #4525, #3703 ) ;
#1958 = CARTESIAN_POINT ( 'NONE',  ( -28.73631419275932330, 38.20000000003277307, 10.49452757073596487 ) ) ;
#1959 = B_SPLINE_CURVE_WITH_KNOTS ( 'NONE', 3,
 ( #3890, #4327, #848, #880, #3112, #4663, #3944, #1205 ),
 .UNSPECIFIED., .F., .F.,
 ( 4, 2, 2, 4 ),
 ( 3.525374685387906574E-17, 0.0007473199864311757612, 0.001120979979646743964, 0.001494639972862311841 ),
 .UNSPECIFIED. ) ;
#1960 = EDGE_LOOP ( 'NONE', ( #1438, #4357, #272, #2634 ) ) ;
#1961 = ORIENTED_EDGE ( 'NONE', *, *, #4600, .T. ) ;
#1962 = CARTESIAN_POINT ( 'NONE',  ( -28.31751115444809486, 35.26006254893048464, -9.549999999891516822 ) ) ;
#1963 = DIRECTION ( 'NONE',  ( -0.000000000000000000, 1.000000000000000000, -0.000000000000000000 ) ) ;
#1964 = ORIENTED_EDGE ( 'NONE', *, *, #9, .F. ) ;
#1965 = ADVANCED_FACE ( 'NONE', ( #1528 ), #1004, .T. ) ;
#1966 = AXIS2_PLACEMENT_3D ( 'NONE', #2837, #4379, #2862 ) ;
#1967 = EDGE_CURVE ( 'NONE', #3808, #469, #1887, .T. ) ;
#1968 = CARTESIAN_POINT ( 'NONE',  ( -28.93914635079140396, 31.61732954893731318, -10.17310409642049329 ) ) ;
#1969 = DIRECTION ( 'NONE',  ( 0.000000000000000000, 0.000000000000000000, 1.000000000000000000 ) ) ;
#1970 = ORIENTED_EDGE ( 'NONE', *, *, #374, .F. ) ;
#1971 = DIRECTION ( 'NONE',  ( 0.000000000000000000, -0.000000000000000000, 1.000000000000000000 ) ) ;
#1972 = ORIENTED_EDGE ( 'NONE', *, *, #4097, .T. ) ;
#1973 = CARTESIAN_POINT ( 'NONE',  ( -28.46354532644517477, 34.55827285427651674, 9.846156908449811951 ) ) ;
#1974 = ORIENTED_EDGE ( 'NONE', *, *, #4577, .T. ) ;
#1975 = CARTESIAN_POINT ( 'NONE',  ( -28.93433418481090058, 41.07144291241723266, 10.18677559992601367 ) ) ;
#1976 = CARTESIAN_POINT ( 'NONE',  ( -27.86349142869887885, 37.49999999999999289, 10.91473638723466166 ) ) ;
#1977 = CARTESIAN_POINT ( 'NONE',  ( -29.34493141924177095, 3.174999999999999822, 31.59493141924155069 ) ) ;
#1978 = AXIS2_PLACEMENT_3D ( 'NONE', #3679, #1776, #3454 ) ;
#1979 = ADVANCED_FACE ( 'NONE', ( #3936 ), #4656, .F. ) ;
#1980 = AXIS2_PLACEMENT_3D ( 'NONE', #3622, #2844, #4339 ) ;
#1981 = CARTESIAN_POINT ( 'NONE',  ( -27.30593586333371903, 38.40914806549842808, 9.550000000025482549 ) ) ;
#1982 = UNCERTAINTY_MEASURE_WITH_UNIT (LENGTH_MEASURE( 1.000000000000000082E-05 ), #1380, 'distance_accuracy_value', 'NONE');
#1983 = FACE_OUTER_BOUND ( 'NONE', #4915, .T. ) ;
#1984 = ORIENTED_EDGE ( 'NONE', *, *, #1765, .T. ) ;
#1985 = VERTEX_POINT ( 'NONE', #274 ) ;
#1986 = CARTESIAN_POINT ( 'NONE',  ( -28.06915282097466502, 34.33520659284635457, -9.645733680987493841 ) ) ;
#1987 = CIRCLE ( 'NONE', #4413, 51.99999999999997868 ) ;
#1988 = ORIENTED_EDGE ( 'NONE', *, *, #3872, .T. ) ;
#1989 = AXIS2_PLACEMENT_3D ( 'NONE', #1324, #3186, #3134 ) ;
#1990 = CIRCLE ( 'NONE', #1123, 55.49999999999997868 ) ;
#1991 = ADVANCED_FACE ( 'NONE', ( #3352 ), #4088, .F. ) ;
#1992 = CARTESIAN_POINT ( 'NONE',  ( -27.73631419275932330, 44.04499999999999460, 10.55000000002548433 ) ) ;
#1993 = CARTESIAN_POINT ( 'NONE',  ( -27.73631419281027632, 33.99066133775521337, -9.549999999891516822 ) ) ;
#1994 = ORIENTED_EDGE ( 'NONE', *, *, #2387, .T. ) ;
#1995 = AXIS2_PLACEMENT_3D ( 'NONE', #3018, #21, #2702 ) ;
#1996 = DIRECTION ( 'NONE',  ( 0.000000000000000000, 0.000000000000000000, 1.000000000000000000 ) ) ;
#1997 = ORIENTED_EDGE ( 'NONE', *, *, #4289, .F. ) ;
#1998 = DIRECTION ( 'NONE',  ( 0.3555181128859857265, 0.000000000000000000, -0.9346693915016087706 ) ) ;
#1999 = ORIENTED_EDGE ( 'NONE', *, *, #3819, .T. ) ;
#2000 = CARTESIAN_POINT ( 'NONE',  ( 0.000000000000000000, 0.000000000000000000, -41.50000000000009237 ) ) ;
#2001 = CARTESIAN_POINT ( 'NONE',  ( -28.77809554123827240, 40.57272308437886466, 10.61995944083489363 ) ) ;
#2002 = CYLINDRICAL_SURFACE ( 'NONE', #2275, 2.250000000000001776 ) ;
#2003 = CARTESIAN_POINT ( 'NONE',  ( -25.70244053712045584, 31.92347557121878054, -9.779585984448960545 ) ) ;
#2004 = FACE_OUTER_BOUND ( 'NONE', #3760, .T. ) ;
#2005 = DIRECTION ( 'NONE',  ( -0.000000000000000000, -1.000000000000000000, -0.000000000000000000 ) ) ;
#2006 = EDGE_CURVE ( 'NONE', #3214, #4520, #3724, .T. ) ;
#2007 = DIRECTION ( 'NONE',  ( 1.000000000000000000, 0.000000000000000000, -0.000000000000000000 ) ) ;
#2008 = EDGE_CURVE ( 'NONE', #1527, #4442, #836, .T. ) ;
#2009 = DIRECTION ( 'NONE',  ( 1.000000000000000000, 0.000000000000000000, -0.000000000000000000 ) ) ;
#2010 = ORIENTED_EDGE ( 'NONE', *, *, #600, .F. ) ;
#2011 = ORIENTED_EDGE ( 'NONE', *, *, #58, .F. ) ;
#2012 = CARTESIAN_POINT ( 'NONE',  ( -27.87845510150064143, 35.10483942846611427, -10.90384713210024614 ) ) ;
#2013 = CYLINDRICAL_SURFACE ( 'NONE', #3212, 3.599999999999974332 ) ;
#2014 = CARTESIAN_POINT ( 'NONE',  ( -41.50000000000009237, 3.174999999999999822, 2.250000000000002220 ) ) ;
#2015 =( BOUNDED_SURFACE ( )  B_SPLINE_SURFACE ( 3, 2, ( 
 ( #946, #4764, #3626 ),
 ( #2467, #997, #2906 ),
 ( #3653, #4787, #1296 ),
 ( #592, #3603, #4060 ),
 ( #4424, #2436, #3683 ),
 ( #3258, #3984, #3570 ),
 ( #4011, #1316, #4451 ),
 ( #4394, #2826, #141 ),
 ( #538, #176, #3287 ),
 ( #1752, #2519, #973 ) ),
 .UNSPECIFIED., .F., .F., .T. ) 
 B_SPLINE_SURFACE_WITH_KNOTS ( ( 4, 2, 2, 2, 4 ),
 ( 3, 3 ),
 ( 5.421010862427522170E-20, 0.0005458296015574638435, 0.001091659203114927687, 0.001637488804672391531, 0.002183318406229855374 ),
 ( 0.000000000000000000, 1.000000000000000000 ),
 .UNSPECIFIED. ) 
 GEOMETRIC_REPRESENTATION_ITEM ( )  RATIONAL_B_SPLINE_SURFACE ( (
 ( 1.000000000000000000, 0.5635883306081890254, 1.000000000000000000),
 ( 1.000000000000000000, 0.5635044010211305299, 1.000000000000000000),
 ( 1.000000000000000000, 0.5684261581122718177, 1.000000000000000000),
 ( 1.000000000000000000, 0.5857194404212264782, 1.000000000000000000),
 ( 1.000000000000000000, 0.5981530421050240687, 1.000000000000000000),
 ( 1.000000000000000000, 0.6264686472723486332, 1.000000000000000000),
 ( 1.000000000000000000, 0.6425273112172119605, 1.000000000000000000),
 ( 1.000000000000000000, 0.6748853425665296557, 1.000000000000000000),
 ( 1.000000000000000000, 0.6914995740040216221, 1.000000000000000000),
 ( 1.000000000000000000, 0.7071067811865475727, 1.000000000000000000) ) ) 
 REPRESENTATION_ITEM ( '' )  SURFACE ( )  );
#2016 = AXIS2_PLACEMENT_3D ( 'NONE', #512, #892, #3955 ) ;
#2017 = CARTESIAN_POINT ( 'NONE',  ( -29.37419337848789169, 31.14999999533010921, -8.838121314125437777 ) ) ;
#2018 =( BOUNDED_SURFACE ( )  B_SPLINE_SURFACE ( 3, 2, ( 
 ( #663, #4547, #1092 ),
 ( #292, #2621, #4448 ),
 ( #1819, #4912, #993 ),
 ( #1443, #2515, #2137 ) ),
 .UNSPECIFIED., .F., .F., .T. ) 
 B_SPLINE_SURFACE_WITH_KNOTS ( ( 4, 4 ),
 ( 3, 3 ),
 ( 6.283185307179586232, 6.449597568420706750 ),
 ( 0.000000000000000000, 1.000000000000000000 ),
 .UNSPECIFIED. ) 
 GEOMETRIC_REPRESENTATION_ITEM ( )  RATIONAL_B_SPLINE_SURFACE ( (
 ( 1.000000000000000000, 0.7071067811865475727, 1.000000000000000000),
 ( 1.000000000000000000, 0.7070960168929394385, 1.000000000000000000),
 ( 1.000000000000000000, 0.7104103552843367142, 1.000000000000000000),
 ( 1.000000000000000000, 0.7167420553796757243, 1.000000000000000000) ) ) 
 REPRESENTATION_ITEM ( '' )  SURFACE ( )  );
#2019 = DIRECTION ( 'NONE',  ( 0.000000000000000000, 1.000000000000000000, 0.000000000000000000 ) ) ;
#2020 = VERTEX_POINT ( 'NONE', #4472 ) ;
#2021 = CARTESIAN_POINT ( 'NONE',  ( -29.17903504321333941, 32.75955799842532912, -9.516196983051141700 ) ) ;
#2022 = CARTESIAN_POINT ( 'NONE',  ( -29.17199817222272529, 41.45377536370484250, -9.485069505428130654 ) ) ;
#2023 = EDGE_LOOP ( 'NONE', ( #1803, #3523, #321, #2050 ) ) ;
#2024 = ORIENTED_EDGE ( 'NONE', *, *, #301, .T. ) ;
#2025 = CARTESIAN_POINT ( 'NONE',  ( -29.19427338141824180, 40.09905643876926717, 9.447778388026335961 ) ) ;
#2026 = CARTESIAN_POINT ( 'NONE',  ( -28.18116658789534057, 34.18624202712759796, -9.626420964811631009 ) ) ;
#2027 = CARTESIAN_POINT ( 'NONE',  ( 3.664755546448455146E-15, 35.19999999999999574, -29.92500000000000426 ) ) ;
#2028 = PLANE ( 'NONE',  #4239 ) ;
#2029 = EDGE_CURVE ( 'NONE', #888, #3092, #1637, .T. ) ;
#2030 = FACE_OUTER_BOUND ( 'NONE', #893, .T. ) ;
#2031 = CARTESIAN_POINT ( 'NONE',  ( 0.000000000000000000, 4.675000000000026468, -30.67500000000000071 ) ) ;
#2032 = DIRECTION ( 'NONE',  ( 0.000000000000000000, 0.000000000000000000, -1.000000000000000000 ) ) ;
#2033 = CARTESIAN_POINT ( 'NONE',  ( 3.367778697655221307E-15, 44.19499999999999318, -27.50000000000000000 ) ) ;
#2034 = ORIENTED_EDGE ( 'NONE', *, *, #776, .T. ) ;
#2035 = EDGE_CURVE ( 'NONE', #4621, #4561, #2195, .T. ) ;
#2036 = ORIENTED_EDGE ( 'NONE', *, *, #2058, .T. ) ;
#2037 = CARTESIAN_POINT ( 'NONE',  ( -28.24917116749468349, 35.21131681896569887, -9.549999999891676694 ) ) ;
#2038 = DIRECTION ( 'NONE',  ( 0.3420201433256694901, 0.000000000000000000, 0.9396926207859082059 ) ) ;
#2039 = CARTESIAN_POINT ( 'NONE',  ( -43.85000000000004405, 3.174999999999999822, -17.92999999999990735 ) ) ;
#2040 = LINE ( 'NONE', #2739, #3676 ) ;
#2041 = ORIENTED_EDGE ( 'NONE', *, *, #861, .T. ) ;
#2042 = CARTESIAN_POINT ( 'NONE',  ( 11.58493919599269084, 44.19499999999999318, -16.62373356831901106 ) ) ;
#2043 = AXIS2_PLACEMENT_3D ( 'NONE', #4460, #651, #4126 ) ;
#2044 = CARTESIAN_POINT ( 'NONE',  ( -29.37419337844622191, 41.55000000000011795, 8.838121314263913675 ) ) ;
#2045 = FACE_OUTER_BOUND ( 'NONE', #2120, .T. ) ;
#2046 = PLANE ( 'NONE',  #319 ) ;
#2047 = EDGE_LOOP ( 'NONE', ( #4705, #4441, #300, #1351 ) ) ;
#2048 = VECTOR ( 'NONE', #1767, 1000.000000000000000 ) ;
#2049 = CARTESIAN_POINT ( 'NONE',  ( -11.58493919600778987, 37.21999999999999176, 14.12373356768063637 ) ) ;
#2050 = ORIENTED_EDGE ( 'NONE', *, *, #4398, .T. ) ;
#2051 = ORIENTED_EDGE ( 'NONE', *, *, #1167, .F. ) ;
#2052 = AXIS2_PLACEMENT_3D ( 'NONE', #2980, #4112, #3701 ) ;
#2053 = DIRECTION ( 'NONE',  ( 0.000000000000000000, 1.000000000000000000, 0.000000000000000000 ) ) ;
#2054 = CARTESIAN_POINT ( 'NONE',  ( -28.67098358436022920, 39.81946323970116453, 10.90551811265041948 ) ) ;
#2055 = CARTESIAN_POINT ( 'NONE',  ( -17.78504745293480127, -17.70000000000004903, -48.86401628086719739 ) ) ;
#2056 = DIRECTION ( 'NONE',  ( -0.000000000000000000, -1.000000000000000000, -0.000000000000000000 ) ) ;
#2057 = EDGE_CURVE ( 'NONE', #367, #2112, #2927, .T. ) ;
#2058 = EDGE_CURVE ( 'NONE', #3404, #4762, #4168, .T. ) ;
#2059 = CARTESIAN_POINT ( 'NONE',  ( -25.64887721035989543, 40.56216072634617120, -9.919214637315965533 ) ) ;
#2060 = CARTESIAN_POINT ( 'NONE',  ( -27.73631419281027988, 37.84999999999999432, -10.54999999989151682 ) ) ;
#2061 = AXIS2_PLACEMENT_3D ( 'NONE', #608, #1065, #314 ) ;
#2062 = DIRECTION ( 'NONE',  ( 0.000000000000000000, 0.000000000000000000, 1.000000000000000000 ) ) ;
#2063 = VERTEX_POINT ( 'NONE', #718 ) ;
#2064 = ORIENTED_EDGE ( 'NONE', *, *, #1862, .T. ) ;
#2065 = CARTESIAN_POINT ( 'NONE',  ( -28.26507272271467741, 34.95539546402662268, -9.549999999891673141 ) ) ;
#2066 = DIRECTION ( 'NONE',  ( 0.000000000000000000, 0.000000000000000000, 1.000000000000000000 ) ) ;
#2067 = CIRCLE ( 'NONE', #3357, 1.000000000000000222 ) ;
#2068 = AXIS2_PLACEMENT_3D ( 'NONE', #3852, #803, #1937 ) ;
#2069 = ORIENTED_EDGE ( 'NONE', *, *, #4760, .T. ) ;
#2070 = AXIS2_PLACEMENT_3D ( 'NONE', #1207, #2734, #2647 ) ;
#2071 = DIRECTION ( 'NONE',  ( 0.000000000000000000, 0.000000000000000000, -1.000000000000000000 ) ) ;
#2072 = DIRECTION ( 'NONE',  ( 1.000000000000000000, -0.000000000000000000, -0.000000000000000000 ) ) ;
#2073 = LINE ( 'NONE', #1673, #2796 ) ;
#2074 = EDGE_CURVE ( 'NONE', #757, #3171, #4143, .T. ) ;
#2075 = ORIENTED_EDGE ( 'NONE', *, *, #2185, .T. ) ;
#2076 = ORIENTED_EDGE ( 'NONE', *, *, #1695, .F. ) ;
#2077 = VERTEX_POINT ( 'NONE', #1419 ) ;
#2078 = CARTESIAN_POINT ( 'NONE',  ( -26.19277034090552903, 40.58793748794422385, -8.378965264699097304 ) ) ;
#2079 = CIRCLE ( 'NONE', #2304, 1.000000000000000888 ) ;
#2080 = CARTESIAN_POINT ( 'NONE',  ( -28.02715812982079058, 40.35192393811509248, 9.150885136789511876 ) ) ;
#2081 = CIRCLE ( 'NONE', #2645, 2.250000000000001776 ) ;
#2082 = DIRECTION ( 'NONE',  ( 0.000000000000000000, 0.000000000000000000, 1.000000000000000000 ) ) ;
#2083 =( NAMED_UNIT ( * ) SI_UNIT ( $, .STERADIAN. ) SOLID_ANGLE_UNIT ( ) );
#2084 = CARTESIAN_POINT ( 'NONE',  ( -28.67802396392776387, 37.91358865312864168, -10.16363723189245860 ) ) ;
#2085 = AXIS2_PLACEMENT_3D ( 'NONE', #662, #1338, #2949 ) ;
#2086 = EDGE_CURVE ( 'NONE', #4067, #3808, #3330, .T. ) ;
#2087 = CARTESIAN_POINT ( 'NONE',  ( 0.000000000000000000, 44.19499999999999318, 0.000000000000000000 ) ) ;
#2088 = DIRECTION ( 'NONE',  ( 0.000000000000000000, 1.000000000000000000, 0.000000000000000000 ) ) ;
#2089 = CARTESIAN_POINT ( 'NONE',  ( -28.34154121926322034, 32.14999999533010566, 8.674730995820814528 ) ) ;
#2090 = CARTESIAN_POINT ( 'NONE',  ( 3.664755546448455146E-15, 37.49999999999999289, -29.92500000000000426 ) ) ;
#2091 = EDGE_LOOP ( 'NONE', ( #1131, #1448, #4686, #3170 ) ) ;
#2092 = ORIENTED_EDGE ( 'NONE', *, *, #2917, .T. ) ;
#2093 = ORIENTED_EDGE ( 'NONE', *, *, #3329, .F. ) ;
#2094 = DIRECTION ( 'NONE',  ( 0.000000000000000000, 1.000000000000000000, 0.000000000000000000 ) ) ;
#2095 = CARTESIAN_POINT ( 'NONE',  ( 41.17488881764489861, -7.700000000000050804, 34.54983402065169429 ) ) ;
#2096 = LINE ( 'NONE', #2143, #1914 ) ;
#2097 = ORIENTED_EDGE ( 'NONE', *, *, #2185, .F. ) ;
#2098 = ORIENTED_EDGE ( 'NONE', *, *, #2613, .T. ) ;
#2099 = VERTEX_POINT ( 'NONE', #3573 ) ;
#2100 = DIRECTION ( 'NONE',  ( 0.000000000000000000, 0.000000000000000000, 1.000000000000000000 ) ) ;
#2101 = CARTESIAN_POINT ( 'NONE',  ( -28.37733470570240968, 34.84999999999999432, 10.55000000002548433 ) ) ;
#2102 = CARTESIAN_POINT ( 'NONE',  ( -28.07565658180473278, 34.33472006306487145, -9.626420972600914894 ) ) ;
#2103 = SURFACE_SIDE_STYLE ('',( #4073 ) ) ;
#2104 = CARTESIAN_POINT ( 'NONE',  ( -28.72249959728715041, 34.49102051294307358, 10.38435475289689691 ) ) ;
#2105 = DIRECTION ( 'NONE',  ( 0.000000000000000000, 0.000000000000000000, 1.000000000000000000 ) ) ;
#2106 = FACE_OUTER_BOUND ( 'NONE', #904, .T. ) ;
#2107 = DIRECTION ( 'NONE',  ( -0.000000000000000000, 1.000000000000000000, -0.000000000000000000 ) ) ;
#2108 = CARTESIAN_POINT ( 'NONE',  ( -27.86349142875316787, 35.19999999999999574, -10.91473638709606497 ) ) ;
#2109 = CARTESIAN_POINT ( 'NONE',  ( -29.37419337844622191, 31.14999999533010566, 8.838121314263913675 ) ) ;
#2110 = ORIENTED_EDGE ( 'NONE', *, *, #4989, .F. ) ;
#2111 = EDGE_CURVE ( 'NONE', #4938, #2216, #1088, .T. ) ;
#2112 = VERTEX_POINT ( 'NONE', #3213 ) ;
#2113 = DIRECTION ( 'NONE',  ( -0.000000000000000000, -1.000000000000000000, -0.000000000000000000 ) ) ;
#2114 = VERTEX_POINT ( 'NONE', #252 ) ;
#2115 = CARTESIAN_POINT ( 'NONE',  ( 0.000000000000000000, -7.700000000000054357, 0.000000000000000000 ) ) ;
#2116 = CARTESIAN_POINT ( 'NONE',  ( -28.21874631686248591, 35.14346304306835833, 9.550000000025482549 ) ) ;
#2117 = EDGE_CURVE ( 'NONE', #2241, #3073, #3255, .T. ) ;
#2118 = VECTOR ( 'NONE', #1152, 1000.000000000000000 ) ;
#2119 = CARTESIAN_POINT ( 'NONE',  ( -28.26970345499183423, 37.84999999999998721, 10.62457172582966969 ) ) ;
#2120 = EDGE_LOOP ( 'NONE', ( #3205, #3206, #794, #347, #1421 ) ) ;
#2121 = AXIS2_PLACEMENT_3D ( 'NONE', #1878, #1432, #4514 ) ;
#2122 = ORIENTED_EDGE ( 'NONE', *, *, #3794, .T. ) ;
#2123 = ADVANCED_FACE ( 'NONE', ( #2902 ), #2018, .T. ) ;
#2124 = CARTESIAN_POINT ( 'NONE',  ( 15.37373356799227508, 37.21999999999999176, 11.58493919568105213 ) ) ;
#2125 = ADVANCED_FACE ( 'NONE', ( #4055 ), #251, .F. ) ;
#2126 = CARTESIAN_POINT ( 'NONE',  ( -28.73169868233617308, 38.20300008180816320, -10.43912241749690040 ) ) ;
#2127 = CARTESIAN_POINT ( 'NONE',  ( 0.000000000000000000, 44.04499999999999460, 0.000000000000000000 ) ) ;
#2128 = DIRECTION ( 'NONE',  ( 0.1634184524781332748, 0.1634184524781283621, -0.9729279617624861931 ) ) ;
#2129 = CARTESIAN_POINT ( 'NONE',  ( 3.756604056384505718E-15, 4.675000000000026468, 30.67500000000000071 ) ) ;
#2130 = DIRECTION ( 'NONE',  ( -0.000000000000000000, -1.000000000000000000, -0.000000000000000000 ) ) ;
#2131 = CARTESIAN_POINT ( 'NONE',  ( -25.91052659232307320, 40.31679550530007816, 9.232807669736001088 ) ) ;
#2132 = CYLINDRICAL_SURFACE ( 'NONE', #233, 2.250000000000001776 ) ;
#2133 = EDGE_CURVE ( 'NONE', #2768, #3876, #55, .T. ) ;
#2134 = ORIENTED_EDGE ( 'NONE', *, *, #4501, .T. ) ;
#2135 = ORIENTED_EDGE ( 'NONE', *, *, #3857, .F. ) ;
#2136 = CARTESIAN_POINT ( 'NONE',  ( 0.000000000000000000, 0.000000000000000000, -43.75000000000009237 ) ) ;
#2137 = CARTESIAN_POINT ( 'NONE',  ( -28.72249959733634128, 38.20897948705805902, -10.38435475275244713 ) ) ;
#2138 = ORIENTED_EDGE ( 'NONE', *, *, #4783, .F. ) ;
#2139 = VECTOR ( 'NONE', #2649, 1000.000000000000000 ) ;
#2140 = CIRCLE ( 'NONE', #1265, 1.250000000000001110 ) ;
#2141 = CONICAL_SURFACE ( 'NONE', #3757, 30.67500000000000071, 0.7853981633974367327 ) ;
#2142 = LINE ( 'NONE', #4365, #2298 ) ;
#2143 = CARTESIAN_POINT ( 'NONE',  ( -48.81101412591220168, -182.5876151076256804, 17.92999999999990379 ) ) ;
#2144 = ORIENTED_EDGE ( 'NONE', *, *, #547, .T. ) ;
#2145 = CIRCLE ( 'NONE', #630, 27.50000000000000000 ) ;
#2146 = VERTEX_POINT ( 'NONE', #4235 ) ;
#2147 = EDGE_CURVE ( 'NONE', #4890, #2983, #3274, .T. ) ;
#2148 = AXIS2_PLACEMENT_3D ( 'NONE', #1298, #4679, #2438 ) ;
#2149 = ADVANCED_FACE ( 'NONE', ( #1557 ), #1916, .F. ) ;
#2150 = CARTESIAN_POINT ( 'NONE',  ( -27.86349142869887885, 35.13362522808170496, 10.91473638723466522 ) ) ;
#2151 = CARTESIAN_POINT ( 'NONE',  ( 29.34493141924177095, 3.174999999999999822, 27.09493141924154713 ) ) ;
#2152 = AXIS2_PLACEMENT_3D ( 'NONE', #3730, #2504, #209 ) ;
#2153 = CARTESIAN_POINT ( 'NONE',  ( -28.36917964784387181, 37.88422868427768009, -10.26281745076112628 ) ) ;
#2154 = B_SPLINE_CURVE_WITH_KNOTS ( 'NONE', 3,
 ( #1573, #3108, #4634, #1157, #23, #2681, #772, #4206, #1203, #3821, #2729, #1861 ),
 .UNSPECIFIED., .F., .F.,
 ( 4, 2, 2, 2, 2, 4 ),
 ( 0.000000000000000000, 0.0004370669076694655279, 0.0006556003615041966926, 0.0008741338153389279116, 0.001311200723008385362, 0.001748267630677843030 ),
 .UNSPECIFIED. ) ;
#2155 = AXIS2_PLACEMENT_3D ( 'NONE', #1574, #1176, #1158 ) ;
#2156 = CYLINDRICAL_SURFACE ( 'NONE', #959, 30.67500000000000071 ) ;
#2157 = CARTESIAN_POINT ( 'NONE',  ( -25.91533872274289507, 41.30761231223803520, 9.203476523739537285 ) ) ;
#2158 = CARTESIAN_POINT ( 'NONE',  ( 15.37373356799227508, 44.19499999999999318, 11.58493919568105213 ) ) ;
#2159 = CARTESIAN_POINT ( 'NONE',  ( -29.20012080168572055, 32.54919059352421584, 9.423048466488568309 ) ) ;
#2160 = AXIS2_PLACEMENT_3D ( 'NONE', #4225, #4975, #2994 ) ;
#2161 = EDGE_LOOP ( 'NONE', ( #2846, #3642, #2097, #3253 ) ) ;
#2162 = CARTESIAN_POINT ( 'NONE',  ( -26.23332803899892696, 41.55000000000011795, -8.249999999895322844 ) ) ;
#2163 = CARTESIAN_POINT ( 'NONE',  ( -29.22281708430538671, 40.26107629421683498, -9.342383344851803884 ) ) ;
#2164 = CARTESIAN_POINT ( 'NONE',  ( -29.34493141924177095, 0.000000000000000000, -29.34493141924177095 ) ) ;
#2165 = ORIENTED_EDGE ( 'NONE', *, *, #1184, .F. ) ;
#2166 = CARTESIAN_POINT ( 'NONE',  ( -27.23809773439582571, 34.35221887432717125, 9.550000000025482549 ) ) ;
#2167 = CARTESIAN_POINT ( 'NONE',  ( -28.01621968702063725, 37.75085870066328653, 10.80444436576181388 ) ) ;
#2168 = VERTEX_POINT ( 'NONE', #4992 ) ;
#2169 = EDGE_CURVE ( 'NONE', #2792, #2410, #2279, .T. ) ;
#2170 = CARTESIAN_POINT ( 'NONE',  ( -26.15291207164279896, 31.16295747575218300, 8.502463073419527007 ) ) ;
#2171 = VERTEX_POINT ( 'NONE', #4596 ) ;
#2172 = DIRECTION ( 'NONE',  ( -0.000000000000000000, -1.000000000000000000, -0.000000000000000000 ) ) ;
#2173 = CARTESIAN_POINT ( 'NONE',  ( 53.75000000000000000, -27.70000000000005613, 1.876671219628184210E-13 ) ) ;
#2174 = PRESENTATION_STYLE_ASSIGNMENT (( #3268 ) ) ;
#2175 = PLANE ( 'NONE',  #4151 ) ;
#2176 = DIRECTION ( 'NONE',  ( 1.000000000000000000, -0.000000000000000000, -0.000000000000000000 ) ) ;
#2177 = CARTESIAN_POINT ( 'NONE',  ( -29.34493141924177095, 3.174999999999999822, -27.09493141924177095 ) ) ;
#2178 = DIRECTION ( 'NONE',  ( 0.000000000000000000, 0.000000000000000000, 1.000000000000000000 ) ) ;
#2179 = EDGE_CURVE ( 'NONE', #3962, #2499, #4641, .T. ) ;
#2180 = DIRECTION ( 'NONE',  ( -0.000000000000000000, -1.000000000000000000, -0.000000000000000000 ) ) ;
#2181 = ORIENTED_EDGE ( 'NONE', *, *, #667, .F. ) ;
#2182 = CYLINDRICAL_SURFACE ( 'NONE', #2210, 2.250000000000002220 ) ;
#2183 = DIRECTION ( 'NONE',  ( 0.000000000000000000, 0.000000000000000000, -1.000000000000000000 ) ) ;
#2184 = DIRECTION ( 'NONE',  ( 0.000000000000000000, 0.000000000000000000, -1.000000000000000000 ) ) ;
#2185 = EDGE_CURVE ( 'NONE', #1257, #4520, #2543, .T. ) ;
#2186 = CARTESIAN_POINT ( 'NONE',  ( 48.86401628086726134, -7.700000000000050804, -17.78504745293463429 ) ) ;
#2187 = VERTEX_POINT ( 'NONE', #4195 ) ;
#2188 = CARTESIAN_POINT ( 'NONE',  ( -27.73631419275932330, 38.70933866224477526, 9.550000000025482549 ) ) ;
#2189 = ORIENTED_EDGE ( 'NONE', *, *, #4218, .F. ) ;
#2190 = FACE_OUTER_BOUND ( 'NONE', #536, .T. ) ;
#2191 = EDGE_CURVE ( 'NONE', #164, #1729, #2713, .T. ) ;
#2192 = ORIENTED_EDGE ( 'NONE', *, *, #3472, .T. ) ;
#2193 = CARTESIAN_POINT ( 'NONE',  ( -28.69864514856983817, 40.09408530127835490, 10.83255983463786976 ) ) ;
#2194 = CARTESIAN_POINT ( 'NONE',  ( 0.000000000000000000, -27.70000000000005969, 0.000000000000000000 ) ) ;
#2195 = CIRCLE ( 'NONE', #37, 2.249999999999998668 ) ;
#2196 = CARTESIAN_POINT ( 'NONE',  ( 0.000000000000000000, 34.49999999999998579, 30.32500000000000284 ) ) ;
#2197 = CARTESIAN_POINT ( 'NONE',  ( -29.21042588207529178, 31.19981792766773410, -9.368807964709159108 ) ) ;
#2198 = CARTESIAN_POINT ( 'NONE',  ( 0.000000000000000000, -182.5876151076256804, 0.000000000000000000 ) ) ;
#2199 =( BOUNDED_SURFACE ( )  B_SPLINE_SURFACE ( 3, 2, ( 
 ( #232, #3578, #1759 ),
 ( #1733, #2078, #48 ),
 ( #3265, #4667, #3609 ),
 ( #183, #3892, #1323 ),
 ( #4639, #3115, #1180 ),
 ( #4258, #2856, #804 ),
 ( #428, #1955, #1579 ),
 ( #4402, #1451, #2220 ),
 ( #1473, #3013, #4178 ),
 ( #4069, #896, #4366 ),
 ( #2437, #4813, #90 ),
 ( #1239, #4313, #4395 ),
 ( #864, #2849, #2386 ),
 ( #1640, #4012, #2413 ) ),
 .UNSPECIFIED., .F., .F., .F. ) 
 B_SPLINE_SURFACE_WITH_KNOTS ( ( 4, 2, 2, 2, 2, 2, 4 ),
 ( 3, 3 ),
 ( 0.001438204998306990678, 0.002243626129896257246, 0.002646336695690890747, 0.003049047261485524248, 0.003451757827280157748, 0.003854468393074791249, 0.004659889524664058251 ),
 ( 0.000000000000000000, 1.000000000000000000 ),
 .UNSPECIFIED. ) 
 GEOMETRIC_REPRESENTATION_ITEM ( )  RATIONAL_B_SPLINE_SURFACE ( (
 ( 1.000000000000000000, 0.7071067811865487940, 1.000000000000000000),
 ( 1.000000000000000000, 0.7207869586708784970, 1.000000000000000000),
 ( 1.000000000000000000, 0.7351452959228692574, 1.000000000000000000),
 ( 1.000000000000000000, 0.7562580285679835201, 1.000000000000000000),
 ( 1.000000000000000000, 0.7630935733202175442, 1.000000000000000000),
 ( 1.000000000000000000, 0.7762711164460345259, 1.000000000000000000),
 ( 1.000000000000000000, 0.7826794266450318727, 1.000000000000000000),
 ( 1.000000000000000000, 0.7944561018467861668, 1.000000000000000000),
 ( 1.000000000000000000, 0.7998327851965616464, 1.000000000000000000),
 ( 1.000000000000000000, 0.8094477211536086347, 1.000000000000000000),
 ( 1.000000000000000000, 0.8137067048559563087, 1.000000000000000000),
 ( 1.000000000000000000, 0.8239655816792594845, 1.000000000000000000),
 ( 1.000000000000000000, 0.8277260493684417408, 1.000000000000000000),
 ( 1.000000000000000000, 0.8277002593308422362, 1.000000000000000000) ) ) 
 REPRESENTATION_ITEM ( '' )  SURFACE ( )  );
#2200 = CARTESIAN_POINT ( 'NONE',  ( -26.47541312241017764, 33.14999999533011277, -9.549999999891520375 ) ) ;
#2201 = LINE ( 'NONE', #606, #4924 ) ;
#2202 = CARTESIAN_POINT ( 'NONE',  ( 11.58493919599269084, 47.21999999999999176, -14.12373356831901638 ) ) ;
#2203 = CARTESIAN_POINT ( 'NONE',  ( -28.25792699687281484, 32.17512752950087673, 8.807048274971940316 ) ) ;
#2204 = TOROIDAL_SURFACE ( 'NONE', #3024, 29.17500000000000071, 1.500000000000000000 ) ;
#2205 = EDGE_LOOP ( 'NONE', ( #2841, #1153, #2761, #1001 ) ) ;
#2206 = DIRECTION ( 'NONE',  ( 0.000000000000000000, 0.000000000000000000, 1.000000000000000000 ) ) ;
#2207 = CARTESIAN_POINT ( 'NONE',  ( -26.67325910092809238, 32.47963519433626089, 9.294889652989791529 ) ) ;
#2208 = EDGE_CURVE ( 'NONE', #3260, #342, #1106, .T. ) ;
#2209 = CARTESIAN_POINT ( 'NONE',  ( -29.04795799419987645, 41.30689607446598899, -9.860969274670676299 ) ) ;
#2210 = AXIS2_PLACEMENT_3D ( 'NONE', #4521, #4940, #3000 ) ;
#2211 = CARTESIAN_POINT ( 'NONE',  ( 0.000000000000000000, 45.71999999999999176, 0.000000000000000000 ) ) ;
#2212 = ORIENTED_EDGE ( 'NONE', *, *, #2814, .T. ) ;
#2213 = VERTEX_POINT ( 'NONE', #361 ) ;
#2214 = CARTESIAN_POINT ( 'NONE',  ( -28.67098358425922200, 44.04499999999999460, 10.90551811291598128 ) ) ;
#2215 = CARTESIAN_POINT ( 'NONE',  ( 29.34493141924177095, 0.000000000000000000, 31.59493141924155069 ) ) ;
#2216 = VERTEX_POINT ( 'NONE', #1892 ) ;
#2217 = AXIS2_PLACEMENT_3D ( 'NONE', #4356, #105, #558 ) ;
#2218 = ORIENTED_EDGE ( 'NONE', *, *, #302, .T. ) ;
#2219 = ADVANCED_FACE ( 'NONE', ( #4214 ), #430, .F. ) ;
#2220 = CARTESIAN_POINT ( 'NONE',  ( -25.73735527230204667, 40.89072960263528245, -9.687506348119308441 ) ) ;
#2221 = TOROIDAL_SURFACE ( 'NONE', #1904, 29.17500000000000071, 1.500000000000000000 ) ;
#2222 = CIRCLE ( 'NONE', #4408, 1.000000000000000888 ) ;
#2223 = ADVANCED_FACE ( 'NONE', ( #2240 ), #4091, .T. ) ;
#2224 = DIRECTION ( 'NONE',  ( -0.000000000000000000, -1.000000000000000000, -0.000000000000000000 ) ) ;
#2225 = VECTOR ( 'NONE', #2113, 1000.000000000000000 ) ;
#2226 = CARTESIAN_POINT ( 'NONE',  ( -28.72249959728715041, 38.20897948705690794, 10.38435475289689691 ) ) ;
#2227 = ORIENTED_EDGE ( 'NONE', *, *, #3074, .F. ) ;
#2228 = FACE_OUTER_BOUND ( 'NONE', #3391, .T. ) ;
#2229 = VECTOR ( 'NONE', #4866, 1000.000000000000000 ) ;
#2230 = DIRECTION ( 'NONE',  ( 0.000000000000000000, 0.000000000000000000, 1.000000000000000000 ) ) ;
#2231 = CARTESIAN_POINT ( 'NONE',  ( -28.38631419275932544, 34.85000000000000142, 10.49446514370983685 ) ) ;
#2232 = CARTESIAN_POINT ( 'NONE',  ( -26.63912367438139484, 40.17578096510325025, 9.340730166902153186 ) ) ;
#2233 = DIRECTION ( 'NONE',  ( -0.7660444431189771253, 0.000000000000000000, -0.6427876096865405842 ) ) ;
#2234 = CIRCLE ( 'NONE', #4584, 1.000000000000000888 ) ;
#2235 = ORIENTED_EDGE ( 'NONE', *, *, #126, .T. ) ;
#2236 = EDGE_CURVE ( 'NONE', #4117, #4549, #410, .T. ) ;
#2237 = CARTESIAN_POINT ( 'NONE',  ( 0.000000000000000000, 34.49999999999998579, 0.000000000000000000 ) ) ;
#2238 = CARTESIAN_POINT ( 'NONE',  ( -26.47541312232770849, 33.01478055930338229, 9.550000000025482549 ) ) ;
#2239 = CIRCLE ( 'NONE', #4186, 0.3499999999999997002 ) ;
#2240 = FACE_OUTER_BOUND ( 'NONE', #3783, .T. ) ;
#2241 = VERTEX_POINT ( 'NONE', #1583 ) ;
#2242 = AXIS2_PLACEMENT_3D ( 'NONE', #3953, #1693, #510 ) ;
#2243 = CARTESIAN_POINT ( 'NONE',  ( -11.58493919600778987, 37.21999999999999176, 15.37373356768063637 ) ) ;
#2244 = ORIENTED_EDGE ( 'NONE', *, *, #4177, .T. ) ;
#2245 = EDGE_LOOP ( 'NONE', ( #2315, #2393, #4368, #4222 ) ) ;
#2246 = DIRECTION ( 'NONE',  ( 0.000000000000000000, -1.000000000000000000, 0.000000000000000000 ) ) ;
#2247 = ORIENTED_EDGE ( 'NONE', *, *, #2169, .T. ) ;
#2248 = ORIENTED_EDGE ( 'NONE', *, *, #3770, .F. ) ;
#2249 = CARTESIAN_POINT ( 'NONE',  ( 34.54983402065155218, -7.700000000000047251, -41.17488881764501230 ) ) ;
#2250 = DIRECTION ( 'NONE',  ( 0.000000000000000000, 0.000000000000000000, -1.000000000000000000 ) ) ;
#2251 = CIRCLE ( 'NONE', #2070, 2.250000000000002220 ) ;
#2252 = CARTESIAN_POINT ( 'NONE',  ( -29.32861665120316985, 40.51206223695552211, 8.989599158641150112 ) ) ;
#2253 = DIRECTION ( 'NONE',  ( 0.000000000000000000, -0.000000000000000000, 1.000000000000000000 ) ) ;
#2254 = CARTESIAN_POINT ( 'NONE',  ( -27.73631419275932330, 38.19999999999999574, 10.55000000002548433 ) ) ;
#2255 = CARTESIAN_POINT ( 'NONE',  ( -25.70244053707147103, 40.77652442411213229, 9.779585984577717994 ) ) ;
#2256 = DIRECTION ( 'NONE',  ( 0.000000000000000000, 0.000000000000000000, 1.000000000000000000 ) ) ;
#2257 = FACE_OUTER_BOUND ( 'NONE', #544, .T. ) ;
#2258 = EDGE_CURVE ( 'NONE', #1093, #1646, #460, .T. ) ;
#2259 = LINE ( 'NONE', #4282, #1748 ) ;
#2260 = EDGE_LOOP ( 'NONE', ( #4907, #941, #3561, #3389 ) ) ;
#2261 = DIRECTION ( 'NONE',  ( 0.000000000000000000, 1.000000000000000000, 0.000000000000000000 ) ) ;
#2262 = ORIENTED_EDGE ( 'NONE', *, *, #3402, .T. ) ;
#2263 = ORIENTED_EDGE ( 'NONE', *, *, #1099, .F. ) ;
#2264 = EDGE_CURVE ( 'NONE', #1617, #3479, #2259, .T. ) ;
#2265 = EDGE_CURVE ( 'NONE', #2415, #546, #3403, .T. ) ;
#2266 = DIRECTION ( 'NONE',  ( 0.000000000000000000, 0.000000000000000000, 1.000000000000000000 ) ) ;
#2267 = ORIENTED_EDGE ( 'NONE', *, *, #2191, .F. ) ;
#2268 = CARTESIAN_POINT ( 'NONE',  ( -28.10124157497726571, 32.27764434577713359, -9.043092862138362165 ) ) ;
#2269 = VERTEX_POINT ( 'NONE', #4724 ) ;
#2270 = CARTESIAN_POINT ( 'NONE',  ( -11.58493919600778987, 44.19499999999999318, 15.37373356768063637 ) ) ;
#2271 = CYLINDRICAL_SURFACE ( 'NONE', #1269, 1.000000000000000000 ) ;
#2272 = CARTESIAN_POINT ( 'NONE',  ( -26.85771467712588390, 32.27119383975956168, -9.044074198456758751 ) ) ;
#2273 = FACE_OUTER_BOUND ( 'NONE', #2289, .T. ) ;
#2274 = CARTESIAN_POINT ( 'NONE',  ( -26.15286140215602728, 41.53707003142493903, 8.502630459587482648 ) ) ;
#2275 = AXIS2_PLACEMENT_3D ( 'NONE', #3531, #1624, #4351 ) ;
#2276 = CARTESIAN_POINT ( 'NONE',  ( -27.97620398782320450, 37.71829090609764989, 10.83324083727997689 ) ) ;
#2277 = EDGE_CURVE ( 'NONE', #4417, #1538, #886, .T. ) ;
#2278 = AXIS2_PLACEMENT_3D ( 'NONE', #4909, #4881, #1775 ) ;
#2279 = LINE ( 'NONE', #781, #2139 ) ;
#2280 = ORIENTED_EDGE ( 'NONE', *, *, #4774, .T. ) ;
#2281 = VECTOR ( 'NONE', #1439, 1000.000000000000114 ) ;
#2282 = DIRECTION ( 'NONE',  ( -1.000000000000000000, 0.000000000000000000, -0.000000000000000000 ) ) ;
#2283 = VERTEX_POINT ( 'NONE', #2090 ) ;
#2284 = CARTESIAN_POINT ( 'NONE',  ( -28.87016174855136086, 40.90228303795110776, 10.36725610186289792 ) ) ;
#2285 = CARTESIAN_POINT ( 'NONE',  ( 39.83431104218668395, -27.70000000000005613, 33.42495570370024183 ) ) ;
#2286 = AXIS2_PLACEMENT_3D ( 'NONE', #1017, #4494, #1042 ) ;
#2287 = ORIENTED_EDGE ( 'NONE', *, *, #2542, .F. ) ;
#2288 = CARTESIAN_POINT ( 'NONE',  ( -29.32861665124388395, 32.18793775837468019, -8.989599158501707876 ) ) ;
#2289 = EDGE_LOOP ( 'NONE', ( #2853, #1720, #939, #18 ) ) ;
#2290 = CARTESIAN_POINT ( 'NONE',  ( -52.52394787142338828, -24.20000000000027640, 17.92999999999990379 ) ) ;
#2291 = EDGE_CURVE ( 'NONE', #3455, #831, #2819, .T. ) ;
#2292 = AXIS2_PLACEMENT_3D ( 'NONE', #2642, #1486, #3023 ) ;
#2293 = AXIS2_PLACEMENT_3D ( 'NONE', #2060, #1716, #3558 ) ;
#2294 = EDGE_CURVE ( 'NONE', #4117, #745, #3196, .T. ) ;
#2295 = CARTESIAN_POINT ( 'NONE',  ( -26.63912367443206364, 32.52421903022698757, -9.340730166768128839 ) ) ;
#2296 = DIRECTION ( 'NONE',  ( 0.000000000000000000, 0.000000000000000000, 1.000000000000000000 ) ) ;
#2297 = CARTESIAN_POINT ( 'NONE',  ( 0.000000000000000000, 34.84999999999999432, 0.000000000000000000 ) ) ;
#2298 = VECTOR ( 'NONE', #3209, 1000.000000000000000 ) ;
#2299 = AXIS2_PLACEMENT_3D ( 'NONE', #91, #1194, #866 ) ;
#2300 = CARTESIAN_POINT ( 'NONE',  ( -28.31324471209034144, 37.84999999999998721, 10.59440440315042053 ) ) ;
#2301 = CARTESIAN_POINT ( 'NONE',  ( 0.000000000000000000, 8.326672684688674053E-14, 0.000000000000000000 ) ) ;
#2302 = ORIENTED_EDGE ( 'NONE', *, *, #2556, .T. ) ;
#2303 = AXIS2_PLACEMENT_3D ( 'NONE', #2780, #876, #3551 ) ;
#2304 = AXIS2_PLACEMENT_3D ( 'NONE', #122, #3136, #1951 ) ;
#2305 = TOROIDAL_SURFACE ( 'NONE', #3291, 30.27500000000000213, 0.3499999999999999778 ) ;
#2306 = ORIENTED_EDGE ( 'NONE', *, *, #1043, .F. ) ;
#2307 = VECTOR ( 'NONE', #4822, 1000.000000000000000 ) ;
#2308 = CARTESIAN_POINT ( 'NONE',  ( -27.73631419281027988, 38.70933866224477526, -9.549999999891518598 ) ) ;
#2309 = CYLINDRICAL_SURFACE ( 'NONE', #4087, 1.000000000000000888 ) ;
#2310 = CARTESIAN_POINT ( 'NONE',  ( 0.000000000000000000, 37.49999999999999289, 0.000000000000000000 ) ) ;
#2311 = VERTEX_POINT ( 'NONE', #2033 ) ;
#2312 = CARTESIAN_POINT ( 'NONE',  ( -28.67098358441289818, 32.88053675563024569, -10.90551811251195247 ) ) ;
#2313 = EDGE_CURVE ( 'NONE', #1375, #40, #2368, .T. ) ;
#2314 = CARTESIAN_POINT ( 'NONE',  ( -28.97567347242573632, 41.16220735077949655, -10.06876122743478419 ) ) ;
#2315 = ORIENTED_EDGE ( 'NONE', *, *, #2236, .F. ) ;
#2316 = CARTESIAN_POINT ( 'NONE',  ( -28.37733470570242389, 34.83618540452781787, 10.38435475289689336 ) ) ;
#2317 = EDGE_LOOP ( 'NONE', ( #1471, #2806, #2349, #660 ) ) ;
#2318 = CARTESIAN_POINT ( 'NONE',  ( -26.15608713109372019, 31.15000000216499032, -8.495610433244785042 ) ) ;
#2319 = PLANE ( 'NONE',  #2971 ) ;
#2320 = CARTESIAN_POINT ( 'NONE',  ( -26.57038439154346321, 32.66877475773775075, 9.429331830802084369 ) ) ;
#2321 = CARTESIAN_POINT ( 'NONE',  ( -28.28268022514370728, 34.23931274790088253, 9.704698409126526926 ) ) ;
#2322 = LINE ( 'NONE', #3138, #1248 ) ;
#2323 = DIRECTION ( 'NONE',  ( 1.000000000000000000, 0.000000000000000000, 3.491481338843133355E-15 ) ) ;
#2324 = ADVANCED_FACE ( 'NONE', ( #3538 ), #4237, .T. ) ;
#2325 = CARTESIAN_POINT ( 'NONE',  ( -28.41659946227845523, 40.55000000000011084, 8.550000000025480773 ) ) ;
#2326 = CARTESIAN_POINT ( 'NONE',  ( -28.73631419275932330, 37.84999999999999432, 10.55000000002548255 ) ) ;
#2327 = ORIENTED_EDGE ( 'NONE', *, *, #1881, .F. ) ;
#2328 = EDGE_LOOP ( 'NONE', ( #421, #2069, #543, #3641 ) ) ;
#2329 = CARTESIAN_POINT ( 'NONE',  ( -27.24468063411517704, 34.35802078885512856, -9.549999999891516822 ) ) ;
#2330 = ORIENTED_EDGE ( 'NONE', *, *, #1696, .T. ) ;
#2331 = B_SPLINE_CURVE_WITH_KNOTS ( 'NONE', 3,
 ( #1706, #3241, #4794, #2855, #1191, #3784 ),
 .UNSPECIFIED., .F., .F.,
 ( 4, 2, 4 ),
 ( -6.548186942958153193E-06, 0.0007464699060778023443, 0.001499487999098562865 ),
 .UNSPECIFIED. ) ;
#2332 = CARTESIAN_POINT ( 'NONE',  ( -28.01577266792407883, 37.75056846217432138, -10.80476469174700505 ) ) ;
#2333 = CARTESIAN_POINT ( 'NONE',  ( -27.93936040376465257, 32.45846275245931167, -9.275195430886315151 ) ) ;
#2334 = EDGE_CURVE ( 'NONE', #3924, #4507, #3100, .T. ) ;
#2335 = ORIENTED_EDGE ( 'NONE', *, *, #1821, .F. ) ;
#2336 = DIRECTION ( 'NONE',  ( 0.000000000000000000, 1.000000000000000000, 0.000000000000000000 ) ) ;
#2337 = ORIENTED_EDGE ( 'NONE', *, *, #349, .F. ) ;
#2338 = DIRECTION ( 'NONE',  ( 0.000000000000000000, 0.000000000000000000, 1.000000000000000000 ) ) ;
#2339 = ORIENTED_EDGE ( 'NONE', *, *, #812, .T. ) ;
#2340 = CARTESIAN_POINT ( 'NONE',  ( -26.14651204773379334, 32.09901790234504659, -8.525176234055413360 ) ) ;
#2341 = FACE_OUTER_BOUND ( 'NONE', #3331, .T. ) ;
#2342 = CARTESIAN_POINT ( 'NONE',  ( 0.000000000000000000, 34.84999999999999432, 29.92500000000000426 ) ) ;
#2343 = CARTESIAN_POINT ( 'NONE',  ( -28.36850804347638544, 37.88590985921556609, -10.25280840906012259 ) ) ;
#2344 = DIRECTION ( 'NONE',  ( 0.000000000000000000, -1.000000000000000000, 0.000000000000000000 ) ) ;
#2345 = AXIS2_PLACEMENT_3D ( 'NONE', #3862, #4201, #747 ) ;
#2346 = CARTESIAN_POINT ( 'NONE',  ( -28.21676522600400006, 37.61974572235143910, 9.550000000025482549 ) ) ;
#2347 = CIRCLE ( 'NONE', #4712, 1.249999999999997558 ) ;
#2348 = CARTESIAN_POINT ( 'NONE',  ( -29.18546796011180433, 33.08970369634194242, 9.550890941165304682 ) ) ;
#2349 = ORIENTED_EDGE ( 'NONE', *, *, #127, .T. ) ;
#2350 = ORIENTED_EDGE ( 'NONE', *, *, #776, .F. ) ;
#2351 = EDGE_CURVE ( 'NONE', #831, #1374, #4251, .T. ) ;
#2352 = CARTESIAN_POINT ( 'NONE',  ( -26.59190200287105910, 40.09177411736030194, 9.401791803920112045 ) ) ;
#2353 = CARTESIAN_POINT ( 'NONE',  ( -28.03890447567873423, 40.37128614051623998, -9.134659044375998960 ) ) ;
#2354 = EDGE_LOOP ( 'NONE', ( #33, #842, #2435, #969 ) ) ;
#2355 = CIRCLE ( 'NONE', #1966, 1.000000000000000888 ) ;
#2356 = CARTESIAN_POINT ( 'NONE',  ( -28.11329628893648902, 32.26214896370459684, -9.026508511320619377 ) ) ;
#2357 = VERTEX_POINT ( 'NONE', #1333 ) ;
#2358 = CARTESIAN_POINT ( 'NONE',  ( -28.77620596769058636, 40.59049046535299965, -10.62541488522476385 ) ) ;
#2359 = ORIENTED_EDGE ( 'NONE', *, *, #1115, .T. ) ;
#2360 = CARTESIAN_POINT ( 'NONE',  ( -28.61084486712518782, 34.71024796916753274, 10.03739264243797713 ) ) ;
#2361 = ORIENTED_EDGE ( 'NONE', *, *, #260, .F. ) ;
#2362 = EDGE_CURVE ( 'NONE', #4563, #64, #1576, .T. ) ;
#2363 = ADVANCED_FACE ( 'NONE', ( #3560 ), #4806, .F. ) ;
#2364 = CARTESIAN_POINT ( 'NONE',  ( -28.67098358425921845, 39.54999999999967741, 10.90551811291597772 ) ) ;
#2365 = CARTESIAN_POINT ( 'NONE',  ( -28.46354532649225177, 34.55827285427290718, -9.846156908312257983 ) ) ;
#2366 = CARTESIAN_POINT ( 'NONE',  ( -26.87180118857542155, 32.26094632372465298, 9.024090387428689297 ) ) ;
#2367 = CARTESIAN_POINT ( 'NONE',  ( 0.000000000000000000, 34.84999999999999432, 0.000000000000000000 ) ) ;
#2368 = CIRCLE ( 'NONE', #3990, 0.3499999999999998668 ) ;
#2369 = DIRECTION ( 'NONE',  ( -0.000000000000000000, -1.000000000000000000, -0.000000000000000000 ) ) ;
#2370 = CIRCLE ( 'NONE', #151, 51.99999999999997868 ) ;
#2371 = CARTESIAN_POINT ( 'NONE',  ( -25.62497659190657018, 40.44458100325082484, -9.980648252281119071 ) ) ;
#2372 = CARTESIAN_POINT ( 'NONE',  ( -28.41659946227845523, 41.55000000000011795, 8.550000000025480773 ) ) ;
#2373 = CARTESIAN_POINT ( 'NONE',  ( -27.83549931063148719, 32.63597993148962217, 9.418028605510901485 ) ) ;
#2375 = EDGE_CURVE ( 'NONE', #3896, #4305, #3921, .T. ) ;
#2374 = AXIS2_PLACEMENT_3D ( 'NONE', #3246, #3971, #2402 ) ;
#2376 = ORIENTED_EDGE ( 'NONE', *, *, #1168, .F. ) ;
#2377 = ORIENTED_EDGE ( 'NONE', *, *, #4918, .F. ) ;
#2378 = CARTESIAN_POINT ( 'NONE',  ( -28.37733470575222228, 34.83618540452606283, -10.38435475275248088 ) ) ;
#2379 = AXIS2_PLACEMENT_3D ( 'NONE', #4844, #3237, #4789 ) ;
#2380 = CARTESIAN_POINT ( 'NONE',  ( 0.000000000000000000, 37.84999999999999432, 30.27500000000000213 ) ) ;
#2381 = CARTESIAN_POINT ( 'NONE',  ( 17.78504745293480127, -17.70000000000004903, 48.86401628086719739 ) ) ;
#2382 = VERTEX_POINT ( 'NONE', #3169 ) ;
#2383 = AXIS2_PLACEMENT_3D ( 'NONE', #2610, #3299, #4933 ) ;
#2384 = VECTOR ( 'NONE', #2682, 1000.000000000000000 ) ;
#2385 = CARTESIAN_POINT ( 'NONE',  ( -28.67098358431188743, 33.01162894481717558, -10.90551811277750005 ) ) ;
#2386 = CARTESIAN_POINT ( 'NONE',  ( -25.54645125843486753, 39.82043887181544051, -10.17982456137685610 ) ) ;
#2387 = EDGE_CURVE ( 'NONE', #4318, #2715, #942, .T. ) ;
#2388 = DIRECTION ( 'NONE',  ( -0.000000000000000000, -1.000000000000000000, -0.000000000000000000 ) ) ;
#2389 = ORIENTED_EDGE ( 'NONE', *, *, #2111, .T. ) ;
#2390 = AXIS2_PLACEMENT_3D ( 'NONE', #2158, #4903, #2975 ) ;
#2391 = CARTESIAN_POINT ( 'NONE',  ( -28.69299274114426268, 32.61188527976861451, -10.84808330517244812 ) ) ;
#2392 = CARTESIAN_POINT ( 'NONE',  ( -29.09179604129825591, 41.35955733805399603, -9.728279599932958988 ) ) ;
#2393 = ORIENTED_EDGE ( 'NONE', *, *, #2294, .T. ) ;
#2394 = CARTESIAN_POINT ( 'NONE',  ( -28.72249959728715041, 34.49102051294308069, 10.38435475289689336 ) ) ;
#2395 = ORIENTED_EDGE ( 'NONE', *, *, #4213, .T. ) ;
#2396 = FACE_OUTER_BOUND ( 'NONE', #181, .T. ) ;
#2397 = CARTESIAN_POINT ( 'NONE',  ( -41.50000000000009237, 3.174999999999999822, 0.000000000000000000 ) ) ;
#2398 = ADVANCED_FACE ( 'NONE', ( #1983 ), #4115, .T. ) ;
#2399 = CARTESIAN_POINT ( 'NONE',  ( -28.67802396392758624, 34.78641134687102721, -10.16363723189292401 ) ) ;
#2400 = CARTESIAN_POINT ( 'NONE',  ( -25.83276510671157311, 31.54751031020005314, -9.431557398342601317 ) ) ;
#2401 = DIRECTION ( 'NONE',  ( 1.000000000000000000, 0.000000000000000000, 0.000000000000000000 ) ) ;
#2402 = DIRECTION ( 'NONE',  ( 0.000000000000000000, 0.000000000000000000, -1.000000000000000000 ) ) ;
#2403 = DIRECTION ( 'NONE',  ( 0.000000000000000000, -1.000000000000000000, 0.000000000000000000 ) ) ;
#2404 = DIRECTION ( 'NONE',  ( 0.000000000000000000, 1.000000000000000000, 0.000000000000000000 ) ) ;
#2405 = DIRECTION ( 'NONE',  ( -0.4545194776720422603, -0.7071067811865510144, 0.5416752204196985110 ) ) ;
#2406 = ORIENTED_EDGE ( 'NONE', *, *, #2074, .T. ) ;
#2407 = VERTEX_POINT ( 'NONE', #1412 ) ;
#2408 = CARTESIAN_POINT ( 'NONE',  ( -28.07129757024650729, 34.91655549417019699, -10.76506986150491052 ) ) ;
#2409 = CARTESIAN_POINT ( 'NONE',  ( -28.67098358678111225, 39.68585894564407113, -10.90551810628582707 ) ) ;
#2410 = VERTEX_POINT ( 'NONE', #4416 ) ;
#2411 = ORIENTED_EDGE ( 'NONE', *, *, #1350, .F. ) ;
#2412 = CARTESIAN_POINT ( 'NONE',  ( -28.67669264031937004, 32.87352917083613590, -10.89054108606151061 ) ) ;
#2413 = CARTESIAN_POINT ( 'NONE',  ( -25.54645125846595732, 39.55000000000011084, -10.17982456129883495 ) ) ;
#2414 = DIRECTION ( 'NONE',  ( 0.000000000000000000, 0.000000000000000000, 1.000000000000000000 ) ) ;
#2415 = VERTEX_POINT ( 'NONE', #2976 ) ;
#2416 = CARTESIAN_POINT ( 'NONE',  ( -28.77809554128927871, 32.12727691095192739, -10.61995944069670017 ) ) ;
#2417 = ORIENTED_EDGE ( 'NONE', *, *, #2147, .F. ) ;
#2418 = VERTEX_POINT ( 'NONE', #4468 ) ;
#2419 = ADVANCED_FACE ( 'NONE', ( #3303, #683 ), #4878, .F. ) ;
#2420 = EDGE_CURVE ( 'NONE', #3073, #469, #3671, .T. ) ;
#2421 = CARTESIAN_POINT ( 'NONE',  ( -27.75760585551210369, 39.81905735763628229, 9.522218778725127564 ) ) ;
#2422 = CARTESIAN_POINT ( 'NONE',  ( -27.93923883006370090, 34.12035714561030630, -9.550059449410101209 ) ) ;
#2423 = CARTESIAN_POINT ( 'NONE',  ( -25.58639687966761045, 32.49900523723219692, -10.07914009550740708 ) ) ;
#2424 = CARTESIAN_POINT ( 'NONE',  ( -28.41659946231876077, 40.55000000000011084, -8.549999999891516822 ) ) ;
#2425 = LINE ( 'NONE', #4666, #3107 ) ;
#2426 = FACE_OUTER_BOUND ( 'NONE', #2161, .T. ) ;
#2427 = LINE ( 'NONE', #3248, #4756 ) ;
#2428 = CARTESIAN_POINT ( 'NONE',  ( -27.73631419275932330, 33.14999999533011277, 9.550000000025482549 ) ) ;
#2429 = ORIENTED_EDGE ( 'NONE', *, *, #2057, .F. ) ;
#2430 = VERTEX_POINT ( 'NONE', #4049 ) ;
#2431 = CARTESIAN_POINT ( 'NONE',  ( -28.31178645064661126, 34.89541476665979758, -9.549999999891516822 ) ) ;
#2432 = ADVANCED_FACE ( 'NONE', ( #3742 ), #3347, .F. ) ;
#2433 = CARTESIAN_POINT ( 'NONE',  ( -28.67098358431189098, 39.55000000000011084, -10.90551811277750183 ) ) ;
#2434 = ADVANCED_FACE ( 'NONE', ( #2510 ), #2132, .F. ) ;
#2435 = ORIENTED_EDGE ( 'NONE', *, *, #3302, .F. ) ;
#2436 = CARTESIAN_POINT ( 'NONE',  ( -28.25989302465302444, 37.46490708756265775, -9.549999999891516822 ) ) ;
#2437 = CARTESIAN_POINT ( 'NONE',  ( -26.55901628114859392, 40.00308548077118331, -9.443940504528610447 ) ) ;
#2438 = DIRECTION ( 'NONE',  ( 0.000000000000000000, 0.000000000000000000, 1.000000000000000000 ) ) ;
#2439 = ORIENTED_EDGE ( 'NONE', *, *, #2029, .F. ) ;
#2440 = B_SPLINE_CURVE_WITH_KNOTS ( 'NONE', 3,
 ( #593, #2119, #3654, #2167, #4064, #1753, #3288, #4453 ),
 .UNSPECIFIED., .F., .F.,
 ( 4, 2, 2, 4 ),
 ( 1.734723475976806902E-18, 0.0003907850135744698832, 0.0005861775203617039303, 0.0007815700271489380317 ),
 .UNSPECIFIED. ) ;
#2441 = AXIS2_PLACEMENT_3D ( 'NONE', #3614, #2892, #2507 ) ;
#2442 = VERTEX_POINT ( 'NONE', #990 ) ;
#2443 = ORIENTED_EDGE ( 'NONE', *, *, #1834, .T. ) ;
#2444 = LINE ( 'NONE', #573, #4650 ) ;
#2445 = AXIS2_PLACEMENT_3D ( 'NONE', #841, #94, #490 ) ;
#2446 = FACE_OUTER_BOUND ( 'NONE', #132, .T. ) ;
#2447 = CARTESIAN_POINT ( 'NONE',  ( -29.18657898715390431, 39.55000000000001137, 9.550000000025480773 ) ) ;
#2448 = CARTESIAN_POINT ( 'NONE',  ( -28.73169868233617308, 34.49699991819182543, -10.43912241749692527 ) ) ;
#2449 = EDGE_CURVE ( 'NONE', #2112, #912, #307, .T. ) ;
#2450 = CARTESIAN_POINT ( 'NONE',  ( -15.37373356800737412, 44.19499999999999318, -10.33493919631942859 ) ) ;
#2451 = CARTESIAN_POINT ( 'NONE',  ( -26.47541312235679456, 0.000000000000000000, 9.550000000025482549 ) ) ;
#2452 = CARTESIAN_POINT ( 'NONE',  ( -49.15710248784005643, 3.174999999999999822, -17.92999999999992866 ) ) ;
#2453 = DIRECTION ( 'NONE',  ( 0.000000000000000000, 0.000000000000000000, 1.000000000000000000 ) ) ;
#2454 = VECTOR ( 'NONE', #3803, 1000.000000000000000 ) ;
#2455 = DIRECTION ( 'NONE',  ( -0.000000000000000000, -1.000000000000000000, -0.000000000000000000 ) ) ;
#2456 = ORIENTED_EDGE ( 'NONE', *, *, #3009, .T. ) ;
#2457 = ORIENTED_EDGE ( 'NONE', *, *, #3580, .F. ) ;
#2458 = PLANE ( 'NONE',  #4559 ) ;
#2459 = AXIS2_PLACEMENT_3D ( 'NONE', #3915, #2401, #4773 ) ;
#2460 = AXIS2_PLACEMENT_3D ( 'NONE', #910, #4331, #2032 ) ;
#2461 = CIRCLE ( 'NONE', #1830, 0.3499999999999996447 ) ;
#2462 = AXIS2_PLACEMENT_3D ( 'NONE', #1213, #3546, #1969 ) ;
#2463 = VERTEX_POINT ( 'NONE', #3374 ) ;
#2464 = FACE_OUTER_BOUND ( 'NONE', #4183, .T. ) ;
#2465 = CARTESIAN_POINT ( 'NONE',  ( -25.54645125838361963, 32.87956112351505311, 10.17982456150546966 ) ) ;
#2466 = AXIS2_PLACEMENT_3D ( 'NONE', #4803, #189, #934 ) ;
#2467 = CARTESIAN_POINT ( 'NONE',  ( -26.93238062399023036, 37.68248360480379233, -9.549999999891516822 ) ) ;
#2468 = CARTESIAN_POINT ( 'NONE',  ( -26.93238062393996657, 35.01751639519546444, 9.550000000025482549 ) ) ;
#2469 = DIRECTION ( 'NONE',  ( 0.000000000000000000, 0.000000000000000000, 1.000000000000000000 ) ) ;
#2470 = ORIENTED_EDGE ( 'NONE', *, *, #4344, .F. ) ;
#2471 = ORIENTED_EDGE ( 'NONE', *, *, #3163, .T. ) ;
#2472 = ORIENTED_EDGE ( 'NONE', *, *, #2977, .F. ) ;
#2473 = DIRECTION ( 'NONE',  ( 0.000000000000000000, -1.000000000000000000, 0.000000000000000000 ) ) ;
#2474 = PRESENTATION_LAYER_ASSIGNMENT (  '', '', ( #4664 ) ) ;
#2475 = EDGE_CURVE ( 'NONE', #2114, #367, #1503, .T. ) ;
#2476 = CARTESIAN_POINT ( 'NONE',  ( -28.72249959733634839, 34.49102051294194382, -10.38435475275248265 ) ) ;
#2477 = AXIS2_PLACEMENT_3D ( 'NONE', #773, #3135, #4688 ) ;
#2478 = CARTESIAN_POINT ( 'NONE',  ( -28.61084486717211206, 34.71024796916312738, -10.03739264229714223 ) ) ;
#2479 = CARTESIAN_POINT ( 'NONE',  ( -26.47541312241017764, 33.14999999533011277, -10.54999999989151860 ) ) ;
#2480 = CARTESIAN_POINT ( 'NONE',  ( 51.99999999999997868, -27.70000000000005969, 1.846120757913306020E-13 ) ) ;
#2481 = CARTESIAN_POINT ( 'NONE',  ( -29.29428746540895290, 31.16212767096202541, 9.100468526418525883 ) ) ;
#2482 = CARTESIAN_POINT ( 'NONE',  ( -25.79998389342348375, 41.06199998203303636, -9.519449038400077612 ) ) ;
#2483 = DIRECTION ( 'NONE',  ( -0.000000000000000000, -1.000000000000000000, -0.000000000000000000 ) ) ;
#2484 = CARTESIAN_POINT ( 'NONE',  ( 3.707618184418612290E-15, 37.49999999999999289, -30.27500000000000213 ) ) ;
#2485 = DIRECTION ( 'NONE',  ( 0.000000000000000000, 0.000000000000000000, 1.000000000000000000 ) ) ;
#2486 = VERTEX_POINT ( 'NONE', #4906 ) ;
#2487 = ORIENTED_EDGE ( 'NONE', *, *, #142, .F. ) ;
#2488 = CARTESIAN_POINT ( 'NONE',  ( 0.000000000000000000, 40.55000000000011084, 0.000000000000000000 ) ) ;
#2489 = DIRECTION ( 'NONE',  ( -0.000000000000000000, -1.000000000000000000, -0.000000000000000000 ) ) ;
#2490 = ADVANCED_FACE ( 'NONE', ( #4832 ), #4936, .T. ) ;
#2491 = DIRECTION ( 'NONE',  ( -0.000000000000000000, 1.000000000000000000, -0.000000000000000000 ) ) ;
#2492 = EDGE_LOOP ( 'NONE', ( #1247, #976 ) ) ;
#2493 = CYLINDRICAL_SURFACE ( 'NONE', #3606, 2.250000000000001776 ) ;
#2494 = CARTESIAN_POINT ( 'NONE',  ( -26.00122586002662217, 32.20998604290277001, 8.967162503106703042 ) ) ;
#2495 = VECTOR ( 'NONE', #697, 1000.000000000000000 ) ;
#2496 = CARTESIAN_POINT ( 'NONE',  ( -26.93238060406634560, 37.49999999999999289, -9.549999999891518598 ) ) ;
#2497 = FACE_BOUND ( 'NONE', #3675, .T. ) ;
#2498 = ORIENTED_EDGE ( 'NONE', *, *, #1821, .T. ) ;
#2499 = VERTEX_POINT ( 'NONE', #4028 ) ;
#2500 = CARTESIAN_POINT ( 'NONE',  ( -28.78136009794894434, 40.58705870508696023, 10.61111892100753451 ) ) ;
#2501 = CARTESIAN_POINT ( 'NONE',  ( 3.756604056384505718E-15, 45.71999999999999176, 30.67500000000000071 ) ) ;
#2502 = CARTESIAN_POINT ( 'NONE',  ( 2.755455298081542806E-16, 0.000000000000000000, 43.74999999999987210 ) ) ;
#2503 = EDGE_CURVE ( 'NONE', #4811, #3144, #4731, .T. ) ;
#2504 = DIRECTION ( 'NONE',  ( -0.000000000000000000, 1.000000000000000000, -0.000000000000000000 ) ) ;
#2505 = CARTESIAN_POINT ( 'NONE',  ( -28.38631419275932544, 34.84999999999999432, 10.55000000002548433 ) ) ;
#2506 = LINE ( 'NONE', #1326, #79 ) ;
#2507 = DIRECTION ( 'NONE',  ( 0.000000000000000000, 0.000000000000000000, 1.000000000000000000 ) ) ;
#2508 = DIRECTION ( 'NONE',  ( 0.000000000000000000, 1.000000000000000000, 0.000000000000000000 ) ) ;
#2509 = DIRECTION ( 'NONE',  ( 0.000000000000000000, 0.000000000000000000, -1.000000000000000000 ) ) ;
#2510 = FACE_OUTER_BOUND ( 'NONE', #1525, .T. ) ;
#2511 = VERTEX_POINT ( 'NONE', #1364 ) ;
#2512 = ORIENTED_EDGE ( 'NONE', *, *, #1216, .T. ) ;
#2513 = CARTESIAN_POINT ( 'NONE',  ( 0.000000000000000000, -17.70000000000004903, 0.000000000000000000 ) ) ;
#2514 = CARTESIAN_POINT ( 'NONE',  ( -29.32921799682589992, 40.51256279597020438, -8.987600539199171124 ) ) ;
#2515 = CARTESIAN_POINT ( 'NONE',  ( -28.71328176504749408, 37.87303242776278722, -10.32947547416380729 ) ) ;
#2516 = EDGE_CURVE ( 'NONE', #1646, #51, #2899, .T. ) ;
#2517 = EDGE_LOOP ( 'NONE', ( #1455, #4531, #1633, #4642 ) ) ;
#2518 = ADVANCED_FACE ( 'NONE', ( #738 ), #46, .T. ) ;
#2519 = CARTESIAN_POINT ( 'NONE',  ( -28.37733470575221162, 37.84999999999998721, -9.549999999891516822 ) ) ;
#2520 = CARTESIAN_POINT ( 'NONE',  ( -28.24866005637282740, 34.85862271631761899, 10.63958306956964783 ) ) ;
#2521 = CIRCLE ( 'NONE', #363, 1.249999999999997558 ) ;
#2522 = CARTESIAN_POINT ( 'NONE',  ( -28.67098358431189098, 44.04499999999999460, -10.90551811277750005 ) ) ;
#2523 = ORIENTED_EDGE ( 'NONE', *, *, #2717, .T. ) ;
#2524 = CARTESIAN_POINT ( 'NONE',  ( -25.95030806825478820, 31.35073795986372147, 9.102015266585334885 ) ) ;
#2525 = VECTOR ( 'NONE', #1007, 1000.000000000000000 ) ;
#2526 = EDGE_LOOP ( 'NONE', ( #666, #1562, #821, #3721 ) ) ;
#2527 = DIRECTION ( 'NONE',  ( 0.000000000000000000, 0.000000000000000000, -1.000000000000000000 ) ) ;
#2528 = VECTOR ( 'NONE', #336, 1000.000000000000000 ) ;
#2529 = CARTESIAN_POINT ( 'NONE',  ( 0.000000000000000000, 37.49999999999999289, 30.27500000000000213 ) ) ;
#2530 = DIRECTION ( 'NONE',  ( 0.000000000000000000, 0.000000000000000000, 1.000000000000000000 ) ) ;
#2531 = DIRECTION ( 'NONE',  ( 1.000000000000000000, 0.000000000000000000, 1.776356839400250465E-15 ) ) ;
#2532 = DIRECTION ( 'NONE',  ( 0.000000000000000000, -0.000000000000000000, -1.000000000000000000 ) ) ;
#2533 = CARTESIAN_POINT ( 'NONE',  ( -28.24876066081041870, 38.11758815529215383, 9.849646739162775333 ) ) ;
#2534 = DIRECTION ( 'NONE',  ( 0.000000000000000000, -0.000000000000000000, -1.000000000000000000 ) ) ;
#2535 = CARTESIAN_POINT ( 'NONE',  ( 50.50847836724262407, -17.70000000000004903, -18.38358270375455206 ) ) ;
#2536 = CARTESIAN_POINT ( 'NONE',  ( -28.11330727981453492, 32.26224284762774630, 9.026470780649473724 ) ) ;
#2537 =( BOUNDED_SURFACE ( )  B_SPLINE_SURFACE ( 3, 2, ( 
 ( #3372, #4107, #4856 ),
 ( #3396, #3697, #4902 ),
 ( #4876, #3300, #4078 ),
 ( #2921, #3718, #1110 ),
 ( #4935, #3740, #1483 ),
 ( #1411, #1791, #1769 ),
 ( #2232, #2131, #1083 ),
 ( #1811, #2611, #4159 ),
 ( #3669, #681, #2157 ),
 ( #4047, #310, #3020 ),
 ( #339, #4517, #1385 ),
 ( #4491, #285, #1863 ) ),
 .UNSPECIFIED., .F., .F., .F. ) 
 B_SPLINE_SURFACE_WITH_KNOTS ( ( 4, 2, 2, 2, 2, 4 ),
 ( 3, 3 ),
 ( 0.001275672881794603529, 0.001678468105227193946, 0.002081263328659784147, 0.002886853775524964982, 0.003692444222390145817, 0.004498034669255326218 ),
 ( 0.000000000000000000, 1.000000000000000000 ),
 .UNSPECIFIED. ) 
 GEOMETRIC_REPRESENTATION_ITEM ( )  RATIONAL_B_SPLINE_SURFACE ( (
 ( 1.000000000000000000, 0.8277002593322611013, 1.000000000000000000),
 ( 1.000000000000000000, 0.8276972213102896658, 1.000000000000000000),
 ( 1.000000000000000000, 0.8267832134173026537, 1.000000000000000000),
 ( 1.000000000000000000, 0.8232230705920328129, 1.000000000000000000),
 ( 1.000000000000000000, 0.8205304237661643629, 1.000000000000000000),
 ( 1.000000000000000000, 0.8102392180688374745, 1.000000000000000000),
 ( 1.000000000000000000, 0.8002389909533602630, 1.000000000000000000),
 ( 1.000000000000000000, 0.7767707223120303706, 1.000000000000000000),
 ( 1.000000000000000000, 0.7631362794029287189, 1.000000000000000000),
 ( 1.000000000000000000, 0.7351883547780887485, 1.000000000000000000),
 ( 1.000000000000000000, 0.7205902185519382774, 1.000000000000000000),
 ( 1.000000000000000000, 0.7071067811865475727, 1.000000000000000000) ) ) 
 REPRESENTATION_ITEM ( '' )  SURFACE ( )  );
#2538 = CARTESIAN_POINT ( 'NONE',  ( -29.34493141924177095, 3.174999999999999822, -29.34493141924177095 ) ) ;
#2539 = ORIENTED_EDGE ( 'NONE', *, *, #622, .T. ) ;
#2540 = CARTESIAN_POINT ( 'NONE',  ( -29.34493141924177095, 0.000000000000000000, 31.59493141924155069 ) ) ;
#2541 = CARTESIAN_POINT ( 'NONE',  ( -29.28750737781220792, 40.44060673087084723, -9.124617142459054975 ) ) ;
#2542 = EDGE_CURVE ( 'NONE', #4588, #4605, #4594, .T. ) ;
#2543 = CIRCLE ( 'NONE', #380, 55.49999999999997868 ) ;
#2544 = EDGE_CURVE ( 'NONE', #2793, #4146, #4939, .T. ) ;
#2545 = CARTESIAN_POINT ( 'NONE',  ( 0.000000000000000000, 37.84999999999999432, 0.000000000000000000 ) ) ;
#2546 = ORIENTED_EDGE ( 'NONE', *, *, #3069, .T. ) ;
#2547 = CIRCLE ( 'NONE', #1828, 51.99999999999997868 ) ;
#2548 = CIRCLE ( 'NONE', #709, 55.49999999999997868 ) ;
#2549 = CIRCLE ( 'NONE', #3997, 53.75000000000000000 ) ;
#2550 = CARTESIAN_POINT ( 'NONE',  ( -27.86349143144217066, 35.15268943633423504, 10.91473638023149206 ) ) ;
#2551 = DIRECTION ( 'NONE',  ( 1.000000000000000000, 0.000000000000000000, 0.000000000000000000 ) ) ;
#2552 = ORIENTED_EDGE ( 'NONE', *, *, #2825, .T. ) ;
#2553 = CIRCLE ( 'NONE', #783, 51.99999999999999289 ) ;
#2554 = ORIENTED_EDGE ( 'NONE', *, *, #1350, .T. ) ;
#2555 = AXIS2_PLACEMENT_3D ( 'NONE', #1545, #3060, #4150 ) ;
#2556 = EDGE_CURVE ( 'NONE', #2882, #519, #3466, .T. ) ;
#2557 = DIRECTION ( 'NONE',  ( 0.000000000000000000, 1.000000000000000000, 0.000000000000000000 ) ) ;
#2558 = CARTESIAN_POINT ( 'NONE',  ( 0.000000000000000000, -27.70000000000005969, 52.00000000000017764 ) ) ;
#2559 = AXIS2_PLACEMENT_3D ( 'NONE', #625, #235, #674 ) ;
#2560 = CARTESIAN_POINT ( 'NONE',  ( -28.71328176499941875, 34.82696757224008621, 10.32947547431134616 ) ) ;
#2561 = DIRECTION ( 'NONE',  ( 1.000000000000000000, -0.000000000000000000, -0.000000000000000000 ) ) ;
#2562 = CIRCLE ( 'NONE', #1921, 27.50000000000000000 ) ;
#2563 = CARTESIAN_POINT ( 'NONE',  ( -28.29189585448223454, 38.04341368418554481, 9.940908325171214699 ) ) ;
#2564 = EDGE_CURVE ( 'NONE', #40, #831, #3643, .T. ) ;
#2565 = CARTESIAN_POINT ( 'NONE',  ( -28.37733470570240968, 34.84999999999999432, 10.55000000002548433 ) ) ;
#2566 = CARTESIAN_POINT ( 'NONE',  ( 0.000000000000000000, 3.174999999999999822, -52.32500000000008100 ) ) ;
#2567 = CARTESIAN_POINT ( 'NONE',  ( 0.000000000000000000, 0.000000000000000000, 27.50000000000000000 ) ) ;
#2568 = CARTESIAN_POINT ( 'NONE',  ( -29.04795799415320090, 31.39310392086321144, 9.860969274808173424 ) ) ;
#2569 = VECTOR ( 'NONE', #222, 1000.000000000000000 ) ;
#2570 = VERTEX_POINT ( 'NONE', #3068 ) ;
#2571 = CYLINDRICAL_SURFACE ( 'NONE', #1053, 2.250000000000001776 ) ;
#2572 = CARTESIAN_POINT ( 'NONE',  ( -28.02440069290949509, 40.35636621870357033, -9.155510310855348166 ) ) ;
#2573 = ADVANCED_FACE ( 'NONE', ( #1952 ), #4075, .T. ) ;
#2574 = DIRECTION ( 'NONE',  ( 0.000000000000000000, 1.000000000000000000, 0.000000000000000000 ) ) ;
#2575 = ORIENTED_EDGE ( 'NONE', *, *, #30, .F. ) ;
#2576 = PLANE ( 'NONE',  #1271 ) ;
#2577 = ORIENTED_EDGE ( 'NONE', *, *, #4213, .F. ) ;
#2578 = ORIENTED_EDGE ( 'NONE', *, *, #1304, .F. ) ;
#2579 = CARTESIAN_POINT ( 'NONE',  ( -26.47541312235679456, 33.14999999533011277, 10.55000000002548433 ) ) ;
#2580 = CARTESIAN_POINT ( 'NONE',  ( -28.70040407532214033, 38.22334167307216291, 10.25280687183754935 ) ) ;
#2581 = CARTESIAN_POINT ( 'NONE',  ( -28.33887902721725993, 32.14999999533010566, -8.679154997153691653 ) ) ;
#2582 = ADVANCED_FACE ( 'NONE', ( #341 ), #3423, .F. ) ;
#2583 = EDGE_CURVE ( 'NONE', #4994, #4672, #4612, .T. ) ;
#2584 = CARTESIAN_POINT ( 'NONE',  ( -22.00000000000000000, 32.14999999533010566, 0.000000000000000000 ) ) ;
#2585 = CARTESIAN_POINT ( 'NONE',  ( -28.37733470570240968, 37.86381459547216366, 10.38435475289689691 ) ) ;
#2586 = LINE ( 'NONE', #4490, #2883 ) ;
#2587 = FACE_OUTER_BOUND ( 'NONE', #388, .T. ) ;
#2588 = DIRECTION ( 'NONE',  ( 0.000000000000000000, 1.000000000000000000, 0.000000000000000000 ) ) ;
#2589 = CARTESIAN_POINT ( 'NONE',  ( -29.37419337844622547, 32.14999999533009856, 8.838121314263913675 ) ) ;
#2590 = ORIENTED_EDGE ( 'NONE', *, *, #2291, .T. ) ;
#2591 = DIRECTION ( 'NONE',  ( -0.000000000000000000, -1.000000000000000000, -0.000000000000000000 ) ) ;
#2592 = CARTESIAN_POINT ( 'NONE',  ( -28.73631419275932330, 38.19999999999999574, 10.55000000002548433 ) ) ;
#2593 = CARTESIAN_POINT ( 'NONE',  ( 29.34493141924177095, 3.174999999999999822, 29.34493141924154713 ) ) ;
#2594 = ADVANCED_FACE ( 'NONE', ( #4229 ), #774, .T. ) ;
#2595 = ORIENTED_EDGE ( 'NONE', *, *, #837, .T. ) ;
#2596 = EDGE_CURVE ( 'NONE', #315, #4400, #1657, .T. ) ;
#2597 = DIRECTION ( 'NONE',  ( 0.000000000000000000, -1.000000000000000000, 0.000000000000000000 ) ) ;
#2598 = CARTESIAN_POINT ( 'NONE',  ( -28.01012798202604515, 33.88325904949424228, 9.550000000025482549 ) ) ;
#2599 = CARTESIAN_POINT ( 'NONE',  ( -27.08474367201801769, 38.11535919902003400, -9.549999999891520375 ) ) ;
#2600 = ORIENTED_EDGE ( 'NONE', *, *, #4524, .T. ) ;
#2601 = CARTESIAN_POINT ( 'NONE',  ( -25.56744451961797537, 32.61832066333437297, 10.12752883098066192 ) ) ;
#2602 = VERTEX_POINT ( 'NONE', #4959 ) ;
#2603 = DIRECTION ( 'NONE',  ( 0.1634184524881993339, -0.1634184524881993339, 0.9729279617591040097 ) ) ;
#2604 = VECTOR ( 'NONE', #3003, 1000.000000000000000 ) ;
#2605 = CARTESIAN_POINT ( 'NONE',  ( -28.07565658175678536, 38.36527993693329819, 9.626420972735495241 ) ) ;
#2606 = CARTESIAN_POINT ( 'NONE',  ( -27.99107960613547519, 32.38927853879773266, -9.202344187996734703 ) ) ;
#2607 = ORIENTED_EDGE ( 'NONE', *, *, #2785, .T. ) ;
#2608 = DIRECTION ( 'NONE',  ( -0.000000000000000000, 0.000000000000000000, -1.000000000000000000 ) ) ;
#2609 = CARTESIAN_POINT ( 'NONE',  ( 3.713741418414348574E-15, 38.19999999999999574, -30.32500000000000284 ) ) ;
#2610 = CARTESIAN_POINT ( 'NONE',  ( -15.37373356800737412, 47.21999999999999176, -11.58493919631943037 ) ) ;
#2611 = CARTESIAN_POINT ( 'NONE',  ( -26.00030811111741968, 40.49918940085738939, 8.970706660839125490 ) ) ;
#2612 = CARTESIAN_POINT ( 'NONE',  ( 0.000000000000000000, 37.84999999999999432, 30.32500000000000284 ) ) ;
#2613 = EDGE_CURVE ( 'NONE', #2499, #2885, #3106, .T. ) ;
#2614 = CARTESIAN_POINT ( 'NONE',  ( -27.85133649075283202, 34.03844757210391236, 9.550000000025482549 ) ) ;
#2615 = AXIS2_PLACEMENT_3D ( 'NONE', #4748, #1687, #3998 ) ;
#2616 = ORIENTED_EDGE ( 'NONE', *, *, #1118, .T. ) ;
#2617 = DIRECTION ( 'NONE',  ( 3.469446951953611033E-15, 0.000000000000000000, 1.000000000000000000 ) ) ;
#2618 = FACE_BOUND ( 'NONE', #2726, .T. ) ;
#2619 = CARTESIAN_POINT ( 'NONE',  ( -26.74277739009645316, 32.38860283691555253, 9.201555008189071572 ) ) ;
#2620 = DIRECTION ( 'NONE',  ( 0.000000000000000000, 0.000000000000000000, 1.000000000000000000 ) ) ;
#2621 = CARTESIAN_POINT ( 'NONE',  ( -28.73631419198139980, 37.85000000082888505, -10.47505693680006544 ) ) ;
#2622 = ORIENTED_EDGE ( 'NONE', *, *, #667, .T. ) ;
#2623 = EDGE_LOOP ( 'NONE', ( #1866, #2144, #4767, #2135 ) ) ;
#2624 = ADVANCED_FACE ( 'NONE', ( #4189 ), #159, .T. ) ;
#2625 = CARTESIAN_POINT ( 'NONE',  ( -27.29982762875355107, 38.43265228599000238, -9.549999999891515046 ) ) ;
#2626 = ORIENTED_EDGE ( 'NONE', *, *, #3203, .T. ) ;
#2627 = VECTOR ( 'NONE', #50, 1000.000000000000000 ) ;
#2628 = EDGE_LOOP ( 'NONE', ( #977, #413, #2748, #2600, #3788, #1468 ) ) ;
#2629 = CIRCLE ( 'NONE', #386, 0.3499999999999997002 ) ;
#2630 = CARTESIAN_POINT ( 'NONE',  ( -29.34493141924177095, 3.174999999999999822, -31.59493141924177451 ) ) ;
#2631 = AXIS2_PLACEMENT_3D ( 'NONE', #4843, #1724, #4035 ) ;
#2632 = ORIENTED_EDGE ( 'NONE', *, *, #3022, .F. ) ;
#2633 = CARTESIAN_POINT ( 'NONE',  ( -28.13961787767921763, 32.24785733175748703, -8.986247742739854161 ) ) ;
#2634 = ORIENTED_EDGE ( 'NONE', *, *, #602, .F. ) ;
#2635 = CYLINDRICAL_SURFACE ( 'NONE', #3, 53.75000000000000000 ) ;
#2636 = AXIS2_PLACEMENT_3D ( 'NONE', #4396, #645, #296 ) ;
#2637 = CARTESIAN_POINT ( 'NONE',  ( 0.000000000000000000, 38.19999999999999574, 0.000000000000000000 ) ) ;
#2638 = ADVANCED_FACE ( 'NONE', ( #4691 ), #4299, .F. ) ;
#2639 = CARTESIAN_POINT ( 'NONE',  ( -28.41659946227845523, 40.55000000000011084, 8.550000000025482549 ) ) ;
#2640 = CARTESIAN_POINT ( 'NONE',  ( -26.47541312241017408, 33.14999999533011277, -9.549999999891518598 ) ) ;
#2641 = CARTESIAN_POINT ( 'NONE',  ( -29.34493141924177095, 0.000000000000000000, 27.09493141924155069 ) ) ;
#2642 = CARTESIAN_POINT ( 'NONE',  ( -28.34384929723425373, 38.19999999999999574, 10.78108677340430077 ) ) ;
#2643 = AXIS2_PLACEMENT_3D ( 'NONE', #1434, #2508, #4158 ) ;
#2644 = CARTESIAN_POINT ( 'NONE',  ( -28.38631419281028201, 34.84999999999999432, -10.54999999989151682 ) ) ;
#2645 = AXIS2_PLACEMENT_3D ( 'NONE', #657, #4541, #2178 ) ;
#2646 = FACE_OUTER_BOUND ( 'NONE', #4182, .T. ) ;
#2647 = DIRECTION ( 'NONE',  ( 0.000000000000000000, 0.000000000000000000, 1.000000000000000000 ) ) ;
#2648 = VECTOR ( 'NONE', #3368, 1000.000000000000000 ) ;
#2649 = DIRECTION ( 'NONE',  ( -0.000000000000000000, 1.000000000000000000, -0.000000000000000000 ) ) ;
#2650 = EDGE_LOOP ( 'NONE', ( #2575, #4618, #4349, #3211 ) ) ;
#2651 = EDGE_CURVE ( 'NONE', #1879, #133, #1685, .T. ) ;
#2652 = ADVANCED_FACE ( 'NONE', ( #2004 ), #3585, .F. ) ;
#2653 = DIRECTION ( 'NONE',  ( 0.2881213142339192901, -3.380825840923353025E-16, -0.9575939161691240376 ) ) ;
#2654 = ORIENTED_EDGE ( 'NONE', *, *, #3798, .F. ) ;
#2655 = ADVANCED_FACE ( 'NONE', ( #553 ), #198, .T. ) ;
#2656 = ORIENTED_EDGE ( 'NONE', *, *, #2825, .F. ) ;
#2657 = DIRECTION ( 'NONE',  ( -0.000000000000000000, 1.000000000000000000, -0.000000000000000000 ) ) ;
#2658 = ORIENTED_EDGE ( 'NONE', *, *, #1140, .T. ) ;
#2659 = ORIENTED_EDGE ( 'NONE', *, *, #615, .T. ) ;
#2660 = PLANE ( 'NONE',  #968 ) ;
#2661 = EDGE_CURVE ( 'NONE', #3092, #696, #1959, .T. ) ;
#2662 = TOROIDAL_SURFACE ( 'NONE', #3139, 30.27500000000000213, 0.3499999999999999778 ) ;
#2663 = CARTESIAN_POINT ( 'NONE',  ( -26.77765550341071688, 32.34304709407552991, -9.154717312568221743 ) ) ;
#2664 = CARTESIAN_POINT ( 'NONE',  ( -27.73631419281027632, 33.99066133775521337, -9.549999999891516822 ) ) ;
#2665 = DIRECTION ( 'NONE',  ( 0.000000000000000000, 1.000000000000000000, 0.000000000000000000 ) ) ;
#2666 = DIRECTION ( 'NONE',  ( 0.000000000000000000, 0.000000000000000000, -1.000000000000000000 ) ) ;
#2667 = DIRECTION ( 'NONE',  ( -0.000000000000000000, 1.000000000000000000, -0.000000000000000000 ) ) ;
#2668 = CARTESIAN_POINT ( 'NONE',  ( -28.37104397418828938, 37.44112812031142568, 9.550000000026125591 ) ) ;
#2669 = DIRECTION ( 'NONE',  ( 1.000000000000000000, 0.000000000000000000, 0.000000000000000000 ) ) ;
#2670 = ORIENTED_EDGE ( 'NONE', *, *, #860, .T. ) ;
#2671 = VERTEX_POINT ( 'NONE', #1977 ) ;
#2672 = ADVANCED_FACE ( 'NONE', ( #3555 ), #2028, .T. ) ;
#2673 = CARTESIAN_POINT ( 'NONE',  ( -27.50545661133133990, 38.60228402720784402, -9.549999999891513269 ) ) ;
#2674 = ORIENTED_EDGE ( 'NONE', *, *, #2799, .T. ) ;
#2675 = EDGE_CURVE ( 'NONE', #3152, #3804, #3190, .T. ) ;
#2676 = CARTESIAN_POINT ( 'NONE',  ( -29.37419337848789169, 41.55000000000011795, -8.838121314125437777 ) ) ;
#2677 = ORIENTED_EDGE ( 'NONE', *, *, #2008, .T. ) ;
#2678 = CARTESIAN_POINT ( 'NONE',  ( -27.18726724041706433, 32.14999999533010566, -8.549999999891515046 ) ) ;
#2679 = ORIENTED_EDGE ( 'NONE', *, *, #2086, .F. ) ;
#2680 = CARTESIAN_POINT ( 'NONE',  ( -28.34384929723425373, 37.84999999999999432, 10.78108677340430077 ) ) ;
#2681 = CARTESIAN_POINT ( 'NONE',  ( -27.90818994639146311, 40.19331514953631057, 9.318447357820751620 ) ) ;
#2682 = DIRECTION ( 'NONE',  ( -0.000000000000000000, -1.000000000000000000, -0.000000000000000000 ) ) ;
#2683 = CARTESIAN_POINT ( 'NONE',  ( -26.19328737787668260, 31.14999999533010921, -8.377321187547618564 ) ) ;
#2684 = DIRECTION ( 'NONE',  ( -0.000000000000000000, 1.000000000000000000, -0.000000000000000000 ) ) ;
#2685 = FACE_BOUND ( 'NONE', #3147, .T. ) ;
#2686 = CARTESIAN_POINT ( 'NONE',  ( -22.00000000000000000, 33.14999999533011277, -8.549999999891518598 ) ) ;
#2687 = AXIS2_PLACEMENT_3D ( 'NONE', #266, #1808, #1382 ) ;
#2688 = CARTESIAN_POINT ( 'NONE',  ( -28.73631419193044323, 37.85000000082887794, 10.47505693693872608 ) ) ;
#2689 = VERTEX_POINT ( 'NONE', #2424 ) ;
#2690 = AXIS2_PLACEMENT_3D ( 'NONE', #3524, #3937, #1996 ) ;
#2691 = ADVANCED_FACE ( 'NONE', ( #524 ), #2221, .T. ) ;
#2692 = EDGE_CURVE ( 'NONE', #4549, #2114, #4435, .T. ) ;
#2693 = VERTEX_POINT ( 'NONE', #4406 ) ;
#2694 =( BOUNDED_SURFACE ( )  B_SPLINE_SURFACE ( 3, 2, ( 
 ( #2639, #4187, #736 ),
 ( #1136, #2252, #3793 ),
 ( #354, #1883, #3420 ),
 ( #377, #4977, #4591 ),
 ( #750, #184, #551 ),
 ( #2080, #1604, #4375 ),
 ( #928, #2025, #1975 ),
 ( #1709, #3611, #3941 ),
 ( #905, #3243, #2811 ),
 ( #4796, #521, #2001 ),
 ( #1280, #155, #1221 ),
 ( #2421, #1650, #1623 ),
 ( #1682, #120, #2054 ),
 ( #3991, #2447, #2364 ) ),
 .UNSPECIFIED., .F., .F., .F. ) 
 B_SPLINE_SURFACE_WITH_KNOTS ( ( 4, 2, 2, 2, 2, 2, 4 ),
 ( 3, 3 ),
 ( 0.001430154836615345031, 0.002233564886453247127, 0.002635269911372198175, 0.003036974936291149656, 0.003438679961210101138, 0.003840384986129052186, 0.004643795035966954282 ),
 ( 0.000000000000000000, 1.000000000000000000 ),
 .UNSPECIFIED. ) 
 GEOMETRIC_REPRESENTATION_ITEM ( )  RATIONAL_B_SPLINE_SURFACE ( (
 ( 1.000000000000000000, 0.7071067811865475727, 1.000000000000000000),
 ( 1.000000000000000000, 0.6939691323551592239, 1.000000000000000000),
 ( 1.000000000000000000, 0.6793498447559442877, 1.000000000000000000),
 ( 1.000000000000000000, 0.6564447114712058662, 1.000000000000000000),
 ( 1.000000000000000000, 0.6487888550863670778, 1.000000000000000000),
 ( 1.000000000000000000, 0.6335807429173386796, 1.000000000000000000),
 ( 1.000000000000000000, 0.6259453153679284121, 1.000000000000000000),
 ( 1.000000000000000000, 0.6115406051052674208, 1.000000000000000000),
 ( 1.000000000000000000, 0.6047580645341164018, 1.000000000000000000),
 ( 1.000000000000000000, 0.5923601326976533077, 1.000000000000000000),
 ( 1.000000000000000000, 0.5867227282802268684, 1.000000000000000000),
 ( 1.000000000000000000, 0.5729438149636961741, 1.000000000000000000),
 ( 1.000000000000000000, 0.5675958872658132259, 1.000000000000000000),
 ( 1.000000000000000000, 0.5676627022755255103, 1.000000000000000000) ) ) 
 REPRESENTATION_ITEM ( '' )  SURFACE ( )  );
#2695 = FACE_OUTER_BOUND ( 'NONE', #4033, .T. ) ;
#2696 = DIRECTION ( 'NONE',  ( 0.3420201433256694901, 0.000000000000000000, 0.9396926207859082059 ) ) ;
#2697 = DIRECTION ( 'NONE',  ( -0.000000000000000000, -1.000000000000000000, -0.000000000000000000 ) ) ;
#2698 = AXIS2_PLACEMENT_3D ( 'NONE', #1145, #1163, #3469 ) ;
#2699 = ORIENTED_EDGE ( 'NONE', *, *, #1312, .T. ) ;
#2700 = CARTESIAN_POINT ( 'NONE',  ( -28.83569852568947312, 40.81196234111029497, -10.46423084512337809 ) ) ;
#2701 = ORIENTED_EDGE ( 'NONE', *, *, #563, .T. ) ;
#2702 = DIRECTION ( 'NONE',  ( 1.000000000000000000, 0.000000000000000000, 3.491481338843133355E-15 ) ) ;
#2703 = ORIENTED_EDGE ( 'NONE', *, *, #3542, .T. ) ;
#2704 = EDGE_CURVE ( 'NONE', #916, #3833, #2953, .T. ) ;
#2705 = CIRCLE ( 'NONE', #3356, 51.99999999999997868 ) ;
#2706 = CARTESIAN_POINT ( 'NONE',  ( 0.000000000000000000, 37.49999999999999289, 0.000000000000000000 ) ) ;
#2707 = AXIS2_PLACEMENT_3D ( 'NONE', #3050, #2667, #1161 ) ;
#2708 = CARTESIAN_POINT ( 'NONE',  ( -25.54645125846596088, 33.14999999533011277, -10.17982456129883495 ) ) ;
#2709 = FACE_OUTER_BOUND ( 'NONE', #1147, .T. ) ;
#2710 = CARTESIAN_POINT ( 'NONE',  ( -25.64810989029253818, 40.55872239827357362, 9.921200060825373868 ) ) ;
#2711 = CARTESIAN_POINT ( 'NONE',  ( -27.86349142875316787, 37.49999999999999289, -10.91473638709606497 ) ) ;
#2712 = DIRECTION ( 'NONE',  ( 0.000000000000000000, 0.000000000000000000, -1.000000000000000000 ) ) ;
#2713 = LINE ( 'NONE', #4261, #537 ) ;
#2714 = ORIENTED_EDGE ( 'NONE', *, *, #1793, .T. ) ;
#2715 = VERTEX_POINT ( 'NONE', #4128 ) ;
#2716 = CARTESIAN_POINT ( 'NONE',  ( -28.13815450114242722, 34.42284014692821614, -9.703196209639429526 ) ) ;
#2717 = EDGE_CURVE ( 'NONE', #3705, #1944, #1664, .T. ) ;
#2718 = VECTOR ( 'NONE', #4564, 999.9999999999998863 ) ;
#2719 = AXIS2_PLACEMENT_3D ( 'NONE', #4466, #1015, #635 ) ;
#2720 =( BOUNDED_CURVE ( )  B_SPLINE_CURVE ( 3, ( #4569, #4137, #1114, #2644 ),
 .UNSPECIFIED., .F., .T. ) 
 B_SPLINE_CURVE_WITH_KNOTS ( ( 4, 4 ),
 ( 2.975180392348707237, 3.141592653589793116 ),
 .UNSPECIFIED. ) 
 CURVE ( )  GEOMETRIC_REPRESENTATION_ITEM ( )  RATIONAL_B_SPLINE_CURVE ( ( 1.000000000000000000, 0.9976935777332571753, 0.9976935777332571753, 1.000000000000000000 ) ) 
 REPRESENTATION_ITEM ( '' )  );
#2721 = ORIENTED_EDGE ( 'NONE', *, *, #2313, .T. ) ;
#2722 = CIRCLE ( 'NONE', #173, 1.000000000000000666 ) ;
#2723 = CARTESIAN_POINT ( 'NONE',  ( -28.37733470575221517, 37.84999999999999432, -10.54999999989151682 ) ) ;
#2724 = CARTESIAN_POINT ( 'NONE',  ( -27.30147403629871761, 34.26572748243690825, -9.549999999891515046 ) ) ;
#2725 = ORIENTED_EDGE ( 'NONE', *, *, #3163, .F. ) ;
#2726 = EDGE_LOOP ( 'NONE', ( #4217, #2999 ) ) ;
#2727 = CARTESIAN_POINT ( 'NONE',  ( -27.91621801487552190, 34.15610044249511645, 9.550000000025486102 ) ) ;
#2728 = ORIENTED_EDGE ( 'NONE', *, *, #3482, .F. ) ;
#2729 = CARTESIAN_POINT ( 'NONE',  ( -28.34150935226924162, 40.55000000000009663, 8.674783952054928804 ) ) ;
#2730 = CARTESIAN_POINT ( 'NONE',  ( -27.02873878628837900, 32.17300083492656171, -8.795943819299919753 ) ) ;
#2731 = ADVANCED_FACE ( 'NONE', ( #676 ), #629, .T. ) ;
#2732 = CARTESIAN_POINT ( 'NONE',  ( -22.00000000000000000, 0.000000000000000000, 9.550000000025482549 ) ) ;
#2733 = CARTESIAN_POINT ( 'NONE',  ( -51.28860112102973545, -25.36910429406884404, 17.92999999999990735 ) ) ;
#2734 = DIRECTION ( 'NONE',  ( 0.000000000000000000, 1.000000000000000000, 0.000000000000000000 ) ) ;
#2735 = DIRECTION ( 'NONE',  ( 0.000000000000000000, 0.000000000000000000, 1.000000000000000000 ) ) ;
#2736 = ORIENTED_EDGE ( 'NONE', *, *, #4232, .T. ) ;
#2737 = ORIENTED_EDGE ( 'NONE', *, *, #3154, .F. ) ;
#2738 = CARTESIAN_POINT ( 'NONE',  ( -28.39808838591761742, 35.23172537828661888, -9.549999999891516822 ) ) ;
#2739 = CARTESIAN_POINT ( 'NONE',  ( 3.367778697655221307E-15, -97.58073580374365008, -27.50000000000000000 ) ) ;
#2740 = VERTEX_POINT ( 'NONE', #1763 ) ;
#2741 = EDGE_CURVE ( 'NONE', #3938, #4364, #3191, .T. ) ;
#2742 = CARTESIAN_POINT ( 'NONE',  ( -28.83844251915165202, 31.89668074187931168, -10.45498765724558510 ) ) ;
#2743 = CARTESIAN_POINT ( 'NONE',  ( -27.50521945359833254, 34.09782594897050245, -9.549999999891516822 ) ) ;
#2744 = EDGE_LOOP ( 'NONE', ( #4315, #1492 ) ) ;
#2745 = CARTESIAN_POINT ( 'NONE',  ( 41.50000000000009237, 0.000000000000000000, 0.000000000000000000 ) ) ;
#2746 = ORIENTED_EDGE ( 'NONE', *, *, #2564, .T. ) ;
#2747 = CARTESIAN_POINT ( 'NONE',  ( -28.44624563112244786, 34.32553130329304736, 9.836753671828175172 ) ) ;
#2748 = ORIENTED_EDGE ( 'NONE', *, *, #2265, .T. ) ;
#2749 = ADVANCED_FACE ( 'NONE', ( #2939 ), #506, .T. ) ;
#2750 = EDGE_CURVE ( 'NONE', #2269, #3326, #4735, .T. ) ;
#2751 = CARTESIAN_POINT ( 'NONE',  ( -41.50000000000009237, 0.000000000000000000, 2.250000000000002220 ) ) ;
#2752 = CARTESIAN_POINT ( 'NONE',  ( -27.73631419275932330, 34.49999999999998579, 10.55000000002548433 ) ) ;
#2753 = LINE ( 'NONE', #2342, #165 ) ;
#2754 = CARTESIAN_POINT ( 'NONE',  ( -28.65242339560805362, 38.25417804972441616, -10.13119352589974298 ) ) ;
#2755 = AXIS2_PLACEMENT_3D ( 'NONE', #395, #2246, #3411 ) ;
#2756 = EDGE_CURVE ( 'NONE', #1856, #2910, #3502, .T. ) ;
#2757 = LINE ( 'NONE', #849, #3006 ) ;
#2758 = DIRECTION ( 'NONE',  ( 0.000000000000000000, 1.000000000000000000, 0.000000000000000000 ) ) ;
#2759 = CIRCLE ( 'NONE', #3168, 0.3499999999999996447 ) ;
#2760 = CARTESIAN_POINT ( 'NONE',  ( -27.77708624841937990, 32.81955026407655396, 9.496163594023551369 ) ) ;
#2761 = ORIENTED_EDGE ( 'NONE', *, *, #202, .F. ) ;
#2762 = ORIENTED_EDGE ( 'NONE', *, *, #590, .F. ) ;
#2763 = CARTESIAN_POINT ( 'NONE',  ( -27.13603309934467589, 34.50420055426481980, -9.549999999891516822 ) ) ;
#2764 = DIRECTION ( 'NONE',  ( 0.000000000000000000, 0.000000000000000000, -1.000000000000000000 ) ) ;
#2765 = EDGE_CURVE ( 'NONE', #2077, #3061, #2705, .T. ) ;
#2766 = CARTESIAN_POINT ( 'NONE',  ( -28.67638154716797416, 39.81919732640845666, -10.89135617804306833 ) ) ;
#2767 = CIRCLE ( 'NONE', #3261, 2.250000000000002220 ) ;
#2768 = VERTEX_POINT ( 'NONE', #4074 ) ;
#2769 = AXIS2_PLACEMENT_3D ( 'NONE', #3487, #1206, #2100 ) ;
#2770 = PRODUCT_DEFINITION_CONTEXT ( 'detailed design', #27, 'design' ) ;
#2771 = EDGE_CURVE ( 'NONE', #727, #2671, #541, .T. ) ;
#2772 = CARTESIAN_POINT ( 'NONE',  ( -28.75584918908811716, 32.23163394446405761, -10.67989813068600391 ) ) ;
#2773 = DIRECTION ( 'NONE',  ( 0.000000000000000000, -1.000000000000000000, 0.000000000000000000 ) ) ;
#2774 = ORIENTED_EDGE ( 'NONE', *, *, #360, .F. ) ;
#2775 = CARTESIAN_POINT ( 'NONE',  ( -29.18657898719736465, 33.14999999533020514, -9.549999999891520375 ) ) ;
#2776 = CARTESIAN_POINT ( 'NONE',  ( 53.75000000000000000, -17.70000000000004903, 1.876671219628184210E-13 ) ) ;
#2777 = ORIENTED_EDGE ( 'NONE', *, *, #1695, .T. ) ;
#2778 = DIRECTION ( 'NONE',  ( -0.000000000000000000, -1.000000000000000000, -0.000000000000000000 ) ) ;
#2779 = ORIENTED_EDGE ( 'NONE', *, *, #412, .T. ) ;
#2780 = CARTESIAN_POINT ( 'NONE',  ( 0.000000000000000000, 37.84999999999999432, 0.000000000000000000 ) ) ;
#2781 = LINE ( 'NONE', #2173, #2933 ) ;
#2782 = DIRECTION ( 'NONE',  ( 0.000000000000000000, 0.000000000000000000, 1.000000000000000000 ) ) ;
#2783 = CARTESIAN_POINT ( 'NONE',  ( -28.37733470575222583, 37.86381459547393291, -10.38435475275244357 ) ) ;
#2784 = AXIS2_PLACEMENT_3D ( 'NONE', #1461, #966, #2485 ) ;
#2785 = EDGE_CURVE ( 'NONE', #1497, #3404, #3463, .T. ) ;
#2786 = DIRECTION ( 'NONE',  ( 0.000000000000000000, 0.000000000000000000, -1.000000000000000000 ) ) ;
#2787 = AXIS2_PLACEMENT_3D ( 'NONE', #1822, #2597, #4552 ) ;
#2788 = PLANE ( 'NONE',  #2374 ) ;
#2789 = CARTESIAN_POINT ( 'NONE',  ( -25.56744451966914511, 40.08167933199543853, -10.12752883085148348 ) ) ;
#2790 = DIRECTION ( 'NONE',  ( 0.000000000000000000, 0.000000000000000000, 1.000000000000000000 ) ) ;
#2791 = VECTOR ( 'NONE', #2696, 999.9999999999998863 ) ;
#2792 = VERTEX_POINT ( 'NONE', #2290 ) ;
#2793 = VERTEX_POINT ( 'NONE', #1903 ) ;
#2794 = CARTESIAN_POINT ( 'NONE',  ( -28.36917993090778722, 34.81577202429998152, -10.26282166934857365 ) ) ;
#2795 = B_SPLINE_CURVE_WITH_KNOTS ( 'NONE', 3,
 ( #621, #4483, #649, #3283, #2022, #2392, #3650, #2314, #1275, #2700, #2358, #3498, #4839, #4291, #441, #63 ),
 .UNSPECIFIED., .F., .F.,
 ( 4, 2, 2, 2, 2, 2, 2, 4 ),
 ( 0.000000000000000000, 0.0004103491089660143911, 0.0008206982179320287821, 0.001231047326898043011, 0.001641396435864057564, 0.002462094653796072143, 0.002872443762762070217, 0.003282792871728068291 ),
 .UNSPECIFIED. ) ;
#2796 = VECTOR ( 'NONE', #4734, 1000.000000000000000 ) ;
#2797 = LINE ( 'NONE', #84, #858 ) ;
#2798 = VECTOR ( 'NONE', #1031, 1000.000000000000000 ) ;
#2799 = EDGE_CURVE ( 'NONE', #1729, #4588, #2547, .T. ) ;
#2800 = EDGE_CURVE ( 'NONE', #1242, #1165, #4648, .T. ) ;
#2801 = DIRECTION ( 'NONE',  ( 0.000000000000000000, 1.000000000000000000, 0.000000000000000000 ) ) ;
#2802 = EDGE_LOOP ( 'NONE', ( #3031, #174 ) ) ;
#2803 = CIRCLE ( 'NONE', #3370, 30.67500000000000071 ) ;
#2804 = DIRECTION ( 'NONE',  ( -0.000000000000000000, 1.000000000000000000, -0.000000000000000000 ) ) ;
#2805 = FACE_OUTER_BOUND ( 'NONE', #4548, .T. ) ;
#2806 = ORIENTED_EDGE ( 'NONE', *, *, #2990, .T. ) ;
#2807 = VECTOR ( 'NONE', #4079, 1000.000000000000114 ) ;
#2808 = FACE_BOUND ( 'NONE', #2802, .T. ) ;
#2809 = ORIENTED_EDGE ( 'NONE', *, *, #2133, .T. ) ;
#2810 = ORIENTED_EDGE ( 'NONE', *, *, #1967, .F. ) ;
#2811 = CARTESIAN_POINT ( 'NONE',  ( -28.83434759576195816, 40.78953274077927915, 10.46626582083568202 ) ) ;
#2812 = FACE_OUTER_BOUND ( 'NONE', #729, .T. ) ;
#2813 = CARTESIAN_POINT ( 'NONE',  ( -26.65747094880762091, 32.50347697033171812, 9.315740606228267495 ) ) ;
#2814 = EDGE_CURVE ( 'NONE', #3214, #2063, #1427, .T. ) ;
#2815 = DIRECTION ( 'NONE',  ( -0.000000000000000000, -1.000000000000000000, -0.000000000000000000 ) ) ;
#2816 = EDGE_CURVE ( 'NONE', #1374, #2693, #373, .T. ) ;
#2817 = CARTESIAN_POINT ( 'NONE',  ( -41.50000000000009237, 0.000000000000000000, -2.250000000000002220 ) ) ;
#2818 = DIRECTION ( 'NONE',  ( 0.000000000000000000, -1.000000000000000000, 0.000000000000000000 ) ) ;
#2819 = LINE ( 'NONE', #191, #1424 ) ;
#2820 = ORIENTED_EDGE ( 'NONE', *, *, #734, .F. ) ;
#2821 = EDGE_LOOP ( 'NONE', ( #3305, #1087, #4015, #179 ) ) ;
#2822 = CARTESIAN_POINT ( 'NONE',  ( -26.65461803116251005, 40.20027800952865249, 9.320331999328969275 ) ) ;
#2823 = CYLINDRICAL_SURFACE ( 'NONE', #1926, 1.000000000000000888 ) ;
#2824 = ORIENTED_EDGE ( 'NONE', *, *, #1764, .T. ) ;
#2825 = EDGE_CURVE ( 'NONE', #4052, #1074, #4630, .T. ) ;
#2826 = CARTESIAN_POINT ( 'NONE',  ( -28.26468002098119925, 37.74381158781658741, -9.549999999891671365 ) ) ;
#2827 = CARTESIAN_POINT ( 'NONE',  ( -27.90818994643934658, 32.50668484579478701, -9.318447357687517751 ) ) ;
#2828 = EDGE_CURVE ( 'NONE', #4792, #2418, #3441, .T. ) ;
#2829 = ORIENTED_EDGE ( 'NONE', *, *, #725, .F. ) ;
#2830 = EDGE_LOOP ( 'NONE', ( #3017, #3093, #1214, #2098 ) ) ;
#2831 = ORIENTED_EDGE ( 'NONE', *, *, #3355, .T. ) ;
#2832 = CARTESIAN_POINT ( 'NONE',  ( -48.81101412591220168, -27.70000000000011298, 17.92999999999990379 ) ) ;
#2833 = DIRECTION ( 'NONE',  ( -0.000000000000000000, -1.000000000000000000, -0.000000000000000000 ) ) ;
#2834 = CARTESIAN_POINT ( 'NONE',  ( -27.96182741554925499, 34.08436410056394550, -9.549999999894014380 ) ) ;
#2835 = DIRECTION ( 'NONE',  ( -5.143373102040996971E-28, 1.000000000000000000, -7.651950780643814512E-29 ) ) ;
#2836 = CARTESIAN_POINT ( 'NONE',  ( -28.34866798211884742, 37.93378075267617078, -10.13119352069958445 ) ) ;
#2837 = CARTESIAN_POINT ( 'NONE',  ( -27.73631419275932330, 39.55000000000011084, 10.55000000002548433 ) ) ;
#2838 = CARTESIAN_POINT ( 'NONE',  ( -25.70305409780521089, 40.77861243991254270, -9.777971733368859830 ) ) ;
#2839 = CARTESIAN_POINT ( 'NONE',  ( -28.37733470570240968, 34.83618540452781787, 10.38435475289689869 ) ) ;
#2840 = CARTESIAN_POINT ( 'NONE',  ( -28.67098358672828340, 33.01414104968566221, 10.90551810642471331 ) ) ;
#2841 = ORIENTED_EDGE ( 'NONE', *, *, #1936, .T. ) ;
#2842 = ORIENTED_EDGE ( 'NONE', *, *, #2583, .T. ) ;
#2843 = CARTESIAN_POINT ( 'NONE',  ( -26.65747094885767154, 40.19652302499756047, -9.315740606095094023 ) ) ;
#2844 = DIRECTION ( 'NONE',  ( -0.000000000000000000, -0.000000000000000000, -1.000000000000000000 ) ) ;
#2845 = AXIS2_PLACEMENT_3D ( 'NONE', #333, #1929, #4562 ) ;
#2846 = ORIENTED_EDGE ( 'NONE', *, *, #2008, .F. ) ;
#2847 = EDGE_CURVE ( 'NONE', #3499, #4696, #3123, .T. ) ;
#2848 = DIRECTION ( 'NONE',  ( 0.000000000000000000, 0.000000000000000000, -1.000000000000000000 ) ) ;
#2849 = CARTESIAN_POINT ( 'NONE',  ( -25.79742559044746386, 39.72183442033829692, -9.549999999949021046 ) ) ;
#2850 = CARTESIAN_POINT ( 'NONE',  ( -27.30147403624717839, 38.43427251756327934, 9.550000000025482549 ) ) ;
#2851 = EDGE_LOOP ( 'NONE', ( #2989, #2616 ) ) ;
#2852 = AXIS2_PLACEMENT_3D ( 'NONE', #4374, #2344, #2323 ) ;
#2853 = ORIENTED_EDGE ( 'NONE', *, *, #4732, .T. ) ;
#2854 = ORIENTED_EDGE ( 'NONE', *, *, #3752, .T. ) ;
#2855 = CARTESIAN_POINT ( 'NONE',  ( -28.54754139810451363, 38.32063394654030475, 9.922218440187055677 ) ) ;
#2856 = CARTESIAN_POINT ( 'NONE',  ( -26.00122586007222480, 40.49001395242625279, -8.967162502975309479 ) ) ;
#2857 = FACE_OUTER_BOUND ( 'NONE', #4482, .T. ) ;
#2858 = DIRECTION ( 'NONE',  ( 0.000000000000000000, 0.000000000000000000, 1.000000000000000000 ) ) ;
#2859 = CYLINDRICAL_SURFACE ( 'NONE', #795, 27.50000000000000000 ) ;
#2860 = CARTESIAN_POINT ( 'NONE',  ( -28.73631419275932330, 34.49999999996721556, 10.49452757073595777 ) ) ;
#2861 = EDGE_CURVE ( 'NONE', #2063, #4266, #3712, .T. ) ;
#2862 = DIRECTION ( 'NONE',  ( 0.000000000000000000, 0.000000000000000000, 1.000000000000000000 ) ) ;
#2863 = CARTESIAN_POINT ( 'NONE',  ( -28.37733470570240968, 37.86381459547216366, 10.38435475289689691 ) ) ;
#2864 = CARTESIAN_POINT ( 'NONE',  ( -52.52394787142338828, 2.775557561562891351E-14, 17.92999999999990379 ) ) ;
#2865 = CARTESIAN_POINT ( 'NONE',  ( -27.18726724041706788, 41.55000000000011795, -8.549999999891516822 ) ) ;
#2866 = CARTESIAN_POINT ( 'NONE',  ( -27.84627582012859293, 32.61100888536027753, 9.403482222953176262 ) ) ;
#2867 = AXIS2_PLACEMENT_3D ( 'NONE', #1939, #3119, #1869 ) ;
#2868 = CARTESIAN_POINT ( 'NONE',  ( -27.73631419514862273, 33.08207052248557289, 9.550000000025482549 ) ) ;
#2869 = ORIENTED_EDGE ( 'NONE', *, *, #1118, .F. ) ;
#2870 = ORIENTED_EDGE ( 'NONE', *, *, #2291, .F. ) ;
#2871 = CARTESIAN_POINT ( 'NONE',  ( 0.000000000000000000, -7.700000000000054357, 51.99999999999999289 ) ) ;
#2872 = DIRECTION ( 'NONE',  ( 1.000000000000000000, -0.000000000000000000, 1.224646799147353207E-16 ) ) ;
#2873 = AXIS2_PLACEMENT_3D ( 'NONE', #3245, #2128, #1406 ) ;
#2874 = AXIS2_PLACEMENT_3D ( 'NONE', #1446, #3141, #1610 ) ;
#2875 = CIRCLE ( 'NONE', #4829, 52.32500000000008100 ) ;
#2876 = ORIENTED_EDGE ( 'NONE', *, *, #4981, .F. ) ;
#2877 = DIRECTION ( 'NONE',  ( -0.000000000000000000, -1.000000000000000000, -0.000000000000000000 ) ) ;
#2878 = EDGE_CURVE ( 'NONE', #2077, #1301, #306, .T. ) ;
#2879 = AXIS2_PLACEMENT_3D ( 'NONE', #3194, #1309, #2453 ) ;
#2880 = CARTESIAN_POINT ( 'NONE',  ( -28.67098358425921845, 34.49999999999998579, 10.90551811291597950 ) ) ;
#2881 = DIRECTION ( 'NONE',  ( 0.000000000000000000, 1.000000000000000000, 0.000000000000000000 ) ) ;
#2882 = VERTEX_POINT ( 'NONE', #4955 ) ;
#2883 = VECTOR ( 'NONE', #1037, 1000.000000000000000 ) ;
#2884 = CYLINDRICAL_SURFACE ( 'NONE', #343, 2.249999999999998668 ) ;
#2885 = VERTEX_POINT ( 'NONE', #2680 ) ;
#2886 = DIRECTION ( 'NONE',  ( -1.000000000000000000, 0.000000000000000000, 0.000000000000000000 ) ) ;
#2887 = CIRCLE ( 'NONE', #1196, 32.17499999999999716 ) ;
#2888 = CARTESIAN_POINT ( 'NONE',  ( -28.72249959733634128, 38.20897948705805192, -10.38435475275244713 ) ) ;
#2889 = CARTESIAN_POINT ( 'NONE',  ( -27.73631419276810917, 38.70933866225217912, 9.550000000025484326 ) ) ;
#2890 = CARTESIAN_POINT ( 'NONE',  ( -11.58493919600778987, 47.21999999999999176, 15.37373356768063637 ) ) ;
#2891 = CARTESIAN_POINT ( 'NONE',  ( -28.73631419275932330, 34.84999999999999432, 10.55000000002548255 ) ) ;
#2892 = DIRECTION ( 'NONE',  ( 0.000000000000000000, 1.000000000000000000, 0.000000000000000000 ) ) ;
#2893 = CARTESIAN_POINT ( 'NONE',  ( -28.97567347237783153, 31.53779264455031139, 10.06876122757265080 ) ) ;
#2894 = ADVANCED_FACE ( 'NONE', ( #1833 ), #2660, .T. ) ;
#2895 = CARTESIAN_POINT ( 'NONE',  ( -27.86349142875316787, 35.19999999999999574, -10.91473638709606497 ) ) ;
#2896 = DIRECTION ( 'NONE',  ( 0.000000000000000000, 0.000000000000000000, 1.000000000000000000 ) ) ;
#2897 = CARTESIAN_POINT ( 'NONE',  ( -28.26424295709042056, 32.17322318281549798, 8.797071278443047149 ) ) ;
#2898 =( BOUNDED_SURFACE ( )  B_SPLINE_SURFACE ( 3, 2, ( 
 ( #3599, #1593, #3124 ),
 ( #835, #4259, #2300 ),
 ( #3452, #409, #1536 ),
 ( #3853, #2346, #1938 ),
 ( #4233, #3468, #3827 ),
 ( #1981, #383, #3071 ),
 ( #740, #3089, #2276 ),
 ( #4640, #1915, #10 ),
 ( #429, #4616, #4194 ),
 ( #805, #2668, #453 ),
 ( #1181, #1516, #3510 ),
 ( #3893, #31, #4987 ) ),
 .UNSPECIFIED., .F., .F., .T. ) 
 B_SPLINE_SURFACE_WITH_KNOTS ( ( 4, 2, 2, 2, 2, 4 ),
 ( 3, 3 ),
 ( -2.049142105997603380E-17, 0.0005458462535874071542, 0.001091692507174834691, 0.001364615633968548460, 0.001637538760762262229, 0.002183385014349689766 ),
 ( 0.000000000000000000, 1.000000000000000000 ),
 .UNSPECIFIED. ) 
 GEOMETRIC_REPRESENTATION_ITEM ( )  RATIONAL_B_SPLINE_SURFACE ( (
 ( 1.000000000000000000, 0.7071067811865456854, 1.000000000000000000),
 ( 1.000000000000000000, 0.6914145437210311718, 1.000000000000000000),
 ( 1.000000000000000000, 0.6751007493981229235, 1.000000000000000000),
 ( 1.000000000000000000, 0.6424929111504620316, 1.000000000000000000),
 ( 1.000000000000000000, 0.6266323437223104698, 1.000000000000000000),
 ( 1.000000000000000000, 0.6052592802616825196, 1.000000000000000000),
 ( 1.000000000000000000, 0.5986776099778992055, 1.000000000000000000),
 ( 1.000000000000000000, 0.5867949342034726179, 1.000000000000000000),
 ( 1.000000000000000000, 0.5814520315775412174, 1.000000000000000000),
 ( 1.000000000000000000, 0.5684640767957321872, 1.000000000000000000),
 ( 1.000000000000000000, 0.5635775451488816978, 1.000000000000000000),
 ( 1.000000000000000000, 0.5635883306061352238, 1.000000000000000000) ) ) 
 REPRESENTATION_ITEM ( '' )  SURFACE ( )  );
#2899 = LINE ( 'NONE', #4209, #2950 ) ;
#2900 = ORIENTED_EDGE ( 'NONE', *, *, #4918, .T. ) ;
#2901 = EDGE_LOOP ( 'NONE', ( #2429, #1917, #3059, #4879, #811, #3629, #4262, #2578, #3256, #1002, #4426, #4544, #792, #4791, #2064, #3897 ) ) ;
#2902 = FACE_OUTER_BOUND ( 'NONE', #326, .T. ) ;
#2903 = EDGE_LOOP ( 'NONE', ( #3656, #1930, #748, #2327 ) ) ;
#2904 = CARTESIAN_POINT ( 'NONE',  ( -29.34493141924177095, 3.174999999999999822, 29.34493141924154713 ) ) ;
#2905 = AXIS2_PLACEMENT_3D ( 'NONE', #4668, #49, #4212 ) ;
#2906 = CARTESIAN_POINT ( 'NONE',  ( -27.86349143149600494, 37.54731056366579622, -10.91473638009405889 ) ) ;
#2907 = ADVANCED_FACE ( 'NONE', ( #2228 ), #1456, .F. ) ;
#2908 = CARTESIAN_POINT ( 'NONE',  ( -26.93238060401386846, 37.75838292423554776, 9.550000000025482549 ) ) ;
#2909 = ADVANCED_FACE ( 'NONE', ( #4538 ), #2635, .F. ) ;
#2910 = VERTEX_POINT ( 'NONE', #1134 ) ;
#2911 = ORIENTED_EDGE ( 'NONE', *, *, #2828, .F. ) ;
#2912 = DIRECTION ( 'NONE',  ( 0.000000000000000000, 0.000000000000000000, 1.000000000000000000 ) ) ;
#2913 = FACE_OUTER_BOUND ( 'NONE', #3922, .T. ) ;
#2914 = CARTESIAN_POINT ( 'NONE',  ( -27.73631419275932330, 37.84999999999999432, 10.55000000002548433 ) ) ;
#2915 =( NAMED_UNIT ( * ) PLANE_ANGLE_UNIT ( ) SI_UNIT ( $, .RADIAN. ) );
#2916 = DIRECTION ( 'NONE',  ( -5.143373102040996971E-28, 1.000000000000000000, -7.651950780643814512E-29 ) ) ;
#2917 = EDGE_CURVE ( 'NONE', #1538, #42, #703, .T. ) ;
#2918 = CARTESIAN_POINT ( 'NONE',  ( -29.34493141924177095, 0.000000000000000000, -31.59493141924177451 ) ) ;
#2919 = CARTESIAN_POINT ( 'NONE',  ( -28.36917993085841161, 37.88422797569713651, 10.26282166949184038 ) ) ;
#2920 = DIRECTION ( 'NONE',  ( 0.000000000000000000, 1.000000000000000000, 0.000000000000000000 ) ) ;
#2921 = CARTESIAN_POINT ( 'NONE',  ( -26.50221735684261049, 39.81612261538642628, 9.516262008642760506 ) ) ;
#2922 = CARTESIAN_POINT ( 'NONE',  ( -28.41659946227845523, 32.14999999533009856, 8.550000000025480773 ) ) ;
#2923 = ORIENTED_EDGE ( 'NONE', *, *, #2756, .T. ) ;
#2924 = CARTESIAN_POINT ( 'NONE',  ( 0.000000000000000000, 0.000000000000000000, 0.000000000000000000 ) ) ;
#2925 = DIRECTION ( 'NONE',  ( 0.000000000000000000, 0.000000000000000000, 1.000000000000000000 ) ) ;
#2926 = CARTESIAN_POINT ( 'NONE',  ( 3.707618184418612290E-15, 35.19999999999999574, -30.27500000000000213 ) ) ;
#2927 = LINE ( 'NONE', #1022, #3483 ) ;
#2928 = ORIENTED_EDGE ( 'NONE', *, *, #3859, .F. ) ;
#2929 = EDGE_CURVE ( 'NONE', #315, #4658, #335, .T. ) ;
#2930 = CARTESIAN_POINT ( 'NONE',  ( -28.31355776937325786, 34.85000000000000142, 10.59418750308243773 ) ) ;
#2931 = CARTESIAN_POINT ( 'NONE',  ( 29.34493141924177095, 0.000000000000000000, 29.34493141924154713 ) ) ;
#2932 = EDGE_LOOP ( 'NONE', ( #4528, #3594, #1518, #493, #3128, #3040, #3527, #2263, #646, #4383, #4923 ) ) ;
#2933 = VECTOR ( 'NONE', #3366, 1000.000000000000000 ) ;
#2934 = ORIENTED_EDGE ( 'NONE', *, *, #2661, .T. ) ;
#2935 = EDGE_CURVE ( 'NONE', #4065, #1985, #2239, .T. ) ;
#2936 = LINE ( 'NONE', #4484, #2798 ) ;
#2937 = CIRCLE ( 'NONE', #3338, 3.599999999999974332 ) ;
#2938 = CARTESIAN_POINT ( 'NONE',  ( -27.73631419276582832, 38.70933866225292519, 9.550000000025484326 ) ) ;
#2939 = FACE_OUTER_BOUND ( 'NONE', #1692, .T. ) ;
#2940 = AXIS2_PLACEMENT_3D ( 'NONE', #381, #3850, #3424 ) ;
#2941 = CARTESIAN_POINT ( 'NONE',  ( 0.000000000000000000, 35.19999999999999574, 30.27500000000000213 ) ) ;
#2942 = DIRECTION ( 'NONE',  ( 0.000000000000000000, -1.000000000000000000, 0.000000000000000000 ) ) ;
#2943 = DIRECTION ( 'NONE',  ( -0.000000000000000000, -1.000000000000000000, -0.000000000000000000 ) ) ;
#2944 = CARTESIAN_POINT ( 'NONE',  ( -28.01621968707280885, 34.94914129933717817, -10.80444436562514987 ) ) ;
#2945 = DIRECTION ( 'NONE',  ( 0.000000000000000000, 0.000000000000000000, 1.000000000000000000 ) ) ;
#2946 = EDGE_LOOP ( 'NONE', ( #334, #2093, #293, #3595 ) ) ;
#2947 = CARTESIAN_POINT ( 'NONE',  ( -26.47541312241018474, 39.69741309997540668, -9.549999999891522151 ) ) ;
#2948 = LINE ( 'NONE', #4086, #2281 ) ;
#2949 = DIRECTION ( 'NONE',  ( 0.000000000000000000, 0.000000000000000000, 1.000000000000000000 ) ) ;
#2950 = VECTOR ( 'NONE', #3448, 1000.000000000000000 ) ;
#2951 = DIRECTION ( 'NONE',  ( 0.000000000000000000, 0.000000000000000000, 1.000000000000000000 ) ) ;
#2952 = ORIENTED_EDGE ( 'NONE', *, *, #2351, .F. ) ;
#2953 = CIRCLE ( 'NONE', #145, 0.9999999999999991118 ) ;
#2954 = AXIS2_PLACEMENT_3D ( 'NONE', #1286, #1689, #4776 ) ;
#2955 = CARTESIAN_POINT ( 'NONE',  ( 0.000000000000000000, -182.5876151076256804, 0.000000000000000000 ) ) ;
#2956 = VECTOR ( 'NONE', #1142, 1000.000000000000000 ) ;
#2957 = CARTESIAN_POINT ( 'NONE',  ( -27.50844948571247528, 34.10798137590973056, 9.550000000025482549 ) ) ;
#2958 = ADVANCED_FACE ( 'NONE', ( #3131 ), #3583, .T. ) ;
#2959 = EDGE_CURVE ( 'NONE', #2486, #2168, #1366, .T. ) ;
#2960 = DIRECTION ( 'NONE',  ( 0.000000000000000000, -0.000000000000000000, 1.000000000000000000 ) ) ;
#2961 = EDGE_LOOP ( 'NONE', ( #2439, #1974, #4238 ) ) ;
#2962 = CARTESIAN_POINT ( 'NONE',  ( -26.03079923481008962, 31.25125506401405673, 8.869197367715589309 ) ) ;
#2963 = AXIS2_PLACEMENT_3D ( 'NONE', #4431, #4401, #1758 ) ;
#2964 = EDGE_LOOP ( 'NONE', ( #2934, #1276, #4885, #4580, #1348, #2539 ) ) ;
#2965 = AXIS2_PLACEMENT_3D ( 'NONE', #4288, #2019, #3961 ) ;
#2966 = CYLINDRICAL_SURFACE ( 'NONE', #1046, 55.49999999999997868 ) ;
#2967 = CARTESIAN_POINT ( 'NONE',  ( -28.46354532644621926, 38.14172714572356426, 9.846156908450714340 ) ) ;
#2968 = CIRCLE ( 'NONE', #1678, 2.250000000000002220 ) ;
#2969 = DIRECTION ( 'NONE',  ( 0.000000000000000000, 0.000000000000000000, 1.000000000000000000 ) ) ;
#2970 = VECTOR ( 'NONE', #2056, 1000.000000000000000 ) ;
#2971 = AXIS2_PLACEMENT_3D ( 'NONE', #3822, #3506, #2253 ) ;
#2972 = DIRECTION ( 'NONE',  ( 0.7071067811865441310, 0.7071067811865510144, 2.468850131082253116E-15 ) ) ;
#2973 = EDGE_CURVE ( 'NONE', #702, #1523, #3719, .T. ) ;
#2974 = DIRECTION ( 'NONE',  ( 0.000000000000000000, 0.000000000000000000, 1.000000000000000000 ) ) ;
#2975 = DIRECTION ( 'NONE',  ( 0.000000000000000000, 0.000000000000000000, -1.000000000000000000 ) ) ;
#2976 = CARTESIAN_POINT ( 'NONE',  ( 41.17488881764489861, -25.95000000000021600, 34.54983402065169429 ) ) ;
#2977 = EDGE_CURVE ( 'NONE', #2768, #342, #4677, .T. ) ;
#2978 = AXIS2_PLACEMENT_3D ( 'NONE', #4896, #2835, #4043 ) ;
#2979 = VERTEX_POINT ( 'NONE', #3670 ) ;
#2980 = CARTESIAN_POINT ( 'NONE',  ( 29.34493141924177095, 3.174999999999999822, 29.34493141924154713 ) ) ;
#2981 = CARTESIAN_POINT ( 'NONE',  ( -29.17615221949483129, 39.93802169039727090, -9.524524289568818247 ) ) ;
#2982 = DIRECTION ( 'NONE',  ( -0.9396926207859093161, 0.000000000000000000, 0.3420201433256661594 ) ) ;
#2983 = VERTEX_POINT ( 'NONE', #3273 ) ;
#2984 = ORIENTED_EDGE ( 'NONE', *, *, #2800, .F. ) ;
#2985 = CARTESIAN_POINT ( 'NONE',  ( -27.87833694842832699, 35.10511442339477384, 10.90393293502285665 ) ) ;
#2986 = DIRECTION ( 'NONE',  ( 0.000000000000000000, 1.000000000000000000, 0.000000000000000000 ) ) ;
#2987 = EDGE_LOOP ( 'NONE', ( #4122, #4867, #2607, #2036 ) ) ;
#2988 = CARTESIAN_POINT ( 'NONE',  ( -26.19324027827097012, 31.14999999533010211, 8.377470954746295106 ) ) ;
#2989 = ORIENTED_EDGE ( 'NONE', *, *, #3180, .T. ) ;
#2990 = EDGE_CURVE ( 'NONE', #4994, #3290, #1773, .T. ) ;
#2991 = CARTESIAN_POINT ( 'NONE',  ( -27.96901711916674316, 34.98299918020874344, 10.83837800425216180 ) ) ;
#2992 = FACE_OUTER_BOUND ( 'NONE', #3078, .T. ) ;
#2993 = EDGE_LOOP ( 'NONE', ( #3965, #2923, #1795, #3547 ) ) ;
#2994 = DIRECTION ( 'NONE',  ( 0.7660444431189747938, 0.000000000000000000, 0.6427876096865431377 ) ) ;
#2995 = DIRECTION ( 'NONE',  ( 0.000000000000000000, 1.000000000000000000, 0.000000000000000000 ) ) ;
#2996 = CARTESIAN_POINT ( 'NONE',  ( -28.38631419275932544, 34.84999999999999432, 10.55000000002548433 ) ) ;
#2997 = CARTESIAN_POINT ( 'NONE',  ( 33.42495570370010682, -27.70000000000005613, -39.83431104218679764 ) ) ;
#2998 = CARTESIAN_POINT ( 'NONE',  ( -27.73631419281027988, 34.49999999999998579, -10.54999999989151682 ) ) ;
#2999 = ORIENTED_EDGE ( 'NONE', *, *, #2750, .F. ) ;
#3000 = DIRECTION ( 'NONE',  ( 0.000000000000000000, 0.000000000000000000, -1.000000000000000000 ) ) ;
#3001 = CARTESIAN_POINT ( 'NONE',  ( -26.55901628109626955, 32.69691451455909714, 9.443940504662572621 ) ) ;
#3002 = B_SPLINE_CURVE_WITH_KNOTS ( 'NONE', 3,
 ( #3966, #3582, #3159, #3505, #3217, #4770, #1303, #69, #472, #3530 ),
 .UNSPECIFIED., .F., .F.,
 ( 4, 2, 2, 2, 4 ),
 ( 3.469446951953614189E-18, 0.0003671387545061985478, 0.0007342775090123936262, 0.001101416263518588705, 0.001468555018024783783 ),
 .UNSPECIFIED. ) ;
#3003 = DIRECTION ( 'NONE',  ( -1.000000000000000000, 0.000000000000000000, 0.000000000000000000 ) ) ;
#3004 = ORIENTED_EDGE ( 'NONE', *, *, #4760, .F. ) ;
#3005 = ORIENTED_EDGE ( 'NONE', *, *, #3097, .F. ) ;
#3006 = VECTOR ( 'NONE', #556, 1000.000000000000114 ) ;
#3007 = DIRECTION ( 'NONE',  ( 0.000000000000000000, 1.000000000000000000, -0.000000000000000000 ) ) ;
#3008 = EDGE_LOOP ( 'NONE', ( #4269, #4304, #1268, #515, #4676 ) ) ;
#3009 = EDGE_CURVE ( 'NONE', #4833, #562, #1524, .T. ) ;
#3010 = EDGE_LOOP ( 'NONE', ( #457, #4247, #436, #1597 ) ) ;
#3011 = CARTESIAN_POINT ( 'NONE',  ( -28.39808839203405455, 35.19999999999999574, -9.549999999891516822 ) ) ;
#3012 = VECTOR ( 'NONE', #2657, 1000.000000000000000 ) ;
#3013 = CARTESIAN_POINT ( 'NONE',  ( -25.91102398179324950, 40.30706494255775141, -9.230523118315160147 ) ) ;
#3014 = DIRECTION ( 'NONE',  ( -0.000000000000000000, -1.000000000000000000, -0.000000000000000000 ) ) ;
#3015 = AXIS2_PLACEMENT_3D ( 'NONE', #2593, #4502, #643 ) ;
#3016 = ORIENTED_EDGE ( 'NONE', *, *, #1369, .F. ) ;
#3017 = ORIENTED_EDGE ( 'NONE', *, *, #1521, .F. ) ;
#3018 = CARTESIAN_POINT ( 'NONE',  ( -0.000000000000000000, -17.70000000000004903, 0.000000000000000000 ) ) ;
#3019 = FACE_OUTER_BOUND ( 'NONE', #2023, .T. ) ;
#3020 = CARTESIAN_POINT ( 'NONE',  ( -26.07355286927783666, 41.49993635253409963, 8.745204515075426954 ) ) ;
#3021 = DIRECTION ( 'NONE',  ( 0.000000000000000000, -1.000000000000000000, 0.000000000000000000 ) ) ;
#3022 = EDGE_CURVE ( 'NONE', #1642, #4065, #1386, .T. ) ;
#3023 = DIRECTION ( 'NONE',  ( 0.9346693914998949193, 0.000000000000000000, -0.3555181128904913446 ) ) ;
#3024 = AXIS2_PLACEMENT_3D ( 'NONE', #3193, #3297, #4899 ) ;
#3025 = FACE_BOUND ( 'NONE', #1172, .T. ) ;
#3026 = CARTESIAN_POINT ( 'NONE',  ( -25.87274341166279967, 32.51547069473331675, 9.339711343421189582 ) ) ;
#3027 = DIRECTION ( 'NONE',  ( 8.881784197001252323E-16, 0.000000000000000000, 1.000000000000000000 ) ) ;
#3028 = ORIENTED_EDGE ( 'NONE', *, *, #1369, .T. ) ;
#3029 = ORIENTED_EDGE ( 'NONE', *, *, #4989, .T. ) ;
#3030 = CYLINDRICAL_SURFACE ( 'NONE', #1504, 1.000000000000000888 ) ;
#3031 = ORIENTED_EDGE ( 'NONE', *, *, #1647, .F. ) ;
#3032 = AXIS2_PLACEMENT_3D ( 'NONE', #3949, #3592, #937 ) ;
#3033 = VECTOR ( 'NONE', #1656, 1000.000000000000000 ) ;
#3034 = ADVANCED_FACE ( 'NONE', ( #4108 ), #73, .T. ) ;
#3035 = EDGE_LOOP ( 'NONE', ( #1164, #1072, #671, #4273 ) ) ;
#3036 = CARTESIAN_POINT ( 'NONE',  ( -28.37733470575222228, 34.49102051294193672, -10.44233058925112090 ) ) ;
#3037 = CIRCLE ( 'NONE', #3678, 1.249999999999999334 ) ;
#3038 = VERTEX_POINT ( 'NONE', #269 ) ;
#3039 = FACE_OUTER_BOUND ( 'NONE', #1546, .T. ) ;
#3040 = ORIENTED_EDGE ( 'NONE', *, *, #2765, .T. ) ;
#3041 = DIRECTION ( 'NONE',  ( 0.000000000000000000, 0.000000000000000000, -1.000000000000000000 ) ) ;
#3042 = CIRCLE ( 'NONE', #634, 2.250000000000001776 ) ;
#3043 = CARTESIAN_POINT ( 'NONE',  ( -28.41659946231876077, 41.55000000000011795, -8.549999999891516822 ) ) ;
#3044 = VECTOR ( 'NONE', #4458, 1000.000000000000000 ) ;
#3045 = DIRECTION ( 'NONE',  ( 0.000000000000000000, -1.000000000000000000, 0.000000000000000000 ) ) ;
#3046 = DIRECTION ( 'NONE',  ( -0.000000000000000000, 1.000000000000000000, -0.000000000000000000 ) ) ;
#3047 = CARTESIAN_POINT ( 'NONE',  ( 0.000000000000000000, 0.000000000000000000, 0.000000000000000000 ) ) ;
#3048 = AXIS2_PLACEMENT_3D ( 'NONE', #284, #1835, #1810 ) ;
#3049 = AXIS2_PLACEMENT_3D ( 'NONE', #1459, #4957, #2974 ) ;
#3050 = CARTESIAN_POINT ( 'NONE',  ( -11.58493919600778987, 37.21999999999999176, 15.37373356768063637 ) ) ;
#3051 = EDGE_CURVE ( 'NONE', #4507, #1985, #4922, .T. ) ;
#3052 = DIRECTION ( 'NONE',  ( -1.000000000000000000, 0.000000000000000000, 0.000000000000000000 ) ) ;
#3053 = EDGE_CURVE ( 'NONE', #4967, #3455, #823, .T. ) ;
#3054 = CIRCLE ( 'NONE', #1681, 1.000000000000000888 ) ;
#3055 = CARTESIAN_POINT ( 'NONE',  ( 0.000000000000000000, 40.55000000000011084, 0.000000000000000000 ) ) ;
#3056 = ORIENTED_EDGE ( 'NONE', *, *, #3069, .F. ) ;
#3057 = LINE ( 'NONE', #4265, #461 ) ;
#3058 = CARTESIAN_POINT ( 'NONE',  ( 11.58493919599269084, 47.21999999999999176, -15.37373356831901461 ) ) ;
#3059 = ORIENTED_EDGE ( 'NONE', *, *, #1514, .T. ) ;
#3060 = DIRECTION ( 'NONE',  ( -0.000000000000000000, -1.000000000000000000, -0.000000000000000000 ) ) ;
#3061 = VERTEX_POINT ( 'NONE', #4877 ) ;
#3062 = DIRECTION ( 'NONE',  ( -0.000000000000000000, -1.000000000000000000, -0.000000000000000000 ) ) ;
#3063 = VERTEX_POINT ( 'NONE', #2567 ) ;
#3064 = DIRECTION ( 'NONE',  ( 0.000000000000000000, 1.000000000000000000, 0.000000000000000000 ) ) ;
#3065 = CARTESIAN_POINT ( 'NONE',  ( -25.55175646641461640, 32.88015095006537081, -10.16653916287604353 ) ) ;
#3066 = CARTESIAN_POINT ( 'NONE',  ( -26.65461803121259976, 32.49972198580252325, -9.320331999195811790 ) ) ;
#3067 = DIRECTION ( 'NONE',  ( -1.000000000000000000, 0.000000000000000000, 0.000000000000000000 ) ) ;
#3068 = CARTESIAN_POINT ( 'NONE',  ( -34.54983402065155218, -25.95000000000021956, 41.17488881764501230 ) ) ;
#3069 = EDGE_CURVE ( 'NONE', #2979, #4146, #4439, .T. ) ;
#3070 = PLANE ( 'NONE',  #1584 ) ;
#3071 = CARTESIAN_POINT ( 'NONE',  ( -27.99820578797142545, 37.73570505379156970, 10.81742392089383564 ) ) ;
#3072 = ORIENTED_EDGE ( 'NONE', *, *, #3716, .F. ) ;
#3073 = VERTEX_POINT ( 'NONE', #4415 ) ;
#3074 = EDGE_CURVE ( 'NONE', #4920, #2283, #641, .T. ) ;
#3075 = CARTESIAN_POINT ( 'NONE',  ( -26.23332803895827325, 31.14999999533010921, 8.250000000024590108 ) ) ;
#3076 = CARTESIAN_POINT ( 'NONE',  ( -28.78136009799985118, 32.11294129024388866, -10.61111892086945296 ) ) ;
#3077 = CARTESIAN_POINT ( 'NONE',  ( 15.37373356799227508, 37.21999999999999176, 10.33493919568105035 ) ) ;
#3078 = EDGE_LOOP ( 'NONE', ( #1102, #2280, #1820, #20, #4244, #3491, #95, #2359, #3751, #1156 ) ) ;
#3079 = ORIENTED_EDGE ( 'NONE', *, *, #983, .T. ) ;
#3080 = DIRECTION ( 'NONE',  ( 0.000000000000000000, 1.000000000000000000, 0.000000000000000000 ) ) ;
#3081 = EDGE_LOOP ( 'NONE', ( #4286, #411, #3376, #206 ) ) ;
#3082 = CARTESIAN_POINT ( 'NONE',  ( -28.67098358425921845, 33.01178287050691296, 10.90551811291597772 ) ) ;
#3083 = CARTESIAN_POINT ( 'NONE',  ( -25.79742559223883092, 33.06349800789254800, -9.549999995002545816 ) ) ;
#3084 = DIRECTION ( 'NONE',  ( -0.000000000000000000, -1.000000000000000000, 0.000000000000000000 ) ) ;
#3085 = CARTESIAN_POINT ( 'NONE',  ( -28.68103904759853151, 34.46407115564547041, 10.13751525900626227 ) ) ;
#3086 = ADVANCED_FACE ( 'NONE', ( #4048 ), #3774, .F. ) ;
#3087 = DIRECTION ( 'NONE',  ( 0.000000000000000000, 0.000000000000000000, 1.000000000000000000 ) ) ;
#3088 = LINE ( 'NONE', #4986, #2956 ) ;
#3089 = CARTESIAN_POINT ( 'NONE',  ( -28.26404589094194364, 37.47051187936160943, 9.550000000025637092 ) ) ;
#3090 = CIRCLE ( 'NONE', #1494, 30.32500000000000284 ) ;
#3091 = CARTESIAN_POINT ( 'NONE',  ( -28.73631419275932330, 38.19999999999999574, 10.55000000002548433 ) ) ;
#3092 = VERTEX_POINT ( 'NONE', #737 ) ;
#3093 = ORIENTED_EDGE ( 'NONE', *, *, #3279, .T. ) ;
#3094 = CARTESIAN_POINT ( 'NONE',  ( -28.24876066085885640, 34.58241184470386287, -9.849646739024599640 ) ) ;
#3095 = ORIENTED_EDGE ( 'NONE', *, *, #2935, .F. ) ;
#3096 = CARTESIAN_POINT ( 'NONE',  ( 0.000000000000000000, -17.70000000000004903, -51.99999999999997868 ) ) ;
#3097 = EDGE_CURVE ( 'NONE', #1824, #2499, #3054, .T. ) ;
#3098 = FACE_OUTER_BOUND ( 'NONE', #4200, .T. ) ;
#3099 = DIRECTION ( 'NONE',  ( 0.000000000000000000, 1.000000000000000000, 0.000000000000000000 ) ) ;
#3100 = CIRCLE ( 'NONE', #3351, 30.32500000000000284 ) ;
#3101 = EDGE_LOOP ( 'NONE', ( #3457, #1319, #1104, #3240 ) ) ;
#3102 = CARTESIAN_POINT ( 'NONE',  ( -28.38631419281028201, 38.19999999999999574, -10.54999999989151682 ) ) ;
#3103 = ORIENTED_EDGE ( 'NONE', *, *, #931, .F. ) ;
#3104 = DIRECTION ( 'NONE',  ( 0.000000000000000000, 1.000000000000000000, 0.000000000000000000 ) ) ;
#3105 = ORIENTED_EDGE ( 'NONE', *, *, #2973, .F. ) ;
#3106 = CIRCLE ( 'NONE', #2292, 0.3499999999999993672 ) ;
#3107 = VECTOR ( 'NONE', #526, 1000.000000000000000 ) ;
#3108 = CARTESIAN_POINT ( 'NONE',  ( -27.73631419275932686, 39.69648236329457092, 9.550000000025482549 ) ) ;
#3109 = CARTESIAN_POINT ( 'NONE',  ( -25.54645125846596088, 39.55000000000011084, -10.17982456129883495 ) ) ;
#3110 = PLANE ( 'NONE',  #1846 ) ;
#3111 = AXIS2_PLACEMENT_3D ( 'NONE', #4220, #4625, #699 ) ;
#3112 = CARTESIAN_POINT ( 'NONE',  ( -28.18224645171727261, 38.51067243690155095, -9.647658086505694897 ) ) ;
#3113 = FACE_OUTER_BOUND ( 'NONE', #1960, .T. ) ;
#3114 = VECTOR ( 'NONE', #2007, 1000.000000000000000 ) ;
#3115 = CARTESIAN_POINT ( 'NONE',  ( -26.04918983158952273, 40.54701282728266420, -8.823457325774661797 ) ) ;
#3116 = DIRECTION ( 'NONE',  ( -0.000000000000000000, 0.000000000000000000, -1.000000000000000000 ) ) ;
#3117 = ADVANCED_FACE ( 'NONE', ( #3796 ), #3422, .F. ) ;
#3118 = CIRCLE ( 'NONE', #2383, 1.250000000000001110 ) ;
#3119 = DIRECTION ( 'NONE',  ( 0.000000000000000000, 1.000000000000000000, 0.000000000000000000 ) ) ;
#3120 = ORIENTED_EDGE ( 'NONE', *, *, #2847, .T. ) ;
#3121 = ORIENTED_EDGE ( 'NONE', *, *, #4289, .T. ) ;
#3122 = CARTESIAN_POINT ( 'NONE',  ( -26.93238061365137170, 35.01391520121640610, -9.549999999891516822 ) ) ;
#3123 = CIRCLE ( 'NONE', #1995, 51.99999999999997868 ) ;
#3124 = CARTESIAN_POINT ( 'NONE',  ( -28.37733470570240257, 37.84999999999998721, 10.55000000002548788 ) ) ;
#3125 = CYLINDRICAL_SURFACE ( 'NONE', #4016, 51.99999999999997868 ) ;
#3126 = CYLINDRICAL_SURFACE ( 'NONE', #389, 1.000000000000000888 ) ;
#3127 = CARTESIAN_POINT ( 'NONE',  ( 0.000000000000000000, 0.000000000000000000, 0.000000000000000000 ) ) ;
#3128 = ORIENTED_EDGE ( 'NONE', *, *, #2878, .F. ) ;
#3129 = FACE_BOUND ( 'NONE', #4840, .T. ) ;
#3130 = VERTEX_POINT ( 'NONE', #2612 ) ;
#3131 = FACE_OUTER_BOUND ( 'NONE', #844, .T. ) ;
#3132 = VERTEX_POINT ( 'NONE', #2202 ) ;
#3133 = ADVANCED_FACE ( 'NONE', ( #3846 ), #1441, .T. ) ;
#3134 = DIRECTION ( 'NONE',  ( 0.000000000000000000, 0.000000000000000000, -1.000000000000000000 ) ) ;
#3135 = DIRECTION ( 'NONE',  ( -0.000000000000000000, 1.000000000000000000, -0.000000000000000000 ) ) ;
#3136 = DIRECTION ( 'NONE',  ( -0.000000000000000000, -1.000000000000000000, 0.000000000000000000 ) ) ;
#3137 = CARTESIAN_POINT ( 'NONE',  ( -28.24105422730148263, 38.12962706240016786, -9.836753667795898437 ) ) ;
#3138 = CARTESIAN_POINT ( 'NONE',  ( -41.50000000000009237, 3.174999999999999822, 2.250000000000002220 ) ) ;
#3139 = AXIS2_PLACEMENT_3D ( 'NONE', #4701, #2801, #4341 ) ;
#3140 = CARTESIAN_POINT ( 'NONE',  ( 0.000000000000000000, 37.84999999999999432, 10.55000000002548433 ) ) ;
#3141 = DIRECTION ( 'NONE',  ( 1.000000000000000000, 0.000000000000000000, 0.000000000000000000 ) ) ;
#3142 = UNCERTAINTY_MEASURE_WITH_UNIT (LENGTH_MEASURE( 1.000000000000000082E-05 ), #116, 'distance_accuracy_value', 'NONE');
#3143 = DIRECTION ( 'NONE',  ( 0.000000000000000000, -1.000000000000000000, 0.000000000000000000 ) ) ;
#3144 = VERTEX_POINT ( 'NONE', #2641 ) ;
#3145 = APPLICATION_PROTOCOL_DEFINITION ( 'draft international standard', 'automotive_design', 1998, #891 ) ;
#3146 = EDGE_CURVE ( 'NONE', #4792, #42, #405, .T. ) ;
#3147 = EDGE_LOOP ( 'NONE', ( #900, #82 ) ) ;
#3148 = CARTESIAN_POINT ( 'NONE',  ( -28.21858466109697616, 35.14290745110393033, -9.549999999891205960 ) ) ;
#3149 = CARTESIAN_POINT ( 'NONE',  ( -29.18657898671430218, 39.58042237231243377, -9.550000000234392772 ) ) ;
#3150 = ORIENTED_EDGE ( 'NONE', *, *, #705, .T. ) ;
#3151 = CARTESIAN_POINT ( 'NONE',  ( -25.54645125846596088, 33.14999999533011277, -10.17982456129883495 ) ) ;
#3152 = VERTEX_POINT ( 'NONE', #1554 ) ;
#3153 = CARTESIAN_POINT ( 'NONE',  ( -29.17703381720433597, 32.90401924085973207, -9.546478534509681424 ) ) ;
#3154 = EDGE_CURVE ( 'NONE', #869, #4766, #4542, .T. ) ;
#3155 = FACE_BOUND ( 'NONE', #3549, .T. ) ;
#3156 = ORIENTED_EDGE ( 'NONE', *, *, #4934, .T. ) ;
#3157 = CARTESIAN_POINT ( 'NONE',  ( -27.93923883043980894, 34.12035714546868803, 9.550059493316597425 ) ) ;
#3158 = ORIENTED_EDGE ( 'NONE', *, *, #600, .T. ) ;
#3159 = CARTESIAN_POINT ( 'NONE',  ( -28.35163397960673493, 34.77288578885780623, 10.14678211635290950 ) ) ;
#3160 = CARTESIAN_POINT ( 'NONE',  ( 0.000000000000000000, 47.21999999999999176, 0.000000000000000000 ) ) ;
#3161 = CARTESIAN_POINT ( 'NONE',  ( -26.03006536204987142, 31.25207271614475246, -8.871337838579391288 ) ) ;
#3162 = CARTESIAN_POINT ( 'NONE',  ( -28.61084486717140507, 37.98975203083725205, -10.03739264229632155 ) ) ;
#3163 = EDGE_CURVE ( 'NONE', #1944, #2430, #682, .T. ) ;
#3164 = EDGE_CURVE ( 'NONE', #4266, #912, #4958, .T. ) ;
#3165 = CIRCLE ( 'NONE', #3811, 0.3499999999999983125 ) ;
#3166 = FACE_BOUND ( 'NONE', #1897, .T. ) ;
#3167 = FACE_OUTER_BOUND ( 'NONE', #4757, .T. ) ;
#3168 = AXIS2_PLACEMENT_3D ( 'NONE', #2196, #1858, #4927 ) ;
#3169 = CARTESIAN_POINT ( 'NONE',  ( 0.000000000000000000, 34.84999999999999432, 30.27500000000000213 ) ) ;
#3170 = ORIENTED_EDGE ( 'NONE', *, *, #2117, .F. ) ;
#3171 = VERTEX_POINT ( 'NONE', #3447 ) ;
#3172 = DIRECTION ( 'NONE',  ( 0.000000000000000000, 0.000000000000000000, 1.000000000000000000 ) ) ;
#3173 = CARTESIAN_POINT ( 'NONE',  ( -11.58493919600778987, 47.21999999999999176, 14.12373356768063637 ) ) ;
#3174 = CARTESIAN_POINT ( 'NONE',  ( -27.83549931068098005, 40.06402006384023906, -9.418028605377129381 ) ) ;
#3175 = ADVANCED_FACE ( 'NONE', ( #1838 ), #7, .T. ) ;
#3176 = TOROIDAL_SURFACE ( 'NONE', #1018, 30.27500000000000213, 0.3499999999999999778 ) ;
#3177 = VECTOR ( 'NONE', #902, 1000.000000000000000 ) ;
#3178 = CARTESIAN_POINT ( 'NONE',  ( 0.000000000000000000, 35.19999999999999574, 0.000000000000000000 ) ) ;
#3179 = CARTESIAN_POINT ( 'NONE',  ( -28.03976495198918784, 32.32772466739554318, -9.133431204681249582 ) ) ;
#3180 = EDGE_CURVE ( 'NONE', #4283, #1273, #1279, .T. ) ;
#3181 = ORIENTED_EDGE ( 'NONE', *, *, #4177, .F. ) ;
#3182 = DIRECTION ( 'NONE',  ( 0.000000000000000000, 0.000000000000000000, 1.000000000000000000 ) ) ;
#3183 = ORIENTED_EDGE ( 'NONE', *, *, #653, .F. ) ;
#3184 = ORIENTED_EDGE ( 'NONE', *, *, #2861, .T. ) ;
#3185 = AXIS2_PLACEMENT_3D ( 'NONE', #80, #3143, #3250 ) ;
#3186 = DIRECTION ( 'NONE',  ( -0.000000000000000000, -1.000000000000000000, 0.000000000000000000 ) ) ;
#3187 = B_SPLINE_CURVE_WITH_KNOTS ( 'NONE', 3,
 ( #1841, #3400, #1888, #2193, #4949, #3659, #2500, #1151, #2284, #813, #1543, #3860, #4392, #88, #943, #2044 ),
 .UNSPECIFIED., .F., .F.,
 ( 4, 2, 2, 2, 2, 2, 2, 4 ),
 ( 0.000000000000000000, 0.0004133667644735146830, 0.0008267335289470293660, 0.001240100293420543995, 0.001653467057894058732, 0.002066833822367573469, 0.002480200586841087990, 0.003306934115788124837 ),
 .UNSPECIFIED. ) ;
#3188 = CARTESIAN_POINT ( 'NONE',  ( -28.37733470575221872, 34.83618540452605572, -10.38435475275244002 ) ) ;
#3189 = DIRECTION ( 'NONE',  ( 0.000000000000000000, 0.000000000000000000, 1.000000000000000000 ) ) ;
#3190 = LINE ( 'NONE', #4747, #312 ) ;
#3191 = CIRCLE ( 'NONE', #2873, 0.3499999999999998668 ) ;
#3192 = AXIS2_PLACEMENT_3D ( 'NONE', #479, #1310, #4355 ) ;
#3193 = CARTESIAN_POINT ( 'NONE',  ( 0.000000000000000000, 45.71999999999999176, 0.000000000000000000 ) ) ;
#3194 = CARTESIAN_POINT ( 'NONE',  ( 0.000000000000000000, 0.000000000000000000, -41.50000000000009237 ) ) ;
#3195 = FACE_OUTER_BOUND ( 'NONE', #2091, .T. ) ;
#3196 = LINE ( 'NONE', #531, #1264 ) ;
#3197 = VECTOR ( 'NONE', #89, 1000.000000000000000 ) ;
#3198 = EDGE_LOOP ( 'NONE', ( #3158, #566 ) ) ;
#3199 = ORIENTED_EDGE ( 'NONE', *, *, #1967, .T. ) ;
#3200 = EDGE_CURVE ( 'NONE', #3705, #916, #13, .T. ) ;
#3201 = CARTESIAN_POINT ( 'NONE',  ( -28.26404589099071885, 35.22948812063410173, -9.549999999891596758 ) ) ;
#3202 = VECTOR ( 'NONE', #1899, 999.9999999999998863 ) ;
#3203 = EDGE_CURVE ( 'NONE', #1676, #2693, #2079, .T. ) ;
#3204 = CONICAL_SURFACE ( 'NONE', #1519, 52.00000000000017764, 0.7853981633974432830 ) ;
#3205 = ORIENTED_EDGE ( 'NONE', *, *, #193, .F. ) ;
#3206 = ORIENTED_EDGE ( 'NONE', *, *, #4062, .F. ) ;
#3207 = VECTOR ( 'NONE', #3249, 1000.000000000000000 ) ;
#3208 = CIRCLE ( 'NONE', #1683, 51.99999999999999289 ) ;
#3209 = DIRECTION ( 'NONE',  ( -0.000000000000000000, -1.000000000000000000, -0.000000000000000000 ) ) ;
#3210 = FACE_OUTER_BOUND ( 'NONE', #3688, .T. ) ;
#3211 = ORIENTED_EDGE ( 'NONE', *, *, #4991, .F. ) ;
#3212 = AXIS2_PLACEMENT_3D ( 'NONE', #4699, #3229, #4308 ) ;
#3213 = CARTESIAN_POINT ( 'NONE',  ( 6.368163355566232437E-15, 0.000000000000000000, -51.99999999999997868 ) ) ;
#3214 = VERTEX_POINT ( 'NONE', #498 ) ;
#3215 = EDGE_LOOP ( 'NONE', ( #3630, #1334, #4808, #746 ) ) ;
#3216 = CARTESIAN_POINT ( 'NONE',  ( -29.34493141924177095, 3.174999999999999822, -31.59493141924177451 ) ) ;
#3217 = CARTESIAN_POINT ( 'NONE',  ( -28.24875275659354656, 34.58239889391794719, 9.849631711105947929 ) ) ;
#3218 = DIRECTION ( 'NONE',  ( 0.000000000000000000, 0.000000000000000000, -1.000000000000000000 ) ) ;
#3219 = CARTESIAN_POINT ( 'NONE',  ( -25.91024262266581601, 31.40043696833049580, -9.217867347157199021 ) ) ;
#3220 = CARTESIAN_POINT ( 'NONE',  ( -27.73631419281027988, 38.70933866224476816, -9.549999999891518598 ) ) ;
#3221 =( BOUNDED_CURVE ( )  B_SPLINE_CURVE ( 3, ( #4021, #1354, #2126, #2888 ),
 .UNSPECIFIED., .F., .T. ) 
 B_SPLINE_CURVE_WITH_KNOTS ( ( 4, 4 ),
 ( 0.000000000000000000, 0.1664122612411194080 ),
 .UNSPECIFIED. ) 
 CURVE ( )  GEOMETRIC_REPRESENTATION_ITEM ( )  RATIONAL_B_SPLINE_CURVE ( ( 1.000000000000000000, 0.9976935777332562871, 0.9976935777332562871, 1.000000000000000000 ) ) 
 REPRESENTATION_ITEM ( '' )  );
#3222 = DIRECTION ( 'NONE',  ( 0.000000000000000000, 0.000000000000000000, -1.000000000000000000 ) ) ;
#3223 = CARTESIAN_POINT ( 'NONE',  ( -26.15291207168476362, 41.53704251957801574, -8.502463073290433826 ) ) ;
#3224 = CYLINDRICAL_SURFACE ( 'NONE', #542, 29.92500000000000426 ) ;
#3225 = CARTESIAN_POINT ( 'NONE',  ( -28.67098358425921845, 33.14999999533011277, 10.90551811291597772 ) ) ;
#3226 = EDGE_CURVE ( 'NONE', #4938, #1426, #3486, .T. ) ;
#3227 = EDGE_LOOP ( 'NONE', ( #108, #2552, #4334, #2287 ) ) ;
#3228 = ORIENTED_EDGE ( 'NONE', *, *, #3328, .F. ) ;
#3229 = DIRECTION ( 'NONE',  ( -0.000000000000000000, -1.000000000000000000, -0.000000000000000000 ) ) ;
#3230 = CARTESIAN_POINT ( 'NONE',  ( -29.17561135246447890, 39.83672717261017482, -9.543560759366032542 ) ) ;
#3231 = ORIENTED_EDGE ( 'NONE', *, *, #3353, .T. ) ;
#3232 = ORIENTED_EDGE ( 'NONE', *, *, #4121, .T. ) ;
#3233 = CARTESIAN_POINT ( 'NONE',  ( -26.89806861818887285, 32.24756180805184869, 8.985623862311948429 ) ) ;
#3234 = CYLINDRICAL_SURFACE ( 'NONE', #154, 2.250000000000002220 ) ;
#3235 = CARTESIAN_POINT ( 'NONE',  ( -27.86349142869887530, 35.19999999999999574, 10.91473638723466166 ) ) ;
#3236 = EDGE_CURVE ( 'NONE', #2910, #40, #3615, .T. ) ;
#3237 = DIRECTION ( 'NONE',  ( -0.000000000000000000, -1.000000000000000000, -0.000000000000000000 ) ) ;
#3238 = ORIENTED_EDGE ( 'NONE', *, *, #1809, .T. ) ;
#3239 = ORIENTED_EDGE ( 'NONE', *, *, #4062, .T. ) ;
#3240 = ORIENTED_EDGE ( 'NONE', *, *, #4051, .T. ) ;
#3241 = CARTESIAN_POINT ( 'NONE',  ( -27.96811281452364994, 38.61303747974903899, 9.550000000025761437 ) ) ;
#3242 = DIRECTION ( 'NONE',  ( -0.000000000000000000, -1.000000000000000000, 0.000000000000000000 ) ) ;
#3243 = CARTESIAN_POINT ( 'NONE',  ( -29.17903504316858232, 39.94044199690152652, 9.516196983188075720 ) ) ;
#3244 = CARTESIAN_POINT ( 'NONE',  ( -28.70040407537009841, 34.47665832692518251, -10.25280687169430571 ) ) ;
#3245 = CARTESIAN_POINT ( 'NONE',  ( -28.37733470570240968, 38.20897948705690794, 10.44233058939190251 ) ) ;
#3246 = CARTESIAN_POINT ( 'NONE',  ( -43.85000000000004405, 3.174999999999999822, 2.727178028658938214 ) ) ;
#3247 = CARTESIAN_POINT ( 'NONE',  ( -26.07187815899591854, 41.48665940377996719, -8.747791572986521658 ) ) ;
#3248 = CARTESIAN_POINT ( 'NONE',  ( -18.38358270375472969, -7.700000000000050804, -50.50847836724256013 ) ) ;
#3249 = DIRECTION ( 'NONE',  ( 0.000000000000000000, 1.000000000000000000, 0.000000000000000000 ) ) ;
#3250 = DIRECTION ( 'NONE',  ( 0.000000000000000000, 0.000000000000000000, -1.000000000000000000 ) ) ;
#3251 = EDGE_CURVE ( 'NONE', #3777, #2511, #2753, .T. ) ;
#3252 = ORIENTED_EDGE ( 'NONE', *, *, #3317, .F. ) ;
#3253 = ORIENTED_EDGE ( 'NONE', *, *, #614, .F. ) ;
#3254 = DIRECTION ( 'NONE',  ( -0.000000000000000000, 1.000000000000000000, -0.000000000000000000 ) ) ;
#3255 = CIRCLE ( 'NONE', #3886, 30.67500000000000071 ) ;
#3256 = ORIENTED_EDGE ( 'NONE', *, *, #771, .T. ) ;
#3257 = FACE_OUTER_BOUND ( 'NONE', #2517, .T. ) ;
#3258 = CARTESIAN_POINT ( 'NONE',  ( -27.50844948576382976, 38.59201862409035044, -9.549999999891516822 ) ) ;
#3259 = CARTESIAN_POINT ( 'NONE',  ( -29.37419337848789169, 31.14999999533010921, -8.838121314125437777 ) ) ;
#3260 = VERTEX_POINT ( 'NONE', #2027 ) ;
#3261 = AXIS2_PLACEMENT_3D ( 'NONE', #208, #2053, #828 ) ;
#3262 = EDGE_LOOP ( 'NONE', ( #2670, #4946, #348, #3940 ) ) ;
#3263 = ORIENTED_EDGE ( 'NONE', *, *, #2375, .F. ) ;
#3264 = ADVANCED_FACE ( 'NONE', ( #3943 ), #3110, .F. ) ;
#3265 = CARTESIAN_POINT ( 'NONE',  ( -27.02193467891534340, 40.52518462587229209, -8.806254308086485239 ) ) ;
#3266 = CARTESIAN_POINT ( 'NONE',  ( -27.86349142869887885, 35.19999999999999574, 10.91473638723466166 ) ) ;
#3267 = DIRECTION ( 'NONE',  ( 0.000000000000000000, -1.000000000000000000, 0.000000000000000000 ) ) ;
#3268 = SURFACE_STYLE_USAGE ( .BOTH. , #2103 ) ;
#3269 = DIRECTION ( 'NONE',  ( 1.000000000000000000, 0.000000000000000000, 0.000000000000000000 ) ) ;
#3270 = FACE_OUTER_BOUND ( 'NONE', #3289, .T. ) ;
#3271 = DIRECTION ( 'NONE',  ( 0.000000000000000000, 0.000000000000000000, 1.000000000000000000 ) ) ;
#3272 = FACE_OUTER_BOUND ( 'NONE', #3035, .T. ) ;
#3273 = CARTESIAN_POINT ( 'NONE',  ( -27.18726724037493980, 40.55000000000011084, 8.550000000025480773 ) ) ;
#3274 = CIRCLE ( 'NONE', #856, 28.50000000000000000 ) ;
#3275 = DIRECTION ( 'NONE',  ( 0.000000000000000000, 0.000000000000000000, 1.000000000000000000 ) ) ;
#3276 = ORIENTED_EDGE ( 'NONE', *, *, #2475, .T. ) ;
#3277 = ORIENTED_EDGE ( 'NONE', *, *, #1467, .T. ) ;
#3278 = CARTESIAN_POINT ( 'NONE',  ( -26.87180118862221079, 40.43905367160517272, -9.024090387295533588 ) ) ;
#3279 = EDGE_CURVE ( 'NONE', #3130, #1426, #3601, .T. ) ;
#3280 = PLANE ( 'NONE',  #1186 ) ;
#3281 = EDGE_CURVE ( 'NONE', #4807, #133, #4336, .T. ) ;
#3282 = CIRCLE ( 'NONE', #1755, 2.250000000000001776 ) ;
#3283 = CARTESIAN_POINT ( 'NONE',  ( -29.21315293918139844, 41.48996266591726112, -9.357643980102455572 ) ) ;
#3284 = AXIS2_PLACEMENT_3D ( 'NONE', #2931, #2881, #203 ) ;
#3285 = VERTEX_POINT ( 'NONE', #450 ) ;
#3286 = CARTESIAN_POINT ( 'NONE',  ( -25.81350122070044506, 32.80645080680485393, 9.505936929289035220 ) ) ;
#3287 = CARTESIAN_POINT ( 'NONE',  ( -28.31355776942390179, 37.84999999999998721, -10.59418750294916656 ) ) ;
#3288 = CARTESIAN_POINT ( 'NONE',  ( -27.86349142869887885, 37.56626871236550613, 10.91473638723465811 ) ) ;
#3289 = EDGE_LOOP ( 'NONE', ( #3782, #724, #4348, #4817 ) ) ;
#3290 = VERTEX_POINT ( 'NONE', #2450 ) ;
#3291 = AXIS2_PLACEMENT_3D ( 'NONE', #3465, #449, #25 ) ;
#3292 =( GEOMETRIC_REPRESENTATION_CONTEXT ( 3 ) GLOBAL_UNCERTAINTY_ASSIGNED_CONTEXT ( ( #1982 ) ) GLOBAL_UNIT_ASSIGNED_CONTEXT ( ( #1380, #2915, #2083 ) ) REPRESENTATION_CONTEXT ( 'NONE', 'WORKASPACE' ) );
#3293 = DIRECTION ( 'NONE',  ( 0.000000000000000000, 0.000000000000000000, 1.000000000000000000 ) ) ;
#3294 = CARTESIAN_POINT ( 'NONE',  ( -26.47541312235679456, 39.55000000000011084, 9.550000000025482549 ) ) ;
#3295 = LINE ( 'NONE', #4850, #2307 ) ;
#3296 = CARTESIAN_POINT ( 'NONE',  ( -28.73168836606414089, 34.49699321261706331, 10.43906099898928552 ) ) ;
#3297 = DIRECTION ( 'NONE',  ( 0.000000000000000000, 1.000000000000000000, 0.000000000000000000 ) ) ;
#3298 = CARTESIAN_POINT ( 'NONE',  ( -29.09179604125210972, 31.34044265727601442, 9.728279600070951716 ) ) ;
#3299 = DIRECTION ( 'NONE',  ( 0.000000000000000000, 1.000000000000000000, 0.000000000000000000 ) ) ;
#3300 = CARTESIAN_POINT ( 'NONE',  ( -25.80130445170708242, 39.72154472050593910, 9.539324895544350369 ) ) ;
#3301 = CARTESIAN_POINT ( 'NONE',  ( -27.86349142875317142, 35.13373128763497277, -10.91473638709606497 ) ) ;
#3302 = EDGE_CURVE ( 'NONE', #2715, #4318, #2887, .T. ) ;
#3303 = FACE_BOUND ( 'NONE', #4004, .T. ) ;
#3304 = ORIENTED_EDGE ( 'NONE', *, *, #511, .F. ) ;
#3305 = ORIENTED_EDGE ( 'NONE', *, *, #4014, .T. ) ;
#3306 = CARTESIAN_POINT ( 'NONE',  ( 50.50847836724262407, -7.700000000000050804, -18.38358270375455206 ) ) ;
#3307 = CARTESIAN_POINT ( 'NONE',  ( -29.37419337848788814, 41.55000000000012506, -8.838121314125434225 ) ) ;
#3308 = B_SPLINE_CURVE_WITH_KNOTS ( 'NONE', 3,
 ( #2864, #128, #4750, #1285 ),
 .UNSPECIFIED., .F., .F.,
 ( 4, 4 ),
 ( 3.811954623749426722E-17, 0.004627771908484235031 ),
 .UNSPECIFIED. ) ;
#3309 = DIRECTION ( 'NONE',  ( 0.000000000000000000, 1.000000000000000000, 0.000000000000000000 ) ) ;
#3310 = VERTEX_POINT ( 'NONE', #652 ) ;
#3311 = MANIFOLD_SOLID_BREP ( 'Chamfer4', #4443 ) ;
#3312 = FACE_BOUND ( 'NONE', #4495, .T. ) ;
#3313 = EDGE_LOOP ( 'NONE', ( #594, #2632, #1078, #4110, #2659, #2330 ) ) ;
#3314 = CARTESIAN_POINT ( 'NONE',  ( -25.91135023533344750, 31.41148796826187350, 9.212175334300054530 ) ) ;
#3315 = ORIENTED_EDGE ( 'NONE', *, *, #2814, .F. ) ;
#3316 = CARTESIAN_POINT ( 'NONE',  ( -28.34384929723425373, 34.49999999999998579, 10.78108677340430077 ) ) ;
#3317 = EDGE_CURVE ( 'NONE', #2382, #444, #1126, .T. ) ;
#3318 = DIRECTION ( 'NONE',  ( 0.000000000000000000, 0.000000000000000000, 1.000000000000000000 ) ) ;
#3319 = DIRECTION ( 'NONE',  ( 0.000000000000000000, 0.000000000000000000, 1.000000000000000000 ) ) ;
#3320 = DIRECTION ( 'NONE',  ( 1.000000000000000000, 0.000000000000000000, -0.000000000000000000 ) ) ;
#3321 = CARTESIAN_POINT ( 'NONE',  ( -28.29189086591245683, 38.04342278220907758, -9.940894942373654786 ) ) ;
#3322 = CARTESIAN_POINT ( 'NONE',  ( 6.368163355566234015E-15, -7.700000000000054357, -51.99999999999999289 ) ) ;
#3323 = LINE ( 'NONE', #2997, #400 ) ;
#3324 = CARTESIAN_POINT ( 'NONE',  ( -27.73631419275933041, 33.07683347587968825, 9.550000000025484326 ) ) ;
#3325 = CARTESIAN_POINT ( 'NONE',  ( -28.33994211778338013, 32.14999999533009856, 8.677388365088912536 ) ) ;
#3326 = VERTEX_POINT ( 'NONE', #2151 ) ;
#3327 = DIRECTION ( 'NONE',  ( 0.000000000000000000, 0.000000000000000000, 1.000000000000000000 ) ) ;
#3328 = EDGE_CURVE ( 'NONE', #2983, #2793, #2722, .T. ) ;
#3329 = EDGE_CURVE ( 'NONE', #1901, #4397, #3776, .T. ) ;
#3330 = LINE ( 'NONE', #4884, #2604 ) ;
#3331 = EDGE_LOOP ( 'NONE', ( #432, #297, #4018, #4224 ) ) ;
#3332 = CARTESIAN_POINT ( 'NONE',  ( 0.000000000000000000, -25.95000000000021956, -53.75000000000000000 ) ) ;
#3333 = ORIENTED_EDGE ( 'NONE', *, *, #550, .T. ) ;
#3334 = ORIENTED_EDGE ( 'NONE', *, *, #1201, .T. ) ;
#3335 = EDGE_CURVE ( 'NONE', #3980, #4768, #3295, .T. ) ;
#3336 = ADVANCED_FACE ( 'NONE', ( #4798 ), #1356, .F. ) ;
#3337 = DIRECTION ( 'NONE',  ( 0.000000000000000000, 0.000000000000000000, 1.000000000000000000 ) ) ;
#3338 = AXIS2_PLACEMENT_3D ( 'NONE', #686, #3778, #2206 ) ;
#3339 = CARTESIAN_POINT ( 'NONE',  ( -27.96182741549919726, 38.61563589943450836, 9.550000000027978331 ) ) ;
#3340 = DIRECTION ( 'NONE',  ( -0.000000000000000000, -1.000000000000000000, -0.000000000000000000 ) ) ;
#3341 = CARTESIAN_POINT ( 'NONE',  ( -28.38631419275932544, 34.84999999999999432, 10.55000000002548433 ) ) ;
#3342 = AXIS2_PLACEMENT_3D ( 'NONE', #2745, #4246, #3182 ) ;
#3343 = DIRECTION ( 'NONE',  ( 0.000000000000000000, 1.000000000000000000, 0.000000000000000000 ) ) ;
#3344 = DIRECTION ( 'NONE',  ( -0.3420201433256694901, 0.000000000000000000, -0.9396926207859082059 ) ) ;
#3345 = CARTESIAN_POINT ( 'NONE',  ( 0.000000000000000000, 8.326672684688674053E-14, 55.49999999999997868 ) ) ;
#3346 = DIRECTION ( 'NONE',  ( 0.000000000000000000, 0.000000000000000000, -1.000000000000000000 ) ) ;
#3347 = CYLINDRICAL_SURFACE ( 'NONE', #2061, 2.250000000000001776 ) ;
#3348 = ORIENTED_EDGE ( 'NONE', *, *, #3302, .T. ) ;
#3349 = DIRECTION ( 'NONE',  ( 0.3420201433256661594, 0.000000000000000000, 0.9396926207859093161 ) ) ;
#3350 = LINE ( 'NONE', #4910, #2225 ) ;
#3351 = AXIS2_PLACEMENT_3D ( 'NONE', #1256, #4752, #2062 ) ;
#3352 = FACE_OUTER_BOUND ( 'NONE', #2901, .T. ) ;
#3353 = EDGE_CURVE ( 'NONE', #2216, #2241, #2506, .T. ) ;
#3354 = ORIENTED_EDGE ( 'NONE', *, *, #4457, .F. ) ;
#3355 = EDGE_CURVE ( 'NONE', #275, #4727, #4925, .T. ) ;
#3356 = AXIS2_PLACEMENT_3D ( 'NONE', #4823, #2916, #2531 ) ;
#3357 = AXIS2_PLACEMENT_3D ( 'NONE', #2372, #3919, #78 ) ;
#3358 = DIRECTION ( 'NONE',  ( -0.000000000000000000, -1.000000000000000000, -0.000000000000000000 ) ) ;
#3359 = CIRCLE ( 'NONE', #4171, 2.250000000000001776 ) ;
#3360 = LINE ( 'NONE', #1124, #3587 ) ;
#3361 = VERTEX_POINT ( 'NONE', #1405 ) ;
#3362 = DIRECTION ( 'NONE',  ( 0.000000000000000000, 0.000000000000000000, -1.000000000000000000 ) ) ;
#3363 = ORIENTED_EDGE ( 'NONE', *, *, #2613, .F. ) ;
#3364 = AXIS2_PLACEMENT_3D ( 'NONE', #359, #1890, #4281 ) ;
#3365 = CARTESIAN_POINT ( 'NONE',  ( -28.26968555609624545, 34.84999999999999432, 10.62458412698197918 ) ) ;
#3366 = DIRECTION ( 'NONE',  ( 0.000000000000000000, 1.000000000000000000, 0.000000000000000000 ) ) ;
#3367 = CARTESIAN_POINT ( 'NONE',  ( -29.19427338146244466, 32.60094355655746057, -9.447778387888362772 ) ) ;
#3368 = DIRECTION ( 'NONE',  ( -1.000000000000000000, 0.000000000000000000, 0.000000000000000000 ) ) ;
#3369 = AXIS2_PLACEMENT_3D ( 'NONE', #607, #4805, #3346 ) ;
#3370 = AXIS2_PLACEMENT_3D ( 'NONE', #1509, #4207, #3485 ) ;
#3371 = CARTESIAN_POINT ( 'NONE',  ( -26.93238060401387202, 35.19999999999999574, 10.55000000002548433 ) ) ;
#3372 = CARTESIAN_POINT ( 'NONE',  ( -26.47541312235679456, 39.55000000000011084, 9.550000000025482549 ) ) ;
#3373 = DIRECTION ( 'NONE',  ( 0.000000000000000000, 1.000000000000000000, 0.000000000000000000 ) ) ;
#3374 = CARTESIAN_POINT ( 'NONE',  ( 0.000000000000000000, 44.19499999999999318, 27.50000000000000000 ) ) ;
#3375 = VECTOR ( 'NONE', #1638, 1000.000000000000000 ) ;
#3376 = ORIENTED_EDGE ( 'NONE', *, *, #4893, .T. ) ;
#3377 = DIRECTION ( 'NONE',  ( 0.000000000000000000, 0.000000000000000000, 1.000000000000000000 ) ) ;
#3378 = FACE_BOUND ( 'NONE', #1019, .T. ) ;
#3379 = DIRECTION ( 'NONE',  ( 0.000000000000000000, 0.000000000000000000, 1.000000000000000000 ) ) ;
#3380 = EDGE_CURVE ( 'NONE', #4449, #745, #565, .T. ) ;
#3381 = CARTESIAN_POINT ( 'NONE',  ( -28.37733470575222583, 38.20897948705804481, -10.44233058925114399 ) ) ;
#3382 = ORIENTED_EDGE ( 'NONE', *, *, #4886, .F. ) ;
#3383 = DIRECTION ( 'NONE',  ( -0.000000000000000000, 1.000000000000000000, -0.000000000000000000 ) ) ;
#3384 = CARTESIAN_POINT ( 'NONE',  ( -27.73631419281027988, 39.55000000000011084, -10.54999999989151682 ) ) ;
#3385 = ORIENTED_EDGE ( 'NONE', *, *, #3053, .F. ) ;
#3386 = VERTEX_POINT ( 'NONE', #4486 ) ;
#3387 = ADVANCED_FACE ( 'NONE', ( #4377 ), #2859, .F. ) ;
#3388 = CARTESIAN_POINT ( 'NONE',  ( -26.47541312241017408, -97.58073580374365008, -10.54999999989151682 ) ) ;
#3389 = ORIENTED_EDGE ( 'NONE', *, *, #171, .F. ) ;
#3390 = LINE ( 'NONE', #4153, #214 ) ;
#3391 = EDGE_LOOP ( 'NONE', ( #1029, #852, #1585, #287 ) ) ;
#3392 = CARTESIAN_POINT ( 'NONE',  ( 0.000000000000000000, -17.70000000000004903, 0.000000000000000000 ) ) ;
#3393 = DIRECTION ( 'NONE',  ( 0.000000000000000000, 0.000000000000000000, 1.000000000000000000 ) ) ;
#3394 = FACE_OUTER_BOUND ( 'NONE', #991, .T. ) ;
#3395 = DIRECTION ( 'NONE',  ( 0.2881213142339189570, 0.000000000000000000, -0.9575939161691241486 ) ) ;
#3396 = CARTESIAN_POINT ( 'NONE',  ( -26.47541312488631249, 39.61810049109806187, 9.550000000025482549 ) ) ;
#3397 = CARTESIAN_POINT ( 'NONE',  ( 18.38358270375472969, -7.700000000000050804, 50.50847836724256013 ) ) ;
#3398 = DIRECTION ( 'NONE',  ( 0.000000000000000000, 1.000000000000000000, 0.000000000000000000 ) ) ;
#3399 = ORIENTED_EDGE ( 'NONE', *, *, #1479, .F. ) ;
#3400 = CARTESIAN_POINT ( 'NONE',  ( -28.67098358425922200, 39.68837105051316172, 10.90551811291598128 ) ) ;
#3401 = CARTESIAN_POINT ( 'NONE',  ( -28.06915282092579744, 38.36479340715095532, 9.645733681122843350 ) ) ;
#3402 = EDGE_CURVE ( 'NONE', #869, #2213, #971, .T. ) ;
#3403 = LINE ( 'NONE', #4962, #2454 ) ;
#3404 = VERTEX_POINT ( 'NONE', #3306 ) ;
#3405 = B_SPLINE_CURVE_WITH_KNOTS ( 'NONE', 3,
 ( #2832, #957, #2733, #596 ),
 .UNSPECIFIED., .F., .F.,
 ( 4, 4 ),
 ( 2.110382192020081271E-16, 0.005102536329959084759 ),
 .UNSPECIFIED. ) ;
#3406 = CARTESIAN_POINT ( 'NONE',  ( -26.93238060406634560, 37.49999999999999289, -9.549999999891518598 ) ) ;
#3407 = EDGE_LOOP ( 'NONE', ( #1125, #1855, #1318, #3790 ) ) ;
#3408 = ORIENTED_EDGE ( 'NONE', *, *, #1764, .F. ) ;
#3409 = AXIS2_PLACEMENT_3D ( 'NONE', #3388, #728, #4951 ) ;
#3410 = CARTESIAN_POINT ( 'NONE',  ( -27.86349142875317497, 37.56637477191777919, -10.91473638709606675 ) ) ;
#3411 = DIRECTION ( 'NONE',  ( 0.000000000000000000, 0.000000000000000000, -1.000000000000000000 ) ) ;
#3412 = AXIS2_PLACEMENT_3D ( 'NONE', #4223, #4973, #1832 ) ;
#3413 = EDGE_LOOP ( 'NONE', ( #2626, #1258, #1121, #1849 ) ) ;
#3414 = ORIENTED_EDGE ( 'NONE', *, *, #1563, .F. ) ;
#3415 = CARTESIAN_POINT ( 'NONE',  ( 0.000000000000000000, -24.20000000000022311, 0.000000000000000000 ) ) ;
#3416 = EDGE_CURVE ( 'NONE', #4890, #3980, #3534, .T. ) ;
#3417 = EDGE_CURVE ( 'NONE', #3962, #3681, #3187, .T. ) ;
#3418 = CIRCLE ( 'NONE', #3731, 27.50000000000000000 ) ;
#3419 = DIRECTION ( 'NONE',  ( 1.000000000000000000, 0.000000000000000000, -0.000000000000000000 ) ) ;
#3420 = CARTESIAN_POINT ( 'NONE',  ( -29.21042588203079404, 41.50018206766278439, 9.368807964847896130 ) ) ;
#3421 = CARTESIAN_POINT ( 'NONE',  ( -27.73631419275932330, 38.19999999999999574, 10.55000000002548433 ) ) ;
#3422 = CYLINDRICAL_SURFACE ( 'NONE', #1049, 1.250000000000001110 ) ;
#3423 = PLANE ( 'NONE',  #1028 ) ;
#3424 = DIRECTION ( 'NONE',  ( 0.000000000000000000, 0.000000000000000000, 1.000000000000000000 ) ) ;
#3425 = CARTESIAN_POINT ( 'NONE',  ( -15.37373356800737412, 37.21999999999999176, -10.33493919631942859 ) ) ;
#3426 = CARTESIAN_POINT ( 'NONE',  ( -43.85000000000004405, 3.174999999999999822, -17.92999999999990735 ) ) ;
#3427 = EDGE_LOOP ( 'NONE', ( #782, #2699, #4626, #3875, #1659, #1940, #3809, #3568 ) ) ;
#3428 = ORIENTED_EDGE ( 'NONE', *, *, #867, .T. ) ;
#3429 = FACE_OUTER_BOUND ( 'NONE', #2821, .T. ) ;
#3430 = ORIENTED_EDGE ( 'NONE', *, *, #1540, .T. ) ;
#3431 = VECTOR ( 'NONE', #2666, 1000.000000000000000 ) ;
#3432 = AXIS2_PLACEMENT_3D ( 'NONE', #129, #2404, #583 ) ;
#3433 = ORIENTED_EDGE ( 'NONE', *, *, #2828, .T. ) ;
#3434 = AXIS2_PLACEMENT_3D ( 'NONE', #3576, #1732, #1352 ) ;
#3435 = LINE ( 'NONE', #765, #3012 ) ;
#3436 = EDGE_CURVE ( 'NONE', #1074, #4605, #917, .T. ) ;
#3437 = ADVANCED_FACE ( 'NONE', ( #2464 ), #3125, .F. ) ;
#3438 = ORIENTED_EDGE ( 'NONE', *, *, #231, .F. ) ;
#3439 = CARTESIAN_POINT ( 'NONE',  ( 2.755455298081544778E-16, 3.174999999999999822, -39.25000000000009237 ) ) ;
#3440 = EDGE_LOOP ( 'NONE', ( #2472, #2809, #2577, #1802, #2443 ) ) ;
#3441 = LINE ( 'NONE', #1880, #2648 ) ;
#3442 = AXIS2_PLACEMENT_3D ( 'NONE', #4268, #4765, #4654 ) ;
#3443 = PLANE ( 'NONE',  #4241 ) ;
#3444 = CARTESIAN_POINT ( 'NONE',  ( -25.64707491087883184, 32.12018451296928845, -9.924176442770008322 ) ) ;
#3445 = AXIS2_PLACEMENT_3D ( 'NONE', #2397, #4296, #448 ) ;
#3446 = CARTESIAN_POINT ( 'NONE',  ( -28.67098358431189098, 33.14999999533011277, -10.90551811277750005 ) ) ;
#3447 = CARTESIAN_POINT ( 'NONE',  ( 3.713741418414348574E-15, 37.84999999999999432, -30.32500000000000284 ) ) ;
#3448 = DIRECTION ( 'NONE',  ( -0.000000000000000000, -1.000000000000000000, -0.000000000000000000 ) ) ;
#3449 = VECTOR ( 'NONE', #1159, 1000.000000000000000 ) ;
#3450 = VECTOR ( 'NONE', #2943, 1000.000000000000000 ) ;
#3451 = ADVANCED_FACE ( 'NONE', ( #4057 ), #4118, .T. ) ;
#3452 = CARTESIAN_POINT ( 'NONE',  ( -28.01243506578754605, 38.81747507392421426, 9.550000000025482549 ) ) ;
#3453 = VECTOR ( 'NONE', #4160, 1000.000000000000000 ) ;
#3454 = DIRECTION ( 'NONE',  ( 0.000000000000000000, 0.000000000000000000, 1.000000000000000000 ) ) ;
#3455 = VERTEX_POINT ( 'NONE', #3755 ) ;
#3456 = ORIENTED_EDGE ( 'NONE', *, *, #4219, .T. ) ;
#3457 = ORIENTED_EDGE ( 'NONE', *, *, #4774, .F. ) ;
#3458 = CARTESIAN_POINT ( 'NONE',  ( 17.78504745293480127, -17.70000000000004903, 48.86401628086719739 ) ) ;
#3459 = CARTESIAN_POINT ( 'NONE',  ( -27.18726724037493980, 31.14999999533010921, 8.550000000025478997 ) ) ;
#3460 = ADVANCED_FACE ( 'NONE', ( #3257 ), #2493, .F. ) ;
#3461 = ORIENTED_EDGE ( 'NONE', *, *, #2544, .T. ) ;
#3462 = VERTEX_POINT ( 'NONE', #4361 ) ;
#3463 = LINE ( 'NONE', #4589, #708 ) ;
#3464 = CARTESIAN_POINT ( 'NONE',  ( -26.47541312493993360, 33.08189950423220438, -9.549999999891520375 ) ) ;
#3465 = CARTESIAN_POINT ( 'NONE',  ( 0.000000000000000000, 35.19999999999999574, 0.000000000000000000 ) ) ;
#3466 = LINE ( 'NONE', #1555, #140 ) ;
#3467 = CARTESIAN_POINT ( 'NONE',  ( 0.000000000000000000, 44.04499999999999460, 0.000000000000000000 ) ) ;
#3468 = CARTESIAN_POINT ( 'NONE',  ( -28.21858466104666974, 37.55709254889342219, 9.550000000025793412 ) ) ;
#3469 = DIRECTION ( 'NONE',  ( 0.000000000000000000, 0.000000000000000000, -1.000000000000000000 ) ) ;
#3470 = ORIENTED_EDGE ( 'NONE', *, *, #2973, .T. ) ;
#3471 = ORIENTED_EDGE ( 'NONE', *, *, #2741, .T. ) ;
#3472 = EDGE_CURVE ( 'NONE', #2768, #2020, #1851, .T. ) ;
#3473 = ADVANCED_FACE ( 'NONE', ( #4674 ), #2013, .T. ) ;
#3474 = ORIENTED_EDGE ( 'NONE', *, *, #3051, .F. ) ;
#3475 = DIRECTION ( 'NONE',  ( -0.000000000000000000, -1.000000000000000000, -0.000000000000000000 ) ) ;
#3476 = LINE ( 'NONE', #3077, #2118 ) ;
#3477 = VERTEX_POINT ( 'NONE', #2380 ) ;
#3478 = CARTESIAN_POINT ( 'NONE',  ( -15.37373356800737412, 44.19499999999999318, -12.83493919631943214 ) ) ;
#3479 = VERTEX_POINT ( 'NONE', #1261 ) ;
#3480 = CARTESIAN_POINT ( 'NONE',  ( -28.24105422725279624, 34.57037293760328822, 9.836753667933439971 ) ) ;
#3481 = ORIENTED_EDGE ( 'NONE', *, *, #474, .T. ) ;
#3482 = EDGE_CURVE ( 'NONE', #2168, #2486, #1603, .T. ) ;
#3483 = VECTOR ( 'NONE', #689, 1000.000000000000000 ) ;
#3484 = CARTESIAN_POINT ( 'NONE',  ( -26.57969581589840047, 32.63509225499549871, -9.417527790871320192 ) ) ;
#3485 = DIRECTION ( 'NONE',  ( 0.000000000000000000, 0.000000000000000000, -1.000000000000000000 ) ) ;
#3486 = LINE ( 'NONE', #879, #2970 ) ;
#3487 = CARTESIAN_POINT ( 'NONE',  ( 0.000000000000000000, 37.49999999999999289, 0.000000000000000000 ) ) ;
#3488 = DIRECTION ( 'NONE',  ( 0.000000000000000000, 1.000000000000000000, 0.000000000000000000 ) ) ;
#3489 = AXIS2_PLACEMENT_3D ( 'NONE', #548, #575, #4432 ) ;
#3490 = CARTESIAN_POINT ( 'NONE',  ( -28.72249959728715041, 38.20897948705691505, 10.38435475289689691 ) ) ;
#3491 = ORIENTED_EDGE ( 'NONE', *, *, #4134, .F. ) ;
#3492 = EDGE_LOOP ( 'NONE', ( #2829, #1918, #1774, #2869 ) ) ;
#3493 = CARTESIAN_POINT ( 'NONE',  ( -27.91987780764514682, 35.04036404109474034, -10.87386455510195482 ) ) ;
#3494 = DIRECTION ( 'NONE',  ( 0.000000000000000000, 0.000000000000000000, 1.000000000000000000 ) ) ;
#3495 = CARTESIAN_POINT ( 'NONE',  ( -26.93238060406634560, 35.19999999999999574, -9.549999999891518598 ) ) ;
#3496 = AXIS2_PLACEMENT_3D ( 'NONE', #636, #3720, #286 ) ;
#3497 = ORIENTED_EDGE ( 'NONE', *, *, #1337, .T. ) ;
#3498 = CARTESIAN_POINT ( 'NONE',  ( -28.71443237363050471, 40.22066379490642163, -10.79075808526599722 ) ) ;
#3499 = VERTEX_POINT ( 'NONE', #109 ) ;
#3500 = CARTESIAN_POINT ( 'NONE',  ( -28.34384929728632940, 34.49999999999998579, -10.78108677326741116 ) ) ;
#3501 = VERTEX_POINT ( 'NONE', #1293 ) ;
#3502 = CIRCLE ( 'NONE', #779, 0.3499999999999996447 ) ;
#3503 = CIRCLE ( 'NONE', #4240, 1.249999999999997558 ) ;
#3504 = TOROIDAL_SURFACE ( 'NONE', #3434, 30.32500000000000284, 0.3499999999999999778 ) ;
#3505 = CARTESIAN_POINT ( 'NONE',  ( -28.29189086586390545, 34.65657721779503220, 9.940894942513050836 ) ) ;
#3506 = DIRECTION ( 'NONE',  ( 0.000000000000000000, 1.000000000000000000, 0.000000000000000000 ) ) ;
#3507 = CARTESIAN_POINT ( 'NONE',  ( -25.62479156944952408, 32.25635599218657745, -9.981123552536477206 ) ) ;
#3508 = AXIS2_PLACEMENT_3D ( 'NONE', #1474, #3014, #4970 ) ;
#3509 = DIRECTION ( 'NONE',  ( 1.000000000000000000, 0.000000000000000000, 3.491481338843133355E-15 ) ) ;
#3510 = CARTESIAN_POINT ( 'NONE',  ( -27.86349143001829276, 37.54824420719992162, 10.91473638386630896 ) ) ;
#3511 = CARTESIAN_POINT ( 'NONE',  ( -41.50000000000009237, 3.174999999999999822, 0.000000000000000000 ) ) ;
#3512 = AXIS2_PLACEMENT_3D ( 'NONE', #3043, #3395, #4956 ) ;
#3513 = DIRECTION ( 'NONE',  ( -0.1634184524781331360, 0.1634184524781331360, 0.9729279617624854160 ) ) ;
#3514 = ORIENTED_EDGE ( 'NONE', *, *, #2741, .F. ) ;
#3515 = ORIENTED_EDGE ( 'NONE', *, *, #4063, .T. ) ;
#3516 = CARTESIAN_POINT ( 'NONE',  ( -27.02873878624389903, 40.52699916040375427, 8.795943819433393429 ) ) ;
#3517 = CARTESIAN_POINT ( 'NONE',  ( -27.76530000547916188, 39.83291834235398454, -9.511764048341209588 ) ) ;
#3518 = EDGE_CURVE ( 'NONE', #2882, #533, #940, .T. ) ;
#3519 = EDGE_LOOP ( 'NONE', ( #3079, #2842, #2024, #992 ) ) ;
#3520 = B_SPLINE_CURVE_WITH_KNOTS ( 'NONE', 3,
 ( #3708, #2908, #1317, #2850, #668, #2188 ),
 .UNSPECIFIED., .F., .F.,
 ( 4, 2, 4 ),
 ( 0.000000000000000000, 0.0007725675331984934325, 0.001545135066396986865 ),
 .UNSPECIFIED. ) ;
#3521 = DIRECTION ( 'NONE',  ( -0.000000000000000000, -1.000000000000000000, -0.000000000000000000 ) ) ;
#3522 = DIRECTION ( 'NONE',  ( -0.000000000000000000, 1.000000000000000000, -0.000000000000000000 ) ) ;
#3523 = ORIENTED_EDGE ( 'NONE', *, *, #1168, .T. ) ;
#3524 = CARTESIAN_POINT ( 'NONE',  ( -29.34493141924177095, 3.174999999999999822, -29.34493141924177095 ) ) ;
#3525 = ORIENTED_EDGE ( 'NONE', *, *, #1155, .T. ) ;
#3526 = CARTESIAN_POINT ( 'NONE',  ( 2.755455298081544778E-16, 3.174999999999999822, 43.74999999999987210 ) ) ;
#3527 = ORIENTED_EDGE ( 'NONE', *, *, #4979, .F. ) ;
#3528 = ADVANCED_FACE ( 'NONE', ( #135 ), #2823, .T. ) ;
#3529 = ADVANCED_FACE ( 'NONE', ( #54 ), #970, .F. ) ;
#3530 = CARTESIAN_POINT ( 'NONE',  ( -27.73631419275932330, 33.99066133775521337, 9.550000000025482549 ) ) ;
#3531 = CARTESIAN_POINT ( 'NONE',  ( 0.000000000000000000, 3.174999999999999822, -41.50000000000009237 ) ) ;
#3532 = CARTESIAN_POINT ( 'NONE',  ( 0.000000000000000000, 38.19999999999999574, 30.32500000000000284 ) ) ;
#3533 = CARTESIAN_POINT ( 'NONE',  ( -28.44624563116956040, 38.37446869670922212, -9.836753671690516398 ) ) ;
#3534 = B_SPLINE_CURVE_WITH_KNOTS ( 'NONE', 3,
 ( #588, #1389, #3644, #3278, #4085, #170, #2843, #1796, #4880, #4111, #2947, #4497 ),
 .UNSPECIFIED., .F., .F.,
 ( 4, 2, 2, 2, 2, 4 ),
 ( 1.734723475976807094E-18, 0.0004350904961578890354, 0.0008701809923157763360, 0.001087726240394718252, 0.001305271488473660167, 0.001740361984631543998 ),
 .UNSPECIFIED. ) ;
#3535 = CIRCLE ( 'NONE', #2016, 30.67500000000000071 ) ;
#3536 = FACE_BOUND ( 'NONE', #4598, .T. ) ;
#3537 = CARTESIAN_POINT ( 'NONE',  ( 0.000000000000000000, 34.49999999999998579, 0.000000000000000000 ) ) ;
#3538 = FACE_OUTER_BOUND ( 'NONE', #2354, .T. ) ;
#3539 = VERTEX_POINT ( 'NONE', #4860 ) ;
#3540 = EDGE_LOOP ( 'NONE', ( #3105, #4346, #924, #3408 ) ) ;
#3541 = DIRECTION ( 'NONE',  ( 0.000000000000000000, 0.000000000000000000, 1.000000000000000000 ) ) ;
#3542 = EDGE_CURVE ( 'NONE', #1645, #2768, #4882, .T. ) ;
#3543 = VERTEX_POINT ( 'NONE', #2871 ) ;
#3544 = DIRECTION ( 'NONE',  ( 0.000000000000000000, 0.000000000000000000, -1.000000000000000000 ) ) ;
#3545 = LINE ( 'NONE', #143, #610 ) ;
#3546 = DIRECTION ( 'NONE',  ( -1.000000000000000000, 0.000000000000000000, 0.000000000000000000 ) ) ;
#3547 = ORIENTED_EDGE ( 'NONE', *, *, #4051, .F. ) ;
#3548 = CARTESIAN_POINT ( 'NONE',  ( -46.51384310073722617, 0.000000000000000000, -17.92999999999992866 ) ) ;
#3549 = EDGE_LOOP ( 'NONE', ( #257, #1756 ) ) ;
#3550 = EDGE_LOOP ( 'NONE', ( #4999, #3382, #4384, #2138 ) ) ;
#3551 = DIRECTION ( 'NONE',  ( 0.000000000000000000, 0.000000000000000000, 1.000000000000000000 ) ) ;
#3552 = CARTESIAN_POINT ( 'NONE',  ( -28.36850804347709243, 34.81409014078447228, -10.25280840906043345 ) ) ;
#3553 = ADVANCED_FACE ( 'NONE', ( #1416 ), #2571, .F. ) ;
#3554 = CARTESIAN_POINT ( 'NONE',  ( -27.10917923757288150, 32.14999999533010566, 8.674152011747134239 ) ) ;
#3555 = FACE_OUTER_BOUND ( 'NONE', #518, .T. ) ;
#3556 = EDGE_CURVE ( 'NONE', #3909, #4065, #4511, .T. ) ;
#3557 = DIRECTION ( 'NONE',  ( 0.000000000000000000, 6.938893903907234689E-15, -1.000000000000000000 ) ) ;
#3558 = DIRECTION ( 'NONE',  ( 0.000000000000000000, 0.000000000000000000, 1.000000000000000000 ) ) ;
#3559 = VECTOR ( 'NONE', #3766, 1000.000000000000000 ) ;
#3560 = FACE_OUTER_BOUND ( 'NONE', #3215, .T. ) ;
#3561 = ORIENTED_EDGE ( 'NONE', *, *, #1043, .T. ) ;
#3562 = ORIENTED_EDGE ( 'NONE', *, *, #944, .F. ) ;
#3563 = CARTESIAN_POINT ( 'NONE',  ( -28.35163521204113835, 34.77288880201925281, -10.14679017281978624 ) ) ;
#3564 = DIRECTION ( 'NONE',  ( -0.000000000000000000, -1.000000000000000000, -0.000000000000000000 ) ) ;
#3565 = DIRECTION ( 'NONE',  ( 0.000000000000000000, 1.000000000000000000, 0.000000000000000000 ) ) ;
#3566 = AXIS2_PLACEMENT_3D ( 'NONE', #4023, #1654, #2105 ) ;
#3567 = CARTESIAN_POINT ( 'NONE',  ( 41.50000000000009237, 0.000000000000000000, -2.250000000000002220 ) ) ;
#3568 = ORIENTED_EDGE ( 'NONE', *, *, #2264, .T. ) ;
#3569 = AXIS2_PLACEMENT_3D ( 'NONE', #1644, #2336, #1971 ) ;
#3570 = CARTESIAN_POINT ( 'NONE',  ( -28.07073092781613255, 37.78311593902468246, -10.76547495375556451 ) ) ;
#3571 = CARTESIAN_POINT ( 'NONE',  ( -17.78504745293480127, -17.70000000000004903, -48.86401628086719739 ) ) ;
#3572 = ORIENTED_EDGE ( 'NONE', *, *, #4510, .T. ) ;
#3573 = CARTESIAN_POINT ( 'NONE',  ( 0.000000000000000000, 47.21999999999999176, 29.17500000000000071 ) ) ;
#3574 = ORIENTED_EDGE ( 'NONE', *, *, #77, .T. ) ;
#3575 = ORIENTED_EDGE ( 'NONE', *, *, #4599, .T. ) ;
#3576 = CARTESIAN_POINT ( 'NONE',  ( 0.000000000000000000, 34.49999999999998579, 0.000000000000000000 ) ) ;
#3577 = ADVANCED_FACE ( 'NONE', ( #4113 ), #3280, .F. ) ;
#3578 = CARTESIAN_POINT ( 'NONE',  ( -26.23332803899892340, 40.55000000000011084, -8.249999999895328173 ) ) ;
#3579 = VECTOR ( 'NONE', #2684, 1000.000000000000000 ) ;
#3580 = EDGE_CURVE ( 'NONE', #4588, #4052, #3350, .T. ) ;
#3581 = ADVANCED_FACE ( 'NONE', ( #4522 ), #1349, .T. ) ;
#3582 = CARTESIAN_POINT ( 'NONE',  ( -28.36917964779448553, 34.81577131572519335, 10.26281745090439124 ) ) ;
#3583 =( BOUNDED_SURFACE ( )  B_SPLINE_SURFACE ( 3, 2, ( 
 ( #420, #4685, #4272 ),
 ( #4319, #3157, #2727 ),
 ( #1947, #97, #1219 ),
 ( #2747, #3867, #3480 ),
 ( #4708, #1973, #843 ),
 ( #873, #2360, #1571 ),
 ( #1246, #820, #443 ),
 ( #2394, #3939, #2316 ) ),
 .UNSPECIFIED., .F., .F., .T. ) 
 B_SPLINE_SURFACE_WITH_KNOTS ( ( 4, 2, 2, 4 ),
 ( 3, 3 ),
 ( -5.353482356041771875E-06, 0.0005147548160902635887, 0.0007748089653134163177, 0.001034863114536569047 ),
 ( 0.000000000000000000, 1.000000000000000000 ),
 .UNSPECIFIED. ) 
 GEOMETRIC_REPRESENTATION_ITEM ( )  RATIONAL_B_SPLINE_SURFACE ( (
 ( 1.000000000000000000, 1.000000000000000000, 1.000000000000000000),
 ( 1.000000000000000000, 1.000856341204263700, 1.000000000000000000),
 ( 1.000000000000000000, 0.9761250040293979469, 1.000000000000000000),
 ( 1.000000000000000000, 0.8926731702505498189, 1.000000000000000000),
 ( 1.000000000000000000, 0.8560615645671834084, 1.000000000000000000),
 ( 1.000000000000000000, 0.7789745194551098706, 1.000000000000000000),
 ( 1.000000000000000000, 0.7376587315156406532, 1.000000000000000000),
 ( 1.000000000000000000, 0.7167420553784821236, 1.000000000000000000) ) ) 
 REPRESENTATION_ITEM ( '' )  SURFACE ( )  );
#3584 = CARTESIAN_POINT ( 'NONE',  ( -27.18726724037493980, 32.14999999533010566, 8.550000000025480773 ) ) ;
#3585 = PLANE ( 'NONE',  #4407 ) ;
#3586 = VECTOR ( 'NONE', #2815, 1000.000000000000000 ) ;
#3587 = VECTOR ( 'NONE', #4694, 1000.000000000000114 ) ;
#3588 = AXIS2_PLACEMENT_3D ( 'NONE', #4836, #382, #754 ) ;
#3589 = CARTESIAN_POINT ( 'NONE',  ( -28.72249959728715041, 38.20897948705690794, 10.38435475289689691 ) ) ;
#3590 = PLANE ( 'NONE',  #4788 ) ;
#3591 = LINE ( 'NONE', #4566, #4257 ) ;
#3592 = DIRECTION ( 'NONE',  ( 0.000000000000000000, -1.000000000000000000, 0.000000000000000000 ) ) ;
#3593 = CIRCLE ( 'NONE', #4996, 0.3499999999999993672 ) ;
#3594 = ORIENTED_EDGE ( 'NONE', *, *, #4218, .T. ) ;
#3595 = ORIENTED_EDGE ( 'NONE', *, *, #2387, .F. ) ;
#3596 = CARTESIAN_POINT ( 'NONE',  ( -27.66817210556929396, 34.01171297761756307, -9.549999999891516822 ) ) ;
#3597 = ADVANCED_FACE ( 'NONE', ( #3645 ), #1430, .T. ) ;
#3598 = CARTESIAN_POINT ( 'NONE',  ( -27.76178251317569234, 39.81551581797149453, -9.516418551359695499 ) ) ;
#3599 = CARTESIAN_POINT ( 'NONE',  ( -28.37733470570238836, 38.84999999999998721, 9.550000000025482549 ) ) ;
#3600 = ORIENTED_EDGE ( 'NONE', *, *, #1150, .T. ) ;
#3601 = CIRCLE ( 'NONE', #560, 0.3499999999999996447 ) ;
#3602 = VECTOR ( 'NONE', #1606, 1000.000000000000000 ) ;
#3603 = CARTESIAN_POINT ( 'NONE',  ( -28.30041168423126052, 37.43946303619719629, -9.549999999891985780 ) ) ;
#3604 = CARTESIAN_POINT ( 'NONE',  ( -27.76150861220420296, 32.86077745953954832, -9.517115795076465545 ) ) ;
#3605 = ORIENTED_EDGE ( 'NONE', *, *, #523, .T. ) ;
#3606 = AXIS2_PLACEMENT_3D ( 'NONE', #1342, #2877, #2764 ) ;
#3607 = VERTEX_POINT ( 'NONE', #3745 ) ;
#3608 = ORIENTED_EDGE ( 'NONE', *, *, #1865, .T. ) ;
#3609 = CARTESIAN_POINT ( 'NONE',  ( -26.07379662090455952, 41.50036924855928788, -8.744525856879981518 ) ) ;
#3610 = ADVANCED_FACE ( 'NONE', ( #4192 ), #3799, .F. ) ;
#3611 = CARTESIAN_POINT ( 'NONE',  ( -29.18228558408842233, 39.99230767445749990, 9.498584679222366489 ) ) ;
#3612 = DIRECTION ( 'NONE',  ( 0.000000000000000000, 0.000000000000000000, -1.000000000000000000 ) ) ;
#3613 = CARTESIAN_POINT ( 'NONE',  ( -27.73631419281027988, 38.70933866224476816, -9.549999999891518598 ) ) ;
#3614 = CARTESIAN_POINT ( 'NONE',  ( 0.000000000000000000, 41.55000000000011795, 0.000000000000000000 ) ) ;
#3615 =( BOUNDED_CURVE ( )  B_SPLINE_CURVE ( 3, ( #157, #1223, #4325, #4716 ),
 .UNSPECIFIED., .F., .T. ) 
 B_SPLINE_CURVE_WITH_KNOTS ( ( 4, 4 ),
 ( 0.000000000000000000, 0.1664122612304881899 ),
 .UNSPECIFIED. ) 
 CURVE ( )  GEOMETRIC_REPRESENTATION_ITEM ( )  RATIONAL_B_SPLINE_CURVE ( ( 1.000000000000000000, 0.9976935777335507183, 0.9976935777335507183, 1.000000000000000000 ) ) 
 REPRESENTATION_ITEM ( '' )  );
#3616 = DIRECTION ( 'NONE',  ( 0.000000000000000000, -1.000000000000000000, 0.000000000000000000 ) ) ;
#3617 = CARTESIAN_POINT ( 'NONE',  ( 29.34493141924177095, 3.174999999999999822, 29.34493141924154713 ) ) ;
#3618 = CARTESIAN_POINT ( 'NONE',  ( -27.90589286663792379, 32.50217337444198762, 9.322436270645933831 ) ) ;
#3619 = DIRECTION ( 'NONE',  ( -0.000000000000000000, 1.000000000000000000, -0.000000000000000000 ) ) ;
#3620 = ORIENTED_EDGE ( 'NONE', *, *, #1602, .T. ) ;
#3621 = ORIENTED_EDGE ( 'NONE', *, *, #2086, .T. ) ;
#3622 = CARTESIAN_POINT ( 'NONE',  ( -28.38631419275932544, 38.19999999999999574, 10.55000000002548433 ) ) ;
#3623 = EDGE_CURVE ( 'NONE', #4364, #1824, #1506, .T. ) ;
#3624 = ORIENTED_EDGE ( 'NONE', *, *, #3051, .T. ) ;
#3625 = CARTESIAN_POINT ( 'NONE',  ( 29.34493141924177095, 0.000000000000000000, 27.09493141924154713 ) ) ;
#3626 = CARTESIAN_POINT ( 'NONE',  ( -27.86349142875316787, 37.49999999999999289, -10.91473638709606497 ) ) ;
#3627 = DIRECTION ( 'NONE',  ( -0.000000000000000000, 1.000000000000000000, -0.000000000000000000 ) ) ;
#3628 = EDGE_LOOP ( 'NONE', ( #4175, #1568, #2779, #2952, #4093 ) ) ;
#3629 = ORIENTED_EDGE ( 'NONE', *, *, #2847, .F. ) ;
#3630 = ORIENTED_EDGE ( 'NONE', *, *, #446, .T. ) ;
#3631 = DIRECTION ( 'NONE',  ( -0.000000000000000000, 1.000000000000000000, -0.000000000000000000 ) ) ;
#3632 = DIRECTION ( 'NONE',  ( 0.000000000000000000, 0.000000000000000000, 1.000000000000000000 ) ) ;
#3633 = CARTESIAN_POINT ( 'NONE',  ( -28.24105422709577695, 34.57037293764474839, -9.836753667796779510 ) ) ;
#3634 = CARTESIAN_POINT ( 'NONE',  ( -28.38631419275932544, 34.49999999999998579, 10.55000000002548433 ) ) ;
#3635 = ADVANCED_FACE ( 'NONE', ( #1488 ), #2141, .T. ) ;
#3636 = CARTESIAN_POINT ( 'NONE',  ( 0.000000000000000000, 3.174999999999999822, 39.24999999999986500 ) ) ;
#3637 = CARTESIAN_POINT ( 'NONE',  ( -27.86349142869887885, 35.19999999999999574, 10.91473638723466166 ) ) ;
#3638 = FACE_OUTER_BOUND ( 'NONE', #3492, .T. ) ;
#3639 = CARTESIAN_POINT ( 'NONE',  ( -27.76530000542877374, 32.86708165297553563, 9.511764048474978139 ) ) ;
#3640 = DIRECTION ( 'NONE',  ( 0.000000000000000000, 0.000000000000000000, 1.000000000000000000 ) ) ;
#3641 = ORIENTED_EDGE ( 'NONE', *, *, #1696, .F. ) ;
#3642 = ORIENTED_EDGE ( 'NONE', *, *, #260, .T. ) ;
#3643 = B_SPLINE_CURVE_WITH_KNOTS ( 'NONE', 3,
 ( #710, #3085, #1911, #2321, #8, #1086, #2614, #3871 ),
 .UNSPECIFIED., .F., .F.,
 ( 4, 2, 2, 4 ),
 ( 1.734723475976807094E-18, 0.0007473199864359316141, 0.001120979979653896445, 0.001494639972871861493 ),
 .UNSPECIFIED. ) ;
#3644 = CARTESIAN_POINT ( 'NONE',  ( -27.02996661276360868, 40.52753774549277210, -8.794127185105377720 ) ) ;
#3645 = FACE_OUTER_BOUND ( 'NONE', #1335, .T. ) ;
#3646 = VECTOR ( 'NONE', #2224, 1000.000000000000000 ) ;
#3647 = CARTESIAN_POINT ( 'NONE',  ( -28.37733470575222228, 34.83618540452606283, -10.38435475275248088 ) ) ;
#3648 = ADVANCED_FACE ( 'NONE', ( #316, #1843, #3779, #1535, #2685, #4210, #1067, #2618, #3378, #3025 ), #3070, .T. ) ;
#3649 = ADVANCED_FACE ( 'NONE', ( #714 ), #1935, .T. ) ;
#3650 = CARTESIAN_POINT ( 'NONE',  ( -29.05243385628916286, 41.30145978509344218, -9.845084705662703328 ) ) ;
#3651 = ORIENTED_EDGE ( 'NONE', *, *, #3556, .F. ) ;
#3652 = CARTESIAN_POINT ( 'NONE',  ( -25.62712097341570328, 32.24382903394680255, 9.975148342114875888 ) ) ;
#3653 = CARTESIAN_POINT ( 'NONE',  ( -26.97328872527800314, 37.86598722136095319, -9.549999999891516822 ) ) ;
#3654 = CARTESIAN_POINT ( 'NONE',  ( -28.16280951086709550, 37.82795033093767501, 10.69985173871408435 ) ) ;
#3655 = ADVANCED_FACE ( 'NONE', ( #3113 ), #4719, .F. ) ;
#3656 = ORIENTED_EDGE ( 'NONE', *, *, #1440, .F. ) ;
#3657 = AXIS2_PLACEMENT_3D ( 'NONE', #2637, #2995, #2969 ) ;
#3658 = EDGE_LOOP ( 'NONE', ( #2092, #3687, #4943, #1946 ) ) ;
#3659 = CARTESIAN_POINT ( 'NONE',  ( -28.75584918903680531, 40.46836605086676997, 10.67989813082416717 ) ) ;
#3660 = EDGE_CURVE ( 'NONE', #4696, #4952, #2425, .T. ) ;
#3661 = CARTESIAN_POINT ( 'NONE',  ( 2.755455298081542806E-16, 3.174999999999999822, -39.25000000000009237 ) ) ;
#3662 = DIRECTION ( 'NONE',  ( 0.000000000000000000, 1.000000000000000000, 0.000000000000000000 ) ) ;
#3663 = DIRECTION ( 'NONE',  ( -0.000000000000000000, -1.000000000000000000, -0.000000000000000000 ) ) ;
#3664 = CARTESIAN_POINT ( 'NONE',  ( -28.73631419275932330, 34.49999999999998579, 10.55000000002548433 ) ) ;
#3665 = CARTESIAN_POINT ( 'NONE',  ( -43.85000000000004405, 3.174999999999999822, 2.727178028658936437 ) ) ;
#3666 = CARTESIAN_POINT ( 'NONE',  ( -28.77620596763960137, 32.10950952997662000, 10.62541488536287559 ) ) ;
#3667 = ADVANCED_FACE ( 'NONE', ( #3996 ), #4993, .F. ) ;
#3668 = LINE ( 'NONE', #1014, #875 ) ;
#3669 = CARTESIAN_POINT ( 'NONE',  ( -26.85771467707878557, 40.42880615557081825, 9.044074198590406510 ) ) ;
#3670 = CARTESIAN_POINT ( 'NONE',  ( -25.54645125841445008, 33.14999999533011277, 10.17982456142809689 ) ) ;
#3671 = CIRCLE ( 'NONE', #2286, 1.000000000000000888 ) ;
#3672 = CIRCLE ( 'NONE', #2293, 0.6499999999999995781 ) ;
#3673 = CARTESIAN_POINT ( 'NONE',  ( -29.32921799678302577, 32.18743719935929448, 8.987600539337357475 ) ) ;
#3674 = ORIENTED_EDGE ( 'NONE', *, *, #1625, .F. ) ;
#3675 = EDGE_LOOP ( 'NONE', ( #1501, #938 ) ) ;
#3676 = VECTOR ( 'NONE', #3565, 1000.000000000000000 ) ;
#3677 = LINE ( 'NONE', #613, #1906 ) ;
#3678 = AXIS2_PLACEMENT_3D ( 'NONE', #822, #926, #574 ) ;
#3679 = CARTESIAN_POINT ( 'NONE',  ( 0.000000000000000000, 37.49999999999999289, 0.000000000000000000 ) ) ;
#3680 = AXIS2_PLACEMENT_3D ( 'NONE', #3985, #2773, #4314 ) ;
#3681 = VERTEX_POINT ( 'NONE', #4044 ) ;
#3682 = ADVANCED_FACE ( 'NONE', ( #2396 ), #712, .T. ) ;
#3683 = CARTESIAN_POINT ( 'NONE',  ( -27.97391068215766907, 37.71979510720994710, -10.83482676393397703 ) ) ;
#3684 = CARTESIAN_POINT ( 'NONE',  ( -28.39808837931675001, 35.23123350200928172, 9.550000000027440095 ) ) ;
#3685 = CIRCLE ( 'NONE', #1278, 0.6499999999999995781 ) ;
#3686 = CARTESIAN_POINT ( 'NONE',  ( 0.000000000000000000, -27.70000000000005969, 0.000000000000000000 ) ) ;
#3687 = ORIENTED_EDGE ( 'NONE', *, *, #3146, .F. ) ;
#3688 = EDGE_LOOP ( 'NONE', ( #3767, #1449, #2337, #3935 ) ) ;
#3689 = TOROIDAL_SURFACE ( 'NONE', #1197, 30.32500000000000284, 0.3499999999999999778 ) ;
#3690 = VECTOR ( 'NONE', #3768, 1000.000000000000000 ) ;
#3691 = CARTESIAN_POINT ( 'NONE',  ( 0.000000000000000000, -182.5876151076256804, 0.000000000000000000 ) ) ;
#3692 = DIRECTION ( 'NONE',  ( 0.000000000000000000, -1.000000000000000000, 0.000000000000000000 ) ) ;
#3693 = EDGE_CURVE ( 'NONE', #3361, #3863, #3359, .T. ) ;
#3694 = ADVANCED_FACE ( 'NONE', ( #1069 ), #3504, .T. ) ;
#3695 = CARTESIAN_POINT ( 'NONE',  ( -28.35163397965574106, 37.92711421114581327, -10.14678211621085246 ) ) ;
#3696 = CARTESIAN_POINT ( 'NONE',  ( 11.58493919599269084, 37.21999999999999176, -14.12373356831901638 ) ) ;
#3697 = CARTESIAN_POINT ( 'NONE',  ( -25.79742559218842501, 39.63650198743783193, 9.549999995135680209 ) ) ;
#3698 = CARTESIAN_POINT ( 'NONE',  ( 0.000000000000000000, 3.175000000000011369, 0.000000000000000000 ) ) ;
#3699 = CARTESIAN_POINT ( 'NONE',  ( -28.96877813933109991, 31.53726755681992344, 10.08995139418768261 ) ) ;
#3700 = ORIENTED_EDGE ( 'NONE', *, *, #2449, .F. ) ;
#3701 = DIRECTION ( 'NONE',  ( 0.000000000000000000, 0.000000000000000000, 1.000000000000000000 ) ) ;
#3702 = CARTESIAN_POINT ( 'NONE',  ( -28.34384929728632940, 38.19999999999999574, -10.78108677326741116 ) ) ;
#3703 = DIRECTION ( 'NONE',  ( 8.881784197001252323E-16, 0.000000000000000000, 1.000000000000000000 ) ) ;
#3704 = EDGE_CURVE ( 'NONE', #1549, #3310, #4373, .T. ) ;
#3705 = VERTEX_POINT ( 'NONE', #4019 ) ;
#3706 = EDGE_CURVE ( 'NONE', #4696, #4449, #2444, .T. ) ;
#3707 = CARTESIAN_POINT ( 'NONE',  ( -28.25989302460370212, 35.23509291244256758, 9.550000000025480773 ) ) ;
#3708 = CARTESIAN_POINT ( 'NONE',  ( -26.93238060401386846, 37.49999999999999289, 9.550000000025482549 ) ) ;
#3709 = ORIENTED_EDGE ( 'NONE', *, *, #1550, .T. ) ;
#3710 = LINE ( 'NONE', #4147, #1378 ) ;
#3711 = ORIENTED_EDGE ( 'NONE', *, *, #4675, .F. ) ;
#3712 = B_SPLINE_CURVE_WITH_KNOTS ( 'NONE', 3,
 ( #4248, #793, #3734, #4930 ),
 .UNSPECIFIED., .F., .F.,
 ( 4, 4 ),
 ( 3.198672041575564518E-17, 0.005102536329959327620 ),
 .UNSPECIFIED. ) ;
#3713 = CARTESIAN_POINT ( 'NONE',  ( -28.16241733386221924, 34.87214633521843865, 10.70012882601892734 ) ) ;
#3714 = LINE ( 'NONE', #2558, #2525 ) ;
#3715 = DIRECTION ( 'NONE',  ( 0.000000000000000000, 1.000000000000000000, 0.000000000000000000 ) ) ;
#3716 = EDGE_CURVE ( 'NONE', #4204, #3539, #3989, .T. ) ;
#3717 = CYLINDRICAL_SURFACE ( 'NONE', #3048, 53.75000000000000000 ) ;
#3718 = CARTESIAN_POINT ( 'NONE',  ( -25.81616808062995361, 39.88629044989943395, 9.498179372995894099 ) ) ;
#3719 = LINE ( 'NONE', #4027, #2807 ) ;
#3720 = DIRECTION ( 'NONE',  ( -0.000000000000000000, 1.000000000000000000, -0.000000000000000000 ) ) ;
#3721 = ORIENTED_EDGE ( 'NONE', *, *, #3200, .T. ) ;
#3722 = CARTESIAN_POINT ( 'NONE',  ( -27.73631419281027988, 34.49999999999998579, -10.54999999989151682 ) ) ;
#3723 = DIRECTION ( 'NONE',  ( 1.000000000000000000, 0.000000000000000000, 0.000000000000000000 ) ) ;
#3724 = LINE ( 'NONE', #320, #4800 ) ;
#3725 = EDGE_LOOP ( 'NONE', ( #2227, #4964, #4162, #277 ) ) ;
#3726 = DIRECTION ( 'NONE',  ( 0.000000000000000000, 0.000000000000000000, -1.000000000000000000 ) ) ;
#3727 = ORIENTED_EDGE ( 'NONE', *, *, #3901, .T. ) ;
#3728 = CARTESIAN_POINT ( 'NONE',  ( -26.23332803895827325, 31.14999999533010921, 8.250000000024584779 ) ) ;
#3729 = ORIENTED_EDGE ( 'NONE', *, *, #2375, .T. ) ;
#3730 = CARTESIAN_POINT ( 'NONE',  ( 0.000000000000000000, 0.000000000000000000, 0.000000000000000000 ) ) ;
#3731 = AXIS2_PLACEMENT_3D ( 'NONE', #1302, #2473, #4279 ) ;
#3732 = CARTESIAN_POINT ( 'NONE',  ( -28.36850804342665811, 37.88590985921252496, 10.25280840920362557 ) ) ;
#3733 = CARTESIAN_POINT ( 'NONE',  ( -28.97162849607772728, 31.54615212011423964, -10.08038932139962540 ) ) ;
#3734 = CARTESIAN_POINT ( 'NONE',  ( -50.05112065034696656, -26.53594505611905774, -17.92999999999995708 ) ) ;
#3735 = ADVANCED_FACE ( 'NONE', ( #1096 ), #182, .T. ) ;
#3736 = VECTOR ( 'NONE', #871, 1000.000000000000114 ) ;
#3737 = EDGE_CURVE ( 'NONE', #3896, #4364, #2331, .T. ) ;
#3738 = EDGE_CURVE ( 'NONE', #519, #4785, #3057, .T. ) ;
#3739 = LINE ( 'NONE', #3696, #1122 ) ;
#3740 = CARTESIAN_POINT ( 'NONE',  ( -25.82741407247144139, 39.96711275479078296, 9.466974341530908887 ) ) ;
#3741 = DIRECTION ( 'NONE',  ( -1.000000000000000000, 0.000000000000000000, 0.000000000000000000 ) ) ;
#3742 = FACE_OUTER_BOUND ( 'NONE', #4293, .T. ) ;
#3743 = ORIENTED_EDGE ( 'NONE', *, *, #1936, .F. ) ;
#3744 = DIRECTION ( 'NONE',  ( 0.9396926207859093161, 0.000000000000000000, -0.3420201433256661594 ) ) ;
#3745 = CARTESIAN_POINT ( 'NONE',  ( -18.38358270375472969, -7.700000000000050804, -50.50847836724256013 ) ) ;
#3746 = CARTESIAN_POINT ( 'NONE',  ( -25.95427673639934341, 31.34512361918086754, 9.090677629466588527 ) ) ;
#3747 = CARTESIAN_POINT ( 'NONE',  ( 0.000000000000000000, 3.174999999999999822, -43.75000000000009237 ) ) ;
#3748 = AXIS2_PLACEMENT_3D ( 'NONE', #616, #2669, #1119 ) ;
#3749 = DIRECTION ( 'NONE',  ( 0.000000000000000000, 0.000000000000000000, 1.000000000000000000 ) ) ;
#3750 = EDGE_LOOP ( 'NONE', ( #35, #2471, #4858, #1620 ) ) ;
#3751 = ORIENTED_EDGE ( 'NONE', *, *, #3857, .T. ) ;
#3752 = EDGE_CURVE ( 'NONE', #2689, #4768, #672, .T. ) ;
#3753 = AXIS2_PLACEMENT_3D ( 'NONE', #3415, #402, #1105 ) ;
#3754 = CIRCLE ( 'NONE', #3192, 1.000000000000000888 ) ;
#3755 = CARTESIAN_POINT ( 'NONE',  ( -27.73631419275932330, 33.14999999533011277, 9.550000000025482549 ) ) ;
#3756 = DIRECTION ( 'NONE',  ( -0.000000000000000000, -1.000000000000000000, -0.000000000000000000 ) ) ;
#3757 = AXIS2_PLACEMENT_3D ( 'NONE', #1912, #1867, #687 ) ;
#3758 = CYLINDRICAL_SURFACE ( 'NONE', #950, 1.249999999999997558 ) ;
#3759 = CIRCLE ( 'NONE', #2299, 1.500000000000001332 ) ;
#3760 = EDGE_LOOP ( 'NONE', ( #1622, #691, #2777, #2590, #1859, #440, #504, #3729 ) ) ;
#3761 =( BOUNDED_SURFACE ( )  B_SPLINE_SURFACE ( 3, 2, ( 
 ( #2200, #1062, #2708 ),
 ( #3464, #3083, #403 ),
 ( #796, #3842, #3065 ),
 ( #338, #1552, #1530 ),
 ( #1482, #422, #3869 ),
 ( #3484, #1907, #3444 ),
 ( #2295, #1949, #1932 ),
 ( #2663, #1508, #4252 ),
 ( #2272, #824, #1175 ),
 ( #4275, #2340, #4609 ),
 ( #44, #4227, #2318 ),
 ( #1109, #5, #4660 ) ),
 .UNSPECIFIED., .F., .F., .T. ) 
 B_SPLINE_SURFACE_WITH_KNOTS ( ( 4, 2, 2, 2, 2, 4 ),
 ( 3, 3 ),
 ( 0.001275672881796405473, 0.001678468105228624659, 0.002081263328660843629, 0.002886853775525282002, 0.003692444222389720376, 0.004498034669254158749 ),
 ( 0.000000000000000000, 1.000000000000000000 ),
 .UNSPECIFIED. ) 
 GEOMETRIC_REPRESENTATION_ITEM ( )  RATIONAL_B_SPLINE_SURFACE ( (
 ( 1.000000000000000000, 0.8277002593308415701, 1.000000000000000000),
 ( 1.000000000000000000, 0.8276972213089124342, 1.000000000000000000),
 ( 1.000000000000000000, 0.8267832134158359381, 1.000000000000000000),
 ( 1.000000000000000000, 0.8232230705907186419, 1.000000000000000000),
 ( 1.000000000000000000, 0.8205304237648700649, 1.000000000000000000),
 ( 1.000000000000000000, 0.8102392180675077604, 1.000000000000000000),
 ( 1.000000000000000000, 0.8002389909520628564, 1.000000000000000000),
 ( 1.000000000000000000, 0.7767707223113213821, 1.000000000000000000),
 ( 1.000000000000000000, 0.7631362794020860596, 1.000000000000000000),
 ( 1.000000000000000000, 0.7351883547778094163, 1.000000000000000000),
 ( 1.000000000000000000, 0.7205902185516469549, 1.000000000000000000),
 ( 1.000000000000000000, 0.7071067811865484609, 1.000000000000000000) ) ) 
 REPRESENTATION_ITEM ( '' )  SURFACE ( )  );
#3762 = VERTEX_POINT ( 'NONE', #2014 ) ;
#3763 = VECTOR ( 'NONE', #2972, 999.9999999999998863 ) ;
#3764 = CARTESIAN_POINT ( 'NONE',  ( 33.42495570370010682, -27.70000000000005613, -39.83431104218679764 ) ) ;
#3765 = VECTOR ( 'NONE', #3344, 999.9999999999998863 ) ;
#3766 = DIRECTION ( 'NONE',  ( 0.000000000000000000, -1.000000000000000000, 0.000000000000000000 ) ) ;
#3767 = ORIENTED_EDGE ( 'NONE', *, *, #115, .T. ) ;
#3768 = DIRECTION ( 'NONE',  ( 0.000000000000000000, 0.000000000000000000, 1.000000000000000000 ) ) ;
#3769 = DIRECTION ( 'NONE',  ( 1.000000000000000000, -0.000000000000000000, 1.224646799147353207E-16 ) ) ;
#3770 = EDGE_CURVE ( 'NONE', #3499, #1497, #2797, .T. ) ;
#3771 = AXIS2_PLACEMENT_3D ( 'NONE', #4611, #3373, #1460 ) ;
#3772 = DIRECTION ( 'NONE',  ( 0.000000000000000000, 0.000000000000000000, -1.000000000000000000 ) ) ;
#3773 = DIRECTION ( 'NONE',  ( 0.000000000000000000, 1.000000000000000000, 0.000000000000000000 ) ) ;
#3774 = CYLINDRICAL_SURFACE ( 'NONE', #4340, 1.250000000000001110 ) ;
#3775 = DIRECTION ( 'NONE',  ( -0.6427876096865405842, 0.000000000000000000, 0.7660444431189771253 ) ) ;
#3776 = CIRCLE ( 'NONE', #4669, 30.67500000000000071 ) ;
#3777 = VERTEX_POINT ( 'NONE', #484 ) ;
#3778 = DIRECTION ( 'NONE',  ( 0.000000000000000000, 1.000000000000000000, 0.000000000000000000 ) ) ;
#3779 = FACE_BOUND ( 'NONE', #150, .T. ) ;
#3780 = CARTESIAN_POINT ( 'NONE',  ( -25.79742559041467942, 33.14999999533010566, 9.550000000025482549 ) ) ;
#3781 = CARTESIAN_POINT ( 'NONE',  ( -28.73168836606413734, 38.20300678738291822, 10.43906099898927131 ) ) ;
#3782 = ORIENTED_EDGE ( 'NONE', *, *, #4900, .T. ) ;
#3783 = EDGE_LOOP ( 'NONE', ( #3514, #3515, #114, #4778 ) ) ;
#3784 = CARTESIAN_POINT ( 'NONE',  ( -28.72249959728715041, 38.20897948705690794, 10.38435475289689691 ) ) ;
#3785 = EDGE_CURVE ( 'NONE', #2602, #1824, #4820, .T. ) ;
#3786 = DIRECTION ( 'NONE',  ( 0.000000000000000000, 1.000000000000000000, 0.000000000000000000 ) ) ;
#3787 = ORIENTED_EDGE ( 'NONE', *, *, #4873, .F. ) ;
#3788 = ORIENTED_EDGE ( 'NONE', *, *, #2785, .F. ) ;
#3789 = DIRECTION ( 'NONE',  ( -0.000000000000000000, -1.000000000000000000, -0.000000000000000000 ) ) ;
#3790 = ORIENTED_EDGE ( 'NONE', *, *, #454, .T. ) ;
#3791 = ORIENTED_EDGE ( 'NONE', *, *, #4388, .T. ) ;
#3792 = DIRECTION ( 'NONE',  ( 0.000000000000000000, 0.000000000000000000, -1.000000000000000000 ) ) ;
#3793 = CARTESIAN_POINT ( 'NONE',  ( -29.29384448163597199, 41.54999998908834868, 9.105167211092682678 ) ) ;
#3794 = EDGE_CURVE ( 'NONE', #486, #152, #4084, .T. ) ;
#3795 = CARTESIAN_POINT ( 'NONE',  ( -26.79388564725267941, 32.32715877402620919, -9.132413258111501619 ) ) ;
#3796 = FACE_OUTER_BOUND ( 'NONE', #2317, .T. ) ;
#3797 = CARTESIAN_POINT ( 'NONE',  ( -25.91024262262003219, 41.29956302700005466, 9.217867347285890745 ) ) ;
#3798 = EDGE_CURVE ( 'NONE', #3326, #4283, #4362, .T. ) ;
#3799 = CYLINDRICAL_SURFACE ( 'NONE', #2707, 1.249999999999997558 ) ;
#3800 = CARTESIAN_POINT ( 'NONE',  ( -25.70664250802367690, 31.90881365504016998, 9.768543876755325428 ) ) ;
#3801 = DIRECTION ( 'NONE',  ( -0.000000000000000000, 1.000000000000000000, -0.000000000000000000 ) ) ;
#3802 = DIRECTION ( 'NONE',  ( 1.000000000000000000, 0.000000000000000000, 0.000000000000000000 ) ) ;
#3803 = DIRECTION ( 'NONE',  ( 0.000000000000000000, 1.000000000000000000, 0.000000000000000000 ) ) ;
#3804 = VERTEX_POINT ( 'NONE', #2381 ) ;
#3805 = EDGE_CURVE ( 'NONE', #4549, #3607, #2549, .T. ) ;
#3806 = B_SPLINE_CURVE_WITH_KNOTS ( 'NONE', 3,
 ( #4197, #2673, #2625, #2599, #325, #365, #695, #3406 ),
 .UNSPECIFIED., .F., .F.,
 ( 4, 2, 2, 4 ),
 ( 0.0006600676385671813045, 0.001426067502123648696, 0.001809067433901882013, 0.002192067365680115763 ),
 .UNSPECIFIED. ) ;
#3807 = CARTESIAN_POINT ( 'NONE',  ( -28.41659946231876788, 31.14999999533010921, -8.549999999891518598 ) ) ;
#3808 = VERTEX_POINT ( 'NONE', #1294 ) ;
#3809 = ORIENTED_EDGE ( 'NONE', *, *, #975, .T. ) ;
#3810 = CARTESIAN_POINT ( 'NONE',  ( -28.06913305045415186, 38.36481758018587840, -9.645719193065449559 ) ) ;
#3811 = AXIS2_PLACEMENT_3D ( 'NONE', #3036, #2603, #331 ) ;
#3812 = CARTESIAN_POINT ( 'NONE',  ( -27.89328365266217702, 37.62709015235105170, -10.89307299112397232 ) ) ;
#3813 = LINE ( 'NONE', #2285, #1636 ) ;
#3814 = AXIS2_PLACEMENT_3D ( 'NONE', #4140, #3309, #1848 ) ;
#3815 = ORIENTED_EDGE ( 'NONE', *, *, #1662, .T. ) ;
#3816 = CARTESIAN_POINT ( 'NONE',  ( -29.20296467110770422, 32.54621859269029471, -9.414720480378749201 ) ) ;
#3817 = ORIENTED_EDGE ( 'NONE', *, *, #1625, .T. ) ;
#3818 = DIRECTION ( 'NONE',  ( 0.000000000000000000, -1.000000000000000000, 0.000000000000000000 ) ) ;
#3819 = EDGE_CURVE ( 'NONE', #1218, #2311, #2040, .T. ) ;
#3820 = AXIS2_PLACEMENT_3D ( 'NONE', #2237, #2591, #3377 ) ;
#3821 = CARTESIAN_POINT ( 'NONE',  ( -28.26525949121495884, 40.52727531694608842, 8.795505133802640430 ) ) ;
#3822 = CARTESIAN_POINT ( 'NONE',  ( -22.00000000000000000, 40.55000000000011084, 0.000000000000000000 ) ) ;
#3823 = DIRECTION ( 'NONE',  ( 0.000000000000000000, 0.000000000000000000, 1.000000000000000000 ) ) ;
#3824 = CARTESIAN_POINT ( 'NONE',  ( -25.73327609247148828, 40.87811231578866256, 9.698325038522204622 ) ) ;
#3825 = AXIS2_PLACEMENT_3D ( 'NONE', #4545, #1089, #2617 ) ;
#3826 = ADVANCED_FACE ( 'NONE', ( #4730 ), #4628, .T. ) ;
#3827 = CARTESIAN_POINT ( 'NONE',  ( -28.07129757019405503, 37.78344450582974900, 10.76506986164164026 ) ) ;
#3828 = DIRECTION ( 'NONE',  ( 1.000000000000000000, 0.000000000000000000, 0.000000000000000000 ) ) ;
#3829 = ORIENTED_EDGE ( 'NONE', *, *, #3518, .F. ) ;
#3830 = DIRECTION ( 'NONE',  ( -0.000000000000000000, -1.000000000000000000, -0.000000000000000000 ) ) ;
#3831 = AXIS2_PLACEMENT_3D ( 'NONE', #2297, #3398, #1864 ) ;
#3832 = DIRECTION ( 'NONE',  ( -1.000000000000000000, 0.000000000000000000, -3.491481338843133355E-15 ) ) ;
#3833 = VERTEX_POINT ( 'NONE', #1368 ) ;
#3834 = AXIS2_PLACEMENT_3D ( 'NONE', #2198, #4487, #4872 ) ;
#3835 = VECTOR ( 'NONE', #3973, 1000.000000000000000 ) ;
#3836 = TOROIDAL_SURFACE ( 'NONE', #1666, 30.27500000000000213, 0.3499999999999999778 ) ;
#3837 = LINE ( 'NONE', #1857, #4710 ) ;
#3838 = ORIENTED_EDGE ( 'NONE', *, *, #2935, .T. ) ;
#3839 = VERTEX_POINT ( 'NONE', #3747 ) ;
#3840 = CARTESIAN_POINT ( 'NONE',  ( 0.000000000000000000, -79.70000000000075602, 0.000000000000000000 ) ) ;
#3841 = AXIS2_PLACEMENT_3D ( 'NONE', #1596, #1702, #4704 ) ;
#3842 = CARTESIAN_POINT ( 'NONE',  ( -25.80130445175699094, 32.97845527482493111, -9.539324895410409511 ) ) ;
#3843 = AXIS2_PLACEMENT_3D ( 'NONE', #4894, #4534, #3337 ) ;
#3844 = CARTESIAN_POINT ( 'NONE',  ( -26.47541312241018119, 33.07620087891230298, -9.549999999891520375 ) ) ;
#3845 = EDGE_CURVE ( 'NONE', #3260, #2020, #2461, .T. ) ;
#3846 = FACE_OUTER_BOUND ( 'NONE', #1055, .T. ) ;
#3847 = EDGE_CURVE ( 'NONE', #757, #3073, #2629, .T. ) ;
#3848 = CARTESIAN_POINT ( 'NONE',  ( 0.000000000000000000, 3.174999999999999822, 41.49999999999987210 ) ) ;
#3849 = VECTOR ( 'NONE', #1138, 1000.000000000000000 ) ;
#3850 = DIRECTION ( 'NONE',  ( 0.000000000000000000, 1.000000000000000000, 0.000000000000000000 ) ) ;
#3851 = CIRCLE ( 'NONE', #3049, 30.32500000000000284 ) ;
#3852 = CARTESIAN_POINT ( 'NONE',  ( 0.000000000000000000, -7.700000000000047251, 0.000000000000000000 ) ) ;
#3853 = CARTESIAN_POINT ( 'NONE',  ( -27.66817210551840134, 38.68828702238185713, 9.550000000025482549 ) ) ;
#3854 = VECTOR ( 'NONE', #3564, 1000.000000000000000 ) ;
#3855 = CARTESIAN_POINT ( 'NONE',  ( -28.38631419275932544, 37.84999999999999432, 10.55000000002548433 ) ) ;
#3856 = VERTEX_POINT ( 'NONE', #4114 ) ;
#3857 = EDGE_CURVE ( 'NONE', #1948, #1901, #3677, .T. ) ;
#3858 = ORIENTED_EDGE ( 'NONE', *, *, #3482, .T. ) ;
#3859 = EDGE_CURVE ( 'NONE', #2430, #4967, #1507, .T. ) ;
#3860 = CARTESIAN_POINT ( 'NONE',  ( -29.05261403967799794, 41.30168210563216036, 9.844543276754002648 ) ) ;
#3861 = DIRECTION ( 'NONE',  ( 0.000000000000000000, 0.000000000000000000, -1.000000000000000000 ) ) ;
#3862 = CARTESIAN_POINT ( 'NONE',  ( 0.000000000000000000, -24.20000000000022311, 0.000000000000000000 ) ) ;
#3863 = VERTEX_POINT ( 'NONE', #2136 ) ;
#3864 = CARTESIAN_POINT ( 'NONE',  ( -27.73631419281027988, 33.14999999533032593, -9.549999999891520375 ) ) ;
#3865 = CARTESIAN_POINT ( 'NONE',  ( 0.000000000000000000, -79.70000000000075602, 0.000000000000000000 ) ) ;
#3866 = EDGE_LOOP ( 'NONE', ( #4124, #731, #1970 ) ) ;
#3867 = CARTESIAN_POINT ( 'NONE',  ( -28.38193350342571364, 34.47987516124698004, 9.773920894172668739 ) ) ;
#3868 = ORIENTED_EDGE ( 'NONE', *, *, #4551, .F. ) ;
#3869 = CARTESIAN_POINT ( 'NONE',  ( -25.58785267451138878, 32.48765050880631122, -10.07545174646604913 ) ) ;
#3870 = CARTESIAN_POINT ( 'NONE',  ( -27.18726724041706433, 32.14999999533010566, -8.549999999891515046 ) ) ;
#3871 = CARTESIAN_POINT ( 'NONE',  ( -27.73631419275932330, 33.99066133775521337, 9.550000000025482549 ) ) ;
#3872 = EDGE_CURVE ( 'NONE', #887, #4533, #2370, .T. ) ;
#3873 = LINE ( 'NONE', #4818, #1095 ) ;
#3874 = CARTESIAN_POINT ( 'NONE',  ( 34.54983402065155218, -27.70000000000005613, -41.17488881764501230 ) ) ;
#3875 = ORIENTED_EDGE ( 'NONE', *, *, #4607, .T. ) ;
#3876 = VERTEX_POINT ( 'NONE', #3647 ) ;
#3877 = CARTESIAN_POINT ( 'NONE',  ( -27.97620398787617191, 34.98170909390266559, -10.83324083714250641 ) ) ;
#3878 = EDGE_LOOP ( 'NONE', ( #1612, #2134, #954, #3621, #3497, #2406, #3605, #39, #2498, #4581 ) ) ;
#3879 = CARTESIAN_POINT ( 'NONE',  ( -28.38631419275932188, 37.84999999999999432, 10.49446514370983330 ) ) ;
#3880 = CARTESIAN_POINT ( 'NONE',  ( -28.26525949125752391, 32.17272467838420624, -8.795505133669136555 ) ) ;
#3881 = ORIENTED_EDGE ( 'NONE', *, *, #2929, .F. ) ;
#3882 = FACE_OUTER_BOUND ( 'NONE', #532, .T. ) ;
#3883 = ORIENTED_EDGE ( 'NONE', *, *, #416, .F. ) ;
#3884 = EDGE_LOOP ( 'NONE', ( #3348, #1994 ) ) ;
#3885 = AXIS2_PLACEMENT_3D ( 'NONE', #2310, #2697, #1130 ) ;
#3886 = AXIS2_PLACEMENT_3D ( 'NONE', #1051, #2574, #4116 ) ;
#3887 = CYLINDRICAL_SURFACE ( 'NONE', #3445, 2.250000000000002220 ) ;
#3888 = LINE ( 'NONE', #797, #2384 ) ;
#3889 = CARTESIAN_POINT ( 'NONE',  ( -27.02996661271914292, 32.17246224983735203, 8.794127185238846067 ) ) ;
#3890 = CARTESIAN_POINT ( 'NONE',  ( -28.72249959733634128, 38.20897948705805192, -10.38435475275244713 ) ) ;
#3891 = EDGE_CURVE ( 'NONE', #1948, #4507, #4740, .T. ) ;
#3892 = CARTESIAN_POINT ( 'NONE',  ( -26.07343830127203077, 40.56665194109410066, -8.749827281938737045 ) ) ;
#3893 = CARTESIAN_POINT ( 'NONE',  ( -26.93238060401382583, 37.50000000000000000, 9.550000000025482549 ) ) ;
#3894 = CIRCLE ( 'NONE', #4302, 30.27500000000000213 ) ;
#3895 = CARTESIAN_POINT ( 'NONE',  ( -28.67638154711538689, 32.88080266892202275, 10.89135617818152646 ) ) ;
#3896 = VERTEX_POINT ( 'NONE', #1745 ) ;
#3897 = ORIENTED_EDGE ( 'NONE', *, *, #1232, .T. ) ;
#3898 = CARTESIAN_POINT ( 'NONE',  ( -26.87145278570854146, 40.43870895727398818, 9.024565181002284220 ) ) ;
#3899 = CARTESIAN_POINT ( 'NONE',  ( -28.26424295713297852, 40.52677681251463326, -8.797071278309552156 ) ) ;
#3900 = ADVANCED_FACE ( 'NONE', ( #1818 ), #1091, .T. ) ;
#3901 = EDGE_CURVE ( 'NONE', #1549, #4766, #1032, .T. ) ;
#3902 = CARTESIAN_POINT ( 'NONE',  ( -28.69864514862207372, 32.60591469405228082, -10.83255983449950577 ) ) ;
#3903 = CARTESIAN_POINT ( 'NONE',  ( -27.73631419281027988, 33.14999999533011277, -9.549999999891518598 ) ) ;
#3904 = AXIS2_PLACEMENT_3D ( 'NONE', #3426, #3828, #32 ) ;
#3905 = ORIENTED_EDGE ( 'NONE', *, *, #2179, .T. ) ;
#3906 = CARTESIAN_POINT ( 'NONE',  ( -28.41659946227845523, 32.14999999533010566, 8.550000000025480773 ) ) ;
#3907 = ORIENTED_EDGE ( 'NONE', *, *, #918, .F. ) ;
#3908 = AXIS2_PLACEMENT_3D ( 'NONE', #1663, #1212, #4759 ) ;
#3909 = VERTEX_POINT ( 'NONE', #358 ) ;
#3910 = AXIS2_PLACEMENT_3D ( 'NONE', #1844, #2094, #4165 ) ;
#3911 = DIRECTION ( 'NONE',  ( -1.000000000000000000, 0.000000000000000000, 0.000000000000000000 ) ) ;
#3912 = DIRECTION ( 'NONE',  ( -0.000000000000000000, -1.000000000000000000, -0.000000000000000000 ) ) ;
#3913 = CARTESIAN_POINT ( 'NONE',  ( 17.78504745293480127, -17.70000000000004903, 48.86401628086719739 ) ) ;
#3914 = CIRCLE ( 'NONE', #3111, 3.599999999999974332 ) ;
#3915 = CARTESIAN_POINT ( 'NONE',  ( -22.00000000000000000, 39.55000000000011084, -8.549999999891518598 ) ) ;
#3916 =( BOUNDED_SURFACE ( )  B_SPLINE_SURFACE ( 3, 2, ( 
 ( #4771, #578, #1305 ),
 ( #4404, #2422, #2834 ),
 ( #2102, #185, #2026 ),
 ( #3633, #1710, #4376 ),
 ( #4715, #2365, #522 ),
 ( #929, #2478, #552 ),
 ( #3552, #2399, #3244 ),
 ( #3188, #497, #121 ) ),
 .UNSPECIFIED., .F., .F., .T. ) 
 B_SPLINE_SURFACE_WITH_KNOTS ( ( 4, 2, 2, 4 ),
 ( 3, 3 ),
 ( -5.353482344898149669E-06, 0.0005147548160966330597, 0.0007748089653173987007, 0.001034863114538164342 ),
 ( 0.000000000000000000, 1.000000000000000000 ),
 .UNSPECIFIED. ) 
 GEOMETRIC_REPRESENTATION_ITEM ( )  RATIONAL_B_SPLINE_SURFACE ( (
 ( 1.000000000000000000, 1.000000000000000000, 1.000000000000000000),
 ( 1.000000000000000000, 1.000856341055090137, 1.000000000000000000),
 ( 1.000000000000000000, 0.9761250042276656824, 1.000000000000000000),
 ( 1.000000000000000000, 0.8926731701524686091, 1.000000000000000000),
 ( 1.000000000000000000, 0.8560615645688082198, 1.000000000000000000),
 ( 1.000000000000000000, 0.7789745194572196274, 1.000000000000000000),
 ( 1.000000000000000000, 0.7376587315179663484, 1.000000000000000000),
 ( 1.000000000000000000, 0.7167420553796728377, 1.000000000000000000) ) ) 
 REPRESENTATION_ITEM ( '' )  SURFACE ( )  );
#3917 = EDGE_CURVE ( 'NONE', #4762, #3499, #3088, .T. ) ;
#3918 = CARTESIAN_POINT ( 'NONE',  ( -0.000000000000000000, -17.70000000000004903, 51.99999999999997868 ) ) ;
#3919 = DIRECTION ( 'NONE',  ( 0.2881213142384326242, 0.000000000000000000, 0.9575939161677660127 ) ) ;
#3920 = CIRCLE ( 'NONE', #4421, 2.250000000000001776 ) ;
#3921 = LINE ( 'NONE', #911, #775 ) ;
#3922 = EDGE_LOOP ( 'NONE', ( #3791, #4202, #2554, #4030 ) ) ;
#3923 = AXIS2_PLACEMENT_3D ( 'NONE', #846, #3912, #475 ) ;
#3924 = VERTEX_POINT ( 'NONE', #4211 ) ;
#3925 = FACE_OUTER_BOUND ( 'NONE', #3440, .T. ) ;
#3926 = CARTESIAN_POINT ( 'NONE',  ( -29.18657898719736465, 39.55000000000011084, -9.549999999891520375 ) ) ;
#3927 = AXIS2_PLACEMENT_3D ( 'NONE', #4461, #4405, #211 ) ;
#3928 = VERTEX_POINT ( 'NONE', #4638 ) ;
#3929 = ORIENTED_EDGE ( 'NONE', *, *, #4841, .T. ) ;
#3930 = EDGE_CURVE ( 'NONE', #3896, #3938, #369, .T. ) ;
#3931 = CARTESIAN_POINT ( 'NONE',  ( -29.29466603167847438, 31.14999999533011632, -9.102436724723466099 ) ) ;
#3932 = FACE_OUTER_BOUND ( 'NONE', #2830, .T. ) ;
#3933 = CARTESIAN_POINT ( 'NONE',  ( -28.37733470575222228, 37.86381459547393291, -10.38435475275244713 ) ) ;
#3934 = ADVANCED_FACE ( 'NONE', ( #555 ), #3836, .F. ) ;
#3935 = ORIENTED_EDGE ( 'NONE', *, *, #2516, .F. ) ;
#3936 = FACE_OUTER_BOUND ( 'NONE', #1388, .T. ) ;
#3937 = DIRECTION ( 'NONE',  ( 0.000000000000000000, 1.000000000000000000, 0.000000000000000000 ) ) ;
#3938 = VERTEX_POINT ( 'NONE', #2863 ) ;
#3939 = CARTESIAN_POINT ( 'NONE',  ( -28.71328176499942231, 34.82696757224007200, 10.32947547431134616 ) ) ;
#3940 = ORIENTED_EDGE ( 'NONE', *, *, #3738, .T. ) ;
#3941 = CARTESIAN_POINT ( 'NONE',  ( -28.86574115562607545, 40.88917304705377376, 10.37955102005668984 ) ) ;
#3942 = DIRECTION ( 'NONE',  ( -0.000000000000000000, -1.000000000000000000, -0.000000000000000000 ) ) ;
#3943 = FACE_OUTER_BOUND ( 'NONE', #3081, .T. ) ;
#3944 = CARTESIAN_POINT ( 'NONE',  ( -27.85133649080346174, 38.66155242789739077, -9.549999999891515046 ) ) ;
#3945 = AXIS2_PLACEMENT_3D ( 'NONE', #76, #3488, #1117 ) ;
#3946 = LINE ( 'NONE', #160, #1244 ) ;
#3947 = DIRECTION ( 'NONE',  ( -0.3420201433256694901, 0.000000000000000000, -0.9396926207859082059 ) ) ;
#3948 = DIRECTION ( 'NONE',  ( 0.000000000000000000, 0.000000000000000000, -1.000000000000000000 ) ) ;
#3949 = CARTESIAN_POINT ( 'NONE',  ( 0.000000000000000000, 4.675000000000026468, 0.000000000000000000 ) ) ;
#3950 = VERTEX_POINT ( 'NONE', #4464 ) ;
#3951 = EDGE_LOOP ( 'NONE', ( #1094, #1999, #1346, #1668 ) ) ;
#3952 = CARTESIAN_POINT ( 'NONE',  ( -27.30593586338480705, 34.29085193450189450, -9.549999999891516822 ) ) ;
#3953 = CARTESIAN_POINT ( 'NONE',  ( 0.000000000000000000, 34.84999999999999432, 0.000000000000000000 ) ) ;
#3954 = CARTESIAN_POINT ( 'NONE',  ( -28.71312959257402042, 40.21089946167161600, -10.79421689717898580 ) ) ;
#3955 = DIRECTION ( 'NONE',  ( 0.000000000000000000, 0.000000000000000000, 1.000000000000000000 ) ) ;
#3956 = EDGE_CURVE ( 'NONE', #4305, #1879, #4411, .T. ) ;
#3957 = EDGE_CURVE ( 'NONE', #3950, #3539, #4459, .T. ) ;
#3958 = B_SPLINE_CURVE_WITH_KNOTS ( 'NONE', 3,
 ( #3266, #2150, #1829, #2991, #1804, #3713, #3365, #2101 ),
 .UNSPECIFIED., .F., .F.,
 ( 4, 2, 2, 4 ),
 ( 0.000000000000000000, 0.0001960634462575387986, 0.0003921268925150775972, 0.0007842537850301656028 ),
 .UNSPECIFIED. ) ;
#3959 = CARTESIAN_POINT ( 'NONE',  ( -28.71466877669805129, 32.47767148925075276, -10.79012899422116689 ) ) ;
#3960 = DIRECTION ( 'NONE',  ( 0.000000000000000000, 1.000000000000000000, 0.000000000000000000 ) ) ;
#3961 = DIRECTION ( 'NONE',  ( 0.000000000000000000, 0.000000000000000000, 1.000000000000000000 ) ) ;
#3962 = VERTEX_POINT ( 'NONE', #4633 ) ;
#3963 =( NAMED_UNIT ( * ) PLANE_ANGLE_UNIT ( ) SI_UNIT ( $, .RADIAN. ) );
#3964 = ORIENTED_EDGE ( 'NONE', *, *, #4450, .F. ) ;
#3965 = ORIENTED_EDGE ( 'NONE', *, *, #1467, .F. ) ;
#3966 = CARTESIAN_POINT ( 'NONE',  ( -28.37733470570240968, 34.83618540452781787, 10.38435475289689869 ) ) ;
#3967 = CARTESIAN_POINT ( 'NONE',  ( -22.00000000000000000, 33.84999999999999432, 10.55000000002548433 ) ) ;
#3968 = CARTESIAN_POINT ( 'NONE',  ( -26.07134438503513607, 31.21373190777905293, -8.749393476669370173 ) ) ;
#3969 = DIRECTION ( 'NONE',  ( 0.000000000000000000, -0.000000000000000000, 1.000000000000000000 ) ) ;
#3970 = ADVANCED_FACE ( 'NONE', ( #4932 ), #3443, .F. ) ;
#3971 = DIRECTION ( 'NONE',  ( 1.000000000000000000, 0.000000000000000000, 0.000000000000000000 ) ) ;
#3972 = CARTESIAN_POINT ( 'NONE',  ( 0.000000000000000000, 0.000000000000000000, 0.000000000000000000 ) ) ;
#3973 = DIRECTION ( 'NONE',  ( 0.000000000000000000, 1.000000000000000000, 0.000000000000000000 ) ) ;
#3974 = CARTESIAN_POINT ( 'NONE',  ( -22.00000000000000000, 39.55000000000011084, 8.550000000025480773 ) ) ;
#3975 = ORIENTED_EDGE ( 'NONE', *, *, #894, .T. ) ;
#3976 = EDGE_LOOP ( 'NONE', ( #1972, #1898, #4725, #1570 ) ) ;
#3977 = CARTESIAN_POINT ( 'NONE',  ( -26.79388564720476040, 40.37284122130462549, 9.132413258244566734 ) ) ;
#3978 = CARTESIAN_POINT ( 'NONE',  ( -27.84627582017749958, 40.08899110996896553, -9.403482222819807390 ) ) ;
#3979 = AXIS2_PLACEMENT_3D ( 'NONE', #2941, #4489, #2230 ) ;
#3980 = VERTEX_POINT ( 'NONE', #4130 ) ;
#3981 = ORIENTED_EDGE ( 'NONE', *, *, #3416, .F. ) ;
#3982 = CIRCLE ( 'NONE', #2940, 29.92500000000000426 ) ;
#3983 = ADVANCED_FACE ( 'NONE', ( #678 ), #1457, .T. ) ;
#3984 = CARTESIAN_POINT ( 'NONE',  ( -28.21874631691247615, 37.55653695693424510, -9.549999999891516822 ) ) ;
#3985 = CARTESIAN_POINT ( 'NONE',  ( -15.37373356800737412, 44.19499999999999318, -11.58493919631943037 ) ) ;
#3986 = ORIENTED_EDGE ( 'NONE', *, *, #837, .F. ) ;
#3987 = ORIENTED_EDGE ( 'NONE', *, *, #721, .T. ) ;
#3988 = VERTEX_POINT ( 'NONE', #1860 ) ;
#3989 = LINE ( 'NONE', #2214, #545 ) ;
#3990 = AXIS2_PLACEMENT_3D ( 'NONE', #4333, #3513, #4003 ) ;
#3991 = CARTESIAN_POINT ( 'NONE',  ( -27.73631419275932330, 39.54999999999989058, 9.550000000025482549 ) ) ;
#3992 = CARTESIAN_POINT ( 'NONE',  ( 0.000000000000000000, -7.700000000000054357, 0.000000000000000000 ) ) ;
#3993 = DIRECTION ( 'NONE',  ( -0.000000000000000000, 1.000000000000000000, -0.000000000000000000 ) ) ;
#3994 = AXIS2_PLACEMENT_3D ( 'NONE', #2, #3080, #1079 ) ;
#3995 = TOROIDAL_SURFACE ( 'NONE', #3432, 30.32500000000000284, 0.3499999999999999778 ) ;
#3996 = FACE_OUTER_BOUND ( 'NONE', #5006, .T. ) ;
#3997 = AXIS2_PLACEMENT_3D ( 'NONE', #1722, #3254, #2066 ) ;
#3998 = DIRECTION ( 'NONE',  ( -1.000000000000000000, 0.000000000000000000, -3.491481338843133355E-15 ) ) ;
#3999 = ADVANCED_FACE ( 'NONE', ( #3394 ), #2271, .F. ) ;
#4000 = DIRECTION ( 'NONE',  ( 0.9396926207859082059, 0.000000000000000000, -0.3420201433256694901 ) ) ;
#4001 = B_SPLINE_CURVE_WITH_KNOTS ( 'NONE', 3,
 ( #4285, #4758, #833, #1986, #2716, #3094, #1661, #3563, #2794, #2378 ),
 .UNSPECIFIED., .F., .F.,
 ( 4, 2, 2, 2, 4 ),
 ( -6.549181258757746677E-06, 0.0003634566758920995157, 0.0007334625330429567170, 0.001103468390193813918, 0.001473474247344671228 ),
 .UNSPECIFIED. ) ;
#4002 = CARTESIAN_POINT ( 'NONE',  ( 3.664755546448455146E-15, 34.84999999999999432, -29.92500000000000426 ) ) ;
#4003 = DIRECTION ( 'NONE',  ( 0.9861854045278248826, 0.000000000000000000, 0.1656452471285864980 ) ) ;
#4004 = EDGE_LOOP ( 'NONE', ( #2487, #3815, #1395, #3232, #1964, #2546, #194, #2034 ) ) ;
#4005 = ORIENTED_EDGE ( 'NONE', *, *, #3847, .F. ) ;
#4006 = VECTOR ( 'NONE', #4595, 1000.000000000000000 ) ;
#4007 = ORIENTED_EDGE ( 'NONE', *, *, #2503, .T. ) ;
#4008 = AXIS2_PLACEMENT_3D ( 'NONE', #3698, #1064, #1016 ) ;
#4009 = CARTESIAN_POINT ( 'NONE',  ( -25.91557692355143772, 31.40453644038966630, 9.200275540709158761 ) ) ;
#4010 = CIRCLE ( 'NONE', #4095, 1.000000000000000888 ) ;
#4011 = CARTESIAN_POINT ( 'NONE',  ( -27.66856836323940882, 38.68830335117423402, -9.549999999891516822 ) ) ;
#4012 = CARTESIAN_POINT ( 'NONE',  ( -25.79742559046436767, 39.55000000000011795, -9.549999999891522151 ) ) ;
#4013 = DIRECTION ( 'NONE',  ( 0.000000000000000000, 1.000000000000000000, 0.000000000000000000 ) ) ;
#4014 = EDGE_CURVE ( 'NONE', #1165, #1242, #3037, .T. ) ;
#4015 = ORIENTED_EDGE ( 'NONE', *, *, #86, .T. ) ;
#4016 = AXIS2_PLACEMENT_3D ( 'NONE', #2955, #4476, #1799 ) ;
#4017 = VERTEX_POINT ( 'NONE', #1707 ) ;
#4018 = ORIENTED_EDGE ( 'NONE', *, *, #3472, .F. ) ;
#4019 = CARTESIAN_POINT ( 'NONE',  ( -26.23332803899892696, 31.14999999533010921, -8.249999999895322844 ) ) ;
#4020 = CARTESIAN_POINT ( 'NONE',  ( -27.73631419281027988, 33.14999999533011277, -10.54999999989151682 ) ) ;
#4021 = CARTESIAN_POINT ( 'NONE',  ( -28.73631419281027988, 38.19999999999999574, -10.54999999989151682 ) ) ;
#4022 = CARTESIAN_POINT ( 'NONE',  ( -0.000000000000000000, -27.70000000000005613, 52.00000000000000000 ) ) ;
#4023 = CARTESIAN_POINT ( 'NONE',  ( 0.000000000000000000, 3.174999999999999822, 0.000000000000000000 ) ) ;
#4024 = CARTESIAN_POINT ( 'NONE',  ( -29.21315293913714939, 31.21003732941287012, 9.357643980240583303 ) ) ;
#4025 = CARTESIAN_POINT ( 'NONE',  ( -25.54645125846595377, 39.81741009107728502, -10.17982456129883140 ) ) ;
#4026 = CARTESIAN_POINT ( 'NONE',  ( 0.000000000000000000, 8.326672684688674053E-14, 0.000000000000000000 ) ) ;
#4027 = CARTESIAN_POINT ( 'NONE',  ( 6.407964376538535244E-15, 3.175000000000011369, 52.32500000000007390 ) ) ;
#4028 = CARTESIAN_POINT ( 'NONE',  ( -28.67098358425922200, 38.19999999999999574, 10.90551811291597240 ) ) ;
#4029 = ORIENTED_EDGE ( 'NONE', *, *, #1865, .F. ) ;
#4030 = ORIENTED_EDGE ( 'NONE', *, *, #867, .F. ) ;
#4031 = DIRECTION ( 'NONE',  ( 0.000000000000000000, 0.000000000000000000, 1.000000000000000000 ) ) ;
#4032 = DIRECTION ( 'NONE',  ( 0.000000000000000000, -0.000000000000000000, 1.000000000000000000 ) ) ;
#4033 = EDGE_LOOP ( 'NONE', ( #3868, #669, #2701, #3252 ) ) ;
#4034 = CARTESIAN_POINT ( 'NONE',  ( -25.56808412046283152, 32.61064759875250729, 10.12594340010136307 ) ) ;
#4035 = DIRECTION ( 'NONE',  ( 0.000000000000000000, 0.000000000000000000, 1.000000000000000000 ) ) ;
#4036 = FACE_OUTER_BOUND ( 'NONE', #148, .T. ) ;
#4037 = ORIENTED_EDGE ( 'NONE', *, *, #58, .T. ) ;
#4038 = ORIENTED_EDGE ( 'NONE', *, *, #3074, .T. ) ;
#4039 = ADVANCED_FACE ( 'NONE', ( #207 ), #863, .T. ) ;
#4040 = CARTESIAN_POINT ( 'NONE',  ( -29.15052529543015680, 40.55000000000011084, 8.550000000025480773 ) ) ;
#4041 = CARTESIAN_POINT ( 'NONE',  ( -29.34493141924177095, 3.174999999999999822, 27.09493141924155069 ) ) ;
#4042 = CARTESIAN_POINT ( 'NONE',  ( 0.000000000000000000, 4.675000000000026468, -30.67500000000000071 ) ) ;
#4043 = DIRECTION ( 'NONE',  ( 1.000000000000000000, 0.000000000000000000, 0.000000000000000000 ) ) ;
#4044 = CARTESIAN_POINT ( 'NONE',  ( -29.37419337844622191, 41.55000000000011795, 8.838121314263913675 ) ) ;
#4045 = CARTESIAN_POINT ( 'NONE',  ( -41.50000000000009237, 3.174999999999999822, -2.250000000000002220 ) ) ;
#4046 = CARTESIAN_POINT ( 'NONE',  ( -11.58493919600778987, 47.21999999999999176, 16.62373356768063459 ) ) ;
#4047 = CARTESIAN_POINT ( 'NONE',  ( -27.02168206374270554, 40.52496817681543462, 8.806605976093763388 ) ) ;
#4048 = FACE_OUTER_BOUND ( 'NONE', #3519, .T. ) ;
#4049 = CARTESIAN_POINT ( 'NONE',  ( -28.41659946231876077, 32.14999999533010566, -8.549999999891516822 ) ) ;
#4050 = ORIENTED_EDGE ( 'NONE', *, *, #679, .T. ) ;
#4051 = EDGE_CURVE ( 'NONE', #2146, #4204, #3593, .T. ) ;
#4052 = VERTEX_POINT ( 'NONE', #1005 ) ;
#4053 = AXIS2_PLACEMENT_3D ( 'NONE', #4603, #370, #350 ) ;
#4054 = VECTOR ( 'NONE', #3062, 1000.000000000000000 ) ;
#4055 = FACE_OUTER_BOUND ( 'NONE', #1731, .T. ) ;
#4056 = ORIENTED_EDGE ( 'NONE', *, *, #3281, .T. ) ;
#4057 = FACE_OUTER_BOUND ( 'NONE', #2964, .T. ) ;
#4058 = CARTESIAN_POINT ( 'NONE',  ( -28.71328176504750829, 34.82696757223721562, -10.32947547416385525 ) ) ;
#4059 = TOROIDAL_SURFACE ( 'NONE', #1891, 30.32500000000000284, 0.3499999999999999778 ) ;
#4060 = CARTESIAN_POINT ( 'NONE',  ( -27.93348516194249243, 37.68090667959698692, -10.86401500228433825 ) ) ;
#4061 = CARTESIAN_POINT ( 'NONE',  ( -28.19466187279665093, 33.85000001089584032, 9.550000000025482549 ) ) ;
#4062 = EDGE_CURVE ( 'NONE', #4629, #4067, #462, .T. ) ;
#4063 = EDGE_CURVE ( 'NONE', #3938, #2602, #168, .T. ) ;
#4064 = CARTESIAN_POINT ( 'NONE',  ( -27.97004697909399695, 37.71804244480080115, 10.83763533245762467 ) ) ;
#4065 = VERTEX_POINT ( 'NONE', #1169 ) ;
#4066 = AXIS2_PLACEMENT_3D ( 'NONE', #664, #4913, #4527 ) ;
#4067 = VERTEX_POINT ( 'NONE', #2723 ) ;
#4068 = CARTESIAN_POINT ( 'NONE',  ( -27.86349142875316787, 37.49999999999999289, -10.91473638709606497 ) ) ;
#4069 = CARTESIAN_POINT ( 'NONE',  ( -26.58437006780822642, 40.06227542011954057, -9.411331982404858465 ) ) ;
#4070 = EDGE_CURVE ( 'NONE', #204, #3777, #1511, .T. ) ;
#4071 = CARTESIAN_POINT ( 'NONE',  ( -43.85000000000004405, 0.000000000000000000, -17.92999999999990735 ) ) ;
#4072 = DIRECTION ( 'NONE',  ( -0.000000000000000000, 1.000000000000000000, -0.000000000000000000 ) ) ;
#4073 = SURFACE_STYLE_FILL_AREA ( #599 ) ;
#4074 = CARTESIAN_POINT ( 'NONE',  ( -28.37733470575221517, 34.84999999999999432, -10.54999999989151505 ) ) ;
#4075 = TOROIDAL_SURFACE ( 'NONE', #1900, 0.6500000000000000222, 0.3499999999999999778 ) ;
#4076 = DIRECTION ( 'NONE',  ( 0.000000000000000000, 1.000000000000000000, 0.000000000000000000 ) ) ;
#4077 = CARTESIAN_POINT ( 'NONE',  ( 41.50000000000009237, 0.000000000000000000, 0.000000000000000000 ) ) ;
#4078 = CARTESIAN_POINT ( 'NONE',  ( -25.55175646636317310, 39.81984904526508018, 10.16653916300536764 ) ) ;
#4079 = DIRECTION ( 'NONE',  ( 8.659560562354904508E-17, -0.7071067811865499042, 0.7071067811865452413 ) ) ;
#4080 = CONICAL_SURFACE ( 'NONE', #2460, 52.32500000000007390, 0.7853981633974450594 ) ;
#4081 = DIRECTION ( 'NONE',  ( 0.000000000000000000, 1.000000000000000000, 0.000000000000000000 ) ) ;
#4082 = ADVANCED_FACE ( 'NONE', ( #1595 ), #3126, .T. ) ;
#4083 = EDGE_LOOP ( 'NONE', ( #1321, #1539, #3095, #3651 ) ) ;
#4084 = CIRCLE ( 'NONE', #3908, 2.250000000000002220 ) ;
#4085 = CARTESIAN_POINT ( 'NONE',  ( -26.79527488868086138, 40.37428469404548537, -9.130510779009787470 ) ) ;
#4086 = CARTESIAN_POINT ( 'NONE',  ( 3.756604056384505718E-15, 4.675000000000026468, 30.67500000000000071 ) ) ;
#4087 = AXIS2_PLACEMENT_3D ( 'NONE', #4678, #3475, #3861 ) ;
#4088 = CYLINDRICAL_SURFACE ( 'NONE', #1011, 51.99999999999997868 ) ;
#4089 = VECTOR ( 'NONE', #4013, 1000.000000000000000 ) ;
#4090 = ORIENTED_EDGE ( 'NONE', *, *, #1289, .T. ) ;
#4091 =( BOUNDED_SURFACE ( )  B_SPLINE_SURFACE ( 3, 2, ( 
 ( #3091, #2326, #3855 ),
 ( #1958, #2688, #4670 ),
 ( #3781, #11, #385 ),
 ( #3490, #756, #1537 ) ),
 .UNSPECIFIED., .F., .F., .T. ) 
 B_SPLINE_SURFACE_WITH_KNOTS ( ( 4, 4 ),
 ( 3, 3 ),
 ( 6.283185307179586232, 6.449597568410077031 ),
 ( 0.000000000000000000, 1.000000000000000000 ),
 .UNSPECIFIED. ) 
 GEOMETRIC_REPRESENTATION_ITEM ( )  RATIONAL_B_SPLINE_SURFACE ( (
 ( 1.000000000000000000, 0.7071067811865510144, 1.000000000000000000),
 ( 1.000000000000000000, 0.7070960168929406597, 1.000000000000000000),
 ( 1.000000000000000000, 0.7104103552839102775, 1.000000000000000000),
 ( 1.000000000000000000, 0.7167420553784673576, 1.000000000000000000) ) ) 
 REPRESENTATION_ITEM ( '' )  SURFACE ( )  );
#4092 = CIRCLE ( 'NONE', #2559, 30.67500000000000071 ) ;
#4093 = ORIENTED_EDGE ( 'NONE', *, *, #509, .F. ) ;
#4094 = ORIENTED_EDGE ( 'NONE', *, *, #3236, .T. ) ;
#4095 = AXIS2_PLACEMENT_3D ( 'NONE', #2865, #529, #885 ) ;
#4096 = EDGE_CURVE ( 'NONE', #3804, #869, #815, .T. ) ;
#4097 = EDGE_CURVE ( 'NONE', #533, #4785, #4343, .T. ) ;
#4098 = DIRECTION ( 'NONE',  ( 0.9346693914998949193, 0.000000000000000000, -0.3555181128904913446 ) ) ;
#4099 = ADVANCED_FACE ( 'NONE', ( #1618 ), #2309, .T. ) ;
#4100 = AXIS2_PLACEMENT_3D ( 'NONE', #1589, #4386, #3541 ) ;
#4101 = DIRECTION ( 'NONE',  ( 0.000000000000000000, 1.000000000000000000, 0.000000000000000000 ) ) ;
#4102 = CARTESIAN_POINT ( 'NONE',  ( -28.67802396388160702, 37.91358865312057702, 10.16363723203675562 ) ) ;
#4103 = DIRECTION ( 'NONE',  ( -0.000000000000000000, -1.000000000000000000, -0.000000000000000000 ) ) ;
#4104 = DIRECTION ( 'NONE',  ( 0.000000000000000000, 1.000000000000000000, 0.000000000000000000 ) ) ;
#4105 = CARTESIAN_POINT ( 'NONE',  ( 11.58493919599269084, 44.19499999999999318, -14.12373356831901638 ) ) ;
#4106 = CARTESIAN_POINT ( 'NONE',  ( 0.000000000000000000, 0.000000000000000000, 51.99999999999997868 ) ) ;
#4107 = CARTESIAN_POINT ( 'NONE',  ( -25.79742559041467942, 39.55000000000011084, 9.550000000025482549 ) ) ;
#4108 = FACE_OUTER_BOUND ( 'NONE', #3540, .T. ) ;
#4109 = CARTESIAN_POINT ( 'NONE',  ( -28.02440069286253888, 32.34363377662668881, 9.155510310989283695 ) ) ;
#4110 = ORIENTED_EDGE ( 'NONE', *, *, #2264, .F. ) ;
#4111 = CARTESIAN_POINT ( 'NONE',  ( -26.50247195738428019, 39.84239170888282899, -9.516289749515093987 ) ) ;
#4112 = DIRECTION ( 'NONE',  ( 0.000000000000000000, 1.000000000000000000, 0.000000000000000000 ) ) ;
#4113 = FACE_OUTER_BOUND ( 'NONE', #3878, .T. ) ;
#4114 = CARTESIAN_POINT ( 'NONE',  ( 29.34493141924177095, 3.174999999999999822, -31.59493141924177451 ) ) ;
#4115 =( BOUNDED_SURFACE ( )  B_SPLINE_SURFACE ( 3, 2, ( 
 ( #2428, #1690, #3225 ),
 ( #2868, #1311, #2840 ),
 ( #830, #2348, #3895 ),
 ( #455, #4695, #1229 ),
 ( #2760, #4303, #851 ),
 ( #2373, #4857, #585 ),
 ( #4519, #1437, #659 ),
 ( #4109, #2159, #3699 ),
 ( #271, #1387, #2568 ),
 ( #2203, #1794, #246 ),
 ( #3325, #3673, #4135 ),
 ( #2922, #2589, #2109 ) ),
 .UNSPECIFIED., .F., .F., .T. ) 
 B_SPLINE_SURFACE_WITH_KNOTS ( ( 4, 2, 2, 2, 2, 4 ),
 ( 3, 3 ),
 ( 0.001281012908504896523, 0.001682797651758112306, 0.002084582395011328089, 0.002888151881517759222, 0.003691721368024190354, 0.004495290854530621487 ),
 ( 0.000000000000000000, 1.000000000000000000 ),
 .UNSPECIFIED. ) 
 GEOMETRIC_REPRESENTATION_ITEM ( )  RATIONAL_B_SPLINE_SURFACE ( (
 ( 1.000000000000000000, 0.5676627022755255103, 1.000000000000000000),
 ( 1.000000000000000000, 0.5676647728776285096, 1.000000000000000000),
 ( 1.000000000000000000, 0.5689463339154517962, 1.000000000000000000),
 ( 1.000000000000000000, 0.5738606507058875428, 1.000000000000000000),
 ( 1.000000000000000000, 0.5775564834617120669, 1.000000000000000000),
 ( 1.000000000000000000, 0.5913854950197541260, 1.000000000000000000),
 ( 1.000000000000000000, 0.6044666500817342802, 1.000000000000000000),
 ( 1.000000000000000000, 0.6331758914174933084, 1.000000000000000000),
 ( 1.000000000000000000, 0.6489860069131033748, 1.000000000000000000),
 ( 1.000000000000000000, 0.6793000991954035728, 1.000000000000000000),
 ( 1.000000000000000000, 0.6941682418811062627, 1.000000000000000000),
 ( 1.000000000000000000, 0.7071067811865475727, 1.000000000000000000) ) ) 
 REPRESENTATION_ITEM ( '' )  SURFACE ( )  );
#4116 = DIRECTION ( 'NONE',  ( 0.000000000000000000, 0.000000000000000000, 1.000000000000000000 ) ) ;
#4117 = VERTEX_POINT ( 'NONE', #438 ) ;
#4118 = CYLINDRICAL_SURFACE ( 'NONE', #1202, 1.000000000000000888 ) ;
#4119 = LINE ( 'NONE', #276, #2229 ) ;
#4120 = ORIENTED_EDGE ( 'NONE', *, *, #2799, .F. ) ;
#4121 = EDGE_CURVE ( 'NONE', #3705, #2442, #2145, .T. ) ;
#4122 = ORIENTED_EDGE ( 'NONE', *, *, #3917, .T. ) ;
#4123 = ADVANCED_FACE ( 'NONE', ( #3098 ), #4733, .F. ) ;
#4124 = ORIENTED_EDGE ( 'NONE', *, *, #4539, .F. ) ;
#4125 = CARTESIAN_POINT ( 'NONE',  ( -49.15710248784005643, 3.174999999999999822, -17.92999999999992866 ) ) ;
#4126 = DIRECTION ( 'NONE',  ( 1.224646799147354440E-16, 0.000000000000000000, -1.000000000000000000 ) ) ;
#4127 = CARTESIAN_POINT ( 'NONE',  ( -29.28757608766425236, 32.25908455489038573, -9.124376358097187278 ) ) ;
#4128 = CARTESIAN_POINT ( 'NONE',  ( 0.000000000000000000, 3.174999999999999822, -32.17499999999999716 ) ) ;
#4129 = PRODUCT_DEFINITION_SHAPE ( 'NONE', 'NONE',  #1747 ) ;
#4130 = CARTESIAN_POINT ( 'NONE',  ( -26.47541312241017408, 39.55000000000011084, -9.549999999891518598 ) ) ;
#4131 = CARTESIAN_POINT ( 'NONE',  ( -0.000000000000000000, -17.70000000000004903, 51.99999999999997868 ) ) ;
#4132 = CARTESIAN_POINT ( 'NONE',  ( -34.54983402065155218, -7.700000000000047251, 41.17488881764501230 ) ) ;
#4133 = DIRECTION ( 'NONE',  ( 0.000000000000000000, 0.000000000000000000, 1.000000000000000000 ) ) ;
#4134 = EDGE_CURVE ( 'NONE', #1642, #1068, #814, .T. ) ;
#4135 = CARTESIAN_POINT ( 'NONE',  ( -29.29493400217437937, 31.15000000192475582, 9.101546103637041085 ) ) ;
#4136 = EDGE_LOOP ( 'NONE', ( #2306, #2339, #711, #3727, #2737, #2262 ) ) ;
#4137 = CARTESIAN_POINT ( 'NONE',  ( -28.38331411100211099, 34.84538448952588396, -10.43912241749692171 ) ) ;
#4138 = DIRECTION ( 'NONE',  ( 0.000000000000000000, 1.000000000000000000, 0.000000000000000000 ) ) ;
#4139 = CARTESIAN_POINT ( 'NONE',  ( -28.33994211782493622, 40.55000000000011795, -8.677388364955332278 ) ) ;
#4140 = CARTESIAN_POINT ( 'NONE',  ( 0.000000000000000000, 3.174999999999999822, 0.000000000000000000 ) ) ;
#4141 = ORIENTED_EDGE ( 'NONE', *, *, #2057, .T. ) ;
#4142 = DIRECTION ( 'NONE',  ( 0.000000000000000000, -1.000000000000000000, 0.000000000000000000 ) ) ;
#4143 = CIRCLE ( 'NONE', #1957, 30.32500000000000284 ) ;
#4144 = CARTESIAN_POINT ( 'NONE',  ( -28.30041168418271269, 35.26053696380780167, 9.550000000025169911 ) ) ;
#4145 = FACE_OUTER_BOUND ( 'NONE', #787, .T. ) ;
#4146 = VERTEX_POINT ( 'NONE', #1669 ) ;
#4147 = CARTESIAN_POINT ( 'NONE',  ( 0.000000000000000000, -79.70000000000075602, 0.000000000000000000 ) ) ;
#4148 = EDGE_CURVE ( 'NONE', #3856, #3928, #2142, .T. ) ;
#4149 = ORIENTED_EDGE ( 'NONE', *, *, #1493, .T. ) ;
#4150 = DIRECTION ( 'NONE',  ( 0.000000000000000000, 0.000000000000000000, 1.000000000000000000 ) ) ;
#4151 = AXIS2_PLACEMENT_3D ( 'NONE', #2584, #1012, #2532 ) ;
#4152 = CARTESIAN_POINT ( 'NONE',  ( -28.28537410924615614, 38.05507147267927337, 9.924691074479943254 ) ) ;
#4153 = CARTESIAN_POINT ( 'NONE',  ( -25.78851488549724991, 32.14999999533010566, 8.550000000025480773 ) ) ;
#4154 = VERTEX_POINT ( 'NONE', #2496 ) ;
#4155 = CARTESIAN_POINT ( 'NONE',  ( 0.000000000000000000, 0.000000000000000000, 0.000000000000000000 ) ) ;
#4156 = LINE ( 'NONE', #1061, #4389 ) ;
#4157 = CARTESIAN_POINT ( 'NONE',  ( 0.000000000000000000, 38.84999999999999432, 10.55000000002548433 ) ) ;
#4158 = DIRECTION ( 'NONE',  ( 0.000000000000000000, 0.000000000000000000, 1.000000000000000000 ) ) ;
#4159 = CARTESIAN_POINT ( 'NONE',  ( -25.83808864461058619, 41.16390580359690432, 9.416998324132714870 ) ) ;
#4160 = DIRECTION ( 'NONE',  ( 0.000000000000000000, 1.000000000000000000, 0.000000000000000000 ) ) ;
#4161 = CARTESIAN_POINT ( 'NONE',  ( -25.54645125841445008, 39.68354189140232791, 10.17982456142809333 ) ) ;
#4162 = ORIENTED_EDGE ( 'NONE', *, *, #1853, .T. ) ;
#4163 = CARTESIAN_POINT ( 'NONE',  ( -27.73631419281027988, 39.55000000000011084, -9.549999999891518598 ) ) ;
#4164 = DIRECTION ( 'NONE',  ( 0.000000000000000000, -0.000000000000000000, 1.000000000000000000 ) ) ;
#4165 = DIRECTION ( 'NONE',  ( 0.000000000000000000, 0.000000000000000000, 1.000000000000000000 ) ) ;
#4166 = ADVANCED_FACE ( 'NONE', ( #919 ), #3234, .F. ) ;
#4167 = VECTOR ( 'NONE', #2455, 1000.000000000000000 ) ;
#4168 = LINE ( 'NONE', #2186, #1320 ) ;
#4169 = VECTOR ( 'NONE', #197, 1000.000000000000000 ) ;
#4170 = ORIENTED_EDGE ( 'NONE', *, *, #3706, .T. ) ;
#4171 = AXIS2_PLACEMENT_3D ( 'NONE', #2000, #693, #4917 ) ;
#4172 = CARTESIAN_POINT ( 'NONE',  ( -26.47541312235679456, -97.58073580374365008, 10.55000000002548433 ) ) ;
#4173 = CIRCLE ( 'NONE', #3680, 1.250000000000001110 ) ;
#4174 = ORIENTED_EDGE ( 'NONE', *, *, #2596, .T. ) ;
#4175 = ORIENTED_EDGE ( 'NONE', *, *, #1226, .F. ) ;
#4176 = CARTESIAN_POINT ( 'NONE',  ( -27.02193467886980116, 32.17481536945811627, 8.806254308220818672 ) ) ;
#4177 = EDGE_CURVE ( 'NONE', #3501, #4658, #4742, .T. ) ;
#4178 = CARTESIAN_POINT ( 'NONE',  ( -25.70664250807268658, 40.79118634028975521, -9.768543876626361921 ) ) ;
#4179 = ADVANCED_FACE ( 'NONE', ( #2045 ), #2015, .T. ) ;
#4180 = CARTESIAN_POINT ( 'NONE',  ( -28.34384929728632585, 37.84999999999999432, -10.78108677326740938 ) ) ;
#4181 = CIRCLE ( 'NONE', #1989, 1.000000000000000888 ) ;
#4182 = EDGE_LOOP ( 'NONE', ( #1209, #4737, #2820, #4537, #1988, #644 ) ) ;
#4183 = EDGE_LOOP ( 'NONE', ( #3907, #4141, #4604, #690, #1674, #2457, #4120, #2267 ) ) ;
#4184 = DIRECTION ( 'NONE',  ( 0.000000000000000000, 0.7071067811865510144, -0.7071067811865441310 ) ) ;
#4185 = LINE ( 'NONE', #241, #2048 ) ;
#4186 = AXIS2_PLACEMENT_3D ( 'NONE', #3500, #1998, #1199 ) ;
#4187 = CARTESIAN_POINT ( 'NONE',  ( -29.37419337844622547, 40.55000000000011084, 8.838121314263917228 ) ) ;
#4188 = CARTESIAN_POINT ( 'NONE',  ( -26.87145278575534846, 32.26129103805663334, -9.024565180869116077 ) ) ;
#4189 = FACE_OUTER_BOUND ( 'NONE', #1200, .T. ) ;
#4190 = EDGE_CURVE ( 'NONE', #3310, #3543, #2553, .T. ) ;
#4191 = FACE_OUTER_BOUND ( 'NONE', #3550, .T. ) ;
#4192 = FACE_OUTER_BOUND ( 'NONE', #4292, .T. ) ;
#4193 = CARTESIAN_POINT ( 'NONE',  ( -15.37373356800737412, 47.21999999999999176, -10.33493919631942859 ) ) ;
#4194 = CARTESIAN_POINT ( 'NONE',  ( -27.91987780759141557, 37.65963595890534066, 10.87386455524005058 ) ) ;
#4195 = CARTESIAN_POINT ( 'NONE',  ( -18.38358270375472969, -17.70000000000004903, -50.50847836724256013 ) ) ;
#4196 = EDGE_LOOP ( 'NONE', ( #1475, #572, #3674, #819 ) ) ;
#4197 = CARTESIAN_POINT ( 'NONE',  ( -27.73631419281027988, 38.70933866224477526, -9.549999999891518598 ) ) ;
#4198 = ORIENTED_EDGE ( 'NONE', *, *, #4457, .T. ) ;
#4199 = ADVANCED_FACE ( 'NONE', ( #568 ), #227, .T. ) ;
#4200 = EDGE_LOOP ( 'NONE', ( #1398, #1840, #3817, #467, #3525, #4310 ) ) ;
#4201 = DIRECTION ( 'NONE',  ( 0.000000000000000000, 1.000000000000000000, 0.000000000000000000 ) ) ;
#4202 = ORIENTED_EDGE ( 'NONE', *, *, #2006, .T. ) ;
#4203 = CARTESIAN_POINT ( 'NONE',  ( -29.37419337848788459, 32.14999999533010566, -8.838121314125439554 ) ) ;
#4204 = VERTEX_POINT ( 'NONE', #2880 ) ;
#4205 = CARTESIAN_POINT ( 'NONE',  ( -43.85000000000004405, 0.000000000000000000, 2.727178028658938214 ) ) ;
#4206 = CARTESIAN_POINT ( 'NONE',  ( -28.03976495194336138, 40.37227532793528439, 9.133431204814341342 ) ) ;
#4207 = DIRECTION ( 'NONE',  ( 0.000000000000000000, -1.000000000000000000, 0.000000000000000000 ) ) ;
#4208 = DIRECTION ( 'NONE',  ( 0.000000000000000000, 0.000000000000000000, 1.000000000000000000 ) ) ;
#4209 = CARTESIAN_POINT ( 'NONE',  ( 41.50000000000009237, 3.174999999999999822, -2.250000000000002220 ) ) ;
#4210 = FACE_OUTER_BOUND ( 'NONE', #1894, .T. ) ;
#4211 = CARTESIAN_POINT ( 'NONE',  ( 0.000000000000000000, 34.84999999999999432, 30.32500000000000284 ) ) ;
#4212 = DIRECTION ( 'NONE',  ( 0.000000000000000000, 0.000000000000000000, 1.000000000000000000 ) ) ;
#4213 = EDGE_CURVE ( 'NONE', #1617, #3876, #4001, .T. ) ;
#4214 = FACE_OUTER_BOUND ( 'NONE', #3976, .T. ) ;
#4215 = ORIENTED_EDGE ( 'NONE', *, *, #2564, .F. ) ;
#4216 = DIRECTION ( 'NONE',  ( 0.000000000000000000, 0.000000000000000000, 1.000000000000000000 ) ) ;
#4217 = ORIENTED_EDGE ( 'NONE', *, *, #4841, .F. ) ;
#4218 = EDGE_CURVE ( 'NONE', #1074, #3214, #4698, .T. ) ;
#4219 = EDGE_CURVE ( 'NONE', #3038, #2099, #463, .T. ) ;
#4220 = CARTESIAN_POINT ( 'NONE',  ( -41.50000000000009237, 0.000000000000000000, 0.000000000000000000 ) ) ;
#4221 = CIRCLE ( 'NONE', #1487, 29.17500000000000071 ) ;
#4222 = ORIENTED_EDGE ( 'NONE', *, *, #2692, .F. ) ;
#4223 = CARTESIAN_POINT ( 'NONE',  ( 0.000000000000000000, 3.174999999999999822, -41.50000000000009237 ) ) ;
#4224 = ORIENTED_EDGE ( 'NONE', *, *, #2977, .T. ) ;
#4225 = CARTESIAN_POINT ( 'NONE',  ( 0.000000000000000000, 0.000000000000000000, 0.000000000000000000 ) ) ;
#4226 = AXIS2_PLACEMENT_3D ( 'NONE', #1036, #3343, #1107 ) ;
#4227 = CARTESIAN_POINT ( 'NONE',  ( -26.19333873837540239, 32.11259418145134958, -8.377157875934894804 ) ) ;
#4228 = CARTESIAN_POINT ( 'NONE',  ( -26.48185357458824640, 33.00452563430513209, -9.541937569785481799 ) ) ;
#4229 = FACE_OUTER_BOUND ( 'NONE', #832, .T. ) ;
#4230 = AXIS2_PLACEMENT_3D ( 'NONE', #1608, #4614, #3087 ) ;
#4231 = CARTESIAN_POINT ( 'NONE',  ( 0.000000000000000000, 41.55000000000011795, 0.000000000000000000 ) ) ;
#4232 = EDGE_CURVE ( 'NONE', #1879, #2983, #240, .T. ) ;
#4233 = CARTESIAN_POINT ( 'NONE',  ( -27.51003422496521367, 38.59328594931000822, 9.550000000025482549 ) ) ;
#4234 = ADVANCED_FACE ( 'NONE', ( #3925 ), #1534, .T. ) ;
#4235 = CARTESIAN_POINT ( 'NONE',  ( -28.34384929723425373, 34.84999999999999432, 10.78108677340430077 ) ) ;
#4236 = ORIENTED_EDGE ( 'NONE', *, *, #3154, .T. ) ;
#4237 = CONICAL_SURFACE ( 'NONE', #3032, 30.67500000000000071, 0.7853981633974367327 ) ;
#4238 = ORIENTED_EDGE ( 'NONE', *, *, #2661, .F. ) ;
#4239 = AXIS2_PLACEMENT_3D ( 'NONE', #1653, #907, #3509 ) ;
#4240 = AXIS2_PLACEMENT_3D ( 'NONE', #3058, #2758, #1071 ) ;
#4241 = AXIS2_PLACEMENT_3D ( 'NONE', #1505, #4, #1882 ) ;
#4242 = CARTESIAN_POINT ( 'NONE',  ( -26.15501587554720331, 31.15000000623006571, 8.499016808775737175 ) ) ;
#4243 = CARTESIAN_POINT ( 'NONE',  ( 6.602377055903171928E-15, 3.174999999999999822, 52.32500000000008100 ) ) ;
#4244 = ORIENTED_EDGE ( 'NONE', *, *, #1561, .T. ) ;
#4245 = CARTESIAN_POINT ( 'NONE',  ( -28.86574115567575305, 31.81082694827690105, -10.37955101991852658 ) ) ;
#4246 = DIRECTION ( 'NONE',  ( 0.000000000000000000, 1.000000000000000000, 0.000000000000000000 ) ) ;
#4247 = ORIENTED_EDGE ( 'NONE', *, *, #1085, .T. ) ;
#4248 = CARTESIAN_POINT ( 'NONE',  ( -52.52394787142338117, -24.20000000000027640, -17.92999999999993221 ) ) ;
#4249 = ADVANCED_FACE ( 'NONE', ( #414 ), #4504, .T. ) ;
#4250 = ORIENTED_EDGE ( 'NONE', *, *, #2861, .F. ) ;
#4251 = B_SPLINE_CURVE_WITH_KNOTS ( 'NONE', 3,
 ( #503, #1611, #4777, #1718, #480, #1658, #163, #1631 ),
 .UNSPECIFIED., .F., .F.,
 ( 4, 2, 2, 4 ),
 ( 0.0006600676385682247406, 0.001426067502125102611, 0.001809067433903544311, 0.002192067365681986228 ),
 .UNSPECIFIED. ) ;
#4252 = CARTESIAN_POINT ( 'NONE',  ( -25.83808864465759214, 31.53609419173404049, -9.416998324003730048 ) ) ;
#4253 = LINE ( 'NONE', #45, #1847 ) ;
#4254 = CARTESIAN_POINT ( 'NONE',  ( -25.73327609252001480, 31.82188767954220054, -9.698325038393475594 ) ) ;
#4255 = DIRECTION ( 'NONE',  ( 0.000000000000000000, 0.000000000000000000, 1.000000000000000000 ) ) ;
#4256 = VECTOR ( 'NONE', #3741, 1000.000000000000000 ) ;
#4257 = VECTOR ( 'NONE', #3773, 1000.000000000000000 ) ;
#4258 = CARTESIAN_POINT ( 'NONE',  ( -26.78051168042923180, 40.35248753514383679, -9.150122939002713451 ) ) ;
#4259 = CARTESIAN_POINT ( 'NONE',  ( -28.31178645059629773, 37.80458523333983578, 9.550000000025482549 ) ) ;
#4260 = AXIS2_PLACEMENT_3D ( 'NONE', #2513, #1336, #4031 ) ;
#4261 = CARTESIAN_POINT ( 'NONE',  ( -17.78504745293480127, -7.700000000000050804, -48.86401628086719739 ) ) ;
#4262 = ORIENTED_EDGE ( 'NONE', *, *, #3917, .F. ) ;
#4263 = ORIENTED_EDGE ( 'NONE', *, *, #3819, .F. ) ;
#4264 = CARTESIAN_POINT ( 'NONE',  ( -27.18726724037493980, 40.55000000000011084, 8.550000000025480773 ) ) ;
#4265 = CARTESIAN_POINT ( 'NONE',  ( -43.85000000000004405, 3.174999999999999822, -2.727178028658938214 ) ) ;
#4266 = VERTEX_POINT ( 'NONE', #4842 ) ;
#4267 = DIRECTION ( 'NONE',  ( 0.000000000000000000, 0.000000000000000000, 1.000000000000000000 ) ) ;
#4268 = CARTESIAN_POINT ( 'NONE',  ( 41.50000000000009237, 3.174999999999999822, 0.000000000000000000 ) ) ;
#4269 = ORIENTED_EDGE ( 'NONE', *, *, #4190, .T. ) ;
#4270 = CARTESIAN_POINT ( 'NONE',  ( -29.18657898716149290, 33.09056263797545228, -9.549999999938432182 ) ) ;
#4271 = ORIENTED_EDGE ( 'NONE', *, *, #509, .T. ) ;
#4272 = CARTESIAN_POINT ( 'NONE',  ( -27.73631419275932330, 33.99066133775522758, 9.550000000025484326 ) ) ;
#4273 = ORIENTED_EDGE ( 'NONE', *, *, #1025, .T. ) ;
#4274 = DIRECTION ( 'NONE',  ( 0.000000000000000000, 1.000000000000000000, 0.000000000000000000 ) ) ;
#4275 = CARTESIAN_POINT ( 'NONE',  ( -27.02168206378778237, 32.17503181851482452, -8.806605975959959309 ) ) ;
#4276 = DIRECTION ( 'NONE',  ( 0.000000000000000000, 1.000000000000000000, 0.000000000000000000 ) ) ;
#4277 = CARTESIAN_POINT ( 'NONE',  ( -26.47541312235680877, 33.00258689535439061, 9.550000000025482549 ) ) ;
#4278 = CARTESIAN_POINT ( 'NONE',  ( -27.93923883048989154, 38.57964285453279984, -9.550059493182629922 ) ) ;
#4279 = DIRECTION ( 'NONE',  ( 0.000000000000000000, 0.000000000000000000, -1.000000000000000000 ) ) ;
#4280 = ADVANCED_FACE ( 'NONE', ( #2646 ), #1113, .T. ) ;
#4281 = DIRECTION ( 'NONE',  ( 0.000000000000000000, 0.000000000000000000, 1.000000000000000000 ) ) ;
#4282 = CARTESIAN_POINT ( 'NONE',  ( -27.73631419281027988, 0.000000000000000000, -9.549999999891518598 ) ) ;
#4283 = VERTEX_POINT ( 'NONE', #3625 ) ;
#4284 = VERTEX_POINT ( 'NONE', #4193 ) ;
#4285 = CARTESIAN_POINT ( 'NONE',  ( -27.73631419281027632, 33.99066133775521337, -9.549999999891516822 ) ) ;
#4286 = ORIENTED_EDGE ( 'NONE', *, *, #3402, .F. ) ;
#4287 = CARTESIAN_POINT ( 'NONE',  ( -29.05261403972475875, 31.39831788969832971, -9.844543276616036565 ) ) ;
#4288 = CARTESIAN_POINT ( 'NONE',  ( 0.000000000000000000, 38.19999999999999574, 0.000000000000000000 ) ) ;
#4289 = EDGE_CURVE ( 'NONE', #2671, #727, #3282, .T. ) ;
#4290 = EDGE_LOOP ( 'NONE', ( #967, #3428, #2824, #1782 ) ) ;
#4291 = CARTESIAN_POINT ( 'NONE',  ( -28.67656761712676072, 39.82362704673946752, -10.89086874971016528 ) ) ;
#4292 = EDGE_LOOP ( 'NONE', ( #2876, #4358, #3709, #2831 ) ) ;
#4293 = EDGE_LOOP ( 'NONE', ( #922, #111, #2010, #1798 ) ) ;
#4294 = CIRCLE ( 'NONE', #2345, 55.49999999999997868 ) ;
#4295 = AXIS2_PLACEMENT_3D ( 'NONE', #1059, #263, #237 ) ;
#4296 = DIRECTION ( 'NONE',  ( -0.000000000000000000, -1.000000000000000000, -0.000000000000000000 ) ) ;
#4297 = DIRECTION ( 'NONE',  ( 3.469446951953611033E-15, 0.000000000000000000, 1.000000000000000000 ) ) ;
#4298 = DIRECTION ( 'NONE',  ( -0.000000000000000000, 1.000000000000000000, -0.000000000000000000 ) ) ;
#4299 = CYLINDRICAL_SURFACE ( 'NONE', #2459, 1.000000000000000888 ) ;
#4300 = DIRECTION ( 'NONE',  ( 0.000000000000000000, 0.000000000000000000, 1.000000000000000000 ) ) ;
#4301 = CARTESIAN_POINT ( 'NONE',  ( -52.52394787142338117, 2.775557561562891351E-14, -17.92999999999993221 ) ) ;
#4302 = AXIS2_PLACEMENT_3D ( 'NONE', #1081, #4076, #3393 ) ;
#4303 = CARTESIAN_POINT ( 'NONE',  ( -29.17991316432888738, 32.98608743804413024, 9.552310405276610794 ) ) ;
#4304 = ORIENTED_EDGE ( 'NONE', *, *, #1713, .T. ) ;
#4305 = VERTEX_POINT ( 'NONE', #739 ) ;
#4306 = ADVANCED_FACE ( 'NONE', ( #1723 ), #673, .T. ) ;
#4307 = CARTESIAN_POINT ( 'NONE',  ( -26.52455807650645525, 39.90343509552846513, 9.488003598688663942 ) ) ;
#4308 = DIRECTION ( 'NONE',  ( 0.000000000000000000, 0.000000000000000000, -1.000000000000000000 ) ) ;
#4309 = CARTESIAN_POINT ( 'NONE',  ( -28.11330727985932398, 40.43775714770210072, -9.026470780516262948 ) ) ;
#4310 = ORIENTED_EDGE ( 'NONE', *, *, #590, .T. ) ;
#4311 = EDGE_LOOP ( 'NONE', ( #3743, #2774 ) ) ;
#4312 = CARTESIAN_POINT ( 'NONE',  ( -29.09197639378995603, 31.34013376740931633, -9.727753426500242995 ) ) ;
#4313 = CARTESIAN_POINT ( 'NONE',  ( -25.81350122074966791, 39.89354918852323095, -9.505936929154920279 ) ) ;
#4314 = DIRECTION ( 'NONE',  ( 0.000000000000000000, 0.000000000000000000, -1.000000000000000000 ) ) ;
#4315 = ORIENTED_EDGE ( 'NONE', *, *, #349, .T. ) ;
#4316 = CARTESIAN_POINT ( 'NONE',  ( -28.67098358431189098, 33.14999999533053909, -10.90551811277750183 ) ) ;
#4317 = FACE_BOUND ( 'NONE', #3198, .T. ) ;
#4318 = VERTEX_POINT ( 'NONE', #1628 ) ;
#4319 = CARTESIAN_POINT ( 'NONE',  ( -27.96182741561682761, 34.08436410029015207, 9.550000000025484326 ) ) ;
#4320 = AXIS2_PLACEMENT_3D ( 'NONE', #1913, #3801, #2620 ) ;
#4321 = ORIENTED_EDGE ( 'NONE', *, *, #2542, .T. ) ;
#4322 = AXIS2_PLACEMENT_3D ( 'NONE', #3178, #895, #4267 ) ;
#4323 = CARTESIAN_POINT ( 'NONE',  ( -41.50000000000009237, 0.000000000000000000, 0.000000000000000000 ) ) ;
#4324 = DIRECTION ( 'NONE',  ( 0.000000000000000000, 0.000000000000000000, 1.000000000000000000 ) ) ;
#4325 = CARTESIAN_POINT ( 'NONE',  ( -28.73169868228580270, 34.49699991819219491, 10.43912241763793958 ) ) ;
#4326 = CIRCLE ( 'NONE', #3841, 51.99999999999999289 ) ;
#4327 = CARTESIAN_POINT ( 'NONE',  ( -28.68103904764545931, 38.23592884435713302, -10.13751525886427984 ) ) ;
#4328 = DIRECTION ( 'NONE',  ( -0.000000000000000000, -1.000000000000000000, -0.000000000000000000 ) ) ;
#4329 = VECTOR ( 'NONE', #3911, 1000.000000000000000 ) ;
#4330 = LINE ( 'NONE', #2031, #1357 ) ;
#4331 = DIRECTION ( 'NONE',  ( 0.000000000000000000, -1.000000000000000000, 0.000000000000000000 ) ) ;
#4332 = ADVANCED_FACE ( 'NONE', ( #1284 ), #2788, .F. ) ;
#4333 = CARTESIAN_POINT ( 'NONE',  ( -28.37733470570240968, 34.49102051294308069, 10.44233058939190073 ) ) ;
#4334 = ORIENTED_EDGE ( 'NONE', *, *, #3436, .T. ) ;
#4335 = AXIS2_PLACEMENT_3D ( 'NONE', #4610, #3045, #751 ) ;
#4336 = B_SPLINE_CURVE_WITH_KNOTS ( 'NONE', 3,
 ( #3584, #3554, #3889, #2366, #4745, #4772, #2813, #1306, #2320, #4352, #4277, #826 ),
 .UNSPECIFIED., .F., .F.,
 ( 4, 2, 2, 2, 2, 4 ),
 ( 0.000000000000000000, 0.0004350904961592163699, 0.0008701809923184327398, 0.001087726240398036344, 0.001305271488477640273, 0.001740361984636845313 ),
 .UNSPECIFIED. ) ;
#4337 = ORIENTED_EDGE ( 'NONE', *, *, #798, .F. ) ;
#4338 = CARTESIAN_POINT ( 'NONE',  ( -28.24947495393025321, 34.85843238721624715, -10.63900959116444334 ) ) ;
#4339 = DIRECTION ( 'NONE',  ( 1.000000000000000000, 0.000000000000000000, 0.000000000000000000 ) ) ;
#4340 = AXIS2_PLACEMENT_3D ( 'NONE', #1111, #3046, #26 ) ;
#4341 = DIRECTION ( 'NONE',  ( 0.000000000000000000, 0.000000000000000000, 1.000000000000000000 ) ) ;
#4342 = ORIENTED_EDGE ( 'NONE', *, *, #2058, .F. ) ;
#4343 = LINE ( 'NONE', #487, #3197 ) ;
#4344 = EDGE_CURVE ( 'NONE', #3808, #888, #1699, .T. ) ;
#4345 = CARTESIAN_POINT ( 'NONE',  ( -26.93238060406634560, 34.94161707576463982, -9.549999999891520375 ) ) ;
#4346 = ORIENTED_EDGE ( 'NONE', *, *, #995, .F. ) ;
#4347 = DIRECTION ( 'NONE',  ( -0.000000000000000000, 1.000000000000000000, -0.000000000000000000 ) ) ;
#4348 = ORIENTED_EDGE ( 'NONE', *, *, #931, .T. ) ;
#4349 = ORIENTED_EDGE ( 'NONE', *, *, #2516, .T. ) ;
#4350 = LINE ( 'NONE', #845, #4329 ) ;
#4351 = DIRECTION ( 'NONE',  ( 0.000000000000000000, 0.000000000000000000, -1.000000000000000000 ) ) ;
#4352 = CARTESIAN_POINT ( 'NONE',  ( -26.50247195733147620, 32.85760828644654907, 9.516289749648841223 ) ) ;
#4353 = CARTESIAN_POINT ( 'NONE',  ( -28.73631419198139980, 34.84999999917111069, -10.47505693679974392 ) ) ;
#4354 = LINE ( 'NONE', #3918, #1592 ) ;
#4355 = DIRECTION ( 'NONE',  ( 0.000000000000000000, 0.000000000000000000, 1.000000000000000000 ) ) ;
#4356 = CARTESIAN_POINT ( 'NONE',  ( 0.000000000000000000, 3.174999999999999822, 0.000000000000000000 ) ) ;
#4357 = ORIENTED_EDGE ( 'NONE', *, *, #881, .T. ) ;
#4358 = ORIENTED_EDGE ( 'NONE', *, *, #2800, .T. ) ;
#4359 = CARTESIAN_POINT ( 'NONE',  ( -27.10912355135550911, 40.55000000000011084, 8.674240547190022355 ) ) ;
#4360 = CARTESIAN_POINT ( 'NONE',  ( -28.37733470570240257, 34.85000000000000853, 9.550000000025482549 ) ) ;
#4361 = CARTESIAN_POINT ( 'NONE',  ( 41.50000000000009237, 0.000000000000000000, 2.250000000000002220 ) ) ;
#4362 = LINE ( 'NONE', #915, #4169 ) ;
#4363 = ORIENTED_EDGE ( 'NONE', *, *, #2035, .T. ) ;
#4364 = VERTEX_POINT ( 'NONE', #3589 ) ;
#4365 = CARTESIAN_POINT ( 'NONE',  ( 29.34493141924177095, 3.174999999999999822, -31.59493141924177451 ) ) ;
#4366 = CARTESIAN_POINT ( 'NONE',  ( -25.65158515267502537, 40.57455083897110626, -9.912219613309925847 ) ) ;
#4367 = CARTESIAN_POINT ( 'NONE',  ( -27.73631419281028698, 33.00351763203608613, -9.549999999891523927 ) ) ;
#4368 = ORIENTED_EDGE ( 'NONE', *, *, #1514, .F. ) ;
#4369 = ORIENTED_EDGE ( 'NONE', *, *, #4900, .F. ) ;
#4370 = ORIENTED_EDGE ( 'NONE', *, *, #721, .F. ) ;
#4371 = EDGE_CURVE ( 'NONE', #52, #2171, #3946, .T. ) ;
#4372 = ADVANCED_FACE ( 'NONE', ( #1738 ), #1329, .F. ) ;
#4373 = LINE ( 'NONE', #324, #953 ) ;
#4374 = CARTESIAN_POINT ( 'NONE',  ( -0.000000000000000000, -17.70000000000004903, 0.000000000000000000 ) ) ;
#4375 = CARTESIAN_POINT ( 'NONE',  ( -28.97162849602986512, 41.15384787521627175, 10.08038932153717759 ) ) ;
#4376 = CARTESIAN_POINT ( 'NONE',  ( -28.44624563117040950, 34.32553130329133495, -9.836753671691420564 ) ) ;
#4377 = FACE_OUTER_BOUND ( 'NONE', #586, .T. ) ;
#4378 = AXIS2_PLACEMENT_3D ( 'NONE', #3381, #4862, #1797 ) ;
#4379 = DIRECTION ( 'NONE',  ( 0.000000000000000000, 1.000000000000000000, 0.000000000000000000 ) ) ;
#4380 = CARTESIAN_POINT ( 'NONE',  ( -25.91135023537920645, 41.28851202706803036, -9.212175334171332608 ) ) ;
#4381 = DIRECTION ( 'NONE',  ( 0.000000000000000000, 0.000000000000000000, 1.000000000000000000 ) ) ;
#4382 = DIRECTION ( 'NONE',  ( 0.000000000000000000, 0.000000000000000000, -1.000000000000000000 ) ) ;
#4383 = ORIENTED_EDGE ( 'NONE', *, *, #3380, .T. ) ;
#4384 = ORIENTED_EDGE ( 'NONE', *, *, #4551, .T. ) ;
#4385 = CARTESIAN_POINT ( 'NONE',  ( 0.000000000000000000, -97.58073580374365008, 0.000000000000000000 ) ) ;
#4386 = DIRECTION ( 'NONE',  ( 0.000000000000000000, 1.000000000000000000, 0.000000000000000000 ) ) ;
#4387 = DIRECTION ( 'NONE',  ( 0.9396926207859093161, 0.000000000000000000, -0.3420201433256661594 ) ) ;
#4388 = EDGE_CURVE ( 'NONE', #2740, #3214, #4718, .T. ) ;
#4389 = VECTOR ( 'NONE', #2561, 1000.000000000000000 ) ;
#4390 = ORIENTED_EDGE ( 'NONE', *, *, #1627, .T. ) ;
#4391 = AXIS2_PLACEMENT_3D ( 'NONE', #2924, #3349, #3744 ) ;
#4392 = CARTESIAN_POINT ( 'NONE',  ( -29.09197639374380628, 41.35986622792113110, 9.727753426638244605 ) ) ;
#4393 = CARTESIAN_POINT ( 'NONE',  ( -25.80443432434903528, 31.62720567914970715, 9.507386857486299192 ) ) ;
#4394 = CARTESIAN_POINT ( 'NONE',  ( -28.01012798207652565, 38.81674095050488660, -9.549999999891516822 ) ) ;
#4395 = CARTESIAN_POINT ( 'NONE',  ( -25.56808412051388046, 40.08935239657641603, -10.12594339997245285 ) ) ;
#4396 = CARTESIAN_POINT ( 'NONE',  ( 0.000000000000000000, -25.95000000000021956, 0.000000000000000000 ) ) ;
#4397 = VERTEX_POINT ( 'NONE', #2129 ) ;
#4398 = EDGE_CURVE ( 'NONE', #4305, #3962, #2355, .T. ) ;
#4399 = EDGE_LOOP ( 'NONE', ( #398, #4342, #994, #767 ) ) ;
#4400 = VERTEX_POINT ( 'NONE', #3636 ) ;
#4401 = DIRECTION ( 'NONE',  ( 0.000000000000000000, 1.000000000000000000, 0.000000000000000000 ) ) ;
#4402 = CARTESIAN_POINT ( 'NONE',  ( -26.67325910097850183, 40.22036480099347244, -9.294889652856294759 ) ) ;
#4403 = DIRECTION ( 'NONE',  ( 0.000000000000000000, 0.000000000000000000, -1.000000000000000000 ) ) ;
#4404 = CARTESIAN_POINT ( 'NONE',  ( -27.91621801455283247, 34.15610044263357281, -9.549999999890468771 ) ) ;
#4405 = DIRECTION ( 'NONE',  ( -0.000000000000000000, -1.000000000000000000, -0.000000000000000000 ) ) ;
#4406 = CARTESIAN_POINT ( 'NONE',  ( -26.93238060401386846, 37.49999999999999289, 9.550000000025482549 ) ) ;
#4407 = AXIS2_PLACEMENT_3D ( 'NONE', #2732, #3969, #930 ) ;
#4408 = AXIS2_PLACEMENT_3D ( 'NONE', #3384, #3007, #4216 ) ;
#4409 = AXIS2_PLACEMENT_3D ( 'NONE', #3722, #2489, #2925 ) ;
#4410 = CYLINDRICAL_SURFACE ( 'NONE', #692, 30.67500000000000071 ) ;
#4411 = LINE ( 'NONE', #961, #4496 ) ;
#4412 = CARTESIAN_POINT ( 'NONE',  ( -25.54645125846596088, 39.55000000000011084, -10.17982456129883495 ) ) ;
#4413 = AXIS2_PLACEMENT_3D ( 'NONE', #3686, #1373, #2551 ) ;
#4414 = LINE ( 'NONE', #4002, #3033 ) ;
#4415 = CARTESIAN_POINT ( 'NONE',  ( -28.67098358431189098, 38.19999999999999574, -10.90551811277750005 ) ) ;
#4416 = CARTESIAN_POINT ( 'NONE',  ( -52.52394787142338828, 2.775557561562891351E-14, 17.92999999999990379 ) ) ;
#4417 = VERTEX_POINT ( 'NONE', #3665 ) ;
#4418 = ORIENTED_EDGE ( 'NONE', *, *, #2313, .F. ) ;
#4419 = DIRECTION ( 'NONE',  ( -0.9396926207859082059, 0.000000000000000000, 0.3420201433256694901 ) ) ;
#4420 = DIRECTION ( 'NONE',  ( 1.224646799147356165E-16, 0.000000000000000000, -1.000000000000000000 ) ) ;
#4421 = AXIS2_PLACEMENT_3D ( 'NONE', #268, #1790, #3271 ) ;
#4422 = ORIENTED_EDGE ( 'NONE', *, *, #984, .T. ) ;
#4423 = CARTESIAN_POINT ( 'NONE',  ( -25.97720352860117288, 32.24767116738604500, 9.038162213347259666 ) ) ;
#4424 = CARTESIAN_POINT ( 'NONE',  ( -27.23809773444681070, 38.34778112567187947, -9.549999999891516822 ) ) ;
#4425 = CARTESIAN_POINT ( 'NONE',  ( -27.86349142869887885, 34.84999999999999432, 10.91473638723466166 ) ) ;
#4426 = ORIENTED_EDGE ( 'NONE', *, *, #1727, .F. ) ;
#4427 = CARTESIAN_POINT ( 'NONE',  ( -43.85000000000004405, 0.000000000000000000, 17.92999999999990735 ) ) ;
#4428 = ORIENTED_EDGE ( 'NONE', *, *, #2035, .F. ) ;
#4429 = CARTESIAN_POINT ( 'NONE',  ( 29.34493141924177095, 3.174999999999999822, -29.34493141924177095 ) ) ;
#4430 = PRODUCT_RELATED_PRODUCT_CATEGORY ( 'part', '', ( #4615 ) ) ;
#4431 = CARTESIAN_POINT ( 'NONE',  ( 0.000000000000000000, -27.70000000000005969, 0.000000000000000000 ) ) ;
#4432 = DIRECTION ( 'NONE',  ( 0.000000000000000000, 0.000000000000000000, -1.000000000000000000 ) ) ;
#4433 = FACE_OUTER_BOUND ( 'NONE', #371, .T. ) ;
#4434 = CARTESIAN_POINT ( 'NONE',  ( -27.73631419277038646, 38.70933866225144726, 9.550000000025484326 ) ) ;
#4435 = LINE ( 'NONE', #239, #949 ) ;
#4436 = CARTESIAN_POINT ( 'NONE',  ( -28.93864423948155107, 31.61854172136155228, 10.17452689277697431 ) ) ;
#4437 = DIRECTION ( 'NONE',  ( -0.000000000000000000, 1.000000000000000000, -0.000000000000000000 ) ) ;
#4438 = CARTESIAN_POINT ( 'NONE',  ( 3.756604056384505718E-15, 38.19999999999999574, 30.67500000000000071 ) ) ;
#4439 = LINE ( 'NONE', #658, #3207 ) ;
#4440 = CARTESIAN_POINT ( 'NONE',  ( 0.000000000000000000, -7.700000000000054357, 0.000000000000000000 ) ) ;
#4441 = ORIENTED_EDGE ( 'NONE', *, *, #360, .T. ) ;
#4442 = VERTEX_POINT ( 'NONE', #2452 ) ;
#4443 = CLOSED_SHELL ( 'NONE', ( #4039, #4280, #1402, #258, #1287, #4645, #1605, #3086, #4473, #2324, #3437, #1991, #576, #3900, #3667, #3934, #1616, #4761, #4475, #4702, #1450, #3581, #4446, #2624, #1340, #1789, #485, #4166, #3655, #1266, #1979, #868, #2432, #3649, #2419, #3387, #4960, #1910, #3648, #1923, #2219, #3473, #4332, #3336, #3460, #4854, #1420, #2149, #36, #494, #2434, #3553, #270, #2594, #3577, #2490, #1024, #375, #3694, #1376, #47, #2125, #2731, #4123, #3635, #2691, #3117, #147, #3529, #3610, #4571, #1680, #107, #2652, #4179, #3175, #3983, #75, #3528, #2655, #2123, #1129, #1649, #2223, #1871, #3735, #962, #4234, #3451, #4445, #4082, #4713, #1712, #2573, #4306, #1750, #3826, #456, #2958, #2749, #102, #4099, #2638, #3597, #2363, #1322, #3682, #1965, #4689, #1541, #2398, #87, #758, #1262, #3999, #445, #4249, #3133, #3034, #290, #396, #3970, #2894, #1003, #219, #4372, #4199, #2907, #2672, #2909, #1591, #2582, #2518, #5001, #4790, #3264, #4729, #632 ) ) ;
#4444 = DIRECTION ( 'NONE',  ( 0.000000000000000000, 1.000000000000000000, 0.000000000000000000 ) ) ;
#4445 = ADVANCED_FACE ( 'NONE', ( #554 ), #1814, .T. ) ;
#4446 = ADVANCED_FACE ( 'NONE', ( #3270 ), #4410, .T. ) ;
#4447 = CARTESIAN_POINT ( 'NONE',  ( -28.83204307755060825, 40.79986422154172487, -10.47427887718880690 ) ) ;
#4448 = CARTESIAN_POINT ( 'NONE',  ( -28.73631419281027988, 38.20000000003277307, -10.49452757059850505 ) ) ;
#4449 = VERTEX_POINT ( 'NONE', #2480 ) ;
#4450 = EDGE_CURVE ( 'NONE', #702, #1527, #4477, .T. ) ;
#4451 = CARTESIAN_POINT ( 'NONE',  ( -28.12779828013524153, 37.80807864638247651, -10.72484082999915600 ) ) ;
#4452 = CARTESIAN_POINT ( 'NONE',  ( -27.66856836318915569, 34.01169664882630883, 9.550000000025482549 ) ) ;
#4453 = CARTESIAN_POINT ( 'NONE',  ( -27.86349142869887885, 37.49999999999999289, 10.91473638723466166 ) ) ;
#4454 = VERTEX_POINT ( 'NONE', #4045 ) ;
#4455 = ORIENTED_EDGE ( 'NONE', *, *, #743, .T. ) ;
#4456 = DIRECTION ( 'NONE',  ( 0.3555181128904914556, -0.000000000000000000, 0.9346693914998949193 ) ) ;
#4457 = EDGE_CURVE ( 'NONE', #4400, #3501, #604, .T. ) ;
#4458 = DIRECTION ( 'NONE',  ( -0.000000000000000000, -1.000000000000000000, -0.000000000000000000 ) ) ;
#4459 = B_SPLINE_CURVE_WITH_KNOTS ( 'NONE', 3,
 ( #1409, #4827, #2481, #4024, #1360, #3298, #267, #2893, #4436, #986, #3666, #4853, #1383, #1013, #3082, #337 ),
 .UNSPECIFIED., .F., .F.,
 ( 4, 2, 2, 2, 2, 2, 2, 4 ),
 ( 0.000000000000000000, 0.0004103491089663197566, 0.0008206982179326395132, 0.001231047326898959161, 0.001641396435865279026, 0.002462094653797920925, 0.002872443762764240790, 0.003282792871730561522 ),
 .UNSPECIFIED. ) ;
#4460 = CARTESIAN_POINT ( 'NONE',  ( 3.572907036512402996E-15, 45.71999999999999176, -29.17500000000000071 ) ) ;
#4461 = CARTESIAN_POINT ( 'NONE',  ( 0.000000000000000000, 34.84999999999999432, 0.000000000000000000 ) ) ;
#4462 = DIRECTION ( 'NONE',  ( 0.000000000000000000, -1.000000000000000000, 0.000000000000000000 ) ) ;
#4463 = CARTESIAN_POINT ( 'NONE',  ( 3.713741418414348574E-15, 34.84999999999999432, -30.32500000000000284 ) ) ;
#4464 = CARTESIAN_POINT ( 'NONE',  ( -29.37419337844622191, 31.14999999533010921, 8.838121314263913675 ) ) ;
#4465 = CARTESIAN_POINT ( 'NONE',  ( 0.000000000000000000, 44.04499999999999460, 0.000000000000000000 ) ) ;
#4466 = CARTESIAN_POINT ( 'NONE',  ( -28.38631419281028201, 34.49999999999998579, -10.54999999989151682 ) ) ;
#4467 = CARTESIAN_POINT ( 'NONE',  ( -28.16280951091811957, 34.87204966906244152, -10.69985173857862826 ) ) ;
#4468 = CARTESIAN_POINT ( 'NONE',  ( -49.15710248784006353, 3.174999999999999822, 17.92999999999990735 ) ) ;
#4469 = ORIENTED_EDGE ( 'NONE', *, *, #2006, .F. ) ;
#4470 = CARTESIAN_POINT ( 'NONE',  ( -43.85000000000004405, 3.174999999999999822, 17.92999999999990735 ) ) ;
#4471 = AXIS2_PLACEMENT_3D ( 'NONE', #2914, #3663, #281 ) ;
#4472 = CARTESIAN_POINT ( 'NONE',  ( 3.707618184418612290E-15, 34.84999999999999432, -30.27500000000000213 ) ) ;
#4473 = ADVANCED_FACE ( 'NONE', ( #2030 ), #2204, .T. ) ;
#4474 = EDGE_LOOP ( 'NONE', ( #1314, #620, #2674, #4321 ) ) ;
#4475 = ADVANCED_FACE ( 'NONE', ( #125 ), #1413, .T. ) ;
#4476 = DIRECTION ( 'NONE',  ( -0.000000000000000000, 1.000000000000000000, -0.000000000000000000 ) ) ;
#4477 = CIRCLE ( 'NONE', #3566, 52.32500000000008100 ) ;
#4478 = CARTESIAN_POINT ( 'NONE',  ( -28.37733470570238481, 33.85000000000000142, 9.550000000025482549 ) ) ;
#4479 = FACE_BOUND ( 'NONE', #442, .T. ) ;
#4480 = ORIENTED_EDGE ( 'NONE', *, *, #1909, .F. ) ;
#4481 = AXIS2_PLACEMENT_3D ( 'NONE', #4429, #1401, #2912 ) ;
#4482 = EDGE_LOOP ( 'NONE', ( #22, #535, #874, #2181 ) ) ;
#4483 = CARTESIAN_POINT ( 'NONE',  ( -29.33446094450766850, 41.55000000000012506, -8.970175192732858349 ) ) ;
#4484 = CARTESIAN_POINT ( 'NONE',  ( -27.86349142875316787, 34.84999999999999432, -10.91473638709606497 ) ) ;
#4485 = CARTESIAN_POINT ( 'NONE',  ( -28.44624563112314419, 38.37446869670635152, 9.836753671828965651 ) ) ;
#4486 = CARTESIAN_POINT ( 'NONE',  ( 39.83431104218668395, -7.700000000000054357, 33.42495570370024183 ) ) ;
#4487 = DIRECTION ( 'NONE',  ( -0.000000000000000000, 1.000000000000000000, -0.000000000000000000 ) ) ;
#4488 = AXIS2_PLACEMENT_3D ( 'NONE', #3848, #406, #1934 ) ;
#4489 = DIRECTION ( 'NONE',  ( -1.000000000000000000, 0.000000000000000000, 0.000000000000000000 ) ) ;
#4490 = CARTESIAN_POINT ( 'NONE',  ( 15.37373356799227508, 37.21999999999999176, 12.83493919568105390 ) ) ;
#4491 = CARTESIAN_POINT ( 'NONE',  ( -27.18726724037493980, 40.55000000000011795, 8.550000000025480773 ) ) ;
#4492 = CARTESIAN_POINT ( 'NONE',  ( -28.03890447563287580, 32.32871385481338677, 9.134659044509119141 ) ) ;
#4493 = AXIS2_PLACEMENT_3D ( 'NONE', #283, #3715, #4897 ) ;
#4494 = DIRECTION ( 'NONE',  ( 0.000000000000000000, 1.000000000000000000, 0.000000000000000000 ) ) ;
#4495 = EDGE_LOOP ( 'NONE', ( #2165, #4337 ) ) ;
#4496 = VECTOR ( 'NONE', #2176, 1000.000000000000000 ) ;
#4497 = CARTESIAN_POINT ( 'NONE',  ( -26.47541312241017408, 39.55000000000011084, -9.549999999891518598 ) ) ;
#4498 = CARTESIAN_POINT ( 'NONE',  ( 0.000000000000000000, 3.174999999999999822, -41.50000000000009237 ) ) ;
#4499 = EDGE_CURVE ( 'NONE', #2146, #3924, #3090, .T. ) ;
#4501 = EDGE_CURVE ( 'NONE', #3477, #4920, #3894, .T. ) ;
#4500 = AXIS2_PLACEMENT_3D ( 'NONE', #2095, #4812, #1343 ) ;
#4502 = DIRECTION ( 'NONE',  ( -0.000000000000000000, -1.000000000000000000, -0.000000000000000000 ) ) ;
#4503 = ORIENTED_EDGE ( 'NONE', *, *, #2675, .T. ) ;
#4504 =( BOUNDED_SURFACE ( )  B_SPLINE_SURFACE ( 3, 2, ( 
 ( #764, #15, #3075 ),
 ( #4651, #4623, #4242 ),
 ( #4176, #175, #1698 ),
 ( #3233, #4546, #3746 ),
 ( #1868, #226, #4009 ),
 ( #715, #2494, #357 ),
 ( #2619, #4423, #4393 ),
 ( #2207, #972, #945 ),
 ( #567, #4961, #3800 ),
 ( #591, #3026, #1749 ),
 ( #3001, #317, #3652 ),
 ( #1489, #3286, #4034 ),
 ( #2238, #4570, #2465 ),
 ( #996, #3780, #1889 ) ),
 .UNSPECIFIED., .F., .F., .F. ) 
 B_SPLINE_SURFACE_WITH_KNOTS ( ( 4, 2, 2, 2, 2, 2, 4 ),
 ( 3, 3 ),
 ( 0.001438204998310653980, 0.002243626129900658239, 0.002646336695695659935, 0.003049047261490662065, 0.003451757827285664194, 0.003854468393080665890, 0.004659889524670670150 ),
 ( 0.000000000000000000, 1.000000000000000000 ),
 .UNSPECIFIED. ) 
 GEOMETRIC_REPRESENTATION_ITEM ( )  RATIONAL_B_SPLINE_SURFACE ( (
 ( 1.000000000000000000, 0.7071067811865475727, 1.000000000000000000),
 ( 1.000000000000000000, 0.7207869586709463317, 1.000000000000000000),
 ( 1.000000000000000000, 0.7351452959234480167, 1.000000000000000000),
 ( 1.000000000000000000, 0.7562580285685364112, 1.000000000000000000),
 ( 1.000000000000000000, 0.7630935733208972227, 1.000000000000000000),
 ( 1.000000000000000000, 0.7762711164469497938, 1.000000000000000000),
 ( 1.000000000000000000, 0.7826794266459401461, 1.000000000000000000),
 ( 1.000000000000000000, 0.7944561018478851766, 1.000000000000000000),
 ( 1.000000000000000000, 0.7998327851977167224, 1.000000000000000000),
 ( 1.000000000000000000, 0.8094477211548023465, 1.000000000000000000),
 ( 1.000000000000000000, 0.8137067048571782202, 1.000000000000000000),
 ( 1.000000000000000000, 0.8239655816807370803, 1.000000000000000000),
 ( 1.000000000000000000, 0.8277260493697871091, 1.000000000000000000),
 ( 1.000000000000000000, 0.8277002593322611013, 1.000000000000000000) ) ) 
 REPRESENTATION_ITEM ( '' )  SURFACE ( )  );
#4505 = CIRCLE ( 'NONE', #2303, 30.32500000000000284 ) ;
#4506 = DIRECTION ( 'NONE',  ( 0.000000000000000000, -1.000000000000000000, -0.000000000000000000 ) ) ;
#4507 = VERTEX_POINT ( 'NONE', #4463 ) ;
#4508 = ORIENTED_EDGE ( 'NONE', *, *, #3542, .F. ) ;
#4509 = AXIS2_PLACEMENT_3D ( 'NONE', #4744, #1222, #3612 ) ;
#4510 = EDGE_CURVE ( 'NONE', #3171, #2241, #294, .T. ) ;
#4511 = CIRCLE ( 'NONE', #4409, 1.000000000000000888 ) ;
#4512 = LINE ( 'NONE', #979, #4749 ) ;
#4513 = CARTESIAN_POINT ( 'NONE',  ( -28.61084486712529795, 37.98975203083105612, 10.03739264243861662 ) ) ;
#4514 = DIRECTION ( 'NONE',  ( 0.9575939161677660127, 0.000000000000000000, -0.2881213142384326242 ) ) ;
#4515 = DIRECTION ( 'NONE',  ( 0.000000000000000000, 1.000000000000000000, 0.000000000000000000 ) ) ;
#4516 = CARTESIAN_POINT ( 'NONE',  ( -28.35163521199212155, 37.92711119797711206, 10.14679017296182728 ) ) ;
#4517 = CARTESIAN_POINT ( 'NONE',  ( -26.19333873833280535, 40.58740581387940694, 8.377157876064213582 ) ) ;
#4518 = DIRECTION ( 'NONE',  ( 0.000000000000000000, 1.000000000000000000, 0.000000000000000000 ) ) ;
#4519 = CARTESIAN_POINT ( 'NONE',  ( -27.89212317378724393, 32.52506788400698667, 9.341409547343902275 ) ) ;
#4520 = VERTEX_POINT ( 'NONE', #677 ) ;
#4521 = CARTESIAN_POINT ( 'NONE',  ( 41.50000000000009237, 3.174999999999999822, 0.000000000000000000 ) ) ;
#4522 = FACE_OUTER_BOUND ( 'NONE', #3101, .T. ) ;
#4523 = CARTESIAN_POINT ( 'NONE',  ( -28.10099929913537053, 40.42844803672485909, -9.044751641687220456 ) ) ;
#4524 = EDGE_CURVE ( 'NONE', #546, #3404, #4810, .T. ) ;
#4525 = DIRECTION ( 'NONE',  ( -0.000000000000000000, -1.000000000000000000, -0.000000000000000000 ) ) ;
#4526 = ORIENTED_EDGE ( 'NONE', *, *, #1561, .F. ) ;
#4527 = DIRECTION ( 'NONE',  ( 1.000000000000000000, 0.000000000000000000, 0.000000000000000000 ) ) ;
#4528 = ORIENTED_EDGE ( 'NONE', *, *, #1778, .F. ) ;
#4529 = CARTESIAN_POINT ( 'NONE',  ( -28.07073092776413858, 34.91688406097489406, 10.76547495389237064 ) ) ;
#4530 = CARTESIAN_POINT ( 'NONE',  ( -28.37733470570240968, 33.84999999999999432, 10.55000000002548077 ) ) ;
#4531 = ORIENTED_EDGE ( 'NONE', *, *, #4937, .T. ) ;
#4532 = ORIENTED_EDGE ( 'NONE', *, *, #1778, .T. ) ;
#4533 = VERTEX_POINT ( 'NONE', #1481 ) ;
#4534 = DIRECTION ( 'NONE',  ( 0.000000000000000000, 1.000000000000000000, 0.000000000000000000 ) ) ;
#4535 = LINE ( 'NONE', #980, #364 ) ;
#4536 = CARTESIAN_POINT ( 'NONE',  ( -29.29384448167883548, 31.15000000624234033, -9.105167210954800083 ) ) ;
#4537 = ORIENTED_EDGE ( 'NONE', *, *, #4599, .F. ) ;
#4538 = FACE_OUTER_BOUND ( 'NONE', #4136, .T. ) ;
#4539 = EDGE_CURVE ( 'NONE', #444, #1856, #308, .T. ) ;
#4540 = LINE ( 'NONE', #2177, #722 ) ;
#4541 = DIRECTION ( 'NONE',  ( 0.000000000000000000, 1.000000000000000000, 0.000000000000000000 ) ) ;
#4542 = LINE ( 'NONE', #3397, #3453 ) ;
#4543 = DIRECTION ( 'NONE',  ( 0.000000000000000000, 0.000000000000000000, 1.000000000000000000 ) ) ;
#4544 = ORIENTED_EDGE ( 'NONE', *, *, #4893, .F. ) ;
#4545 = CARTESIAN_POINT ( 'NONE',  ( -26.47541312241017408, 39.55000000000011084, -10.54999999989151682 ) ) ;
#4546 = CARTESIAN_POINT ( 'NONE',  ( -26.07343830122884398, 32.13334805423433238, 8.749827282069267298 ) ) ;
#4547 = CARTESIAN_POINT ( 'NONE',  ( -28.73631419281028343, 37.84999999999999432, -10.54999999989151860 ) ) ;
#4548 = EDGE_LOOP ( 'NONE', ( #323, #4508, #3004 ) ) ;
#4549 = VERTEX_POINT ( 'NONE', #2249 ) ;
#4550 = AXIS2_PLACEMENT_3D ( 'NONE', #2579, #1006, #2527 ) ;
#4551 = EDGE_CURVE ( 'NONE', #3777, #2382, #1737, .T. ) ;
#4552 = DIRECTION ( 'NONE',  ( 0.000000000000000000, 0.000000000000000000, -1.000000000000000000 ) ) ;
#4553 = AXIS2_PLACEMENT_3D ( 'NONE', #2127, #4849, #1379 ) ;
#4554 = CARTESIAN_POINT ( 'NONE',  ( 0.000000000000000000, -25.95000000000021956, 53.75000000000000000 ) ) ;
#4555 = ORIENTED_EDGE ( 'NONE', *, *, #3805, .F. ) ;
#4556 = ORIENTED_EDGE ( 'NONE', *, *, #4786, .T. ) ;
#4557 = LINE ( 'NONE', #1498, #1671 ) ;
#4558 = EDGE_CURVE ( 'NONE', #3856, #52, #932, .T. ) ;
#4559 = AXIS2_PLACEMENT_3D ( 'NONE', #508, #4419, #2038 ) ;
#4560 = EDGE_CURVE ( 'NONE', #3479, #3833, #4156, .T. ) ;
#4561 = VERTEX_POINT ( 'NONE', #2918 ) ;
#4562 = DIRECTION ( 'NONE',  ( -1.000000000000000000, 0.000000000000000000, -7.814529957098808224E-15 ) ) ;
#4563 = VERTEX_POINT ( 'NONE', #4105 ) ;
#4564 = DIRECTION ( 'NONE',  ( 0.000000000000000000, 0.7071067811865510144, 0.7071067811865441310 ) ) ;
#4565 = CARTESIAN_POINT ( 'NONE',  ( -28.78199306857524320, 34.84999999999999432, 10.55000000002548433 ) ) ;
#4566 = CARTESIAN_POINT ( 'NONE',  ( 0.000000000000000000, -97.58073580374365008, 27.50000000000000000 ) ) ;
#4567 = EDGE_CURVE ( 'NONE', #2689, #4890, #4185, .T. ) ;
#4568 = CARTESIAN_POINT ( 'NONE',  ( -15.37373356800737412, 37.21999999999999176, -12.83493919631943214 ) ) ;
#4569 = CARTESIAN_POINT ( 'NONE',  ( -28.37733470575222228, 34.83618540452606283, -10.38435475275248088 ) ) ;
#4570 = CARTESIAN_POINT ( 'NONE',  ( -25.79742559039825522, 32.97816557499221091, 9.550000000083212370 ) ) ;
#4571 = ADVANCED_FACE ( 'NONE', ( #4852 ), #2175, .F. ) ;
#4572 = PLANE ( 'NONE',  #1784 ) ;
#4573 = DIRECTION ( 'NONE',  ( 0.000000000000000000, 1.000000000000000000, 0.000000000000000000 ) ) ;
#4574 = AXIS2_PLACEMENT_3D ( 'NONE', #1845, #2491, #2184 ) ;
#4575 = ORIENTED_EDGE ( 'NONE', *, *, #2692, .T. ) ;
#4576 = AXIS2_PLACEMENT_3D ( 'NONE', #4703, #2804, #1544 ) ;
#4577 = EDGE_CURVE ( 'NONE', #888, #696, #1480, .T. ) ;
#4578 = DIRECTION ( 'NONE',  ( -0.000000000000000000, 1.000000000000000000, -0.000000000000000000 ) ) ;
#4579 = CIRCLE ( 'NONE', #2379, 30.67500000000000071 ) ;
#4580 = ORIENTED_EDGE ( 'NONE', *, *, #1150, .F. ) ;
#4581 = ORIENTED_EDGE ( 'NONE', *, *, #231, .T. ) ;
#4582 = CARTESIAN_POINT ( 'NONE',  ( -27.86349142875312523, 35.19999999999998863, -10.91473638709606497 ) ) ;
#4583 = CARTESIAN_POINT ( 'NONE',  ( -17.78504745293480127, -7.700000000000050804, -48.86401628086719739 ) ) ;
#4584 = AXIS2_PLACEMENT_3D ( 'NONE', #3371, #656, #4875 ) ;
#4585 = ORIENTED_EDGE ( 'NONE', *, *, #1770, .T. ) ;
#4586 = CARTESIAN_POINT ( 'NONE',  ( -29.37419337848788814, 31.14999999533010921, -8.838121314125441330 ) ) ;
#4587 = VECTOR ( 'NONE', #3084, 1000.000000000000000 ) ;
#4588 = VERTEX_POINT ( 'NONE', #3096 ) ;
#4589 = CARTESIAN_POINT ( 'NONE',  ( 50.50847836724262407, -7.700000000000050804, -18.38358270375455206 ) ) ;
#4590 = VECTOR ( 'NONE', #4184, 999.9999999999998863 ) ;
#4591 = CARTESIAN_POINT ( 'NONE',  ( -29.08787795729043424, 41.35428532874598062, 9.740018501765291603 ) ) ;
#4592 = CYLINDRICAL_SURFACE ( 'NONE', #2477, 1.249999999999997558 ) ;
#4593 = CARTESIAN_POINT ( 'NONE',  ( -29.15052529547403992, 32.14999999533010566, -8.549999999891518598 ) ) ;
#4594 = LINE ( 'NONE', #1139, #3431 ) ;
#4595 = DIRECTION ( 'NONE',  ( -0.000000000000000000, 1.000000000000000000, -0.000000000000000000 ) ) ;
#4596 = CARTESIAN_POINT ( 'NONE',  ( 29.34493141924177095, 0.000000000000000000, -27.09493141924176740 ) ) ;
#4597 = EDGE_LOOP ( 'NONE', ( #2376, #2011, #1000, #352 ) ) ;
#4598 = EDGE_LOOP ( 'NONE', ( #1230, #2984 ) ) ;
#4599 = EDGE_CURVE ( 'NONE', #887, #2792, #3405, .T. ) ;
#4600 = EDGE_CURVE ( 'NONE', #3479, #1642, #4971, .T. ) ;
#4601 = DIRECTION ( 'NONE',  ( -0.000000000000000000, 1.000000000000000000, -0.000000000000000000 ) ) ;
#4602 = EDGE_LOOP ( 'NONE', ( #3881, #4174, #4198, #1469 ) ) ;
#4603 = CARTESIAN_POINT ( 'NONE',  ( 0.000000000000000000, 41.55000000000011795, 0.000000000000000000 ) ) ;
#4604 = ORIENTED_EDGE ( 'NONE', *, *, #2449, .T. ) ;
#4605 = VERTEX_POINT ( 'NONE', #4795 ) ;
#4606 = CARTESIAN_POINT ( 'NONE',  ( 0.000000000000000000, 0.000000000000000000, 0.000000000000000000 ) ) ;
#4607 = EDGE_CURVE ( 'NONE', #4768, #696, #3873, .T. ) ;
#4608 = EDGE_CURVE ( 'NONE', #2463, #2311, #3418, .T. ) ;
#4609 = CARTESIAN_POINT ( 'NONE',  ( -26.07355286932114780, 31.20006364279640820, -8.745204514946307128 ) ) ;
#4610 = CARTESIAN_POINT ( 'NONE',  ( -34.54983402065155218, -7.700000000000050804, 41.17488881764501230 ) ) ;
#4611 = CARTESIAN_POINT ( 'NONE',  ( 29.34493141924177095, 0.000000000000000000, 29.34493141924154713 ) ) ;
#4612 = LINE ( 'NONE', #4568, #3579 ) ;
#4613 = ADVANCED_BREP_SHAPE_REPRESENTATION ( 'Swivel_Housing', ( #3311, #4066 ), #1021 ) ;
#4614 = DIRECTION ( 'NONE',  ( 0.000000000000000000, -1.000000000000000000, 0.000000000000000000 ) ) ;
#4615 = PRODUCT ( 'Swivel_Housing', 'Swivel_Housing', '', ( #4726 ) ) ;
#4616 = CARTESIAN_POINT ( 'NONE',  ( -28.31751115440096100, 37.43993745106510573, 9.550000000025166358 ) ) ;
#4617 = DIRECTION ( 'NONE',  ( -0.000000000000000000, -1.000000000000000000, -0.000000000000000000 ) ) ;
#4618 = ORIENTED_EDGE ( 'NONE', *, *, #2258, .T. ) ;
#4619 = B_SPLINE_CURVE_WITH_KNOTS ( 'NONE', 3,
 ( #3903, #4367, #3604, #466, #1619, #2827, #2333, #3179, #2356, #3880, #488, #1272 ),
 .UNSPECIFIED., .F., .F.,
 ( 4, 2, 2, 2, 2, 4 ),
 ( 0.000000000000000000, 0.0004370669076681740805, 0.0006556003615022504413, 0.0008741338153363268021, 0.001311200723004466839, 0.001748267630672606984 ),
 .UNSPECIFIED. ) ;
#4620 = EDGE_CURVE ( 'NONE', #2983, #98, #1708, .T. ) ;
#4621 = VERTEX_POINT ( 'NONE', #1679 ) ;
#4622 = EDGE_CURVE ( 'NONE', #1497, #4952, #43, .T. ) ;
#4623 = CARTESIAN_POINT ( 'NONE',  ( -26.19277034086420031, 32.11206250738210599, 8.378965264827240134 ) ) ;
#4624 = CARTESIAN_POINT ( 'NONE',  ( -28.38631419275932544, 37.84999999999999432, 10.55000000002548433 ) ) ;
#4625 = DIRECTION ( 'NONE',  ( 0.000000000000000000, 1.000000000000000000, 0.000000000000000000 ) ) ;
#4626 = ORIENTED_EDGE ( 'NONE', *, *, #3335, .T. ) ;
#4627 = CARTESIAN_POINT ( 'NONE',  ( -27.83993431791962792, 32.63863845250590856, -9.411875247945319600 ) ) ;
#4628 =( BOUNDED_SURFACE ( )  B_SPLINE_SURFACE ( 3, 2, ( 
 ( #459, #3926, #2433 ),
 ( #1615, #3149, #2409 ),
 ( #1234, #890, #2766 ),
 ( #3598, #1694, #110 ),
 ( #4782, #1635, #3954 ),
 ( #3174, #3230, #1315 ),
 ( #640, #2981, #4447 ),
 ( #2572, #4911, #4883 ),
 ( #4523, #2163, #2209 ),
 ( #4809, #2541, #1393 ),
 ( #4139, #2514, #250 ),
 ( #589, #688, #3307 ) ),
 .UNSPECIFIED., .F., .F., .T. ) 
 B_SPLINE_SURFACE_WITH_KNOTS ( ( 4, 2, 2, 2, 2, 4 ),
 ( 3, 3 ),
 ( 0.001281012908506535836, 0.001682797651759414649, 0.002084582395012293463, 0.002888151881518050655, 0.003691721368023808281, 0.004495290854529565908 ),
 ( 0.000000000000000000, 1.000000000000000000 ),
 .UNSPECIFIED. ) 
 GEOMETRIC_REPRESENTATION_ITEM ( )  RATIONAL_B_SPLINE_SURFACE ( (
 ( 1.000000000000000000, 0.5676627022775134757, 1.000000000000000000),
 ( 1.000000000000000000, 0.5676647728797458159, 1.000000000000000000),
 ( 1.000000000000000000, 0.5689463339172466938, 1.000000000000000000),
 ( 1.000000000000000000, 0.5738606507079460073, 1.000000000000000000),
 ( 1.000000000000000000, 0.5775564834634271394, 1.000000000000000000),
 ( 1.000000000000000000, 0.5913854950216143047, 1.000000000000000000),
 ( 1.000000000000000000, 0.6044666500828902445, 1.000000000000000000),
 ( 1.000000000000000000, 0.6331758914188037046, 1.000000000000000000),
 ( 1.000000000000000000, 0.6489860069137270981, 1.000000000000000000),
 ( 1.000000000000000000, 0.6793000991960017609, 1.000000000000000000),
 ( 1.000000000000000000, 0.6941682418811571109, 1.000000000000000000),
 ( 1.000000000000000000, 0.7071067811865475727, 1.000000000000000000) ) ) 
 REPRESENTATION_ITEM ( '' )  SURFACE ( )  );
#4629 = VERTEX_POINT ( 'NONE', #2711 ) ;
#4630 = LINE ( 'NONE', #3840, #4590 ) ;
#4631 = VERTEX_POINT ( 'NONE', #3216 ) ;
#4632 = AXIS2_PLACEMENT_3D ( 'NONE', #4020, #3242, #1353 ) ;
#4633 = CARTESIAN_POINT ( 'NONE',  ( -28.67098358425921845, 39.55000000000011084, 10.90551811291597950 ) ) ;
#4634 = CARTESIAN_POINT ( 'NONE',  ( -27.76150861215375087, 39.83922253579141426, 9.517115795210244755 ) ) ;
#4635 = LINE ( 'NONE', #404, #4587 ) ;
#4636 = CARTESIAN_POINT ( 'NONE',  ( 0.000000000000000000, 0.000000000000000000, 0.000000000000000000 ) ) ;
#4637 = CIRCLE ( 'NONE', #4230, 51.99999999999997868 ) ;
#4638 = CARTESIAN_POINT ( 'NONE',  ( 29.34493141924177095, 0.000000000000000000, -31.59493141924177451 ) ) ;
#4639 = CARTESIAN_POINT ( 'NONE',  ( -26.85796153857755897, 40.42273177696931441, -9.042415506934814218 ) ) ;
#4640 = CARTESIAN_POINT ( 'NONE',  ( -27.13603309929284890, 38.19579944573524699, 9.550000000025482549 ) ) ;
#4641 = LINE ( 'NONE', #1185, #1341 ) ;
#4642 = ORIENTED_EDGE ( 'NONE', *, *, #1141, .F. ) ;
#4643 = ORIENTED_EDGE ( 'NONE', *, *, #1184, .T. ) ;
#4644 = CARTESIAN_POINT ( 'NONE',  ( -26.48185357453499478, 39.69547436102553206, 9.541937569919394235 ) ) ;
#4645 = ADVANCED_FACE ( 'NONE', ( #2446 ), #978, .F. ) ;
#4646 = EDGE_CURVE ( 'NONE', #2311, #2463, #124, .T. ) ;
#4647 = ORIENTED_EDGE ( 'NONE', *, *, #3930, .T. ) ;
#4648 = CIRCLE ( 'NONE', #384, 1.249999999999999334 ) ;
#4649 = AXIS2_PLACEMENT_3D ( 'NONE', #3537, #2483, #4751 ) ;
#4650 = VECTOR ( 'NONE', #4142, 1000.000000000000000 ) ;
#4651 = CARTESIAN_POINT ( 'NONE',  ( -27.10611693728688820, 32.14999999533010566, 8.679020757663815644 ) ) ;
#4652 = CARTESIAN_POINT ( 'NONE',  ( -29.21319776319017336, 31.19802091969676638, -9.360091364042181894 ) ) ;
#4653 = CIRCLE ( 'NONE', #2148, 2.249999999999998668 ) ;
#4654 = DIRECTION ( 'NONE',  ( 0.000000000000000000, 0.000000000000000000, -1.000000000000000000 ) ) ;
#4655 = ORIENTED_EDGE ( 'NONE', *, *, #2420, .F. ) ;
#4656 = CYLINDRICAL_SURFACE ( 'NONE', #3015, 2.250000000000001776 ) ;
#4657 = ORIENTED_EDGE ( 'NONE', *, *, #1347, .F. ) ;
#4658 = VERTEX_POINT ( 'NONE', #2502 ) ;
#4659 = EDGE_CURVE ( 'NONE', #2511, #1676, #4887, .T. ) ;
#4660 = CARTESIAN_POINT ( 'NONE',  ( -26.23332803899892696, 31.14999999533010566, -8.249999999895321068 ) ) ;
#4661 = CARTESIAN_POINT ( 'NONE',  ( -27.10912355139882735, 32.14999999533010566, -8.674240547056298212 ) ) ;
#4662 = DIRECTION ( 'NONE',  ( -1.000000000000000000, 0.000000000000000000, 0.000000000000000000 ) ) ;
#4663 = CARTESIAN_POINT ( 'NONE',  ( -27.96702806581593137, 38.61092581652109601, -9.570281868493818678 ) ) ;
#4664 = STYLED_ITEM ( 'NONE', ( #2174 ), #3311 ) ;
#4665 = AXIS2_PLACEMENT_3D ( 'NONE', #2752, #3942, #4297 ) ;
#4666 = CARTESIAN_POINT ( 'NONE',  ( 51.99999999999997868, -17.70000000000004903, 1.815570296198428587E-13 ) ) ;
#4667 = CARTESIAN_POINT ( 'NONE',  ( -26.14668158751972982, 40.60115591841722704, -8.524665236312214844 ) ) ;
#4668 = CARTESIAN_POINT ( 'NONE',  ( -11.58493919600778987, 47.21999999999999176, 15.37373356768063637 ) ) ;
#4669 = AXIS2_PLACEMENT_3D ( 'NONE', #1736, #981, #628 ) ;
#4670 = CARTESIAN_POINT ( 'NONE',  ( -28.38631419272636336, 37.84999999999999432, 10.49452757073596665 ) ) ;
#4671 = VERTEX_POINT ( 'NONE', #3661 ) ;
#4672 = VERTEX_POINT ( 'NONE', #4769 ) ;
#4673 = CARTESIAN_POINT ( 'NONE',  ( 6.368163355566258470E-15, -27.70000000000005969, -52.00000000000017764 ) ) ;
#4674 = FACE_OUTER_BOUND ( 'NONE', #3262, .T. ) ;
#4675 = EDGE_CURVE ( 'NONE', #3762, #4454, #2767, .T. ) ;
#4676 = ORIENTED_EDGE ( 'NONE', *, *, #3704, .T. ) ;
#4677 = B_SPLINE_CURVE_WITH_KNOTS ( 'NONE', 3,
 ( #1436, #1741, #4467, #2944, #1812, #1332, #3301, #2108 ),
 .UNSPECIFIED., .F., .F.,
 ( 4, 2, 2, 4 ),
 ( 1.734723475976807094E-18, 0.0003907850135716825620, 0.0005861775203575229215, 0.0007815700271433633894 ),
 .UNSPECIFIED. ) ;
#4678 = CARTESIAN_POINT ( 'NONE',  ( -27.73631419281027988, 44.04499999999999460, -10.54999999989151682 ) ) ;
#4679 = DIRECTION ( 'NONE',  ( 0.000000000000000000, 1.000000000000000000, 0.000000000000000000 ) ) ;
#4680 = ORIENTED_EDGE ( 'NONE', *, *, #3251, .F. ) ;
#4681 = CARTESIAN_POINT ( 'NONE',  ( -27.89435256369343463, 32.53023362557597409, -9.337533629401479018 ) ) ;
#4682 = FACE_BOUND ( 'NONE', #2851, .T. ) ;
#4683 = ORIENTED_EDGE ( 'NONE', *, *, #4063, .F. ) ;
#4684 = CIRCLE ( 'NONE', #2905, 1.249999999999997558 ) ;
#4685 = CARTESIAN_POINT ( 'NONE',  ( -27.73631419275932330, 33.99066133775522047, 9.550000000025484326 ) ) ;
#4686 = ORIENTED_EDGE ( 'NONE', *, *, #3847, .T. ) ;
#4687 = CARTESIAN_POINT ( 'NONE',  ( -29.34493141924177095, 3.174999999999999822, -29.34493141924177095 ) ) ;
#4688 = DIRECTION ( 'NONE',  ( 0.000000000000000000, 0.000000000000000000, 1.000000000000000000 ) ) ;
#4689 = ADVANCED_FACE ( 'NONE', ( #927 ), #2199, .T. ) ;
#4690 = CARTESIAN_POINT ( 'NONE',  ( -25.55155267912158124, 32.88521937106066417, -10.16704870989903675 ) ) ;
#4691 = FACE_OUTER_BOUND ( 'NONE', #1444, .T. ) ;
#4692 = CARTESIAN_POINT ( 'NONE',  ( -28.38330740542706110, 34.84537417330421505, -10.43906099884825167 ) ) ;
#4693 = CYLINDRICAL_SURFACE ( 'NONE', #2466, 1.249999999999997558 ) ;
#4694 = DIRECTION ( 'NONE',  ( -0.7660444431189747938, -3.965082230804127459E-15, -0.6427876096865431377 ) ) ;
#4695 = CARTESIAN_POINT ( 'NONE',  ( -29.18212517343487988, 33.02308289738867586, 9.552085058787172400 ) ) ;
#4696 = VERTEX_POINT ( 'NONE', #947 ) ;
#4697 = ORIENTED_EDGE ( 'NONE', *, *, #4450, .T. ) ;
#4698 = LINE ( 'NONE', #4673, #4825 ) ;
#4699 = CARTESIAN_POINT ( 'NONE',  ( -41.50000000000009237, 3.174999999999999822, 0.000000000000000000 ) ) ;
#4700 = ORIENTED_EDGE ( 'NONE', *, *, #4984, .F. ) ;
#4701 = CARTESIAN_POINT ( 'NONE',  ( 0.000000000000000000, 35.19999999999999574, 0.000000000000000000 ) ) ;
#4702 = ADVANCED_FACE ( 'NONE', ( #3932 ), #4059, .T. ) ;
#4703 = CARTESIAN_POINT ( 'NONE',  ( 0.000000000000000000, -182.5876151076256804, 0.000000000000000000 ) ) ;
#4704 = DIRECTION ( 'NONE',  ( 0.000000000000000000, 0.000000000000000000, 1.000000000000000000 ) ) ;
#4705 = ORIENTED_EDGE ( 'NONE', *, *, #1953, .F. ) ;
#4706 = LINE ( 'NONE', #2049, #1895 ) ;
#4707 = ORIENTED_EDGE ( 'NONE', *, *, #3281, .F. ) ;
#4708 = CARTESIAN_POINT ( 'NONE',  ( -28.52602532680599623, 34.37061299282751037, 9.924691069279138134 ) ) ;
#4709 = ORIENTED_EDGE ( 'NONE', *, *, #2117, .T. ) ;
#4710 = VECTOR ( 'NONE', #3099, 1000.000000000000000 ) ;
#4711 = EDGE_CURVE ( 'NONE', #4442, #2882, #3545, .T. ) ;
#4712 = AXIS2_PLACEMENT_3D ( 'NONE', #627, #3692, #1805 ) ;
#4713 = ADVANCED_FACE ( 'NONE', ( #1670 ), #24, .T. ) ;
#4714 = DIRECTION ( 'NONE',  ( 0.000000000000000000, 0.000000000000000000, 1.000000000000000000 ) ) ;
#4715 = CARTESIAN_POINT ( 'NONE',  ( -28.28537410929486384, 34.64492852731691386, -9.924691074341213337 ) ) ;
#4716 = CARTESIAN_POINT ( 'NONE',  ( -28.72249959728715041, 34.49102051294308069, 10.38435475289689691 ) ) ;
#4717 = CARTESIAN_POINT ( 'NONE',  ( -28.72249959733634128, 38.20897948705805192, -10.38435475275244357 ) ) ;
#4718 = CIRCLE ( 'NONE', #1564, 55.49999999999997868 ) ;
#4719 = CYLINDRICAL_SURFACE ( 'NONE', #1751, 2.249999999999998668 ) ;
#4720 = CARTESIAN_POINT ( 'NONE',  ( -28.38631419281027846, 37.84999999999999432, -10.49446514357231131 ) ) ;
#4721 = CARTESIAN_POINT ( 'NONE',  ( -26.19324027831227752, 41.55000000000009663, -8.377470954617114884 ) ) ;
#4722 = FACE_OUTER_BOUND ( 'NONE', #2903, .T. ) ;
#4723 = PRODUCT_DEFINITION_FORMATION_WITH_SPECIFIED_SOURCE ( 'ANY', '', #4615, .NOT_KNOWN. ) ;
#4724 = CARTESIAN_POINT ( 'NONE',  ( 29.34493141924177095, 3.174999999999999822, 31.59493141924155069 ) ) ;
#4725 = ORIENTED_EDGE ( 'NONE', *, *, #2556, .F. ) ;
#4726 = PRODUCT_CONTEXT ( 'NONE', #891, 'mechanical' ) ;
#4727 = VERTEX_POINT ( 'NONE', #3173 ) ;
#4728 = CARTESIAN_POINT ( 'NONE',  ( -26.47541312235679456, 39.55000000000011084, 9.550000000025482549 ) ) ;
#4729 = ADVANCED_FACE ( 'NONE', ( #4781 ), #2458, .T. ) ;
#4730 = FACE_OUTER_BOUND ( 'NONE', #3407, .T. ) ;
#4731 = CIRCLE ( 'NONE', #4988, 2.250000000000001776 ) ;
#4732 = EDGE_CURVE ( 'NONE', #98, #2689, #1328, .T. ) ;
#4733 = CYLINDRICAL_SURFACE ( 'NONE', #4576, 51.99999999999997868 ) ;
#4734 = DIRECTION ( 'NONE',  ( -0.000000000000000000, -1.000000000000000000, -0.000000000000000000 ) ) ;
#4735 = CIRCLE ( 'NONE', #4493, 2.250000000000001776 ) ;
#4736 = AXIS2_PLACEMENT_3D ( 'NONE', #723, #4919, #1228 ) ;
#4737 = ORIENTED_EDGE ( 'NONE', *, *, #1827, .T. ) ;
#4738 = PLANE ( 'NONE',  #2445 ) ;
#4739 = ORIENTED_EDGE ( 'NONE', *, *, #4219, .F. ) ;
#4740 = CIRCLE ( 'NONE', #236, 0.3499999999999996447 ) ;
#4741 = ORIENTED_EDGE ( 'NONE', *, *, #614, .T. ) ;
#4742 = CIRCLE ( 'NONE', #2631, 2.250000000000001776 ) ;
#4743 = CARTESIAN_POINT ( 'NONE',  ( -28.73631419281027988, 38.19999999999999574, -10.54999999989151682 ) ) ;
#4744 = CARTESIAN_POINT ( 'NONE',  ( 0.000000000000000000, -17.70000000000004903, 0.000000000000000000 ) ) ;
#4745 = CARTESIAN_POINT ( 'NONE',  ( -26.79527488863299922, 32.32571530128408455, 9.130510779142809952 ) ) ;
#4746 = CIRCLE ( 'NONE', #1345, 2.250000000000002220 ) ;
#4747 = CARTESIAN_POINT ( 'NONE',  ( 17.78504745293480127, -7.700000000000050804, 48.86401628086719739 ) ) ;
#4748 = CARTESIAN_POINT ( 'NONE',  ( 0.000000000000000000, 0.000000000000000000, 0.000000000000000000 ) ) ;
#4749 = VECTOR ( 'NONE', #2172, 1000.000000000000000 ) ;
#4750 = CARTESIAN_POINT ( 'NONE',  ( -50.28138115828578947, 2.118788211600696858, 17.92999999999990735 ) ) ;
#4751 = DIRECTION ( 'NONE',  ( 0.000000000000000000, 0.000000000000000000, 1.000000000000000000 ) ) ;
#4752 = DIRECTION ( 'NONE',  ( 0.000000000000000000, 1.000000000000000000, 0.000000000000000000 ) ) ;
#4753 = ORIENTED_EDGE ( 'NONE', *, *, #77, .F. ) ;
#4754 = AXIS2_PLACEMENT_3D ( 'NONE', #41, #3104, #2338 ) ;
#4755 = SHAPE_DEFINITION_REPRESENTATION ( #4129, #4613 ) ;
#4756 = VECTOR ( 'NONE', #1331, 1000.000000000000000 ) ;
#4757 = EDGE_LOOP ( 'NONE', ( #3964, #3470, #2411, #2361 ) ) ;
#4758 = CARTESIAN_POINT ( 'NONE',  ( -27.82706657831826647, 34.07418208910910806, -9.549999999891021218 ) ) ;
#4759 = DIRECTION ( 'NONE',  ( 0.000000000000000000, 0.000000000000000000, 1.000000000000000000 ) ) ;
#4760 = EDGE_CURVE ( 'NONE', #3876, #1645, #2720, .T. ) ;
#4761 = ADVANCED_FACE ( 'NONE', ( #4191 ), #3176, .F. ) ;
#4762 = VERTEX_POINT ( 'NONE', #1816 ) ;
#4763 = CARTESIAN_POINT ( 'NONE',  ( 0.000000000000000000, -27.70000000000005613, -53.75000000000000000 ) ) ;
#4764 = CARTESIAN_POINT ( 'NONE',  ( -28.39808839203410074, 37.49999999999999289, -9.549999999891516822 ) ) ;
#4765 = DIRECTION ( 'NONE',  ( -0.000000000000000000, -1.000000000000000000, -0.000000000000000000 ) ) ;
#4766 = VERTEX_POINT ( 'NONE', #249 ) ;
#4767 = ORIENTED_EDGE ( 'NONE', *, *, #549, .T. ) ;
#4768 = VERTEX_POINT ( 'NONE', #4163 ) ;
#4769 = CARTESIAN_POINT ( 'NONE',  ( -15.37373356800737412, 47.21999999999999176, -12.83493919631943214 ) ) ;
#4770 = CARTESIAN_POINT ( 'NONE',  ( -28.13813936916813319, 34.42281986376095659, 9.703180737269187617 ) ) ;
#4771 = CARTESIAN_POINT ( 'NONE',  ( -27.73631419281679200, 33.99066133774706344, -9.549999999891518598 ) ) ;
#4772 = CARTESIAN_POINT ( 'NONE',  ( -26.69015952617438003, 32.45554720473612775, 9.272388279978658332 ) ) ;
#4773 = DIRECTION ( 'NONE',  ( 0.000000000000000000, 0.000000000000000000, -1.000000000000000000 ) ) ;
#4774 = EDGE_CURVE ( 'NONE', #1542, #4204, #525, .T. ) ;
#4775 = DIRECTION ( 'NONE',  ( 0.000000000000000000, -0.7071067811865556774, -0.7071067811865392461 ) ) ;
#4776 = DIRECTION ( 'NONE',  ( 0.000000000000000000, 0.000000000000000000, 1.000000000000000000 ) ) ;
#4777 = CARTESIAN_POINT ( 'NONE',  ( -27.29982762870205093, 34.26734771400970914, 9.550000000025482549 ) ) ;
#4778 = ORIENTED_EDGE ( 'NONE', *, *, #3623, .F. ) ;
#4779 = APPLICATION_PROTOCOL_DEFINITION ( 'draft international standard', 'automotive_design', 1998, #27 ) ;
#4780 = ORIENTED_EDGE ( 'NONE', *, *, #1140, .F. ) ;
#4781 = FACE_OUTER_BOUND ( 'NONE', #1149, .T. ) ;
#4782 = CARTESIAN_POINT ( 'NONE',  ( -27.77708624846961882, 39.88044973125343517, -9.496163593889660248 ) ) ;
#4783 = EDGE_CURVE ( 'NONE', #2020, #2382, #1643, .T. ) ;
#4784 = EDGE_LOOP ( 'NONE', ( #1496, #3572, #3103, #1870 ) ) ;
#4785 = VERTEX_POINT ( 'NONE', #1415 ) ;
#4786 = EDGE_CURVE ( 'NONE', #519, #4417, #2937, .T. ) ;
#4787 = CARTESIAN_POINT ( 'NONE',  ( -28.37123343304731193, 37.44122984871063409, -9.549999999891033653 ) ) ;
#4788 = AXIS2_PLACEMENT_3D ( 'NONE', #2087, #3616, #1715 ) ;
#4789 = DIRECTION ( 'NONE',  ( 8.881784197001252323E-16, 0.000000000000000000, 1.000000000000000000 ) ) ;
#4790 = ADVANCED_FACE ( 'NONE', ( #1842 ), #4859, .T. ) ;
#4791 = ORIENTED_EDGE ( 'NONE', *, *, #1713, .F. ) ;
#4792 = VERTEX_POINT ( 'NONE', #4470 ) ;
#4793 = ORIENTED_EDGE ( 'NONE', *, *, #4499, .T. ) ;
#4794 = CARTESIAN_POINT ( 'NONE',  ( -28.19442251847257808, 38.50735669796903693, 9.632211338362282049 ) ) ;
#4795 = CARTESIAN_POINT ( 'NONE',  ( 0.000000000000000000, -17.70000000000004903, -53.75000000000000000 ) ) ;
#4796 = CARTESIAN_POINT ( 'NONE',  ( -27.83993431787050454, 40.06136154282455664, 9.411875248079144995 ) ) ;
#4797 = DIRECTION ( 'NONE',  ( 0.000000000000000000, -1.000000000000000000, 0.000000000000000000 ) ) ;
#4798 = FACE_OUTER_BOUND ( 'NONE', #4948, .T. ) ;
#4799 = DIRECTION ( 'NONE',  ( -0.6427876096865403621, -3.965082230804127459E-15, 0.7660444431189770143 ) ) ;
#4800 = VECTOR ( 'NONE', #1394, 1000.000000000000000 ) ;
#4801 = DIRECTION ( 'NONE',  ( -0.000000000000000000, -1.000000000000000000, -0.000000000000000000 ) ) ;
#4802 = DIRECTION ( 'NONE',  ( 0.000000000000000000, 0.000000000000000000, 1.000000000000000000 ) ) ;
#4803 = CARTESIAN_POINT ( 'NONE',  ( 11.58493919599269084, 37.21999999999999176, -15.37373356831901461 ) ) ;
#4804 = FACE_OUTER_BOUND ( 'NONE', #4847, .T. ) ;
#4805 = DIRECTION ( 'NONE',  ( 0.000000000000000000, -1.000000000000000000, 0.000000000000000000 ) ) ;
#4806 = CYLINDRICAL_SURFACE ( 'NONE', #1179, 1.000000000000000000 ) ;
#4807 = VERTEX_POINT ( 'NONE', #1045 ) ;
#4808 = ORIENTED_EDGE ( 'NONE', *, *, #4232, .F. ) ;
#4809 = CARTESIAN_POINT ( 'NONE',  ( -28.25792699691542964, 40.52487246582953873, -8.807048274837580237 ) ) ;
#4810 = CIRCLE ( 'NONE', #2687, 53.75000000000000000 ) ;
#4811 = VERTEX_POINT ( 'NONE', #2540 ) ;
#4812 = DIRECTION ( 'NONE',  ( 0.000000000000000000, -1.000000000000000000, 0.000000000000000000 ) ) ;
#4813 = CARTESIAN_POINT ( 'NONE',  ( -25.85539422260734099, 40.11473492648468664, -9.388612081715081104 ) ) ;
#4814 = DIRECTION ( 'NONE',  ( 0.000000000000000000, 1.000000000000000000, 0.000000000000000000 ) ) ;
#4815 = ORIENTED_EDGE ( 'NONE', *, *, #3164, .T. ) ;
#4816 = ORIENTED_EDGE ( 'NONE', *, *, #1155, .F. ) ;
#4817 = ORIENTED_EDGE ( 'NONE', *, *, #3353, .F. ) ;
#4818 = CARTESIAN_POINT ( 'NONE',  ( -27.73631419281027988, 0.000000000000000000, -9.549999999891518598 ) ) ;
#4819 = AXIS2_PLACEMENT_3D ( 'NONE', #4440, #1813, #3640 ) ;
#4820 = CIRCLE ( 'NONE', #1980, 0.3499999999999996447 ) ;
#4821 = CYLINDRICAL_SURFACE ( 'NONE', #4553, 30.67500000000000071 ) ;
#4822 = DIRECTION ( 'NONE',  ( -1.000000000000000000, 0.000000000000000000, 0.000000000000000000 ) ) ;
#4823 = CARTESIAN_POINT ( 'NONE',  ( 0.000000000000000000, -27.70000000000005969, 0.000000000000000000 ) ) ;
#4824 = EDGE_CURVE ( 'NONE', #4397, #4318, #2948, .T. ) ;
#4825 = VECTOR ( 'NONE', #1189, 1000.000000000000000 ) ;
#4826 = CARTESIAN_POINT ( 'NONE',  ( -28.73168836611451127, 34.49699321261645224, -10.43906099884829253 ) ) ;
#4827 = CARTESIAN_POINT ( 'NONE',  ( -29.33446094446534147, 31.14999999533011632, 8.970175192871254310 ) ) ;
#4828 = LINE ( 'NONE', #1361, #3765 ) ;
#4829 = AXIS2_PLACEMENT_3D ( 'NONE', #144, #897, #2414 ) ;
#4830 = DIRECTION ( 'NONE',  ( -0.000000000000000000, -1.000000000000000000, -0.000000000000000000 ) ) ;
#4831 = CARTESIAN_POINT ( 'NONE',  ( -28.67098358431189098, 44.04499999999999460, -10.90551811277750005 ) ) ;
#4832 = FACE_OUTER_BOUND ( 'NONE', #913, .T. ) ;
#4833 = VERTEX_POINT ( 'NONE', #638 ) ;
#4834 = VERTEX_POINT ( 'NONE', #2162 ) ;
#4835 = AXIS2_PLACEMENT_3D ( 'NONE', #3972, #4000, #3947 ) ;
#4836 = CARTESIAN_POINT ( 'NONE',  ( 0.000000000000000000, 34.49999999999998579, 0.000000000000000000 ) ) ;
#4837 = CIRCLE ( 'NONE', #3923, 53.75000000000000000 ) ;
#4838 = CARTESIAN_POINT ( 'NONE',  ( 0.000000000000000000, -182.5876151076256804, 0.000000000000000000 ) ) ;
#4839 = CARTESIAN_POINT ( 'NONE',  ( -28.69813560831398291, 40.08915527823514680, -10.83390811433611134 ) ) ;
#4840 = EDGE_LOOP ( 'NONE', ( #2244, #903 ) ) ;
#4841 = EDGE_CURVE ( 'NONE', #3326, #2269, #766, .T. ) ;
#4842 = CARTESIAN_POINT ( 'NONE',  ( -48.81101412591220878, -27.70000000000011298, -17.92999999999990024 ) ) ;
#4843 = CARTESIAN_POINT ( 'NONE',  ( 0.000000000000000000, 0.000000000000000000, 41.49999999999987210 ) ) ;
#4844 = CARTESIAN_POINT ( 'NONE',  ( 0.000000000000000000, 34.49999999999998579, 0.000000000000000000 ) ) ;
#4845 = ORIENTED_EDGE ( 'NONE', *, *, #495, .F. ) ;
#4846 = CARTESIAN_POINT ( 'NONE',  ( -25.79998389337600884, 31.63800001329665434, 9.519449038528744467 ) ) ;
#4847 = EDGE_LOOP ( 'NONE', ( #2746, #2870, #261, #3072, #4585, #4094 ) ) ;
#4848 = CARTESIAN_POINT ( 'NONE',  ( -28.19442251852041537, 34.19264330202936009, -9.632211338227202546 ) ) ;
#4849 = DIRECTION ( 'NONE',  ( -0.000000000000000000, -1.000000000000000000, -0.000000000000000000 ) ) ;
#4850 = CARTESIAN_POINT ( 'NONE',  ( -29.15052529547403992, 39.55000000000011084, -9.549999999891518598 ) ) ;
#4851 = DIRECTION ( 'NONE',  ( -0.2999999999961931452, -0.000000000000000000, 0.9539392014181430346 ) ) ;
#4852 = FACE_OUTER_BOUND ( 'NONE', #3750, .T. ) ;
#4853 = CARTESIAN_POINT ( 'NONE',  ( -28.71443237357853917, 32.47933620042330460, 10.79075808540428838 ) ) ;
#4854 = ADVANCED_FACE ( 'NONE', ( #661 ), #2182, .F. ) ;
#4855 = FACE_OUTER_BOUND ( 'NONE', #482, .T. ) ;
#4856 = CARTESIAN_POINT ( 'NONE',  ( -25.54645125841445008, 39.55000000000011084, 10.17982456142809689 ) ) ;
#4857 = CARTESIAN_POINT ( 'NONE',  ( -29.17561135242083026, 32.86327282272515760, 9.543560759501946933 ) ) ;
#4858 = ORIENTED_EDGE ( 'NONE', *, *, #3859, .T. ) ;
#4859 = PLANE ( 'NONE',  #4391 ) ;
#4860 = CARTESIAN_POINT ( 'NONE',  ( -28.67098358425921845, 33.14999999533011277, 10.90551811291597950 ) ) ;
#4861 = CARTESIAN_POINT ( 'NONE',  ( 0.000000000000000000, -27.70000000000005969, 0.000000000000000000 ) ) ;
#4862 = DIRECTION ( 'NONE',  ( -0.1634184524881651390, -0.1634184524881733269, -0.9729279617591141127 ) ) ;
#4863 = ORIENTED_EDGE ( 'NONE', *, *, #1289, .F. ) ;
#4864 = CARTESIAN_POINT ( 'NONE',  ( -27.73631419281027988, 44.04499999999999460, -10.54999999989151682 ) ) ;
#4865 = CARTESIAN_POINT ( 'NONE',  ( -27.97391068210427889, 34.98020489279021206, 10.83482676407122014 ) ) ;
#4866 = DIRECTION ( 'NONE',  ( 0.000000000000000000, 1.000000000000000000, 0.000000000000000000 ) ) ;
#4867 = ORIENTED_EDGE ( 'NONE', *, *, #3770, .T. ) ;
#4868 = CARTESIAN_POINT ( 'NONE',  ( -25.70305409775622607, 31.92138755541704853, 9.777971733497652806 ) ) ;
#4869 = ORIENTED_EDGE ( 'NONE', *, *, #3930, .F. ) ;
#4870 = DIRECTION ( 'NONE',  ( 0.000000000000000000, 0.000000000000000000, 1.000000000000000000 ) ) ;
#4871 = CARTESIAN_POINT ( 'NONE',  ( -27.93923883000955755, 38.57964285438882257, 9.550059448858094768 ) ) ;
#4872 = DIRECTION ( 'NONE',  ( 0.000000000000000000, 0.000000000000000000, 1.000000000000000000 ) ) ;
#4873 = EDGE_CURVE ( 'NONE', #1559, #3980, #130, .T. ) ;
#4874 = CARTESIAN_POINT ( 'NONE',  ( -28.13813936921674497, 38.27718013624225790, -9.703180737133038747 ) ) ;
#4875 = DIRECTION ( 'NONE',  ( 0.000000000000000000, 0.000000000000000000, -1.000000000000000000 ) ) ;
#4876 = CARTESIAN_POINT ( 'NONE',  ( -26.48091124720522771, 39.68492452260306180, 9.543115748021413935 ) ) ;
#4877 = CARTESIAN_POINT ( 'NONE',  ( 39.83431104218668395, -27.70000000000005613, 33.42495570370024183 ) ) ;
#4878 = CYLINDRICAL_SURFACE ( 'NONE', #704, 27.50000000000000000 ) ;
#4879 = ORIENTED_EDGE ( 'NONE', *, *, #3380, .F. ) ;
#4880 = CARTESIAN_POINT ( 'NONE',  ( -26.57038439159499177, 40.03122523759141416, -9.429331830668687076 ) ) ;
#4881 = DIRECTION ( 'NONE',  ( -0.000000000000000000, -1.000000000000000000, -0.000000000000000000 ) ) ;
#4882 = LINE ( 'NONE', #1390, #2569 ) ;
#4883 = CARTESIAN_POINT ( 'NONE',  ( -28.96877813937929247, 41.16273243851055952, -10.08995139404931862 ) ) ;
#4884 = CARTESIAN_POINT ( 'NONE',  ( 0.000000000000000000, 37.84999999999999432, -10.54999999989151682 ) ) ;
#4885 = ORIENTED_EDGE ( 'NONE', *, *, #1297, .F. ) ;
#4886 = EDGE_CURVE ( 'NONE', #3777, #3260, #3982, .T. ) ;
#4887 = CIRCLE ( 'NONE', #2769, 29.92500000000000426 ) ;
#4888 = CARTESIAN_POINT ( 'NONE',  ( -27.12595158510152871, 34.50221709029472095, 9.550000000025482549 ) ) ;
#4889 = CARTESIAN_POINT ( 'NONE',  ( 0.000000000000000000, 47.21999999999999176, 0.000000000000000000 ) ) ;
#4890 = VERTEX_POINT ( 'NONE', #74 ) ;
#4891 = CIRCLE ( 'NONE', #1648, 30.67500000000000071 ) ;
#4892 = ORIENTED_EDGE ( 'NONE', *, *, #2029, .T. ) ;
#4893 = EDGE_CURVE ( 'NONE', #3804, #362, #4637, .T. ) ;
#4894 = CARTESIAN_POINT ( 'NONE',  ( 29.34493141924177095, 0.000000000000000000, -29.34493141924177095 ) ) ;
#4895 = CARTESIAN_POINT ( 'NONE',  ( -28.13773567254140318, 38.43299571677235349, 9.613547484576752566 ) ) ;
#4896 = CARTESIAN_POINT ( 'NONE',  ( 0.000000000000000000, -27.70000000000005969, 0.000000000000000000 ) ) ;
#4897 = DIRECTION ( 'NONE',  ( 0.000000000000000000, 0.000000000000000000, 1.000000000000000000 ) ) ;
#4898 = AXIS2_PLACEMENT_3D ( 'NONE', #1208, #4573, #2735 ) ;
#4899 = DIRECTION ( 'NONE',  ( 0.000000000000000000, 0.000000000000000000, 1.000000000000000000 ) ) ;
#4900 = EDGE_CURVE ( 'NONE', #2216, #4938, #1567, .T. ) ;
#4901 = FACE_OUTER_BOUND ( 'NONE', #2526, .T. ) ;
#4902 = CARTESIAN_POINT ( 'NONE',  ( -25.54645126085425133, 39.68620098215302505, 10.17982455530537322 ) ) ;
#4903 = DIRECTION ( 'NONE',  ( 0.000000000000000000, -1.000000000000000000, 0.000000000000000000 ) ) ;
#4904 = AXIS2_PLACEMENT_3D ( 'NONE', #1327, #4851, #1787 ) ;
#4905 = VECTOR ( 'NONE', #4601, 1000.000000000000000 ) ;
#4906 = CARTESIAN_POINT ( 'NONE',  ( 15.37373356799227508, 47.21999999999999176, 12.83493919568105390 ) ) ;
#4907 = ORIENTED_EDGE ( 'NONE', *, *, #1727, .T. ) ;
#4908 = AXIS2_PLACEMENT_3D ( 'NONE', #4157, #3419, #1135 ) ;
#4909 = CARTESIAN_POINT ( 'NONE',  ( 0.000000000000000000, 34.84999999999999432, 0.000000000000000000 ) ) ;
#4910 = CARTESIAN_POINT ( 'NONE',  ( 0.000000000000000000, -27.70000000000005613, -52.00000000000000000 ) ) ;
#4911 = CARTESIAN_POINT ( 'NONE',  ( -29.20012080172992341, 40.15080940181128000, -9.423048466350858021 ) ) ;
#4912 = CARTESIAN_POINT ( 'NONE',  ( -28.72844936933129034, 37.85786482347841542, -10.40096914075185630 ) ) ;
#4913 = DIRECTION ( 'NONE',  ( 0.000000000000000000, 0.000000000000000000, 1.000000000000000000 ) ) ;
#4914 = AXIS2_PLACEMENT_3D ( 'NONE', #478, #582, #3557 ) ;
#4915 = EDGE_LOOP ( 'NONE', ( #1056, #4422, #3385, #872 ) ) ;
#4916 = DIRECTION ( 'NONE',  ( 0.000000000000000000, 0.000000000000000000, -1.000000000000000000 ) ) ;
#4917 = DIRECTION ( 'NONE',  ( 0.000000000000000000, 0.000000000000000000, 1.000000000000000000 ) ) ;
#4918 = EDGE_CURVE ( 'NONE', #3762, #486, #2322, .T. ) ;
#4919 = DIRECTION ( 'NONE',  ( -0.000000000000000000, -1.000000000000000000, -0.000000000000000000 ) ) ;
#4920 = VERTEX_POINT ( 'NONE', #1577 ) ;
#4921 = CARTESIAN_POINT ( 'NONE',  ( -28.72249959728715041, 34.49102051294308069, 10.38435475289689691 ) ) ;
#4922 = CIRCLE ( 'NONE', #399, 30.32500000000000284 ) ;
#4923 = ORIENTED_EDGE ( 'NONE', *, *, #2294, .F. ) ;
#4924 = VECTOR ( 'NONE', #245, 1000.000000000000000 ) ;
#4925 = CIRCLE ( 'NONE', #330, 1.249999999999997558 ) ;
#4926 = LINE ( 'NONE', #4041, #3044 ) ;
#4927 = DIRECTION ( 'NONE',  ( 0.000000000000000000, 0.000000000000000000, 1.000000000000000000 ) ) ;
#4928 = CARTESIAN_POINT ( 'NONE',  ( -28.93433418485937381, 31.62855708291359491, -10.18677559978833180 ) ) ;
#4929 = ORIENTED_EDGE ( 'NONE', *, *, #898, .T. ) ;
#4930 = CARTESIAN_POINT ( 'NONE',  ( -48.81101412591220878, -27.70000000000011298, -17.92999999999990024 ) ) ;
#4931 = CARTESIAN_POINT ( 'NONE',  ( 0.000000000000000000, 38.19999999999999574, 0.000000000000000000 ) ) ;
#4932 = FACE_OUTER_BOUND ( 'NONE', #2245, .T. ) ;
#4933 = DIRECTION ( 'NONE',  ( 0.000000000000000000, 0.000000000000000000, 1.000000000000000000 ) ) ;
#4934 = EDGE_CURVE ( 'NONE', #2499, #1426, #4891, .T. ) ;
#4935 = CARTESIAN_POINT ( 'NONE',  ( -26.51832004485630634, 39.88117474368520021, 9.495915906139664742 ) ) ;
#4936 = CYLINDRICAL_SURFACE ( 'NONE', #2784, 29.92500000000000426 ) ;
#4937 = EDGE_CURVE ( 'NONE', #52, #3856, #936, .T. ) ;
#4938 = VERTEX_POINT ( 'NONE', #2501 ) ;
#4939 = B_SPLINE_CURVE_WITH_KNOTS ( 'NONE', 3,
 ( #4982, #1160, #2274, #800, #379, #3797, #753, #3824, #2255, #2710, #425, #356, #1510, #1178, #4161, #1533 ),
 .UNSPECIFIED., .F., .F.,
 ( 4, 2, 2, 2, 2, 2, 2, 4 ),
 ( 0.000000000000000000, 0.0003965881170723411521, 0.0007931762341446823043, 0.001586352468289372415, 0.001982940585361720343, 0.002379528702434068489, 0.002776116819506417067, 0.003172704936578765213 ),
 .UNSPECIFIED. ) ;
#4940 = DIRECTION ( 'NONE',  ( -0.000000000000000000, -1.000000000000000000, -0.000000000000000000 ) ) ;
#4941 = CARTESIAN_POINT ( 'NONE',  ( -28.37733470575222583, 34.83618540452605572, -10.38435475275248265 ) ) ;
#4942 = DIRECTION ( 'NONE',  ( 0.000000000000000000, 1.000000000000000000, 0.000000000000000000 ) ) ;
#4943 = ORIENTED_EDGE ( 'NONE', *, *, #376, .F. ) ;
#4944 = DIRECTION ( 'NONE',  ( 0.000000000000000000, 0.000000000000000000, 1.000000000000000000 ) ) ;
#4945 = CYLINDRICAL_SURFACE ( 'NONE', #4736, 2.250000000000001776 ) ;
#4946 = ORIENTED_EDGE ( 'NONE', *, *, #2277, .F. ) ;
#4947 = DIRECTION ( 'NONE',  ( 0.4545194776720422603, -0.7071067811865510144, -0.5416752204196985110 ) ) ;
#4948 = EDGE_LOOP ( 'NONE', ( #4816, #3575, #2247, #1705, #2911, #366, #571 ) ) ;
#4949 = CARTESIAN_POINT ( 'NONE',  ( -28.71466877664607509, 40.22232850607994692, 10.79012899435947048 ) ) ;
#4950 = EDGE_CURVE ( 'NONE', #853, #1066, #2795, .T. ) ;
#4951 = DIRECTION ( 'NONE',  ( 0.000000000000000000, 0.000000000000000000, 1.000000000000000000 ) ) ;
#4952 = VERTEX_POINT ( 'NONE', #2776 ) ;
#4953 = CARTESIAN_POINT ( 'NONE',  ( -28.25817075869233719, 32.17490895989838862, -8.806693176531062761 ) ) ;
#4954 = ORIENTED_EDGE ( 'NONE', *, *, #4560, .F. ) ;
#4955 = CARTESIAN_POINT ( 'NONE',  ( -43.85000000000004405, 3.174999999999999822, -17.92999999999990735 ) ) ;
#4956 = DIRECTION ( 'NONE',  ( -0.9575939161691240376, 0.000000000000000000, -0.2881213142339192901 ) ) ;
#4957 = DIRECTION ( 'NONE',  ( -0.000000000000000000, -1.000000000000000000, -0.000000000000000000 ) ) ;
#4958 = LINE ( 'NONE', #311, #3449 ) ;
#4959 = CARTESIAN_POINT ( 'NONE',  ( -28.38631419275932544, 37.84999999999999432, 10.55000000002548433 ) ) ;
#4960 = ADVANCED_FACE ( 'NONE', ( #2808, #3155, #1599, #418, #791, #3129, #4682, #468, #4317, #1945 ), #1217, .F. ) ;
#4961 = CARTESIAN_POINT ( 'NONE',  ( -25.91102398174606947, 32.39293505277073137, 9.230523118447951703 ) ) ;
#4962 = CARTESIAN_POINT ( 'NONE',  ( 41.17488881764489861, -27.70000000000005613, 34.54983402065169429 ) ) ;
#4963 = EDGE_LOOP ( 'NONE', ( #1743, #617, #4370, #4056 ) ) ;
#4964 = ORIENTED_EDGE ( 'NONE', *, *, #4501, .F. ) ;
#4965 = CIRCLE ( 'NONE', #4295, 1.000000000000000888 ) ;
#4966 = DIRECTION ( 'NONE',  ( 0.000000000000000000, 0.000000000000000000, 1.000000000000000000 ) ) ;
#4967 = VERTEX_POINT ( 'NONE', #3906 ) ;
#4968 = ORIENTED_EDGE ( 'NONE', *, *, #4659, .F. ) ;
#4969 = AXIS2_PLACEMENT_3D ( 'NONE', #2124, #3631, #452 ) ;
#4970 = DIRECTION ( 'NONE',  ( 8.881784197001252323E-16, 0.000000000000000000, 1.000000000000000000 ) ) ;
#4971 = CIRCLE ( 'NONE', #4632, 1.000000000000000888 ) ;
#4972 = ORIENTED_EDGE ( 'NONE', *, *, #4984, .T. ) ;
#4973 = DIRECTION ( 'NONE',  ( 0.000000000000000000, 1.000000000000000000, 0.000000000000000000 ) ) ;
#4974 = ORIENTED_EDGE ( 'NONE', *, *, #2771, .F. ) ;
#4975 = DIRECTION ( 'NONE',  ( -0.6427876096865432487, 0.000000000000000000, 0.7660444431189749048 ) ) ;
#4976 =( BOUNDED_SURFACE ( )  B_SPLINE_SURFACE ( 3, 2, ( 
 ( #2938, #2889, #4434 ),
 ( #1453, #4871, #3339 ),
 ( #2605, #4895, #1761 ),
 ( #1431, #1785, #4485 ),
 ( #4152, #2967, #1076 ),
 ( #1033, #4513, #700 ),
 ( #3732, #4102, #2580 ),
 ( #304, #675, #2226 ) ),
 .UNSPECIFIED., .F., .F., .T. ) 
 B_SPLINE_SURFACE_WITH_KNOTS ( ( 4, 2, 2, 4 ),
 ( 3, 3 ),
 ( -5.353482344902701624E-06, 0.0005147548161001566083, 0.0007748089653226862463, 0.001034863114545215993 ),
 ( 0.000000000000000000, 1.000000000000000000 ),
 .UNSPECIFIED. ) 
 GEOMETRIC_REPRESENTATION_ITEM ( )  RATIONAL_B_SPLINE_SURFACE ( (
 ( 1.000000000000000000, 1.000000000000000000, 1.000000000000000000),
 ( 1.000000000000000000, 1.000856341054716880, 1.000000000000000000),
 ( 1.000000000000000000, 0.9761250042278201144, 1.000000000000000000),
 ( 1.000000000000000000, 0.8926731701507327754, 1.000000000000000000),
 ( 1.000000000000000000, 0.8560615645669631402, 1.000000000000000000),
 ( 1.000000000000000000, 0.7789745194547088580, 1.000000000000000000),
 ( 1.000000000000000000, 0.7376587315156714064, 1.000000000000000000),
 ( 1.000000000000000000, 0.7167420553784775716, 1.000000000000000000) ) ) 
 REPRESENTATION_ITEM ( '' )  SURFACE ( )  );
#4977 = CARTESIAN_POINT ( 'NONE',  ( -29.23930516893568665, 40.30677306811589489, 9.286884631948622015 ) ) ;
#4978 = CARTESIAN_POINT ( 'NONE',  ( -29.15052529543015680, 33.14999999533011277, 9.550000000025482549 ) ) ;
#4979 = EDGE_CURVE ( 'NONE', #2415, #3061, #225, .T. ) ;
#4980 = DIRECTION ( 'NONE',  ( 0.000000000000000000, 0.000000000000000000, 1.000000000000000000 ) ) ;
#4981 = EDGE_CURVE ( 'NONE', #1242, #4727, #4706, .T. ) ;
#4982 = CARTESIAN_POINT ( 'NONE',  ( -26.23332803895827325, 41.55000000000011795, 8.250000000024584779 ) ) ;
#4983 = DIRECTION ( 'NONE',  ( -0.000000000000000000, -1.000000000000000000, -0.000000000000000000 ) ) ;
#4984 = EDGE_CURVE ( 'NONE', #912, #533, #1746, .T. ) ;
#4985 = CARTESIAN_POINT ( 'NONE',  ( -28.73631419275932330, 38.19999999999999574, 10.49446514370983330 ) ) ;
#4986 = CARTESIAN_POINT ( 'NONE',  ( 48.86401628086726134, -7.700000000000050804, -17.78504745293463429 ) ) ;
#4987 = CARTESIAN_POINT ( 'NONE',  ( -27.86349142869883266, 37.49999999999999289, 10.91473638723466166 ) ) ;
#4988 = AXIS2_PLACEMENT_3D ( 'NONE', #218, #1742, #3275 ) ;
#4989 = EDGE_CURVE ( 'NONE', #559, #4631, #1171, .T. ) ;
#4990 = AXIS2_PLACEMENT_3D ( 'NONE', #3807, #2653, #1823 ) ;
#4991 = EDGE_CURVE ( 'NONE', #3462, #51, #1418, .T. ) ;
#4992 = CARTESIAN_POINT ( 'NONE',  ( 15.37373356799227508, 47.21999999999999176, 10.33493919568105035 ) ) ;
#4993 = TOROIDAL_SURFACE ( 'NONE', #1267, 30.27500000000000213, 0.3499999999999999778 ) ;
#4994 = VERTEX_POINT ( 'NONE', #3478 ) ;
#4995 = ORIENTED_EDGE ( 'NONE', *, *, #3436, .F. ) ;
#4996 = AXIS2_PLACEMENT_3D ( 'NONE', #3316, #4456, #4098 ) ;
#4997 = DIRECTION ( 'NONE',  ( -0.000000000000000000, 1.000000000000000000, -0.000000000000000000 ) ) ;
#4998 = CIRCLE ( 'NONE', #1757, 1.000000000000000888 ) ;
#4999 = ORIENTED_EDGE ( 'NONE', *, *, #3845, .F. ) ;
#5000 = B_SPLINE_CURVE_WITH_KNOTS ( 'NONE', 3,
 ( #647, #259, #2601, #327, #1781, #4868, #1073, #4846, #1425, #3314, #2524, #2962, #1399, #2170, #2988, #3728 ),
 .UNSPECIFIED., .F., .F.,
 ( 4, 2, 2, 2, 2, 2, 2, 4 ),
 ( 0.000000000000000000, 0.0007994288032895908004, 0.001199143204934387122, 0.001598857606579183769, 0.001998572008223980200, 0.002398286409868776413, 0.002798000811513573060, 0.003197715213158369707 ),
 .UNSPECIFIED. ) ;
#5001 = ADVANCED_FACE ( 'NONE', ( #3882 ), #4738, .F. ) ;
#5002 = EDGE_LOOP ( 'NONE', ( #1780, #3620, #81, #2595 ) ) ;
#5003 = CARTESIAN_POINT ( 'NONE',  ( -26.93238060406630296, 35.19999999999998153, -9.549999999891516822 ) ) ;
#5004 = CIRCLE ( 'NONE', #3843, 2.250000000000001776 ) ;
#5005 = DIRECTION ( 'NONE',  ( 0.9539392014166647726, 3.469446951953611822E-15, -0.3000000000008931078 ) ) ;
#5006 = EDGE_LOOP ( 'NONE', ( #392, #4038, #65, #3239 ) ) ;
#5007 = CARTESIAN_POINT ( 'NONE',  ( 0.000000000000000000, 34.49999999999998579, -30.67500000000000071 ) ) ;
ENDSEC;
END-ISO-10303-21;
